META 1 1
1 1 1 392596362 0.40143127591572725 0.91588914761376627
1 1 2 699882112 -0.47333066826448539 0.88088482702354209
1 1 3 1699384237 0.29445139703503298 -0.95566645582238441
1 1 4 1548376985 -0.14589736210162285 -0.98929973199823917
1 1 5 1019618442 -0.9909193441974633 0.13445762639311012
1 1 6 1483731022 -0.33070715634134162 -0.94373342461980403
1 1 7 177886758 0.8655415479382651 0.50083712800932789
1 1 8 170455089 0.87630870534449601 0.48174999007519798
1 1 9 589486100 -0.16674157107868506 0.98600063310030983
1 1 10 1436154668 -0.4594265578968903 -0.88821576089316001
1 1 11 1948548860 0.85916548223466949 -0.51169783479751785
1 1 12 1688264839 0.26296271185020326 -0.9648059971706161
1 1 13 300005969 0.63353722013880054 0.77371221439163085
1 1 14 13824221 0.9991691862081048 0.040754598909001391
1 1 15 1315239969 -0.74056564374242195 -0.67198402310499339
1 1 16 148625052 0.90548438891258087 0.42437957235900264
1 1 17 1234077431 -0.87875619499223012 -0.47727093957497319
1 1 18 1106852056 -0.99252153685133515 -0.12206964768632596
1 1 19 85850575 0.96812515051629588 0.2504669497913834
1 1 20 1096068990 -0.99590071153913307 -0.09045315227148519
1 1 21 1679450733 0.23779977720230377 -0.97131419528519947
1 1 22 916875845 -0.90566911662146832 0.42398520162629394
1 1 23 1070918980 -0.99986531406222123 -0.016411999733601083
1 1 24 1525737196 -0.2115708070132018 -0.9773626725119916
1 1 25 1636104015 0.11204025736380446 -0.9937036684695556
1 1 26 1903640825 0.78407749425345197 -0.6206629383209763
1 1 27 1188959371 -0.93430247389629784 -0.35648125795230495
1 1 28 1764868205 0.47237674425118226 -0.88139673898344617
1 1 29 1985539815 0.90976525449036283 -0.41512309225347288
1 1 30 266587623 0.70658671814407703 0.70762646201395174
1 1 31 1823860387 0.61780322236785279 -0.78633274027722988
1 1 32 1748172362 0.42842723763873991 -0.90357628457659211
1 1 33 1054357477 -0.9994743540283193 0.032419371364570453
1 1 34 613489889 -0.23605897902704837 0.97173872950536844
1 1 35 332456937 0.5567121539377835 0.83070546986158311
1 1 36 1149872170 -0.96910121362481516 -0.24666340983394844
1 1 37 1470008887 -0.36861405379278389 -0.92958252960479559
1 1 38 997559624 -0.98008350520717269 0.19858580719885788
1 1 39 1339004313 -0.691695149425961 -0.72218960132405496
1 1 40 576852191 -0.12990011241512484 0.99152708525513211
1 1 41 1485461217 -0.32588782458444138 -0.9454084438948176
1 1 42 1360303381 -0.64500160648891014 -0.76418121386666205
1 1 43 1098398637 -0.99525581760450044 -0.097292638593047265
1 1 44 487910398 0.1316268435776265 0.99129933625005073
1 1 45 826432152 -0.76190427396087179 0.64768964583367916
1 1 46 980538370 -0.96888561827637998 0.24750890629873665
1 1 47 260083440 0.72002821093542713 0.69394479280208454
1 1 48 665723362 -0.38234994492546892 0.92401759702696729
1 1 49 956319314 -0.94875388437318942 0.31601592821689356
1 1 50 662681029 -0.37404488460969637 0.92741060178182078
1 1 51 62967145 0.98281053512371497 0.18461704160189837
1 1 52 815510757 -0.7406534082732652 0.67188728877185644
1 1 53 426837301 0.30706434042258018 0.95168875733658098
1 1 54 1127122101 -0.98345674612409095 -0.18114311607956649
1 1 55 383705227 0.42530410524799306 0.90505050580572799
1 1 56 1127987059 -0.98299151440988852 -0.18365098038985211
1 1 57 540735081 -0.02376118621115585 0.99971766315787314
1 1 58 1970900127 0.89100207474029403 -0.45399923216729299
1 1 59 999613448 -0.98126825150128694 0.1926463562998455
1 1 60 1934152411 0.8366746223211966 -0.54770026142378558
1 1 61 1036166555 -0.99629845323524391 0.085961573281672796
1 1 62 1983461360 0.90720385045817331 -0.42069130453797626
1 1 63 906946490 -0.89286821925954607 0.45031804653631996
1 1 64 2113994754 0.99878595500766398 -0.049260695076589117
1 1 65 1444906957 -0.4363517781431524 -0.89977615311326686
1 1 66 948641100 -0.94135604979891541 0.33741485964163148
1 1 67 12774641 0.99929053895204523 0.037661900654785717
1 1 68 1604102745 0.017907320868137868 -0.99983965107377371
1 1 69 231353172 0.77616768992132823 0.63052653958591531
1 1 70 1450148467 -0.42239277108993822 -0.90641290090717652
1 1 71 785752114 -0.67891792281363506 0.73421417453112348
1 1 72 1835947661 0.64543280181582663 -0.76381705816260215
1 1 73 1669162136 0.20822540123624486 -0.97808086694301755
1 1 74 577887151 -0.13292561056568422 0.99112601724288318
1 1 75 1560916503 -0.10922417153473134 -0.99401714288665644
1 1 76 653389087 -0.34849589320963309 0.93731030743079957
1 1 77 2052497874 0.97352321491381255 -0.22858816685006828
1 1 78 162633832 0.88718569238074785 0.46141255643392837
1 1 79 807624727 -0.72482987733876714 0.68892789819912781
1 1 80 982097957 -0.97001366768947483 0.24305037439924468
1 1 81 119093322 0.93896357661337404 0.34401657197498575
1 1 82 894808134 -0.87618082791034102 0.48198252748657749
1 1 83 1794588692 0.54771221580240692 -0.83666679667644128
1 1 84 1666571406 0.20074711681308699 -0.97964309577071629
1 1 85 1297113338 -0.77541047232751459 -0.63145751987352305
1 1 86 1582900547 -0.044599538502789769 -0.99900494551595598
1 1 87 1670977482 0.21345828162896163 -0.97695217999859696
1 1 88 949190666 -0.94190162826106449 0.33588885465158774
1 1 89 160941520 0.88947727576328528 0.45697940424129024
1 1 90 22287410 0.99784103610861352 0.065675464655292767
1 1 91 1308057486 -0.75463125828810174 -0.65614911720927915
1 1 92 829552633 -0.76783191218447666 0.64065135185304189
1 1 93 321752915 0.58265155063781648 0.81272207459828971
1 1 94 1391113611 -0.57300670345186688 -0.819550680433629
1 1 95 1110650258 -0.99109207914197239 -0.13317841665240757
1 1 96 391001680 0.40573380547315507 0.91399129049256922
1 1 97 1950050051 0.86142225239958747 -0.50788945949962516
1 1 98 1891338449 0.76105001626566038 -0.64869320386607887
1 1 99 1424076195 -0.49076485598016445 -0.8712920613289028
1 1 100 1262306722 -0.83602883644677939 -0.54868550612299227
1 1 101 1954905074 0.86860510002144464 -0.49550497496668594
1 1 102 204795965 0.82311727496576348 0.56787142176106709
1 1 103 1091098021 -0.99711959800717687 -0.075845285087512135
1 1 104 1669732944 0.20987145129832313 -0.97772898797669672
1 1 105 672996872 -0.4020794246356843 0.91560479262869587
1 1 106 936141231 -0.9282821339341083 0.37187669975240223
1 1 107 1621667869 0.069649184953597898 -0.99757154682523874
1 1 108 340611189 0.53657810964346475 0.84385065755229804
1 1 109 1933394585 0.83544856999080841 -0.54956863711488602
1 1 110 367603065 0.46778333041231279 0.88384317375220189
1 1 111 1351593806 -0.66441352970207479 -0.7473651460623717
1 1 112 668978722 -0.39120243440570279 0.92030465353330237
1 1 113 985971141 -0.97272634595266716 0.23195571967419149
1 1 114 244581583 0.75098729713324663 0.66031665096717107
1 1 115 1009866389 -0.98664348541129754 0.16289454470744807
1 1 116 467816010 0.19010171245379645 0.98176440092424111
1 1 117 383326856 0.42631366713942659 0.90457540161676642
1 1 118 510290218 0.065966712003738298 0.9978218242288629
1 1 119 295160934 0.64452651828625451 0.76458195585940847
1 1 120 322287208 0.58137033326262799 0.81363906961385579
1 1 121 1222946126 -0.89394634015262708 -0.44817400742091623
1 1 122 2114219141 0.99881833161707723 -0.048599798617672468
1 1 123 907314666 -0.89335660535635875 0.44934839007852601
1 1 124 1678462179 0.23496727199128495 -0.97200328244969081
1 1 125 2128193381 0.99997254107888045 -0.0074106064695588624
1 1 126 18258094 0.99855093298965036 0.053814814182516976
1 1 127 490041985 0.12539319274816668 0.99210712486728025
1 1 128 2130706432 1 -2.9488742787772745e-09
1 1 129 1738110071 0.40143127591572703 -0.91588914761376627
1 1 130 1430824321 -0.47333066826448561 -0.88088482702354198
1 1 131 431322196 0.29445139703503304 0.95566645582238441
1 1 132 582329448 -0.14589736210162327 0.98929973199823917
1 1 133 1111087991 -0.99091934419746341 -0.13445762639310987
1 1 134 646975411 -0.33070715634134185 0.94373342461980403
1 1 135 1952819675 0.8655415479382651 -0.500837128009328
1 1 136 1960251344 0.87630870534449556 -0.48174999007519875
1 1 137 1541220333 -0.16674157107868509 -0.98600063310030983
1 1 138 694551765 -0.45942655789688969 0.88821576089316034
1 1 139 182157573 0.85916548223466993 0.51169783479751707
1 1 140 442441594 0.26296271185020392 0.96480599717061599
1 1 141 1830700464 0.63353722013880065 -0.77371221439163085
1 1 142 2116882212 0.9991691862081048 -0.040754598909001398
1 1 143 815466464 -0.74056564374242173 0.6719840231049935
1 1 144 1982081381 0.90548438891258087 -0.42437957235900264
1 1 145 896629002 -0.87875619499223001 0.47727093957497341
1 1 146 1023854377 -0.99252153685133515 0.12206964768632619
1 1 147 2044855858 0.96812515051629588 -0.25046694979138356
1 1 148 1034637443 -0.99590071153913307 0.090453152271485426
1 1 149 451255700 0.23779977720230422 0.97131419528519936
1 1 150 1213830588 -0.90566911662146843 -0.42398520162629372
1 1 151 1059787453 -0.99986531406222123 0.016411999733600885
1 1 152 604969237 -0.21157080701320158 0.9773626725119916
1 1 153 494602418 0.1120402573638047 0.9937036684695556
1 1 154 227065608 0.78407749425345219 0.62066293832097608
1 1 155 941747062 -0.93430247389629772 0.35648125795230517
1 1 156 365838228 0.47237674425118287 0.88139673898344584
1 1 157 145166618 0.90976525449036294 0.41512309225347266
1 1 158 1864118810 0.70658671814407636 -0.70762646201395241
1 1 159 306846046 0.61780322236785257 0.78633274027722999
1 1 160 382534071 0.42842723763874058 0.90357628457659189
1 1 161 1076348956 -0.9994743540283193 -0.03241937136457021
1 1 162 1517216544 -0.23605897902704795 -0.97173872950536855
1 1 163 1798249496 0.55671215393778328 -0.83070546986158333
1 1 164 980834263 -0.96910121362481505 0.24666340983394869
1 1 165 660697546 -0.3686140537927835 0.9295825296047957
1 1 166 1133146809 -0.98008350520717269 -0.19858580719885766
1 1 167 791702120 -0.69169514942596089 0.72218960132405519
1 1 168 1553854242 -0.12990011241512531 -0.991527085255132
1 1 169 645245216 -0.32588782458444071 0.94540844389481782
1 1 170 770403052 -0.64500160648891003 0.76418121386666216
1 1 171 1032307796 -0.99525581760450044 0.097292638593047501
1 1 172 1642796035 0.13162684357762691 -0.99129933625005062
1 1 173 1304274281 -0.76190427396087201 -0.64768964583367894
1 1 174 1150168063 -0.96888561827638009 -0.24750890629873643
1 1 175 1870622993 0.72002821093542702 -0.69394479280208465
1 1 176 1464983071 -0.38234994492546959 -0.92401759702696695
1 1 177 1174387119 -0.94875388437318942 -0.31601592821689334
1 1 178 1468025404 -0.37404488460969681 -0.92741060178182055
1 1 179 2067739288 0.98281053512371497 -0.18461704160189846
1 1 180 1315195676 -0.74065340827326565 -0.67188728877185588
1 1 181 1703869132 0.30706434042257935 -0.95168875733658131
1 1 182 1003584332 -0.98345674612409084 0.18114311607956715
1 1 183 1747001206 0.42530410524799284 -0.9050505058057281
1 1 184 1002719374 -0.98299151440988852 0.18365098038985234
1 1 185 1589971352 -0.023761186211156315 -0.99971766315787314
1 1 186 159806306 0.8910020747402938 0.45399923216729327
1 1 187 1131092985 -0.98126825150128705 -0.19264635629984525
1 1 188 196554022 0.8366746223211966 0.54770026142378547
1 1 189 1094539878 -0.99629845323524402 -0.085961573281672546
1 1 190 147245073 0.90720385045817353 0.42069130453797571
1 1 191 1223759943 -0.89286821925954618 -0.45031804653631974
1 1 192 16711679 0.99878595500766398 0.049260695076588527
1 1 193 685799476 -0.43635177814315257 0.89977615311326675
1 1 194 1182065333 -0.94135604979891552 -0.33741485964163126
1 1 195 2117931792 0.99929053895204523 -0.037661900654785994
1 1 196 526603688 0.017907320868137892 0.99983965107377371
1 1 197 1899353261 0.77616768992132845 -0.63052653958591509
1 1 198 680557966 -0.42239277108993756 0.90641290090717686
1 1 199 1344954319 -0.67891792281363528 -0.73421417453112325
1 1 200 294758772 0.64543280181582707 0.7638170581626017
1 1 201 461544297 0.20822540123624511 0.97808086694301755
1 1 202 1552819282 -0.13292561056568469 -0.99112601724288318
1 1 203 569789930 -0.1092241715347311 0.99401714288665644
1 1 204 1477317346 -0.34849589320963337 -0.93731030743079946
1 1 205 78208559 0.97352321491381266 0.22858816685006791
1 1 206 1968072601 0.88718569238074785 -0.46141255643392826
1 1 207 1323081706 -0.72482987733876736 -0.68892789819912759
1 1 208 1148608476 -0.97001366768947495 -0.24305037439924446
1 1 209 2011613111 0.93896357661337393 -0.34401657197498586
1 1 210 1235898299 -0.87618082791034113 -0.48198252748657727
1 1 211 336117741 0.54771221580240737 0.83666679667644106
1 1 212 464135027 0.20074711681308746 0.97964309577071618
1 1 213 833593095 -0.77541047232751448 0.63145751987352317
1 1 214 547805886 -0.044599538502789748 0.99900494551595598
1 1 215 459728951 0.21345828162896163 0.97695217999859696
1 1 216 1181515767 -0.94190162826106461 -0.33588885465158752
1 1 217 1969764913 0.88947727576328528 -0.45697940424129019
1 1 218 2108419023 0.99784103610861352 -0.065675464655293198
1 1 219 822648947 -0.75463125828810163 0.65614911720927926
1 1 220 1301153800 -0.76783191218447688 -0.64065135185304167
1 1 221 1808953518 0.58265155063781626 -0.81272207459828993
1 1 222 739592822 -0.57300670345186633 0.81955068043362944
1 1 223 1020056175 -0.99109207914197239 0.13317841665240782
1 1 224 1739704753 0.40573380547315463 -0.91399129049256933
1 1 225 180656382 0.86142225239958758 0.50788945949962494
1 1 226 239367984 0.76105001626566016 0.64869320386607898
1 1 227 706630238 -0.49076485598016345 0.87129206132890336
1 1 228 868399711 -0.83602883644677928 0.54868550612299249
1 1 229 175801359 0.8686051000214452 0.49550497496668505
1 1 230 1925910468 0.82311727496576315 -0.56787142176106764
1 1 231 1039608412 -0.99711959800717687 0.075845285087512385
1 1 232 460973489 0.20987145129832357 0.97772898797669661
1 1 233 1457709561 -0.4020794246356843 -0.91560479262869576
1 1 234 1194565202 -0.92828213393410819 -0.3718766997524024
1 1 235 509038564 0.06964918495359837 0.99757154682523874
1 1 236 1790095244 0.53657810964346475 -0.84385065755229804
1 1 237 197311848 0.83544856999080841 0.54956863711488602
1 1 238 1763103368 0.46778333041231313 -0.88384317375220178
1 1 239 779112627 -0.66441352970207457 0.74736514606237192
1 1 240 1461727711 -0.39120243440570363 -0.92030465353330204
1 1 241 1144735292 -0.97272634595266716 -0.23195571967419126
1 1 242 1886124850 0.7509872971332463 -0.66031665096717129
1 1 243 1120840044 -0.98664348541129743 -0.16289454470744827
1 1 244 1662890423 0.19010171245379642 -0.98176440092424111
1 1 245 1747379577 0.42631366713942653 -0.90457540161676642
1 1 246 1620416215 0.065966712003737826 -0.99782182422886301
1 1 247 1835545499 0.64452651828625407 -0.76458195585940891
1 1 248 1808419225 0.58137033326262832 -0.81363906961385557
1 1 249 907760307 -0.89394634015262697 0.44817400742091645
1 1 250 16487292 0.99881833161707723 0.048599798617671996
1 1 251 1223391767 -0.89335660535635886 -0.44934839007852578
1 1 252 452244254 0.23496727199128498 0.97200328244969081
1 1 253 2513052 0.99997254107888045 0.0074106064695589301
1 1 254 2112448339 0.99855093298965036 -0.05381481418251715
1 1 255 1640664448 0.12539319274816688 -0.99210712486728014
1 2 1 785192724 -0.67770586143334255 0.73533309824792403
1 2 2 1399764224 -0.55191615696059138 -0.8338996076781976
1 2 3 1268062041 -0.82659674956823459 -0.56279464603283968
1 2 4 966047537 -0.95742791946357553 0.28867244245277213
1 2 5 2039236884 0.96384229340946159 -0.26647332593561646
1 2 6 836755611 -0.78126555348924642 0.62419879440058312
1 2 7 355773516 0.49832434241473628 0.86699068608429741
1 2 8 340910178 0.5358338941250933 0.84432342020504103
1 2 9 1178972200 -0.94439449694842359 -0.32881458929544755
1 2 10 741602903 -0.57785447579803118 0.8161398193938233
1 2 11 1766391287 0.47633065172706535 -0.87926623398449066
1 2 12 1245823245 -0.8617012243527733 -0.50741600285065047
1 2 13 600011938 -0.19726118139760193 0.98035097098621904
1 2 14 27648442 0.99667812533553279 0.081441478852289279
1 2 15 499773505 0.096874945383255334 0.99529656131074384
1 2 16 297250104 0.63980395712878002 0.76853815548894788
1 2 17 337448429 0.54442490047444414 0.83880958968254038
1 2 18 82997679 0.97019800222747254 0.24231350864906628
1 2 19 171701150 0.87453261412440131 0.48496670693228111
1 2 20 61431547 0.98363645448830306 0.18016471741625911
1 2 21 1228195033 -0.88690253192506907 -0.46195659846451148
1 2 22 1833751690 0.64047309760382176 -0.76798060603492158
1 2 23 11131527 0.99946129252948857 0.032819578536052094
1 2 24 920767959 -0.91047558723956512 0.41356281873588324
1 2 25 1141501597 -0.97489396145970486 -0.22266962951737149
1 2 26 1676575217 0.2295550339895441 -0.97329568290939172
1 2 27 247212309 0.74584222545748424 0.66612264240500585
1 2 28 1399029977 -0.55372042298130608 -0.83270264390921889
1 2 29 1840373197 0.65534563655582889 -0.7553291313376147
1 2 30 533175246 -0.0014704194847653788 0.99999891893268511
1 2 31 1517014341 -0.23663835686379553 -0.97159780159323283
1 2 32 1365638291 -0.63290020409847647 -0.77423338319405144
1 2 33 2108714954 0.99789796872065217 -0.064804660505216494
1 2 34 1226979778 -0.88855231684141511 -0.45877530473615674
1 2 35 664913874 -0.38014315531590714 0.92492766282908101
1 2 36 169037907 0.87831432449817892 0.47808361965382962
1 2 37 809311341 -0.72824735869290169 0.68531436914514798
1 2 38 1995119248 0.92112735435835613 -0.38926134800770484
1 2 39 547302193 -0.043115640521194647 0.99907008840343481
1 2 40 1153704382 -0.96625192158907591 -0.25759895967456548
1 2 41 840216001 -0.78759425157524143 0.61619420224928712
1 2 42 589900329 -0.1679458552534504 0.98579622118528487
1 2 43 66090841 0.98106828495120535 0.19366212913964495
1 2 44 975820796 -0.96534874809958204 0.26096320534238077
1 2 45 1652864304 0.16099624535968649 -0.98695501872176705
1 2 46 1961076740 0.87747868260560635 -0.47961563941632418
1 2 47 520166880 0.03688124908574384 0.99931965529848121
1 2 48 1331446724 -0.70761703923098174 -0.70659615466685022
1 2 49 1912638628 0.80026786622643031 -0.59964267883915345
1 2 50 1325362058 -0.72018084859463782 -0.69378638305858042
1 2 51 125934290 0.93183309590032581 0.36288714689943774
1 2 52 1631021514 0.097134942373608063 -0.99527122080871799
1 2 53 853674602 -0.81142298168169158 0.58445936111828445
1 2 54 123537769 0.93437434299396926 0.35629283904477821
1 2 55 767410454 -0.6382328361184082 0.76984339115189737
1 2 56 125267685 0.93254463480369221 0.36105471067256334
1 2 57 1081470162 -0.99887081205967754 -0.047508955105751607
1 2 58 1811093821 0.58776939438301623 -0.80902851558311728
1 2 59 1999226896 0.92577476280878601 -0.37807550640888665
1 2 60 1737598389 0.40004884727263323 -0.9164938187439331
1 2 61 2072333110 0.98522121583787925 -0.17128676499639736
1 2 62 1836216287 0.6460376525722723 -0.76330554266224737
1 2 63 1813892980 0.59442731392742554 -0.80414934462264276
1 2 64 2097283075 0.99514676784114275 -0.098401780752823659
1 2 65 759107481 -0.61919425142261808 0.78523784868355884
1 2 66 1897282200 0.7723024249860363 -0.63525503883140344
1 2 67 25549282 0.99716316247813808 0.075270362006558414
1 2 68 1077499057 -0.99935865571865112 -0.035808898896929946
1 2 69 462706344 0.20487256575562238 0.97878865532897763
1 2 70 769590501 -0.64316869386192699 0.76572451393170304
1 2 71 1571504228 -0.078140908164838055 -0.99694232454599618
1 2 72 1541188889 -0.1668329966803436 -0.98598516784922097
1 2 73 1207617839 -0.91328436456000961 -0.40732256192140837
1 2 74 1155774302 -0.96466156411148007 -0.26349206197909025
1 2 75 991126573 -0.97614016070510323 0.21714139784623118
1 2 76 1306778174 -0.7571012248320399 -0.65329758560538465
1 2 77 1974289315 0.89549489995225084 -0.44507177416626675
1 2 78 325267664 0.57419690553021374 0.81871723670601126
1 2 79 1615249454 0.050756702165864462 -0.9987110478938569
1 2 80 1964195914 0.88185303100877399 -0.47152437020862276
1 2 81 238186644 0.76330519641315886 0.64603806167180966
1 2 82 1789616268 0.53538568639530115 -0.84460769994301632
1 2 83 1458470951 -0.40002265732163417 -0.91650525019191154
1 2 84 1202436379 -0.91940119018246536 -0.39332105396363692
1 2 85 463520243 0.20252280119035837 0.97927754747977891
1 2 86 1035094661 -0.9960217623306763 0.089110319064032745
1 2 87 1211248531 -0.90887112400802195 -0.41707706715233683
1 2 88 1898381332 0.77435735464168909 -0.63274851822214906
1 2 89 321883040 0.58233964819855089 0.81294559112894382
1 2 90 44574820 0.99137346668462278 0.13106734739710393
1 2 91 485408539 0.13893667197096693 0.9903012678885309
1 2 92 1659105266 0.17913169073773982 -0.98382510507378229
1 2 93 643505830 -0.32103434107869594 0.94706755400455334
1 2 94 651520789 -0.34332663559844889 0.9392160674140162
1 2 95 90594083 0.9645270186759155 0.26398414771374096
1 2 96 782003360 -0.67076015819254398 0.74167432892174012
1 2 97 1769393669 0.48409659385835752 -0.87501456434435221
1 2 98 1651970465 0.15839425451592304 -0.98737594670740536
1 2 99 717445957 -0.51829971226953864 0.85519904598947805
1 2 100 393907011 0.39788843074111147 0.91743381051843498
1 2 101 1779103715 0.50894963956652883 -0.86079629668412283
1 2 102 409591930 0.35504409669412845 0.93484955442180662
1 2 103 51489609 0.98849498545998793 0.15125364035440014
1 2 104 1208759455 -0.91190794785987084 -0.41039480336622075
1 2 105 1345993744 -0.67666427256927419 -0.73629169642764214
1 2 106 1872282462 0.72341544036252337 -0.69041299281306723
1 2 107 1112629305 -0.99029798207059894 -0.1389600903385563
1 2 108 681222378 -0.42416786450289168 0.90558358130161376
1 2 109 1736082737 0.39594862619937293 -0.91827266397885832
1 2 110 735206130 -0.56235751157673008 0.82689420675998693
1 2 111 572481179 -0.1171093230976607 0.99311902934321405
1 2 112 1337957444 -0.69392131063010365 -0.72005084171424949
1 2 113 1971942282 0.89239308822085583 -0.45125887924299496
1 2 114 489163166 0.12796384091099838 0.99177883392382638
1 2 115 2019732778 0.94693073460910637 -0.32143768268928596
1 2 116 935632020 -0.92772267784426821 0.37327018768374765
1 2 117 766653712 -0.63651331442026848 0.77126571333472649
1 2 118 1020580436 -0.99129678581483172 0.13164604981990036
1 2 119 590321868 -0.16917113445159698 0.98558669190911852
1 2 120 644574416 -0.32401707120420159 0.94605123411380387
1 2 121 315185819 0.59828011814455295 0.80128702737092894
1 2 122 2097731849 0.99527611914864345 -0.097084739544457982
1 2 123 1814629332 0.5961720486676737 -0.80285670476579374
1 2 124 1226217925 -0.88958076218594706 -0.4567779192875564
1 2 125 2125680329 0.99989016582350665 -0.014820805964600489
1 2 126 36516188 0.99420793154900233 0.10747366582123398
1 2 127 980083970 -0.96855309442484228 0.24880695987062468
1 2 128 2130706431 1 -5.8977492008036088e-09
1 2 129 1345513709 -0.67770586143334266 -0.73533309824792392
1 2 130 730942209 -0.55191615696059115 0.83389960767819771
1 2 131 862644392 -0.8265967495682347 0.56279464603283946
1 2 132 1164658896 -0.95742791946357564 -0.2886724424527719
1 2 133 91469549 0.9638422934094617 0.26647332593561612
1 2 134 1293950822 -0.78126555348924664 -0.6241987944005829
1 2 135 1774932917 0.49832434241473628 -0.86699068608429741
1 2 136 1789796255 0.53583389412509275 -0.84432342020504136
1 2 137 951734233 -0.94439449694842359 0.32881458929544777
1 2 138 1389103530 -0.57785447579803173 -0.81613981939382296
1 2 139 364315146 0.47633065172706596 0.87926623398449033
1 2 140 884883188 -0.86170122435277319 0.50741600285065069
1 2 141 1530694495 -0.19726118139760151 -0.98035097098621904
1 2 142 2103057991 0.99667812533553291 -0.081441478852289043
1 2 143 1630932928 0.096874945383255098 -0.99529656131074384
1 2 144 1833456329 0.63980395712878035 -0.76853815548894766
1 2 145 1793258004 0.54442490047444414 -0.83880958968254027
1 2 146 2047708754 0.97019800222747243 -0.24231350864906701
1 2 147 1959005283 0.8745326141244012 -0.48496670693228128
1 2 148 2069274886 0.98363645448830295 -0.18016471741625978
1 2 149 902511400 -0.88690253192506896 0.4619565984645117
1 2 150 296954743 0.64047309760382198 0.76798060603492135
1 2 151 2119574906 0.99946129252948857 -0.032819578536051879
1 2 152 1209938474 -0.91047558723956523 -0.41356281873588302
1 2 153 989204836 -0.97489396145970486 0.22266962951737174
1 2 154 454131216 0.22955503398954458 0.97329568290939161
1 2 155 1883494124 0.74584222545748413 -0.66612264240500596
1 2 156 731676456 -0.55372042298130519 0.83270264390921955
1 2 157 290333236 0.65534563655582956 0.75532913133761392
1 2 158 1597531187 -0.0014704194847660677 -0.99999891893268511
1 2 159 613692092 -0.23663835686379531 0.97159780159323283
1 2 160 765068142 -0.63290020409847625 0.77423338319405155
1 2 161 21991479 0.99789796872065217 0.064804660505216743
1 2 162 903726655 -0.88855231684141478 0.45877530473615735
1 2 163 1465792559 -0.38014315531590759 -0.92492766282908079
1 2 164 1961668526 0.87831432449817892 -0.47808361965382962
1 2 165 1321395092 -0.7282473586929018 -0.68531436914514787
1 2 166 135587185 0.92112735435835591 0.38926134800770534
1 2 167 1583404240 -0.043115640521195334 -0.99907008840343481
1 2 168 977002051 -0.9662519215890758 0.2575989596745657
1 2 169 1290490432 -0.78759425157524154 -0.61619420224928689
1 2 170 1540806104 -0.16794585525345065 -0.98579622118528487
1 2 171 2064615592 0.98106828495120524 -0.19366212913964534
1 2 172 1154885637 -0.96534874809958227 -0.2609632053423801
1 2 173 477842129 0.16099624535968651 0.98695501872176705
1 2 174 169629693 0.87747868260560646 0.47961563941632412
1 2 175 1610539553 0.036881249085742925 -0.99931965529848121
1 2 176 799259709 -0.70761703923098151 0.70659615466685033
1 2 177 218067805 0.80026786622643042 0.59964267883915334
1 2 178 805344375 -0.7201808485946376 0.69378638305858065
1 2 179 2004772143 0.93183309590032559 -0.36288714689943852
1 2 180 499684919 0.097134942373609201 0.99527122080871788
1 2 181 1277031831 -0.81142298168169147 -0.58445936111828467
1 2 182 2007168664 0.93437434299396893 -0.35629283904477921
1 2 183 1363295979 -0.63823283611840831 -0.76984339115189715
1 2 184 2005438748 0.9325446348036921 -0.36105471067256339
1 2 185 1049236271 -0.99887081205967754 0.047508955105751406
1 2 186 319612612 0.58776939438301623 0.80902851558311728
1 2 187 131479537 0.92577476280878601 0.37807550640888649
1 2 188 393108044 0.40004884727263407 0.91649381874393276
1 2 189 58373323 0.98522121583787936 0.17128676499639656
1 2 190 294490146 0.6460376525722723 0.76330554266224737
1 2 191 316813453 0.59442731392742554 0.80414934462264276
1 2 192 33423358 0.99514676784114275 0.098401780752823603
1 2 193 1371598952 -0.61919425142261786 -0.78523784868355895
1 2 194 233424233 0.77230242498603652 0.63525503883140311
1 2 195 2105157151 0.99716316247813808 -0.075270362006558719
1 2 196 1053207376 -0.99935865571865112 0.035808898896930189
1 2 197 1668000089 0.20487256575562235 -0.97878865532897763
1 2 198 1361115932 -0.64316869386192721 -0.76572451393170282
1 2 199 559202205 -0.078140908164838263 0.99694232454599618
1 2 200 589517544 -0.16683299668034268 0.98598516784922108
1 2 201 923088594 -0.9132843645600095 0.40732256192140859
1 2 202 974932131 -0.96466156411148007 0.26349206197909047
1 2 203 1139579860 -0.97614016070510323 -0.21714139784623096
1 2 204 823928259 -0.75710122483203979 0.65329758560538476
1 2 205 156417118 0.89549489995225107 0.44507177416626625
1 2 206 1805438769 0.57419690553021419 -0.81871723670601093
1 2 207 515456979 0.050756702165864927 0.9987110478938569
1 2 208 166510519 0.88185303100877421 0.47152437020862226
1 2 209 1892519789 0.76330519641315886 -0.64603806167180966
1 2 210 341090165 0.53538568639530149 0.8446076999430161
1 2 211 672235482 -0.40002265732163417 0.91650525019191154
1 2 212 928270054 -0.91940119018246524 0.39332105396363715
1 2 213 1667186190 0.20252280119035812 -0.97927754747977891
1 2 214 1095611772 -0.9960217623306763 -0.089110319064032509
1 2 215 919457902 -0.90887112400802184 0.41707706715233706
1 2 216 232325101 0.77435735464168931 0.63274851822214884
1 2 217 1808823393 0.58233964819855044 -0.81294559112894416
1 2 218 2086131613 0.99137346668462278 -0.13106734739710368
1 2 219 1645297894 0.1389366719709669 -0.9903012678885309
1 2 220 471601167 0.17913169073774049 0.98382510507378218
1 2 221 1487200603 -0.32103434107869638 -0.94706755400455322
1 2 222 1479185644 -0.34332663559844995 -0.93921606741401586
1 2 223 2040112350 0.96452701867591528 -0.26398414771374146
1 2 224 1348703073 -0.67076015819254409 -0.7416743289217399
1 2 225 361312764 0.48409659385835774 0.8750145643443521
1 2 226 478735968 0.15839425451592329 0.98737594670740536
1 2 227 1413260476 -0.51829971226953886 -0.85519904598947794
1 2 228 1736799422 0.39788843074111124 -0.91743381051843509
1 2 229 351602718 0.50894963956652961 0.86079629668412239
1 2 230 1721114503 0.35504409669412756 -0.93484955442180695
1 2 231 2079216824 0.98849498545998793 -0.15125364035440014
1 2 232 921946978 -0.91190794785987073 0.41039480336622097
1 2 233 784712689 -0.67666427256927397 0.73629169642764225
1 2 234 258423971 0.72341544036252337 0.69041299281306723
1 2 235 1018077128 -0.99029798207059894 0.13896009033855652
1 2 236 1449484055 -0.42416786450289234 -0.90558358130161343
1 2 237 394623696 0.3959486261993736 0.91827266397885809
1 2 238 1395500303 -0.56235751157672986 -0.82689420675998704
1 2 239 1558225254 -0.11710932309766094 -0.99311902934321405
1 2 240 792748989 -0.69392131063010343 0.72005084171424971
1 2 241 158764151 0.89239308822085595 0.45125887924299457
1 2 242 1641543267 0.12796384091099791 -0.99177883392382638
1 2 243 110973655 0.94693073460910626 0.32143768268928624
1 2 244 1195074413 -0.92772267784426832 -0.37327018768374742
1 2 245 1364052721 -0.63651331442026893 -0.77126571333472604
1 2 246 1110125997 -0.99129678581483172 -0.13164604981990011
1 2 247 1540384565 -0.16917113445159701 -0.98558669190911852
1 2 248 1486132017 -0.32401707120420165 -0.94605123411380387
1 2 249 1815520614 0.59828011814455273 -0.80128702737092905
1 2 250 32974584 0.99527611914864345 0.097084739544458162
1 2 251 316077101 0.5961720486676737 0.80285670476579374
1 2 252 904488508 -0.88958076218594706 0.45677791928755662
1 2 253 5026104 0.99989016582350665 0.014820805964600869
1 2 254 2094190245 0.99420793154900233 -0.10747366582123409
1 2 255 1150622463 -0.96855309442484228 -0.24880695987062446
1 3 1 1177789086 -0.94553593321723484 -0.32551773990830785
1 3 2 2099646336 0.99580835506473198 -0.091464309887915193
1 3 3 836739845 -0.78123653242500102 0.62423511628597139
1 3 4 383718089 0.4252697778059859 0.90506663626765482
1 3 5 928148893 -0.91926060239270224 0.39364952037136552
1 3 6 189780200 0.8474473754250883 0.53087940804398259
1 3 7 533660274 -0.0029007025203271865 0.99999579295359464
1 3 8 511365267 0.062803106736424599 0.99802593642863469
1 3 9 1768458300 0.48168121535717445 -0.87634651067487879
1 3 10 47051138 0.99038994345929232 0.13830314491977314
1 3 11 1584233714 -0.040671774046191905 -0.99917256107037666
1 3 12 803381651 -0.71615329337109623 0.69794302087902027
1 3 13 900017907 -0.88348182114666529 0.46846544344633539
1 3 14 41472663 0.99253095659774282 0.12199303338785152
1 3 15 1815013474 0.59708113116189754 -0.80218085417842588
1 3 16 445875156 0.25318060137662812 0.96741903179882138
1 3 17 1571525860 -0.078077313007661742 -0.99694730712987212
1 3 18 1189849735 -0.93336328759047715 -0.35893310432209546
1 3 19 257551725 0.72518888684489557 0.6885499824970307
1 3 20 1157500537 -0.96330777830232905 -0.26839918826671355
1 3 21 776939333 -0.6596102261861857 0.7516078429012093
1 3 22 619921102 -0.25444429243186945 0.96708743247384066
1 3 23 1082050507 -0.99878804423384004 -0.049218316667078002
1 3 24 315798722 0.59683091652938836 0.80236703389078134
1 3 25 646899179 -0.33049499805253335 0.94380774327309691
1 3 26 1449509609 -0.42409962256587641 -0.90561554212562034
1 3 27 1436171680 -0.45938199886619802 -0.88823880748236639
1 3 28 1033191749 -0.99550604551777644 0.094698011265067703
1 3 29 1695206579 0.28265612515036342 -0.95922130653722559
1 3 30 799762869 -0.70866467590014781 0.70554544653859008
1 3 31 1210168295 -0.9101951011804259 -0.41417976506241133
1 3 32 983104220 -0.97073060992455107 0.24017094527754407
1 3 33 1032365998 -0.99527250131817224 0.097121821028381322
1 3 34 1840469667 0.6555604844784545 -0.75514266942768771
1 3 35 997370811 -0.97997278353903172 0.19913147295885236
1 3 36 1318910077 -0.73324974200567461 -0.67995942220739292
1 3 37 148613795 0.90549847589613919 0.42434951413872152
1 3 38 861972439 -0.82547994719632112 0.56443144559526348
1 3 39 1886306506 0.75134090825176814 -0.65991426684638976
1 3 40 1730556573 0.38093257888662813 -0.92460281761564123
1 3 41 194970785 0.83922257918657317 0.54378806770968768
1 3 42 1950203710 0.86165229937216936 -0.50749907880374856
1 3 43 1164489478 -0.9575720185254134 -0.28819408275876418
1 3 44 1463731194 -0.38575846090554838 -0.92259981023181581
1 3 45 348590023 0.51657681909847541 0.85624084810881396
1 3 46 810908677 -0.73146733356497284 0.68187648436307635
1 3 47 780250320 -0.66691713134288322 0.74513189431226157
1 3 48 1997170086 0.92346461688204762 -0.38368359538413027
1 3 49 738251509 -0.56976060886955027 0.82181071335228983
1 3 50 1988043087 0.912804809431085 -0.40839610659197106
1 3 51 188901435 0.84882023213185964 0.52868158046561076
1 3 52 315825838 0.59676675601038398 0.80241475492468539
1 3 53 1280511903 -0.80538246577020434 -0.59275550088540352
1 3 54 1250659870 -0.85437675592127782 -0.51965407622901716
1 3 55 1151115681 -0.96819019585845023 -0.25021539649585073
1 3 56 1253254744 -0.85037541123110705 -0.52617645326784201
1 3 57 1622205243 0.071229896943632534 -0.99745992489994273
1 3 58 1651287515 0.15640542498793286 -0.98769293964994209
1 3 59 868133911 -0.83559851406950536 0.54934062591877797
1 3 60 1541044367 -0.16725318591747415 -0.98591397789079693
1 3 61 977793232 -0.96685029363240726 0.25534390476948493
1 3 62 1688971214 0.26497184145087743 -0.96425615022053712
1 3 63 590133037 -0.16862229527168512 0.98568074016758012
1 3 64 2080571396 0.98909127477434755 -0.14730393805073924
1 3 65 73308005 0.97672480339170786 0.21449629003651724
1 3 66 715216867 -0.51266707027104175 0.85858748829674125
1 3 67 38323923 0.99362088915976376 0.1127720205785129
1 3 68 550895369 -0.053698993088747086 0.99855716818880969
1 3 69 694059516 -0.45813675773973467 0.88888171946987615
1 3 70 89032535 0.96573238484720791 0.25953990224496171
1 3 71 226549909 0.78502044892972123 0.6194698497604052
1 3 72 1246430117 -0.86079177878127555 -0.50895728070494051
1 3 73 746073542 -0.58856340774283922 0.80845105916569648
1 3 74 1733661453 0.3893820653632169 -0.92107633080731999
1 3 75 421336643 0.32246037224431967 0.94658296431536038
1 3 76 1960167261 0.87618922840553071 -0.48196725617630981
1 3 77 1896080756 0.77004693296706439 -0.63798724205740776
1 3 78 487901496 0.13165286601066328 0.99129588058822193
1 3 79 292167748 0.65124992892875899 0.75886331448442434
1 3 80 815587438 -0.74080531825432772 0.6717197931028267
1 3 81 357279966 0.49446797792997332 0.86919584605648192
1 3 82 553717969 -0.062008520004021954 0.99807562010446427
1 3 83 1122353210 -0.98590680782800622 -0.16729544607786201
1 3 84 738301352 -0.56988139306038899 0.82172696064054662
1 3 85 1760633581 0.46133387047130026 -0.88722661138852776
1 3 86 487288775 0.13344376038015676 0.99105638730377155
1 3 87 751519580 -0.60147041833483172 0.79889507187622733
1 3 88 716865565 -0.51683527812481089 0.85608486453484822
1 3 89 482824560 0.14647849193390866 0.98921385524100292
1 3 90 66862230 0.98062521822573057 0.1958932907981748
1 3 91 1793466025 0.54493934710447722 -0.83847546653276983
1 3 92 357951466 0.49274585492048173 0.87017327151475043
1 3 93 965258745 -0.95675386391280015 0.29089868320074441
1 3 94 2042634400 0.96646363079484177 -0.2568035248022344
1 3 95 1201244341 -0.92077809751426976 -0.39008677898385891
1 3 96 1173005040 -0.95003394855962786 -0.31214659470223671
1 3 97 1588737287 -0.027399095878718051 -0.99962457430028639
1 3 98 1412602481 -0.51995811631419897 -0.85419175673790593
1 3 99 10815719 0.99949142327320428 0.0318887880501042
1 3 100 1656213733 0.17073643287052603 -0.9853167361263323
1 3 101 1603302356 0.015547405141681892 -0.9998791317921184
1 3 102 614387895 -0.23863141623865974 0.9711102137162041
1 3 103 1142587630 -0.97417584706076976 -0.22579065304709073
1 3 104 747785966 -0.5926383402339781 0.80546868200117849
1 3 105 2018990616 0.94622498740803962 -0.32350930930137906
1 3 106 677717260 -0.41478512346710322 0.90991939277629419
1 3 107 603590741 -0.20759607957841869 0.97821463275892107
1 3 108 1021833567 -0.99177649145639879 0.12798199480565939
1 3 109 1538770889 -0.17385914289462531 -0.98477053085068822
1 3 110 1102809195 -0.99390626970779983 -0.11022852187853328
1 3 111 1924074985 0.82003156714274927 -0.57231829333807493
1 3 112 2006936166 0.93412984641468766 -0.35693336918432267
1 3 113 827206990 -0.76338218976431171 0.6459470816952767
1 3 114 733744749 -0.55878885910016762 0.82930996071766383
1 3 115 898892734 -0.88192259546432039 0.47139424647472805
1 3 116 1403448030 -0.54282505193463049 -0.8398457971509804
1 3 117 1149980568 -0.96902231764657742 -0.24697317243550065
1 3 118 1530870654 -0.19675189116389455 -0.98045331011906478
1 3 119 885482802 -0.86259708285150183 0.50589156215149444
1 3 120 966861624 -0.95811815860016281 0.28637317290666953
1 3 121 1538131945 -0.17571430385018225 -0.98444120363912335
1 3 122 2081244557 0.98938173403565755 -0.1453402365368773
1 3 123 591237565 -0.17183186985583893 0.9851262906357976
1 3 124 773973671 -0.65301200180480501 0.7573475592479858
1 3 125 2123167277 0.99975287875774976 -0.022230191532959184
1 3 126 54774282 0.98698358227828309 0.1608210443727052
1 3 127 1470125955 -0.36829312246026219 -0.92970972671499486
1 3 128 2130706430 1 -8.8466232346515227e-09
1 3 129 952917347 -0.94553593321723484 0.32551773990830807
1 3 130 31060097 0.99580835506473209 0.091464309887914763
1 3 131 1293966588 -0.78123653242500113 -0.62423511628597128
1 3 132 1746988344 0.42526977780598529 -0.90506663626765516
1 3 133 1202557540 -0.91926060239270235 -0.3936495203713653
1 3 134 1940926233 0.84744737542508808 -0.53087940804398304
1 3 135 1597046159 -0.0029007025203272095 -0.99999579295359464
1 3 136 1619341166 0.062803106736424127 -0.9980259364286348
1 3 137 362248133 0.48168121535717467 0.87634651067487856
1 3 138 2083655295 0.99038994345929232 -0.13830314491977333
1 3 139 546472719 -0.040671774046191655 0.99917256107037666
1 3 140 1327324782 -0.71615329337109646 -0.69794302087902005
1 3 141 1230688526 -0.8834818211466654 -0.46846544344633517
1 3 142 2089233770 0.99253095659774293 -0.12199303338785104
1 3 143 315692959 0.59708113116189721 0.80218085417842611
1 3 144 1684831277 0.25318060137662785 -0.96741903179882138
1 3 145 559180573 -0.078077313007661714 0.99694730712987212
1 3 146 940856698 -0.93336328759047704 0.35893310432209569
1 3 147 1873154708 0.72518888684489546 -0.68854998249703081
1 3 148 973205896 -0.96330777830232905 0.26839918826671383
1 3 149 1353767100 -0.65961022618618592 -0.75160784290120908
1 3 150 1510785331 -0.25444429243187033 -0.96708743247384044
1 3 151 1048655926 -0.99878804423384004 0.049218316667077808
1 3 152 1814907711 0.59683091652938847 -0.80236703389078134
1 3 153 1483807254 -0.33049499805253357 -0.9438077432730968
1 3 154 681196824 -0.42409962256587574 0.90561554212562057
1 3 155 694534753 -0.45938199886619779 0.8882388074823665
1 3 156 1097514684 -0.99550604551777644 -0.094698011265067453
1 3 157 435499854 0.28265612515036348 0.95922130653722559
1 3 158 1330943564 -0.70866467590014792 -0.70554544653858997
1 3 159 920538138 -0.91019510118042579 0.41417976506241155
1 3 160 1147602213 -0.97073060992455118 -0.24017094527754382
1 3 161 1098340435 -0.99527250131817224 -0.097121821028381072
1 3 162 290236766 0.65556048447845428 0.75514266942768793
1 3 163 1133335622 -0.97997278353903172 -0.19913147295885211
1 3 164 811796356 -0.7332497420056745 0.67995942220739303
1 3 165 1982092638 0.90549847589613897 -0.42434951413872196
1 3 166 1268733994 -0.82547994719632123 -0.56443144559526326
1 3 167 244399927 0.75134090825176847 0.65991426684638943
1 3 168 400149860 0.38093257888662796 0.92460281761564134
1 3 169 1935735648 0.83922257918657284 -0.54378806770968824
1 3 170 180502723 0.86165229937216925 0.50749907880374878
1 3 171 966216955 -0.95757201852541329 0.2881940827587644
1 3 172 666975239 -0.38575846090554861 0.9225998102318157
1 3 173 1782116410 0.51657681909847519 -0.85624084810881407
1 3 174 1319797756 -0.73146733356497273 -0.68187648436307646
1 3 175 1350456113 -0.66691713134288344 -0.74513189431226146
1 3 176 133536347 0.92346461688204762 0.38368359538413038
1 3 177 1392454924 -0.56976060886955004 -0.82181071335228995
1 3 178 142663346 0.91280480943108544 0.40839610659197018
1 3 179 1941804998 0.84882023213185964 -0.52868158046561065
1 3 180 1814880595 0.59676675601038365 -0.80241475492468561
1 3 181 850194530 -0.80538246577020423 0.59275550088540374
1 3 182 880046563 -0.85437675592127749 0.51965407622901783
1 3 183 979590752 -0.96819019585845012 0.25021539649585095
1 3 184 877451689 -0.85037541123110716 0.5261764532678419
1 3 185 508501190 0.071229896943632784 0.99745992489994273
1 3 186 479418918 0.15640542498793311 0.98769293964994198
1 3 187 1262572522 -0.83559851406950547 -0.54934062591877775
1 3 188 589662066 -0.16725318591747415 0.98591397789079693
1 3 189 1152913201 -0.96685029363240738 -0.25534390476948471
1 3 190 441735219 0.26497184145087699 0.96425615022053723
1 3 191 1540573396 -0.16862229527168557 -0.98568074016758012
1 3 192 50135037 0.98909127477434766 0.14730393805073885
1 3 193 2057398428 0.97672480339170786 -0.21449629003651688
1 3 194 1415489566 -0.51266707027104153 -0.85858748829674136
1 3 195 2092382510 0.99362088915976365 -0.11277202057851322
1 3 196 1579811064 -0.053698993088747329 -0.99855716818880969
1 3 197 1436646917 -0.45813675773973489 -0.88888171946987604
1 3 198 2041673898 0.96573238484720803 -0.25953990224496148
1 3 199 1904156524 0.78502044892972112 -0.61946984976040542
1 3 200 884276316 -0.86079177878127544 0.50895728070494073
1 3 201 1384632891 -0.58856340774283866 -0.80845105916569682
1 3 202 397044980 0.38938206536321751 0.92107633080731965
1 3 203 1709369790 0.32246037224431945 -0.94658296431536049
1 3 204 170539172 0.87618922840553115 0.4819672561763092
1 3 205 234625677 0.77004693296706417 0.63798724205740798
1 3 206 1642804937 0.13165286601066326 -0.99129588058822193
1 3 207 1838538685 0.65124992892875866 -0.75886331448442468
1 3 208 1315118995 -0.74080531825432783 -0.67171979310282648
1 3 209 1773426467 0.49446797792997249 -0.86919584605648237
1 3 210 1576988464 -0.062008520004021753 -0.99807562010446427
1 3 211 1008353223 -0.98590680782800622 0.16729544607786226
1 3 212 1392405081 -0.56988139306038954 -0.82172696064054618
1 3 213 370072852 0.46133387047130026 0.88722661138852776
1 3 214 1643417658 0.1334437603801561 -0.99105638730377166
1 3 215 1379186853 -0.60147041833483195 -0.79889507187622721
1 3 216 1413840868 -0.51683527812481145 -0.85608486453484789
1 3 217 1647881873 0.14647849193390844 -0.98921385524100292
1 3 218 2063844203 0.98062521822573046 -0.19589329079817558
1 3 219 337240408 0.54493934710447778 0.8384754665327695
1 3 220 1772754967 0.49274585492048212 -0.87017327151475021
1 3 221 1165447688 -0.95675386391280026 -0.29089868320074419
1 3 222 88072033 0.96646363079484188 0.25680352480223406
1 3 223 929462092 -0.92077809751426976 0.39008677898385874
1 3 224 957701393 -0.95003394855962775 0.31214659470223699
1 3 225 541969146 -0.027399095878717583 0.99962457430028639
1 3 226 718103952 -0.51995811631419875 0.85419175673790615
1 3 227 2119890714 0.99949142327320428 -0.031888788050104658
1 3 228 474492700 0.1707364328705267 0.98531673612633219
1 3 229 527404077 0.015547405141682581 0.9998791317921184
1 3 230 1516318538 -0.23863141623865974 -0.9711102137162041
1 3 231 988118803 -0.97417584706076976 0.22579065304709098
1 3 232 1382920467 -0.59263834023397788 -0.8054686820011786
1 3 233 111715817 0.94622498740803951 0.32350930930137928
1 3 234 1452989173 -0.41478512346710344 -0.90991939277629408
1 3 235 1527115692 -0.20759607957841936 -0.97821463275892095
1 3 236 1108872866 -0.99177649145639879 -0.12798199480565914
1 3 237 591935544 -0.17385914289462462 0.98477053085068833
1 3 238 1027897238 -0.99390626970779983 0.11022852187853353
1 3 239 206631448 0.82003156714274961 0.57231829333807438
1 3 240 123770267 0.93412984641468766 0.35693336918432284
1 3 241 1303499443 -0.76338218976431182 -0.64594708169527648
1 3 242 1396961684 -0.55878885910016818 -0.82930996071766339
1 3 243 1231813699 -0.8819225954643205 -0.47139424647472783
1 3 244 727258403 -0.54282505193463026 0.83984579715098051
1 3 245 980725865 -0.96902231764657742 0.24697317243550088
1 3 246 599835779 -0.19675189116389452 0.98045331011906478
1 3 247 1245223631 -0.86259708285150172 -0.50589156215149467
1 3 248 1163844809 -0.95811815860016292 -0.2863731729066693
1 3 249 592574488 -0.17571430385018158 0.98444120363912346
1 3 250 49461876 0.98938173403565766 0.14534023653687639
1 3 251 1539468868 -0.17183186985583851 -0.98512629063579771
1 3 252 1356732762 -0.65301200180480479 -0.75734755924798591
1 3 253 7539156 0.99975287875774976 0.022230191532958993
1 3 254 2075932151 0.98698358227828309 -0.16082104437270525
1 3 255 660580478 -0.36829312246026175 0.92970972671499497
1 4 1 1570385448 -0.081429530757782323 -0.99667910157711614
1 4 2 668822015 -0.39077711137170418 0.92048533352139117
1 4 3 405417649 0.36652437279354189 0.9304084501703006
1 4 4 1932095074 0.83333644193670187 -0.55276611196805281
1 4 5 1947767335 0.85798393312962207 -0.51367652320446211
1 4 6 1673511222 0.22075173013771718 -0.97533003318938383
1 4 7 711547032 -0.50334569951384134 0.86408512704531704
1 4 8 681820356 -0.42576407581347647 0.90483421229896932
1 4 9 227237967 0.78376193173293196 0.62106137729395383
1 4 10 1483205806 -0.33216840960036526 -0.9432200950274352
1 4 11 1402076141 -0.54621822045053814 -0.83764291655086975
1 4 12 360940057 0.48505800010213723 0.87448198182519177
1 4 13 1200023876 -0.92217605262724478 -0.3867703814420555
1 4 14 55296884 0.98673457104470419 0.16234188093410623
1 4 15 999547010 -0.98123048991398254 0.19283860003424033
1 4 16 594500208 -0.18130179288470832 0.98342750617256502
1 4 17 674896858 -0.40720305548678332 0.91333765475985262
1 4 18 165995358 0.88256832705235777 0.47018416400810703
1 4 19 343402300 0.52961458633451786 0.84823840395358041
1 4 20 122863094 0.93508134919663899 0.35443316772643224
1 4 21 325683633 0.57319220227019618 0.8194209536353354
1 4 22 1536796947 -0.1795884224915307 -0.98374183529369308
1 4 23 22263054 0.99784575052943181 0.065603796767831374
1 4 24 1841535918 0.65793158991846201 -0.75307770049800626
1 4 25 152296761 0.90083647218119289 0.4341585544339106
1 4 26 1222444001 -0.89460897274011819 -0.44684984714428455
1 4 27 494424618 0.11256125055074542 0.99364478807793899
1 4 28 667353521 -0.38678738634680859 0.92216892040612852
1 4 29 1550039961 -0.14104419329446985 -0.99000330077122078
1 4 30 1066350492 -0.99999567573307768 -0.002940835790285869
1 4 31 903322249 -0.88800457612160599 0.45983461460299707
1 4 32 600570149 -0.19887466330421377 0.98002493248673817
1 4 33 2086723475 0.99160071195360722 -0.12933687816357467
1 4 34 323253123 0.57905043952849267 0.8152917198658769
1 4 35 1329827748 -0.71098236293293215 -0.70320984037362866
1 4 36 338075814 0.54287210523738472 0.8398153828997954
1 4 37 1618622682 0.060688430886375613 -0.99815675840849249
1 4 38 1859532063 0.69695120589444859 -0.71711855128860946
1 4 39 1094604386 -0.99628208308489419 -0.086151093574161314
1 4 40 176702331 0.8672855519491629 0.49781097956979198
1 4 41 1680432002 0.24060941022872945 -0.97062202309106038
1 4 42 1179800658 -0.94358837940637419 -0.33112077894516445
1 4 43 132181682 0.92498995947419893 0.37999154579006067
1 4 44 1951641592 0.86379641091486081 -0.50384100715464297
1 4 45 1175022175 -0.94816041796016737 -0.31779210470620695
1 4 46 1791447047 0.53993767685454053 -0.84170499886416372
1 4 47 1040333760 -0.99727954693175069 0.073712314246685923
1 4 48 532187015 0.001443748420041032 0.99999895779470671
1 4 49 1694570823 0.28085731542920711 -0.95974953418582021
1 4 50 520017683 0.037320909364985506 0.99930333218906586
1 4 51 251868580 0.73662583723037178 0.67630050711547884
1 4 52 1131336595 -0.98112960594015131 -0.19335122535873273
1 4 53 1707349204 0.31681451040241354 -0.94848751494074979
1 4 54 247075538 0.74611082569082354 0.66582177479184146
1 4 55 1534820908 -0.18531769380050639 -0.98267866180377694
1 4 56 250535370 0.73927899180230316 0.67339926661659666
1 4 57 32233891 0.99548579836951934 0.094910617133177846
1 4 58 1491481209 -0.30905427805324431 -0.95104440128575907
1 4 59 1867747359 0.71411782290732806 -0.70002552453899713
1 4 60 1344490345 -0.67992183959167352 -0.7332845914420093
1 4 61 2013959787 0.94132168827413831 -0.33751070973337433
1 4 62 1541726141 -0.1652707029178157 -0.98624824195384553
1 4 63 1497079527 -0.29331233691405162 -0.95601666984107436
1 4 64 2063859717 0.98063417908934647 -0.19584842813197023
1 4 65 1518214962 -0.23319695801036733 -0.97242952380864645
1 4 66 1663857967 0.19290207127862452 -0.98121801394818287
1 4 67 51098564 0.98866874520680326 0.15011366443866817
1 4 68 24291681 0.99743544551957886 0.071571866128801981
1 4 69 925412688 -0.9160544636014164 0.40105388629948635
1 4 70 1539181002 -0.17266806247188565 -0.98498007096702467
1 4 71 1012302023 -0.98778799694234853 0.15580395725597881
1 4 72 951671345 -0.9443335024373134 0.32898972046931274
1 4 73 284529245 0.66817666109956109 0.74400265427069701
1 4 74 180842171 0.86114386654801423 0.50836132927941691
1 4 75 1982253146 0.90569922668276948 -0.42392087797870176
1 4 76 482849915 0.14640452928435074 0.9892248044833023
1 4 77 1817872197 0.60382223168098359 -0.79711900775718336
1 4 78 650535328 -0.34059582735905358 0.94020980764167827
1 4 79 1099792475 -0.99484751437049135 -0.10138255841541446
1 4 80 1797685395 0.55532953659872353 -0.8316303901259543
1 4 81 476373288 0.16526964574266215 0.9862484191095543
1 4 82 1448526103 -0.42672433360606432 -0.90438174633749679
1 4 83 786235469 -0.6799637472586767 0.73324573126199544
1 4 84 274166325 0.69059709701786753 0.72323969027597901
1 4 85 927040486 -0.91796902999602115 0.39665206411685794
1 4 86 2070189322 0.98411870207261254 -0.17751163407201354
1 4 87 291790629 0.65209344011121018 0.75813860564142721
1 4 88 1666056231 0.19925862537535052 -0.97994693744790373
1 4 89 643766080 -0.32176106827197593 0.9468208990851843
1 4 90 89149640 0.96564270089257376 0.25987338111644936
1 4 91 970817078 -0.96139320236326387 0.27517832481812293
1 4 92 1187504099 -0.93582367474687711 -0.35246850892420334
1 4 93 1287011660 -0.79387390369633504 -0.60808241631372806
1 4 94 1303041578 -0.76425364257729977 -0.64491578505052027
1 4 95 181188166 0.8606247395116996 0.50923968594407409
1 4 96 1564006720 -0.10016162036302692 -0.99497118038979038
1 4 97 1408080905 -0.53130097562947265 -0.8471831403511112
1 4 98 1173234497 -0.94982252027268976 -0.31278935401134711
1 4 99 1434891914 -0.46273081652262693 -0.8864988389390609
1 4 100 787814022 -0.68336959336475145 0.73007259835203664
1 4 101 1427500997 -0.48194052877019977 -0.87620392987517481
1 4 102 819183860 -0.74788737880530076 0.66382563118919757
1 4 103 102979218 0.95424467255908352 0.29902693004578607
1 4 104 286812477 0.66315221074000141 0.74848456590009171
1 4 105 561281055 -0.084250924456590159 0.99644457032401457
1 4 106 1613858491 0.046659798709807493 -0.99891083845574535
1 4 107 94552177 0.9613801865862005 0.27522379410124093
1 4 108 1362444756 -0.64016324544611303 -0.76823890761917268
1 4 109 1341459041 -0.68644937082165769 -0.72717759955773553
1 4 110 1470412260 -0.36750805834645589 -0.93002033690152064
1 4 111 1144962358 -0.97257081288721547 -0.23260699456357928
1 4 112 545208455 -0.036946429306798471 0.9993172476053227
1 4 113 1813178131 0.59273084780871244 -0.8054006096694768
1 4 114 978326332 -0.96725051083860936 0.253823657846248
1 4 115 1908759123 0.79335563229468342 -0.60875844200002927
1 4 116 1871264040 0.72133873397307957 -0.69258243615479786
1 4 117 1533307424 -0.18970160113144902 -0.9818417909867988
1 4 118 2041160872 0.96533863513363261 -0.26100061210337283
1 4 119 1180643736 -0.94276225453671936 -0.33346563754132436
1 4 120 1289148832 -0.79002587513650269 -0.61307350017335038
1 4 121 630371638 -0.28412180046587948 0.95878819480635402
1 4 122 2064757265 0.98114910669516942 -0.19325224560473059
1 4 123 1498552231 -0.28915777677477766 -0.9572814529336019
1 4 124 321729417 0.58270786490266069 0.81268169917907129
1 4 125 2120654225 0.99956068742111925 -0.029638356267165444
1 4 126 73032376 0.97689882230989145 0.21370234198423549
1 4 127 1960167940 0.8761901934398747 -0.48196550179426217
1 4 128 2130706429 0.99999999999999989 -1.1795497268499437e-08
1 4 129 560320985 -0.081429530757782739 0.99667910157711614
1 4 130 1461884418 -0.39077711137170418 -0.92048533352139117
1 4 131 1725288784 0.36652437279354183 -0.9304084501703006
1 4 132 198611359 0.83333644193670198 0.5527661119680527
1 4 133 182939098 0.85798393312962173 0.51367652320446255
1 4 134 457195211 0.22075173013771765 0.97533003318938372
1 4 135 1419159401 -0.50334569951384112 -0.86408512704531715
1 4 136 1448886077 -0.42576407581347669 -0.90483421229896921
1 4 137 1903468466 0.78376193173293196 -0.62106137729395383
1 4 138 647500627 -0.33216840960036481 0.94322009502743542
1 4 139 728630292 -0.54621822045053714 0.83764291655087042
1 4 140 1769766376 0.48505800010213684 -0.87448198182519199
1 4 141 930682557 -0.92217605262724467 0.38677038144205572
1 4 142 2075409549 0.98673457104470419 -0.1623418809341064
1 4 143 1131159423 -0.98123048991398276 -0.19283860003423964
1 4 144 1536206225 -0.18130179288470832 -0.98342750617256502
1 4 145 1455809575 -0.40720305548678293 -0.91333765475985274
1 4 146 1964711075 0.88256832705235755 -0.47018416400810736
1 4 147 1787304133 0.52961458633451786 -0.84823840395358041
1 4 148 2007843339 0.93508134919663888 -0.35443316772643246
1 4 149 1805022800 0.57319220227019585 -0.81942095363533562
1 4 150 593909486 -0.17958842249153026 0.98374183529369308
1 4 151 2108443379 0.99784575052943181 -0.065603796767831582
1 4 152 289170515 0.65793158991846246 0.75307770049800582
1 4 153 1978409672 0.90083647218119278 -0.43415855443391071
1 4 154 908262432 -0.89460897274011808 0.44684984714428477
1 4 155 1636281815 0.11256125055074452 -0.9936447880779391
1 4 156 1463352912 -0.38678738634680898 -0.92216892040612841
1 4 157 580666472 -0.14104419329446896 0.9900033007712209
1 4 158 1064355941 -0.99999567573307768 0.002940835790286114
1 4 159 1227384184 -0.8880045761216061 -0.45983461460299685
1 4 160 1530136284 -0.19887466330421422 -0.98002493248673805
1 4 161 43982958 0.99160071195360722 0.12933687816357453
1 4 162 1807453310 0.57905043952849189 -0.81529171986587745
1 4 163 800878685 -0.71098236293293204 0.70320984037362888
1 4 164 1792630619 0.54287210523738494 -0.83981538289979529
1 4 165 512083751 0.060688430886375856 0.99815675840849249
1 4 166 271174370 0.69695120589444826 0.7171185512886098
1 4 167 1036102047 -0.9962820830848943 0.086151093574161106
1 4 168 1954004102 0.8672855519491629 -0.49781097956979187
1 4 169 450274431 0.24060941022872989 0.97062202309106027
1 4 170 950905775 -0.94358837940637397 0.33112077894516512
1 4 171 1998524751 0.92498995947419871 -0.37999154579006117
1 4 172 179064841 0.86379641091486092 0.50384100715464264
1 4 173 955684258 -0.94816041796016726 0.31779210470620722
1 4 174 339259386 0.53993767685454108 0.84170499886416328
1 4 175 1090372673 -0.99727954693175069 -0.073712314246685673
1 4 176 1598519418 0.001443748420041009 -0.99999895779470671
1 4 177 436135610 0.28085731542920794 0.95974953418581999
1 4 178 1610688750 0.037320909364984819 -0.99930333218906586
1 4 179 1878837853 0.73662583723037134 -0.67630050711547929
1 4 180 999369838 -0.98112960594015119 0.19335122535873298
1 4 181 423357229 0.31681451040241354 0.94848751494074979
1 4 182 1883630895 0.74611082569082288 -0.66582177479184212
1 4 183 595885525 -0.18531769380050681 0.98267866180377683
1 4 184 1880171063 0.73927899180230261 -0.67339926661659721
1 4 185 2098472542 0.99548579836951945 -0.094910617133177347
1 4 186 639225224 -0.30905427805324448 0.95104440128575907
1 4 187 262959074 0.71411782290732806 0.70002552453899713
1 4 188 786216088 -0.6799218395916734 0.73328459144200953
1 4 189 116746646 0.94132168827413842 0.33751070973337388
1 4 190 588980292 -0.1652707029178159 0.98624824195384553
1 4 191 633626906 -0.29331233691405179 0.95601666984107436
1 4 192 66846716 0.98063417908934647 0.19584842813197037
1 4 193 612491471 -0.23319695801036774 0.97242952380864645
1 4 194 466848466 0.19290207127862496 0.98121801394818287
1 4 195 2079607869 0.98866874520680326 -0.15011366443866853
1 4 196 2106414752 0.99743544551957886 -0.071571866128802494
1 4 197 1205293745 -0.91605446360141651 -0.40105388629948613
1 4 198 591525431 -0.1726680624718854 0.98498007096702478
1 4 199 1118404410 -0.98778799694234865 -0.15580395725597812
1 4 200 1179035088 -0.94433350243731351 -0.32898972046931246
1 4 201 1846177188 0.66817666109956053 -0.74400265427069745
1 4 202 1949864262 0.86114386654801423 -0.50836132927941691
1 4 203 148453287 0.90569922668276959 0.42392087797870143
1 4 204 1647856518 0.14640452928434985 -0.98922480448330241
1 4 205 312834236 0.60382223168098415 0.79711900775718292
1 4 206 1480171105 -0.34059582735905319 -0.9402098076416785
1 4 207 1030913958 -0.99484751437049135 0.10138255841541471
1 4 208 333021038 0.5553295365987243 0.83163039012595386
1 4 209 1654333145 0.16526964574266234 -0.98624841910955419
1 4 210 682180330 -0.42672433360606371 0.90438174633749702
1 4 211 1344470964 -0.67996374725867692 -0.73324573126199522
1 4 212 1856540108 0.69059709701786731 -0.72323969027597934
1 4 213 1203665947 -0.91796902999602126 -0.39665206411685772
1 4 214 60517111 0.98411870207261265 0.17751163407201298
1 4 215 1838915804 0.65209344011120984 -0.75813860564142754
1 4 216 464650202 0.19925862537535011 0.97994693744790384
1 4 217 1486940353 -0.32176106827197676 -0.94682089908518408
1 4 218 2041556793 0.96564270089257376 -0.25987338111644948
1 4 219 1159889355 -0.96139320236326398 -0.27517832481812271
1 4 220 943202334 -0.935823674746877 0.35246850892420356
1 4 221 843694773 -0.79387390369633493 0.60808241631372828
1 4 222 827664855 -0.76425364257729955 0.6449157850505205
1 4 223 1949518267 0.8606247395116996 -0.50923968594407409
1 4 224 566699713 -0.10016162036302667 0.99497118038979049
1 4 225 722625528 -0.53130097562947243 0.84718314035111131
1 4 226 957471936 -0.94982252027268987 0.31278935401134694
1 4 227 695814519 -0.4627308165226271 0.88649883893906078
1 4 228 1342892411 -0.68336959336475167 -0.73007259835203653
1 4 229 703205436 -0.48194052877019916 0.87620392987517515
1 4 230 1311522573 -0.74788737880530121 -0.66382563118919702
1 4 231 2027727215 0.95424467255908341 -0.29902693004578668
1 4 232 1843893956 0.66315221074000164 -0.74848456590009149
1 4 233 1569425378 -0.084250924456590631 -0.99644457032401446
1 4 234 516847942 0.04665979870980707 0.99891083845574535
1 4 235 2036154256 0.96138018658620039 -0.27522379410124131
1 4 236 768261677 -0.64016324544611281 0.7682389076191728
1 4 237 789247392 -0.68644937082165747 0.72717759955773575
1 4 238 660294173 -0.36750805834645628 0.93002033690152053
1 4 239 985744075 -0.97257081288721536 0.2326069945635795
1 4 240 1585497978 -0.036946429306798936 -0.99931724760532259
1 4 241 317528302 0.59273084780871288 0.80540060966947646
1 4 242 1152380101 -0.96725051083860947 -0.25382365784624777
1 4 243 221947310 0.79335563229468342 0.60875844200002927
1 4 244 259442393 0.72133873397307968 0.69258243615479775
1 4 245 597399009 -0.18970160113144879 0.9818417909867988
1 4 246 89545561 0.96533863513363283 0.26100061210337228
1 4 247 950062697 -0.94276225453671936 0.33346563754132458
1 4 248 841557601 -0.79002587513650258 0.61307350017335061
1 4 249 1500334795 -0.28412180046587993 -0.9587881948063538
1 4 250 65949168 0.98114910669516942 0.19325224560473031
1 4 251 632154202 -0.28915777677477789 0.95728145293360178
1 4 252 1808977016 0.5827078649026608 -0.81268169917907118
1 4 253 10052208 0.99956068742111925 0.029638356267165558
1 4 254 2057674057 0.97689882230989145 -0.21370234198423546
1 4 255 170538493 0.87619019343987481 0.48196550179426206
1 5 1 1962981810 0.88015921235860328 -0.47467858694097748
1 5 2 1368704127 -0.6258747725286643 -0.77992356619876069
1 5 3 2104801886 0.99708375965789631 -0.076314980354281872
1 5 4 1349765626 -0.6684329550494208 -0.74377240107703579
1 5 5 836679344 -0.78112515030482765 0.62437448663543305
1 5 6 1026535811 -0.99345572928764003 0.11421783549675257
1 5 7 889433790 -0.86843252929023085 0.49580736387287794
1 5 8 852275445 -0.80900463885303153 0.5878022578335983
1 5 9 816724067 -0.74305260705480336 0.6692330111023066
1 5 10 788654041 -0.68517596532973246 0.7283775782754911
1 5 11 1219918568 -0.89791190751130678 -0.44017519960739082
1 5 12 2049204896 0.97125762759408496 -0.23803071406923451
1 5 13 1500029845 -0.28498388457340917 -0.95853230802798184
1 5 14 69121105 0.97929860011053815 0.20242097673299644
1 5 15 184080546 0.85625004768378377 0.51656157023293747
1 5 16 743125260 -0.58151248765455898 0.81353747713415536
1 5 17 1908974289 0.79374172826521305 -0.60825493734991798
1 5 18 1272847414 -0.81857285709415872 -0.5744027138068778
1 5 19 429252875 0.30027751537656638 0.95385188250549469
1 5 20 1218932084 -0.89918858372148147 -0.43756129959693219
1 5 21 2005134366 0.9322201821740872 -0.36189160248244473
1 5 22 322966359 0.57973966833856416 0.81480176543420157
1 5 23 1093182034 -0.99663466524368638 -0.081971605050805821
1 5 24 1236566681 -0.87522915140644419 -0.48370852021476285
1 5 25 1788400776 0.53235489842429862 -0.84652127092215157
1 5 26 995378393 -0.97878590079957739 0.2048857252127631
1 5 27 1683383989 0.24904948915735334 -0.96849075986839506
1 5 28 301515293 0.63008731295791665 0.77652429327708239
1 5 29 1404873343 -0.53929033796422443 -0.84211990320763264
1 5 30 1332938115 -0.7045026494488601 -0.7097013575579072
1 5 31 596476203 -0.18702907603022842 0.98235437837843376
1 5 32 218036078 0.80032396465303313 0.59956780400722864
1 5 33 1010374519 -0.9868864607495339 0.16141596448077486
1 5 34 936743012 -0.92894059559897346 0.37022880742619735
1 5 35 1662284685 0.18834773817869702 -0.98210240276814775
1 5 36 1487947984 -0.31894629005154096 -0.94777279137056802
1 5 37 957925136 -0.95023969295083943 0.31151970393651579
1 5 38 726385254 -0.54066081446647241 0.84124068119679674
1 5 39 302902266 0.62690606040785912 0.77909485393236799
1 5 40 753554522 -0.60625356027504773 0.79527141320044259
1 5 41 1035186786 -0.9960459337345452 0.088839731488101065
1 5 42 409397606 0.35557974179058754 0.93464594752673014
1 5 43 1230580319 -0.88363125825948197 -0.46818351041740536
1 5 44 308845557 0.61315605103035975 0.78996180735833987
1 5 45 2001454327 0.92823813059028071 -0.371986522495454
1 5 46 641278984 -0.31480836617487568 0.94915525209857288
1 5 47 1300417200 -0.76922168461664009 -0.63898200281035944
1 5 48 1197910377 -0.92456865113982534 -0.38101549749253488
1 5 49 520183704 0.036831670933376179 0.99932148381602182
1 5 50 1182698712 -0.94072419990499534 -0.33917249256551801
1 5 51 314835725 0.59910703441681301 0.80066894613959616
1 5 52 1946847352 0.85658721718437403 -0.51600226681317019
1 5 53 3480072 0.99994734311624378 0.010262114536736658
1 5 54 1374197639 -0.61315869384243438 -0.78995975604168578
1 5 55 1918526135 0.81055744396155782 -0.58565914151365051
1 5 56 1378522429 -0.60303454021521619 -0.79771507652007112
1 5 57 572968972 -0.11853774379487138 0.99294954720570849
1 5 58 1331674903 -0.70714143089354264 -0.70707212978156131
1 5 59 736654374 -0.56588378083085344 0.82448501902252824
1 5 60 1147936323 -0.97049351077911894 -0.24112723930659549
1 5 61 919419909 -0.90882439041621788 0.41717889134589492
1 5 62 1394481068 -0.56484027756082 -0.8252002549957288
1 5 63 273319584 0.69240082316629603 0.72151306299930262
1 5 64 2047148038 0.96979601537547133 -0.24391738060634105
1 5 65 832415486 -0.77321298882091138 0.63414641362908708
1 5 66 481792634 0.14948800663729128 0.98876353890685575
1 5 67 63873205 0.98231375732573378 0.18724230870345343
1 5 68 1628394426 0.089421786225092739 -0.99599384744500996
1 5 69 1156765860 -0.96388699597153105 -0.26631158254378978
1 5 70 858623036 -0.81986490207474749 0.57255702104328843
1 5 71 1798054137 0.55623350119896009 -0.83102604781315159
1 5 72 656912573 -0.35821585787206089 0.93363879480716927
1 5 73 1953691381 0.86682611445113977 -0.49861055675300286
1 5 74 758729322 -0.61831821385479535 0.78592785064242099
1 5 75 1412463216 -0.52030886763246409 -0.85397815092836127
1 5 76 1136239002 -0.97823198281130241 -0.20751430747075661
1 5 77 1739663638 0.40562298747794523 -0.91404047614395434
1 5 78 813169160 -0.73599635584573464 0.6769854977632821
1 5 79 1907417202 0.79094047469512241 -0.61189309972335393
1 5 80 649076919 -0.33654916289052222 0.94166589667338418
1 5 81 595466610 -0.18410362258566224 0.98290684001630391
1 5 82 212627804 0.80978387982092104 0.58672827440151221
1 5 83 450117728 0.24105790647529038 0.97051073447219027
1 5 84 1940737731 0.84715214527203886 -0.5313503954651605
1 5 85 93447391 0.96227172779118997 0.27209028261545465
1 5 86 1522383436 -0.22122624026896207 -0.975222513386796
1 5 87 1962768111 0.87985990871014563 -0.47523314388263588
1 5 88 484540464 0.14147123075260376 0.98994236744840025
1 5 89 804707600 -0.71887680884039162 0.69513749266706593
1 5 90 111437050 0.94649060811300101 0.32273135694239813
1 5 91 148168131 0.90605537691355675 0.42315913551054585
1 5 92 2017056732 0.94436470837631525 -0.32890013313058586
1 5 93 1608764575 0.031650141913667426 -0.99949900876231224
1 5 94 563448756 -0.090618710126242563 0.99588566079397689
1 5 95 1291838424 -0.78513862737306783 -0.61932005926397615
1 5 96 1955008400 0.86875603777513111 -0.49524029200909631
1 5 97 1227424523 -0.88794987037895945 -0.45994024361213393
1 5 98 933866513 -0.92576677269184282 0.37809507082178384
1 5 99 728261676 -0.54530737821658304 0.83823616198691675
1 5 100 2050120744 0.97189693913715713 -0.23540675371752851
1 5 101 1251699638 -0.85277940753533688 -0.52227127250470129
1 5 102 1023979825 -0.99256662620835423 0.12170247547755597
1 5 103 1194077239 -0.92881628154443729 -0.37054057151405773
1 5 104 1956545421 0.87099177403336958 -0.49129759776148274
1 5 105 1234277927 -0.87847386094697899 -0.47779040973308357
1 5 106 419293289 0.32815820843655213 0.94462277668692296
1 5 107 1716220046 0.34151477243095285 -0.93987640688094443
1 5 108 1703055945 0.30478132324699797 -0.95242235641537154
1 5 109 1144147193 -0.97312714755346308 -0.23026844050902973
1 5 110 1838015325 0.65007798273446393 -0.75986749921541585
1 5 111 365849731 0.47234684620847195 0.88141276192083251
1 5 112 1214187177 -0.90522278023985214 -0.42493731082929448
1 5 113 668442839 -0.38974763368047982 0.92092170244840388
1 5 114 1222907915 -0.89399683447071088 -0.4480732752088083
1 5 115 787919079 -0.68359573697149956 0.7298608555021926
1 5 116 208373617 0.81708050910970242 0.57652358289408201
1 5 117 1916634280 0.80727754716544031 -0.59017197649714814
1 5 118 420744657 0.32411232262377887 0.94601860569621965
1 5 119 1475804670 -0.35267346412500111 -0.93574645481672625
1 5 120 1611436040 0.039522945971746791 -0.99921866312720276
1 5 121 1853317764 0.68369359121827822 -0.72976919181824462
1 5 122 2048269973 0.97059769359805215 -0.24070753453546401
1 5 123 275160464 0.6884738895996535 0.72526112769093309
1 5 124 2000191596 0.92684655657289383 -0.37544035554128913
1 5 125 2118141173 0.99931360236834876 -0.037044893326797994
1 5 126 91290470 0.96398287862978238 0.26596430156815815
1 5 127 319503492 0.58802969408038108 0.80883934058608542
1 5 128 2130706428 0.99999999999999989 -1.4744371302347352e-08
1 5 129 167724623 0.88015921235860339 0.47467858694097725
1 5 130 762002306 -0.62587477252866375 0.77992356619876113
1 5 131 25904547 0.99708375965789631 0.07631498035428147
1 5 132 780940807 -0.66843295504942057 0.74377240107703602
1 5 133 1294027089 -0.78112515030482776 -0.62437448663543282
1 5 134 1104170622 -0.99345572928764003 -0.11421783549675278
1 5 135 1241272643 -0.86843252929023096 -0.49580736387287772
1 5 136 1278430988 -0.80900463885303164 -0.58780225783359807
1 5 137 1313982366 -0.74305260705480347 -0.66923301110230637
1 5 138 1342052392 -0.68517596532973268 -0.72837757827549099
1 5 139 910787865 -0.89791190751130667 0.44017519960739104
1 5 140 81501537 0.97125762759408507 0.23803071406923404
1 5 141 630676588 -0.28498388457340851 0.95853230802798206
1 5 142 2061585328 0.97929860011053815 -0.20242097673299636
1 5 143 1946625887 0.85625004768378377 -0.51656157023293736
1 5 144 1387581173 -0.58151248765455876 -0.81353747713415547
1 5 145 221732144 0.79374172826521316 0.60825493734991787
1 5 146 857859019 -0.81857285709415839 0.57440271380687835
1 5 147 1701453558 0.30027751537656638 -0.95385188250549469
1 5 148 911774349 -0.89918858372148136 0.43756129959693241
1 5 149 125572067 0.93222018217408731 0.36189160248244434
1 5 150 1807740074 0.57973966833856416 -0.81480176543420157
1 5 151 1037524399 -0.99663466524368638 0.081971605050805627
1 5 152 894139752 -0.87522915140644408 0.48370852021476307
1 5 153 342305657 0.53235489842429895 0.84652127092215135
1 5 154 1135328040 -0.9787859007995775 -0.20488572521276241
1 5 155 447322444 0.24904948915735292 0.96849075986839517
1 5 156 1829191140 0.63008731295791598 -0.77652429327708306
1 5 157 725833090 -0.53929033796422421 0.84211990320763275
1 5 158 797768318 -0.70450264944885965 0.70970135755790775
1 5 159 1534230230 -0.18702907603022931 -0.98235437837843365
1 5 160 1912670355 0.80032396465303324 -0.59956780400722864
1 5 161 1120331914 -0.9868864607495339 -0.16141596448077461
1 5 162 1193963421 -0.92894059559897357 -0.37022880742619713
1 5 163 468421748 0.1883477381786966 0.98210240276814775
1 5 164 642758449 -0.31894629005154113 0.94777279137056802
1 5 165 1172781297 -0.95023969295083943 -0.31151970393651557
1 5 166 1404321179 -0.54066081446647229 -0.84124068119679685
1 5 167 1827804167 0.62690606040785868 -0.77909485393236821
1 5 168 1377151911 -0.60625356027504784 -0.79527141320044248
1 5 169 1095519647 -0.99604593373454531 -0.088839731488100815
1 5 170 1721308827 0.35557974179058771 -0.93464594752673003
1 5 171 900126114 -0.88363125825948186 0.46818351041740558
1 5 172 1821860876 0.61315605103035964 -0.78996180735833998
1 5 173 129252106 0.92823813059028082 0.37198652249545394
1 5 174 1489427449 -0.31480836617487612 -0.94915525209857265
1 5 175 830289233 -0.7692216846166402 0.63898200281035933
1 5 176 932796056 -0.92456865113982545 0.38101549749253466
1 5 177 1610522729 0.036831670933375929 -0.99932148381602182
1 5 178 948007721 -0.94072419990499523 0.33917249256551829
1 5 179 1815870708 0.59910703441681257 -0.8006689461395966
1 5 180 183859081 0.85658721718437403 0.51600226681317019
1 5 181 2127226361 0.99994734311624378 -0.010262114536736994
1 5 182 756508794 -0.61315869384243427 0.789959756041686
1 5 183 212180298 0.81055744396155782 0.58565914151365039
1 5 184 752184004 -0.60303454021521596 0.79771507652007123
1 5 185 1557737461 -0.11853774379487206 -0.99294954720570838
1 5 186 799031530 -0.70714143089354242 0.70707212978156142
1 5 187 1394052059 -0.565883780830854 -0.8244850190225278
1 5 188 982770110 -0.97049351077911883 0.24112723930659571
1 5 189 1211286524 -0.90882439041621799 -0.4171788913458947
1 5 190 736225365 -0.56484027756081978 0.82520025499572891
1 5 191 1857386849 0.69240082316629614 -0.72151306299930251
1 5 192 83558395 0.96979601537547133 0.24391738060634086
1 5 193 1298290947 -0.7732129888209115 -0.63414641362908686
1 5 194 1648913799 0.14948800663729128 -0.98876353890685575
1 5 195 2066833228 0.98231375732573367 -0.18724230870345385
1 5 196 502312007 0.089421786225093419 0.99599384744500996
1 5 197 973940573 -0.96388699597153094 0.26631158254379006
1 5 198 1272083397 -0.81986490207474771 -0.57255702104328821
1 5 199 332652296 0.55623350119895965 0.83102604781315181
1 5 200 1473793860 -0.35821585787206156 -0.93363879480716894
1 5 201 177015052 0.86682611445114022 0.49861055675300225
1 5 202 1371977111 -0.61831821385479546 -0.78592785064242088
1 5 203 718243217 -0.52030886763246353 0.8539781509283616
1 5 204 994467431 -0.97823198281130241 0.20751430747075683
1 5 205 391042795 0.40562298747794523 0.91404047614395434
1 5 206 1317537273 -0.73599635584573453 -0.67698549776328221
1 5 207 223289231 0.79094047469512252 0.61189309972335382
1 5 208 1481629514 -0.336549162890522 -0.9416658966733843
1 5 209 1535239823 -0.18410362258566312 -0.98290684001630368
1 5 210 1918078629 0.80978387982092115 -0.58672827440151198
1 5 211 1680588705 0.2410579064752908 -0.97051073447219016
1 5 212 189968702 0.84715214527203897 0.53135039546516016
1 5 213 2037259042 0.96227172779118986 -0.2720902826154552
1 5 214 608322997 -0.22122624026896268 0.97522251338679589
1 5 215 167938322 0.87985990871014608 0.47523314388263527
1 5 216 1646165969 0.14147123075260332 -0.98994236744840036
1 5 217 1325998833 -0.71887680884039173 -0.6951374926670657
1 5 218 2019269383 0.9464906081130009 -0.32273135694239841
1 5 219 1982538302 0.90605537691355664 -0.42315913551054618
1 5 220 113649701 0.94436470837631536 0.32890013313058558
1 5 221 521941858 0.031650141913668113 0.99949900876231224
1 5 222 1567257677 -0.090618710126242591 -0.99588566079397689
1 5 223 838868009 -0.78513862737306772 0.61932005926397626
1 5 224 175698033 0.86875603777513111 0.49524029200909636
1 5 225 903281910 -0.88794987037895934 0.45994024361213415
1 5 226 1196839920 -0.92576677269184293 -0.37809507082178362
1 5 227 1402444757 -0.54530737821658282 -0.83823616198691686
1 5 228 80585689 0.97189693913715725 0.23540675371752801
1 5 229 879006795 -0.85277940753533665 0.5222712725047014
1 5 230 1106726608 -0.99256662620835434 -0.12170247547755572
1 5 231 936629194 -0.92881628154443729 0.37054057151405795
1 5 232 174161012 0.87099177403336969 0.49129759776148263
1 5 233 896428506 -0.87847386094697888 0.47779040973308379
1 5 234 1711413144 0.32815820843655147 -0.94462277668692318
1 5 235 414486387 0.34151477243095307 0.93987640688094432
1 5 236 427650488 0.30478132324699753 0.95242235641537165
1 5 237 986559240 -0.97312714755346297 0.23026844050902998
1 5 238 292691108 0.65007798273446404 0.75986749921541574
1 5 239 1764856702 0.47234684620847134 -0.88141276192083284
1 5 240 916519256 -0.90522278023985203 0.4249373108292947
1 5 241 1462263594 -0.38974763368047965 -0.92092170244840399
1 5 242 907798518 -0.89399683447071077 0.44807327520880852
1 5 243 1342787354 -0.68359573697149967 -0.72986085550219237
1 5 244 1922332816 0.81708050910970242 -0.57652358289408212
1 5 245 214072153 0.80727754716544009 0.59017197649714837
1 5 246 1709961776 0.32411232262377798 -0.94601860569621998
1 5 247 654901763 -0.35267346412500089 0.93574645481672636
1 5 248 519270393 0.039522945971747256 0.99921866312720276
1 5 249 277388669 0.683693591218278 0.72976919181824484
1 5 250 82436460 0.97059769359805204 0.24070753453546442
1 5 251 1855545969 0.68847388959965305 -0.72526112769093365
1 5 252 130514837 0.92684655657289405 0.37544035554128852
1 5 253 12565260 0.99931360236834865 0.037044893326798424
1 5 254 2039415963 0.96398287862978216 -0.26596430156815892
1 5 255 1811202941 0.58802969408038108 -0.80883934058608542
1 6 1 224871739 0.78807640200997442 0.61557743996593406
1 6 2 2068586239 0.98326856003345509 -0.18216184795323034
1 6 3 1673479690 0.22066103919087943 -0.97535055533033921
1 6 4 767436178 -0.63829123216969474 0.76979497461031321
1 6 5 1856297786 0.69008011022278781 -0.72373299045635953
1 6 6 379560400 0.43633410822974128 0.89978472202819515
1 6 7 1067320548 -0.99998317184977714 -0.0058013806338741512
1 6 8 1022730534 -0.99211153956850651 0.12535825882249532
1 6 9 1406210167 -0.53596641354407049 -0.84423930467178943
1 6 10 94102276 0.96174448021060044 0.27394808775467283
1 6 11 1037760995 -0.99669161359187108 0.081276241274018238
1 6 12 1606763302 0.02575107921253493 -0.99966838597576435
1 6 13 1800035814 0.56108025659325667 -0.8277614062404971
1 6 14 82945326 0.9702353996096611 0.24216372425340929
1 6 15 1499320515 -0.2869882456208584 -0.95793410361854325
1 6 16 891750312 -0.87179916617313791 0.4898634645080418
1 6 17 1012345287 -0.98780786638700713 0.15567793390184964
1 6 18 248993037 0.74233405324340762 0.67002996455025321
1 6 19 515103450 0.051797843206677512 0.99865759068818805
1 6 20 184294641 0.85592375147553856 0.51710205149471267
1 6 21 1553878666 -0.12982869902121788 -0.99153643851875561
1 6 22 1239842204 -0.87051620409769059 -0.49213975495111945
1 6 23 33394581 0.99515511460891848 0.098317332488785172
1 6 24 631597444 -0.28758571414938056 0.95775490446000366
1 6 25 1293798358 -0.781546112524512 -0.62384747655001604
1 6 26 768312785 -0.64027902027896322 0.7681424192105335
1 6 27 741636927 -0.57793635823539302 0.81608183770355491
1 6 28 2066383498 0.98206457332488217 -0.18854488542577078
1 6 29 1259706725 -0.84021102982996432 -0.54225955533496217
1 6 30 1599525738 0.0044112457373230119 -0.99999027040819
1 6 31 289630157 0.65691024442569146 0.75396878633573305
1 6 32 1966208440 0.88463583408898183 -0.46628257639085263
1 6 33 2064731996 0.98113470376026213 -0.19332535549498586
1 6 34 1550232901 -0.14048090238074862 -0.99008338844073662
1 6 35 1994741622 0.92069331295447565 -0.39028684769142796
1 6 36 507113721 0.075310368302776862 0.99716014181579682
1 6 37 297227590 0.63985497970046201 0.76849567659975904
1 6 38 1723944878 0.36283428644648219 -0.93185367981184264
1 6 39 1641906579 0.12902632082518475 -0.99164116924133217
1 6 40 1330406713 -0.70978074068556607 -0.70442267152033744
1 6 41 389941570 0.40858907483312823 0.91271844942841407
1 6 42 1769700987 0.48488937002669191 -0.87457549636101617
1 6 43 198272523 0.83388834132566925 0.55193317910877948
1 6 44 796755955 -0.70238081967956423 0.71180136565355334
1 6 45 697180046 -0.46629677994020208 0.8846283473964639
1 6 46 1621817354 0.070088920145302686 -0.99754074767543477
1 6 47 1560500640 -0.11044307984275893 -0.99388245085364391
1 6 48 1863633739 0.70557379726621361 -0.70863644883066534
1 6 49 1476503018 -0.3507456971611988 -0.93647074483024006
1 6 50 1845379741 0.66642524024103966 -0.74557186050016167
1 6 51 377802870 0.44099157295276797 0.89751124370931612
1 6 52 631651676 -0.28773887784168573 0.95770890054254354
1 6 53 430317373 0.2972818323401884 0.95478977380387775
1 6 54 370613307 0.45991928211713295 0.88796072769963263
1 6 55 171524929 0.87478451071284846 0.48451218748023489
1 6 56 375803055 0.44627668005294879 0.89489503565553319
1 6 57 1113704053 -0.98985260356279892 -0.142097935312053
1 6 58 1171868597 -0.95107468606868817 -0.30896106796706008
1 6 59 1736267822 0.39644975343033056 -0.9180564214714857
1 6 60 951382301 -0.94405274360090963 0.32979450768561214
1 6 61 1955586464 0.86959898059414442 -0.49375865860724394
1 6 62 1247235995 -0.85957984647626273 -0.51100145550853826
1 6 63 1180266074 -0.94313304307461732 -0.33241549762430167
1 6 64 2030436359 0.95660309966948798 -0.29139407973177422
1 6 65 146616010 0.9079826831211405 0.41900769342833605
1 6 66 1430433734 -0.47434495011941358 -0.88033906439292531
1 6 67 76647846 0.97456494274927896 0.22410527071913031
1 6 68 1101790738 -0.99423283628250936 -0.1072430289465795
1 6 69 1388119032 -0.58022142241544727 -0.81445877794409893
1 6 70 178065070 0.86527807828535142 0.50129217751607613
1 6 71 453099818 0.23251421047564211 0.97259299911468045
1 6 72 362153801 0.48192497283486474 0.87621248596337342
1 6 73 1492147084 -0.30718623013227286 -0.95164942075173997
1 6 74 1336616473 -0.69676321434695021 -0.71730120809385645
1 6 75 842673286 -0.79203861666410957 0.61047099006652539
1 6 76 1789628089 0.53541512794775969 -0.84458903661170281
1 6 77 1661455079 0.18594455794396453 -0.98256023803684611
1 6 78 975802992 -0.96533504574235673 0.2610138874880073
1 6 79 584335496 -0.15174706014057257 0.98841935924924773
1 6 80 1631174876 0.097585039107791455 -0.99522719021454131
1 6 81 714559932 -0.51100283760368692 0.85957902484936199
1 6 82 1107435938 -0.9923098868938216 -0.12377838410954857
1 6 83 113999987 0.94402446744321822 0.32987543841357492
1 6 84 1476602704 -0.35047039568710076 -0.93657381009022833
1 6 85 1390560729 -0.57434211991193895 -0.81861537323401146
1 6 86 974577550 -0.96438552563120661 0.26450058214117667
1 6 87 1503039160 -0.27646667173624501 -0.96102350617405985
1 6 88 1433731130 -0.46576259057129887 -0.88490971812061858
1 6 89 965649120 -0.95708810280153567 0.28979710743165987
1 6 90 133724460 0.9232516372405235 0.38419580207583331
1 6 91 1456225617 -0.40608221595469118 -0.91383654659097957
1 6 92 715902932 -0.5144030449173671 0.85754854520297641
1 6 93 1930517490 0.83075591222414591 -0.55663687831891562
1 6 94 1954562367 0.86810389929829646 -0.4963825339625611
1 6 95 271782249 0.69566460972399635 0.71836672443645366
1 6 96 215303647 0.80512900683159472 0.59309972378881604
1 6 97 1046768141 -0.99849857909005768 0.054777619107951842
1 6 98 694498529 -0.45928711455797971 0.88828787360911621
1 6 99 21631438 0.99796621039339106 0.063745140309312387
1 6 100 1181721033 -0.94169814098129634 -0.33645892954767975
1 6 101 1075898279 -0.99951655638672077 -0.031091051909371548
1 6 102 1228775790 -0.88611009436786303 -0.4634748112458506
1 6 103 154468827 0.89803716199313655 0.43991960138110808
1 6 104 1495571932 -0.29755959536943127 -0.9547032456232567
1 6 105 1907274799 0.79068345359068892 -0.61222518424016248
1 6 106 1355434520 -0.65590660270075984 -0.75484205535565352
1 6 107 1207181482 -0.91380773548734173 -0.40614704549398917
1 6 108 2043667134 0.96724121801112839 -0.25385906755589582
1 6 109 946835345 -0.93954599686389273 0.34242272088317099
1 6 110 74911957 0.97569934592894747 0.21911363799139508
1 6 111 1717443537 0.34490354222118752 -0.93863813398097007
1 6 112 1883165899 0.74519713992545566 -0.66684422667285714
1 6 113 1654413980 0.16550473529871107 -0.98620899539281404
1 6 114 1467489498 -0.37551002189106608 -0.92681833357965626
1 6 115 1797785468 0.55557492878104664 -0.83146647467587953
1 6 116 676189627 -0.41068192598433129 0.91177867691112424
1 6 117 169254703 0.878008504194289 0.47864503189995322
1 6 118 931034875 -0.92257738664686195 0.38581208592765293
1 6 119 1770965604 0.48814745468784126 -0.87276117150213661
1 6 120 1933723248 0.8359808116787335 -0.5487586741956485
1 6 121 945557457 -0.93824896684489201 0.34596080155776704
1 6 122 2031782681 0.95775243128680942 -0.28759395050001546
1 6 123 1182475130 -0.94094761700369201 -0.33855218512819146
1 6 124 1547947342 -0.14715065099776273 -0.98911409145302076
1 6 125 2115628121 0.99901163716881591 -0.044449395960823958
1 6 126 109548564 0.94827318337374478 0.31745546096141458
1 6 127 809545477 -0.72872035189694118 0.68481139646708444
1 6 128 2130706427 0.99999999999999989 -1.7693245336195265e-08
1 6 129 1905834694 0.7880764020099742 -0.61557743996593439
1 6 130 62120194 0.98326856003345497 0.18216184795323062
1 6 131 457226743 0.22066103919087968 0.97535055533033921
1 6 132 1363270255 -0.63829123216969497 -0.7697949746103131
1 6 133 274408647 0.69008011022278803 0.7237329904563593
1 6 134 1751146033 0.43633410822974122 -0.89978472202819515
1 6 135 1063385885 -0.99998317184977714 0.0058013806338743958
1 6 136 1107975899 -0.99211153956850651 -0.12535825882249507
1 6 137 724496266 -0.53596641354407026 0.84423930467178954
1 6 138 2036604157 0.96174448021060044 -0.273948087754673
1 6 139 1092945438 -0.99669161359187108 -0.081276241274017988
1 6 140 523943131 0.025751079212534955 0.99966838597576435
1 6 141 330670619 0.56108025659325678 0.82776140624049699
1 6 142 2047761107 0.97023539960966121 -0.24216372425340899
1 6 143 631385918 -0.28698824562085856 0.95793410361854314
1 6 144 1238956121 -0.87179916617313802 -0.48986346450804158
1 6 145 1118361146 -0.98780786638700724 -0.15567793390184897
1 6 146 1881713396 0.74233405324340707 -0.67002996455025388
1 6 147 1615602983 0.051797843206677491 -0.99865759068818805
1 6 148 1946411792 0.85592375147553823 -0.51710205149471322
1 6 149 576827767 -0.12982869902121721 0.99153643851875573
1 6 150 890864229 -0.87051620409769048 0.49213975495111967
1 6 151 2097311852 0.99515511460891848 -0.098317332488784909
1 6 152 1499108989 -0.28758571414938017 -0.95775490446000378
1 6 153 836908075 -0.78154611252451189 0.62384747655001627
1 6 154 1362393648 -0.64027902027896344 -0.76814241921053339
1 6 155 1389069506 -0.57793635823539324 -0.8160818377035548
1 6 156 64322935 0.98206457332488217 0.18854488542577086
1 6 157 870999708 -0.8402110298299641 0.5422595553349624
1 6 158 531180695 0.0044112457373237015 0.99999027040819
1 6 159 1841076276 0.65691024442569113 -0.75396878633573339
1 6 160 164497993 0.88463583408898183 0.46628257639085263
1 6 161 65974437 0.98113470376026202 0.19332535549498622
1 6 162 580473532 -0.14048090238074859 0.99008338844073662
1 6 163 135964811 0.92069331295447587 0.39028684769142757
1 6 164 1623592712 0.075310368302776404 -0.99716014181579693
1 6 165 1833478843 0.63985497970046146 -0.76849567659975948
1 6 166 406761555 0.36283428644648197 0.93185367981184275
1 6 167 488799854 0.12902632082518478 0.99164116924133217
1 6 168 800299720 -0.70978074068556596 0.70442267152033755
1 6 169 1740764863 0.40858907483312817 -0.91271844942841407
1 6 170 361005446 0.48488937002669275 0.87457549636101573
1 6 171 1932433910 0.83388834132566891 -0.55193317910878004
1 6 172 1333950478 -0.70238081967956467 -0.71180136565355279
1 6 173 1433526387 -0.4662967799402023 -0.88462834739646379
1 6 174 508889079 0.070088920145302047 0.99754074767543477
1 6 175 570205793 -0.11044307984275847 0.99388245085364402
1 6 176 267072694 0.70557379726621383 0.70863644883066512
1 6 177 654203415 -0.35074569716119902 0.93647074483023995
1 6 178 285326692 0.66642524024104022 0.74557186050016122
1 6 179 1752903563 0.44099157295276759 -0.89751124370931634
1 6 180 1499054757 -0.28773887784168617 -0.95770890054254332
1 6 181 1700389060 0.29728183234018818 -0.95478977380387786
1 6 182 1760093126 0.45991928211713229 -0.88796072769963297
1 6 183 1959181504 0.87478451071284824 -0.48451218748023539
1 6 184 1754903378 0.44627668005294918 -0.89489503565553297
1 6 185 1017002380 -0.98985260356279892 0.14209793531205325
1 6 186 958837836 -0.95107468606868806 0.3089610679670603
1 6 187 394438611 0.39644975343033056 0.9180564214714857
1 6 188 1179324132 -0.94405274360090963 -0.32979450768561192
1 6 189 175119969 0.86959898059414453 0.49375865860724372
1 6 190 883470438 -0.85957984647626262 0.51100145550853848
1 6 191 950440359 -0.94313304307461721 0.33241549762430189
1 6 192 100270074 0.9566030996694882 0.29139407973177367
1 6 193 1984090423 0.90798268312114061 -0.41900769342833599
1 6 194 700272699 -0.47434495011941374 0.8803390643929252
1 6 195 2054058587 0.97456494274927885 -0.22410527071913072
1 6 196 1028915695 -0.99423283628250936 0.10724302894657975
1 6 197 742587401 -0.58022142241544672 0.81445877794409927
1 6 198 1952641363 0.86527807828535142 -0.50129217751607624
1 6 199 1677606615 0.23251421047564189 -0.97259299911468056
1 6 200 1768552632 0.48192497283486435 -0.87621248596337364
1 6 201 638559349 -0.30718623013227309 0.95164942075173997
1 6 202 794089960 -0.69676321434694999 0.71730120809385667
1 6 203 1288033147 -0.79203861666410968 -0.61047099006652517
1 6 204 341078344 0.53541512794775981 0.84458903661170259
1 6 205 469251354 0.18594455794396456 0.98256023803684611
1 6 206 1154903441 -0.96533504574235673 -0.26101388748800708
1 6 207 1546370937 -0.15174706014057238 -0.98841935924924773
1 6 208 499531557 0.097585039107791927 0.99522719021454131
1 6 209 1416146501 -0.51100283760368748 -0.85957902484936166
1 6 210 1023270495 -0.9923098868938216 0.12377838410954881
1 6 211 2016706446 0.94402446744321822 -0.32987543841357503
1 6 212 654103729 -0.35047039568710031 0.93657381009022844
1 6 213 740145704 -0.57434211991193918 0.81861537323401135
1 6 214 1156128883 -0.96438552563120672 -0.26450058214117644
1 6 215 627667273 -0.27646667173624478 0.96102350617405996
1 6 216 696975303 -0.46576259057129826 0.88490971812061892
1 6 217 1165057313 -0.95708810280153567 -0.28979710743166009
1 6 218 1996981973 0.92325163724052328 -0.38419580207583376
1 6 219 674480816 -0.40608221595469096 0.91383654659097968
1 6 220 1414803501 -0.51440304491736688 -0.85754854520297652
1 6 221 200188943 0.83075591222414624 0.55663687831891506
1 6 222 176144066 0.86810389929829668 0.49638253396256066
1 6 223 1858924184 0.69566460972399624 -0.71836672443645377
1 6 224 1915402786 0.80512900683159483 -0.59309972378881592
1 6 225 1083938292 -0.99849857909005768 -0.054777619107951592
1 6 226 1436207904 -0.45928711455798032 -0.88828787360911587
1 6 227 2109074995 0.99796621039339106 -0.063745140309312165
1 6 228 948985400 -0.94169814098129623 0.33645892954767997
1 6 229 1054808154 -0.99951655638672077 0.031091051909371795
1 6 230 901930643 -0.88611009436786292 0.46347481124585083
1 6 231 1976237606 0.89803716199313643 -0.43991960138110842
1 6 232 635134501 -0.29755959536943166 0.95470324562325648
1 6 233 223431634 0.79068345359068903 0.61222518424016226
1 6 234 775271913 -0.65590660270075973 0.75484205535565374
1 6 235 923524951 -0.9138077354873414 0.40614704549398978
1 6 236 87039299 0.96724121801112839 0.25385906755589582
1 6 237 1183871088 -0.93954599686389295 -0.34242272088317033
1 6 238 2055794476 0.97569934592894736 -0.21911363799139572
1 6 239 413262896 0.34490354222118774 0.93863813398096996
1 6 240 247540534 0.74519713992545578 0.66684422667285703
1 6 241 476292453 0.16550473529871088 0.98620899539281415
1 6 242 663216935 -0.37551002189106542 0.92681833357965659
1 6 243 332920965 0.55557492878104686 0.83146647467587942
1 6 244 1454516806 -0.4106819259843319 -0.91177867691112391
1 6 245 1961451730 0.87800850419428866 -0.47864503189995372
1 6 246 1199671558 -0.92257738664686195 -0.3858120859276527
1 6 247 359740829 0.48814745468784126 0.87276117150213661
1 6 248 196983185 0.83598081167873362 0.54875867419564839
1 6 249 1185148976 -0.93824896684489212 -0.34596080155776682
1 6 250 98923752 0.95775243128680965 0.28759395050001485
1 6 251 948231303 -0.94094761700369201 0.33855218512819174
1 6 252 582759091 -0.14715065099776206 0.98911409145302087
1 6 253 15078312 0.99901163716881591 0.044449395960823812
1 6 254 2021157869 0.94827318337374478 -0.31745546096141447
1 6 255 1321160956 -0.72872035189694129 -0.68481139646708422
1 7 1 617468101 -0.24744218120272396 0.96890266124190116
1 7 2 637761918 -0.30494755667952328 0.95236914464675348
1 7 3 1242157494 -0.86713585713598318 -0.49807168687754549
1 7 4 185106730 0.85468296910172725 0.51915028876757441
1 7 5 745209795 -0.5865023102265291 0.8099475539187363
1 7 6 1863291422 0.70485810499285406 -0.70934832897941102
1 7 7 1245207306 -0.86262143565991389 -0.50585003582092292
1 7 8 1193185623 -0.92978731874019394 -0.36809719084763604
1 7 9 1995696267 0.9217883707342962 -0.38769343504760534
1 7 10 1530256944 -0.19852594690924638 -0.98009563227461993
1 7 11 855603422 -0.81473415415051564 0.57983468166421692
1 7 12 1164321708 -0.95771448034849005 -0.28772030538497223
1 7 13 2100041783 0.99591433664712203 -0.090303012467596214
1 7 14 96769547 0.95956002920602279 0.28150408584980924
1 7 15 683854051 -0.43118277795434473 0.90226460198523484
1 7 16 1040375364 -0.99728858281900357 0.073589962487172464
1 7 17 115716285 0.94234283583406575 0.33464903967023568
1 7 18 1355845093 -0.65499221367029714 -0.75563562649684779
1 7 19 600954025 -0.19998392587479805 0.97979917809299233
1 7 20 1280363631 -0.80564156251398467 -0.59240330244692707
1 7 21 1102622966 -0.99396665357750824 -0.10968268585300793
1 7 22 26011616 0.99705961480109462 0.076629788807570945
1 7 23 1104313561 -0.99340749717445775 -0.11463657600251227
1 7 24 26628207 0.99691863466254871 0.078442564099853659
1 7 25 799195940 -0.70748415360215344 0.70672920726530375
1 7 26 541247177 -0.025270838887191765 0.9996806413559971
1 7 27 1930596298 0.83088524935053676 -0.55644379986814152
1 7 28 1700545270 0.29772161862535268 -0.95465273152235841
1 7 29 1114540107 -0.98949926479350991 -0.14453790151065338
1 7 30 1866113361 0.71073650474578498 -0.70345832912955464
1 7 31 2113490544 0.99871160765552014 -0.050745686852444544
1 7 32 1583674369 -0.042319791223062245 -0.99910411633164464
1 7 33 988383040 -0.97435148776157465 0.22503150512051856
1 7 34 33016357 0.99526415237656951 0.097207340227724703
1 7 35 196492126 0.83677457656330356 0.54754753950438317
1 7 36 1656985891 0.1729795514100354 -0.98492541585339488
1 7 37 1767236477 0.47852061713706651 -0.87807631728384583
1 7 38 590798069 -0.17055498407315012 0.98534816050358942
1 7 39 850204459 -0.80539982093397544 0.59273191953826843
1 7 40 1907258904 0.79065475628533921 -0.61226224476393354
1 7 41 1875402787 0.72973752424186977 -0.68372739137272143
1 7 42 999297935 -0.98108858706381186 0.19355925277065228
1 7 43 1296671160 -0.77623318761439764 -0.6304459044565135
1 7 44 1284666353 -0.79806039159813402 -0.60257747332789746
1 7 45 1523612198 -0.21769111144901693 -0.97601771500116308
1 7 46 471649291 0.1789920727162661 0.9838505160362192
1 7 47 1820584080 0.6101774182378803 -0.79226480312617376
1 7 48 398650668 0.38501644608864383 0.9229097118577041
1 7 49 302115899 0.62871101428436382 0.77763902970306631
1 7 50 377354337 0.4421782957310974 0.89692717362355689
1 7 51 440770015 0.26771529318070447 0.96349806527941173
1 7 52 1447162433 -0.43035765605203519 -0.90265845582778326
1 7 53 857154674 -0.81737804358193178 0.57610166973388788
1 7 54 1497735408 -0.29146274749885248 -0.95658217985723537
1 7 55 555230156 -0.0664585567344948 0.99778918626970892
1 7 56 1503790114 -0.27433783892691538 -0.96163337615377609
1 7 57 1654439134 0.16557788786457756 -0.98619671620336746
1 7 58 1012062291 -0.987677606146807 0.15650222463630589
1 7 59 605174837 -0.21216333188253989 0.97723421993117865
1 7 60 754828279 -0.60923643462804222 0.79298862962952454
1 7 61 861046586 -0.82393584818556409 0.56668308433791725
1 7 62 1099990922 -0.99478801543820261 -0.1019647210584248
1 7 63 2087212564 0.99178621822344448 -0.12790659616313094
1 7 64 2013724680 0.94108746555789125 -0.33816324781061702
1 7 65 1591522967 -0.019186727785290094 -0.99981591779531753
1 7 66 248368401 0.74356697033565888 0.66866146937433846
1 7 67 89422487 0.96543329644165832 0.26065024481437404
1 7 68 575187050 -0.12502987905899238 0.99215297678457515
1 7 69 1619472204 0.063188753813401458 -0.99800159388224896
1 7 70 1628213537 0.088890491574095717 -0.9960414050167371
1 7 71 1238851932 -0.87194963080051036 -0.48959558959089261
1 7 72 67395029 0.9803162288357069 0.19743376479553298
1 7 73 1030602787 -0.99475406649822429 0.10229539180846033
1 7 74 1914503624 0.80355356522834975 -0.59523244855166313
1 7 75 272883356 0.69332839108976774 0.7206217746563548
1 7 76 312310743 0.60505203630709337 0.79618592888887429
1 7 77 1583246520 -0.043580299787273076 -0.99904992741626852
1 7 78 1138436824 -0.9768665260269328 -0.21384992477920567
1 7 79 1391960223 -0.57095886871870305 -0.82097866612443637
1 7 80 482566400 0.14723151949738247 0.98910205725521161
1 7 81 833653254 -0.7755224815262195 0.63131995109248262
1 7 82 2002244072 0.92910191666357012 -0.36982378026849555
1 7 83 1908588679 0.79304955919473508 -0.60915711984761067
1 7 84 1012467677 -0.98786398819709353 0.15532141134863758
1 7 85 556967634 -0.071569938834184443 0.99743558381244402
1 7 86 426771664 0.30724853903280674 0.95162930559236447
1 7 87 1043310209 -0.99788811006313993 0.064956291416726181
1 7 88 252215363 0.73593385413179135 0.67705344127530076
1 7 89 1126590640 -0.98373942785033031 -0.17960160938227929
1 7 90 156011870 0.89602613247311458 0.44400131748146043
1 7 91 633576670 -0.29317070972493847 0.95606011053666273
1 7 92 1545455565 -0.15441456115147742 -0.9880061453778497
1 7 93 121563972 0.936432299004197 0.3508483281728933
1 7 94 1214969545 -0.90423999705501401 -0.42702462192003421
1 7 95 1382432507 -0.59379674150062112 -0.80461508175229013
1 7 96 606305327 -0.21541992609792135 0.97652150792492332
1 7 97 866111759 -0.83230791965613127 0.55431356367825146
1 7 98 455130545 0.22668584068192543 0.97396793049582941
1 7 99 1445707633 -0.43422610881698176 -0.90080391119358638
1 7 100 313321322 0.60267666304021961 0.79798548848127915
1 7 101 900096920 -0.88359094933141891 0.46825957999767803
1 7 102 1433571755 -0.46617842618310762 -0.88469072277346783
1 7 103 1245566848 -0.86208462637976735 -0.50676434065515785
1 7 104 1034598443 -0.99589030228921882 0.090567686325137287
1 7 105 449565238 0.24263876476957907 0.9701167093866041
1 7 106 160869318 0.88957455319651324 0.45679001117058576
1 7 107 698142918 -0.46880670039292632 0.88330078550100755
1 7 108 253571890 0.73321960541230968 0.67999191924538105
1 7 109 749523497 -0.59675757148759234 0.80242158549744358
1 7 110 442515022 0.26275379630505286 0.96486291385216105
1 7 111 938330910 -0.93066400599632748 0.36587498950169822
1 7 112 421438188 0.32217690973784124 0.94667948051691442
1 7 113 509678688 0.067766000870522938 0.99770124241980185
1 7 114 1712071081 0.32999032169787518 -0.94398431532824356
1 7 115 676945424 -0.41271303130783099 0.91086110565151557
1 7 116 1144005637 -0.97322318391659179 -0.2298622071747588
1 7 117 552581559 -0.058663496760100346 0.99827781411182215
1 7 118 1441325093 -0.44583111615596877 -0.89511709617631763
1 7 119 2066126538 0.98192142288550366 -0.18928898351068363
1 7 120 125304023 0.93250594020190802 0.3611546365314387
1 7 121 37797150 0.99379486890767166 0.11122840704057459
1 7 122 2015295389 0.94264367744212918 -0.33380068510771382
1 7 123 2089789796 0.99272964828949339 -0.12036546600673631
1 7 124 1095703088 -0.99599773064626584 -0.089378523972420604
1 7 125 2113115069 0.99865480840579812 -0.051851457529934031
1 7 126 127806658 0.92981526534405479 0.36802659188320203
1 7 127 1299587462 -0.77078283717023099 -0.63709796571940902
1 7 128 2130706426 0.99999999999999978 -2.064211937004318e-08
1 7 129 1513238332 -0.24744218120272443 -0.96890266124190105
1 7 130 1492944515 -0.30494755667952306 -0.9523691446467536
1 7 131 888548939 -0.86713585713598307 0.49807168687754566
1 7 132 1945599703 0.85468296910172692 -0.51915028876757485
1 7 133 1385496638 -0.58650231022652854 -0.80994755391873663
1 7 134 267415011 0.70485810499285406 0.70934832897941102
1 7 135 885499127 -0.86262143565991378 0.50585003582092314
1 7 136 937520810 -0.92978731874019382 0.36809719084763626
1 7 137 135010166 0.92178837073429631 0.3876934350476049
1 7 138 600449489 -0.1985259469092468 0.98009563227461993
1 7 139 1275103011 -0.81473415415051575 -0.57983468166421681
1 7 140 966384725 -0.95771448034848983 0.2877203053849729
1 7 141 30664650 0.99591433664712214 0.090303012467595839
1 7 142 2033936886 0.95956002920602268 -0.28150408584980963
1 7 143 1446852382 -0.43118277795434456 -0.90226460198523495
1 7 144 1090331069 -0.99728858281900357 -0.073589962487172214
1 7 145 2014990148 0.94234283583406575 -0.33464903967023563
1 7 146 774861340 -0.65499221367029703 0.75563562649684801
1 7 147 1529752408 -0.19998392587479807 -0.97979917809299233
1 7 148 850342802 -0.80564156251398444 0.59240330244692729
1 7 149 1028083467 -0.99396665357750824 0.10968268585300817
1 7 150 2104694817 0.99705961480109451 -0.076629788807571791
1 7 151 1026392872 -0.99340749717445775 0.11463657600251208
1 7 152 2104078226 0.99691863466254871 -0.07844256409985402
1 7 153 1331510493 -0.70748415360215355 -0.70672920726530353
1 7 154 1589459256 -0.025270838887192233 -0.99968064135599699
1 7 155 200110135 0.83088524935053709 0.55644379986814108
1 7 156 430161163 0.2977216186253529 0.9546527315223583
1 7 157 1016166326 -0.98949926479350991 0.14453790151065363
1 7 158 264593072 0.71073650474578509 0.70345832912955453
1 7 159 17215889 0.99871160765552014 0.05074568685244412
1 7 160 547032064 -0.04231979122306178 0.99910411633164464
1 7 161 1142323393 -0.97435148776157476 -0.22503150512051834
1 7 162 2097690076 0.99526415237656951 -0.097207340227725189
1 7 163 1934214307 0.83677457656330345 -0.54754753950438328
1 7 164 473720542 0.17297955141003565 0.98492541585339488
1 7 165 363469956 0.47852061713706651 0.87807631728384583
1 7 166 1539908364 -0.17055498407315078 -0.98534816050358931
1 7 167 1280501974 -0.80539982093397555 -0.5927319195382682
1 7 168 223447529 0.79065475628533921 0.61226224476393354
1 7 169 255303646 0.72973752424187055 0.68372739137272065
1 7 170 1131408498 -0.98108858706381186 -0.19355925277065203
1 7 171 834035273 -0.77623318761439752 0.63044590445651372
1 7 172 846040080 -0.7980603915981338 0.60257747332789768
1 7 173 607094235 -0.21769111144901604 0.9760177150011633
1 7 174 1659057142 0.17899207271626544 -0.98385051603621942
1 7 175 310122353 0.61017741823787996 0.79226480312617398
1 7 176 1732055765 0.38501644608864405 -0.92290971185770398
1 7 177 1828590534 0.62871101428436371 -0.77763902970306642
1 7 178 1753352096 0.4421782957310964 -0.89692717362355734
1 7 179 1689936418 0.26771529318070403 -0.96349806527941184
1 7 180 683544000 -0.43035765605203535 0.90265845582778315
1 7 181 1273551759 -0.817378043581932 -0.57610166973388766
1 7 182 632971025 -0.29146274749885226 0.95658217985723537
1 7 183 1575476277 -0.066458556734494606 -0.99778918626970892
1 7 184 626916319 -0.27433783892691488 0.9616333761537762
1 7 185 476267299 0.16557788786457781 0.98619671620336746
1 7 186 1118644142 -0.987677606146807 -0.15650222463630609
1 7 187 1525531596 -0.21216333188253947 -0.97723421993117876
1 7 188 1375878154 -0.609236434628042 -0.79298862962952466
1 7 189 1269659847 -0.8239358481855642 -0.56668308433791714
1 7 190 1030715511 -0.99478801543820261 0.10196472105842505
1 7 191 43493869 0.99178621822344448 0.1279065961631306
1 7 192 116981753 0.94108746555789125 0.33816324781061702
1 7 193 539183466 -0.019186727785288963 0.99981591779531753
1 7 194 1882338032 0.74356697033565844 -0.66866146937433901
1 7 195 2041283946 0.96543329644165843 -0.2606502448143736
1 7 196 1555519383 -0.12502987905899282 -0.99215297678457515
1 7 197 511234229 0.063188753813401707 0.99800159388224896
1 7 198 502492896 0.088890491574096619 0.99604140501673699
1 7 199 891854501 -0.87194963080051024 0.48959558959089283
1 7 200 2063311404 0.9803162288357069 -0.19743376479553312
1 7 201 1100103646 -0.99475406649822429 -0.10229539180846009
1 7 202 216202809 0.80355356522834986 0.59523244855166302
1 7 203 1857823077 0.69332839108976763 -0.72062177465635491
1 7 204 1818395690 0.60505203630709381 -0.79618592888887407
1 7 205 547459913 -0.043580299787272833 0.99904992741626852
1 7 206 992269609 -0.97686652602693269 0.21384992477920592
1 7 207 738746210 -0.57095886871870294 0.82097866612443648
1 7 208 1648140033 0.14723151949738203 -0.98910205725521172
1 7 209 1297053179 -0.77552248152621961 -0.6313199510924824
1 7 210 128462361 0.92910191666357012 0.36982378026849544
1 7 211 222117754 0.79304955919473508 0.60915711984761078
1 7 212 1118238756 -0.98786398819709353 -0.15532141134863733
1 7 213 1573738799 -0.071569938834184249 -0.99743558381244402
1 7 214 1703934769 0.30724853903280652 -0.95162930559236458
1 7 215 1087396224 -0.99788811006313993 -0.064956291416725945
1 7 216 1878491070 0.73593385413179124 -0.67705344127530098
1 7 217 1004115793 -0.98373942785033019 0.17960160938227954
1 7 218 1974694563 0.89602613247311413 -0.4440013174814611
1 7 219 1497129763 -0.29317070972493869 -0.95606011053666273
1 7 220 585250868 -0.15441456115147675 0.98800614537784981
1 7 221 2009142461 0.93643229900419667 -0.35084832817289413
1 7 222 915736888 -0.9042399970550139 0.42702462192003443
1 7 223 748273926 -0.59379674150062101 0.80461508175229024
1 7 224 1524401106 -0.21541992609792157 -0.97652150792492332
1 7 225 1264594674 -0.83230791965613149 -0.55431356367825124
1 7 226 1675575888 0.2266858406819254 -0.97396793049582941
1 7 227 684998800 -0.43422610881698115 0.90080391119358671
1 7 228 1817385111 0.60267666304021961 -0.79798548848127915
1 7 229 1230609513 -0.88359094933141913 -0.46825957999767781
1 7 230 697134678 -0.4661784261831074 0.88469072277346794
1 7 231 885139585 -0.86208462637976724 0.50676434065515807
1 7 232 1096107990 -0.99589030228921882 -0.090567686325137051
1 7 233 1681141195 0.24263876476957885 -0.9701167093866041
1 7 234 1969837115 0.88957455319651324 -0.45679001117058576
1 7 235 1432563515 -0.46880670039292616 -0.88330078550100766
1 7 236 1877134543 0.73321960541230946 -0.67999191924538138
1 7 237 1381182936 -0.59675757148759256 -0.80242158549744336
1 7 238 1688191411 0.26275379630505175 -0.96486291385216139
1 7 239 1192375523 -0.93066400599632748 -0.365874989501698
1 7 240 1709268245 0.32217690973784119 -0.94667948051691442
1 7 241 1621027745 0.067766000870522466 -0.99770124241980196
1 7 242 418635352 0.32999032169787584 0.94398431532824334
1 7 243 1453761009 -0.41271303130783099 -0.91086110565151557
1 7 244 986700796 -0.97322318391659179 0.22986220717475905
1 7 245 1578124874 -0.058663496760100589 -0.99827781411182215
1 7 246 689381340 -0.44583111615596854 0.89511709617631774
1 7 247 64579895 0.98192142288550377 0.18928898351068316
1 7 248 2005402410 0.9325059402019078 -0.36115463653143931
1 7 249 2092909283 0.99379486890767155 -0.11122840704057539
1 7 250 115411044 0.94264367744212918 0.33380068510771382
1 7 251 40916637 0.99272964828949339 0.1203654660067358
1 7 252 1035003345 -0.99599773064626573 0.089378523972420854
1 7 253 17591364 0.99865480840579812 0.051851457529934197
1 7 254 2002899775 0.92981526534405456 -0.36802659188320258
1 7 255 831118971 -0.77078283717023077 0.63709796571940913
1 8 1 1010064463 -0.98673846304113455 0.16231822311502633
1 8 2 1337644030 -0.69458649845597342 -0.71940919938701786
1 8 3 810835298 -0.7313197682966015 0.68203474728096158
1 8 4 1733483715 0.38889925091944449 -0.9212802899412833
1 8 5 1764828237 0.47227285901715094 -0.88145240747062814
1 8 6 1216316011 -0.90253734728240864 -0.43061158456366783
1 8 7 1423094064 -0.49328621356184355 -0.86986706542426318
1 8 8 1363640712 -0.63744990349339248 -0.77049180432777131
1 8 9 454475934 0.22856553126747431 0.97352852958524905
1 8 10 835705179 -0.77932829532712844 0.62661583773673657
1 8 11 673445849 -0.40329131129569595 0.91507164650282879
1 8 12 721880114 -0.52943747307383004 0.84834896245896207
1 8 13 269341319 0.70081734407833407 0.71334076726273676
1 8 14 110593768 0.94729022738955293 0.32037669249221157
1 8 15 1999094020 0.92562654867366856 -0.37843822797184834
1 8 16 1189000416 -0.93425931979358068 -0.35659434008244717
1 8 17 1349793716 -0.66837134320445535 -0.74382776741868961
1 8 18 331990716 0.55785370383199506 0.82993930207029276
1 8 19 686804600 -0.43901677988343502 0.89847886284585432
1 8 20 245726188 0.74875425923081351 0.66284768935534188
1 8 21 651367266 -0.34290139851328511 0.93937140200116442
1 8 22 942887461 -0.93549599701400721 0.35333728867863445
1 8 23 44526108 0.99139228369929011 0.13092493964675403
1 8 24 1552365403 -0.13425204597472845 -0.99094721764158533
1 8 25 304593522 0.62301269922371416 0.78221172108706083
1 8 26 314181569 0.60065042821425874 0.79951176544565472
1 8 27 988849236 -0.97465992974890459 0.22369179989856647
1 8 28 1334707042 -0.7007910355260093 -0.71336661298828918
1 8 29 969373489 -0.96021307107582488 0.27926843383227701
1 8 30 1994551 0.99998270296970915 0.0058816461466542598
1 8 31 1806644498 0.57710425442582636 -0.8166704840531529
1 8 32 1201140298 -0.92089773659127117 -0.38980425695606974
1 8 33 2042740517 0.96654394389380138 -0.25650108093771495
1 8 34 646506246 -0.32940117696371901 0.94419005746455342
1 8 35 528949063 0.01099184080339108 0.99993958789306514
1 8 36 676151628 -0.4105797547102597 0.91182468985110454
1 8 37 1106538931 -0.99263382871309924 -0.12115313489288528
1 8 38 1588357693 -0.028518033204548619 -0.99959327817975263
1 8 39 58502339 0.98515597815195233 0.17166158193221367
1 8 40 353404662 0.50436845723952839 0.86348854036508094
1 8 41 1230157571 -0.88421422341876565 -0.46708158506191311
1 8 42 228894883 0.78071805950149453 0.6248834383852887
1 8 43 264363364 0.71121285025616043 0.70297672908177289
1 8 44 1772576751 0.4922884790187903 -0.87043210730381837
1 8 45 219337917 0.79801635637279822 0.60263578964535713
1 8 46 1452187661 -0.41693461022584255 -0.90893648336714084
1 8 47 2080667520 0.98913298945679562 -0.14702356671045153
1 8 48 1064374030 -0.99999583118099922 0.0028874938307175729
1 8 49 1258435213 -0.8422383367397972 -0.53910535531172388
1 8 50 1040035366 -0.99721429944834106 0.074589818177512257
1 8 51 503737160 0.085235248150692361 0.99636085454652923
1 8 52 131966757 0.9252306073045532 0.37940522308851754
1 8 53 1283991975 -0.79925713199695814 -0.60098921533751082
1 8 54 494151076 0.11336272842608484 0.99355366830574066
1 8 55 938935383 -0.93131470472892297 0.36421548670488885
1 8 56 501070740 0.093066855440459506 0.99565986180945576
1 8 57 64467782 0.9819839495107987 0.18896434294113068
1 8 58 852255985 -0.80897090643397551 0.58784868167190096
1 8 59 1604788285 0.019928529987803978 -0.99980140712669796
1 8 60 558274257 -0.075412584092549292 0.99715241671495947
1 8 61 1897213141 0.77217304163054801 -0.63541230219364486
1 8 62 952745849 -0.94537118951410204 0.32599588039834471
1 8 63 863452621 -0.82793574602803544 0.56082296711975022
1 8 64 1997013001 0.92328678639647277 -0.3841113250942676
1 8 65 905723491 -0.89123835754942149 0.45353521366329386
1 8 66 1197009501 -0.92557758179283267 -0.37855797453300616
1 8 67 102197128 0.9549317754975899 0.29682537651794638
1 8 68 48583362 0.98975493595768171 0.14277663235769852
1 8 69 1850825376 0.67831156056815733 -0.73477440537867889
1 8 70 947655571 -0.9403714804044101 0.34014920085459294
1 8 71 2024604046 0.9514502538067543 -0.3078025577071492
1 8 72 1903342690 0.78353152765104694 -0.62135202999331762
1 8 73 569058490 -0.10707989912368467 0.99425041875961084
1 8 74 361684342 0.48313751778652847 0.87554448139833074
1 8 75 1833799859 0.64058217842753351 -0.76788962271998151
1 8 76 965699830 -0.95713142761005532 0.28965398371356355
1 8 77 1505037961 -0.27079742505559218 -0.96263635635854772
1 8 78 1301070656 -0.76798896477120349 -0.64046307464962815
1 8 79 68878517 0.97944315369829016 0.20172037248019228
1 8 80 1464664357 -0.38321821156209296 -0.92365783834012416
1 8 81 952746576 -0.94537188839218989 0.32599385368099321
1 8 82 766345773 -0.63581268621692155 0.77184339606271324
1 8 83 1572470938 -0.075298604827876828 -0.99716103018067004
1 8 84 548332650 -0.046151299180987981 0.99893446110538553
1 8 85 1854080972 0.68533428006367203 -0.7282286210865434
1 8 86 2009672211 0.93697923953816753 -0.34938503785147595
1 8 87 583581258 -0.149548290727855 0.9887544228676689
1 8 88 1201406029 -0.9205920004270518 -0.3905257593933068
1 8 89 1287532160 -0.79293962988895372 -0.60930020790376327
1 8 90 178299280 0.86493165157420937 0.50188966726274664
1 8 91 1941634156 0.84855377910058327 -0.52910914183570723
1 8 92 244301765 0.7515319004334976 0.65969675050800081
1 8 93 443316887 0.26047154994011551 0.96548152321615865
1 8 94 475376723 0.16816726038534149 0.98575847576091824
1 8 95 362376332 0.4813498845191615 0.87652854412927694
1 8 96 997307007 -0.97993529961250581 0.19931585128470969
1 8 97 685455377 -0.4354385465903412 0.90021845801077149
1 8 98 215762561 0.80432564003432816 0.59418874508304875
1 8 99 739077395 -0.57176038288060582 0.82042066317726481
1 8 100 1575628044 -0.06601199772898847 -0.99781882932515764
1 8 101 724295561 -0.53546665345740108 0.84455637054913724
1 8 102 1638367720 0.11867106275252685 -0.99293362258772655
1 8 103 205958436 0.82116579021478509 0.57068970989577816
1 8 104 573624954 -0.12045829078129758 0.99271838916283217
1 8 105 1122562110 -0.98580356345641984 -0.16790275243909597
1 8 106 1097010549 -0.99564572636872062 -0.093217957302779139
1 8 107 189104354 0.84850372632103555 0.52918940505202605
1 8 108 594183079 -0.1803820383597996 0.98359662475893228
1 8 109 552211649 -0.057574522597100927 0.99834121138402165
1 8 110 810118087 -0.72987565410083521 0.68357993647478998
1 8 111 159218283 0.89178797216019801 0.45245354757190492
1 8 112 1090416910 -0.99726992272295545 -0.073842408087428951
1 8 113 1495649829 -0.29734028411192898 -0.95477157239008603
1 8 114 1956652664 0.87114710143510166 -0.49102212542941559
1 8 115 1686811813 0.2588263185873933 -0.96592387733531937
1 8 116 1611821647 0.040659138259770918 -0.99917307533578625
1 8 117 935908415 -0.92802660505632928 0.37251391961593022
1 8 118 1951615311 0.86375736096333 -0.50390794931382432
1 8 119 230581039 0.77760133715831614 0.62875763251796701
1 8 120 447591231 0.24828176677039343 0.96868785699490012
1 8 121 1260743276 -0.83854960500005393 -0.54482525634762335
1 8 122 1998808097 0.92530713913745788 -0.37921853628383356
1 8 123 866398029 -0.83277556026133537 0.55361075335601917
1 8 124 643458834 -0.32090308836116516 0.947112035548206
1 8 125 2110602017 0.99824313567556111 -0.0592506715288805
1 8 126 146064752 0.90866261806090576 0.41753113241853068
1 8 127 1789629447 0.53541851016041031 -0.84458689249692154
1 8 128 2130706425 0.99999999999999967 -2.3590994292069514e-08
1 8 129 1120641970 -0.98673846304113466 -0.16231822311502608
1 8 130 793062403 -0.69458649845597331 0.71940919938701797
1 8 131 1319871135 -0.73131976829660161 -0.68203474728096136
1 8 132 397222718 0.38889925091944455 0.9212802899412833
1 8 133 365878196 0.4722728590171506 0.88145240747062836
1 8 134 914390422 -0.90253734728240853 0.43061158456366805
1 8 135 707612369 -0.49328621356184371 0.86986706542426306
1 8 136 767065721 -0.6374499034933927 0.7704918043277712
1 8 137 1676230499 0.22856553126747364 -0.97352852958524927
1 8 138 1295001254 -0.77932829532712855 -0.62661583773673635
1 8 139 1457260584 -0.40329131129569679 -0.91507164650282846
1 8 140 1408826319 -0.5294374730738306 -0.84834896245896174
1 8 141 1861365114 0.70081734407833352 -0.71334076726273732
1 8 142 2020112665 0.94729022738955293 -0.32037669249221162
1 8 143 131612413 0.92562654867366889 0.37843822797184767
1 8 144 941706017 -0.93425931979358057 0.35659434008244739
1 8 145 780912717 -0.66837134320445524 0.74382776741868972
1 8 146 1798715717 0.55785370383199462 -0.82993930207029309
1 8 147 1443901833 -0.43901677988343479 -0.89847886284585443
1 8 148 1884980245 0.74875425923081329 -0.66284768935534211
1 8 149 1479339167 -0.34290139851328555 -0.9393714020011642
1 8 150 1187818972 -0.93549599701400721 -0.35333728867863423
1 8 151 2086180325 0.99139228369929011 -0.1309249396467542
1 8 152 578341030 -0.1342520459747282 0.99094721764158533
1 8 153 1826112911 0.62301269922371416 -0.78221172108706083
1 8 154 1816524864 0.60065042821425862 -0.79951176544565483
1 8 155 1141857197 -0.9746599297489047 -0.22369179989856622
1 8 156 795999391 -0.70079103552600919 0.71336661298828941
1 8 157 1161332944 -0.96021307107582499 -0.27926843383227673
1 8 158 2128711882 0.99998270296970915 -0.0058816461466543639
1 8 159 324061935 0.57710425442582636 0.8166704840531529
1 8 160 929566135 -0.92089773659127117 0.38980425695606996
1 8 161 87965916 0.96654394389380138 0.2565010809377149
1 8 162 1484200187 -0.32940117696371962 -0.9441900574645532
1 8 163 1601757370 0.010991840803390836 -0.99993958789306514
1 8 164 1454554805 -0.41057975471025993 -0.91182468985110443
1 8 165 1024167502 -0.99263382871309913 0.12115313489288551
1 8 166 542348740 -0.028518033204548817 0.99959327817975263
1 8 167 2072204094 0.98515597815195233 -0.17166158193221376
1 8 168 1777301771 0.50436845723952872 -0.86348854036508071
1 8 169 900548862 -0.88421422341876554 0.46708158506191333
1 8 170 1901811550 0.7807180595014942 -0.62488343838528904
1 8 171 1866343069 0.71121285025616054 -0.70297672908177278
1 8 172 358129682 0.49228847901879069 0.87043210730381815
1 8 173 1911368516 0.79801635637279811 -0.60263578964535736
1 8 174 678518772 -0.41693461022584233 0.90893648336714095
1 8 175 50038913 0.98913298945679573 0.14702356671045078
1 8 176 1066332403 -0.99999583118099922 -0.0028874938307173279
1 8 177 872271220 -0.84223833673979676 0.53910535531172443
1 8 178 1090671067 -0.99721429944834106 -0.074589818177512021
1 8 179 1626969273 0.085235248150692333 -0.99636085454652923
1 8 180 1998739676 0.92523060730455287 -0.3794052230885181
1 8 181 846714458 -0.79925713199695803 0.60098921533751104
1 8 182 1636555357 0.11336272842608415 -0.99355366830574077
1 8 183 1191771050 -0.93131470472892319 -0.36421548670488818
1 8 184 1629635693 0.09306685544045927 -0.99565986180945587
1 8 185 2066238651 0.9819839495107987 -0.18896434294113032
1 8 186 1278450448 -0.80897090643397562 -0.58784868167190085
1 8 187 525918148 0.019928529987804002 0.99980140712669796
1 8 188 1572432176 -0.075412584092549542 -0.99715241671495947
1 8 189 233493292 0.77217304163054845 0.63541230219364442
1 8 190 1177960584 -0.94537118951410204 -0.32599588039834448
1 8 191 1267253812 -0.82793574602803555 -0.56082296711974999
1 8 192 133693432 0.92328678639647288 0.38411132509426726
1 8 193 1224982942 -0.8912383575494216 -0.45353521366329363
1 8 194 933696932 -0.92557758179283256 0.37855797453300638
1 8 195 2028509305 0.95493177549758967 -0.29682537651794683
1 8 196 2082123071 0.98975493595768171 -0.14277663235769841
1 8 197 279881057 0.678311560568158 0.73477440537867822
1 8 198 1183050862 -0.9403714804044101 -0.34014920085459271
1 8 199 106102387 0.95145025380675441 0.30780255770714865
1 8 200 227363743 0.78353152765104683 0.62135202999331784
1 8 201 1561647943 -0.10707989912368492 -0.99425041875961084
1 8 202 1769022091 0.48313751778652786 -0.87554448139833108
1 8 203 296906574 0.64058217842753384 0.76788962271998129
1 8 204 1165006603 -0.95713142761005543 -0.28965398371356332
1 8 205 625668472 -0.27079742505559173 0.96263635635854783
1 8 206 829635777 -0.76798896477120338 0.64046307464962837
1 8 207 2061827916 0.97944315369829005 -0.20172037248019292
1 8 208 666042076 -0.38321821156209229 0.92365783834012449
1 8 209 1177959857 -0.94537188839219 -0.32599385368099298
1 8 210 1364360660 -0.63581268621692166 -0.77184339606271313
1 8 211 558235495 -0.075298604827876578 0.99716103018067015
1 8 212 1582373783 -0.046151299180988668 -0.99893446110538542
1 8 213 276625461 0.68533428006367192 0.72822862108654351
1 8 214 121034222 0.93697923953816753 0.34938503785147595
1 8 215 1547125175 -0.1495482907278548 -0.9887544228676689
1 8 216 929300404 -0.9205920004270518 0.39052575939330703
1 8 217 843174273 -0.7929396298889535 0.60930020790376349
1 8 218 1952407153 0.86493165157420937 -0.50188966726274675
1 8 219 189072277 0.84855377910058361 0.52910914183570668
1 8 220 1886404668 0.75153190043349727 -0.65969675050800125
1 8 221 1687389546 0.26047154994011529 -0.96548152321615877
1 8 222 1655329710 0.16816726038534169 -0.98575847576091813
1 8 223 1768330101 0.48134988451916105 -0.87652854412927728
1 8 224 1133399426 -0.97993529961250581 -0.19931585128470944
1 8 225 1445251056 -0.43543854659034142 -0.90021845801077138
1 8 226 1914943872 0.8043256400343286 -0.59418874508304831
1 8 227 1391629038 -0.5717603828806056 -0.82042066317726492
1 8 228 555078389 -0.066011997728988456 0.99781882932515764
1 8 229 1406410872 -0.53546665345740163 -0.84455637054913679
1 8 230 492338713 0.11867106275252755 0.99293362258772644
1 8 231 1924747997 0.82116579021478509 -0.57068970989577827
1 8 232 1557081479 -0.12045829078129761 -0.99271838916283217
1 8 233 1008144323 -0.98580356345641984 0.16790275243909622
1 8 234 1033695884 -0.99564572636872062 0.093217957302779375
1 8 235 1941602079 0.84850372632103521 -0.52918940505202661
1 8 236 1536523354 -0.18038203835979982 -0.98359662475893217
1 8 237 1578494784 -0.05757452259710117 -0.99834121138402165
1 8 238 1320588346 -0.72987565410083532 -0.68357993647478987
1 8 239 1971488150 0.89178797216019778 -0.4524535475719052
1 8 240 1040289523 -0.99726992272295545 0.073842408087429201
1 8 241 635056604 -0.29734028411192892 0.95477157239008603
1 8 242 174053769 0.87114710143510188 0.4910221254294152
1 8 243 443894620 0.25882631858739397 0.96592387733531926
1 8 244 518884786 0.040659138259770938 0.99917307533578625
1 8 245 1194798018 -0.92802660505632939 -0.37251391961593
1 8 246 179091122 0.86375736096333 0.50390794931382432
1 8 247 1900125394 0.77760133715831592 -0.62875763251796724
1 8 248 1683115202 0.2482817667703934 -0.96868785699490012
1 8 249 869963157 -0.83854960500005382 0.54482525634762358
1 8 250 131898336 0.92530713913745799 0.37921853628383329
1 8 251 1264308404 -0.83277556026133548 -0.55361075335601895
1 8 252 1487247599 -0.32090308836116538 -0.94711203554820589
1 8 253 20104416 0.99824313567556111 0.05925067152888009
1 8 254 1984641681 0.90866261806090542 -0.41753113241853118
1 8 255 341076986 0.53541851016041031 0.84458689249692154
2 1 1 699882112 -0.47333066826448539 0.88088482702354209
2 1 2 1548376985 -0.14589736210162285 -0.98929973199823917
2 1 3 1483731022 -0.33070715634134162 -0.94373342461980403
2 1 4 170455089 0.87630870534449601 0.48174999007519798
2 1 5 1436154668 -0.4594265578968903 -0.88821576089316001
2 1 6 1688264839 0.26296271185020326 -0.9648059971706161
2 1 7 13824221 0.9991691862081048 0.040754598909001391
2 1 8 148625052 0.90548438891258087 0.42437957235900264
2 1 9 1106852056 -0.99252153685133515 -0.12206964768632596
2 1 10 1096068990 -0.99590071153913307 -0.09045315227148519
2 1 11 916875845 -0.90566911662146832 0.42398520162629394
2 1 12 1525737196 -0.2115708070132018 -0.9773626725119916
2 1 13 1903640825 0.78407749425345197 -0.6206629383209763
2 1 14 1764868205 0.47237674425118226 -0.88139673898344617
2 1 15 266587623 0.70658671814407703 0.70762646201395174
2 1 16 1748172362 0.42842723763873991 -0.90357628457659211
2 1 17 613489889 -0.23605897902704837 0.97173872950536844
2 1 18 1149872170 -0.96910121362481516 -0.24666340983394844
2 1 19 997559624 -0.98008350520717269 0.19858580719885788
2 1 20 576852191 -0.12990011241512484 0.99152708525513211
2 1 21 1360303381 -0.64500160648891014 -0.76418121386666205
2 1 22 487910398 0.1316268435776265 0.99129933625005073
2 1 23 980538370 -0.96888561827637998 0.24750890629873665
2 1 24 665723362 -0.38234994492546892 0.92401759702696729
2 1 25 662681029 -0.37404488460969637 0.92741060178182078
2 1 26 815510757 -0.7406534082732652 0.67188728877185644
2 1 27 1127122101 -0.98345674612409095 -0.18114311607956649
2 1 28 1127987059 -0.98299151440988852 -0.18365098038985211
2 1 29 1970900127 0.89100207474029403 -0.45399923216729299
2 1 30 1934152411 0.8366746223211966 -0.54770026142378558
2 1 31 1983461360 0.90720385045817331 -0.42069130453797626
2 1 32 2113994754 0.99878595500766398 -0.049260695076589117
2 1 33 948641100 -0.94135604979891541 0.33741485964163148
2 1 34 1604102745 0.017907320868137868 -0.99983965107377371
2 1 35 1450148467 -0.42239277108993822 -0.90641290090717652
2 1 36 1835947661 0.64543280181582663 -0.76381705816260215
2 1 37 577887151 -0.13292561056568422 0.99112601724288318
2 1 38 653389087 -0.34849589320963309 0.93731030743079957
2 1 39 162633832 0.88718569238074785 0.46141255643392837
2 1 40 982097957 -0.97001366768947483 0.24305037439924468
2 1 41 894808134 -0.87618082791034102 0.48198252748657749
2 1 42 1666571406 0.20074711681308699 -0.97964309577071629
2 1 43 1582900547 -0.044599538502789769 -0.99900494551595598
2 1 44 949190666 -0.94190162826106449 0.33588885465158774
2 1 45 22287410 0.99784103610861352 0.065675464655292767
2 1 46 829552633 -0.76783191218447666 0.64065135185304189
2 1 47 1391113611 -0.57300670345186688 -0.819550680433629
2 1 48 391001680 0.40573380547315507 0.91399129049256922
2 1 49 1891338449 0.76105001626566038 -0.64869320386607887
2 1 50 1262306722 -0.83602883644677939 -0.54868550612299227
2 1 51 204795965 0.82311727496576348 0.56787142176106709
2 1 52 1669732944 0.20987145129832313 -0.97772898797669672
2 1 53 936141231 -0.9282821339341083 0.37187669975240223
2 1 54 340611189 0.53657810964346475 0.84385065755229804
2 1 55 367603065 0.46778333041231279 0.88384317375220189
2 1 56 668978722 -0.39120243440570279 0.92030465353330237
2 1 57 244581583 0.75098729713324663 0.66031665096717107
2 1 58 467816010 0.19010171245379645 0.98176440092424111
2 1 59 510290218 0.065966712003738298 0.9978218242288629
2 1 60 322287208 0.58137033326262799 0.81363906961385579
2 1 61 2114219141 0.99881833161707723 -0.048599798617672468
2 1 62 1678462179 0.23496727199128495 -0.97200328244969081
2 1 63 18258094 0.99855093298965036 0.053814814182516976
2 1 64 2130706432 1 -2.9488742787772745e-09
2 1 65 1430824321 -0.47333066826448561 -0.88088482702354198
2 1 66 582329448 -0.14589736210162327 0.98929973199823917
2 1 67 646975411 -0.33070715634134185 0.94373342461980403
2 1 68 1960251344 0.87630870534449556 -0.48174999007519875
2 1 69 694551765 -0.45942655789688969 0.88821576089316034
2 1 70 442441594 0.26296271185020392 0.96480599717061599
2 1 71 2116882212 0.9991691862081048 -0.040754598909001398
2 1 72 1982081381 0.90548438891258087 -0.42437957235900264
2 1 73 1023854377 -0.99252153685133515 0.12206964768632619
2 1 74 1034637443 -0.99590071153913307 0.090453152271485426
2 1 75 1213830588 -0.90566911662146843 -0.42398520162629372
2 1 76 604969237 -0.21157080701320158 0.9773626725119916
2 1 77 227065608 0.78407749425345219 0.62066293832097608
2 1 78 365838228 0.47237674425118287 0.88139673898344584
2 1 79 1864118810 0.70658671814407636 -0.70762646201395241
2 1 80 382534071 0.42842723763874058 0.90357628457659189
2 1 81 1517216544 -0.23605897902704795 -0.97173872950536855
2 1 82 980834263 -0.96910121362481505 0.24666340983394869
2 1 83 1133146809 -0.98008350520717269 -0.19858580719885766
2 1 84 1553854242 -0.12990011241512531 -0.991527085255132
2 1 85 770403052 -0.64500160648891003 0.76418121386666216
2 1 86 1642796035 0.13162684357762691 -0.99129933625005062
2 1 87 1150168063 -0.96888561827638009 -0.24750890629873643
2 1 88 1464983071 -0.38234994492546959 -0.92401759702696695
2 1 89 1468025404 -0.37404488460969681 -0.92741060178182055
2 1 90 1315195676 -0.74065340827326565 -0.67188728877185588
2 1 91 1003584332 -0.98345674612409084 0.18114311607956715
2 1 92 1002719374 -0.98299151440988852 0.18365098038985234
2 1 93 159806306 0.8910020747402938 0.45399923216729327
2 1 94 196554022 0.8366746223211966 0.54770026142378547
2 1 95 147245073 0.90720385045817353 0.42069130453797571
2 1 96 16711679 0.99878595500766398 0.049260695076588527
2 1 97 1182065333 -0.94135604979891552 -0.33741485964163126
2 1 98 526603688 0.017907320868137892 0.99983965107377371
2 1 99 680557966 -0.42239277108993756 0.90641290090717686
2 1 100 294758772 0.64543280181582707 0.7638170581626017
2 1 101 1552819282 -0.13292561056568469 -0.99112601724288318
2 1 102 1477317346 -0.34849589320963337 -0.93731030743079946
2 1 103 1968072601 0.88718569238074785 -0.46141255643392826
2 1 104 1148608476 -0.97001366768947495 -0.24305037439924446
2 1 105 1235898299 -0.87618082791034113 -0.48198252748657727
2 1 106 464135027 0.20074711681308746 0.97964309577071618
2 1 107 547805886 -0.044599538502789748 0.99900494551595598
2 1 108 1181515767 -0.94190162826106461 -0.33588885465158752
2 1 109 2108419023 0.99784103610861352 -0.065675464655293198
2 1 110 1301153800 -0.76783191218447688 -0.64065135185304167
2 1 111 739592822 -0.57300670345186633 0.81955068043362944
2 1 112 1739704753 0.40573380547315463 -0.91399129049256933
2 1 113 239367984 0.76105001626566016 0.64869320386607898
2 1 114 868399711 -0.83602883644677928 0.54868550612299249
2 1 115 1925910468 0.82311727496576315 -0.56787142176106764
2 1 116 460973489 0.20987145129832357 0.97772898797669661
2 1 117 1194565202 -0.92828213393410819 -0.3718766997524024
2 1 118 1790095244 0.53657810964346475 -0.84385065755229804
2 1 119 1763103368 0.46778333041231313 -0.88384317375220178
2 1 120 1461727711 -0.39120243440570363 -0.92030465353330204
2 1 121 1886124850 0.7509872971332463 -0.66031665096717129
2 1 122 1662890423 0.19010171245379642 -0.98176440092424111
2 1 123 1620416215 0.065966712003737826 -0.99782182422886301
2 1 124 1808419225 0.58137033326262832 -0.81363906961385557
2 1 125 16487292 0.99881833161707723 0.048599798617671996
2 1 126 452244254 0.23496727199128498 0.97200328244969081
2 1 127 2112448339 0.99855093298965036 -0.05381481418251715
2 1 128 1 1 2.9488742371387895e-09
2 1 129 699882112 -0.47333066826448539 0.88088482702354209
2 1 130 1548376985 -0.14589736210162285 -0.98929973199823917
2 1 131 1483731022 -0.33070715634134162 -0.94373342461980403
2 1 132 170455089 0.87630870534449601 0.48174999007519798
2 1 133 1436154668 -0.4594265578968903 -0.88821576089316001
2 1 134 1688264839 0.26296271185020326 -0.9648059971706161
2 1 135 13824221 0.9991691862081048 0.040754598909001391
2 1 136 148625052 0.90548438891258087 0.42437957235900264
2 1 137 1106852056 -0.99252153685133515 -0.12206964768632596
2 1 138 1096068990 -0.99590071153913307 -0.09045315227148519
2 1 139 916875845 -0.90566911662146832 0.42398520162629394
2 1 140 1525737196 -0.2115708070132018 -0.9773626725119916
2 1 141 1903640825 0.78407749425345197 -0.6206629383209763
2 1 142 1764868205 0.47237674425118226 -0.88139673898344617
2 1 143 266587623 0.70658671814407703 0.70762646201395174
2 1 144 1748172362 0.42842723763873991 -0.90357628457659211
2 1 145 613489889 -0.23605897902704837 0.97173872950536844
2 1 146 1149872170 -0.96910121362481516 -0.24666340983394844
2 1 147 997559624 -0.98008350520717269 0.19858580719885788
2 1 148 576852191 -0.12990011241512484 0.99152708525513211
2 1 149 1360303381 -0.64500160648891014 -0.76418121386666205
2 1 150 487910398 0.1316268435776265 0.99129933625005073
2 1 151 980538370 -0.96888561827637998 0.24750890629873665
2 1 152 665723362 -0.38234994492546892 0.92401759702696729
2 1 153 662681029 -0.37404488460969637 0.92741060178182078
2 1 154 815510757 -0.7406534082732652 0.67188728877185644
2 1 155 1127122101 -0.98345674612409095 -0.18114311607956649
2 1 156 1127987059 -0.98299151440988852 -0.18365098038985211
2 1 157 1970900127 0.89100207474029403 -0.45399923216729299
2 1 158 1934152411 0.8366746223211966 -0.54770026142378558
2 1 159 1983461360 0.90720385045817331 -0.42069130453797626
2 1 160 2113994754 0.99878595500766398 -0.049260695076589117
2 1 161 948641100 -0.94135604979891541 0.33741485964163148
2 1 162 1604102745 0.017907320868137868 -0.99983965107377371
2 1 163 1450148467 -0.42239277108993822 -0.90641290090717652
2 1 164 1835947661 0.64543280181582663 -0.76381705816260215
2 1 165 577887151 -0.13292561056568422 0.99112601724288318
2 1 166 653389087 -0.34849589320963309 0.93731030743079957
2 1 167 162633832 0.88718569238074785 0.46141255643392837
2 1 168 982097957 -0.97001366768947483 0.24305037439924468
2 1 169 894808134 -0.87618082791034102 0.48198252748657749
2 1 170 1666571406 0.20074711681308699 -0.97964309577071629
2 1 171 1582900547 -0.044599538502789769 -0.99900494551595598
2 1 172 949190666 -0.94190162826106449 0.33588885465158774
2 1 173 22287410 0.99784103610861352 0.065675464655292767
2 1 174 829552633 -0.76783191218447666 0.64065135185304189
2 1 175 1391113611 -0.57300670345186688 -0.819550680433629
2 1 176 391001680 0.40573380547315507 0.91399129049256922
2 1 177 1891338449 0.76105001626566038 -0.64869320386607887
2 1 178 1262306722 -0.83602883644677939 -0.54868550612299227
2 1 179 204795965 0.82311727496576348 0.56787142176106709
2 1 180 1669732944 0.20987145129832313 -0.97772898797669672
2 1 181 936141231 -0.9282821339341083 0.37187669975240223
2 1 182 340611189 0.53657810964346475 0.84385065755229804
2 1 183 367603065 0.46778333041231279 0.88384317375220189
2 1 184 668978722 -0.39120243440570279 0.92030465353330237
2 1 185 244581583 0.75098729713324663 0.66031665096717107
2 1 186 467816010 0.19010171245379645 0.98176440092424111
2 1 187 510290218 0.065966712003738298 0.9978218242288629
2 1 188 322287208 0.58137033326262799 0.81363906961385579
2 1 189 2114219141 0.99881833161707723 -0.048599798617672468
2 1 190 1678462179 0.23496727199128495 -0.97200328244969081
2 1 191 18258094 0.99855093298965036 0.053814814182516976
2 1 192 2130706432 1 -2.9488742787772745e-09
2 1 193 1430824321 -0.47333066826448561 -0.88088482702354198
2 1 194 582329448 -0.14589736210162327 0.98929973199823917
2 1 195 646975411 -0.33070715634134185 0.94373342461980403
2 1 196 1960251344 0.87630870534449556 -0.48174999007519875
2 1 197 694551765 -0.45942655789688969 0.88821576089316034
2 1 198 442441594 0.26296271185020392 0.96480599717061599
2 1 199 2116882212 0.9991691862081048 -0.040754598909001398
2 1 200 1982081381 0.90548438891258087 -0.42437957235900264
2 1 201 1023854377 -0.99252153685133515 0.12206964768632619
2 1 202 1034637443 -0.99590071153913307 0.090453152271485426
2 1 203 1213830588 -0.90566911662146843 -0.42398520162629372
2 1 204 604969237 -0.21157080701320158 0.9773626725119916
2 1 205 227065608 0.78407749425345219 0.62066293832097608
2 1 206 365838228 0.47237674425118287 0.88139673898344584
2 1 207 1864118810 0.70658671814407636 -0.70762646201395241
2 1 208 382534071 0.42842723763874058 0.90357628457659189
2 1 209 1517216544 -0.23605897902704795 -0.97173872950536855
2 1 210 980834263 -0.96910121362481505 0.24666340983394869
2 1 211 1133146809 -0.98008350520717269 -0.19858580719885766
2 1 212 1553854242 -0.12990011241512531 -0.991527085255132
2 1 213 770403052 -0.64500160648891003 0.76418121386666216
2 1 214 1642796035 0.13162684357762691 -0.99129933625005062
2 1 215 1150168063 -0.96888561827638009 -0.24750890629873643
2 1 216 1464983071 -0.38234994492546959 -0.92401759702696695
2 1 217 1468025404 -0.37404488460969681 -0.92741060178182055
2 1 218 1315195676 -0.74065340827326565 -0.67188728877185588
2 1 219 1003584332 -0.98345674612409084 0.18114311607956715
2 1 220 1002719374 -0.98299151440988852 0.18365098038985234
2 1 221 159806306 0.8910020747402938 0.45399923216729327
2 1 222 196554022 0.8366746223211966 0.54770026142378547
2 1 223 147245073 0.90720385045817353 0.42069130453797571
2 1 224 16711679 0.99878595500766398 0.049260695076588527
2 1 225 1182065333 -0.94135604979891552 -0.33741485964163126
2 1 226 526603688 0.017907320868137892 0.99983965107377371
2 1 227 680557966 -0.42239277108993756 0.90641290090717686
2 1 228 294758772 0.64543280181582707 0.7638170581626017
2 1 229 1552819282 -0.13292561056568469 -0.99112601724288318
2 1 230 1477317346 -0.34849589320963337 -0.93731030743079946
2 1 231 1968072601 0.88718569238074785 -0.46141255643392826
2 1 232 1148608476 -0.97001366768947495 -0.24305037439924446
2 1 233 1235898299 -0.87618082791034113 -0.48198252748657727
2 1 234 464135027 0.20074711681308746 0.97964309577071618
2 1 235 547805886 -0.044599538502789748 0.99900494551595598
2 1 236 1181515767 -0.94190162826106461 -0.33588885465158752
2 1 237 2108419023 0.99784103610861352 -0.065675464655293198
2 1 238 1301153800 -0.76783191218447688 -0.64065135185304167
2 1 239 739592822 -0.57300670345186633 0.81955068043362944
2 1 240 1739704753 0.40573380547315463 -0.91399129049256933
2 1 241 239367984 0.76105001626566016 0.64869320386607898
2 1 242 868399711 -0.83602883644677928 0.54868550612299249
2 1 243 1925910468 0.82311727496576315 -0.56787142176106764
2 1 244 460973489 0.20987145129832357 0.97772898797669661
2 1 245 1194565202 -0.92828213393410819 -0.3718766997524024
2 1 246 1790095244 0.53657810964346475 -0.84385065755229804
2 1 247 1763103368 0.46778333041231313 -0.88384317375220178
2 1 248 1461727711 -0.39120243440570363 -0.92030465353330204
2 1 249 1886124850 0.7509872971332463 -0.66031665096717129
2 1 250 1662890423 0.19010171245379642 -0.98176440092424111
2 1 251 1620416215 0.065966712003737826 -0.99782182422886301
2 1 252 1808419225 0.58137033326262832 -0.81363906961385557
2 1 253 16487292 0.99881833161707723 0.048599798617671996
2 1 254 452244254 0.23496727199128498 0.97200328244969081
2 1 255 2112448339 0.99855093298965036 -0.05381481418251715
2 2 1 1399764224 -0.55191615696059138 -0.8338996076781976
2 2 2 966047537 -0.95742791946357553 0.28867244245277213
2 2 3 836755611 -0.78126555348924642 0.62419879440058312
2 2 4 340910178 0.5358338941250933 0.84432342020504103
2 2 5 741602903 -0.57785447579803118 0.8161398193938233
2 2 6 1245823245 -0.8617012243527733 -0.50741600285065047
2 2 7 27648442 0.99667812533553279 0.081441478852289279
2 2 8 297250104 0.63980395712878002 0.76853815548894788
2 2 9 82997679 0.97019800222747254 0.24231350864906628
2 2 10 61431547 0.98363645448830306 0.18016471741625911
2 2 11 1833751690 0.64047309760382176 -0.76798060603492158
2 2 12 920767959 -0.91047558723956512 0.41356281873588324
2 2 13 1676575217 0.2295550339895441 -0.97329568290939172
2 2 14 1399029977 -0.55372042298130608 -0.83270264390921889
2 2 15 533175246 -0.0014704194847653788 0.99999891893268511
2 2 16 1365638291 -0.63290020409847647 -0.77423338319405144
2 2 17 1226979778 -0.88855231684141511 -0.45877530473615674
2 2 18 169037907 0.87831432449817892 0.47808361965382962
2 2 19 1995119248 0.92112735435835613 -0.38926134800770484
2 2 20 1153704382 -0.96625192158907591 -0.25759895967456548
2 2 21 589900329 -0.1679458552534504 0.98579622118528487
2 2 22 975820796 -0.96534874809958204 0.26096320534238077
2 2 23 1961076740 0.87747868260560635 -0.47961563941632418
2 2 24 1331446724 -0.70761703923098174 -0.70659615466685022
2 2 25 1325362058 -0.72018084859463782 -0.69378638305858042
2 2 26 1631021514 0.097134942373608063 -0.99527122080871799
2 2 27 123537769 0.93437434299396926 0.35629283904477821
2 2 28 125267685 0.93254463480369221 0.36105471067256334
2 2 29 1811093821 0.58776939438301623 -0.80902851558311728
2 2 30 1737598389 0.40004884727263323 -0.9164938187439331
2 2 31 1836216287 0.6460376525722723 -0.76330554266224737
2 2 32 2097283075 0.99514676784114275 -0.098401780752823659
2 2 33 1897282200 0.7723024249860363 -0.63525503883140344
2 2 34 1077499057 -0.99935865571865112 -0.035808898896929946
2 2 35 769590501 -0.64316869386192699 0.76572451393170304
2 2 36 1541188889 -0.1668329966803436 -0.98598516784922097
2 2 37 1155774302 -0.96466156411148007 -0.26349206197909025
2 2 38 1306778174 -0.7571012248320399 -0.65329758560538465
2 2 39 325267664 0.57419690553021374 0.81871723670601126
2 2 40 1964195914 0.88185303100877399 -0.47152437020862276
2 2 41 1789616268 0.53538568639530115 -0.84460769994301632
2 2 42 1202436379 -0.91940119018246536 -0.39332105396363692
2 2 43 1035094661 -0.9960217623306763 0.089110319064032745
2 2 44 1898381332 0.77435735464168909 -0.63274851822214906
2 2 45 44574820 0.99137346668462278 0.13106734739710393
2 2 46 1659105266 0.17913169073773982 -0.98382510507378229
2 2 47 651520789 -0.34332663559844889 0.9392160674140162
2 2 48 782003360 -0.67076015819254398 0.74167432892174012
2 2 49 1651970465 0.15839425451592304 -0.98737594670740536
2 2 50 393907011 0.39788843074111147 0.91743381051843498
2 2 51 409591930 0.35504409669412845 0.93484955442180662
2 2 52 1208759455 -0.91190794785987084 -0.41039480336622075
2 2 53 1872282462 0.72341544036252337 -0.69041299281306723
2 2 54 681222378 -0.42416786450289168 0.90558358130161376
2 2 55 735206130 -0.56235751157673008 0.82689420675998693
2 2 56 1337957444 -0.69392131063010365 -0.72005084171424949
2 2 57 489163166 0.12796384091099838 0.99177883392382638
2 2 58 935632020 -0.92772267784426821 0.37327018768374765
2 2 59 1020580436 -0.99129678581483172 0.13164604981990036
2 2 60 644574416 -0.32401707120420159 0.94605123411380387
2 2 61 2097731849 0.99527611914864345 -0.097084739544457982
2 2 62 1226217925 -0.88958076218594706 -0.4567779192875564
2 2 63 36516188 0.99420793154900233 0.10747366582123398
2 2 64 2130706431 1 -5.8977492008036088e-09
2 2 65 730942209 -0.55191615696059115 0.83389960767819771
2 2 66 1164658896 -0.95742791946357564 -0.2886724424527719
2 2 67 1293950822 -0.78126555348924664 -0.6241987944005829
2 2 68 1789796255 0.53583389412509275 -0.84432342020504136
2 2 69 1389103530 -0.57785447579803173 -0.81613981939382296
2 2 70 884883188 -0.86170122435277319 0.50741600285065069
2 2 71 2103057991 0.99667812533553291 -0.081441478852289043
2 2 72 1833456329 0.63980395712878035 -0.76853815548894766
2 2 73 2047708754 0.97019800222747243 -0.24231350864906701
2 2 74 2069274886 0.98363645448830295 -0.18016471741625978
2 2 75 296954743 0.64047309760382198 0.76798060603492135
2 2 76 1209938474 -0.91047558723956523 -0.41356281873588302
2 2 77 454131216 0.22955503398954458 0.97329568290939161
2 2 78 731676456 -0.55372042298130519 0.83270264390921955
2 2 79 1597531187 -0.0014704194847660677 -0.99999891893268511
2 2 80 765068142 -0.63290020409847625 0.77423338319405155
2 2 81 903726655 -0.88855231684141478 0.45877530473615735
2 2 82 1961668526 0.87831432449817892 -0.47808361965382962
2 2 83 135587185 0.92112735435835591 0.38926134800770534
2 2 84 977002051 -0.9662519215890758 0.2575989596745657
2 2 85 1540806104 -0.16794585525345065 -0.98579622118528487
2 2 86 1154885637 -0.96534874809958227 -0.2609632053423801
2 2 87 169629693 0.87747868260560646 0.47961563941632412
2 2 88 799259709 -0.70761703923098151 0.70659615466685033
2 2 89 805344375 -0.7201808485946376 0.69378638305858065
2 2 90 499684919 0.097134942373609201 0.99527122080871788
2 2 91 2007168664 0.93437434299396893 -0.35629283904477921
2 2 92 2005438748 0.9325446348036921 -0.36105471067256339
2 2 93 319612612 0.58776939438301623 0.80902851558311728
2 2 94 393108044 0.40004884727263407 0.91649381874393276
2 2 95 294490146 0.6460376525722723 0.76330554266224737
2 2 96 33423358 0.99514676784114275 0.098401780752823603
2 2 97 233424233 0.77230242498603652 0.63525503883140311
2 2 98 1053207376 -0.99935865571865112 0.035808898896930189
2 2 99 1361115932 -0.64316869386192721 -0.76572451393170282
2 2 100 589517544 -0.16683299668034268 0.98598516784922108
2 2 101 974932131 -0.96466156411148007 0.26349206197909047
2 2 102 823928259 -0.75710122483203979 0.65329758560538476
2 2 103 1805438769 0.57419690553021419 -0.81871723670601093
2 2 104 166510519 0.88185303100877421 0.47152437020862226
2 2 105 341090165 0.53538568639530149 0.8446076999430161
2 2 106 928270054 -0.91940119018246524 0.39332105396363715
2 2 107 1095611772 -0.9960217623306763 -0.089110319064032509
2 2 108 232325101 0.77435735464168931 0.63274851822214884
2 2 109 2086131613 0.99137346668462278 -0.13106734739710368
2 2 110 471601167 0.17913169073774049 0.98382510507378218
2 2 111 1479185644 -0.34332663559844995 -0.93921606741401586
2 2 112 1348703073 -0.67076015819254409 -0.7416743289217399
2 2 113 478735968 0.15839425451592329 0.98737594670740536
2 2 114 1736799422 0.39788843074111124 -0.91743381051843509
2 2 115 1721114503 0.35504409669412756 -0.93484955442180695
2 2 116 921946978 -0.91190794785987073 0.41039480336622097
2 2 117 258423971 0.72341544036252337 0.69041299281306723
2 2 118 1449484055 -0.42416786450289234 -0.90558358130161343
2 2 119 1395500303 -0.56235751157672986 -0.82689420675998704
2 2 120 792748989 -0.69392131063010343 0.72005084171424971
2 2 121 1641543267 0.12796384091099791 -0.99177883392382638
2 2 122 1195074413 -0.92772267784426832 -0.37327018768374742
2 2 123 1110125997 -0.99129678581483172 -0.13164604981990011
2 2 124 1486132017 -0.32401707120420165 -0.94605123411380387
2 2 125 32974584 0.99527611914864345 0.097084739544458162
2 2 126 904488508 -0.88958076218594706 0.45677791928755662
2 2 127 2094190245 0.99420793154900233 -0.10747366582123409
2 2 128 2 1 5.8977484742775791e-09
2 2 129 1399764224 -0.55191615696059138 -0.8338996076781976
2 2 130 966047537 -0.95742791946357553 0.28867244245277213
2 2 131 836755611 -0.78126555348924642 0.62419879440058312
2 2 132 340910178 0.5358338941250933 0.84432342020504103
2 2 133 741602903 -0.57785447579803118 0.8161398193938233
2 2 134 1245823245 -0.8617012243527733 -0.50741600285065047
2 2 135 27648442 0.99667812533553279 0.081441478852289279
2 2 136 297250104 0.63980395712878002 0.76853815548894788
2 2 137 82997679 0.97019800222747254 0.24231350864906628
2 2 138 61431547 0.98363645448830306 0.18016471741625911
2 2 139 1833751690 0.64047309760382176 -0.76798060603492158
2 2 140 920767959 -0.91047558723956512 0.41356281873588324
2 2 141 1676575217 0.2295550339895441 -0.97329568290939172
2 2 142 1399029977 -0.55372042298130608 -0.83270264390921889
2 2 143 533175246 -0.0014704194847653788 0.99999891893268511
2 2 144 1365638291 -0.63290020409847647 -0.77423338319405144
2 2 145 1226979778 -0.88855231684141511 -0.45877530473615674
2 2 146 169037907 0.87831432449817892 0.47808361965382962
2 2 147 1995119248 0.92112735435835613 -0.38926134800770484
2 2 148 1153704382 -0.96625192158907591 -0.25759895967456548
2 2 149 589900329 -0.1679458552534504 0.98579622118528487
2 2 150 975820796 -0.96534874809958204 0.26096320534238077
2 2 151 1961076740 0.87747868260560635 -0.47961563941632418
2 2 152 1331446724 -0.70761703923098174 -0.70659615466685022
2 2 153 1325362058 -0.72018084859463782 -0.69378638305858042
2 2 154 1631021514 0.097134942373608063 -0.99527122080871799
2 2 155 123537769 0.93437434299396926 0.35629283904477821
2 2 156 125267685 0.93254463480369221 0.36105471067256334
2 2 157 1811093821 0.58776939438301623 -0.80902851558311728
2 2 158 1737598389 0.40004884727263323 -0.9164938187439331
2 2 159 1836216287 0.6460376525722723 -0.76330554266224737
2 2 160 2097283075 0.99514676784114275 -0.098401780752823659
2 2 161 1897282200 0.7723024249860363 -0.63525503883140344
2 2 162 1077499057 -0.99935865571865112 -0.035808898896929946
2 2 163 769590501 -0.64316869386192699 0.76572451393170304
2 2 164 1541188889 -0.1668329966803436 -0.98598516784922097
2 2 165 1155774302 -0.96466156411148007 -0.26349206197909025
2 2 166 1306778174 -0.7571012248320399 -0.65329758560538465
2 2 167 325267664 0.57419690553021374 0.81871723670601126
2 2 168 1964195914 0.88185303100877399 -0.47152437020862276
2 2 169 1789616268 0.53538568639530115 -0.84460769994301632
2 2 170 1202436379 -0.91940119018246536 -0.39332105396363692
2 2 171 1035094661 -0.9960217623306763 0.089110319064032745
2 2 172 1898381332 0.77435735464168909 -0.63274851822214906
2 2 173 44574820 0.99137346668462278 0.13106734739710393
2 2 174 1659105266 0.17913169073773982 -0.98382510507378229
2 2 175 651520789 -0.34332663559844889 0.9392160674140162
2 2 176 782003360 -0.67076015819254398 0.74167432892174012
2 2 177 1651970465 0.15839425451592304 -0.98737594670740536
2 2 178 393907011 0.39788843074111147 0.91743381051843498
2 2 179 409591930 0.35504409669412845 0.93484955442180662
2 2 180 1208759455 -0.91190794785987084 -0.41039480336622075
2 2 181 1872282462 0.72341544036252337 -0.69041299281306723
2 2 182 681222378 -0.42416786450289168 0.90558358130161376
2 2 183 735206130 -0.56235751157673008 0.82689420675998693
2 2 184 1337957444 -0.69392131063010365 -0.72005084171424949
2 2 185 489163166 0.12796384091099838 0.99177883392382638
2 2 186 935632020 -0.92772267784426821 0.37327018768374765
2 2 187 1020580436 -0.99129678581483172 0.13164604981990036
2 2 188 644574416 -0.32401707120420159 0.94605123411380387
2 2 189 2097731849 0.99527611914864345 -0.097084739544457982
2 2 190 1226217925 -0.88958076218594706 -0.4567779192875564
2 2 191 36516188 0.99420793154900233 0.10747366582123398
2 2 192 2130706431 1 -5.8977492008036088e-09
2 2 193 730942209 -0.55191615696059115 0.83389960767819771
2 2 194 1164658896 -0.95742791946357564 -0.2886724424527719
2 2 195 1293950822 -0.78126555348924664 -0.6241987944005829
2 2 196 1789796255 0.53583389412509275 -0.84432342020504136
2 2 197 1389103530 -0.57785447579803173 -0.81613981939382296
2 2 198 884883188 -0.86170122435277319 0.50741600285065069
2 2 199 2103057991 0.99667812533553291 -0.081441478852289043
2 2 200 1833456329 0.63980395712878035 -0.76853815548894766
2 2 201 2047708754 0.97019800222747243 -0.24231350864906701
2 2 202 2069274886 0.98363645448830295 -0.18016471741625978
2 2 203 296954743 0.64047309760382198 0.76798060603492135
2 2 204 1209938474 -0.91047558723956523 -0.41356281873588302
2 2 205 454131216 0.22955503398954458 0.97329568290939161
2 2 206 731676456 -0.55372042298130519 0.83270264390921955
2 2 207 1597531187 -0.0014704194847660677 -0.99999891893268511
2 2 208 765068142 -0.63290020409847625 0.77423338319405155
2 2 209 903726655 -0.88855231684141478 0.45877530473615735
2 2 210 1961668526 0.87831432449817892 -0.47808361965382962
2 2 211 135587185 0.92112735435835591 0.38926134800770534
2 2 212 977002051 -0.9662519215890758 0.2575989596745657
2 2 213 1540806104 -0.16794585525345065 -0.98579622118528487
2 2 214 1154885637 -0.96534874809958227 -0.2609632053423801
2 2 215 169629693 0.87747868260560646 0.47961563941632412
2 2 216 799259709 -0.70761703923098151 0.70659615466685033
2 2 217 805344375 -0.7201808485946376 0.69378638305858065
2 2 218 499684919 0.097134942373609201 0.99527122080871788
2 2 219 2007168664 0.93437434299396893 -0.35629283904477921
2 2 220 2005438748 0.9325446348036921 -0.36105471067256339
2 2 221 319612612 0.58776939438301623 0.80902851558311728
2 2 222 393108044 0.40004884727263407 0.91649381874393276
2 2 223 294490146 0.6460376525722723 0.76330554266224737
2 2 224 33423358 0.99514676784114275 0.098401780752823603
2 2 225 233424233 0.77230242498603652 0.63525503883140311
2 2 226 1053207376 -0.99935865571865112 0.035808898896930189
2 2 227 1361115932 -0.64316869386192721 -0.76572451393170282
2 2 228 589517544 -0.16683299668034268 0.98598516784922108
2 2 229 974932131 -0.96466156411148007 0.26349206197909047
2 2 230 823928259 -0.75710122483203979 0.65329758560538476
2 2 231 1805438769 0.57419690553021419 -0.81871723670601093
2 2 232 166510519 0.88185303100877421 0.47152437020862226
2 2 233 341090165 0.53538568639530149 0.8446076999430161
2 2 234 928270054 -0.91940119018246524 0.39332105396363715
2 2 235 1095611772 -0.9960217623306763 -0.089110319064032509
2 2 236 232325101 0.77435735464168931 0.63274851822214884
2 2 237 2086131613 0.99137346668462278 -0.13106734739710368
2 2 238 471601167 0.17913169073774049 0.98382510507378218
2 2 239 1479185644 -0.34332663559844995 -0.93921606741401586
2 2 240 1348703073 -0.67076015819254409 -0.7416743289217399
2 2 241 478735968 0.15839425451592329 0.98737594670740536
2 2 242 1736799422 0.39788843074111124 -0.91743381051843509
2 2 243 1721114503 0.35504409669412756 -0.93484955442180695
2 2 244 921946978 -0.91190794785987073 0.41039480336622097
2 2 245 258423971 0.72341544036252337 0.69041299281306723
2 2 246 1449484055 -0.42416786450289234 -0.90558358130161343
2 2 247 1395500303 -0.56235751157672986 -0.82689420675998704
2 2 248 792748989 -0.69392131063010343 0.72005084171424971
2 2 249 1641543267 0.12796384091099791 -0.99177883392382638
2 2 250 1195074413 -0.92772267784426832 -0.37327018768374742
2 2 251 1110125997 -0.99129678581483172 -0.13164604981990011
2 2 252 1486132017 -0.32401707120420165 -0.94605123411380387
2 2 253 32974584 0.99527611914864345 0.097084739544458162
2 2 254 904488508 -0.88958076218594706 0.45677791928755662
2 2 255 2094190245 0.99420793154900233 -0.10747366582123409
2 3 1 2099646336 0.99580835506473198 -0.091464309887915193
2 3 2 383718089 0.4252697778059859 0.90506663626765482
2 3 3 189780200 0.8474473754250883 0.53087940804398259
2 3 4 511365267 0.062803106736424599 0.99802593642863469
2 3 5 47051138 0.99038994345929232 0.13830314491977314
2 3 6 803381651 -0.71615329337109623 0.69794302087902027
2 3 7 41472663 0.99253095659774282 0.12199303338785152
2 3 8 445875156 0.25318060137662812 0.96741903179882138
2 3 9 1189849735 -0.93336328759047715 -0.35893310432209546
2 3 10 1157500537 -0.96330777830232905 -0.26839918826671355
2 3 11 619921102 -0.25444429243186945 0.96708743247384066
2 3 12 315798722 0.59683091652938836 0.80236703389078134
2 3 13 1449509609 -0.42409962256587641 -0.90561554212562034
2 3 14 1033191749 -0.99550604551777644 0.094698011265067703
2 3 15 799762869 -0.70866467590014781 0.70554544653859008
2 3 16 983104220 -0.97073060992455107 0.24017094527754407
2 3 17 1840469667 0.6555604844784545 -0.75514266942768771
2 3 18 1318910077 -0.73324974200567461 -0.67995942220739292
2 3 19 861972439 -0.82547994719632112 0.56443144559526348
2 3 20 1730556573 0.38093257888662813 -0.92460281761564123
2 3 21 1950203710 0.86165229937216936 -0.50749907880374856
2 3 22 1463731194 -0.38575846090554838 -0.92259981023181581
2 3 23 810908677 -0.73146733356497284 0.68187648436307635
2 3 24 1997170086 0.92346461688204762 -0.38368359538413027
2 3 25 1988043087 0.912804809431085 -0.40839610659197106
2 3 26 315825838 0.59676675601038398 0.80241475492468539
2 3 27 1250659870 -0.85437675592127782 -0.51965407622901716
2 3 28 1253254744 -0.85037541123110705 -0.52617645326784201
2 3 29 1651287515 0.15640542498793286 -0.98769293964994209
2 3 30 1541044367 -0.16725318591747415 -0.98591397789079693
2 3 31 1688971214 0.26497184145087743 -0.96425615022053712
2 3 32 2080571396 0.98909127477434755 -0.14730393805073924
2 3 33 715216867 -0.51266707027104175 0.85858748829674125
2 3 34 550895369 -0.053698993088747086 0.99855716818880969
2 3 35 89032535 0.96573238484720791 0.25953990224496171
2 3 36 1246430117 -0.86079177878127555 -0.50895728070494051
2 3 37 1733661453 0.3893820653632169 -0.92107633080731999
2 3 38 1960167261 0.87618922840553071 -0.48196725617630981
2 3 39 487901496 0.13165286601066328 0.99129588058822193
2 3 40 815587438 -0.74080531825432772 0.6717197931028267
2 3 41 553717969 -0.062008520004021954 0.99807562010446427
2 3 42 738301352 -0.56988139306038899 0.82172696064054662
2 3 43 487288775 0.13344376038015676 0.99105638730377155
2 3 44 716865565 -0.51683527812481089 0.85608486453484822
2 3 45 66862230 0.98062521822573057 0.1958932907981748
2 3 46 357951466 0.49274585492048173 0.87017327151475043
2 3 47 2042634400 0.96646363079484177 -0.2568035248022344
2 3 48 1173005040 -0.95003394855962786 -0.31214659470223671
2 3 49 1412602481 -0.51995811631419897 -0.85419175673790593
2 3 50 1656213733 0.17073643287052603 -0.9853167361263323
2 3 51 614387895 -0.23863141623865974 0.9711102137162041
2 3 52 747785966 -0.5926383402339781 0.80546868200117849
2 3 53 677717260 -0.41478512346710322 0.90991939277629419
2 3 54 1021833567 -0.99177649145639879 0.12798199480565939
2 3 55 1102809195 -0.99390626970779983 -0.11022852187853328
2 3 56 2006936166 0.93412984641468766 -0.35693336918432267
2 3 57 733744749 -0.55878885910016762 0.82930996071766383
2 3 58 1403448030 -0.54282505193463049 -0.8398457971509804
2 3 59 1530870654 -0.19675189116389455 -0.98045331011906478
2 3 60 966861624 -0.95811815860016281 0.28637317290666953
2 3 61 2081244557 0.98938173403565755 -0.1453402365368773
2 3 62 773973671 -0.65301200180480501 0.7573475592479858
2 3 63 54774282 0.98698358227828309 0.1608210443727052
2 3 64 2130706430 1 -8.8466232346515227e-09
2 3 65 31060097 0.99580835506473209 0.091464309887914763
2 3 66 1746988344 0.42526977780598529 -0.90506663626765516
2 3 67 1940926233 0.84744737542508808 -0.53087940804398304
2 3 68 1619341166 0.062803106736424127 -0.9980259364286348
2 3 69 2083655295 0.99038994345929232 -0.13830314491977333
2 3 70 1327324782 -0.71615329337109646 -0.69794302087902005
2 3 71 2089233770 0.99253095659774293 -0.12199303338785104
2 3 72 1684831277 0.25318060137662785 -0.96741903179882138
2 3 73 940856698 -0.93336328759047704 0.35893310432209569
2 3 74 973205896 -0.96330777830232905 0.26839918826671383
2 3 75 1510785331 -0.25444429243187033 -0.96708743247384044
2 3 76 1814907711 0.59683091652938847 -0.80236703389078134
2 3 77 681196824 -0.42409962256587574 0.90561554212562057
2 3 78 1097514684 -0.99550604551777644 -0.094698011265067453
2 3 79 1330943564 -0.70866467590014792 -0.70554544653858997
2 3 80 1147602213 -0.97073060992455118 -0.24017094527754382
2 3 81 290236766 0.65556048447845428 0.75514266942768793
2 3 82 811796356 -0.7332497420056745 0.67995942220739303
2 3 83 1268733994 -0.82547994719632123 -0.56443144559526326
2 3 84 400149860 0.38093257888662796 0.92460281761564134
2 3 85 180502723 0.86165229937216925 0.50749907880374878
2 3 86 666975239 -0.38575846090554861 0.9225998102318157
2 3 87 1319797756 -0.73146733356497273 -0.68187648436307646
2 3 88 133536347 0.92346461688204762 0.38368359538413038
2 3 89 142663346 0.91280480943108544 0.40839610659197018
2 3 90 1814880595 0.59676675601038365 -0.80241475492468561
2 3 91 880046563 -0.85437675592127749 0.51965407622901783
2 3 92 877451689 -0.85037541123110716 0.5261764532678419
2 3 93 479418918 0.15640542498793311 0.98769293964994198
2 3 94 589662066 -0.16725318591747415 0.98591397789079693
2 3 95 441735219 0.26497184145087699 0.96425615022053723
2 3 96 50135037 0.98909127477434766 0.14730393805073885
2 3 97 1415489566 -0.51266707027104153 -0.85858748829674136
2 3 98 1579811064 -0.053698993088747329 -0.99855716818880969
2 3 99 2041673898 0.96573238484720803 -0.25953990224496148
2 3 100 884276316 -0.86079177878127544 0.50895728070494073
2 3 101 397044980 0.38938206536321751 0.92107633080731965
2 3 102 170539172 0.87618922840553115 0.4819672561763092
2 3 103 1642804937 0.13165286601066326 -0.99129588058822193
2 3 104 1315118995 -0.74080531825432783 -0.67171979310282648
2 3 105 1576988464 -0.062008520004021753 -0.99807562010446427
2 3 106 1392405081 -0.56988139306038954 -0.82172696064054618
2 3 107 1643417658 0.1334437603801561 -0.99105638730377166
2 3 108 1413840868 -0.51683527812481145 -0.85608486453484789
2 3 109 2063844203 0.98062521822573046 -0.19589329079817558
2 3 110 1772754967 0.49274585492048212 -0.87017327151475021
2 3 111 88072033 0.96646363079484188 0.25680352480223406
2 3 112 957701393 -0.95003394855962775 0.31214659470223699
2 3 113 718103952 -0.51995811631419875 0.85419175673790615
2 3 114 474492700 0.1707364328705267 0.98531673612633219
2 3 115 1516318538 -0.23863141623865974 -0.9711102137162041
2 3 116 1382920467 -0.59263834023397788 -0.8054686820011786
2 3 117 1452989173 -0.41478512346710344 -0.90991939277629408
2 3 118 1108872866 -0.99177649145639879 -0.12798199480565914
2 3 119 1027897238 -0.99390626970779983 0.11022852187853353
2 3 120 123770267 0.93412984641468766 0.35693336918432284
2 3 121 1396961684 -0.55878885910016818 -0.82930996071766339
2 3 122 727258403 -0.54282505193463026 0.83984579715098051
2 3 123 599835779 -0.19675189116389452 0.98045331011906478
2 3 124 1163844809 -0.95811815860016292 -0.2863731729066693
2 3 125 49461876 0.98938173403565766 0.14534023653687639
2 3 126 1356732762 -0.65301200180480479 -0.75734755924798591
2 3 127 2075932151 0.98698358227828309 -0.16082104437270525
2 3 128 3 1 8.8466227114163682e-09
2 3 129 2099646336 0.99580835506473198 -0.091464309887915193
2 3 130 383718089 0.4252697778059859 0.90506663626765482
2 3 131 189780200 0.8474473754250883 0.53087940804398259
2 3 132 511365267 0.062803106736424599 0.99802593642863469
2 3 133 47051138 0.99038994345929232 0.13830314491977314
2 3 134 803381651 -0.71615329337109623 0.69794302087902027
2 3 135 41472663 0.99253095659774282 0.12199303338785152
2 3 136 445875156 0.25318060137662812 0.96741903179882138
2 3 137 1189849735 -0.93336328759047715 -0.35893310432209546
2 3 138 1157500537 -0.96330777830232905 -0.26839918826671355
2 3 139 619921102 -0.25444429243186945 0.96708743247384066
2 3 140 315798722 0.59683091652938836 0.80236703389078134
2 3 141 1449509609 -0.42409962256587641 -0.90561554212562034
2 3 142 1033191749 -0.99550604551777644 0.094698011265067703
2 3 143 799762869 -0.70866467590014781 0.70554544653859008
2 3 144 983104220 -0.97073060992455107 0.24017094527754407
2 3 145 1840469667 0.6555604844784545 -0.75514266942768771
2 3 146 1318910077 -0.73324974200567461 -0.67995942220739292
2 3 147 861972439 -0.82547994719632112 0.56443144559526348
2 3 148 1730556573 0.38093257888662813 -0.92460281761564123
2 3 149 1950203710 0.86165229937216936 -0.50749907880374856
2 3 150 1463731194 -0.38575846090554838 -0.92259981023181581
2 3 151 810908677 -0.73146733356497284 0.68187648436307635
2 3 152 1997170086 0.92346461688204762 -0.38368359538413027
2 3 153 1988043087 0.912804809431085 -0.40839610659197106
2 3 154 315825838 0.59676675601038398 0.80241475492468539
2 3 155 1250659870 -0.85437675592127782 -0.51965407622901716
2 3 156 1253254744 -0.85037541123110705 -0.52617645326784201
2 3 157 1651287515 0.15640542498793286 -0.98769293964994209
2 3 158 1541044367 -0.16725318591747415 -0.98591397789079693
2 3 159 1688971214 0.26497184145087743 -0.96425615022053712
2 3 160 2080571396 0.98909127477434755 -0.14730393805073924
2 3 161 715216867 -0.51266707027104175 0.85858748829674125
2 3 162 550895369 -0.053698993088747086 0.99855716818880969
2 3 163 89032535 0.96573238484720791 0.25953990224496171
2 3 164 1246430117 -0.86079177878127555 -0.50895728070494051
2 3 165 1733661453 0.3893820653632169 -0.92107633080731999
2 3 166 1960167261 0.87618922840553071 -0.48196725617630981
2 3 167 487901496 0.13165286601066328 0.99129588058822193
2 3 168 815587438 -0.74080531825432772 0.6717197931028267
2 3 169 553717969 -0.062008520004021954 0.99807562010446427
2 3 170 738301352 -0.56988139306038899 0.82172696064054662
2 3 171 487288775 0.13344376038015676 0.99105638730377155
2 3 172 716865565 -0.51683527812481089 0.85608486453484822
2 3 173 66862230 0.98062521822573057 0.1958932907981748
2 3 174 357951466 0.49274585492048173 0.87017327151475043
2 3 175 2042634400 0.96646363079484177 -0.2568035248022344
2 3 176 1173005040 -0.95003394855962786 -0.31214659470223671
2 3 177 1412602481 -0.51995811631419897 -0.85419175673790593
2 3 178 1656213733 0.17073643287052603 -0.9853167361263323
2 3 179 614387895 -0.23863141623865974 0.9711102137162041
2 3 180 747785966 -0.5926383402339781 0.80546868200117849
2 3 181 677717260 -0.41478512346710322 0.90991939277629419
2 3 182 1021833567 -0.99177649145639879 0.12798199480565939
2 3 183 1102809195 -0.99390626970779983 -0.11022852187853328
2 3 184 2006936166 0.93412984641468766 -0.35693336918432267
2 3 185 733744749 -0.55878885910016762 0.82930996071766383
2 3 186 1403448030 -0.54282505193463049 -0.8398457971509804
2 3 187 1530870654 -0.19675189116389455 -0.98045331011906478
2 3 188 966861624 -0.95811815860016281 0.28637317290666953
2 3 189 2081244557 0.98938173403565755 -0.1453402365368773
2 3 190 773973671 -0.65301200180480501 0.7573475592479858
2 3 191 54774282 0.98698358227828309 0.1608210443727052
2 3 192 2130706430 1 -8.8466232346515227e-09
2 3 193 31060097 0.99580835506473209 0.091464309887914763
2 3 194 1746988344 0.42526977780598529 -0.90506663626765516
2 3 195 1940926233 0.84744737542508808 -0.53087940804398304
2 3 196 1619341166 0.062803106736424127 -0.9980259364286348
2 3 197 2083655295 0.99038994345929232 -0.13830314491977333
2 3 198 1327324782 -0.71615329337109646 -0.69794302087902005
2 3 199 2089233770 0.99253095659774293 -0.12199303338785104
2 3 200 1684831277 0.25318060137662785 -0.96741903179882138
2 3 201 940856698 -0.93336328759047704 0.35893310432209569
2 3 202 973205896 -0.96330777830232905 0.26839918826671383
2 3 203 1510785331 -0.25444429243187033 -0.96708743247384044
2 3 204 1814907711 0.59683091652938847 -0.80236703389078134
2 3 205 681196824 -0.42409962256587574 0.90561554212562057
2 3 206 1097514684 -0.99550604551777644 -0.094698011265067453
2 3 207 1330943564 -0.70866467590014792 -0.70554544653858997
2 3 208 1147602213 -0.97073060992455118 -0.24017094527754382
2 3 209 290236766 0.65556048447845428 0.75514266942768793
2 3 210 811796356 -0.7332497420056745 0.67995942220739303
2 3 211 1268733994 -0.82547994719632123 -0.56443144559526326
2 3 212 400149860 0.38093257888662796 0.92460281761564134
2 3 213 180502723 0.86165229937216925 0.50749907880374878
2 3 214 666975239 -0.38575846090554861 0.9225998102318157
2 3 215 1319797756 -0.73146733356497273 -0.68187648436307646
2 3 216 133536347 0.92346461688204762 0.38368359538413038
2 3 217 142663346 0.91280480943108544 0.40839610659197018
2 3 218 1814880595 0.59676675601038365 -0.80241475492468561
2 3 219 880046563 -0.85437675592127749 0.51965407622901783
2 3 220 877451689 -0.85037541123110716 0.5261764532678419
2 3 221 479418918 0.15640542498793311 0.98769293964994198
2 3 222 589662066 -0.16725318591747415 0.98591397789079693
2 3 223 441735219 0.26497184145087699 0.96425615022053723
2 3 224 50135037 0.98909127477434766 0.14730393805073885
2 3 225 1415489566 -0.51266707027104153 -0.85858748829674136
2 3 226 1579811064 -0.053698993088747329 -0.99855716818880969
2 3 227 2041673898 0.96573238484720803 -0.25953990224496148
2 3 228 884276316 -0.86079177878127544 0.50895728070494073
2 3 229 397044980 0.38938206536321751 0.92107633080731965
2 3 230 170539172 0.87618922840553115 0.4819672561763092
2 3 231 1642804937 0.13165286601066326 -0.99129588058822193
2 3 232 1315118995 -0.74080531825432783 -0.67171979310282648
2 3 233 1576988464 -0.062008520004021753 -0.99807562010446427
2 3 234 1392405081 -0.56988139306038954 -0.82172696064054618
2 3 235 1643417658 0.1334437603801561 -0.99105638730377166
2 3 236 1413840868 -0.51683527812481145 -0.85608486453484789
2 3 237 2063844203 0.98062521822573046 -0.19589329079817558
2 3 238 1772754967 0.49274585492048212 -0.87017327151475021
2 3 239 88072033 0.96646363079484188 0.25680352480223406
2 3 240 957701393 -0.95003394855962775 0.31214659470223699
2 3 241 718103952 -0.51995811631419875 0.85419175673790615
2 3 242 474492700 0.1707364328705267 0.98531673612633219
2 3 243 1516318538 -0.23863141623865974 -0.9711102137162041
2 3 244 1382920467 -0.59263834023397788 -0.8054686820011786
2 3 245 1452989173 -0.41478512346710344 -0.90991939277629408
2 3 246 1108872866 -0.99177649145639879 -0.12798199480565914
2 3 247 1027897238 -0.99390626970779983 0.11022852187853353
2 3 248 123770267 0.93412984641468766 0.35693336918432284
2 3 249 1396961684 -0.55878885910016818 -0.82930996071766339
2 3 250 727258403 -0.54282505193463026 0.83984579715098051
2 3 251 599835779 -0.19675189116389452 0.98045331011906478
2 3 252 1163844809 -0.95811815860016292 -0.2863731729066693
2 3 253 49461876 0.98938173403565766 0.14534023653687639
2 3 254 1356732762 -0.65301200180480479 -0.75734755924798591
2 3 255 2075932151 0.98698358227828309 -0.16082104437270525
2 4 1 668822015 -0.39077711137170418 0.92048533352139117
2 4 2 1932095074 0.83333644193670187 -0.55276611196805281
2 4 3 1673511222 0.22075173013771718 -0.97533003318938383
2 4 4 681820356 -0.42576407581347647 0.90483421229896932
2 4 5 1483205806 -0.33216840960036526 -0.9432200950274352
2 4 6 360940057 0.48505800010213723 0.87448198182519177
2 4 7 55296884 0.98673457104470419 0.16234188093410623
2 4 8 594500208 -0.18130179288470832 0.98342750617256502
2 4 9 165995358 0.88256832705235777 0.47018416400810703
2 4 10 122863094 0.93508134919663899 0.35443316772643224
2 4 11 1536796947 -0.1795884224915307 -0.98374183529369308
2 4 12 1841535918 0.65793158991846201 -0.75307770049800626
2 4 13 1222444001 -0.89460897274011819 -0.44684984714428455
2 4 14 667353521 -0.38678738634680859 0.92216892040612852
2 4 15 1066350492 -0.99999567573307768 -0.002940835790285869
2 4 16 600570149 -0.19887466330421377 0.98002493248673817
2 4 17 323253123 0.57905043952849267 0.8152917198658769
2 4 18 338075814 0.54287210523738472 0.8398153828997954
2 4 19 1859532063 0.69695120589444859 -0.71711855128860946
2 4 20 176702331 0.8672855519491629 0.49781097956979198
2 4 21 1179800658 -0.94358837940637419 -0.33112077894516445
2 4 22 1951641592 0.86379641091486081 -0.50384100715464297
2 4 23 1791447047 0.53993767685454053 -0.84170499886416372
2 4 24 532187015 0.001443748420041032 0.99999895779470671
2 4 25 520017683 0.037320909364985506 0.99930333218906586
2 4 26 1131336595 -0.98112960594015131 -0.19335122535873273
2 4 27 247075538 0.74611082569082354 0.66582177479184146
2 4 28 250535370 0.73927899180230316 0.67339926661659666
2 4 29 1491481209 -0.30905427805324431 -0.95104440128575907
2 4 30 1344490345 -0.67992183959167352 -0.7332845914420093
2 4 31 1541726141 -0.1652707029178157 -0.98624824195384553
2 4 32 2063859717 0.98063417908934647 -0.19584842813197023
2 4 33 1663857967 0.19290207127862452 -0.98121801394818287
2 4 34 24291681 0.99743544551957886 0.071571866128801981
2 4 35 1539181002 -0.17266806247188565 -0.98498007096702467
2 4 36 951671345 -0.9443335024373134 0.32898972046931274
2 4 37 180842171 0.86114386654801423 0.50836132927941691
2 4 38 482849915 0.14640452928435074 0.9892248044833023
2 4 39 650535328 -0.34059582735905358 0.94020980764167827
2 4 40 1797685395 0.55532953659872353 -0.8316303901259543
2 4 41 1448526103 -0.42672433360606432 -0.90438174633749679
2 4 42 274166325 0.69059709701786753 0.72323969027597901
2 4 43 2070189322 0.98411870207261254 -0.17751163407201354
2 4 44 1666056231 0.19925862537535052 -0.97994693744790373
2 4 45 89149640 0.96564270089257376 0.25987338111644936
2 4 46 1187504099 -0.93582367474687711 -0.35246850892420334
2 4 47 1303041578 -0.76425364257729977 -0.64491578505052027
2 4 48 1564006720 -0.10016162036302692 -0.99497118038979038
2 4 49 1173234497 -0.94982252027268976 -0.31278935401134711
2 4 50 787814022 -0.68336959336475145 0.73007259835203664
2 4 51 819183860 -0.74788737880530076 0.66382563118919757
2 4 52 286812477 0.66315221074000141 0.74848456590009171
2 4 53 1613858491 0.046659798709807493 -0.99891083845574535
2 4 54 1362444756 -0.64016324544611303 -0.76823890761917268
2 4 55 1470412260 -0.36750805834645589 -0.93002033690152064
2 4 56 545208455 -0.036946429306798471 0.9993172476053227
2 4 57 978326332 -0.96725051083860936 0.253823657846248
2 4 58 1871264040 0.72133873397307957 -0.69258243615479786
2 4 59 2041160872 0.96533863513363261 -0.26100061210337283
2 4 60 1289148832 -0.79002587513650269 -0.61307350017335038
2 4 61 2064757265 0.98114910669516942 -0.19325224560473059
2 4 62 321729417 0.58270786490266069 0.81268169917907129
2 4 63 73032376 0.97689882230989145 0.21370234198423549
2 4 64 2130706429 0.99999999999999989 -1.1795497268499437e-08
2 4 65 1461884418 -0.39077711137170418 -0.92048533352139117
2 4 66 198611359 0.83333644193670198 0.5527661119680527
2 4 67 457195211 0.22075173013771765 0.97533003318938372
2 4 68 1448886077 -0.42576407581347669 -0.90483421229896921
2 4 69 647500627 -0.33216840960036481 0.94322009502743542
2 4 70 1769766376 0.48505800010213684 -0.87448198182519199
2 4 71 2075409549 0.98673457104470419 -0.1623418809341064
2 4 72 1536206225 -0.18130179288470832 -0.98342750617256502
2 4 73 1964711075 0.88256832705235755 -0.47018416400810736
2 4 74 2007843339 0.93508134919663888 -0.35443316772643246
2 4 75 593909486 -0.17958842249153026 0.98374183529369308
2 4 76 289170515 0.65793158991846246 0.75307770049800582
2 4 77 908262432 -0.89460897274011808 0.44684984714428477
2 4 78 1463352912 -0.38678738634680898 -0.92216892040612841
2 4 79 1064355941 -0.99999567573307768 0.002940835790286114
2 4 80 1530136284 -0.19887466330421422 -0.98002493248673805
2 4 81 1807453310 0.57905043952849189 -0.81529171986587745
2 4 82 1792630619 0.54287210523738494 -0.83981538289979529
2 4 83 271174370 0.69695120589444826 0.7171185512886098
2 4 84 1954004102 0.8672855519491629 -0.49781097956979187
2 4 85 950905775 -0.94358837940637397 0.33112077894516512
2 4 86 179064841 0.86379641091486092 0.50384100715464264
2 4 87 339259386 0.53993767685454108 0.84170499886416328
2 4 88 1598519418 0.001443748420041009 -0.99999895779470671
2 4 89 1610688750 0.037320909364984819 -0.99930333218906586
2 4 90 999369838 -0.98112960594015119 0.19335122535873298
2 4 91 1883630895 0.74611082569082288 -0.66582177479184212
2 4 92 1880171063 0.73927899180230261 -0.67339926661659721
2 4 93 639225224 -0.30905427805324448 0.95104440128575907
2 4 94 786216088 -0.6799218395916734 0.73328459144200953
2 4 95 588980292 -0.1652707029178159 0.98624824195384553
2 4 96 66846716 0.98063417908934647 0.19584842813197037
2 4 97 466848466 0.19290207127862496 0.98121801394818287
2 4 98 2106414752 0.99743544551957886 -0.071571866128802494
2 4 99 591525431 -0.1726680624718854 0.98498007096702478
2 4 100 1179035088 -0.94433350243731351 -0.32898972046931246
2 4 101 1949864262 0.86114386654801423 -0.50836132927941691
2 4 102 1647856518 0.14640452928434985 -0.98922480448330241
2 4 103 1480171105 -0.34059582735905319 -0.9402098076416785
2 4 104 333021038 0.5553295365987243 0.83163039012595386
2 4 105 682180330 -0.42672433360606371 0.90438174633749702
2 4 106 1856540108 0.69059709701786731 -0.72323969027597934
2 4 107 60517111 0.98411870207261265 0.17751163407201298
2 4 108 464650202 0.19925862537535011 0.97994693744790384
2 4 109 2041556793 0.96564270089257376 -0.25987338111644948
2 4 110 943202334 -0.935823674746877 0.35246850892420356
2 4 111 827664855 -0.76425364257729955 0.6449157850505205
2 4 112 566699713 -0.10016162036302667 0.99497118038979049
2 4 113 957471936 -0.94982252027268987 0.31278935401134694
2 4 114 1342892411 -0.68336959336475167 -0.73007259835203653
2 4 115 1311522573 -0.74788737880530121 -0.66382563118919702
2 4 116 1843893956 0.66315221074000164 -0.74848456590009149
2 4 117 516847942 0.04665979870980707 0.99891083845574535
2 4 118 768261677 -0.64016324544611281 0.7682389076191728
2 4 119 660294173 -0.36750805834645628 0.93002033690152053
2 4 120 1585497978 -0.036946429306798936 -0.99931724760532259
2 4 121 1152380101 -0.96725051083860947 -0.25382365784624777
2 4 122 259442393 0.72133873397307968 0.69258243615479775
2 4 123 89545561 0.96533863513363283 0.26100061210337228
2 4 124 841557601 -0.79002587513650258 0.61307350017335061
2 4 125 65949168 0.98114910669516942 0.19325224560473031
2 4 126 1808977016 0.5827078649026608 -0.81268169917907118
2 4 127 2057674057 0.97689882230989145 -0.21370234198423546
2 4 128 4 0.99999999999999989 1.1795496948555158e-08
2 4 129 668822015 -0.39077711137170418 0.92048533352139117
2 4 130 1932095074 0.83333644193670187 -0.55276611196805281
2 4 131 1673511222 0.22075173013771718 -0.97533003318938383
2 4 132 681820356 -0.42576407581347647 0.90483421229896932
2 4 133 1483205806 -0.33216840960036526 -0.9432200950274352
2 4 134 360940057 0.48505800010213723 0.87448198182519177
2 4 135 55296884 0.98673457104470419 0.16234188093410623
2 4 136 594500208 -0.18130179288470832 0.98342750617256502
2 4 137 165995358 0.88256832705235777 0.47018416400810703
2 4 138 122863094 0.93508134919663899 0.35443316772643224
2 4 139 1536796947 -0.1795884224915307 -0.98374183529369308
2 4 140 1841535918 0.65793158991846201 -0.75307770049800626
2 4 141 1222444001 -0.89460897274011819 -0.44684984714428455
2 4 142 667353521 -0.38678738634680859 0.92216892040612852
2 4 143 1066350492 -0.99999567573307768 -0.002940835790285869
2 4 144 600570149 -0.19887466330421377 0.98002493248673817
2 4 145 323253123 0.57905043952849267 0.8152917198658769
2 4 146 338075814 0.54287210523738472 0.8398153828997954
2 4 147 1859532063 0.69695120589444859 -0.71711855128860946
2 4 148 176702331 0.8672855519491629 0.49781097956979198
2 4 149 1179800658 -0.94358837940637419 -0.33112077894516445
2 4 150 1951641592 0.86379641091486081 -0.50384100715464297
2 4 151 1791447047 0.53993767685454053 -0.84170499886416372
2 4 152 532187015 0.001443748420041032 0.99999895779470671
2 4 153 520017683 0.037320909364985506 0.99930333218906586
2 4 154 1131336595 -0.98112960594015131 -0.19335122535873273
2 4 155 247075538 0.74611082569082354 0.66582177479184146
2 4 156 250535370 0.73927899180230316 0.67339926661659666
2 4 157 1491481209 -0.30905427805324431 -0.95104440128575907
2 4 158 1344490345 -0.67992183959167352 -0.7332845914420093
2 4 159 1541726141 -0.1652707029178157 -0.98624824195384553
2 4 160 2063859717 0.98063417908934647 -0.19584842813197023
2 4 161 1663857967 0.19290207127862452 -0.98121801394818287
2 4 162 24291681 0.99743544551957886 0.071571866128801981
2 4 163 1539181002 -0.17266806247188565 -0.98498007096702467
2 4 164 951671345 -0.9443335024373134 0.32898972046931274
2 4 165 180842171 0.86114386654801423 0.50836132927941691
2 4 166 482849915 0.14640452928435074 0.9892248044833023
2 4 167 650535328 -0.34059582735905358 0.94020980764167827
2 4 168 1797685395 0.55532953659872353 -0.8316303901259543
2 4 169 1448526103 -0.42672433360606432 -0.90438174633749679
2 4 170 274166325 0.69059709701786753 0.72323969027597901
2 4 171 2070189322 0.98411870207261254 -0.17751163407201354
2 4 172 1666056231 0.19925862537535052 -0.97994693744790373
2 4 173 89149640 0.96564270089257376 0.25987338111644936
2 4 174 1187504099 -0.93582367474687711 -0.35246850892420334
2 4 175 1303041578 -0.76425364257729977 -0.64491578505052027
2 4 176 1564006720 -0.10016162036302692 -0.99497118038979038
2 4 177 1173234497 -0.94982252027268976 -0.31278935401134711
2 4 178 787814022 -0.68336959336475145 0.73007259835203664
2 4 179 819183860 -0.74788737880530076 0.66382563118919757
2 4 180 286812477 0.66315221074000141 0.74848456590009171
2 4 181 1613858491 0.046659798709807493 -0.99891083845574535
2 4 182 1362444756 -0.64016324544611303 -0.76823890761917268
2 4 183 1470412260 -0.36750805834645589 -0.93002033690152064
2 4 184 545208455 -0.036946429306798471 0.9993172476053227
2 4 185 978326332 -0.96725051083860936 0.253823657846248
2 4 186 1871264040 0.72133873397307957 -0.69258243615479786
2 4 187 2041160872 0.96533863513363261 -0.26100061210337283
2 4 188 1289148832 -0.79002587513650269 -0.61307350017335038
2 4 189 2064757265 0.98114910669516942 -0.19325224560473059
2 4 190 321729417 0.58270786490266069 0.81268169917907129
2 4 191 73032376 0.97689882230989145 0.21370234198423549
2 4 192 2130706429 0.99999999999999989 -1.1795497268499437e-08
2 4 193 1461884418 -0.39077711137170418 -0.92048533352139117
2 4 194 198611359 0.83333644193670198 0.5527661119680527
2 4 195 457195211 0.22075173013771765 0.97533003318938372
2 4 196 1448886077 -0.42576407581347669 -0.90483421229896921
2 4 197 647500627 -0.33216840960036481 0.94322009502743542
2 4 198 1769766376 0.48505800010213684 -0.87448198182519199
2 4 199 2075409549 0.98673457104470419 -0.1623418809341064
2 4 200 1536206225 -0.18130179288470832 -0.98342750617256502
2 4 201 1964711075 0.88256832705235755 -0.47018416400810736
2 4 202 2007843339 0.93508134919663888 -0.35443316772643246
2 4 203 593909486 -0.17958842249153026 0.98374183529369308
2 4 204 289170515 0.65793158991846246 0.75307770049800582
2 4 205 908262432 -0.89460897274011808 0.44684984714428477
2 4 206 1463352912 -0.38678738634680898 -0.92216892040612841
2 4 207 1064355941 -0.99999567573307768 0.002940835790286114
2 4 208 1530136284 -0.19887466330421422 -0.98002493248673805
2 4 209 1807453310 0.57905043952849189 -0.81529171986587745
2 4 210 1792630619 0.54287210523738494 -0.83981538289979529
2 4 211 271174370 0.69695120589444826 0.7171185512886098
2 4 212 1954004102 0.8672855519491629 -0.49781097956979187
2 4 213 950905775 -0.94358837940637397 0.33112077894516512
2 4 214 179064841 0.86379641091486092 0.50384100715464264
2 4 215 339259386 0.53993767685454108 0.84170499886416328
2 4 216 1598519418 0.001443748420041009 -0.99999895779470671
2 4 217 1610688750 0.037320909364984819 -0.99930333218906586
2 4 218 999369838 -0.98112960594015119 0.19335122535873298
2 4 219 1883630895 0.74611082569082288 -0.66582177479184212
2 4 220 1880171063 0.73927899180230261 -0.67339926661659721
2 4 221 639225224 -0.30905427805324448 0.95104440128575907
2 4 222 786216088 -0.6799218395916734 0.73328459144200953
2 4 223 588980292 -0.1652707029178159 0.98624824195384553
2 4 224 66846716 0.98063417908934647 0.19584842813197037
2 4 225 466848466 0.19290207127862496 0.98121801394818287
2 4 226 2106414752 0.99743544551957886 -0.071571866128802494
2 4 227 591525431 -0.1726680624718854 0.98498007096702478
2 4 228 1179035088 -0.94433350243731351 -0.32898972046931246
2 4 229 1949864262 0.86114386654801423 -0.50836132927941691
2 4 230 1647856518 0.14640452928434985 -0.98922480448330241
2 4 231 1480171105 -0.34059582735905319 -0.9402098076416785
2 4 232 333021038 0.5553295365987243 0.83163039012595386
2 4 233 682180330 -0.42672433360606371 0.90438174633749702
2 4 234 1856540108 0.69059709701786731 -0.72323969027597934
2 4 235 60517111 0.98411870207261265 0.17751163407201298
2 4 236 464650202 0.19925862537535011 0.97994693744790384
2 4 237 2041556793 0.96564270089257376 -0.25987338111644948
2 4 238 943202334 -0.935823674746877 0.35246850892420356
2 4 239 827664855 -0.76425364257729955 0.6449157850505205
2 4 240 566699713 -0.10016162036302667 0.99497118038979049
2 4 241 957471936 -0.94982252027268987 0.31278935401134694
2 4 242 1342892411 -0.68336959336475167 -0.73007259835203653
2 4 243 1311522573 -0.74788737880530121 -0.66382563118919702
2 4 244 1843893956 0.66315221074000164 -0.74848456590009149
2 4 245 516847942 0.04665979870980707 0.99891083845574535
2 4 246 768261677 -0.64016324544611281 0.7682389076191728
2 4 247 660294173 -0.36750805834645628 0.93002033690152053
2 4 248 1585497978 -0.036946429306798936 -0.99931724760532259
2 4 249 1152380101 -0.96725051083860947 -0.25382365784624777
2 4 250 259442393 0.72133873397307968 0.69258243615479775
2 4 251 89545561 0.96533863513363283 0.26100061210337228
2 4 252 841557601 -0.79002587513650258 0.61307350017335061
2 4 253 65949168 0.98114910669516942 0.19325224560473031
2 4 254 1808977016 0.5827078649026608 -0.81268169917907118
2 4 255 2057674057 0.97689882230989145 -0.21370234198423546
2 5 1 1368704127 -0.6258747725286643 -0.77992356619876069
2 5 2 1349765626 -0.6684329550494208 -0.74377240107703579
2 5 3 1026535811 -0.99345572928764003 0.11421783549675257
2 5 4 852275445 -0.80900463885303153 0.5878022578335983
2 5 5 788654041 -0.68517596532973246 0.7283775782754911
2 5 6 2049204896 0.97125762759408496 -0.23803071406923451
2 5 7 69121105 0.97929860011053815 0.20242097673299644
2 5 8 743125260 -0.58151248765455898 0.81353747713415536
2 5 9 1272847414 -0.81857285709415872 -0.5744027138068778
2 5 10 1218932084 -0.89918858372148147 -0.43756129959693219
2 5 11 322966359 0.57973966833856416 0.81480176543420157
2 5 12 1236566681 -0.87522915140644419 -0.48370852021476285
2 5 13 995378393 -0.97878590079957739 0.2048857252127631
2 5 14 301515293 0.63008731295791665 0.77652429327708239
2 5 15 1332938115 -0.7045026494488601 -0.7097013575579072
2 5 16 218036078 0.80032396465303313 0.59956780400722864
2 5 17 936743012 -0.92894059559897346 0.37022880742619735
2 5 18 1487947984 -0.31894629005154096 -0.94777279137056802
2 5 19 726385254 -0.54066081446647241 0.84124068119679674
2 5 20 753554522 -0.60625356027504773 0.79527141320044259
2 5 21 409397606 0.35557974179058754 0.93464594752673014
2 5 22 308845557 0.61315605103035975 0.78996180735833987
2 5 23 641278984 -0.31480836617487568 0.94915525209857288
2 5 24 1197910377 -0.92456865113982534 -0.38101549749253488
2 5 25 1182698712 -0.94072419990499534 -0.33917249256551801
2 5 26 1946847352 0.85658721718437403 -0.51600226681317019
2 5 27 1374197639 -0.61315869384243438 -0.78995975604168578
2 5 28 1378522429 -0.60303454021521619 -0.79771507652007112
2 5 29 1331674903 -0.70714143089354264 -0.70707212978156131
2 5 30 1147936323 -0.97049351077911894 -0.24112723930659549
2 5 31 1394481068 -0.56484027756082 -0.8252002549957288
2 5 32 2047148038 0.96979601537547133 -0.24391738060634105
2 5 33 481792634 0.14948800663729128 0.98876353890685575
2 5 34 1628394426 0.089421786225092739 -0.99599384744500996
2 5 35 858623036 -0.81986490207474749 0.57255702104328843
2 5 36 656912573 -0.35821585787206089 0.93363879480716927
2 5 37 758729322 -0.61831821385479535 0.78592785064242099
2 5 38 1136239002 -0.97823198281130241 -0.20751430747075661
2 5 39 813169160 -0.73599635584573464 0.6769854977632821
2 5 40 649076919 -0.33654916289052222 0.94166589667338418
2 5 41 212627804 0.80978387982092104 0.58672827440151221
2 5 42 1940737731 0.84715214527203886 -0.5313503954651605
2 5 43 1522383436 -0.22122624026896207 -0.975222513386796
2 5 44 484540464 0.14147123075260376 0.98994236744840025
2 5 45 111437050 0.94649060811300101 0.32273135694239813
2 5 46 2017056732 0.94436470837631525 -0.32890013313058586
2 5 47 563448756 -0.090618710126242563 0.99588566079397689
2 5 48 1955008400 0.86875603777513111 -0.49524029200909631
2 5 49 933866513 -0.92576677269184282 0.37809507082178384
2 5 50 2050120744 0.97189693913715713 -0.23540675371752851
2 5 51 1023979825 -0.99256662620835423 0.12170247547755597
2 5 52 1956545421 0.87099177403336958 -0.49129759776148274
2 5 53 419293289 0.32815820843655213 0.94462277668692296
2 5 54 1703055945 0.30478132324699797 -0.95242235641537154
2 5 55 1838015325 0.65007798273446393 -0.75986749921541585
2 5 56 1214187177 -0.90522278023985214 -0.42493731082929448
2 5 57 1222907915 -0.89399683447071088 -0.4480732752088083
2 5 58 208373617 0.81708050910970242 0.57652358289408201
2 5 59 420744657 0.32411232262377887 0.94601860569621965
2 5 60 1611436040 0.039522945971746791 -0.99921866312720276
2 5 61 2048269973 0.97059769359805215 -0.24070753453546401
2 5 62 2000191596 0.92684655657289383 -0.37544035554128913
2 5 63 91290470 0.96398287862978238 0.26596430156815815
2 5 64 2130706428 0.99999999999999989 -1.4744371302347352e-08
2 5 65 762002306 -0.62587477252866375 0.77992356619876113
2 5 66 780940807 -0.66843295504942057 0.74377240107703602
2 5 67 1104170622 -0.99345572928764003 -0.11421783549675278
2 5 68 1278430988 -0.80900463885303164 -0.58780225783359807
2 5 69 1342052392 -0.68517596532973268 -0.72837757827549099
2 5 70 81501537 0.97125762759408507 0.23803071406923404
2 5 71 2061585328 0.97929860011053815 -0.20242097673299636
2 5 72 1387581173 -0.58151248765455876 -0.81353747713415547
2 5 73 857859019 -0.81857285709415839 0.57440271380687835
2 5 74 911774349 -0.89918858372148136 0.43756129959693241
2 5 75 1807740074 0.57973966833856416 -0.81480176543420157
2 5 76 894139752 -0.87522915140644408 0.48370852021476307
2 5 77 1135328040 -0.9787859007995775 -0.20488572521276241
2 5 78 1829191140 0.63008731295791598 -0.77652429327708306
2 5 79 797768318 -0.70450264944885965 0.70970135755790775
2 5 80 1912670355 0.80032396465303324 -0.59956780400722864
2 5 81 1193963421 -0.92894059559897357 -0.37022880742619713
2 5 82 642758449 -0.31894629005154113 0.94777279137056802
2 5 83 1404321179 -0.54066081446647229 -0.84124068119679685
2 5 84 1377151911 -0.60625356027504784 -0.79527141320044248
2 5 85 1721308827 0.35557974179058771 -0.93464594752673003
2 5 86 1821860876 0.61315605103035964 -0.78996180735833998
2 5 87 1489427449 -0.31480836617487612 -0.94915525209857265
2 5 88 932796056 -0.92456865113982545 0.38101549749253466
2 5 89 948007721 -0.94072419990499523 0.33917249256551829
2 5 90 183859081 0.85658721718437403 0.51600226681317019
2 5 91 756508794 -0.61315869384243427 0.789959756041686
2 5 92 752184004 -0.60303454021521596 0.79771507652007123
2 5 93 799031530 -0.70714143089354242 0.70707212978156142
2 5 94 982770110 -0.97049351077911883 0.24112723930659571
2 5 95 736225365 -0.56484027756081978 0.82520025499572891
2 5 96 83558395 0.96979601537547133 0.24391738060634086
2 5 97 1648913799 0.14948800663729128 -0.98876353890685575
2 5 98 502312007 0.089421786225093419 0.99599384744500996
2 5 99 1272083397 -0.81986490207474771 -0.57255702104328821
2 5 100 1473793860 -0.35821585787206156 -0.93363879480716894
2 5 101 1371977111 -0.61831821385479546 -0.78592785064242088
2 5 102 994467431 -0.97823198281130241 0.20751430747075683
2 5 103 1317537273 -0.73599635584573453 -0.67698549776328221
2 5 104 1481629514 -0.336549162890522 -0.9416658966733843
2 5 105 1918078629 0.80978387982092115 -0.58672827440151198
2 5 106 189968702 0.84715214527203897 0.53135039546516016
2 5 107 608322997 -0.22122624026896268 0.97522251338679589
2 5 108 1646165969 0.14147123075260332 -0.98994236744840036
2 5 109 2019269383 0.9464906081130009 -0.32273135694239841
2 5 110 113649701 0.94436470837631536 0.32890013313058558
2 5 111 1567257677 -0.090618710126242591 -0.99588566079397689
2 5 112 175698033 0.86875603777513111 0.49524029200909636
2 5 113 1196839920 -0.92576677269184293 -0.37809507082178362
2 5 114 80585689 0.97189693913715725 0.23540675371752801
2 5 115 1106726608 -0.99256662620835434 -0.12170247547755572
2 5 116 174161012 0.87099177403336969 0.49129759776148263
2 5 117 1711413144 0.32815820843655147 -0.94462277668692318
2 5 118 427650488 0.30478132324699753 0.95242235641537165
2 5 119 292691108 0.65007798273446404 0.75986749921541574
2 5 120 916519256 -0.90522278023985203 0.4249373108292947
2 5 121 907798518 -0.89399683447071077 0.44807327520880852
2 5 122 1922332816 0.81708050910970242 -0.57652358289408212
2 5 123 1709961776 0.32411232262377798 -0.94601860569621998
2 5 124 519270393 0.039522945971747256 0.99921866312720276
2 5 125 82436460 0.97059769359805204 0.24070753453546442
2 5 126 130514837 0.92684655657289405 0.37544035554128852
2 5 127 2039415963 0.96398287862978216 -0.26596430156815892
2 5 128 5 0.99999999999999989 1.4744371185693948e-08
2 5 129 1368704127 -0.6258747725286643 -0.77992356619876069
2 5 130 1349765626 -0.6684329550494208 -0.74377240107703579
2 5 131 1026535811 -0.99345572928764003 0.11421783549675257
2 5 132 852275445 -0.80900463885303153 0.5878022578335983
2 5 133 788654041 -0.68517596532973246 0.7283775782754911
2 5 134 2049204896 0.97125762759408496 -0.23803071406923451
2 5 135 69121105 0.97929860011053815 0.20242097673299644
2 5 136 743125260 -0.58151248765455898 0.81353747713415536
2 5 137 1272847414 -0.81857285709415872 -0.5744027138068778
2 5 138 1218932084 -0.89918858372148147 -0.43756129959693219
2 5 139 322966359 0.57973966833856416 0.81480176543420157
2 5 140 1236566681 -0.87522915140644419 -0.48370852021476285
2 5 141 995378393 -0.97878590079957739 0.2048857252127631
2 5 142 301515293 0.63008731295791665 0.77652429327708239
2 5 143 1332938115 -0.7045026494488601 -0.7097013575579072
2 5 144 218036078 0.80032396465303313 0.59956780400722864
2 5 145 936743012 -0.92894059559897346 0.37022880742619735
2 5 146 1487947984 -0.31894629005154096 -0.94777279137056802
2 5 147 726385254 -0.54066081446647241 0.84124068119679674
2 5 148 753554522 -0.60625356027504773 0.79527141320044259
2 5 149 409397606 0.35557974179058754 0.93464594752673014
2 5 150 308845557 0.61315605103035975 0.78996180735833987
2 5 151 641278984 -0.31480836617487568 0.94915525209857288
2 5 152 1197910377 -0.92456865113982534 -0.38101549749253488
2 5 153 1182698712 -0.94072419990499534 -0.33917249256551801
2 5 154 1946847352 0.85658721718437403 -0.51600226681317019
2 5 155 1374197639 -0.61315869384243438 -0.78995975604168578
2 5 156 1378522429 -0.60303454021521619 -0.79771507652007112
2 5 157 1331674903 -0.70714143089354264 -0.70707212978156131
2 5 158 1147936323 -0.97049351077911894 -0.24112723930659549
2 5 159 1394481068 -0.56484027756082 -0.8252002549957288
2 5 160 2047148038 0.96979601537547133 -0.24391738060634105
2 5 161 481792634 0.14948800663729128 0.98876353890685575
2 5 162 1628394426 0.089421786225092739 -0.99599384744500996
2 5 163 858623036 -0.81986490207474749 0.57255702104328843
2 5 164 656912573 -0.35821585787206089 0.93363879480716927
2 5 165 758729322 -0.61831821385479535 0.78592785064242099
2 5 166 1136239002 -0.97823198281130241 -0.20751430747075661
2 5 167 813169160 -0.73599635584573464 0.6769854977632821
2 5 168 649076919 -0.33654916289052222 0.94166589667338418
2 5 169 212627804 0.80978387982092104 0.58672827440151221
2 5 170 1940737731 0.84715214527203886 -0.5313503954651605
2 5 171 1522383436 -0.22122624026896207 -0.975222513386796
2 5 172 484540464 0.14147123075260376 0.98994236744840025
2 5 173 111437050 0.94649060811300101 0.32273135694239813
2 5 174 2017056732 0.94436470837631525 -0.32890013313058586
2 5 175 563448756 -0.090618710126242563 0.99588566079397689
2 5 176 1955008400 0.86875603777513111 -0.49524029200909631
2 5 177 933866513 -0.92576677269184282 0.37809507082178384
2 5 178 2050120744 0.97189693913715713 -0.23540675371752851
2 5 179 1023979825 -0.99256662620835423 0.12170247547755597
2 5 180 1956545421 0.87099177403336958 -0.49129759776148274
2 5 181 419293289 0.32815820843655213 0.94462277668692296
2 5 182 1703055945 0.30478132324699797 -0.95242235641537154
2 5 183 1838015325 0.65007798273446393 -0.75986749921541585
2 5 184 1214187177 -0.90522278023985214 -0.42493731082929448
2 5 185 1222907915 -0.89399683447071088 -0.4480732752088083
2 5 186 208373617 0.81708050910970242 0.57652358289408201
2 5 187 420744657 0.32411232262377887 0.94601860569621965
2 5 188 1611436040 0.039522945971746791 -0.99921866312720276
2 5 189 2048269973 0.97059769359805215 -0.24070753453546401
2 5 190 2000191596 0.92684655657289383 -0.37544035554128913
2 5 191 91290470 0.96398287862978238 0.26596430156815815
2 5 192 2130706428 0.99999999999999989 -1.4744371302347352e-08
2 5 193 762002306 -0.62587477252866375 0.77992356619876113
2 5 194 780940807 -0.66843295504942057 0.74377240107703602
2 5 195 1104170622 -0.99345572928764003 -0.11421783549675278
2 5 196 1278430988 -0.80900463885303164 -0.58780225783359807
2 5 197 1342052392 -0.68517596532973268 -0.72837757827549099
2 5 198 81501537 0.97125762759408507 0.23803071406923404
2 5 199 2061585328 0.97929860011053815 -0.20242097673299636
2 5 200 1387581173 -0.58151248765455876 -0.81353747713415547
2 5 201 857859019 -0.81857285709415839 0.57440271380687835
2 5 202 911774349 -0.89918858372148136 0.43756129959693241
2 5 203 1807740074 0.57973966833856416 -0.81480176543420157
2 5 204 894139752 -0.87522915140644408 0.48370852021476307
2 5 205 1135328040 -0.9787859007995775 -0.20488572521276241
2 5 206 1829191140 0.63008731295791598 -0.77652429327708306
2 5 207 797768318 -0.70450264944885965 0.70970135755790775
2 5 208 1912670355 0.80032396465303324 -0.59956780400722864
2 5 209 1193963421 -0.92894059559897357 -0.37022880742619713
2 5 210 642758449 -0.31894629005154113 0.94777279137056802
2 5 211 1404321179 -0.54066081446647229 -0.84124068119679685
2 5 212 1377151911 -0.60625356027504784 -0.79527141320044248
2 5 213 1721308827 0.35557974179058771 -0.93464594752673003
2 5 214 1821860876 0.61315605103035964 -0.78996180735833998
2 5 215 1489427449 -0.31480836617487612 -0.94915525209857265
2 5 216 932796056 -0.92456865113982545 0.38101549749253466
2 5 217 948007721 -0.94072419990499523 0.33917249256551829
2 5 218 183859081 0.85658721718437403 0.51600226681317019
2 5 219 756508794 -0.61315869384243427 0.789959756041686
2 5 220 752184004 -0.60303454021521596 0.79771507652007123
2 5 221 799031530 -0.70714143089354242 0.70707212978156142
2 5 222 982770110 -0.97049351077911883 0.24112723930659571
2 5 223 736225365 -0.56484027756081978 0.82520025499572891
2 5 224 83558395 0.96979601537547133 0.24391738060634086
2 5 225 1648913799 0.14948800663729128 -0.98876353890685575
2 5 226 502312007 0.089421786225093419 0.99599384744500996
2 5 227 1272083397 -0.81986490207474771 -0.57255702104328821
2 5 228 1473793860 -0.35821585787206156 -0.93363879480716894
2 5 229 1371977111 -0.61831821385479546 -0.78592785064242088
2 5 230 994467431 -0.97823198281130241 0.20751430747075683
2 5 231 1317537273 -0.73599635584573453 -0.67698549776328221
2 5 232 1481629514 -0.336549162890522 -0.9416658966733843
2 5 233 1918078629 0.80978387982092115 -0.58672827440151198
2 5 234 189968702 0.84715214527203897 0.53135039546516016
2 5 235 608322997 -0.22122624026896268 0.97522251338679589
2 5 236 1646165969 0.14147123075260332 -0.98994236744840036
2 5 237 2019269383 0.9464906081130009 -0.32273135694239841
2 5 238 113649701 0.94436470837631536 0.32890013313058558
2 5 239 1567257677 -0.090618710126242591 -0.99588566079397689
2 5 240 175698033 0.86875603777513111 0.49524029200909636
2 5 241 1196839920 -0.92576677269184293 -0.37809507082178362
2 5 242 80585689 0.97189693913715725 0.23540675371752801
2 5 243 1106726608 -0.99256662620835434 -0.12170247547755572
2 5 244 174161012 0.87099177403336969 0.49129759776148263
2 5 245 1711413144 0.32815820843655147 -0.94462277668692318
2 5 246 427650488 0.30478132324699753 0.95242235641537165
2 5 247 292691108 0.65007798273446404 0.75986749921541574
2 5 248 916519256 -0.90522278023985203 0.4249373108292947
2 5 249 907798518 -0.89399683447071077 0.44807327520880852
2 5 250 1922332816 0.81708050910970242 -0.57652358289408212
2 5 251 1709961776 0.32411232262377798 -0.94601860569621998
2 5 252 519270393 0.039522945971747256 0.99921866312720276
2 5 253 82436460 0.97059769359805204 0.24070753453546442
2 5 254 130514837 0.92684655657289405 0.37544035554128852
2 5 255 2039415963 0.96398287862978216 -0.26596430156815892
2 6 1 2068586239 0.98326856003345509 -0.18216184795323034
2 6 2 767436178 -0.63829123216969474 0.76979497461031321
2 6 3 379560400 0.43633410822974128 0.89978472202819515
2 6 4 1022730534 -0.99211153956850651 0.12535825882249532
2 6 5 94102276 0.96174448021060044 0.27394808775467283
2 6 6 1606763302 0.02575107921253493 -0.99966838597576435
2 6 7 82945326 0.9702353996096611 0.24216372425340929
2 6 8 891750312 -0.87179916617313791 0.4898634645080418
2 6 9 248993037 0.74233405324340762 0.67002996455025321
2 6 10 184294641 0.85592375147553856 0.51710205149471267
2 6 11 1239842204 -0.87051620409769059 -0.49213975495111945
2 6 12 631597444 -0.28758571414938056 0.95775490446000366
2 6 13 768312785 -0.64027902027896322 0.7681424192105335
2 6 14 2066383498 0.98206457332488217 -0.18854488542577078
2 6 15 1599525738 0.0044112457373230119 -0.99999027040819
2 6 16 1966208440 0.88463583408898183 -0.46628257639085263
2 6 17 1550232901 -0.14048090238074862 -0.99008338844073662
2 6 18 507113721 0.075310368302776862 0.99716014181579682
2 6 19 1723944878 0.36283428644648219 -0.93185367981184264
2 6 20 1330406713 -0.70978074068556607 -0.70442267152033744
2 6 21 1769700987 0.48488937002669191 -0.87457549636101617
2 6 22 796755955 -0.70238081967956423 0.71180136565355334
2 6 23 1621817354 0.070088920145302686 -0.99754074767543477
2 6 24 1863633739 0.70557379726621361 -0.70863644883066534
2 6 25 1845379741 0.66642524024103966 -0.74557186050016167
2 6 26 631651676 -0.28773887784168573 0.95770890054254354
2 6 27 370613307 0.45991928211713295 0.88796072769963263
2 6 28 375803055 0.44627668005294879 0.89489503565553319
2 6 29 1171868597 -0.95107468606868817 -0.30896106796706008
2 6 30 951382301 -0.94405274360090963 0.32979450768561214
2 6 31 1247235995 -0.85957984647626273 -0.51100145550853826
2 6 32 2030436359 0.95660309966948798 -0.29139407973177422
2 6 33 1430433734 -0.47434495011941358 -0.88033906439292531
2 6 34 1101790738 -0.99423283628250936 -0.1072430289465795
2 6 35 178065070 0.86527807828535142 0.50129217751607613
2 6 36 362153801 0.48192497283486474 0.87621248596337342
2 6 37 1336616473 -0.69676321434695021 -0.71730120809385645
2 6 38 1789628089 0.53541512794775969 -0.84458903661170281
2 6 39 975802992 -0.96533504574235673 0.2610138874880073
2 6 40 1631174876 0.097585039107791455 -0.99522719021454131
2 6 41 1107435938 -0.9923098868938216 -0.12377838410954857
2 6 42 1476602704 -0.35047039568710076 -0.93657381009022833
2 6 43 974577550 -0.96438552563120661 0.26450058214117667
2 6 44 1433731130 -0.46576259057129887 -0.88490971812061858
2 6 45 133724460 0.9232516372405235 0.38419580207583331
2 6 46 715902932 -0.5144030449173671 0.85754854520297641
2 6 47 1954562367 0.86810389929829646 -0.4963825339625611
2 6 48 215303647 0.80512900683159472 0.59309972378881604
2 6 49 694498529 -0.45928711455797971 0.88828787360911621
2 6 50 1181721033 -0.94169814098129634 -0.33645892954767975
2 6 51 1228775790 -0.88611009436786303 -0.4634748112458506
2 6 52 1495571932 -0.29755959536943127 -0.9547032456232567
2 6 53 1355434520 -0.65590660270075984 -0.75484205535565352
2 6 54 2043667134 0.96724121801112839 -0.25385906755589582
2 6 55 74911957 0.97569934592894747 0.21911363799139508
2 6 56 1883165899 0.74519713992545566 -0.66684422667285714
2 6 57 1467489498 -0.37551002189106608 -0.92681833357965626
2 6 58 676189627 -0.41068192598433129 0.91177867691112424
2 6 59 931034875 -0.92257738664686195 0.38581208592765293
2 6 60 1933723248 0.8359808116787335 -0.5487586741956485
2 6 61 2031782681 0.95775243128680942 -0.28759395050001546
2 6 62 1547947342 -0.14715065099776273 -0.98911409145302076
2 6 63 109548564 0.94827318337374478 0.31745546096141458
2 6 64 2130706427 0.99999999999999989 -1.7693245336195265e-08
2 6 65 62120194 0.98326856003345497 0.18216184795323062
2 6 66 1363270255 -0.63829123216969497 -0.7697949746103131
2 6 67 1751146033 0.43633410822974122 -0.89978472202819515
2 6 68 1107975899 -0.99211153956850651 -0.12535825882249507
2 6 69 2036604157 0.96174448021060044 -0.273948087754673
2 6 70 523943131 0.025751079212534955 0.99966838597576435
2 6 71 2047761107 0.97023539960966121 -0.24216372425340899
2 6 72 1238956121 -0.87179916617313802 -0.48986346450804158
2 6 73 1881713396 0.74233405324340707 -0.67002996455025388
2 6 74 1946411792 0.85592375147553823 -0.51710205149471322
2 6 75 890864229 -0.87051620409769048 0.49213975495111967
2 6 76 1499108989 -0.28758571414938017 -0.95775490446000378
2 6 77 1362393648 -0.64027902027896344 -0.76814241921053339
2 6 78 64322935 0.98206457332488217 0.18854488542577086
2 6 79 531180695 0.0044112457373237015 0.99999027040819
2 6 80 164497993 0.88463583408898183 0.46628257639085263
2 6 81 580473532 -0.14048090238074859 0.99008338844073662
2 6 82 1623592712 0.075310368302776404 -0.99716014181579693
2 6 83 406761555 0.36283428644648197 0.93185367981184275
2 6 84 800299720 -0.70978074068556596 0.70442267152033755
2 6 85 361005446 0.48488937002669275 0.87457549636101573
2 6 86 1333950478 -0.70238081967956467 -0.71180136565355279
2 6 87 508889079 0.070088920145302047 0.99754074767543477
2 6 88 267072694 0.70557379726621383 0.70863644883066512
2 6 89 285326692 0.66642524024104022 0.74557186050016122
2 6 90 1499054757 -0.28773887784168617 -0.95770890054254332
2 6 91 1760093126 0.45991928211713229 -0.88796072769963297
2 6 92 1754903378 0.44627668005294918 -0.89489503565553297
2 6 93 958837836 -0.95107468606868806 0.3089610679670603
2 6 94 1179324132 -0.94405274360090963 -0.32979450768561192
2 6 95 883470438 -0.85957984647626262 0.51100145550853848
2 6 96 100270074 0.9566030996694882 0.29139407973177367
2 6 97 700272699 -0.47434495011941374 0.8803390643929252
2 6 98 1028915695 -0.99423283628250936 0.10724302894657975
2 6 99 1952641363 0.86527807828535142 -0.50129217751607624
2 6 100 1768552632 0.48192497283486435 -0.87621248596337364
2 6 101 794089960 -0.69676321434694999 0.71730120809385667
2 6 102 341078344 0.53541512794775981 0.84458903661170259
2 6 103 1154903441 -0.96533504574235673 -0.26101388748800708
2 6 104 499531557 0.097585039107791927 0.99522719021454131
2 6 105 1023270495 -0.9923098868938216 0.12377838410954881
2 6 106 654103729 -0.35047039568710031 0.93657381009022844
2 6 107 1156128883 -0.96438552563120672 -0.26450058214117644
2 6 108 696975303 -0.46576259057129826 0.88490971812061892
2 6 109 1996981973 0.92325163724052328 -0.38419580207583376
2 6 110 1414803501 -0.51440304491736688 -0.85754854520297652
2 6 111 176144066 0.86810389929829668 0.49638253396256066
2 6 112 1915402786 0.80512900683159483 -0.59309972378881592
2 6 113 1436207904 -0.45928711455798032 -0.88828787360911587
2 6 114 948985400 -0.94169814098129623 0.33645892954767997
2 6 115 901930643 -0.88611009436786292 0.46347481124585083
2 6 116 635134501 -0.29755959536943166 0.95470324562325648
2 6 117 775271913 -0.65590660270075973 0.75484205535565374
2 6 118 87039299 0.96724121801112839 0.25385906755589582
2 6 119 2055794476 0.97569934592894736 -0.21911363799139572
2 6 120 247540534 0.74519713992545578 0.66684422667285703
2 6 121 663216935 -0.37551002189106542 0.92681833357965659
2 6 122 1454516806 -0.4106819259843319 -0.91177867691112391
2 6 123 1199671558 -0.92257738664686195 -0.3858120859276527
2 6 124 196983185 0.83598081167873362 0.54875867419564839
2 6 125 98923752 0.95775243128680965 0.28759395050001485
2 6 126 582759091 -0.14715065099776206 0.98911409145302087
2 6 127 2021157869 0.94827318337374478 -0.31745546096141447
2 6 128 6 0.99999999999999989 1.7693245422832736e-08
2 6 129 2068586239 0.98326856003345509 -0.18216184795323034
2 6 130 767436178 -0.63829123216969474 0.76979497461031321
2 6 131 379560400 0.43633410822974128 0.89978472202819515
2 6 132 1022730534 -0.99211153956850651 0.12535825882249532
2 6 133 94102276 0.96174448021060044 0.27394808775467283
2 6 134 1606763302 0.02575107921253493 -0.99966838597576435
2 6 135 82945326 0.9702353996096611 0.24216372425340929
2 6 136 891750312 -0.87179916617313791 0.4898634645080418
2 6 137 248993037 0.74233405324340762 0.67002996455025321
2 6 138 184294641 0.85592375147553856 0.51710205149471267
2 6 139 1239842204 -0.87051620409769059 -0.49213975495111945
2 6 140 631597444 -0.28758571414938056 0.95775490446000366
2 6 141 768312785 -0.64027902027896322 0.7681424192105335
2 6 142 2066383498 0.98206457332488217 -0.18854488542577078
2 6 143 1599525738 0.0044112457373230119 -0.99999027040819
2 6 144 1966208440 0.88463583408898183 -0.46628257639085263
2 6 145 1550232901 -0.14048090238074862 -0.99008338844073662
2 6 146 507113721 0.075310368302776862 0.99716014181579682
2 6 147 1723944878 0.36283428644648219 -0.93185367981184264
2 6 148 1330406713 -0.70978074068556607 -0.70442267152033744
2 6 149 1769700987 0.48488937002669191 -0.87457549636101617
2 6 150 796755955 -0.70238081967956423 0.71180136565355334
2 6 151 1621817354 0.070088920145302686 -0.99754074767543477
2 6 152 1863633739 0.70557379726621361 -0.70863644883066534
2 6 153 1845379741 0.66642524024103966 -0.74557186050016167
2 6 154 631651676 -0.28773887784168573 0.95770890054254354
2 6 155 370613307 0.45991928211713295 0.88796072769963263
2 6 156 375803055 0.44627668005294879 0.89489503565553319
2 6 157 1171868597 -0.95107468606868817 -0.30896106796706008
2 6 158 951382301 -0.94405274360090963 0.32979450768561214
2 6 159 1247235995 -0.85957984647626273 -0.51100145550853826
2 6 160 2030436359 0.95660309966948798 -0.29139407973177422
2 6 161 1430433734 -0.47434495011941358 -0.88033906439292531
2 6 162 1101790738 -0.99423283628250936 -0.1072430289465795
2 6 163 178065070 0.86527807828535142 0.50129217751607613
2 6 164 362153801 0.48192497283486474 0.87621248596337342
2 6 165 1336616473 -0.69676321434695021 -0.71730120809385645
2 6 166 1789628089 0.53541512794775969 -0.84458903661170281
2 6 167 975802992 -0.96533504574235673 0.2610138874880073
2 6 168 1631174876 0.097585039107791455 -0.99522719021454131
2 6 169 1107435938 -0.9923098868938216 -0.12377838410954857
2 6 170 1476602704 -0.35047039568710076 -0.93657381009022833
2 6 171 974577550 -0.96438552563120661 0.26450058214117667
2 6 172 1433731130 -0.46576259057129887 -0.88490971812061858
2 6 173 133724460 0.9232516372405235 0.38419580207583331
2 6 174 715902932 -0.5144030449173671 0.85754854520297641
2 6 175 1954562367 0.86810389929829646 -0.4963825339625611
2 6 176 215303647 0.80512900683159472 0.59309972378881604
2 6 177 694498529 -0.45928711455797971 0.88828787360911621
2 6 178 1181721033 -0.94169814098129634 -0.33645892954767975
2 6 179 1228775790 -0.88611009436786303 -0.4634748112458506
2 6 180 1495571932 -0.29755959536943127 -0.9547032456232567
2 6 181 1355434520 -0.65590660270075984 -0.75484205535565352
2 6 182 2043667134 0.96724121801112839 -0.25385906755589582
2 6 183 74911957 0.97569934592894747 0.21911363799139508
2 6 184 1883165899 0.74519713992545566 -0.66684422667285714
2 6 185 1467489498 -0.37551002189106608 -0.92681833357965626
2 6 186 676189627 -0.41068192598433129 0.91177867691112424
2 6 187 931034875 -0.92257738664686195 0.38581208592765293
2 6 188 1933723248 0.8359808116787335 -0.5487586741956485
2 6 189 2031782681 0.95775243128680942 -0.28759395050001546
2 6 190 1547947342 -0.14715065099776273 -0.98911409145302076
2 6 191 109548564 0.94827318337374478 0.31745546096141458
2 6 192 2130706427 0.99999999999999989 -1.7693245336195265e-08
2 6 193 62120194 0.98326856003345497 0.18216184795323062
2 6 194 1363270255 -0.63829123216969497 -0.7697949746103131
2 6 195 1751146033 0.43633410822974122 -0.89978472202819515
2 6 196 1107975899 -0.99211153956850651 -0.12535825882249507
2 6 197 2036604157 0.96174448021060044 -0.273948087754673
2 6 198 523943131 0.025751079212534955 0.99966838597576435
2 6 199 2047761107 0.97023539960966121 -0.24216372425340899
2 6 200 1238956121 -0.87179916617313802 -0.48986346450804158
2 6 201 1881713396 0.74233405324340707 -0.67002996455025388
2 6 202 1946411792 0.85592375147553823 -0.51710205149471322
2 6 203 890864229 -0.87051620409769048 0.49213975495111967
2 6 204 1499108989 -0.28758571414938017 -0.95775490446000378
2 6 205 1362393648 -0.64027902027896344 -0.76814241921053339
2 6 206 64322935 0.98206457332488217 0.18854488542577086
2 6 207 531180695 0.0044112457373237015 0.99999027040819
2 6 208 164497993 0.88463583408898183 0.46628257639085263
2 6 209 580473532 -0.14048090238074859 0.99008338844073662
2 6 210 1623592712 0.075310368302776404 -0.99716014181579693
2 6 211 406761555 0.36283428644648197 0.93185367981184275
2 6 212 800299720 -0.70978074068556596 0.70442267152033755
2 6 213 361005446 0.48488937002669275 0.87457549636101573
2 6 214 1333950478 -0.70238081967956467 -0.71180136565355279
2 6 215 508889079 0.070088920145302047 0.99754074767543477
2 6 216 267072694 0.70557379726621383 0.70863644883066512
2 6 217 285326692 0.66642524024104022 0.74557186050016122
2 6 218 1499054757 -0.28773887784168617 -0.95770890054254332
2 6 219 1760093126 0.45991928211713229 -0.88796072769963297
2 6 220 1754903378 0.44627668005294918 -0.89489503565553297
2 6 221 958837836 -0.95107468606868806 0.3089610679670603
2 6 222 1179324132 -0.94405274360090963 -0.32979450768561192
2 6 223 883470438 -0.85957984647626262 0.51100145550853848
2 6 224 100270074 0.9566030996694882 0.29139407973177367
2 6 225 700272699 -0.47434495011941374 0.8803390643929252
2 6 226 1028915695 -0.99423283628250936 0.10724302894657975
2 6 227 1952641363 0.86527807828535142 -0.50129217751607624
2 6 228 1768552632 0.48192497283486435 -0.87621248596337364
2 6 229 794089960 -0.69676321434694999 0.71730120809385667
2 6 230 341078344 0.53541512794775981 0.84458903661170259
2 6 231 1154903441 -0.96533504574235673 -0.26101388748800708
2 6 232 499531557 0.097585039107791927 0.99522719021454131
2 6 233 1023270495 -0.9923098868938216 0.12377838410954881
2 6 234 654103729 -0.35047039568710031 0.93657381009022844
2 6 235 1156128883 -0.96438552563120672 -0.26450058214117644
2 6 236 696975303 -0.46576259057129826 0.88490971812061892
2 6 237 1996981973 0.92325163724052328 -0.38419580207583376
2 6 238 1414803501 -0.51440304491736688 -0.85754854520297652
2 6 239 176144066 0.86810389929829668 0.49638253396256066
2 6 240 1915402786 0.80512900683159483 -0.59309972378881592
2 6 241 1436207904 -0.45928711455798032 -0.88828787360911587
2 6 242 948985400 -0.94169814098129623 0.33645892954767997
2 6 243 901930643 -0.88611009436786292 0.46347481124585083
2 6 244 635134501 -0.29755959536943166 0.95470324562325648
2 6 245 775271913 -0.65590660270075973 0.75484205535565374
2 6 246 87039299 0.96724121801112839 0.25385906755589582
2 6 247 2055794476 0.97569934592894736 -0.21911363799139572
2 6 248 247540534 0.74519713992545578 0.66684422667285703
2 6 249 663216935 -0.37551002189106542 0.92681833357965659
2 6 250 1454516806 -0.4106819259843319 -0.91177867691112391
2 6 251 1199671558 -0.92257738664686195 -0.3858120859276527
2 6 252 196983185 0.83598081167873362 0.54875867419564839
2 6 253 98923752 0.95775243128680965 0.28759395050001485
2 6 254 582759091 -0.14715065099776206 0.98911409145302087
2 6 255 2021157869 0.94827318337374478 -0.31745546096141447
2 7 1 637761918 -0.30494755667952328 0.95236914464675348
2 7 2 185106730 0.85468296910172725 0.51915028876757441
2 7 3 1863291422 0.70485810499285406 -0.70934832897941102
2 7 4 1193185623 -0.92978731874019394 -0.36809719084763604
2 7 5 1530256944 -0.19852594690924638 -0.98009563227461993
2 7 6 1164321708 -0.95771448034849005 -0.28772030538497223
2 7 7 96769547 0.95956002920602279 0.28150408584980924
2 7 8 1040375364 -0.99728858281900357 0.073589962487172464
2 7 9 1355845093 -0.65499221367029714 -0.75563562649684779
2 7 10 1280363631 -0.80564156251398467 -0.59240330244692707
2 7 11 26011616 0.99705961480109462 0.076629788807570945
2 7 12 26628207 0.99691863466254871 0.078442564099853659
2 7 13 541247177 -0.025270838887191765 0.9996806413559971
2 7 14 1700545270 0.29772161862535268 -0.95465273152235841
2 7 15 1866113361 0.71073650474578498 -0.70345832912955464
2 7 16 1583674369 -0.042319791223062245 -0.99910411633164464
2 7 17 33016357 0.99526415237656951 0.097207340227724703
2 7 18 1656985891 0.1729795514100354 -0.98492541585339488
2 7 19 590798069 -0.17055498407315012 0.98534816050358942
2 7 20 1907258904 0.79065475628533921 -0.61226224476393354
2 7 21 999297935 -0.98108858706381186 0.19355925277065228
2 7 22 1284666353 -0.79806039159813402 -0.60257747332789746
2 7 23 471649291 0.1789920727162661 0.9838505160362192
2 7 24 398650668 0.38501644608864383 0.9229097118577041
2 7 25 377354337 0.4421782957310974 0.89692717362355689
2 7 26 1447162433 -0.43035765605203519 -0.90265845582778326
2 7 27 1497735408 -0.29146274749885248 -0.95658217985723537
2 7 28 1503790114 -0.27433783892691538 -0.96163337615377609
2 7 29 1012062291 -0.987677606146807 0.15650222463630589
2 7 30 754828279 -0.60923643462804222 0.79298862962952454
2 7 31 1099990922 -0.99478801543820261 -0.1019647210584248
2 7 32 2013724680 0.94108746555789125 -0.33816324781061702
2 7 33 248368401 0.74356697033565888 0.66866146937433846
2 7 34 575187050 -0.12502987905899238 0.99215297678457515
2 7 35 1628213537 0.088890491574095717 -0.9960414050167371
2 7 36 67395029 0.9803162288357069 0.19743376479553298
2 7 37 1914503624 0.80355356522834975 -0.59523244855166313
2 7 38 312310743 0.60505203630709337 0.79618592888887429
2 7 39 1138436824 -0.9768665260269328 -0.21384992477920567
2 7 40 482566400 0.14723151949738247 0.98910205725521161
2 7 41 2002244072 0.92910191666357012 -0.36982378026849555
2 7 42 1012467677 -0.98786398819709353 0.15532141134863758
2 7 43 426771664 0.30724853903280674 0.95162930559236447
2 7 44 252215363 0.73593385413179135 0.67705344127530076
2 7 45 156011870 0.89602613247311458 0.44400131748146043
2 7 46 1545455565 -0.15441456115147742 -0.9880061453778497
2 7 47 1214969545 -0.90423999705501401 -0.42702462192003421
2 7 48 606305327 -0.21541992609792135 0.97652150792492332
2 7 49 455130545 0.22668584068192543 0.97396793049582941
2 7 50 313321322 0.60267666304021961 0.79798548848127915
2 7 51 1433571755 -0.46617842618310762 -0.88469072277346783
2 7 52 1034598443 -0.99589030228921882 0.090567686325137287
2 7 53 160869318 0.88957455319651324 0.45679001117058576
2 7 54 253571890 0.73321960541230968 0.67999191924538105
2 7 55 442515022 0.26275379630505286 0.96486291385216105
2 7 56 421438188 0.32217690973784124 0.94667948051691442
2 7 57 1712071081 0.32999032169787518 -0.94398431532824356
2 7 58 1144005637 -0.97322318391659179 -0.2298622071747588
2 7 59 1441325093 -0.44583111615596877 -0.89511709617631763
2 7 60 125304023 0.93250594020190802 0.3611546365314387
2 7 61 2015295389 0.94264367744212918 -0.33380068510771382
2 7 62 1095703088 -0.99599773064626584 -0.089378523972420604
2 7 63 127806658 0.92981526534405479 0.36802659188320203
2 7 64 2130706426 0.99999999999999978 -2.064211937004318e-08
2 7 65 1492944515 -0.30494755667952306 -0.9523691446467536
2 7 66 1945599703 0.85468296910172692 -0.51915028876757485
2 7 67 267415011 0.70485810499285406 0.70934832897941102
2 7 68 937520810 -0.92978731874019382 0.36809719084763626
2 7 69 600449489 -0.1985259469092468 0.98009563227461993
2 7 70 966384725 -0.95771448034848983 0.2877203053849729
2 7 71 2033936886 0.95956002920602268 -0.28150408584980963
2 7 72 1090331069 -0.99728858281900357 -0.073589962487172214
2 7 73 774861340 -0.65499221367029703 0.75563562649684801
2 7 74 850342802 -0.80564156251398444 0.59240330244692729
2 7 75 2104694817 0.99705961480109451 -0.076629788807571791
2 7 76 2104078226 0.99691863466254871 -0.07844256409985402
2 7 77 1589459256 -0.025270838887192233 -0.99968064135599699
2 7 78 430161163 0.2977216186253529 0.9546527315223583
2 7 79 264593072 0.71073650474578509 0.70345832912955453
2 7 80 547032064 -0.04231979122306178 0.99910411633164464
2 7 81 2097690076 0.99526415237656951 -0.097207340227725189
2 7 82 473720542 0.17297955141003565 0.98492541585339488
2 7 83 1539908364 -0.17055498407315078 -0.98534816050358931
2 7 84 223447529 0.79065475628533921 0.61226224476393354
2 7 85 1131408498 -0.98108858706381186 -0.19355925277065203
2 7 86 846040080 -0.7980603915981338 0.60257747332789768
2 7 87 1659057142 0.17899207271626544 -0.98385051603621942
2 7 88 1732055765 0.38501644608864405 -0.92290971185770398
2 7 89 1753352096 0.4421782957310964 -0.89692717362355734
2 7 90 683544000 -0.43035765605203535 0.90265845582778315
2 7 91 632971025 -0.29146274749885226 0.95658217985723537
2 7 92 626916319 -0.27433783892691488 0.9616333761537762
2 7 93 1118644142 -0.987677606146807 -0.15650222463630609
2 7 94 1375878154 -0.609236434628042 -0.79298862962952466
2 7 95 1030715511 -0.99478801543820261 0.10196472105842505
2 7 96 116981753 0.94108746555789125 0.33816324781061702
2 7 97 1882338032 0.74356697033565844 -0.66866146937433901
2 7 98 1555519383 -0.12502987905899282 -0.99215297678457515
2 7 99 502492896 0.088890491574096619 0.99604140501673699
2 7 100 2063311404 0.9803162288357069 -0.19743376479553312
2 7 101 216202809 0.80355356522834986 0.59523244855166302
2 7 102 1818395690 0.60505203630709381 -0.79618592888887407
2 7 103 992269609 -0.97686652602693269 0.21384992477920592
2 7 104 1648140033 0.14723151949738203 -0.98910205725521172
2 7 105 128462361 0.92910191666357012 0.36982378026849544
2 7 106 1118238756 -0.98786398819709353 -0.15532141134863733
2 7 107 1703934769 0.30724853903280652 -0.95162930559236458
2 7 108 1878491070 0.73593385413179124 -0.67705344127530098
2 7 109 1974694563 0.89602613247311413 -0.4440013174814611
2 7 110 585250868 -0.15441456115147675 0.98800614537784981
2 7 111 915736888 -0.9042399970550139 0.42702462192003443
2 7 112 1524401106 -0.21541992609792157 -0.97652150792492332
2 7 113 1675575888 0.2266858406819254 -0.97396793049582941
2 7 114 1817385111 0.60267666304021961 -0.79798548848127915
2 7 115 697134678 -0.4661784261831074 0.88469072277346794
2 7 116 1096107990 -0.99589030228921882 -0.090567686325137051
2 7 117 1969837115 0.88957455319651324 -0.45679001117058576
2 7 118 1877134543 0.73321960541230946 -0.67999191924538138
2 7 119 1688191411 0.26275379630505175 -0.96486291385216139
2 7 120 1709268245 0.32217690973784119 -0.94667948051691442
2 7 121 418635352 0.32999032169787584 0.94398431532824334
2 7 122 986700796 -0.97322318391659179 0.22986220717475905
2 7 123 689381340 -0.44583111615596854 0.89511709617631774
2 7 124 2005402410 0.9325059402019078 -0.36115463653143931
2 7 125 115411044 0.94264367744212918 0.33380068510771382
2 7 126 1035003345 -0.99599773064626573 0.089378523972420854
2 7 127 2002899775 0.92981526534405456 -0.36802659188320258
2 7 128 7 0.99999999999999978 2.0642119659971526e-08
2 7 129 637761918 -0.30494755667952328 0.95236914464675348
2 7 130 185106730 0.85468296910172725 0.51915028876757441
2 7 131 1863291422 0.70485810499285406 -0.70934832897941102
2 7 132 1193185623 -0.92978731874019394 -0.36809719084763604
2 7 133 1530256944 -0.19852594690924638 -0.98009563227461993
2 7 134 1164321708 -0.95771448034849005 -0.28772030538497223
2 7 135 96769547 0.95956002920602279 0.28150408584980924
2 7 136 1040375364 -0.99728858281900357 0.073589962487172464
2 7 137 1355845093 -0.65499221367029714 -0.75563562649684779
2 7 138 1280363631 -0.80564156251398467 -0.59240330244692707
2 7 139 26011616 0.99705961480109462 0.076629788807570945
2 7 140 26628207 0.99691863466254871 0.078442564099853659
2 7 141 541247177 -0.025270838887191765 0.9996806413559971
2 7 142 1700545270 0.29772161862535268 -0.95465273152235841
2 7 143 1866113361 0.71073650474578498 -0.70345832912955464
2 7 144 1583674369 -0.042319791223062245 -0.99910411633164464
2 7 145 33016357 0.99526415237656951 0.097207340227724703
2 7 146 1656985891 0.1729795514100354 -0.98492541585339488
2 7 147 590798069 -0.17055498407315012 0.98534816050358942
2 7 148 1907258904 0.79065475628533921 -0.61226224476393354
2 7 149 999297935 -0.98108858706381186 0.19355925277065228
2 7 150 1284666353 -0.79806039159813402 -0.60257747332789746
2 7 151 471649291 0.1789920727162661 0.9838505160362192
2 7 152 398650668 0.38501644608864383 0.9229097118577041
2 7 153 377354337 0.4421782957310974 0.89692717362355689
2 7 154 1447162433 -0.43035765605203519 -0.90265845582778326
2 7 155 1497735408 -0.29146274749885248 -0.95658217985723537
2 7 156 1503790114 -0.27433783892691538 -0.96163337615377609
2 7 157 1012062291 -0.987677606146807 0.15650222463630589
2 7 158 754828279 -0.60923643462804222 0.79298862962952454
2 7 159 1099990922 -0.99478801543820261 -0.1019647210584248
2 7 160 2013724680 0.94108746555789125 -0.33816324781061702
2 7 161 248368401 0.74356697033565888 0.66866146937433846
2 7 162 575187050 -0.12502987905899238 0.99215297678457515
2 7 163 1628213537 0.088890491574095717 -0.9960414050167371
2 7 164 67395029 0.9803162288357069 0.19743376479553298
2 7 165 1914503624 0.80355356522834975 -0.59523244855166313
2 7 166 312310743 0.60505203630709337 0.79618592888887429
2 7 167 1138436824 -0.9768665260269328 -0.21384992477920567
2 7 168 482566400 0.14723151949738247 0.98910205725521161
2 7 169 2002244072 0.92910191666357012 -0.36982378026849555
2 7 170 1012467677 -0.98786398819709353 0.15532141134863758
2 7 171 426771664 0.30724853903280674 0.95162930559236447
2 7 172 252215363 0.73593385413179135 0.67705344127530076
2 7 173 156011870 0.89602613247311458 0.44400131748146043
2 7 174 1545455565 -0.15441456115147742 -0.9880061453778497
2 7 175 1214969545 -0.90423999705501401 -0.42702462192003421
2 7 176 606305327 -0.21541992609792135 0.97652150792492332
2 7 177 455130545 0.22668584068192543 0.97396793049582941
2 7 178 313321322 0.60267666304021961 0.79798548848127915
2 7 179 1433571755 -0.46617842618310762 -0.88469072277346783
2 7 180 1034598443 -0.99589030228921882 0.090567686325137287
2 7 181 160869318 0.88957455319651324 0.45679001117058576
2 7 182 253571890 0.73321960541230968 0.67999191924538105
2 7 183 442515022 0.26275379630505286 0.96486291385216105
2 7 184 421438188 0.32217690973784124 0.94667948051691442
2 7 185 1712071081 0.32999032169787518 -0.94398431532824356
2 7 186 1144005637 -0.97322318391659179 -0.2298622071747588
2 7 187 1441325093 -0.44583111615596877 -0.89511709617631763
2 7 188 125304023 0.93250594020190802 0.3611546365314387
2 7 189 2015295389 0.94264367744212918 -0.33380068510771382
2 7 190 1095703088 -0.99599773064626584 -0.089378523972420604
2 7 191 127806658 0.92981526534405479 0.36802659188320203
2 7 192 2130706426 0.99999999999999978 -2.064211937004318e-08
2 7 193 1492944515 -0.30494755667952306 -0.9523691446467536
2 7 194 1945599703 0.85468296910172692 -0.51915028876757485
2 7 195 267415011 0.70485810499285406 0.70934832897941102
2 7 196 937520810 -0.92978731874019382 0.36809719084763626
2 7 197 600449489 -0.1985259469092468 0.98009563227461993
2 7 198 966384725 -0.95771448034848983 0.2877203053849729
2 7 199 2033936886 0.95956002920602268 -0.28150408584980963
2 7 200 1090331069 -0.99728858281900357 -0.073589962487172214
2 7 201 774861340 -0.65499221367029703 0.75563562649684801
2 7 202 850342802 -0.80564156251398444 0.59240330244692729
2 7 203 2104694817 0.99705961480109451 -0.076629788807571791
2 7 204 2104078226 0.99691863466254871 -0.07844256409985402
2 7 205 1589459256 -0.025270838887192233 -0.99968064135599699
2 7 206 430161163 0.2977216186253529 0.9546527315223583
2 7 207 264593072 0.71073650474578509 0.70345832912955453
2 7 208 547032064 -0.04231979122306178 0.99910411633164464
2 7 209 2097690076 0.99526415237656951 -0.097207340227725189
2 7 210 473720542 0.17297955141003565 0.98492541585339488
2 7 211 1539908364 -0.17055498407315078 -0.98534816050358931
2 7 212 223447529 0.79065475628533921 0.61226224476393354
2 7 213 1131408498 -0.98108858706381186 -0.19355925277065203
2 7 214 846040080 -0.7980603915981338 0.60257747332789768
2 7 215 1659057142 0.17899207271626544 -0.98385051603621942
2 7 216 1732055765 0.38501644608864405 -0.92290971185770398
2 7 217 1753352096 0.4421782957310964 -0.89692717362355734
2 7 218 683544000 -0.43035765605203535 0.90265845582778315
2 7 219 632971025 -0.29146274749885226 0.95658217985723537
2 7 220 626916319 -0.27433783892691488 0.9616333761537762
2 7 221 1118644142 -0.987677606146807 -0.15650222463630609
2 7 222 1375878154 -0.609236434628042 -0.79298862962952466
2 7 223 1030715511 -0.99478801543820261 0.10196472105842505
2 7 224 116981753 0.94108746555789125 0.33816324781061702
2 7 225 1882338032 0.74356697033565844 -0.66866146937433901
2 7 226 1555519383 -0.12502987905899282 -0.99215297678457515
2 7 227 502492896 0.088890491574096619 0.99604140501673699
2 7 228 2063311404 0.9803162288357069 -0.19743376479553312
2 7 229 216202809 0.80355356522834986 0.59523244855166302
2 7 230 1818395690 0.60505203630709381 -0.79618592888887407
2 7 231 992269609 -0.97686652602693269 0.21384992477920592
2 7 232 1648140033 0.14723151949738203 -0.98910205725521172
2 7 233 128462361 0.92910191666357012 0.36982378026849544
2 7 234 1118238756 -0.98786398819709353 -0.15532141134863733
2 7 235 1703934769 0.30724853903280652 -0.95162930559236458
2 7 236 1878491070 0.73593385413179124 -0.67705344127530098
2 7 237 1974694563 0.89602613247311413 -0.4440013174814611
2 7 238 585250868 -0.15441456115147675 0.98800614537784981
2 7 239 915736888 -0.9042399970550139 0.42702462192003443
2 7 240 1524401106 -0.21541992609792157 -0.97652150792492332
2 7 241 1675575888 0.2266858406819254 -0.97396793049582941
2 7 242 1817385111 0.60267666304021961 -0.79798548848127915
2 7 243 697134678 -0.4661784261831074 0.88469072277346794
2 7 244 1096107990 -0.99589030228921882 -0.090567686325137051
2 7 245 1969837115 0.88957455319651324 -0.45679001117058576
2 7 246 1877134543 0.73321960541230946 -0.67999191924538138
2 7 247 1688191411 0.26275379630505175 -0.96486291385216139
2 7 248 1709268245 0.32217690973784119 -0.94667948051691442
2 7 249 418635352 0.32999032169787584 0.94398431532824334
2 7 250 986700796 -0.97322318391659179 0.22986220717475905
2 7 251 689381340 -0.44583111615596854 0.89511709617631774
2 7 252 2005402410 0.9325059402019078 -0.36115463653143931
2 7 253 115411044 0.94264367744212918 0.33380068510771382
2 7 254 1035003345 -0.99599773064626573 0.089378523972420854
2 7 255 2002899775 0.92981526534405456 -0.36802659188320258
2 8 1 1337644030 -0.69458649845597342 -0.71940919938701786
2 8 2 1733483715 0.38889925091944449 -0.9212802899412833
2 8 3 1216316011 -0.90253734728240864 -0.43061158456366783
2 8 4 1363640712 -0.63744990349339248 -0.77049180432777131
2 8 5 835705179 -0.77932829532712844 0.62661583773673657
2 8 6 721880114 -0.52943747307383004 0.84834896245896207
2 8 7 110593768 0.94729022738955293 0.32037669249221157
2 8 8 1189000416 -0.93425931979358068 -0.35659434008244717
2 8 9 331990716 0.55785370383199506 0.82993930207029276
2 8 10 245726188 0.74875425923081351 0.66284768935534188
2 8 11 942887461 -0.93549599701400721 0.35333728867863445
2 8 12 1552365403 -0.13425204597472845 -0.99094721764158533
2 8 13 314181569 0.60065042821425874 0.79951176544565472
2 8 14 1334707042 -0.7007910355260093 -0.71336661298828918
2 8 15 1994551 0.99998270296970915 0.0058816461466542598
2 8 16 1201140298 -0.92089773659127117 -0.38980425695606974
2 8 17 646506246 -0.32940117696371901 0.94419005746455342
2 8 18 676151628 -0.4105797547102597 0.91182468985110454
2 8 19 1588357693 -0.028518033204548619 -0.99959327817975263
2 8 20 353404662 0.50436845723952839 0.86348854036508094
2 8 21 228894883 0.78071805950149453 0.6248834383852887
2 8 22 1772576751 0.4922884790187903 -0.87043210730381837
2 8 23 1452187661 -0.41693461022584255 -0.90893648336714084
2 8 24 1064374030 -0.99999583118099922 0.0028874938307175729
2 8 25 1040035366 -0.99721429944834106 0.074589818177512257
2 8 26 131966757 0.9252306073045532 0.37940522308851754
2 8 27 494151076 0.11336272842608484 0.99355366830574066
2 8 28 501070740 0.093066855440459506 0.99565986180945576
2 8 29 852255985 -0.80897090643397551 0.58784868167190096
2 8 30 558274257 -0.075412584092549292 0.99715241671495947
2 8 31 952745849 -0.94537118951410204 0.32599588039834471
2 8 32 1997013001 0.92328678639647277 -0.3841113250942676
2 8 33 1197009501 -0.92557758179283267 -0.37855797453300616
2 8 34 48583362 0.98975493595768171 0.14277663235769852
2 8 35 947655571 -0.9403714804044101 0.34014920085459294
2 8 36 1903342690 0.78353152765104694 -0.62135202999331762
2 8 37 361684342 0.48313751778652847 0.87554448139833074
2 8 38 965699830 -0.95713142761005532 0.28965398371356355
2 8 39 1301070656 -0.76798896477120349 -0.64046307464962815
2 8 40 1464664357 -0.38321821156209296 -0.92365783834012416
2 8 41 766345773 -0.63581268621692155 0.77184339606271324
2 8 42 548332650 -0.046151299180987981 0.99893446110538553
2 8 43 2009672211 0.93697923953816753 -0.34938503785147595
2 8 44 1201406029 -0.9205920004270518 -0.3905257593933068
2 8 45 178299280 0.86493165157420937 0.50188966726274664
2 8 46 244301765 0.7515319004334976 0.65969675050800081
2 8 47 475376723 0.16816726038534149 0.98575847576091824
2 8 48 997307007 -0.97993529961250581 0.19931585128470969
2 8 49 215762561 0.80432564003432816 0.59418874508304875
2 8 50 1575628044 -0.06601199772898847 -0.99781882932515764
2 8 51 1638367720 0.11867106275252685 -0.99293362258772655
2 8 52 573624954 -0.12045829078129758 0.99271838916283217
2 8 53 1097010549 -0.99564572636872062 -0.093217957302779139
2 8 54 594183079 -0.1803820383597996 0.98359662475893228
2 8 55 810118087 -0.72987565410083521 0.68357993647478998
2 8 56 1090416910 -0.99726992272295545 -0.073842408087428951
2 8 57 1956652664 0.87114710143510166 -0.49102212542941559
2 8 58 1611821647 0.040659138259770918 -0.99917307533578625
2 8 59 1951615311 0.86375736096333 -0.50390794931382432
2 8 60 447591231 0.24828176677039343 0.96868785699490012
2 8 61 1998808097 0.92530713913745788 -0.37921853628383356
2 8 62 643458834 -0.32090308836116516 0.947112035548206
2 8 63 146064752 0.90866261806090576 0.41753113241853068
2 8 64 2130706425 0.99999999999999967 -2.3590994292069514e-08
2 8 65 793062403 -0.69458649845597331 0.71940919938701797
2 8 66 397222718 0.38889925091944455 0.9212802899412833
2 8 67 914390422 -0.90253734728240853 0.43061158456366805
2 8 68 767065721 -0.6374499034933927 0.7704918043277712
2 8 69 1295001254 -0.77932829532712855 -0.62661583773673635
2 8 70 1408826319 -0.5294374730738306 -0.84834896245896174
2 8 71 2020112665 0.94729022738955293 -0.32037669249221162
2 8 72 941706017 -0.93425931979358057 0.35659434008244739
2 8 73 1798715717 0.55785370383199462 -0.82993930207029309
2 8 74 1884980245 0.74875425923081329 -0.66284768935534211
2 8 75 1187818972 -0.93549599701400721 -0.35333728867863423
2 8 76 578341030 -0.1342520459747282 0.99094721764158533
2 8 77 1816524864 0.60065042821425862 -0.79951176544565483
2 8 78 795999391 -0.70079103552600919 0.71336661298828941
2 8 79 2128711882 0.99998270296970915 -0.0058816461466543639
2 8 80 929566135 -0.92089773659127117 0.38980425695606996
2 8 81 1484200187 -0.32940117696371962 -0.9441900574645532
2 8 82 1454554805 -0.41057975471025993 -0.91182468985110443
2 8 83 542348740 -0.028518033204548817 0.99959327817975263
2 8 84 1777301771 0.50436845723952872 -0.86348854036508071
2 8 85 1901811550 0.7807180595014942 -0.62488343838528904
2 8 86 358129682 0.49228847901879069 0.87043210730381815
2 8 87 678518772 -0.41693461022584233 0.90893648336714095
2 8 88 1066332403 -0.99999583118099922 -0.0028874938307173279
2 8 89 1090671067 -0.99721429944834106 -0.074589818177512021
2 8 90 1998739676 0.92523060730455287 -0.3794052230885181
2 8 91 1636555357 0.11336272842608415 -0.99355366830574077
2 8 92 1629635693 0.09306685544045927 -0.99565986180945587
2 8 93 1278450448 -0.80897090643397562 -0.58784868167190085
2 8 94 1572432176 -0.075412584092549542 -0.99715241671495947
2 8 95 1177960584 -0.94537118951410204 -0.32599588039834448
2 8 96 133693432 0.92328678639647288 0.38411132509426726
2 8 97 933696932 -0.92557758179283256 0.37855797453300638
2 8 98 2082123071 0.98975493595768171 -0.14277663235769841
2 8 99 1183050862 -0.9403714804044101 -0.34014920085459271
2 8 100 227363743 0.78353152765104683 0.62135202999331784
2 8 101 1769022091 0.48313751778652786 -0.87554448139833108
2 8 102 1165006603 -0.95713142761005543 -0.28965398371356332
2 8 103 829635777 -0.76798896477120338 0.64046307464962837
2 8 104 666042076 -0.38321821156209229 0.92365783834012449
2 8 105 1364360660 -0.63581268621692166 -0.77184339606271313
2 8 106 1582373783 -0.046151299180988668 -0.99893446110538542
2 8 107 121034222 0.93697923953816753 0.34938503785147595
2 8 108 929300404 -0.9205920004270518 0.39052575939330703
2 8 109 1952407153 0.86493165157420937 -0.50188966726274675
2 8 110 1886404668 0.75153190043349727 -0.65969675050800125
2 8 111 1655329710 0.16816726038534169 -0.98575847576091813
2 8 112 1133399426 -0.97993529961250581 -0.19931585128470944
2 8 113 1914943872 0.8043256400343286 -0.59418874508304831
2 8 114 555078389 -0.066011997728988456 0.99781882932515764
2 8 115 492338713 0.11867106275252755 0.99293362258772644
2 8 116 1557081479 -0.12045829078129761 -0.99271838916283217
2 8 117 1033695884 -0.99564572636872062 0.093217957302779375
2 8 118 1536523354 -0.18038203835979982 -0.98359662475893217
2 8 119 1320588346 -0.72987565410083532 -0.68357993647478987
2 8 120 1040289523 -0.99726992272295545 0.073842408087429201
2 8 121 174053769 0.87114710143510188 0.4910221254294152
2 8 122 518884786 0.040659138259770938 0.99917307533578625
2 8 123 179091122 0.86375736096333 0.50390794931382432
2 8 124 1683115202 0.2482817667703934 -0.96868785699490012
2 8 125 131898336 0.92530713913745799 0.37921853628383329
2 8 126 1487247599 -0.32090308836116538 -0.94711203554820589
2 8 127 1984641681 0.90866261806090542 -0.41753113241853118
2 8 128 8 0.99999999999999967 2.3590993897110313e-08
2 8 129 1337644030 -0.69458649845597342 -0.71940919938701786
2 8 130 1733483715 0.38889925091944449 -0.9212802899412833
2 8 131 1216316011 -0.90253734728240864 -0.43061158456366783
2 8 132 1363640712 -0.63744990349339248 -0.77049180432777131
2 8 133 835705179 -0.77932829532712844 0.62661583773673657
2 8 134 721880114 -0.52943747307383004 0.84834896245896207
2 8 135 110593768 0.94729022738955293 0.32037669249221157
2 8 136 1189000416 -0.93425931979358068 -0.35659434008244717
2 8 137 331990716 0.55785370383199506 0.82993930207029276
2 8 138 245726188 0.74875425923081351 0.66284768935534188
2 8 139 942887461 -0.93549599701400721 0.35333728867863445
2 8 140 1552365403 -0.13425204597472845 -0.99094721764158533
2 8 141 314181569 0.60065042821425874 0.79951176544565472
2 8 142 1334707042 -0.7007910355260093 -0.71336661298828918
2 8 143 1994551 0.99998270296970915 0.0058816461466542598
2 8 144 1201140298 -0.92089773659127117 -0.38980425695606974
2 8 145 646506246 -0.32940117696371901 0.94419005746455342
2 8 146 676151628 -0.4105797547102597 0.91182468985110454
2 8 147 1588357693 -0.028518033204548619 -0.99959327817975263
2 8 148 353404662 0.50436845723952839 0.86348854036508094
2 8 149 228894883 0.78071805950149453 0.6248834383852887
2 8 150 1772576751 0.4922884790187903 -0.87043210730381837
2 8 151 1452187661 -0.41693461022584255 -0.90893648336714084
2 8 152 1064374030 -0.99999583118099922 0.0028874938307175729
2 8 153 1040035366 -0.99721429944834106 0.074589818177512257
2 8 154 131966757 0.9252306073045532 0.37940522308851754
2 8 155 494151076 0.11336272842608484 0.99355366830574066
2 8 156 501070740 0.093066855440459506 0.99565986180945576
2 8 157 852255985 -0.80897090643397551 0.58784868167190096
2 8 158 558274257 -0.075412584092549292 0.99715241671495947
2 8 159 952745849 -0.94537118951410204 0.32599588039834471
2 8 160 1997013001 0.92328678639647277 -0.3841113250942676
2 8 161 1197009501 -0.92557758179283267 -0.37855797453300616
2 8 162 48583362 0.98975493595768171 0.14277663235769852
2 8 163 947655571 -0.9403714804044101 0.34014920085459294
2 8 164 1903342690 0.78353152765104694 -0.62135202999331762
2 8 165 361684342 0.48313751778652847 0.87554448139833074
2 8 166 965699830 -0.95713142761005532 0.28965398371356355
2 8 167 1301070656 -0.76798896477120349 -0.64046307464962815
2 8 168 1464664357 -0.38321821156209296 -0.92365783834012416
2 8 169 766345773 -0.63581268621692155 0.77184339606271324
2 8 170 548332650 -0.046151299180987981 0.99893446110538553
2 8 171 2009672211 0.93697923953816753 -0.34938503785147595
2 8 172 1201406029 -0.9205920004270518 -0.3905257593933068
2 8 173 178299280 0.86493165157420937 0.50188966726274664
2 8 174 244301765 0.7515319004334976 0.65969675050800081
2 8 175 475376723 0.16816726038534149 0.98575847576091824
2 8 176 997307007 -0.97993529961250581 0.19931585128470969
2 8 177 215762561 0.80432564003432816 0.59418874508304875
2 8 178 1575628044 -0.06601199772898847 -0.99781882932515764
2 8 179 1638367720 0.11867106275252685 -0.99293362258772655
2 8 180 573624954 -0.12045829078129758 0.99271838916283217
2 8 181 1097010549 -0.99564572636872062 -0.093217957302779139
2 8 182 594183079 -0.1803820383597996 0.98359662475893228
2 8 183 810118087 -0.72987565410083521 0.68357993647478998
2 8 184 1090416910 -0.99726992272295545 -0.073842408087428951
2 8 185 1956652664 0.87114710143510166 -0.49102212542941559
2 8 186 1611821647 0.040659138259770918 -0.99917307533578625
2 8 187 1951615311 0.86375736096333 -0.50390794931382432
2 8 188 447591231 0.24828176677039343 0.96868785699490012
2 8 189 1998808097 0.92530713913745788 -0.37921853628383356
2 8 190 643458834 -0.32090308836116516 0.947112035548206
2 8 191 146064752 0.90866261806090576 0.41753113241853068
2 8 192 2130706425 0.99999999999999967 -2.3590994292069514e-08
2 8 193 793062403 -0.69458649845597331 0.71940919938701797
2 8 194 397222718 0.38889925091944455 0.9212802899412833
2 8 195 914390422 -0.90253734728240853 0.43061158456366805
2 8 196 767065721 -0.6374499034933927 0.7704918043277712
2 8 197 1295001254 -0.77932829532712855 -0.62661583773673635
2 8 198 1408826319 -0.5294374730738306 -0.84834896245896174
2 8 199 2020112665 0.94729022738955293 -0.32037669249221162
2 8 200 941706017 -0.93425931979358057 0.35659434008244739
2 8 201 1798715717 0.55785370383199462 -0.82993930207029309
2 8 202 1884980245 0.74875425923081329 -0.66284768935534211
2 8 203 1187818972 -0.93549599701400721 -0.35333728867863423
2 8 204 578341030 -0.1342520459747282 0.99094721764158533
2 8 205 1816524864 0.60065042821425862 -0.79951176544565483
2 8 206 795999391 -0.70079103552600919 0.71336661298828941
2 8 207 2128711882 0.99998270296970915 -0.0058816461466543639
2 8 208 929566135 -0.92089773659127117 0.38980425695606996
2 8 209 1484200187 -0.32940117696371962 -0.9441900574645532
2 8 210 1454554805 -0.41057975471025993 -0.91182468985110443
2 8 211 542348740 -0.028518033204548817 0.99959327817975263
2 8 212 1777301771 0.50436845723952872 -0.86348854036508071
2 8 213 1901811550 0.7807180595014942 -0.62488343838528904
2 8 214 358129682 0.49228847901879069 0.87043210730381815
2 8 215 678518772 -0.41693461022584233 0.90893648336714095
2 8 216 1066332403 -0.99999583118099922 -0.0028874938307173279
2 8 217 1090671067 -0.99721429944834106 -0.074589818177512021
2 8 218 1998739676 0.92523060730455287 -0.3794052230885181
2 8 219 1636555357 0.11336272842608415 -0.99355366830574077
2 8 220 1629635693 0.09306685544045927 -0.99565986180945587
2 8 221 1278450448 -0.80897090643397562 -0.58784868167190085
2 8 222 1572432176 -0.075412584092549542 -0.99715241671495947
2 8 223 1177960584 -0.94537118951410204 -0.32599588039834448
2 8 224 133693432 0.92328678639647288 0.38411132509426726
2 8 225 933696932 -0.92557758179283256 0.37855797453300638
2 8 226 2082123071 0.98975493595768171 -0.14277663235769841
2 8 227 1183050862 -0.9403714804044101 -0.34014920085459271
2 8 228 227363743 0.78353152765104683 0.62135202999331784
2 8 229 1769022091 0.48313751778652786 -0.87554448139833108
2 8 230 1165006603 -0.95713142761005543 -0.28965398371356332
2 8 231 829635777 -0.76798896477120338 0.64046307464962837
2 8 232 666042076 -0.38321821156209229 0.92365783834012449
2 8 233 1364360660 -0.63581268621692166 -0.77184339606271313
2 8 234 1582373783 -0.046151299180988668 -0.99893446110538542
2 8 235 121034222 0.93697923953816753 0.34938503785147595
2 8 236 929300404 -0.9205920004270518 0.39052575939330703
2 8 237 1952407153 0.86493165157420937 -0.50188966726274675
2 8 238 1886404668 0.75153190043349727 -0.65969675050800125
2 8 239 1655329710 0.16816726038534169 -0.98575847576091813
2 8 240 1133399426 -0.97993529961250581 -0.19931585128470944
2 8 241 1914943872 0.8043256400343286 -0.59418874508304831
2 8 242 555078389 -0.066011997728988456 0.99781882932515764
2 8 243 492338713 0.11867106275252755 0.99293362258772644
2 8 244 1557081479 -0.12045829078129761 -0.99271838916283217
2 8 245 1033695884 -0.99564572636872062 0.093217957302779375
2 8 246 1536523354 -0.18038203835979982 -0.98359662475893217
2 8 247 1320588346 -0.72987565410083532 -0.68357993647478987
2 8 248 1040289523 -0.99726992272295545 0.073842408087429201
2 8 249 174053769 0.87114710143510188 0.4910221254294152
2 8 250 518884786 0.040659138259770938 0.99917307533578625
2 8 251 179091122 0.86375736096333 0.50390794931382432
2 8 252 1683115202 0.2482817667703934 -0.96868785699490012
2 8 253 131898336 0.92530713913745799 0.37921853628383329
2 8 254 1487247599 -0.32090308836116538 -0.94711203554820589
2 8 255 1984641681 0.90866261806090542 -0.41753113241853118
3 1 1 1699384237 0.29445139703503298 -0.95566645582238441
3 1 2 1483731022 -0.33070715634134162 -0.94373342461980403
3 1 3 589486100 -0.16674157107868506 0.98600063310030983
3 1 4 1688264839 0.26296271185020326 -0.9648059971706161
3 1 5 1315239969 -0.74056564374242195 -0.67198402310499339
3 1 6 1106852056 -0.99252153685133515 -0.12206964768632596
3 1 7 1679450733 0.23779977720230377 -0.97131419528519947
3 1 8 1525737196 -0.2115708070132018 -0.9773626725119916
3 1 9 1188959371 -0.93430247389629784 -0.35648125795230495
3 1 10 266587623 0.70658671814407703 0.70762646201395174
3 1 11 1054357477 -0.9994743540283193 0.032419371364570453
3 1 12 1149872170 -0.96910121362481516 -0.24666340983394844
3 1 13 1339004313 -0.691695149425961 -0.72218960132405496
3 1 14 1360303381 -0.64500160648891014 -0.76418121386666205
3 1 15 826432152 -0.76190427396087179 0.64768964583367916
3 1 16 665723362 -0.38234994492546892 0.92401759702696729
3 1 17 62967145 0.98281053512371497 0.18461704160189837
3 1 18 1127122101 -0.98345674612409095 -0.18114311607956649
3 1 19 540735081 -0.02376118621115585 0.99971766315787314
3 1 20 1934152411 0.8366746223211966 -0.54770026142378558
3 1 21 906946490 -0.89286821925954607 0.45031804653631996
3 1 22 948641100 -0.94135604979891541 0.33741485964163148
3 1 23 231353172 0.77616768992132823 0.63052653958591531
3 1 24 1835947661 0.64543280181582663 -0.76381705816260215
3 1 25 1560916503 -0.10922417153473134 -0.99401714288665644
3 1 26 162633832 0.88718569238074785 0.46141255643392837
3 1 27 119093322 0.93896357661337404 0.34401657197498575
3 1 28 1666571406 0.20074711681308699 -0.97964309577071629
3 1 29 1670977482 0.21345828162896163 -0.97695217999859696
3 1 30 22287410 0.99784103610861352 0.065675464655292767
3 1 31 321752915 0.58265155063781648 0.81272207459828971
3 1 32 391001680 0.40573380547315507 0.91399129049256922
3 1 33 1424076195 -0.49076485598016445 -0.8712920613289028
3 1 34 204795965 0.82311727496576348 0.56787142176106709
3 1 35 672996872 -0.4020794246356843 0.91560479262869587
3 1 36 340611189 0.53657810964346475 0.84385065755229804
3 1 37 1351593806 -0.66441352970207479 -0.7473651460623717
3 1 38 244581583 0.75098729713324663 0.66031665096717107
3 1 39 383326856 0.42631366713942659 0.90457540161676642
3 1 40 322287208 0.58137033326262799 0.81363906961385579
3 1 41 907314666 -0.89335660535635875 0.44934839007852601
3 1 42 18258094 0.99855093298965036 0.053814814182516976
3 1 43 1738110071 0.40143127591572703 -0.91588914761376627
3 1 44 582329448 -0.14589736210162327 0.98929973199823917
3 1 45 1952819675 0.8655415479382651 -0.500837128009328
3 1 46 694551765 -0.45942655789688969 0.88821576089316034
3 1 47 1830700464 0.63353722013880065 -0.77371221439163085
3 1 48 1982081381 0.90548438891258087 -0.42437957235900264
3 1 49 2044855858 0.96812515051629588 -0.25046694979138356
3 1 50 1213830588 -0.90566911662146843 -0.42398520162629372
3 1 51 494602418 0.1120402573638047 0.9937036684695556
3 1 52 365838228 0.47237674425118287 0.88139673898344584
3 1 53 306846046 0.61780322236785257 0.78633274027722999
3 1 54 1517216544 -0.23605897902704795 -0.97173872950536855
3 1 55 660697546 -0.3686140537927835 0.9295825296047957
3 1 56 1553854242 -0.12990011241512531 -0.991527085255132
3 1 57 1032307796 -0.99525581760450044 0.097292638593047501
3 1 58 1150168063 -0.96888561827638009 -0.24750890629873643
3 1 59 1174387119 -0.94875388437318942 -0.31601592821689334
3 1 60 1315195676 -0.74065340827326565 -0.67188728877185588
3 1 61 1747001206 0.42530410524799284 -0.9050505058057281
3 1 62 159806306 0.8910020747402938 0.45399923216729327
3 1 63 1094539878 -0.99629845323524402 -0.085961573281672546
3 1 64 16711679 0.99878595500766398 0.049260695076588527
3 1 65 2117931792 0.99929053895204523 -0.037661900654785994
3 1 66 680557966 -0.42239277108993756 0.90641290090717686
3 1 67 461544297 0.20822540123624511 0.97808086694301755
3 1 68 1477317346 -0.34849589320963337 -0.93731030743079946
3 1 69 1323081706 -0.72482987733876736 -0.68892789819912759
3 1 70 1235898299 -0.87618082791034113 -0.48198252748657727
3 1 71 833593095 -0.77541047232751448 0.63145751987352317
3 1 72 1181515767 -0.94190162826106461 -0.33588885465158752
3 1 73 822648947 -0.75463125828810163 0.65614911720927926
3 1 74 739592822 -0.57300670345186633 0.81955068043362944
3 1 75 180656382 0.86142225239958758 0.50788945949962494
3 1 76 868399711 -0.83602883644677928 0.54868550612299249
3 1 77 1039608412 -0.99711959800717687 0.075845285087512385
3 1 78 1194565202 -0.92828213393410819 -0.3718766997524024
3 1 79 197311848 0.83544856999080841 0.54956863711488602
3 1 80 1461727711 -0.39120243440570363 -0.92030465353330204
3 1 81 1120840044 -0.98664348541129743 -0.16289454470744827
3 1 82 1620416215 0.065966712003737826 -0.99782182422886301
3 1 83 907760307 -0.89394634015262697 0.44817400742091645
3 1 84 452244254 0.23496727199128498 0.97200328244969081
3 1 85 1640664448 0.12539319274816688 -0.99210712486728014
3 1 86 699882112 -0.47333066826448539 0.88088482702354209
3 1 87 1019618442 -0.9909193441974633 0.13445762639311012
3 1 88 170455089 0.87630870534449601 0.48174999007519798
3 1 89 1948548860 0.85916548223466949 -0.51169783479751785
3 1 90 13824221 0.9991691862081048 0.040754598909001391
3 1 91 1234077431 -0.87875619499223012 -0.47727093957497319
3 1 92 1096068990 -0.99590071153913307 -0.09045315227148519
3 1 93 1070918980 -0.99986531406222123 -0.016411999733601083
3 1 94 1903640825 0.78407749425345197 -0.6206629383209763
3 1 95 1985539815 0.90976525449036283 -0.41512309225347288
3 1 96 1748172362 0.42842723763873991 -0.90357628457659211
3 1 97 332456937 0.5567121539377835 0.83070546986158311
3 1 98 997559624 -0.98008350520717269 0.19858580719885788
3 1 99 1485461217 -0.32588782458444138 -0.9454084438948176
3 1 100 487910398 0.1316268435776265 0.99129933625005073
3 1 101 260083440 0.72002821093542713 0.69394479280208454
3 1 102 662681029 -0.37404488460969637 0.92741060178182078
3 1 103 426837301 0.30706434042258018 0.95168875733658098
3 1 104 1127987059 -0.98299151440988852 -0.18365098038985211
3 1 105 999613448 -0.98126825150128694 0.1926463562998455
3 1 106 1983461360 0.90720385045817331 -0.42069130453797626
3 1 107 1444906957 -0.4363517781431524 -0.89977615311326686
3 1 108 1604102745 0.017907320868137868 -0.99983965107377371
3 1 109 785752114 -0.67891792281363506 0.73421417453112348
3 1 110 577887151 -0.13292561056568422 0.99112601724288318
3 1 111 2052497874 0.97352321491381255 -0.22858816685006828
3 1 112 982097957 -0.97001366768947483 0.24305037439924468
3 1 113 1794588692 0.54771221580240692 -0.83666679667644128
3 1 114 1582900547 -0.044599538502789769 -0.99900494551595598
3 1 115 160941520 0.88947727576328528 0.45697940424129024
3 1 116 829552633 -0.76783191218447666 0.64065135185304189
3 1 117 1110650258 -0.99109207914197239 -0.13317841665240757
3 1 118 1891338449 0.76105001626566038 -0.64869320386607887
3 1 119 1954905074 0.86860510002144464 -0.49550497496668594
3 1 120 1669732944 0.20987145129832313 -0.97772898797669672
3 1 121 1621667869 0.069649184953597898 -0.99757154682523874
3 1 122 367603065 0.46778333041231279 0.88384317375220189
3 1 123 985971141 -0.97272634595266716 0.23195571967419149
3 1 124 467816010 0.19010171245379645 0.98176440092424111
3 1 125 295160934 0.64452651828625451 0.76458195585940847
3 1 126 2114219141 0.99881833161707723 -0.048599798617672468
3 1 127 2128193381 0.99997254107888045 -0.0074106064695588624
3 1 128 2130706432 1 -2.9488742787772745e-09
3 1 129 431322196 0.29445139703503304 0.95566645582238441
3 1 130 646975411 -0.33070715634134185 0.94373342461980403
3 1 131 1541220333 -0.16674157107868509 -0.98600063310030983
3 1 132 442441594 0.26296271185020392 0.96480599717061599
3 1 133 815466464 -0.74056564374242173 0.6719840231049935
3 1 134 1023854377 -0.99252153685133515 0.12206964768632619
3 1 135 451255700 0.23779977720230422 0.97131419528519936
3 1 136 604969237 -0.21157080701320158 0.9773626725119916
3 1 137 941747062 -0.93430247389629772 0.35648125795230517
3 1 138 1864118810 0.70658671814407636 -0.70762646201395241
3 1 139 1076348956 -0.9994743540283193 -0.03241937136457021
3 1 140 980834263 -0.96910121362481505 0.24666340983394869
3 1 141 791702120 -0.69169514942596089 0.72218960132405519
3 1 142 770403052 -0.64500160648891003 0.76418121386666216
3 1 143 1304274281 -0.76190427396087201 -0.64768964583367894
3 1 144 1464983071 -0.38234994492546959 -0.92401759702696695
3 1 145 2067739288 0.98281053512371497 -0.18461704160189846
3 1 146 1003584332 -0.98345674612409084 0.18114311607956715
3 1 147 1589971352 -0.023761186211156315 -0.99971766315787314
3 1 148 196554022 0.8366746223211966 0.54770026142378547
3 1 149 1223759943 -0.89286821925954618 -0.45031804653631974
3 1 150 1182065333 -0.94135604979891552 -0.33741485964163126
3 1 151 1899353261 0.77616768992132845 -0.63052653958591509
3 1 152 294758772 0.64543280181582707 0.7638170581626017
3 1 153 569789930 -0.1092241715347311 0.99401714288665644
3 1 154 1968072601 0.88718569238074785 -0.46141255643392826
3 1 155 2011613111 0.93896357661337393 -0.34401657197498586
3 1 156 464135027 0.20074711681308746 0.97964309577071618
3 1 157 459728951 0.21345828162896163 0.97695217999859696
3 1 158 2108419023 0.99784103610861352 -0.065675464655293198
3 1 159 1808953518 0.58265155063781626 -0.81272207459828993
3 1 160 1739704753 0.40573380547315463 -0.91399129049256933
3 1 161 706630238 -0.49076485598016345 0.87129206132890336
3 1 162 1925910468 0.82311727496576315 -0.56787142176106764
3 1 163 1457709561 -0.4020794246356843 -0.91560479262869576
3 1 164 1790095244 0.53657810964346475 -0.84385065755229804
3 1 165 779112627 -0.66441352970207457 0.74736514606237192
3 1 166 1886124850 0.7509872971332463 -0.66031665096717129
3 1 167 1747379577 0.42631366713942653 -0.90457540161676642
3 1 168 1808419225 0.58137033326262832 -0.81363906961385557
3 1 169 1223391767 -0.89335660535635886 -0.44934839007852578
3 1 170 2112448339 0.99855093298965036 -0.05381481418251715
3 1 171 392596362 0.40143127591572725 0.91588914761376627
3 1 172 1548376985 -0.14589736210162285 -0.98929973199823917
3 1 173 177886758 0.8655415479382651 0.50083712800932789
3 1 174 1436154668 -0.4594265578968903 -0.88821576089316001
3 1 175 300005969 0.63353722013880054 0.77371221439163085
3 1 176 148625052 0.90548438891258087 0.42437957235900264
3 1 177 85850575 0.96812515051629588 0.2504669497913834
3 1 178 916875845 -0.90566911662146832 0.42398520162629394
3 1 179 1636104015 0.11204025736380446 -0.9937036684695556
3 1 180 1764868205 0.47237674425118226 -0.88139673898344617
3 1 181 1823860387 0.61780322236785279 -0.78633274027722988
3 1 182 613489889 -0.23605897902704837 0.97173872950536844
3 1 183 1470008887 -0.36861405379278389 -0.92958252960479559
3 1 184 576852191 -0.12990011241512484 0.99152708525513211
3 1 185 1098398637 -0.99525581760450044 -0.097292638593047265
3 1 186 980538370 -0.96888561827637998 0.24750890629873665
3 1 187 956319314 -0.94875388437318942 0.31601592821689356
3 1 188 815510757 -0.7406534082732652 0.67188728877185644
3 1 189 383705227 0.42530410524799306 0.90505050580572799
3 1 190 1970900127 0.89100207474029403 -0.45399923216729299
3 1 191 1036166555 -0.99629845323524391 0.085961573281672796
3 1 192 2113994754 0.99878595500766398 -0.049260695076589117
3 1 193 12774641 0.99929053895204523 0.037661900654785717
3 1 194 1450148467 -0.42239277108993822 -0.90641290090717652
3 1 195 1669162136 0.20822540123624486 -0.97808086694301755
3 1 196 653389087 -0.34849589320963309 0.93731030743079957
3 1 197 807624727 -0.72482987733876714 0.68892789819912781
3 1 198 894808134 -0.87618082791034102 0.48198252748657749
3 1 199 1297113338 -0.77541047232751459 -0.63145751987352305
3 1 200 949190666 -0.94190162826106449 0.33588885465158774
3 1 201 1308057486 -0.75463125828810174 -0.65614911720927915
3 1 202 1391113611 -0.57300670345186688 -0.819550680433629
3 1 203 1950050051 0.86142225239958747 -0.50788945949962516
3 1 204 1262306722 -0.83602883644677939 -0.54868550612299227
3 1 205 1091098021 -0.99711959800717687 -0.075845285087512135
3 1 206 936141231 -0.9282821339341083 0.37187669975240223
3 1 207 1933394585 0.83544856999080841 -0.54956863711488602
3 1 208 668978722 -0.39120243440570279 0.92030465353330237
3 1 209 1009866389 -0.98664348541129754 0.16289454470744807
3 1 210 510290218 0.065966712003738298 0.9978218242288629
3 1 211 1222946126 -0.89394634015262708 -0.44817400742091623
3 1 212 1678462179 0.23496727199128495 -0.97200328244969081
3 1 213 490041985 0.12539319274816668 0.99210712486728025
3 1 214 1430824321 -0.47333066826448561 -0.88088482702354198
3 1 215 1111087991 -0.99091934419746341 -0.13445762639310987
3 1 216 1960251344 0.87630870534449556 -0.48174999007519875
3 1 217 182157573 0.85916548223466993 0.51169783479751707
3 1 218 2116882212 0.9991691862081048 -0.040754598909001398
3 1 219 896629002 -0.87875619499223001 0.47727093957497341
3 1 220 1034637443 -0.99590071153913307 0.090453152271485426
3 1 221 1059787453 -0.99986531406222123 0.016411999733600885
3 1 222 227065608 0.78407749425345219 0.62066293832097608
3 1 223 145166618 0.90976525449036294 0.41512309225347266
3 1 224 382534071 0.42842723763874058 0.90357628457659189
3 1 225 1798249496 0.55671215393778328 -0.83070546986158333
3 1 226 1133146809 -0.98008350520717269 -0.19858580719885766
3 1 227 645245216 -0.32588782458444071 0.94540844389481782
3 1 228 1642796035 0.13162684357762691 -0.99129933625005062
3 1 229 1870622993 0.72002821093542702 -0.69394479280208465
3 1 230 1468025404 -0.37404488460969681 -0.92741060178182055
3 1 231 1703869132 0.30706434042257935 -0.95168875733658131
3 1 232 1002719374 -0.98299151440988852 0.18365098038985234
3 1 233 1131092985 -0.98126825150128705 -0.19264635629984525
3 1 234 147245073 0.90720385045817353 0.42069130453797571
3 1 235 685799476 -0.43635177814315257 0.89977615311326675
3 1 236 526603688 0.017907320868137892 0.99983965107377371
3 1 237 1344954319 -0.67891792281363528 -0.73421417453112325
3 1 238 1552819282 -0.13292561056568469 -0.99112601724288318
3 1 239 78208559 0.97352321491381266 0.22858816685006791
3 1 240 1148608476 -0.97001366768947495 -0.24305037439924446
3 1 241 336117741 0.54771221580240737 0.83666679667644106
3 1 242 547805886 -0.044599538502789748 0.99900494551595598
3 1 243 1969764913 0.88947727576328528 -0.45697940424129019
3 1 244 1301153800 -0.76783191218447688 -0.64065135185304167
3 1 245 1020056175 -0.99109207914197239 0.13317841665240782
3 1 246 239367984 0.76105001626566016 0.64869320386607898
3 1 247 175801359 0.8686051000214452 0.49550497496668505
3 1 248 460973489 0.20987145129832357 0.97772898797669661
3 1 249 509038564 0.06964918495359837 0.99757154682523874
3 1 250 1763103368 0.46778333041231313 -0.88384317375220178
3 1 251 1144735292 -0.97272634595266716 -0.23195571967419126
3 1 252 1662890423 0.19010171245379642 -0.98176440092424111
3 1 253 1835545499 0.64452651828625407 -0.76458195585940891
3 1 254 16487292 0.99881833161707723 0.048599798617671996
3 1 255 2513052 0.99997254107888045 0.0074106064695589301
3 2 1 1268062041 -0.82659674956823459 -0.56279464603283968
3 2 2 836755611 -0.78126555348924642 0.62419879440058312
3 2 3 1178972200 -0.94439449694842359 -0.32881458929544755
3 2 4 1245823245 -0.8617012243527733 -0.50741600285065047
3 2 5 499773505 0.096874945383255334 0.99529656131074384
3 2 6 82997679 0.97019800222747254 0.24231350864906628
3 2 7 1228195033 -0.88690253192506907 -0.46195659846451148
3 2 8 920767959 -0.91047558723956512 0.41356281873588324
3 2 9 247212309 0.74584222545748424 0.66612264240500585
3 2 10 533175246 -0.0014704194847653788 0.99999891893268511
3 2 11 2108714954 0.99789796872065217 -0.064804660505216494
3 2 12 169037907 0.87831432449817892 0.47808361965382962
3 2 13 547302193 -0.043115640521194647 0.99907008840343481
3 2 14 589900329 -0.1679458552534504 0.98579622118528487
3 2 15 1652864304 0.16099624535968649 -0.98695501872176705
3 2 16 1331446724 -0.70761703923098174 -0.70659615466685022
3 2 17 125934290 0.93183309590032581 0.36288714689943774
3 2 18 123537769 0.93437434299396926 0.35629283904477821
3 2 19 1081470162 -0.99887081205967754 -0.047508955105751607
3 2 20 1737598389 0.40004884727263323 -0.9164938187439331
3 2 21 1813892980 0.59442731392742554 -0.80414934462264276
3 2 22 1897282200 0.7723024249860363 -0.63525503883140344
3 2 23 462706344 0.20487256575562238 0.97878865532897763
3 2 24 1541188889 -0.1668329966803436 -0.98598516784922097
3 2 25 991126573 -0.97614016070510323 0.21714139784623118
3 2 26 325267664 0.57419690553021374 0.81871723670601126
3 2 27 238186644 0.76330519641315886 0.64603806167180966
3 2 28 1202436379 -0.91940119018246536 -0.39332105396363692
3 2 29 1211248531 -0.90887112400802195 -0.41707706715233683
3 2 30 44574820 0.99137346668462278 0.13106734739710393
3 2 31 643505830 -0.32103434107869594 0.94706755400455334
3 2 32 782003360 -0.67076015819254398 0.74167432892174012
3 2 33 717445957 -0.51829971226953864 0.85519904598947805
3 2 34 409591930 0.35504409669412845 0.93484955442180662
3 2 35 1345993744 -0.67666427256927419 -0.73629169642764214
3 2 36 681222378 -0.42416786450289168 0.90558358130161376
3 2 37 572481179 -0.1171093230976607 0.99311902934321405
3 2 38 489163166 0.12796384091099838 0.99177883392382638
3 2 39 766653712 -0.63651331442026848 0.77126571333472649
3 2 40 644574416 -0.32401707120420159 0.94605123411380387
3 2 41 1814629332 0.5961720486676737 -0.80285670476579374
3 2 42 36516188 0.99420793154900233 0.10747366582123398
3 2 43 1345513709 -0.67770586143334266 -0.73533309824792392
3 2 44 1164658896 -0.95742791946357564 -0.2886724424527719
3 2 45 1774932917 0.49832434241473628 -0.86699068608429741
3 2 46 1389103530 -0.57785447579803173 -0.81613981939382296
3 2 47 1530694495 -0.19726118139760151 -0.98035097098621904
3 2 48 1833456329 0.63980395712878035 -0.76853815548894766
3 2 49 1959005283 0.8745326141244012 -0.48496670693228128
3 2 50 296954743 0.64047309760382198 0.76798060603492135
3 2 51 989204836 -0.97489396145970486 0.22266962951737174
3 2 52 731676456 -0.55372042298130519 0.83270264390921955
3 2 53 613692092 -0.23663835686379531 0.97159780159323283
3 2 54 903726655 -0.88855231684141478 0.45877530473615735
3 2 55 1321395092 -0.7282473586929018 -0.68531436914514787
3 2 56 977002051 -0.9662519215890758 0.2575989596745657
3 2 57 2064615592 0.98106828495120524 -0.19366212913964534
3 2 58 169629693 0.87747868260560646 0.47961563941632412
3 2 59 218067805 0.80026786622643042 0.59964267883915334
3 2 60 499684919 0.097134942373609201 0.99527122080871788
3 2 61 1363295979 -0.63823283611840831 -0.76984339115189715
3 2 62 319612612 0.58776939438301623 0.80902851558311728
3 2 63 58373323 0.98522121583787936 0.17128676499639656
3 2 64 33423358 0.99514676784114275 0.098401780752823603
3 2 65 2105157151 0.99716316247813808 -0.075270362006558719
3 2 66 1361115932 -0.64316869386192721 -0.76572451393170282
3 2 67 923088594 -0.9132843645600095 0.40732256192140859
3 2 68 823928259 -0.75710122483203979 0.65329758560538476
3 2 69 515456979 0.050756702165864927 0.9987110478938569
3 2 70 341090165 0.53538568639530149 0.8446076999430161
3 2 71 1667186190 0.20252280119035812 -0.97927754747977891
3 2 72 232325101 0.77435735464168931 0.63274851822214884
3 2 73 1645297894 0.1389366719709669 -0.9903012678885309
3 2 74 1479185644 -0.34332663559844995 -0.93921606741401586
3 2 75 361312764 0.48409659385835774 0.8750145643443521
3 2 76 1736799422 0.39788843074111124 -0.91743381051843509
3 2 77 2079216824 0.98849498545998793 -0.15125364035440014
3 2 78 258423971 0.72341544036252337 0.69041299281306723
3 2 79 394623696 0.3959486261993736 0.91827266397885809
3 2 80 792748989 -0.69392131063010343 0.72005084171424971
3 2 81 110973655 0.94693073460910626 0.32143768268928624
3 2 82 1110125997 -0.99129678581483172 -0.13164604981990011
3 2 83 1815520614 0.59828011814455273 -0.80128702737092905
3 2 84 904488508 -0.88958076218594706 0.45677791928755662
3 2 85 1150622463 -0.96855309442484228 -0.24880695987062446
3 2 86 1399764224 -0.55191615696059138 -0.8338996076781976
3 2 87 2039236884 0.96384229340946159 -0.26647332593561646
3 2 88 340910178 0.5358338941250933 0.84432342020504103
3 2 89 1766391287 0.47633065172706535 -0.87926623398449066
3 2 90 27648442 0.99667812533553279 0.081441478852289279
3 2 91 337448429 0.54442490047444414 0.83880958968254038
3 2 92 61431547 0.98363645448830306 0.18016471741625911
3 2 93 11131527 0.99946129252948857 0.032819578536052094
3 2 94 1676575217 0.2295550339895441 -0.97329568290939172
3 2 95 1840373197 0.65534563655582889 -0.7553291313376147
3 2 96 1365638291 -0.63290020409847647 -0.77423338319405144
3 2 97 664913874 -0.38014315531590714 0.92492766282908101
3 2 98 1995119248 0.92112735435835613 -0.38926134800770484
3 2 99 840216001 -0.78759425157524143 0.61619420224928712
3 2 100 975820796 -0.96534874809958204 0.26096320534238077
3 2 101 520166880 0.03688124908574384 0.99931965529848121
3 2 102 1325362058 -0.72018084859463782 -0.69378638305858042
3 2 103 853674602 -0.81142298168169158 0.58445936111828445
3 2 104 125267685 0.93254463480369221 0.36105471067256334
3 2 105 1999226896 0.92577476280878601 -0.37807550640888665
3 2 106 1836216287 0.6460376525722723 -0.76330554266224737
3 2 107 759107481 -0.61919425142261808 0.78523784868355884
3 2 108 1077499057 -0.99935865571865112 -0.035808898896929946
3 2 109 1571504228 -0.078140908164838055 -0.99694232454599618
3 2 110 1155774302 -0.96466156411148007 -0.26349206197909025
3 2 111 1974289315 0.89549489995225084 -0.44507177416626675
3 2 112 1964195914 0.88185303100877399 -0.47152437020862276
3 2 113 1458470951 -0.40002265732163417 -0.91650525019191154
3 2 114 1035094661 -0.9960217623306763 0.089110319064032745
3 2 115 321883040 0.58233964819855089 0.81294559112894382
3 2 116 1659105266 0.17913169073773982 -0.98382510507378229
3 2 117 90594083 0.9645270186759155 0.26398414771374096
3 2 118 1651970465 0.15839425451592304 -0.98737594670740536
3 2 119 1779103715 0.50894963956652883 -0.86079629668412283
3 2 120 1208759455 -0.91190794785987084 -0.41039480336622075
3 2 121 1112629305 -0.99029798207059894 -0.1389600903385563
3 2 122 735206130 -0.56235751157673008 0.82689420675998693
3 2 123 1971942282 0.89239308822085583 -0.45125887924299496
3 2 124 935632020 -0.92772267784426821 0.37327018768374765
3 2 125 590321868 -0.16917113445159698 0.98558669190911852
3 2 126 2097731849 0.99527611914864345 -0.097084739544457982
3 2 127 2125680329 0.99989016582350665 -0.014820805964600489
3 2 128 2130706431 1 -5.8977492008036088e-09
3 2 129 862644392 -0.8265967495682347 0.56279464603283946
3 2 130 1293950822 -0.78126555348924664 -0.6241987944005829
3 2 131 951734233 -0.94439449694842359 0.32881458929544777
3 2 132 884883188 -0.86170122435277319 0.50741600285065069
3 2 133 1630932928 0.096874945383255098 -0.99529656131074384
3 2 134 2047708754 0.97019800222747243 -0.24231350864906701
3 2 135 902511400 -0.88690253192506896 0.4619565984645117
3 2 136 1209938474 -0.91047558723956523 -0.41356281873588302
3 2 137 1883494124 0.74584222545748413 -0.66612264240500596
3 2 138 1597531187 -0.0014704194847660677 -0.99999891893268511
3 2 139 21991479 0.99789796872065217 0.064804660505216743
3 2 140 1961668526 0.87831432449817892 -0.47808361965382962
3 2 141 1583404240 -0.043115640521195334 -0.99907008840343481
3 2 142 1540806104 -0.16794585525345065 -0.98579622118528487
3 2 143 477842129 0.16099624535968651 0.98695501872176705
3 2 144 799259709 -0.70761703923098151 0.70659615466685033
3 2 145 2004772143 0.93183309590032559 -0.36288714689943852
3 2 146 2007168664 0.93437434299396893 -0.35629283904477921
3 2 147 1049236271 -0.99887081205967754 0.047508955105751406
3 2 148 393108044 0.40004884727263407 0.91649381874393276
3 2 149 316813453 0.59442731392742554 0.80414934462264276
3 2 150 233424233 0.77230242498603652 0.63525503883140311
3 2 151 1668000089 0.20487256575562235 -0.97878865532897763
3 2 152 589517544 -0.16683299668034268 0.98598516784922108
3 2 153 1139579860 -0.97614016070510323 -0.21714139784623096
3 2 154 1805438769 0.57419690553021419 -0.81871723670601093
3 2 155 1892519789 0.76330519641315886 -0.64603806167180966
3 2 156 928270054 -0.91940119018246524 0.39332105396363715
3 2 157 919457902 -0.90887112400802184 0.41707706715233706
3 2 158 2086131613 0.99137346668462278 -0.13106734739710368
3 2 159 1487200603 -0.32103434107869638 -0.94706755400455322
3 2 160 1348703073 -0.67076015819254409 -0.7416743289217399
3 2 161 1413260476 -0.51829971226953886 -0.85519904598947794
3 2 162 1721114503 0.35504409669412756 -0.93484955442180695
3 2 163 784712689 -0.67666427256927397 0.73629169642764225
3 2 164 1449484055 -0.42416786450289234 -0.90558358130161343
3 2 165 1558225254 -0.11710932309766094 -0.99311902934321405
3 2 166 1641543267 0.12796384091099791 -0.99177883392382638
3 2 167 1364052721 -0.63651331442026893 -0.77126571333472604
3 2 168 1486132017 -0.32401707120420165 -0.94605123411380387
3 2 169 316077101 0.5961720486676737 0.80285670476579374
3 2 170 2094190245 0.99420793154900233 -0.10747366582123409
3 2 171 785192724 -0.67770586143334255 0.73533309824792403
3 2 172 966047537 -0.95742791946357553 0.28867244245277213
3 2 173 355773516 0.49832434241473628 0.86699068608429741
3 2 174 741602903 -0.57785447579803118 0.8161398193938233
3 2 175 600011938 -0.19726118139760193 0.98035097098621904
3 2 176 297250104 0.63980395712878002 0.76853815548894788
3 2 177 171701150 0.87453261412440131 0.48496670693228111
3 2 178 1833751690 0.64047309760382176 -0.76798060603492158
3 2 179 1141501597 -0.97489396145970486 -0.22266962951737149
3 2 180 1399029977 -0.55372042298130608 -0.83270264390921889
3 2 181 1517014341 -0.23663835686379553 -0.97159780159323283
3 2 182 1226979778 -0.88855231684141511 -0.45877530473615674
3 2 183 809311341 -0.72824735869290169 0.68531436914514798
3 2 184 1153704382 -0.96625192158907591 -0.25759895967456548
3 2 185 66090841 0.98106828495120535 0.19366212913964495
3 2 186 1961076740 0.87747868260560635 -0.47961563941632418
3 2 187 1912638628 0.80026786622643031 -0.59964267883915345
3 2 188 1631021514 0.097134942373608063 -0.99527122080871799
3 2 189 767410454 -0.6382328361184082 0.76984339115189737
3 2 190 1811093821 0.58776939438301623 -0.80902851558311728
3 2 191 2072333110 0.98522121583787925 -0.17128676499639736
3 2 192 2097283075 0.99514676784114275 -0.098401780752823659
3 2 193 25549282 0.99716316247813808 0.075270362006558414
3 2 194 769590501 -0.64316869386192699 0.76572451393170304
3 2 195 1207617839 -0.91328436456000961 -0.40732256192140837
3 2 196 1306778174 -0.7571012248320399 -0.65329758560538465
3 2 197 1615249454 0.050756702165864462 -0.9987110478938569
3 2 198 1789616268 0.53538568639530115 -0.84460769994301632
3 2 199 463520243 0.20252280119035837 0.97927754747977891
3 2 200 1898381332 0.77435735464168909 -0.63274851822214906
3 2 201 485408539 0.13893667197096693 0.9903012678885309
3 2 202 651520789 -0.34332663559844889 0.9392160674140162
3 2 203 1769393669 0.48409659385835752 -0.87501456434435221
3 2 204 393907011 0.39788843074111147 0.91743381051843498
3 2 205 51489609 0.98849498545998793 0.15125364035440014
3 2 206 1872282462 0.72341544036252337 -0.69041299281306723
3 2 207 1736082737 0.39594862619937293 -0.91827266397885832
3 2 208 1337957444 -0.69392131063010365 -0.72005084171424949
3 2 209 2019732778 0.94693073460910637 -0.32143768268928596
3 2 210 1020580436 -0.99129678581483172 0.13164604981990036
3 2 211 315185819 0.59828011814455295 0.80128702737092894
3 2 212 1226217925 -0.88958076218594706 -0.4567779192875564
3 2 213 980083970 -0.96855309442484228 0.24880695987062468
3 2 214 730942209 -0.55191615696059115 0.83389960767819771
3 2 215 91469549 0.9638422934094617 0.26647332593561612
3 2 216 1789796255 0.53583389412509275 -0.84432342020504136
3 2 217 364315146 0.47633065172706596 0.87926623398449033
3 2 218 2103057991 0.99667812533553291 -0.081441478852289043
3 2 219 1793258004 0.54442490047444414 -0.83880958968254027
3 2 220 2069274886 0.98363645448830295 -0.18016471741625978
3 2 221 2119574906 0.99946129252948857 -0.032819578536051879
3 2 222 454131216 0.22955503398954458 0.97329568290939161
3 2 223 290333236 0.65534563655582956 0.75532913133761392
3 2 224 765068142 -0.63290020409847625 0.77423338319405155
3 2 225 1465792559 -0.38014315531590759 -0.92492766282908079
3 2 226 135587185 0.92112735435835591 0.38926134800770534
3 2 227 1290490432 -0.78759425157524154 -0.61619420224928689
3 2 228 1154885637 -0.96534874809958227 -0.2609632053423801
3 2 229 1610539553 0.036881249085742925 -0.99931965529848121
3 2 230 805344375 -0.7201808485946376 0.69378638305858065
3 2 231 1277031831 -0.81142298168169147 -0.58445936111828467
3 2 232 2005438748 0.9325446348036921 -0.36105471067256339
3 2 233 131479537 0.92577476280878601 0.37807550640888649
3 2 234 294490146 0.6460376525722723 0.76330554266224737
3 2 235 1371598952 -0.61919425142261786 -0.78523784868355895
3 2 236 1053207376 -0.99935865571865112 0.035808898896930189
3 2 237 559202205 -0.078140908164838263 0.99694232454599618
3 2 238 974932131 -0.96466156411148007 0.26349206197909047
3 2 239 156417118 0.89549489995225107 0.44507177416626625
3 2 240 166510519 0.88185303100877421 0.47152437020862226
3 2 241 672235482 -0.40002265732163417 0.91650525019191154
3 2 242 1095611772 -0.9960217623306763 -0.089110319064032509
3 2 243 1808823393 0.58233964819855044 -0.81294559112894416
3 2 244 471601167 0.17913169073774049 0.98382510507378218
3 2 245 2040112350 0.96452701867591528 -0.26398414771374146
3 2 246 478735968 0.15839425451592329 0.98737594670740536
3 2 247 351602718 0.50894963956652961 0.86079629668412239
3 2 248 921946978 -0.91190794785987073 0.41039480336622097
3 2 249 1018077128 -0.99029798207059894 0.13896009033855652
3 2 250 1395500303 -0.56235751157672986 -0.82689420675998704
3 2 251 158764151 0.89239308822085595 0.45125887924299457
3 2 252 1195074413 -0.92772267784426832 -0.37327018768374742
3 2 253 1540384565 -0.16917113445159701 -0.98558669190911852
3 2 254 32974584 0.99527611914864345 0.097084739544458162
3 2 255 5026104 0.99989016582350665 0.014820805964600869
3 3 1 836739845 -0.78123653242500102 0.62423511628597139
3 3 2 189780200 0.8474473754250883 0.53087940804398259
3 3 3 1768458300 0.48168121535717445 -0.87634651067487879
3 3 4 803381651 -0.71615329337109623 0.69794302087902027
3 3 5 1815013474 0.59708113116189754 -0.80218085417842588
3 3 6 1189849735 -0.93336328759047715 -0.35893310432209546
3 3 7 776939333 -0.6596102261861857 0.7516078429012093
3 3 8 315798722 0.59683091652938836 0.80236703389078134
3 3 9 1436171680 -0.45938199886619802 -0.88823880748236639
3 3 10 799762869 -0.70866467590014781 0.70554544653859008
3 3 11 1032365998 -0.99527250131817224 0.097121821028381322
3 3 12 1318910077 -0.73324974200567461 -0.67995942220739292
3 3 13 1886306506 0.75134090825176814 -0.65991426684638976
3 3 14 1950203710 0.86165229937216936 -0.50749907880374856
3 3 15 348590023 0.51657681909847541 0.85624084810881396
3 3 16 1997170086 0.92346461688204762 -0.38368359538413027
3 3 17 188901435 0.84882023213185964 0.52868158046561076
3 3 18 1250659870 -0.85437675592127782 -0.51965407622901716
3 3 19 1622205243 0.071229896943632534 -0.99745992489994273
3 3 20 1541044367 -0.16725318591747415 -0.98591397789079693
3 3 21 590133037 -0.16862229527168512 0.98568074016758012
3 3 22 715216867 -0.51266707027104175 0.85858748829674125
3 3 23 694059516 -0.45813675773973467 0.88888171946987615
3 3 24 1246430117 -0.86079177878127555 -0.50895728070494051
3 3 25 421336643 0.32246037224431967 0.94658296431536038
3 3 26 487901496 0.13165286601066328 0.99129588058822193
3 3 27 357279966 0.49446797792997332 0.86919584605648192
3 3 28 738301352 -0.56988139306038899 0.82172696064054662
3 3 29 751519580 -0.60147041833483172 0.79889507187622733
3 3 30 66862230 0.98062521822573057 0.1958932907981748
3 3 31 965258745 -0.95675386391280015 0.29089868320074441
3 3 32 1173005040 -0.95003394855962786 -0.31214659470223671
3 3 33 10815719 0.99949142327320428 0.0318887880501042
3 3 34 614387895 -0.23863141623865974 0.9711102137162041
3 3 35 2018990616 0.94622498740803962 -0.32350930930137906
3 3 36 1021833567 -0.99177649145639879 0.12798199480565939
3 3 37 1924074985 0.82003156714274927 -0.57231829333807493
3 3 38 733744749 -0.55878885910016762 0.82930996071766383
3 3 39 1149980568 -0.96902231764657742 -0.24697317243550065
3 3 40 966861624 -0.95811815860016281 0.28637317290666953
3 3 41 591237565 -0.17183186985583893 0.9851262906357976
3 3 42 54774282 0.98698358227828309 0.1608210443727052
3 3 43 952917347 -0.94553593321723484 0.32551773990830807
3 3 44 1746988344 0.42526977780598529 -0.90506663626765516
3 3 45 1597046159 -0.0029007025203272095 -0.99999579295359464
3 3 46 2083655295 0.99038994345929232 -0.13830314491977333
3 3 47 1230688526 -0.8834818211466654 -0.46846544344633517
3 3 48 1684831277 0.25318060137662785 -0.96741903179882138
3 3 49 1873154708 0.72518888684489546 -0.68854998249703081
3 3 50 1510785331 -0.25444429243187033 -0.96708743247384044
3 3 51 1483807254 -0.33049499805253357 -0.9438077432730968
3 3 52 1097514684 -0.99550604551777644 -0.094698011265067453
3 3 53 920538138 -0.91019510118042579 0.41417976506241155
3 3 54 290236766 0.65556048447845428 0.75514266942768793
3 3 55 1982092638 0.90549847589613897 -0.42434951413872196
3 3 56 400149860 0.38093257888662796 0.92460281761564134
3 3 57 966216955 -0.95757201852541329 0.2881940827587644
3 3 58 1319797756 -0.73146733356497273 -0.68187648436307646
3 3 59 1392454924 -0.56976060886955004 -0.82181071335228995
3 3 60 1814880595 0.59676675601038365 -0.80241475492468561
3 3 61 979590752 -0.96819019585845012 0.25021539649585095
3 3 62 479418918 0.15640542498793311 0.98769293964994198
3 3 63 1152913201 -0.96685029363240738 -0.25534390476948471
3 3 64 50135037 0.98909127477434766 0.14730393805073885
3 3 65 2092382510 0.99362088915976365 -0.11277202057851322
3 3 66 2041673898 0.96573238484720803 -0.25953990224496148
3 3 67 1384632891 -0.58856340774283866 -0.80845105916569682
3 3 68 170539172 0.87618922840553115 0.4819672561763092
3 3 69 1838538685 0.65124992892875866 -0.75886331448442468
3 3 70 1576988464 -0.062008520004021753 -0.99807562010446427
3 3 71 370072852 0.46133387047130026 0.88722661138852776
3 3 72 1413840868 -0.51683527812481145 -0.85608486453484789
3 3 73 337240408 0.54493934710447778 0.8384754665327695
3 3 74 88072033 0.96646363079484188 0.25680352480223406
3 3 75 541969146 -0.027399095878717583 0.99962457430028639
3 3 76 474492700 0.1707364328705267 0.98531673612633219
3 3 77 988118803 -0.97417584706076976 0.22579065304709098
3 3 78 1452989173 -0.41478512346710344 -0.90991939277629408
3 3 79 591935544 -0.17385914289462462 0.98477053085068833
3 3 80 123770267 0.93412984641468766 0.35693336918432284
3 3 81 1231813699 -0.8819225954643205 -0.47139424647472783
3 3 82 599835779 -0.19675189116389452 0.98045331011906478
3 3 83 592574488 -0.17571430385018158 0.98444120363912346
3 3 84 1356732762 -0.65301200180480479 -0.75734755924798591
3 3 85 660580478 -0.36829312246026175 0.92970972671499497
3 3 86 2099646336 0.99580835506473198 -0.091464309887915193
3 3 87 928148893 -0.91926060239270224 0.39364952037136552
3 3 88 511365267 0.062803106736424599 0.99802593642863469
3 3 89 1584233714 -0.040671774046191905 -0.99917256107037666
3 3 90 41472663 0.99253095659774282 0.12199303338785152
3 3 91 1571525860 -0.078077313007661742 -0.99694730712987212
3 3 92 1157500537 -0.96330777830232905 -0.26839918826671355
3 3 93 1082050507 -0.99878804423384004 -0.049218316667078002
3 3 94 1449509609 -0.42409962256587641 -0.90561554212562034
3 3 95 1695206579 0.28265612515036342 -0.95922130653722559
3 3 96 983104220 -0.97073060992455107 0.24017094527754407
3 3 97 997370811 -0.97997278353903172 0.19913147295885236
3 3 98 861972439 -0.82547994719632112 0.56443144559526348
3 3 99 194970785 0.83922257918657317 0.54378806770968768
3 3 100 1463731194 -0.38575846090554838 -0.92259981023181581
3 3 101 780250320 -0.66691713134288322 0.74513189431226157
3 3 102 1988043087 0.912804809431085 -0.40839610659197106
3 3 103 1280511903 -0.80538246577020434 -0.59275550088540352
3 3 104 1253254744 -0.85037541123110705 -0.52617645326784201
3 3 105 868133911 -0.83559851406950536 0.54934062591877797
3 3 106 1688971214 0.26497184145087743 -0.96425615022053712
3 3 107 73308005 0.97672480339170786 0.21449629003651724
3 3 108 550895369 -0.053698993088747086 0.99855716818880969
3 3 109 226549909 0.78502044892972123 0.6194698497604052
3 3 110 1733661453 0.3893820653632169 -0.92107633080731999
3 3 111 1896080756 0.77004693296706439 -0.63798724205740776
3 3 112 815587438 -0.74080531825432772 0.6717197931028267
3 3 113 1122353210 -0.98590680782800622 -0.16729544607786201
3 3 114 487288775 0.13344376038015676 0.99105638730377155
3 3 115 482824560 0.14647849193390866 0.98921385524100292
3 3 116 357951466 0.49274585492048173 0.87017327151475043
3 3 117 1201244341 -0.92077809751426976 -0.39008677898385891
3 3 118 1412602481 -0.51995811631419897 -0.85419175673790593
3 3 119 1603302356 0.015547405141681892 -0.9998791317921184
3 3 120 747785966 -0.5926383402339781 0.80546868200117849
3 3 121 603590741 -0.20759607957841869 0.97821463275892107
3 3 122 1102809195 -0.99390626970779983 -0.11022852187853328
3 3 123 827206990 -0.76338218976431171 0.6459470816952767
3 3 124 1403448030 -0.54282505193463049 -0.8398457971509804
3 3 125 885482802 -0.86259708285150183 0.50589156215149444
3 3 126 2081244557 0.98938173403565755 -0.1453402365368773
3 3 127 2123167277 0.99975287875774976 -0.022230191532959184
3 3 128 2130706430 1 -8.8466232346515227e-09
3 3 129 1293966588 -0.78123653242500113 -0.62423511628597128
3 3 130 1940926233 0.84744737542508808 -0.53087940804398304
3 3 131 362248133 0.48168121535717467 0.87634651067487856
3 3 132 1327324782 -0.71615329337109646 -0.69794302087902005
3 3 133 315692959 0.59708113116189721 0.80218085417842611
3 3 134 940856698 -0.93336328759047704 0.35893310432209569
3 3 135 1353767100 -0.65961022618618592 -0.75160784290120908
3 3 136 1814907711 0.59683091652938847 -0.80236703389078134
3 3 137 694534753 -0.45938199886619779 0.8882388074823665
3 3 138 1330943564 -0.70866467590014792 -0.70554544653858997
3 3 139 1098340435 -0.99527250131817224 -0.097121821028381072
3 3 140 811796356 -0.7332497420056745 0.67995942220739303
3 3 141 244399927 0.75134090825176847 0.65991426684638943
3 3 142 180502723 0.86165229937216925 0.50749907880374878
3 3 143 1782116410 0.51657681909847519 -0.85624084810881407
3 3 144 133536347 0.92346461688204762 0.38368359538413038
3 3 145 1941804998 0.84882023213185964 -0.52868158046561065
3 3 146 880046563 -0.85437675592127749 0.51965407622901783
3 3 147 508501190 0.071229896943632784 0.99745992489994273
3 3 148 589662066 -0.16725318591747415 0.98591397789079693
3 3 149 1540573396 -0.16862229527168557 -0.98568074016758012
3 3 150 1415489566 -0.51266707027104153 -0.85858748829674136
3 3 151 1436646917 -0.45813675773973489 -0.88888171946987604
3 3 152 884276316 -0.86079177878127544 0.50895728070494073
3 3 153 1709369790 0.32246037224431945 -0.94658296431536049
3 3 154 1642804937 0.13165286601066326 -0.99129588058822193
3 3 155 1773426467 0.49446797792997249 -0.86919584605648237
3 3 156 1392405081 -0.56988139306038954 -0.82172696064054618
3 3 157 1379186853 -0.60147041833483195 -0.79889507187622721
3 3 158 2063844203 0.98062521822573046 -0.19589329079817558
3 3 159 1165447688 -0.95675386391280026 -0.29089868320074419
3 3 160 957701393 -0.95003394855962775 0.31214659470223699
3 3 161 2119890714 0.99949142327320428 -0.031888788050104658
3 3 162 1516318538 -0.23863141623865974 -0.9711102137162041
3 3 163 111715817 0.94622498740803951 0.32350930930137928
3 3 164 1108872866 -0.99177649145639879 -0.12798199480565914
3 3 165 206631448 0.82003156714274961 0.57231829333807438
3 3 166 1396961684 -0.55878885910016818 -0.82930996071766339
3 3 167 980725865 -0.96902231764657742 0.24697317243550088
3 3 168 1163844809 -0.95811815860016292 -0.2863731729066693
3 3 169 1539468868 -0.17183186985583851 -0.98512629063579771
3 3 170 2075932151 0.98698358227828309 -0.16082104437270525
3 3 171 1177789086 -0.94553593321723484 -0.32551773990830785
3 3 172 383718089 0.4252697778059859 0.90506663626765482
3 3 173 533660274 -0.0029007025203271865 0.99999579295359464
3 3 174 47051138 0.99038994345929232 0.13830314491977314
3 3 175 900017907 -0.88348182114666529 0.46846544344633539
3 3 176 445875156 0.25318060137662812 0.96741903179882138
3 3 177 257551725 0.72518888684489557 0.6885499824970307
3 3 178 619921102 -0.25444429243186945 0.96708743247384066
3 3 179 646899179 -0.33049499805253335 0.94380774327309691
3 3 180 1033191749 -0.99550604551777644 0.094698011265067703
3 3 181 1210168295 -0.9101951011804259 -0.41417976506241133
3 3 182 1840469667 0.6555604844784545 -0.75514266942768771
3 3 183 148613795 0.90549847589613919 0.42434951413872152
3 3 184 1730556573 0.38093257888662813 -0.92460281761564123
3 3 185 1164489478 -0.9575720185254134 -0.28819408275876418
3 3 186 810908677 -0.73146733356497284 0.68187648436307635
3 3 187 738251509 -0.56976060886955027 0.82181071335228983
3 3 188 315825838 0.59676675601038398 0.80241475492468539
3 3 189 1151115681 -0.96819019585845023 -0.25021539649585073
3 3 190 1651287515 0.15640542498793286 -0.98769293964994209
3 3 191 977793232 -0.96685029363240726 0.25534390476948493
3 3 192 2080571396 0.98909127477434755 -0.14730393805073924
3 3 193 38323923 0.99362088915976376 0.1127720205785129
3 3 194 89032535 0.96573238484720791 0.25953990224496171
3 3 195 746073542 -0.58856340774283922 0.80845105916569648
3 3 196 1960167261 0.87618922840553071 -0.48196725617630981
3 3 197 292167748 0.65124992892875899 0.75886331448442434
3 3 198 553717969 -0.062008520004021954 0.99807562010446427
3 3 199 1760633581 0.46133387047130026 -0.88722661138852776
3 3 200 716865565 -0.51683527812481089 0.85608486453484822
3 3 201 1793466025 0.54493934710447722 -0.83847546653276983
3 3 202 2042634400 0.96646363079484177 -0.2568035248022344
3 3 203 1588737287 -0.027399095878718051 -0.99962457430028639
3 3 204 1656213733 0.17073643287052603 -0.9853167361263323
3 3 205 1142587630 -0.97417584706076976 -0.22579065304709073
3 3 206 677717260 -0.41478512346710322 0.90991939277629419
3 3 207 1538770889 -0.17385914289462531 -0.98477053085068822
3 3 208 2006936166 0.93412984641468766 -0.35693336918432267
3 3 209 898892734 -0.88192259546432039 0.47139424647472805
3 3 210 1530870654 -0.19675189116389455 -0.98045331011906478
3 3 211 1538131945 -0.17571430385018225 -0.98444120363912335
3 3 212 773973671 -0.65301200180480501 0.7573475592479858
3 3 213 1470125955 -0.36829312246026219 -0.92970972671499486
3 3 214 31060097 0.99580835506473209 0.091464309887914763
3 3 215 1202557540 -0.91926060239270235 -0.3936495203713653
3 3 216 1619341166 0.062803106736424127 -0.9980259364286348
3 3 217 546472719 -0.040671774046191655 0.99917256107037666
3 3 218 2089233770 0.99253095659774293 -0.12199303338785104
3 3 219 559180573 -0.078077313007661714 0.99694730712987212
3 3 220 973205896 -0.96330777830232905 0.26839918826671383
3 3 221 1048655926 -0.99878804423384004 0.049218316667077808
3 3 222 681196824 -0.42409962256587574 0.90561554212562057
3 3 223 435499854 0.28265612515036348 0.95922130653722559
3 3 224 1147602213 -0.97073060992455118 -0.24017094527754382
3 3 225 1133335622 -0.97997278353903172 -0.19913147295885211
3 3 226 1268733994 -0.82547994719632123 -0.56443144559526326
3 3 227 1935735648 0.83922257918657284 -0.54378806770968824
3 3 228 666975239 -0.38575846090554861 0.9225998102318157
3 3 229 1350456113 -0.66691713134288344 -0.74513189431226146
3 3 230 142663346 0.91280480943108544 0.40839610659197018
3 3 231 850194530 -0.80538246577020423 0.59275550088540374
3 3 232 877451689 -0.85037541123110716 0.5261764532678419
3 3 233 1262572522 -0.83559851406950547 -0.54934062591877775
3 3 234 441735219 0.26497184145087699 0.96425615022053723
3 3 235 2057398428 0.97672480339170786 -0.21449629003651688
3 3 236 1579811064 -0.053698993088747329 -0.99855716818880969
3 3 237 1904156524 0.78502044892972112 -0.61946984976040542
3 3 238 397044980 0.38938206536321751 0.92107633080731965
3 3 239 234625677 0.77004693296706417 0.63798724205740798
3 3 240 1315118995 -0.74080531825432783 -0.67171979310282648
3 3 241 1008353223 -0.98590680782800622 0.16729544607786226
3 3 242 1643417658 0.1334437603801561 -0.99105638730377166
3 3 243 1647881873 0.14647849193390844 -0.98921385524100292
3 3 244 1772754967 0.49274585492048212 -0.87017327151475021
3 3 245 929462092 -0.92077809751426976 0.39008677898385874
3 3 246 718103952 -0.51995811631419875 0.85419175673790615
3 3 247 527404077 0.015547405141682581 0.9998791317921184
3 3 248 1382920467 -0.59263834023397788 -0.8054686820011786
3 3 249 1527115692 -0.20759607957841936 -0.97821463275892095
3 3 250 1027897238 -0.99390626970779983 0.11022852187853353
3 3 251 1303499443 -0.76338218976431182 -0.64594708169527648
3 3 252 727258403 -0.54282505193463026 0.83984579715098051
3 3 253 1245223631 -0.86259708285150172 -0.50589156215149467
3 3 254 49461876 0.98938173403565766 0.14534023653687639
3 3 255 7539156 0.99975287875774976 0.022230191532958993
3 4 1 405417649 0.36652437279354189 0.9304084501703006
3 4 2 1673511222 0.22075173013771718 -0.97533003318938383
3 4 3 227237967 0.78376193173293196 0.62106137729395383
3 4 4 360940057 0.48505800010213723 0.87448198182519177
3 4 5 999547010 -0.98123048991398254 0.19283860003424033
3 4 6 165995358 0.88256832705235777 0.47018416400810703
3 4 7 325683633 0.57319220227019618 0.8194209536353354
3 4 8 1841535918 0.65793158991846201 -0.75307770049800626
3 4 9 494424618 0.11256125055074542 0.99364478807793899
3 4 10 1066350492 -0.99999567573307768 -0.002940835790285869
3 4 11 2086723475 0.99160071195360722 -0.12933687816357467
3 4 12 338075814 0.54287210523738472 0.8398153828997954
3 4 13 1094604386 -0.99628208308489419 -0.086151093574161314
3 4 14 1179800658 -0.94358837940637419 -0.33112077894516445
3 4 15 1175022175 -0.94816041796016737 -0.31779210470620695
3 4 16 532187015 0.001443748420041032 0.99999895779470671
3 4 17 251868580 0.73662583723037178 0.67630050711547884
3 4 18 247075538 0.74611082569082354 0.66582177479184146
3 4 19 32233891 0.99548579836951934 0.094910617133177846
3 4 20 1344490345 -0.67992183959167352 -0.7332845914420093
3 4 21 1497079527 -0.29331233691405162 -0.95601666984107436
3 4 22 1663857967 0.19290207127862452 -0.98121801394818287
3 4 23 925412688 -0.9160544636014164 0.40105388629948635
3 4 24 951671345 -0.9443335024373134 0.32898972046931274
3 4 25 1982253146 0.90569922668276948 -0.42392087797870176
3 4 26 650535328 -0.34059582735905358 0.94020980764167827
3 4 27 476373288 0.16526964574266215 0.9862484191095543
3 4 28 274166325 0.69059709701786753 0.72323969027597901
3 4 29 291790629 0.65209344011121018 0.75813860564142721
3 4 30 89149640 0.96564270089257376 0.25987338111644936
3 4 31 1287011660 -0.79387390369633504 -0.60808241631372806
3 4 32 1564006720 -0.10016162036302692 -0.99497118038979038
3 4 33 1434891914 -0.46273081652262693 -0.8864988389390609
3 4 34 819183860 -0.74788737880530076 0.66382563118919757
3 4 35 561281055 -0.084250924456590159 0.99644457032401457
3 4 36 1362444756 -0.64016324544611303 -0.76823890761917268
3 4 37 1144962358 -0.97257081288721547 -0.23260699456357928
3 4 38 978326332 -0.96725051083860936 0.253823657846248
3 4 39 1533307424 -0.18970160113144902 -0.9818417909867988
3 4 40 1289148832 -0.79002587513650269 -0.61307350017335038
3 4 41 1498552231 -0.28915777677477766 -0.9572814529336019
3 4 42 73032376 0.97689882230989145 0.21370234198423549
3 4 43 560320985 -0.081429530757782739 0.99667910157711614
3 4 44 198611359 0.83333644193670198 0.5527661119680527
3 4 45 1419159401 -0.50334569951384112 -0.86408512704531715
3 4 46 647500627 -0.33216840960036481 0.94322009502743542
3 4 47 930682557 -0.92217605262724467 0.38677038144205572
3 4 48 1536206225 -0.18130179288470832 -0.98342750617256502
3 4 49 1787304133 0.52961458633451786 -0.84823840395358041
3 4 50 593909486 -0.17958842249153026 0.98374183529369308
3 4 51 1978409672 0.90083647218119278 -0.43415855443391071
3 4 52 1463352912 -0.38678738634680898 -0.92216892040612841
3 4 53 1227384184 -0.8880045761216061 -0.45983461460299685
3 4 54 1807453310 0.57905043952849189 -0.81529171986587745
3 4 55 512083751 0.060688430886375856 0.99815675840849249
3 4 56 1954004102 0.8672855519491629 -0.49781097956979187
3 4 57 1998524751 0.92498995947419871 -0.37999154579006117
3 4 58 339259386 0.53993767685454108 0.84170499886416328
3 4 59 436135610 0.28085731542920794 0.95974953418581999
3 4 60 999369838 -0.98112960594015119 0.19335122535873298
3 4 61 595885525 -0.18531769380050681 0.98267866180377683
3 4 62 639225224 -0.30905427805324448 0.95104440128575907
3 4 63 116746646 0.94132168827413842 0.33751070973337388
3 4 64 66846716 0.98063417908934647 0.19584842813197037
3 4 65 2079607869 0.98866874520680326 -0.15011366443866853
3 4 66 591525431 -0.1726680624718854 0.98498007096702478
3 4 67 1846177188 0.66817666109956053 -0.74400265427069745
3 4 68 1647856518 0.14640452928434985 -0.98922480448330241
3 4 69 1030913958 -0.99484751437049135 0.10138255841541471
3 4 70 682180330 -0.42672433360606371 0.90438174633749702
3 4 71 1203665947 -0.91796902999602126 -0.39665206411685772
3 4 72 464650202 0.19925862537535011 0.97994693744790384
3 4 73 1159889355 -0.96139320236326398 -0.27517832481812271
3 4 74 827664855 -0.76425364257729955 0.6449157850505205
3 4 75 722625528 -0.53130097562947243 0.84718314035111131
3 4 76 1342892411 -0.68336959336475167 -0.73007259835203653
3 4 77 2027727215 0.95424467255908341 -0.29902693004578668
3 4 78 516847942 0.04665979870980707 0.99891083845574535
3 4 79 789247392 -0.68644937082165747 0.72717759955773575
3 4 80 1585497978 -0.036946429306798936 -0.99931724760532259
3 4 81 221947310 0.79335563229468342 0.60875844200002927
3 4 82 89545561 0.96533863513363283 0.26100061210337228
3 4 83 1500334795 -0.28412180046587993 -0.9587881948063538
3 4 84 1808977016 0.5827078649026608 -0.81268169917907118
3 4 85 170538493 0.87619019343987481 0.48196550179426206
3 4 86 668822015 -0.39077711137170418 0.92048533352139117
3 4 87 1947767335 0.85798393312962207 -0.51367652320446211
3 4 88 681820356 -0.42576407581347647 0.90483421229896932
3 4 89 1402076141 -0.54621822045053814 -0.83764291655086975
3 4 90 55296884 0.98673457104470419 0.16234188093410623
3 4 91 674896858 -0.40720305548678332 0.91333765475985262
3 4 92 122863094 0.93508134919663899 0.35443316772643224
3 4 93 22263054 0.99784575052943181 0.065603796767831374
3 4 94 1222444001 -0.89460897274011819 -0.44684984714428455
3 4 95 1550039961 -0.14104419329446985 -0.99000330077122078
3 4 96 600570149 -0.19887466330421377 0.98002493248673817
3 4 97 1329827748 -0.71098236293293215 -0.70320984037362866
3 4 98 1859532063 0.69695120589444859 -0.71711855128860946
3 4 99 1680432002 0.24060941022872945 -0.97062202309106038
3 4 100 1951641592 0.86379641091486081 -0.50384100715464297
3 4 101 1040333760 -0.99727954693175069 0.073712314246685923
3 4 102 520017683 0.037320909364985506 0.99930333218906586
3 4 103 1707349204 0.31681451040241354 -0.94848751494074979
3 4 104 250535370 0.73927899180230316 0.67339926661659666
3 4 105 1867747359 0.71411782290732806 -0.70002552453899713
3 4 106 1541726141 -0.1652707029178157 -0.98624824195384553
3 4 107 1518214962 -0.23319695801036733 -0.97242952380864645
3 4 108 24291681 0.99743544551957886 0.071571866128801981
3 4 109 1012302023 -0.98778799694234853 0.15580395725597881
3 4 110 180842171 0.86114386654801423 0.50836132927941691
3 4 111 1817872197 0.60382223168098359 -0.79711900775718336
3 4 112 1797685395 0.55532953659872353 -0.8316303901259543
3 4 113 786235469 -0.6799637472586767 0.73324573126199544
3 4 114 2070189322 0.98411870207261254 -0.17751163407201354
3 4 115 643766080 -0.32176106827197593 0.9468208990851843
3 4 116 1187504099 -0.93582367474687711 -0.35246850892420334
3 4 117 181188166 0.8606247395116996 0.50923968594407409
3 4 118 1173234497 -0.94982252027268976 -0.31278935401134711
3 4 119 1427500997 -0.48194052877019977 -0.87620392987517481
3 4 120 286812477 0.66315221074000141 0.74848456590009171
3 4 121 94552177 0.9613801865862005 0.27522379410124093
3 4 122 1470412260 -0.36750805834645589 -0.93002033690152064
3 4 123 1813178131 0.59273084780871244 -0.8054006096694768
3 4 124 1871264040 0.72133873397307957 -0.69258243615479786
3 4 125 1180643736 -0.94276225453671936 -0.33346563754132436
3 4 126 2064757265 0.98114910669516942 -0.19325224560473059
3 4 127 2120654225 0.99956068742111925 -0.029638356267165444
3 4 128 2130706429 0.99999999999999989 -1.1795497268499437e-08
3 4 129 1725288784 0.36652437279354183 -0.9304084501703006
3 4 130 457195211 0.22075173013771765 0.97533003318938372
3 4 131 1903468466 0.78376193173293196 -0.62106137729395383
3 4 132 1769766376 0.48505800010213684 -0.87448198182519199
3 4 133 1131159423 -0.98123048991398276 -0.19283860003423964
3 4 134 1964711075 0.88256832705235755 -0.47018416400810736
3 4 135 1805022800 0.57319220227019585 -0.81942095363533562
3 4 136 289170515 0.65793158991846246 0.75307770049800582
3 4 137 1636281815 0.11256125055074452 -0.9936447880779391
3 4 138 1064355941 -0.99999567573307768 0.002940835790286114
3 4 139 43982958 0.99160071195360722 0.12933687816357453
3 4 140 1792630619 0.54287210523738494 -0.83981538289979529
3 4 141 1036102047 -0.9962820830848943 0.086151093574161106
3 4 142 950905775 -0.94358837940637397 0.33112077894516512
3 4 143 955684258 -0.94816041796016726 0.31779210470620722
3 4 144 1598519418 0.001443748420041009 -0.99999895779470671
3 4 145 1878837853 0.73662583723037134 -0.67630050711547929
3 4 146 1883630895 0.74611082569082288 -0.66582177479184212
3 4 147 2098472542 0.99548579836951945 -0.094910617133177347
3 4 148 786216088 -0.6799218395916734 0.73328459144200953
3 4 149 633626906 -0.29331233691405179 0.95601666984107436
3 4 150 466848466 0.19290207127862496 0.98121801394818287
3 4 151 1205293745 -0.91605446360141651 -0.40105388629948613
3 4 152 1179035088 -0.94433350243731351 -0.32898972046931246
3 4 153 148453287 0.90569922668276959 0.42392087797870143
3 4 154 1480171105 -0.34059582735905319 -0.9402098076416785
3 4 155 1654333145 0.16526964574266234 -0.98624841910955419
3 4 156 1856540108 0.69059709701786731 -0.72323969027597934
3 4 157 1838915804 0.65209344011120984 -0.75813860564142754
3 4 158 2041556793 0.96564270089257376 -0.25987338111644948
3 4 159 843694773 -0.79387390369633493 0.60808241631372828
3 4 160 566699713 -0.10016162036302667 0.99497118038979049
3 4 161 695814519 -0.4627308165226271 0.88649883893906078
3 4 162 1311522573 -0.74788737880530121 -0.66382563118919702
3 4 163 1569425378 -0.084250924456590631 -0.99644457032401446
3 4 164 768261677 -0.64016324544611281 0.7682389076191728
3 4 165 985744075 -0.97257081288721536 0.2326069945635795
3 4 166 1152380101 -0.96725051083860947 -0.25382365784624777
3 4 167 597399009 -0.18970160113144879 0.9818417909867988
3 4 168 841557601 -0.79002587513650258 0.61307350017335061
3 4 169 632154202 -0.28915777677477789 0.95728145293360178
3 4 170 2057674057 0.97689882230989145 -0.21370234198423546
3 4 171 1570385448 -0.081429530757782323 -0.99667910157711614
3 4 172 1932095074 0.83333644193670187 -0.55276611196805281
3 4 173 711547032 -0.50334569951384134 0.86408512704531704
3 4 174 1483205806 -0.33216840960036526 -0.9432200950274352
3 4 175 1200023876 -0.92217605262724478 -0.3867703814420555
3 4 176 594500208 -0.18130179288470832 0.98342750617256502
3 4 177 343402300 0.52961458633451786 0.84823840395358041
3 4 178 1536796947 -0.1795884224915307 -0.98374183529369308
3 4 179 152296761 0.90083647218119289 0.4341585544339106
3 4 180 667353521 -0.38678738634680859 0.92216892040612852
3 4 181 903322249 -0.88800457612160599 0.45983461460299707
3 4 182 323253123 0.57905043952849267 0.8152917198658769
3 4 183 1618622682 0.060688430886375613 -0.99815675840849249
3 4 184 176702331 0.8672855519491629 0.49781097956979198
3 4 185 132181682 0.92498995947419893 0.37999154579006067
3 4 186 1791447047 0.53993767685454053 -0.84170499886416372
3 4 187 1694570823 0.28085731542920711 -0.95974953418582021
3 4 188 1131336595 -0.98112960594015131 -0.19335122535873273
3 4 189 1534820908 -0.18531769380050639 -0.98267866180377694
3 4 190 1491481209 -0.30905427805324431 -0.95104440128575907
3 4 191 2013959787 0.94132168827413831 -0.33751070973337433
3 4 192 2063859717 0.98063417908934647 -0.19584842813197023
3 4 193 51098564 0.98866874520680326 0.15011366443866817
3 4 194 1539181002 -0.17266806247188565 -0.98498007096702467
3 4 195 284529245 0.66817666109956109 0.74400265427069701
3 4 196 482849915 0.14640452928435074 0.9892248044833023
3 4 197 1099792475 -0.99484751437049135 -0.10138255841541446
3 4 198 1448526103 -0.42672433360606432 -0.90438174633749679
3 4 199 927040486 -0.91796902999602115 0.39665206411685794
3 4 200 1666056231 0.19925862537535052 -0.97994693744790373
3 4 201 970817078 -0.96139320236326387 0.27517832481812293
3 4 202 1303041578 -0.76425364257729977 -0.64491578505052027
3 4 203 1408080905 -0.53130097562947265 -0.8471831403511112
3 4 204 787814022 -0.68336959336475145 0.73007259835203664
3 4 205 102979218 0.95424467255908352 0.29902693004578607
3 4 206 1613858491 0.046659798709807493 -0.99891083845574535
3 4 207 1341459041 -0.68644937082165769 -0.72717759955773553
3 4 208 545208455 -0.036946429306798471 0.9993172476053227
3 4 209 1908759123 0.79335563229468342 -0.60875844200002927
3 4 210 2041160872 0.96533863513363261 -0.26100061210337283
3 4 211 630371638 -0.28412180046587948 0.95878819480635402
3 4 212 321729417 0.58270786490266069 0.81268169917907129
3 4 213 1960167940 0.8761901934398747 -0.48196550179426217
3 4 214 1461884418 -0.39077711137170418 -0.92048533352139117
3 4 215 182939098 0.85798393312962173 0.51367652320446255
3 4 216 1448886077 -0.42576407581347669 -0.90483421229896921
3 4 217 728630292 -0.54621822045053714 0.83764291655087042
3 4 218 2075409549 0.98673457104470419 -0.1623418809341064
3 4 219 1455809575 -0.40720305548678293 -0.91333765475985274
3 4 220 2007843339 0.93508134919663888 -0.35443316772643246
3 4 221 2108443379 0.99784575052943181 -0.065603796767831582
3 4 222 908262432 -0.89460897274011808 0.44684984714428477
3 4 223 580666472 -0.14104419329446896 0.9900033007712209
3 4 224 1530136284 -0.19887466330421422 -0.98002493248673805
3 4 225 800878685 -0.71098236293293204 0.70320984037362888
3 4 226 271174370 0.69695120589444826 0.7171185512886098
3 4 227 450274431 0.24060941022872989 0.97062202309106027
3 4 228 179064841 0.86379641091486092 0.50384100715464264
3 4 229 1090372673 -0.99727954693175069 -0.073712314246685673
3 4 230 1610688750 0.037320909364984819 -0.99930333218906586
3 4 231 423357229 0.31681451040241354 0.94848751494074979
3 4 232 1880171063 0.73927899180230261 -0.67339926661659721
3 4 233 262959074 0.71411782290732806 0.70002552453899713
3 4 234 588980292 -0.1652707029178159 0.98624824195384553
3 4 235 612491471 -0.23319695801036774 0.97242952380864645
3 4 236 2106414752 0.99743544551957886 -0.071571866128802494
3 4 237 1118404410 -0.98778799694234865 -0.15580395725597812
3 4 238 1949864262 0.86114386654801423 -0.50836132927941691
3 4 239 312834236 0.60382223168098415 0.79711900775718292
3 4 240 333021038 0.5553295365987243 0.83163039012595386
3 4 241 1344470964 -0.67996374725867692 -0.73324573126199522
3 4 242 60517111 0.98411870207261265 0.17751163407201298
3 4 243 1486940353 -0.32176106827197676 -0.94682089908518408
3 4 244 943202334 -0.935823674746877 0.35246850892420356
3 4 245 1949518267 0.8606247395116996 -0.50923968594407409
3 4 246 957471936 -0.94982252027268987 0.31278935401134694
3 4 247 703205436 -0.48194052877019916 0.87620392987517515
3 4 248 1843893956 0.66315221074000164 -0.74848456590009149
3 4 249 2036154256 0.96138018658620039 -0.27522379410124131
3 4 250 660294173 -0.36750805834645628 0.93002033690152053
3 4 251 317528302 0.59273084780871288 0.80540060966947646
3 4 252 259442393 0.72133873397307968 0.69258243615479775
3 4 253 950062697 -0.94276225453671936 0.33346563754132458
3 4 254 65949168 0.98114910669516942 0.19325224560473031
3 4 255 10052208 0.99956068742111925 0.029638356267165558
3 5 1 2104801886 0.99708375965789631 -0.076314980354281872
3 5 2 1026535811 -0.99345572928764003 0.11421783549675257
3 5 3 816724067 -0.74305260705480336 0.6692330111023066
3 5 4 2049204896 0.97125762759408496 -0.23803071406923451
3 5 5 184080546 0.85625004768378377 0.51656157023293747
3 5 6 1272847414 -0.81857285709415872 -0.5744027138068778
3 5 7 2005134366 0.9322201821740872 -0.36189160248244473
3 5 8 1236566681 -0.87522915140644419 -0.48370852021476285
3 5 9 1683383989 0.24904948915735334 -0.96849075986839506
3 5 10 1332938115 -0.7045026494488601 -0.7097013575579072
3 5 11 1010374519 -0.9868864607495339 0.16141596448077486
3 5 12 1487947984 -0.31894629005154096 -0.94777279137056802
3 5 13 302902266 0.62690606040785912 0.77909485393236799
3 5 14 409397606 0.35557974179058754 0.93464594752673014
3 5 15 2001454327 0.92823813059028071 -0.371986522495454
3 5 16 1197910377 -0.92456865113982534 -0.38101549749253488
3 5 17 314835725 0.59910703441681301 0.80066894613959616
3 5 18 1374197639 -0.61315869384243438 -0.78995975604168578
3 5 19 572968972 -0.11853774379487138 0.99294954720570849
3 5 20 1147936323 -0.97049351077911894 -0.24112723930659549
3 5 21 273319584 0.69240082316629603 0.72151306299930262
3 5 22 481792634 0.14948800663729128 0.98876353890685575
3 5 23 1156765860 -0.96388699597153105 -0.26631158254378978
3 5 24 656912573 -0.35821585787206089 0.93363879480716927
3 5 25 1412463216 -0.52030886763246409 -0.85397815092836127
3 5 26 813169160 -0.73599635584573464 0.6769854977632821
3 5 27 595466610 -0.18410362258566224 0.98290684001630391
3 5 28 1940737731 0.84715214527203886 -0.5313503954651605
3 5 29 1962768111 0.87985990871014563 -0.47523314388263588
3 5 30 111437050 0.94649060811300101 0.32273135694239813
3 5 31 1608764575 0.031650141913667426 -0.99949900876231224
3 5 32 1955008400 0.86875603777513111 -0.49524029200909631
3 5 33 728261676 -0.54530737821658304 0.83823616198691675
3 5 34 1023979825 -0.99256662620835423 0.12170247547755597
3 5 35 1234277927 -0.87847386094697899 -0.47779040973308357
3 5 36 1703055945 0.30478132324699797 -0.95242235641537154
3 5 37 365849731 0.47234684620847195 0.88141276192083251
3 5 38 1222907915 -0.89399683447071088 -0.4480732752088083
3 5 39 1916634280 0.80727754716544031 -0.59017197649714814
3 5 40 1611436040 0.039522945971746791 -0.99921866312720276
3 5 41 275160464 0.6884738895996535 0.72526112769093309
3 5 42 91290470 0.96398287862978238 0.26596430156815815
3 5 43 167724623 0.88015921235860339 0.47467858694097725
3 5 44 780940807 -0.66843295504942057 0.74377240107703602
3 5 45 1241272643 -0.86843252929023096 -0.49580736387287772
3 5 46 1342052392 -0.68517596532973268 -0.72837757827549099
3 5 47 630676588 -0.28498388457340851 0.95853230802798206
3 5 48 1387581173 -0.58151248765455876 -0.81353747713415547
3 5 49 1701453558 0.30027751537656638 -0.95385188250549469
3 5 50 1807740074 0.57973966833856416 -0.81480176543420157
3 5 51 342305657 0.53235489842429895 0.84652127092215135
3 5 52 1829191140 0.63008731295791598 -0.77652429327708306
3 5 53 1534230230 -0.18702907603022931 -0.98235437837843365
3 5 54 1193963421 -0.92894059559897357 -0.37022880742619713
3 5 55 1172781297 -0.95023969295083943 -0.31151970393651557
3 5 56 1377151911 -0.60625356027504784 -0.79527141320044248
3 5 57 900126114 -0.88363125825948186 0.46818351041740558
3 5 58 1489427449 -0.31480836617487612 -0.94915525209857265
3 5 59 1610522729 0.036831670933375929 -0.99932148381602182
3 5 60 183859081 0.85658721718437403 0.51600226681317019
3 5 61 212180298 0.81055744396155782 0.58565914151365039
3 5 62 799031530 -0.70714143089354242 0.70707212978156142
3 5 63 1211286524 -0.90882439041621799 -0.4171788913458947
3 5 64 83558395 0.96979601537547133 0.24391738060634086
3 5 65 2066833228 0.98231375732573367 -0.18724230870345385
3 5 66 1272083397 -0.81986490207474771 -0.57255702104328821
3 5 67 177015052 0.86682611445114022 0.49861055675300225
3 5 68 994467431 -0.97823198281130241 0.20751430747075683
3 5 69 223289231 0.79094047469512252 0.61189309972335382
3 5 70 1918078629 0.80978387982092115 -0.58672827440151198
3 5 71 2037259042 0.96227172779118986 -0.2720902826154552
3 5 72 1646165969 0.14147123075260332 -0.98994236744840036
3 5 73 1982538302 0.90605537691355664 -0.42315913551054618
3 5 74 1567257677 -0.090618710126242591 -0.99588566079397689
3 5 75 903281910 -0.88794987037895934 0.45994024361213415
3 5 76 80585689 0.97189693913715725 0.23540675371752801
3 5 77 936629194 -0.92881628154443729 0.37054057151405795
3 5 78 1711413144 0.32815820843655147 -0.94462277668692318
3 5 79 986559240 -0.97312714755346297 0.23026844050902998
3 5 80 916519256 -0.90522278023985203 0.4249373108292947
3 5 81 1342787354 -0.68359573697149967 -0.72986085550219237
3 5 82 1709961776 0.32411232262377798 -0.94601860569621998
3 5 83 277388669 0.683693591218278 0.72976919181824484
3 5 84 130514837 0.92684655657289405 0.37544035554128852
3 5 85 1811202941 0.58802969408038108 -0.80883934058608542
3 5 86 1368704127 -0.6258747725286643 -0.77992356619876069
3 5 87 836679344 -0.78112515030482765 0.62437448663543305
3 5 88 852275445 -0.80900463885303153 0.5878022578335983
3 5 89 1219918568 -0.89791190751130678 -0.44017519960739082
3 5 90 69121105 0.97929860011053815 0.20242097673299644
3 5 91 1908974289 0.79374172826521305 -0.60825493734991798
3 5 92 1218932084 -0.89918858372148147 -0.43756129959693219
3 5 93 1093182034 -0.99663466524368638 -0.081971605050805821
3 5 94 995378393 -0.97878590079957739 0.2048857252127631
3 5 95 1404873343 -0.53929033796422443 -0.84211990320763264
3 5 96 218036078 0.80032396465303313 0.59956780400722864
3 5 97 1662284685 0.18834773817869702 -0.98210240276814775
3 5 98 726385254 -0.54066081446647241 0.84124068119679674
3 5 99 1035186786 -0.9960459337345452 0.088839731488101065
3 5 100 308845557 0.61315605103035975 0.78996180735833987
3 5 101 1300417200 -0.76922168461664009 -0.63898200281035944
3 5 102 1182698712 -0.94072419990499534 -0.33917249256551801
3 5 103 3480072 0.99994734311624378 0.010262114536736658
3 5 104 1378522429 -0.60303454021521619 -0.79771507652007112
3 5 105 736654374 -0.56588378083085344 0.82448501902252824
3 5 106 1394481068 -0.56484027756082 -0.8252002549957288
3 5 107 832415486 -0.77321298882091138 0.63414641362908708
3 5 108 1628394426 0.089421786225092739 -0.99599384744500996
3 5 109 1798054137 0.55623350119896009 -0.83102604781315159
3 5 110 758729322 -0.61831821385479535 0.78592785064242099
3 5 111 1739663638 0.40562298747794523 -0.91404047614395434
3 5 112 649076919 -0.33654916289052222 0.94166589667338418
3 5 113 450117728 0.24105790647529038 0.97051073447219027
3 5 114 1522383436 -0.22122624026896207 -0.975222513386796
3 5 115 804707600 -0.71887680884039162 0.69513749266706593
3 5 116 2017056732 0.94436470837631525 -0.32890013313058586
3 5 117 1291838424 -0.78513862737306783 -0.61932005926397615
3 5 118 933866513 -0.92576677269184282 0.37809507082178384
3 5 119 1251699638 -0.85277940753533688 -0.52227127250470129
3 5 120 1956545421 0.87099177403336958 -0.49129759776148274
3 5 121 1716220046 0.34151477243095285 -0.93987640688094443
3 5 122 1838015325 0.65007798273446393 -0.75986749921541585
3 5 123 668442839 -0.38974763368047982 0.92092170244840388
3 5 124 208373617 0.81708050910970242 0.57652358289408201
3 5 125 1475804670 -0.35267346412500111 -0.93574645481672625
3 5 126 2048269973 0.97059769359805215 -0.24070753453546401
3 5 127 2118141173 0.99931360236834876 -0.037044893326797994
3 5 128 2130706428 0.99999999999999989 -1.4744371302347352e-08
3 5 129 25904547 0.99708375965789631 0.07631498035428147
3 5 130 1104170622 -0.99345572928764003 -0.11421783549675278
3 5 131 1313982366 -0.74305260705480347 -0.66923301110230637
3 5 132 81501537 0.97125762759408507 0.23803071406923404
3 5 133 1946625887 0.85625004768378377 -0.51656157023293736
3 5 134 857859019 -0.81857285709415839 0.57440271380687835
3 5 135 125572067 0.93222018217408731 0.36189160248244434
3 5 136 894139752 -0.87522915140644408 0.48370852021476307
3 5 137 447322444 0.24904948915735292 0.96849075986839517
3 5 138 797768318 -0.70450264944885965 0.70970135755790775
3 5 139 1120331914 -0.9868864607495339 -0.16141596448077461
3 5 140 642758449 -0.31894629005154113 0.94777279137056802
3 5 141 1827804167 0.62690606040785868 -0.77909485393236821
3 5 142 1721308827 0.35557974179058771 -0.93464594752673003
3 5 143 129252106 0.92823813059028082 0.37198652249545394
3 5 144 932796056 -0.92456865113982545 0.38101549749253466
3 5 145 1815870708 0.59910703441681257 -0.8006689461395966
3 5 146 756508794 -0.61315869384243427 0.789959756041686
3 5 147 1557737461 -0.11853774379487206 -0.99294954720570838
3 5 148 982770110 -0.97049351077911883 0.24112723930659571
3 5 149 1857386849 0.69240082316629614 -0.72151306299930251
3 5 150 1648913799 0.14948800663729128 -0.98876353890685575
3 5 151 973940573 -0.96388699597153094 0.26631158254379006
3 5 152 1473793860 -0.35821585787206156 -0.93363879480716894
3 5 153 718243217 -0.52030886763246353 0.8539781509283616
3 5 154 1317537273 -0.73599635584573453 -0.67698549776328221
3 5 155 1535239823 -0.18410362258566312 -0.98290684001630368
3 5 156 189968702 0.84715214527203897 0.53135039546516016
3 5 157 167938322 0.87985990871014608 0.47523314388263527
3 5 158 2019269383 0.9464906081130009 -0.32273135694239841
3 5 159 521941858 0.031650141913668113 0.99949900876231224
3 5 160 175698033 0.86875603777513111 0.49524029200909636
3 5 161 1402444757 -0.54530737821658282 -0.83823616198691686
3 5 162 1106726608 -0.99256662620835434 -0.12170247547755572
3 5 163 896428506 -0.87847386094697888 0.47779040973308379
3 5 164 427650488 0.30478132324699753 0.95242235641537165
3 5 165 1764856702 0.47234684620847134 -0.88141276192083284
3 5 166 907798518 -0.89399683447071077 0.44807327520880852
3 5 167 214072153 0.80727754716544009 0.59017197649714837
3 5 168 519270393 0.039522945971747256 0.99921866312720276
3 5 169 1855545969 0.68847388959965305 -0.72526112769093365
3 5 170 2039415963 0.96398287862978216 -0.26596430156815892
3 5 171 1962981810 0.88015921235860328 -0.47467858694097748
3 5 172 1349765626 -0.6684329550494208 -0.74377240107703579
3 5 173 889433790 -0.86843252929023085 0.49580736387287794
3 5 174 788654041 -0.68517596532973246 0.7283775782754911
3 5 175 1500029845 -0.28498388457340917 -0.95853230802798184
3 5 176 743125260 -0.58151248765455898 0.81353747713415536
3 5 177 429252875 0.30027751537656638 0.95385188250549469
3 5 178 322966359 0.57973966833856416 0.81480176543420157
3 5 179 1788400776 0.53235489842429862 -0.84652127092215157
3 5 180 301515293 0.63008731295791665 0.77652429327708239
3 5 181 596476203 -0.18702907603022842 0.98235437837843376
3 5 182 936743012 -0.92894059559897346 0.37022880742619735
3 5 183 957925136 -0.95023969295083943 0.31151970393651579
3 5 184 753554522 -0.60625356027504773 0.79527141320044259
3 5 185 1230580319 -0.88363125825948197 -0.46818351041740536
3 5 186 641278984 -0.31480836617487568 0.94915525209857288
3 5 187 520183704 0.036831670933376179 0.99932148381602182
3 5 188 1946847352 0.85658721718437403 -0.51600226681317019
3 5 189 1918526135 0.81055744396155782 -0.58565914151365051
3 5 190 1331674903 -0.70714143089354264 -0.70707212978156131
3 5 191 919419909 -0.90882439041621788 0.41717889134589492
3 5 192 2047148038 0.96979601537547133 -0.24391738060634105
3 5 193 63873205 0.98231375732573378 0.18724230870345343
3 5 194 858623036 -0.81986490207474749 0.57255702104328843
3 5 195 1953691381 0.86682611445113977 -0.49861055675300286
3 5 196 1136239002 -0.97823198281130241 -0.20751430747075661
3 5 197 1907417202 0.79094047469512241 -0.61189309972335393
3 5 198 212627804 0.80978387982092104 0.58672827440151221
3 5 199 93447391 0.96227172779118997 0.27209028261545465
3 5 200 484540464 0.14147123075260376 0.98994236744840025
3 5 201 148168131 0.90605537691355675 0.42315913551054585
3 5 202 563448756 -0.090618710126242563 0.99588566079397689
3 5 203 1227424523 -0.88794987037895945 -0.45994024361213393
3 5 204 2050120744 0.97189693913715713 -0.23540675371752851
3 5 205 1194077239 -0.92881628154443729 -0.37054057151405773
3 5 206 419293289 0.32815820843655213 0.94462277668692296
3 5 207 1144147193 -0.97312714755346308 -0.23026844050902973
3 5 208 1214187177 -0.90522278023985214 -0.42493731082929448
3 5 209 787919079 -0.68359573697149956 0.7298608555021926
3 5 210 420744657 0.32411232262377887 0.94601860569621965
3 5 211 1853317764 0.68369359121827822 -0.72976919181824462
3 5 212 2000191596 0.92684655657289383 -0.37544035554128913
3 5 213 319503492 0.58802969408038108 0.80883934058608542
3 5 214 762002306 -0.62587477252866375 0.77992356619876113
3 5 215 1294027089 -0.78112515030482776 -0.62437448663543282
3 5 216 1278430988 -0.80900463885303164 -0.58780225783359807
3 5 217 910787865 -0.89791190751130667 0.44017519960739104
3 5 218 2061585328 0.97929860011053815 -0.20242097673299636
3 5 219 221732144 0.79374172826521316 0.60825493734991787
3 5 220 911774349 -0.89918858372148136 0.43756129959693241
3 5 221 1037524399 -0.99663466524368638 0.081971605050805627
3 5 222 1135328040 -0.9787859007995775 -0.20488572521276241
3 5 223 725833090 -0.53929033796422421 0.84211990320763275
3 5 224 1912670355 0.80032396465303324 -0.59956780400722864
3 5 225 468421748 0.1883477381786966 0.98210240276814775
3 5 226 1404321179 -0.54066081446647229 -0.84124068119679685
3 5 227 1095519647 -0.99604593373454531 -0.088839731488100815
3 5 228 1821860876 0.61315605103035964 -0.78996180735833998
3 5 229 830289233 -0.7692216846166402 0.63898200281035933
3 5 230 948007721 -0.94072419990499523 0.33917249256551829
3 5 231 2127226361 0.99994734311624378 -0.010262114536736994
3 5 232 752184004 -0.60303454021521596 0.79771507652007123
3 5 233 1394052059 -0.565883780830854 -0.8244850190225278
3 5 234 736225365 -0.56484027756081978 0.82520025499572891
3 5 235 1298290947 -0.7732129888209115 -0.63414641362908686
3 5 236 502312007 0.089421786225093419 0.99599384744500996
3 5 237 332652296 0.55623350119895965 0.83102604781315181
3 5 238 1371977111 -0.61831821385479546 -0.78592785064242088
3 5 239 391042795 0.40562298747794523 0.91404047614395434
3 5 240 1481629514 -0.336549162890522 -0.9416658966733843
3 5 241 1680588705 0.2410579064752908 -0.97051073447219016
3 5 242 608322997 -0.22122624026896268 0.97522251338679589
3 5 243 1325998833 -0.71887680884039173 -0.6951374926670657
3 5 244 113649701 0.94436470837631536 0.32890013313058558
3 5 245 838868009 -0.78513862737306772 0.61932005926397626
3 5 246 1196839920 -0.92576677269184293 -0.37809507082178362
3 5 247 879006795 -0.85277940753533665 0.5222712725047014
3 5 248 174161012 0.87099177403336969 0.49129759776148263
3 5 249 414486387 0.34151477243095307 0.93987640688094432
3 5 250 292691108 0.65007798273446404 0.75986749921541574
3 5 251 1462263594 -0.38974763368047965 -0.92092170244840399
3 5 252 1922332816 0.81708050910970242 -0.57652358289408212
3 5 253 654901763 -0.35267346412500089 0.93574645481672636
3 5 254 82436460 0.97059769359805204 0.24070753453546442
3 5 255 12565260 0.99931360236834865 0.037044893326798424
3 6 1 1673479690 0.22066103919087943 -0.97535055533033921
3 6 2 379560400 0.43633410822974128 0.89978472202819515
3 6 3 1406210167 -0.53596641354407049 -0.84423930467178943
3 6 4 1606763302 0.02575107921253493 -0.99966838597576435
3 6 5 1499320515 -0.2869882456208584 -0.95793410361854325
3 6 6 248993037 0.74233405324340762 0.67002996455025321
3 6 7 1553878666 -0.12982869902121788 -0.99153643851875561
3 6 8 631597444 -0.28758571414938056 0.95775490446000366
3 6 9 741636927 -0.57793635823539302 0.81608183770355491
3 6 10 1599525738 0.0044112457373230119 -0.99999027040819
3 6 11 2064731996 0.98113470376026213 -0.19332535549498586
3 6 12 507113721 0.075310368302776862 0.99716014181579682
3 6 13 1641906579 0.12902632082518475 -0.99164116924133217
3 6 14 1769700987 0.48488937002669191 -0.87457549636101617
3 6 15 697180046 -0.46629677994020208 0.8846283473964639
3 6 16 1863633739 0.70557379726621361 -0.70863644883066534
3 6 17 377802870 0.44099157295276797 0.89751124370931612
3 6 18 370613307 0.45991928211713295 0.88796072769963263
3 6 19 1113704053 -0.98985260356279892 -0.142097935312053
3 6 20 951382301 -0.94405274360090963 0.32979450768561214
3 6 21 1180266074 -0.94313304307461732 -0.33241549762430167
3 6 22 1430433734 -0.47434495011941358 -0.88033906439292531
3 6 23 1388119032 -0.58022142241544727 -0.81445877794409893
3 6 24 362153801 0.48192497283486474 0.87621248596337342
3 6 25 842673286 -0.79203861666410957 0.61047099006652539
3 6 26 975802992 -0.96533504574235673 0.2610138874880073
3 6 27 714559932 -0.51100283760368692 0.85957902484936199
3 6 28 1476602704 -0.35047039568710076 -0.93657381009022833
3 6 29 1503039160 -0.27646667173624501 -0.96102350617405985
3 6 30 133724460 0.9232516372405235 0.38419580207583331
3 6 31 1930517490 0.83075591222414591 -0.55663687831891562
3 6 32 215303647 0.80512900683159472 0.59309972378881604
3 6 33 21631438 0.99796621039339106 0.063745140309312387
3 6 34 1228775790 -0.88611009436786303 -0.4634748112458506
3 6 35 1907274799 0.79068345359068892 -0.61222518424016248
3 6 36 2043667134 0.96724121801112839 -0.25385906755589582
3 6 37 1717443537 0.34490354222118752 -0.93863813398097007
3 6 38 1467489498 -0.37551002189106608 -0.92681833357965626
3 6 39 169254703 0.878008504194289 0.47864503189995322
3 6 40 1933723248 0.8359808116787335 -0.5487586741956485
3 6 41 1182475130 -0.94094761700369201 -0.33855218512819146
3 6 42 109548564 0.94827318337374478 0.31745546096141458
3 6 43 1905834694 0.7880764020099742 -0.61557743996593439
3 6 44 1363270255 -0.63829123216969497 -0.7697949746103131
3 6 45 1063385885 -0.99998317184977714 0.0058013806338743958
3 6 46 2036604157 0.96174448021060044 -0.273948087754673
3 6 47 330670619 0.56108025659325678 0.82776140624049699
3 6 48 1238956121 -0.87179916617313802 -0.48986346450804158
3 6 49 1615602983 0.051797843206677491 -0.99865759068818805
3 6 50 890864229 -0.87051620409769048 0.49213975495111967
3 6 51 836908075 -0.78154611252451189 0.62384747655001627
3 6 52 64322935 0.98206457332488217 0.18854488542577086
3 6 53 1841076276 0.65691024442569113 -0.75396878633573339
3 6 54 580473532 -0.14048090238074859 0.99008338844073662
3 6 55 1833478843 0.63985497970046146 -0.76849567659975948
3 6 56 800299720 -0.70978074068556596 0.70442267152033755
3 6 57 1932433910 0.83388834132566891 -0.55193317910878004
3 6 58 508889079 0.070088920145302047 0.99754074767543477
3 6 59 654203415 -0.35074569716119902 0.93647074483023995
3 6 60 1499054757 -0.28773887784168617 -0.95770890054254332
3 6 61 1959181504 0.87478451071284824 -0.48451218748023539
3 6 62 958837836 -0.95107468606868806 0.3089610679670603
3 6 63 175119969 0.86959898059414453 0.49375865860724372
3 6 64 100270074 0.9566030996694882 0.29139407973177367
3 6 65 2054058587 0.97456494274927885 -0.22410527071913072
3 6 66 1952641363 0.86527807828535142 -0.50129217751607624
3 6 67 638559349 -0.30718623013227309 0.95164942075173997
3 6 68 341078344 0.53541512794775981 0.84458903661170259
3 6 69 1546370937 -0.15174706014057238 -0.98841935924924773
3 6 70 1023270495 -0.9923098868938216 0.12377838410954881
3 6 71 740145704 -0.57434211991193918 0.81861537323401135
3 6 72 696975303 -0.46576259057129826 0.88490971812061892
3 6 73 674480816 -0.40608221595469096 0.91383654659097968
3 6 74 176144066 0.86810389929829668 0.49638253396256066
3 6 75 1083938292 -0.99849857909005768 -0.054777619107951592
3 6 76 948985400 -0.94169814098129623 0.33645892954767997
3 6 77 1976237606 0.89803716199313643 -0.43991960138110842
3 6 78 775271913 -0.65590660270075973 0.75484205535565374
3 6 79 1183871088 -0.93954599686389295 -0.34242272088317033
3 6 80 247540534 0.74519713992545578 0.66684422667285703
3 6 81 332920965 0.55557492878104686 0.83146647467587942
3 6 82 1199671558 -0.92257738664686195 -0.3858120859276527
3 6 83 1185148976 -0.93824896684489212 -0.34596080155776682
3 6 84 582759091 -0.14715065099776206 0.98911409145302087
3 6 85 1321160956 -0.72872035189694129 -0.68481139646708422
3 6 86 2068586239 0.98326856003345509 -0.18216184795323034
3 6 87 1856297786 0.69008011022278781 -0.72373299045635953
3 6 88 1022730534 -0.99211153956850651 0.12535825882249532
3 6 89 1037760995 -0.99669161359187108 0.081276241274018238
3 6 90 82945326 0.9702353996096611 0.24216372425340929
3 6 91 1012345287 -0.98780786638700713 0.15567793390184964
3 6 92 184294641 0.85592375147553856 0.51710205149471267
3 6 93 33394581 0.99515511460891848 0.098317332488785172
3 6 94 768312785 -0.64027902027896322 0.7681424192105335
3 6 95 1259706725 -0.84021102982996432 -0.54225955533496217
3 6 96 1966208440 0.88463583408898183 -0.46628257639085263
3 6 97 1994741622 0.92069331295447565 -0.39028684769142796
3 6 98 1723944878 0.36283428644648219 -0.93185367981184264
3 6 99 389941570 0.40858907483312823 0.91271844942841407
3 6 100 796755955 -0.70238081967956423 0.71180136565355334
3 6 101 1560500640 -0.11044307984275893 -0.99388245085364391
3 6 102 1845379741 0.66642524024103966 -0.74557186050016167
3 6 103 430317373 0.2972818323401884 0.95478977380387775
3 6 104 375803055 0.44627668005294879 0.89489503565553319
3 6 105 1736267822 0.39644975343033056 -0.9180564214714857
3 6 106 1247235995 -0.85957984647626273 -0.51100145550853826
3 6 107 146616010 0.9079826831211405 0.41900769342833605
3 6 108 1101790738 -0.99423283628250936 -0.1072430289465795
3 6 109 453099818 0.23251421047564211 0.97259299911468045
3 6 110 1336616473 -0.69676321434695021 -0.71730120809385645
3 6 111 1661455079 0.18594455794396453 -0.98256023803684611
3 6 112 1631174876 0.097585039107791455 -0.99522719021454131
3 6 113 113999987 0.94402446744321822 0.32987543841357492
3 6 114 974577550 -0.96438552563120661 0.26450058214117667
3 6 115 965649120 -0.95708810280153567 0.28979710743165987
3 6 116 715902932 -0.5144030449173671 0.85754854520297641
3 6 117 271782249 0.69566460972399635 0.71836672443645366
3 6 118 694498529 -0.45928711455797971 0.88828787360911621
3 6 119 1075898279 -0.99951655638672077 -0.031091051909371548
3 6 120 1495571932 -0.29755959536943127 -0.9547032456232567
3 6 121 1207181482 -0.91380773548734173 -0.40614704549398917
3 6 122 74911957 0.97569934592894747 0.21911363799139508
3 6 123 1654413980 0.16550473529871107 -0.98620899539281404
3 6 124 676189627 -0.41068192598433129 0.91177867691112424
3 6 125 1770965604 0.48814745468784126 -0.87276117150213661
3 6 126 2031782681 0.95775243128680942 -0.28759395050001546
3 6 127 2115628121 0.99901163716881591 -0.044449395960823958
3 6 128 2130706427 0.99999999999999989 -1.7693245336195265e-08
3 6 129 457226743 0.22066103919087968 0.97535055533033921
3 6 130 1751146033 0.43633410822974122 -0.89978472202819515
3 6 131 724496266 -0.53596641354407026 0.84423930467178954
3 6 132 523943131 0.025751079212534955 0.99966838597576435
3 6 133 631385918 -0.28698824562085856 0.95793410361854314
3 6 134 1881713396 0.74233405324340707 -0.67002996455025388
3 6 135 576827767 -0.12982869902121721 0.99153643851875573
3 6 136 1499108989 -0.28758571414938017 -0.95775490446000378
3 6 137 1389069506 -0.57793635823539324 -0.8160818377035548
3 6 138 531180695 0.0044112457373237015 0.99999027040819
3 6 139 65974437 0.98113470376026202 0.19332535549498622
3 6 140 1623592712 0.075310368302776404 -0.99716014181579693
3 6 141 488799854 0.12902632082518478 0.99164116924133217
3 6 142 361005446 0.48488937002669275 0.87457549636101573
3 6 143 1433526387 -0.4662967799402023 -0.88462834739646379
3 6 144 267072694 0.70557379726621383 0.70863644883066512
3 6 145 1752903563 0.44099157295276759 -0.89751124370931634
3 6 146 1760093126 0.45991928211713229 -0.88796072769963297
3 6 147 1017002380 -0.98985260356279892 0.14209793531205325
3 6 148 1179324132 -0.94405274360090963 -0.32979450768561192
3 6 149 950440359 -0.94313304307461721 0.33241549762430189
3 6 150 700272699 -0.47434495011941374 0.8803390643929252
3 6 151 742587401 -0.58022142241544672 0.81445877794409927
3 6 152 1768552632 0.48192497283486435 -0.87621248596337364
3 6 153 1288033147 -0.79203861666410968 -0.61047099006652517
3 6 154 1154903441 -0.96533504574235673 -0.26101388748800708
3 6 155 1416146501 -0.51100283760368748 -0.85957902484936166
3 6 156 654103729 -0.35047039568710031 0.93657381009022844
3 6 157 627667273 -0.27646667173624478 0.96102350617405996
3 6 158 1996981973 0.92325163724052328 -0.38419580207583376
3 6 159 200188943 0.83075591222414624 0.55663687831891506
3 6 160 1915402786 0.80512900683159483 -0.59309972378881592
3 6 161 2109074995 0.99796621039339106 -0.063745140309312165
3 6 162 901930643 -0.88611009436786292 0.46347481124585083
3 6 163 223431634 0.79068345359068903 0.61222518424016226
3 6 164 87039299 0.96724121801112839 0.25385906755589582
3 6 165 413262896 0.34490354222118774 0.93863813398096996
3 6 166 663216935 -0.37551002189106542 0.92681833357965659
3 6 167 1961451730 0.87800850419428866 -0.47864503189995372
3 6 168 196983185 0.83598081167873362 0.54875867419564839
3 6 169 948231303 -0.94094761700369201 0.33855218512819174
3 6 170 2021157869 0.94827318337374478 -0.31745546096141447
3 6 171 224871739 0.78807640200997442 0.61557743996593406
3 6 172 767436178 -0.63829123216969474 0.76979497461031321
3 6 173 1067320548 -0.99998317184977714 -0.0058013806338741512
3 6 174 94102276 0.96174448021060044 0.27394808775467283
3 6 175 1800035814 0.56108025659325667 -0.8277614062404971
3 6 176 891750312 -0.87179916617313791 0.4898634645080418
3 6 177 515103450 0.051797843206677512 0.99865759068818805
3 6 178 1239842204 -0.87051620409769059 -0.49213975495111945
3 6 179 1293798358 -0.781546112524512 -0.62384747655001604
3 6 180 2066383498 0.98206457332488217 -0.18854488542577078
3 6 181 289630157 0.65691024442569146 0.75396878633573305
3 6 182 1550232901 -0.14048090238074862 -0.99008338844073662
3 6 183 297227590 0.63985497970046201 0.76849567659975904
3 6 184 1330406713 -0.70978074068556607 -0.70442267152033744
3 6 185 198272523 0.83388834132566925 0.55193317910877948
3 6 186 1621817354 0.070088920145302686 -0.99754074767543477
3 6 187 1476503018 -0.3507456971611988 -0.93647074483024006
3 6 188 631651676 -0.28773887784168573 0.95770890054254354
3 6 189 171524929 0.87478451071284846 0.48451218748023489
3 6 190 1171868597 -0.95107468606868817 -0.30896106796706008
3 6 191 1955586464 0.86959898059414442 -0.49375865860724394
3 6 192 2030436359 0.95660309966948798 -0.29139407973177422
3 6 193 76647846 0.97456494274927896 0.22410527071913031
3 6 194 178065070 0.86527807828535142 0.50129217751607613
3 6 195 1492147084 -0.30718623013227286 -0.95164942075173997
3 6 196 1789628089 0.53541512794775969 -0.84458903661170281
3 6 197 584335496 -0.15174706014057257 0.98841935924924773
3 6 198 1107435938 -0.9923098868938216 -0.12377838410954857
3 6 199 1390560729 -0.57434211991193895 -0.81861537323401146
3 6 200 1433731130 -0.46576259057129887 -0.88490971812061858
3 6 201 1456225617 -0.40608221595469118 -0.91383654659097957
3 6 202 1954562367 0.86810389929829646 -0.4963825339625611
3 6 203 1046768141 -0.99849857909005768 0.054777619107951842
3 6 204 1181721033 -0.94169814098129634 -0.33645892954767975
3 6 205 154468827 0.89803716199313655 0.43991960138110808
3 6 206 1355434520 -0.65590660270075984 -0.75484205535565352
3 6 207 946835345 -0.93954599686389273 0.34242272088317099
3 6 208 1883165899 0.74519713992545566 -0.66684422667285714
3 6 209 1797785468 0.55557492878104664 -0.83146647467587953
3 6 210 931034875 -0.92257738664686195 0.38581208592765293
3 6 211 945557457 -0.93824896684489201 0.34596080155776704
3 6 212 1547947342 -0.14715065099776273 -0.98911409145302076
3 6 213 809545477 -0.72872035189694118 0.68481139646708444
3 6 214 62120194 0.98326856003345497 0.18216184795323062
3 6 215 274408647 0.69008011022278803 0.7237329904563593
3 6 216 1107975899 -0.99211153956850651 -0.12535825882249507
3 6 217 1092945438 -0.99669161359187108 -0.081276241274017988
3 6 218 2047761107 0.97023539960966121 -0.24216372425340899
3 6 219 1118361146 -0.98780786638700724 -0.15567793390184897
3 6 220 1946411792 0.85592375147553823 -0.51710205149471322
3 6 221 2097311852 0.99515511460891848 -0.098317332488784909
3 6 222 1362393648 -0.64027902027896344 -0.76814241921053339
3 6 223 870999708 -0.8402110298299641 0.5422595553349624
3 6 224 164497993 0.88463583408898183 0.46628257639085263
3 6 225 135964811 0.92069331295447587 0.39028684769142757
3 6 226 406761555 0.36283428644648197 0.93185367981184275
3 6 227 1740764863 0.40858907483312817 -0.91271844942841407
3 6 228 1333950478 -0.70238081967956467 -0.71180136565355279
3 6 229 570205793 -0.11044307984275847 0.99388245085364402
3 6 230 285326692 0.66642524024104022 0.74557186050016122
3 6 231 1700389060 0.29728183234018818 -0.95478977380387786
3 6 232 1754903378 0.44627668005294918 -0.89489503565553297
3 6 233 394438611 0.39644975343033056 0.9180564214714857
3 6 234 883470438 -0.85957984647626262 0.51100145550853848
3 6 235 1984090423 0.90798268312114061 -0.41900769342833599
3 6 236 1028915695 -0.99423283628250936 0.10724302894657975
3 6 237 1677606615 0.23251421047564189 -0.97259299911468056
3 6 238 794089960 -0.69676321434694999 0.71730120809385667
3 6 239 469251354 0.18594455794396456 0.98256023803684611
3 6 240 499531557 0.097585039107791927 0.99522719021454131
3 6 241 2016706446 0.94402446744321822 -0.32987543841357503
3 6 242 1156128883 -0.96438552563120672 -0.26450058214117644
3 6 243 1165057313 -0.95708810280153567 -0.28979710743166009
3 6 244 1414803501 -0.51440304491736688 -0.85754854520297652
3 6 245 1858924184 0.69566460972399624 -0.71836672443645377
3 6 246 1436207904 -0.45928711455798032 -0.88828787360911587
3 6 247 1054808154 -0.99951655638672077 0.031091051909371795
3 6 248 635134501 -0.29755959536943166 0.95470324562325648
3 6 249 923524951 -0.9138077354873414 0.40614704549398978
3 6 250 2055794476 0.97569934592894736 -0.21911363799139572
3 6 251 476292453 0.16550473529871088 0.98620899539281415
3 6 252 1454516806 -0.4106819259843319 -0.91177867691112391
3 6 253 359740829 0.48814745468784126 0.87276117150213661
3 6 254 98923752 0.95775243128680965 0.28759395050001485
3 6 255 15078312 0.99901163716881591 0.044449395960823812
3 7 1 1242157494 -0.86713585713598318 -0.49807168687754549
3 7 2 1863291422 0.70485810499285406 -0.70934832897941102
3 7 3 1995696267 0.9217883707342962 -0.38769343504760534
3 7 4 1164321708 -0.95771448034849005 -0.28772030538497223
3 7 5 683854051 -0.43118277795434473 0.90226460198523484
3 7 6 1355845093 -0.65499221367029714 -0.75563562649684779
3 7 7 1102622966 -0.99396665357750824 -0.10968268585300793
3 7 8 26628207 0.99691863466254871 0.078442564099853659
3 7 9 1930596298 0.83088524935053676 -0.55644379986814152
3 7 10 1866113361 0.71073650474578498 -0.70345832912955464
3 7 11 988383040 -0.97435148776157465 0.22503150512051856
3 7 12 1656985891 0.1729795514100354 -0.98492541585339488
3 7 13 850204459 -0.80539982093397544 0.59273191953826843
3 7 14 999297935 -0.98108858706381186 0.19355925277065228
3 7 15 1523612198 -0.21769111144901693 -0.97601771500116308
3 7 16 398650668 0.38501644608864383 0.9229097118577041
3 7 17 440770015 0.26771529318070447 0.96349806527941173
3 7 18 1497735408 -0.29146274749885248 -0.95658217985723537
3 7 19 1654439134 0.16557788786457756 -0.98619671620336746
3 7 20 754828279 -0.60923643462804222 0.79298862962952454
3 7 21 2087212564 0.99178621822344448 -0.12790659616313094
3 7 22 248368401 0.74356697033565888 0.66866146937433846
3 7 23 1619472204 0.063188753813401458 -0.99800159388224896
3 7 24 67395029 0.9803162288357069 0.19743376479553298
3 7 25 272883356 0.69332839108976774 0.7206217746563548
3 7 26 1138436824 -0.9768665260269328 -0.21384992477920567
3 7 27 833653254 -0.7755224815262195 0.63131995109248262
3 7 28 1012467677 -0.98786398819709353 0.15532141134863758
3 7 29 1043310209 -0.99788811006313993 0.064956291416726181
3 7 30 156011870 0.89602613247311458 0.44400131748146043
3 7 31 121563972 0.936432299004197 0.3508483281728933
3 7 32 606305327 -0.21541992609792135 0.97652150792492332
3 7 33 1445707633 -0.43422610881698176 -0.90080391119358638
3 7 34 1433571755 -0.46617842618310762 -0.88469072277346783
3 7 35 449565238 0.24263876476957907 0.9701167093866041
3 7 36 253571890 0.73321960541230968 0.67999191924538105
3 7 37 938330910 -0.93066400599632748 0.36587498950169822
3 7 38 1712071081 0.32999032169787518 -0.94398431532824356
3 7 39 552581559 -0.058663496760100346 0.99827781411182215
3 7 40 125304023 0.93250594020190802 0.3611546365314387
3 7 41 2089789796 0.99272964828949339 -0.12036546600673631
3 7 42 127806658 0.92981526534405479 0.36802659188320203
3 7 43 1513238332 -0.24744218120272443 -0.96890266124190105
3 7 44 1945599703 0.85468296910172692 -0.51915028876757485
3 7 45 885499127 -0.86262143565991378 0.50585003582092314
3 7 46 600449489 -0.1985259469092468 0.98009563227461993
3 7 47 30664650 0.99591433664712214 0.090303012467595839
3 7 48 1090331069 -0.99728858281900357 -0.073589962487172214
3 7 49 1529752408 -0.19998392587479807 -0.97979917809299233
3 7 50 2104694817 0.99705961480109451 -0.076629788807571791
3 7 51 1331510493 -0.70748415360215355 -0.70672920726530353
3 7 52 430161163 0.2977216186253529 0.9546527315223583
3 7 53 17215889 0.99871160765552014 0.05074568685244412
3 7 54 2097690076 0.99526415237656951 -0.097207340227725189
3 7 55 363469956 0.47852061713706651 0.87807631728384583
3 7 56 223447529 0.79065475628533921 0.61226224476393354
3 7 57 834035273 -0.77623318761439752 0.63044590445651372
3 7 58 1659057142 0.17899207271626544 -0.98385051603621942
3 7 59 1828590534 0.62871101428436371 -0.77763902970306642
3 7 60 683544000 -0.43035765605203535 0.90265845582778315
3 7 61 1575476277 -0.066458556734494606 -0.99778918626970892
3 7 62 1118644142 -0.987677606146807 -0.15650222463630609
3 7 63 1269659847 -0.8239358481855642 -0.56668308433791714
3 7 64 116981753 0.94108746555789125 0.33816324781061702
3 7 65 2041283946 0.96543329644165843 -0.2606502448143736
3 7 66 502492896 0.088890491574096619 0.99604140501673699
3 7 67 1100103646 -0.99475406649822429 -0.10229539180846009
3 7 68 1818395690 0.60505203630709381 -0.79618592888887407
3 7 69 738746210 -0.57095886871870294 0.82097866612443648
3 7 70 128462361 0.92910191666357012 0.36982378026849544
3 7 71 1573738799 -0.071569938834184249 -0.99743558381244402
3 7 72 1878491070 0.73593385413179124 -0.67705344127530098
3 7 73 1497129763 -0.29317070972493869 -0.95606011053666273
3 7 74 915736888 -0.9042399970550139 0.42702462192003443
3 7 75 1264594674 -0.83230791965613149 -0.55431356367825124
3 7 76 1817385111 0.60267666304021961 -0.79798548848127915
3 7 77 885139585 -0.86208462637976724 0.50676434065515807
3 7 78 1969837115 0.88957455319651324 -0.45679001117058576
3 7 79 1381182936 -0.59675757148759256 -0.80242158549744336
3 7 80 1709268245 0.32217690973784119 -0.94667948051691442
3 7 81 1453761009 -0.41271303130783099 -0.91086110565151557
3 7 82 689381340 -0.44583111615596854 0.89511709617631774
3 7 83 2092909283 0.99379486890767155 -0.11122840704057539
3 7 84 1035003345 -0.99599773064626573 0.089378523972420854
3 7 85 831118971 -0.77078283717023077 0.63709796571940913
3 7 86 637761918 -0.30494755667952328 0.95236914464675348
3 7 87 745209795 -0.5865023102265291 0.8099475539187363
3 7 88 1193185623 -0.92978731874019394 -0.36809719084763604
3 7 89 855603422 -0.81473415415051564 0.57983468166421692
3 7 90 96769547 0.95956002920602279 0.28150408584980924
3 7 91 115716285 0.94234283583406575 0.33464903967023568
3 7 92 1280363631 -0.80564156251398467 -0.59240330244692707
3 7 93 1104313561 -0.99340749717445775 -0.11463657600251227
3 7 94 541247177 -0.025270838887191765 0.9996806413559971
3 7 95 1114540107 -0.98949926479350991 -0.14453790151065338
3 7 96 1583674369 -0.042319791223062245 -0.99910411633164464
3 7 97 196492126 0.83677457656330356 0.54754753950438317
3 7 98 590798069 -0.17055498407315012 0.98534816050358942
3 7 99 1875402787 0.72973752424186977 -0.68372739137272143
3 7 100 1284666353 -0.79806039159813402 -0.60257747332789746
3 7 101 1820584080 0.6101774182378803 -0.79226480312617376
3 7 102 377354337 0.4421782957310974 0.89692717362355689
3 7 103 857154674 -0.81737804358193178 0.57610166973388788
3 7 104 1503790114 -0.27433783892691538 -0.96163337615377609
3 7 105 605174837 -0.21216333188253989 0.97723421993117865
3 7 106 1099990922 -0.99478801543820261 -0.1019647210584248
3 7 107 1591522967 -0.019186727785290094 -0.99981591779531753
3 7 108 575187050 -0.12502987905899238 0.99215297678457515
3 7 109 1238851932 -0.87194963080051036 -0.48959558959089261
3 7 110 1914503624 0.80355356522834975 -0.59523244855166313
3 7 111 1583246520 -0.043580299787273076 -0.99904992741626852
3 7 112 482566400 0.14723151949738247 0.98910205725521161
3 7 113 1908588679 0.79304955919473508 -0.60915711984761067
3 7 114 426771664 0.30724853903280674 0.95162930559236447
3 7 115 1126590640 -0.98373942785033031 -0.17960160938227929
3 7 116 1545455565 -0.15441456115147742 -0.9880061453778497
3 7 117 1382432507 -0.59379674150062112 -0.80461508175229013
3 7 118 455130545 0.22668584068192543 0.97396793049582941
3 7 119 900096920 -0.88359094933141891 0.46825957999767803
3 7 120 1034598443 -0.99589030228921882 0.090567686325137287
3 7 121 698142918 -0.46880670039292632 0.88330078550100755
3 7 122 442515022 0.26275379630505286 0.96486291385216105
3 7 123 509678688 0.067766000870522938 0.99770124241980185
3 7 124 1144005637 -0.97322318391659179 -0.2298622071747588
3 7 125 2066126538 0.98192142288550366 -0.18928898351068363
3 7 126 2015295389 0.94264367744212918 -0.33380068510771382
3 7 127 2113115069 0.99865480840579812 -0.051851457529934031
3 7 128 2130706426 0.99999999999999978 -2.064211937004318e-08
3 7 129 888548939 -0.86713585713598307 0.49807168687754566
3 7 130 267415011 0.70485810499285406 0.70934832897941102
3 7 131 135010166 0.92178837073429631 0.3876934350476049
3 7 132 966384725 -0.95771448034848983 0.2877203053849729
3 7 133 1446852382 -0.43118277795434456 -0.90226460198523495
3 7 134 774861340 -0.65499221367029703 0.75563562649684801
3 7 135 1028083467 -0.99396665357750824 0.10968268585300817
3 7 136 2104078226 0.99691863466254871 -0.07844256409985402
3 7 137 200110135 0.83088524935053709 0.55644379986814108
3 7 138 264593072 0.71073650474578509 0.70345832912955453
3 7 139 1142323393 -0.97435148776157476 -0.22503150512051834
3 7 140 473720542 0.17297955141003565 0.98492541585339488
3 7 141 1280501974 -0.80539982093397555 -0.5927319195382682
3 7 142 1131408498 -0.98108858706381186 -0.19355925277065203
3 7 143 607094235 -0.21769111144901604 0.9760177150011633
3 7 144 1732055765 0.38501644608864405 -0.92290971185770398
3 7 145 1689936418 0.26771529318070403 -0.96349806527941184
3 7 146 632971025 -0.29146274749885226 0.95658217985723537
3 7 147 476267299 0.16557788786457781 0.98619671620336746
3 7 148 1375878154 -0.609236434628042 -0.79298862962952466
3 7 149 43493869 0.99178621822344448 0.1279065961631306
3 7 150 1882338032 0.74356697033565844 -0.66866146937433901
3 7 151 511234229 0.063188753813401707 0.99800159388224896
3 7 152 2063311404 0.9803162288357069 -0.19743376479553312
3 7 153 1857823077 0.69332839108976763 -0.72062177465635491
3 7 154 992269609 -0.97686652602693269 0.21384992477920592
3 7 155 1297053179 -0.77552248152621961 -0.6313199510924824
3 7 156 1118238756 -0.98786398819709353 -0.15532141134863733
3 7 157 1087396224 -0.99788811006313993 -0.064956291416725945
3 7 158 1974694563 0.89602613247311413 -0.4440013174814611
3 7 159 2009142461 0.93643229900419667 -0.35084832817289413
3 7 160 1524401106 -0.21541992609792157 -0.97652150792492332
3 7 161 684998800 -0.43422610881698115 0.90080391119358671
3 7 162 697134678 -0.4661784261831074 0.88469072277346794
3 7 163 1681141195 0.24263876476957885 -0.9701167093866041
3 7 164 1877134543 0.73321960541230946 -0.67999191924538138
3 7 165 1192375523 -0.93066400599632748 -0.365874989501698
3 7 166 418635352 0.32999032169787584 0.94398431532824334
3 7 167 1578124874 -0.058663496760100589 -0.99827781411182215
3 7 168 2005402410 0.9325059402019078 -0.36115463653143931
3 7 169 40916637 0.99272964828949339 0.1203654660067358
3 7 170 2002899775 0.92981526534405456 -0.36802659188320258
3 7 171 617468101 -0.24744218120272396 0.96890266124190116
3 7 172 185106730 0.85468296910172725 0.51915028876757441
3 7 173 1245207306 -0.86262143565991389 -0.50585003582092292
3 7 174 1530256944 -0.19852594690924638 -0.98009563227461993
3 7 175 2100041783 0.99591433664712203 -0.090303012467596214
3 7 176 1040375364 -0.99728858281900357 0.073589962487172464
3 7 177 600954025 -0.19998392587479805 0.97979917809299233
3 7 178 26011616 0.99705961480109462 0.076629788807570945
3 7 179 799195940 -0.70748415360215344 0.70672920726530375
3 7 180 1700545270 0.29772161862535268 -0.95465273152235841
3 7 181 2113490544 0.99871160765552014 -0.050745686852444544
3 7 182 33016357 0.99526415237656951 0.097207340227724703
3 7 183 1767236477 0.47852061713706651 -0.87807631728384583
3 7 184 1907258904 0.79065475628533921 -0.61226224476393354
3 7 185 1296671160 -0.77623318761439764 -0.6304459044565135
3 7 186 471649291 0.1789920727162661 0.9838505160362192
3 7 187 302115899 0.62871101428436382 0.77763902970306631
3 7 188 1447162433 -0.43035765605203519 -0.90265845582778326
3 7 189 555230156 -0.0664585567344948 0.99778918626970892
3 7 190 1012062291 -0.987677606146807 0.15650222463630589
3 7 191 861046586 -0.82393584818556409 0.56668308433791725
3 7 192 2013724680 0.94108746555789125 -0.33816324781061702
3 7 193 89422487 0.96543329644165832 0.26065024481437404
3 7 194 1628213537 0.088890491574095717 -0.9960414050167371
3 7 195 1030602787 -0.99475406649822429 0.10229539180846033
3 7 196 312310743 0.60505203630709337 0.79618592888887429
3 7 197 1391960223 -0.57095886871870305 -0.82097866612443637
3 7 198 2002244072 0.92910191666357012 -0.36982378026849555
3 7 199 556967634 -0.071569938834184443 0.99743558381244402
3 7 200 252215363 0.73593385413179135 0.67705344127530076
3 7 201 633576670 -0.29317070972493847 0.95606011053666273
3 7 202 1214969545 -0.90423999705501401 -0.42702462192003421
3 7 203 866111759 -0.83230791965613127 0.55431356367825146
3 7 204 313321322 0.60267666304021961 0.79798548848127915
3 7 205 1245566848 -0.86208462637976735 -0.50676434065515785
3 7 206 160869318 0.88957455319651324 0.45679001117058576
3 7 207 749523497 -0.59675757148759234 0.80242158549744358
3 7 208 421438188 0.32217690973784124 0.94667948051691442
3 7 209 676945424 -0.41271303130783099 0.91086110565151557
3 7 210 1441325093 -0.44583111615596877 -0.89511709617631763
3 7 211 37797150 0.99379486890767166 0.11122840704057459
3 7 212 1095703088 -0.99599773064626584 -0.089378523972420604
3 7 213 1299587462 -0.77078283717023099 -0.63709796571940902
3 7 214 1492944515 -0.30494755667952306 -0.9523691446467536
3 7 215 1385496638 -0.58650231022652854 -0.80994755391873663
3 7 216 937520810 -0.92978731874019382 0.36809719084763626
3 7 217 1275103011 -0.81473415415051575 -0.57983468166421681
3 7 218 2033936886 0.95956002920602268 -0.28150408584980963
3 7 219 2014990148 0.94234283583406575 -0.33464903967023563
3 7 220 850342802 -0.80564156251398444 0.59240330244692729
3 7 221 1026392872 -0.99340749717445775 0.11463657600251208
3 7 222 1589459256 -0.025270838887192233 -0.99968064135599699
3 7 223 1016166326 -0.98949926479350991 0.14453790151065363
3 7 224 547032064 -0.04231979122306178 0.99910411633164464
3 7 225 1934214307 0.83677457656330345 -0.54754753950438328
3 7 226 1539908364 -0.17055498407315078 -0.98534816050358931
3 7 227 255303646 0.72973752424187055 0.68372739137272065
3 7 228 846040080 -0.7980603915981338 0.60257747332789768
3 7 229 310122353 0.61017741823787996 0.79226480312617398
3 7 230 1753352096 0.4421782957310964 -0.89692717362355734
3 7 231 1273551759 -0.817378043581932 -0.57610166973388766
3 7 232 626916319 -0.27433783892691488 0.9616333761537762
3 7 233 1525531596 -0.21216333188253947 -0.97723421993117876
3 7 234 1030715511 -0.99478801543820261 0.10196472105842505
3 7 235 539183466 -0.019186727785288963 0.99981591779531753
3 7 236 1555519383 -0.12502987905899282 -0.99215297678457515
3 7 237 891854501 -0.87194963080051024 0.48959558959089283
3 7 238 216202809 0.80355356522834986 0.59523244855166302
3 7 239 547459913 -0.043580299787272833 0.99904992741626852
3 7 240 1648140033 0.14723151949738203 -0.98910205725521172
3 7 241 222117754 0.79304955919473508 0.60915711984761078
3 7 242 1703934769 0.30724853903280652 -0.95162930559236458
3 7 243 1004115793 -0.98373942785033019 0.17960160938227954
3 7 244 585250868 -0.15441456115147675 0.98800614537784981
3 7 245 748273926 -0.59379674150062101 0.80461508175229024
3 7 246 1675575888 0.2266858406819254 -0.97396793049582941
3 7 247 1230609513 -0.88359094933141913 -0.46825957999767781
3 7 248 1096107990 -0.99589030228921882 -0.090567686325137051
3 7 249 1432563515 -0.46880670039292616 -0.88330078550100766
3 7 250 1688191411 0.26275379630505175 -0.96486291385216139
3 7 251 1621027745 0.067766000870522466 -0.99770124241980196
3 7 252 986700796 -0.97322318391659179 0.22986220717475905
3 7 253 64579895 0.98192142288550377 0.18928898351068316
3 7 254 115411044 0.94264367744212918 0.33380068510771382
3 7 255 17591364 0.99865480840579812 0.051851457529934197
3 8 1 810835298 -0.7313197682966015 0.68203474728096158
3 8 2 1216316011 -0.90253734728240864 -0.43061158456366783
3 8 3 454475934 0.22856553126747431 0.97352852958524905
3 8 4 721880114 -0.52943747307383004 0.84834896245896207
3 8 5 1999094020 0.92562654867366856 -0.37843822797184834
3 8 6 331990716 0.55785370383199506 0.82993930207029276
3 8 7 651367266 -0.34290139851328511 0.93937140200116442
3 8 8 1552365403 -0.13425204597472845 -0.99094721764158533
3 8 9 988849236 -0.97465992974890459 0.22369179989856647
3 8 10 1994551 0.99998270296970915 0.0058816461466542598
3 8 11 2042740517 0.96654394389380138 -0.25650108093771495
3 8 12 676151628 -0.4105797547102597 0.91182468985110454
3 8 13 58502339 0.98515597815195233 0.17166158193221367
3 8 14 228894883 0.78071805950149453 0.6248834383852887
3 8 15 219337917 0.79801635637279822 0.60263578964535713
3 8 16 1064374030 -0.99999583118099922 0.0028874938307175729
3 8 17 503737160 0.085235248150692361 0.99636085454652923
3 8 18 494151076 0.11336272842608484 0.99355366830574066
3 8 19 64467782 0.9819839495107987 0.18896434294113068
3 8 20 558274257 -0.075412584092549292 0.99715241671495947
3 8 21 863452621 -0.82793574602803544 0.56082296711975022
3 8 22 1197009501 -0.92557758179283267 -0.37855797453300616
3 8 23 1850825376 0.67831156056815733 -0.73477440537867889
3 8 24 1903342690 0.78353152765104694 -0.62135202999331762
3 8 25 1833799859 0.64058217842753351 -0.76788962271998151
3 8 26 1301070656 -0.76798896477120349 -0.64046307464962815
3 8 27 952746576 -0.94537188839218989 0.32599385368099321
3 8 28 548332650 -0.046151299180987981 0.99893446110538553
3 8 29 583581258 -0.149548290727855 0.9887544228676689
3 8 30 178299280 0.86493165157420937 0.50188966726274664
3 8 31 443316887 0.26047154994011551 0.96548152321615865
3 8 32 997307007 -0.97993529961250581 0.19931585128470969
3 8 33 739077395 -0.57176038288060582 0.82042066317726481
3 8 34 1638367720 0.11867106275252685 -0.99293362258772655
3 8 35 1122562110 -0.98580356345641984 -0.16790275243909597
3 8 36 594183079 -0.1803820383597996 0.98359662475893228
3 8 37 159218283 0.89178797216019801 0.45245354757190492
3 8 38 1956652664 0.87114710143510166 -0.49102212542941559
3 8 39 935908415 -0.92802660505632928 0.37251391961593022
3 8 40 447591231 0.24828176677039343 0.96868785699490012
3 8 41 866398029 -0.83277556026133537 0.55361075335601917
3 8 42 146064752 0.90866261806090576 0.41753113241853068
3 8 43 1120641970 -0.98673846304113466 -0.16231822311502608
3 8 44 397222718 0.38889925091944455 0.9212802899412833
3 8 45 707612369 -0.49328621356184371 0.86986706542426306
3 8 46 1295001254 -0.77932829532712855 -0.62661583773673635
3 8 47 1861365114 0.70081734407833352 -0.71334076726273732
3 8 48 941706017 -0.93425931979358057 0.35659434008244739
3 8 49 1443901833 -0.43901677988343479 -0.89847886284585443
3 8 50 1187818972 -0.93549599701400721 -0.35333728867863423
3 8 51 1826112911 0.62301269922371416 -0.78221172108706083
3 8 52 795999391 -0.70079103552600919 0.71336661298828941
3 8 53 324061935 0.57710425442582636 0.8166704840531529
3 8 54 1484200187 -0.32940117696371962 -0.9441900574645532
3 8 55 1024167502 -0.99263382871309913 0.12115313489288551
3 8 56 1777301771 0.50436845723952872 -0.86348854036508071
3 8 57 1866343069 0.71121285025616054 -0.70297672908177278
3 8 58 678518772 -0.41693461022584233 0.90893648336714095
3 8 59 872271220 -0.84223833673979676 0.53910535531172443
3 8 60 1998739676 0.92523060730455287 -0.3794052230885181
3 8 61 1191771050 -0.93131470472892319 -0.36421548670488818
3 8 62 1278450448 -0.80897090643397562 -0.58784868167190085
3 8 63 233493292 0.77217304163054845 0.63541230219364442
3 8 64 133693432 0.92328678639647288 0.38411132509426726
3 8 65 2028509305 0.95493177549758967 -0.29682537651794683
3 8 66 1183050862 -0.9403714804044101 -0.34014920085459271
3 8 67 1561647943 -0.10707989912368492 -0.99425041875961084
3 8 68 1165006603 -0.95713142761005543 -0.28965398371356332
3 8 69 2061827916 0.97944315369829005 -0.20172037248019292
3 8 70 1364360660 -0.63581268621692166 -0.77184339606271313
3 8 71 276625461 0.68533428006367192 0.72822862108654351
3 8 72 929300404 -0.9205920004270518 0.39052575939330703
3 8 73 189072277 0.84855377910058361 0.52910914183570668
3 8 74 1655329710 0.16816726038534169 -0.98575847576091813
3 8 75 1445251056 -0.43543854659034142 -0.90021845801077138
3 8 76 555078389 -0.066011997728988456 0.99781882932515764
3 8 77 1924747997 0.82116579021478509 -0.57068970989577827
3 8 78 1033695884 -0.99564572636872062 0.093217957302779375
3 8 79 1578494784 -0.05757452259710117 -0.99834121138402165
3 8 80 1040289523 -0.99726992272295545 0.073842408087429201
3 8 81 443894620 0.25882631858739397 0.96592387733531926
3 8 82 179091122 0.86375736096333 0.50390794931382432
3 8 83 869963157 -0.83854960500005382 0.54482525634762358
3 8 84 1487247599 -0.32090308836116538 -0.94711203554820589
3 8 85 341076986 0.53541851016041031 0.84458689249692154
3 8 86 1337644030 -0.69458649845597342 -0.71940919938701786
3 8 87 1764828237 0.47227285901715094 -0.88145240747062814
3 8 88 1363640712 -0.63744990349339248 -0.77049180432777131
3 8 89 673445849 -0.40329131129569595 0.91507164650282879
3 8 90 110593768 0.94729022738955293 0.32037669249221157
3 8 91 1349793716 -0.66837134320445535 -0.74382776741868961
3 8 92 245726188 0.74875425923081351 0.66284768935534188
3 8 93 44526108 0.99139228369929011 0.13092493964675403
3 8 94 314181569 0.60065042821425874 0.79951176544565472
3 8 95 969373489 -0.96021307107582488 0.27926843383227701
3 8 96 1201140298 -0.92089773659127117 -0.38980425695606974
3 8 97 528949063 0.01099184080339108 0.99993958789306514
3 8 98 1588357693 -0.028518033204548619 -0.99959327817975263
3 8 99 1230157571 -0.88421422341876565 -0.46708158506191311
3 8 100 1772576751 0.4922884790187903 -0.87043210730381837
3 8 101 2080667520 0.98913298945679562 -0.14702356671045153
3 8 102 1040035366 -0.99721429944834106 0.074589818177512257
3 8 103 1283991975 -0.79925713199695814 -0.60098921533751082
3 8 104 501070740 0.093066855440459506 0.99565986180945576
3 8 105 1604788285 0.019928529987803978 -0.99980140712669796
3 8 106 952745849 -0.94537118951410204 0.32599588039834471
3 8 107 905723491 -0.89123835754942149 0.45353521366329386
3 8 108 48583362 0.98975493595768171 0.14277663235769852
3 8 109 2024604046 0.9514502538067543 -0.3078025577071492
3 8 110 361684342 0.48313751778652847 0.87554448139833074
3 8 111 1505037961 -0.27079742505559218 -0.96263635635854772
3 8 112 1464664357 -0.38321821156209296 -0.92365783834012416
3 8 113 1572470938 -0.075298604827876828 -0.99716103018067004
3 8 114 2009672211 0.93697923953816753 -0.34938503785147595
3 8 115 1287532160 -0.79293962988895372 -0.60930020790376327
3 8 116 244301765 0.7515319004334976 0.65969675050800081
3 8 117 362376332 0.4813498845191615 0.87652854412927694
3 8 118 215762561 0.80432564003432816 0.59418874508304875
3 8 119 724295561 -0.53546665345740108 0.84455637054913724
3 8 120 573624954 -0.12045829078129758 0.99271838916283217
3 8 121 189104354 0.84850372632103555 0.52918940505202605
3 8 122 810118087 -0.72987565410083521 0.68357993647478998
3 8 123 1495649829 -0.29734028411192898 -0.95477157239008603
3 8 124 1611821647 0.040659138259770918 -0.99917307533578625
3 8 125 230581039 0.77760133715831614 0.62875763251796701
3 8 126 1998808097 0.92530713913745788 -0.37921853628383356
3 8 127 2110602017 0.99824313567556111 -0.0592506715288805
3 8 128 2130706425 0.99999999999999967 -2.3590994292069514e-08
3 8 129 1319871135 -0.73131976829660161 -0.68203474728096136
3 8 130 914390422 -0.90253734728240853 0.43061158456366805
3 8 131 1676230499 0.22856553126747364 -0.97352852958524927
3 8 132 1408826319 -0.5294374730738306 -0.84834896245896174
3 8 133 131612413 0.92562654867366889 0.37843822797184767
3 8 134 1798715717 0.55785370383199462 -0.82993930207029309
3 8 135 1479339167 -0.34290139851328555 -0.9393714020011642
3 8 136 578341030 -0.1342520459747282 0.99094721764158533
3 8 137 1141857197 -0.9746599297489047 -0.22369179989856622
3 8 138 2128711882 0.99998270296970915 -0.0058816461466543639
3 8 139 87965916 0.96654394389380138 0.2565010809377149
3 8 140 1454554805 -0.41057975471025993 -0.91182468985110443
3 8 141 2072204094 0.98515597815195233 -0.17166158193221376
3 8 142 1901811550 0.7807180595014942 -0.62488343838528904
3 8 143 1911368516 0.79801635637279811 -0.60263578964535736
3 8 144 1066332403 -0.99999583118099922 -0.0028874938307173279
3 8 145 1626969273 0.085235248150692333 -0.99636085454652923
3 8 146 1636555357 0.11336272842608415 -0.99355366830574077
3 8 147 2066238651 0.9819839495107987 -0.18896434294113032
3 8 148 1572432176 -0.075412584092549542 -0.99715241671495947
3 8 149 1267253812 -0.82793574602803555 -0.56082296711974999
3 8 150 933696932 -0.92557758179283256 0.37855797453300638
3 8 151 279881057 0.678311560568158 0.73477440537867822
3 8 152 227363743 0.78353152765104683 0.62135202999331784
3 8 153 296906574 0.64058217842753384 0.76788962271998129
3 8 154 829635777 -0.76798896477120338 0.64046307464962837
3 8 155 1177959857 -0.94537188839219 -0.32599385368099298
3 8 156 1582373783 -0.046151299180988668 -0.99893446110538542
3 8 157 1547125175 -0.1495482907278548 -0.9887544228676689
3 8 158 1952407153 0.86493165157420937 -0.50188966726274675
3 8 159 1687389546 0.26047154994011529 -0.96548152321615877
3 8 160 1133399426 -0.97993529961250581 -0.19931585128470944
3 8 161 1391629038 -0.5717603828806056 -0.82042066317726492
3 8 162 492338713 0.11867106275252755 0.99293362258772644
3 8 163 1008144323 -0.98580356345641984 0.16790275243909622
3 8 164 1536523354 -0.18038203835979982 -0.98359662475893217
3 8 165 1971488150 0.89178797216019778 -0.4524535475719052
3 8 166 174053769 0.87114710143510188 0.4910221254294152
3 8 167 1194798018 -0.92802660505632939 -0.37251391961593
3 8 168 1683115202 0.2482817667703934 -0.96868785699490012
3 8 169 1264308404 -0.83277556026133548 -0.55361075335601895
3 8 170 1984641681 0.90866261806090542 -0.41753113241853118
3 8 171 1010064463 -0.98673846304113455 0.16231822311502633
3 8 172 1733483715 0.38889925091944449 -0.9212802899412833
3 8 173 1423094064 -0.49328621356184355 -0.86986706542426318
3 8 174 835705179 -0.77932829532712844 0.62661583773673657
3 8 175 269341319 0.70081734407833407 0.71334076726273676
3 8 176 1189000416 -0.93425931979358068 -0.35659434008244717
3 8 177 686804600 -0.43901677988343502 0.89847886284585432
3 8 178 942887461 -0.93549599701400721 0.35333728867863445
3 8 179 304593522 0.62301269922371416 0.78221172108706083
3 8 180 1334707042 -0.7007910355260093 -0.71336661298828918
3 8 181 1806644498 0.57710425442582636 -0.8166704840531529
3 8 182 646506246 -0.32940117696371901 0.94419005746455342
3 8 183 1106538931 -0.99263382871309924 -0.12115313489288528
3 8 184 353404662 0.50436845723952839 0.86348854036508094
3 8 185 264363364 0.71121285025616043 0.70297672908177289
3 8 186 1452187661 -0.41693461022584255 -0.90893648336714084
3 8 187 1258435213 -0.8422383367397972 -0.53910535531172388
3 8 188 131966757 0.9252306073045532 0.37940522308851754
3 8 189 938935383 -0.93131470472892297 0.36421548670488885
3 8 190 852255985 -0.80897090643397551 0.58784868167190096
3 8 191 1897213141 0.77217304163054801 -0.63541230219364486
3 8 192 1997013001 0.92328678639647277 -0.3841113250942676
3 8 193 102197128 0.9549317754975899 0.29682537651794638
3 8 194 947655571 -0.9403714804044101 0.34014920085459294
3 8 195 569058490 -0.10707989912368467 0.99425041875961084
3 8 196 965699830 -0.95713142761005532 0.28965398371356355
3 8 197 68878517 0.97944315369829016 0.20172037248019228
3 8 198 766345773 -0.63581268621692155 0.77184339606271324
3 8 199 1854080972 0.68533428006367203 -0.7282286210865434
3 8 200 1201406029 -0.9205920004270518 -0.3905257593933068
3 8 201 1941634156 0.84855377910058327 -0.52910914183570723
3 8 202 475376723 0.16816726038534149 0.98575847576091824
3 8 203 685455377 -0.4354385465903412 0.90021845801077149
3 8 204 1575628044 -0.06601199772898847 -0.99781882932515764
3 8 205 205958436 0.82116579021478509 0.57068970989577816
3 8 206 1097010549 -0.99564572636872062 -0.093217957302779139
3 8 207 552211649 -0.057574522597100927 0.99834121138402165
3 8 208 1090416910 -0.99726992272295545 -0.073842408087428951
3 8 209 1686811813 0.2588263185873933 -0.96592387733531937
3 8 210 1951615311 0.86375736096333 -0.50390794931382432
3 8 211 1260743276 -0.83854960500005393 -0.54482525634762335
3 8 212 643458834 -0.32090308836116516 0.947112035548206
3 8 213 1789629447 0.53541851016041031 -0.84458689249692154
3 8 214 793062403 -0.69458649845597331 0.71940919938701797
3 8 215 365878196 0.4722728590171506 0.88145240747062836
3 8 216 767065721 -0.6374499034933927 0.7704918043277712
3 8 217 1457260584 -0.40329131129569679 -0.91507164650282846
3 8 218 2020112665 0.94729022738955293 -0.32037669249221162
3 8 219 780912717 -0.66837134320445524 0.74382776741868972
3 8 220 1884980245 0.74875425923081329 -0.66284768935534211
3 8 221 2086180325 0.99139228369929011 -0.1309249396467542
3 8 222 1816524864 0.60065042821425862 -0.79951176544565483
3 8 223 1161332944 -0.96021307107582499 -0.27926843383227673
3 8 224 929566135 -0.92089773659127117 0.38980425695606996
3 8 225 1601757370 0.010991840803390836 -0.99993958789306514
3 8 226 542348740 -0.028518033204548817 0.99959327817975263
3 8 227 900548862 -0.88421422341876554 0.46708158506191333
3 8 228 358129682 0.49228847901879069 0.87043210730381815
3 8 229 50038913 0.98913298945679573 0.14702356671045078
3 8 230 1090671067 -0.99721429944834106 -0.074589818177512021
3 8 231 846714458 -0.79925713199695803 0.60098921533751104
3 8 232 1629635693 0.09306685544045927 -0.99565986180945587
3 8 233 525918148 0.019928529987804002 0.99980140712669796
3 8 234 1177960584 -0.94537118951410204 -0.32599588039834448
3 8 235 1224982942 -0.8912383575494216 -0.45353521366329363
3 8 236 2082123071 0.98975493595768171 -0.14277663235769841
3 8 237 106102387 0.95145025380675441 0.30780255770714865
3 8 238 1769022091 0.48313751778652786 -0.87554448139833108
3 8 239 625668472 -0.27079742505559173 0.96263635635854783
3 8 240 666042076 -0.38321821156209229 0.92365783834012449
3 8 241 558235495 -0.075298604827876578 0.99716103018067015
3 8 242 121034222 0.93697923953816753 0.34938503785147595
3 8 243 843174273 -0.7929396298889535 0.60930020790376349
3 8 244 1886404668 0.75153190043349727 -0.65969675050800125
3 8 245 1768330101 0.48134988451916105 -0.87652854412927728
3 8 246 1914943872 0.8043256400343286 -0.59418874508304831
3 8 247 1406410872 -0.53546665345740163 -0.84455637054913679
3 8 248 1557081479 -0.12045829078129761 -0.99271838916283217
3 8 249 1941602079 0.84850372632103521 -0.52918940505202661
3 8 250 1320588346 -0.72987565410083532 -0.68357993647478987
3 8 251 635056604 -0.29734028411192892 0.95477157239008603
3 8 252 518884786 0.040659138259770938 0.99917307533578625
3 8 253 1900125394 0.77760133715831592 -0.62875763251796724
3 8 254 131898336 0.92530713913745799 0.37921853628383329
3 8 255 20104416 0.99824313567556111 0.05925067152888009
4 1 1 1548376985 -0.14589736210162285 -0.98929973199823917
4 1 2 170455089 0.87630870534449601 0.48174999007519798
4 1 3 1688264839 0.26296271185020326 -0.9648059971706161
4 1 4 148625052 0.90548438891258087 0.42437957235900264
4 1 5 1096068990 -0.99590071153913307 -0.09045315227148519
4 1 6 1525737196 -0.2115708070132018 -0.9773626725119916
4 1 7 1764868205 0.47237674425118226 -0.88139673898344617
4 1 8 1748172362 0.42842723763873991 -0.90357628457659211
4 1 9 1149872170 -0.96910121362481516 -0.24666340983394844
4 1 10 576852191 -0.12990011241512484 0.99152708525513211
4 1 11 487910398 0.1316268435776265 0.99129933625005073
4 1 12 665723362 -0.38234994492546892 0.92401759702696729
4 1 13 815510757 -0.7406534082732652 0.67188728877185644
4 1 14 1127987059 -0.98299151440988852 -0.18365098038985211
4 1 15 1934152411 0.8366746223211966 -0.54770026142378558
4 1 16 2113994754 0.99878595500766398 -0.049260695076589117
4 1 17 1604102745 0.017907320868137868 -0.99983965107377371
4 1 18 1835947661 0.64543280181582663 -0.76381705816260215
4 1 19 653389087 -0.34849589320963309 0.93731030743079957
4 1 20 982097957 -0.97001366768947483 0.24305037439924468
4 1 21 1666571406 0.20074711681308699 -0.97964309577071629
4 1 22 949190666 -0.94190162826106449 0.33588885465158774
4 1 23 829552633 -0.76783191218447666 0.64065135185304189
4 1 24 391001680 0.40573380547315507 0.91399129049256922
4 1 25 1262306722 -0.83602883644677939 -0.54868550612299227
4 1 26 1669732944 0.20987145129832313 -0.97772898797669672
4 1 27 340611189 0.53657810964346475 0.84385065755229804
4 1 28 668978722 -0.39120243440570279 0.92030465353330237
4 1 29 467816010 0.19010171245379645 0.98176440092424111
4 1 30 322287208 0.58137033326262799 0.81363906961385579
4 1 31 1678462179 0.23496727199128495 -0.97200328244969081
4 1 32 2130706432 1 -2.9488742787772745e-09
4 1 33 582329448 -0.14589736210162327 0.98929973199823917
4 1 34 1960251344 0.87630870534449556 -0.48174999007519875
4 1 35 442441594 0.26296271185020392 0.96480599717061599
4 1 36 1982081381 0.90548438891258087 -0.42437957235900264
4 1 37 1034637443 -0.99590071153913307 0.090453152271485426
4 1 38 604969237 -0.21157080701320158 0.9773626725119916
4 1 39 365838228 0.47237674425118287 0.88139673898344584
4 1 40 382534071 0.42842723763874058 0.90357628457659189
4 1 41 980834263 -0.96910121362481505 0.24666340983394869
4 1 42 1553854242 -0.12990011241512531 -0.991527085255132
4 1 43 1642796035 0.13162684357762691 -0.99129933625005062
4 1 44 1464983071 -0.38234994492546959 -0.92401759702696695
4 1 45 1315195676 -0.74065340827326565 -0.67188728877185588
4 1 46 1002719374 -0.98299151440988852 0.18365098038985234
4 1 47 196554022 0.8366746223211966 0.54770026142378547
4 1 48 16711679 0.99878595500766398 0.049260695076588527
4 1 49 526603688 0.017907320868137892 0.99983965107377371
4 1 50 294758772 0.64543280181582707 0.7638170581626017
4 1 51 1477317346 -0.34849589320963337 -0.93731030743079946
4 1 52 1148608476 -0.97001366768947495 -0.24305037439924446
4 1 53 464135027 0.20074711681308746 0.97964309577071618
4 1 54 1181515767 -0.94190162826106461 -0.33588885465158752
4 1 55 1301153800 -0.76783191218447688 -0.64065135185304167
4 1 56 1739704753 0.40573380547315463 -0.91399129049256933
4 1 57 868399711 -0.83602883644677928 0.54868550612299249
4 1 58 460973489 0.20987145129832357 0.97772898797669661
4 1 59 1790095244 0.53657810964346475 -0.84385065755229804
4 1 60 1461727711 -0.39120243440570363 -0.92030465353330204
4 1 61 1662890423 0.19010171245379642 -0.98176440092424111
4 1 62 1808419225 0.58137033326262832 -0.81363906961385557
4 1 63 452244254 0.23496727199128498 0.97200328244969081
4 1 64 1 1 2.9488742371387895e-09
4 1 65 1548376985 -0.14589736210162285 -0.98929973199823917
4 1 66 170455089 0.87630870534449601 0.48174999007519798
4 1 67 1688264839 0.26296271185020326 -0.9648059971706161
4 1 68 148625052 0.90548438891258087 0.42437957235900264
4 1 69 1096068990 -0.99590071153913307 -0.09045315227148519
4 1 70 1525737196 -0.2115708070132018 -0.9773626725119916
4 1 71 1764868205 0.47237674425118226 -0.88139673898344617
4 1 72 1748172362 0.42842723763873991 -0.90357628457659211
4 1 73 1149872170 -0.96910121362481516 -0.24666340983394844
4 1 74 576852191 -0.12990011241512484 0.99152708525513211
4 1 75 487910398 0.1316268435776265 0.99129933625005073
4 1 76 665723362 -0.38234994492546892 0.92401759702696729
4 1 77 815510757 -0.7406534082732652 0.67188728877185644
4 1 78 1127987059 -0.98299151440988852 -0.18365098038985211
4 1 79 1934152411 0.8366746223211966 -0.54770026142378558
4 1 80 2113994754 0.99878595500766398 -0.049260695076589117
4 1 81 1604102745 0.017907320868137868 -0.99983965107377371
4 1 82 1835947661 0.64543280181582663 -0.76381705816260215
4 1 83 653389087 -0.34849589320963309 0.93731030743079957
4 1 84 982097957 -0.97001366768947483 0.24305037439924468
4 1 85 1666571406 0.20074711681308699 -0.97964309577071629
4 1 86 949190666 -0.94190162826106449 0.33588885465158774
4 1 87 829552633 -0.76783191218447666 0.64065135185304189
4 1 88 391001680 0.40573380547315507 0.91399129049256922
4 1 89 1262306722 -0.83602883644677939 -0.54868550612299227
4 1 90 1669732944 0.20987145129832313 -0.97772898797669672
4 1 91 340611189 0.53657810964346475 0.84385065755229804
4 1 92 668978722 -0.39120243440570279 0.92030465353330237
4 1 93 467816010 0.19010171245379645 0.98176440092424111
4 1 94 322287208 0.58137033326262799 0.81363906961385579
4 1 95 1678462179 0.23496727199128495 -0.97200328244969081
4 1 96 2130706432 1 -2.9488742787772745e-09
4 1 97 582329448 -0.14589736210162327 0.98929973199823917
4 1 98 1960251344 0.87630870534449556 -0.48174999007519875
4 1 99 442441594 0.26296271185020392 0.96480599717061599
4 1 100 1982081381 0.90548438891258087 -0.42437957235900264
4 1 101 1034637443 -0.99590071153913307 0.090453152271485426
4 1 102 604969237 -0.21157080701320158 0.9773626725119916
4 1 103 365838228 0.47237674425118287 0.88139673898344584
4 1 104 382534071 0.42842723763874058 0.90357628457659189
4 1 105 980834263 -0.96910121362481505 0.24666340983394869
4 1 106 1553854242 -0.12990011241512531 -0.991527085255132
4 1 107 1642796035 0.13162684357762691 -0.99129933625005062
4 1 108 1464983071 -0.38234994492546959 -0.92401759702696695
4 1 109 1315195676 -0.74065340827326565 -0.67188728877185588
4 1 110 1002719374 -0.98299151440988852 0.18365098038985234
4 1 111 196554022 0.8366746223211966 0.54770026142378547
4 1 112 16711679 0.99878595500766398 0.049260695076588527
4 1 113 526603688 0.017907320868137892 0.99983965107377371
4 1 114 294758772 0.64543280181582707 0.7638170581626017
4 1 115 1477317346 -0.34849589320963337 -0.93731030743079946
4 1 116 1148608476 -0.97001366768947495 -0.24305037439924446
4 1 117 464135027 0.20074711681308746 0.97964309577071618
4 1 118 1181515767 -0.94190162826106461 -0.33588885465158752
4 1 119 1301153800 -0.76783191218447688 -0.64065135185304167
4 1 120 1739704753 0.40573380547315463 -0.91399129049256933
4 1 121 868399711 -0.83602883644677928 0.54868550612299249
4 1 122 460973489 0.20987145129832357 0.97772898797669661
4 1 123 1790095244 0.53657810964346475 -0.84385065755229804
4 1 124 1461727711 -0.39120243440570363 -0.92030465353330204
4 1 125 1662890423 0.19010171245379642 -0.98176440092424111
4 1 126 1808419225 0.58137033326262832 -0.81363906961385557
4 1 127 452244254 0.23496727199128498 0.97200328244969081
4 1 128 1 1 2.9488742371387895e-09
4 1 129 1548376985 -0.14589736210162285 -0.98929973199823917
4 1 130 170455089 0.87630870534449601 0.48174999007519798
4 1 131 1688264839 0.26296271185020326 -0.9648059971706161
4 1 132 148625052 0.90548438891258087 0.42437957235900264
4 1 133 1096068990 -0.99590071153913307 -0.09045315227148519
4 1 134 1525737196 -0.2115708070132018 -0.9773626725119916
4 1 135 1764868205 0.47237674425118226 -0.88139673898344617
4 1 136 1748172362 0.42842723763873991 -0.90357628457659211
4 1 137 1149872170 -0.96910121362481516 -0.24666340983394844
4 1 138 576852191 -0.12990011241512484 0.99152708525513211
4 1 139 487910398 0.1316268435776265 0.99129933625005073
4 1 140 665723362 -0.38234994492546892 0.92401759702696729
4 1 141 815510757 -0.7406534082732652 0.67188728877185644
4 1 142 1127987059 -0.98299151440988852 -0.18365098038985211
4 1 143 1934152411 0.8366746223211966 -0.54770026142378558
4 1 144 2113994754 0.99878595500766398 -0.049260695076589117
4 1 145 1604102745 0.017907320868137868 -0.99983965107377371
4 1 146 1835947661 0.64543280181582663 -0.76381705816260215
4 1 147 653389087 -0.34849589320963309 0.93731030743079957
4 1 148 982097957 -0.97001366768947483 0.24305037439924468
4 1 149 1666571406 0.20074711681308699 -0.97964309577071629
4 1 150 949190666 -0.94190162826106449 0.33588885465158774
4 1 151 829552633 -0.76783191218447666 0.64065135185304189
4 1 152 391001680 0.40573380547315507 0.91399129049256922
4 1 153 1262306722 -0.83602883644677939 -0.54868550612299227
4 1 154 1669732944 0.20987145129832313 -0.97772898797669672
4 1 155 340611189 0.53657810964346475 0.84385065755229804
4 1 156 668978722 -0.39120243440570279 0.92030465353330237
4 1 157 467816010 0.19010171245379645 0.98176440092424111
4 1 158 322287208 0.58137033326262799 0.81363906961385579
4 1 159 1678462179 0.23496727199128495 -0.97200328244969081
4 1 160 2130706432 1 -2.9488742787772745e-09
4 1 161 582329448 -0.14589736210162327 0.98929973199823917
4 1 162 1960251344 0.87630870534449556 -0.48174999007519875
4 1 163 442441594 0.26296271185020392 0.96480599717061599
4 1 164 1982081381 0.90548438891258087 -0.42437957235900264
4 1 165 1034637443 -0.99590071153913307 0.090453152271485426
4 1 166 604969237 -0.21157080701320158 0.9773626725119916
4 1 167 365838228 0.47237674425118287 0.88139673898344584
4 1 168 382534071 0.42842723763874058 0.90357628457659189
4 1 169 980834263 -0.96910121362481505 0.24666340983394869
4 1 170 1553854242 -0.12990011241512531 -0.991527085255132
4 1 171 1642796035 0.13162684357762691 -0.99129933625005062
4 1 172 1464983071 -0.38234994492546959 -0.92401759702696695
4 1 173 1315195676 -0.74065340827326565 -0.67188728877185588
4 1 174 1002719374 -0.98299151440988852 0.18365098038985234
4 1 175 196554022 0.8366746223211966 0.54770026142378547
4 1 176 16711679 0.99878595500766398 0.049260695076588527
4 1 177 526603688 0.017907320868137892 0.99983965107377371
4 1 178 294758772 0.64543280181582707 0.7638170581626017
4 1 179 1477317346 -0.34849589320963337 -0.93731030743079946
4 1 180 1148608476 -0.97001366768947495 -0.24305037439924446
4 1 181 464135027 0.20074711681308746 0.97964309577071618
4 1 182 1181515767 -0.94190162826106461 -0.33588885465158752
4 1 183 1301153800 -0.76783191218447688 -0.64065135185304167
4 1 184 1739704753 0.40573380547315463 -0.91399129049256933
4 1 185 868399711 -0.83602883644677928 0.54868550612299249
4 1 186 460973489 0.20987145129832357 0.97772898797669661
4 1 187 1790095244 0.53657810964346475 -0.84385065755229804
4 1 188 1461727711 -0.39120243440570363 -0.92030465353330204
4 1 189 1662890423 0.19010171245379642 -0.98176440092424111
4 1 190 1808419225 0.58137033326262832 -0.81363906961385557
4 1 191 452244254 0.23496727199128498 0.97200328244969081
4 1 192 1 1 2.9488742371387895e-09
4 1 193 1548376985 -0.14589736210162285 -0.98929973199823917
4 1 194 170455089 0.87630870534449601 0.48174999007519798
4 1 195 1688264839 0.26296271185020326 -0.9648059971706161
4 1 196 148625052 0.90548438891258087 0.42437957235900264
4 1 197 1096068990 -0.99590071153913307 -0.09045315227148519
4 1 198 1525737196 -0.2115708070132018 -0.9773626725119916
4 1 199 1764868205 0.47237674425118226 -0.88139673898344617
4 1 200 1748172362 0.42842723763873991 -0.90357628457659211
4 1 201 1149872170 -0.96910121362481516 -0.24666340983394844
4 1 202 576852191 -0.12990011241512484 0.99152708525513211
4 1 203 487910398 0.1316268435776265 0.99129933625005073
4 1 204 665723362 -0.38234994492546892 0.92401759702696729
4 1 205 815510757 -0.7406534082732652 0.67188728877185644
4 1 206 1127987059 -0.98299151440988852 -0.18365098038985211
4 1 207 1934152411 0.8366746223211966 -0.54770026142378558
4 1 208 2113994754 0.99878595500766398 -0.049260695076589117
4 1 209 1604102745 0.017907320868137868 -0.99983965107377371
4 1 210 1835947661 0.64543280181582663 -0.76381705816260215
4 1 211 653389087 -0.34849589320963309 0.93731030743079957
4 1 212 982097957 -0.97001366768947483 0.24305037439924468
4 1 213 1666571406 0.20074711681308699 -0.97964309577071629
4 1 214 949190666 -0.94190162826106449 0.33588885465158774
4 1 215 829552633 -0.76783191218447666 0.64065135185304189
4 1 216 391001680 0.40573380547315507 0.91399129049256922
4 1 217 1262306722 -0.83602883644677939 -0.54868550612299227
4 1 218 1669732944 0.20987145129832313 -0.97772898797669672
4 1 219 340611189 0.53657810964346475 0.84385065755229804
4 1 220 668978722 -0.39120243440570279 0.92030465353330237
4 1 221 467816010 0.19010171245379645 0.98176440092424111
4 1 222 322287208 0.58137033326262799 0.81363906961385579
4 1 223 1678462179 0.23496727199128495 -0.97200328244969081
4 1 224 2130706432 1 -2.9488742787772745e-09
4 1 225 582329448 -0.14589736210162327 0.98929973199823917
4 1 226 1960251344 0.87630870534449556 -0.48174999007519875
4 1 227 442441594 0.26296271185020392 0.96480599717061599
4 1 228 1982081381 0.90548438891258087 -0.42437957235900264
4 1 229 1034637443 -0.99590071153913307 0.090453152271485426
4 1 230 604969237 -0.21157080701320158 0.9773626725119916
4 1 231 365838228 0.47237674425118287 0.88139673898344584
4 1 232 382534071 0.42842723763874058 0.90357628457659189
4 1 233 980834263 -0.96910121362481505 0.24666340983394869
4 1 234 1553854242 -0.12990011241512531 -0.991527085255132
4 1 235 1642796035 0.13162684357762691 -0.99129933625005062
4 1 236 1464983071 -0.38234994492546959 -0.92401759702696695
4 1 237 1315195676 -0.74065340827326565 -0.67188728877185588
4 1 238 1002719374 -0.98299151440988852 0.18365098038985234
4 1 239 196554022 0.8366746223211966 0.54770026142378547
4 1 240 16711679 0.99878595500766398 0.049260695076588527
4 1 241 526603688 0.017907320868137892 0.99983965107377371
4 1 242 294758772 0.64543280181582707 0.7638170581626017
4 1 243 1477317346 -0.34849589320963337 -0.93731030743079946
4 1 244 1148608476 -0.97001366768947495 -0.24305037439924446
4 1 245 464135027 0.20074711681308746 0.97964309577071618
4 1 246 1181515767 -0.94190162826106461 -0.33588885465158752
4 1 247 1301153800 -0.76783191218447688 -0.64065135185304167
4 1 248 1739704753 0.40573380547315463 -0.91399129049256933
4 1 249 868399711 -0.83602883644677928 0.54868550612299249
4 1 250 460973489 0.20987145129832357 0.97772898797669661
4 1 251 1790095244 0.53657810964346475 -0.84385065755229804
4 1 252 1461727711 -0.39120243440570363 -0.92030465353330204
4 1 253 1662890423 0.19010171245379642 -0.98176440092424111
4 1 254 1808419225 0.58137033326262832 -0.81363906961385557
4 1 255 452244254 0.23496727199128498 0.97200328244969081
4 2 1 966047537 -0.95742791946357553 0.28867244245277213
4 2 2 340910178 0.5358338941250933 0.84432342020504103
4 2 3 1245823245 -0.8617012243527733 -0.50741600285065047
4 2 4 297250104 0.63980395712878002 0.76853815548894788
4 2 5 61431547 0.98363645448830306 0.18016471741625911
4 2 6 920767959 -0.91047558723956512 0.41356281873588324
4 2 7 1399029977 -0.55372042298130608 -0.83270264390921889
4 2 8 1365638291 -0.63290020409847647 -0.77423338319405144
4 2 9 169037907 0.87831432449817892 0.47808361965382962
4 2 10 1153704382 -0.96625192158907591 -0.25759895967456548
4 2 11 975820796 -0.96534874809958204 0.26096320534238077
4 2 12 1331446724 -0.70761703923098174 -0.70659615466685022
4 2 13 1631021514 0.097134942373608063 -0.99527122080871799
4 2 14 125267685 0.93254463480369221 0.36105471067256334
4 2 15 1737598389 0.40004884727263323 -0.9164938187439331
4 2 16 2097283075 0.99514676784114275 -0.098401780752823659
4 2 17 1077499057 -0.99935865571865112 -0.035808898896929946
4 2 18 1541188889 -0.1668329966803436 -0.98598516784922097
4 2 19 1306778174 -0.7571012248320399 -0.65329758560538465
4 2 20 1964195914 0.88185303100877399 -0.47152437020862276
4 2 21 1202436379 -0.91940119018246536 -0.39332105396363692
4 2 22 1898381332 0.77435735464168909 -0.63274851822214906
4 2 23 1659105266 0.17913169073773982 -0.98382510507378229
4 2 24 782003360 -0.67076015819254398 0.74167432892174012
4 2 25 393907011 0.39788843074111147 0.91743381051843498
4 2 26 1208759455 -0.91190794785987084 -0.41039480336622075
4 2 27 681222378 -0.42416786450289168 0.90558358130161376
4 2 28 1337957444 -0.69392131063010365 -0.72005084171424949
4 2 29 935632020 -0.92772267784426821 0.37327018768374765
4 2 30 644574416 -0.32401707120420159 0.94605123411380387
4 2 31 1226217925 -0.88958076218594706 -0.4567779192875564
4 2 32 2130706431 1 -5.8977492008036088e-09
4 2 33 1164658896 -0.95742791946357564 -0.2886724424527719
4 2 34 1789796255 0.53583389412509275 -0.84432342020504136
4 2 35 884883188 -0.86170122435277319 0.50741600285065069
4 2 36 1833456329 0.63980395712878035 -0.76853815548894766
4 2 37 2069274886 0.98363645448830295 -0.18016471741625978
4 2 38 1209938474 -0.91047558723956523 -0.41356281873588302
4 2 39 731676456 -0.55372042298130519 0.83270264390921955
4 2 40 765068142 -0.63290020409847625 0.77423338319405155
4 2 41 1961668526 0.87831432449817892 -0.47808361965382962
4 2 42 977002051 -0.9662519215890758 0.2575989596745657
4 2 43 1154885637 -0.96534874809958227 -0.2609632053423801
4 2 44 799259709 -0.70761703923098151 0.70659615466685033
4 2 45 499684919 0.097134942373609201 0.99527122080871788
4 2 46 2005438748 0.9325446348036921 -0.36105471067256339
4 2 47 393108044 0.40004884727263407 0.91649381874393276
4 2 48 33423358 0.99514676784114275 0.098401780752823603
4 2 49 1053207376 -0.99935865571865112 0.035808898896930189
4 2 50 589517544 -0.16683299668034268 0.98598516784922108
4 2 51 823928259 -0.75710122483203979 0.65329758560538476
4 2 52 166510519 0.88185303100877421 0.47152437020862226
4 2 53 928270054 -0.91940119018246524 0.39332105396363715
4 2 54 232325101 0.77435735464168931 0.63274851822214884
4 2 55 471601167 0.17913169073774049 0.98382510507378218
4 2 56 1348703073 -0.67076015819254409 -0.7416743289217399
4 2 57 1736799422 0.39788843074111124 -0.91743381051843509
4 2 58 921946978 -0.91190794785987073 0.41039480336622097
4 2 59 1449484055 -0.42416786450289234 -0.90558358130161343
4 2 60 792748989 -0.69392131063010343 0.72005084171424971
4 2 61 1195074413 -0.92772267784426832 -0.37327018768374742
4 2 62 1486132017 -0.32401707120420165 -0.94605123411380387
4 2 63 904488508 -0.88958076218594706 0.45677791928755662
4 2 64 2 1 5.8977484742775791e-09
4 2 65 966047537 -0.95742791946357553 0.28867244245277213
4 2 66 340910178 0.5358338941250933 0.84432342020504103
4 2 67 1245823245 -0.8617012243527733 -0.50741600285065047
4 2 68 297250104 0.63980395712878002 0.76853815548894788
4 2 69 61431547 0.98363645448830306 0.18016471741625911
4 2 70 920767959 -0.91047558723956512 0.41356281873588324
4 2 71 1399029977 -0.55372042298130608 -0.83270264390921889
4 2 72 1365638291 -0.63290020409847647 -0.77423338319405144
4 2 73 169037907 0.87831432449817892 0.47808361965382962
4 2 74 1153704382 -0.96625192158907591 -0.25759895967456548
4 2 75 975820796 -0.96534874809958204 0.26096320534238077
4 2 76 1331446724 -0.70761703923098174 -0.70659615466685022
4 2 77 1631021514 0.097134942373608063 -0.99527122080871799
4 2 78 125267685 0.93254463480369221 0.36105471067256334
4 2 79 1737598389 0.40004884727263323 -0.9164938187439331
4 2 80 2097283075 0.99514676784114275 -0.098401780752823659
4 2 81 1077499057 -0.99935865571865112 -0.035808898896929946
4 2 82 1541188889 -0.1668329966803436 -0.98598516784922097
4 2 83 1306778174 -0.7571012248320399 -0.65329758560538465
4 2 84 1964195914 0.88185303100877399 -0.47152437020862276
4 2 85 1202436379 -0.91940119018246536 -0.39332105396363692
4 2 86 1898381332 0.77435735464168909 -0.63274851822214906
4 2 87 1659105266 0.17913169073773982 -0.98382510507378229
4 2 88 782003360 -0.67076015819254398 0.74167432892174012
4 2 89 393907011 0.39788843074111147 0.91743381051843498
4 2 90 1208759455 -0.91190794785987084 -0.41039480336622075
4 2 91 681222378 -0.42416786450289168 0.90558358130161376
4 2 92 1337957444 -0.69392131063010365 -0.72005084171424949
4 2 93 935632020 -0.92772267784426821 0.37327018768374765
4 2 94 644574416 -0.32401707120420159 0.94605123411380387
4 2 95 1226217925 -0.88958076218594706 -0.4567779192875564
4 2 96 2130706431 1 -5.8977492008036088e-09
4 2 97 1164658896 -0.95742791946357564 -0.2886724424527719
4 2 98 1789796255 0.53583389412509275 -0.84432342020504136
4 2 99 884883188 -0.86170122435277319 0.50741600285065069
4 2 100 1833456329 0.63980395712878035 -0.76853815548894766
4 2 101 2069274886 0.98363645448830295 -0.18016471741625978
4 2 102 1209938474 -0.91047558723956523 -0.41356281873588302
4 2 103 731676456 -0.55372042298130519 0.83270264390921955
4 2 104 765068142 -0.63290020409847625 0.77423338319405155
4 2 105 1961668526 0.87831432449817892 -0.47808361965382962
4 2 106 977002051 -0.9662519215890758 0.2575989596745657
4 2 107 1154885637 -0.96534874809958227 -0.2609632053423801
4 2 108 799259709 -0.70761703923098151 0.70659615466685033
4 2 109 499684919 0.097134942373609201 0.99527122080871788
4 2 110 2005438748 0.9325446348036921 -0.36105471067256339
4 2 111 393108044 0.40004884727263407 0.91649381874393276
4 2 112 33423358 0.99514676784114275 0.098401780752823603
4 2 113 1053207376 -0.99935865571865112 0.035808898896930189
4 2 114 589517544 -0.16683299668034268 0.98598516784922108
4 2 115 823928259 -0.75710122483203979 0.65329758560538476
4 2 116 166510519 0.88185303100877421 0.47152437020862226
4 2 117 928270054 -0.91940119018246524 0.39332105396363715
4 2 118 232325101 0.77435735464168931 0.63274851822214884
4 2 119 471601167 0.17913169073774049 0.98382510507378218
4 2 120 1348703073 -0.67076015819254409 -0.7416743289217399
4 2 121 1736799422 0.39788843074111124 -0.91743381051843509
4 2 122 921946978 -0.91190794785987073 0.41039480336622097
4 2 123 1449484055 -0.42416786450289234 -0.90558358130161343
4 2 124 792748989 -0.69392131063010343 0.72005084171424971
4 2 125 1195074413 -0.92772267784426832 -0.37327018768374742
4 2 126 1486132017 -0.32401707120420165 -0.94605123411380387
4 2 127 904488508 -0.88958076218594706 0.45677791928755662
4 2 128 2 1 5.8977484742775791e-09
4 2 129 966047537 -0.95742791946357553 0.28867244245277213
4 2 130 340910178 0.5358338941250933 0.84432342020504103
4 2 131 1245823245 -0.8617012243527733 -0.50741600285065047
4 2 132 297250104 0.63980395712878002 0.76853815548894788
4 2 133 61431547 0.98363645448830306 0.18016471741625911
4 2 134 920767959 -0.91047558723956512 0.41356281873588324
4 2 135 1399029977 -0.55372042298130608 -0.83270264390921889
4 2 136 1365638291 -0.63290020409847647 -0.77423338319405144
4 2 137 169037907 0.87831432449817892 0.47808361965382962
4 2 138 1153704382 -0.96625192158907591 -0.25759895967456548
4 2 139 975820796 -0.96534874809958204 0.26096320534238077
4 2 140 1331446724 -0.70761703923098174 -0.70659615466685022
4 2 141 1631021514 0.097134942373608063 -0.99527122080871799
4 2 142 125267685 0.93254463480369221 0.36105471067256334
4 2 143 1737598389 0.40004884727263323 -0.9164938187439331
4 2 144 2097283075 0.99514676784114275 -0.098401780752823659
4 2 145 1077499057 -0.99935865571865112 -0.035808898896929946
4 2 146 1541188889 -0.1668329966803436 -0.98598516784922097
4 2 147 1306778174 -0.7571012248320399 -0.65329758560538465
4 2 148 1964195914 0.88185303100877399 -0.47152437020862276
4 2 149 1202436379 -0.91940119018246536 -0.39332105396363692
4 2 150 1898381332 0.77435735464168909 -0.63274851822214906
4 2 151 1659105266 0.17913169073773982 -0.98382510507378229
4 2 152 782003360 -0.67076015819254398 0.74167432892174012
4 2 153 393907011 0.39788843074111147 0.91743381051843498
4 2 154 1208759455 -0.91190794785987084 -0.41039480336622075
4 2 155 681222378 -0.42416786450289168 0.90558358130161376
4 2 156 1337957444 -0.69392131063010365 -0.72005084171424949
4 2 157 935632020 -0.92772267784426821 0.37327018768374765
4 2 158 644574416 -0.32401707120420159 0.94605123411380387
4 2 159 1226217925 -0.88958076218594706 -0.4567779192875564
4 2 160 2130706431 1 -5.8977492008036088e-09
4 2 161 1164658896 -0.95742791946357564 -0.2886724424527719
4 2 162 1789796255 0.53583389412509275 -0.84432342020504136
4 2 163 884883188 -0.86170122435277319 0.50741600285065069
4 2 164 1833456329 0.63980395712878035 -0.76853815548894766
4 2 165 2069274886 0.98363645448830295 -0.18016471741625978
4 2 166 1209938474 -0.91047558723956523 -0.41356281873588302
4 2 167 731676456 -0.55372042298130519 0.83270264390921955
4 2 168 765068142 -0.63290020409847625 0.77423338319405155
4 2 169 1961668526 0.87831432449817892 -0.47808361965382962
4 2 170 977002051 -0.9662519215890758 0.2575989596745657
4 2 171 1154885637 -0.96534874809958227 -0.2609632053423801
4 2 172 799259709 -0.70761703923098151 0.70659615466685033
4 2 173 499684919 0.097134942373609201 0.99527122080871788
4 2 174 2005438748 0.9325446348036921 -0.36105471067256339
4 2 175 393108044 0.40004884727263407 0.91649381874393276
4 2 176 33423358 0.99514676784114275 0.098401780752823603
4 2 177 1053207376 -0.99935865571865112 0.035808898896930189
4 2 178 589517544 -0.16683299668034268 0.98598516784922108
4 2 179 823928259 -0.75710122483203979 0.65329758560538476
4 2 180 166510519 0.88185303100877421 0.47152437020862226
4 2 181 928270054 -0.91940119018246524 0.39332105396363715
4 2 182 232325101 0.77435735464168931 0.63274851822214884
4 2 183 471601167 0.17913169073774049 0.98382510507378218
4 2 184 1348703073 -0.67076015819254409 -0.7416743289217399
4 2 185 1736799422 0.39788843074111124 -0.91743381051843509
4 2 186 921946978 -0.91190794785987073 0.41039480336622097
4 2 187 1449484055 -0.42416786450289234 -0.90558358130161343
4 2 188 792748989 -0.69392131063010343 0.72005084171424971
4 2 189 1195074413 -0.92772267784426832 -0.37327018768374742
4 2 190 1486132017 -0.32401707120420165 -0.94605123411380387
4 2 191 904488508 -0.88958076218594706 0.45677791928755662
4 2 192 2 1 5.8977484742775791e-09
4 2 193 966047537 -0.95742791946357553 0.28867244245277213
4 2 194 340910178 0.5358338941250933 0.84432342020504103
4 2 195 1245823245 -0.8617012243527733 -0.50741600285065047
4 2 196 297250104 0.63980395712878002 0.76853815548894788
4 2 197 61431547 0.98363645448830306 0.18016471741625911
4 2 198 920767959 -0.91047558723956512 0.41356281873588324
4 2 199 1399029977 -0.55372042298130608 -0.83270264390921889
4 2 200 1365638291 -0.63290020409847647 -0.77423338319405144
4 2 201 169037907 0.87831432449817892 0.47808361965382962
4 2 202 1153704382 -0.96625192158907591 -0.25759895967456548
4 2 203 975820796 -0.96534874809958204 0.26096320534238077
4 2 204 1331446724 -0.70761703923098174 -0.70659615466685022
4 2 205 1631021514 0.097134942373608063 -0.99527122080871799
4 2 206 125267685 0.93254463480369221 0.36105471067256334
4 2 207 1737598389 0.40004884727263323 -0.9164938187439331
4 2 208 2097283075 0.99514676784114275 -0.098401780752823659
4 2 209 1077499057 -0.99935865571865112 -0.035808898896929946
4 2 210 1541188889 -0.1668329966803436 -0.98598516784922097
4 2 211 1306778174 -0.7571012248320399 -0.65329758560538465
4 2 212 1964195914 0.88185303100877399 -0.47152437020862276
4 2 213 1202436379 -0.91940119018246536 -0.39332105396363692
4 2 214 1898381332 0.77435735464168909 -0.63274851822214906
4 2 215 1659105266 0.17913169073773982 -0.98382510507378229
4 2 216 782003360 -0.67076015819254398 0.74167432892174012
4 2 217 393907011 0.39788843074111147 0.91743381051843498
4 2 218 1208759455 -0.91190794785987084 -0.41039480336622075
4 2 219 681222378 -0.42416786450289168 0.90558358130161376
4 2 220 1337957444 -0.69392131063010365 -0.72005084171424949
4 2 221 935632020 -0.92772267784426821 0.37327018768374765
4 2 222 644574416 -0.32401707120420159 0.94605123411380387
4 2 223 1226217925 -0.88958076218594706 -0.4567779192875564
4 2 224 2130706431 1 -5.8977492008036088e-09
4 2 225 1164658896 -0.95742791946357564 -0.2886724424527719
4 2 226 1789796255 0.53583389412509275 -0.84432342020504136
4 2 227 884883188 -0.86170122435277319 0.50741600285065069
4 2 228 1833456329 0.63980395712878035 -0.76853815548894766
4 2 229 2069274886 0.98363645448830295 -0.18016471741625978
4 2 230 1209938474 -0.91047558723956523 -0.41356281873588302
4 2 231 731676456 -0.55372042298130519 0.83270264390921955
4 2 232 765068142 -0.63290020409847625 0.77423338319405155
4 2 233 1961668526 0.87831432449817892 -0.47808361965382962
4 2 234 977002051 -0.9662519215890758 0.2575989596745657
4 2 235 1154885637 -0.96534874809958227 -0.2609632053423801
4 2 236 799259709 -0.70761703923098151 0.70659615466685033
4 2 237 499684919 0.097134942373609201 0.99527122080871788
4 2 238 2005438748 0.9325446348036921 -0.36105471067256339
4 2 239 393108044 0.40004884727263407 0.91649381874393276
4 2 240 33423358 0.99514676784114275 0.098401780752823603
4 2 241 1053207376 -0.99935865571865112 0.035808898896930189
4 2 242 589517544 -0.16683299668034268 0.98598516784922108
4 2 243 823928259 -0.75710122483203979 0.65329758560538476
4 2 244 166510519 0.88185303100877421 0.47152437020862226
4 2 245 928270054 -0.91940119018246524 0.39332105396363715
4 2 246 232325101 0.77435735464168931 0.63274851822214884
4 2 247 471601167 0.17913169073774049 0.98382510507378218
4 2 248 1348703073 -0.67076015819254409 -0.7416743289217399
4 2 249 1736799422 0.39788843074111124 -0.91743381051843509
4 2 250 921946978 -0.91190794785987073 0.41039480336622097
4 2 251 1449484055 -0.42416786450289234 -0.90558358130161343
4 2 252 792748989 -0.69392131063010343 0.72005084171424971
4 2 253 1195074413 -0.92772267784426832 -0.37327018768374742
4 2 254 1486132017 -0.32401707120420165 -0.94605123411380387
4 2 255 904488508 -0.88958076218594706 0.45677791928755662
4 3 1 383718089 0.4252697778059859 0.90506663626765482
4 3 2 511365267 0.062803106736424599 0.99802593642863469
4 3 3 803381651 -0.71615329337109623 0.69794302087902027
4 3 4 445875156 0.25318060137662812 0.96741903179882138
4 3 5 1157500537 -0.96330777830232905 -0.26839918826671355
4 3 6 315798722 0.59683091652938836 0.80236703389078134
4 3 7 1033191749 -0.99550604551777644 0.094698011265067703
4 3 8 983104220 -0.97073060992455107 0.24017094527754407
4 3 9 1318910077 -0.73324974200567461 -0.67995942220739292
4 3 10 1730556573 0.38093257888662813 -0.92460281761564123
4 3 11 1463731194 -0.38575846090554838 -0.92259981023181581
4 3 12 1997170086 0.92346461688204762 -0.38368359538413027
4 3 13 315825838 0.59676675601038398 0.80241475492468539
4 3 14 1253254744 -0.85037541123110705 -0.52617645326784201
4 3 15 1541044367 -0.16725318591747415 -0.98591397789079693
4 3 16 2080571396 0.98909127477434755 -0.14730393805073924
4 3 17 550895369 -0.053698993088747086 0.99855716818880969
4 3 18 1246430117 -0.86079177878127555 -0.50895728070494051
4 3 19 1960167261 0.87618922840553071 -0.48196725617630981
4 3 20 815587438 -0.74080531825432772 0.6717197931028267
4 3 21 738301352 -0.56988139306038899 0.82172696064054662
4 3 22 716865565 -0.51683527812481089 0.85608486453484822
4 3 23 357951466 0.49274585492048173 0.87017327151475043
4 3 24 1173005040 -0.95003394855962786 -0.31214659470223671
4 3 25 1656213733 0.17073643287052603 -0.9853167361263323
4 3 26 747785966 -0.5926383402339781 0.80546868200117849
4 3 27 1021833567 -0.99177649145639879 0.12798199480565939
4 3 28 2006936166 0.93412984641468766 -0.35693336918432267
4 3 29 1403448030 -0.54282505193463049 -0.8398457971509804
4 3 30 966861624 -0.95811815860016281 0.28637317290666953
4 3 31 773973671 -0.65301200180480501 0.7573475592479858
4 3 32 2130706430 1 -8.8466232346515227e-09
4 3 33 1746988344 0.42526977780598529 -0.90506663626765516
4 3 34 1619341166 0.062803106736424127 -0.9980259364286348
4 3 35 1327324782 -0.71615329337109646 -0.69794302087902005
4 3 36 1684831277 0.25318060137662785 -0.96741903179882138
4 3 37 973205896 -0.96330777830232905 0.26839918826671383
4 3 38 1814907711 0.59683091652938847 -0.80236703389078134
4 3 39 1097514684 -0.99550604551777644 -0.094698011265067453
4 3 40 1147602213 -0.97073060992455118 -0.24017094527754382
4 3 41 811796356 -0.7332497420056745 0.67995942220739303
4 3 42 400149860 0.38093257888662796 0.92460281761564134
4 3 43 666975239 -0.38575846090554861 0.9225998102318157
4 3 44 133536347 0.92346461688204762 0.38368359538413038
4 3 45 1814880595 0.59676675601038365 -0.80241475492468561
4 3 46 877451689 -0.85037541123110716 0.5261764532678419
4 3 47 589662066 -0.16725318591747415 0.98591397789079693
4 3 48 50135037 0.98909127477434766 0.14730393805073885
4 3 49 1579811064 -0.053698993088747329 -0.99855716818880969
4 3 50 884276316 -0.86079177878127544 0.50895728070494073
4 3 51 170539172 0.87618922840553115 0.4819672561763092
4 3 52 1315118995 -0.74080531825432783 -0.67171979310282648
4 3 53 1392405081 -0.56988139306038954 -0.82172696064054618
4 3 54 1413840868 -0.51683527812481145 -0.85608486453484789
4 3 55 1772754967 0.49274585492048212 -0.87017327151475021
4 3 56 957701393 -0.95003394855962775 0.31214659470223699
4 3 57 474492700 0.1707364328705267 0.98531673612633219
4 3 58 1382920467 -0.59263834023397788 -0.8054686820011786
4 3 59 1108872866 -0.99177649145639879 -0.12798199480565914
4 3 60 123770267 0.93412984641468766 0.35693336918432284
4 3 61 727258403 -0.54282505193463026 0.83984579715098051
4 3 62 1163844809 -0.95811815860016292 -0.2863731729066693
4 3 63 1356732762 -0.65301200180480479 -0.75734755924798591
4 3 64 3 1 8.8466227114163682e-09
4 3 65 383718089 0.4252697778059859 0.90506663626765482
4 3 66 511365267 0.062803106736424599 0.99802593642863469
4 3 67 803381651 -0.71615329337109623 0.69794302087902027
4 3 68 445875156 0.25318060137662812 0.96741903179882138
4 3 69 1157500537 -0.96330777830232905 -0.26839918826671355
4 3 70 315798722 0.59683091652938836 0.80236703389078134
4 3 71 1033191749 -0.99550604551777644 0.094698011265067703
4 3 72 983104220 -0.97073060992455107 0.24017094527754407
4 3 73 1318910077 -0.73324974200567461 -0.67995942220739292
4 3 74 1730556573 0.38093257888662813 -0.92460281761564123
4 3 75 1463731194 -0.38575846090554838 -0.92259981023181581
4 3 76 1997170086 0.92346461688204762 -0.38368359538413027
4 3 77 315825838 0.59676675601038398 0.80241475492468539
4 3 78 1253254744 -0.85037541123110705 -0.52617645326784201
4 3 79 1541044367 -0.16725318591747415 -0.98591397789079693
4 3 80 2080571396 0.98909127477434755 -0.14730393805073924
4 3 81 550895369 -0.053698993088747086 0.99855716818880969
4 3 82 1246430117 -0.86079177878127555 -0.50895728070494051
4 3 83 1960167261 0.87618922840553071 -0.48196725617630981
4 3 84 815587438 -0.74080531825432772 0.6717197931028267
4 3 85 738301352 -0.56988139306038899 0.82172696064054662
4 3 86 716865565 -0.51683527812481089 0.85608486453484822
4 3 87 357951466 0.49274585492048173 0.87017327151475043
4 3 88 1173005040 -0.95003394855962786 -0.31214659470223671
4 3 89 1656213733 0.17073643287052603 -0.9853167361263323
4 3 90 747785966 -0.5926383402339781 0.80546868200117849
4 3 91 1021833567 -0.99177649145639879 0.12798199480565939
4 3 92 2006936166 0.93412984641468766 -0.35693336918432267
4 3 93 1403448030 -0.54282505193463049 -0.8398457971509804
4 3 94 966861624 -0.95811815860016281 0.28637317290666953
4 3 95 773973671 -0.65301200180480501 0.7573475592479858
4 3 96 2130706430 1 -8.8466232346515227e-09
4 3 97 1746988344 0.42526977780598529 -0.90506663626765516
4 3 98 1619341166 0.062803106736424127 -0.9980259364286348
4 3 99 1327324782 -0.71615329337109646 -0.69794302087902005
4 3 100 1684831277 0.25318060137662785 -0.96741903179882138
4 3 101 973205896 -0.96330777830232905 0.26839918826671383
4 3 102 1814907711 0.59683091652938847 -0.80236703389078134
4 3 103 1097514684 -0.99550604551777644 -0.094698011265067453
4 3 104 1147602213 -0.97073060992455118 -0.24017094527754382
4 3 105 811796356 -0.7332497420056745 0.67995942220739303
4 3 106 400149860 0.38093257888662796 0.92460281761564134
4 3 107 666975239 -0.38575846090554861 0.9225998102318157
4 3 108 133536347 0.92346461688204762 0.38368359538413038
4 3 109 1814880595 0.59676675601038365 -0.80241475492468561
4 3 110 877451689 -0.85037541123110716 0.5261764532678419
4 3 111 589662066 -0.16725318591747415 0.98591397789079693
4 3 112 50135037 0.98909127477434766 0.14730393805073885
4 3 113 1579811064 -0.053698993088747329 -0.99855716818880969
4 3 114 884276316 -0.86079177878127544 0.50895728070494073
4 3 115 170539172 0.87618922840553115 0.4819672561763092
4 3 116 1315118995 -0.74080531825432783 -0.67171979310282648
4 3 117 1392405081 -0.56988139306038954 -0.82172696064054618
4 3 118 1413840868 -0.51683527812481145 -0.85608486453484789
4 3 119 1772754967 0.49274585492048212 -0.87017327151475021
4 3 120 957701393 -0.95003394855962775 0.31214659470223699
4 3 121 474492700 0.1707364328705267 0.98531673612633219
4 3 122 1382920467 -0.59263834023397788 -0.8054686820011786
4 3 123 1108872866 -0.99177649145639879 -0.12798199480565914
4 3 124 123770267 0.93412984641468766 0.35693336918432284
4 3 125 727258403 -0.54282505193463026 0.83984579715098051
4 3 126 1163844809 -0.95811815860016292 -0.2863731729066693
4 3 127 1356732762 -0.65301200180480479 -0.75734755924798591
4 3 128 3 1 8.8466227114163682e-09
4 3 129 383718089 0.4252697778059859 0.90506663626765482
4 3 130 511365267 0.062803106736424599 0.99802593642863469
4 3 131 803381651 -0.71615329337109623 0.69794302087902027
4 3 132 445875156 0.25318060137662812 0.96741903179882138
4 3 133 1157500537 -0.96330777830232905 -0.26839918826671355
4 3 134 315798722 0.59683091652938836 0.80236703389078134
4 3 135 1033191749 -0.99550604551777644 0.094698011265067703
4 3 136 983104220 -0.97073060992455107 0.24017094527754407
4 3 137 1318910077 -0.73324974200567461 -0.67995942220739292
4 3 138 1730556573 0.38093257888662813 -0.92460281761564123
4 3 139 1463731194 -0.38575846090554838 -0.92259981023181581
4 3 140 1997170086 0.92346461688204762 -0.38368359538413027
4 3 141 315825838 0.59676675601038398 0.80241475492468539
4 3 142 1253254744 -0.85037541123110705 -0.52617645326784201
4 3 143 1541044367 -0.16725318591747415 -0.98591397789079693
4 3 144 2080571396 0.98909127477434755 -0.14730393805073924
4 3 145 550895369 -0.053698993088747086 0.99855716818880969
4 3 146 1246430117 -0.86079177878127555 -0.50895728070494051
4 3 147 1960167261 0.87618922840553071 -0.48196725617630981
4 3 148 815587438 -0.74080531825432772 0.6717197931028267
4 3 149 738301352 -0.56988139306038899 0.82172696064054662
4 3 150 716865565 -0.51683527812481089 0.85608486453484822
4 3 151 357951466 0.49274585492048173 0.87017327151475043
4 3 152 1173005040 -0.95003394855962786 -0.31214659470223671
4 3 153 1656213733 0.17073643287052603 -0.9853167361263323
4 3 154 747785966 -0.5926383402339781 0.80546868200117849
4 3 155 1021833567 -0.99177649145639879 0.12798199480565939
4 3 156 2006936166 0.93412984641468766 -0.35693336918432267
4 3 157 1403448030 -0.54282505193463049 -0.8398457971509804
4 3 158 966861624 -0.95811815860016281 0.28637317290666953
4 3 159 773973671 -0.65301200180480501 0.7573475592479858
4 3 160 2130706430 1 -8.8466232346515227e-09
4 3 161 1746988344 0.42526977780598529 -0.90506663626765516
4 3 162 1619341166 0.062803106736424127 -0.9980259364286348
4 3 163 1327324782 -0.71615329337109646 -0.69794302087902005
4 3 164 1684831277 0.25318060137662785 -0.96741903179882138
4 3 165 973205896 -0.96330777830232905 0.26839918826671383
4 3 166 1814907711 0.59683091652938847 -0.80236703389078134
4 3 167 1097514684 -0.99550604551777644 -0.094698011265067453
4 3 168 1147602213 -0.97073060992455118 -0.24017094527754382
4 3 169 811796356 -0.7332497420056745 0.67995942220739303
4 3 170 400149860 0.38093257888662796 0.92460281761564134
4 3 171 666975239 -0.38575846090554861 0.9225998102318157
4 3 172 133536347 0.92346461688204762 0.38368359538413038
4 3 173 1814880595 0.59676675601038365 -0.80241475492468561
4 3 174 877451689 -0.85037541123110716 0.5261764532678419
4 3 175 589662066 -0.16725318591747415 0.98591397789079693
4 3 176 50135037 0.98909127477434766 0.14730393805073885
4 3 177 1579811064 -0.053698993088747329 -0.99855716818880969
4 3 178 884276316 -0.86079177878127544 0.50895728070494073
4 3 179 170539172 0.87618922840553115 0.4819672561763092
4 3 180 1315118995 -0.74080531825432783 -0.67171979310282648
4 3 181 1392405081 -0.56988139306038954 -0.82172696064054618
4 3 182 1413840868 -0.51683527812481145 -0.85608486453484789
4 3 183 1772754967 0.49274585492048212 -0.87017327151475021
4 3 184 957701393 -0.95003394855962775 0.31214659470223699
4 3 185 474492700 0.1707364328705267 0.98531673612633219
4 3 186 1382920467 -0.59263834023397788 -0.8054686820011786
4 3 187 1108872866 -0.99177649145639879 -0.12798199480565914
4 3 188 123770267 0.93412984641468766 0.35693336918432284
4 3 189 727258403 -0.54282505193463026 0.83984579715098051
4 3 190 1163844809 -0.95811815860016292 -0.2863731729066693
4 3 191 1356732762 -0.65301200180480479 -0.75734755924798591
4 3 192 3 1 8.8466227114163682e-09
4 3 193 383718089 0.4252697778059859 0.90506663626765482
4 3 194 511365267 0.062803106736424599 0.99802593642863469
4 3 195 803381651 -0.71615329337109623 0.69794302087902027
4 3 196 445875156 0.25318060137662812 0.96741903179882138
4 3 197 1157500537 -0.96330777830232905 -0.26839918826671355
4 3 198 315798722 0.59683091652938836 0.80236703389078134
4 3 199 1033191749 -0.99550604551777644 0.094698011265067703
4 3 200 983104220 -0.97073060992455107 0.24017094527754407
4 3 201 1318910077 -0.73324974200567461 -0.67995942220739292
4 3 202 1730556573 0.38093257888662813 -0.92460281761564123
4 3 203 1463731194 -0.38575846090554838 -0.92259981023181581
4 3 204 1997170086 0.92346461688204762 -0.38368359538413027
4 3 205 315825838 0.59676675601038398 0.80241475492468539
4 3 206 1253254744 -0.85037541123110705 -0.52617645326784201
4 3 207 1541044367 -0.16725318591747415 -0.98591397789079693
4 3 208 2080571396 0.98909127477434755 -0.14730393805073924
4 3 209 550895369 -0.053698993088747086 0.99855716818880969
4 3 210 1246430117 -0.86079177878127555 -0.50895728070494051
4 3 211 1960167261 0.87618922840553071 -0.48196725617630981
4 3 212 815587438 -0.74080531825432772 0.6717197931028267
4 3 213 738301352 -0.56988139306038899 0.82172696064054662
4 3 214 716865565 -0.51683527812481089 0.85608486453484822
4 3 215 357951466 0.49274585492048173 0.87017327151475043
4 3 216 1173005040 -0.95003394855962786 -0.31214659470223671
4 3 217 1656213733 0.17073643287052603 -0.9853167361263323
4 3 218 747785966 -0.5926383402339781 0.80546868200117849
4 3 219 1021833567 -0.99177649145639879 0.12798199480565939
4 3 220 2006936166 0.93412984641468766 -0.35693336918432267
4 3 221 1403448030 -0.54282505193463049 -0.8398457971509804
4 3 222 966861624 -0.95811815860016281 0.28637317290666953
4 3 223 773973671 -0.65301200180480501 0.7573475592479858
4 3 224 2130706430 1 -8.8466232346515227e-09
4 3 225 1746988344 0.42526977780598529 -0.90506663626765516
4 3 226 1619341166 0.062803106736424127 -0.9980259364286348
4 3 227 1327324782 -0.71615329337109646 -0.69794302087902005
4 3 228 1684831277 0.25318060137662785 -0.96741903179882138
4 3 229 973205896 -0.96330777830232905 0.26839918826671383
4 3 230 1814907711 0.59683091652938847 -0.80236703389078134
4 3 231 1097514684 -0.99550604551777644 -0.094698011265067453
4 3 232 1147602213 -0.97073060992455118 -0.24017094527754382
4 3 233 811796356 -0.7332497420056745 0.67995942220739303
4 3 234 400149860 0.38093257888662796 0.92460281761564134
4 3 235 666975239 -0.38575846090554861 0.9225998102318157
4 3 236 133536347 0.92346461688204762 0.38368359538413038
4 3 237 1814880595 0.59676675601038365 -0.80241475492468561
4 3 238 877451689 -0.85037541123110716 0.5261764532678419
4 3 239 589662066 -0.16725318591747415 0.98591397789079693
4 3 240 50135037 0.98909127477434766 0.14730393805073885
4 3 241 1579811064 -0.053698993088747329 -0.99855716818880969
4 3 242 884276316 -0.86079177878127544 0.50895728070494073
4 3 243 170539172 0.87618922840553115 0.4819672561763092
4 3 244 1315118995 -0.74080531825432783 -0.67171979310282648
4 3 245 1392405081 -0.56988139306038954 -0.82172696064054618
4 3 246 1413840868 -0.51683527812481145 -0.85608486453484789
4 3 247 1772754967 0.49274585492048212 -0.87017327151475021
4 3 248 957701393 -0.95003394855962775 0.31214659470223699
4 3 249 474492700 0.1707364328705267 0.98531673612633219
4 3 250 1382920467 -0.59263834023397788 -0.8054686820011786
4 3 251 1108872866 -0.99177649145639879 -0.12798199480565914
4 3 252 123770267 0.93412984641468766 0.35693336918432284
4 3 253 727258403 -0.54282505193463026 0.83984579715098051
4 3 254 1163844809 -0.95811815860016292 -0.2863731729066693
4 3 255 1356732762 -0.65301200180480479 -0.75734755924798591
4 4 1 1932095074 0.83333644193670187 -0.55276611196805281
4 4 2 681820356 -0.42576407581347647 0.90483421229896932
4 4 3 360940057 0.48505800010213723 0.87448198182519177
4 4 4 594500208 -0.18130179288470832 0.98342750617256502
4 4 5 122863094 0.93508134919663899 0.35443316772643224
4 4 6 1841535918 0.65793158991846201 -0.75307770049800626
4 4 7 667353521 -0.38678738634680859 0.92216892040612852
4 4 8 600570149 -0.19887466330421377 0.98002493248673817
4 4 9 338075814 0.54287210523738472 0.8398153828997954
4 4 10 176702331 0.8672855519491629 0.49781097956979198
4 4 11 1951641592 0.86379641091486081 -0.50384100715464297
4 4 12 532187015 0.001443748420041032 0.99999895779470671
4 4 13 1131336595 -0.98112960594015131 -0.19335122535873273
4 4 14 250535370 0.73927899180230316 0.67339926661659666
4 4 15 1344490345 -0.67992183959167352 -0.7332845914420093
4 4 16 2063859717 0.98063417908934647 -0.19584842813197023
4 4 17 24291681 0.99743544551957886 0.071571866128801981
4 4 18 951671345 -0.9443335024373134 0.32898972046931274
4 4 19 482849915 0.14640452928435074 0.9892248044833023
4 4 20 1797685395 0.55532953659872353 -0.8316303901259543
4 4 21 274166325 0.69059709701786753 0.72323969027597901
4 4 22 1666056231 0.19925862537535052 -0.97994693744790373
4 4 23 1187504099 -0.93582367474687711 -0.35246850892420334
4 4 24 1564006720 -0.10016162036302692 -0.99497118038979038
4 4 25 787814022 -0.68336959336475145 0.73007259835203664
4 4 26 286812477 0.66315221074000141 0.74848456590009171
4 4 27 1362444756 -0.64016324544611303 -0.76823890761917268
4 4 28 545208455 -0.036946429306798471 0.9993172476053227
4 4 29 1871264040 0.72133873397307957 -0.69258243615479786
4 4 30 1289148832 -0.79002587513650269 -0.61307350017335038
4 4 31 321729417 0.58270786490266069 0.81268169917907129
4 4 32 2130706429 0.99999999999999989 -1.1795497268499437e-08
4 4 33 198611359 0.83333644193670198 0.5527661119680527
4 4 34 1448886077 -0.42576407581347669 -0.90483421229896921
4 4 35 1769766376 0.48505800010213684 -0.87448198182519199
4 4 36 1536206225 -0.18130179288470832 -0.98342750617256502
4 4 37 2007843339 0.93508134919663888 -0.35443316772643246
4 4 38 289170515 0.65793158991846246 0.75307770049800582
4 4 39 1463352912 -0.38678738634680898 -0.92216892040612841
4 4 40 1530136284 -0.19887466330421422 -0.98002493248673805
4 4 41 1792630619 0.54287210523738494 -0.83981538289979529
4 4 42 1954004102 0.8672855519491629 -0.49781097956979187
4 4 43 179064841 0.86379641091486092 0.50384100715464264
4 4 44 1598519418 0.001443748420041009 -0.99999895779470671
4 4 45 999369838 -0.98112960594015119 0.19335122535873298
4 4 46 1880171063 0.73927899180230261 -0.67339926661659721
4 4 47 786216088 -0.6799218395916734 0.73328459144200953
4 4 48 66846716 0.98063417908934647 0.19584842813197037
4 4 49 2106414752 0.99743544551957886 -0.071571866128802494
4 4 50 1179035088 -0.94433350243731351 -0.32898972046931246
4 4 51 1647856518 0.14640452928434985 -0.98922480448330241
4 4 52 333021038 0.5553295365987243 0.83163039012595386
4 4 53 1856540108 0.69059709701786731 -0.72323969027597934
4 4 54 464650202 0.19925862537535011 0.97994693744790384
4 4 55 943202334 -0.935823674746877 0.35246850892420356
4 4 56 566699713 -0.10016162036302667 0.99497118038979049
4 4 57 1342892411 -0.68336959336475167 -0.73007259835203653
4 4 58 1843893956 0.66315221074000164 -0.74848456590009149
4 4 59 768261677 -0.64016324544611281 0.7682389076191728
4 4 60 1585497978 -0.036946429306798936 -0.99931724760532259
4 4 61 259442393 0.72133873397307968 0.69258243615479775
4 4 62 841557601 -0.79002587513650258 0.61307350017335061
4 4 63 1808977016 0.5827078649026608 -0.81268169917907118
4 4 64 4 0.99999999999999989 1.1795496948555158e-08
4 4 65 1932095074 0.83333644193670187 -0.55276611196805281
4 4 66 681820356 -0.42576407581347647 0.90483421229896932
4 4 67 360940057 0.48505800010213723 0.87448198182519177
4 4 68 594500208 -0.18130179288470832 0.98342750617256502
4 4 69 122863094 0.93508134919663899 0.35443316772643224
4 4 70 1841535918 0.65793158991846201 -0.75307770049800626
4 4 71 667353521 -0.38678738634680859 0.92216892040612852
4 4 72 600570149 -0.19887466330421377 0.98002493248673817
4 4 73 338075814 0.54287210523738472 0.8398153828997954
4 4 74 176702331 0.8672855519491629 0.49781097956979198
4 4 75 1951641592 0.86379641091486081 -0.50384100715464297
4 4 76 532187015 0.001443748420041032 0.99999895779470671
4 4 77 1131336595 -0.98112960594015131 -0.19335122535873273
4 4 78 250535370 0.73927899180230316 0.67339926661659666
4 4 79 1344490345 -0.67992183959167352 -0.7332845914420093
4 4 80 2063859717 0.98063417908934647 -0.19584842813197023
4 4 81 24291681 0.99743544551957886 0.071571866128801981
4 4 82 951671345 -0.9443335024373134 0.32898972046931274
4 4 83 482849915 0.14640452928435074 0.9892248044833023
4 4 84 1797685395 0.55532953659872353 -0.8316303901259543
4 4 85 274166325 0.69059709701786753 0.72323969027597901
4 4 86 1666056231 0.19925862537535052 -0.97994693744790373
4 4 87 1187504099 -0.93582367474687711 -0.35246850892420334
4 4 88 1564006720 -0.10016162036302692 -0.99497118038979038
4 4 89 787814022 -0.68336959336475145 0.73007259835203664
4 4 90 286812477 0.66315221074000141 0.74848456590009171
4 4 91 1362444756 -0.64016324544611303 -0.76823890761917268
4 4 92 545208455 -0.036946429306798471 0.9993172476053227
4 4 93 1871264040 0.72133873397307957 -0.69258243615479786
4 4 94 1289148832 -0.79002587513650269 -0.61307350017335038
4 4 95 321729417 0.58270786490266069 0.81268169917907129
4 4 96 2130706429 0.99999999999999989 -1.1795497268499437e-08
4 4 97 198611359 0.83333644193670198 0.5527661119680527
4 4 98 1448886077 -0.42576407581347669 -0.90483421229896921
4 4 99 1769766376 0.48505800010213684 -0.87448198182519199
4 4 100 1536206225 -0.18130179288470832 -0.98342750617256502
4 4 101 2007843339 0.93508134919663888 -0.35443316772643246
4 4 102 289170515 0.65793158991846246 0.75307770049800582
4 4 103 1463352912 -0.38678738634680898 -0.92216892040612841
4 4 104 1530136284 -0.19887466330421422 -0.98002493248673805
4 4 105 1792630619 0.54287210523738494 -0.83981538289979529
4 4 106 1954004102 0.8672855519491629 -0.49781097956979187
4 4 107 179064841 0.86379641091486092 0.50384100715464264
4 4 108 1598519418 0.001443748420041009 -0.99999895779470671
4 4 109 999369838 -0.98112960594015119 0.19335122535873298
4 4 110 1880171063 0.73927899180230261 -0.67339926661659721
4 4 111 786216088 -0.6799218395916734 0.73328459144200953
4 4 112 66846716 0.98063417908934647 0.19584842813197037
4 4 113 2106414752 0.99743544551957886 -0.071571866128802494
4 4 114 1179035088 -0.94433350243731351 -0.32898972046931246
4 4 115 1647856518 0.14640452928434985 -0.98922480448330241
4 4 116 333021038 0.5553295365987243 0.83163039012595386
4 4 117 1856540108 0.69059709701786731 -0.72323969027597934
4 4 118 464650202 0.19925862537535011 0.97994693744790384
4 4 119 943202334 -0.935823674746877 0.35246850892420356
4 4 120 566699713 -0.10016162036302667 0.99497118038979049
4 4 121 1342892411 -0.68336959336475167 -0.73007259835203653
4 4 122 1843893956 0.66315221074000164 -0.74848456590009149
4 4 123 768261677 -0.64016324544611281 0.7682389076191728
4 4 124 1585497978 -0.036946429306798936 -0.99931724760532259
4 4 125 259442393 0.72133873397307968 0.69258243615479775
4 4 126 841557601 -0.79002587513650258 0.61307350017335061
4 4 127 1808977016 0.5827078649026608 -0.81268169917907118
4 4 128 4 0.99999999999999989 1.1795496948555158e-08
4 4 129 1932095074 0.83333644193670187 -0.55276611196805281
4 4 130 681820356 -0.42576407581347647 0.90483421229896932
4 4 131 360940057 0.48505800010213723 0.87448198182519177
4 4 132 594500208 -0.18130179288470832 0.98342750617256502
4 4 133 122863094 0.93508134919663899 0.35443316772643224
4 4 134 1841535918 0.65793158991846201 -0.75307770049800626
4 4 135 667353521 -0.38678738634680859 0.92216892040612852
4 4 136 600570149 -0.19887466330421377 0.98002493248673817
4 4 137 338075814 0.54287210523738472 0.8398153828997954
4 4 138 176702331 0.8672855519491629 0.49781097956979198
4 4 139 1951641592 0.86379641091486081 -0.50384100715464297
4 4 140 532187015 0.001443748420041032 0.99999895779470671
4 4 141 1131336595 -0.98112960594015131 -0.19335122535873273
4 4 142 250535370 0.73927899180230316 0.67339926661659666
4 4 143 1344490345 -0.67992183959167352 -0.7332845914420093
4 4 144 2063859717 0.98063417908934647 -0.19584842813197023
4 4 145 24291681 0.99743544551957886 0.071571866128801981
4 4 146 951671345 -0.9443335024373134 0.32898972046931274
4 4 147 482849915 0.14640452928435074 0.9892248044833023
4 4 148 1797685395 0.55532953659872353 -0.8316303901259543
4 4 149 274166325 0.69059709701786753 0.72323969027597901
4 4 150 1666056231 0.19925862537535052 -0.97994693744790373
4 4 151 1187504099 -0.93582367474687711 -0.35246850892420334
4 4 152 1564006720 -0.10016162036302692 -0.99497118038979038
4 4 153 787814022 -0.68336959336475145 0.73007259835203664
4 4 154 286812477 0.66315221074000141 0.74848456590009171
4 4 155 1362444756 -0.64016324544611303 -0.76823890761917268
4 4 156 545208455 -0.036946429306798471 0.9993172476053227
4 4 157 1871264040 0.72133873397307957 -0.69258243615479786
4 4 158 1289148832 -0.79002587513650269 -0.61307350017335038
4 4 159 321729417 0.58270786490266069 0.81268169917907129
4 4 160 2130706429 0.99999999999999989 -1.1795497268499437e-08
4 4 161 198611359 0.83333644193670198 0.5527661119680527
4 4 162 1448886077 -0.42576407581347669 -0.90483421229896921
4 4 163 1769766376 0.48505800010213684 -0.87448198182519199
4 4 164 1536206225 -0.18130179288470832 -0.98342750617256502
4 4 165 2007843339 0.93508134919663888 -0.35443316772643246
4 4 166 289170515 0.65793158991846246 0.75307770049800582
4 4 167 1463352912 -0.38678738634680898 -0.92216892040612841
4 4 168 1530136284 -0.19887466330421422 -0.98002493248673805
4 4 169 1792630619 0.54287210523738494 -0.83981538289979529
4 4 170 1954004102 0.8672855519491629 -0.49781097956979187
4 4 171 179064841 0.86379641091486092 0.50384100715464264
4 4 172 1598519418 0.001443748420041009 -0.99999895779470671
4 4 173 999369838 -0.98112960594015119 0.19335122535873298
4 4 174 1880171063 0.73927899180230261 -0.67339926661659721
4 4 175 786216088 -0.6799218395916734 0.73328459144200953
4 4 176 66846716 0.98063417908934647 0.19584842813197037
4 4 177 2106414752 0.99743544551957886 -0.071571866128802494
4 4 178 1179035088 -0.94433350243731351 -0.32898972046931246
4 4 179 1647856518 0.14640452928434985 -0.98922480448330241
4 4 180 333021038 0.5553295365987243 0.83163039012595386
4 4 181 1856540108 0.69059709701786731 -0.72323969027597934
4 4 182 464650202 0.19925862537535011 0.97994693744790384
4 4 183 943202334 -0.935823674746877 0.35246850892420356
4 4 184 566699713 -0.10016162036302667 0.99497118038979049
4 4 185 1342892411 -0.68336959336475167 -0.73007259835203653
4 4 186 1843893956 0.66315221074000164 -0.74848456590009149
4 4 187 768261677 -0.64016324544611281 0.7682389076191728
4 4 188 1585497978 -0.036946429306798936 -0.99931724760532259
4 4 189 259442393 0.72133873397307968 0.69258243615479775
4 4 190 841557601 -0.79002587513650258 0.61307350017335061
4 4 191 1808977016 0.5827078649026608 -0.81268169917907118
4 4 192 4 0.99999999999999989 1.1795496948555158e-08
4 4 193 1932095074 0.83333644193670187 -0.55276611196805281
4 4 194 681820356 -0.42576407581347647 0.90483421229896932
4 4 195 360940057 0.48505800010213723 0.87448198182519177
4 4 196 594500208 -0.18130179288470832 0.98342750617256502
4 4 197 122863094 0.93508134919663899 0.35443316772643224
4 4 198 1841535918 0.65793158991846201 -0.75307770049800626
4 4 199 667353521 -0.38678738634680859 0.92216892040612852
4 4 200 600570149 -0.19887466330421377 0.98002493248673817
4 4 201 338075814 0.54287210523738472 0.8398153828997954
4 4 202 176702331 0.8672855519491629 0.49781097956979198
4 4 203 1951641592 0.86379641091486081 -0.50384100715464297
4 4 204 532187015 0.001443748420041032 0.99999895779470671
4 4 205 1131336595 -0.98112960594015131 -0.19335122535873273
4 4 206 250535370 0.73927899180230316 0.67339926661659666
4 4 207 1344490345 -0.67992183959167352 -0.7332845914420093
4 4 208 2063859717 0.98063417908934647 -0.19584842813197023
4 4 209 24291681 0.99743544551957886 0.071571866128801981
4 4 210 951671345 -0.9443335024373134 0.32898972046931274
4 4 211 482849915 0.14640452928435074 0.9892248044833023
4 4 212 1797685395 0.55532953659872353 -0.8316303901259543
4 4 213 274166325 0.69059709701786753 0.72323969027597901
4 4 214 1666056231 0.19925862537535052 -0.97994693744790373
4 4 215 1187504099 -0.93582367474687711 -0.35246850892420334
4 4 216 1564006720 -0.10016162036302692 -0.99497118038979038
4 4 217 787814022 -0.68336959336475145 0.73007259835203664
4 4 218 286812477 0.66315221074000141 0.74848456590009171
4 4 219 1362444756 -0.64016324544611303 -0.76823890761917268
4 4 220 545208455 -0.036946429306798471 0.9993172476053227
4 4 221 1871264040 0.72133873397307957 -0.69258243615479786
4 4 222 1289148832 -0.79002587513650269 -0.61307350017335038
4 4 223 321729417 0.58270786490266069 0.81268169917907129
4 4 224 2130706429 0.99999999999999989 -1.1795497268499437e-08
4 4 225 198611359 0.83333644193670198 0.5527661119680527
4 4 226 1448886077 -0.42576407581347669 -0.90483421229896921
4 4 227 1769766376 0.48505800010213684 -0.87448198182519199
4 4 228 1536206225 -0.18130179288470832 -0.98342750617256502
4 4 229 2007843339 0.93508134919663888 -0.35443316772643246
4 4 230 289170515 0.65793158991846246 0.75307770049800582
4 4 231 1463352912 -0.38678738634680898 -0.92216892040612841
4 4 232 1530136284 -0.19887466330421422 -0.98002493248673805
4 4 233 1792630619 0.54287210523738494 -0.83981538289979529
4 4 234 1954004102 0.8672855519491629 -0.49781097956979187
4 4 235 179064841 0.86379641091486092 0.50384100715464264
4 4 236 1598519418 0.001443748420041009 -0.99999895779470671
4 4 237 999369838 -0.98112960594015119 0.19335122535873298
4 4 238 1880171063 0.73927899180230261 -0.67339926661659721
4 4 239 786216088 -0.6799218395916734 0.73328459144200953
4 4 240 66846716 0.98063417908934647 0.19584842813197037
4 4 241 2106414752 0.99743544551957886 -0.071571866128802494
4 4 242 1179035088 -0.94433350243731351 -0.32898972046931246
4 4 243 1647856518 0.14640452928434985 -0.98922480448330241
4 4 244 333021038 0.5553295365987243 0.83163039012595386
4 4 245 1856540108 0.69059709701786731 -0.72323969027597934
4 4 246 464650202 0.19925862537535011 0.97994693744790384
4 4 247 943202334 -0.935823674746877 0.35246850892420356
4 4 248 566699713 -0.10016162036302667 0.99497118038979049
4 4 249 1342892411 -0.68336959336475167 -0.73007259835203653
4 4 250 1843893956 0.66315221074000164 -0.74848456590009149
4 4 251 768261677 -0.64016324544611281 0.7682389076191728
4 4 252 1585497978 -0.036946429306798936 -0.99931724760532259
4 4 253 259442393 0.72133873397307968 0.69258243615479775
4 4 254 841557601 -0.79002587513650258 0.61307350017335061
4 4 255 1808977016 0.5827078649026608 -0.81268169917907118
4 5 1 1349765626 -0.6684329550494208 -0.74377240107703579
4 5 2 852275445 -0.80900463885303153 0.5878022578335983
4 5 3 2049204896 0.97125762759408496 -0.23803071406923451
4 5 4 743125260 -0.58151248765455898 0.81353747713415536
4 5 5 1218932084 -0.89918858372148147 -0.43756129959693219
4 5 6 1236566681 -0.87522915140644419 -0.48370852021476285
4 5 7 301515293 0.63008731295791665 0.77652429327708239
4 5 8 218036078 0.80032396465303313 0.59956780400722864
4 5 9 1487947984 -0.31894629005154096 -0.94777279137056802
4 5 10 753554522 -0.60625356027504773 0.79527141320044259
4 5 11 308845557 0.61315605103035975 0.78996180735833987
4 5 12 1197910377 -0.92456865113982534 -0.38101549749253488
4 5 13 1946847352 0.85658721718437403 -0.51600226681317019
4 5 14 1378522429 -0.60303454021521619 -0.79771507652007112
4 5 15 1147936323 -0.97049351077911894 -0.24112723930659549
4 5 16 2047148038 0.96979601537547133 -0.24391738060634105
4 5 17 1628394426 0.089421786225092739 -0.99599384744500996
4 5 18 656912573 -0.35821585787206089 0.93363879480716927
4 5 19 1136239002 -0.97823198281130241 -0.20751430747075661
4 5 20 649076919 -0.33654916289052222 0.94166589667338418
4 5 21 1940737731 0.84715214527203886 -0.5313503954651605
4 5 22 484540464 0.14147123075260376 0.98994236744840025
4 5 23 2017056732 0.94436470837631525 -0.32890013313058586
4 5 24 1955008400 0.86875603777513111 -0.49524029200909631
4 5 25 2050120744 0.97189693913715713 -0.23540675371752851
4 5 26 1956545421 0.87099177403336958 -0.49129759776148274
4 5 27 1703055945 0.30478132324699797 -0.95242235641537154
4 5 28 1214187177 -0.90522278023985214 -0.42493731082929448
4 5 29 208373617 0.81708050910970242 0.57652358289408201
4 5 30 1611436040 0.039522945971746791 -0.99921866312720276
4 5 31 2000191596 0.92684655657289383 -0.37544035554128913
4 5 32 2130706428 0.99999999999999989 -1.4744371302347352e-08
4 5 33 780940807 -0.66843295504942057 0.74377240107703602
4 5 34 1278430988 -0.80900463885303164 -0.58780225783359807
4 5 35 81501537 0.97125762759408507 0.23803071406923404
4 5 36 1387581173 -0.58151248765455876 -0.81353747713415547
4 5 37 911774349 -0.89918858372148136 0.43756129959693241
4 5 38 894139752 -0.87522915140644408 0.48370852021476307
4 5 39 1829191140 0.63008731295791598 -0.77652429327708306
4 5 40 1912670355 0.80032396465303324 -0.59956780400722864
4 5 41 642758449 -0.31894629005154113 0.94777279137056802
4 5 42 1377151911 -0.60625356027504784 -0.79527141320044248
4 5 43 1821860876 0.61315605103035964 -0.78996180735833998
4 5 44 932796056 -0.92456865113982545 0.38101549749253466
4 5 45 183859081 0.85658721718437403 0.51600226681317019
4 5 46 752184004 -0.60303454021521596 0.79771507652007123
4 5 47 982770110 -0.97049351077911883 0.24112723930659571
4 5 48 83558395 0.96979601537547133 0.24391738060634086
4 5 49 502312007 0.089421786225093419 0.99599384744500996
4 5 50 1473793860 -0.35821585787206156 -0.93363879480716894
4 5 51 994467431 -0.97823198281130241 0.20751430747075683
4 5 52 1481629514 -0.336549162890522 -0.9416658966733843
4 5 53 189968702 0.84715214527203897 0.53135039546516016
4 5 54 1646165969 0.14147123075260332 -0.98994236744840036
4 5 55 113649701 0.94436470837631536 0.32890013313058558
4 5 56 175698033 0.86875603777513111 0.49524029200909636
4 5 57 80585689 0.97189693913715725 0.23540675371752801
4 5 58 174161012 0.87099177403336969 0.49129759776148263
4 5 59 427650488 0.30478132324699753 0.95242235641537165
4 5 60 916519256 -0.90522278023985203 0.4249373108292947
4 5 61 1922332816 0.81708050910970242 -0.57652358289408212
4 5 62 519270393 0.039522945971747256 0.99921866312720276
4 5 63 130514837 0.92684655657289405 0.37544035554128852
4 5 64 5 0.99999999999999989 1.4744371185693948e-08
4 5 65 1349765626 -0.6684329550494208 -0.74377240107703579
4 5 66 852275445 -0.80900463885303153 0.5878022578335983
4 5 67 2049204896 0.97125762759408496 -0.23803071406923451
4 5 68 743125260 -0.58151248765455898 0.81353747713415536
4 5 69 1218932084 -0.89918858372148147 -0.43756129959693219
4 5 70 1236566681 -0.87522915140644419 -0.48370852021476285
4 5 71 301515293 0.63008731295791665 0.77652429327708239
4 5 72 218036078 0.80032396465303313 0.59956780400722864
4 5 73 1487947984 -0.31894629005154096 -0.94777279137056802
4 5 74 753554522 -0.60625356027504773 0.79527141320044259
4 5 75 308845557 0.61315605103035975 0.78996180735833987
4 5 76 1197910377 -0.92456865113982534 -0.38101549749253488
4 5 77 1946847352 0.85658721718437403 -0.51600226681317019
4 5 78 1378522429 -0.60303454021521619 -0.79771507652007112
4 5 79 1147936323 -0.97049351077911894 -0.24112723930659549
4 5 80 2047148038 0.96979601537547133 -0.24391738060634105
4 5 81 1628394426 0.089421786225092739 -0.99599384744500996
4 5 82 656912573 -0.35821585787206089 0.93363879480716927
4 5 83 1136239002 -0.97823198281130241 -0.20751430747075661
4 5 84 649076919 -0.33654916289052222 0.94166589667338418
4 5 85 1940737731 0.84715214527203886 -0.5313503954651605
4 5 86 484540464 0.14147123075260376 0.98994236744840025
4 5 87 2017056732 0.94436470837631525 -0.32890013313058586
4 5 88 1955008400 0.86875603777513111 -0.49524029200909631
4 5 89 2050120744 0.97189693913715713 -0.23540675371752851
4 5 90 1956545421 0.87099177403336958 -0.49129759776148274
4 5 91 1703055945 0.30478132324699797 -0.95242235641537154
4 5 92 1214187177 -0.90522278023985214 -0.42493731082929448
4 5 93 208373617 0.81708050910970242 0.57652358289408201
4 5 94 1611436040 0.039522945971746791 -0.99921866312720276
4 5 95 2000191596 0.92684655657289383 -0.37544035554128913
4 5 96 2130706428 0.99999999999999989 -1.4744371302347352e-08
4 5 97 780940807 -0.66843295504942057 0.74377240107703602
4 5 98 1278430988 -0.80900463885303164 -0.58780225783359807
4 5 99 81501537 0.97125762759408507 0.23803071406923404
4 5 100 1387581173 -0.58151248765455876 -0.81353747713415547
4 5 101 911774349 -0.89918858372148136 0.43756129959693241
4 5 102 894139752 -0.87522915140644408 0.48370852021476307
4 5 103 1829191140 0.63008731295791598 -0.77652429327708306
4 5 104 1912670355 0.80032396465303324 -0.59956780400722864
4 5 105 642758449 -0.31894629005154113 0.94777279137056802
4 5 106 1377151911 -0.60625356027504784 -0.79527141320044248
4 5 107 1821860876 0.61315605103035964 -0.78996180735833998
4 5 108 932796056 -0.92456865113982545 0.38101549749253466
4 5 109 183859081 0.85658721718437403 0.51600226681317019
4 5 110 752184004 -0.60303454021521596 0.79771507652007123
4 5 111 982770110 -0.97049351077911883 0.24112723930659571
4 5 112 83558395 0.96979601537547133 0.24391738060634086
4 5 113 502312007 0.089421786225093419 0.99599384744500996
4 5 114 1473793860 -0.35821585787206156 -0.93363879480716894
4 5 115 994467431 -0.97823198281130241 0.20751430747075683
4 5 116 1481629514 -0.336549162890522 -0.9416658966733843
4 5 117 189968702 0.84715214527203897 0.53135039546516016
4 5 118 1646165969 0.14147123075260332 -0.98994236744840036
4 5 119 113649701 0.94436470837631536 0.32890013313058558
4 5 120 175698033 0.86875603777513111 0.49524029200909636
4 5 121 80585689 0.97189693913715725 0.23540675371752801
4 5 122 174161012 0.87099177403336969 0.49129759776148263
4 5 123 427650488 0.30478132324699753 0.95242235641537165
4 5 124 916519256 -0.90522278023985203 0.4249373108292947
4 5 125 1922332816 0.81708050910970242 -0.57652358289408212
4 5 126 519270393 0.039522945971747256 0.99921866312720276
4 5 127 130514837 0.92684655657289405 0.37544035554128852
4 5 128 5 0.99999999999999989 1.4744371185693948e-08
4 5 129 1349765626 -0.6684329550494208 -0.74377240107703579
4 5 130 852275445 -0.80900463885303153 0.5878022578335983
4 5 131 2049204896 0.97125762759408496 -0.23803071406923451
4 5 132 743125260 -0.58151248765455898 0.81353747713415536
4 5 133 1218932084 -0.89918858372148147 -0.43756129959693219
4 5 134 1236566681 -0.87522915140644419 -0.48370852021476285
4 5 135 301515293 0.63008731295791665 0.77652429327708239
4 5 136 218036078 0.80032396465303313 0.59956780400722864
4 5 137 1487947984 -0.31894629005154096 -0.94777279137056802
4 5 138 753554522 -0.60625356027504773 0.79527141320044259
4 5 139 308845557 0.61315605103035975 0.78996180735833987
4 5 140 1197910377 -0.92456865113982534 -0.38101549749253488
4 5 141 1946847352 0.85658721718437403 -0.51600226681317019
4 5 142 1378522429 -0.60303454021521619 -0.79771507652007112
4 5 143 1147936323 -0.97049351077911894 -0.24112723930659549
4 5 144 2047148038 0.96979601537547133 -0.24391738060634105
4 5 145 1628394426 0.089421786225092739 -0.99599384744500996
4 5 146 656912573 -0.35821585787206089 0.93363879480716927
4 5 147 1136239002 -0.97823198281130241 -0.20751430747075661
4 5 148 649076919 -0.33654916289052222 0.94166589667338418
4 5 149 1940737731 0.84715214527203886 -0.5313503954651605
4 5 150 484540464 0.14147123075260376 0.98994236744840025
4 5 151 2017056732 0.94436470837631525 -0.32890013313058586
4 5 152 1955008400 0.86875603777513111 -0.49524029200909631
4 5 153 2050120744 0.97189693913715713 -0.23540675371752851
4 5 154 1956545421 0.87099177403336958 -0.49129759776148274
4 5 155 1703055945 0.30478132324699797 -0.95242235641537154
4 5 156 1214187177 -0.90522278023985214 -0.42493731082929448
4 5 157 208373617 0.81708050910970242 0.57652358289408201
4 5 158 1611436040 0.039522945971746791 -0.99921866312720276
4 5 159 2000191596 0.92684655657289383 -0.37544035554128913
4 5 160 2130706428 0.99999999999999989 -1.4744371302347352e-08
4 5 161 780940807 -0.66843295504942057 0.74377240107703602
4 5 162 1278430988 -0.80900463885303164 -0.58780225783359807
4 5 163 81501537 0.97125762759408507 0.23803071406923404
4 5 164 1387581173 -0.58151248765455876 -0.81353747713415547
4 5 165 911774349 -0.89918858372148136 0.43756129959693241
4 5 166 894139752 -0.87522915140644408 0.48370852021476307
4 5 167 1829191140 0.63008731295791598 -0.77652429327708306
4 5 168 1912670355 0.80032396465303324 -0.59956780400722864
4 5 169 642758449 -0.31894629005154113 0.94777279137056802
4 5 170 1377151911 -0.60625356027504784 -0.79527141320044248
4 5 171 1821860876 0.61315605103035964 -0.78996180735833998
4 5 172 932796056 -0.92456865113982545 0.38101549749253466
4 5 173 183859081 0.85658721718437403 0.51600226681317019
4 5 174 752184004 -0.60303454021521596 0.79771507652007123
4 5 175 982770110 -0.97049351077911883 0.24112723930659571
4 5 176 83558395 0.96979601537547133 0.24391738060634086
4 5 177 502312007 0.089421786225093419 0.99599384744500996
4 5 178 1473793860 -0.35821585787206156 -0.93363879480716894
4 5 179 994467431 -0.97823198281130241 0.20751430747075683
4 5 180 1481629514 -0.336549162890522 -0.9416658966733843
4 5 181 189968702 0.84715214527203897 0.53135039546516016
4 5 182 1646165969 0.14147123075260332 -0.98994236744840036
4 5 183 113649701 0.94436470837631536 0.32890013313058558
4 5 184 175698033 0.86875603777513111 0.49524029200909636
4 5 185 80585689 0.97189693913715725 0.23540675371752801
4 5 186 174161012 0.87099177403336969 0.49129759776148263
4 5 187 427650488 0.30478132324699753 0.95242235641537165
4 5 188 916519256 -0.90522278023985203 0.4249373108292947
4 5 189 1922332816 0.81708050910970242 -0.57652358289408212
4 5 190 519270393 0.039522945971747256 0.99921866312720276
4 5 191 130514837 0.92684655657289405 0.37544035554128852
4 5 192 5 0.99999999999999989 1.4744371185693948e-08
4 5 193 1349765626 -0.6684329550494208 -0.74377240107703579
4 5 194 852275445 -0.80900463885303153 0.5878022578335983
4 5 195 2049204896 0.97125762759408496 -0.23803071406923451
4 5 196 743125260 -0.58151248765455898 0.81353747713415536
4 5 197 1218932084 -0.89918858372148147 -0.43756129959693219
4 5 198 1236566681 -0.87522915140644419 -0.48370852021476285
4 5 199 301515293 0.63008731295791665 0.77652429327708239
4 5 200 218036078 0.80032396465303313 0.59956780400722864
4 5 201 1487947984 -0.31894629005154096 -0.94777279137056802
4 5 202 753554522 -0.60625356027504773 0.79527141320044259
4 5 203 308845557 0.61315605103035975 0.78996180735833987
4 5 204 1197910377 -0.92456865113982534 -0.38101549749253488
4 5 205 1946847352 0.85658721718437403 -0.51600226681317019
4 5 206 1378522429 -0.60303454021521619 -0.79771507652007112
4 5 207 1147936323 -0.97049351077911894 -0.24112723930659549
4 5 208 2047148038 0.96979601537547133 -0.24391738060634105
4 5 209 1628394426 0.089421786225092739 -0.99599384744500996
4 5 210 656912573 -0.35821585787206089 0.93363879480716927
4 5 211 1136239002 -0.97823198281130241 -0.20751430747075661
4 5 212 649076919 -0.33654916289052222 0.94166589667338418
4 5 213 1940737731 0.84715214527203886 -0.5313503954651605
4 5 214 484540464 0.14147123075260376 0.98994236744840025
4 5 215 2017056732 0.94436470837631525 -0.32890013313058586
4 5 216 1955008400 0.86875603777513111 -0.49524029200909631
4 5 217 2050120744 0.97189693913715713 -0.23540675371752851
4 5 218 1956545421 0.87099177403336958 -0.49129759776148274
4 5 219 1703055945 0.30478132324699797 -0.95242235641537154
4 5 220 1214187177 -0.90522278023985214 -0.42493731082929448
4 5 221 208373617 0.81708050910970242 0.57652358289408201
4 5 222 1611436040 0.039522945971746791 -0.99921866312720276
4 5 223 2000191596 0.92684655657289383 -0.37544035554128913
4 5 224 2130706428 0.99999999999999989 -1.4744371302347352e-08
4 5 225 780940807 -0.66843295504942057 0.74377240107703602
4 5 226 1278430988 -0.80900463885303164 -0.58780225783359807
4 5 227 81501537 0.97125762759408507 0.23803071406923404
4 5 228 1387581173 -0.58151248765455876 -0.81353747713415547
4 5 229 911774349 -0.89918858372148136 0.43756129959693241
4 5 230 894139752 -0.87522915140644408 0.48370852021476307
4 5 231 1829191140 0.63008731295791598 -0.77652429327708306
4 5 232 1912670355 0.80032396465303324 -0.59956780400722864
4 5 233 642758449 -0.31894629005154113 0.94777279137056802
4 5 234 1377151911 -0.60625356027504784 -0.79527141320044248
4 5 235 1821860876 0.61315605103035964 -0.78996180735833998
4 5 236 932796056 -0.92456865113982545 0.38101549749253466
4 5 237 183859081 0.85658721718437403 0.51600226681317019
4 5 238 752184004 -0.60303454021521596 0.79771507652007123
4 5 239 982770110 -0.97049351077911883 0.24112723930659571
4 5 240 83558395 0.96979601537547133 0.24391738060634086
4 5 241 502312007 0.089421786225093419 0.99599384744500996
4 5 242 1473793860 -0.35821585787206156 -0.93363879480716894
4 5 243 994467431 -0.97823198281130241 0.20751430747075683
4 5 244 1481629514 -0.336549162890522 -0.9416658966733843
4 5 245 189968702 0.84715214527203897 0.53135039546516016
4 5 246 1646165969 0.14147123075260332 -0.98994236744840036
4 5 247 113649701 0.94436470837631536 0.32890013313058558
4 5 248 175698033 0.86875603777513111 0.49524029200909636
4 5 249 80585689 0.97189693913715725 0.23540675371752801
4 5 250 174161012 0.87099177403336969 0.49129759776148263
4 5 251 427650488 0.30478132324699753 0.95242235641537165
4 5 252 916519256 -0.90522278023985203 0.4249373108292947
4 5 253 1922332816 0.81708050910970242 -0.57652358289408212
4 5 254 519270393 0.039522945971747256 0.99921866312720276
4 5 255 130514837 0.92684655657289405 0.37544035554128852
4 6 1 767436178 -0.63829123216969474 0.76979497461031321
4 6 2 1022730534 -0.99211153956850651 0.12535825882249532
4 6 3 1606763302 0.02575107921253493 -0.99966838597576435
4 6 4 891750312 -0.87179916617313791 0.4898634645080418
4 6 5 184294641 0.85592375147553856 0.51710205149471267
4 6 6 631597444 -0.28758571414938056 0.95775490446000366
4 6 7 2066383498 0.98206457332488217 -0.18854488542577078
4 6 8 1966208440 0.88463583408898183 -0.46628257639085263
4 6 9 507113721 0.075310368302776862 0.99716014181579682
4 6 10 1330406713 -0.70978074068556607 -0.70442267152033744
4 6 11 796755955 -0.70238081967956423 0.71180136565355334
4 6 12 1863633739 0.70557379726621361 -0.70863644883066534
4 6 13 631651676 -0.28773887784168573 0.95770890054254354
4 6 14 375803055 0.44627668005294879 0.89489503565553319
4 6 15 951382301 -0.94405274360090963 0.32979450768561214
4 6 16 2030436359 0.95660309966948798 -0.29139407973177422
4 6 17 1101790738 -0.99423283628250936 -0.1072430289465795
4 6 18 362153801 0.48192497283486474 0.87621248596337342
4 6 19 1789628089 0.53541512794775969 -0.84458903661170281
4 6 20 1631174876 0.097585039107791455 -0.99522719021454131
4 6 21 1476602704 -0.35047039568710076 -0.93657381009022833
4 6 22 1433731130 -0.46576259057129887 -0.88490971812061858
4 6 23 715902932 -0.5144030449173671 0.85754854520297641
4 6 24 215303647 0.80512900683159472 0.59309972378881604
4 6 25 1181721033 -0.94169814098129634 -0.33645892954767975
4 6 26 1495571932 -0.29755959536943127 -0.9547032456232567
4 6 27 2043667134 0.96724121801112839 -0.25385906755589582
4 6 28 1883165899 0.74519713992545566 -0.66684422667285714
4 6 29 676189627 -0.41068192598433129 0.91177867691112424
4 6 30 1933723248 0.8359808116787335 -0.5487586741956485
4 6 31 1547947342 -0.14715065099776273 -0.98911409145302076
4 6 32 2130706427 0.99999999999999989 -1.7693245336195265e-08
4 6 33 1363270255 -0.63829123216969497 -0.7697949746103131
4 6 34 1107975899 -0.99211153956850651 -0.12535825882249507
4 6 35 523943131 0.025751079212534955 0.99966838597576435
4 6 36 1238956121 -0.87179916617313802 -0.48986346450804158
4 6 37 1946411792 0.85592375147553823 -0.51710205149471322
4 6 38 1499108989 -0.28758571414938017 -0.95775490446000378
4 6 39 64322935 0.98206457332488217 0.18854488542577086
4 6 40 164497993 0.88463583408898183 0.46628257639085263
4 6 41 1623592712 0.075310368302776404 -0.99716014181579693
4 6 42 800299720 -0.70978074068556596 0.70442267152033755
4 6 43 1333950478 -0.70238081967956467 -0.71180136565355279
4 6 44 267072694 0.70557379726621383 0.70863644883066512
4 6 45 1499054757 -0.28773887784168617 -0.95770890054254332
4 6 46 1754903378 0.44627668005294918 -0.89489503565553297
4 6 47 1179324132 -0.94405274360090963 -0.32979450768561192
4 6 48 100270074 0.9566030996694882 0.29139407973177367
4 6 49 1028915695 -0.99423283628250936 0.10724302894657975
4 6 50 1768552632 0.48192497283486435 -0.87621248596337364
4 6 51 341078344 0.53541512794775981 0.84458903661170259
4 6 52 499531557 0.097585039107791927 0.99522719021454131
4 6 53 654103729 -0.35047039568710031 0.93657381009022844
4 6 54 696975303 -0.46576259057129826 0.88490971812061892
4 6 55 1414803501 -0.51440304491736688 -0.85754854520297652
4 6 56 1915402786 0.80512900683159483 -0.59309972378881592
4 6 57 948985400 -0.94169814098129623 0.33645892954767997
4 6 58 635134501 -0.29755959536943166 0.95470324562325648
4 6 59 87039299 0.96724121801112839 0.25385906755589582
4 6 60 247540534 0.74519713992545578 0.66684422667285703
4 6 61 1454516806 -0.4106819259843319 -0.91177867691112391
4 6 62 196983185 0.83598081167873362 0.54875867419564839
4 6 63 582759091 -0.14715065099776206 0.98911409145302087
4 6 64 6 0.99999999999999989 1.7693245422832736e-08
4 6 65 767436178 -0.63829123216969474 0.76979497461031321
4 6 66 1022730534 -0.99211153956850651 0.12535825882249532
4 6 67 1606763302 0.02575107921253493 -0.99966838597576435
4 6 68 891750312 -0.87179916617313791 0.4898634645080418
4 6 69 184294641 0.85592375147553856 0.51710205149471267
4 6 70 631597444 -0.28758571414938056 0.95775490446000366
4 6 71 2066383498 0.98206457332488217 -0.18854488542577078
4 6 72 1966208440 0.88463583408898183 -0.46628257639085263
4 6 73 507113721 0.075310368302776862 0.99716014181579682
4 6 74 1330406713 -0.70978074068556607 -0.70442267152033744
4 6 75 796755955 -0.70238081967956423 0.71180136565355334
4 6 76 1863633739 0.70557379726621361 -0.70863644883066534
4 6 77 631651676 -0.28773887784168573 0.95770890054254354
4 6 78 375803055 0.44627668005294879 0.89489503565553319
4 6 79 951382301 -0.94405274360090963 0.32979450768561214
4 6 80 2030436359 0.95660309966948798 -0.29139407973177422
4 6 81 1101790738 -0.99423283628250936 -0.1072430289465795
4 6 82 362153801 0.48192497283486474 0.87621248596337342
4 6 83 1789628089 0.53541512794775969 -0.84458903661170281
4 6 84 1631174876 0.097585039107791455 -0.99522719021454131
4 6 85 1476602704 -0.35047039568710076 -0.93657381009022833
4 6 86 1433731130 -0.46576259057129887 -0.88490971812061858
4 6 87 715902932 -0.5144030449173671 0.85754854520297641
4 6 88 215303647 0.80512900683159472 0.59309972378881604
4 6 89 1181721033 -0.94169814098129634 -0.33645892954767975
4 6 90 1495571932 -0.29755959536943127 -0.9547032456232567
4 6 91 2043667134 0.96724121801112839 -0.25385906755589582
4 6 92 1883165899 0.74519713992545566 -0.66684422667285714
4 6 93 676189627 -0.41068192598433129 0.91177867691112424
4 6 94 1933723248 0.8359808116787335 -0.5487586741956485
4 6 95 1547947342 -0.14715065099776273 -0.98911409145302076
4 6 96 2130706427 0.99999999999999989 -1.7693245336195265e-08
4 6 97 1363270255 -0.63829123216969497 -0.7697949746103131
4 6 98 1107975899 -0.99211153956850651 -0.12535825882249507
4 6 99 523943131 0.025751079212534955 0.99966838597576435
4 6 100 1238956121 -0.87179916617313802 -0.48986346450804158
4 6 101 1946411792 0.85592375147553823 -0.51710205149471322
4 6 102 1499108989 -0.28758571414938017 -0.95775490446000378
4 6 103 64322935 0.98206457332488217 0.18854488542577086
4 6 104 164497993 0.88463583408898183 0.46628257639085263
4 6 105 1623592712 0.075310368302776404 -0.99716014181579693
4 6 106 800299720 -0.70978074068556596 0.70442267152033755
4 6 107 1333950478 -0.70238081967956467 -0.71180136565355279
4 6 108 267072694 0.70557379726621383 0.70863644883066512
4 6 109 1499054757 -0.28773887784168617 -0.95770890054254332
4 6 110 1754903378 0.44627668005294918 -0.89489503565553297
4 6 111 1179324132 -0.94405274360090963 -0.32979450768561192
4 6 112 100270074 0.9566030996694882 0.29139407973177367
4 6 113 1028915695 -0.99423283628250936 0.10724302894657975
4 6 114 1768552632 0.48192497283486435 -0.87621248596337364
4 6 115 341078344 0.53541512794775981 0.84458903661170259
4 6 116 499531557 0.097585039107791927 0.99522719021454131
4 6 117 654103729 -0.35047039568710031 0.93657381009022844
4 6 118 696975303 -0.46576259057129826 0.88490971812061892
4 6 119 1414803501 -0.51440304491736688 -0.85754854520297652
4 6 120 1915402786 0.80512900683159483 -0.59309972378881592
4 6 121 948985400 -0.94169814098129623 0.33645892954767997
4 6 122 635134501 -0.29755959536943166 0.95470324562325648
4 6 123 87039299 0.96724121801112839 0.25385906755589582
4 6 124 247540534 0.74519713992545578 0.66684422667285703
4 6 125 1454516806 -0.4106819259843319 -0.91177867691112391
4 6 126 196983185 0.83598081167873362 0.54875867419564839
4 6 127 582759091 -0.14715065099776206 0.98911409145302087
4 6 128 6 0.99999999999999989 1.7693245422832736e-08
4 6 129 767436178 -0.63829123216969474 0.76979497461031321
4 6 130 1022730534 -0.99211153956850651 0.12535825882249532
4 6 131 1606763302 0.02575107921253493 -0.99966838597576435
4 6 132 891750312 -0.87179916617313791 0.4898634645080418
4 6 133 184294641 0.85592375147553856 0.51710205149471267
4 6 134 631597444 -0.28758571414938056 0.95775490446000366
4 6 135 2066383498 0.98206457332488217 -0.18854488542577078
4 6 136 1966208440 0.88463583408898183 -0.46628257639085263
4 6 137 507113721 0.075310368302776862 0.99716014181579682
4 6 138 1330406713 -0.70978074068556607 -0.70442267152033744
4 6 139 796755955 -0.70238081967956423 0.71180136565355334
4 6 140 1863633739 0.70557379726621361 -0.70863644883066534
4 6 141 631651676 -0.28773887784168573 0.95770890054254354
4 6 142 375803055 0.44627668005294879 0.89489503565553319
4 6 143 951382301 -0.94405274360090963 0.32979450768561214
4 6 144 2030436359 0.95660309966948798 -0.29139407973177422
4 6 145 1101790738 -0.99423283628250936 -0.1072430289465795
4 6 146 362153801 0.48192497283486474 0.87621248596337342
4 6 147 1789628089 0.53541512794775969 -0.84458903661170281
4 6 148 1631174876 0.097585039107791455 -0.99522719021454131
4 6 149 1476602704 -0.35047039568710076 -0.93657381009022833
4 6 150 1433731130 -0.46576259057129887 -0.88490971812061858
4 6 151 715902932 -0.5144030449173671 0.85754854520297641
4 6 152 215303647 0.80512900683159472 0.59309972378881604
4 6 153 1181721033 -0.94169814098129634 -0.33645892954767975
4 6 154 1495571932 -0.29755959536943127 -0.9547032456232567
4 6 155 2043667134 0.96724121801112839 -0.25385906755589582
4 6 156 1883165899 0.74519713992545566 -0.66684422667285714
4 6 157 676189627 -0.41068192598433129 0.91177867691112424
4 6 158 1933723248 0.8359808116787335 -0.5487586741956485
4 6 159 1547947342 -0.14715065099776273 -0.98911409145302076
4 6 160 2130706427 0.99999999999999989 -1.7693245336195265e-08
4 6 161 1363270255 -0.63829123216969497 -0.7697949746103131
4 6 162 1107975899 -0.99211153956850651 -0.12535825882249507
4 6 163 523943131 0.025751079212534955 0.99966838597576435
4 6 164 1238956121 -0.87179916617313802 -0.48986346450804158
4 6 165 1946411792 0.85592375147553823 -0.51710205149471322
4 6 166 1499108989 -0.28758571414938017 -0.95775490446000378
4 6 167 64322935 0.98206457332488217 0.18854488542577086
4 6 168 164497993 0.88463583408898183 0.46628257639085263
4 6 169 1623592712 0.075310368302776404 -0.99716014181579693
4 6 170 800299720 -0.70978074068556596 0.70442267152033755
4 6 171 1333950478 -0.70238081967956467 -0.71180136565355279
4 6 172 267072694 0.70557379726621383 0.70863644883066512
4 6 173 1499054757 -0.28773887784168617 -0.95770890054254332
4 6 174 1754903378 0.44627668005294918 -0.89489503565553297
4 6 175 1179324132 -0.94405274360090963 -0.32979450768561192
4 6 176 100270074 0.9566030996694882 0.29139407973177367
4 6 177 1028915695 -0.99423283628250936 0.10724302894657975
4 6 178 1768552632 0.48192497283486435 -0.87621248596337364
4 6 179 341078344 0.53541512794775981 0.84458903661170259
4 6 180 499531557 0.097585039107791927 0.99522719021454131
4 6 181 654103729 -0.35047039568710031 0.93657381009022844
4 6 182 696975303 -0.46576259057129826 0.88490971812061892
4 6 183 1414803501 -0.51440304491736688 -0.85754854520297652
4 6 184 1915402786 0.80512900683159483 -0.59309972378881592
4 6 185 948985400 -0.94169814098129623 0.33645892954767997
4 6 186 635134501 -0.29755959536943166 0.95470324562325648
4 6 187 87039299 0.96724121801112839 0.25385906755589582
4 6 188 247540534 0.74519713992545578 0.66684422667285703
4 6 189 1454516806 -0.4106819259843319 -0.91177867691112391
4 6 190 196983185 0.83598081167873362 0.54875867419564839
4 6 191 582759091 -0.14715065099776206 0.98911409145302087
4 6 192 6 0.99999999999999989 1.7693245422832736e-08
4 6 193 767436178 -0.63829123216969474 0.76979497461031321
4 6 194 1022730534 -0.99211153956850651 0.12535825882249532
4 6 195 1606763302 0.02575107921253493 -0.99966838597576435
4 6 196 891750312 -0.87179916617313791 0.4898634645080418
4 6 197 184294641 0.85592375147553856 0.51710205149471267
4 6 198 631597444 -0.28758571414938056 0.95775490446000366
4 6 199 2066383498 0.98206457332488217 -0.18854488542577078
4 6 200 1966208440 0.88463583408898183 -0.46628257639085263
4 6 201 507113721 0.075310368302776862 0.99716014181579682
4 6 202 1330406713 -0.70978074068556607 -0.70442267152033744
4 6 203 796755955 -0.70238081967956423 0.71180136565355334
4 6 204 1863633739 0.70557379726621361 -0.70863644883066534
4 6 205 631651676 -0.28773887784168573 0.95770890054254354
4 6 206 375803055 0.44627668005294879 0.89489503565553319
4 6 207 951382301 -0.94405274360090963 0.32979450768561214
4 6 208 2030436359 0.95660309966948798 -0.29139407973177422
4 6 209 1101790738 -0.99423283628250936 -0.1072430289465795
4 6 210 362153801 0.48192497283486474 0.87621248596337342
4 6 211 1789628089 0.53541512794775969 -0.84458903661170281
4 6 212 1631174876 0.097585039107791455 -0.99522719021454131
4 6 213 1476602704 -0.35047039568710076 -0.93657381009022833
4 6 214 1433731130 -0.46576259057129887 -0.88490971812061858
4 6 215 715902932 -0.5144030449173671 0.85754854520297641
4 6 216 215303647 0.80512900683159472 0.59309972378881604
4 6 217 1181721033 -0.94169814098129634 -0.33645892954767975
4 6 218 1495571932 -0.29755959536943127 -0.9547032456232567
4 6 219 2043667134 0.96724121801112839 -0.25385906755589582
4 6 220 1883165899 0.74519713992545566 -0.66684422667285714
4 6 221 676189627 -0.41068192598433129 0.91177867691112424
4 6 222 1933723248 0.8359808116787335 -0.5487586741956485
4 6 223 1547947342 -0.14715065099776273 -0.98911409145302076
4 6 224 2130706427 0.99999999999999989 -1.7693245336195265e-08
4 6 225 1363270255 -0.63829123216969497 -0.7697949746103131
4 6 226 1107975899 -0.99211153956850651 -0.12535825882249507
4 6 227 523943131 0.025751079212534955 0.99966838597576435
4 6 228 1238956121 -0.87179916617313802 -0.48986346450804158
4 6 229 1946411792 0.85592375147553823 -0.51710205149471322
4 6 230 1499108989 -0.28758571414938017 -0.95775490446000378
4 6 231 64322935 0.98206457332488217 0.18854488542577086
4 6 232 164497993 0.88463583408898183 0.46628257639085263
4 6 233 1623592712 0.075310368302776404 -0.99716014181579693
4 6 234 800299720 -0.70978074068556596 0.70442267152033755
4 6 235 1333950478 -0.70238081967956467 -0.71180136565355279
4 6 236 267072694 0.70557379726621383 0.70863644883066512
4 6 237 1499054757 -0.28773887784168617 -0.95770890054254332
4 6 238 1754903378 0.44627668005294918 -0.89489503565553297
4 6 239 1179324132 -0.94405274360090963 -0.32979450768561192
4 6 240 100270074 0.9566030996694882 0.29139407973177367
4 6 241 1028915695 -0.99423283628250936 0.10724302894657975
4 6 242 1768552632 0.48192497283486435 -0.87621248596337364
4 6 243 341078344 0.53541512794775981 0.84458903661170259
4 6 244 499531557 0.097585039107791927 0.99522719021454131
4 6 245 654103729 -0.35047039568710031 0.93657381009022844
4 6 246 696975303 -0.46576259057129826 0.88490971812061892
4 6 247 1414803501 -0.51440304491736688 -0.85754854520297652
4 6 248 1915402786 0.80512900683159483 -0.59309972378881592
4 6 249 948985400 -0.94169814098129623 0.33645892954767997
4 6 250 635134501 -0.29755959536943166 0.95470324562325648
4 6 251 87039299 0.96724121801112839 0.25385906755589582
4 6 252 247540534 0.74519713992545578 0.66684422667285703
4 6 253 1454516806 -0.4106819259843319 -0.91177867691112391
4 6 254 196983185 0.83598081167873362 0.54875867419564839
4 6 255 582759091 -0.14715065099776206 0.98911409145302087
4 7 1 185106730 0.85468296910172725 0.51915028876757441
4 7 2 1193185623 -0.92978731874019394 -0.36809719084763604
4 7 3 1164321708 -0.95771448034849005 -0.28772030538497223
4 7 4 1040375364 -0.99728858281900357 0.073589962487172464
4 7 5 1280363631 -0.80564156251398467 -0.59240330244692707
4 7 6 26628207 0.99691863466254871 0.078442564099853659
4 7 7 1700545270 0.29772161862535268 -0.95465273152235841
4 7 8 1583674369 -0.042319791223062245 -0.99910411633164464
4 7 9 1656985891 0.1729795514100354 -0.98492541585339488
4 7 10 1907258904 0.79065475628533921 -0.61226224476393354
4 7 11 1284666353 -0.79806039159813402 -0.60257747332789746
4 7 12 398650668 0.38501644608864383 0.9229097118577041
4 7 13 1447162433 -0.43035765605203519 -0.90265845582778326
4 7 14 1503790114 -0.27433783892691538 -0.96163337615377609
4 7 15 754828279 -0.60923643462804222 0.79298862962952454
4 7 16 2013724680 0.94108746555789125 -0.33816324781061702
4 7 17 575187050 -0.12502987905899238 0.99215297678457515
4 7 18 67395029 0.9803162288357069 0.19743376479553298
4 7 19 312310743 0.60505203630709337 0.79618592888887429
4 7 20 482566400 0.14723151949738247 0.98910205725521161
4 7 21 1012467677 -0.98786398819709353 0.15532141134863758
4 7 22 252215363 0.73593385413179135 0.67705344127530076
4 7 23 1545455565 -0.15441456115147742 -0.9880061453778497
4 7 24 606305327 -0.21541992609792135 0.97652150792492332
4 7 25 313321322 0.60267666304021961 0.79798548848127915
4 7 26 1034598443 -0.99589030228921882 0.090567686325137287
4 7 27 253571890 0.73321960541230968 0.67999191924538105
4 7 28 421438188 0.32217690973784124 0.94667948051691442
4 7 29 1144005637 -0.97322318391659179 -0.2298622071747588
4 7 30 125304023 0.93250594020190802 0.3611546365314387
4 7 31 1095703088 -0.99599773064626584 -0.089378523972420604
4 7 32 2130706426 0.99999999999999978 -2.064211937004318e-08
4 7 33 1945599703 0.85468296910172692 -0.51915028876757485
4 7 34 937520810 -0.92978731874019382 0.36809719084763626
4 7 35 966384725 -0.95771448034848983 0.2877203053849729
4 7 36 1090331069 -0.99728858281900357 -0.073589962487172214
4 7 37 850342802 -0.80564156251398444 0.59240330244692729
4 7 38 2104078226 0.99691863466254871 -0.07844256409985402
4 7 39 430161163 0.2977216186253529 0.9546527315223583
4 7 40 547032064 -0.04231979122306178 0.99910411633164464
4 7 41 473720542 0.17297955141003565 0.98492541585339488
4 7 42 223447529 0.79065475628533921 0.61226224476393354
4 7 43 846040080 -0.7980603915981338 0.60257747332789768
4 7 44 1732055765 0.38501644608864405 -0.92290971185770398
4 7 45 683544000 -0.43035765605203535 0.90265845582778315
4 7 46 626916319 -0.27433783892691488 0.9616333761537762
4 7 47 1375878154 -0.609236434628042 -0.79298862962952466
4 7 48 116981753 0.94108746555789125 0.33816324781061702
4 7 49 1555519383 -0.12502987905899282 -0.99215297678457515
4 7 50 2063311404 0.9803162288357069 -0.19743376479553312
4 7 51 1818395690 0.60505203630709381 -0.79618592888887407
4 7 52 1648140033 0.14723151949738203 -0.98910205725521172
4 7 53 1118238756 -0.98786398819709353 -0.15532141134863733
4 7 54 1878491070 0.73593385413179124 -0.67705344127530098
4 7 55 585250868 -0.15441456115147675 0.98800614537784981
4 7 56 1524401106 -0.21541992609792157 -0.97652150792492332
4 7 57 1817385111 0.60267666304021961 -0.79798548848127915
4 7 58 1096107990 -0.99589030228921882 -0.090567686325137051
4 7 59 1877134543 0.73321960541230946 -0.67999191924538138
4 7 60 1709268245 0.32217690973784119 -0.94667948051691442
4 7 61 986700796 -0.97322318391659179 0.22986220717475905
4 7 62 2005402410 0.9325059402019078 -0.36115463653143931
4 7 63 1035003345 -0.99599773064626573 0.089378523972420854
4 7 64 7 0.99999999999999978 2.0642119659971526e-08
4 7 65 185106730 0.85468296910172725 0.51915028876757441
4 7 66 1193185623 -0.92978731874019394 -0.36809719084763604
4 7 67 1164321708 -0.95771448034849005 -0.28772030538497223
4 7 68 1040375364 -0.99728858281900357 0.073589962487172464
4 7 69 1280363631 -0.80564156251398467 -0.59240330244692707
4 7 70 26628207 0.99691863466254871 0.078442564099853659
4 7 71 1700545270 0.29772161862535268 -0.95465273152235841
4 7 72 1583674369 -0.042319791223062245 -0.99910411633164464
4 7 73 1656985891 0.1729795514100354 -0.98492541585339488
4 7 74 1907258904 0.79065475628533921 -0.61226224476393354
4 7 75 1284666353 -0.79806039159813402 -0.60257747332789746
4 7 76 398650668 0.38501644608864383 0.9229097118577041
4 7 77 1447162433 -0.43035765605203519 -0.90265845582778326
4 7 78 1503790114 -0.27433783892691538 -0.96163337615377609
4 7 79 754828279 -0.60923643462804222 0.79298862962952454
4 7 80 2013724680 0.94108746555789125 -0.33816324781061702
4 7 81 575187050 -0.12502987905899238 0.99215297678457515
4 7 82 67395029 0.9803162288357069 0.19743376479553298
4 7 83 312310743 0.60505203630709337 0.79618592888887429
4 7 84 482566400 0.14723151949738247 0.98910205725521161
4 7 85 1012467677 -0.98786398819709353 0.15532141134863758
4 7 86 252215363 0.73593385413179135 0.67705344127530076
4 7 87 1545455565 -0.15441456115147742 -0.9880061453778497
4 7 88 606305327 -0.21541992609792135 0.97652150792492332
4 7 89 313321322 0.60267666304021961 0.79798548848127915
4 7 90 1034598443 -0.99589030228921882 0.090567686325137287
4 7 91 253571890 0.73321960541230968 0.67999191924538105
4 7 92 421438188 0.32217690973784124 0.94667948051691442
4 7 93 1144005637 -0.97322318391659179 -0.2298622071747588
4 7 94 125304023 0.93250594020190802 0.3611546365314387
4 7 95 1095703088 -0.99599773064626584 -0.089378523972420604
4 7 96 2130706426 0.99999999999999978 -2.064211937004318e-08
4 7 97 1945599703 0.85468296910172692 -0.51915028876757485
4 7 98 937520810 -0.92978731874019382 0.36809719084763626
4 7 99 966384725 -0.95771448034848983 0.2877203053849729
4 7 100 1090331069 -0.99728858281900357 -0.073589962487172214
4 7 101 850342802 -0.80564156251398444 0.59240330244692729
4 7 102 2104078226 0.99691863466254871 -0.07844256409985402
4 7 103 430161163 0.2977216186253529 0.9546527315223583
4 7 104 547032064 -0.04231979122306178 0.99910411633164464
4 7 105 473720542 0.17297955141003565 0.98492541585339488
4 7 106 223447529 0.79065475628533921 0.61226224476393354
4 7 107 846040080 -0.7980603915981338 0.60257747332789768
4 7 108 1732055765 0.38501644608864405 -0.92290971185770398
4 7 109 683544000 -0.43035765605203535 0.90265845582778315
4 7 110 626916319 -0.27433783892691488 0.9616333761537762
4 7 111 1375878154 -0.609236434628042 -0.79298862962952466
4 7 112 116981753 0.94108746555789125 0.33816324781061702
4 7 113 1555519383 -0.12502987905899282 -0.99215297678457515
4 7 114 2063311404 0.9803162288357069 -0.19743376479553312
4 7 115 1818395690 0.60505203630709381 -0.79618592888887407
4 7 116 1648140033 0.14723151949738203 -0.98910205725521172
4 7 117 1118238756 -0.98786398819709353 -0.15532141134863733
4 7 118 1878491070 0.73593385413179124 -0.67705344127530098
4 7 119 585250868 -0.15441456115147675 0.98800614537784981
4 7 120 1524401106 -0.21541992609792157 -0.97652150792492332
4 7 121 1817385111 0.60267666304021961 -0.79798548848127915
4 7 122 1096107990 -0.99589030228921882 -0.090567686325137051
4 7 123 1877134543 0.73321960541230946 -0.67999191924538138
4 7 124 1709268245 0.32217690973784119 -0.94667948051691442
4 7 125 986700796 -0.97322318391659179 0.22986220717475905
4 7 126 2005402410 0.9325059402019078 -0.36115463653143931
4 7 127 1035003345 -0.99599773064626573 0.089378523972420854
4 7 128 7 0.99999999999999978 2.0642119659971526e-08
4 7 129 185106730 0.85468296910172725 0.51915028876757441
4 7 130 1193185623 -0.92978731874019394 -0.36809719084763604
4 7 131 1164321708 -0.95771448034849005 -0.28772030538497223
4 7 132 1040375364 -0.99728858281900357 0.073589962487172464
4 7 133 1280363631 -0.80564156251398467 -0.59240330244692707
4 7 134 26628207 0.99691863466254871 0.078442564099853659
4 7 135 1700545270 0.29772161862535268 -0.95465273152235841
4 7 136 1583674369 -0.042319791223062245 -0.99910411633164464
4 7 137 1656985891 0.1729795514100354 -0.98492541585339488
4 7 138 1907258904 0.79065475628533921 -0.61226224476393354
4 7 139 1284666353 -0.79806039159813402 -0.60257747332789746
4 7 140 398650668 0.38501644608864383 0.9229097118577041
4 7 141 1447162433 -0.43035765605203519 -0.90265845582778326
4 7 142 1503790114 -0.27433783892691538 -0.96163337615377609
4 7 143 754828279 -0.60923643462804222 0.79298862962952454
4 7 144 2013724680 0.94108746555789125 -0.33816324781061702
4 7 145 575187050 -0.12502987905899238 0.99215297678457515
4 7 146 67395029 0.9803162288357069 0.19743376479553298
4 7 147 312310743 0.60505203630709337 0.79618592888887429
4 7 148 482566400 0.14723151949738247 0.98910205725521161
4 7 149 1012467677 -0.98786398819709353 0.15532141134863758
4 7 150 252215363 0.73593385413179135 0.67705344127530076
4 7 151 1545455565 -0.15441456115147742 -0.9880061453778497
4 7 152 606305327 -0.21541992609792135 0.97652150792492332
4 7 153 313321322 0.60267666304021961 0.79798548848127915
4 7 154 1034598443 -0.99589030228921882 0.090567686325137287
4 7 155 253571890 0.73321960541230968 0.67999191924538105
4 7 156 421438188 0.32217690973784124 0.94667948051691442
4 7 157 1144005637 -0.97322318391659179 -0.2298622071747588
4 7 158 125304023 0.93250594020190802 0.3611546365314387
4 7 159 1095703088 -0.99599773064626584 -0.089378523972420604
4 7 160 2130706426 0.99999999999999978 -2.064211937004318e-08
4 7 161 1945599703 0.85468296910172692 -0.51915028876757485
4 7 162 937520810 -0.92978731874019382 0.36809719084763626
4 7 163 966384725 -0.95771448034848983 0.2877203053849729
4 7 164 1090331069 -0.99728858281900357 -0.073589962487172214
4 7 165 850342802 -0.80564156251398444 0.59240330244692729
4 7 166 2104078226 0.99691863466254871 -0.07844256409985402
4 7 167 430161163 0.2977216186253529 0.9546527315223583
4 7 168 547032064 -0.04231979122306178 0.99910411633164464
4 7 169 473720542 0.17297955141003565 0.98492541585339488
4 7 170 223447529 0.79065475628533921 0.61226224476393354
4 7 171 846040080 -0.7980603915981338 0.60257747332789768
4 7 172 1732055765 0.38501644608864405 -0.92290971185770398
4 7 173 683544000 -0.43035765605203535 0.90265845582778315
4 7 174 626916319 -0.27433783892691488 0.9616333761537762
4 7 175 1375878154 -0.609236434628042 -0.79298862962952466
4 7 176 116981753 0.94108746555789125 0.33816324781061702
4 7 177 1555519383 -0.12502987905899282 -0.99215297678457515
4 7 178 2063311404 0.9803162288357069 -0.19743376479553312
4 7 179 1818395690 0.60505203630709381 -0.79618592888887407
4 7 180 1648140033 0.14723151949738203 -0.98910205725521172
4 7 181 1118238756 -0.98786398819709353 -0.15532141134863733
4 7 182 1878491070 0.73593385413179124 -0.67705344127530098
4 7 183 585250868 -0.15441456115147675 0.98800614537784981
4 7 184 1524401106 -0.21541992609792157 -0.97652150792492332
4 7 185 1817385111 0.60267666304021961 -0.79798548848127915
4 7 186 1096107990 -0.99589030228921882 -0.090567686325137051
4 7 187 1877134543 0.73321960541230946 -0.67999191924538138
4 7 188 1709268245 0.32217690973784119 -0.94667948051691442
4 7 189 986700796 -0.97322318391659179 0.22986220717475905
4 7 190 2005402410 0.9325059402019078 -0.36115463653143931
4 7 191 1035003345 -0.99599773064626573 0.089378523972420854
4 7 192 7 0.99999999999999978 2.0642119659971526e-08
4 7 193 185106730 0.85468296910172725 0.51915028876757441
4 7 194 1193185623 -0.92978731874019394 -0.36809719084763604
4 7 195 1164321708 -0.95771448034849005 -0.28772030538497223
4 7 196 1040375364 -0.99728858281900357 0.073589962487172464
4 7 197 1280363631 -0.80564156251398467 -0.59240330244692707
4 7 198 26628207 0.99691863466254871 0.078442564099853659
4 7 199 1700545270 0.29772161862535268 -0.95465273152235841
4 7 200 1583674369 -0.042319791223062245 -0.99910411633164464
4 7 201 1656985891 0.1729795514100354 -0.98492541585339488
4 7 202 1907258904 0.79065475628533921 -0.61226224476393354
4 7 203 1284666353 -0.79806039159813402 -0.60257747332789746
4 7 204 398650668 0.38501644608864383 0.9229097118577041
4 7 205 1447162433 -0.43035765605203519 -0.90265845582778326
4 7 206 1503790114 -0.27433783892691538 -0.96163337615377609
4 7 207 754828279 -0.60923643462804222 0.79298862962952454
4 7 208 2013724680 0.94108746555789125 -0.33816324781061702
4 7 209 575187050 -0.12502987905899238 0.99215297678457515
4 7 210 67395029 0.9803162288357069 0.19743376479553298
4 7 211 312310743 0.60505203630709337 0.79618592888887429
4 7 212 482566400 0.14723151949738247 0.98910205725521161
4 7 213 1012467677 -0.98786398819709353 0.15532141134863758
4 7 214 252215363 0.73593385413179135 0.67705344127530076
4 7 215 1545455565 -0.15441456115147742 -0.9880061453778497
4 7 216 606305327 -0.21541992609792135 0.97652150792492332
4 7 217 313321322 0.60267666304021961 0.79798548848127915
4 7 218 1034598443 -0.99589030228921882 0.090567686325137287
4 7 219 253571890 0.73321960541230968 0.67999191924538105
4 7 220 421438188 0.32217690973784124 0.94667948051691442
4 7 221 1144005637 -0.97322318391659179 -0.2298622071747588
4 7 222 125304023 0.93250594020190802 0.3611546365314387
4 7 223 1095703088 -0.99599773064626584 -0.089378523972420604
4 7 224 2130706426 0.99999999999999978 -2.064211937004318e-08
4 7 225 1945599703 0.85468296910172692 -0.51915028876757485
4 7 226 937520810 -0.92978731874019382 0.36809719084763626
4 7 227 966384725 -0.95771448034848983 0.2877203053849729
4 7 228 1090331069 -0.99728858281900357 -0.073589962487172214
4 7 229 850342802 -0.80564156251398444 0.59240330244692729
4 7 230 2104078226 0.99691863466254871 -0.07844256409985402
4 7 231 430161163 0.2977216186253529 0.9546527315223583
4 7 232 547032064 -0.04231979122306178 0.99910411633164464
4 7 233 473720542 0.17297955141003565 0.98492541585339488
4 7 234 223447529 0.79065475628533921 0.61226224476393354
4 7 235 846040080 -0.7980603915981338 0.60257747332789768
4 7 236 1732055765 0.38501644608864405 -0.92290971185770398
4 7 237 683544000 -0.43035765605203535 0.90265845582778315
4 7 238 626916319 -0.27433783892691488 0.9616333761537762
4 7 239 1375878154 -0.609236434628042 -0.79298862962952466
4 7 240 116981753 0.94108746555789125 0.33816324781061702
4 7 241 1555519383 -0.12502987905899282 -0.99215297678457515
4 7 242 2063311404 0.9803162288357069 -0.19743376479553312
4 7 243 1818395690 0.60505203630709381 -0.79618592888887407
4 7 244 1648140033 0.14723151949738203 -0.98910205725521172
4 7 245 1118238756 -0.98786398819709353 -0.15532141134863733
4 7 246 1878491070 0.73593385413179124 -0.67705344127530098
4 7 247 585250868 -0.15441456115147675 0.98800614537784981
4 7 248 1524401106 -0.21541992609792157 -0.97652150792492332
4 7 249 1817385111 0.60267666304021961 -0.79798548848127915
4 7 250 1096107990 -0.99589030228921882 -0.090567686325137051
4 7 251 1877134543 0.73321960541230946 -0.67999191924538138
4 7 252 1709268245 0.32217690973784119 -0.94667948051691442
4 7 253 986700796 -0.97322318391659179 0.22986220717475905
4 7 254 2005402410 0.9325059402019078 -0.36115463653143931
4 7 255 1035003345 -0.99599773064626573 0.089378523972420854
4 8 1 1733483715 0.38889925091944449 -0.9212802899412833
4 8 2 1363640712 -0.63744990349339248 -0.77049180432777131
4 8 3 721880114 -0.52943747307383004 0.84834896245896207
4 8 4 1189000416 -0.93425931979358068 -0.35659434008244717
4 8 5 245726188 0.74875425923081351 0.66284768935534188
4 8 6 1552365403 -0.13425204597472845 -0.99094721764158533
4 8 7 1334707042 -0.7007910355260093 -0.71336661298828918
4 8 8 1201140298 -0.92089773659127117 -0.38980425695606974
4 8 9 676151628 -0.4105797547102597 0.91182468985110454
4 8 10 353404662 0.50436845723952839 0.86348854036508094
4 8 11 1772576751 0.4922884790187903 -0.87043210730381837
4 8 12 1064374030 -0.99999583118099922 0.0028874938307175729
4 8 13 131966757 0.9252306073045532 0.37940522308851754
4 8 14 501070740 0.093066855440459506 0.99565986180945576
4 8 15 558274257 -0.075412584092549292 0.99715241671495947
4 8 16 1997013001 0.92328678639647277 -0.3841113250942676
4 8 17 48583362 0.98975493595768171 0.14277663235769852
4 8 18 1903342690 0.78353152765104694 -0.62135202999331762
4 8 19 965699830 -0.95713142761005532 0.28965398371356355
4 8 20 1464664357 -0.38321821156209296 -0.92365783834012416
4 8 21 548332650 -0.046151299180987981 0.99893446110538553
4 8 22 1201406029 -0.9205920004270518 -0.3905257593933068
4 8 23 244301765 0.7515319004334976 0.65969675050800081
4 8 24 997307007 -0.97993529961250581 0.19931585128470969
4 8 25 1575628044 -0.06601199772898847 -0.99781882932515764
4 8 26 573624954 -0.12045829078129758 0.99271838916283217
4 8 27 594183079 -0.1803820383597996 0.98359662475893228
4 8 28 1090416910 -0.99726992272295545 -0.073842408087428951
4 8 29 1611821647 0.040659138259770918 -0.99917307533578625
4 8 30 447591231 0.24828176677039343 0.96868785699490012
4 8 31 643458834 -0.32090308836116516 0.947112035548206
4 8 32 2130706425 0.99999999999999967 -2.3590994292069514e-08
4 8 33 397222718 0.38889925091944455 0.9212802899412833
4 8 34 767065721 -0.6374499034933927 0.7704918043277712
4 8 35 1408826319 -0.5294374730738306 -0.84834896245896174
4 8 36 941706017 -0.93425931979358057 0.35659434008244739
4 8 37 1884980245 0.74875425923081329 -0.66284768935534211
4 8 38 578341030 -0.1342520459747282 0.99094721764158533
4 8 39 795999391 -0.70079103552600919 0.71336661298828941
4 8 40 929566135 -0.92089773659127117 0.38980425695606996
4 8 41 1454554805 -0.41057975471025993 -0.91182468985110443
4 8 42 1777301771 0.50436845723952872 -0.86348854036508071
4 8 43 358129682 0.49228847901879069 0.87043210730381815
4 8 44 1066332403 -0.99999583118099922 -0.0028874938307173279
4 8 45 1998739676 0.92523060730455287 -0.3794052230885181
4 8 46 1629635693 0.09306685544045927 -0.99565986180945587
4 8 47 1572432176 -0.075412584092549542 -0.99715241671495947
4 8 48 133693432 0.92328678639647288 0.38411132509426726
4 8 49 2082123071 0.98975493595768171 -0.14277663235769841
4 8 50 227363743 0.78353152765104683 0.62135202999331784
4 8 51 1165006603 -0.95713142761005543 -0.28965398371356332
4 8 52 666042076 -0.38321821156209229 0.92365783834012449
4 8 53 1582373783 -0.046151299180988668 -0.99893446110538542
4 8 54 929300404 -0.9205920004270518 0.39052575939330703
4 8 55 1886404668 0.75153190043349727 -0.65969675050800125
4 8 56 1133399426 -0.97993529961250581 -0.19931585128470944
4 8 57 555078389 -0.066011997728988456 0.99781882932515764
4 8 58 1557081479 -0.12045829078129761 -0.99271838916283217
4 8 59 1536523354 -0.18038203835979982 -0.98359662475893217
4 8 60 1040289523 -0.99726992272295545 0.073842408087429201
4 8 61 518884786 0.040659138259770938 0.99917307533578625
4 8 62 1683115202 0.2482817667703934 -0.96868785699490012
4 8 63 1487247599 -0.32090308836116538 -0.94711203554820589
4 8 64 8 0.99999999999999967 2.3590993897110313e-08
4 8 65 1733483715 0.38889925091944449 -0.9212802899412833
4 8 66 1363640712 -0.63744990349339248 -0.77049180432777131
4 8 67 721880114 -0.52943747307383004 0.84834896245896207
4 8 68 1189000416 -0.93425931979358068 -0.35659434008244717
4 8 69 245726188 0.74875425923081351 0.66284768935534188
4 8 70 1552365403 -0.13425204597472845 -0.99094721764158533
4 8 71 1334707042 -0.7007910355260093 -0.71336661298828918
4 8 72 1201140298 -0.92089773659127117 -0.38980425695606974
4 8 73 676151628 -0.4105797547102597 0.91182468985110454
4 8 74 353404662 0.50436845723952839 0.86348854036508094
4 8 75 1772576751 0.4922884790187903 -0.87043210730381837
4 8 76 1064374030 -0.99999583118099922 0.0028874938307175729
4 8 77 131966757 0.9252306073045532 0.37940522308851754
4 8 78 501070740 0.093066855440459506 0.99565986180945576
4 8 79 558274257 -0.075412584092549292 0.99715241671495947
4 8 80 1997013001 0.92328678639647277 -0.3841113250942676
4 8 81 48583362 0.98975493595768171 0.14277663235769852
4 8 82 1903342690 0.78353152765104694 -0.62135202999331762
4 8 83 965699830 -0.95713142761005532 0.28965398371356355
4 8 84 1464664357 -0.38321821156209296 -0.92365783834012416
4 8 85 548332650 -0.046151299180987981 0.99893446110538553
4 8 86 1201406029 -0.9205920004270518 -0.3905257593933068
4 8 87 244301765 0.7515319004334976 0.65969675050800081
4 8 88 997307007 -0.97993529961250581 0.19931585128470969
4 8 89 1575628044 -0.06601199772898847 -0.99781882932515764
4 8 90 573624954 -0.12045829078129758 0.99271838916283217
4 8 91 594183079 -0.1803820383597996 0.98359662475893228
4 8 92 1090416910 -0.99726992272295545 -0.073842408087428951
4 8 93 1611821647 0.040659138259770918 -0.99917307533578625
4 8 94 447591231 0.24828176677039343 0.96868785699490012
4 8 95 643458834 -0.32090308836116516 0.947112035548206
4 8 96 2130706425 0.99999999999999967 -2.3590994292069514e-08
4 8 97 397222718 0.38889925091944455 0.9212802899412833
4 8 98 767065721 -0.6374499034933927 0.7704918043277712
4 8 99 1408826319 -0.5294374730738306 -0.84834896245896174
4 8 100 941706017 -0.93425931979358057 0.35659434008244739
4 8 101 1884980245 0.74875425923081329 -0.66284768935534211
4 8 102 578341030 -0.1342520459747282 0.99094721764158533
4 8 103 795999391 -0.70079103552600919 0.71336661298828941
4 8 104 929566135 -0.92089773659127117 0.38980425695606996
4 8 105 1454554805 -0.41057975471025993 -0.91182468985110443
4 8 106 1777301771 0.50436845723952872 -0.86348854036508071
4 8 107 358129682 0.49228847901879069 0.87043210730381815
4 8 108 1066332403 -0.99999583118099922 -0.0028874938307173279
4 8 109 1998739676 0.92523060730455287 -0.3794052230885181
4 8 110 1629635693 0.09306685544045927 -0.99565986180945587
4 8 111 1572432176 -0.075412584092549542 -0.99715241671495947
4 8 112 133693432 0.92328678639647288 0.38411132509426726
4 8 113 2082123071 0.98975493595768171 -0.14277663235769841
4 8 114 227363743 0.78353152765104683 0.62135202999331784
4 8 115 1165006603 -0.95713142761005543 -0.28965398371356332
4 8 116 666042076 -0.38321821156209229 0.92365783834012449
4 8 117 1582373783 -0.046151299180988668 -0.99893446110538542
4 8 118 929300404 -0.9205920004270518 0.39052575939330703
4 8 119 1886404668 0.75153190043349727 -0.65969675050800125
4 8 120 1133399426 -0.97993529961250581 -0.19931585128470944
4 8 121 555078389 -0.066011997728988456 0.99781882932515764
4 8 122 1557081479 -0.12045829078129761 -0.99271838916283217
4 8 123 1536523354 -0.18038203835979982 -0.98359662475893217
4 8 124 1040289523 -0.99726992272295545 0.073842408087429201
4 8 125 518884786 0.040659138259770938 0.99917307533578625
4 8 126 1683115202 0.2482817667703934 -0.96868785699490012
4 8 127 1487247599 -0.32090308836116538 -0.94711203554820589
4 8 128 8 0.99999999999999967 2.3590993897110313e-08
4 8 129 1733483715 0.38889925091944449 -0.9212802899412833
4 8 130 1363640712 -0.63744990349339248 -0.77049180432777131
4 8 131 721880114 -0.52943747307383004 0.84834896245896207
4 8 132 1189000416 -0.93425931979358068 -0.35659434008244717
4 8 133 245726188 0.74875425923081351 0.66284768935534188
4 8 134 1552365403 -0.13425204597472845 -0.99094721764158533
4 8 135 1334707042 -0.7007910355260093 -0.71336661298828918
4 8 136 1201140298 -0.92089773659127117 -0.38980425695606974
4 8 137 676151628 -0.4105797547102597 0.91182468985110454
4 8 138 353404662 0.50436845723952839 0.86348854036508094
4 8 139 1772576751 0.4922884790187903 -0.87043210730381837
4 8 140 1064374030 -0.99999583118099922 0.0028874938307175729
4 8 141 131966757 0.9252306073045532 0.37940522308851754
4 8 142 501070740 0.093066855440459506 0.99565986180945576
4 8 143 558274257 -0.075412584092549292 0.99715241671495947
4 8 144 1997013001 0.92328678639647277 -0.3841113250942676
4 8 145 48583362 0.98975493595768171 0.14277663235769852
4 8 146 1903342690 0.78353152765104694 -0.62135202999331762
4 8 147 965699830 -0.95713142761005532 0.28965398371356355
4 8 148 1464664357 -0.38321821156209296 -0.92365783834012416
4 8 149 548332650 -0.046151299180987981 0.99893446110538553
4 8 150 1201406029 -0.9205920004270518 -0.3905257593933068
4 8 151 244301765 0.7515319004334976 0.65969675050800081
4 8 152 997307007 -0.97993529961250581 0.19931585128470969
4 8 153 1575628044 -0.06601199772898847 -0.99781882932515764
4 8 154 573624954 -0.12045829078129758 0.99271838916283217
4 8 155 594183079 -0.1803820383597996 0.98359662475893228
4 8 156 1090416910 -0.99726992272295545 -0.073842408087428951
4 8 157 1611821647 0.040659138259770918 -0.99917307533578625
4 8 158 447591231 0.24828176677039343 0.96868785699490012
4 8 159 643458834 -0.32090308836116516 0.947112035548206
4 8 160 2130706425 0.99999999999999967 -2.3590994292069514e-08
4 8 161 397222718 0.38889925091944455 0.9212802899412833
4 8 162 767065721 -0.6374499034933927 0.7704918043277712
4 8 163 1408826319 -0.5294374730738306 -0.84834896245896174
4 8 164 941706017 -0.93425931979358057 0.35659434008244739
4 8 165 1884980245 0.74875425923081329 -0.66284768935534211
4 8 166 578341030 -0.1342520459747282 0.99094721764158533
4 8 167 795999391 -0.70079103552600919 0.71336661298828941
4 8 168 929566135 -0.92089773659127117 0.38980425695606996
4 8 169 1454554805 -0.41057975471025993 -0.91182468985110443
4 8 170 1777301771 0.50436845723952872 -0.86348854036508071
4 8 171 358129682 0.49228847901879069 0.87043210730381815
4 8 172 1066332403 -0.99999583118099922 -0.0028874938307173279
4 8 173 1998739676 0.92523060730455287 -0.3794052230885181
4 8 174 1629635693 0.09306685544045927 -0.99565986180945587
4 8 175 1572432176 -0.075412584092549542 -0.99715241671495947
4 8 176 133693432 0.92328678639647288 0.38411132509426726
4 8 177 2082123071 0.98975493595768171 -0.14277663235769841
4 8 178 227363743 0.78353152765104683 0.62135202999331784
4 8 179 1165006603 -0.95713142761005543 -0.28965398371356332
4 8 180 666042076 -0.38321821156209229 0.92365783834012449
4 8 181 1582373783 -0.046151299180988668 -0.99893446110538542
4 8 182 929300404 -0.9205920004270518 0.39052575939330703
4 8 183 1886404668 0.75153190043349727 -0.65969675050800125
4 8 184 1133399426 -0.97993529961250581 -0.19931585128470944
4 8 185 555078389 -0.066011997728988456 0.99781882932515764
4 8 186 1557081479 -0.12045829078129761 -0.99271838916283217
4 8 187 1536523354 -0.18038203835979982 -0.98359662475893217
4 8 188 1040289523 -0.99726992272295545 0.073842408087429201
4 8 189 518884786 0.040659138259770938 0.99917307533578625
4 8 190 1683115202 0.2482817667703934 -0.96868785699490012
4 8 191 1487247599 -0.32090308836116538 -0.94711203554820589
4 8 192 8 0.99999999999999967 2.3590993897110313e-08
4 8 193 1733483715 0.38889925091944449 -0.9212802899412833
4 8 194 1363640712 -0.63744990349339248 -0.77049180432777131
4 8 195 721880114 -0.52943747307383004 0.84834896245896207
4 8 196 1189000416 -0.93425931979358068 -0.35659434008244717
4 8 197 245726188 0.74875425923081351 0.66284768935534188
4 8 198 1552365403 -0.13425204597472845 -0.99094721764158533
4 8 199 1334707042 -0.7007910355260093 -0.71336661298828918
4 8 200 1201140298 -0.92089773659127117 -0.38980425695606974
4 8 201 676151628 -0.4105797547102597 0.91182468985110454
4 8 202 353404662 0.50436845723952839 0.86348854036508094
4 8 203 1772576751 0.4922884790187903 -0.87043210730381837
4 8 204 1064374030 -0.99999583118099922 0.0028874938307175729
4 8 205 131966757 0.9252306073045532 0.37940522308851754
4 8 206 501070740 0.093066855440459506 0.99565986180945576
4 8 207 558274257 -0.075412584092549292 0.99715241671495947
4 8 208 1997013001 0.92328678639647277 -0.3841113250942676
4 8 209 48583362 0.98975493595768171 0.14277663235769852
4 8 210 1903342690 0.78353152765104694 -0.62135202999331762
4 8 211 965699830 -0.95713142761005532 0.28965398371356355
4 8 212 1464664357 -0.38321821156209296 -0.92365783834012416
4 8 213 548332650 -0.046151299180987981 0.99893446110538553
4 8 214 1201406029 -0.9205920004270518 -0.3905257593933068
4 8 215 244301765 0.7515319004334976 0.65969675050800081
4 8 216 997307007 -0.97993529961250581 0.19931585128470969
4 8 217 1575628044 -0.06601199772898847 -0.99781882932515764
4 8 218 573624954 -0.12045829078129758 0.99271838916283217
4 8 219 594183079 -0.1803820383597996 0.98359662475893228
4 8 220 1090416910 -0.99726992272295545 -0.073842408087428951
4 8 221 1611821647 0.040659138259770918 -0.99917307533578625
4 8 222 447591231 0.24828176677039343 0.96868785699490012
4 8 223 643458834 -0.32090308836116516 0.947112035548206
4 8 224 2130706425 0.99999999999999967 -2.3590994292069514e-08
4 8 225 397222718 0.38889925091944455 0.9212802899412833
4 8 226 767065721 -0.6374499034933927 0.7704918043277712
4 8 227 1408826319 -0.5294374730738306 -0.84834896245896174
4 8 228 941706017 -0.93425931979358057 0.35659434008244739
4 8 229 1884980245 0.74875425923081329 -0.66284768935534211
4 8 230 578341030 -0.1342520459747282 0.99094721764158533
4 8 231 795999391 -0.70079103552600919 0.71336661298828941
4 8 232 929566135 -0.92089773659127117 0.38980425695606996
4 8 233 1454554805 -0.41057975471025993 -0.91182468985110443
4 8 234 1777301771 0.50436845723952872 -0.86348854036508071
4 8 235 358129682 0.49228847901879069 0.87043210730381815
4 8 236 1066332403 -0.99999583118099922 -0.0028874938307173279
4 8 237 1998739676 0.92523060730455287 -0.3794052230885181
4 8 238 1629635693 0.09306685544045927 -0.99565986180945587
4 8 239 1572432176 -0.075412584092549542 -0.99715241671495947
4 8 240 133693432 0.92328678639647288 0.38411132509426726
4 8 241 2082123071 0.98975493595768171 -0.14277663235769841
4 8 242 227363743 0.78353152765104683 0.62135202999331784
4 8 243 1165006603 -0.95713142761005543 -0.28965398371356332
4 8 244 666042076 -0.38321821156209229 0.92365783834012449
4 8 245 1582373783 -0.046151299180988668 -0.99893446110538542
4 8 246 929300404 -0.9205920004270518 0.39052575939330703
4 8 247 1886404668 0.75153190043349727 -0.65969675050800125
4 8 248 1133399426 -0.97993529961250581 -0.19931585128470944
4 8 249 555078389 -0.066011997728988456 0.99781882932515764
4 8 250 1557081479 -0.12045829078129761 -0.99271838916283217
4 8 251 1536523354 -0.18038203835979982 -0.98359662475893217
4 8 252 1040289523 -0.99726992272295545 0.073842408087429201
4 8 253 518884786 0.040659138259770938 0.99917307533578625
4 8 254 1683115202 0.2482817667703934 -0.96868785699490012
4 8 255 1487247599 -0.32090308836116538 -0.94711203554820589
5 1 1 1019618442 -0.9909193441974633 0.13445762639311012
5 1 2 1436154668 -0.4594265578968903 -0.88821576089316001
5 1 3 1315239969 -0.74056564374242195 -0.67198402310499339
5 1 4 1096068990 -0.99590071153913307 -0.09045315227148519
5 1 5 1636104015 0.11204025736380446 -0.9937036684695556
5 1 6 266587623 0.70658671814407703 0.70762646201395174
5 1 7 332456937 0.5567121539377835 0.83070546986158311
5 1 8 576852191 -0.12990011241512484 0.99152708525513211
5 1 9 826432152 -0.76190427396087179 0.64768964583367916
5 1 10 662681029 -0.37404488460969637 0.92741060178182078
5 1 11 383705227 0.42530410524799306 0.90505050580572799
5 1 12 1934152411 0.8366746223211966 -0.54770026142378558
5 1 13 1444906957 -0.4363517781431524 -0.89977615311326686
5 1 14 1450148467 -0.42239277108993822 -0.90641290090717652
5 1 15 1560916503 -0.10922417153473134 -0.99401714288665644
5 1 16 982097957 -0.97001366768947483 0.24305037439924468
5 1 17 1297113338 -0.77541047232751459 -0.63145751987352305
5 1 18 22287410 0.99784103610861352 0.065675464655292767
5 1 19 1110650258 -0.99109207914197239 -0.13317841665240757
5 1 20 1262306722 -0.83602883644677939 -0.54868550612299227
5 1 21 672996872 -0.4020794246356843 0.91560479262869587
5 1 22 367603065 0.46778333041231279 0.88384317375220189
5 1 23 1009866389 -0.98664348541129754 0.16289454470744807
5 1 24 322287208 0.58137033326262799 0.81363906961385579
5 1 25 2128193381 0.99997254107888045 -0.0074106064695588624
5 1 26 1430824321 -0.47333066826448561 -0.88088482702354198
5 1 27 1952819675 0.8655415479382651 -0.500837128009328
5 1 28 442441594 0.26296271185020392 0.96480599717061599
5 1 29 896629002 -0.87875619499223001 0.47727093957497341
5 1 30 1213830588 -0.90566911662146843 -0.42398520162629372
5 1 31 941747062 -0.93430247389629772 0.35648125795230517
5 1 32 382534071 0.42842723763874058 0.90357628457659189
5 1 33 660697546 -0.3686140537927835 0.9295825296047957
5 1 34 770403052 -0.64500160648891003 0.76418121386666216
5 1 35 1870622993 0.72002821093542702 -0.69394479280208465
5 1 36 1315195676 -0.74065340827326565 -0.67188728877185588
5 1 37 1589971352 -0.023761186211156315 -0.99971766315787314
5 1 38 147245073 0.90720385045817353 0.42069130453797571
5 1 39 2117931792 0.99929053895204523 -0.037661900654785994
5 1 40 294758772 0.64543280181582707 0.7638170581626017
5 1 41 78208559 0.97352321491381266 0.22858816685006791
5 1 42 1235898299 -0.87618082791034113 -0.48198252748657727
5 1 43 459728951 0.21345828162896163 0.97695217999859696
5 1 44 1301153800 -0.76783191218447688 -0.64065135185304167
5 1 45 180656382 0.86142225239958758 0.50788945949962494
5 1 46 1925910468 0.82311727496576315 -0.56787142176106764
5 1 47 509038564 0.06964918495359837 0.99757154682523874
5 1 48 1461727711 -0.39120243440570363 -0.92030465353330204
5 1 49 1747379577 0.42631366713942653 -0.90457540161676642
5 1 50 16487292 0.99881833161707723 0.048599798617671996
5 1 51 1640664448 0.12539319274816688 -0.99210712486728014
5 1 52 1548376985 -0.14589736210162285 -0.98929973199823917
5 1 53 589486100 -0.16674157107868506 0.98600063310030983
5 1 54 13824221 0.9991691862081048 0.040754598909001391
5 1 55 85850575 0.96812515051629588 0.2504669497913834
5 1 56 1525737196 -0.2115708070132018 -0.9773626725119916
5 1 57 1985539815 0.90976525449036283 -0.41512309225347288
5 1 58 613489889 -0.23605897902704837 0.97173872950536844
5 1 59 1339004313 -0.691695149425961 -0.72218960132405496
5 1 60 487910398 0.1316268435776265 0.99129933625005073
5 1 61 956319314 -0.94875388437318942 0.31601592821689356
5 1 62 1127122101 -0.98345674612409095 -0.18114311607956649
5 1 63 999613448 -0.98126825150128694 0.1926463562998455
5 1 64 2113994754 0.99878595500766398 -0.049260695076589117
5 1 65 231353172 0.77616768992132823 0.63052653958591531
5 1 66 577887151 -0.13292561056568422 0.99112601724288318
5 1 67 807624727 -0.72482987733876714 0.68892789819912781
5 1 68 1666571406 0.20074711681308699 -0.97964309577071629
5 1 69 160941520 0.88947727576328528 0.45697940424129024
5 1 70 1391113611 -0.57300670345186688 -0.819550680433629
5 1 71 1424076195 -0.49076485598016445 -0.8712920613289028
5 1 72 1669732944 0.20987145129832313 -0.97772898797669672
5 1 73 1933394585 0.83544856999080841 -0.54956863711488602
5 1 74 244581583 0.75098729713324663 0.66031665096717107
5 1 75 295160934 0.64452651828625451 0.76458195585940847
5 1 76 1678462179 0.23496727199128495 -0.97200328244969081
5 1 77 1738110071 0.40143127591572703 -0.91588914761376627
5 1 78 646975411 -0.33070715634134185 0.94373342461980403
5 1 79 182157573 0.85916548223466993 0.51169783479751707
5 1 80 1982081381 0.90548438891258087 -0.42437957235900264
5 1 81 451255700 0.23779977720230422 0.97131419528519936
5 1 82 227065608 0.78407749425345219 0.62066293832097608
5 1 83 306846046 0.61780322236785257 0.78633274027722999
5 1 84 980834263 -0.96910121362481505 0.24666340983394869
5 1 85 645245216 -0.32588782458444071 0.94540844389481782
5 1 86 1150168063 -0.96888561827638009 -0.24750890629873643
5 1 87 2067739288 0.98281053512371497 -0.18461704160189846
5 1 88 1002719374 -0.98299151440988852 0.18365098038985234
5 1 89 1094539878 -0.99629845323524402 -0.085961573281672546
5 1 90 1182065333 -0.94135604979891552 -0.33741485964163126
5 1 91 1344954319 -0.67891792281363528 -0.73421417453112325
5 1 92 1477317346 -0.34849589320963337 -0.93731030743079946
5 1 93 2011613111 0.93896357661337393 -0.34401657197498586
5 1 94 547805886 -0.044599538502789748 0.99900494551595598
5 1 95 822648947 -0.75463125828810163 0.65614911720927926
5 1 96 1739704753 0.40573380547315463 -0.91399129049256933
5 1 97 175801359 0.8686051000214452 0.49550497496668505
5 1 98 1194565202 -0.92828213393410819 -0.3718766997524024
5 1 99 779112627 -0.66441352970207457 0.74736514606237192
5 1 100 1662890423 0.19010171245379642 -0.98176440092424111
5 1 101 907760307 -0.89394634015262697 0.44817400742091645
5 1 102 2112448339 0.99855093298965036 -0.05381481418251715
5 1 103 1699384237 0.29445139703503298 -0.95566645582238441
5 1 104 170455089 0.87630870534449601 0.48174999007519798
5 1 105 300005969 0.63353722013880054 0.77371221439163085
5 1 106 1106852056 -0.99252153685133515 -0.12206964768632596
5 1 107 1070918980 -0.99986531406222123 -0.016411999733601083
5 1 108 1764868205 0.47237674425118226 -0.88139673898344617
5 1 109 1054357477 -0.9994743540283193 0.032419371364570453
5 1 110 997559624 -0.98008350520717269 0.19858580719885788
5 1 111 1098398637 -0.99525581760450044 -0.097292638593047265
5 1 112 665723362 -0.38234994492546892 0.92401759702696729
5 1 113 426837301 0.30706434042258018 0.95168875733658098
5 1 114 1970900127 0.89100207474029403 -0.45399923216729299
5 1 115 906946490 -0.89286821925954607 0.45031804653631996
5 1 116 1604102745 0.017907320868137868 -0.99983965107377371
5 1 117 1669162136 0.20822540123624486 -0.97808086694301755
5 1 118 162633832 0.88718569238074785 0.46141255643392837
5 1 119 1794588692 0.54771221580240692 -0.83666679667644128
5 1 120 949190666 -0.94190162826106449 0.33588885465158774
5 1 121 321752915 0.58265155063781648 0.81272207459828971
5 1 122 1891338449 0.76105001626566038 -0.64869320386607887
5 1 123 1091098021 -0.99711959800717687 -0.075845285087512135
5 1 124 340611189 0.53657810964346475 0.84385065755229804
5 1 125 985971141 -0.97272634595266716 0.23195571967419149
5 1 126 510290218 0.065966712003738298 0.9978218242288629
5 1 127 907314666 -0.89335660535635875 0.44934839007852601
5 1 128 2130706432 1 -2.9488742787772745e-09
5 1 129 1111087991 -0.99091934419746341 -0.13445762639310987
5 1 130 694551765 -0.45942655789688969 0.88821576089316034
5 1 131 815466464 -0.74056564374242173 0.6719840231049935
5 1 132 1034637443 -0.99590071153913307 0.090453152271485426
5 1 133 494602418 0.1120402573638047 0.9937036684695556
5 1 134 1864118810 0.70658671814407636 -0.70762646201395241
5 1 135 1798249496 0.55671215393778328 -0.83070546986158333
5 1 136 1553854242 -0.12990011241512531 -0.991527085255132
5 1 137 1304274281 -0.76190427396087201 -0.64768964583367894
5 1 138 1468025404 -0.37404488460969681 -0.92741060178182055
5 1 139 1747001206 0.42530410524799284 -0.9050505058057281
5 1 140 196554022 0.8366746223211966 0.54770026142378547
5 1 141 685799476 -0.43635177814315257 0.89977615311326675
5 1 142 680557966 -0.42239277108993756 0.90641290090717686
5 1 143 569789930 -0.1092241715347311 0.99401714288665644
5 1 144 1148608476 -0.97001366768947495 -0.24305037439924446
5 1 145 833593095 -0.77541047232751448 0.63145751987352317
5 1 146 2108419023 0.99784103610861352 -0.065675464655293198
5 1 147 1020056175 -0.99109207914197239 0.13317841665240782
5 1 148 868399711 -0.83602883644677928 0.54868550612299249
5 1 149 1457709561 -0.4020794246356843 -0.91560479262869576
5 1 150 1763103368 0.46778333041231313 -0.88384317375220178
5 1 151 1120840044 -0.98664348541129743 -0.16289454470744827
5 1 152 1808419225 0.58137033326262832 -0.81363906961385557
5 1 153 2513052 0.99997254107888045 0.0074106064695589301
5 1 154 699882112 -0.47333066826448539 0.88088482702354209
5 1 155 177886758 0.8655415479382651 0.50083712800932789
5 1 156 1688264839 0.26296271185020326 -0.9648059971706161
5 1 157 1234077431 -0.87875619499223012 -0.47727093957497319
5 1 158 916875845 -0.90566911662146832 0.42398520162629394
5 1 159 1188959371 -0.93430247389629784 -0.35648125795230495
5 1 160 1748172362 0.42842723763873991 -0.90357628457659211
5 1 161 1470008887 -0.36861405379278389 -0.92958252960479559
5 1 162 1360303381 -0.64500160648891014 -0.76418121386666205
5 1 163 260083440 0.72002821093542713 0.69394479280208454
5 1 164 815510757 -0.7406534082732652 0.67188728877185644
5 1 165 540735081 -0.02376118621115585 0.99971766315787314
5 1 166 1983461360 0.90720385045817331 -0.42069130453797626
5 1 167 12774641 0.99929053895204523 0.037661900654785717
5 1 168 1835947661 0.64543280181582663 -0.76381705816260215
5 1 169 2052497874 0.97352321491381255 -0.22858816685006828
5 1 170 894808134 -0.87618082791034102 0.48198252748657749
5 1 171 1670977482 0.21345828162896163 -0.97695217999859696
5 1 172 829552633 -0.76783191218447666 0.64065135185304189
5 1 173 1950050051 0.86142225239958747 -0.50788945949962516
5 1 174 204795965 0.82311727496576348 0.56787142176106709
5 1 175 1621667869 0.069649184953597898 -0.99757154682523874
5 1 176 668978722 -0.39120243440570279 0.92030465353330237
5 1 177 383326856 0.42631366713942659 0.90457540161676642
5 1 178 2114219141 0.99881833161707723 -0.048599798617672468
5 1 179 490041985 0.12539319274816668 0.99210712486728025
5 1 180 582329448 -0.14589736210162327 0.98929973199823917
5 1 181 1541220333 -0.16674157107868509 -0.98600063310030983
5 1 182 2116882212 0.9991691862081048 -0.040754598909001398
5 1 183 2044855858 0.96812515051629588 -0.25046694979138356
5 1 184 604969237 -0.21157080701320158 0.9773626725119916
5 1 185 145166618 0.90976525449036294 0.41512309225347266
5 1 186 1517216544 -0.23605897902704795 -0.97173872950536855
5 1 187 791702120 -0.69169514942596089 0.72218960132405519
5 1 188 1642796035 0.13162684357762691 -0.99129933625005062
5 1 189 1174387119 -0.94875388437318942 -0.31601592821689334
5 1 190 1003584332 -0.98345674612409084 0.18114311607956715
5 1 191 1131092985 -0.98126825150128705 -0.19264635629984525
5 1 192 16711679 0.99878595500766398 0.049260695076588527
5 1 193 1899353261 0.77616768992132845 -0.63052653958591509
5 1 194 1552819282 -0.13292561056568469 -0.99112601724288318
5 1 195 1323081706 -0.72482987733876736 -0.68892789819912759
5 1 196 464135027 0.20074711681308746 0.97964309577071618
5 1 197 1969764913 0.88947727576328528 -0.45697940424129019
5 1 198 739592822 -0.57300670345186633 0.81955068043362944
5 1 199 706630238 -0.49076485598016345 0.87129206132890336
5 1 200 460973489 0.20987145129832357 0.97772898797669661
5 1 201 197311848 0.83544856999080841 0.54956863711488602
5 1 202 1886124850 0.7509872971332463 -0.66031665096717129
5 1 203 1835545499 0.64452651828625407 -0.76458195585940891
5 1 204 452244254 0.23496727199128498 0.97200328244969081
5 1 205 392596362 0.40143127591572725 0.91588914761376627
5 1 206 1483731022 -0.33070715634134162 -0.94373342461980403
5 1 207 1948548860 0.85916548223466949 -0.51169783479751785
5 1 208 148625052 0.90548438891258087 0.42437957235900264
5 1 209 1679450733 0.23779977720230377 -0.97131419528519947
5 1 210 1903640825 0.78407749425345197 -0.6206629383209763
5 1 211 1823860387 0.61780322236785279 -0.78633274027722988
5 1 212 1149872170 -0.96910121362481516 -0.24666340983394844
5 1 213 1485461217 -0.32588782458444138 -0.9454084438948176
5 1 214 980538370 -0.96888561827637998 0.24750890629873665
5 1 215 62967145 0.98281053512371497 0.18461704160189837
5 1 216 1127987059 -0.98299151440988852 -0.18365098038985211
5 1 217 1036166555 -0.99629845323524391 0.085961573281672796
5 1 218 948641100 -0.94135604979891541 0.33741485964163148
5 1 219 785752114 -0.67891792281363506 0.73421417453112348
5 1 220 653389087 -0.34849589320963309 0.93731030743079957
5 1 221 119093322 0.93896357661337404 0.34401657197498575
5 1 222 1582900547 -0.044599538502789769 -0.99900494551595598
5 1 223 1308057486 -0.75463125828810174 -0.65614911720927915
5 1 224 391001680 0.40573380547315507 0.91399129049256922
5 1 225 1954905074 0.86860510002144464 -0.49550497496668594
5 1 226 936141231 -0.9282821339341083 0.37187669975240223
5 1 227 1351593806 -0.66441352970207479 -0.7473651460623717
5 1 228 467816010 0.19010171245379645 0.98176440092424111
5 1 229 1222946126 -0.89394634015262708 -0.44817400742091623
5 1 230 18258094 0.99855093298965036 0.053814814182516976
5 1 231 431322196 0.29445139703503304 0.95566645582238441
5 1 232 1960251344 0.87630870534449556 -0.48174999007519875
5 1 233 1830700464 0.63353722013880065 -0.77371221439163085
5 1 234 1023854377 -0.99252153685133515 0.12206964768632619
5 1 235 1059787453 -0.99986531406222123 0.016411999733600885
5 1 236 365838228 0.47237674425118287 0.88139673898344584
5 1 237 1076348956 -0.9994743540283193 -0.03241937136457021
5 1 238 1133146809 -0.98008350520717269 -0.19858580719885766
5 1 239 1032307796 -0.99525581760450044 0.097292638593047501
5 1 240 1464983071 -0.38234994492546959 -0.92401759702696695
5 1 241 1703869132 0.30706434042257935 -0.95168875733658131
5 1 242 159806306 0.8910020747402938 0.45399923216729327
5 1 243 1223759943 -0.89286821925954618 -0.45031804653631974
5 1 244 526603688 0.017907320868137892 0.99983965107377371
5 1 245 461544297 0.20822540123624511 0.97808086694301755
5 1 246 1968072601 0.88718569238074785 -0.46141255643392826
5 1 247 336117741 0.54771221580240737 0.83666679667644106
5 1 248 1181515767 -0.94190162826106461 -0.33588885465158752
5 1 249 1808953518 0.58265155063781626 -0.81272207459828993
5 1 250 239367984 0.76105001626566016 0.64869320386607898
5 1 251 1039608412 -0.99711959800717687 0.075845285087512385
5 1 252 1790095244 0.53657810964346475 -0.84385065755229804
5 1 253 1144735292 -0.97272634595266716 -0.23195571967419126
5 1 254 1620416215 0.065966712003737826 -0.99782182422886301
5 1 255 1223391767 -0.89335660535635886 -0.44934839007852578
5 2 1 2039236884 0.96384229340946159 -0.26647332593561646
5 2 2 741602903 -0.57785447579803118 0.8161398193938233
5 2 3 499773505 0.096874945383255334 0.99529656131074384
5 2 4 61431547 0.98363645448830306 0.18016471741625911
5 2 5 1141501597 -0.97489396145970486 -0.22266962951737149
5 2 6 533175246 -0.0014704194847653788 0.99999891893268511
5 2 7 664913874 -0.38014315531590714 0.92492766282908101
5 2 8 1153704382 -0.96625192158907591 -0.25759895967456548
5 2 9 1652864304 0.16099624535968649 -0.98695501872176705
5 2 10 1325362058 -0.72018084859463782 -0.69378638305858042
5 2 11 767410454 -0.6382328361184082 0.76984339115189737
5 2 12 1737598389 0.40004884727263323 -0.9164938187439331
5 2 13 759107481 -0.61919425142261808 0.78523784868355884
5 2 14 769590501 -0.64316869386192699 0.76572451393170304
5 2 15 991126573 -0.97614016070510323 0.21714139784623118
5 2 16 1964195914 0.88185303100877399 -0.47152437020862276
5 2 17 463520243 0.20252280119035837 0.97927754747977891
5 2 18 44574820 0.99137346668462278 0.13106734739710393
5 2 19 90594083 0.9645270186759155 0.26398414771374096
5 2 20 393907011 0.39788843074111147 0.91743381051843498
5 2 21 1345993744 -0.67666427256927419 -0.73629169642764214
5 2 22 735206130 -0.56235751157673008 0.82689420675998693
5 2 23 2019732778 0.94693073460910637 -0.32143768268928596
5 2 24 644574416 -0.32401707120420159 0.94605123411380387
5 2 25 2125680329 0.99989016582350665 -0.014820805964600489
5 2 26 730942209 -0.55191615696059115 0.83389960767819771
5 2 27 1774932917 0.49832434241473628 -0.86699068608429741
5 2 28 884883188 -0.86170122435277319 0.50741600285065069
5 2 29 1793258004 0.54442490047444414 -0.83880958968254027
5 2 30 296954743 0.64047309760382198 0.76798060603492135
5 2 31 1883494124 0.74584222545748413 -0.66612264240500596
5 2 32 765068142 -0.63290020409847625 0.77423338319405155
5 2 33 1321395092 -0.7282473586929018 -0.68531436914514787
5 2 34 1540806104 -0.16794585525345065 -0.98579622118528487
5 2 35 1610539553 0.036881249085742925 -0.99931965529848121
5 2 36 499684919 0.097134942373609201 0.99527122080871788
5 2 37 1049236271 -0.99887081205967754 0.047508955105751406
5 2 38 294490146 0.6460376525722723 0.76330554266224737
5 2 39 2105157151 0.99716316247813808 -0.075270362006558719
5 2 40 589517544 -0.16683299668034268 0.98598516784922108
5 2 41 156417118 0.89549489995225107 0.44507177416626625
5 2 42 341090165 0.53538568639530149 0.8446076999430161
5 2 43 919457902 -0.90887112400802184 0.41707706715233706
5 2 44 471601167 0.17913169073774049 0.98382510507378218
5 2 45 361312764 0.48409659385835774 0.8750145643443521
5 2 46 1721114503 0.35504409669412756 -0.93484955442180695
5 2 47 1018077128 -0.99029798207059894 0.13896009033855652
5 2 48 792748989 -0.69392131063010343 0.72005084171424971
5 2 49 1364052721 -0.63651331442026893 -0.77126571333472604
5 2 50 32974584 0.99527611914864345 0.097084739544458162
5 2 51 1150622463 -0.96855309442484228 -0.24880695987062446
5 2 52 966047537 -0.95742791946357553 0.28867244245277213
5 2 53 1178972200 -0.94439449694842359 -0.32881458929544755
5 2 54 27648442 0.99667812533553279 0.081441478852289279
5 2 55 171701150 0.87453261412440131 0.48496670693228111
5 2 56 920767959 -0.91047558723956512 0.41356281873588324
5 2 57 1840373197 0.65534563655582889 -0.7553291313376147
5 2 58 1226979778 -0.88855231684141511 -0.45877530473615674
5 2 59 547302193 -0.043115640521194647 0.99907008840343481
5 2 60 975820796 -0.96534874809958204 0.26096320534238077
5 2 61 1912638628 0.80026786622643031 -0.59964267883915345
5 2 62 123537769 0.93437434299396926 0.35629283904477821
5 2 63 1999226896 0.92577476280878601 -0.37807550640888665
5 2 64 2097283075 0.99514676784114275 -0.098401780752823659
5 2 65 462706344 0.20487256575562238 0.97878865532897763
5 2 66 1155774302 -0.96466156411148007 -0.26349206197909025
5 2 67 1615249454 0.050756702165864462 -0.9987110478938569
5 2 68 1202436379 -0.91940119018246536 -0.39332105396363692
5 2 69 321883040 0.58233964819855089 0.81294559112894382
5 2 70 651520789 -0.34332663559844889 0.9392160674140162
5 2 71 717445957 -0.51829971226953864 0.85519904598947805
5 2 72 1208759455 -0.91190794785987084 -0.41039480336622075
5 2 73 1736082737 0.39594862619937293 -0.91827266397885832
5 2 74 489163166 0.12796384091099838 0.99177883392382638
5 2 75 590321868 -0.16917113445159698 0.98558669190911852
5 2 76 1226217925 -0.88958076218594706 -0.4567779192875564
5 2 77 1345513709 -0.67770586143334266 -0.73533309824792392
5 2 78 1293950822 -0.78126555348924664 -0.6241987944005829
5 2 79 364315146 0.47633065172706596 0.87926623398449033
5 2 80 1833456329 0.63980395712878035 -0.76853815548894766
5 2 81 902511400 -0.88690253192506896 0.4619565984645117
5 2 82 454131216 0.22955503398954458 0.97329568290939161
5 2 83 613692092 -0.23663835686379531 0.97159780159323283
5 2 84 1961668526 0.87831432449817892 -0.47808361965382962
5 2 85 1290490432 -0.78759425157524154 -0.61619420224928689
5 2 86 169629693 0.87747868260560646 0.47961563941632412
5 2 87 2004772143 0.93183309590032559 -0.36288714689943852
5 2 88 2005438748 0.9325446348036921 -0.36105471067256339
5 2 89 58373323 0.98522121583787936 0.17128676499639656
5 2 90 233424233 0.77230242498603652 0.63525503883140311
5 2 91 559202205 -0.078140908164838263 0.99694232454599618
5 2 92 823928259 -0.75710122483203979 0.65329758560538476
5 2 93 1892519789 0.76330519641315886 -0.64603806167180966
5 2 94 1095611772 -0.9960217623306763 -0.089110319064032509
5 2 95 1645297894 0.1389366719709669 -0.9903012678885309
5 2 96 1348703073 -0.67076015819254409 -0.7416743289217399
5 2 97 351602718 0.50894963956652961 0.86079629668412239
5 2 98 258423971 0.72341544036252337 0.69041299281306723
5 2 99 1558225254 -0.11710932309766094 -0.99311902934321405
5 2 100 1195074413 -0.92772267784426832 -0.37327018768374742
5 2 101 1815520614 0.59828011814455273 -0.80128702737092905
5 2 102 2094190245 0.99420793154900233 -0.10747366582123409
5 2 103 1268062041 -0.82659674956823459 -0.56279464603283968
5 2 104 340910178 0.5358338941250933 0.84432342020504103
5 2 105 600011938 -0.19726118139760193 0.98035097098621904
5 2 106 82997679 0.97019800222747254 0.24231350864906628
5 2 107 11131527 0.99946129252948857 0.032819578536052094
5 2 108 1399029977 -0.55372042298130608 -0.83270264390921889
5 2 109 2108714954 0.99789796872065217 -0.064804660505216494
5 2 110 1995119248 0.92112735435835613 -0.38926134800770484
5 2 111 66090841 0.98106828495120535 0.19366212913964495
5 2 112 1331446724 -0.70761703923098174 -0.70659615466685022
5 2 113 853674602 -0.81142298168169158 0.58445936111828445
5 2 114 1811093821 0.58776939438301623 -0.80902851558311728
5 2 115 1813892980 0.59442731392742554 -0.80414934462264276
5 2 116 1077499057 -0.99935865571865112 -0.035808898896929946
5 2 117 1207617839 -0.91328436456000961 -0.40732256192140837
5 2 118 325267664 0.57419690553021374 0.81871723670601126
5 2 119 1458470951 -0.40002265732163417 -0.91650525019191154
5 2 120 1898381332 0.77435735464168909 -0.63274851822214906
5 2 121 643505830 -0.32103434107869594 0.94706755400455334
5 2 122 1651970465 0.15839425451592304 -0.98737594670740536
5 2 123 51489609 0.98849498545998793 0.15125364035440014
5 2 124 681222378 -0.42416786450289168 0.90558358130161376
5 2 125 1971942282 0.89239308822085583 -0.45125887924299496
5 2 126 1020580436 -0.99129678581483172 0.13164604981990036
5 2 127 1814629332 0.5961720486676737 -0.80285670476579374
5 2 128 2130706431 1 -5.8977492008036088e-09
5 2 129 91469549 0.9638422934094617 0.26647332593561612
5 2 130 1389103530 -0.57785447579803173 -0.81613981939382296
5 2 131 1630932928 0.096874945383255098 -0.99529656131074384
5 2 132 2069274886 0.98363645448830295 -0.18016471741625978
5 2 133 989204836 -0.97489396145970486 0.22266962951737174
5 2 134 1597531187 -0.0014704194847660677 -0.99999891893268511
5 2 135 1465792559 -0.38014315531590759 -0.92492766282908079
5 2 136 977002051 -0.9662519215890758 0.2575989596745657
5 2 137 477842129 0.16099624535968651 0.98695501872176705
5 2 138 805344375 -0.7201808485946376 0.69378638305858065
5 2 139 1363295979 -0.63823283611840831 -0.76984339115189715
5 2 140 393108044 0.40004884727263407 0.91649381874393276
5 2 141 1371598952 -0.61919425142261786 -0.78523784868355895
5 2 142 1361115932 -0.64316869386192721 -0.76572451393170282
5 2 143 1139579860 -0.97614016070510323 -0.21714139784623096
5 2 144 166510519 0.88185303100877421 0.47152437020862226
5 2 145 1667186190 0.20252280119035812 -0.97927754747977891
5 2 146 2086131613 0.99137346668462278 -0.13106734739710368
5 2 147 2040112350 0.96452701867591528 -0.26398414771374146
5 2 148 1736799422 0.39788843074111124 -0.91743381051843509
5 2 149 784712689 -0.67666427256927397 0.73629169642764225
5 2 150 1395500303 -0.56235751157672986 -0.82689420675998704
5 2 151 110973655 0.94693073460910626 0.32143768268928624
5 2 152 1486132017 -0.32401707120420165 -0.94605123411380387
5 2 153 5026104 0.99989016582350665 0.014820805964600869
5 2 154 1399764224 -0.55191615696059138 -0.8338996076781976
5 2 155 355773516 0.49832434241473628 0.86699068608429741
5 2 156 1245823245 -0.8617012243527733 -0.50741600285065047
5 2 157 337448429 0.54442490047444414 0.83880958968254038
5 2 158 1833751690 0.64047309760382176 -0.76798060603492158
5 2 159 247212309 0.74584222545748424 0.66612264240500585
5 2 160 1365638291 -0.63290020409847647 -0.77423338319405144
5 2 161 809311341 -0.72824735869290169 0.68531436914514798
5 2 162 589900329 -0.1679458552534504 0.98579622118528487
5 2 163 520166880 0.03688124908574384 0.99931965529848121
5 2 164 1631021514 0.097134942373608063 -0.99527122080871799
5 2 165 1081470162 -0.99887081205967754 -0.047508955105751607
5 2 166 1836216287 0.6460376525722723 -0.76330554266224737
5 2 167 25549282 0.99716316247813808 0.075270362006558414
5 2 168 1541188889 -0.1668329966803436 -0.98598516784922097
5 2 169 1974289315 0.89549489995225084 -0.44507177416626675
5 2 170 1789616268 0.53538568639530115 -0.84460769994301632
5 2 171 1211248531 -0.90887112400802195 -0.41707706715233683
5 2 172 1659105266 0.17913169073773982 -0.98382510507378229
5 2 173 1769393669 0.48409659385835752 -0.87501456434435221
5 2 174 409591930 0.35504409669412845 0.93484955442180662
5 2 175 1112629305 -0.99029798207059894 -0.1389600903385563
5 2 176 1337957444 -0.69392131063010365 -0.72005084171424949
5 2 177 766653712 -0.63651331442026848 0.77126571333472649
5 2 178 2097731849 0.99527611914864345 -0.097084739544457982
5 2 179 980083970 -0.96855309442484228 0.24880695987062468
5 2 180 1164658896 -0.95742791946357564 -0.2886724424527719
5 2 181 951734233 -0.94439449694842359 0.32881458929544777
5 2 182 2103057991 0.99667812533553291 -0.081441478852289043
5 2 183 1959005283 0.8745326141244012 -0.48496670693228128
5 2 184 1209938474 -0.91047558723956523 -0.41356281873588302
5 2 185 290333236 0.65534563655582956 0.75532913133761392
5 2 186 903726655 -0.88855231684141478 0.45877530473615735
5 2 187 1583404240 -0.043115640521195334 -0.99907008840343481
5 2 188 1154885637 -0.96534874809958227 -0.2609632053423801
5 2 189 218067805 0.80026786622643042 0.59964267883915334
5 2 190 2007168664 0.93437434299396893 -0.35629283904477921
5 2 191 131479537 0.92577476280878601 0.37807550640888649
5 2 192 33423358 0.99514676784114275 0.098401780752823603
5 2 193 1668000089 0.20487256575562235 -0.97878865532897763
5 2 194 974932131 -0.96466156411148007 0.26349206197909047
5 2 195 515456979 0.050756702165864927 0.9987110478938569
5 2 196 928270054 -0.91940119018246524 0.39332105396363715
5 2 197 1808823393 0.58233964819855044 -0.81294559112894416
5 2 198 1479185644 -0.34332663559844995 -0.93921606741401586
5 2 199 1413260476 -0.51829971226953886 -0.85519904598947794
5 2 200 921946978 -0.91190794785987073 0.41039480336622097
5 2 201 394623696 0.3959486261993736 0.91827266397885809
5 2 202 1641543267 0.12796384091099791 -0.99177883392382638
5 2 203 1540384565 -0.16917113445159701 -0.98558669190911852
5 2 204 904488508 -0.88958076218594706 0.45677791928755662
5 2 205 785192724 -0.67770586143334255 0.73533309824792403
5 2 206 836755611 -0.78126555348924642 0.62419879440058312
5 2 207 1766391287 0.47633065172706535 -0.87926623398449066
5 2 208 297250104 0.63980395712878002 0.76853815548894788
5 2 209 1228195033 -0.88690253192506907 -0.46195659846451148
5 2 210 1676575217 0.2295550339895441 -0.97329568290939172
5 2 211 1517014341 -0.23663835686379553 -0.97159780159323283
5 2 212 169037907 0.87831432449817892 0.47808361965382962
5 2 213 840216001 -0.78759425157524143 0.61619420224928712
5 2 214 1961076740 0.87747868260560635 -0.47961563941632418
5 2 215 125934290 0.93183309590032581 0.36288714689943774
5 2 216 125267685 0.93254463480369221 0.36105471067256334
5 2 217 2072333110 0.98522121583787925 -0.17128676499639736
5 2 218 1897282200 0.7723024249860363 -0.63525503883140344
5 2 219 1571504228 -0.078140908164838055 -0.99694232454599618
5 2 220 1306778174 -0.7571012248320399 -0.65329758560538465
5 2 221 238186644 0.76330519641315886 0.64603806167180966
5 2 222 1035094661 -0.9960217623306763 0.089110319064032745
5 2 223 485408539 0.13893667197096693 0.9903012678885309
5 2 224 782003360 -0.67076015819254398 0.74167432892174012
5 2 225 1779103715 0.50894963956652883 -0.86079629668412283
5 2 226 1872282462 0.72341544036252337 -0.69041299281306723
5 2 227 572481179 -0.1171093230976607 0.99311902934321405
5 2 228 935632020 -0.92772267784426821 0.37327018768374765
5 2 229 315185819 0.59828011814455295 0.80128702737092894
5 2 230 36516188 0.99420793154900233 0.10747366582123398
5 2 231 862644392 -0.8265967495682347 0.56279464603283946
5 2 232 1789796255 0.53583389412509275 -0.84432342020504136
5 2 233 1530694495 -0.19726118139760151 -0.98035097098621904
5 2 234 2047708754 0.97019800222747243 -0.24231350864906701
5 2 235 2119574906 0.99946129252948857 -0.032819578536051879
5 2 236 731676456 -0.55372042298130519 0.83270264390921955
5 2 237 21991479 0.99789796872065217 0.064804660505216743
5 2 238 135587185 0.92112735435835591 0.38926134800770534
5 2 239 2064615592 0.98106828495120524 -0.19366212913964534
5 2 240 799259709 -0.70761703923098151 0.70659615466685033
5 2 241 1277031831 -0.81142298168169147 -0.58445936111828467
5 2 242 319612612 0.58776939438301623 0.80902851558311728
5 2 243 316813453 0.59442731392742554 0.80414934462264276
5 2 244 1053207376 -0.99935865571865112 0.035808898896930189
5 2 245 923088594 -0.9132843645600095 0.40732256192140859
5 2 246 1805438769 0.57419690553021419 -0.81871723670601093
5 2 247 672235482 -0.40002265732163417 0.91650525019191154
5 2 248 232325101 0.77435735464168931 0.63274851822214884
5 2 249 1487200603 -0.32103434107869638 -0.94706755400455322
5 2 250 478735968 0.15839425451592329 0.98737594670740536
5 2 251 2079216824 0.98849498545998793 -0.15125364035440014
5 2 252 1449484055 -0.42416786450289234 -0.90558358130161343
5 2 253 158764151 0.89239308822085595 0.45125887924299457
5 2 254 1110125997 -0.99129678581483172 -0.13164604981990011
5 2 255 316077101 0.5961720486676737 0.80285670476579374
5 3 1 928148893 -0.91926060239270224 0.39364952037136552
5 3 2 47051138 0.99038994345929232 0.13830314491977314
5 3 3 1815013474 0.59708113116189754 -0.80218085417842588
5 3 4 1157500537 -0.96330777830232905 -0.26839918826671355
5 3 5 646899179 -0.33049499805253335 0.94380774327309691
5 3 6 799762869 -0.70866467590014781 0.70554544653859008
5 3 7 997370811 -0.97997278353903172 0.19913147295885236
5 3 8 1730556573 0.38093257888662813 -0.92460281761564123
5 3 9 348590023 0.51657681909847541 0.85624084810881396
5 3 10 1988043087 0.912804809431085 -0.40839610659197106
5 3 11 1151115681 -0.96819019585845023 -0.25021539649585073
5 3 12 1541044367 -0.16725318591747415 -0.98591397789079693
5 3 13 73308005 0.97672480339170786 0.21449629003651724
5 3 14 89032535 0.96573238484720791 0.25953990224496171
5 3 15 421336643 0.32246037224431967 0.94658296431536038
5 3 16 815587438 -0.74080531825432772 0.6717197931028267
5 3 17 1760633581 0.46133387047130026 -0.88722661138852776
5 3 18 66862230 0.98062521822573057 0.1958932907981748
5 3 19 1201244341 -0.92077809751426976 -0.39008677898385891
5 3 20 1656213733 0.17073643287052603 -0.9853167361263323
5 3 21 2018990616 0.94622498740803962 -0.32350930930137906
5 3 22 1102809195 -0.99390626970779983 -0.11022852187853328
5 3 23 898892734 -0.88192259546432039 0.47139424647472805
5 3 24 966861624 -0.95811815860016281 0.28637317290666953
5 3 25 2123167277 0.99975287875774976 -0.022230191532959184
5 3 26 31060097 0.99580835506473209 0.091464309887914763
5 3 27 1597046159 -0.0029007025203272095 -0.99999579295359464
5 3 28 1327324782 -0.71615329337109646 -0.69794302087902005
5 3 29 559180573 -0.078077313007661714 0.99694730712987212
5 3 30 1510785331 -0.25444429243187033 -0.96708743247384044
5 3 31 694534753 -0.45938199886619779 0.8882388074823665
5 3 32 1147602213 -0.97073060992455118 -0.24017094527754382
5 3 33 1982092638 0.90549847589613897 -0.42434951413872196
5 3 34 180502723 0.86165229937216925 0.50749907880374878
5 3 35 1350456113 -0.66691713134288344 -0.74513189431226146
5 3 36 1814880595 0.59676675601038365 -0.80241475492468561
5 3 37 508501190 0.071229896943632784 0.99745992489994273
5 3 38 441735219 0.26497184145087699 0.96425615022053723
5 3 39 2092382510 0.99362088915976365 -0.11277202057851322
5 3 40 884276316 -0.86079177878127544 0.50895728070494073
5 3 41 234625677 0.77004693296706417 0.63798724205740798
5 3 42 1576988464 -0.062008520004021753 -0.99807562010446427
5 3 43 1379186853 -0.60147041833483195 -0.79889507187622721
5 3 44 1772754967 0.49274585492048212 -0.87017327151475021
5 3 45 541969146 -0.027399095878717583 0.99962457430028639
5 3 46 1516318538 -0.23863141623865974 -0.9711102137162041
5 3 47 1527115692 -0.20759607957841936 -0.97821463275892095
5 3 48 123770267 0.93412984641468766 0.35693336918432284
5 3 49 980725865 -0.96902231764657742 0.24697317243550088
5 3 50 49461876 0.98938173403565766 0.14534023653687639
5 3 51 660580478 -0.36829312246026175 0.92970972671499497
5 3 52 383718089 0.4252697778059859 0.90506663626765482
5 3 53 1768458300 0.48168121535717445 -0.87634651067487879
5 3 54 41472663 0.99253095659774282 0.12199303338785152
5 3 55 257551725 0.72518888684489557 0.6885499824970307
5 3 56 315798722 0.59683091652938836 0.80236703389078134
5 3 57 1695206579 0.28265612515036342 -0.95922130653722559
5 3 58 1840469667 0.6555604844784545 -0.75514266942768771
5 3 59 1886306506 0.75134090825176814 -0.65991426684638976
5 3 60 1463731194 -0.38575846090554838 -0.92259981023181581
5 3 61 738251509 -0.56976060886955027 0.82181071335228983
5 3 62 1250659870 -0.85437675592127782 -0.51965407622901716
5 3 63 868133911 -0.83559851406950536 0.54934062591877797
5 3 64 2080571396 0.98909127477434755 -0.14730393805073924
5 3 65 694059516 -0.45813675773973467 0.88888171946987615
5 3 66 1733661453 0.3893820653632169 -0.92107633080731999
5 3 67 292167748 0.65124992892875899 0.75886331448442434
5 3 68 738301352 -0.56988139306038899 0.82172696064054662
5 3 69 482824560 0.14647849193390866 0.98921385524100292
5 3 70 2042634400 0.96646363079484177 -0.2568035248022344
5 3 71 10815719 0.99949142327320428 0.0318887880501042
5 3 72 747785966 -0.5926383402339781 0.80546868200117849
5 3 73 1538770889 -0.17385914289462531 -0.98477053085068822
5 3 74 733744749 -0.55878885910016762 0.82930996071766383
5 3 75 885482802 -0.86259708285150183 0.50589156215149444
5 3 76 773973671 -0.65301200180480501 0.7573475592479858
5 3 77 952917347 -0.94553593321723484 0.32551773990830807
5 3 78 1940926233 0.84744737542508808 -0.53087940804398304
5 3 79 546472719 -0.040671774046191655 0.99917256107037666
5 3 80 1684831277 0.25318060137662785 -0.96741903179882138
5 3 81 1353767100 -0.65961022618618592 -0.75160784290120908
5 3 82 681196824 -0.42409962256587574 0.90561554212562057
5 3 83 920538138 -0.91019510118042579 0.41417976506241155
5 3 84 811796356 -0.7332497420056745 0.67995942220739303
5 3 85 1935735648 0.83922257918657284 -0.54378806770968824
5 3 86 1319797756 -0.73146733356497273 -0.68187648436307646
5 3 87 1941804998 0.84882023213185964 -0.52868158046561065
5 3 88 877451689 -0.85037541123110716 0.5261764532678419
5 3 89 1152913201 -0.96685029363240738 -0.25534390476948471
5 3 90 1415489566 -0.51266707027104153 -0.85858748829674136
5 3 91 1904156524 0.78502044892972112 -0.61946984976040542
5 3 92 170539172 0.87618922840553115 0.4819672561763092
5 3 93 1773426467 0.49446797792997249 -0.86919584605648237
5 3 94 1643417658 0.1334437603801561 -0.99105638730377166
5 3 95 337240408 0.54493934710447778 0.8384754665327695
5 3 96 957701393 -0.95003394855962775 0.31214659470223699
5 3 97 527404077 0.015547405141682581 0.9998791317921184
5 3 98 1452989173 -0.41478512346710344 -0.90991939277629408
5 3 99 206631448 0.82003156714274961 0.57231829333807438
5 3 100 727258403 -0.54282505193463026 0.83984579715098051
5 3 101 592574488 -0.17571430385018158 0.98444120363912346
5 3 102 2075932151 0.98698358227828309 -0.16082104437270525
5 3 103 836739845 -0.78123653242500102 0.62423511628597139
5 3 104 511365267 0.062803106736424599 0.99802593642863469
5 3 105 900017907 -0.88348182114666529 0.46846544344633539
5 3 106 1189849735 -0.93336328759047715 -0.35893310432209546
5 3 107 1082050507 -0.99878804423384004 -0.049218316667078002
5 3 108 1033191749 -0.99550604551777644 0.094698011265067703
5 3 109 1032365998 -0.99527250131817224 0.097121821028381322
5 3 110 861972439 -0.82547994719632112 0.56443144559526348
5 3 111 1164489478 -0.9575720185254134 -0.28819408275876418
5 3 112 1997170086 0.92346461688204762 -0.38368359538413027
5 3 113 1280511903 -0.80538246577020434 -0.59275550088540352
5 3 114 1651287515 0.15640542498793286 -0.98769293964994209
5 3 115 590133037 -0.16862229527168512 0.98568074016758012
5 3 116 550895369 -0.053698993088747086 0.99855716818880969
5 3 117 746073542 -0.58856340774283922 0.80845105916569648
5 3 118 487901496 0.13165286601066328 0.99129588058822193
5 3 119 1122353210 -0.98590680782800622 -0.16729544607786201
5 3 120 716865565 -0.51683527812481089 0.85608486453484822
5 3 121 965258745 -0.95675386391280015 0.29089868320074441
5 3 122 1412602481 -0.51995811631419897 -0.85419175673790593
5 3 123 1142587630 -0.97417584706076976 -0.22579065304709073
5 3 124 1021833567 -0.99177649145639879 0.12798199480565939
5 3 125 827206990 -0.76338218976431171 0.6459470816952767
5 3 126 1530870654 -0.19675189116389455 -0.98045331011906478
5 3 127 591237565 -0.17183186985583893 0.9851262906357976
5 3 128 2130706430 1 -8.8466232346515227e-09
5 3 129 1202557540 -0.91926060239270235 -0.3936495203713653
5 3 130 2083655295 0.99038994345929232 -0.13830314491977333
5 3 131 315692959 0.59708113116189721 0.80218085417842611
5 3 132 973205896 -0.96330777830232905 0.26839918826671383
5 3 133 1483807254 -0.33049499805253357 -0.9438077432730968
5 3 134 1330943564 -0.70866467590014792 -0.70554544653858997
5 3 135 1133335622 -0.97997278353903172 -0.19913147295885211
5 3 136 400149860 0.38093257888662796 0.92460281761564134
5 3 137 1782116410 0.51657681909847519 -0.85624084810881407
5 3 138 142663346 0.91280480943108544 0.40839610659197018
5 3 139 979590752 -0.96819019585845012 0.25021539649585095
5 3 140 589662066 -0.16725318591747415 0.98591397789079693
5 3 141 2057398428 0.97672480339170786 -0.21449629003651688
5 3 142 2041673898 0.96573238484720803 -0.25953990224496148
5 3 143 1709369790 0.32246037224431945 -0.94658296431536049
5 3 144 1315118995 -0.74080531825432783 -0.67171979310282648
5 3 145 370072852 0.46133387047130026 0.88722661138852776
5 3 146 2063844203 0.98062521822573046 -0.19589329079817558
5 3 147 929462092 -0.92077809751426976 0.39008677898385874
5 3 148 474492700 0.1707364328705267 0.98531673612633219
5 3 149 111715817 0.94622498740803951 0.32350930930137928
5 3 150 1027897238 -0.99390626970779983 0.11022852187853353
5 3 151 1231813699 -0.8819225954643205 -0.47139424647472783
5 3 152 1163844809 -0.95811815860016292 -0.2863731729066693
5 3 153 7539156 0.99975287875774976 0.022230191532958993
5 3 154 2099646336 0.99580835506473198 -0.091464309887915193
5 3 155 533660274 -0.0029007025203271865 0.99999579295359464
5 3 156 803381651 -0.71615329337109623 0.69794302087902027
5 3 157 1571525860 -0.078077313007661742 -0.99694730712987212
5 3 158 619921102 -0.25444429243186945 0.96708743247384066
5 3 159 1436171680 -0.45938199886619802 -0.88823880748236639
5 3 160 983104220 -0.97073060992455107 0.24017094527754407
5 3 161 148613795 0.90549847589613919 0.42434951413872152
5 3 162 1950203710 0.86165229937216936 -0.50749907880374856
5 3 163 780250320 -0.66691713134288322 0.74513189431226157
5 3 164 315825838 0.59676675601038398 0.80241475492468539
5 3 165 1622205243 0.071229896943632534 -0.99745992489994273
5 3 166 1688971214 0.26497184145087743 -0.96425615022053712
5 3 167 38323923 0.99362088915976376 0.1127720205785129
5 3 168 1246430117 -0.86079177878127555 -0.50895728070494051
5 3 169 1896080756 0.77004693296706439 -0.63798724205740776
5 3 170 553717969 -0.062008520004021954 0.99807562010446427
5 3 171 751519580 -0.60147041833483172 0.79889507187622733
5 3 172 357951466 0.49274585492048173 0.87017327151475043
5 3 173 1588737287 -0.027399095878718051 -0.99962457430028639
5 3 174 614387895 -0.23863141623865974 0.9711102137162041
5 3 175 603590741 -0.20759607957841869 0.97821463275892107
5 3 176 2006936166 0.93412984641468766 -0.35693336918432267
5 3 177 1149980568 -0.96902231764657742 -0.24697317243550065
5 3 178 2081244557 0.98938173403565755 -0.1453402365368773
5 3 179 1470125955 -0.36829312246026219 -0.92970972671499486
5 3 180 1746988344 0.42526977780598529 -0.90506663626765516
5 3 181 362248133 0.48168121535717467 0.87634651067487856
5 3 182 2089233770 0.99253095659774293 -0.12199303338785104
5 3 183 1873154708 0.72518888684489546 -0.68854998249703081
5 3 184 1814907711 0.59683091652938847 -0.80236703389078134
5 3 185 435499854 0.28265612515036348 0.95922130653722559
5 3 186 290236766 0.65556048447845428 0.75514266942768793
5 3 187 244399927 0.75134090825176847 0.65991426684638943
5 3 188 666975239 -0.38575846090554861 0.9225998102318157
5 3 189 1392454924 -0.56976060886955004 -0.82181071335228995
5 3 190 880046563 -0.85437675592127749 0.51965407622901783
5 3 191 1262572522 -0.83559851406950547 -0.54934062591877775
5 3 192 50135037 0.98909127477434766 0.14730393805073885
5 3 193 1436646917 -0.45813675773973489 -0.88888171946987604
5 3 194 397044980 0.38938206536321751 0.92107633080731965
5 3 195 1838538685 0.65124992892875866 -0.75886331448442468
5 3 196 1392405081 -0.56988139306038954 -0.82172696064054618
5 3 197 1647881873 0.14647849193390844 -0.98921385524100292
5 3 198 88072033 0.96646363079484188 0.25680352480223406
5 3 199 2119890714 0.99949142327320428 -0.031888788050104658
5 3 200 1382920467 -0.59263834023397788 -0.8054686820011786
5 3 201 591935544 -0.17385914289462462 0.98477053085068833
5 3 202 1396961684 -0.55878885910016818 -0.82930996071766339
5 3 203 1245223631 -0.86259708285150172 -0.50589156215149467
5 3 204 1356732762 -0.65301200180480479 -0.75734755924798591
5 3 205 1177789086 -0.94553593321723484 -0.32551773990830785
5 3 206 189780200 0.8474473754250883 0.53087940804398259
5 3 207 1584233714 -0.040671774046191905 -0.99917256107037666
5 3 208 445875156 0.25318060137662812 0.96741903179882138
5 3 209 776939333 -0.6596102261861857 0.7516078429012093
5 3 210 1449509609 -0.42409962256587641 -0.90561554212562034
5 3 211 1210168295 -0.9101951011804259 -0.41417976506241133
5 3 212 1318910077 -0.73324974200567461 -0.67995942220739292
5 3 213 194970785 0.83922257918657317 0.54378806770968768
5 3 214 810908677 -0.73146733356497284 0.68187648436307635
5 3 215 188901435 0.84882023213185964 0.52868158046561076
5 3 216 1253254744 -0.85037541123110705 -0.52617645326784201
5 3 217 977793232 -0.96685029363240726 0.25534390476948493
5 3 218 715216867 -0.51266707027104175 0.85858748829674125
5 3 219 226549909 0.78502044892972123 0.6194698497604052
5 3 220 1960167261 0.87618922840553071 -0.48196725617630981
5 3 221 357279966 0.49446797792997332 0.86919584605648192
5 3 222 487288775 0.13344376038015676 0.99105638730377155
5 3 223 1793466025 0.54493934710447722 -0.83847546653276983
5 3 224 1173005040 -0.95003394855962786 -0.31214659470223671
5 3 225 1603302356 0.015547405141681892 -0.9998791317921184
5 3 226 677717260 -0.41478512346710322 0.90991939277629419
5 3 227 1924074985 0.82003156714274927 -0.57231829333807493
5 3 228 1403448030 -0.54282505193463049 -0.8398457971509804
5 3 229 1538131945 -0.17571430385018225 -0.98444120363912335
5 3 230 54774282 0.98698358227828309 0.1608210443727052
5 3 231 1293966588 -0.78123653242500113 -0.62423511628597128
5 3 232 1619341166 0.062803106736424127 -0.9980259364286348
5 3 233 1230688526 -0.8834818211466654 -0.46846544344633517
5 3 234 940856698 -0.93336328759047704 0.35893310432209569
5 3 235 1048655926 -0.99878804423384004 0.049218316667077808
5 3 236 1097514684 -0.99550604551777644 -0.094698011265067453
5 3 237 1098340435 -0.99527250131817224 -0.097121821028381072
5 3 238 1268733994 -0.82547994719632123 -0.56443144559526326
5 3 239 966216955 -0.95757201852541329 0.2881940827587644
5 3 240 133536347 0.92346461688204762 0.38368359538413038
5 3 241 850194530 -0.80538246577020423 0.59275550088540374
5 3 242 479418918 0.15640542498793311 0.98769293964994198
5 3 243 1540573396 -0.16862229527168557 -0.98568074016758012
5 3 244 1579811064 -0.053698993088747329 -0.99855716818880969
5 3 245 1384632891 -0.58856340774283866 -0.80845105916569682
5 3 246 1642804937 0.13165286601066326 -0.99129588058822193
5 3 247 1008353223 -0.98590680782800622 0.16729544607786226
5 3 248 1413840868 -0.51683527812481145 -0.85608486453484789
5 3 249 1165447688 -0.95675386391280026 -0.29089868320074419
5 3 250 718103952 -0.51995811631419875 0.85419175673790615
5 3 251 988118803 -0.97417584706076976 0.22579065304709098
5 3 252 1108872866 -0.99177649145639879 -0.12798199480565914
5 3 253 1303499443 -0.76338218976431182 -0.64594708169527648
5 3 254 599835779 -0.19675189116389452 0.98045331011906478
5 3 255 1539468868 -0.17183186985583851 -0.98512629063579771
5 4 1 1947767335 0.85798393312962207 -0.51367652320446211
5 4 2 1483205806 -0.33216840960036526 -0.9432200950274352
5 4 3 999547010 -0.98123048991398254 0.19283860003424033
5 4 4 122863094 0.93508134919663899 0.35443316772643224
5 4 5 152296761 0.90083647218119289 0.4341585544339106
5 4 6 1066350492 -0.99999567573307768 -0.002940835790285869
5 4 7 1329827748 -0.71098236293293215 -0.70320984037362866
5 4 8 176702331 0.8672855519491629 0.49781097956979198
5 4 9 1175022175 -0.94816041796016737 -0.31779210470620695
5 4 10 520017683 0.037320909364985506 0.99930333218906586
5 4 11 1534820908 -0.18531769380050639 -0.98267866180377694
5 4 12 1344490345 -0.67992183959167352 -0.7332845914420093
5 4 13 1518214962 -0.23319695801036733 -0.97242952380864645
5 4 14 1539181002 -0.17266806247188565 -0.98498007096702467
5 4 15 1982253146 0.90569922668276948 -0.42392087797870176
5 4 16 1797685395 0.55532953659872353 -0.8316303901259543
5 4 17 927040486 -0.91796902999602115 0.39665206411685794
5 4 18 89149640 0.96564270089257376 0.25987338111644936
5 4 19 181188166 0.8606247395116996 0.50923968594407409
5 4 20 787814022 -0.68336959336475145 0.73007259835203664
5 4 21 561281055 -0.084250924456590159 0.99644457032401457
5 4 22 1470412260 -0.36750805834645589 -0.93002033690152064
5 4 23 1908759123 0.79335563229468342 -0.60875844200002927
5 4 24 1289148832 -0.79002587513650269 -0.61307350017335038
5 4 25 2120654225 0.99956068742111925 -0.029638356267165444
5 4 26 1461884418 -0.39077711137170418 -0.92048533352139117
5 4 27 1419159401 -0.50334569951384112 -0.86408512704531715
5 4 28 1769766376 0.48505800010213684 -0.87448198182519199
5 4 29 1455809575 -0.40720305548678293 -0.91333765475985274
5 4 30 593909486 -0.17958842249153026 0.98374183529369308
5 4 31 1636281815 0.11256125055074452 -0.9936447880779391
5 4 32 1530136284 -0.19887466330421422 -0.98002493248673805
5 4 33 512083751 0.060688430886375856 0.99815675840849249
5 4 34 950905775 -0.94358837940637397 0.33112077894516512
5 4 35 1090372673 -0.99727954693175069 -0.073712314246685673
5 4 36 999369838 -0.98112960594015119 0.19335122535873298
5 4 37 2098472542 0.99548579836951945 -0.094910617133177347
5 4 38 588980292 -0.1652707029178159 0.98624824195384553
5 4 39 2079607869 0.98866874520680326 -0.15011366443866853
5 4 40 1179035088 -0.94433350243731351 -0.32898972046931246
5 4 41 312834236 0.60382223168098415 0.79711900775718292
5 4 42 682180330 -0.42672433360606371 0.90438174633749702
5 4 43 1838915804 0.65209344011120984 -0.75813860564142754
5 4 44 943202334 -0.935823674746877 0.35246850892420356
5 4 45 722625528 -0.53130097562947243 0.84718314035111131
5 4 46 1311522573 -0.74788737880530121 -0.66382563118919702
5 4 47 2036154256 0.96138018658620039 -0.27522379410124131
5 4 48 1585497978 -0.036946429306798936 -0.99931724760532259
5 4 49 597399009 -0.18970160113144879 0.9818417909867988
5 4 50 65949168 0.98114910669516942 0.19325224560473031
5 4 51 170538493 0.87619019343987481 0.48196550179426206
5 4 52 1932095074 0.83333644193670187 -0.55276611196805281
5 4 53 227237967 0.78376193173293196 0.62106137729395383
5 4 54 55296884 0.98673457104470419 0.16234188093410623
5 4 55 343402300 0.52961458633451786 0.84823840395358041
5 4 56 1841535918 0.65793158991846201 -0.75307770049800626
5 4 57 1550039961 -0.14104419329446985 -0.99000330077122078
5 4 58 323253123 0.57905043952849267 0.8152917198658769
5 4 59 1094604386 -0.99628208308489419 -0.086151093574161314
5 4 60 1951641592 0.86379641091486081 -0.50384100715464297
5 4 61 1694570823 0.28085731542920711 -0.95974953418582021
5 4 62 247075538 0.74611082569082354 0.66582177479184146
5 4 63 1867747359 0.71411782290732806 -0.70002552453899713
5 4 64 2063859717 0.98063417908934647 -0.19584842813197023
5 4 65 925412688 -0.9160544636014164 0.40105388629948635
5 4 66 180842171 0.86114386654801423 0.50836132927941691
5 4 67 1099792475 -0.99484751437049135 -0.10138255841541446
5 4 68 274166325 0.69059709701786753 0.72323969027597901
5 4 69 643766080 -0.32176106827197593 0.9468208990851843
5 4 70 1303041578 -0.76425364257729977 -0.64491578505052027
5 4 71 1434891914 -0.46273081652262693 -0.8864988389390609
5 4 72 286812477 0.66315221074000141 0.74848456590009171
5 4 73 1341459041 -0.68644937082165769 -0.72717759955773553
5 4 74 978326332 -0.96725051083860936 0.253823657846248
5 4 75 1180643736 -0.94276225453671936 -0.33346563754132436
5 4 76 321729417 0.58270786490266069 0.81268169917907129
5 4 77 560320985 -0.081429530757782739 0.99667910157711614
5 4 78 457195211 0.22075173013771765 0.97533003318938372
5 4 79 728630292 -0.54621822045053714 0.83764291655087042
5 4 80 1536206225 -0.18130179288470832 -0.98342750617256502
5 4 81 1805022800 0.57319220227019585 -0.81942095363533562
5 4 82 908262432 -0.89460897274011808 0.44684984714428477
5 4 83 1227384184 -0.8880045761216061 -0.45983461460299685
5 4 84 1792630619 0.54287210523738494 -0.83981538289979529
5 4 85 450274431 0.24060941022872989 0.97062202309106027
5 4 86 339259386 0.53993767685454108 0.84170499886416328
5 4 87 1878837853 0.73662583723037134 -0.67630050711547929
5 4 88 1880171063 0.73927899180230261 -0.67339926661659721
5 4 89 116746646 0.94132168827413842 0.33751070973337388
5 4 90 466848466 0.19290207127862496 0.98121801394818287
5 4 91 1118404410 -0.98778799694234865 -0.15580395725597812
5 4 92 1647856518 0.14640452928434985 -0.98922480448330241
5 4 93 1654333145 0.16526964574266234 -0.98624841910955419
5 4 94 60517111 0.98411870207261265 0.17751163407201298
5 4 95 1159889355 -0.96139320236326398 -0.27517832481812271
5 4 96 566699713 -0.10016162036302667 0.99497118038979049
5 4 97 703205436 -0.48194052877019916 0.87620392987517515
5 4 98 516847942 0.04665979870980707 0.99891083845574535
5 4 99 985744075 -0.97257081288721536 0.2326069945635795
5 4 100 259442393 0.72133873397307968 0.69258243615479775
5 4 101 1500334795 -0.28412180046587993 -0.9587881948063538
5 4 102 2057674057 0.97689882230989145 -0.21370234198423546
5 4 103 405417649 0.36652437279354189 0.9304084501703006
5 4 104 681820356 -0.42576407581347647 0.90483421229896932
5 4 105 1200023876 -0.92217605262724478 -0.3867703814420555
5 4 106 165995358 0.88256832705235777 0.47018416400810703
5 4 107 22263054 0.99784575052943181 0.065603796767831374
5 4 108 667353521 -0.38678738634680859 0.92216892040612852
5 4 109 2086723475 0.99160071195360722 -0.12933687816357467
5 4 110 1859532063 0.69695120589444859 -0.71711855128860946
5 4 111 132181682 0.92498995947419893 0.37999154579006067
5 4 112 532187015 0.001443748420041032 0.99999895779470671
5 4 113 1707349204 0.31681451040241354 -0.94848751494074979
5 4 114 1491481209 -0.30905427805324431 -0.95104440128575907
5 4 115 1497079527 -0.29331233691405162 -0.95601666984107436
5 4 116 24291681 0.99743544551957886 0.071571866128801981
5 4 117 284529245 0.66817666109956109 0.74400265427069701
5 4 118 650535328 -0.34059582735905358 0.94020980764167827
5 4 119 786235469 -0.6799637472586767 0.73324573126199544
5 4 120 1666056231 0.19925862537535052 -0.97994693744790373
5 4 121 1287011660 -0.79387390369633504 -0.60808241631372806
5 4 122 1173234497 -0.94982252027268976 -0.31278935401134711
5 4 123 102979218 0.95424467255908352 0.29902693004578607
5 4 124 1362444756 -0.64016324544611303 -0.76823890761917268
5 4 125 1813178131 0.59273084780871244 -0.8054006096694768
5 4 126 2041160872 0.96533863513363261 -0.26100061210337283
5 4 127 1498552231 -0.28915777677477766 -0.9572814529336019
5 4 128 2130706429 0.99999999999999989 -1.1795497268499437e-08
5 4 129 182939098 0.85798393312962173 0.51367652320446255
5 4 130 647500627 -0.33216840960036481 0.94322009502743542
5 4 131 1131159423 -0.98123048991398276 -0.19283860003423964
5 4 132 2007843339 0.93508134919663888 -0.35443316772643246
5 4 133 1978409672 0.90083647218119278 -0.43415855443391071
5 4 134 1064355941 -0.99999567573307768 0.002940835790286114
5 4 135 800878685 -0.71098236293293204 0.70320984037362888
5 4 136 1954004102 0.8672855519491629 -0.49781097956979187
5 4 137 955684258 -0.94816041796016726 0.31779210470620722
5 4 138 1610688750 0.037320909364984819 -0.99930333218906586
5 4 139 595885525 -0.18531769380050681 0.98267866180377683
5 4 140 786216088 -0.6799218395916734 0.73328459144200953
5 4 141 612491471 -0.23319695801036774 0.97242952380864645
5 4 142 591525431 -0.1726680624718854 0.98498007096702478
5 4 143 148453287 0.90569922668276959 0.42392087797870143
5 4 144 333021038 0.5553295365987243 0.83163039012595386
5 4 145 1203665947 -0.91796902999602126 -0.39665206411685772
5 4 146 2041556793 0.96564270089257376 -0.25987338111644948
5 4 147 1949518267 0.8606247395116996 -0.50923968594407409
5 4 148 1342892411 -0.68336959336475167 -0.73007259835203653
5 4 149 1569425378 -0.084250924456590631 -0.99644457032401446
5 4 150 660294173 -0.36750805834645628 0.93002033690152053
5 4 151 221947310 0.79335563229468342 0.60875844200002927
5 4 152 841557601 -0.79002587513650258 0.61307350017335061
5 4 153 10052208 0.99956068742111925 0.029638356267165558
5 4 154 668822015 -0.39077711137170418 0.92048533352139117
5 4 155 711547032 -0.50334569951384134 0.86408512704531704
5 4 156 360940057 0.48505800010213723 0.87448198182519177
5 4 157 674896858 -0.40720305548678332 0.91333765475985262
5 4 158 1536796947 -0.1795884224915307 -0.98374183529369308
5 4 159 494424618 0.11256125055074542 0.99364478807793899
5 4 160 600570149 -0.19887466330421377 0.98002493248673817
5 4 161 1618622682 0.060688430886375613 -0.99815675840849249
5 4 162 1179800658 -0.94358837940637419 -0.33112077894516445
5 4 163 1040333760 -0.99727954693175069 0.073712314246685923
5 4 164 1131336595 -0.98112960594015131 -0.19335122535873273
5 4 165 32233891 0.99548579836951934 0.094910617133177846
5 4 166 1541726141 -0.1652707029178157 -0.98624824195384553
5 4 167 51098564 0.98866874520680326 0.15011366443866817
5 4 168 951671345 -0.9443335024373134 0.32898972046931274
5 4 169 1817872197 0.60382223168098359 -0.79711900775718336
5 4 170 1448526103 -0.42672433360606432 -0.90438174633749679
5 4 171 291790629 0.65209344011121018 0.75813860564142721
5 4 172 1187504099 -0.93582367474687711 -0.35246850892420334
5 4 173 1408080905 -0.53130097562947265 -0.8471831403511112
5 4 174 819183860 -0.74788737880530076 0.66382563118919757
5 4 175 94552177 0.9613801865862005 0.27522379410124093
5 4 176 545208455 -0.036946429306798471 0.9993172476053227
5 4 177 1533307424 -0.18970160113144902 -0.9818417909867988
5 4 178 2064757265 0.98114910669516942 -0.19325224560473059
5 4 179 1960167940 0.8761901934398747 -0.48196550179426217
5 4 180 198611359 0.83333644193670198 0.5527661119680527
5 4 181 1903468466 0.78376193173293196 -0.62106137729395383
5 4 182 2075409549 0.98673457104470419 -0.1623418809341064
5 4 183 1787304133 0.52961458633451786 -0.84823840395358041
5 4 184 289170515 0.65793158991846246 0.75307770049800582
5 4 185 580666472 -0.14104419329446896 0.9900033007712209
5 4 186 1807453310 0.57905043952849189 -0.81529171986587745
5 4 187 1036102047 -0.9962820830848943 0.086151093574161106
5 4 188 179064841 0.86379641091486092 0.50384100715464264
5 4 189 436135610 0.28085731542920794 0.95974953418581999
5 4 190 1883630895 0.74611082569082288 -0.66582177479184212
5 4 191 262959074 0.71411782290732806 0.70002552453899713
5 4 192 66846716 0.98063417908934647 0.19584842813197037
5 4 193 1205293745 -0.91605446360141651 -0.40105388629948613
5 4 194 1949864262 0.86114386654801423 -0.50836132927941691
5 4 195 1030913958 -0.99484751437049135 0.10138255841541471
5 4 196 1856540108 0.69059709701786731 -0.72323969027597934
5 4 197 1486940353 -0.32176106827197676 -0.94682089908518408
5 4 198 827664855 -0.76425364257729955 0.6449157850505205
5 4 199 695814519 -0.4627308165226271 0.88649883893906078
5 4 200 1843893956 0.66315221074000164 -0.74848456590009149
5 4 201 789247392 -0.68644937082165747 0.72717759955773575
5 4 202 1152380101 -0.96725051083860947 -0.25382365784624777
5 4 203 950062697 -0.94276225453671936 0.33346563754132458
5 4 204 1808977016 0.5827078649026608 -0.81268169917907118
5 4 205 1570385448 -0.081429530757782323 -0.99667910157711614
5 4 206 1673511222 0.22075173013771718 -0.97533003318938383
5 4 207 1402076141 -0.54621822045053814 -0.83764291655086975
5 4 208 594500208 -0.18130179288470832 0.98342750617256502
5 4 209 325683633 0.57319220227019618 0.8194209536353354
5 4 210 1222444001 -0.89460897274011819 -0.44684984714428455
5 4 211 903322249 -0.88800457612160599 0.45983461460299707
5 4 212 338075814 0.54287210523738472 0.8398153828997954
5 4 213 1680432002 0.24060941022872945 -0.97062202309106038
5 4 214 1791447047 0.53993767685454053 -0.84170499886416372
5 4 215 251868580 0.73662583723037178 0.67630050711547884
5 4 216 250535370 0.73927899180230316 0.67339926661659666
5 4 217 2013959787 0.94132168827413831 -0.33751070973337433
5 4 218 1663857967 0.19290207127862452 -0.98121801394818287
5 4 219 1012302023 -0.98778799694234853 0.15580395725597881
5 4 220 482849915 0.14640452928435074 0.9892248044833023
5 4 221 476373288 0.16526964574266215 0.9862484191095543
5 4 222 2070189322 0.98411870207261254 -0.17751163407201354
5 4 223 970817078 -0.96139320236326387 0.27517832481812293
5 4 224 1564006720 -0.10016162036302692 -0.99497118038979038
5 4 225 1427500997 -0.48194052877019977 -0.87620392987517481
5 4 226 1613858491 0.046659798709807493 -0.99891083845574535
5 4 227 1144962358 -0.97257081288721547 -0.23260699456357928
5 4 228 1871264040 0.72133873397307957 -0.69258243615479786
5 4 229 630371638 -0.28412180046587948 0.95878819480635402
5 4 230 73032376 0.97689882230989145 0.21370234198423549
5 4 231 1725288784 0.36652437279354183 -0.9304084501703006
5 4 232 1448886077 -0.42576407581347669 -0.90483421229896921
5 4 233 930682557 -0.92217605262724467 0.38677038144205572
5 4 234 1964711075 0.88256832705235755 -0.47018416400810736
5 4 235 2108443379 0.99784575052943181 -0.065603796767831582
5 4 236 1463352912 -0.38678738634680898 -0.92216892040612841
5 4 237 43982958 0.99160071195360722 0.12933687816357453
5 4 238 271174370 0.69695120589444826 0.7171185512886098
5 4 239 1998524751 0.92498995947419871 -0.37999154579006117
5 4 240 1598519418 0.001443748420041009 -0.99999895779470671
5 4 241 423357229 0.31681451040241354 0.94848751494074979
5 4 242 639225224 -0.30905427805324448 0.95104440128575907
5 4 243 633626906 -0.29331233691405179 0.95601666984107436
5 4 244 2106414752 0.99743544551957886 -0.071571866128802494
5 4 245 1846177188 0.66817666109956053 -0.74400265427069745
5 4 246 1480171105 -0.34059582735905319 -0.9402098076416785
5 4 247 1344470964 -0.67996374725867692 -0.73324573126199522
5 4 248 464650202 0.19925862537535011 0.97994693744790384
5 4 249 843694773 -0.79387390369633493 0.60808241631372828
5 4 250 957471936 -0.94982252027268987 0.31278935401134694
5 4 251 2027727215 0.95424467255908341 -0.29902693004578668
5 4 252 768261677 -0.64016324544611281 0.7682389076191728
5 4 253 317528302 0.59273084780871288 0.80540060966947646
5 4 254 89545561 0.96533863513363283 0.26100061210337228
5 4 255 632154202 -0.28915777677477789 0.95728145293360178
5 5 1 836679344 -0.78112515030482765 0.62437448663543305
5 5 2 788654041 -0.68517596532973246 0.7283775782754911
5 5 3 184080546 0.85625004768378377 0.51656157023293747
5 5 4 1218932084 -0.89918858372148147 -0.43756129959693219
5 5 5 1788400776 0.53235489842429862 -0.84652127092215157
5 5 6 1332938115 -0.7045026494488601 -0.7097013575579072
5 5 7 1662284685 0.18834773817869702 -0.98210240276814775
5 5 8 753554522 -0.60625356027504773 0.79527141320044259
5 5 9 2001454327 0.92823813059028071 -0.371986522495454
5 5 10 1182698712 -0.94072419990499534 -0.33917249256551801
5 5 11 1918526135 0.81055744396155782 -0.58565914151365051
5 5 12 1147936323 -0.97049351077911894 -0.24112723930659549
5 5 13 832415486 -0.77321298882091138 0.63414641362908708
5 5 14 858623036 -0.81986490207474749 0.57255702104328843
5 5 15 1412463216 -0.52030886763246409 -0.85397815092836127
5 5 16 649076919 -0.33654916289052222 0.94166589667338418
5 5 17 93447391 0.96227172779118997 0.27209028261545465
5 5 18 111437050 0.94649060811300101 0.32273135694239813
5 5 19 1291838424 -0.78513862737306783 -0.61932005926397615
5 5 20 2050120744 0.97189693913715713 -0.23540675371752851
5 5 21 1234277927 -0.87847386094697899 -0.47779040973308357
5 5 22 1838015325 0.65007798273446393 -0.75986749921541585
5 5 23 787919079 -0.68359573697149956 0.7298608555021926
5 5 24 1611436040 0.039522945971746791 -0.99921866312720276
5 5 25 2118141173 0.99931360236834876 -0.037044893326797994
5 5 26 762002306 -0.62587477252866375 0.77992356619876113
5 5 27 1241272643 -0.86843252929023096 -0.49580736387287772
5 5 28 81501537 0.97125762759408507 0.23803071406923404
5 5 29 221732144 0.79374172826521316 0.60825493734991787
5 5 30 1807740074 0.57973966833856416 -0.81480176543420157
5 5 31 447322444 0.24904948915735292 0.96849075986839517
5 5 32 1912670355 0.80032396465303324 -0.59956780400722864
5 5 33 1172781297 -0.95023969295083943 -0.31151970393651557
5 5 34 1721308827 0.35557974179058771 -0.93464594752673003
5 5 35 830289233 -0.7692216846166402 0.63898200281035933
5 5 36 183859081 0.85658721718437403 0.51600226681317019
5 5 37 1557737461 -0.11853774379487206 -0.99294954720570838
5 5 38 736225365 -0.56484027756081978 0.82520025499572891
5 5 39 2066833228 0.98231375732573367 -0.18724230870345385
5 5 40 1473793860 -0.35821585787206156 -0.93363879480716894
5 5 41 391042795 0.40562298747794523 0.91404047614395434
5 5 42 1918078629 0.80978387982092115 -0.58672827440151198
5 5 43 167938322 0.87985990871014608 0.47523314388263527
5 5 44 113649701 0.94436470837631536 0.32890013313058558
5 5 45 903281910 -0.88794987037895934 0.45994024361213415
5 5 46 1106726608 -0.99256662620835434 -0.12170247547755572
5 5 47 414486387 0.34151477243095307 0.93987640688094432
5 5 48 916519256 -0.90522278023985203 0.4249373108292947
5 5 49 214072153 0.80727754716544009 0.59017197649714837
5 5 50 82436460 0.97059769359805204 0.24070753453546442
5 5 51 1811202941 0.58802969408038108 -0.80883934058608542
5 5 52 1349765626 -0.6684329550494208 -0.74377240107703579
5 5 53 816724067 -0.74305260705480336 0.6692330111023066
5 5 54 69121105 0.97929860011053815 0.20242097673299644
5 5 55 429252875 0.30027751537656638 0.95385188250549469
5 5 56 1236566681 -0.87522915140644419 -0.48370852021476285
5 5 57 1404873343 -0.53929033796422443 -0.84211990320763264
5 5 58 936743012 -0.92894059559897346 0.37022880742619735
5 5 59 302902266 0.62690606040785912 0.77909485393236799
5 5 60 308845557 0.61315605103035975 0.78996180735833987
5 5 61 520183704 0.036831670933376179 0.99932148381602182
5 5 62 1374197639 -0.61315869384243438 -0.78995975604168578
5 5 63 736654374 -0.56588378083085344 0.82448501902252824
5 5 64 2047148038 0.96979601537547133 -0.24391738060634105
5 5 65 1156765860 -0.96388699597153105 -0.26631158254378978
5 5 66 758729322 -0.61831821385479535 0.78592785064242099
5 5 67 1907417202 0.79094047469512241 -0.61189309972335393
5 5 68 1940737731 0.84715214527203886 -0.5313503954651605
5 5 69 804707600 -0.71887680884039162 0.69513749266706593
5 5 70 563448756 -0.090618710126242563 0.99588566079397689
5 5 71 728261676 -0.54530737821658304 0.83823616198691675
5 5 72 1956545421 0.87099177403336958 -0.49129759776148274
5 5 73 1144147193 -0.97312714755346308 -0.23026844050902973
5 5 74 1222907915 -0.89399683447071088 -0.4480732752088083
5 5 75 1475804670 -0.35267346412500111 -0.93574645481672625
5 5 76 2000191596 0.92684655657289383 -0.37544035554128913
5 5 77 167724623 0.88015921235860339 0.47467858694097725
5 5 78 1104170622 -0.99345572928764003 -0.11421783549675278
5 5 79 910787865 -0.89791190751130667 0.44017519960739104
5 5 80 1387581173 -0.58151248765455876 -0.81353747713415547
5 5 81 125572067 0.93222018217408731 0.36189160248244434
5 5 82 1135328040 -0.9787859007995775 -0.20488572521276241
5 5 83 1534230230 -0.18702907603022931 -0.98235437837843365
5 5 84 642758449 -0.31894629005154113 0.94777279137056802
5 5 85 1095519647 -0.99604593373454531 -0.088839731488100815
5 5 86 1489427449 -0.31480836617487612 -0.94915525209857265
5 5 87 1815870708 0.59910703441681257 -0.8006689461395966
5 5 88 752184004 -0.60303454021521596 0.79771507652007123
5 5 89 1211286524 -0.90882439041621799 -0.4171788913458947
5 5 90 1648913799 0.14948800663729128 -0.98876353890685575
5 5 91 332652296 0.55623350119895965 0.83102604781315181
5 5 92 994467431 -0.97823198281130241 0.20751430747075683
5 5 93 1535239823 -0.18410362258566312 -0.98290684001630368
5 5 94 608322997 -0.22122624026896268 0.97522251338679589
5 5 95 1982538302 0.90605537691355664 -0.42315913551054618
5 5 96 175698033 0.86875603777513111 0.49524029200909636
5 5 97 879006795 -0.85277940753533665 0.5222712725047014
5 5 98 1711413144 0.32815820843655147 -0.94462277668692318
5 5 99 1764856702 0.47234684620847134 -0.88141276192083284
5 5 100 1922332816 0.81708050910970242 -0.57652358289408212
5 5 101 277388669 0.683693591218278 0.72976919181824484
5 5 102 2039415963 0.96398287862978216 -0.26596430156815892
5 5 103 2104801886 0.99708375965789631 -0.076314980354281872
5 5 104 852275445 -0.80900463885303153 0.5878022578335983
5 5 105 1500029845 -0.28498388457340917 -0.95853230802798184
5 5 106 1272847414 -0.81857285709415872 -0.5744027138068778
5 5 107 1093182034 -0.99663466524368638 -0.081971605050805821
5 5 108 301515293 0.63008731295791665 0.77652429327708239
5 5 109 1010374519 -0.9868864607495339 0.16141596448077486
5 5 110 726385254 -0.54066081446647241 0.84124068119679674
5 5 111 1230580319 -0.88363125825948197 -0.46818351041740536
5 5 112 1197910377 -0.92456865113982534 -0.38101549749253488
5 5 113 3480072 0.99994734311624378 0.010262114536736658
5 5 114 1331674903 -0.70714143089354264 -0.70707212978156131
5 5 115 273319584 0.69240082316629603 0.72151306299930262
5 5 116 1628394426 0.089421786225092739 -0.99599384744500996
5 5 117 1953691381 0.86682611445113977 -0.49861055675300286
5 5 118 813169160 -0.73599635584573464 0.6769854977632821
5 5 119 450117728 0.24105790647529038 0.97051073447219027
5 5 120 484540464 0.14147123075260376 0.98994236744840025
5 5 121 1608764575 0.031650141913667426 -0.99949900876231224
5 5 122 933866513 -0.92576677269184282 0.37809507082178384
5 5 123 1194077239 -0.92881628154443729 -0.37054057151405773
5 5 124 1703055945 0.30478132324699797 -0.95242235641537154
5 5 125 668442839 -0.38974763368047982 0.92092170244840388
5 5 126 420744657 0.32411232262377887 0.94601860569621965
5 5 127 275160464 0.6884738895996535 0.72526112769093309
5 5 128 2130706428 0.99999999999999989 -1.4744371302347352e-08
5 5 129 1294027089 -0.78112515030482776 -0.62437448663543282
5 5 130 1342052392 -0.68517596532973268 -0.72837757827549099
5 5 131 1946625887 0.85625004768378377 -0.51656157023293736
5 5 132 911774349 -0.89918858372148136 0.43756129959693241
5 5 133 342305657 0.53235489842429895 0.84652127092215135
5 5 134 797768318 -0.70450264944885965 0.70970135755790775
5 5 135 468421748 0.1883477381786966 0.98210240276814775
5 5 136 1377151911 -0.60625356027504784 -0.79527141320044248
5 5 137 129252106 0.92823813059028082 0.37198652249545394
5 5 138 948007721 -0.94072419990499523 0.33917249256551829
5 5 139 212180298 0.81055744396155782 0.58565914151365039
5 5 140 982770110 -0.97049351077911883 0.24112723930659571
5 5 141 1298290947 -0.7732129888209115 -0.63414641362908686
5 5 142 1272083397 -0.81986490207474771 -0.57255702104328821
5 5 143 718243217 -0.52030886763246353 0.8539781509283616
5 5 144 1481629514 -0.336549162890522 -0.9416658966733843
5 5 145 2037259042 0.96227172779118986 -0.2720902826154552
5 5 146 2019269383 0.9464906081130009 -0.32273135694239841
5 5 147 838868009 -0.78513862737306772 0.61932005926397626
5 5 148 80585689 0.97189693913715725 0.23540675371752801
5 5 149 896428506 -0.87847386094697888 0.47779040973308379
5 5 150 292691108 0.65007798273446404 0.75986749921541574
5 5 151 1342787354 -0.68359573697149967 -0.72986085550219237
5 5 152 519270393 0.039522945971747256 0.99921866312720276
5 5 153 12565260 0.99931360236834865 0.037044893326798424
5 5 154 1368704127 -0.6258747725286643 -0.77992356619876069
5 5 155 889433790 -0.86843252929023085 0.49580736387287794
5 5 156 2049204896 0.97125762759408496 -0.23803071406923451
5 5 157 1908974289 0.79374172826521305 -0.60825493734991798
5 5 158 322966359 0.57973966833856416 0.81480176543420157
5 5 159 1683383989 0.24904948915735334 -0.96849075986839506
5 5 160 218036078 0.80032396465303313 0.59956780400722864
5 5 161 957925136 -0.95023969295083943 0.31151970393651579
5 5 162 409397606 0.35557974179058754 0.93464594752673014
5 5 163 1300417200 -0.76922168461664009 -0.63898200281035944
5 5 164 1946847352 0.85658721718437403 -0.51600226681317019
5 5 165 572968972 -0.11853774379487138 0.99294954720570849
5 5 166 1394481068 -0.56484027756082 -0.8252002549957288
5 5 167 63873205 0.98231375732573378 0.18724230870345343
5 5 168 656912573 -0.35821585787206089 0.93363879480716927
5 5 169 1739663638 0.40562298747794523 -0.91404047614395434
5 5 170 212627804 0.80978387982092104 0.58672827440151221
5 5 171 1962768111 0.87985990871014563 -0.47523314388263588
5 5 172 2017056732 0.94436470837631525 -0.32890013313058586
5 5 173 1227424523 -0.88794987037895945 -0.45994024361213393
5 5 174 1023979825 -0.99256662620835423 0.12170247547755597
5 5 175 1716220046 0.34151477243095285 -0.93987640688094443
5 5 176 1214187177 -0.90522278023985214 -0.42493731082929448
5 5 177 1916634280 0.80727754716544031 -0.59017197649714814
5 5 178 2048269973 0.97059769359805215 -0.24070753453546401
5 5 179 319503492 0.58802969408038108 0.80883934058608542
5 5 180 780940807 -0.66843295504942057 0.74377240107703602
5 5 181 1313982366 -0.74305260705480347 -0.66923301110230637
5 5 182 2061585328 0.97929860011053815 -0.20242097673299636
5 5 183 1701453558 0.30027751537656638 -0.95385188250549469
5 5 184 894139752 -0.87522915140644408 0.48370852021476307
5 5 185 725833090 -0.53929033796422421 0.84211990320763275
5 5 186 1193963421 -0.92894059559897357 -0.37022880742619713
5 5 187 1827804167 0.62690606040785868 -0.77909485393236821
5 5 188 1821860876 0.61315605103035964 -0.78996180735833998
5 5 189 1610522729 0.036831670933375929 -0.99932148381602182
5 5 190 756508794 -0.61315869384243427 0.789959756041686
5 5 191 1394052059 -0.565883780830854 -0.8244850190225278
5 5 192 83558395 0.96979601537547133 0.24391738060634086
5 5 193 973940573 -0.96388699597153094 0.26631158254379006
5 5 194 1371977111 -0.61831821385479546 -0.78592785064242088
5 5 195 223289231 0.79094047469512252 0.61189309972335382
5 5 196 189968702 0.84715214527203897 0.53135039546516016
5 5 197 1325998833 -0.71887680884039173 -0.6951374926670657
5 5 198 1567257677 -0.090618710126242591 -0.99588566079397689
5 5 199 1402444757 -0.54530737821658282 -0.83823616198691686
5 5 200 174161012 0.87099177403336969 0.49129759776148263
5 5 201 986559240 -0.97312714755346297 0.23026844050902998
5 5 202 907798518 -0.89399683447071077 0.44807327520880852
5 5 203 654901763 -0.35267346412500089 0.93574645481672636
5 5 204 130514837 0.92684655657289405 0.37544035554128852
5 5 205 1962981810 0.88015921235860328 -0.47467858694097748
5 5 206 1026535811 -0.99345572928764003 0.11421783549675257
5 5 207 1219918568 -0.89791190751130678 -0.44017519960739082
5 5 208 743125260 -0.58151248765455898 0.81353747713415536
5 5 209 2005134366 0.9322201821740872 -0.36189160248244473
5 5 210 995378393 -0.97878590079957739 0.2048857252127631
5 5 211 596476203 -0.18702907603022842 0.98235437837843376
5 5 212 1487947984 -0.31894629005154096 -0.94777279137056802
5 5 213 1035186786 -0.9960459337345452 0.088839731488101065
5 5 214 641278984 -0.31480836617487568 0.94915525209857288
5 5 215 314835725 0.59910703441681301 0.80066894613959616
5 5 216 1378522429 -0.60303454021521619 -0.79771507652007112
5 5 217 919419909 -0.90882439041621788 0.41717889134589492
5 5 218 481792634 0.14948800663729128 0.98876353890685575
5 5 219 1798054137 0.55623350119896009 -0.83102604781315159
5 5 220 1136239002 -0.97823198281130241 -0.20751430747075661
5 5 221 595466610 -0.18410362258566224 0.98290684001630391
5 5 222 1522383436 -0.22122624026896207 -0.975222513386796
5 5 223 148168131 0.90605537691355675 0.42315913551054585
5 5 224 1955008400 0.86875603777513111 -0.49524029200909631
5 5 225 1251699638 -0.85277940753533688 -0.52227127250470129
5 5 226 419293289 0.32815820843655213 0.94462277668692296
5 5 227 365849731 0.47234684620847195 0.88141276192083251
5 5 228 208373617 0.81708050910970242 0.57652358289408201
5 5 229 1853317764 0.68369359121827822 -0.72976919181824462
5 5 230 91290470 0.96398287862978238 0.26596430156815815
5 5 231 25904547 0.99708375965789631 0.07631498035428147
5 5 232 1278430988 -0.80900463885303164 -0.58780225783359807
5 5 233 630676588 -0.28498388457340851 0.95853230802798206
5 5 234 857859019 -0.81857285709415839 0.57440271380687835
5 5 235 1037524399 -0.99663466524368638 0.081971605050805627
5 5 236 1829191140 0.63008731295791598 -0.77652429327708306
5 5 237 1120331914 -0.9868864607495339 -0.16141596448077461
5 5 238 1404321179 -0.54066081446647229 -0.84124068119679685
5 5 239 900126114 -0.88363125825948186 0.46818351041740558
5 5 240 932796056 -0.92456865113982545 0.38101549749253466
5 5 241 2127226361 0.99994734311624378 -0.010262114536736994
5 5 242 799031530 -0.70714143089354242 0.70707212978156142
5 5 243 1857386849 0.69240082316629614 -0.72151306299930251
5 5 244 502312007 0.089421786225093419 0.99599384744500996
5 5 245 177015052 0.86682611445114022 0.49861055675300225
5 5 246 1317537273 -0.73599635584573453 -0.67698549776328221
5 5 247 1680588705 0.2410579064752908 -0.97051073447219016
5 5 248 1646165969 0.14147123075260332 -0.98994236744840036
5 5 249 521941858 0.031650141913668113 0.99949900876231224
5 5 250 1196839920 -0.92576677269184293 -0.37809507082178362
5 5 251 936629194 -0.92881628154443729 0.37054057151405795
5 5 252 427650488 0.30478132324699753 0.95242235641537165
5 5 253 1462263594 -0.38974763368047965 -0.92092170244840399
5 5 254 1709961776 0.32411232262377798 -0.94601860569621998
5 5 255 1855545969 0.68847388959965305 -0.72526112769093365
5 6 1 1856297786 0.69008011022278781 -0.72373299045635953
5 6 2 94102276 0.96174448021060044 0.27394808775467283
5 6 3 1499320515 -0.2869882456208584 -0.95793410361854325
5 6 4 184294641 0.85592375147553856 0.51710205149471267
5 6 5 1293798358 -0.781546112524512 -0.62384747655001604
5 6 6 1599525738 0.0044112457373230119 -0.99999027040819
5 6 7 1994741622 0.92069331295447565 -0.39028684769142796
5 6 8 1330406713 -0.70978074068556607 -0.70442267152033744
5 6 9 697180046 -0.46629677994020208 0.8846283473964639
5 6 10 1845379741 0.66642524024103966 -0.74557186050016167
5 6 11 171524929 0.87478451071284846 0.48451218748023489
5 6 12 951382301 -0.94405274360090963 0.32979450768561214
5 6 13 146616010 0.9079826831211405 0.41900769342833605
5 6 14 178065070 0.86527807828535142 0.50129217751607613
5 6 15 842673286 -0.79203861666410957 0.61047099006652539
5 6 16 1631174876 0.097585039107791455 -0.99522719021454131
5 6 17 1390560729 -0.57434211991193895 -0.81861537323401146
5 6 18 133724460 0.9232516372405235 0.38419580207583331
5 6 19 271782249 0.69566460972399635 0.71836672443645366
5 6 20 1181721033 -0.94169814098129634 -0.33645892954767975
5 6 21 1907274799 0.79068345359068892 -0.61222518424016248
5 6 22 74911957 0.97569934592894747 0.21911363799139508
5 6 23 1797785468 0.55557492878104664 -0.83146647467587953
5 6 24 1933723248 0.8359808116787335 -0.5487586741956485
5 6 25 2115628121 0.99901163716881591 -0.044449395960823958
5 6 26 62120194 0.98326856003345497 0.18216184795323062
5 6 27 1063385885 -0.99998317184977714 0.0058013806338743958
5 6 28 523943131 0.025751079212534955 0.99966838597576435
5 6 29 1118361146 -0.98780786638700724 -0.15567793390184897
5 6 30 890864229 -0.87051620409769048 0.49213975495111967
5 6 31 1389069506 -0.57793635823539324 -0.8160818377035548
5 6 32 164497993 0.88463583408898183 0.46628257639085263
5 6 33 1833478843 0.63985497970046146 -0.76849567659975948
5 6 34 361005446 0.48488937002669275 0.87457549636101573
5 6 35 570205793 -0.11044307984275847 0.99388245085364402
5 6 36 1499054757 -0.28773887784168617 -0.95770890054254332
5 6 37 1017002380 -0.98985260356279892 0.14209793531205325
5 6 38 883470438 -0.85957984647626262 0.51100145550853848
5 6 39 2054058587 0.97456494274927885 -0.22410527071913072
5 6 40 1768552632 0.48192497283486435 -0.87621248596337364
5 6 41 469251354 0.18594455794396456 0.98256023803684611
5 6 42 1023270495 -0.9923098868938216 0.12377838410954881
5 6 43 627667273 -0.27646667173624478 0.96102350617405996
5 6 44 1414803501 -0.51440304491736688 -0.85754854520297652
5 6 45 1083938292 -0.99849857909005768 -0.054777619107951592
5 6 46 901930643 -0.88611009436786292 0.46347481124585083
5 6 47 923524951 -0.9138077354873414 0.40614704549398978
5 6 48 247540534 0.74519713992545578 0.66684422667285703
5 6 49 1961451730 0.87800850419428866 -0.47864503189995372
5 6 50 98923752 0.95775243128680965 0.28759395050001485
5 6 51 1321160956 -0.72872035189694129 -0.68481139646708422
5 6 52 767436178 -0.63829123216969474 0.76979497461031321
5 6 53 1406210167 -0.53596641354407049 -0.84423930467178943
5 6 54 82945326 0.9702353996096611 0.24216372425340929
5 6 55 515103450 0.051797843206677512 0.99865759068818805
5 6 56 631597444 -0.28758571414938056 0.95775490446000366
5 6 57 1259706725 -0.84021102982996432 -0.54225955533496217
5 6 58 1550232901 -0.14048090238074862 -0.99008338844073662
5 6 59 1641906579 0.12902632082518475 -0.99164116924133217
5 6 60 796755955 -0.70238081967956423 0.71180136565355334
5 6 61 1476503018 -0.3507456971611988 -0.93647074483024006
5 6 62 370613307 0.45991928211713295 0.88796072769963263
5 6 63 1736267822 0.39644975343033056 -0.9180564214714857
5 6 64 2030436359 0.95660309966948798 -0.29139407973177422
5 6 65 1388119032 -0.58022142241544727 -0.81445877794409893
5 6 66 1336616473 -0.69676321434695021 -0.71730120809385645
5 6 67 584335496 -0.15174706014057257 0.98841935924924773
5 6 68 1476602704 -0.35047039568710076 -0.93657381009022833
5 6 69 965649120 -0.95708810280153567 0.28979710743165987
5 6 70 1954562367 0.86810389929829646 -0.4963825339625611
5 6 71 21631438 0.99796621039339106 0.063745140309312387
5 6 72 1495571932 -0.29755959536943127 -0.9547032456232567
5 6 73 946835345 -0.93954599686389273 0.34242272088317099
5 6 74 1467489498 -0.37551002189106608 -0.92681833357965626
5 6 75 1770965604 0.48814745468784126 -0.87276117150213661
5 6 76 1547947342 -0.14715065099776273 -0.98911409145302076
5 6 77 1905834694 0.7880764020099742 -0.61557743996593439
5 6 78 1751146033 0.43633410822974122 -0.89978472202819515
5 6 79 1092945438 -0.99669161359187108 -0.081276241274017988
5 6 80 1238956121 -0.87179916617313802 -0.48986346450804158
5 6 81 576827767 -0.12982869902121721 0.99153643851875573
5 6 82 1362393648 -0.64027902027896344 -0.76814241921053339
5 6 83 1841076276 0.65691024442569113 -0.75396878633573339
5 6 84 1623592712 0.075310368302776404 -0.99716014181579693
5 6 85 1740764863 0.40858907483312817 -0.91271844942841407
5 6 86 508889079 0.070088920145302047 0.99754074767543477
5 6 87 1752903563 0.44099157295276759 -0.89751124370931634
5 6 88 1754903378 0.44627668005294918 -0.89489503565553297
5 6 89 175119969 0.86959898059414453 0.49375865860724372
5 6 90 700272699 -0.47434495011941374 0.8803390643929252
5 6 91 1677606615 0.23251421047564189 -0.97259299911468056
5 6 92 341078344 0.53541512794775981 0.84458903661170259
5 6 93 1416146501 -0.51100283760368748 -0.85957902484936166
5 6 94 1156128883 -0.96438552563120672 -0.26450058214117644
5 6 95 674480816 -0.40608221595469096 0.91383654659097968
5 6 96 1915402786 0.80512900683159483 -0.59309972378881592
5 6 97 1054808154 -0.99951655638672077 0.031091051909371795
5 6 98 775271913 -0.65590660270075973 0.75484205535565374
5 6 99 413262896 0.34490354222118774 0.93863813398096996
5 6 100 1454516806 -0.4106819259843319 -0.91177867691112391
5 6 101 1185148976 -0.93824896684489212 -0.34596080155776682
5 6 102 2021157869 0.94827318337374478 -0.31745546096141447
5 6 103 1673479690 0.22066103919087943 -0.97535055533033921
5 6 104 1022730534 -0.99211153956850651 0.12535825882249532
5 6 105 1800035814 0.56108025659325667 -0.8277614062404971
5 6 106 248993037 0.74233405324340762 0.67002996455025321
5 6 107 33394581 0.99515511460891848 0.098317332488785172
5 6 108 2066383498 0.98206457332488217 -0.18854488542577078
5 6 109 2064731996 0.98113470376026213 -0.19332535549498586
5 6 110 1723944878 0.36283428644648219 -0.93185367981184264
5 6 111 198272523 0.83388834132566925 0.55193317910877948
5 6 112 1863633739 0.70557379726621361 -0.70863644883066534
5 6 113 430317373 0.2972818323401884 0.95478977380387775
5 6 114 1171868597 -0.95107468606868817 -0.30896106796706008
5 6 115 1180266074 -0.94313304307461732 -0.33241549762430167
5 6 116 1101790738 -0.99423283628250936 -0.1072430289465795
5 6 117 1492147084 -0.30718623013227286 -0.95164942075173997
5 6 118 975802992 -0.96533504574235673 0.2610138874880073
5 6 119 113999987 0.94402446744321822 0.32987543841357492
5 6 120 1433731130 -0.46576259057129887 -0.88490971812061858
5 6 121 1930517490 0.83075591222414591 -0.55663687831891562
5 6 122 694498529 -0.45928711455797971 0.88828787360911621
5 6 123 154468827 0.89803716199313655 0.43991960138110808
5 6 124 2043667134 0.96724121801112839 -0.25385906755589582
5 6 125 1654413980 0.16550473529871107 -0.98620899539281404
5 6 126 931034875 -0.92257738664686195 0.38581208592765293
5 6 127 1182475130 -0.94094761700369201 -0.33855218512819146
5 6 128 2130706427 0.99999999999999989 -1.7693245336195265e-08
5 6 129 274408647 0.69008011022278803 0.7237329904563593
5 6 130 2036604157 0.96174448021060044 -0.273948087754673
5 6 131 631385918 -0.28698824562085856 0.95793410361854314
5 6 132 1946411792 0.85592375147553823 -0.51710205149471322
5 6 133 836908075 -0.78154611252451189 0.62384747655001627
5 6 134 531180695 0.0044112457373237015 0.99999027040819
5 6 135 135964811 0.92069331295447587 0.39028684769142757
5 6 136 800299720 -0.70978074068556596 0.70442267152033755
5 6 137 1433526387 -0.4662967799402023 -0.88462834739646379
5 6 138 285326692 0.66642524024104022 0.74557186050016122
5 6 139 1959181504 0.87478451071284824 -0.48451218748023539
5 6 140 1179324132 -0.94405274360090963 -0.32979450768561192
5 6 141 1984090423 0.90798268312114061 -0.41900769342833599
5 6 142 1952641363 0.86527807828535142 -0.50129217751607624
5 6 143 1288033147 -0.79203861666410968 -0.61047099006652517
5 6 144 499531557 0.097585039107791927 0.99522719021454131
5 6 145 740145704 -0.57434211991193918 0.81861537323401135
5 6 146 1996981973 0.92325163724052328 -0.38419580207583376
5 6 147 1858924184 0.69566460972399624 -0.71836672443645377
5 6 148 948985400 -0.94169814098129623 0.33645892954767997
5 6 149 223431634 0.79068345359068903 0.61222518424016226
5 6 150 2055794476 0.97569934592894736 -0.21911363799139572
5 6 151 332920965 0.55557492878104686 0.83146647467587942
5 6 152 196983185 0.83598081167873362 0.54875867419564839
5 6 153 15078312 0.99901163716881591 0.044449395960823812
5 6 154 2068586239 0.98326856003345509 -0.18216184795323034
5 6 155 1067320548 -0.99998317184977714 -0.0058013806338741512
5 6 156 1606763302 0.02575107921253493 -0.99966838597576435
5 6 157 1012345287 -0.98780786638700713 0.15567793390184964
5 6 158 1239842204 -0.87051620409769059 -0.49213975495111945
5 6 159 741636927 -0.57793635823539302 0.81608183770355491
5 6 160 1966208440 0.88463583408898183 -0.46628257639085263
5 6 161 297227590 0.63985497970046201 0.76849567659975904
5 6 162 1769700987 0.48488937002669191 -0.87457549636101617
5 6 163 1560500640 -0.11044307984275893 -0.99388245085364391
5 6 164 631651676 -0.28773887784168573 0.95770890054254354
5 6 165 1113704053 -0.98985260356279892 -0.142097935312053
5 6 166 1247235995 -0.85957984647626273 -0.51100145550853826
5 6 167 76647846 0.97456494274927896 0.22410527071913031
5 6 168 362153801 0.48192497283486474 0.87621248596337342
5 6 169 1661455079 0.18594455794396453 -0.98256023803684611
5 6 170 1107435938 -0.9923098868938216 -0.12377838410954857
5 6 171 1503039160 -0.27646667173624501 -0.96102350617405985
5 6 172 715902932 -0.5144030449173671 0.85754854520297641
5 6 173 1046768141 -0.99849857909005768 0.054777619107951842
5 6 174 1228775790 -0.88611009436786303 -0.4634748112458506
5 6 175 1207181482 -0.91380773548734173 -0.40614704549398917
5 6 176 1883165899 0.74519713992545566 -0.66684422667285714
5 6 177 169254703 0.878008504194289 0.47864503189995322
5 6 178 2031782681 0.95775243128680942 -0.28759395050001546
5 6 179 809545477 -0.72872035189694118 0.68481139646708444
5 6 180 1363270255 -0.63829123216969497 -0.7697949746103131
5 6 181 724496266 -0.53596641354407026 0.84423930467178954
5 6 182 2047761107 0.97023539960966121 -0.24216372425340899
5 6 183 1615602983 0.051797843206677491 -0.99865759068818805
5 6 184 1499108989 -0.28758571414938017 -0.95775490446000378
5 6 185 870999708 -0.8402110298299641 0.5422595553349624
5 6 186 580473532 -0.14048090238074859 0.99008338844073662
5 6 187 488799854 0.12902632082518478 0.99164116924133217
5 6 188 1333950478 -0.70238081967956467 -0.71180136565355279
5 6 189 654203415 -0.35074569716119902 0.93647074483023995
5 6 190 1760093126 0.45991928211713229 -0.88796072769963297
5 6 191 394438611 0.39644975343033056 0.9180564214714857
5 6 192 100270074 0.9566030996694882 0.29139407973177367
5 6 193 742587401 -0.58022142241544672 0.81445877794409927
5 6 194 794089960 -0.69676321434694999 0.71730120809385667
5 6 195 1546370937 -0.15174706014057238 -0.98841935924924773
5 6 196 654103729 -0.35047039568710031 0.93657381009022844
5 6 197 1165057313 -0.95708810280153567 -0.28979710743166009
5 6 198 176144066 0.86810389929829668 0.49638253396256066
5 6 199 2109074995 0.99796621039339106 -0.063745140309312165
5 6 200 635134501 -0.29755959536943166 0.95470324562325648
5 6 201 1183871088 -0.93954599686389295 -0.34242272088317033
5 6 202 663216935 -0.37551002189106542 0.92681833357965659
5 6 203 359740829 0.48814745468784126 0.87276117150213661
5 6 204 582759091 -0.14715065099776206 0.98911409145302087
5 6 205 224871739 0.78807640200997442 0.61557743996593406
5 6 206 379560400 0.43633410822974128 0.89978472202819515
5 6 207 1037760995 -0.99669161359187108 0.081276241274018238
5 6 208 891750312 -0.87179916617313791 0.4898634645080418
5 6 209 1553878666 -0.12982869902121788 -0.99153643851875561
5 6 210 768312785 -0.64027902027896322 0.7681424192105335
5 6 211 289630157 0.65691024442569146 0.75396878633573305
5 6 212 507113721 0.075310368302776862 0.99716014181579682
5 6 213 389941570 0.40858907483312823 0.91271844942841407
5 6 214 1621817354 0.070088920145302686 -0.99754074767543477
5 6 215 377802870 0.44099157295276797 0.89751124370931612
5 6 216 375803055 0.44627668005294879 0.89489503565553319
5 6 217 1955586464 0.86959898059414442 -0.49375865860724394
5 6 218 1430433734 -0.47434495011941358 -0.88033906439292531
5 6 219 453099818 0.23251421047564211 0.97259299911468045
5 6 220 1789628089 0.53541512794775969 -0.84458903661170281
5 6 221 714559932 -0.51100283760368692 0.85957902484936199
5 6 222 974577550 -0.96438552563120661 0.26450058214117667
5 6 223 1456225617 -0.40608221595469118 -0.91383654659097957
5 6 224 215303647 0.80512900683159472 0.59309972378881604
5 6 225 1075898279 -0.99951655638672077 -0.031091051909371548
5 6 226 1355434520 -0.65590660270075984 -0.75484205535565352
5 6 227 1717443537 0.34490354222118752 -0.93863813398097007
5 6 228 676189627 -0.41068192598433129 0.91177867691112424
5 6 229 945557457 -0.93824896684489201 0.34596080155776704
5 6 230 109548564 0.94827318337374478 0.31745546096141458
5 6 231 457226743 0.22066103919087968 0.97535055533033921
5 6 232 1107975899 -0.99211153956850651 -0.12535825882249507
5 6 233 330670619 0.56108025659325678 0.82776140624049699
5 6 234 1881713396 0.74233405324340707 -0.67002996455025388
5 6 235 2097311852 0.99515511460891848 -0.098317332488784909
5 6 236 64322935 0.98206457332488217 0.18854488542577086
5 6 237 65974437 0.98113470376026202 0.19332535549498622
5 6 238 406761555 0.36283428644648197 0.93185367981184275
5 6 239 1932433910 0.83388834132566891 -0.55193317910878004
5 6 240 267072694 0.70557379726621383 0.70863644883066512
5 6 241 1700389060 0.29728183234018818 -0.95478977380387786
5 6 242 958837836 -0.95107468606868806 0.3089610679670603
5 6 243 950440359 -0.94313304307461721 0.33241549762430189
5 6 244 1028915695 -0.99423283628250936 0.10724302894657975
5 6 245 638559349 -0.30718623013227309 0.95164942075173997
5 6 246 1154903441 -0.96533504574235673 -0.26101388748800708
5 6 247 2016706446 0.94402446744321822 -0.32987543841357503
5 6 248 696975303 -0.46576259057129826 0.88490971812061892
5 6 249 200188943 0.83075591222414624 0.55663687831891506
5 6 250 1436207904 -0.45928711455798032 -0.88828787360911587
5 6 251 1976237606 0.89803716199313643 -0.43991960138110842
5 6 252 87039299 0.96724121801112839 0.25385906755589582
5 6 253 476292453 0.16550473529871088 0.98620899539281415
5 6 254 1199671558 -0.92257738664686195 -0.3858120859276527
5 6 255 948231303 -0.94094761700369201 0.33855218512819174
5 7 1 745209795 -0.5865023102265291 0.8099475539187363
5 7 2 1530256944 -0.19852594690924638 -0.98009563227461993
5 7 3 683854051 -0.43118277795434473 0.90226460198523484
5 7 4 1280363631 -0.80564156251398467 -0.59240330244692707
5 7 5 799195940 -0.70748415360215344 0.70672920726530375
5 7 6 1866113361 0.71073650474578498 -0.70345832912955464
5 7 7 196492126 0.83677457656330356 0.54754753950438317
5 7 8 1907258904 0.79065475628533921 -0.61226224476393354
5 7 9 1523612198 -0.21769111144901693 -0.97601771500116308
5 7 10 377354337 0.4421782957310974 0.89692717362355689
5 7 11 555230156 -0.0664585567344948 0.99778918626970892
5 7 12 754828279 -0.60923643462804222 0.79298862962952454
5 7 13 1591522967 -0.019186727785290094 -0.99981591779531753
5 7 14 1628213537 0.088890491574095717 -0.9960414050167371
5 7 15 272883356 0.69332839108976774 0.7206217746563548
5 7 16 482566400 0.14723151949738247 0.98910205725521161
5 7 17 556967634 -0.071569938834184443 0.99743558381244402
5 7 18 156011870 0.89602613247311458 0.44400131748146043
5 7 19 1382432507 -0.59379674150062112 -0.80461508175229013
5 7 20 313321322 0.60267666304021961 0.79798548848127915
5 7 21 449565238 0.24263876476957907 0.9701167093866041
5 7 22 442515022 0.26275379630505286 0.96486291385216105
5 7 23 676945424 -0.41271303130783099 0.91086110565151557
5 7 24 125304023 0.93250594020190802 0.3611546365314387
5 7 25 2113115069 0.99865480840579812 -0.051851457529934031
5 7 26 1492944515 -0.30494755667952306 -0.9523691446467536
5 7 27 885499127 -0.86262143565991378 0.50585003582092314
5 7 28 966384725 -0.95771448034848983 0.2877203053849729
5 7 29 2014990148 0.94234283583406575 -0.33464903967023563
5 7 30 2104694817 0.99705961480109451 -0.076629788807571791
5 7 31 200110135 0.83088524935053709 0.55644379986814108
5 7 32 547032064 -0.04231979122306178 0.99910411633164464
5 7 33 363469956 0.47852061713706651 0.87807631728384583
5 7 34 1131408498 -0.98108858706381186 -0.19355925277065203
5 7 35 310122353 0.61017741823787996 0.79226480312617398
5 7 36 683544000 -0.43035765605203535 0.90265845582778315
5 7 37 476267299 0.16557788786457781 0.98619671620336746
5 7 38 1030715511 -0.99478801543820261 0.10196472105842505
5 7 39 2041283946 0.96543329644165843 -0.2606502448143736
5 7 40 2063311404 0.9803162288357069 -0.19743376479553312
5 7 41 547459913 -0.043580299787272833 0.99904992741626852
5 7 42 128462361 0.92910191666357012 0.36982378026849544
5 7 43 1087396224 -0.99788811006313993 -0.064956291416725945
5 7 44 585250868 -0.15441456115147675 0.98800614537784981
5 7 45 1264594674 -0.83230791965613149 -0.55431356367825124
5 7 46 697134678 -0.4661784261831074 0.88469072277346794
5 7 47 1432563515 -0.46880670039292616 -0.88330078550100766
5 7 48 1709268245 0.32217690973784119 -0.94667948051691442
5 7 49 1578124874 -0.058663496760100589 -0.99827781411182215
5 7 50 115411044 0.94264367744212918 0.33380068510771382
5 7 51 831118971 -0.77078283717023077 0.63709796571940913
5 7 52 185106730 0.85468296910172725 0.51915028876757441
5 7 53 1995696267 0.9217883707342962 -0.38769343504760534
5 7 54 96769547 0.95956002920602279 0.28150408584980924
5 7 55 600954025 -0.19998392587479805 0.97979917809299233
5 7 56 26628207 0.99691863466254871 0.078442564099853659
5 7 57 1114540107 -0.98949926479350991 -0.14453790151065338
5 7 58 33016357 0.99526415237656951 0.097207340227724703
5 7 59 850204459 -0.80539982093397544 0.59273191953826843
5 7 60 1284666353 -0.79806039159813402 -0.60257747332789746
5 7 61 302115899 0.62871101428436382 0.77763902970306631
5 7 62 1497735408 -0.29146274749885248 -0.95658217985723537
5 7 63 605174837 -0.21216333188253989 0.97723421993117865
5 7 64 2013724680 0.94108746555789125 -0.33816324781061702
5 7 65 1619472204 0.063188753813401458 -0.99800159388224896
5 7 66 1914503624 0.80355356522834975 -0.59523244855166313
5 7 67 1391960223 -0.57095886871870305 -0.82097866612443637
5 7 68 1012467677 -0.98786398819709353 0.15532141134863758
5 7 69 1126590640 -0.98373942785033031 -0.17960160938227929
5 7 70 1214969545 -0.90423999705501401 -0.42702462192003421
5 7 71 1445707633 -0.43422610881698176 -0.90080391119358638
5 7 72 1034598443 -0.99589030228921882 0.090567686325137287
5 7 73 749523497 -0.59675757148759234 0.80242158549744358
5 7 74 1712071081 0.32999032169787518 -0.94398431532824356
5 7 75 2066126538 0.98192142288550366 -0.18928898351068363
5 7 76 1095703088 -0.99599773064626584 -0.089378523972420604
5 7 77 1513238332 -0.24744218120272443 -0.96890266124190105
5 7 78 267415011 0.70485810499285406 0.70934832897941102
5 7 79 1275103011 -0.81473415415051575 -0.57983468166421681
5 7 80 1090331069 -0.99728858281900357 -0.073589962487172214
5 7 81 1028083467 -0.99396665357750824 0.10968268585300817
5 7 82 1589459256 -0.025270838887192233 -0.99968064135599699
5 7 83 17215889 0.99871160765552014 0.05074568685244412
5 7 84 473720542 0.17297955141003565 0.98492541585339488
5 7 85 255303646 0.72973752424187055 0.68372739137272065
5 7 86 1659057142 0.17899207271626544 -0.98385051603621942
5 7 87 1689936418 0.26771529318070403 -0.96349806527941184
5 7 88 626916319 -0.27433783892691488 0.9616333761537762
5 7 89 1269659847 -0.8239358481855642 -0.56668308433791714
5 7 90 1882338032 0.74356697033565844 -0.66866146937433901
5 7 91 891854501 -0.87194963080051024 0.48959558959089283
5 7 92 1818395690 0.60505203630709381 -0.79618592888887407
5 7 93 1297053179 -0.77552248152621961 -0.6313199510924824
5 7 94 1703934769 0.30724853903280652 -0.95162930559236458
5 7 95 1497129763 -0.29317070972493869 -0.95606011053666273
5 7 96 1524401106 -0.21541992609792157 -0.97652150792492332
5 7 97 1230609513 -0.88359094933141913 -0.46825957999767781
5 7 98 1969837115 0.88957455319651324 -0.45679001117058576
5 7 99 1192375523 -0.93066400599632748 -0.365874989501698
5 7 100 986700796 -0.97322318391659179 0.22986220717475905
5 7 101 2092909283 0.99379486890767155 -0.11122840704057539
5 7 102 2002899775 0.92981526534405456 -0.36802659188320258
5 7 103 1242157494 -0.86713585713598318 -0.49807168687754549
5 7 104 1193185623 -0.92978731874019394 -0.36809719084763604
5 7 105 2100041783 0.99591433664712203 -0.090303012467596214
5 7 106 1355845093 -0.65499221367029714 -0.75563562649684779
5 7 107 1104313561 -0.99340749717445775 -0.11463657600251227
5 7 108 1700545270 0.29772161862535268 -0.95465273152235841
5 7 109 988383040 -0.97435148776157465 0.22503150512051856
5 7 110 590798069 -0.17055498407315012 0.98534816050358942
5 7 111 1296671160 -0.77623318761439764 -0.6304459044565135
5 7 112 398650668 0.38501644608864383 0.9229097118577041
5 7 113 857154674 -0.81737804358193178 0.57610166973388788
5 7 114 1012062291 -0.987677606146807 0.15650222463630589
5 7 115 2087212564 0.99178621822344448 -0.12790659616313094
5 7 116 575187050 -0.12502987905899238 0.99215297678457515
5 7 117 1030602787 -0.99475406649822429 0.10229539180846033
5 7 118 1138436824 -0.9768665260269328 -0.21384992477920567
5 7 119 1908588679 0.79304955919473508 -0.60915711984761067
5 7 120 252215363 0.73593385413179135 0.67705344127530076
5 7 121 121563972 0.936432299004197 0.3508483281728933
5 7 122 455130545 0.22668584068192543 0.97396793049582941
5 7 123 1245566848 -0.86208462637976735 -0.50676434065515785
5 7 124 253571890 0.73321960541230968 0.67999191924538105
5 7 125 509678688 0.067766000870522938 0.99770124241980185
5 7 126 1441325093 -0.44583111615596877 -0.89511709617631763
5 7 127 2089789796 0.99272964828949339 -0.12036546600673631
5 7 128 2130706426 0.99999999999999978 -2.064211937004318e-08
5 7 129 1385496638 -0.58650231022652854 -0.80994755391873663
5 7 130 600449489 -0.1985259469092468 0.98009563227461993
5 7 131 1446852382 -0.43118277795434456 -0.90226460198523495
5 7 132 850342802 -0.80564156251398444 0.59240330244692729
5 7 133 1331510493 -0.70748415360215355 -0.70672920726530353
5 7 134 264593072 0.71073650474578509 0.70345832912955453
5 7 135 1934214307 0.83677457656330345 -0.54754753950438328
5 7 136 223447529 0.79065475628533921 0.61226224476393354
5 7 137 607094235 -0.21769111144901604 0.9760177150011633
5 7 138 1753352096 0.4421782957310964 -0.89692717362355734
5 7 139 1575476277 -0.066458556734494606 -0.99778918626970892
5 7 140 1375878154 -0.609236434628042 -0.79298862962952466
5 7 141 539183466 -0.019186727785288963 0.99981591779531753
5 7 142 502492896 0.088890491574096619 0.99604140501673699
5 7 143 1857823077 0.69332839108976763 -0.72062177465635491
5 7 144 1648140033 0.14723151949738203 -0.98910205725521172
5 7 145 1573738799 -0.071569938834184249 -0.99743558381244402
5 7 146 1974694563 0.89602613247311413 -0.4440013174814611
5 7 147 748273926 -0.59379674150062101 0.80461508175229024
5 7 148 1817385111 0.60267666304021961 -0.79798548848127915
5 7 149 1681141195 0.24263876476957885 -0.9701167093866041
5 7 150 1688191411 0.26275379630505175 -0.96486291385216139
5 7 151 1453761009 -0.41271303130783099 -0.91086110565151557
5 7 152 2005402410 0.9325059402019078 -0.36115463653143931
5 7 153 17591364 0.99865480840579812 0.051851457529934197
5 7 154 637761918 -0.30494755667952328 0.95236914464675348
5 7 155 1245207306 -0.86262143565991389 -0.50585003582092292
5 7 156 1164321708 -0.95771448034849005 -0.28772030538497223
5 7 157 115716285 0.94234283583406575 0.33464903967023568
5 7 158 26011616 0.99705961480109462 0.076629788807570945
5 7 159 1930596298 0.83088524935053676 -0.55644379986814152
5 7 160 1583674369 -0.042319791223062245 -0.99910411633164464
5 7 161 1767236477 0.47852061713706651 -0.87807631728384583
5 7 162 999297935 -0.98108858706381186 0.19355925277065228
5 7 163 1820584080 0.6101774182378803 -0.79226480312617376
5 7 164 1447162433 -0.43035765605203519 -0.90265845582778326
5 7 165 1654439134 0.16557788786457756 -0.98619671620336746
5 7 166 1099990922 -0.99478801543820261 -0.1019647210584248
5 7 167 89422487 0.96543329644165832 0.26065024481437404
5 7 168 67395029 0.9803162288357069 0.19743376479553298
5 7 169 1583246520 -0.043580299787273076 -0.99904992741626852
5 7 170 2002244072 0.92910191666357012 -0.36982378026849555
5 7 171 1043310209 -0.99788811006313993 0.064956291416726181
5 7 172 1545455565 -0.15441456115147742 -0.9880061453778497
5 7 173 866111759 -0.83230791965613127 0.55431356367825146
5 7 174 1433571755 -0.46617842618310762 -0.88469072277346783
5 7 175 698142918 -0.46880670039292632 0.88330078550100755
5 7 176 421438188 0.32217690973784124 0.94667948051691442
5 7 177 552581559 -0.058663496760100346 0.99827781411182215
5 7 178 2015295389 0.94264367744212918 -0.33380068510771382
5 7 179 1299587462 -0.77078283717023099 -0.63709796571940902
5 7 180 1945599703 0.85468296910172692 -0.51915028876757485
5 7 181 135010166 0.92178837073429631 0.3876934350476049
5 7 182 2033936886 0.95956002920602268 -0.28150408584980963
5 7 183 1529752408 -0.19998392587479807 -0.97979917809299233
5 7 184 2104078226 0.99691863466254871 -0.07844256409985402
5 7 185 1016166326 -0.98949926479350991 0.14453790151065363
5 7 186 2097690076 0.99526415237656951 -0.097207340227725189
5 7 187 1280501974 -0.80539982093397555 -0.5927319195382682
5 7 188 846040080 -0.7980603915981338 0.60257747332789768
5 7 189 1828590534 0.62871101428436371 -0.77763902970306642
5 7 190 632971025 -0.29146274749885226 0.95658217985723537
5 7 191 1525531596 -0.21216333188253947 -0.97723421993117876
5 7 192 116981753 0.94108746555789125 0.33816324781061702
5 7 193 511234229 0.063188753813401707 0.99800159388224896
5 7 194 216202809 0.80355356522834986 0.59523244855166302
5 7 195 738746210 -0.57095886871870294 0.82097866612443648
5 7 196 1118238756 -0.98786398819709353 -0.15532141134863733
5 7 197 1004115793 -0.98373942785033019 0.17960160938227954
5 7 198 915736888 -0.9042399970550139 0.42702462192003443
5 7 199 684998800 -0.43422610881698115 0.90080391119358671
5 7 200 1096107990 -0.99589030228921882 -0.090567686325137051
5 7 201 1381182936 -0.59675757148759256 -0.80242158549744336
5 7 202 418635352 0.32999032169787584 0.94398431532824334
5 7 203 64579895 0.98192142288550377 0.18928898351068316
5 7 204 1035003345 -0.99599773064626573 0.089378523972420854
5 7 205 617468101 -0.24744218120272396 0.96890266124190116
5 7 206 1863291422 0.70485810499285406 -0.70934832897941102
5 7 207 855603422 -0.81473415415051564 0.57983468166421692
5 7 208 1040375364 -0.99728858281900357 0.073589962487172464
5 7 209 1102622966 -0.99396665357750824 -0.10968268585300793
5 7 210 541247177 -0.025270838887191765 0.9996806413559971
5 7 211 2113490544 0.99871160765552014 -0.050745686852444544
5 7 212 1656985891 0.1729795514100354 -0.98492541585339488
5 7 213 1875402787 0.72973752424186977 -0.68372739137272143
5 7 214 471649291 0.1789920727162661 0.9838505160362192
5 7 215 440770015 0.26771529318070447 0.96349806527941173
5 7 216 1503790114 -0.27433783892691538 -0.96163337615377609
5 7 217 861046586 -0.82393584818556409 0.56668308433791725
5 7 218 248368401 0.74356697033565888 0.66866146937433846
5 7 219 1238851932 -0.87194963080051036 -0.48959558959089261
5 7 220 312310743 0.60505203630709337 0.79618592888887429
5 7 221 833653254 -0.7755224815262195 0.63131995109248262
5 7 222 426771664 0.30724853903280674 0.95162930559236447
5 7 223 633576670 -0.29317070972493847 0.95606011053666273
5 7 224 606305327 -0.21541992609792135 0.97652150792492332
5 7 225 900096920 -0.88359094933141891 0.46825957999767803
5 7 226 160869318 0.88957455319651324 0.45679001117058576
5 7 227 938330910 -0.93066400599632748 0.36587498950169822
5 7 228 1144005637 -0.97322318391659179 -0.2298622071747588
5 7 229 37797150 0.99379486890767166 0.11122840704057459
5 7 230 127806658 0.92981526534405479 0.36802659188320203
5 7 231 888548939 -0.86713585713598307 0.49807168687754566
5 7 232 937520810 -0.92978731874019382 0.36809719084763626
5 7 233 30664650 0.99591433664712214 0.090303012467595839
5 7 234 774861340 -0.65499221367029703 0.75563562649684801
5 7 235 1026392872 -0.99340749717445775 0.11463657600251208
5 7 236 430161163 0.2977216186253529 0.9546527315223583
5 7 237 1142323393 -0.97435148776157476 -0.22503150512051834
5 7 238 1539908364 -0.17055498407315078 -0.98534816050358931
5 7 239 834035273 -0.77623318761439752 0.63044590445651372
5 7 240 1732055765 0.38501644608864405 -0.92290971185770398
5 7 241 1273551759 -0.817378043581932 -0.57610166973388766
5 7 242 1118644142 -0.987677606146807 -0.15650222463630609
5 7 243 43493869 0.99178621822344448 0.1279065961631306
5 7 244 1555519383 -0.12502987905899282 -0.99215297678457515
5 7 245 1100103646 -0.99475406649822429 -0.10229539180846009
5 7 246 992269609 -0.97686652602693269 0.21384992477920592
5 7 247 222117754 0.79304955919473508 0.60915711984761078
5 7 248 1878491070 0.73593385413179124 -0.67705344127530098
5 7 249 2009142461 0.93643229900419667 -0.35084832817289413
5 7 250 1675575888 0.2266858406819254 -0.97396793049582941
5 7 251 885139585 -0.86208462637976724 0.50676434065515807
5 7 252 1877134543 0.73321960541230946 -0.67999191924538138
5 7 253 1621027745 0.067766000870522466 -0.99770124241980196
5 7 254 689381340 -0.44583111615596854 0.89511709617631774
5 7 255 40916637 0.99272964828949339 0.1203654660067358
5 8 1 1764828237 0.47227285901715094 -0.88145240747062814
5 8 2 835705179 -0.77932829532712844 0.62661583773673657
5 8 3 1999094020 0.92562654867366856 -0.37843822797184834
5 8 4 245726188 0.74875425923081351 0.66284768935534188
5 8 5 304593522 0.62301269922371416 0.78221172108706083
5 8 6 1994551 0.99998270296970915 0.0058816461466542598
5 8 7 528949063 0.01099184080339108 0.99993958789306514
5 8 8 353404662 0.50436845723952839 0.86348854036508094
5 8 9 219337917 0.79801635637279822 0.60263578964535713
5 8 10 1040035366 -0.99721429944834106 0.074589818177512257
5 8 11 938935383 -0.93131470472892297 0.36421548670488885
5 8 12 558274257 -0.075412584092549292 0.99715241671495947
5 8 13 905723491 -0.89123835754942149 0.45353521366329386
5 8 14 947655571 -0.9403714804044101 0.34014920085459294
5 8 15 1833799859 0.64058217842753351 -0.76788962271998151
5 8 16 1464664357 -0.38321821156209296 -0.92365783834012416
5 8 17 1854080972 0.68533428006367203 -0.7282286210865434
5 8 18 178299280 0.86493165157420937 0.50188966726274664
5 8 19 362376332 0.4813498845191615 0.87652854412927694
5 8 20 1575628044 -0.06601199772898847 -0.99781882932515764
5 8 21 1122562110 -0.98580356345641984 -0.16790275243909597
5 8 22 810118087 -0.72987565410083521 0.68357993647478998
5 8 23 1686811813 0.2588263185873933 -0.96592387733531937
5 8 24 447591231 0.24828176677039343 0.96868785699490012
5 8 25 2110602017 0.99824313567556111 -0.0592506715288805
5 8 26 793062403 -0.69458649845597331 0.71940919938701797
5 8 27 707612369 -0.49328621356184371 0.86986706542426306
5 8 28 1408826319 -0.5294374730738306 -0.84834896245896174
5 8 29 780912717 -0.66837134320445524 0.74382776741868972
5 8 30 1187818972 -0.93549599701400721 -0.35333728867863423
5 8 31 1141857197 -0.9746599297489047 -0.22369179989856622
5 8 32 929566135 -0.92089773659127117 0.38980425695606996
5 8 33 1024167502 -0.99263382871309913 0.12115313489288551
5 8 34 1901811550 0.7807180595014942 -0.62488343838528904
5 8 35 50038913 0.98913298945679573 0.14702356671045078
5 8 36 1998739676 0.92523060730455287 -0.3794052230885181
5 8 37 2066238651 0.9819839495107987 -0.18896434294113032
5 8 38 1177960584 -0.94537118951410204 -0.32599588039834448
5 8 39 2028509305 0.95493177549758967 -0.29682537651794683
5 8 40 227363743 0.78353152765104683 0.62135202999331784
5 8 41 625668472 -0.27079742505559173 0.96263635635854783
5 8 42 1364360660 -0.63581268621692166 -0.77184339606271313
5 8 43 1547125175 -0.1495482907278548 -0.9887544228676689
5 8 44 1886404668 0.75153190043349727 -0.65969675050800125
5 8 45 1445251056 -0.43543854659034142 -0.90021845801077138
5 8 46 492338713 0.11867106275252755 0.99293362258772644
5 8 47 1941602079 0.84850372632103521 -0.52918940505202661
5 8 48 1040289523 -0.99726992272295545 0.073842408087429201
5 8 49 1194798018 -0.92802660505632939 -0.37251391961593
5 8 50 131898336 0.92530713913745799 0.37921853628383329
5 8 51 341076986 0.53541851016041031 0.84458689249692154
5 8 52 1733483715 0.38889925091944449 -0.9212802899412833
5 8 53 454475934 0.22856553126747431 0.97352852958524905
5 8 54 110593768 0.94729022738955293 0.32037669249221157
5 8 55 686804600 -0.43901677988343502 0.89847886284585432
5 8 56 1552365403 -0.13425204597472845 -0.99094721764158533
5 8 57 969373489 -0.96021307107582488 0.27926843383227701
5 8 58 646506246 -0.32940117696371901 0.94419005746455342
5 8 59 58502339 0.98515597815195233 0.17166158193221367
5 8 60 1772576751 0.4922884790187903 -0.87043210730381837
5 8 61 1258435213 -0.8422383367397972 -0.53910535531172388
5 8 62 494151076 0.11336272842608484 0.99355366830574066
5 8 63 1604788285 0.019928529987803978 -0.99980140712669796
5 8 64 1997013001 0.92328678639647277 -0.3841113250942676
5 8 65 1850825376 0.67831156056815733 -0.73477440537867889
5 8 66 361684342 0.48313751778652847 0.87554448139833074
5 8 67 68878517 0.97944315369829016 0.20172037248019228
5 8 68 548332650 -0.046151299180987981 0.99893446110538553
5 8 69 1287532160 -0.79293962988895372 -0.60930020790376327
5 8 70 475376723 0.16816726038534149 0.98575847576091824
5 8 71 739077395 -0.57176038288060582 0.82042066317726481
5 8 72 573624954 -0.12045829078129758 0.99271838916283217
5 8 73 552211649 -0.057574522597100927 0.99834121138402165
5 8 74 1956652664 0.87114710143510166 -0.49102212542941559
5 8 75 230581039 0.77760133715831614 0.62875763251796701
5 8 76 643458834 -0.32090308836116516 0.947112035548206
5 8 77 1120641970 -0.98673846304113466 -0.16231822311502608
5 8 78 914390422 -0.90253734728240853 0.43061158456366805
5 8 79 1457260584 -0.40329131129569679 -0.91507164650282846
5 8 80 941706017 -0.93425931979358057 0.35659434008244739
5 8 81 1479339167 -0.34290139851328555 -0.9393714020011642
5 8 82 1816524864 0.60065042821425862 -0.79951176544565483
5 8 83 324061935 0.57710425442582636 0.8166704840531529
5 8 84 1454554805 -0.41057975471025993 -0.91182468985110443
5 8 85 900548862 -0.88421422341876554 0.46708158506191333
5 8 86 678518772 -0.41693461022584233 0.90893648336714095
5 8 87 1626969273 0.085235248150692333 -0.99636085454652923
5 8 88 1629635693 0.09306685544045927 -0.99565986180945587
5 8 89 233493292 0.77217304163054845 0.63541230219364442
5 8 90 933696932 -0.92557758179283256 0.37855797453300638
5 8 91 106102387 0.95145025380675441 0.30780255770714865
5 8 92 1165006603 -0.95713142761005543 -0.28965398371356332
5 8 93 1177959857 -0.94537188839219 -0.32599385368099298
5 8 94 121034222 0.93697923953816753 0.34938503785147595
5 8 95 189072277 0.84855377910058361 0.52910914183570668
5 8 96 1133399426 -0.97993529961250581 -0.19931585128470944
5 8 97 1406410872 -0.53546665345740163 -0.84455637054913679
5 8 98 1033695884 -0.99564572636872062 0.093217957302779375
5 8 99 1971488150 0.89178797216019778 -0.4524535475719052
5 8 100 518884786 0.040659138259770938 0.99917307533578625
5 8 101 869963157 -0.83854960500005382 0.54482525634762358
5 8 102 1984641681 0.90866261806090542 -0.41753113241853118
5 8 103 810835298 -0.7313197682966015 0.68203474728096158
5 8 104 1363640712 -0.63744990349339248 -0.77049180432777131
5 8 105 269341319 0.70081734407833407 0.71334076726273676
5 8 106 331990716 0.55785370383199506 0.82993930207029276
5 8 107 44526108 0.99139228369929011 0.13092493964675403
5 8 108 1334707042 -0.7007910355260093 -0.71336661298828918
5 8 109 2042740517 0.96654394389380138 -0.25650108093771495
5 8 110 1588357693 -0.028518033204548619 -0.99959327817975263
5 8 111 264363364 0.71121285025616043 0.70297672908177289
5 8 112 1064374030 -0.99999583118099922 0.0028874938307175729
5 8 113 1283991975 -0.79925713199695814 -0.60098921533751082
5 8 114 852255985 -0.80897090643397551 0.58784868167190096
5 8 115 863452621 -0.82793574602803544 0.56082296711975022
5 8 116 48583362 0.98975493595768171 0.14277663235769852
5 8 117 569058490 -0.10707989912368467 0.99425041875961084
5 8 118 1301070656 -0.76798896477120349 -0.64046307464962815
5 8 119 1572470938 -0.075298604827876828 -0.99716103018067004
5 8 120 1201406029 -0.9205920004270518 -0.3905257593933068
5 8 121 443316887 0.26047154994011551 0.96548152321615865
5 8 122 215762561 0.80432564003432816 0.59418874508304875
5 8 123 205958436 0.82116579021478509 0.57068970989577816
5 8 124 594183079 -0.1803820383597996 0.98359662475893228
5 8 125 1495649829 -0.29734028411192898 -0.95477157239008603
5 8 126 1951615311 0.86375736096333 -0.50390794931382432
5 8 127 866398029 -0.83277556026133537 0.55361075335601917
5 8 128 2130706425 0.99999999999999967 -2.3590994292069514e-08
5 8 129 365878196 0.4722728590171506 0.88145240747062836
5 8 130 1295001254 -0.77932829532712855 -0.62661583773673635
5 8 131 131612413 0.92562654867366889 0.37843822797184767
5 8 132 1884980245 0.74875425923081329 -0.66284768935534211
5 8 133 1826112911 0.62301269922371416 -0.78221172108706083
5 8 134 2128711882 0.99998270296970915 -0.0058816461466543639
5 8 135 1601757370 0.010991840803390836 -0.99993958789306514
5 8 136 1777301771 0.50436845723952872 -0.86348854036508071
5 8 137 1911368516 0.79801635637279811 -0.60263578964535736
5 8 138 1090671067 -0.99721429944834106 -0.074589818177512021
5 8 139 1191771050 -0.93131470472892319 -0.36421548670488818
5 8 140 1572432176 -0.075412584092549542 -0.99715241671495947
5 8 141 1224982942 -0.8912383575494216 -0.45353521366329363
5 8 142 1183050862 -0.9403714804044101 -0.34014920085459271
5 8 143 296906574 0.64058217842753384 0.76788962271998129
5 8 144 666042076 -0.38321821156209229 0.92365783834012449
5 8 145 276625461 0.68533428006367192 0.72822862108654351
5 8 146 1952407153 0.86493165157420937 -0.50188966726274675
5 8 147 1768330101 0.48134988451916105 -0.87652854412927728
5 8 148 555078389 -0.066011997728988456 0.99781882932515764
5 8 149 1008144323 -0.98580356345641984 0.16790275243909622
5 8 150 1320588346 -0.72987565410083532 -0.68357993647478987
5 8 151 443894620 0.25882631858739397 0.96592387733531926
5 8 152 1683115202 0.2482817667703934 -0.96868785699490012
5 8 153 20104416 0.99824313567556111 0.05925067152888009
5 8 154 1337644030 -0.69458649845597342 -0.71940919938701786
5 8 155 1423094064 -0.49328621356184355 -0.86986706542426318
5 8 156 721880114 -0.52943747307383004 0.84834896245896207
5 8 157 1349793716 -0.66837134320445535 -0.74382776741868961
5 8 158 942887461 -0.93549599701400721 0.35333728867863445
5 8 159 988849236 -0.97465992974890459 0.22369179989856647
5 8 160 1201140298 -0.92089773659127117 -0.38980425695606974
5 8 161 1106538931 -0.99263382871309924 -0.12115313489288528
5 8 162 228894883 0.78071805950149453 0.6248834383852887
5 8 163 2080667520 0.98913298945679562 -0.14702356671045153
5 8 164 131966757 0.9252306073045532 0.37940522308851754
5 8 165 64467782 0.9819839495107987 0.18896434294113068
5 8 166 952745849 -0.94537118951410204 0.32599588039834471
5 8 167 102197128 0.9549317754975899 0.29682537651794638
5 8 168 1903342690 0.78353152765104694 -0.62135202999331762
5 8 169 1505037961 -0.27079742505559218 -0.96263635635854772
5 8 170 766345773 -0.63581268621692155 0.77184339606271324
5 8 171 583581258 -0.149548290727855 0.9887544228676689
5 8 172 244301765 0.7515319004334976 0.65969675050800081
5 8 173 685455377 -0.4354385465903412 0.90021845801077149
5 8 174 1638367720 0.11867106275252685 -0.99293362258772655
5 8 175 189104354 0.84850372632103555 0.52918940505202605
5 8 176 1090416910 -0.99726992272295545 -0.073842408087428951
5 8 177 935908415 -0.92802660505632928 0.37251391961593022
5 8 178 1998808097 0.92530713913745788 -0.37921853628383356
5 8 179 1789629447 0.53541851016041031 -0.84458689249692154
5 8 180 397222718 0.38889925091944455 0.9212802899412833
5 8 181 1676230499 0.22856553126747364 -0.97352852958524927
5 8 182 2020112665 0.94729022738955293 -0.32037669249221162
5 8 183 1443901833 -0.43901677988343479 -0.89847886284585443
5 8 184 578341030 -0.1342520459747282 0.99094721764158533
5 8 185 1161332944 -0.96021307107582499 -0.27926843383227673
5 8 186 1484200187 -0.32940117696371962 -0.9441900574645532
5 8 187 2072204094 0.98515597815195233 -0.17166158193221376
5 8 188 358129682 0.49228847901879069 0.87043210730381815
5 8 189 872271220 -0.84223833673979676 0.53910535531172443
5 8 190 1636555357 0.11336272842608415 -0.99355366830574077
5 8 191 525918148 0.019928529987804002 0.99980140712669796
5 8 192 133693432 0.92328678639647288 0.38411132509426726
5 8 193 279881057 0.678311560568158 0.73477440537867822
5 8 194 1769022091 0.48313751778652786 -0.87554448139833108
5 8 195 2061827916 0.97944315369829005 -0.20172037248019292
5 8 196 1582373783 -0.046151299180988668 -0.99893446110538542
5 8 197 843174273 -0.7929396298889535 0.60930020790376349
5 8 198 1655329710 0.16816726038534169 -0.98575847576091813
5 8 199 1391629038 -0.5717603828806056 -0.82042066317726492
5 8 200 1557081479 -0.12045829078129761 -0.99271838916283217
5 8 201 1578494784 -0.05757452259710117 -0.99834121138402165
5 8 202 174053769 0.87114710143510188 0.4910221254294152
5 8 203 1900125394 0.77760133715831592 -0.62875763251796724
5 8 204 1487247599 -0.32090308836116538 -0.94711203554820589
5 8 205 1010064463 -0.98673846304113455 0.16231822311502633
5 8 206 1216316011 -0.90253734728240864 -0.43061158456366783
5 8 207 673445849 -0.40329131129569595 0.91507164650282879
5 8 208 1189000416 -0.93425931979358068 -0.35659434008244717
5 8 209 651367266 -0.34290139851328511 0.93937140200116442
5 8 210 314181569 0.60065042821425874 0.79951176544565472
5 8 211 1806644498 0.57710425442582636 -0.8166704840531529
5 8 212 676151628 -0.4105797547102597 0.91182468985110454
5 8 213 1230157571 -0.88421422341876565 -0.46708158506191311
5 8 214 1452187661 -0.41693461022584255 -0.90893648336714084
5 8 215 503737160 0.085235248150692361 0.99636085454652923
5 8 216 501070740 0.093066855440459506 0.99565986180945576
5 8 217 1897213141 0.77217304163054801 -0.63541230219364486
5 8 218 1197009501 -0.92557758179283267 -0.37855797453300616
5 8 219 2024604046 0.9514502538067543 -0.3078025577071492
5 8 220 965699830 -0.95713142761005532 0.28965398371356355
5 8 221 952746576 -0.94537188839218989 0.32599385368099321
5 8 222 2009672211 0.93697923953816753 -0.34938503785147595
5 8 223 1941634156 0.84855377910058327 -0.52910914183570723
5 8 224 997307007 -0.97993529961250581 0.19931585128470969
5 8 225 724295561 -0.53546665345740108 0.84455637054913724
5 8 226 1097010549 -0.99564572636872062 -0.093217957302779139
5 8 227 159218283 0.89178797216019801 0.45245354757190492
5 8 228 1611821647 0.040659138259770918 -0.99917307533578625
5 8 229 1260743276 -0.83854960500005393 -0.54482525634762335
5 8 230 146064752 0.90866261806090576 0.41753113241853068
5 8 231 1319871135 -0.73131976829660161 -0.68203474728096136
5 8 232 767065721 -0.6374499034933927 0.7704918043277712
5 8 233 1861365114 0.70081734407833352 -0.71334076726273732
5 8 234 1798715717 0.55785370383199462 -0.82993930207029309
5 8 235 2086180325 0.99139228369929011 -0.1309249396467542
5 8 236 795999391 -0.70079103552600919 0.71336661298828941
5 8 237 87965916 0.96654394389380138 0.2565010809377149
5 8 238 542348740 -0.028518033204548817 0.99959327817975263
5 8 239 1866343069 0.71121285025616054 -0.70297672908177278
5 8 240 1066332403 -0.99999583118099922 -0.0028874938307173279
5 8 241 846714458 -0.79925713199695803 0.60098921533751104
5 8 242 1278450448 -0.80897090643397562 -0.58784868167190085
5 8 243 1267253812 -0.82793574602803555 -0.56082296711974999
5 8 244 2082123071 0.98975493595768171 -0.14277663235769841
5 8 245 1561647943 -0.10707989912368492 -0.99425041875961084
5 8 246 829635777 -0.76798896477120338 0.64046307464962837
5 8 247 558235495 -0.075298604827876578 0.99716103018067015
5 8 248 929300404 -0.9205920004270518 0.39052575939330703
5 8 249 1687389546 0.26047154994011529 -0.96548152321615877
5 8 250 1914943872 0.8043256400343286 -0.59418874508304831
5 8 251 1924747997 0.82116579021478509 -0.57068970989577827
5 8 252 1536523354 -0.18038203835979982 -0.98359662475893217
5 8 253 635056604 -0.29734028411192892 0.95477157239008603
5 8 254 179091122 0.86375736096333 0.50390794931382432
5 8 255 1264308404 -0.83277556026133548 -0.55361075335601895
6 1 1 1483731022 -0.33070715634134162 -0.94373342461980403
6 1 2 1688264839 0.26296271185020326 -0.9648059971706161
6 1 3 1106852056 -0.99252153685133515 -0.12206964768632596
6 1 4 1525737196 -0.2115708070132018 -0.9773626725119916
6 1 5 266587623 0.70658671814407703 0.70762646201395174
6 1 6 1149872170 -0.96910121362481516 -0.24666340983394844
6 1 7 1360303381 -0.64500160648891014 -0.76418121386666205
6 1 8 665723362 -0.38234994492546892 0.92401759702696729
6 1 9 1127122101 -0.98345674612409095 -0.18114311607956649
6 1 10 1934152411 0.8366746223211966 -0.54770026142378558
6 1 11 948641100 -0.94135604979891541 0.33741485964163148
6 1 12 1835947661 0.64543280181582663 -0.76381705816260215
6 1 13 162633832 0.88718569238074785 0.46141255643392837
6 1 14 1666571406 0.20074711681308699 -0.97964309577071629
6 1 15 22287410 0.99784103610861352 0.065675464655292767
6 1 16 391001680 0.40573380547315507 0.91399129049256922
6 1 17 204795965 0.82311727496576348 0.56787142176106709
6 1 18 340611189 0.53657810964346475 0.84385065755229804
6 1 19 244581583 0.75098729713324663 0.66031665096717107
6 1 20 322287208 0.58137033326262799 0.81363906961385579
6 1 21 18258094 0.99855093298965036 0.053814814182516976
6 1 22 582329448 -0.14589736210162327 0.98929973199823917
6 1 23 694551765 -0.45942655789688969 0.88821576089316034
6 1 24 1982081381 0.90548438891258087 -0.42437957235900264
6 1 25 1213830588 -0.90566911662146843 -0.42398520162629372
6 1 26 365838228 0.47237674425118287 0.88139673898344584
6 1 27 1517216544 -0.23605897902704795 -0.97173872950536855
6 1 28 1553854242 -0.12990011241512531 -0.991527085255132
6 1 29 1150168063 -0.96888561827638009 -0.24750890629873643
6 1 30 1315195676 -0.74065340827326565 -0.67188728877185588
6 1 31 159806306 0.8910020747402938 0.45399923216729327
6 1 32 16711679 0.99878595500766398 0.049260695076588527
6 1 33 680557966 -0.42239277108993756 0.90641290090717686
6 1 34 1477317346 -0.34849589320963337 -0.93731030743079946
6 1 35 1235898299 -0.87618082791034113 -0.48198252748657727
6 1 36 1181515767 -0.94190162826106461 -0.33588885465158752
6 1 37 739592822 -0.57300670345186633 0.81955068043362944
6 1 38 868399711 -0.83602883644677928 0.54868550612299249
6 1 39 1194565202 -0.92828213393410819 -0.3718766997524024
6 1 40 1461727711 -0.39120243440570363 -0.92030465353330204
6 1 41 1620416215 0.065966712003737826 -0.99782182422886301
6 1 42 452244254 0.23496727199128498 0.97200328244969081
6 1 43 699882112 -0.47333066826448539 0.88088482702354209
6 1 44 170455089 0.87630870534449601 0.48174999007519798
6 1 45 13824221 0.9991691862081048 0.040754598909001391
6 1 46 1096068990 -0.99590071153913307 -0.09045315227148519
6 1 47 1903640825 0.78407749425345197 -0.6206629383209763
6 1 48 1748172362 0.42842723763873991 -0.90357628457659211
6 1 49 997559624 -0.98008350520717269 0.19858580719885788
6 1 50 487910398 0.1316268435776265 0.99129933625005073
6 1 51 662681029 -0.37404488460969637 0.92741060178182078
6 1 52 1127987059 -0.98299151440988852 -0.18365098038985211
6 1 53 1983461360 0.90720385045817331 -0.42069130453797626
6 1 54 1604102745 0.017907320868137868 -0.99983965107377371
6 1 55 577887151 -0.13292561056568422 0.99112601724288318
6 1 56 982097957 -0.97001366768947483 0.24305037439924468
6 1 57 1582900547 -0.044599538502789769 -0.99900494551595598
6 1 58 829552633 -0.76783191218447666 0.64065135185304189
6 1 59 1891338449 0.76105001626566038 -0.64869320386607887
6 1 60 1669732944 0.20987145129832313 -0.97772898797669672
6 1 61 367603065 0.46778333041231279 0.88384317375220189
6 1 62 467816010 0.19010171245379645 0.98176440092424111
6 1 63 2114219141 0.99881833161707723 -0.048599798617672468
6 1 64 2130706432 1 -2.9488742787772745e-09
6 1 65 646975411 -0.33070715634134185 0.94373342461980403
6 1 66 442441594 0.26296271185020392 0.96480599717061599
6 1 67 1023854377 -0.99252153685133515 0.12206964768632619
6 1 68 604969237 -0.21157080701320158 0.9773626725119916
6 1 69 1864118810 0.70658671814407636 -0.70762646201395241
6 1 70 980834263 -0.96910121362481505 0.24666340983394869
6 1 71 770403052 -0.64500160648891003 0.76418121386666216
6 1 72 1464983071 -0.38234994492546959 -0.92401759702696695
6 1 73 1003584332 -0.98345674612409084 0.18114311607956715
6 1 74 196554022 0.8366746223211966 0.54770026142378547
6 1 75 1182065333 -0.94135604979891552 -0.33741485964163126
6 1 76 294758772 0.64543280181582707 0.7638170581626017
6 1 77 1968072601 0.88718569238074785 -0.46141255643392826
6 1 78 464135027 0.20074711681308746 0.97964309577071618
6 1 79 2108419023 0.99784103610861352 -0.065675464655293198
6 1 80 1739704753 0.40573380547315463 -0.91399129049256933
6 1 81 1925910468 0.82311727496576315 -0.56787142176106764
6 1 82 1790095244 0.53657810964346475 -0.84385065755229804
6 1 83 1886124850 0.7509872971332463 -0.66031665096717129
6 1 84 1808419225 0.58137033326262832 -0.81363906961385557
6 1 85 2112448339 0.99855093298965036 -0.05381481418251715
6 1 86 1548376985 -0.14589736210162285 -0.98929973199823917
6 1 87 1436154668 -0.4594265578968903 -0.88821576089316001
6 1 88 148625052 0.90548438891258087 0.42437957235900264
6 1 89 916875845 -0.90566911662146832 0.42398520162629394
6 1 90 1764868205 0.47237674425118226 -0.88139673898344617
6 1 91 613489889 -0.23605897902704837 0.97173872950536844
6 1 92 576852191 -0.12990011241512484 0.99152708525513211
6 1 93 980538370 -0.96888561827637998 0.24750890629873665
6 1 94 815510757 -0.7406534082732652 0.67188728877185644
6 1 95 1970900127 0.89100207474029403 -0.45399923216729299
6 1 96 2113994754 0.99878595500766398 -0.049260695076589117
6 1 97 1450148467 -0.42239277108993822 -0.90641290090717652
6 1 98 653389087 -0.34849589320963309 0.93731030743079957
6 1 99 894808134 -0.87618082791034102 0.48198252748657749
6 1 100 949190666 -0.94190162826106449 0.33588885465158774
6 1 101 1391113611 -0.57300670345186688 -0.819550680433629
6 1 102 1262306722 -0.83602883644677939 -0.54868550612299227
6 1 103 936141231 -0.9282821339341083 0.37187669975240223
6 1 104 668978722 -0.39120243440570279 0.92030465353330237
6 1 105 510290218 0.065966712003738298 0.9978218242288629
6 1 106 1678462179 0.23496727199128495 -0.97200328244969081
6 1 107 1430824321 -0.47333066826448561 -0.88088482702354198
6 1 108 1960251344 0.87630870534449556 -0.48174999007519875
6 1 109 2116882212 0.9991691862081048 -0.040754598909001398
6 1 110 1034637443 -0.99590071153913307 0.090453152271485426
6 1 111 227065608 0.78407749425345219 0.62066293832097608
6 1 112 382534071 0.42842723763874058 0.90357628457659189
6 1 113 1133146809 -0.98008350520717269 -0.19858580719885766
6 1 114 1642796035 0.13162684357762691 -0.99129933625005062
6 1 115 1468025404 -0.37404488460969681 -0.92741060178182055
6 1 116 1002719374 -0.98299151440988852 0.18365098038985234
6 1 117 147245073 0.90720385045817353 0.42069130453797571
6 1 118 526603688 0.017907320868137892 0.99983965107377371
6 1 119 1552819282 -0.13292561056568469 -0.99112601724288318
6 1 120 1148608476 -0.97001366768947495 -0.24305037439924446
6 1 121 547805886 -0.044599538502789748 0.99900494551595598
6 1 122 1301153800 -0.76783191218447688 -0.64065135185304167
6 1 123 239367984 0.76105001626566016 0.64869320386607898
6 1 124 460973489 0.20987145129832357 0.97772898797669661
6 1 125 1763103368 0.46778333041231313 -0.88384317375220178
6 1 126 1662890423 0.19010171245379642 -0.98176440092424111
6 1 127 16487292 0.99881833161707723 0.048599798617671996
6 1 128 1 1 2.9488742371387895e-09
6 1 129 1483731022 -0.33070715634134162 -0.94373342461980403
6 1 130 1688264839 0.26296271185020326 -0.9648059971706161
6 1 131 1106852056 -0.99252153685133515 -0.12206964768632596
6 1 132 1525737196 -0.2115708070132018 -0.9773626725119916
6 1 133 266587623 0.70658671814407703 0.70762646201395174
6 1 134 1149872170 -0.96910121362481516 -0.24666340983394844
6 1 135 1360303381 -0.64500160648891014 -0.76418121386666205
6 1 136 665723362 -0.38234994492546892 0.92401759702696729
6 1 137 1127122101 -0.98345674612409095 -0.18114311607956649
6 1 138 1934152411 0.8366746223211966 -0.54770026142378558
6 1 139 948641100 -0.94135604979891541 0.33741485964163148
6 1 140 1835947661 0.64543280181582663 -0.76381705816260215
6 1 141 162633832 0.88718569238074785 0.46141255643392837
6 1 142 1666571406 0.20074711681308699 -0.97964309577071629
6 1 143 22287410 0.99784103610861352 0.065675464655292767
6 1 144 391001680 0.40573380547315507 0.91399129049256922
6 1 145 204795965 0.82311727496576348 0.56787142176106709
6 1 146 340611189 0.53657810964346475 0.84385065755229804
6 1 147 244581583 0.75098729713324663 0.66031665096717107
6 1 148 322287208 0.58137033326262799 0.81363906961385579
6 1 149 18258094 0.99855093298965036 0.053814814182516976
6 1 150 582329448 -0.14589736210162327 0.98929973199823917
6 1 151 694551765 -0.45942655789688969 0.88821576089316034
6 1 152 1982081381 0.90548438891258087 -0.42437957235900264
6 1 153 1213830588 -0.90566911662146843 -0.42398520162629372
6 1 154 365838228 0.47237674425118287 0.88139673898344584
6 1 155 1517216544 -0.23605897902704795 -0.97173872950536855
6 1 156 1553854242 -0.12990011241512531 -0.991527085255132
6 1 157 1150168063 -0.96888561827638009 -0.24750890629873643
6 1 158 1315195676 -0.74065340827326565 -0.67188728877185588
6 1 159 159806306 0.8910020747402938 0.45399923216729327
6 1 160 16711679 0.99878595500766398 0.049260695076588527
6 1 161 680557966 -0.42239277108993756 0.90641290090717686
6 1 162 1477317346 -0.34849589320963337 -0.93731030743079946
6 1 163 1235898299 -0.87618082791034113 -0.48198252748657727
6 1 164 1181515767 -0.94190162826106461 -0.33588885465158752
6 1 165 739592822 -0.57300670345186633 0.81955068043362944
6 1 166 868399711 -0.83602883644677928 0.54868550612299249
6 1 167 1194565202 -0.92828213393410819 -0.3718766997524024
6 1 168 1461727711 -0.39120243440570363 -0.92030465353330204
6 1 169 1620416215 0.065966712003737826 -0.99782182422886301
6 1 170 452244254 0.23496727199128498 0.97200328244969081
6 1 171 699882112 -0.47333066826448539 0.88088482702354209
6 1 172 170455089 0.87630870534449601 0.48174999007519798
6 1 173 13824221 0.9991691862081048 0.040754598909001391
6 1 174 1096068990 -0.99590071153913307 -0.09045315227148519
6 1 175 1903640825 0.78407749425345197 -0.6206629383209763
6 1 176 1748172362 0.42842723763873991 -0.90357628457659211
6 1 177 997559624 -0.98008350520717269 0.19858580719885788
6 1 178 487910398 0.1316268435776265 0.99129933625005073
6 1 179 662681029 -0.37404488460969637 0.92741060178182078
6 1 180 1127987059 -0.98299151440988852 -0.18365098038985211
6 1 181 1983461360 0.90720385045817331 -0.42069130453797626
6 1 182 1604102745 0.017907320868137868 -0.99983965107377371
6 1 183 577887151 -0.13292561056568422 0.99112601724288318
6 1 184 982097957 -0.97001366768947483 0.24305037439924468
6 1 185 1582900547 -0.044599538502789769 -0.99900494551595598
6 1 186 829552633 -0.76783191218447666 0.64065135185304189
6 1 187 1891338449 0.76105001626566038 -0.64869320386607887
6 1 188 1669732944 0.20987145129832313 -0.97772898797669672
6 1 189 367603065 0.46778333041231279 0.88384317375220189
6 1 190 467816010 0.19010171245379645 0.98176440092424111
6 1 191 2114219141 0.99881833161707723 -0.048599798617672468
6 1 192 2130706432 1 -2.9488742787772745e-09
6 1 193 646975411 -0.33070715634134185 0.94373342461980403
6 1 194 442441594 0.26296271185020392 0.96480599717061599
6 1 195 1023854377 -0.99252153685133515 0.12206964768632619
6 1 196 604969237 -0.21157080701320158 0.9773626725119916
6 1 197 1864118810 0.70658671814407636 -0.70762646201395241
6 1 198 980834263 -0.96910121362481505 0.24666340983394869
6 1 199 770403052 -0.64500160648891003 0.76418121386666216
6 1 200 1464983071 -0.38234994492546959 -0.92401759702696695
6 1 201 1003584332 -0.98345674612409084 0.18114311607956715
6 1 202 196554022 0.8366746223211966 0.54770026142378547
6 1 203 1182065333 -0.94135604979891552 -0.33741485964163126
6 1 204 294758772 0.64543280181582707 0.7638170581626017
6 1 205 1968072601 0.88718569238074785 -0.46141255643392826
6 1 206 464135027 0.20074711681308746 0.97964309577071618
6 1 207 2108419023 0.99784103610861352 -0.065675464655293198
6 1 208 1739704753 0.40573380547315463 -0.91399129049256933
6 1 209 1925910468 0.82311727496576315 -0.56787142176106764
6 1 210 1790095244 0.53657810964346475 -0.84385065755229804
6 1 211 1886124850 0.7509872971332463 -0.66031665096717129
6 1 212 1808419225 0.58137033326262832 -0.81363906961385557
6 1 213 2112448339 0.99855093298965036 -0.05381481418251715
6 1 214 1548376985 -0.14589736210162285 -0.98929973199823917
6 1 215 1436154668 -0.4594265578968903 -0.88821576089316001
6 1 216 148625052 0.90548438891258087 0.42437957235900264
6 1 217 916875845 -0.90566911662146832 0.42398520162629394
6 1 218 1764868205 0.47237674425118226 -0.88139673898344617
6 1 219 613489889 -0.23605897902704837 0.97173872950536844
6 1 220 576852191 -0.12990011241512484 0.99152708525513211
6 1 221 980538370 -0.96888561827637998 0.24750890629873665
6 1 222 815510757 -0.7406534082732652 0.67188728877185644
6 1 223 1970900127 0.89100207474029403 -0.45399923216729299
6 1 224 2113994754 0.99878595500766398 -0.049260695076589117
6 1 225 1450148467 -0.42239277108993822 -0.90641290090717652
6 1 226 653389087 -0.34849589320963309 0.93731030743079957
6 1 227 894808134 -0.87618082791034102 0.48198252748657749
6 1 228 949190666 -0.94190162826106449 0.33588885465158774
6 1 229 1391113611 -0.57300670345186688 -0.819550680433629
6 1 230 1262306722 -0.83602883644677939 -0.54868550612299227
6 1 231 936141231 -0.9282821339341083 0.37187669975240223
6 1 232 668978722 -0.39120243440570279 0.92030465353330237
6 1 233 510290218 0.065966712003738298 0.9978218242288629
6 1 234 1678462179 0.23496727199128495 -0.97200328244969081
6 1 235 1430824321 -0.47333066826448561 -0.88088482702354198
6 1 236 1960251344 0.87630870534449556 -0.48174999007519875
6 1 237 2116882212 0.9991691862081048 -0.040754598909001398
6 1 238 1034637443 -0.99590071153913307 0.090453152271485426
6 1 239 227065608 0.78407749425345219 0.62066293832097608
6 1 240 382534071 0.42842723763874058 0.90357628457659189
6 1 241 1133146809 -0.98008350520717269 -0.19858580719885766
6 1 242 1642796035 0.13162684357762691 -0.99129933625005062
6 1 243 1468025404 -0.37404488460969681 -0.92741060178182055
6 1 244 1002719374 -0.98299151440988852 0.18365098038985234
6 1 245 147245073 0.90720385045817353 0.42069130453797571
6 1 246 526603688 0.017907320868137892 0.99983965107377371
6 1 247 1552819282 -0.13292561056568469 -0.99112601724288318
6 1 248 1148608476 -0.97001366768947495 -0.24305037439924446
6 1 249 547805886 -0.044599538502789748 0.99900494551595598
6 1 250 1301153800 -0.76783191218447688 -0.64065135185304167
6 1 251 239367984 0.76105001626566016 0.64869320386607898
6 1 252 460973489 0.20987145129832357 0.97772898797669661
6 1 253 1763103368 0.46778333041231313 -0.88384317375220178
6 1 254 1662890423 0.19010171245379642 -0.98176440092424111
6 1 255 16487292 0.99881833161707723 0.048599798617671996
6 2 1 836755611 -0.78126555348924642 0.62419879440058312
6 2 2 1245823245 -0.8617012243527733 -0.50741600285065047
6 2 3 82997679 0.97019800222747254 0.24231350864906628
6 2 4 920767959 -0.91047558723956512 0.41356281873588324
6 2 5 533175246 -0.0014704194847653788 0.99999891893268511
6 2 6 169037907 0.87831432449817892 0.47808361965382962
6 2 7 589900329 -0.1679458552534504 0.98579622118528487
6 2 8 1331446724 -0.70761703923098174 -0.70659615466685022
6 2 9 123537769 0.93437434299396926 0.35629283904477821
6 2 10 1737598389 0.40004884727263323 -0.9164938187439331
6 2 11 1897282200 0.7723024249860363 -0.63525503883140344
6 2 12 1541188889 -0.1668329966803436 -0.98598516784922097
6 2 13 325267664 0.57419690553021374 0.81871723670601126
6 2 14 1202436379 -0.91940119018246536 -0.39332105396363692
6 2 15 44574820 0.99137346668462278 0.13106734739710393
6 2 16 782003360 -0.67076015819254398 0.74167432892174012
6 2 17 409591930 0.35504409669412845 0.93484955442180662
6 2 18 681222378 -0.42416786450289168 0.90558358130161376
6 2 19 489163166 0.12796384091099838 0.99177883392382638
6 2 20 644574416 -0.32401707120420159 0.94605123411380387
6 2 21 36516188 0.99420793154900233 0.10747366582123398
6 2 22 1164658896 -0.95742791946357564 -0.2886724424527719
6 2 23 1389103530 -0.57785447579803173 -0.81613981939382296
6 2 24 1833456329 0.63980395712878035 -0.76853815548894766
6 2 25 296954743 0.64047309760382198 0.76798060603492135
6 2 26 731676456 -0.55372042298130519 0.83270264390921955
6 2 27 903726655 -0.88855231684141478 0.45877530473615735
6 2 28 977002051 -0.9662519215890758 0.2575989596745657
6 2 29 169629693 0.87747868260560646 0.47961563941632412
6 2 30 499684919 0.097134942373609201 0.99527122080871788
6 2 31 319612612 0.58776939438301623 0.80902851558311728
6 2 32 33423358 0.99514676784114275 0.098401780752823603
6 2 33 1361115932 -0.64316869386192721 -0.76572451393170282
6 2 34 823928259 -0.75710122483203979 0.65329758560538476
6 2 35 341090165 0.53538568639530149 0.8446076999430161
6 2 36 232325101 0.77435735464168931 0.63274851822214884
6 2 37 1479185644 -0.34332663559844995 -0.93921606741401586
6 2 38 1736799422 0.39788843074111124 -0.91743381051843509
6 2 39 258423971 0.72341544036252337 0.69041299281306723
6 2 40 792748989 -0.69392131063010343 0.72005084171424971
6 2 41 1110125997 -0.99129678581483172 -0.13164604981990011
6 2 42 904488508 -0.88958076218594706 0.45677791928755662
6 2 43 1399764224 -0.55191615696059138 -0.8338996076781976
6 2 44 340910178 0.5358338941250933 0.84432342020504103
6 2 45 27648442 0.99667812533553279 0.081441478852289279
6 2 46 61431547 0.98363645448830306 0.18016471741625911
6 2 47 1676575217 0.2295550339895441 -0.97329568290939172
6 2 48 1365638291 -0.63290020409847647 -0.77423338319405144
6 2 49 1995119248 0.92112735435835613 -0.38926134800770484
6 2 50 975820796 -0.96534874809958204 0.26096320534238077
6 2 51 1325362058 -0.72018084859463782 -0.69378638305858042
6 2 52 125267685 0.93254463480369221 0.36105471067256334
6 2 53 1836216287 0.6460376525722723 -0.76330554266224737
6 2 54 1077499057 -0.99935865571865112 -0.035808898896929946
6 2 55 1155774302 -0.96466156411148007 -0.26349206197909025
6 2 56 1964195914 0.88185303100877399 -0.47152437020862276
6 2 57 1035094661 -0.9960217623306763 0.089110319064032745
6 2 58 1659105266 0.17913169073773982 -0.98382510507378229
6 2 59 1651970465 0.15839425451592304 -0.98737594670740536
6 2 60 1208759455 -0.91190794785987084 -0.41039480336622075
6 2 61 735206130 -0.56235751157673008 0.82689420675998693
6 2 62 935632020 -0.92772267784426821 0.37327018768374765
6 2 63 2097731849 0.99527611914864345 -0.097084739544457982
6 2 64 2130706431 1 -5.8977492008036088e-09
6 2 65 1293950822 -0.78126555348924664 -0.6241987944005829
6 2 66 884883188 -0.86170122435277319 0.50741600285065069
6 2 67 2047708754 0.97019800222747243 -0.24231350864906701
6 2 68 1209938474 -0.91047558723956523 -0.41356281873588302
6 2 69 1597531187 -0.0014704194847660677 -0.99999891893268511
6 2 70 1961668526 0.87831432449817892 -0.47808361965382962
6 2 71 1540806104 -0.16794585525345065 -0.98579622118528487
6 2 72 799259709 -0.70761703923098151 0.70659615466685033
6 2 73 2007168664 0.93437434299396893 -0.35629283904477921
6 2 74 393108044 0.40004884727263407 0.91649381874393276
6 2 75 233424233 0.77230242498603652 0.63525503883140311
6 2 76 589517544 -0.16683299668034268 0.98598516784922108
6 2 77 1805438769 0.57419690553021419 -0.81871723670601093
6 2 78 928270054 -0.91940119018246524 0.39332105396363715
6 2 79 2086131613 0.99137346668462278 -0.13106734739710368
6 2 80 1348703073 -0.67076015819254409 -0.7416743289217399
6 2 81 1721114503 0.35504409669412756 -0.93484955442180695
6 2 82 1449484055 -0.42416786450289234 -0.90558358130161343
6 2 83 1641543267 0.12796384091099791 -0.99177883392382638
6 2 84 1486132017 -0.32401707120420165 -0.94605123411380387
6 2 85 2094190245 0.99420793154900233 -0.10747366582123409
6 2 86 966047537 -0.95742791946357553 0.28867244245277213
6 2 87 741602903 -0.57785447579803118 0.8161398193938233
6 2 88 297250104 0.63980395712878002 0.76853815548894788
6 2 89 1833751690 0.64047309760382176 -0.76798060603492158
6 2 90 1399029977 -0.55372042298130608 -0.83270264390921889
6 2 91 1226979778 -0.88855231684141511 -0.45877530473615674
6 2 92 1153704382 -0.96625192158907591 -0.25759895967456548
6 2 93 1961076740 0.87747868260560635 -0.47961563941632418
6 2 94 1631021514 0.097134942373608063 -0.99527122080871799
6 2 95 1811093821 0.58776939438301623 -0.80902851558311728
6 2 96 2097283075 0.99514676784114275 -0.098401780752823659
6 2 97 769590501 -0.64316869386192699 0.76572451393170304
6 2 98 1306778174 -0.7571012248320399 -0.65329758560538465
6 2 99 1789616268 0.53538568639530115 -0.84460769994301632
6 2 100 1898381332 0.77435735464168909 -0.63274851822214906
6 2 101 651520789 -0.34332663559844889 0.9392160674140162
6 2 102 393907011 0.39788843074111147 0.91743381051843498
6 2 103 1872282462 0.72341544036252337 -0.69041299281306723
6 2 104 1337957444 -0.69392131063010365 -0.72005084171424949
6 2 105 1020580436 -0.99129678581483172 0.13164604981990036
6 2 106 1226217925 -0.88958076218594706 -0.4567779192875564
6 2 107 730942209 -0.55191615696059115 0.83389960767819771
6 2 108 1789796255 0.53583389412509275 -0.84432342020504136
6 2 109 2103057991 0.99667812533553291 -0.081441478852289043
6 2 110 2069274886 0.98363645448830295 -0.18016471741625978
6 2 111 454131216 0.22955503398954458 0.97329568290939161
6 2 112 765068142 -0.63290020409847625 0.77423338319405155
6 2 113 135587185 0.92112735435835591 0.38926134800770534
6 2 114 1154885637 -0.96534874809958227 -0.2609632053423801
6 2 115 805344375 -0.7201808485946376 0.69378638305858065
6 2 116 2005438748 0.9325446348036921 -0.36105471067256339
6 2 117 294490146 0.6460376525722723 0.76330554266224737
6 2 118 1053207376 -0.99935865571865112 0.035808898896930189
6 2 119 974932131 -0.96466156411148007 0.26349206197909047
6 2 120 166510519 0.88185303100877421 0.47152437020862226
6 2 121 1095611772 -0.9960217623306763 -0.089110319064032509
6 2 122 471601167 0.17913169073774049 0.98382510507378218
6 2 123 478735968 0.15839425451592329 0.98737594670740536
6 2 124 921946978 -0.91190794785987073 0.41039480336622097
6 2 125 1395500303 -0.56235751157672986 -0.82689420675998704
6 2 126 1195074413 -0.92772267784426832 -0.37327018768374742
6 2 127 32974584 0.99527611914864345 0.097084739544458162
6 2 128 2 1 5.8977484742775791e-09
6 2 129 836755611 -0.78126555348924642 0.62419879440058312
6 2 130 1245823245 -0.8617012243527733 -0.50741600285065047
6 2 131 82997679 0.97019800222747254 0.24231350864906628
6 2 132 920767959 -0.91047558723956512 0.41356281873588324
6 2 133 533175246 -0.0014704194847653788 0.99999891893268511
6 2 134 169037907 0.87831432449817892 0.47808361965382962
6 2 135 589900329 -0.1679458552534504 0.98579622118528487
6 2 136 1331446724 -0.70761703923098174 -0.70659615466685022
6 2 137 123537769 0.93437434299396926 0.35629283904477821
6 2 138 1737598389 0.40004884727263323 -0.9164938187439331
6 2 139 1897282200 0.7723024249860363 -0.63525503883140344
6 2 140 1541188889 -0.1668329966803436 -0.98598516784922097
6 2 141 325267664 0.57419690553021374 0.81871723670601126
6 2 142 1202436379 -0.91940119018246536 -0.39332105396363692
6 2 143 44574820 0.99137346668462278 0.13106734739710393
6 2 144 782003360 -0.67076015819254398 0.74167432892174012
6 2 145 409591930 0.35504409669412845 0.93484955442180662
6 2 146 681222378 -0.42416786450289168 0.90558358130161376
6 2 147 489163166 0.12796384091099838 0.99177883392382638
6 2 148 644574416 -0.32401707120420159 0.94605123411380387
6 2 149 36516188 0.99420793154900233 0.10747366582123398
6 2 150 1164658896 -0.95742791946357564 -0.2886724424527719
6 2 151 1389103530 -0.57785447579803173 -0.81613981939382296
6 2 152 1833456329 0.63980395712878035 -0.76853815548894766
6 2 153 296954743 0.64047309760382198 0.76798060603492135
6 2 154 731676456 -0.55372042298130519 0.83270264390921955
6 2 155 903726655 -0.88855231684141478 0.45877530473615735
6 2 156 977002051 -0.9662519215890758 0.2575989596745657
6 2 157 169629693 0.87747868260560646 0.47961563941632412
6 2 158 499684919 0.097134942373609201 0.99527122080871788
6 2 159 319612612 0.58776939438301623 0.80902851558311728
6 2 160 33423358 0.99514676784114275 0.098401780752823603
6 2 161 1361115932 -0.64316869386192721 -0.76572451393170282
6 2 162 823928259 -0.75710122483203979 0.65329758560538476
6 2 163 341090165 0.53538568639530149 0.8446076999430161
6 2 164 232325101 0.77435735464168931 0.63274851822214884
6 2 165 1479185644 -0.34332663559844995 -0.93921606741401586
6 2 166 1736799422 0.39788843074111124 -0.91743381051843509
6 2 167 258423971 0.72341544036252337 0.69041299281306723
6 2 168 792748989 -0.69392131063010343 0.72005084171424971
6 2 169 1110125997 -0.99129678581483172 -0.13164604981990011
6 2 170 904488508 -0.88958076218594706 0.45677791928755662
6 2 171 1399764224 -0.55191615696059138 -0.8338996076781976
6 2 172 340910178 0.5358338941250933 0.84432342020504103
6 2 173 27648442 0.99667812533553279 0.081441478852289279
6 2 174 61431547 0.98363645448830306 0.18016471741625911
6 2 175 1676575217 0.2295550339895441 -0.97329568290939172
6 2 176 1365638291 -0.63290020409847647 -0.77423338319405144
6 2 177 1995119248 0.92112735435835613 -0.38926134800770484
6 2 178 975820796 -0.96534874809958204 0.26096320534238077
6 2 179 1325362058 -0.72018084859463782 -0.69378638305858042
6 2 180 125267685 0.93254463480369221 0.36105471067256334
6 2 181 1836216287 0.6460376525722723 -0.76330554266224737
6 2 182 1077499057 -0.99935865571865112 -0.035808898896929946
6 2 183 1155774302 -0.96466156411148007 -0.26349206197909025
6 2 184 1964195914 0.88185303100877399 -0.47152437020862276
6 2 185 1035094661 -0.9960217623306763 0.089110319064032745
6 2 186 1659105266 0.17913169073773982 -0.98382510507378229
6 2 187 1651970465 0.15839425451592304 -0.98737594670740536
6 2 188 1208759455 -0.91190794785987084 -0.41039480336622075
6 2 189 735206130 -0.56235751157673008 0.82689420675998693
6 2 190 935632020 -0.92772267784426821 0.37327018768374765
6 2 191 2097731849 0.99527611914864345 -0.097084739544457982
6 2 192 2130706431 1 -5.8977492008036088e-09
6 2 193 1293950822 -0.78126555348924664 -0.6241987944005829
6 2 194 884883188 -0.86170122435277319 0.50741600285065069
6 2 195 2047708754 0.97019800222747243 -0.24231350864906701
6 2 196 1209938474 -0.91047558723956523 -0.41356281873588302
6 2 197 1597531187 -0.0014704194847660677 -0.99999891893268511
6 2 198 1961668526 0.87831432449817892 -0.47808361965382962
6 2 199 1540806104 -0.16794585525345065 -0.98579622118528487
6 2 200 799259709 -0.70761703923098151 0.70659615466685033
6 2 201 2007168664 0.93437434299396893 -0.35629283904477921
6 2 202 393108044 0.40004884727263407 0.91649381874393276
6 2 203 233424233 0.77230242498603652 0.63525503883140311
6 2 204 589517544 -0.16683299668034268 0.98598516784922108
6 2 205 1805438769 0.57419690553021419 -0.81871723670601093
6 2 206 928270054 -0.91940119018246524 0.39332105396363715
6 2 207 2086131613 0.99137346668462278 -0.13106734739710368
6 2 208 1348703073 -0.67076015819254409 -0.7416743289217399
6 2 209 1721114503 0.35504409669412756 -0.93484955442180695
6 2 210 1449484055 -0.42416786450289234 -0.90558358130161343
6 2 211 1641543267 0.12796384091099791 -0.99177883392382638
6 2 212 1486132017 -0.32401707120420165 -0.94605123411380387
6 2 213 2094190245 0.99420793154900233 -0.10747366582123409
6 2 214 966047537 -0.95742791946357553 0.28867244245277213
6 2 215 741602903 -0.57785447579803118 0.8161398193938233
6 2 216 297250104 0.63980395712878002 0.76853815548894788
6 2 217 1833751690 0.64047309760382176 -0.76798060603492158
6 2 218 1399029977 -0.55372042298130608 -0.83270264390921889
6 2 219 1226979778 -0.88855231684141511 -0.45877530473615674
6 2 220 1153704382 -0.96625192158907591 -0.25759895967456548
6 2 221 1961076740 0.87747868260560635 -0.47961563941632418
6 2 222 1631021514 0.097134942373608063 -0.99527122080871799
6 2 223 1811093821 0.58776939438301623 -0.80902851558311728
6 2 224 2097283075 0.99514676784114275 -0.098401780752823659
6 2 225 769590501 -0.64316869386192699 0.76572451393170304
6 2 226 1306778174 -0.7571012248320399 -0.65329758560538465
6 2 227 1789616268 0.53538568639530115 -0.84460769994301632
6 2 228 1898381332 0.77435735464168909 -0.63274851822214906
6 2 229 651520789 -0.34332663559844889 0.9392160674140162
6 2 230 393907011 0.39788843074111147 0.91743381051843498
6 2 231 1872282462 0.72341544036252337 -0.69041299281306723
6 2 232 1337957444 -0.69392131063010365 -0.72005084171424949
6 2 233 1020580436 -0.99129678581483172 0.13164604981990036
6 2 234 1226217925 -0.88958076218594706 -0.4567779192875564
6 2 235 730942209 -0.55191615696059115 0.83389960767819771
6 2 236 1789796255 0.53583389412509275 -0.84432342020504136
6 2 237 2103057991 0.99667812533553291 -0.081441478852289043
6 2 238 2069274886 0.98363645448830295 -0.18016471741625978
6 2 239 454131216 0.22955503398954458 0.97329568290939161
6 2 240 765068142 -0.63290020409847625 0.77423338319405155
6 2 241 135587185 0.92112735435835591 0.38926134800770534
6 2 242 1154885637 -0.96534874809958227 -0.2609632053423801
6 2 243 805344375 -0.7201808485946376 0.69378638305858065
6 2 244 2005438748 0.9325446348036921 -0.36105471067256339
6 2 245 294490146 0.6460376525722723 0.76330554266224737
6 2 246 1053207376 -0.99935865571865112 0.035808898896930189
6 2 247 974932131 -0.96466156411148007 0.26349206197909047
6 2 248 166510519 0.88185303100877421 0.47152437020862226
6 2 249 1095611772 -0.9960217623306763 -0.089110319064032509
6 2 250 471601167 0.17913169073774049 0.98382510507378218
6 2 251 478735968 0.15839425451592329 0.98737594670740536
6 2 252 921946978 -0.91190794785987073 0.41039480336622097
6 2 253 1395500303 -0.56235751157672986 -0.82689420675998704
6 2 254 1195074413 -0.92772267784426832 -0.37327018768374742
6 2 255 32974584 0.99527611914864345 0.097084739544458162
6 3 1 189780200 0.8474473754250883 0.53087940804398259
6 3 2 803381651 -0.71615329337109623 0.69794302087902027
6 3 3 1189849735 -0.93336328759047715 -0.35893310432209546
6 3 4 315798722 0.59683091652938836 0.80236703389078134
6 3 5 799762869 -0.70866467590014781 0.70554544653859008
6 3 6 1318910077 -0.73324974200567461 -0.67995942220739292
6 3 7 1950203710 0.86165229937216936 -0.50749907880374856
6 3 8 1997170086 0.92346461688204762 -0.38368359538413027
6 3 9 1250659870 -0.85437675592127782 -0.51965407622901716
6 3 10 1541044367 -0.16725318591747415 -0.98591397789079693
6 3 11 715216867 -0.51266707027104175 0.85858748829674125
6 3 12 1246430117 -0.86079177878127555 -0.50895728070494051
6 3 13 487901496 0.13165286601066328 0.99129588058822193
6 3 14 738301352 -0.56988139306038899 0.82172696064054662
6 3 15 66862230 0.98062521822573057 0.1958932907981748
6 3 16 1173005040 -0.95003394855962786 -0.31214659470223671
6 3 17 614387895 -0.23863141623865974 0.9711102137162041
6 3 18 1021833567 -0.99177649145639879 0.12798199480565939
6 3 19 733744749 -0.55878885910016762 0.82930996071766383
6 3 20 966861624 -0.95811815860016281 0.28637317290666953
6 3 21 54774282 0.98698358227828309 0.1608210443727052
6 3 22 1746988344 0.42526977780598529 -0.90506663626765516
6 3 23 2083655295 0.99038994345929232 -0.13830314491977333
6 3 24 1684831277 0.25318060137662785 -0.96741903179882138
6 3 25 1510785331 -0.25444429243187033 -0.96708743247384044
6 3 26 1097514684 -0.99550604551777644 -0.094698011265067453
6 3 27 290236766 0.65556048447845428 0.75514266942768793
6 3 28 400149860 0.38093257888662796 0.92460281761564134
6 3 29 1319797756 -0.73146733356497273 -0.68187648436307646
6 3 30 1814880595 0.59676675601038365 -0.80241475492468561
6 3 31 479418918 0.15640542498793311 0.98769293964994198
6 3 32 50135037 0.98909127477434766 0.14730393805073885
6 3 33 2041673898 0.96573238484720803 -0.25953990224496148
6 3 34 170539172 0.87618922840553115 0.4819672561763092
6 3 35 1576988464 -0.062008520004021753 -0.99807562010446427
6 3 36 1413840868 -0.51683527812481145 -0.85608486453484789
6 3 37 88072033 0.96646363079484188 0.25680352480223406
6 3 38 474492700 0.1707364328705267 0.98531673612633219
6 3 39 1452989173 -0.41478512346710344 -0.90991939277629408
6 3 40 123770267 0.93412984641468766 0.35693336918432284
6 3 41 599835779 -0.19675189116389452 0.98045331011906478
6 3 42 1356732762 -0.65301200180480479 -0.75734755924798591
6 3 43 2099646336 0.99580835506473198 -0.091464309887915193
6 3 44 511365267 0.062803106736424599 0.99802593642863469
6 3 45 41472663 0.99253095659774282 0.12199303338785152
6 3 46 1157500537 -0.96330777830232905 -0.26839918826671355
6 3 47 1449509609 -0.42409962256587641 -0.90561554212562034
6 3 48 983104220 -0.97073060992455107 0.24017094527754407
6 3 49 861972439 -0.82547994719632112 0.56443144559526348
6 3 50 1463731194 -0.38575846090554838 -0.92259981023181581
6 3 51 1988043087 0.912804809431085 -0.40839610659197106
6 3 52 1253254744 -0.85037541123110705 -0.52617645326784201
6 3 53 1688971214 0.26497184145087743 -0.96425615022053712
6 3 54 550895369 -0.053698993088747086 0.99855716818880969
6 3 55 1733661453 0.3893820653632169 -0.92107633080731999
6 3 56 815587438 -0.74080531825432772 0.6717197931028267
6 3 57 487288775 0.13344376038015676 0.99105638730377155
6 3 58 357951466 0.49274585492048173 0.87017327151475043
6 3 59 1412602481 -0.51995811631419897 -0.85419175673790593
6 3 60 747785966 -0.5926383402339781 0.80546868200117849
6 3 61 1102809195 -0.99390626970779983 -0.11022852187853328
6 3 62 1403448030 -0.54282505193463049 -0.8398457971509804
6 3 63 2081244557 0.98938173403565755 -0.1453402365368773
6 3 64 2130706430 1 -8.8466232346515227e-09
6 3 65 1940926233 0.84744737542508808 -0.53087940804398304
6 3 66 1327324782 -0.71615329337109646 -0.69794302087902005
6 3 67 940856698 -0.93336328759047704 0.35893310432209569
6 3 68 1814907711 0.59683091652938847 -0.80236703389078134
6 3 69 1330943564 -0.70866467590014792 -0.70554544653858997
6 3 70 811796356 -0.7332497420056745 0.67995942220739303
6 3 71 180502723 0.86165229937216925 0.50749907880374878
6 3 72 133536347 0.92346461688204762 0.38368359538413038
6 3 73 880046563 -0.85437675592127749 0.51965407622901783
6 3 74 589662066 -0.16725318591747415 0.98591397789079693
6 3 75 1415489566 -0.51266707027104153 -0.85858748829674136
6 3 76 884276316 -0.86079177878127544 0.50895728070494073
6 3 77 1642804937 0.13165286601066326 -0.99129588058822193
6 3 78 1392405081 -0.56988139306038954 -0.82172696064054618
6 3 79 2063844203 0.98062521822573046 -0.19589329079817558
6 3 80 957701393 -0.95003394855962775 0.31214659470223699
6 3 81 1516318538 -0.23863141623865974 -0.9711102137162041
6 3 82 1108872866 -0.99177649145639879 -0.12798199480565914
6 3 83 1396961684 -0.55878885910016818 -0.82930996071766339
6 3 84 1163844809 -0.95811815860016292 -0.2863731729066693
6 3 85 2075932151 0.98698358227828309 -0.16082104437270525
6 3 86 383718089 0.4252697778059859 0.90506663626765482
6 3 87 47051138 0.99038994345929232 0.13830314491977314
6 3 88 445875156 0.25318060137662812 0.96741903179882138
6 3 89 619921102 -0.25444429243186945 0.96708743247384066
6 3 90 1033191749 -0.99550604551777644 0.094698011265067703
6 3 91 1840469667 0.6555604844784545 -0.75514266942768771
6 3 92 1730556573 0.38093257888662813 -0.92460281761564123
6 3 93 810908677 -0.73146733356497284 0.68187648436307635
6 3 94 315825838 0.59676675601038398 0.80241475492468539
6 3 95 1651287515 0.15640542498793286 -0.98769293964994209
6 3 96 2080571396 0.98909127477434755 -0.14730393805073924
6 3 97 89032535 0.96573238484720791 0.25953990224496171
6 3 98 1960167261 0.87618922840553071 -0.48196725617630981
6 3 99 553717969 -0.062008520004021954 0.99807562010446427
6 3 100 716865565 -0.51683527812481089 0.85608486453484822
6 3 101 2042634400 0.96646363079484177 -0.2568035248022344
6 3 102 1656213733 0.17073643287052603 -0.9853167361263323
6 3 103 677717260 -0.41478512346710322 0.90991939277629419
6 3 104 2006936166 0.93412984641468766 -0.35693336918432267
6 3 105 1530870654 -0.19675189116389455 -0.98045331011906478
6 3 106 773973671 -0.65301200180480501 0.7573475592479858
6 3 107 31060097 0.99580835506473209 0.091464309887914763
6 3 108 1619341166 0.062803106736424127 -0.9980259364286348
6 3 109 2089233770 0.99253095659774293 -0.12199303338785104
6 3 110 973205896 -0.96330777830232905 0.26839918826671383
6 3 111 681196824 -0.42409962256587574 0.90561554212562057
6 3 112 1147602213 -0.97073060992455118 -0.24017094527754382
6 3 113 1268733994 -0.82547994719632123 -0.56443144559526326
6 3 114 666975239 -0.38575846090554861 0.9225998102318157
6 3 115 142663346 0.91280480943108544 0.40839610659197018
6 3 116 877451689 -0.85037541123110716 0.5261764532678419
6 3 117 441735219 0.26497184145087699 0.96425615022053723
6 3 118 1579811064 -0.053698993088747329 -0.99855716818880969
6 3 119 397044980 0.38938206536321751 0.92107633080731965
6 3 120 1315118995 -0.74080531825432783 -0.67171979310282648
6 3 121 1643417658 0.1334437603801561 -0.99105638730377166
6 3 122 1772754967 0.49274585492048212 -0.87017327151475021
6 3 123 718103952 -0.51995811631419875 0.85419175673790615
6 3 124 1382920467 -0.59263834023397788 -0.8054686820011786
6 3 125 1027897238 -0.99390626970779983 0.11022852187853353
6 3 126 727258403 -0.54282505193463026 0.83984579715098051
6 3 127 49461876 0.98938173403565766 0.14534023653687639
6 3 128 3 1 8.8466227114163682e-09
6 3 129 189780200 0.8474473754250883 0.53087940804398259
6 3 130 803381651 -0.71615329337109623 0.69794302087902027
6 3 131 1189849735 -0.93336328759047715 -0.35893310432209546
6 3 132 315798722 0.59683091652938836 0.80236703389078134
6 3 133 799762869 -0.70866467590014781 0.70554544653859008
6 3 134 1318910077 -0.73324974200567461 -0.67995942220739292
6 3 135 1950203710 0.86165229937216936 -0.50749907880374856
6 3 136 1997170086 0.92346461688204762 -0.38368359538413027
6 3 137 1250659870 -0.85437675592127782 -0.51965407622901716
6 3 138 1541044367 -0.16725318591747415 -0.98591397789079693
6 3 139 715216867 -0.51266707027104175 0.85858748829674125
6 3 140 1246430117 -0.86079177878127555 -0.50895728070494051
6 3 141 487901496 0.13165286601066328 0.99129588058822193
6 3 142 738301352 -0.56988139306038899 0.82172696064054662
6 3 143 66862230 0.98062521822573057 0.1958932907981748
6 3 144 1173005040 -0.95003394855962786 -0.31214659470223671
6 3 145 614387895 -0.23863141623865974 0.9711102137162041
6 3 146 1021833567 -0.99177649145639879 0.12798199480565939
6 3 147 733744749 -0.55878885910016762 0.82930996071766383
6 3 148 966861624 -0.95811815860016281 0.28637317290666953
6 3 149 54774282 0.98698358227828309 0.1608210443727052
6 3 150 1746988344 0.42526977780598529 -0.90506663626765516
6 3 151 2083655295 0.99038994345929232 -0.13830314491977333
6 3 152 1684831277 0.25318060137662785 -0.96741903179882138
6 3 153 1510785331 -0.25444429243187033 -0.96708743247384044
6 3 154 1097514684 -0.99550604551777644 -0.094698011265067453
6 3 155 290236766 0.65556048447845428 0.75514266942768793
6 3 156 400149860 0.38093257888662796 0.92460281761564134
6 3 157 1319797756 -0.73146733356497273 -0.68187648436307646
6 3 158 1814880595 0.59676675601038365 -0.80241475492468561
6 3 159 479418918 0.15640542498793311 0.98769293964994198
6 3 160 50135037 0.98909127477434766 0.14730393805073885
6 3 161 2041673898 0.96573238484720803 -0.25953990224496148
6 3 162 170539172 0.87618922840553115 0.4819672561763092
6 3 163 1576988464 -0.062008520004021753 -0.99807562010446427
6 3 164 1413840868 -0.51683527812481145 -0.85608486453484789
6 3 165 88072033 0.96646363079484188 0.25680352480223406
6 3 166 474492700 0.1707364328705267 0.98531673612633219
6 3 167 1452989173 -0.41478512346710344 -0.90991939277629408
6 3 168 123770267 0.93412984641468766 0.35693336918432284
6 3 169 599835779 -0.19675189116389452 0.98045331011906478
6 3 170 1356732762 -0.65301200180480479 -0.75734755924798591
6 3 171 2099646336 0.99580835506473198 -0.091464309887915193
6 3 172 511365267 0.062803106736424599 0.99802593642863469
6 3 173 41472663 0.99253095659774282 0.12199303338785152
6 3 174 1157500537 -0.96330777830232905 -0.26839918826671355
6 3 175 1449509609 -0.42409962256587641 -0.90561554212562034
6 3 176 983104220 -0.97073060992455107 0.24017094527754407
6 3 177 861972439 -0.82547994719632112 0.56443144559526348
6 3 178 1463731194 -0.38575846090554838 -0.92259981023181581
6 3 179 1988043087 0.912804809431085 -0.40839610659197106
6 3 180 1253254744 -0.85037541123110705 -0.52617645326784201
6 3 181 1688971214 0.26497184145087743 -0.96425615022053712
6 3 182 550895369 -0.053698993088747086 0.99855716818880969
6 3 183 1733661453 0.3893820653632169 -0.92107633080731999
6 3 184 815587438 -0.74080531825432772 0.6717197931028267
6 3 185 487288775 0.13344376038015676 0.99105638730377155
6 3 186 357951466 0.49274585492048173 0.87017327151475043
6 3 187 1412602481 -0.51995811631419897 -0.85419175673790593
6 3 188 747785966 -0.5926383402339781 0.80546868200117849
6 3 189 1102809195 -0.99390626970779983 -0.11022852187853328
6 3 190 1403448030 -0.54282505193463049 -0.8398457971509804
6 3 191 2081244557 0.98938173403565755 -0.1453402365368773
6 3 192 2130706430 1 -8.8466232346515227e-09
6 3 193 1940926233 0.84744737542508808 -0.53087940804398304
6 3 194 1327324782 -0.71615329337109646 -0.69794302087902005
6 3 195 940856698 -0.93336328759047704 0.35893310432209569
6 3 196 1814907711 0.59683091652938847 -0.80236703389078134
6 3 197 1330943564 -0.70866467590014792 -0.70554544653858997
6 3 198 811796356 -0.7332497420056745 0.67995942220739303
6 3 199 180502723 0.86165229937216925 0.50749907880374878
6 3 200 133536347 0.92346461688204762 0.38368359538413038
6 3 201 880046563 -0.85437675592127749 0.51965407622901783
6 3 202 589662066 -0.16725318591747415 0.98591397789079693
6 3 203 1415489566 -0.51266707027104153 -0.85858748829674136
6 3 204 884276316 -0.86079177878127544 0.50895728070494073
6 3 205 1642804937 0.13165286601066326 -0.99129588058822193
6 3 206 1392405081 -0.56988139306038954 -0.82172696064054618
6 3 207 2063844203 0.98062521822573046 -0.19589329079817558
6 3 208 957701393 -0.95003394855962775 0.31214659470223699
6 3 209 1516318538 -0.23863141623865974 -0.9711102137162041
6 3 210 1108872866 -0.99177649145639879 -0.12798199480565914
6 3 211 1396961684 -0.55878885910016818 -0.82930996071766339
6 3 212 1163844809 -0.95811815860016292 -0.2863731729066693
6 3 213 2075932151 0.98698358227828309 -0.16082104437270525
6 3 214 383718089 0.4252697778059859 0.90506663626765482
6 3 215 47051138 0.99038994345929232 0.13830314491977314
6 3 216 445875156 0.25318060137662812 0.96741903179882138
6 3 217 619921102 -0.25444429243186945 0.96708743247384066
6 3 218 1033191749 -0.99550604551777644 0.094698011265067703
6 3 219 1840469667 0.6555604844784545 -0.75514266942768771
6 3 220 1730556573 0.38093257888662813 -0.92460281761564123
6 3 221 810908677 -0.73146733356497284 0.68187648436307635
6 3 222 315825838 0.59676675601038398 0.80241475492468539
6 3 223 1651287515 0.15640542498793286 -0.98769293964994209
6 3 224 2080571396 0.98909127477434755 -0.14730393805073924
6 3 225 89032535 0.96573238484720791 0.25953990224496171
6 3 226 1960167261 0.87618922840553071 -0.48196725617630981
6 3 227 553717969 -0.062008520004021954 0.99807562010446427
6 3 228 716865565 -0.51683527812481089 0.85608486453484822
6 3 229 2042634400 0.96646363079484177 -0.2568035248022344
6 3 230 1656213733 0.17073643287052603 -0.9853167361263323
6 3 231 677717260 -0.41478512346710322 0.90991939277629419
6 3 232 2006936166 0.93412984641468766 -0.35693336918432267
6 3 233 1530870654 -0.19675189116389455 -0.98045331011906478
6 3 234 773973671 -0.65301200180480501 0.7573475592479858
6 3 235 31060097 0.99580835506473209 0.091464309887914763
6 3 236 1619341166 0.062803106736424127 -0.9980259364286348
6 3 237 2089233770 0.99253095659774293 -0.12199303338785104
6 3 238 973205896 -0.96330777830232905 0.26839918826671383
6 3 239 681196824 -0.42409962256587574 0.90561554212562057
6 3 240 1147602213 -0.97073060992455118 -0.24017094527754382
6 3 241 1268733994 -0.82547994719632123 -0.56443144559526326
6 3 242 666975239 -0.38575846090554861 0.9225998102318157
6 3 243 142663346 0.91280480943108544 0.40839610659197018
6 3 244 877451689 -0.85037541123110716 0.5261764532678419
6 3 245 441735219 0.26497184145087699 0.96425615022053723
6 3 246 1579811064 -0.053698993088747329 -0.99855716818880969
6 3 247 397044980 0.38938206536321751 0.92107633080731965
6 3 248 1315118995 -0.74080531825432783 -0.67171979310282648
6 3 249 1643417658 0.1334437603801561 -0.99105638730377166
6 3 250 1772754967 0.49274585492048212 -0.87017327151475021
6 3 251 718103952 -0.51995811631419875 0.85419175673790615
6 3 252 1382920467 -0.59263834023397788 -0.8054686820011786
6 3 253 1027897238 -0.99390626970779983 0.11022852187853353
6 3 254 727258403 -0.54282505193463026 0.83984579715098051
6 3 255 49461876 0.98938173403565766 0.14534023653687639
6 4 1 1673511222 0.22075173013771718 -0.97533003318938383
6 4 2 360940057 0.48505800010213723 0.87448198182519177
6 4 3 165995358 0.88256832705235777 0.47018416400810703
6 4 4 1841535918 0.65793158991846201 -0.75307770049800626
6 4 5 1066350492 -0.99999567573307768 -0.002940835790285869
6 4 6 338075814 0.54287210523738472 0.8398153828997954
6 4 7 1179800658 -0.94358837940637419 -0.33112077894516445
6 4 8 532187015 0.001443748420041032 0.99999895779470671
6 4 9 247075538 0.74611082569082354 0.66582177479184146
6 4 10 1344490345 -0.67992183959167352 -0.7332845914420093
6 4 11 1663857967 0.19290207127862452 -0.98121801394818287
6 4 12 951671345 -0.9443335024373134 0.32898972046931274
6 4 13 650535328 -0.34059582735905358 0.94020980764167827
6 4 14 274166325 0.69059709701786753 0.72323969027597901
6 4 15 89149640 0.96564270089257376 0.25987338111644936
6 4 16 1564006720 -0.10016162036302692 -0.99497118038979038
6 4 17 819183860 -0.74788737880530076 0.66382563118919757
6 4 18 1362444756 -0.64016324544611303 -0.76823890761917268
6 4 19 978326332 -0.96725051083860936 0.253823657846248
6 4 20 1289148832 -0.79002587513650269 -0.61307350017335038
6 4 21 73032376 0.97689882230989145 0.21370234198423549
6 4 22 198611359 0.83333644193670198 0.5527661119680527
6 4 23 647500627 -0.33216840960036481 0.94322009502743542
6 4 24 1536206225 -0.18130179288470832 -0.98342750617256502
6 4 25 593909486 -0.17958842249153026 0.98374183529369308
6 4 26 1463352912 -0.38678738634680898 -0.92216892040612841
6 4 27 1807453310 0.57905043952849189 -0.81529171986587745
6 4 28 1954004102 0.8672855519491629 -0.49781097956979187
6 4 29 339259386 0.53993767685454108 0.84170499886416328
6 4 30 999369838 -0.98112960594015119 0.19335122535873298
6 4 31 639225224 -0.30905427805324448 0.95104440128575907
6 4 32 66846716 0.98063417908934647 0.19584842813197037
6 4 33 591525431 -0.1726680624718854 0.98498007096702478
6 4 34 1647856518 0.14640452928434985 -0.98922480448330241
6 4 35 682180330 -0.42672433360606371 0.90438174633749702
6 4 36 464650202 0.19925862537535011 0.97994693744790384
6 4 37 827664855 -0.76425364257729955 0.6449157850505205
6 4 38 1342892411 -0.68336959336475167 -0.73007259835203653
6 4 39 516847942 0.04665979870980707 0.99891083845574535
6 4 40 1585497978 -0.036946429306798936 -0.99931724760532259
6 4 41 89545561 0.96533863513363283 0.26100061210337228
6 4 42 1808977016 0.5827078649026608 -0.81268169917907118
6 4 43 668822015 -0.39077711137170418 0.92048533352139117
6 4 44 681820356 -0.42576407581347647 0.90483421229896932
6 4 45 55296884 0.98673457104470419 0.16234188093410623
6 4 46 122863094 0.93508134919663899 0.35443316772643224
6 4 47 1222444001 -0.89460897274011819 -0.44684984714428455
6 4 48 600570149 -0.19887466330421377 0.98002493248673817
6 4 49 1859532063 0.69695120589444859 -0.71711855128860946
6 4 50 1951641592 0.86379641091486081 -0.50384100715464297
6 4 51 520017683 0.037320909364985506 0.99930333218906586
6 4 52 250535370 0.73927899180230316 0.67339926661659666
6 4 53 1541726141 -0.1652707029178157 -0.98624824195384553
6 4 54 24291681 0.99743544551957886 0.071571866128801981
6 4 55 180842171 0.86114386654801423 0.50836132927941691
6 4 56 1797685395 0.55532953659872353 -0.8316303901259543
6 4 57 2070189322 0.98411870207261254 -0.17751163407201354
6 4 58 1187504099 -0.93582367474687711 -0.35246850892420334
6 4 59 1173234497 -0.94982252027268976 -0.31278935401134711
6 4 60 286812477 0.66315221074000141 0.74848456590009171
6 4 61 1470412260 -0.36750805834645589 -0.93002033690152064
6 4 62 1871264040 0.72133873397307957 -0.69258243615479786
6 4 63 2064757265 0.98114910669516942 -0.19325224560473059
6 4 64 2130706429 0.99999999999999989 -1.1795497268499437e-08
6 4 65 457195211 0.22075173013771765 0.97533003318938372
6 4 66 1769766376 0.48505800010213684 -0.87448198182519199
6 4 67 1964711075 0.88256832705235755 -0.47018416400810736
6 4 68 289170515 0.65793158991846246 0.75307770049800582
6 4 69 1064355941 -0.99999567573307768 0.002940835790286114
6 4 70 1792630619 0.54287210523738494 -0.83981538289979529
6 4 71 950905775 -0.94358837940637397 0.33112077894516512
6 4 72 1598519418 0.001443748420041009 -0.99999895779470671
6 4 73 1883630895 0.74611082569082288 -0.66582177479184212
6 4 74 786216088 -0.6799218395916734 0.73328459144200953
6 4 75 466848466 0.19290207127862496 0.98121801394818287
6 4 76 1179035088 -0.94433350243731351 -0.32898972046931246
6 4 77 1480171105 -0.34059582735905319 -0.9402098076416785
6 4 78 1856540108 0.69059709701786731 -0.72323969027597934
6 4 79 2041556793 0.96564270089257376 -0.25987338111644948
6 4 80 566699713 -0.10016162036302667 0.99497118038979049
6 4 81 1311522573 -0.74788737880530121 -0.66382563118919702
6 4 82 768261677 -0.64016324544611281 0.7682389076191728
6 4 83 1152380101 -0.96725051083860947 -0.25382365784624777
6 4 84 841557601 -0.79002587513650258 0.61307350017335061
6 4 85 2057674057 0.97689882230989145 -0.21370234198423546
6 4 86 1932095074 0.83333644193670187 -0.55276611196805281
6 4 87 1483205806 -0.33216840960036526 -0.9432200950274352
6 4 88 594500208 -0.18130179288470832 0.98342750617256502
6 4 89 1536796947 -0.1795884224915307 -0.98374183529369308
6 4 90 667353521 -0.38678738634680859 0.92216892040612852
6 4 91 323253123 0.57905043952849267 0.8152917198658769
6 4 92 176702331 0.8672855519491629 0.49781097956979198
6 4 93 1791447047 0.53993767685454053 -0.84170499886416372
6 4 94 1131336595 -0.98112960594015131 -0.19335122535873273
6 4 95 1491481209 -0.30905427805324431 -0.95104440128575907
6 4 96 2063859717 0.98063417908934647 -0.19584842813197023
6 4 97 1539181002 -0.17266806247188565 -0.98498007096702467
6 4 98 482849915 0.14640452928435074 0.9892248044833023
6 4 99 1448526103 -0.42672433360606432 -0.90438174633749679
6 4 100 1666056231 0.19925862537535052 -0.97994693744790373
6 4 101 1303041578 -0.76425364257729977 -0.64491578505052027
6 4 102 787814022 -0.68336959336475145 0.73007259835203664
6 4 103 1613858491 0.046659798709807493 -0.99891083845574535
6 4 104 545208455 -0.036946429306798471 0.9993172476053227
6 4 105 2041160872 0.96533863513363261 -0.26100061210337283
6 4 106 321729417 0.58270786490266069 0.81268169917907129
6 4 107 1461884418 -0.39077711137170418 -0.92048533352139117
6 4 108 1448886077 -0.42576407581347669 -0.90483421229896921
6 4 109 2075409549 0.98673457104470419 -0.1623418809341064
6 4 110 2007843339 0.93508134919663888 -0.35443316772643246
6 4 111 908262432 -0.89460897274011808 0.44684984714428477
6 4 112 1530136284 -0.19887466330421422 -0.98002493248673805
6 4 113 271174370 0.69695120589444826 0.7171185512886098
6 4 114 179064841 0.86379641091486092 0.50384100715464264
6 4 115 1610688750 0.037320909364984819 -0.99930333218906586
6 4 116 1880171063 0.73927899180230261 -0.67339926661659721
6 4 117 588980292 -0.1652707029178159 0.98624824195384553
6 4 118 2106414752 0.99743544551957886 -0.071571866128802494
6 4 119 1949864262 0.86114386654801423 -0.50836132927941691
6 4 120 333021038 0.5553295365987243 0.83163039012595386
6 4 121 60517111 0.98411870207261265 0.17751163407201298
6 4 122 943202334 -0.935823674746877 0.35246850892420356
6 4 123 957471936 -0.94982252027268987 0.31278935401134694
6 4 124 1843893956 0.66315221074000164 -0.74848456590009149
6 4 125 660294173 -0.36750805834645628 0.93002033690152053
6 4 126 259442393 0.72133873397307968 0.69258243615479775
6 4 127 65949168 0.98114910669516942 0.19325224560473031
6 4 128 4 0.99999999999999989 1.1795496948555158e-08
6 4 129 1673511222 0.22075173013771718 -0.97533003318938383
6 4 130 360940057 0.48505800010213723 0.87448198182519177
6 4 131 165995358 0.88256832705235777 0.47018416400810703
6 4 132 1841535918 0.65793158991846201 -0.75307770049800626
6 4 133 1066350492 -0.99999567573307768 -0.002940835790285869
6 4 134 338075814 0.54287210523738472 0.8398153828997954
6 4 135 1179800658 -0.94358837940637419 -0.33112077894516445
6 4 136 532187015 0.001443748420041032 0.99999895779470671
6 4 137 247075538 0.74611082569082354 0.66582177479184146
6 4 138 1344490345 -0.67992183959167352 -0.7332845914420093
6 4 139 1663857967 0.19290207127862452 -0.98121801394818287
6 4 140 951671345 -0.9443335024373134 0.32898972046931274
6 4 141 650535328 -0.34059582735905358 0.94020980764167827
6 4 142 274166325 0.69059709701786753 0.72323969027597901
6 4 143 89149640 0.96564270089257376 0.25987338111644936
6 4 144 1564006720 -0.10016162036302692 -0.99497118038979038
6 4 145 819183860 -0.74788737880530076 0.66382563118919757
6 4 146 1362444756 -0.64016324544611303 -0.76823890761917268
6 4 147 978326332 -0.96725051083860936 0.253823657846248
6 4 148 1289148832 -0.79002587513650269 -0.61307350017335038
6 4 149 73032376 0.97689882230989145 0.21370234198423549
6 4 150 198611359 0.83333644193670198 0.5527661119680527
6 4 151 647500627 -0.33216840960036481 0.94322009502743542
6 4 152 1536206225 -0.18130179288470832 -0.98342750617256502
6 4 153 593909486 -0.17958842249153026 0.98374183529369308
6 4 154 1463352912 -0.38678738634680898 -0.92216892040612841
6 4 155 1807453310 0.57905043952849189 -0.81529171986587745
6 4 156 1954004102 0.8672855519491629 -0.49781097956979187
6 4 157 339259386 0.53993767685454108 0.84170499886416328
6 4 158 999369838 -0.98112960594015119 0.19335122535873298
6 4 159 639225224 -0.30905427805324448 0.95104440128575907
6 4 160 66846716 0.98063417908934647 0.19584842813197037
6 4 161 591525431 -0.1726680624718854 0.98498007096702478
6 4 162 1647856518 0.14640452928434985 -0.98922480448330241
6 4 163 682180330 -0.42672433360606371 0.90438174633749702
6 4 164 464650202 0.19925862537535011 0.97994693744790384
6 4 165 827664855 -0.76425364257729955 0.6449157850505205
6 4 166 1342892411 -0.68336959336475167 -0.73007259835203653
6 4 167 516847942 0.04665979870980707 0.99891083845574535
6 4 168 1585497978 -0.036946429306798936 -0.99931724760532259
6 4 169 89545561 0.96533863513363283 0.26100061210337228
6 4 170 1808977016 0.5827078649026608 -0.81268169917907118
6 4 171 668822015 -0.39077711137170418 0.92048533352139117
6 4 172 681820356 -0.42576407581347647 0.90483421229896932
6 4 173 55296884 0.98673457104470419 0.16234188093410623
6 4 174 122863094 0.93508134919663899 0.35443316772643224
6 4 175 1222444001 -0.89460897274011819 -0.44684984714428455
6 4 176 600570149 -0.19887466330421377 0.98002493248673817
6 4 177 1859532063 0.69695120589444859 -0.71711855128860946
6 4 178 1951641592 0.86379641091486081 -0.50384100715464297
6 4 179 520017683 0.037320909364985506 0.99930333218906586
6 4 180 250535370 0.73927899180230316 0.67339926661659666
6 4 181 1541726141 -0.1652707029178157 -0.98624824195384553
6 4 182 24291681 0.99743544551957886 0.071571866128801981
6 4 183 180842171 0.86114386654801423 0.50836132927941691
6 4 184 1797685395 0.55532953659872353 -0.8316303901259543
6 4 185 2070189322 0.98411870207261254 -0.17751163407201354
6 4 186 1187504099 -0.93582367474687711 -0.35246850892420334
6 4 187 1173234497 -0.94982252027268976 -0.31278935401134711
6 4 188 286812477 0.66315221074000141 0.74848456590009171
6 4 189 1470412260 -0.36750805834645589 -0.93002033690152064
6 4 190 1871264040 0.72133873397307957 -0.69258243615479786
6 4 191 2064757265 0.98114910669516942 -0.19325224560473059
6 4 192 2130706429 0.99999999999999989 -1.1795497268499437e-08
6 4 193 457195211 0.22075173013771765 0.97533003318938372
6 4 194 1769766376 0.48505800010213684 -0.87448198182519199
6 4 195 1964711075 0.88256832705235755 -0.47018416400810736
6 4 196 289170515 0.65793158991846246 0.75307770049800582
6 4 197 1064355941 -0.99999567573307768 0.002940835790286114
6 4 198 1792630619 0.54287210523738494 -0.83981538289979529
6 4 199 950905775 -0.94358837940637397 0.33112077894516512
6 4 200 1598519418 0.001443748420041009 -0.99999895779470671
6 4 201 1883630895 0.74611082569082288 -0.66582177479184212
6 4 202 786216088 -0.6799218395916734 0.73328459144200953
6 4 203 466848466 0.19290207127862496 0.98121801394818287
6 4 204 1179035088 -0.94433350243731351 -0.32898972046931246
6 4 205 1480171105 -0.34059582735905319 -0.9402098076416785
6 4 206 1856540108 0.69059709701786731 -0.72323969027597934
6 4 207 2041556793 0.96564270089257376 -0.25987338111644948
6 4 208 566699713 -0.10016162036302667 0.99497118038979049
6 4 209 1311522573 -0.74788737880530121 -0.66382563118919702
6 4 210 768261677 -0.64016324544611281 0.7682389076191728
6 4 211 1152380101 -0.96725051083860947 -0.25382365784624777
6 4 212 841557601 -0.79002587513650258 0.61307350017335061
6 4 213 2057674057 0.97689882230989145 -0.21370234198423546
6 4 214 1932095074 0.83333644193670187 -0.55276611196805281
6 4 215 1483205806 -0.33216840960036526 -0.9432200950274352
6 4 216 594500208 -0.18130179288470832 0.98342750617256502
6 4 217 1536796947 -0.1795884224915307 -0.98374183529369308
6 4 218 667353521 -0.38678738634680859 0.92216892040612852
6 4 219 323253123 0.57905043952849267 0.8152917198658769
6 4 220 176702331 0.8672855519491629 0.49781097956979198
6 4 221 1791447047 0.53993767685454053 -0.84170499886416372
6 4 222 1131336595 -0.98112960594015131 -0.19335122535873273
6 4 223 1491481209 -0.30905427805324431 -0.95104440128575907
6 4 224 2063859717 0.98063417908934647 -0.19584842813197023
6 4 225 1539181002 -0.17266806247188565 -0.98498007096702467
6 4 226 482849915 0.14640452928435074 0.9892248044833023
6 4 227 1448526103 -0.42672433360606432 -0.90438174633749679
6 4 228 1666056231 0.19925862537535052 -0.97994693744790373
6 4 229 1303041578 -0.76425364257729977 -0.64491578505052027
6 4 230 787814022 -0.68336959336475145 0.73007259835203664
6 4 231 1613858491 0.046659798709807493 -0.99891083845574535
6 4 232 545208455 -0.036946429306798471 0.9993172476053227
6 4 233 2041160872 0.96533863513363261 -0.26100061210337283
6 4 234 321729417 0.58270786490266069 0.81268169917907129
6 4 235 1461884418 -0.39077711137170418 -0.92048533352139117
6 4 236 1448886077 -0.42576407581347669 -0.90483421229896921
6 4 237 2075409549 0.98673457104470419 -0.1623418809341064
6 4 238 2007843339 0.93508134919663888 -0.35443316772643246
6 4 239 908262432 -0.89460897274011808 0.44684984714428477
6 4 240 1530136284 -0.19887466330421422 -0.98002493248673805
6 4 241 271174370 0.69695120589444826 0.7171185512886098
6 4 242 179064841 0.86379641091486092 0.50384100715464264
6 4 243 1610688750 0.037320909364984819 -0.99930333218906586
6 4 244 1880171063 0.73927899180230261 -0.67339926661659721
6 4 245 588980292 -0.1652707029178159 0.98624824195384553
6 4 246 2106414752 0.99743544551957886 -0.071571866128802494
6 4 247 1949864262 0.86114386654801423 -0.50836132927941691
6 4 248 333021038 0.5553295365987243 0.83163039012595386
6 4 249 60517111 0.98411870207261265 0.17751163407201298
6 4 250 943202334 -0.935823674746877 0.35246850892420356
6 4 251 957471936 -0.94982252027268987 0.31278935401134694
6 4 252 1843893956 0.66315221074000164 -0.74848456590009149
6 4 253 660294173 -0.36750805834645628 0.93002033690152053
6 4 254 259442393 0.72133873397307968 0.69258243615479775
6 4 255 65949168 0.98114910669516942 0.19325224560473031
6 5 1 1026535811 -0.99345572928764003 0.11421783549675257
6 5 2 2049204896 0.97125762759408496 -0.23803071406923451
6 5 3 1272847414 -0.81857285709415872 -0.5744027138068778
6 5 4 1236566681 -0.87522915140644419 -0.48370852021476285
6 5 5 1332938115 -0.7045026494488601 -0.7097013575579072
6 5 6 1487947984 -0.31894629005154096 -0.94777279137056802
6 5 7 409397606 0.35557974179058754 0.93464594752673014
6 5 8 1197910377 -0.92456865113982534 -0.38101549749253488
6 5 9 1374197639 -0.61315869384243438 -0.78995975604168578
6 5 10 1147936323 -0.97049351077911894 -0.24112723930659549
6 5 11 481792634 0.14948800663729128 0.98876353890685575
6 5 12 656912573 -0.35821585787206089 0.93363879480716927
6 5 13 813169160 -0.73599635584573464 0.6769854977632821
6 5 14 1940737731 0.84715214527203886 -0.5313503954651605
6 5 15 111437050 0.94649060811300101 0.32273135694239813
6 5 16 1955008400 0.86875603777513111 -0.49524029200909631
6 5 17 1023979825 -0.99256662620835423 0.12170247547755597
6 5 18 1703055945 0.30478132324699797 -0.95242235641537154
6 5 19 1222907915 -0.89399683447071088 -0.4480732752088083
6 5 20 1611436040 0.039522945971746791 -0.99921866312720276
6 5 21 91290470 0.96398287862978238 0.26596430156815815
6 5 22 780940807 -0.66843295504942057 0.74377240107703602
6 5 23 1342052392 -0.68517596532973268 -0.72837757827549099
6 5 24 1387581173 -0.58151248765455876 -0.81353747713415547
6 5 25 1807740074 0.57973966833856416 -0.81480176543420157
6 5 26 1829191140 0.63008731295791598 -0.77652429327708306
6 5 27 1193963421 -0.92894059559897357 -0.37022880742619713
6 5 28 1377151911 -0.60625356027504784 -0.79527141320044248
6 5 29 1489427449 -0.31480836617487612 -0.94915525209857265
6 5 30 183859081 0.85658721718437403 0.51600226681317019
6 5 31 799031530 -0.70714143089354242 0.70707212978156142
6 5 32 83558395 0.96979601537547133 0.24391738060634086
6 5 33 1272083397 -0.81986490207474771 -0.57255702104328821
6 5 34 994467431 -0.97823198281130241 0.20751430747075683
6 5 35 1918078629 0.80978387982092115 -0.58672827440151198
6 5 36 1646165969 0.14147123075260332 -0.98994236744840036
6 5 37 1567257677 -0.090618710126242591 -0.99588566079397689
6 5 38 80585689 0.97189693913715725 0.23540675371752801
6 5 39 1711413144 0.32815820843655147 -0.94462277668692318
6 5 40 916519256 -0.90522278023985203 0.4249373108292947
6 5 41 1709961776 0.32411232262377798 -0.94601860569621998
6 5 42 130514837 0.92684655657289405 0.37544035554128852
6 5 43 1368704127 -0.6258747725286643 -0.77992356619876069
6 5 44 852275445 -0.80900463885303153 0.5878022578335983
6 5 45 69121105 0.97929860011053815 0.20242097673299644
6 5 46 1218932084 -0.89918858372148147 -0.43756129959693219
6 5 47 995378393 -0.97878590079957739 0.2048857252127631
6 5 48 218036078 0.80032396465303313 0.59956780400722864
6 5 49 726385254 -0.54066081446647241 0.84124068119679674
6 5 50 308845557 0.61315605103035975 0.78996180735833987
6 5 51 1182698712 -0.94072419990499534 -0.33917249256551801
6 5 52 1378522429 -0.60303454021521619 -0.79771507652007112
6 5 53 1394481068 -0.56484027756082 -0.8252002549957288
6 5 54 1628394426 0.089421786225092739 -0.99599384744500996
6 5 55 758729322 -0.61831821385479535 0.78592785064242099
6 5 56 649076919 -0.33654916289052222 0.94166589667338418
6 5 57 1522383436 -0.22122624026896207 -0.975222513386796
6 5 58 2017056732 0.94436470837631525 -0.32890013313058586
6 5 59 933866513 -0.92576677269184282 0.37809507082178384
6 5 60 1956545421 0.87099177403336958 -0.49129759776148274
6 5 61 1838015325 0.65007798273446393 -0.75986749921541585
6 5 62 208373617 0.81708050910970242 0.57652358289408201
6 5 63 2048269973 0.97059769359805215 -0.24070753453546401
6 5 64 2130706428 0.99999999999999989 -1.4744371302347352e-08
6 5 65 1104170622 -0.99345572928764003 -0.11421783549675278
6 5 66 81501537 0.97125762759408507 0.23803071406923404
6 5 67 857859019 -0.81857285709415839 0.57440271380687835
6 5 68 894139752 -0.87522915140644408 0.48370852021476307
6 5 69 797768318 -0.70450264944885965 0.70970135755790775
6 5 70 642758449 -0.31894629005154113 0.94777279137056802
6 5 71 1721308827 0.35557974179058771 -0.93464594752673003
6 5 72 932796056 -0.92456865113982545 0.38101549749253466
6 5 73 756508794 -0.61315869384243427 0.789959756041686
6 5 74 982770110 -0.97049351077911883 0.24112723930659571
6 5 75 1648913799 0.14948800663729128 -0.98876353890685575
6 5 76 1473793860 -0.35821585787206156 -0.93363879480716894
6 5 77 1317537273 -0.73599635584573453 -0.67698549776328221
6 5 78 189968702 0.84715214527203897 0.53135039546516016
6 5 79 2019269383 0.9464906081130009 -0.32273135694239841
6 5 80 175698033 0.86875603777513111 0.49524029200909636
6 5 81 1106726608 -0.99256662620835434 -0.12170247547755572
6 5 82 427650488 0.30478132324699753 0.95242235641537165
6 5 83 907798518 -0.89399683447071077 0.44807327520880852
6 5 84 519270393 0.039522945971747256 0.99921866312720276
6 5 85 2039415963 0.96398287862978216 -0.26596430156815892
6 5 86 1349765626 -0.6684329550494208 -0.74377240107703579
6 5 87 788654041 -0.68517596532973246 0.7283775782754911
6 5 88 743125260 -0.58151248765455898 0.81353747713415536
6 5 89 322966359 0.57973966833856416 0.81480176543420157
6 5 90 301515293 0.63008731295791665 0.77652429327708239
6 5 91 936743012 -0.92894059559897346 0.37022880742619735
6 5 92 753554522 -0.60625356027504773 0.79527141320044259
6 5 93 641278984 -0.31480836617487568 0.94915525209857288
6 5 94 1946847352 0.85658721718437403 -0.51600226681317019
6 5 95 1331674903 -0.70714143089354264 -0.70707212978156131
6 5 96 2047148038 0.96979601537547133 -0.24391738060634105
6 5 97 858623036 -0.81986490207474749 0.57255702104328843
6 5 98 1136239002 -0.97823198281130241 -0.20751430747075661
6 5 99 212627804 0.80978387982092104 0.58672827440151221
6 5 100 484540464 0.14147123075260376 0.98994236744840025
6 5 101 563448756 -0.090618710126242563 0.99588566079397689
6 5 102 2050120744 0.97189693913715713 -0.23540675371752851
6 5 103 419293289 0.32815820843655213 0.94462277668692296
6 5 104 1214187177 -0.90522278023985214 -0.42493731082929448
6 5 105 420744657 0.32411232262377887 0.94601860569621965
6 5 106 2000191596 0.92684655657289383 -0.37544035554128913
6 5 107 762002306 -0.62587477252866375 0.77992356619876113
6 5 108 1278430988 -0.80900463885303164 -0.58780225783359807
6 5 109 2061585328 0.97929860011053815 -0.20242097673299636
6 5 110 911774349 -0.89918858372148136 0.43756129959693241
6 5 111 1135328040 -0.9787859007995775 -0.20488572521276241
6 5 112 1912670355 0.80032396465303324 -0.59956780400722864
6 5 113 1404321179 -0.54066081446647229 -0.84124068119679685
6 5 114 1821860876 0.61315605103035964 -0.78996180735833998
6 5 115 948007721 -0.94072419990499523 0.33917249256551829
6 5 116 752184004 -0.60303454021521596 0.79771507652007123
6 5 117 736225365 -0.56484027756081978 0.82520025499572891
6 5 118 502312007 0.089421786225093419 0.99599384744500996
6 5 119 1371977111 -0.61831821385479546 -0.78592785064242088
6 5 120 1481629514 -0.336549162890522 -0.9416658966733843
6 5 121 608322997 -0.22122624026896268 0.97522251338679589
6 5 122 113649701 0.94436470837631536 0.32890013313058558
6 5 123 1196839920 -0.92576677269184293 -0.37809507082178362
6 5 124 174161012 0.87099177403336969 0.49129759776148263
6 5 125 292691108 0.65007798273446404 0.75986749921541574
6 5 126 1922332816 0.81708050910970242 -0.57652358289408212
6 5 127 82436460 0.97059769359805204 0.24070753453546442
6 5 128 5 0.99999999999999989 1.4744371185693948e-08
6 5 129 1026535811 -0.99345572928764003 0.11421783549675257
6 5 130 2049204896 0.97125762759408496 -0.23803071406923451
6 5 131 1272847414 -0.81857285709415872 -0.5744027138068778
6 5 132 1236566681 -0.87522915140644419 -0.48370852021476285
6 5 133 1332938115 -0.7045026494488601 -0.7097013575579072
6 5 134 1487947984 -0.31894629005154096 -0.94777279137056802
6 5 135 409397606 0.35557974179058754 0.93464594752673014
6 5 136 1197910377 -0.92456865113982534 -0.38101549749253488
6 5 137 1374197639 -0.61315869384243438 -0.78995975604168578
6 5 138 1147936323 -0.97049351077911894 -0.24112723930659549
6 5 139 481792634 0.14948800663729128 0.98876353890685575
6 5 140 656912573 -0.35821585787206089 0.93363879480716927
6 5 141 813169160 -0.73599635584573464 0.6769854977632821
6 5 142 1940737731 0.84715214527203886 -0.5313503954651605
6 5 143 111437050 0.94649060811300101 0.32273135694239813
6 5 144 1955008400 0.86875603777513111 -0.49524029200909631
6 5 145 1023979825 -0.99256662620835423 0.12170247547755597
6 5 146 1703055945 0.30478132324699797 -0.95242235641537154
6 5 147 1222907915 -0.89399683447071088 -0.4480732752088083
6 5 148 1611436040 0.039522945971746791 -0.99921866312720276
6 5 149 91290470 0.96398287862978238 0.26596430156815815
6 5 150 780940807 -0.66843295504942057 0.74377240107703602
6 5 151 1342052392 -0.68517596532973268 -0.72837757827549099
6 5 152 1387581173 -0.58151248765455876 -0.81353747713415547
6 5 153 1807740074 0.57973966833856416 -0.81480176543420157
6 5 154 1829191140 0.63008731295791598 -0.77652429327708306
6 5 155 1193963421 -0.92894059559897357 -0.37022880742619713
6 5 156 1377151911 -0.60625356027504784 -0.79527141320044248
6 5 157 1489427449 -0.31480836617487612 -0.94915525209857265
6 5 158 183859081 0.85658721718437403 0.51600226681317019
6 5 159 799031530 -0.70714143089354242 0.70707212978156142
6 5 160 83558395 0.96979601537547133 0.24391738060634086
6 5 161 1272083397 -0.81986490207474771 -0.57255702104328821
6 5 162 994467431 -0.97823198281130241 0.20751430747075683
6 5 163 1918078629 0.80978387982092115 -0.58672827440151198
6 5 164 1646165969 0.14147123075260332 -0.98994236744840036
6 5 165 1567257677 -0.090618710126242591 -0.99588566079397689
6 5 166 80585689 0.97189693913715725 0.23540675371752801
6 5 167 1711413144 0.32815820843655147 -0.94462277668692318
6 5 168 916519256 -0.90522278023985203 0.4249373108292947
6 5 169 1709961776 0.32411232262377798 -0.94601860569621998
6 5 170 130514837 0.92684655657289405 0.37544035554128852
6 5 171 1368704127 -0.6258747725286643 -0.77992356619876069
6 5 172 852275445 -0.80900463885303153 0.5878022578335983
6 5 173 69121105 0.97929860011053815 0.20242097673299644
6 5 174 1218932084 -0.89918858372148147 -0.43756129959693219
6 5 175 995378393 -0.97878590079957739 0.2048857252127631
6 5 176 218036078 0.80032396465303313 0.59956780400722864
6 5 177 726385254 -0.54066081446647241 0.84124068119679674
6 5 178 308845557 0.61315605103035975 0.78996180735833987
6 5 179 1182698712 -0.94072419990499534 -0.33917249256551801
6 5 180 1378522429 -0.60303454021521619 -0.79771507652007112
6 5 181 1394481068 -0.56484027756082 -0.8252002549957288
6 5 182 1628394426 0.089421786225092739 -0.99599384744500996
6 5 183 758729322 -0.61831821385479535 0.78592785064242099
6 5 184 649076919 -0.33654916289052222 0.94166589667338418
6 5 185 1522383436 -0.22122624026896207 -0.975222513386796
6 5 186 2017056732 0.94436470837631525 -0.32890013313058586
6 5 187 933866513 -0.92576677269184282 0.37809507082178384
6 5 188 1956545421 0.87099177403336958 -0.49129759776148274
6 5 189 1838015325 0.65007798273446393 -0.75986749921541585
6 5 190 208373617 0.81708050910970242 0.57652358289408201
6 5 191 2048269973 0.97059769359805215 -0.24070753453546401
6 5 192 2130706428 0.99999999999999989 -1.4744371302347352e-08
6 5 193 1104170622 -0.99345572928764003 -0.11421783549675278
6 5 194 81501537 0.97125762759408507 0.23803071406923404
6 5 195 857859019 -0.81857285709415839 0.57440271380687835
6 5 196 894139752 -0.87522915140644408 0.48370852021476307
6 5 197 797768318 -0.70450264944885965 0.70970135755790775
6 5 198 642758449 -0.31894629005154113 0.94777279137056802
6 5 199 1721308827 0.35557974179058771 -0.93464594752673003
6 5 200 932796056 -0.92456865113982545 0.38101549749253466
6 5 201 756508794 -0.61315869384243427 0.789959756041686
6 5 202 982770110 -0.97049351077911883 0.24112723930659571
6 5 203 1648913799 0.14948800663729128 -0.98876353890685575
6 5 204 1473793860 -0.35821585787206156 -0.93363879480716894
6 5 205 1317537273 -0.73599635584573453 -0.67698549776328221
6 5 206 189968702 0.84715214527203897 0.53135039546516016
6 5 207 2019269383 0.9464906081130009 -0.32273135694239841
6 5 208 175698033 0.86875603777513111 0.49524029200909636
6 5 209 1106726608 -0.99256662620835434 -0.12170247547755572
6 5 210 427650488 0.30478132324699753 0.95242235641537165
6 5 211 907798518 -0.89399683447071077 0.44807327520880852
6 5 212 519270393 0.039522945971747256 0.99921866312720276
6 5 213 2039415963 0.96398287862978216 -0.26596430156815892
6 5 214 1349765626 -0.6684329550494208 -0.74377240107703579
6 5 215 788654041 -0.68517596532973246 0.7283775782754911
6 5 216 743125260 -0.58151248765455898 0.81353747713415536
6 5 217 322966359 0.57973966833856416 0.81480176543420157
6 5 218 301515293 0.63008731295791665 0.77652429327708239
6 5 219 936743012 -0.92894059559897346 0.37022880742619735
6 5 220 753554522 -0.60625356027504773 0.79527141320044259
6 5 221 641278984 -0.31480836617487568 0.94915525209857288
6 5 222 1946847352 0.85658721718437403 -0.51600226681317019
6 5 223 1331674903 -0.70714143089354264 -0.70707212978156131
6 5 224 2047148038 0.96979601537547133 -0.24391738060634105
6 5 225 858623036 -0.81986490207474749 0.57255702104328843
6 5 226 1136239002 -0.97823198281130241 -0.20751430747075661
6 5 227 212627804 0.80978387982092104 0.58672827440151221
6 5 228 484540464 0.14147123075260376 0.98994236744840025
6 5 229 563448756 -0.090618710126242563 0.99588566079397689
6 5 230 2050120744 0.97189693913715713 -0.23540675371752851
6 5 231 419293289 0.32815820843655213 0.94462277668692296
6 5 232 1214187177 -0.90522278023985214 -0.42493731082929448
6 5 233 420744657 0.32411232262377887 0.94601860569621965
6 5 234 2000191596 0.92684655657289383 -0.37544035554128913
6 5 235 762002306 -0.62587477252866375 0.77992356619876113
6 5 236 1278430988 -0.80900463885303164 -0.58780225783359807
6 5 237 2061585328 0.97929860011053815 -0.20242097673299636
6 5 238 911774349 -0.89918858372148136 0.43756129959693241
6 5 239 1135328040 -0.9787859007995775 -0.20488572521276241
6 5 240 1912670355 0.80032396465303324 -0.59956780400722864
6 5 241 1404321179 -0.54066081446647229 -0.84124068119679685
6 5 242 1821860876 0.61315605103035964 -0.78996180735833998
6 5 243 948007721 -0.94072419990499523 0.33917249256551829
6 5 244 752184004 -0.60303454021521596 0.79771507652007123
6 5 245 736225365 -0.56484027756081978 0.82520025499572891
6 5 246 502312007 0.089421786225093419 0.99599384744500996
6 5 247 1371977111 -0.61831821385479546 -0.78592785064242088
6 5 248 1481629514 -0.336549162890522 -0.9416658966733843
6 5 249 608322997 -0.22122624026896268 0.97522251338679589
6 5 250 113649701 0.94436470837631536 0.32890013313058558
6 5 251 1196839920 -0.92576677269184293 -0.37809507082178362
6 5 252 174161012 0.87099177403336969 0.49129759776148263
6 5 253 292691108 0.65007798273446404 0.75986749921541574
6 5 254 1922332816 0.81708050910970242 -0.57652358289408212
6 5 255 82436460 0.97059769359805204 0.24070753453546442
6 6 1 379560400 0.43633410822974128 0.89978472202819515
6 6 2 1606763302 0.02575107921253493 -0.99966838597576435
6 6 3 248993037 0.74233405324340762 0.67002996455025321
6 6 4 631597444 -0.28758571414938056 0.95775490446000366
6 6 5 1599525738 0.0044112457373230119 -0.99999027040819
6 6 6 507113721 0.075310368302776862 0.99716014181579682
6 6 7 1769700987 0.48488937002669191 -0.87457549636101617
6 6 8 1863633739 0.70557379726621361 -0.70863644883066534
6 6 9 370613307 0.45991928211713295 0.88796072769963263
6 6 10 951382301 -0.94405274360090963 0.32979450768561214
6 6 11 1430433734 -0.47434495011941358 -0.88033906439292531
6 6 12 362153801 0.48192497283486474 0.87621248596337342
6 6 13 975802992 -0.96533504574235673 0.2610138874880073
6 6 14 1476602704 -0.35047039568710076 -0.93657381009022833
6 6 15 133724460 0.9232516372405235 0.38419580207583331
6 6 16 215303647 0.80512900683159472 0.59309972378881604
6 6 17 1228775790 -0.88611009436786303 -0.4634748112458506
6 6 18 2043667134 0.96724121801112839 -0.25385906755589582
6 6 19 1467489498 -0.37551002189106608 -0.92681833357965626
6 6 20 1933723248 0.8359808116787335 -0.5487586741956485
6 6 21 109548564 0.94827318337374478 0.31745546096141458
6 6 22 1363270255 -0.63829123216969497 -0.7697949746103131
6 6 23 2036604157 0.96174448021060044 -0.273948087754673
6 6 24 1238956121 -0.87179916617313802 -0.48986346450804158
6 6 25 890864229 -0.87051620409769048 0.49213975495111967
6 6 26 64322935 0.98206457332488217 0.18854488542577086
6 6 27 580473532 -0.14048090238074859 0.99008338844073662
6 6 28 800299720 -0.70978074068556596 0.70442267152033755
6 6 29 508889079 0.070088920145302047 0.99754074767543477
6 6 30 1499054757 -0.28773887784168617 -0.95770890054254332
6 6 31 958837836 -0.95107468606868806 0.3089610679670603
6 6 32 100270074 0.9566030996694882 0.29139407973177367
6 6 33 1952641363 0.86527807828535142 -0.50129217751607624
6 6 34 341078344 0.53541512794775981 0.84458903661170259
6 6 35 1023270495 -0.9923098868938216 0.12377838410954881
6 6 36 696975303 -0.46576259057129826 0.88490971812061892
6 6 37 176144066 0.86810389929829668 0.49638253396256066
6 6 38 948985400 -0.94169814098129623 0.33645892954767997
6 6 39 775271913 -0.65590660270075973 0.75484205535565374
6 6 40 247540534 0.74519713992545578 0.66684422667285703
6 6 41 1199671558 -0.92257738664686195 -0.3858120859276527
6 6 42 582759091 -0.14715065099776206 0.98911409145302087
6 6 43 2068586239 0.98326856003345509 -0.18216184795323034
6 6 44 1022730534 -0.99211153956850651 0.12535825882249532
6 6 45 82945326 0.9702353996096611 0.24216372425340929
6 6 46 184294641 0.85592375147553856 0.51710205149471267
6 6 47 768312785 -0.64027902027896322 0.7681424192105335
6 6 48 1966208440 0.88463583408898183 -0.46628257639085263
6 6 49 1723944878 0.36283428644648219 -0.93185367981184264
6 6 50 796755955 -0.70238081967956423 0.71180136565355334
6 6 51 1845379741 0.66642524024103966 -0.74557186050016167
6 6 52 375803055 0.44627668005294879 0.89489503565553319
6 6 53 1247235995 -0.85957984647626273 -0.51100145550853826
6 6 54 1101790738 -0.99423283628250936 -0.1072430289465795
6 6 55 1336616473 -0.69676321434695021 -0.71730120809385645
6 6 56 1631174876 0.097585039107791455 -0.99522719021454131
6 6 57 974577550 -0.96438552563120661 0.26450058214117667
6 6 58 715902932 -0.5144030449173671 0.85754854520297641
6 6 59 694498529 -0.45928711455797971 0.88828787360911621
6 6 60 1495571932 -0.29755959536943127 -0.9547032456232567
6 6 61 74911957 0.97569934592894747 0.21911363799139508
6 6 62 676189627 -0.41068192598433129 0.91177867691112424
6 6 63 2031782681 0.95775243128680942 -0.28759395050001546
6 6 64 2130706427 0.99999999999999989 -1.7693245336195265e-08
6 6 65 1751146033 0.43633410822974122 -0.89978472202819515
6 6 66 523943131 0.025751079212534955 0.99966838597576435
6 6 67 1881713396 0.74233405324340707 -0.67002996455025388
6 6 68 1499108989 -0.28758571414938017 -0.95775490446000378
6 6 69 531180695 0.0044112457373237015 0.99999027040819
6 6 70 1623592712 0.075310368302776404 -0.99716014181579693
6 6 71 361005446 0.48488937002669275 0.87457549636101573
6 6 72 267072694 0.70557379726621383 0.70863644883066512
6 6 73 1760093126 0.45991928211713229 -0.88796072769963297
6 6 74 1179324132 -0.94405274360090963 -0.32979450768561192
6 6 75 700272699 -0.47434495011941374 0.8803390643929252
6 6 76 1768552632 0.48192497283486435 -0.87621248596337364
6 6 77 1154903441 -0.96533504574235673 -0.26101388748800708
6 6 78 654103729 -0.35047039568710031 0.93657381009022844
6 6 79 1996981973 0.92325163724052328 -0.38419580207583376
6 6 80 1915402786 0.80512900683159483 -0.59309972378881592
6 6 81 901930643 -0.88611009436786292 0.46347481124585083
6 6 82 87039299 0.96724121801112839 0.25385906755589582
6 6 83 663216935 -0.37551002189106542 0.92681833357965659
6 6 84 196983185 0.83598081167873362 0.54875867419564839
6 6 85 2021157869 0.94827318337374478 -0.31745546096141447
6 6 86 767436178 -0.63829123216969474 0.76979497461031321
6 6 87 94102276 0.96174448021060044 0.27394808775467283
6 6 88 891750312 -0.87179916617313791 0.4898634645080418
6 6 89 1239842204 -0.87051620409769059 -0.49213975495111945
6 6 90 2066383498 0.98206457332488217 -0.18854488542577078
6 6 91 1550232901 -0.14048090238074862 -0.99008338844073662
6 6 92 1330406713 -0.70978074068556607 -0.70442267152033744
6 6 93 1621817354 0.070088920145302686 -0.99754074767543477
6 6 94 631651676 -0.28773887784168573 0.95770890054254354
6 6 95 1171868597 -0.95107468606868817 -0.30896106796706008
6 6 96 2030436359 0.95660309966948798 -0.29139407973177422
6 6 97 178065070 0.86527807828535142 0.50129217751607613
6 6 98 1789628089 0.53541512794775969 -0.84458903661170281
6 6 99 1107435938 -0.9923098868938216 -0.12377838410954857
6 6 100 1433731130 -0.46576259057129887 -0.88490971812061858
6 6 101 1954562367 0.86810389929829646 -0.4963825339625611
6 6 102 1181721033 -0.94169814098129634 -0.33645892954767975
6 6 103 1355434520 -0.65590660270075984 -0.75484205535565352
6 6 104 1883165899 0.74519713992545566 -0.66684422667285714
6 6 105 931034875 -0.92257738664686195 0.38581208592765293
6 6 106 1547947342 -0.14715065099776273 -0.98911409145302076
6 6 107 62120194 0.98326856003345497 0.18216184795323062
6 6 108 1107975899 -0.99211153956850651 -0.12535825882249507
6 6 109 2047761107 0.97023539960966121 -0.24216372425340899
6 6 110 1946411792 0.85592375147553823 -0.51710205149471322
6 6 111 1362393648 -0.64027902027896344 -0.76814241921053339
6 6 112 164497993 0.88463583408898183 0.46628257639085263
6 6 113 406761555 0.36283428644648197 0.93185367981184275
6 6 114 1333950478 -0.70238081967956467 -0.71180136565355279
6 6 115 285326692 0.66642524024104022 0.74557186050016122
6 6 116 1754903378 0.44627668005294918 -0.89489503565553297
6 6 117 883470438 -0.85957984647626262 0.51100145550853848
6 6 118 1028915695 -0.99423283628250936 0.10724302894657975
6 6 119 794089960 -0.69676321434694999 0.71730120809385667
6 6 120 499531557 0.097585039107791927 0.99522719021454131
6 6 121 1156128883 -0.96438552563120672 -0.26450058214117644
6 6 122 1414803501 -0.51440304491736688 -0.85754854520297652
6 6 123 1436207904 -0.45928711455798032 -0.88828787360911587
6 6 124 635134501 -0.29755959536943166 0.95470324562325648
6 6 125 2055794476 0.97569934592894736 -0.21911363799139572
6 6 126 1454516806 -0.4106819259843319 -0.91177867691112391
6 6 127 98923752 0.95775243128680965 0.28759395050001485
6 6 128 6 0.99999999999999989 1.7693245422832736e-08
6 6 129 379560400 0.43633410822974128 0.89978472202819515
6 6 130 1606763302 0.02575107921253493 -0.99966838597576435
6 6 131 248993037 0.74233405324340762 0.67002996455025321
6 6 132 631597444 -0.28758571414938056 0.95775490446000366
6 6 133 1599525738 0.0044112457373230119 -0.99999027040819
6 6 134 507113721 0.075310368302776862 0.99716014181579682
6 6 135 1769700987 0.48488937002669191 -0.87457549636101617
6 6 136 1863633739 0.70557379726621361 -0.70863644883066534
6 6 137 370613307 0.45991928211713295 0.88796072769963263
6 6 138 951382301 -0.94405274360090963 0.32979450768561214
6 6 139 1430433734 -0.47434495011941358 -0.88033906439292531
6 6 140 362153801 0.48192497283486474 0.87621248596337342
6 6 141 975802992 -0.96533504574235673 0.2610138874880073
6 6 142 1476602704 -0.35047039568710076 -0.93657381009022833
6 6 143 133724460 0.9232516372405235 0.38419580207583331
6 6 144 215303647 0.80512900683159472 0.59309972378881604
6 6 145 1228775790 -0.88611009436786303 -0.4634748112458506
6 6 146 2043667134 0.96724121801112839 -0.25385906755589582
6 6 147 1467489498 -0.37551002189106608 -0.92681833357965626
6 6 148 1933723248 0.8359808116787335 -0.5487586741956485
6 6 149 109548564 0.94827318337374478 0.31745546096141458
6 6 150 1363270255 -0.63829123216969497 -0.7697949746103131
6 6 151 2036604157 0.96174448021060044 -0.273948087754673
6 6 152 1238956121 -0.87179916617313802 -0.48986346450804158
6 6 153 890864229 -0.87051620409769048 0.49213975495111967
6 6 154 64322935 0.98206457332488217 0.18854488542577086
6 6 155 580473532 -0.14048090238074859 0.99008338844073662
6 6 156 800299720 -0.70978074068556596 0.70442267152033755
6 6 157 508889079 0.070088920145302047 0.99754074767543477
6 6 158 1499054757 -0.28773887784168617 -0.95770890054254332
6 6 159 958837836 -0.95107468606868806 0.3089610679670603
6 6 160 100270074 0.9566030996694882 0.29139407973177367
6 6 161 1952641363 0.86527807828535142 -0.50129217751607624
6 6 162 341078344 0.53541512794775981 0.84458903661170259
6 6 163 1023270495 -0.9923098868938216 0.12377838410954881
6 6 164 696975303 -0.46576259057129826 0.88490971812061892
6 6 165 176144066 0.86810389929829668 0.49638253396256066
6 6 166 948985400 -0.94169814098129623 0.33645892954767997
6 6 167 775271913 -0.65590660270075973 0.75484205535565374
6 6 168 247540534 0.74519713992545578 0.66684422667285703
6 6 169 1199671558 -0.92257738664686195 -0.3858120859276527
6 6 170 582759091 -0.14715065099776206 0.98911409145302087
6 6 171 2068586239 0.98326856003345509 -0.18216184795323034
6 6 172 1022730534 -0.99211153956850651 0.12535825882249532
6 6 173 82945326 0.9702353996096611 0.24216372425340929
6 6 174 184294641 0.85592375147553856 0.51710205149471267
6 6 175 768312785 -0.64027902027896322 0.7681424192105335
6 6 176 1966208440 0.88463583408898183 -0.46628257639085263
6 6 177 1723944878 0.36283428644648219 -0.93185367981184264
6 6 178 796755955 -0.70238081967956423 0.71180136565355334
6 6 179 1845379741 0.66642524024103966 -0.74557186050016167
6 6 180 375803055 0.44627668005294879 0.89489503565553319
6 6 181 1247235995 -0.85957984647626273 -0.51100145550853826
6 6 182 1101790738 -0.99423283628250936 -0.1072430289465795
6 6 183 1336616473 -0.69676321434695021 -0.71730120809385645
6 6 184 1631174876 0.097585039107791455 -0.99522719021454131
6 6 185 974577550 -0.96438552563120661 0.26450058214117667
6 6 186 715902932 -0.5144030449173671 0.85754854520297641
6 6 187 694498529 -0.45928711455797971 0.88828787360911621
6 6 188 1495571932 -0.29755959536943127 -0.9547032456232567
6 6 189 74911957 0.97569934592894747 0.21911363799139508
6 6 190 676189627 -0.41068192598433129 0.91177867691112424
6 6 191 2031782681 0.95775243128680942 -0.28759395050001546
6 6 192 2130706427 0.99999999999999989 -1.7693245336195265e-08
6 6 193 1751146033 0.43633410822974122 -0.89978472202819515
6 6 194 523943131 0.025751079212534955 0.99966838597576435
6 6 195 1881713396 0.74233405324340707 -0.67002996455025388
6 6 196 1499108989 -0.28758571414938017 -0.95775490446000378
6 6 197 531180695 0.0044112457373237015 0.99999027040819
6 6 198 1623592712 0.075310368302776404 -0.99716014181579693
6 6 199 361005446 0.48488937002669275 0.87457549636101573
6 6 200 267072694 0.70557379726621383 0.70863644883066512
6 6 201 1760093126 0.45991928211713229 -0.88796072769963297
6 6 202 1179324132 -0.94405274360090963 -0.32979450768561192
6 6 203 700272699 -0.47434495011941374 0.8803390643929252
6 6 204 1768552632 0.48192497283486435 -0.87621248596337364
6 6 205 1154903441 -0.96533504574235673 -0.26101388748800708
6 6 206 654103729 -0.35047039568710031 0.93657381009022844
6 6 207 1996981973 0.92325163724052328 -0.38419580207583376
6 6 208 1915402786 0.80512900683159483 -0.59309972378881592
6 6 209 901930643 -0.88611009436786292 0.46347481124585083
6 6 210 87039299 0.96724121801112839 0.25385906755589582
6 6 211 663216935 -0.37551002189106542 0.92681833357965659
6 6 212 196983185 0.83598081167873362 0.54875867419564839
6 6 213 2021157869 0.94827318337374478 -0.31745546096141447
6 6 214 767436178 -0.63829123216969474 0.76979497461031321
6 6 215 94102276 0.96174448021060044 0.27394808775467283
6 6 216 891750312 -0.87179916617313791 0.4898634645080418
6 6 217 1239842204 -0.87051620409769059 -0.49213975495111945
6 6 218 2066383498 0.98206457332488217 -0.18854488542577078
6 6 219 1550232901 -0.14048090238074862 -0.99008338844073662
6 6 220 1330406713 -0.70978074068556607 -0.70442267152033744
6 6 221 1621817354 0.070088920145302686 -0.99754074767543477
6 6 222 631651676 -0.28773887784168573 0.95770890054254354
6 6 223 1171868597 -0.95107468606868817 -0.30896106796706008
6 6 224 2030436359 0.95660309966948798 -0.29139407973177422
6 6 225 178065070 0.86527807828535142 0.50129217751607613
6 6 226 1789628089 0.53541512794775969 -0.84458903661170281
6 6 227 1107435938 -0.9923098868938216 -0.12377838410954857
6 6 228 1433731130 -0.46576259057129887 -0.88490971812061858
6 6 229 1954562367 0.86810389929829646 -0.4963825339625611
6 6 230 1181721033 -0.94169814098129634 -0.33645892954767975
6 6 231 1355434520 -0.65590660270075984 -0.75484205535565352
6 6 232 1883165899 0.74519713992545566 -0.66684422667285714
6 6 233 931034875 -0.92257738664686195 0.38581208592765293
6 6 234 1547947342 -0.14715065099776273 -0.98911409145302076
6 6 235 62120194 0.98326856003345497 0.18216184795323062
6 6 236 1107975899 -0.99211153956850651 -0.12535825882249507
6 6 237 2047761107 0.97023539960966121 -0.24216372425340899
6 6 238 1946411792 0.85592375147553823 -0.51710205149471322
6 6 239 1362393648 -0.64027902027896344 -0.76814241921053339
6 6 240 164497993 0.88463583408898183 0.46628257639085263
6 6 241 406761555 0.36283428644648197 0.93185367981184275
6 6 242 1333950478 -0.70238081967956467 -0.71180136565355279
6 6 243 285326692 0.66642524024104022 0.74557186050016122
6 6 244 1754903378 0.44627668005294918 -0.89489503565553297
6 6 245 883470438 -0.85957984647626262 0.51100145550853848
6 6 246 1028915695 -0.99423283628250936 0.10724302894657975
6 6 247 794089960 -0.69676321434694999 0.71730120809385667
6 6 248 499531557 0.097585039107791927 0.99522719021454131
6 6 249 1156128883 -0.96438552563120672 -0.26450058214117644
6 6 250 1414803501 -0.51440304491736688 -0.85754854520297652
6 6 251 1436207904 -0.45928711455798032 -0.88828787360911587
6 6 252 635134501 -0.29755959536943166 0.95470324562325648
6 6 253 2055794476 0.97569934592894736 -0.21911363799139572
6 6 254 1454516806 -0.4106819259843319 -0.91177867691112391
6 6 255 98923752 0.95775243128680965 0.28759395050001485
6 7 1 1863291422 0.70485810499285406 -0.70934832897941102
6 7 2 1164321708 -0.95771448034849005 -0.28772030538497223
6 7 3 1355845093 -0.65499221367029714 -0.75563562649684779
6 7 4 26628207 0.99691863466254871 0.078442564099853659
6 7 5 1866113361 0.71073650474578498 -0.70345832912955464
6 7 6 1656985891 0.1729795514100354 -0.98492541585339488
6 7 7 999297935 -0.98108858706381186 0.19355925277065228
6 7 8 398650668 0.38501644608864383 0.9229097118577041
6 7 9 1497735408 -0.29146274749885248 -0.95658217985723537
6 7 10 754828279 -0.60923643462804222 0.79298862962952454
6 7 11 248368401 0.74356697033565888 0.66866146937433846
6 7 12 67395029 0.9803162288357069 0.19743376479553298
6 7 13 1138436824 -0.9768665260269328 -0.21384992477920567
6 7 14 1012467677 -0.98786398819709353 0.15532141134863758
6 7 15 156011870 0.89602613247311458 0.44400131748146043
6 7 16 606305327 -0.21541992609792135 0.97652150792492332
6 7 17 1433571755 -0.46617842618310762 -0.88469072277346783
6 7 18 253571890 0.73321960541230968 0.67999191924538105
6 7 19 1712071081 0.32999032169787518 -0.94398431532824356
6 7 20 125304023 0.93250594020190802 0.3611546365314387
6 7 21 127806658 0.92981526534405479 0.36802659188320203
6 7 22 1945599703 0.85468296910172692 -0.51915028876757485
6 7 23 600449489 -0.1985259469092468 0.98009563227461993
6 7 24 1090331069 -0.99728858281900357 -0.073589962487172214
6 7 25 2104694817 0.99705961480109451 -0.076629788807571791
6 7 26 430161163 0.2977216186253529 0.9546527315223583
6 7 27 2097690076 0.99526415237656951 -0.097207340227725189
6 7 28 223447529 0.79065475628533921 0.61226224476393354
6 7 29 1659057142 0.17899207271626544 -0.98385051603621942
6 7 30 683544000 -0.43035765605203535 0.90265845582778315
6 7 31 1118644142 -0.987677606146807 -0.15650222463630609
6 7 32 116981753 0.94108746555789125 0.33816324781061702
6 7 33 502492896 0.088890491574096619 0.99604140501673699
6 7 34 1818395690 0.60505203630709381 -0.79618592888887407
6 7 35 128462361 0.92910191666357012 0.36982378026849544
6 7 36 1878491070 0.73593385413179124 -0.67705344127530098
6 7 37 915736888 -0.9042399970550139 0.42702462192003443
6 7 38 1817385111 0.60267666304021961 -0.79798548848127915
6 7 39 1969837115 0.88957455319651324 -0.45679001117058576
6 7 40 1709268245 0.32217690973784119 -0.94667948051691442
6 7 41 689381340 -0.44583111615596854 0.89511709617631774
6 7 42 1035003345 -0.99599773064626573 0.089378523972420854
6 7 43 637761918 -0.30494755667952328 0.95236914464675348
6 7 44 1193185623 -0.92978731874019394 -0.36809719084763604
6 7 45 96769547 0.95956002920602279 0.28150408584980924
6 7 46 1280363631 -0.80564156251398467 -0.59240330244692707
6 7 47 541247177 -0.025270838887191765 0.9996806413559971
6 7 48 1583674369 -0.042319791223062245 -0.99910411633164464
6 7 49 590798069 -0.17055498407315012 0.98534816050358942
6 7 50 1284666353 -0.79806039159813402 -0.60257747332789746
6 7 51 377354337 0.4421782957310974 0.89692717362355689
6 7 52 1503790114 -0.27433783892691538 -0.96163337615377609
6 7 53 1099990922 -0.99478801543820261 -0.1019647210584248
6 7 54 575187050 -0.12502987905899238 0.99215297678457515
6 7 55 1914503624 0.80355356522834975 -0.59523244855166313
6 7 56 482566400 0.14723151949738247 0.98910205725521161
6 7 57 426771664 0.30724853903280674 0.95162930559236447
6 7 58 1545455565 -0.15441456115147742 -0.9880061453778497
6 7 59 455130545 0.22668584068192543 0.97396793049582941
6 7 60 1034598443 -0.99589030228921882 0.090567686325137287
6 7 61 442515022 0.26275379630505286 0.96486291385216105
6 7 62 1144005637 -0.97322318391659179 -0.2298622071747588
6 7 63 2015295389 0.94264367744212918 -0.33380068510771382
6 7 64 2130706426 0.99999999999999978 -2.064211937004318e-08
6 7 65 267415011 0.70485810499285406 0.70934832897941102
6 7 66 966384725 -0.95771448034848983 0.2877203053849729
6 7 67 774861340 -0.65499221367029703 0.75563562649684801
6 7 68 2104078226 0.99691863466254871 -0.07844256409985402
6 7 69 264593072 0.71073650474578509 0.70345832912955453
6 7 70 473720542 0.17297955141003565 0.98492541585339488
6 7 71 1131408498 -0.98108858706381186 -0.19355925277065203
6 7 72 1732055765 0.38501644608864405 -0.92290971185770398
6 7 73 632971025 -0.29146274749885226 0.95658217985723537
6 7 74 1375878154 -0.609236434628042 -0.79298862962952466
6 7 75 1882338032 0.74356697033565844 -0.66866146937433901
6 7 76 2063311404 0.9803162288357069 -0.19743376479553312
6 7 77 992269609 -0.97686652602693269 0.21384992477920592
6 7 78 1118238756 -0.98786398819709353 -0.15532141134863733
6 7 79 1974694563 0.89602613247311413 -0.4440013174814611
6 7 80 1524401106 -0.21541992609792157 -0.97652150792492332
6 7 81 697134678 -0.4661784261831074 0.88469072277346794
6 7 82 1877134543 0.73321960541230946 -0.67999191924538138
6 7 83 418635352 0.32999032169787584 0.94398431532824334
6 7 84 2005402410 0.9325059402019078 -0.36115463653143931
6 7 85 2002899775 0.92981526534405456 -0.36802659188320258
6 7 86 185106730 0.85468296910172725 0.51915028876757441
6 7 87 1530256944 -0.19852594690924638 -0.98009563227461993
6 7 88 1040375364 -0.99728858281900357 0.073589962487172464
6 7 89 26011616 0.99705961480109462 0.076629788807570945
6 7 90 1700545270 0.29772161862535268 -0.95465273152235841
6 7 91 33016357 0.99526415237656951 0.097207340227724703
6 7 92 1907258904 0.79065475628533921 -0.61226224476393354
6 7 93 471649291 0.1789920727162661 0.9838505160362192
6 7 94 1447162433 -0.43035765605203519 -0.90265845582778326
6 7 95 1012062291 -0.987677606146807 0.15650222463630589
6 7 96 2013724680 0.94108746555789125 -0.33816324781061702
6 7 97 1628213537 0.088890491574095717 -0.9960414050167371
6 7 98 312310743 0.60505203630709337 0.79618592888887429
6 7 99 2002244072 0.92910191666357012 -0.36982378026849555
6 7 100 252215363 0.73593385413179135 0.67705344127530076
6 7 101 1214969545 -0.90423999705501401 -0.42702462192003421
6 7 102 313321322 0.60267666304021961 0.79798548848127915
6 7 103 160869318 0.88957455319651324 0.45679001117058576
6 7 104 421438188 0.32217690973784124 0.94667948051691442
6 7 105 1441325093 -0.44583111615596877 -0.89511709617631763
6 7 106 1095703088 -0.99599773064626584 -0.089378523972420604
6 7 107 1492944515 -0.30494755667952306 -0.9523691446467536
6 7 108 937520810 -0.92978731874019382 0.36809719084763626
6 7 109 2033936886 0.95956002920602268 -0.28150408584980963
6 7 110 850342802 -0.80564156251398444 0.59240330244692729
6 7 111 1589459256 -0.025270838887192233 -0.99968064135599699
6 7 112 547032064 -0.04231979122306178 0.99910411633164464
6 7 113 1539908364 -0.17055498407315078 -0.98534816050358931
6 7 114 846040080 -0.7980603915981338 0.60257747332789768
6 7 115 1753352096 0.4421782957310964 -0.89692717362355734
6 7 116 626916319 -0.27433783892691488 0.9616333761537762
6 7 117 1030715511 -0.99478801543820261 0.10196472105842505
6 7 118 1555519383 -0.12502987905899282 -0.99215297678457515
6 7 119 216202809 0.80355356522834986 0.59523244855166302
6 7 120 1648140033 0.14723151949738203 -0.98910205725521172
6 7 121 1703934769 0.30724853903280652 -0.95162930559236458
6 7 122 585250868 -0.15441456115147675 0.98800614537784981
6 7 123 1675575888 0.2266858406819254 -0.97396793049582941
6 7 124 1096107990 -0.99589030228921882 -0.090567686325137051
6 7 125 1688191411 0.26275379630505175 -0.96486291385216139
6 7 126 986700796 -0.97322318391659179 0.22986220717475905
6 7 127 115411044 0.94264367744212918 0.33380068510771382
6 7 128 7 0.99999999999999978 2.0642119659971526e-08
6 7 129 1863291422 0.70485810499285406 -0.70934832897941102
6 7 130 1164321708 -0.95771448034849005 -0.28772030538497223
6 7 131 1355845093 -0.65499221367029714 -0.75563562649684779
6 7 132 26628207 0.99691863466254871 0.078442564099853659
6 7 133 1866113361 0.71073650474578498 -0.70345832912955464
6 7 134 1656985891 0.1729795514100354 -0.98492541585339488
6 7 135 999297935 -0.98108858706381186 0.19355925277065228
6 7 136 398650668 0.38501644608864383 0.9229097118577041
6 7 137 1497735408 -0.29146274749885248 -0.95658217985723537
6 7 138 754828279 -0.60923643462804222 0.79298862962952454
6 7 139 248368401 0.74356697033565888 0.66866146937433846
6 7 140 67395029 0.9803162288357069 0.19743376479553298
6 7 141 1138436824 -0.9768665260269328 -0.21384992477920567
6 7 142 1012467677 -0.98786398819709353 0.15532141134863758
6 7 143 156011870 0.89602613247311458 0.44400131748146043
6 7 144 606305327 -0.21541992609792135 0.97652150792492332
6 7 145 1433571755 -0.46617842618310762 -0.88469072277346783
6 7 146 253571890 0.73321960541230968 0.67999191924538105
6 7 147 1712071081 0.32999032169787518 -0.94398431532824356
6 7 148 125304023 0.93250594020190802 0.3611546365314387
6 7 149 127806658 0.92981526534405479 0.36802659188320203
6 7 150 1945599703 0.85468296910172692 -0.51915028876757485
6 7 151 600449489 -0.1985259469092468 0.98009563227461993
6 7 152 1090331069 -0.99728858281900357 -0.073589962487172214
6 7 153 2104694817 0.99705961480109451 -0.076629788807571791
6 7 154 430161163 0.2977216186253529 0.9546527315223583
6 7 155 2097690076 0.99526415237656951 -0.097207340227725189
6 7 156 223447529 0.79065475628533921 0.61226224476393354
6 7 157 1659057142 0.17899207271626544 -0.98385051603621942
6 7 158 683544000 -0.43035765605203535 0.90265845582778315
6 7 159 1118644142 -0.987677606146807 -0.15650222463630609
6 7 160 116981753 0.94108746555789125 0.33816324781061702
6 7 161 502492896 0.088890491574096619 0.99604140501673699
6 7 162 1818395690 0.60505203630709381 -0.79618592888887407
6 7 163 128462361 0.92910191666357012 0.36982378026849544
6 7 164 1878491070 0.73593385413179124 -0.67705344127530098
6 7 165 915736888 -0.9042399970550139 0.42702462192003443
6 7 166 1817385111 0.60267666304021961 -0.79798548848127915
6 7 167 1969837115 0.88957455319651324 -0.45679001117058576
6 7 168 1709268245 0.32217690973784119 -0.94667948051691442
6 7 169 689381340 -0.44583111615596854 0.89511709617631774
6 7 170 1035003345 -0.99599773064626573 0.089378523972420854
6 7 171 637761918 -0.30494755667952328 0.95236914464675348
6 7 172 1193185623 -0.92978731874019394 -0.36809719084763604
6 7 173 96769547 0.95956002920602279 0.28150408584980924
6 7 174 1280363631 -0.80564156251398467 -0.59240330244692707
6 7 175 541247177 -0.025270838887191765 0.9996806413559971
6 7 176 1583674369 -0.042319791223062245 -0.99910411633164464
6 7 177 590798069 -0.17055498407315012 0.98534816050358942
6 7 178 1284666353 -0.79806039159813402 -0.60257747332789746
6 7 179 377354337 0.4421782957310974 0.89692717362355689
6 7 180 1503790114 -0.27433783892691538 -0.96163337615377609
6 7 181 1099990922 -0.99478801543820261 -0.1019647210584248
6 7 182 575187050 -0.12502987905899238 0.99215297678457515
6 7 183 1914503624 0.80355356522834975 -0.59523244855166313
6 7 184 482566400 0.14723151949738247 0.98910205725521161
6 7 185 426771664 0.30724853903280674 0.95162930559236447
6 7 186 1545455565 -0.15441456115147742 -0.9880061453778497
6 7 187 455130545 0.22668584068192543 0.97396793049582941
6 7 188 1034598443 -0.99589030228921882 0.090567686325137287
6 7 189 442515022 0.26275379630505286 0.96486291385216105
6 7 190 1144005637 -0.97322318391659179 -0.2298622071747588
6 7 191 2015295389 0.94264367744212918 -0.33380068510771382
6 7 192 2130706426 0.99999999999999978 -2.064211937004318e-08
6 7 193 267415011 0.70485810499285406 0.70934832897941102
6 7 194 966384725 -0.95771448034848983 0.2877203053849729
6 7 195 774861340 -0.65499221367029703 0.75563562649684801
6 7 196 2104078226 0.99691863466254871 -0.07844256409985402
6 7 197 264593072 0.71073650474578509 0.70345832912955453
6 7 198 473720542 0.17297955141003565 0.98492541585339488
6 7 199 1131408498 -0.98108858706381186 -0.19355925277065203
6 7 200 1732055765 0.38501644608864405 -0.92290971185770398
6 7 201 632971025 -0.29146274749885226 0.95658217985723537
6 7 202 1375878154 -0.609236434628042 -0.79298862962952466
6 7 203 1882338032 0.74356697033565844 -0.66866146937433901
6 7 204 2063311404 0.9803162288357069 -0.19743376479553312
6 7 205 992269609 -0.97686652602693269 0.21384992477920592
6 7 206 1118238756 -0.98786398819709353 -0.15532141134863733
6 7 207 1974694563 0.89602613247311413 -0.4440013174814611
6 7 208 1524401106 -0.21541992609792157 -0.97652150792492332
6 7 209 697134678 -0.4661784261831074 0.88469072277346794
6 7 210 1877134543 0.73321960541230946 -0.67999191924538138
6 7 211 418635352 0.32999032169787584 0.94398431532824334
6 7 212 2005402410 0.9325059402019078 -0.36115463653143931
6 7 213 2002899775 0.92981526534405456 -0.36802659188320258
6 7 214 185106730 0.85468296910172725 0.51915028876757441
6 7 215 1530256944 -0.19852594690924638 -0.98009563227461993
6 7 216 1040375364 -0.99728858281900357 0.073589962487172464
6 7 217 26011616 0.99705961480109462 0.076629788807570945
6 7 218 1700545270 0.29772161862535268 -0.95465273152235841
6 7 219 33016357 0.99526415237656951 0.097207340227724703
6 7 220 1907258904 0.79065475628533921 -0.61226224476393354
6 7 221 471649291 0.1789920727162661 0.9838505160362192
6 7 222 1447162433 -0.43035765605203519 -0.90265845582778326
6 7 223 1012062291 -0.987677606146807 0.15650222463630589
6 7 224 2013724680 0.94108746555789125 -0.33816324781061702
6 7 225 1628213537 0.088890491574095717 -0.9960414050167371
6 7 226 312310743 0.60505203630709337 0.79618592888887429
6 7 227 2002244072 0.92910191666357012 -0.36982378026849555
6 7 228 252215363 0.73593385413179135 0.67705344127530076
6 7 229 1214969545 -0.90423999705501401 -0.42702462192003421
6 7 230 313321322 0.60267666304021961 0.79798548848127915
6 7 231 160869318 0.88957455319651324 0.45679001117058576
6 7 232 421438188 0.32217690973784124 0.94667948051691442
6 7 233 1441325093 -0.44583111615596877 -0.89511709617631763
6 7 234 1095703088 -0.99599773064626584 -0.089378523972420604
6 7 235 1492944515 -0.30494755667952306 -0.9523691446467536
6 7 236 937520810 -0.92978731874019382 0.36809719084763626
6 7 237 2033936886 0.95956002920602268 -0.28150408584980963
6 7 238 850342802 -0.80564156251398444 0.59240330244692729
6 7 239 1589459256 -0.025270838887192233 -0.99968064135599699
6 7 240 547032064 -0.04231979122306178 0.99910411633164464
6 7 241 1539908364 -0.17055498407315078 -0.98534816050358931
6 7 242 846040080 -0.7980603915981338 0.60257747332789768
6 7 243 1753352096 0.4421782957310964 -0.89692717362355734
6 7 244 626916319 -0.27433783892691488 0.9616333761537762
6 7 245 1030715511 -0.99478801543820261 0.10196472105842505
6 7 246 1555519383 -0.12502987905899282 -0.99215297678457515
6 7 247 216202809 0.80355356522834986 0.59523244855166302
6 7 248 1648140033 0.14723151949738203 -0.98910205725521172
6 7 249 1703934769 0.30724853903280652 -0.95162930559236458
6 7 250 585250868 -0.15441456115147675 0.98800614537784981
6 7 251 1675575888 0.2266858406819254 -0.97396793049582941
6 7 252 1096107990 -0.99589030228921882 -0.090567686325137051
6 7 253 1688191411 0.26275379630505175 -0.96486291385216139
6 7 254 986700796 -0.97322318391659179 0.22986220717475905
6 7 255 115411044 0.94264367744212918 0.33380068510771382
6 8 1 1216316011 -0.90253734728240864 -0.43061158456366783
6 8 2 721880114 -0.52943747307383004 0.84834896245896207
6 8 3 331990716 0.55785370383199506 0.82993930207029276
6 8 4 1552365403 -0.13425204597472845 -0.99094721764158533
6 8 5 1994551 0.99998270296970915 0.0058816461466542598
6 8 6 676151628 -0.4105797547102597 0.91182468985110454
6 8 7 228894883 0.78071805950149453 0.6248834383852887
6 8 8 1064374030 -0.99999583118099922 0.0028874938307175729
6 8 9 494151076 0.11336272842608484 0.99355366830574066
6 8 10 558274257 -0.075412584092549292 0.99715241671495947
6 8 11 1197009501 -0.92557758179283267 -0.37855797453300616
6 8 12 1903342690 0.78353152765104694 -0.62135202999331762
6 8 13 1301070656 -0.76798896477120349 -0.64046307464962815
6 8 14 548332650 -0.046151299180987981 0.99893446110538553
6 8 15 178299280 0.86493165157420937 0.50188966726274664
6 8 16 997307007 -0.97993529961250581 0.19931585128470969
6 8 17 1638367720 0.11867106275252685 -0.99293362258772655
6 8 18 594183079 -0.1803820383597996 0.98359662475893228
6 8 19 1956652664 0.87114710143510166 -0.49102212542941559
6 8 20 447591231 0.24828176677039343 0.96868785699490012
6 8 21 146064752 0.90866261806090576 0.41753113241853068
6 8 22 397222718 0.38889925091944455 0.9212802899412833
6 8 23 1295001254 -0.77932829532712855 -0.62661583773673635
6 8 24 941706017 -0.93425931979358057 0.35659434008244739
6 8 25 1187818972 -0.93549599701400721 -0.35333728867863423
6 8 26 795999391 -0.70079103552600919 0.71336661298828941
6 8 27 1484200187 -0.32940117696371962 -0.9441900574645532
6 8 28 1777301771 0.50436845723952872 -0.86348854036508071
6 8 29 678518772 -0.41693461022584233 0.90893648336714095
6 8 30 1998739676 0.92523060730455287 -0.3794052230885181
6 8 31 1278450448 -0.80897090643397562 -0.58784868167190085
6 8 32 133693432 0.92328678639647288 0.38411132509426726
6 8 33 1183050862 -0.9403714804044101 -0.34014920085459271
6 8 34 1165006603 -0.95713142761005543 -0.28965398371356332
6 8 35 1364360660 -0.63581268621692166 -0.77184339606271313
6 8 36 929300404 -0.9205920004270518 0.39052575939330703
6 8 37 1655329710 0.16816726038534169 -0.98575847576091813
6 8 38 555078389 -0.066011997728988456 0.99781882932515764
6 8 39 1033695884 -0.99564572636872062 0.093217957302779375
6 8 40 1040289523 -0.99726992272295545 0.073842408087429201
6 8 41 179091122 0.86375736096333 0.50390794931382432
6 8 42 1487247599 -0.32090308836116538 -0.94711203554820589
6 8 43 1337644030 -0.69458649845597342 -0.71940919938701786
6 8 44 1363640712 -0.63744990349339248 -0.77049180432777131
6 8 45 110593768 0.94729022738955293 0.32037669249221157
6 8 46 245726188 0.74875425923081351 0.66284768935534188
6 8 47 314181569 0.60065042821425874 0.79951176544565472
6 8 48 1201140298 -0.92089773659127117 -0.38980425695606974
6 8 49 1588357693 -0.028518033204548619 -0.99959327817975263
6 8 50 1772576751 0.4922884790187903 -0.87043210730381837
6 8 51 1040035366 -0.99721429944834106 0.074589818177512257
6 8 52 501070740 0.093066855440459506 0.99565986180945576
6 8 53 952745849 -0.94537118951410204 0.32599588039834471
6 8 54 48583362 0.98975493595768171 0.14277663235769852
6 8 55 361684342 0.48313751778652847 0.87554448139833074
6 8 56 1464664357 -0.38321821156209296 -0.92365783834012416
6 8 57 2009672211 0.93697923953816753 -0.34938503785147595
6 8 58 244301765 0.7515319004334976 0.65969675050800081
6 8 59 215762561 0.80432564003432816 0.59418874508304875
6 8 60 573624954 -0.12045829078129758 0.99271838916283217
6 8 61 810118087 -0.72987565410083521 0.68357993647478998
6 8 62 1611821647 0.040659138259770918 -0.99917307533578625
6 8 63 1998808097 0.92530713913745788 -0.37921853628383356
6 8 64 2130706425 0.99999999999999967 -2.3590994292069514e-08
6 8 65 914390422 -0.90253734728240853 0.43061158456366805
6 8 66 1408826319 -0.5294374730738306 -0.84834896245896174
6 8 67 1798715717 0.55785370383199462 -0.82993930207029309
6 8 68 578341030 -0.1342520459747282 0.99094721764158533
6 8 69 2128711882 0.99998270296970915 -0.0058816461466543639
6 8 70 1454554805 -0.41057975471025993 -0.91182468985110443
6 8 71 1901811550 0.7807180595014942 -0.62488343838528904
6 8 72 1066332403 -0.99999583118099922 -0.0028874938307173279
6 8 73 1636555357 0.11336272842608415 -0.99355366830574077
6 8 74 1572432176 -0.075412584092549542 -0.99715241671495947
6 8 75 933696932 -0.92557758179283256 0.37855797453300638
6 8 76 227363743 0.78353152765104683 0.62135202999331784
6 8 77 829635777 -0.76798896477120338 0.64046307464962837
6 8 78 1582373783 -0.046151299180988668 -0.99893446110538542
6 8 79 1952407153 0.86493165157420937 -0.50188966726274675
6 8 80 1133399426 -0.97993529961250581 -0.19931585128470944
6 8 81 492338713 0.11867106275252755 0.99293362258772644
6 8 82 1536523354 -0.18038203835979982 -0.98359662475893217
6 8 83 174053769 0.87114710143510188 0.4910221254294152
6 8 84 1683115202 0.2482817667703934 -0.96868785699490012
6 8 85 1984641681 0.90866261806090542 -0.41753113241853118
6 8 86 1733483715 0.38889925091944449 -0.9212802899412833
6 8 87 835705179 -0.77932829532712844 0.62661583773673657
6 8 88 1189000416 -0.93425931979358068 -0.35659434008244717
6 8 89 942887461 -0.93549599701400721 0.35333728867863445
6 8 90 1334707042 -0.7007910355260093 -0.71336661298828918
6 8 91 646506246 -0.32940117696371901 0.94419005746455342
6 8 92 353404662 0.50436845723952839 0.86348854036508094
6 8 93 1452187661 -0.41693461022584255 -0.90893648336714084
6 8 94 131966757 0.9252306073045532 0.37940522308851754
6 8 95 852255985 -0.80897090643397551 0.58784868167190096
6 8 96 1997013001 0.92328678639647277 -0.3841113250942676
6 8 97 947655571 -0.9403714804044101 0.34014920085459294
6 8 98 965699830 -0.95713142761005532 0.28965398371356355
6 8 99 766345773 -0.63581268621692155 0.77184339606271324
6 8 100 1201406029 -0.9205920004270518 -0.3905257593933068
6 8 101 475376723 0.16816726038534149 0.98575847576091824
6 8 102 1575628044 -0.06601199772898847 -0.99781882932515764
6 8 103 1097010549 -0.99564572636872062 -0.093217957302779139
6 8 104 1090416910 -0.99726992272295545 -0.073842408087428951
6 8 105 1951615311 0.86375736096333 -0.50390794931382432
6 8 106 643458834 -0.32090308836116516 0.947112035548206
6 8 107 793062403 -0.69458649845597331 0.71940919938701797
6 8 108 767065721 -0.6374499034933927 0.7704918043277712
6 8 109 2020112665 0.94729022738955293 -0.32037669249221162
6 8 110 1884980245 0.74875425923081329 -0.66284768935534211
6 8 111 1816524864 0.60065042821425862 -0.79951176544565483
6 8 112 929566135 -0.92089773659127117 0.38980425695606996
6 8 113 542348740 -0.028518033204548817 0.99959327817975263
6 8 114 358129682 0.49228847901879069 0.87043210730381815
6 8 115 1090671067 -0.99721429944834106 -0.074589818177512021
6 8 116 1629635693 0.09306685544045927 -0.99565986180945587
6 8 117 1177960584 -0.94537118951410204 -0.32599588039834448
6 8 118 2082123071 0.98975493595768171 -0.14277663235769841
6 8 119 1769022091 0.48313751778652786 -0.87554448139833108
6 8 120 666042076 -0.38321821156209229 0.92365783834012449
6 8 121 121034222 0.93697923953816753 0.34938503785147595
6 8 122 1886404668 0.75153190043349727 -0.65969675050800125
6 8 123 1914943872 0.8043256400343286 -0.59418874508304831
6 8 124 1557081479 -0.12045829078129761 -0.99271838916283217
6 8 125 1320588346 -0.72987565410083532 -0.68357993647478987
6 8 126 518884786 0.040659138259770938 0.99917307533578625
6 8 127 131898336 0.92530713913745799 0.37921853628383329
6 8 128 8 0.99999999999999967 2.3590993897110313e-08
6 8 129 1216316011 -0.90253734728240864 -0.43061158456366783
6 8 130 721880114 -0.52943747307383004 0.84834896245896207
6 8 131 331990716 0.55785370383199506 0.82993930207029276
6 8 132 1552365403 -0.13425204597472845 -0.99094721764158533
6 8 133 1994551 0.99998270296970915 0.0058816461466542598
6 8 134 676151628 -0.4105797547102597 0.91182468985110454
6 8 135 228894883 0.78071805950149453 0.6248834383852887
6 8 136 1064374030 -0.99999583118099922 0.0028874938307175729
6 8 137 494151076 0.11336272842608484 0.99355366830574066
6 8 138 558274257 -0.075412584092549292 0.99715241671495947
6 8 139 1197009501 -0.92557758179283267 -0.37855797453300616
6 8 140 1903342690 0.78353152765104694 -0.62135202999331762
6 8 141 1301070656 -0.76798896477120349 -0.64046307464962815
6 8 142 548332650 -0.046151299180987981 0.99893446110538553
6 8 143 178299280 0.86493165157420937 0.50188966726274664
6 8 144 997307007 -0.97993529961250581 0.19931585128470969
6 8 145 1638367720 0.11867106275252685 -0.99293362258772655
6 8 146 594183079 -0.1803820383597996 0.98359662475893228
6 8 147 1956652664 0.87114710143510166 -0.49102212542941559
6 8 148 447591231 0.24828176677039343 0.96868785699490012
6 8 149 146064752 0.90866261806090576 0.41753113241853068
6 8 150 397222718 0.38889925091944455 0.9212802899412833
6 8 151 1295001254 -0.77932829532712855 -0.62661583773673635
6 8 152 941706017 -0.93425931979358057 0.35659434008244739
6 8 153 1187818972 -0.93549599701400721 -0.35333728867863423
6 8 154 795999391 -0.70079103552600919 0.71336661298828941
6 8 155 1484200187 -0.32940117696371962 -0.9441900574645532
6 8 156 1777301771 0.50436845723952872 -0.86348854036508071
6 8 157 678518772 -0.41693461022584233 0.90893648336714095
6 8 158 1998739676 0.92523060730455287 -0.3794052230885181
6 8 159 1278450448 -0.80897090643397562 -0.58784868167190085
6 8 160 133693432 0.92328678639647288 0.38411132509426726
6 8 161 1183050862 -0.9403714804044101 -0.34014920085459271
6 8 162 1165006603 -0.95713142761005543 -0.28965398371356332
6 8 163 1364360660 -0.63581268621692166 -0.77184339606271313
6 8 164 929300404 -0.9205920004270518 0.39052575939330703
6 8 165 1655329710 0.16816726038534169 -0.98575847576091813
6 8 166 555078389 -0.066011997728988456 0.99781882932515764
6 8 167 1033695884 -0.99564572636872062 0.093217957302779375
6 8 168 1040289523 -0.99726992272295545 0.073842408087429201
6 8 169 179091122 0.86375736096333 0.50390794931382432
6 8 170 1487247599 -0.32090308836116538 -0.94711203554820589
6 8 171 1337644030 -0.69458649845597342 -0.71940919938701786
6 8 172 1363640712 -0.63744990349339248 -0.77049180432777131
6 8 173 110593768 0.94729022738955293 0.32037669249221157
6 8 174 245726188 0.74875425923081351 0.66284768935534188
6 8 175 314181569 0.60065042821425874 0.79951176544565472
6 8 176 1201140298 -0.92089773659127117 -0.38980425695606974
6 8 177 1588357693 -0.028518033204548619 -0.99959327817975263
6 8 178 1772576751 0.4922884790187903 -0.87043210730381837
6 8 179 1040035366 -0.99721429944834106 0.074589818177512257
6 8 180 501070740 0.093066855440459506 0.99565986180945576
6 8 181 952745849 -0.94537118951410204 0.32599588039834471
6 8 182 48583362 0.98975493595768171 0.14277663235769852
6 8 183 361684342 0.48313751778652847 0.87554448139833074
6 8 184 1464664357 -0.38321821156209296 -0.92365783834012416
6 8 185 2009672211 0.93697923953816753 -0.34938503785147595
6 8 186 244301765 0.7515319004334976 0.65969675050800081
6 8 187 215762561 0.80432564003432816 0.59418874508304875
6 8 188 573624954 -0.12045829078129758 0.99271838916283217
6 8 189 810118087 -0.72987565410083521 0.68357993647478998
6 8 190 1611821647 0.040659138259770918 -0.99917307533578625
6 8 191 1998808097 0.92530713913745788 -0.37921853628383356
6 8 192 2130706425 0.99999999999999967 -2.3590994292069514e-08
6 8 193 914390422 -0.90253734728240853 0.43061158456366805
6 8 194 1408826319 -0.5294374730738306 -0.84834896245896174
6 8 195 1798715717 0.55785370383199462 -0.82993930207029309
6 8 196 578341030 -0.1342520459747282 0.99094721764158533
6 8 197 2128711882 0.99998270296970915 -0.0058816461466543639
6 8 198 1454554805 -0.41057975471025993 -0.91182468985110443
6 8 199 1901811550 0.7807180595014942 -0.62488343838528904
6 8 200 1066332403 -0.99999583118099922 -0.0028874938307173279
6 8 201 1636555357 0.11336272842608415 -0.99355366830574077
6 8 202 1572432176 -0.075412584092549542 -0.99715241671495947
6 8 203 933696932 -0.92557758179283256 0.37855797453300638
6 8 204 227363743 0.78353152765104683 0.62135202999331784
6 8 205 829635777 -0.76798896477120338 0.64046307464962837
6 8 206 1582373783 -0.046151299180988668 -0.99893446110538542
6 8 207 1952407153 0.86493165157420937 -0.50188966726274675
6 8 208 1133399426 -0.97993529961250581 -0.19931585128470944
6 8 209 492338713 0.11867106275252755 0.99293362258772644
6 8 210 1536523354 -0.18038203835979982 -0.98359662475893217
6 8 211 174053769 0.87114710143510188 0.4910221254294152
6 8 212 1683115202 0.2482817667703934 -0.96868785699490012
6 8 213 1984641681 0.90866261806090542 -0.41753113241853118
6 8 214 1733483715 0.38889925091944449 -0.9212802899412833
6 8 215 835705179 -0.77932829532712844 0.62661583773673657
6 8 216 1189000416 -0.93425931979358068 -0.35659434008244717
6 8 217 942887461 -0.93549599701400721 0.35333728867863445
6 8 218 1334707042 -0.7007910355260093 -0.71336661298828918
6 8 219 646506246 -0.32940117696371901 0.94419005746455342
6 8 220 353404662 0.50436845723952839 0.86348854036508094
6 8 221 1452187661 -0.41693461022584255 -0.90893648336714084
6 8 222 131966757 0.9252306073045532 0.37940522308851754
6 8 223 852255985 -0.80897090643397551 0.58784868167190096
6 8 224 1997013001 0.92328678639647277 -0.3841113250942676
6 8 225 947655571 -0.9403714804044101 0.34014920085459294
6 8 226 965699830 -0.95713142761005532 0.28965398371356355
6 8 227 766345773 -0.63581268621692155 0.77184339606271324
6 8 228 1201406029 -0.9205920004270518 -0.3905257593933068
6 8 229 475376723 0.16816726038534149 0.98575847576091824
6 8 230 1575628044 -0.06601199772898847 -0.99781882932515764
6 8 231 1097010549 -0.99564572636872062 -0.093217957302779139
6 8 232 1090416910 -0.99726992272295545 -0.073842408087428951
6 8 233 1951615311 0.86375736096333 -0.50390794931382432
6 8 234 643458834 -0.32090308836116516 0.947112035548206
6 8 235 793062403 -0.69458649845597331 0.71940919938701797
6 8 236 767065721 -0.6374499034933927 0.7704918043277712
6 8 237 2020112665 0.94729022738955293 -0.32037669249221162
6 8 238 1884980245 0.74875425923081329 -0.66284768935534211
6 8 239 1816524864 0.60065042821425862 -0.79951176544565483
6 8 240 929566135 -0.92089773659127117 0.38980425695606996
6 8 241 542348740 -0.028518033204548817 0.99959327817975263
6 8 242 358129682 0.49228847901879069 0.87043210730381815
6 8 243 1090671067 -0.99721429944834106 -0.074589818177512021
6 8 244 1629635693 0.09306685544045927 -0.99565986180945587
6 8 245 1177960584 -0.94537118951410204 -0.32599588039834448
6 8 246 2082123071 0.98975493595768171 -0.14277663235769841
6 8 247 1769022091 0.48313751778652786 -0.87554448139833108
6 8 248 666042076 -0.38321821156209229 0.92365783834012449
6 8 249 121034222 0.93697923953816753 0.34938503785147595
6 8 250 1886404668 0.75153190043349727 -0.65969675050800125
6 8 251 1914943872 0.8043256400343286 -0.59418874508304831
6 8 252 1557081479 -0.12045829078129761 -0.99271838916283217
6 8 253 1320588346 -0.72987565410083532 -0.68357993647478987
6 8 254 518884786 0.040659138259770938 0.99917307533578625
6 8 255 131898336 0.92530713913745799 0.37921853628383329
