a,character,columns
181275,154065,182687
181276,98284,182676
181277,98393,182676
181278,98502,182676
181279,98611,182676
181280,153760,182651
181281,153797,182651
181282,153834,182651
181283,153871,182651
181284,153908,182651
181285,153945,182651
181286,153982,182651
181287,154019,182651
181288,154056,182651
181289,154093,182651
181290,154130,182651
181291,154167,182651
181292,154204,182651
181293,154241,182651
181294,156752,182659
181295,156776,182659
181296,156816,182659
181297,156947,182659
181298,157078,182659
181299,157209,182659
181300,157340,182659
181301,157471,182659
181302,157602,182659
181303,157733,182659
181304,157854,182649
181305,99114,182640
181306,99236,182640
181307,99358,182640
181308,99480,182640
181309,99602,182640
181310,99724,182640
181311,99846,182640
181312,99968,182640
181313,159435,182635
181314,159446,182635
181315,159457,182635
181316,159468,182635
181317,159567,182635
181318,159698,182635
181319,159501,182635
181320,159512,182635
181321,159523,182635
181322,159534,182635
181323,159545,182635
181324,159556,182635
181325,159567,182635
181326,159578,182635
181327,159589,182635
181328,159600,182635
181329,159611,182635
181330,159622,182635
181331,159633,182635
181332,159644,182635
181333,159696,182635
181334,159840,182635
181335,159984,182635
181336,160128,182635
181337,160272,182635
181338,160416,182635
181339,160560,182635
181340,160704,182635
181341,160848,182635
181342,160992,182635
181343,161136,182635
181344,161280,182635
181345,161424,182635
181346,161568,182635
181347,161712,182635
181348,161856,182635
181349,162000,182635
181350,162144,182635
181351,162288,182635
181352,162432,182635
181353,162576,182635
181354,108480,182627
181355,108576,182627
181356,108672,182627
181357,108768,182627
181358,108864,182627
181359,108960,182627
181360,109056,182627
181361,109152,182627
181362,109248,182627
181363,109344,182627
181364,117260,182648
181365,117291,182648
181366,117322,182648
181367,117353,182648
181368,117384,182648
181369,117415,182648
181370,117446,182648
181371,117477,182648
181372,117508,182648
181373,117539,182648
181374,117570,182648
181375,117601,182648
181376,117632,182648
181377,117663,182648
181378,117694,182648
181379,117725,182648
181380,117756,182648
181381,117787,182648
181382,117818,182648
181383,117849,182648
181384,117880,182648
181385,117911,182648
181386,117942,182648
181387,117973,182648
181388,119255,182666
181389,119274,182667
181390,119292,182667
181391,119310,182667
181392,119328,182667
181393,119346,182667
181394,119364,182667
181395,119382,182667
181396,119400,182667
181397,119418,182667
181398,119436,182667
181399,119454,182667
181400,119472,182667
181401,119490,182667
181402,119508,182667
181403,119526,182667
181404,118500,182684
181405,118531,182684
181406,118562,182684
181407,118593,182684
181408,118624,182684
181409,118655,182684
181410,118686,182684
181411,118717,182684
181412,118748,182684
181413,118779,182684
181414,118810,182684
181415,178712,182691
181416,119760,182703
181417,119778,182703
181418,119796,182703
181419,119814,182703
181420,119832,182703
181421,119850,182703
181422,119868,182703
181423,119886,182703
181424,119120,182720
181425,119151,182720
181426,119182,182720
181427,119213,182720
181428,119244,182720
181429,119275,182720
181430,119306,182720
181431,120030,182739
181432,120048,182739
181433,120066,182739
181434,120084,182739
181435,120102,182739
181436,180180,182755
181437,180207,182755
181438,180234,182755
181439,180261,182755
181440,180861,182767
181441,180878,182770
181442,180892,182770
181443,180906,182770
181444,181444,182772
181445,181445,182772
181446,181446,182772
181447,181447,182772
181448,181448,182772
181449,181449,182772
181450,181450,182772
181451,181451,182772
181452,181452,182772
181453,181453,182772
181454,181454,182772
181455,181455,182772
181456,181456,182772
181457,181457,182772
181458,181458,182772
181459,181459,182772
181460,181460,182772
181461,181461,182772
181462,181462,182772
181463,181463,182772
181464,181464,182772
181465,181465,182772
181466,181466,182772
181467,181467,182772
181468,181468,182772
181469,181469,182772
181470,181470,182772
181471,181471,182772
181472,181472,182772
181473,181473,182772
181474,181474,182772
181475,181475,182772
181476,181476,182772
181477,181477,182772
181478,181478,182772
181479,181479,182772
181480,181480,182772
181481,181481,182772
181482,181482,182772
181483,181483,182772
181484,181484,182772
181485,181593,182772
181486,181750,182772
181487,181907,182772
181488,182064,182772
181489,182221,182772
181490,182378,182772
181491,182535,182772
181492,182692,182772
181493,182849,182772
181494,183006,182772
181495,183163,182772
181496,183320,182772
181497,183477,182772
181498,183634,182772
181499,183791,182772
181500,183948,182772
181501,184105,182772
181502,184262,182772
181503,184419,182772
181504,184576,182772
181505,184733,182772
181506,184890,182772
181507,185047,182772
181508,185204,182772
181509,185361,182772
181510,185518,182772
181511,185675,182772
181512,185832,182772
181513,185989,182772
181514,186146,182772
181515,186303,182772
181516,186460,182772
181517,186617,182772
181518,186774,182772
181519,186931,182772
181520,187088,182772
181521,187245,182772
181522,187402,182772
181523,187559,182772
181524,187716,182770
181525,187873,182770
181526,188030,182770
181527,188187,182770
181528,188344,182770
181529,188501,182770
181530,188658,182770
181531,188815,182770
181532,188972,182770
181533,189129,182742
181534,189286,182742
181535,189443,182742
181536,189600,182742
181537,189757,182742
181538,189914,182742
181539,190071,182742
181540,190228,182742
181541,190385,182742
181542,190542,182742
181543,190699,182742
181544,190856,182742
181545,129972,182707
181546,130120,182707
181547,130268,182707
181548,130416,182707
181549,130564,182707
181550,130712,182707
181551,130860,182707
181552,131008,182707
181553,192269,182706
181554,192426,182706
181555,192583,182706
181556,192740,182706
181557,192897,182706
181558,193054,182706
181559,193211,182706
181560,193368,182706
181561,193525,182706
181562,193682,182706
181563,193839,182706
181564,193996,182706
181565,132932,182671
181566,133080,182671
181567,133228,182671
181568,133376,182671
181569,133524,182671
181570,133672,182671
181571,133820,182671
181572,133968,182671
181573,134116,182671
181574,134264,182671
181575,134412,182671
181576,134560,182671
181577,134708,182671
181578,134856,182671
181579,135004,182671
181580,135152,182671
181581,196665,182670
181582,196822,182670
181583,196979,182670
181584,197136,182670
181585,197293,182670
181586,197450,182670
181587,197607,182670
181588,197764,182670
181589,197921,182670
181590,198078,182670
181591,198235,182670
181592,198392,182670
181593,198549,182670
181594,198706,182670
181595,198863,182670
181596,199020,182670
181597,199177,182670
181598,199334,182670
181599,199491,182670
181600,199648,182670
181601,199805,182670
181602,199962,182670
181603,200119,182670
181604,200276,182670
181605,200420,182657
181606,139000,182634
181607,139148,182634
181608,139296,182634
181609,139444,182634
181610,139592,182634
181611,139740,182634
181612,139888,182634
181613,140036,182634
181614,140184,182634
181615,140332,182634
181616,140480,182634
181617,140628,182634
181618,203922,182634
181619,203939,182634
181620,203956,182634
181621,203973,182634
181622,203990,182634
181623,204007,182634
181624,204024,182634
181625,204041,182634
181626,204058,182634
181627,204075,182634
181628,204092,182634
181629,204201,182634
181630,204358,182634
181631,204515,182634
181632,204672,182634
181633,204829,182634
181634,206140,182629
181635,206170,182629
181636,206200,182629
181637,206230,182629
181638,206260,182629
181639,206290,182629
181640,206320,182629
181641,206350,182629
181642,208430,182665
181643,208473,182665
181644,208516,182665
181645,208559,182665
181646,208602,182665
181647,208645,182665
181648,208688,182665
181649,208731,182665
181650,208774,182665
181651,208817,182665
181652,208860,182665
181653,208903,182665
181654,208946,182665
181655,208989,182665
181656,209032,182665
181657,209075,182665
181658,209118,182665
181659,209161,182665
181660,209204,182665
181661,209247,182665
181662,209382,182665
181663,209539,182665
181664,209696,182665
181665,209853,182665
181666,210010,182665
181667,210167,182665
181668,210324,182665
181669,210481,182665
181670,210638,182665
181671,210795,182665
181672,210952,182665
181673,211109,182647
181674,211266,182647
181675,211423,182647
181676,211580,182647
181677,211737,182647
181678,211894,182647
181679,212051,182647
181680,212208,182647
181681,212365,182647
181682,212720,182647
181683,212776,182647
181684,212836,182647
181685,212993,182647
181686,213150,182647
181687,213307,182647
181688,213464,182647
181689,213621,182647
181690,213778,182647
181691,213935,182647
181692,214092,182647
181693,214249,182647
181694,214406,182647
181695,214563,182647
181696,214720,182647
181697,153916,182651
181698,153976,182651
181699,154036,182651
181700,154096,182651
181701,154156,182651
181702,154216,182651
181703,154276,182651
181704,154336,182651
181705,154396,182651
181706,154456,182651
181707,154516,182651
181708,217084,182683
181709,217153,182683
181710,217222,182683
181711,217291,182683
181712,217360,182683
181713,217429,182683
181714,217546,182683
181715,217703,182683
181716,173128,182659
181717,173266,182659
181718,158214,182651
181719,158287,182651
181720,158360,182651
181721,158433,182651
181722,158506,182651
181723,158579,182651
181724,219116,182647
181725,219273,182647
181726,219430,182647
181727,219584,182644
181728,221632,182634
181729,221714,182634
181730,221796,182634
181731,221878,182634
181732,221960,182634
181733,222042,182634
181734,222124,182634
181735,222206,182634
181736,222288,182634
181737,222370,182634
181738,222452,182634
181739,222534,182634
181740,222616,182634
181741,222698,182634
181742,223612,182636
181743,223625,182642
181744,223632,182642
181745,223639,182642
181746,223646,182642
181747,223653,182642
181748,223660,182642
181749,223667,182642
181750,223674,182642
181751,223681,182642
181752,223688,182642
181753,223695,182642
181754,223826,182642
181755,223983,182642
181756,224140,182642
181757,224297,182642
181758,224454,182642
181759,224611,182642
181760,224768,182642
181761,224925,182642
181762,225082,182642
181763,225239,182642
181764,225396,182642
181765,225553,182642
181766,225710,182642
181767,232180,182653
181768,232288,182653
181769,232396,182653
181770,232504,182653
181771,232612,182653
181772,232720,182653
181773,232828,182653
181774,232936,182653
181775,233044,182653
181776,233152,182653
181777,233260,182653
181778,233368,182653
181779,233476,182653
181780,233584,182653
181781,233692,182653
181782,233800,182653
181783,233908,182653
181784,176304,182659
181785,176354,182659
181786,176404,182659
181787,176454,182659
181788,176504,182659
181789,176554,182659
181790,176604,182659
181791,235922,182689
181792,235968,182689
181793,236014,182689
181794,236060,182689
181795,236106,182689
181796,236152,182689
181797,236198,182689
181798,236244,182689
181799,236290,182689
181800,236336,182689
181801,236382,182689
181802,236428,182689
181803,236474,182689
181804,236520,182689
181805,236566,182689
181806,236612,182689
181807,236658,182689
181808,236704,182689
181809,236750,182689
181810,236824,182689
181811,236932,182689
181812,237040,182689
181813,237148,182689
181814,237256,182689
181815,237364,182689
181816,237472,182689
181817,237580,182689
181818,237688,182689
181819,237796,182689
181820,237904,182689
181821,238012,182689
181822,238120,182689
181823,238228,182689
181824,238336,182689
181825,238444,182689
181826,238552,182689
181827,238660,182689
181828,238768,182686
181829,238876,182686
181830,238984,182686
181831,239092,182686
181832,239200,182686
181833,239308,182686
181834,239416,182686
181835,239524,182686
181836,239629,182683
181837,238038,182653
181838,238084,182653
181839,238130,182653
181840,238176,182653
181841,238222,182653
181842,238268,182653
181843,238314,182653
181844,238360,182653
181845,238406,182653
181846,238452,182653
181847,238498,182653
181848,238584,182653
181849,238741,182653
181850,241144,182652
181851,241252,182652
181852,241360,182652
181853,241468,182652
181854,241576,182652
181855,241684,182652
181856,239840,182650
181857,239997,182650
181858,240154,182650
181859,240311,182650
181860,180104,182616
181861,180154,182616
181862,180204,182616
181863,180254,182616
181864,180304,182616
181865,245786,182627
181866,245796,182627
181867,245806,182627
181868,245816,182627
181869,245826,182627
181870,244561,182643
181871,244629,182652
181872,244688,182652
181873,244747,182652
181874,244806,182652
181875,244865,182652
181876,244924,182652
181877,244983,182652
181878,245042,182652
181879,245101,182652
181880,245160,182652
181881,245219,182652
181882,245278,182652
181883,245337,182652
181884,245396,182652
181885,245986,182663
181886,245996,182663
181887,246006,182663
181888,246016,182663
181889,246026,182663
181890,246036,182663
181891,246046,182663
181892,246056,182663
181893,246066,182663
181894,246076,182663
181895,246086,182663
181896,246120,182663
181897,246277,182663
181898,246434,182663
181899,246591,182663
181900,246748,182663
181901,246905,182663
181902,247062,182663
181903,247219,182663
181904,247376,182663
181905,247533,182663
181906,247690,182663
181907,247847,182663
181908,248004,182663
181909,248161,182663
181910,248318,182663
181911,248456,182644
181912,200176,182634
181913,200314,182634
181914,200452,182634
181915,200590,182634
181916,200728,182634
181917,200866,182634
181918,201004,182634
181919,201142,182634
181920,201280,182634
181921,201418,182634
181922,201556,182634
181923,201694,182634
181924,201832,182634
181925,201970,182634
181926,202108,182634
181927,202246,182634
181928,253760,182658
181929,253832,182658
181930,253904,182658
181931,253976,182658
181932,254048,182658
181933,254120,182658
181934,254192,182658
181935,254264,182658
181936,254336,182658
181937,254408,182658
181938,254480,182658
181939,254552,182658
181940,254624,182658
181941,254696,182658
181942,254768,182658
181943,254840,182658
181944,254912,182658
181945,254984,182658
181946,255056,182658
181947,255128,182658
181948,255200,182658
181949,255272,182658
181950,255344,182658
181951,255416,182658
181952,255488,182658
181953,255560,182658
181954,255632,182658
181955,255704,182658
181956,255776,182658
181957,255848,182658
181958,255920,182658
181959,256011,182658
181960,206800,182639
181961,206938,182639
181962,207076,182639
181963,207214,182639
181964,207352,182639
181965,207490,182639
181966,207628,182639
181967,207766,182639
181968,207904,182639
181969,208042,182639
181970,954,182635
181971,1039,182635
181972,1124,182635
181973,1209,182635
181974,1294,182635
181975,0,182635
181976,0,182635
181977,0,182635
181978,0,182635
181979,0,182635
181980,0,182635
181981,0,182635
181982,0,182635
181983,0,182635
181984,0,182635
181985,89,182635
181986,210,182635
181987,331,182635
181988,452,182635
181989,573,182635
181990,694,182635
181991,815,182635
181992,936,182635
181993,1057,182635
181994,1178,182635
181995,0,182635
181996,0,182635
181997,0,182635
181998,0,182635
181999,147,182635
182000,304,182635
182001,461,182635
182002,618,182635
182003,775,182635
182004,932,182635
182005,1089,182635
182006,1246,182635
182007,1403,182635
182008,1560,182635
182009,1717,182635
182010,1874,182635
182011,2031,182635
182012,2188,182635
182013,2340,182630
182014,6886,182630
182015,6899,182630
182016,6912,182630
182017,6925,182630
182018,6938,182630
182019,6951,182630
182020,6964,182630
182021,6977,182630
182022,6990,182630
182023,7003,182630
182024,7016,182630
182025,7029,182630
182026,7042,182630
182027,7055,182630
182028,7068,182630
182029,7081,182630
182030,7094,182630
182031,7107,182630
182032,7120,182630
182033,7133,182630
182034,7146,182630
182035,7159,182630
182036,7172,182630
182037,7185,182630
182038,7198,182630
182039,7211,182630
182040,7224,182630
182041,7237,182630
182042,7250,182630
182043,7263,182630
182044,7276,182630
182045,7369,182630
182046,7526,182630
182047,7683,182630
182048,7840,182630
182049,7997,182630
182050,8154,182630
182051,8311,182630
182052,8468,182630
182053,8625,182630
182054,8782,182630
182055,8939,182630
182056,9096,182630
182057,9253,182630
182058,9410,182630
182059,9567,182630
182060,9724,182630
182061,9881,182630
182062,10038,182630
182063,10195,182630
182064,10352,182630
182065,10509,182630
182066,10666,182630
182067,10823,182630
182068,10980,182630
182069,11137,182630
182070,11294,182630
182071,11451,182630
182072,11608,182630
182073,11765,182630
182074,11922,182630
182075,12079,182630
182076,12236,182630
182077,12393,182630
182078,12550,182630
182079,12707,182630
182080,12864,182630
182081,13021,182630
182082,13178,182630
182083,13335,182630
182084,13492,182630
182085,13649,182630
182086,20132,182643
182087,20266,182643
182088,18832,182643
182089,17326,182643
182090,17388,182643
182091,15774,182643
182092,15800,182643
182093,15826,182643
182094,15852,182643
182095,15878,182643
182096,15904,182643
182097,15930,182643
182098,15956,182643
182099,15982,182643
182100,16008,182643
182101,16161,182643
182102,16318,182643
182103,18194,182643
182104,18256,182643
182105,18318,182643
182106,18380,182643
182107,18442,182643
182108,18504,182643
182109,18566,182643
182110,18628,182643
182111,18690,182643
182112,18752,182643
182113,18814,182643
182114,18876,182643
182115,18938,182643
182116,19000,182643
182117,19062,182643
182118,19124,182643
182119,19186,182643
182120,19248,182643
182121,19310,182643
182122,19458,182643
182123,19615,182643
182124,19772,182643
182125,19929,182643
182126,20086,182643
182127,20243,182643
182128,20400,182643
182129,20557,182643
182130,20714,182643
182131,20871,182643
182132,23144,182638
182133,23242,182638
182134,23340,182638
182135,23438,182638
182136,23536,182638
182137,23634,182638
182138,23732,182638
182139,23830,182638
182140,23928,182638
182141,24026,182638
182142,24124,182638
182143,24222,182638
182144,24320,182638
182145,24418,182638
182146,24516,182638
182147,24614,182638
182148,24712,182638
182149,24810,182638
182150,24908,182638
182151,25006,182638
182152,25104,182638
182153,25202,182638
182154,25300,182638
182155,30896,182651
182156,30912,182651
182157,30928,182651
182158,30944,182651
182159,30960,182651
182160,30976,182651
182161,30992,182651
182162,31008,182651
182163,31024,182651
182164,31040,182651
182165,31056,182651
182166,31072,182651
182167,31088,182651
182168,31120,182651
182169,31254,182651
182170,31388,182651
182171,31522,182651
182172,31656,182651
182173,31790,182651
182174,31924,182651
182175,32058,182651
182176,32192,182651
182177,32326,182651
182178,32460,182651
182179,32594,182651
182180,32728,182651
182181,32862,182651
182182,32996,182651
182183,33130,182651
182184,33264,182651
182185,33398,182651
182186,33532,182651
182187,29663,182634
182188,29820,182634
182189,29977,182634
182190,30134,182634
182191,30291,182634
182192,30448,182634
182193,31504,182651
182194,31520,182651
182195,31536,182651
182196,31552,182651
182197,31568,182651
182198,31584,182651
182199,31600,182651
182200,31704,182651
182201,31861,182651
182202,32018,182651
182203,32175,182651
182204,32332,182651
182205,32489,182651
182206,32646,182651
182207,32803,182651
182208,32960,182651
182209,33117,182651
182210,33274,182651
182211,33431,182651
182212,33588,182651
182213,33745,182651
182214,33902,182651
182215,34059,182651
182216,34216,182651
182217,34373,182651
182218,34530,182651
182219,34687,182651
182220,38256,182651
182221,38308,182651
182222,38360,182651
182223,38490,182651
182224,38624,182651
182225,38758,182651
182226,38892,182651
182227,39026,182651
182228,39160,182651
182229,39294,182651
182230,39428,182651
182231,39562,182651
182232,39696,182651
182233,39830,182651
182234,39964,182651
182235,40098,182651
182236,40232,182651
182237,40366,182651
182238,40500,182651
182239,40634,182651
182240,40768,182651
182241,40902,182651
182242,41036,182651
182243,41170,182651
182244,41304,182651
182245,41438,182651
182246,41572,182651
182247,41706,182651
182248,41840,182651
182249,41974,182651
182250,42108,182651
182251,42242,182651
182252,42376,182651
182253,44995,182653
182254,45106,182653
182255,45217,182653
182256,45328,182653
182257,45439,182653
182258,45550,182653
182259,45661,182653
182260,45772,182653
182261,45883,182653
182262,45994,182653
182263,46105,182653
182264,46216,182653
182265,46327,182653
182266,46438,182653
182267,46549,182653
182268,46660,182653
182269,46771,182653
182270,46882,182653
182271,45050,182653
182272,45056,182653
182273,45190,182653
182274,47326,182653
182275,47437,182653
182276,47548,182653
182277,47659,182653
182278,47770,182653
182279,47881,182653
182280,47992,182653
182281,48103,182653
182282,48214,182653
182283,48325,182653
182284,48436,182653
182285,48547,182653
182286,48658,182653
182287,48769,182653
182288,48880,182653
182289,48991,182653
182290,49102,182653
182291,49213,182653
182292,49324,182653
182293,52565,182659
182294,52630,182659
182295,52695,182659
182296,52760,182659
182297,52825,182659
182298,52890,182659
182299,52955,182659
182300,53020,182659
182301,53085,182659
182302,53150,182659
182303,53215,182659
182304,53280,182659
182305,53345,182659
182306,53410,182659
182307,53475,182659
182308,53540,182659
182309,53605,182659
182310,53670,182659
182311,53735,182659
182312,53800,182659
182313,53865,182659
182314,53930,182659
182315,53995,182659
182316,56132,182679
182317,56151,182679
182318,56170,182679
182319,56189,182679
182320,56208,182679
182321,56227,182679
182322,56246,182679
182323,56265,182679
182324,56284,182679
182325,56303,182679
182326,56322,182679
182327,56341,182679
182328,56360,182679
182329,56379,182679
182330,56398,182679
182331,56417,182679
182332,56436,182679
182333,56455,182679
182334,56474,182679
182335,56493,182679
182336,56512,182679
182337,56531,182679
182338,56550,182679
182339,56569,182679
182340,56588,182679
182341,56132,182681
182342,56188,182695
182343,56230,182695
182344,56272,182695
182345,56314,182695
182346,56356,182695
182347,56398,182695
182348,56440,182695
182349,56482,182695
182350,56762,182699
182351,56797,182715
182352,56816,182715
182353,56648,182729
182354,56692,182731
182355,56873,182751
182356,56892,182751
182357,11345,182757
182358,11358,182757
182359,11371,182757
182360,11384,182757
182361,11397,182757
182362,11542,182757
182363,11693,182757
182364,11844,182757
182365,11995,182738
182366,12146,182738
182367,12297,182738
182368,12288,182702
182369,12416,182702
182370,12750,182702
182371,12901,182702
182372,13052,182702
182373,13203,182702
182374,13354,182702
182375,13505,182702
182376,13630,182676
182377,13440,182666
182378,13568,182666
182379,13696,182666
182380,13824,182666
182381,13952,182666
182382,14080,182666
182383,14208,182666
182384,14336,182666
182385,14464,182666
182386,14592,182666
182387,14720,182666
182388,14848,182666
182389,14976,182666
182390,15104,182666
182391,15232,182666
182392,15360,182666
182393,15488,182666
182394,16374,182666
182395,16525,182666
182396,16676,182666
182397,16827,182666
182398,16978,182666
182399,17129,182666
182400,17280,182666
182401,17431,182666
182402,17582,182666
182403,17733,182666
182404,17884,182666
182405,18035,182666
182406,18186,182652
182407,18337,182652
182408,18488,182652
182409,18639,182652
182410,18790,182652
182411,18941,182652
182412,19092,182652
182413,19243,182652
182414,19394,182652
182415,19545,182652
182416,19696,182652
182417,19847,182652
182418,19998,182652
182419,20149,182652
182420,20300,182652
182421,20451,182652
182422,20602,182652
182423,20753,182652
182424,20904,182652
182425,21055,182652
182426,21206,182652
182427,21357,182652
182428,21508,182652
182429,21642,182635
182430,70592,182626
182431,70624,182626
182432,70656,182626
182433,70688,182626
182434,70720,182626
182435,70752,182626
182436,70784,182626
182437,70816,182626
182438,70848,182626
182439,70880,182626
182440,70912,182626
182441,70944,182626
182442,70976,182626
182443,71008,182626
182444,24952,182638
182445,24978,182638
182446,25004,182638
182447,25030,182638
182448,25056,182638
182449,25082,182638
182450,25108,182638
182451,25134,182638
182452,77572,182652
182453,73443,182662
182454,73498,182662
182455,73553,182662
182456,73608,182662
182457,73663,182662
182458,73718,182662
182459,73773,182662
182460,73828,182662
182461,73883,182662
182462,27742,182674
182463,27791,182674
182464,27840,182674
182465,27889,182674
182466,27938,182674
182467,27987,182674
182468,28036,182674
182469,28085,182674
182470,28134,182674
182471,28183,182674
182472,28232,182674
182473,28303,182674
182474,28454,182674
182475,28605,182674
182476,28756,182674
182477,28907,182674
182478,29058,182674
182479,29209,182674
182480,29360,182670
182481,29511,182670
182482,29662,182670
182483,29813,182670
182484,29964,182670
182485,80905,182647
182486,81006,182647
182487,81107,182647
182488,81208,182647
182489,81309,182647
182490,81410,182647
182491,81511,182647
182492,81612,182647
182493,81713,182647
182494,81814,182647
182495,81915,182647
182496,82016,182647
182497,29457,182634
182498,29506,182634
182499,29555,182634
182500,29604,182634
182501,29653,182634
182502,29702,182634
182503,29751,182634
182504,29800,182634
182505,29849,182634
182506,29952,182634
182507,30080,182634
182508,30208,182634
182509,30336,182634
182510,30464,182634
182511,30592,182634
182512,30720,182634
182513,30848,182634
182514,87335,182653
182515,87476,182670
182516,87600,182670
182517,87724,182670
182518,87848,182670
182519,87972,182670
182520,88096,182670
182521,88220,182670
182522,88344,182670
182523,36784,182651
182524,36800,182651
182525,36816,182651
182526,36832,182651
182527,36848,182651
182528,36864,182651
182529,36880,182651
182530,36910,182651
182531,37061,182651
182532,37212,182651
182533,37363,182651
182534,35248,182634
182535,35320,182634
182536,35392,182634
182537,35464,182634
182538,39606,182651
182539,87791,182670
182540,87836,182670
182541,87881,182670
182542,87926,182670
182543,87971,182670
182544,88016,182670
182545,88061,182670
182546,88106,182670
182547,88151,182670
182548,88196,182670
182549,88241,182670
182550,88286,182670
182551,41601,182687
182552,41640,182687
182553,41679,182687
182554,41718,182687
182555,41757,182687
182556,41796,182687
182557,41835,182687
182558,41874,182687
182559,41913,182687
182560,41952,182687
182561,41991,182687
182562,42030,182687
182563,42069,182687
182564,42108,182687
182565,42195,182687
182566,42346,182687
182567,42497,182687
182568,42648,182687
182569,42799,182687
182570,42950,182687
182571,43101,182687
182572,43252,182687
182573,43403,182687
182574,43554,182687
182575,43705,182687
182576,43856,182687
182577,44007,182687
182578,44158,182687
182579,95412,182683
182580,95536,182683
182581,95660,182683
182582,95784,182683
182583,95908,182683
182584,96032,182683
182585,44071,182651
182586,44166,182651
182587,44261,182651
182588,44356,182651
182589,44451,182651
182590,44546,182651
182591,44641,182651
182592,44736,182651
182593,44831,182651
182594,44926,182651
182595,46725,182651
182596,95760,182647
182597,48822,182658
182598,48884,182658
182599,48946,182658
182600,49008,182658
182601,49070,182658
182602,49132,182658
182603,49194,182658
182604,49256,182658
182605,49318,182658
182606,49380,182658
182607,49442,182658
182608,49504,182658
182609,49566,182658
182610,49628,182658
182611,99908,182662
182612,99964,182683
182613,99999,182683
182614,100034,182683
182615,100069,182683
182616,100104,182683
182617,100139,182683
182618,100248,182683
182619,100372,182683
182620,100496,182683
182621,100620,182683
182622,100744,182683
182623,100868,182683
182624,100992,182683
182625,101116,182683
182626,101240,182683
182627,101364,182683
182628,101488,182683
182629,101612,182683
182630,101736,182683
182631,101860,182683
182632,101984,182683
182633,102108,182683
182634,102231,182682
182635,102332,182659
182636,53564,182652
182637,53593,182652
182638,53622,182652
182639,53651,182652
182640,53680,182652
182641,53709,182652
182642,53822,182652
182643,53973,182652
182644,54124,182652
182645,54275,182652
182646,54426,182652
182647,54577,182652
182648,54728,182652
182649,54879,182652
182650,55030,182652
182651,55181,182652
182652,55332,182652
182653,55483,182652
182654,55634,182652
182655,55785,182652
182656,55936,182652
182657,56087,182652
182658,106806,182650
182659,106897,182650
182660,106988,182650
182661,107079,182650
182662,107170,182650
182663,107261,182650
182664,107352,182650
182665,107443,182650
182666,107534,182650
182667,107625,182650
182668,107716,182650
182669,107807,182650
182670,107898,182650
182671,107989,182650
182672,108080,182650
182673,108171,182650
182674,110400,182674
182675,110427,182676
182676,110452,182676
182677,110477,182676
182678,110502,182676
182679,110527,182676
182680,110552,182676
182681,110577,182676
182682,110602,182676
182683,110627,182676
182684,110652,182676
182685,110677,182676
182686,110702,182676
182687,110727,182676
182688,110752,182676
182689,110777,182676
182690,63238,182679
182691,63257,182679
182692,63276,182679
182693,63295,182679
182694,63314,182679
182695,63333,182679
182696,63352,182679
182697,63371,182679
182698,63390,182679
182699,63409,182679
182700,63428,182679
182701,63447,182679
182702,63466,182679
182703,63485,182679
182704,63504,182679
182705,63523,182679
182706,63542,182679
182707,63637,182679
182708,63788,182679
182709,63939,182679
182710,64090,182679
182711,64241,182679
182712,64392,182679
182713,64543,182679
182714,64694,182679
182715,64845,182679
182716,64996,182679
182717,65147,182679
182718,65298,182679
182719,65449,182679
182720,65600,182679
182721,65751,182679
182722,65902,182679
182723,66053,182679
182724,113972,182676
182725,50226,182658
182726,50364,182658
182727,50502,182658
182728,50640,182658
182729,50778,182658
182730,50916,182658
182731,67261,182654
182732,67412,182654
182733,67563,182654
182734,67714,182654
182735,67865,182654
182736,68016,182654
182737,68167,182654
182738,68318,182654
182739,68469,182654
182740,68620,182654
182741,68771,182654
182742,68922,182654
182743,69073,182654
182744,69224,182654
182745,123554,182650
182746,123668,182650
182747,123782,182650
182748,123896,182650
182749,124010,182650
182750,124124,182650
182751,124238,182650
182752,124352,182650
182753,124466,182650
182754,124580,182650
182755,124694,182650
182756,124808,182650
182757,124922,182650
182758,125036,182650
182759,125150,182650
182760,125264,182650
182761,125378,182650
182762,125492,182650
182763,125606,182650
182764,125720,182650
182765,125834,182650
182766,125948,182650
182767,126062,182650
182768,126176,182650
182769,126286,182646
182770,74164,182644
182771,74206,182644
182772,74248,182644
182773,74290,182644
182774,74332,182644
182775,74374,182644
182776,74416,182644
182777,74458,182644
182778,74500,182644
182779,74542,182644
182780,74660,182644
182781,127658,182640
182782,127772,182640
182783,127886,182640
182784,128000,182640
182785,128114,182640
182786,128228,182640
182787,128342,182640
182788,128456,182640
182789,76019,182629
182790,76170,182629
182791,76321,182629
182792,76472,182629
182793,76623,182629
182794,76774,182629
182795,76925,182629
182796,77076,182629
182797,77227,182629
182798,77378,182629
182799,77529,182629
182800,77680,182629
182801,77831,182629
182802,130732,182629
182803,130770,182629
182804,130808,182629
182805,130846,182629
182806,130884,182629
182807,130922,182629
182808,130960,182629
182809,130998,182629
182810,131036,182629
182811,131078,182629
182812,131192,182629
182813,131306,182629
182814,131420,182629
182815,131534,182629
182816,131648,182629
182817,131762,182629
182818,131876,182629
182819,131990,182629
182820,132104,182629
182821,132218,182629
182822,132332,182629
182823,139224,182651
182824,139328,182651
182825,138364,182651
182826,138392,182651
182827,138420,182651
182828,138448,182651
182829,138476,182651
182830,138504,182651
182831,138532,182651
182832,138560,182651
182833,138588,182651
182834,138616,182651
182835,138644,182651
182836,138672,182651
182837,138700,182651
182838,138728,182651
182839,138756,182651
182840,138792,182651
182841,138939,182651
182842,139086,182651
182843,138868,182651
182844,138896,182651
182845,138924,182651
182846,138952,182651
182847,138980,182651
182848,139008,182651
182849,139036,182651
182850,139064,182651
182851,139092,182651
182852,139120,182651
182853,139148,182651
182854,139176,182651
182855,139204,182651
182856,139232,182651
182857,139260,182651
182858,139288,182651
182859,139316,182651
182860,139344,182651
182861,139372,182651
182862,139400,182651
182863,139428,182651
182864,139456,182651
182865,139484,182651
182866,139512,182651
182867,90914,182670
182868,90936,182670
182869,90958,182670
182870,90980,182670
182871,91002,182670
182872,91024,182670
182873,91046,182670
182874,91068,182670
182875,90388,182676
182876,145387,182686
182877,145449,182687
182878,145510,182687
182879,145571,182687
182880,145632,182687
182881,145693,182687
182882,145754,182687
182883,145815,182687
182884,145876,182687
182885,145937,182687
182886,145998,182687
182887,145880,182687
182888,91363,182693
182889,146181,182723
182890,146292,182742
182891,146310,182742
182892,146436,182742
182893,146583,182742
182894,146608,182706
182895,146712,182706
182896,147024,182706
182897,147171,182706
182898,147318,182706
182899,147465,182706
182900,147612,182706
182901,147759,182706
182902,147906,182706
182903,148053,182706
182904,148200,182706
182905,148347,182706
182906,148494,182706
182907,148641,182706
182908,148788,182706
182909,148935,182706
182910,149082,182706
182911,149229,182706
182912,149376,182706
182913,149523,182706
182914,149670,182706
182915,149817,182706
182916,149964,182706
182917,150111,182706
182918,150258,182706
182919,150405,182706
182920,150552,182706
182921,150699,182706
182922,150846,182706
182923,150993,182706
182924,151140,182706
182925,151287,182706
182926,151434,182706
182927,151581,182706
182928,151728,182706
182929,151875,182706
182930,152022,182706
182931,99733,182683
182932,99788,182683
182933,99843,182683
182934,99898,182683
182935,99953,182683
182936,100008,182683
182937,100063,182683
182938,100118,182683
182939,100173,182683
182940,100228,182683
182941,100283,182683
182942,100338,182683
182943,100393,182683
182944,100448,182683
182945,100503,182683
182946,100558,182683
182947,155257,182715
182948,155308,182715
182949,155359,182715
182950,155410,182715
182951,155461,182715
182952,155512,182715
182953,155563,182715
182954,155614,182715
182955,155697,182715
182956,155844,182715
182957,155991,182715
182958,156138,182715
182959,156285,182715
182960,156432,182715
182961,156579,182715
182962,156726,182715
182963,156873,182715
182964,156993,182688
182965,104778,182686
182966,104876,182686
182967,104974,182686
182968,105072,182686
182969,105170,182686
182970,105268,182686
182971,105366,182686
182972,105464,182686
182973,105562,182686
182974,105660,182686
182975,105758,182686
182976,107456,182686
182977,107501,182686
182978,107546,182686
182979,107591,182686
182980,107636,182686
182981,107681,182686
182982,107726,182686
182983,107771,182686
182984,107816,182686
182985,107861,182686
182986,107906,182686
182987,107951,182686
182988,107996,182686
182989,108041,182686
182990,108086,182686
182991,108131,182686
182992,108176,182686
182993,108221,182686
182994,162695,182688
182995,162763,182715
182996,162804,182715
182997,162845,182715
182998,162886,182715
182999,162927,182715
183000,162968,182715
183001,163009,182715
183002,163050,182715
183003,163091,182715
183004,163132,182715
183005,163173,182715
183006,163214,182715
183007,163341,182715
183008,163488,182715
183009,163635,182715
183010,163782,182715
183011,163929,182715
183012,164076,182715
183013,164223,182715
183014,164370,182715
183015,164517,182715
183016,164664,182715
183017,164811,182715
183018,164958,182715
183019,165105,182715
183020,164520,182679
183021,164614,182679
183022,164708,182679
183023,115240,182686
183024,115328,182686
183025,115416,182686
183026,115504,182686
183027,115592,182686
183028,115680,182686
183029,115768,182686
183030,115856,182686
183031,115944,182686
183032,116032,182686
183033,116120,182686
183034,116208,182686
183035,116296,182686
183036,116377,182679
183037,167751,182679
183038,167898,182679
183039,168045,182679
183040,168192,182679
183041,168339,182679
183042,168486,182679
183043,168633,182679
183044,169340,182675
183045,169371,182675
183046,169402,182675
183047,169433,182675
183048,169464,182675
183049,169515,182675
183050,169662,182675
183051,169809,182675
183052,169956,182675
183053,170103,182675
183054,170250,182675
183055,170397,182675
183056,170544,182675
183057,170691,182675
183058,170838,182675
183059,170985,182675
183060,171132,182675
183061,171279,182675
183062,171426,182675
183063,171573,182675
183064,171720,182675
183065,173108,182675
183066,173192,182675
183067,173276,182675
183068,173360,182675
183069,173444,182675
183070,173528,182675
183071,173612,182675
183072,173696,182675
183073,173780,182675
183074,173864,182675
183075,173948,182675
183076,174032,182675
183077,174116,182675
183078,174200,182675
183079,174284,182675
183080,174368,182675
183081,174452,182675
183082,174536,182675
183083,174620,182675
183084,174704,182675
183085,124873,182661
183086,125014,182661
183087,125155,182661
183088,125296,182661
183089,125437,182661
183090,125578,182661
183091,125719,182661
183092,125860,182661
183093,126001,182661
183094,126142,182661
183095,126283,182661
183096,126424,182661
183097,126565,182661
183098,126706,182661
183099,126847,182661
183100,126988,182661
183101,127129,182661
183102,127270,182661
183103,179125,182641
183104,179136,182641
183105,179147,182641
183106,179158,182641
183107,179169,182641
183108,179180,182641
183109,180722,182650
183110,180796,182650
183111,180870,182650
183112,180944,182650
183113,181018,182650
183114,181092,182650
183115,181166,182650
183116,181240,182650
183117,181314,182650
183118,181388,182650
183119,181462,182650
183120,181536,182650
183121,181610,182650
183122,181684,182650
183123,181758,182650
183124,181832,182628
183125,183125,182630
183126,183126,182630
183127,183127,182630
183128,183128,182630
183129,183129,182630
183130,183130,182630
183131,132140,182640
183132,132208,182640
183133,132276,182640
183134,132344,182640
183135,132412,182640
183136,132480,182640
183137,132548,182640
183138,132616,182640
183139,132684,182640
183140,132752,182640
183141,132820,182640
183142,132910,182640
183143,133051,182640
183144,133192,182640
183145,133333,182640
183146,133474,182640
183147,133615,182640
183148,187596,182630
183149,187733,182630
183150,187870,182630
183151,187328,182637
183152,187392,182637
183153,187456,182637
183154,187520,182637
183155,187584,182637
183156,187648,182630
183157,187712,182630
183158,187776,182630
183159,187840,182630
183160,187904,182630
183161,187968,182630
183162,188032,182630
183163,188096,182630
183164,188160,182630
183165,188224,182630
183166,188288,182630
183167,188352,182630
183168,188416,182630
183169,191798,182664
183170,191852,182664
183171,191906,182664
183172,191960,182664
183173,192014,182664
183174,192068,182664
183175,192122,182664
183176,192176,182664
183177,192230,182664
183178,192284,182664
183179,192338,182664
183180,192392,182664
183181,192446,182664
183182,192500,182664
183183,192554,182664
183184,192608,182664
183185,192665,182700
183186,192802,182700
183187,192939,182700
183188,193076,182700
183189,193213,182700
183190,193350,182700
183191,193487,182700
183192,193624,182700
183193,193761,182700
183194,193898,182700
183195,194035,182700
183196,194172,182700
183197,194309,182700
183198,194446,182700
183199,194583,182700
183200,194720,182700
183201,194857,182700
183202,194994,182700
183203,195131,182700
183204,195268,182700
183205,195405,182700
183206,195542,182700
183207,195679,182700
183208,195816,182700
183209,195953,182700
183210,196090,182700
183211,196227,182700
183212,196364,182700
183213,197052,182736
183214,197096,182736
183215,197140,182736
183216,197184,182736
183217,197228,182736
183218,197272,182736
183219,197323,182736
183220,197460,182736
183221,197597,182736
183222,197734,182736
183223,197871,182736
183224,198008,182736
183225,198145,182736
183226,198282,182736
183227,198419,182736
183228,198556,182736
183229,198693,182736
183230,198830,182736
183231,198967,182736
183232,199104,182736
183233,199241,182736
183234,199378,182736
183235,199515,182736
183236,200689,182748
183237,200746,182771
183238,200780,182771
183239,200814,182771
183240,200848,182771
183241,200882,182771
183242,200916,182771
183243,200950,182771
183244,200984,182771
183245,201018,182771
183246,201052,182771
183247,150240,182782
183248,203824,182796
183249,203951,182796
183250,204078,182796
183251,204205,182796
183252,204332,182796
183253,204459,182796
183254,204586,182796
183255,204713,182796
183256,204840,182796
183257,203864,182796
183258,203888,182796
183259,203912,182796
183260,203936,182796
183261,203960,182796
183262,203984,182796
183263,204008,182796
183264,204032,182796
183265,153042,182814
183266,153060,182814
183267,153078,182814
183268,153096,182814
183269,153135,182814
183270,153266,182814
183271,153397,182814
183272,153528,182814
183273,153659,182814
183274,153790,182814
183275,153921,182814
183276,154052,182814
183277,154183,182814
183278,154314,182814
183279,154445,182814
183280,154576,182814
183281,155528,182823
183282,155536,182823
183283,155544,182823
183284,155552,182823
183285,155560,182823
183286,155568,182823
183287,155576,182823
183288,155624,182823
183289,209010,182831
183290,209158,182852
183291,209285,182852
183292,209412,182852
183293,209539,182852
183294,209666,182852
183295,209793,182852
183296,209920,182852
183297,210047,182852
183298,210174,182852
183299,210301,182852
183300,210428,182852
183301,210555,182852
183302,210682,182852
183303,210809,182852
183304,210936,182852
183305,211063,182852
183306,211190,182852
183307,211317,182852
183308,211444,182852
183309,211571,182852
183310,211698,182852
183311,211825,182852
183312,211952,182852
183313,212079,182852
183314,212206,182852
183315,212333,182852
183316,212460,182852
183317,212587,182852
183318,212714,182852
183319,212841,182852
183320,161624,182859
183321,161745,182859
183322,161866,182859
183323,161987,182859
183324,162108,182859
183325,162229,182859
183326,162350,182859
183327,162471,182859
183328,162592,182859
183329,162713,182859
183330,162834,182859
183331,162955,182859
183332,163076,182859
183333,163197,182859
183334,163318,182859
183335,163439,182859
183336,163560,182859
183337,163681,182859
183338,163802,182859
183339,163923,182859
183340,164044,182859
183341,164165,182859
183342,217331,182869
183343,217467,182888
183344,217584,182888
183345,217701,182888
183346,217818,182888
183347,217935,182888
183348,218052,182888
183349,218169,182888
183350,218286,182888
183351,218403,182888
183352,218520,182888
183353,218637,182888
183354,218754,182888
183355,218871,182888
183356,218988,182888
183357,219105,182888
183358,219222,182888
183359,219339,182888
183360,167868,182891
183361,167983,182895
183362,168094,182895
183363,168205,182895
183364,168316,182895
183365,168427,182895
183366,168538,182895
183367,168649,182895
183368,168760,182895
183369,168871,182895
183370,168982,182895
183371,169093,182895
183372,169204,182895
183373,169315,182895
183374,222355,182917
183375,222469,182924
183376,222576,182924
183377,222683,182924
183378,222790,182924
183379,222897,182924
183380,223004,182924
183381,223111,182924
183382,223218,182924
183383,223325,182924
183384,223432,182924
183385,223539,182924
183386,171906,182931
183387,172007,182931
183388,172108,182931
183389,172209,182931
183390,172310,182931
183391,172411,182931
183392,172512,182931
183393,172613,182931
183394,172714,182931
183395,225652,182945
183396,225764,182960
183397,225861,182960
183398,225958,182960
183399,226055,182960
183400,226152,182960
183401,226249,182960
183402,226346,182960
183403,226443,182960
183404,174692,182967
183405,174783,182967
183406,174874,182967
183407,174965,182967
183408,175056,182967
183409,175147,182967
183410,228007,182973
183411,228117,182996
183412,228204,182996
183413,228291,182996
183414,228378,182996
183415,228465,182996
183416,228552,182996
183417,176713,183003
183418,176794,183003
183419,176875,183003
183420,176956,183003
183421,177037,183003
183422,229862,183032
183423,229939,183032
183424,230016,183032
183425,230093,183032
183426,230170,183032
183427,178261,183039
183428,178332,183039
183429,178403,183039
183430,178474,183039
183431,231253,183068
183432,231320,183068
183433,231387,183068
183434,231454,183068
183435,179487,183075
183436,179548,183075
183437,179609,183075
183438,232350,183104
183439,232407,183104
183440,232464,183104
183441,180451,183111
183442,180502,183111
183443,233188,183115
183444,233260,183140
183445,233307,183140
183446,181254,183147
183447,181295,183147
183448,233973,183173
183449,234013,183176
183450,234050,183176
183451,181957,183179
183452,234601,183193
183453,234639,183204
183454,234666,183204
183455,234693,183204
183456,235168,183222
183457,235185,183222
183458,235202,183222
183459,235637,183230
183460,235644,183230
183461,235651,183230
183462,235658,183230
183463,235665,183230
183464,235672,183230
183465,235679,183230
183466,235686,183230
183467,235693,183230
183468,235700,183230
183469,235707,183230
183470,235714,183230
183471,235721,183230
183472,235728,183230
183473,235735,183230
183474,235742,183230
183475,235749,183230
183476,235756,183230
183477,235763,183230
183478,235770,183230
183479,235777,183230
183480,235784,183230
183481,235791,183230
183482,235798,183230
183483,235805,183230
183484,235812,183230
183485,235819,183230
183486,235826,183230
183487,235833,183230
183488,235840,183230
183489,235847,183230
183490,235854,183230
183491,235861,183230
183492,235868,183230
183493,235875,183230
183494,235882,183230
183495,235889,183230
183496,235896,183230
183497,235903,183230
183498,235910,183230
183499,235917,183230
183500,235924,183230
183501,235961,183230
183502,236118,183230
183503,236275,183230
183504,236432,183230
183505,236589,183230
183506,236746,183230
183507,236903,183230
183508,237060,183230
183509,237217,183230
183510,237374,183230
183511,237531,183230
183512,237688,183230
183513,237845,183230
183514,238002,183230
183515,238159,183230
183516,238316,183230
183517,238473,183230
183518,238630,183230
183519,238787,183230
183520,238944,183230
183521,239101,183230
183522,239258,183230
183523,239415,183230
183524,239572,183230
183525,239729,183230
183526,239886,183230
183527,240043,183230
183528,240200,183230
183529,240357,183230
183530,240514,183230
183531,240671,183230
183532,240828,183230
183533,240985,183230
183534,241142,183230
183535,241299,183230
183536,241456,183230
183537,241613,183230
183538,241770,183230
183539,241927,183230
183540,242084,183230
183541,242241,183227
183542,242398,183227
183543,242555,183219
183544,190024,183206
183545,242869,183206
183546,190326,183194
183547,190477,183177
183548,190628,183177
183549,190297,183158
183550,190438,183158
183551,190579,183141
183552,190720,183141
183553,190339,183122
183554,190470,183122
183555,190601,183105
183556,190732,183105
183557,190863,183105
183558,190422,183086
183559,190543,183086
183560,190664,183069
183561,190785,183069
183562,190906,183069
183563,190405,183050
183564,190516,183050
183565,190627,183050
183566,190736,183048
183567,190849,183033
183568,190960,183033
183569,191071,183033
183570,190490,183014
183571,190591,183014
183572,190692,183014
183573,190793,183014
183574,190894,182997
183575,190995,182997
183576,191096,182997
183577,191197,182997
183578,191298,182997
183579,190617,182978
183580,190708,182978
183581,190799,182978
183582,190890,182978
183583,190981,182978
183584,191072,182961
183585,191163,182961
183586,191254,182961
183587,191345,182961
183588,191436,182961
183589,191527,182961
183590,190726,182942
183591,190807,182942
183592,190888,182942
183593,190969,182942
183594,191050,182942
183595,191131,182942
183596,191212,182942
183597,191293,182925
183598,191374,182925
183599,191455,182925
183600,191536,182925
183601,191617,182925
183602,191698,182925
183603,191779,182925
183604,191860,182925
183605,190899,182906
183606,190970,182906
183607,191041,182906
183608,191112,182906
183609,191183,182906
183610,191254,182906
183611,191325,182906
183612,191396,182906
183613,191467,182906
183614,191538,182889
183615,191609,182889
183616,191680,182889
183617,191751,182889
183618,191822,182889
183619,191893,182889
183620,191964,182889
183621,192035,182889
183622,192106,182889
183623,192177,182889
183624,192248,182889
183625,192306,182876
183626,191138,182870
183627,191199,182870
183628,191260,182870
183629,191321,182870
183630,191382,182870
183631,191443,182870
183632,191504,182870
183633,191565,182870
183634,191626,182870
183635,191687,182870
183636,191748,182870
183637,191809,182870
183638,191870,182870
183639,191931,182853
183640,191992,182853
183641,192053,182853
183642,192114,182853
183643,192175,182853
183644,192236,182853
183645,192297,182853
183646,192358,182853
183647,192419,182853
183648,192480,182853
183649,192541,182853
183650,192602,182853
183651,192663,182853
183652,192724,182853
183653,192785,182853
183654,192846,182853
183655,192907,182853
183656,192957,182842
183657,191467,182834
183658,191518,182834
183659,191569,182834
183660,191620,182834
183661,191671,182834
183662,191722,182834
183663,191773,182834
183664,191824,182834
183665,191875,182834
183666,191926,182834
183667,191977,182834
183668,192028,182834
183669,192079,182834
183670,192130,182834
183671,192181,182834
183672,192232,182834
183673,192283,182834
183674,192334,182834
183675,192385,182834
183676,192436,182834
183677,192487,182834
183678,194310,182831
183679,192589,182817
183680,192640,182817
183681,192691,182817
183682,192742,182817
183683,192793,182817
183684,192844,182817
183685,192895,182817
183686,192946,182817
183687,192997,182817
183688,193048,182817
183689,193099,182817
183690,193150,182817
183691,193201,182817
183692,193252,182817
183693,193303,182817
183694,193354,182817
183695,193405,182817
183696,193456,182817
183697,193507,182817
183698,193558,182817
183699,193609,182817
183700,193660,182817
183701,193711,182817
183702,193762,182817
183703,193813,182817
183704,193864,182817
183705,193915,182817
183706,193966,182817
183707,194017,182817
183708,191996,182798
183709,192037,182798
183710,192078,182798
183711,192119,182798
183712,192160,182798
183713,192201,182798
183714,192242,182798
183715,192283,182798
183716,192324,182798
183717,192365,182798
183718,192406,182798
183719,192447,182798
183720,192488,182798
183721,192529,182798
183722,192570,182798
183723,192611,182798
183724,192652,182798
183725,192710,182798
183726,192868,182798
183727,193026,182798
183728,193184,182798
183729,193342,182798
183730,195190,182795
183731,195241,182795
183732,195292,182795
183733,195343,182795
183734,195394,182795
183735,195445,182795
183736,195496,182795
183737,195547,182795
183738,195598,182795
183739,195649,182795
183740,195700,182795
183741,195751,182795
183742,195802,182795
183743,195853,182795
183744,195904,182795
183745,195955,182795
183746,196028,182795
183747,39263,182778
183748,39316,182778
183749,39368,182777
183750,248092,182769
183751,248246,182769
183752,248400,182769
183753,248554,182769
183754,248708,182769
183755,248862,182769
183756,249016,182769
183757,39793,182749
183758,39846,182749
183759,39899,182749
183760,39952,182749
183761,40005,182749
183762,40058,182749
183763,40111,182749
183764,40164,182749
183765,40217,182749
183766,40270,182749
183767,40323,182749
183768,40376,182749
183769,40429,182749
183770,40482,182749
183771,40535,182749
183772,40680,182749
183773,40830,182749
183774,40980,182749
183775,41130,182749
183776,41280,182749
183777,41430,182749
183778,41571,182740
183779,41730,182715
183780,41880,182715
183781,42030,182715
183782,42180,182715
183783,42330,182715
183784,42480,182715
183785,42630,182715
183786,42780,182715
183787,42930,182715
183788,43080,182715
183789,43230,182715
183790,43380,182715
183791,44497,182715
183792,44560,182715
183793,44623,182715
183794,44686,182715
183795,44749,182715
183796,44812,182715
183797,44875,182715
183798,44938,182715
183799,45001,182715
183800,45064,182715
183801,45127,182715
183802,45190,182715
183803,45330,182715
183804,45471,182706
183805,42588,182679
183806,42728,182679
183807,42868,182679
183808,43008,182679
183809,43148,182679
183810,43288,182679
183811,43428,182679
183812,43568,182679
183813,43708,182679
183814,43848,182679
183815,43988,182679
183816,44128,182679
183817,44268,182679
183818,44408,182679
183819,47712,182661
183820,43132,182643
183821,43185,182643
183822,43238,182643
183823,43291,182643
183824,43344,182643
183825,43397,182643
183826,43450,182643
183827,43503,182643
183828,43556,182643
183829,43609,182643
183830,43662,182643
183831,43715,182643
183832,43768,182643
183833,43821,182643
183834,43874,182643
183835,43927,182643
183836,43980,182643
183837,44033,182643
183838,44086,182643
183839,44139,182643
183840,44192,182643
183841,44245,182643
183842,44356,182643
183843,44486,182643
183844,44616,182643
183845,44746,182643
183846,44876,182643
183847,45006,182643
183848,45136,182643
183849,45266,182643
183850,45396,182643
183851,45526,182643
183852,45656,182643
183853,45786,182643
183854,54548,182614
183855,54554,182614
183856,54560,182614
183857,54566,182614
183858,54572,182614
183859,54578,182614
183860,54584,182614
183861,54590,182614
183862,54596,182614
183863,54602,182614
183864,54608,182614
183865,54630,182614
183866,54780,182614
183867,54930,182614
183868,55080,182614
183869,55230,182614
183870,55380,182614
183871,55530,182614
183872,55680,182614
183873,34775,182630
183874,34798,182630
183875,34821,182630
183876,34844,182630
183877,34867,182630
183878,34890,182630
183879,34913,182630
183880,34936,182630
183881,34959,182630
183882,34982,182630
183883,35005,182630
183884,241904,182644
183885,241988,182644
183886,242072,182644
183887,242156,182644
183888,242240,182644
183889,35143,182666
183890,35166,182666
183891,35189,182666
183892,35212,182666
183893,35361,182666
183894,35518,182666
183895,243025,182659
183896,243176,182659
183897,243327,182659
183898,243478,182659
183899,243629,182659
183900,243780,182659
183901,243931,182659
183902,244082,182659
183903,244233,182659
183904,244384,182659
183905,244535,182659
183906,244686,182659
183907,244837,182659
183908,244988,182651
183909,245139,182651
183910,245290,182651
183911,245441,182651
183912,245592,182651
183913,245743,182651
183914,245894,182651
183915,246045,182651
183916,246196,182651
183917,246347,182651
183918,246498,182651
183919,246649,182651
183920,246800,182651
183921,246951,182651
183922,247096,182645
183923,247329,182630
183924,249489,182641
183925,245348,182651
183926,245432,182651
183927,245516,182651
183928,245600,182651
183929,245684,182651
183930,245768,182651
183931,245852,182651
183932,245936,182651
183933,246020,182651
183934,246104,182651
183935,246188,182651
183936,246272,182651
183937,246356,182651
183938,246440,182651
183939,246524,182651
183940,246608,182651
183941,246692,182651
183942,246776,182651
183943,246860,182651
183944,246944,182651
183945,247923,182666
183946,247950,182666
183947,247977,182666
183948,248004,182666
183949,248031,182666
183950,248058,182666
183951,248085,182666
183952,248112,182666
183953,248139,182666
183954,248166,182666
183955,248193,182666
183956,248220,182666
183957,248247,182666
183958,248274,182666
183959,248301,182666
183960,248328,182666
183961,248389,182666
183962,248530,182666
183963,248671,182666
183964,248812,182666
183965,248953,182666
183966,249094,182666
183967,249235,182666
183968,249376,182666
183969,249517,182666
183970,249658,182666
183971,249799,182666
183972,249940,182666
183973,250081,182666
183974,245490,182651
183975,249548,182666
183976,249632,182666
183977,249716,182666
183978,249800,182666
183979,249884,182666
183980,249968,182666
183981,250052,182666
183982,250136,182666
183983,250220,182666
183984,250304,182666
183985,245546,182651
183986,245620,182651
183987,245694,182651
183988,245768,182651
183989,245842,182651
183990,245916,182651
183991,245990,182651
183992,249192,182666
183993,249219,182666
183994,249246,182666
183995,249273,182666
183996,249300,182666
183997,249327,182666
183998,249354,182666
183999,249381,182666
184000,249408,182666
184001,249435,182666
184002,249462,182666
184003,249489,182666
184004,249516,182666
184005,249551,182666
184006,249682,182666
184007,249813,182666
184008,249944,182666
184009,250075,182666
184010,250206,182666
184011,250337,182666
184012,250468,182666
184013,250599,182666
184014,250730,182666
184015,250861,182666
184016,245840,182651
184017,245961,182651
184018,246082,182651
184019,255096,182654
184020,249948,182666
184021,249975,182666
184022,250002,182666
184023,250029,182666
184024,250056,182666
184025,250083,182666
184026,250110,182666
184027,250137,182666
184028,250164,182666
184029,250191,182666
184030,250218,182666
184031,250245,182666
184032,250272,182666
184033,250299,182666
184034,250326,182666
184035,250353,182666
184036,250380,182666
184037,250407,182666
184038,250434,182666
184039,250461,182666
184040,244224,182677
184041,244288,182677
184042,244352,182677
184043,244416,182677
184044,244480,182677
184045,244544,182677
184046,244608,182677
184047,244672,182677
184048,244736,182677
184049,244800,182677
184050,256250,182697
184051,250785,182702
184052,250812,182702
184053,250839,182702
184054,250866,182702
184055,250893,182702
184056,250920,182702
184057,250947,182702
184058,250974,182702
184059,251043,182702
184060,251164,182702
184061,251285,182702
184062,251406,182702
184063,251527,182702
184064,251648,182702
184065,246430,182687
184066,246588,182687
184067,246746,182687
184068,246904,182687
184069,247062,182687
184070,247220,182687
184071,252495,182684
184072,252616,182684
184073,252737,182684
184074,252858,182684
184075,252979,182684
184076,253100,182684
184077,253221,182684
184078,253342,182684
184079,253463,182684
184080,253584,182684
184081,253705,182684
184082,253826,182684
184083,253947,182684
184084,254068,182684
184085,254189,182684
184086,254310,182684
184087,254431,182684
184088,254552,182684
184089,254673,182684
184090,254794,182684
184091,254915,182684
184092,255036,182684
184093,255156,182683
184094,251946,182666
184095,251973,182666
184096,252000,182666
184097,252027,182666
184098,252054,182666
184099,252081,182666
184100,252108,182666
184101,252135,182666
184102,252276,182666
184103,256367,182661
184104,256488,182661
184105,256609,182661
184106,256730,182661
184107,256851,182661
184108,256972,182661
184109,257093,182661
184110,257214,182661
184111,257335,182661
184112,257456,182661
184113,257577,182661
184114,257698,182661
184115,257819,182661
184116,257940,182661
184117,258061,182661
184118,258182,182661
184119,258303,182661
184120,258424,182661
184121,258545,182661
184122,258666,182661
184123,255736,182662
184124,255832,182684
184125,46817,182670
184126,46934,182670
184127,47051,182670
184128,47168,182670
184129,47285,182670
184130,259629,182664
184131,259740,182654
184132,259851,182644
184133,100476,182643
184134,100552,182643
184135,100628,182643
184136,100704,182643
184137,100780,182643
184138,100856,182643
184139,100932,182643
184140,101008,182643
184141,101084,182643
184142,101160,182643
184143,101236,182643
184144,101312,182643
184145,101388,182643
184146,101464,182643
184147,101540,182643
184148,101616,182643
184149,101692,182643
184150,101768,182643
184151,101844,182643
184152,101920,182643
184153,101996,182643
184154,102072,182643
184155,102148,182643
184156,102224,182643
184157,102300,182643
184158,102376,182643
184159,102452,182643
184160,102528,182643
184161,102604,182643
184162,102680,182643
184163,102756,182643
184164,102832,182643
184165,102908,182643
184166,102984,182643
184167,103060,182643
184168,103136,182643
184169,103212,182643
184170,104742,182649
184171,104781,182649
184172,104820,182649
184173,104859,182649
184174,104898,182649
184175,104937,182649
184176,104976,182649
184177,105015,182649
184178,105054,182649
184179,105093,182649
184180,105132,182649
184181,105171,182649
184182,105210,182649
184183,105249,182649
184184,106224,182652
184185,106226,182652
184186,106228,182652
184187,106230,182652
184188,106232,182652
184189,106234,182652
184190,106236,182652
184191,106238,182652
184192,106240,182652
184193,106242,182652
184194,106244,182652
184195,106246,182652
184196,106248,182652
184197,106250,182652
184198,106252,182652
184199,106254,182652
184200,106256,182652
184201,106258,182652
184202,106260,182652
184203,106262,182652
184204,106264,182652
184205,106266,182652
184206,106268,182652
184207,106270,182652
184208,106272,182652
184209,106274,182652
184210,106380,182652
184211,106530,182652
184212,106680,182652
184213,106830,182652
184214,106980,182652
184215,107130,182652
184216,107280,182652
184217,107430,182652
184218,107580,182652
184219,107730,182652
184220,107880,182652
184221,108030,182652
184222,108180,182652
184223,108330,182652
184224,108480,182652
184225,108630,182652
184226,108780,182652
184227,108930,182652
184228,109080,182652
184229,109230,182652
184230,109380,182652
184231,109530,182652
184232,109680,182652
184233,17275,182633
184234,17406,182633
184235,17537,182633
184236,17668,182633
184237,17799,182633
184238,17930,182633
184239,16962,182633
184240,17056,182633
184241,17150,182633
184242,17244,182633
184243,17338,182633
184244,17432,182633
184245,17526,182633
184246,17620,182633
184247,17714,182633
184248,17808,182633
184249,17902,182633
184250,17996,182633
184251,18090,182633
184252,18184,182633
184253,18278,182633
184254,18372,182633
184255,37710,182642
184256,37760,182642
184257,37810,182642
184258,37860,182642
184259,37910,182642
184260,37960,182642
184261,38010,182642
184262,38060,182642
184263,38110,182642
184264,38160,182642
184265,38210,182642
184266,38260,182642
184267,38310,182642
184268,38360,182642
184269,38410,182642
184270,38460,182642
184271,38510,182642
184272,38560,182642
184273,20158,182633
184274,38660,182633
184275,38710,182633
184276,38760,182633
184277,38810,182633
184278,38860,182633
184279,38910,182633
184280,39016,182633
184281,39167,182633
184282,39318,182633
184283,39469,182633
184284,39620,182633
184285,39771,182633
184286,39922,182633
184287,40073,182633
184288,40224,182633
184289,40375,182633
184290,40526,182633
184291,40677,182633
184292,40828,182633
184293,40979,182633
184294,26930,182628
184295,26997,182628
184296,39760,182633
184297,39810,182633
184298,39860,182633
184299,39910,182633
184300,39960,182633
184301,40010,182633
184302,44642,182643
184303,44665,182643
184304,44688,182643
184305,44711,182643
184306,44734,182643
184307,44757,182643
184308,44780,182643
184309,44803,182643
184310,44826,182643
184311,44849,182643
184312,44872,182643
184313,44895,182643
184314,44918,182643
184315,44941,182643
184316,44964,182643
184317,44987,182643
184318,45010,182643
184319,45033,182643
184320,45056,182643
184321,45207,182643
184322,45358,182643
184323,45509,182643
184324,45660,182643
184325,45811,182643
184326,45962,182643
184327,46113,182643
184328,46264,182643
184329,46415,182643
184330,46566,182643
184331,46717,182643
184332,46868,182643
184333,47019,182643
184334,47170,182643
184335,47321,182643
184336,39120,182633
184337,39261,182633
184338,39402,182633
184339,39543,182633
184340,39684,182633
184341,39825,182633
184342,39966,182633
184343,40107,182633
184344,40248,182633
184345,40389,182633
184346,40530,182633
184347,40671,182633
184348,40812,182633
184349,40953,182633
184350,41094,182633
184351,41235,182633
184352,42560,182633
184353,42610,182633
184354,42660,182633
184355,39559,182633
184356,45884,182643
184357,45907,182643
184358,45930,182643
184359,45953,182643
184360,45976,182643
184361,45999,182643
184362,46022,182643
184363,46045,182643
184364,46068,182643
184365,46091,182643
184366,46204,182643
184367,46318,182643
184368,46432,182643
184369,46546,182643
184370,46660,182643
184371,46774,182643
184372,46888,182643
184373,46275,182643
184374,46298,182643
184375,46321,182643
184376,46344,182643
184377,46367,182643
184378,46390,182643
184379,46413,182643
184380,46436,182643
184381,46459,182643
184382,46482,182643
184383,46505,182643
184384,46528,182643
184385,46551,182643
184386,46574,182643
184387,46597,182643
184388,46620,182643
184389,46643,182643
184390,46734,182643
184391,46875,182643
184392,47016,182643
184393,47157,182643
184394,47298,182643
184395,47439,182643
184396,47580,182643
184397,47721,182643
184398,47862,182643
184399,48003,182643
184400,48144,182643
184401,48285,182643
184402,48426,182643
184403,48567,182643
184404,39676,182633
184405,39807,182633
184406,39938,182633
184407,40069,182633
184408,45352,182647
184409,45410,182655
184410,45460,182655
184411,45510,182655
184412,45560,182655
184413,45610,182655
184414,45660,182655
184415,45710,182655
184416,45760,182655
184417,45810,182655
184418,45860,182655
184419,45910,182655
184420,45960,182655
184421,46010,182655
184422,46060,182655
184423,46110,182655
184424,46160,182655
184425,46210,182655
184426,46260,182655
184427,46310,182655
184428,46360,182655
184429,46410,182655
184430,46460,182655
184431,46510,182655
184432,46560,182655
184433,46610,182655
184434,46660,182655
184435,46710,182655
184436,46760,182655
184437,46810,182655
184438,46860,182655
184439,46910,182655
184440,46960,182655
184441,47010,182655
184442,47060,182655
184443,57304,182667
184444,47908,182679
184445,47931,182679
184446,47954,182679
184447,47977,182679
184448,48000,182679
184449,48023,182679
184450,48046,182679
184451,48069,182679
184452,48092,182679
184453,47610,182691
184454,47660,182691
184455,47710,182691
184456,47760,182691
184457,47810,182691
184458,48230,182715
184459,48253,182715
184460,48276,182715
184461,48299,182715
184462,48322,182715
184463,48345,182715
184464,48368,182715
184465,48391,182715
184466,48414,182715
184467,48437,182715
184468,48460,182715
184469,48483,182715
184470,48506,182715
184471,48529,182715
184472,48592,182715
184473,48750,182715
184474,48908,182715
184475,49066,182715
184476,49224,182715
184477,49382,182715
184478,49540,182715
184479,49698,182715
184480,49856,182715
184481,50014,182715
184482,59706,182713
184483,59847,182713
184484,50488,182696
184485,50646,182696
184486,50804,182696
184487,50962,182696
184488,51112,182688
184489,60693,182684
184490,60834,182684
184491,60975,182684
184492,61116,182684
184493,61257,182684
184494,61398,182684
184495,61539,182684
184496,52384,182660
184497,52542,182660
184498,52700,182660
184499,52858,182660
184500,53016,182660
184501,53174,182660
184502,53332,182660
184503,53490,182660
184504,53648,182660
184505,53806,182660
184506,53964,182660
184507,54122,182660
184508,54280,182660
184509,54438,182660
184510,54596,182660
184511,54754,182660
184512,54912,182660
184513,55070,182660
184514,55228,182660
184515,55386,182660
184516,55544,182660
184517,55700,182658
184518,64782,182648
184519,64923,182648
184520,65064,182648
184521,65205,182648
184522,65346,182648
184523,65487,182648
184524,65628,182648
184525,65769,182648
184526,65910,182648
184527,66051,182648
184528,66192,182648
184529,66333,182648
184530,163098,182617
184531,163231,182617
184532,163364,182617
184533,163497,182617
184534,163630,182617
184535,163763,182617
184536,163896,182617
184537,164029,182617
184538,164162,182617
184539,164295,182617
184540,164428,182617
184541,69072,182631
184542,69088,182631
184543,69104,182631
184544,69120,182631
184545,69136,182631
184546,69152,182631
184547,69168,182631
184548,69184,182631
184549,64978,182647
184550,65066,182648
184551,65153,182648
184552,65240,182648
184553,65327,182648
184554,65414,182648
184555,65501,182648
184556,65588,182648
184557,65675,182648
184558,65762,182648
184559,65849,182648
184560,65936,182648
184561,71803,182667
184562,71846,182667
184563,71889,182667
184564,71932,182667
184565,71975,182667
184566,72018,182667
184567,72061,182667
184568,72104,182667
184569,72147,182667
184570,72190,182667
184571,72255,182667
184572,72396,182667
184573,72537,182667
184574,72678,182667
184575,72819,182667
184576,72960,182667
184577,73101,182667
184578,73242,182667
184579,73383,182667
184580,67676,182648
184581,67763,182648
184582,67850,182648
184583,67937,182648
184584,68024,182648
184585,68111,182648
184586,68198,182648
184587,68268,182631
184588,72964,182631
184589,73007,182631
184590,73050,182631
184591,73093,182631
184592,73136,182631
184593,73179,182631
184594,73222,182631
184595,73265,182631
184596,73308,182631
184597,73351,182631
184598,69984,182631
184599,70000,182631
184600,70016,182631
184601,70032,182631
184602,70048,182631
184603,88563,182632
184604,88572,182632
184605,88581,182632
184606,88590,182632
184607,88599,182632
184608,88608,182632
184609,88695,182632
184610,88846,182632
184611,88997,182632
184612,89148,182632
184613,70870,182631
184614,71028,182631
184615,71186,182631
184616,71344,182631
184617,71502,182631
184618,78882,182631
184619,79023,182631
184620,79164,182631
184621,74383,182631
184622,74426,182631
184623,74469,182631
184624,74512,182631
184625,74555,182631
184626,74598,182631
184627,74641,182631
184628,74684,182631
184629,74727,182631
184630,74770,182631
184631,74813,182631
184632,74856,182631
184633,74899,182631
184634,74942,182631
184635,74985,182631
184636,75028,182631
184637,75071,182631
184638,75114,182631
184639,75157,182631
184640,75200,182631
184641,75294,182631
184642,75452,182631
184643,75610,182631
184644,75768,182631
184645,94131,182627
184646,94282,182627
184647,94433,182627
184648,94584,182627
184649,94735,182627
184650,94886,182627
184651,95037,182627
184652,95188,182627
184653,83817,182622
184654,83958,182622
184655,84099,182622
184656,84240,182622
184657,84381,182622
184658,84522,182622
184659,84663,182622
184660,84804,182622
184661,84945,182622
184662,85086,182622
184663,85227,182622
184664,85368,182622
184665,85509,182622
184666,85650,182622
184667,85791,182622
184668,85932,182622
184669,86073,182622
184670,86214,182622
184671,92672,182623
184672,81088,182631
184673,81202,182631
184674,81316,182631
184675,81430,182631
184676,81544,182631
184677,81658,182631
184678,81772,182631
184679,81886,182631
184680,82000,182631
184681,82114,182631
184682,82228,182631
184683,100280,182652
184684,88556,182658
184685,88653,182658
184686,88750,182658
184687,83034,182667
184688,101008,182689
184689,95204,182699
184690,101238,182709
184691,101257,182709
184692,101276,182709
184693,101379,182709
184694,101530,182709
184695,89739,182699
184696,95776,182689
184697,89817,182663
184698,90162,182663
184699,95856,182653
184700,95936,182653
184701,96016,182653
184702,96096,182653
184703,96644,182653
184704,96768,182653
184705,90037,182627
184706,90090,182627
184707,90143,182627
184708,90196,182627
184709,90249,182627
184710,90302,182627
184711,90355,182627
184712,90408,182627
184713,90461,182627
184714,90514,182627
184715,90567,182627
184716,90620,182627
184717,90673,182627
184718,90726,182627
184719,90779,182627
184720,90832,182627
184721,90885,182627
184722,90938,182627
184723,90991,182627
184724,91044,182627
184725,91097,182627
184726,91150,182627
184727,91203,182627
184728,91256,182627
184729,91309,182627
184730,91362,182627
184731,91415,182627
184732,91468,182627
184733,91521,182627
184734,91574,182627
184735,91627,182627
184736,91680,182627
184737,91733,182627
184738,91786,182627
184739,102168,182636
184740,114580,182635
184741,114608,182634
184742,114632,182629
184743,92051,182627
184744,92104,182627
184745,92157,182627
184746,94570,182627
184747,94667,182627
184748,94764,182627
184749,97364,182653
184750,97494,182653
184751,97635,182653
184752,97776,182653
184753,97917,182653
184754,98058,182653
184755,98199,182653
184756,98340,182653
184757,98481,182653
184758,98622,182653
184759,98763,182653
184760,98904,182653
184761,99045,182653
184762,99186,182653
184763,99327,182653
184764,104208,182622
184765,102663,182622
184766,102682,182622
184767,102701,182622
184768,102720,182622
184769,102739,182622
184770,102758,182622
184771,102777,182622
184772,102796,182622
184773,102815,182622
184774,102834,182622
184775,102853,182622
184776,107408,182625
184777,107410,182625
184778,107412,182625
184779,107414,182625
184780,107416,182625
184781,107418,182625
184782,107420,182625
184783,107422,182625
184784,107424,182625
184785,107426,182625
184786,107428,182625
184787,107430,182625
184788,107432,182625
184789,107434,182625
184790,107436,182625
184791,107556,182625
184792,107680,182625
184793,107804,182625
184794,107928,182625
184795,108052,182625
184796,108176,182625
184797,108300,182625
184798,108424,182625
184799,108548,182625
184800,108672,182625
184801,108796,182625
184802,108920,182625
184803,109044,182625
184804,109168,182625
184805,109292,182625
184806,109416,182625
184807,109540,182625
184808,109664,182625
184809,104656,182622
184810,104736,182622
184811,104816,182622
184812,104896,182622
184813,104976,182622
184814,112835,182640
184815,112882,182641
184816,112928,182641
184817,112974,182641
184818,113020,182641
184819,113066,182641
184820,113112,182641
184821,113158,182641
184822,113204,182641
184823,113250,182641
184824,113296,182641
184825,113342,182641
184826,113388,182641
184827,113434,182641
184828,113480,182641
184829,113526,182641
184830,113572,182641
184831,113618,182641
184832,113664,182641
184833,113710,182641
184834,113756,182641
184835,113802,182641
184836,113848,182641
184837,113894,182641
184838,113940,182641
184839,113986,182641
184840,114032,182641
184841,114078,182641
184842,114124,182641
184843,114170,182641
184844,114216,182641
184845,114262,182641
184846,114376,182641
184847,114500,182641
184848,114624,182641
184849,114748,182641
184850,114872,182641
184851,114996,182641
184852,115120,182641
184853,115244,182641
184854,115368,182641
184855,115492,182641
184856,115616,182641
184857,115740,182641
184858,115864,182641
184859,115988,182641
184860,118060,182646
184861,118089,182646
184862,118118,182646
184863,118147,182646
184864,118176,182646
184865,118205,182646
184866,118234,182646
184867,118263,182646
184868,118292,182646
184869,118321,182646
184870,118350,182646
184871,118379,182646
184872,118408,182646
184873,118437,182646
184874,118466,182646
184875,118495,182646
184876,118524,182646
184877,118553,182646
184878,118582,182646
184879,118611,182646
184880,118640,182646
184881,118716,182646
184882,118840,182646
184883,118964,182646
184884,119088,182646
184885,119212,182646
184886,119336,182646
184887,119460,182646
184888,119584,182646
184889,119708,182646
184890,119832,182646
184891,119956,182646
184892,120080,182646
184893,121564,182623
184894,121576,182623
184895,121588,182623
184896,121600,182623
184897,121612,182623
184898,121624,182623
184899,121636,182623
184900,121648,182623
184901,121660,182623
184902,121672,182623
184903,121684,182623
184904,121696,182623
184905,121708,182623
184906,121816,182623
184907,121940,182623
184908,122064,182623
184909,122188,182623
184910,122312,182623
184911,122436,182623
184912,122560,182623
184913,122684,182623
184914,122808,182623
184915,122932,182623
184916,123056,182623
184917,123180,182623
184918,123304,182623
184919,127638,182629
184920,127728,182629
184921,127818,182629
184922,127908,182629
184923,127998,182629
184924,128088,182629
184925,128178,182629
184926,128268,182629
184927,128358,182629
184928,128448,182629
184929,128538,182629
184930,128628,182629
184931,128718,182629
184932,128808,182629
184933,128898,182629
184934,128988,182629
184935,129078,182629
184936,129168,182629
184937,129258,182629
184938,129348,182629
184939,129438,182629
184940,129528,182629
184941,129618,182629
184942,129708,182629
184943,129798,182629
184944,129888,182629
184945,129978,182629
184946,130068,182629
184947,130158,182629
184948,130248,182629
184949,130338,182629
184950,130428,182629
184951,181829,182631
184952,181864,182631
184953,181899,182631
184954,181934,182631
184955,181969,182631
184956,182004,182631
184957,182039,182631
184958,182074,182631
184959,182109,182631
184960,182144,182631
184961,182179,182631
184962,182214,182631
184963,182249,182631
184964,182284,182631
184965,182319,182631
184966,182354,182631
184967,182389,182631
184968,182424,182631
184969,134648,182665
184970,134704,182665
184971,134760,182665
184972,134816,182665
184973,134872,182665
184974,134928,182665
184975,134976,182657
184976,137312,182652
184977,137334,182652
184978,137356,182652
184979,137378,182652
184980,137400,182652
184981,182879,182667
184982,182914,182667
184983,182949,182667
184984,182984,182667
184985,183019,182667
184986,183054,182667
184987,183089,182667
184988,183124,182667
184989,183159,182667
184990,137620,182688
184991,137642,182688
184992,137664,182688
184993,137686,182688
184994,137708,182688
184995,137730,182688
184996,137752,182688
184997,138553,182694
184998,138558,182694
184999,138563,182694
185000,138568,182694
185001,138573,182694
185002,138578,182694
185003,138583,182694
185004,138588,182694
185005,138593,182694
185006,138598,182694
185007,138603,182694
185008,138608,182694
185009,138613,182694
185010,138618,182694
185011,138623,182694
185012,138628,182694
185013,138633,182694
185014,138638,182694
185015,138643,182694
185016,138648,182694
185017,138653,182694
185018,138658,182694
185019,138663,182694
185020,138668,182694
185021,138673,182694
185022,138678,182694
185023,138683,182694
185024,138688,182694
185025,138693,182694
185026,138698,182694
185027,138703,182694
185028,138708,182694
185029,138713,182694
185030,138718,182694
185031,138723,182694
185032,138728,182694
185033,138733,182694
185034,138738,182694
185035,138743,182694
185036,138748,182694
185037,138753,182694
185038,138758,182694
185039,138763,182694
185040,138768,182694
185041,138773,182694
185042,138778,182694
185043,138810,182694
185044,138968,182694
185045,139126,182694
185046,139284,182694
185047,139442,182694
185048,139600,182694
185049,139758,182694
185050,139916,182694
185051,140074,182694
185052,140232,182694
185053,140390,182694
185054,140548,182694
185055,140706,182694
185056,140864,182694
185057,141022,182694
185058,141180,182694
185059,141338,182694
185060,141496,182694
185061,141654,182694
185062,141812,182694
185063,141970,182694
185064,142128,182694
185065,142286,182694
185066,142444,182694
185067,142602,182694
185068,142760,182694
185069,142918,182694
185070,143076,182694
185071,143234,182694
185072,143392,182694
185073,143550,182694
185074,143708,182694
185075,143866,182694
185076,144024,182694
185077,144182,182694
185078,144340,182694
185079,144498,182694
185080,144656,182694
185081,144814,182694
185082,144972,182694
185083,145130,182694
185084,160420,182690
185085,160571,182690
185086,160722,182690
185087,160873,182690
185088,161024,182690
185089,146078,182688
185090,146236,182688
185091,146394,182688
185092,146552,182688
185093,146710,182688
185094,146868,182688
185095,147026,182688
185096,162232,182674
185097,162383,182674
185098,162534,182674
185099,162685,182674
185100,162836,182674
185101,162987,182674
185102,163138,182674
185103,163289,182674
185104,163425,182659
185105,148606,182652
185106,148764,182652
185107,148922,182652
185108,149080,182652
185109,149238,182652
185110,149396,182652
185111,149554,182652
185112,149712,182652
185113,149870,182652
185114,150028,182652
185115,150186,182652
185116,150344,182652
185117,162881,182638
185118,162998,182638
185119,163115,182638
185120,163232,182638
185121,163349,182638
185122,163466,182638
185123,163583,182638
185124,163700,182638
185125,163817,182638
185126,163934,182638
185127,164051,182638
185128,164168,182638
185129,164285,182638
185130,164402,182638
185131,164519,182638
185132,164636,182638
185133,164753,182638
185134,164870,182638
185135,168112,182629
185136,153504,182616
185137,245430,182609
185138,245580,182609
185139,245730,182609
185140,245880,182609
185141,246030,182609
185142,159062,182618
185143,155705,182621
185144,155720,182621
185145,155735,182621
185146,155750,182621
185147,155765,182621
185148,155780,182621
185149,155795,182621
185150,155810,182621
185151,155874,182621
185152,156032,182621
185153,156190,182621
185154,156348,182621
185155,156506,182621
185156,156664,182621
185157,156822,182621
185158,169630,182632
185159,169770,182638
185160,169904,182638
185161,170038,182638
185162,166120,182638
185163,166220,182638
185164,178827,182647
185165,162266,182638
185166,174794,182650
185167,174838,182652
185168,174880,182652
185169,174922,182652
185170,174964,182652
185171,175006,182652
185172,175048,182652
185173,175090,182652
185174,175132,182652
185175,175174,182652
185176,175216,182652
185177,175258,182652
185178,175300,182652
185179,175342,182652
185180,175384,182652
185181,175426,182652
185182,175468,182652
185183,175510,182652
185184,175552,182652
185185,175671,182652
185186,175822,182652
185187,163718,182638
185188,163784,182638
185189,163850,182638
185190,163916,182638
185191,163982,182638
185192,164048,182638
185193,164114,182638
185194,164180,182638
185195,164246,182638
185196,164312,182638
185197,164378,182638
185198,164444,182638
185199,164510,182638
185200,178885,182641
185201,178955,182652
185202,179014,182652
185203,179073,182652
185204,179132,182652
185205,176434,182652
185206,176476,182652
185207,176518,182652
185208,176560,182652
185209,176602,182652
185210,176644,182652
185211,176738,182652
185212,176872,182652
185213,177006,182652
185214,177140,182652
185215,177274,182652
185216,177408,182652
185217,177542,182652
185218,168742,182638
185219,168825,182638
185220,168908,182638
185221,168991,182638
185222,169074,182638
185223,169157,182638
185224,169240,182638
185225,169323,182638
185226,169403,182635
185227,182013,182626
185228,183696,182626
185229,183772,182626
185230,183848,182626
185231,183924,182626
185232,184000,182626
185233,184076,182626
185234,184152,182626
185235,184228,182626
185236,184304,182626
185237,185237,182628
185238,185238,182628
185239,185239,182628
185240,185240,182628
185241,185241,182628
185242,185242,182628
185243,185243,182628
185244,185244,182628
185245,185245,182628
185246,185246,182628
185247,185247,182628
185248,185248,182628
185249,185335,182628
185250,185486,182628
185251,185637,182628
185252,185788,182628
185253,185939,182628
185254,186090,182628
185255,186241,182628
185256,186392,182628
185257,186543,182628
185258,186694,182628
185259,186845,182628
185260,186996,182628
185261,187147,182628
185262,187298,182628
185263,187449,182628
185264,187600,182628
185265,176420,182652
185266,176520,182652
185267,176620,182652
185268,176720,182652
185269,176820,182652
185270,176920,182652
185271,177020,182652
185272,177120,182652
185273,177220,182652
185274,177320,182652
185275,177420,182652
185276,177520,182652
185277,177620,182652
185278,177720,182652
185279,177820,182652
185280,177920,182652
185281,178020,182652
185282,178120,182652
185283,187876,182664
185284,187952,182664
185285,188028,182664
185286,188104,182664
185287,188180,182664
185288,188256,182664
185289,188332,182664
185290,188408,182664
185291,180046,182688
185292,180088,182688
185293,180130,182688
185294,180172,182688
185295,180214,182688
185296,180256,182688
185297,180298,182688
185298,180340,182688
185299,180382,182688
185300,180424,182688
185301,180466,182688
185302,180508,182688
185303,180550,182688
185304,180592,182688
185305,180634,182688
185306,180676,182688
185307,180718,182688
185308,180760,182688
185309,180838,182688
185310,180996,182688
185311,181154,182688
185312,181312,182688
185313,181470,182688
185314,181628,182688
185315,181786,182688
185316,181944,182688
185317,182102,182688
185318,182260,182688
185319,182418,182688
185320,182576,182688
185321,182734,182688
185322,200332,182686
185323,200442,182686
185324,200552,182686
185325,200662,182679
185326,200772,182679
185327,200882,182679
185328,200992,182679
185329,201102,182679
185330,201212,182679
185331,201322,182679
185332,200080,182650
185333,200132,182650
185334,200184,182650
185335,200236,182650
185336,200288,182650
185337,200340,182650
185338,200392,182650
185339,200444,182650
185340,200496,182650
185341,200548,182650
185342,200600,182650
185343,200652,182650
185344,200704,182650
185345,30822,182645
185346,248020,182645
185347,200860,182643
185348,200912,182643
185349,200964,182643
185350,201016,182643
185351,201068,182643
185352,201120,182643
185353,201172,182643
185354,201224,182643
185355,201341,182643
185356,201492,182643
185357,201643,182643
185358,201794,182643
185359,201945,182643
185360,202096,182643
185361,202247,182643
185362,202398,182643
185363,203985,182619
185364,203996,182619
185365,204007,182619
185366,204018,182619
185367,204029,182619
185368,204040,182619
185369,204051,182619
185370,204062,182619
185371,204073,182619
185372,204084,182619
185373,204095,182619
185374,204210,182619
185375,204361,182619
185376,204512,182619
185377,204663,182619
185378,204814,182619
185379,204965,182619
185380,205116,182619
185381,206822,182619
185382,206932,182619
185383,207042,182619
185384,207152,182619
185385,207262,182619
185386,210072,182648
185387,210100,182648
185388,210128,182648
185389,210156,182648
185390,210184,182648
185391,210212,182648
185392,210240,182648
185393,210268,182648
185394,210296,182648
185395,210324,182648
185396,210352,182648
185397,210380,182648
185398,210408,182648
185399,210436,182648
185400,210464,182648
185401,210492,182648
185402,210520,182648
185403,210548,182648
185404,210576,182648
185405,210604,182648
185406,210632,182648
185407,210656,182644
185408,204032,182643
185409,210716,182636
185410,210744,182636
185411,210772,182636
185412,210800,182636
185413,210828,182636
185414,210856,182636
185415,210884,182636
185416,210912,182636
185417,210940,182636
185418,210968,182636
185419,211005,182636
185420,211156,182636
185421,211307,182636
185422,217778,182641
185423,217905,182641
185424,218032,182641
185425,218159,182641
185426,218286,182641
185427,218413,182641
185428,218540,182641
185429,218667,182641
185430,218794,182641
185431,218921,182641
185432,219048,182641
185433,219175,182641
185434,219302,182641
185435,219429,182641
185436,219556,182641
185437,219683,182641
185438,219810,182641
185439,219937,182641
185440,220064,182641
185441,220191,182641
185442,220318,182641
185443,220445,182641
185444,220572,182641
185445,220699,182641
185446,215082,182636
185447,48097,182624
185448,48216,182624
185449,48335,182624
185450,48454,182624
185451,48573,182624
185452,48692,182624
185453,48811,182624
185454,48930,182624
185455,49049,182624
185456,49168,182624
185457,49287,182624
185458,49406,182624
185459,49525,182624
185460,49644,182624
185461,49763,182624
185462,219326,182641
185463,219371,182641
185464,219416,182641
185465,219461,182641
185466,219506,182641
185467,219551,182641
185468,219596,182641
185469,224833,182646
185470,224854,182646
185471,224875,182646
185472,224896,182646
185473,224917,182646
185474,224938,182646
185475,224959,182646
185476,224980,182646
185477,225001,182646
185478,225022,182646
185479,225043,182646
185480,225144,182646
185481,225271,182646
185482,225398,182646
185483,225525,182646
185484,225652,182646
185485,225779,182646
185486,225906,182646
185487,226033,182646
185488,226160,182646
185489,226287,182646
185490,226414,182646
185491,226541,182646
185492,226668,182646
185493,226795,182646
185494,226922,182646
185495,216243,182636
185496,216312,182636
185497,216381,182636
185498,216450,182636
185499,216519,182636
185500,216588,182636
185501,216657,182636
185502,216726,182636
185503,216795,182636
185504,216864,182636
185505,216933,182636
185506,217002,182636
185507,217071,182636
185508,217140,182636
185509,217209,182636
185510,217278,182636
185511,229488,182644
185512,229552,182646
185513,229614,182646
185514,229676,182646
185515,225799,182646
185516,225820,182646
185517,225841,182646
185518,225954,182646
185519,226105,182646
185520,226256,182646
185521,226407,182646
185522,226558,182646
185523,226709,182646
185524,226860,182646
185525,227011,182646
185526,227158,182642
185527,49386,182624
185528,49488,182624
185529,49590,182624
185530,49692,182624
185531,49794,182624
185532,49896,182624
185533,49998,182624
185534,50100,182624
185535,50202,182624
185536,50304,182624
185537,50406,182624
185538,50508,182624
185539,50610,182624
185540,50712,182624
185541,50814,182624
185542,50916,182624
185543,51018,182624
185544,51120,182624
185545,51222,182624
185546,51324,182624
185547,51426,182624
185548,51528,182624
185549,51630,182624
185550,51732,182624
185551,51834,182624
185552,51936,182624
185553,52038,182624
185554,52140,182624
185555,247180,182640
185556,226660,182646
185557,226681,182646
185558,226702,182646
185559,226723,182646
185560,226744,182646
185561,226765,182646
185562,226786,182646
185563,226842,182646
185564,226952,182646
185565,227062,182646
185566,227172,182646
185567,227282,182646
185568,227392,182646
185569,227502,182646
185570,227612,182646
185571,227722,182646
185572,239548,182639
185573,239651,182639
185574,239754,182639
185575,239857,182639
185576,239960,182639
185577,240063,182639
185578,240166,182639
185579,240269,182639
185580,240372,182639
185581,240475,182639
185582,238852,182639
185583,238866,182639
185584,238880,182639
185585,238894,182639
185586,238908,182639
185587,238922,182639
185588,238936,182639
185589,238987,182639
185590,239114,182639
185591,239241,182639
185592,239368,182639
185593,239495,182639
185594,239622,182639
185595,239749,182639
185596,239876,182639
185597,240003,182639
185598,251664,182613
185599,250617,182613
185600,250624,182613
185601,250631,182613
185602,250638,182613
185603,250645,182613
185604,250652,182613
185605,250659,182613
185606,250720,182613
185607,250864,182613
185608,251008,182613
185609,251152,182613
185610,235622,182618
185611,61522,182624
185612,61576,182624
185613,61630,182624
185614,61684,182624
185615,61738,182624
185616,61792,182624
185617,61846,182624
185618,61900,182624
185619,61954,182624
185620,29436,182645
185621,29487,182645
185622,29538,182645
185623,29589,182645
185624,29640,182645
185625,29691,182645
185626,29742,182645
185627,238082,182660
185628,238120,182660
185629,238158,182660
185630,238196,182660
185631,238234,182660
185632,238272,182660
185633,249599,182677
185634,249630,182677
185635,249661,182677
185636,249692,182677
185637,249723,182677
185638,249754,182677
185639,249785,182677
185640,249816,182677
185641,249847,182677
185642,250918,182685
185643,250925,182685
185644,250932,182685
185645,250939,182685
185646,250946,182685
185647,250953,182685
185648,250960,182685
185649,250967,182685
185650,250974,182685
185651,250981,182685
185652,250988,182685
185653,250995,182685
185654,251002,182685
185655,251009,182685
185656,251016,182685
185657,251023,182685
185658,251030,182685
185659,251037,182685
185660,251044,182685
185661,251051,182685
185662,251058,182685
185663,251065,182685
185664,251072,182685
185665,251079,182685
185666,251086,182685
185667,251093,182685
185668,251100,182685
185669,251107,182685
185670,251114,182685
185671,251121,182685
185672,251128,182685
185673,251135,182685
185674,251142,182685
185675,251149,182685
185676,251156,182685
185677,251163,182685
185678,251170,182685
185679,251177,182685
185680,251184,182685
185681,251191,182685
185682,251198,182685
185683,251205,182685
185684,251212,182685
185685,251219,182685
185686,251322,182685
185687,251473,182685
185688,251624,182685
185689,251775,182685
185690,251926,182685
185691,252077,182685
185692,252228,182685
185693,252379,182685
185694,252530,182685
185695,252681,182685
185696,252832,182685
185697,252983,182685
185698,253134,182685
185699,253285,182685
185700,253436,182685
185701,253587,182685
185702,253738,182685
185703,253889,182685
185704,254040,182685
185705,254191,182685
185706,254342,182685
185707,254493,182685
185708,254644,182685
185709,254795,182685
185710,254946,182685
185711,255097,182685
185712,255248,182685
185713,255399,182685
185714,255550,182685
185715,255701,182685
185716,255852,182685
185717,256003,182685
185718,256154,182685
185719,256305,182685
185720,256456,182685
185721,256607,182685
185722,256758,182685
185723,256909,182685
185724,257060,182685
185725,257211,182685
185726,257362,182685
185727,257513,182685
185728,257664,182685
185729,257815,182677
185730,257966,182677
185731,258117,182677
185732,258268,182677
185733,258419,182677
185734,258570,182677
185735,258721,182677
185736,258872,182677
185737,259023,182677
185738,7584,182658
185739,7728,182658
185740,7872,182658
185741,8016,182658
185742,8160,182658
185743,41245,182645
185744,41392,182645
185745,41539,182645
185746,41686,182645
185747,41833,182645
185748,41980,182645
185749,42127,182645
185750,42274,182645
185751,96312,182626
185752,96448,182626
185753,96584,182626
185754,96720,182626
185755,96856,182626
185756,96992,182626
185757,97128,182626
185758,97264,182626
185759,97400,182626
185760,253536,182613
185761,253567,182613
185762,253598,182613
185763,253629,182613
185764,253660,182613
185765,253691,182613
185766,253722,182613
185767,253753,182613
185768,253784,182613
185769,8032,182622
185770,4064,182635
185771,2056,182635
185772,2164,182635
185773,4208,182635
185774,4256,182635
185775,4304,182635
185776,4352,182635
185777,4400,182635
185778,4448,182635
185779,4496,182635
185780,4544,182635
185781,4592,182635
185782,4640,182635
185783,4688,182635
185784,4736,182635
185785,4784,182635
185786,4832,182635
185787,4880,182635
185788,4928,182635
185789,4976,182635
185790,5024,182635
185791,5072,182635
185792,5184,182635
185793,259727,182641
185794,259806,182641
185795,259885,182641
185796,259964,182641
185797,260043,182641
185798,260122,182641
185799,260201,182641
185800,260280,182641
185801,260359,182641
185802,260438,182641
185803,260517,182641
185804,260596,182641
185805,260675,182641
185806,260754,182641
185807,260833,182641
185808,260912,182641
185809,260991,182641
185810,261070,182641
185811,261149,182641
185812,261228,182641
185813,261307,182641
185814,261386,182641
185815,62523,182624
185816,62584,182624
185817,62645,182624
185818,62706,182624
185819,62767,182624
185820,62828,182624
185821,62889,182624
185822,62950,182624
185823,63011,182624
185824,63104,182624
185825,63244,182624
185826,63384,182624
185827,63524,182624
185828,63664,182624
185829,63804,182624
185830,63944,182624
185831,64084,182624
185832,64224,182624
185833,64364,182624
185834,17840,182640
185835,14368,182640
185836,14464,182640
185837,14560,182640
185838,14656,182640
185839,14752,182640
185840,14848,182640
185841,14944,182640
185842,15040,182640
185843,15136,182640
185844,15232,182640
185845,15328,182640
185846,15424,182640
185847,15520,182640
185848,15616,182640
185849,15712,182640
185850,15808,182640
185851,15904,182640
185852,16000,182640
185853,16096,182640
185854,16192,182640
185855,16288,182640
185856,16384,182640
185857,16480,182640
185858,16576,182640
185859,27750,182632
185860,27784,182632
185861,27818,182632
185862,27852,182632
185863,27886,182632
185864,27920,182632
185865,27954,182632
185866,18325,182635
185867,18371,182640
185868,18412,182640
185869,18453,182640
185870,18494,182640
185871,18535,182640
185872,18576,182640
185873,18617,182640
185874,18658,182640
185875,18699,182640
185876,18740,182640
185877,18781,182640
185878,18822,182640
185879,18863,182640
185880,18904,182640
185881,18945,182640
185882,18986,182640
185883,19027,182640
185884,19076,182640
185885,19227,182640
185886,19378,182640
185887,19529,182640
185888,19680,182640
185889,19831,182640
185890,19982,182640
185891,20133,182640
185892,20284,182640
185893,20435,182640
185894,20586,182640
185895,25160,182633
185896,25280,182633
185897,25400,182633
185898,25520,182633
185899,25640,182633
185900,25760,182633
185901,25880,182633
185902,26000,182633
185903,64765,182624
185904,64912,182624
185905,65059,182624
185906,65206,182624
185907,65353,182624
185908,65500,182624
185909,65647,182624
185910,65794,182624
185911,65941,182624
185912,24112,182633
185913,24122,182633
185914,24132,182633
185915,24142,182633
185916,24152,182633
185917,24162,182633
185918,24210,182633
185919,24361,182633
185920,24512,182633
185921,24663,182633
185922,24814,182633
185923,24965,182633
185924,25116,182633
185925,25267,182633
185926,25418,182633
185927,44031,182637
185928,38340,182645
185929,38457,182649
185930,38570,182649
185931,38683,182649
185932,38796,182649
185933,38909,182649
185934,39022,182649
185935,39135,182649
185936,27215,182668
185937,27281,182669
185938,39590,182677
185939,39617,182677
185940,39700,182677
185941,39813,182673
185942,33766,182649
185943,33855,182649
185944,33944,182649
185945,34033,182649
185946,39806,182637
185947,39833,182637
185948,39860,182637
185949,39887,182637
185950,39914,182637
185951,39941,182637
185952,39968,182637
185953,39995,182637
185954,40022,182637
185955,40049,182637
185956,40076,182637
185957,40103,182637
185958,40130,182637
185959,40157,182637
185960,40184,182637
185961,40211,182637
185962,40238,182637
185963,40265,182637
185964,40292,182637
185965,40319,182637
185966,40416,182637
185967,40560,182637
185968,40704,182637
185969,40848,182637
185970,40992,182637
185971,41136,182637
185972,34400,182613
185973,34520,182613
185974,34640,182613
185975,34760,182613
185976,34880,182613
185977,35000,182613
185978,35120,182613
185979,35240,182613
185980,35360,182613
185981,35480,182613
185982,35600,182613
185983,35720,182613
185984,35840,182613
185985,35960,182613
185986,36080,182613
185987,40913,182637
185988,40940,182637
185989,40967,182637
185990,40994,182637
185991,41021,182637
185992,41048,182637
185993,41075,182637
185994,41102,182637
185995,41129,182637
185996,41156,182637
185997,39922,182645
185998,39980,182645
185999,40038,182645
186000,40096,182645
186001,40154,182645
186002,40212,182645
186003,40270,182645
186004,40328,182645
186005,40386,182645
186006,40444,182645
186007,40502,182645
186008,40560,182645
186009,40618,182645
186010,40676,182645
186011,40734,182645
186012,41564,182649
186013,41615,182673
186014,41642,182673
186015,41669,182673
186016,41696,182673
186017,41723,182673
186018,41750,182673
186019,41777,182673
186020,41804,182673
186021,41831,182673
186022,41858,182673
186023,41885,182673
186024,41912,182673
186025,41939,182673
186026,41966,182673
186027,41993,182673
186028,42020,182673
186029,42047,182673
186030,42074,182673
186031,42101,182673
186032,42128,182673
186033,42155,182673
186034,42182,182673
186035,42209,182673
186036,42236,182673
186037,42263,182673
186038,42330,182673
186039,42481,182673
186040,42632,182673
186041,42783,182673
186042,42934,182673
186043,43085,182673
186044,43236,182673
186045,43387,182673
186046,43538,182673
186047,43689,182673
186048,43840,182673
186049,43991,182673
186050,44142,182673
186051,44293,182673
186052,44444,182673
186053,44595,182673
186054,44746,182673
186055,44897,182673
186056,45048,182673
186057,53520,182657
186058,53664,182657
186059,53808,182657
186060,53952,182657
186061,54096,182657
186062,54240,182657
186063,54384,182657
186064,54528,182657
186065,54668,182653
186066,63074,182638
186067,63211,182638
186068,63348,182638
186069,63485,182638
186070,63622,182638
186071,63759,182638
186072,63896,182638
186073,64033,182638
186074,64170,182638
186075,64307,182638
186076,64444,182638
186077,64581,182638
186078,64718,182638
186079,64855,182638
186080,64992,182638
186081,65129,182638
186082,65266,182638
186083,65403,182638
186084,65540,182638
186085,65677,182638
186086,54700,182621
186087,54782,182621
186088,54864,182621
186089,54946,182621
186090,55028,182621
186091,55110,182621
186092,55192,182621
186093,55274,182621
186094,55356,182621
186095,55438,182621
186096,43856,182637
186097,43883,182637
186098,43910,182637
186099,43937,182637
186100,43964,182637
186101,43991,182637
186102,44018,182637
186103,44146,182637
186104,44304,182637
186105,70141,182631
186106,70178,182631
186107,70215,182631
186108,70252,182631
186109,70289,182631
186110,46476,182637
186111,46534,182637
186112,46592,182637
186113,46650,182637
186114,46708,182637
186115,46766,182637
186116,46824,182637
186117,46882,182637
186118,46940,182637
186119,46998,182637
186120,47056,182637
186121,47114,182637
186122,47172,182637
186123,47306,182637
186124,47464,182637
186125,47622,182637
186126,47780,182637
186127,47938,182637
186128,48096,182637
186129,48254,182637
186130,48412,182637
186131,48568,182635
186132,61396,182635
186133,61509,182635
186134,61622,182635
186135,61735,182635
186136,61848,182635
186137,61961,182635
186138,62074,182635
186139,63652,182635
186140,63696,182635
186141,63740,182635
186142,63784,182635
186143,63828,182635
186144,63872,182635
186145,63916,182635
186146,63960,182635
186147,64004,182635
186148,64048,182635
186149,64092,182635
186150,64136,182635
186151,60667,182635
186152,60680,182635
186153,60693,182635
186154,60706,182635
186155,60719,182635
186156,60732,182635
186157,60745,182635
186158,60758,182635
186159,60771,182635
186160,60784,182635
186161,60903,182635
186162,61054,182635
186163,61205,182635
186164,61356,182635
186165,61507,182635
186166,61658,182635
186167,61808,182634
186168,69504,182631
186169,69648,182631
186170,69792,182631
186171,69936,182631
186172,70080,182631
186173,70224,182631
186174,70368,182631
186175,70512,182631
186176,70656,182631
186177,69643,182631
186178,69718,182631
186179,69793,182631
186180,69868,182631
186181,69943,182631
186182,70018,182631
186183,70093,182631
186184,70168,182631
186185,70243,182631
186186,70318,182631
186187,70393,182631
186188,70468,182631
186189,70543,182631
186190,70618,182631
186191,70693,182631
186192,70768,182631
186193,70843,182631
186194,73434,182667
186195,73471,182667
186196,73536,182667
186197,73680,182667
186198,73824,182667
186199,73968,182667
186200,74112,182667
186201,74256,182667
186202,74400,182667
186203,74544,182667
186204,74688,182667
186205,73841,182667
186206,73878,182667
186207,73915,182667
186208,73952,182667
186209,73989,182667
186210,74026,182667
186211,74063,182667
186212,74100,182667
186213,74137,182667
186214,74174,182667
186215,74211,182667
186216,74248,182667
186217,74285,182667
186218,74322,182667
186219,74359,182667
186220,74396,182667
186221,74433,182667
186222,74470,182667
186223,74507,182667
186224,74544,182667
186225,74581,182667
186226,74618,182667
186227,74655,182667
186228,74692,182667
186229,74729,182667
186230,74766,182667
186231,74803,182667
186232,74840,182667
186233,74877,182667
186234,74914,182667
186235,74951,182667
186236,74988,182667
186237,75025,182667
186238,75062,182667
186239,75099,182667
186240,75136,182667
186241,75173,182667
186242,75210,182667
186243,75247,182667
186244,75284,182667
186245,75321,182667
186246,75358,182667
186247,75395,182667
186248,75432,182667
186249,75469,182667
186250,75506,182667
186251,75543,182667
186252,75580,182667
186253,75617,182667
186254,75654,182667
186255,75691,182667
186256,75728,182667
186257,75765,182667
186258,75802,182667
186259,75839,182667
186260,75876,182667
186261,76003,182667
186262,76154,182667
186263,76305,182667
186264,76456,182667
186265,76607,182667
186266,76758,182667
186267,76909,182667
186268,77060,182667
186269,77211,182667
186270,77362,182667
186271,77513,182667
186272,77664,182667
186273,77815,182667
186274,77966,182667
186275,78117,182667
186276,78268,182667
186277,78419,182667
186278,78570,182667
186279,78721,182667
186280,78872,182667
186281,79023,182667
186282,79174,182667
186283,79325,182667
186284,79476,182667
186285,79627,182667
186286,79778,182667
186287,79929,182667
186288,80080,182667
186289,80231,182667
186290,80382,182667
186291,80533,182667
186292,80684,182667
186293,80835,182667
186294,80986,182667
186295,81137,182667
186296,81288,182667
186297,81439,182667
186298,81590,182667
186299,81741,182667
186300,81892,182667
186301,82043,182667
186302,82194,182667
186303,82345,182667
186304,82496,182667
186305,82647,182667
186306,82798,182667
186307,96091,182662
186308,96228,182662
186309,96365,182662
186310,96502,182662
186311,96639,182662
186312,96776,182662
186313,96913,182662
186314,97050,182662
186315,97456,182655
186316,97472,182655
186317,97488,182655
186318,97598,182655
186319,97735,182655
186320,97872,182655
186321,98009,182655
186322,98146,182655
186323,98283,182655
186324,98420,182655
186325,98557,182655
186326,96194,182626
186327,96293,182626
186328,96392,182626
186329,96491,182626
186330,96590,182626
186331,96689,182626
186332,96788,182626
186333,96887,182626
186334,96986,182626
186335,97085,182626
186336,97184,182626
186337,97283,182626
186338,97382,182626
186339,97481,182626
186340,97580,182626
186341,97679,182626
186342,97888,182619
186343,97904,182619
186344,94848,182631
186345,94992,182631
186346,95136,182631
186347,95280,182631
186348,92088,182631
186349,92194,182631
186350,92300,182631
186351,92406,182631
186352,92512,182631
186353,92618,182631
186354,92724,182631
186355,92830,182631
186356,92936,182631
186357,93042,182631
186358,93148,182631
186359,93254,182631
186360,93360,182631
186361,93466,182631
186362,93572,182631
186363,93678,182631
186364,93784,182631
186365,93890,182631
186366,93996,182631
186367,98288,182643
186368,98304,182643
186369,92311,182631
186370,92462,182631
186371,94526,182631
186372,94632,182631
186373,94738,182631
186374,94844,182631
186375,94950,182631
186376,95056,182631
186377,95162,182631
186378,95268,182631
186379,95374,182631
186380,95480,182631
186381,95586,182631
186382,95692,182631
186383,95798,182631
186384,95904,182631
186385,98576,182643
186386,98592,182643
186387,98608,182643
186388,98624,182643
186389,98640,182643
186390,98656,182643
186391,98672,182643
186392,98688,182643
186393,98704,182643
186394,98720,182643
186395,98736,182643
186396,98752,182643
186397,98768,182643
186398,98784,182643
186399,98800,182643
186400,98816,182643
186401,98832,182643
186402,98848,182643
186403,98864,182643
186404,98880,182643
186405,110283,182665
186406,110330,182665
186407,110377,182665
186408,110424,182665
186409,98960,182679
186410,98976,182679
186411,98992,182679
186412,99008,182679
186413,99024,182679
186414,99106,182679
186415,99257,182679
186416,99408,182679
186417,105360,182665
186418,105504,182665
186419,111435,182658
186420,111572,182658
186421,111709,182658
186422,111846,182658
186423,111983,182658
186424,112120,182658
186425,112257,182658
186426,100907,182644
186427,106800,182629
186428,106944,182629
186429,107088,182629
186430,107232,182629
186431,107376,182629
186432,107520,182629
186433,107664,182629
186434,107808,182629
186435,107952,182629
186436,108096,182629
186437,108240,182629
186438,108384,182629
186439,108528,182629
186440,108672,182629
186441,108816,182629
186442,108960,182629
186443,109104,182629
186444,109248,182629
186445,106558,182629
186446,106612,182629
186447,106666,182629
186448,106720,182629
186449,106774,182629
186450,110756,182632
186451,110758,182632
186452,110760,182632
186453,110762,182632
186454,110764,182632
186455,110832,182632
186456,110976,182632
186457,111120,182632
186458,111264,182632
186459,111408,182632
186460,107368,182629
186461,107422,182629
186462,107476,182629
186463,107530,182629
186464,107584,182629
186465,107638,182629
186466,107692,182629
186467,107746,182629
186468,107800,182629
186469,107854,182629
186470,107908,182629
186471,107962,182629
186472,108016,182629
186473,108070,182629
186474,108166,182629
186475,108317,182629
186476,108468,182629
186477,108619,182629
186478,108770,182629
186479,108921,182629
186480,109072,182629
186481,109223,182629
186482,109374,182629
186483,125542,182627
186484,125672,182627
186485,125802,182627
186486,125932,182627
186487,126062,182627
186488,122840,182629
186489,122925,182629
186490,123010,182629
186491,123095,182629
186492,123180,182629
186493,123265,182629
186494,123350,182629
186495,123435,182629
186496,123520,182629
186497,123605,182629
186498,123690,182629
186499,123775,182629
186500,123860,182629
186501,123945,182629
186502,124030,182629
186503,124115,182629
186504,129392,182648
186505,129470,182648
186506,129548,182648
186507,129626,182648
186508,129704,182648
186509,129782,182648
186510,129860,182648
186511,125551,182663
186512,125584,182663
186513,125617,182663
186514,130763,182666
186515,130798,182675
186516,130824,182675
186517,130850,182675
186518,130876,182675
186519,130902,182675
186520,130928,182675
186521,130954,182675
186522,130980,182675
186523,131006,182675
186524,131032,182675
186525,131058,182675
186526,131132,182675
186527,131262,182675
186528,131392,182675
186529,131522,182675
186530,131652,182675
186531,131782,182675
186532,131912,182675
186533,132042,182675
186534,132172,182675
186535,132302,182675
186536,132432,182675
186537,132562,182675
186538,137646,182660
186539,137769,182660
186540,137892,182660
186541,138015,182660
186542,138138,182660
186543,133342,182641
186544,133472,182641
186545,133602,182641
186546,133732,182641
186547,133862,182641
186548,133992,182641
186549,134122,182641
186550,134252,182641
186551,134382,182641
186552,134512,182641
186553,124942,182627
186554,138134,182624
186555,138205,182624
186556,138276,182624
186557,138347,182624
186558,127102,182627
186559,127135,182627
186560,127168,182627
186561,127201,182627
186562,127234,182627
186563,127267,182627
186564,127300,182627
186565,127333,182627
186566,127366,182627
186567,132150,182639
186568,132176,182639
186569,132202,182639
186570,132228,182639
186571,132259,182639
186572,132396,182639
186573,132533,182639
186574,132670,182639
186575,132807,182639
186576,132944,182639
186577,133081,182639
186578,133218,182639
186579,133355,182639
186580,133492,182639
186581,133629,182639
186582,133766,182639
186583,140193,182660
186584,140264,182660
186585,140335,182660
186586,140406,182660
186587,140477,182660
186588,140548,182660
186589,131420,182643
186590,131486,182624
186591,137357,182624
186592,137376,182624
186593,137395,182624
186594,137414,182624
186595,137433,182624
186596,132904,182639
186597,132930,182639
186598,132956,182639
186599,132982,182639
186600,133008,182639
186601,133034,182639
186602,133060,182639
186603,133086,182639
186604,133112,182639
186605,133138,182639
186606,133164,182639
186607,133190,182639
186608,133216,182639
186609,133242,182639
186610,133268,182639
186611,133296,182639
186612,133440,182639
186613,133584,182639
186614,133728,182639
186615,133872,182639
186616,134016,182639
186617,134160,182639
186618,134304,182639
186619,134448,182639
186620,134592,182639
186621,134736,182639
186622,134880,182639
186623,135024,182639
186624,135168,182639
186625,135312,182639
186626,135456,182639
186627,135588,182627
186628,139064,182624
186629,139142,182624
186630,139220,182624
186631,138117,182624
186632,138136,182624
186633,138155,182624
186634,138174,182624
186635,138193,182624
186636,138212,182624
186637,138231,182624
186638,138250,182624
186639,138269,182624
186640,138288,182624
186641,138307,182624
186642,138326,182624
186643,138345,182624
186644,138364,182624
186645,138383,182624
186646,140465,182657
186647,140546,182660
186648,140624,182660
186649,140702,182660
186650,140780,182660
186651,140858,182660
186652,140936,182660
186653,141014,182660
186654,141092,182660
186655,141170,182660
186656,141248,182660
186657,141326,182660
186658,141404,182660
186659,141482,182660
186660,141560,182660
186661,141638,182660
186662,142792,182673
186663,142804,182673
186664,142816,182673
186665,142828,182673
186666,142840,182673
186667,142852,182673
186668,142864,182673
186669,142876,182673
186670,142888,182673
186671,142900,182673
186672,142912,182673
186673,142924,182673
186674,142936,182673
186675,142948,182673
186676,142960,182673
186677,142972,182673
186678,142984,182673
186679,143088,182673
186680,143232,182673
186681,143376,182673
186682,143520,182673
186683,143664,182673
186684,143808,182673
186685,143952,182673
186686,144096,182673
186687,144240,182673
186688,144384,182673
186689,144528,182673
186690,144672,182673
186691,144816,182673
186692,144960,182673
186693,145104,182673
186694,145248,182673
186695,145392,182673
186696,145536,182673
186697,145680,182653
186698,145824,182653
186699,145968,182653
186700,146112,182653
186701,146256,182653
186702,146400,182653
186703,144914,182637
186704,144992,182637
186705,145070,182637
186706,145148,182637
186707,145226,182637
186708,145304,182637
186709,145382,182637
186710,145460,182637
186711,145538,182637
186712,145616,182637
186713,145694,182637
186714,145772,182637
186715,145850,182637
186716,145927,182636
186717,243639,182631
186718,243674,182631
186719,243709,182631
186720,243744,182631
186721,243779,182631
186722,243814,182631
186723,243849,182631
186724,243884,182631
186725,243919,182631
186726,243954,182631
186727,243989,182631
186728,244024,182631
186729,244059,182631
186730,244094,182631
186731,244129,182631
186732,244164,182631
186733,244220,182631
186734,244328,182631
186735,244436,182631
186736,244544,182631
186737,244652,182631
186738,244760,182631
186739,244868,182631
186740,244976,182631
186741,245084,182631
186742,245192,182631
186743,245300,182631
186744,245408,182631
186745,245516,182631
186746,245624,182631
186747,245732,182631
186748,245840,182631
186749,245948,182631
186750,246056,182631
186751,246164,182631
186752,246272,182631
186753,246380,182631
186754,246488,182631
186755,246596,182631
186756,246704,182631
186757,246812,182631
186758,246920,182631
186759,247028,182631
186760,247136,182631
186761,247244,182631
186762,247352,182631
186763,247460,182631
186764,247568,182631
186765,247676,182631
186766,247784,182631
186767,248740,182621
186768,248768,182621
186769,248796,182621
186770,248824,182621
186771,248852,182621
186772,248880,182621
186773,248908,182621
186774,248936,182621
186775,248964,182621
186776,248992,182621
186777,249020,182621
186778,249080,182621
186779,249188,182621
186780,249296,182621
186781,249404,182621
186782,177396,182634
186783,177498,182634
186784,177088,182634
186785,177110,182634
186786,177132,182634
186787,177154,182634
186788,177176,182634
186789,177198,182634
186790,177220,182634
186791,177242,182634
186792,177264,182634
186793,177286,182634
186794,177308,182634
186795,175556,182636
186796,175676,182647
186797,175785,182647
186798,175894,182647
186799,176003,182647
186800,176112,182647
186801,176221,182647
186802,174378,182647
186803,180605,182650
186804,180620,182650
186805,180635,182650
186806,180650,182650
186807,180665,182650
186808,180680,182650
186809,180695,182650
186810,180710,182650
186811,180725,182650
186812,180740,182650
186813,177726,182670
186814,177748,182670
186815,177770,182670
186816,177856,182670
186817,177965,182670
186818,178074,182670
186819,178183,182670
186820,178292,182670
186821,178401,182670
186822,178510,182670
186823,178619,182670
186824,178728,182670
186825,178837,182670
186826,178946,182670
186827,179055,182670
186828,179164,182670
186829,179273,182670
186830,179382,182670
186831,179491,182670
186832,179600,182670
186833,179709,182670
186834,179818,182670
186835,179927,182670
186836,180036,182670
186837,180145,182670
186838,180254,182670
186839,180363,182670
186840,180472,182670
186841,181175,182686
186842,181190,182686
186843,181205,182686
186844,181220,182686
186845,181235,182686
186846,181250,182686
186847,181265,182686
186848,181344,182686
186849,181453,182686
186850,181562,182686
186851,181671,182686
186852,181780,182686
186853,181889,182686
186854,181998,182686
186855,182107,182686
186856,182216,182656
186857,182325,182656
186858,182434,182656
186859,182543,182656
186860,182652,182656
186861,182761,182656
186862,182870,182656
186863,182979,182656
186864,183088,182656
186865,183197,182656
186866,183306,182656
186867,183415,182656
186868,181580,182650
186869,181595,182650
186870,181610,182650
186871,181625,182650
186872,181640,182650
186873,181655,182650
186874,181670,182650
186875,181692,182650
186876,181808,182650
186877,181924,182650
186878,182040,182650
186879,182156,182650
186880,182272,182650
186881,182388,182650
186882,182504,182650
186883,182620,182650
186884,182736,182650
186885,182852,182650
186886,182968,182650
186887,181864,182649
186888,181880,182650
186889,181895,182650
186890,181910,182650
186891,181925,182650
186892,181940,182650
186893,181955,182650
186894,181970,182650
186895,181985,182650
186896,182000,182650
186897,182015,182650
186898,182030,182650
186899,182049,182650
186900,182172,182650
186901,182295,182650
186902,182418,182650
186903,182541,182650
186904,182664,182650
186905,182787,182650
186906,182910,182650
186907,183033,182650
186908,183156,182650
186909,183279,182650
186910,183402,182650
186911,183525,182650
186912,183648,182650
186913,182255,182650
186914,182270,182650
186915,182285,182650
186916,182300,182650
186917,182315,182650
186918,182330,182650
186919,182345,182650
186920,182360,182650
186921,182482,182650
186922,182612,182650
186923,182742,182650
186924,182420,182650
186925,182435,182650
186926,182450,182650
186927,182465,182650
186928,182480,182650
186929,182495,182650
186930,182510,182650
186931,182525,182650
186932,182540,182650
186933,182555,182650
186934,182570,182650
186935,182585,182650
186936,182600,182650
186937,182615,182650
186938,182630,182650
186939,182675,182650
186940,182812,182650
186941,182949,182650
186942,183086,182650
186943,183223,182650
186944,183360,182650
186945,183497,182650
186946,183634,182650
186947,183771,182650
186948,183908,182650
186949,184045,182650
186950,258004,182658
186951,184888,182659
186952,184896,182659
186953,184904,182659
186954,184912,182659
186955,184920,182659
186956,185004,182659
186957,187162,182631
186958,187292,182631
186959,187422,182631
186960,187552,182631
186961,187682,182631
186962,187812,182631
186963,187942,182631
186964,188072,182631
186965,186965,182631
186966,186966,182631
186967,0,182631
186968,0,182631
186969,0,182631
186970,0,182631
186971,88,182631
186972,224,182631
186973,360,182631
186974,187470,182631
186975,187607,182631
186976,187744,182631
186977,187881,182631
186978,188018,182631
186979,188155,182631
186980,188292,182631
186981,261728,182619
186982,190412,182615
186983,190542,182615
186984,190672,182615
186985,23892,182633
186986,23944,182633
186987,23996,182633
186988,24048,182633
186989,24100,182633
186990,24152,182633
186991,24204,182633
186992,24256,182633
186993,24308,182633
186994,24360,182633
186995,24412,182633
186996,24464,182633
186997,24516,182633
186998,24568,182633
186999,24620,182633
187000,24672,182633
187001,24724,182633
187002,24776,182633
187003,24828,182633
187004,24880,182633
187005,24932,182633
187006,24984,182633
187007,25036,182633
187008,25088,182633
187009,25140,182633
187010,25192,182633
187011,25244,182633
187012,25296,182633
187013,25348,182633
187014,25400,182633
187015,25452,182633
187016,25504,182633
187017,25556,182633
187018,28796,182669
187019,28834,182669
187020,28872,182669
187021,28910,182669
187022,28948,182669
187023,27427,182669
187024,27472,182669
187025,27517,182669
187026,27562,182669
187027,27607,182669
187028,27652,182669
187029,27697,182669
187030,27742,182669
187031,27787,182669
187032,30824,182701
187033,30855,182701
187034,30886,182701
187035,30917,182701
187036,30948,182701
187037,30979,182701
187038,31010,182701
187039,31041,182701
187040,31072,182701
187041,31103,182701
187042,31134,182701
187043,31165,182701
187044,31196,182701
187045,31227,182701
187046,31258,182701
187047,31289,182701
187048,31320,182701
187049,31351,182701
187050,31382,182701
187051,31413,182701
187052,31444,182701
187053,31475,182701
187054,31506,182701
187055,219927,182717
187056,219952,182717
187057,219977,182717
187058,220002,182717
187059,220027,182717
187060,220052,182717
187061,220077,182717
187062,220102,182717
187063,220127,182717
187064,220152,182717
187065,220177,182717
187066,220202,182717
187067,220227,182717
187068,221496,182736
187069,221514,182736
187070,221532,182736
187071,221550,182736
187072,221568,182736
187073,221586,182736
187074,221604,182736
187075,221622,182736
187076,221640,182736
187077,221658,182736
187078,221676,182736
187079,221694,182736
187080,221712,182736
187081,221730,182736
187082,221748,182736
187083,221766,182736
187084,221784,182736
187085,221802,182736
187086,221820,182736
187087,221838,182736
187088,221856,182736
187089,221874,182736
187090,221892,182736
187091,221910,182736
187092,221928,182736
187093,221946,182736
187094,221964,182736
187095,221982,182736
187096,222000,182736
187097,220974,182750
187098,221002,182753
187099,221027,182753
187100,221052,182753
187101,221077,182753
187102,221102,182753
187103,221127,182753
187104,221152,182753
187105,221177,182753
187106,221202,182753
187107,221227,182753
187108,221252,182753
187109,221277,182753
187110,221302,182753
187111,221327,182753
187112,221352,182753
187113,221377,182753
187114,221402,182753
187115,221427,182753
187116,221452,182753
187117,221477,182753
187118,220607,182762
187119,222414,182772
187120,222432,182772
187121,222450,182772
187122,222468,182772
187123,222486,182772
187124,222504,182772
187125,222522,182772
187126,222540,182772
187127,222558,182772
187128,222576,182772
187129,222594,182772
187130,222612,182772
187131,222630,182772
187132,222648,182772
187133,222666,182772
187134,221902,182789
187135,221927,182789
187136,221952,182789
187137,221977,182789
187138,222002,182789
187139,222027,182789
187140,222052,182789
187141,222077,182789
187142,222102,182789
187143,222127,182789
187144,222152,182789
187145,222177,182789
187146,222202,182789
187147,222918,182808
187148,222936,182808
187149,222954,182808
187150,222972,182808
187151,222990,182808
187152,223008,182808
187153,223026,182808
187154,223044,182808
187155,223062,182808
187156,222443,182816
187157,222477,182825
187158,222502,182825
187159,222527,182825
187160,222552,182825
187161,222577,182825
187162,222602,182825
187163,222627,182825
187164,222073,182828
187165,223242,182844
187166,223260,182844
187167,223278,182844
187168,223296,182844
187169,223314,182844
187170,223332,182844
187171,222827,182861
187172,222852,182861
187173,222877,182861
187174,222902,182861
187175,222927,182861
187176,222952,182861
187177,223458,182880
187178,223476,182880
187179,223494,182880
187180,223512,182880
187181,223530,182880
187182,223102,182897
187183,223127,182897
187184,223152,182897
187185,223177,182897
187186,223620,182916
187187,223638,182916
187188,223656,182916
187189,223674,182916
187190,223302,182933
187191,223327,182933
187192,223352,182933
187193,223746,182952
187194,223764,182952
187195,223782,182952
187196,223452,182969
187197,223477,182969
187198,223502,182969
187199,223854,182988
187200,223872,182988
187201,224203,183000
187202,224214,183000
187203,37022,183007
187204,37032,183007
187205,37327,183011
187206,37330,183011
187207,37333,183011
187208,37336,183011
187209,37339,183011
187210,37342,183011
187211,37345,183011
187212,37348,183011
187213,37351,183011
187214,37354,183011
187215,37357,183011
187216,37360,183011
187217,37363,183011
187218,37366,183011
187219,37369,183011
187220,37372,183011
187221,37375,183011
187222,37378,183011
187223,37381,183011
187224,37384,183011
187225,37387,183011
187226,37390,183011
187227,37393,183011
187228,37396,183011
187229,37399,183011
187230,37402,183011
187231,37405,183011
187232,37408,183011
187233,37411,183011
187234,37414,183011
187235,37417,183011
187236,37420,183011
187237,37423,183011
187238,37426,183011
187239,37429,183011
187240,37432,183011
187241,37435,183011
187242,37438,183011
187243,37441,183011
187244,37444,183011
187245,37447,183011
187246,37494,183011
187247,37651,183011
187248,37808,183011
187249,37965,183011
187250,38122,183011
187251,38279,183011
187252,38436,183011
187253,38593,183011
187254,38750,183011
187255,38907,183011
187256,39064,183011
187257,39221,183011
187258,39378,183011
187259,39535,183011
187260,39692,183011
187261,39849,183011
187262,40006,183011
187263,40163,183011
187264,40320,183011
187265,40477,183011
187266,40634,183011
187267,40791,183011
187268,40948,183011
187269,41105,183011
187270,41262,183011
187271,41419,183011
187272,41576,183011
187273,41733,183011
187274,41890,183011
187275,42047,183011
187276,42204,183011
187277,42361,183011
187278,42518,183011
187279,42675,183011
187280,42832,183011
187281,42989,183011
187282,43146,183011
187283,43303,183011
187284,43460,183011
187285,43617,183011
187286,43774,183007
187287,43931,183007
187288,44088,183007
187289,44245,183007
187290,44395,183000
187291,231850,182993
187292,232008,182993
187293,44873,182989
187294,45030,182989
187295,45184,182986
187296,232640,182967
187297,232798,182967
187298,232949,182960
187299,45815,182957
187300,45972,182957
187301,46129,182957
187302,233588,182931
187303,233746,182931
187304,233904,182931
187305,234062,182931
187306,46914,182921
187307,47071,182921
187308,47228,182921
187309,47385,182921
187310,234852,182895
187311,235010,182895
187312,235168,182895
187313,235326,182895
187314,235484,182895
187315,48327,182885
187316,48484,182885
187317,48641,182885
187318,48798,182885
187319,48955,182885
187320,49112,182885
187321,236590,182859
187322,236748,182859
187323,236906,182859
187324,237064,182859
187325,237222,182859
187326,237380,182859
187327,237536,182857
187328,50368,182849
187329,50525,182849
187330,50682,182849
187331,50839,182849
187332,50996,182849
187333,51153,182849
187334,51310,182849
187335,51467,182849
187336,238960,182823
187337,239118,182823
187338,239276,182823
187339,239434,182823
187340,239592,182823
187341,239750,182823
187342,239908,182823
187343,240066,182823
187344,240224,182823
187345,240382,182823
187346,53194,182813
187347,53351,182813
187348,53508,182813
187349,53665,182813
187350,53822,182813
187351,53979,182813
187352,54136,182813
187353,54293,182813
187354,54450,182813
187355,54607,182813
187356,54764,182813
187357,54921,182813
187358,55067,182802
187359,242594,182787
187360,242752,182787
187361,242910,182787
187362,243068,182787
187363,243226,182787
187364,243384,182787
187365,243542,182787
187366,243700,182787
187367,243858,182787
187368,244016,182787
187369,244174,182787
187370,244332,182787
187371,244490,182787
187372,244648,182787
187373,244806,182787
187374,244963,182786
187375,57747,182777
187376,57904,182777
187377,58061,182777
187378,58218,182777
187379,58375,182777
187380,58532,182777
187381,58689,182777
187382,58846,182777
187383,59003,182777
187384,59160,182777
187385,59317,182777
187386,59474,182777
187387,59631,182777
187388,59788,182777
187389,59945,182777
187390,60102,182777
187391,60259,182777
187392,60416,182777
187393,60573,182777
187394,60730,182777
187395,60887,182777
187396,61023,182756
187397,248598,182751
187398,248756,182751
187399,248914,182751
187400,249072,182751
187401,249230,182751
187402,249388,182751
187403,249546,182751
187404,249704,182751
187405,249862,182751
187406,250020,182748
187407,250178,182748
187408,250336,182748
187409,250494,182748
187410,250652,182748
187411,250810,182748
187412,250968,182748
187413,251126,182748
187414,251284,182748
187415,251442,182748
187416,251600,182748
187417,251758,182748
187418,251916,182748
187419,252074,182748
187420,252232,182748
187421,252390,182748
187422,27148,182732
187423,27302,182732
187424,27456,182732
187425,27610,182732
187426,65754,182732
187427,65911,182732
187428,66068,182732
187429,66225,182732
187430,66382,182732
187431,103247,182712
187432,103400,182712
187433,103553,182712
187434,103706,182712
187435,103859,182712
187436,104012,182712
187437,104165,182712
187438,104318,182712
187439,104471,182712
187440,104624,182712
187441,104777,182712
187442,104930,182712
187443,105083,182712
187444,105236,182712
187445,105389,182712
187446,105542,182712
187447,105695,182712
187448,105848,182712
187449,106001,182712
187450,106154,182712
187451,106307,182712
187452,69812,182685
187453,106613,182679
187454,106766,182679
187455,106919,182679
187456,107072,182679
187457,107225,182679
187458,107378,182679
187459,107531,182679
187460,107684,182679
187461,107837,182679
187462,107990,182679
187463,108143,182679
187464,108296,182679
187465,108449,182679
187466,108602,182679
187467,108755,182679
187468,108908,182679
187469,109061,182679
187470,109214,182679
187471,109360,182672
187472,109485,182644
187473,108082,182643
187474,108228,182643
187475,108374,182643
187476,108520,182643
187477,108666,182643
187478,108812,182643
187479,108958,182643
187480,109104,182643
187481,109250,182643
187482,109396,182643
187483,109542,182643
187484,109688,182643
187485,109834,182643
187486,109980,182643
187487,110126,182643
187488,110272,182643
187489,110418,182643
187490,110564,182643
187491,110710,182643
187492,110856,182643
187493,111002,182643
187494,111148,182643
187495,111294,182643
187496,78152,182622
187497,78165,182622
187498,78178,182622
187499,78191,182622
187500,78204,182622
187501,78217,182622
187502,78230,182622
187503,78243,182622
187504,78256,182622
187505,78269,182622
187506,78314,182622
187507,78471,182622
187508,78628,182622
187509,78785,182622
187510,78942,182622
187511,79099,182622
187512,79256,182622
187513,79413,182622
187514,82133,182626
187515,5655,182638
187516,5676,182638
187517,5697,182638
187518,5718,182638
187519,5739,182638
187520,5888,182638
187521,6046,182638
187522,6204,182638
187523,6362,182638
187524,6520,182638
187525,6678,182638
187526,6836,182638
187527,6994,182638
187528,7152,182638
187529,7310,182638
187530,7468,182638
187531,7626,182638
187532,84632,182670
187533,84666,182670
187534,84700,182670
187535,84734,182670
187536,84768,182670
187537,84802,182670
187538,84836,182670
187539,84870,182670
187540,84904,182670
187541,84926,182658
187542,84972,182656
187543,85006,182656
187544,85040,182656
187545,85074,182656
187546,85108,182656
187547,85142,182656
187548,85176,182656
187549,85210,182656
187550,85244,182656
187551,85379,182656
187552,85536,182656
187553,85693,182656
187554,85850,182656
187555,86007,182656
187556,86164,182656
187557,86321,182656
187558,86478,182656
187559,86635,182656
187560,86792,182656
187561,86949,182656
187562,87866,182656
187563,87907,182656
187564,87948,182656
187565,87989,182656
187566,88030,182656
187567,88071,182656
187568,88112,182656
187569,88205,182656
187570,88362,182656
187571,88519,182656
187572,88676,182656
187573,88833,182656
187574,90656,182664
187575,90704,182664
187576,90752,182664
187577,90800,182664
187578,90848,182664
187579,90896,182664
187580,90944,182664
187581,90992,182664
187582,91040,182664
187583,16527,182673
187584,16576,182673
187585,16625,182673
187586,16674,182673
187587,16723,182673
187588,16772,182673
187589,16821,182673
187590,16948,182673
187591,17106,182673
187592,17264,182673
187593,91973,182664
187594,92130,182664
187595,92287,182664
187596,92444,182664
187597,92601,182664
187598,92758,182664
187599,92915,182664
187600,94384,182700
187601,94439,182700
187602,94494,182700
187603,94549,182700
187604,94604,182700
187605,94659,182700
187606,94714,182700
187607,94769,182700
187608,94824,182700
187609,94879,182700
187610,94934,182700
187611,94989,182700
187612,95044,182700
187613,95113,182700
187614,95270,182700
187615,95427,182700
187616,95584,182700
187617,95741,182700
187618,95898,182700
187619,96055,182700
187620,96212,182700
187621,96369,182700
187622,96526,182700
187623,23769,182673
187624,23832,182673
187625,23895,182673
187626,23958,182673
187627,24021,182673
187628,24084,182673
187629,24147,182673
187630,24210,182673
187631,24273,182673
187632,24336,182673
187633,24399,182673
187634,24462,182673
187635,24525,182673
187636,24588,182673
187637,24651,182673
187638,24714,182673
187639,24777,182673
187640,24848,182673
187641,25006,182673
187642,25164,182673
187643,25322,182673
187644,25480,182673
187645,25638,182673
187646,25796,182673
187647,100451,182664
187648,100608,182664
187649,100765,182664
187650,100922,182664
187651,101079,182664
187652,101236,182664
187653,101393,182664
187654,101550,182659
187655,101707,182659
187656,101864,182659
187657,102021,182659
187658,102178,182659
187659,102335,182659
187660,102492,182659
187661,29070,182673
187662,29140,182673
187663,29210,182673
187664,29280,182673
187665,29350,182673
187666,29420,182673
187667,103967,182695
187668,104036,182695
187669,104105,182695
187670,104174,182695
187671,104243,182695
187672,104376,182695
187673,104533,182695
187674,104685,182690
187675,30378,182660
187676,30536,182660
187677,33209,182660
187678,33286,182660
187679,33363,182660
187680,33440,182660
187681,33517,182660
187682,33594,182660
187683,33671,182660
187684,33748,182660
187685,33825,182660
187686,33902,182660
187687,33979,182660
187688,34056,182660
187689,34133,182660
187690,34210,182660
187691,34287,182660
187692,107516,182659
187693,107673,182659
187694,107830,182659
187695,143639,182642
187696,143792,182642
187697,144840,182642
187698,144912,182642
187699,144984,182642
187700,145056,182642
187701,145128,182642
187702,145200,182642
187703,145272,182642
187704,145344,182642
187705,145416,182642
187706,145488,182642
187707,145560,182642
187708,145632,182642
187709,145781,182642
187710,145934,182642
187711,145848,182642
187712,145920,182642
187713,145992,182642
187714,146064,182642
187715,146136,182642
187716,146208,182642
187717,146280,182642
187718,146352,182642
187719,146424,182642
187720,146496,182642
187721,146568,182642
187722,146640,182642
187723,146712,182642
187724,146784,182642
187725,146856,182642
187726,113308,182643
187727,113310,182643
187728,113312,182643
187729,113325,182643
187730,113482,182643
187731,113639,182643
187732,42307,182643
187733,42322,182648
187734,42332,182648
187735,42342,182648
187736,42352,182648
187737,42362,182648
187738,42372,182648
187739,42382,182648
187740,42392,182648
187741,42402,182648
187742,42412,182648
187743,42422,182648
187744,42432,182648
187745,42442,182648
187746,42452,182648
187747,42462,182648
187748,42472,182648
187749,42482,182648
187750,42492,182648
187751,42502,182648
187752,42544,182648
187753,42702,182648
187754,42860,182648
187755,43018,182648
187756,43176,182648
187757,43334,182648
187758,43492,182648
187759,43650,182648
187760,43808,182648
187761,43966,182648
187762,44124,182648
187763,44282,182648
187764,44440,182648
187765,44598,182648
187766,44756,182648
187767,44914,182648
187768,45072,182648
187769,45230,182644
187770,45388,182644
187771,45546,182644
187772,45704,182644
187773,45862,182644
187774,46020,182644
187775,122534,182637
187776,122624,182637
187777,122714,182637
187778,122804,182637
187779,122894,182637
187780,122984,182637
187781,123074,182637
187782,123164,182637
187783,123254,182637
187784,123344,182637
187785,123434,182627
187786,123524,182627
187787,123614,182627
187788,123704,182627
187789,124836,182644
187790,124866,182651
187791,124889,182651
187792,124912,182651
187793,124935,182651
187794,124958,182651
187795,124981,182651
187796,125004,182651
187797,125027,182651
187798,125050,182651
187799,125073,182651
187800,50752,182651
187801,50776,182651
187802,50800,182651
187803,50824,182651
187804,50848,182651
187805,50918,182651
187806,51076,182651
187807,51234,182651
187808,51392,182651
187809,51550,182651
187810,51708,182651
187811,51866,182651
187812,52024,182651
187813,52182,182651
187814,52340,182651
187815,130119,182646
187816,130216,182646
187817,130313,182646
187818,130410,182646
187819,130507,182646
187820,130604,182646
187821,130701,182646
187822,130798,182646
187823,130895,182646
187824,130992,182646
187825,131089,182646
187826,131186,182646
187827,131283,182646
187828,131380,182646
187829,131477,182646
187830,131574,182646
187831,131671,182646
187832,131768,182646
187833,131865,182646
187834,131962,182646
187835,130026,182646
187836,130124,182646
187837,55974,182629
187838,56132,182629
187839,56290,182629
187840,56448,182629
187841,56606,182629
187842,56764,182629
187843,56922,182629
187844,57080,182629
187845,57238,182629
187846,58828,182629
187847,134595,182658
187848,134632,182658
187849,134669,182658
187850,134706,182658
187851,134743,182658
187852,134780,182658
187853,60526,182665
187854,60564,182665
187855,60602,182665
187856,60640,182665
187857,60678,182665
187858,60716,182665
187859,60754,182665
187860,60792,182665
187861,60830,182665
187862,60868,182665
187863,60906,182665
187864,60944,182665
187865,60982,182665
187866,61020,182665
187867,61058,182665
187868,61096,182665
187869,61134,182665
187870,61188,182665
187871,61346,182665
187872,61504,182665
187873,61662,182665
187874,61820,182665
187875,61978,182665
187876,62136,182665
187877,62294,182665
187878,62452,182665
187879,62610,182665
187880,62768,182665
187881,62926,182665
187882,63084,182665
187883,63242,182665
187884,63400,182665
187885,137817,182657
187886,137974,182657
187887,138131,182657
187888,138288,182657
187889,138445,182657
187890,141904,182657
187891,142008,182657
187892,142112,182657
187893,142216,182657
187894,142320,182657
187895,142424,182657
187896,142528,182657
187897,142632,182657
187898,65612,182633
187899,66847,182633
187900,66892,182633
187901,66937,182633
187902,141224,182657
187903,141268,182657
187904,141312,182657
187905,141356,182657
187906,141400,182657
187907,141444,182657
187908,141488,182657
187909,141585,182657
187910,141742,182657
187911,141899,182657
187912,142056,182657
187913,142213,182657
187914,142370,182657
187915,142527,182657
187916,142684,182657
187917,142841,182657
187918,142998,182657
187919,143155,182657
187920,143312,182657
187921,143469,182657
187922,69404,182624
187923,69562,182624
187924,146940,182642
187925,146991,182642
187926,147042,182642
187927,147093,182642
187928,147144,182642
187929,147195,182642
187930,147246,182642
187931,147297,182642
187932,147348,182642
187933,147399,182642
187934,147450,182642
187935,147501,182642
187936,147552,182642
187937,147603,182642
187938,147654,182642
187939,73500,182660
187940,73552,182660
187941,73604,182660
187942,73656,182660
187943,73708,182660
187944,73760,182660
187945,73812,182660
187946,73864,182660
187947,73916,182660
187948,73968,182660
187949,74020,182660
187950,74072,182660
187951,74124,182660
187952,74176,182660
187953,74302,182660
187954,74460,182660
187955,74618,182660
187956,74776,182660
187957,74934,182660
187958,75092,182660
187959,75250,182660
187960,75408,182660
187961,75566,182660
187962,75724,182660
187963,75882,182660
187964,154628,182648
187965,154739,182648
187966,154850,182648
187967,154961,182648
187968,155072,182648
187969,155183,182648
187970,155294,182648
187971,155405,182648
187972,155516,182648
187973,155627,182648
187974,151790,182642
187975,77778,182624
187976,77936,182624
187977,78094,182624
187978,78252,182624
187979,78410,182624
187980,153468,182612
187981,153473,182612
187982,153478,182612
187983,153483,182612
187984,153488,182612
187985,153517,182612
187986,153674,182612
187987,153831,182612
187988,153988,182612
187989,154145,182612
187990,154302,182612
187991,81416,182639
187992,81480,182644
187993,81539,182644
187994,81598,182644
187995,81657,182644
187996,81716,182644
187997,81775,182644
187998,81834,182644
187999,81893,182644
188000,81952,182644
188001,82011,182644
188002,82070,182644
188003,82202,182644
188004,82360,182644
188005,82518,182644
188006,82676,182644
188007,82834,182644
188008,82992,182644
188009,83150,182644
188010,83308,182644
188011,83466,182644
188012,83624,182644
188013,83782,182644
188014,84886,182658
188015,84899,182658
188016,84912,182658
188017,84925,182658
188018,84938,182658
188019,84951,182658
188020,84964,182658
188021,108540,182659
188022,108680,182659
188023,108820,182659
188024,108960,182659
188025,109100,182659
188026,109240,182659
188027,109380,182659
188028,109520,182659
188029,109660,182659
188030,109800,182659
188031,109940,182659
188032,110080,182659
188033,110220,182659
188034,110360,182659
188035,110500,182659
188036,110640,182659
188037,110780,182659
188038,110920,182659
188039,111060,182659
188040,111200,182659
188041,111340,182659
188042,111480,182659
188043,89268,182666
188044,89408,182694
188045,89520,182694
188046,89632,182694
188047,89744,182694
188048,89856,182694
188049,89968,182694
188050,113052,182695
188051,113146,182695
188052,113240,182695
188053,90730,182730
188054,113696,182731
188055,91080,182747
188056,91104,182751
188057,91124,182751
188058,91144,182751
188059,91164,182751
188060,91208,182751
188061,91366,182751
188062,91524,182751
188063,91682,182751
188064,171456,182745
188065,171558,182729
188066,171692,182725
188067,171480,182709
188068,171552,182709
188069,171624,182709
188070,171696,182689
188071,171768,182689
188072,171840,182689
188073,171912,182689
188074,171984,182689
188075,172056,182689
188076,172128,182689
188077,172200,182689
188078,171436,182673
188079,171462,182673
188080,171488,182673
188081,171514,182673
188082,171540,182673
188083,171566,182673
188084,171592,182673
188085,171618,182673
188086,171644,182673
188087,171670,182673
188088,171696,182673
188089,171722,182673
188090,171748,182673
188091,171774,182673
188092,171800,182673
188093,171826,182673
188094,171852,182673
188095,171878,182673
188096,171904,182673
188097,171930,182673
188098,171956,182673
188099,171982,182673
188100,172008,182673
188101,172034,182673
188102,172060,182673
188103,172086,182673
188104,172200,182673
188105,172357,182653
188106,172514,182653
188107,172671,182653
188108,172828,182653
188109,172985,182653
188110,173142,182653
188111,173299,182653
188112,173456,182653
188113,173613,182653
188114,174864,182653
188115,174936,182653
188116,175008,182653
188117,175080,182653
188118,175152,182653
188119,175224,182653
188120,175296,182653
188121,175368,182653
188122,175440,182653
188123,175512,182653
188124,175584,182653
188125,175656,182653
188126,175728,182653
188127,175811,182653
188128,179008,182651
188129,179126,182651
188130,179244,182651
188131,179362,182651
188132,179480,182651
188133,179598,182651
188134,179716,182651
188135,179834,182651
188136,179952,182651
188137,180070,182651
188138,180188,182651
188139,180306,182651
188140,180424,182651
188141,180542,182651
188142,180660,182651
188143,180778,182651
188144,180895,182650
188145,181006,182643
188146,181117,182636
188147,181228,182629
188148,107372,182623
188149,107491,182623
188150,107610,182623
188151,179671,182615
188152,183926,182622
188153,184023,182640
188154,184102,182640
188155,184181,182640
188156,184260,182640
188157,184339,182640
188158,184418,182640
188159,184497,182640
188160,184576,182640
188161,184655,182640
188162,184734,182640
188163,184813,182640
188164,184892,182640
188165,184971,182640
188166,185050,182640
188167,185129,182640
188168,185208,182640
188169,185287,182640
188170,185366,182640
188171,185445,182640
188172,185524,182640
188173,185603,182640
188174,185682,182640
188175,186968,182642
188176,187008,182642
188177,187048,182642
188178,187088,182642
188179,187128,182642
188180,187168,182642
188181,187208,182642
188182,187248,182642
188183,187288,182642
188184,188184,182644
188185,188185,182644
188186,188186,182644
188187,188187,182644
188188,188188,182644
188189,188189,182644
188190,188190,182644
188191,188191,182644
188192,188192,182644
188193,188193,182644
188194,188194,182644
188195,188195,182644
188196,188196,182644
188197,188197,182644
188198,188198,182644
188199,188199,182644
188200,188200,182644
188201,188201,182644
188202,188202,182644
188203,188203,182644
188204,188204,182644
188205,188205,182644
188206,188214,182644
188207,188371,182644
188208,188528,182644
188209,188685,182644
188210,188842,182644
188211,188999,182644
188212,189156,182644
188213,189313,182644
188214,189470,182644
188215,189627,182644
188216,189784,182644
188217,189941,182644
188218,196431,182648
188219,196559,182651
188220,196684,182651
188221,196809,182651
188222,196934,182651
188223,197059,182651
188224,197184,182651
188225,197309,182651
188226,197434,182651
188227,197559,182651
188228,197684,182651
188229,197809,182651
188230,197934,182651
188231,198059,182651
188232,198184,182651
188233,198309,182651
188234,198434,182651
188235,198559,182626
188236,198684,182626
188237,198809,182626
188238,198934,182626
188239,199059,182626
188240,199184,182626
188241,199309,182626
188242,199434,182626
188243,199559,182626
188244,199684,182626
188245,199809,182626
188246,199934,182626
188247,200059,182626
188248,200184,182626
188249,200309,182626
188250,196998,182651
188251,197045,182651
188252,197092,182651
188253,197139,182651
188254,197186,182651
188255,197233,182651
188256,197280,182651
188257,197327,182651
188258,197374,182651
188259,197421,182651
188260,197468,182651
188261,197515,182651
188262,197562,182651
188263,197609,182651
188264,197656,182651
188265,197703,182651
188266,197750,182651
188267,197797,182651
188268,197948,182651
188269,198105,182651
188270,198262,182651
188271,198419,182651
188272,198576,182651
188273,198733,182651
188274,198890,182651
188275,199047,182651
188276,199204,182651
188277,199361,182651
188278,203934,182642
188279,204059,182642
188280,204184,182642
188281,204309,182642
188282,204434,182642
188283,204559,182642
188284,204684,182642
188285,204809,182642
188286,205972,182642
188287,206026,182642
188288,206080,182642
188289,206134,182642
188290,206188,182642
188291,206242,182642
188292,206296,182642
188293,206350,182642
188294,206404,182642
188295,202985,182642
188296,203000,182642
188297,203015,182642
188298,203030,182642
188299,203045,182642
188300,203060,182642
188301,203129,182642
188302,203286,182642
188303,203443,182642
188304,203600,182642
188305,203757,182642
188306,203914,182642
188307,204071,182642
188308,204228,182642
188309,204385,182642
188310,204542,182642
188311,204699,182642
188312,204856,182642
188313,205013,182642
188314,205170,182642
188315,205327,182642
188316,205484,182642
188317,211974,182646
188318,212070,182649
188319,212163,182649
188320,212256,182649
188321,212349,182649
188322,212442,182649
188323,212535,182649
188324,212628,182649
188325,212721,182649
188326,212814,182649
188327,212907,182649
188328,213000,182649
188329,213093,182649
188330,213186,182649
188331,213279,182649
188332,213358,182635
188333,210804,182621
188334,137378,182614
188335,137401,182614
188336,137424,182614
188337,137502,182614
188338,137628,182614
188339,137754,182614
188340,137880,182614
188341,138006,182614
188342,138132,182614
188343,138258,182614
188344,138384,182614
188345,138510,182614
188346,138636,182614
188347,138762,182614
188348,138888,182614
188349,139014,182614
188350,139140,182614
188351,137769,182614
188352,137792,182614
188353,137815,182614
188354,137838,182614
188355,137861,182614
188356,137976,182614
188357,138134,182614
188358,138292,182614
188359,138450,182614
188360,145776,182621
188361,145806,182621
188362,145836,182621
188363,145866,182621
188364,145896,182621
188365,145926,182621
188366,145956,182621
188367,219763,182636
188368,219792,182636
188369,219821,182636
188370,219850,182636
188371,219879,182636
188372,219908,182636
188373,219937,182636
188374,219966,182636
188375,219995,182636
188376,220024,182636
188377,220053,182636
188378,220082,182636
188379,220111,182636
188380,220140,182636
188381,220169,182636
188382,220198,182636
188383,220227,182636
188384,220256,182636
188385,220285,182636
188386,220314,182636
188387,220343,182636
188388,220372,182636
188389,220401,182636
188390,220430,182636
188391,220459,182636
188392,220488,182636
188393,220517,182636
188394,220546,182636
188395,220575,182636
188396,220604,182636
188397,220633,182636
188398,220662,182636
188399,220691,182636
188400,220720,182636
188401,220749,182636
188402,220778,182636
188403,220807,182636
188404,220836,182636
188405,220865,182636
188406,220894,182636
188407,220923,182636
188408,220952,182636
188409,220981,182636
188410,221010,182636
188411,221039,182636
188412,221068,182636
188413,221097,182636
188414,221126,182636
188415,221155,182636
188416,221184,182636
188417,221341,182636
188418,221498,182636
188419,221655,182636
188420,221812,182636
188421,221969,182636
188422,222126,182636
188423,222283,182636
188424,222440,182636
188425,222597,182636
188426,222754,182636
188427,222911,182636
188428,223068,182636
188429,223225,182636
188430,223382,182636
188431,223539,182636
188432,223696,182636
188433,223853,182636
188434,224010,182636
188435,224167,182636
188436,224324,182636
188437,224481,182636
188438,224638,182636
188439,224795,182636
188440,224952,182636
188441,225109,182636
188442,225266,182636
188443,225423,182636
188444,225580,182636
188445,225737,182636
188446,225894,182636
188447,226051,182636
188448,226208,182636
188449,226365,182636
188450,226522,182636
188451,226679,182636
188452,226836,182636
188453,226993,182636
188454,227150,182636
188455,227307,182636
188456,227464,182636
188457,227621,182636
188458,227778,182636
188459,227935,182636
188460,228092,182636
188461,228249,182636
188462,228406,182636
188463,228563,182636
188464,228720,182636
188465,170700,182619
188466,170840,182619
188467,170980,182619
188468,171120,182619
188469,171260,182619
188470,171400,182619
188471,171540,182619
188472,157720,182612
188473,157757,182612
188474,157794,182612
188475,157831,182612
188476,157868,182612
188477,157905,182612
188478,157942,182612
188479,157979,182612
188480,158016,182612
188481,158053,182612
188482,158090,182612
188483,158127,182612
188484,158200,182612
188485,158358,182612
188486,158516,182612
188487,158674,182612
188488,158832,182612
188489,158990,182612
188490,239135,182629
188491,239276,182638
188492,236976,182647
188493,234612,182647
188494,234680,182647
188495,234748,182647
188496,234816,182647
188497,234884,182647
188498,234952,182647
188499,235020,182647
188500,235088,182647
188501,235156,182647
188502,235224,182647
188503,235292,182647
188504,235360,182647
188505,235428,182647
188506,235496,182647
188507,235564,182647
188508,235632,182647
188509,235785,182647
188510,235942,182647
188511,236099,182647
188512,236256,182647
188513,236413,182647
188514,236567,182644
188515,239276,182638
188516,239376,182638
188517,239476,182638
188518,239576,182638
188519,239676,182638
188520,239776,182638
188521,239876,182638
188522,239976,182638
188523,240076,182638
188524,240176,182638
188525,240276,182638
188526,240376,182638
188527,240476,182638
188528,240576,182638
188529,240676,182638
188530,240776,182638
188531,240876,182638
188532,240976,182638
188533,241076,182638
188534,241176,182638
188535,241276,182638
188536,241376,182638
188537,241476,182638
188538,241576,182638
188539,241676,182638
188540,241776,182638
188541,241876,182638
188542,241976,182638
188543,242076,182638
188544,242176,182638
188545,242276,182638
188546,243158,182638
188547,243201,182638
188548,248136,182645
188549,248154,182645
188550,248172,182645
188551,248190,182645
188552,248208,182645
188553,248226,182645
188554,248244,182645
188555,248262,182645
188556,248280,182645
188557,248298,182645
188558,248316,182645
188559,248334,182645
188560,248384,182645
188561,248516,182645
188562,248648,182645
188563,248780,182645
188564,248912,182645
188565,249044,182645
188566,249176,182645
188567,249308,182645
188568,249440,182645
188569,249572,182645
188570,249704,182645
188571,249836,182645
188572,249968,182645
188573,250100,182645
188574,250232,182645
188575,250364,182645
188576,250496,182645
188577,250628,182645
188578,250753,182638
188579,246775,182626
188580,246932,182626
188581,247089,182626
188582,247246,182626
188583,247403,182626
188584,247560,182626
188585,247717,182626
188586,247874,182626
188587,248838,182645
188588,248856,182645
188589,248874,182645
188590,248892,182645
188591,248910,182645
188592,248928,182645
188593,248973,182645
188594,249130,182645
188595,249287,182645
188596,249444,182645
188597,249601,182645
188598,249758,182645
188599,249915,182645
188600,250072,182645
188601,250229,182645
188602,250386,182645
188603,250543,182645
188604,250700,182645
188605,250857,182645
188606,251014,182645
188607,251171,182645
188608,251328,182645
188609,251485,182645
188610,251642,182645
188611,251799,182645
188612,251956,182645
188613,252110,182642
188614,255660,182642
188615,255710,182642
188616,255776,182642
188617,255908,182642
188618,256040,182642
188619,256172,182642
188620,256304,182642
188621,256436,182642
188622,256568,182642
188623,256700,182642
188624,256832,182642
188625,256964,182642
188626,257096,182642
188627,257228,182642
188628,257360,182642
188629,257492,182642
188630,257624,182642
188631,257756,182642
188632,257888,182642
188633,258020,182642
188634,259382,182648
188635,259416,182657
188636,259450,182666
188637,259477,182668
188638,259502,182668
188639,259527,182668
188640,259552,182668
188641,259577,182668
188642,259602,182668
188643,259627,182668
188644,259652,182668
188645,259677,182668
188646,259736,182668
188647,141,182634
188648,248,182634
188649,355,182634
188650,462,182634
188651,569,182634
188652,676,182634
188653,783,182634
188654,890,182634
188655,997,182634
188656,1104,182634
188657,1211,182634
188658,1318,182634
188659,1425,182634
188660,1532,182634
188661,0,182634
188662,0,182634
188663,0,182634
188664,0,182634
188665,100,182634
188666,232,182634
188667,364,182634
188668,496,182634
188669,628,182634
188670,2602,182634
188671,2709,182634
188672,2816,182634
188673,2923,182634
188674,3030,182634
188675,3137,182634
188676,3244,182634
188677,3351,182634
188678,3458,182634
188679,3565,182634
188680,3672,182634
188681,6913,182644
188682,6970,182644
188683,7027,182644
188684,7084,182644
188685,7141,182644
188686,7198,182644
188687,7255,182644
188688,7312,182644
188689,7369,182644
188690,7426,182644
188691,7483,182644
188692,7540,182644
188693,7597,182644
188694,7654,182644
188695,7711,182644
188696,7768,182644
188697,7825,182644
188698,7882,182644
188699,7939,182644
188700,7996,182644
188701,8053,182644
188702,10194,182649
188703,10201,182649
188704,10208,182649
188705,10215,182649
188706,10222,182649
188707,10229,182649
188708,10236,182649
188709,10243,182649
188710,10250,182649
188711,10257,182649
188712,10264,182649
188713,10271,182649
188714,9526,182667
188715,9568,182677
188716,9600,182677
188717,9632,182677
188718,9664,182677
188719,9696,182677
188720,9728,182677
188721,9760,182677
188722,9792,182677
188723,9824,182677
188724,9856,182677
188725,9888,182677
188726,9478,182680
188727,10369,182685
188728,10376,182685
188729,10383,182685
188730,10390,182685
188731,10064,182697
188732,10112,182713
188733,10144,182713
188734,10412,182715
188735,10425,182721
188736,10432,182721
188737,10439,182721
188738,10446,182721
188739,10453,182721
188740,10460,182721
188741,10467,182721
188742,10474,182721
188743,10481,182721
188744,10536,182721
188745,10693,182721
188746,10850,182721
188747,11007,182721
188748,11164,182721
188749,11321,182721
188750,11478,182721
188751,200386,182721
188752,200544,182721
188753,221571,182714
188754,221718,182714
188755,201018,182685
188756,201176,182685
188757,201334,182685
188758,201492,182685
188759,201650,182685
188760,222600,182678
188761,222747,182678
188762,222894,182678
188763,223041,182678
188764,223188,182678
188765,223335,182678
188766,223482,182678
188767,223629,182678
188768,223776,182678
188769,223923,182678
188770,203388,182649
188771,203546,182649
188772,203704,182649
188773,203862,182649
188774,204020,182649
188775,204178,182649
188776,204336,182649
188777,204494,182649
188778,204652,182649
188779,204810,182649
188780,204968,182649
188781,205126,182649
188782,205284,182649
188783,205442,182649
188784,205600,182649
188785,205758,182649
188786,205916,182649
188787,206074,182649
188788,206232,182649
188789,206390,182649
188790,206548,182649
188791,206706,182649
188792,206864,182649
188793,207022,182649
188794,226340,182642
188795,226462,182642
188796,226584,182642
188797,226706,182642
188798,226828,182642
188799,226950,182642
188800,227072,182642
188801,227194,182642
188802,227316,182642
188803,227438,182642
188804,227560,182642
188805,227682,182642
188806,227804,182642
188807,227926,182642
188808,228048,182642
188809,23519,182639
188810,23558,182639
188811,23597,182639
188812,23636,182639
188813,23675,182639
188814,23714,182639
188815,23753,182639
188816,23792,182639
188817,23831,182639
188818,232842,182641
188819,232871,182641
188820,232900,182641
188821,232929,182641
188822,232958,182641
188823,232987,182641
188824,233016,182641
188825,233045,182641
188826,233074,182641
188827,233103,182641
188828,233132,182641
188829,233161,182641
188830,233190,182641
188831,233219,182641
188832,233248,182641
188833,233331,182641
188834,233478,182641
188835,233625,182641
188836,233772,182641
188837,233919,182641
188838,234066,182641
188839,234213,182641
188840,234360,182641
188841,234507,182641
188842,234654,182641
188843,234801,182641
188844,234948,182641
188845,235095,182641
188846,235242,182641
188847,235389,182641
188848,235536,182641
188849,236374,182641
188850,236428,182641
188851,236482,182641
188852,236536,182641
188853,236590,182641
188854,236644,182641
188855,236698,182641
188856,236752,182641
188857,236859,182641
188858,237006,182641
188859,237153,182641
188860,237300,182641
188861,237447,182641
188862,237594,182641
188863,237741,182641
188864,237888,182641
188865,238035,182641
188866,238182,182641
188867,238329,182641
188868,238476,182641
188869,238623,182641
188870,34110,182625
188871,34131,182625
188872,34152,182625
188873,34173,182625
188874,34194,182625
188875,34215,182625
188876,37544,182630
188877,37590,182630
188878,37636,182630
188879,37682,182630
188880,37728,182630
188881,37774,182630
188882,37820,182630
188883,37866,182630
188884,37912,182630
188885,37958,182630
188886,38004,182630
188887,38050,182630
188888,38096,182630
188889,38142,182630
188890,38188,182630
188891,38234,182630
188892,38280,182630
188893,38326,182630
188894,38372,182630
188895,38418,182630
188896,38464,182630
188897,38510,182630
188898,38564,182630
188899,38678,182630
188900,38792,182630
188901,38906,182630
188902,39020,182630
188903,39134,182630
188904,39248,182630
188905,39362,182630
188906,39476,182630
188907,39590,182630
188908,39704,182630
188909,39818,182630
188910,39932,182630
188911,40046,182630
188912,40160,182630
188913,40274,182630
188914,40388,182630
188915,40502,182630
188916,40616,182630
188917,40730,182630
188918,40844,182630
188919,40958,182630
188920,41072,182630
188921,41186,182630
188922,41300,182630
188923,41414,182630
188924,42484,182612
188925,249544,182626
188926,247736,182638
188927,247772,182638
188928,247808,182638
188929,247844,182638
188930,247880,182638
188931,247916,182638
188932,247952,182638
188933,248031,182638
188934,248178,182638
188935,248325,182638
188936,248472,182638
188937,248619,182638
188938,248766,182638
188939,47412,182628
188940,47440,182628
188941,47468,182628
188942,47496,182628
188943,47524,182628
188944,47552,182628
188945,47580,182628
188946,47608,182628
188947,47636,182628
188948,47664,182628
188949,47692,182628
188950,47720,182628
188951,47748,182628
188952,47776,182628
188953,47804,182628
188954,47832,182628
188955,47860,182628
188956,47888,182628
188957,47916,182628
188958,47944,182628
188959,47972,182628
188960,48000,182628
188961,48028,182628
188962,48056,182628
188963,48084,182628
188964,255624,182642
188965,255642,182642
188966,255660,182642
188967,255678,182642
188968,255696,182642
188969,255714,182642
188970,255732,182642
188971,255750,182642
188972,255768,182642
188973,255786,182642
188974,255804,182642
188975,255822,182642
188976,255840,182642
188977,255858,182642
188978,255453,182646
188979,23899,182660
188980,23956,182660
188981,24013,182660
188982,24070,182660
188983,24127,182660
188984,24184,182660
188985,256002,182678
188986,54852,182707
188987,54862,182707
188988,54932,182707
188989,55071,182707
188990,55193,182690
188991,55200,182671
188992,55296,182671
188993,55392,182671
188994,55766,182671
188995,55905,182671
188996,56044,182671
188997,56183,182671
188998,56322,182671
188999,56461,182671
189000,56600,182671
189001,56739,182671
189002,56878,182671
189003,57017,182671
189004,57156,182671
189005,57295,182671
189006,57434,182671
189007,57573,182671
189008,57712,182671
189009,57851,182671
189010,57990,182671
189011,58129,182671
189012,58268,182671
189013,58407,182671
189014,58546,182671
189015,58685,182671
189016,58824,182671
189017,58963,182671
189018,59102,182671
189019,59241,182671
189020,59380,182671
189021,59519,182671
189022,59658,182671
189023,59797,182671
189024,59936,182671
189025,60075,182671
189026,60214,182671
189027,60353,182671
189028,60492,182671
189029,60628,182668
189030,1826,182643
189031,1869,182643
189032,1912,182643
189033,1955,182643
189034,1998,182643
189035,2041,182643
189036,62660,182671
189037,62695,182671
189038,62730,182671
189039,62765,182671
189040,62800,182671
189041,62835,182671
189042,62870,182671
189043,62905,182671
189044,62940,182671
189045,62975,182671
189046,63010,182671
189047,63133,182671
189048,63272,182671
189049,63411,182671
189050,63550,182671
189051,63689,182671
189052,63828,182671
189053,63967,182671
189054,64106,182671
189055,64245,182671
189056,64384,182671
189057,64523,182671
189058,64662,182671
189059,64801,182671
189060,64937,182668
189061,6318,182643
189062,66772,182671
189063,66850,182671
189064,66928,182671
189065,67006,182671
189066,67084,182671
189067,67162,182671
189068,67240,182671
189069,67318,182671
189070,67396,182671
189071,67474,182671
189072,67552,182671
189073,67630,182671
189074,67708,182671
189075,67786,182671
189076,67864,182671
189077,67942,182671
189078,68020,182671
189079,68098,182671
189080,68176,182671
189081,68248,182665
189082,68666,182653
189083,68683,182653
189084,68700,182653
189085,68717,182653
189086,68734,182653
189087,68751,182653
189088,68832,182653
189089,68971,182653
189090,69110,182653
189091,69249,182653
189092,69388,182653
189093,69527,182653
189094,69666,182653
189095,69805,182653
189096,69944,182653
189097,70083,182653
189098,70222,182653
189099,70361,182653
189100,70500,182653
189101,70639,182653
189102,70778,182653
189103,70917,182653
189104,71056,182653
189105,71195,182653
189106,71321,182640
189107,69091,182617
189108,69108,182617
189109,69125,182617
189110,69142,182617
189111,74468,182626
189112,74528,182626
189113,74588,182626
189114,74648,182626
189115,74708,182626
189116,74768,182626
189117,74828,182626
189118,74888,182626
189119,74948,182626
189120,75008,182626
189121,75068,182626
189122,75128,182626
189123,75188,182626
189124,75248,182626
189125,75308,182626
189126,75368,182626
189127,75428,182626
189128,75488,182626
189129,75548,182626
189130,109052,182639
189131,109090,182639
189132,109128,182639
189133,109166,182639
189134,109204,182639
189135,109242,182639
189136,109280,182639
189137,109318,182639
189138,109356,182639
189139,109394,182639
189140,109432,182639
189141,109470,182639
189142,109518,182639
189143,109635,182639
189144,109752,182639
189145,109622,182639
189146,109660,182639
189147,109698,182639
189148,109736,182639
189149,109774,182639
189150,80611,182660
189151,110571,182675
189152,110688,182675
189153,110805,182675
189154,110922,182675
189155,111039,182675
189156,111156,182675
189157,111273,182675
189158,111390,182675
189159,111507,182675
189160,111624,182675
189161,111741,182675
189162,111858,182675
189163,111975,182675
189164,112092,182675
189165,112209,182675
189166,112326,182675
189167,112443,182675
189168,112560,182675
189169,83594,182682
189170,83632,182696
189171,83656,182696
189172,83680,182696
189173,83704,182696
189174,83728,182696
189175,83752,182696
189176,83776,182696
189177,83889,182696
189178,84010,182696
189179,84131,182696
189180,84252,182696
189181,84373,182696
189182,84494,182696
189183,84615,182696
189184,84736,182696
189185,84857,182696
189186,28126,182711
189187,28237,182711
189188,28348,182711
189189,28459,182711
189190,28570,182711
189191,28681,182711
189192,28792,182711
189193,28903,182711
189194,29014,182711
189195,29125,182711
189196,29236,182711
189197,29347,182711
189198,29458,182711
189199,29569,182711
189200,29680,182711
189201,29791,182711
189202,29902,182711
189203,30013,182711
189204,30124,182711
189205,30235,182711
189206,30346,182711
189207,30457,182711
189208,30568,182711
189209,89871,182739
189210,89974,182739
189211,90077,182739
189212,90180,182739
189213,90283,182739
189214,90386,182739
189215,90489,182739
189216,90592,182739
189217,90695,182739
189218,90798,182739
189219,90901,182739
189220,91004,182739
189221,91107,182739
189222,91210,182739
189223,91313,182739
189224,91416,182739
189225,91519,182739
189226,34370,182747
189227,34463,182747
189228,34556,182747
189229,34649,182747
189230,34742,182747
189231,34835,182747
189232,34928,182747
189233,35021,182747
189234,35114,182747
189235,35207,182747
189236,35300,182747
189237,35393,182747
189238,94427,182756
189239,94531,182775
189240,94616,182775
189241,94701,182775
189242,94786,182775
189243,94871,182775
189244,94956,182775
189245,95041,182775
189246,95126,182775
189247,95211,182775
189248,37820,182779
189249,37899,182783
189250,37974,182783
189251,38049,182783
189252,38124,182783
189253,38199,182783
189254,38274,182783
189255,38349,182783
189256,97240,182811
189257,97307,182811
189258,97374,182811
189259,97441,182811
189260,97508,182811
189261,97575,182811
189262,97642,182811
189263,40087,182819
189264,40144,182819
189265,40201,182819
189266,40258,182819
189267,40315,182819
189268,99092,182847
189269,99141,182847
189270,99190,182847
189271,99239,182847
189272,99288,182847
189273,41615,182855
189274,41654,182855
189275,41693,182855
189276,100388,182879
189277,100419,182879
189278,100450,182879
189279,100481,182879
189280,100512,182879
189281,100543,182879
189282,100574,182879
189283,101383,182893
189284,101396,182893
189285,101409,182893
189286,101422,182893
189287,101435,182893
189288,101448,182893
189289,101461,182893
189290,101474,182893
189291,101487,182893
189292,101500,182893
189293,101513,182893
189294,101526,182893
189295,101539,182893
189296,101552,182893
189297,101565,182893
189298,101578,182893
189299,101591,182893
189300,101604,182893
189301,101617,182893
189302,101630,182893
189303,101643,182893
189304,101656,182893
189305,101669,182893
189306,101682,182893
189307,101695,182893
189308,101708,182893
189309,101721,182893
189310,101734,182893
189311,101747,182893
189312,101760,182893
189313,101773,182893
189314,101786,182893
189315,101799,182893
189316,101812,182893
189317,101825,182893
189318,101838,182893
189319,101851,182893
189320,101864,182893
189321,101877,182893
189322,101890,182893
189323,101903,182893
189324,101916,182893
189325,101929,182893
189326,101942,182893
189327,102067,182893
189328,102224,182893
189329,102381,182893
189330,102538,182893
189331,102695,182893
189332,102852,182893
189333,103009,182893
189334,103166,182893
189335,103323,182893
189336,103480,182893
189337,103637,182893
189338,103794,182893
189339,103951,182893
189340,104108,182893
189341,104265,182893
189342,104422,182893
189343,104579,182893
189344,104736,182893
189345,104893,182893
189346,105050,182893
189347,105207,182893
189348,105364,182893
189349,105521,182893
189350,105678,182893
189351,105835,182893
189352,105992,182893
189353,106149,182893
189354,106306,182893
189355,106463,182893
189356,106620,182893
189357,106777,182893
189358,106934,182893
189359,107091,182893
189360,107248,182893
189361,107405,182893
189362,107562,182893
189363,107719,182893
189364,107876,182893
189365,108033,182893
189366,108190,182893
189367,108347,182888
189368,108504,182888
189369,108661,182888
189370,50126,182877
189371,50273,182877
189372,50420,182877
189373,50567,182864
189374,50714,182864
189375,50861,182864
189376,51008,182842
189377,51155,182842
189378,51302,182842
189379,51449,182842
189380,50628,182828
189381,50757,182828
189382,50886,182828
189383,51015,182828
189384,51144,182806
189385,51273,182806
189386,51402,182806
189387,51531,182806
189388,51660,182806
189389,51780,182797
189390,50770,182792
189391,50881,182792
189392,50992,182792
189393,51103,182792
189394,51214,182792
189395,51325,182792
189396,51436,182770
189397,51547,182770
189398,51658,182770
189399,51769,182770
189400,51880,182770
189401,51991,182770
189402,52102,182770
189403,52200,182757
189404,50924,182756
189405,51017,182756
189406,51110,182756
189407,51203,182756
189408,51296,182756
189409,51389,182756
189410,51482,182756
189411,51575,182756
189412,51668,182756
189413,51761,182734
189414,51854,182734
189415,51947,182734
189416,52040,182734
189417,52133,182734
189418,52226,182734
189419,52319,182734
189420,52412,182734
189421,52505,182734
189422,52598,182734
189423,52691,182734
189424,52784,182734
189425,51099,182720
189426,51174,182720
189427,51249,182720
189428,51324,182720
189429,51399,182720
189430,51474,182720
189431,51549,182720
189432,51624,182720
189433,51699,182720
189434,51774,182720
189435,51849,182720
189436,51924,182720
189437,51999,182720
189438,52074,182720
189439,52149,182720
189440,52224,182720
189441,52298,182719
189442,52374,182698
189443,52449,182698
189444,52524,182698
189445,52599,182698
189446,52674,182698
189447,52749,182698
189448,52824,182698
189449,52899,182698
189450,52974,182698
189451,53049,182698
189452,53124,182698
189453,53199,182698
189454,53274,182698
189455,53349,182698
189456,53424,182698
189457,53499,182698
189458,53574,182698
189459,53649,182698
189460,53724,182698
189461,53799,182698
189462,53874,182698
189463,53949,182698
189464,54024,182698
189465,51601,182684
189466,51658,182684
189467,51715,182684
189468,51772,182684
189469,51829,182684
189470,51886,182684
189471,52002,182684
189472,52160,182684
189473,52318,182684
189474,52476,182684
189475,52634,182684
189476,52792,182684
189477,52950,182684
189478,83594,182671
189479,83665,182671
189480,83736,182671
189481,83807,182671
189482,83878,182671
189483,83949,182671
189484,84020,182671
189485,84091,182671
189486,84162,182671
189487,84233,182671
189488,84304,182671
189489,84375,182671
189490,84446,182671
189491,84517,182671
189492,84588,182671
189493,84659,182671
189494,84730,182671
189495,84801,182671
189496,84872,182671
189497,84943,182671
189498,85014,182671
189499,56644,182662
189500,170452,182644
189501,170511,182644
189502,170596,182644
189503,170738,182644
189504,170880,182644
189505,171022,182644
189506,171164,182644
189507,171306,182644
189508,171448,182644
189509,171590,182644
189510,171732,182644
189511,171874,182644
189512,172016,182644
189513,172158,182644
189514,172300,182644
189515,172442,182644
189516,172584,182611
189517,172726,182611
189518,172868,182611
189519,173010,182611
189520,173152,182611
189521,173294,182611
189522,173436,182611
189523,173578,182611
189524,173720,182611
189525,173862,182611
189526,174004,182611
189527,174146,182611
189528,174288,182611
189529,174430,182611
189530,136574,182629
189531,136601,182629
189532,136628,182629
189533,136655,182629
189534,136682,182629
189535,136709,182629
189536,136736,182629
189537,136763,182629
189538,136790,182629
189539,136817,182629
189540,136844,182629
189541,136871,182629
189542,136898,182629
189543,136925,182629
189544,136544,182637
189545,136636,182637
189546,136728,182637
189547,136820,182637
189548,137060,182665
189549,137087,182665
189550,137114,182665
189551,137235,182665
189552,137392,182664
189553,137549,182664
189554,137706,182664
189555,137863,182664
189556,138020,182664
189557,138177,182664
189558,138334,182664
189559,138491,182664
189560,138642,182658
189561,81732,182644
189562,81832,182644
189563,81932,182644
189564,82032,182644
189565,82132,182644
189566,82232,182644
189567,82332,182644
189568,82432,182644
189569,82532,182644
189570,81350,182644
189571,81385,182644
189572,81420,182644
189573,81455,182644
189574,81490,182644
189575,81525,182644
189576,81560,182644
189577,81595,182644
189578,81630,182644
189579,81665,182644
189580,81700,182644
189581,81735,182644
189582,81770,182644
189583,81805,182644
189584,81840,182644
189585,81875,182644
189586,81910,182644
189587,82025,182644
189588,82172,182644
189589,82319,182644
189590,82466,182644
189591,82613,182644
189592,82760,182644
189593,82907,182644
189594,83054,182644
189595,82225,182644
189596,82260,182644
189597,82295,182644
189598,82330,182644
189599,82365,182644
189600,82400,182644
189601,82435,182644
189602,82470,182644
189603,82505,182644
189604,82540,182644
189605,82575,182644
189606,82610,182644
189607,82645,182644
189608,82680,182644
189609,82715,182644
189610,82750,182644
189611,82785,182644
189612,81688,182644
189613,81770,182644
189614,81852,182644
189615,81934,182644
189616,82016,182644
189617,82098,182644
189618,82180,182644
189619,82262,182644
189620,82344,182644
189621,82426,182644
189622,82508,182644
189623,82590,182644
189624,82672,182644
189625,82754,182644
189626,82836,182644
189627,83345,182680
189628,83380,182680
189629,83415,182680
189630,83450,182680
189631,83485,182680
189632,83520,182680
189633,83555,182680
189634,83590,182680
189635,83625,182680
189636,83660,182680
189637,83781,182680
189638,83910,182680
189639,84039,182680
189640,84168,182680
189641,84297,182680
189642,84426,182662
189643,84555,182662
189644,84684,182662
189645,84813,182662
189646,84942,182662
189647,85071,182662
189648,85200,182662
189649,85329,182662
189650,85458,182662
189651,85587,182662
189652,85716,182662
189653,85845,182662
189654,85974,182662
189655,86103,182662
189656,86232,182662
189657,86361,182662
189658,86490,182662
189659,86619,182662
189660,86748,182662
189661,86877,182662
189662,87006,182662
189663,87135,182662
189664,87264,182662
189665,87393,182662
189666,87522,182662
189667,87651,182662
189668,87780,182662
189669,87909,182662
189670,84850,182644
189671,91091,182642
189672,88296,182635
189673,88425,182635
189674,88554,182635
189675,88683,182635
189676,85060,182626
189677,85095,182626
189678,85130,182626
189679,85165,182626
189680,85200,182626
189681,85235,182626
189682,85340,182626
189683,85498,182626
189684,85656,182626
189685,85814,182626
189686,85972,182626
189687,86130,182626
189688,86288,182626
189689,86446,182626
189690,86604,182626
189691,86762,182626
189692,86920,182626
189693,87078,182626
189694,87236,182626
189695,87394,182626
189696,87552,182626
189697,87710,182626
189698,87868,182626
189699,175483,182608
189700,175524,182608
189701,175565,182608
189702,175606,182608
189703,175647,182608
189704,175688,182608
189705,175729,182608
189706,175770,182608
189707,175811,182608
189708,175852,182608
189709,175893,182608
189710,175974,182608
189711,176091,182608
189712,176208,182608
189713,176325,182608
189714,176442,182608
189715,176559,182608
189716,176676,182608
189717,176793,182608
189718,176910,182608
189719,177027,182608
189720,170056,182611
189721,169279,182611
189722,169302,182611
189723,169325,182611
189724,169348,182611
189725,169371,182611
189726,169394,182611
189727,169417,182611
189728,169440,182611
189729,169463,182611
189730,169486,182611
189731,169509,182611
189732,169532,182611
189733,169555,182611
189734,169578,182611
189735,169601,182611
189736,169624,182611
189737,169647,182611
189738,169212,182619
189739,106962,182631
189740,99632,182631
189741,99732,182631
189742,169762,182647
189743,169856,182647
189744,169984,182647
189745,170112,182647
189746,170240,182647
189747,170368,182647
189748,170496,182647
189749,170624,182647
189750,170752,182647
189751,170880,182647
189752,171008,182647
189753,171136,182647
189754,171264,182647
189755,171392,182647
189756,171520,182647
189757,171648,182647
189758,171776,182647
189759,171904,182647
189760,172032,182647
189761,172160,182647
189762,172288,182647
189763,172416,182647
189764,109912,182640
189765,110030,182640
189766,110148,182640
189767,110266,182640
189768,110384,182640
189769,110502,182640
189770,106020,182631
189771,106062,182631
189772,106104,182631
189773,106146,182631
189774,106188,182631
189775,106230,182631
189776,106272,182631
189777,106314,182631
189778,106356,182631
189779,106398,182631
189780,106440,182631
189781,106482,182631
189782,106524,182631
189783,106566,182631
189784,106608,182631
189785,106650,182631
189786,106692,182631
189787,106734,182631
189788,106776,182631
189789,106818,182631
189790,106860,182631
189791,106902,182631
189792,106944,182631
189793,116415,182658
189794,116446,182658
189795,116477,182658
189796,116508,182658
189797,116539,182658
189798,116570,182658
189799,116601,182658
189800,116632,182658
189801,116663,182658
189802,116694,182658
189803,116725,182658
189804,116756,182658
189805,116787,182658
189806,107532,182667
189807,107574,182667
189808,107616,182667
189809,107658,182667
189810,107700,182667
189811,107742,182667
189812,117004,182694
189813,117035,182694
189814,117066,182694
189815,117097,182694
189816,117488,182697
189817,117490,182697
189818,117492,182697
189819,117494,182697
189820,117496,182697
189821,117498,182697
189822,117500,182697
189823,117502,182697
189824,117504,182697
189825,117506,182697
189826,117508,182697
189827,117510,182697
189828,117512,182697
189829,117599,182697
189830,117746,182697
189831,117893,182697
189832,118040,182697
189833,118187,182697
189834,118334,182697
189835,118481,182697
189836,118628,182697
189837,118775,182697
189838,118922,182697
189839,119069,182697
189840,119216,182697
189841,119363,182697
189842,182912,182683
189843,110778,182676
189844,110936,182676
189845,111094,182676
189846,111252,182676
189847,120245,182674
189848,120392,182674
189849,120539,182674
189850,120686,182674
189851,120833,182674
189852,120980,182674
189853,121127,182674
189854,121274,182674
189855,112674,182640
189856,112832,182640
189857,112990,182640
189858,113148,182640
189859,113306,182640
189860,113464,182640
189861,113622,182640
189862,113780,182640
189863,113938,182640
189864,114096,182640
189865,114254,182640
189866,114412,182640
189867,114570,182640
189868,114728,182640
189869,114886,182640
189870,115044,182640
189871,115202,182640
189872,122656,182638
189873,122774,182638
189874,122892,182638
189875,124361,182638
189876,124508,182638
189877,124655,182638
189878,124802,182638
189879,124949,182638
189880,125096,182638
189881,125243,182638
189882,125381,182629
189883,179337,182608
189884,179476,182608
189885,179615,182608
189886,179754,182608
189887,179893,182608
189888,180032,182608
189889,180171,182608
189890,127784,182627
189891,127804,182627
189892,127824,182627
189893,127844,182627
189894,127864,182627
189895,127884,182627
189896,127904,182627
189897,123617,182638
189898,123706,182638
189899,123795,182638
189900,123884,182638
189901,123973,182638
189902,124062,182638
189903,124151,182638
189904,124240,182638
189905,124329,182638
189906,124418,182638
189907,124507,182638
189908,124596,182638
189909,124685,182638
189910,130550,182663
189911,130599,182663
189912,130648,182663
189913,130697,182663
189914,130746,182663
189915,130795,182663
189916,130844,182663
189917,130893,182663
189918,130942,182663
189919,130991,182663
189920,131040,182663
189921,131123,182663
189922,131270,182663
189923,131417,182663
189924,131564,182663
189925,131711,182663
189926,131858,182663
189927,132005,182663
189928,132152,182663
189929,126465,182638
189930,126554,182638
189931,126643,182638
189932,126732,182638
189933,126821,182638
189934,126910,182638
189935,126999,182638
189936,131824,182627
189937,131873,182627
189938,131922,182627
189939,131971,182627
189940,132020,182627
189941,132069,182627
189942,132118,182627
189943,132167,182627
189944,132216,182627
189945,132265,182627
189946,132314,182627
189947,132363,182627
189948,132412,182627
189949,132461,182627
189950,140212,182636
189951,140250,182636
189952,140288,182636
189953,140326,182636
189954,140364,182636
189955,201273,182639
189956,201292,182639
189957,201311,182639
189958,201330,182639
189959,201349,182639
189960,201448,182639
189961,201605,182639
189962,201762,182639
189963,137297,182636
189964,137444,182636
189965,137591,182636
189966,137738,182636
189967,137885,182636
189968,138032,182636
189969,138179,182636
189970,138326,182636
189971,138473,182636
189972,138620,182636
189973,138767,182636
189974,138914,182636
189975,139061,182636
189976,139208,182636
189977,139355,182636
189978,139502,182636
189979,139649,182636
189980,139796,182636
189981,139943,182636
189982,140090,182636
189983,140237,182636
189984,140384,182636
189985,134225,182627
189986,134274,182627
189987,134323,182627
189988,134372,182627
189989,134421,182627
189990,134470,182627
189991,134519,182627
189992,141808,182636
189993,141846,182636
189994,141884,182636
189995,142001,182636
189996,142148,182636
189997,142295,182636
189998,142442,182636
189999,142589,182636
190000,142736,182636
190001,142883,182636
190002,143030,182636
190003,143177,182636
190004,143324,182636
190005,143471,182626
190006,143618,182626
190007,143765,182626
190008,143912,182626
190009,144059,182626
190010,144206,182626
190011,144353,182626
190012,144500,182626
190013,144647,182626
190014,144794,182626
190015,144941,182626
190016,145088,182626
190017,145235,182626
190018,145382,182626
190019,145529,182626
190020,145676,182626
190021,145823,182626
190022,145970,182626
190023,146117,182626
190024,146264,182626
190025,146411,182626
190026,146558,182626
190027,146705,182626
190028,146850,182624
190029,212280,182616
190030,212428,182607
190031,140482,182600
190032,140640,182600
190033,140798,182600
190034,140956,182600
190035,141114,182600
190036,141272,182600
190037,141430,182600
190038,141588,182600
190039,141746,182600
190040,141904,182600
190041,142062,182600
190042,142220,182600
190043,142378,182600
190044,142536,182600
190045,142694,182600
190046,150506,182599
190047,150533,182599
190048,150560,182599
190049,150587,182599
190050,150614,182599
190051,150641,182599
190052,150668,182599
190053,150695,182599
190054,150722,182599
190055,150821,182599
190056,150968,182599
190057,151115,182599
190058,151262,182599
190059,151409,182599
190060,151556,182599
190061,151703,182599
190062,151850,182599
190063,151653,182599
190064,151376,182599
190065,151019,182599
190066,151046,182599
190067,151073,182599
190068,151100,182599
190069,151127,182599
190070,151154,182599
190071,151181,182599
190072,151208,182599
190073,151235,182599
190074,225679,182610
190075,160084,182620
190076,160224,182624
190077,160360,182624
190078,160496,182624
190079,159648,182624
190080,159744,182624
190081,159840,182624
190082,159936,182624
190083,158888,182624
190084,158944,182624
190085,159000,182624
190086,159056,182624
190087,159112,182624
190088,159168,182624
190089,159224,182624
190090,159280,182624
190091,159336,182624
190092,159392,182624
190093,159448,182624
190094,159504,182624
190095,159560,182624
190096,159616,182624
190097,159672,182624
190098,159728,182624
190099,159784,182624
190100,159840,182624
190101,159896,182624
190102,159952,182624
190103,164083,182630
190104,164088,182630
190105,164168,182630
190106,164304,182630
190107,164440,182630
190108,164576,182630
190109,164712,182630
190110,164848,182630
190111,164984,182630
190112,165120,182630
190113,165256,182630
190114,165392,182630
190115,165528,182630
190116,165664,182630
190117,160792,182624
190118,160848,182624
190119,160904,182624
190120,160960,182624
190121,166837,182630
190122,164178,182630
190123,164183,182630
190124,164188,182630
190125,164193,182630
190126,164198,182630
190127,164256,182630
190128,164352,182630
190129,164448,182630
190130,164544,182630
190131,164640,182630
190132,164736,182630
190133,164832,182630
190134,164928,182630
190135,165024,182630
190136,165120,182630
190137,165216,182630
190138,165312,182630
190139,165408,182630
190140,165504,182630
190141,165600,182630
190142,165696,182630
190143,165792,182630
190144,165888,182630
190145,165984,182630
190146,166080,182630
190147,166176,182630
190148,166272,182630
190149,166368,182630
190150,166464,182630
190151,166560,182630
190152,166656,182630
190153,166752,182630
190154,166848,182630
190155,166944,182630
190156,167040,182630
190157,167136,182630
190158,167228,182626
190159,163144,182624
190160,163200,182624
190161,163256,182624
190162,163312,182624
190163,163368,182624
190164,163424,182624
190165,179491,182632
190166,179514,182632
190167,179537,182632
190168,179560,182632
190169,179583,182632
190170,179606,182632
190171,179629,182632
190172,179652,182632
190173,174426,182659
190174,174460,182659
190175,174494,182659
190176,174528,182659
190177,174562,182659
190178,174596,182659
190179,174630,182659
190180,174664,182659
190181,174698,182659
190182,174732,182659
190183,174776,182659
190184,174912,182659
190185,175048,182659
190186,175184,182659
190187,175320,182659
190188,175456,182659
190189,175592,182659
190190,175728,182659
190191,175864,182659
190192,176000,182659
190193,176136,182659
190194,176272,182659
190195,176388,182639
190196,181540,182632
190197,181665,182632
190198,181790,182632
190199,181915,182632
190200,182040,182632
190201,182165,182632
190202,182290,182632
190203,182415,182632
190204,182540,182632
190205,182665,182632
190206,182790,182632
190207,182915,182632
190208,183040,182632
190209,183165,182632
190210,183290,182632
190211,183412,182629
190212,178720,182623
190213,178856,182608
190214,178992,182608
190215,180641,182632
190216,180664,182632
190217,180687,182632
190218,180710,182632
190219,180733,182632
190220,180756,182632
190221,180779,182632
190222,180802,182632
190223,180825,182632
190224,180848,182632
190225,180871,182632
190226,180894,182632
190227,180917,182632
190228,180940,182632
190229,181032,182632
190230,181168,182632
190231,181304,182632
190232,181440,182632
190233,181576,182632
190234,181712,182632
190235,181848,182632
190236,181984,182632
190237,183898,182660
190238,183980,182668
190239,184054,182668
190240,184128,182668
190241,184202,182668
190242,184276,182668
190243,184350,182668
190244,184424,182668
190245,184498,182668
190246,184572,182668
190247,184646,182668
190248,184720,182668
190249,184794,182668
190250,184868,182668
190251,185860,182681
190252,185872,182681
190253,185884,182681
190254,185896,182681
190255,185908,182681
190256,185920,182681
190257,185932,182681
190258,185944,182681
190259,185956,182681
190260,185968,182681
190261,185980,182681
190262,185992,182681
190263,186004,182681
190264,186016,182681
190265,186028,182681
190266,186064,182681
190267,186200,182681
190268,186336,182681
190269,186472,182681
190270,186608,182681
190271,186744,182681
190272,186880,182681
190273,187016,182681
190274,187152,182681
190275,187288,182681
190276,187424,182681
190277,187560,182681
190278,187696,182681
190279,187832,182681
190280,187968,182681
190281,188104,182681
190282,188240,182681
190283,188376,182681
190284,188512,182657
190285,188648,182657
190286,188784,182657
190287,188920,182657
190288,189056,182657
190289,189192,182657
190290,189328,182657
190291,187902,182645
190292,187976,182645
190293,188050,182645
190294,188124,182645
190295,188198,182645
190296,188272,182645
190297,188346,182645
190298,188420,182645
190299,188494,182645
190300,188568,182645
190301,188642,182645
190302,188716,182645
190303,188790,182645
190304,188864,182645
190305,12454,182624
190306,189012,182621
190307,192861,182623
190308,200452,182624
190309,200493,182624
190310,200534,182624
190311,200575,182624
190312,200616,182624
190313,200657,182624
190314,200698,182624
190315,200739,182624
190316,200780,182624
190317,200821,182624
190318,200862,182624
190319,200903,182624
190320,200944,182624
190321,200985,182624
190322,201026,182624
190323,201067,182624
190324,201128,182624
190325,201242,182624
190326,201356,182624
190327,201470,182624
190328,201584,182624
190329,201698,182624
190330,201812,182624
190331,201926,182624
190332,202040,182624
190333,202154,182624
190334,202268,182624
190335,202382,182624
190336,202496,182624
190337,202610,182624
190338,202724,182624
190339,202838,182624
190340,202952,182624
190341,203066,182624
190342,203180,182624
190343,203294,182624
190344,203408,182624
190345,203522,182624
190346,203636,182624
190347,203750,182624
190348,203864,182624
190349,203978,182624
190350,204092,182624
190351,204206,182624
190352,204320,182624
190353,204434,182624
190354,204548,182624
190355,204662,182624
190356,204776,182624
190357,204890,182624
190358,205004,182624
190359,205118,182624
190360,205232,182624
190361,205346,182624
190362,205460,182624
190363,208716,182627
190364,208836,182644
190365,208939,182644
190366,202817,182647
190367,206030,182644
190368,206142,182642
190369,209139,182628
190370,209158,182628
190371,209177,182628
190372,209196,182628
190373,209215,182628
190374,209234,182628
190375,209253,182628
190376,209272,182628
190377,209291,182628
190378,209310,182628
190379,209329,182628
190380,209348,182628
190381,209367,182628
190382,209386,182628
190383,209405,182628
190384,209424,182628
190385,209443,182628
190386,209462,182628
190387,209481,182628
190388,209500,182628
190389,209519,182628
190390,209538,182628
190391,209557,182628
190392,209576,182628
190393,206766,182644
190394,206796,182644
190395,206826,182644
190396,206856,182644
190397,206886,182644
190398,206916,182644
190399,206946,182644
190400,207040,182644
190401,207165,182644
190402,207290,182644
190403,207415,182644
190404,207540,182644
190405,207665,182644
190406,207790,182644
190407,207915,182644
190408,208040,182644
190409,208165,182644
190410,208290,182644
190411,208415,182644
190412,208540,182644
190413,208665,182644
190414,208790,182644
190415,210013,182664
190416,210032,182664
190417,210051,182664
190418,210070,182664
190419,210089,182664
190420,210108,182664
190421,210127,182664
190422,210146,182664
190423,210165,182664
190424,210184,182664
190425,210203,182664
190426,210290,182664
190427,210415,182664
190428,210540,182664
190429,210665,182664
190430,210790,182664
190431,210915,182664
190432,211040,182664
190433,211165,182664
190434,211290,182664
190435,211415,182664
190436,211540,182664
190437,211665,182664
190438,211790,182664
190439,211915,182664
190440,212040,182664
190441,20066,182637
190442,20084,182637
190443,20102,182637
190444,20120,182637
190445,20138,182637
190446,20156,182637
190447,20233,182637
190448,20368,182637
190449,20503,182637
190450,20638,182637
190451,20773,182637
190452,20908,182637
190453,21043,182637
190454,21178,182637
190455,21313,182637
190456,21448,182637
190457,21583,182637
190458,21718,182637
190459,23956,182645
190460,24080,182645
190461,24204,182645
190462,24328,182645
190463,22521,182645
190464,22528,182645
190465,22663,182645
190466,22798,182645
190467,22933,182645
190468,23068,182645
190469,23184,182626
190470,217772,182617
190471,217886,182617
190472,218000,182617
190473,218114,182617
190474,218228,182617
190475,218342,182617
190476,218456,182617
190477,218570,182617
190478,218684,182617
190479,218798,182617
190480,218912,182617
190481,219026,182617
190482,41608,182626
190483,41644,182626
190484,41680,182626
190485,41716,182626
190486,41752,182626
190487,41788,182626
190488,41824,182626
190489,41860,182626
190490,41896,182626
190491,41932,182626
190492,41968,182626
190493,42004,182626
190494,42040,182626
190495,42076,182626
190496,42112,182626
190497,42148,182626
190498,42184,182626
190499,42220,182626
190500,42256,182626
190501,42292,182626
190502,42328,182626
190503,42364,182626
190504,42400,182626
190505,42436,182626
190506,42472,182626
190507,42508,182626
190508,233052,182653
190509,257485,182655
190510,257518,182655
190511,257551,182655
190512,257584,182655
190513,257617,182655
190514,257650,182655
190515,257683,182655
190516,257716,182655
190517,257749,182655
190518,257782,182655
190519,257815,182655
190520,257848,182655
190521,236375,182660
190522,236390,182660
190523,236405,182660
190524,236420,182660
190525,236435,182660
190526,236450,182660
190527,236465,182660
190528,236480,182660
190529,236495,182660
190530,236510,182660
190531,236525,182660
190532,236540,182660
190533,236555,182660
190534,236570,182660
190535,236585,182660
190536,236600,182660
190537,235370,182680
190538,235396,182680
190539,235422,182680
190540,235448,182680
190541,235474,182680
190542,235500,182680
190543,235526,182680
190544,235552,182680
190545,235578,182680
190546,235604,182680
190547,235630,182680
190548,235656,182680
190549,235682,182680
190550,235708,182680
190551,235734,182680
190552,235760,182680
190553,235786,182680
190554,235812,182680
190555,234788,182686
190556,236900,182696
190557,236915,182696
190558,236930,182696
190559,236945,182696
190560,236960,182696
190561,236975,182696
190562,236990,182696
190563,237005,182696
190564,237020,182696
190565,237035,182696
190566,237050,182696
190567,237065,182696
190568,237080,182696
190569,236202,182716
190570,236228,182716
190571,236254,182716
190572,236280,182716
190573,236306,182716
190574,236332,182716
190575,236358,182716
190576,236384,182716
190577,236410,182716
190578,236436,182716
190579,237245,182732
190580,237260,182732
190581,237275,182732
190582,237290,182732
190583,237305,182732
190584,237320,182732
190585,237335,182732
190586,237350,182732
190587,236670,182752
190588,236696,182752
190589,236722,182752
190590,236748,182752
190591,236774,182752
190592,236800,182752
190593,237455,182768
190594,237470,182768
190595,237485,182768
190596,237500,182768
190597,237515,182768
190598,236956,182788
190599,236982,182788
190600,237008,182788
190601,237034,182788
190602,237060,182788
190603,237605,182804
190604,237620,182804
190605,237635,182804
190606,47044,182811
190607,47058,182811
190608,47072,182811
190609,47086,182811
190610,47542,182815
190611,47545,182815
190612,47548,182815
190613,47551,182815
190614,47554,182815
190615,47557,182815
190616,47560,182815
190617,47563,182815
190618,47566,182815
190619,47569,182815
190620,47572,182815
190621,47575,182815
190622,47578,182815
190623,47581,182815
190624,47584,182815
190625,47587,182815
190626,47590,182815
190627,47593,182815
190628,47596,182815
190629,47599,182815
190630,47602,182815
190631,47605,182815
190632,47608,182815
190633,47611,182815
190634,47614,182815
190635,47617,182815
190636,47620,182815
190637,47623,182815
190638,47626,182815
190639,47629,182815
190640,47632,182815
190641,47635,182815
190642,47638,182815
190643,47641,182815
190644,47644,182815
190645,47647,182815
190646,47650,182815
190647,47653,182815
190648,47656,182815
190649,47659,182815
190650,47662,182815
190651,47791,182815
190652,47948,182815
190653,48105,182815
190654,48262,182815
190655,48419,182815
190656,48576,182815
190657,48733,182815
190658,48890,182815
190659,49047,182815
190660,49204,182815
190661,49361,182815
190662,49518,182815
190663,49675,182815
190664,49832,182815
190665,49989,182815
190666,50146,182815
190667,50303,182815
190668,50460,182815
190669,50617,182815
190670,50774,182815
190671,50931,182815
190672,51088,182815
190673,51245,182815
190674,51402,182815
190675,51559,182815
190676,51716,182815
190677,51873,182815
190678,52030,182815
190679,52187,182815
190680,52344,182815
190681,52501,182815
190682,52658,182815
190683,52815,182815
190684,52972,182815
190685,53129,182815
190686,53286,182815
190687,53443,182815
190688,53600,182815
190689,53757,182815
190690,53914,182815
190691,54071,182811
190692,54228,182811
190693,54385,182811
190694,54542,182811
190695,54699,182811
190696,54856,182811
190697,55013,182811
190698,245868,182793
190699,246026,182793
190700,246184,182793
190701,246342,182793
190702,55798,182785
190703,55955,182785
190704,56112,182785
190705,56269,182785
190706,56426,182785
190707,56556,182758
190708,247448,182757
190709,247606,182757
190710,247764,182757
190711,247922,182757
190712,248080,182757
190713,248238,182757
190714,57682,182749
190715,57839,182749
190716,57996,182749
190717,58153,182749
190718,58310,182749
190719,58467,182749
190720,58624,182749
190721,58781,182749
190722,249660,182721
190723,249818,182721
190724,249976,182721
190725,250134,182721
190726,250292,182721
190727,250450,182721
190728,250608,182721
190729,250766,182721
190730,250924,182721
190731,251082,182721
190732,60508,182713
190733,60665,182713
190734,60822,182713
190735,60979,182713
190736,61136,182713
190737,61293,182713
190738,61450,182713
190739,61607,182713
190740,61764,182713
190741,61921,182713
190742,62078,182713
190743,62235,182713
190744,62392,182713
190745,62549,182713
190746,253452,182685
190747,253610,182685
190748,253768,182685
190749,253926,182685
190750,254084,182685
190751,254242,182685
190752,254400,182685
190753,254558,182685
190754,254716,182685
190755,254874,182685
190756,255032,182685
190757,255190,182685
190758,255348,182685
190759,255506,182685
190760,255664,182685
190761,255822,182685
190762,255980,182685
190763,256138,182685
190764,256296,182685
190765,65689,182677
190766,65846,182677
190767,66003,182677
190768,66160,182677
190769,66317,182677
190770,66474,182677
190771,66631,182677
190772,66788,182677
190773,66945,182677
190774,67102,182677
190775,67259,182677
190776,67416,182664
190777,67573,182664
190778,67730,182664
190779,67887,182664
190780,68044,182664
190781,68201,182664
190782,68358,182664
190783,68515,182664
190784,68672,182664
190785,68829,182664
190786,68986,182664
190787,69143,182664
190788,69300,182664
190789,69457,182664
190790,69614,182664
190791,69771,182664
190792,69928,182664
190793,70085,182664
190794,68660,182628
190795,68806,182628
190796,68952,182628
190797,69098,182628
190798,69244,182628
190799,69390,182628
190800,69536,182628
190801,69682,182628
190802,69828,182628
190803,69974,182628
190804,70120,182628
190805,70266,182628
190806,70412,182628
190807,70558,182628
190808,70704,182628
190809,70850,182628
190810,70996,182628
190811,71142,182628
190812,71288,182628
190813,74913,182626
190814,74934,182626
190815,74955,182626
190816,74976,182626
190817,74997,182626
190818,75018,182626
190819,75039,182626
190820,75060,182626
190821,75081,182626
190822,75102,182626
190823,75123,182626
190824,75144,182626
190825,75165,182626
190826,75266,182626
190827,75423,182626
190828,75580,182626
190829,75737,182626
190830,77248,182623
190831,77280,182623
190832,77312,182623
190833,77344,182623
190834,77376,182623
190835,77408,182623
190836,77440,182623
190837,77472,182623
190838,77504,182623
190839,77536,182623
190840,77568,182623
190841,79699,182659
190842,79742,182659
190843,79785,182659
190844,79828,182659
190845,79871,182659
190846,79914,182659
190847,79957,182659
190848,80000,182659
190849,80043,182659
190850,80086,182659
190851,80129,182659
190852,80172,182659
190853,80215,182659
190854,80258,182659
190855,80301,182659
190856,80344,182659
190857,80387,182659
190858,80430,182659
190859,80473,182659
190860,80604,182659
190861,80761,182659
190862,80918,182659
190863,81075,182659
190864,81232,182659
190865,81389,182659
190866,81546,182659
190867,81703,182659
190868,81860,182659
190869,82017,182659
190870,82174,182659
190871,82328,182656
190872,12200,182643
190873,12255,182643
190874,12310,182643
190875,12365,182643
190876,12420,182643
190877,12475,182643
190878,12530,182643
190879,12585,182643
190880,12640,182643
190881,12695,182643
190882,12796,182643
190883,12954,182643
190884,13112,182643
190885,13270,182643
190886,15564,182645
190887,15630,182645
190888,15696,182645
190889,15762,182645
190890,15828,182645
190891,15894,182645
190892,15960,182645
190893,16026,182645
190894,16092,182645
190895,16158,182645
190896,16224,182645
190897,16290,182645
190898,16356,182645
190899,16422,182645
190900,16488,182645
190901,87797,182673
190902,87862,182673
190903,87927,182673
190904,87992,182673
190905,88057,182673
190906,88122,182673
190907,88187,182673
190908,88252,182673
190909,88317,182673
190910,88454,182673
190911,88611,182673
190912,88768,182673
190913,88925,182673
190914,89057,182648
190915,18010,182645
190916,18168,182645
190917,18326,182645
190918,20622,182645
190919,20699,182645
190920,20776,182645
190921,20853,182645
190922,20930,182645
190923,21007,182645
190924,21084,182645
190925,21161,182645
190926,21238,182645
190927,21315,182645
190928,21392,182645
190929,21469,182645
190930,21546,182645
190931,21623,182645
190932,21700,182645
190933,21777,182645
190934,21841,182632
190935,92379,182628
190936,92536,182628
190937,92693,182628
190938,93368,182628
190939,93444,182628
190940,93520,182628
190941,93596,182628
190942,93672,182628
190943,93748,182628
190944,93824,182628
190945,93949,182628
190946,94106,182628
190947,26120,182632
190948,26208,182632
190949,26296,182632
190950,26384,182632
190951,26472,182632
190952,26560,182632
190953,26648,182632
190954,26736,182632
190955,26824,182632
190956,26912,182632
190957,27000,182632
190958,27088,182632
190959,27176,182632
190960,27264,182632
190961,27352,182632
190962,27440,182632
190963,43216,182633
190964,43288,182643
190965,43350,182643
190966,43412,182643
190967,43474,182643
190968,43536,182643
190969,43598,182643
190970,43660,182643
190971,29606,182651
190972,29624,182651
190973,29642,182651
190974,29660,182651
190975,29678,182651
190976,29696,182651
190977,29714,182651
190978,29732,182651
190979,29750,182651
190980,29768,182651
190981,29786,182651
190982,29804,182651
190983,29822,182651
190984,29840,182651
190985,29858,182651
190986,29876,182651
190987,29894,182651
190988,29912,182651
190989,29930,182651
190990,29948,182651
190991,30018,182651
190992,30176,182651
190993,30334,182651
190994,30492,182651
190995,30650,182651
190996,30808,182651
190997,30966,182651
190998,31124,182651
190999,31282,182651
191000,31440,182651
191001,31598,182651
191002,31756,182651
191003,31914,182651
191004,32072,182651
191005,32230,182651
191006,32388,182651
191007,106462,182651
191008,106560,182651
191009,106658,182651
191010,106756,182651
191011,106854,182651
191012,106952,182651
191013,107050,182651
191014,107148,182651
191015,107246,182651
191016,107344,182651
191017,107442,182651
191018,107540,182651
191019,107638,182651
191020,107736,182651
191021,107822,182639
191022,107932,182633
191023,108030,182633
191024,108128,182633
191025,108226,182633
191026,108324,182633
191027,108422,182633
191028,108520,182633
191029,108618,182633
191030,108716,182633
191031,108814,182633
191032,108912,182633
191033,109010,182633
191034,109108,182633
191035,109206,182633
191036,109304,182633
191037,39304,182637
191038,39344,182637
191039,39384,182637
191040,39424,182637
191041,39464,182637
191042,39504,182637
191043,39544,182637
191044,39584,182637
191045,39624,182637
191046,39664,182637
191047,39704,182637
191048,39744,182637
191049,39784,182637
191050,39824,182637
191051,39864,182637
191052,39904,182637
191053,39944,182637
191054,39984,182637
191055,40130,182637
191056,40288,182637
191057,40446,182637
191058,40604,182637
191059,40762,182637
191060,40920,182637
191061,41078,182637
191062,41236,182637
191063,41394,182637
191064,41552,182637
191065,41710,182637
191066,41868,182637
191067,42026,182637
191068,113260,182633
191069,113417,182633
191070,113574,182633
191071,113731,182633
191072,113888,182633
191073,114045,182633
191074,114202,182633
191075,114359,182633
191076,114516,182633
191077,114673,182633
191078,114830,182633
191079,114987,182633
191080,115140,182629
191081,116866,182628
191082,116916,182628
191083,116966,182628
191084,117016,182628
191085,117066,182628
191086,46048,182633
191087,46109,182643
191088,46160,182643
191089,46211,182643
191090,46262,182643
191091,46313,182643
191092,46364,182643
191093,46415,182643
191094,46466,182643
191095,46517,182643
191096,46608,182643
191097,63895,182631
191098,64038,182631
191099,64181,182631
191100,64324,182631
191101,64467,182631
191102,64610,182631
191103,64753,182631
191104,64896,182631
191105,65039,182631
191106,65182,182631
191107,121287,182631
191108,121396,182631
191109,121505,182631
191110,121614,182631
191111,121723,182631
191112,121832,182631
191113,121941,182631
191114,122050,182631
191115,122159,182631
191116,122268,182631
191117,122377,182631
191118,122486,182631
191119,122595,182631
191120,122704,182631
191121,122813,182631
191122,122922,182631
191123,123031,182631
191124,123140,182631
191125,63716,182631
191126,63800,182631
191127,63884,182631
191128,63968,182631
191129,64052,182631
191130,64136,182631
191131,64220,182631
191132,64304,182631
191133,124777,182667
191134,124838,182667
191135,124899,182667
191136,124960,182667
191137,65188,182667
191138,65224,182667
191139,125511,182681
191140,125524,182681
191141,54534,182681
191142,54548,182681
191143,54562,182681
191144,54576,182681
191145,54590,182681
191146,54604,182681
191147,54666,182681
191148,54824,182681
191149,54982,182681
191150,55140,182681
191151,55298,182681
191152,126448,182681
191153,131832,182679
191154,60962,182667
191155,61083,182667
191156,132192,182665
191157,132312,182665
191158,132432,182665
191159,132552,182665
191160,132661,182654
191161,61121,182631
191162,61194,182631
191163,61267,182631
191164,61340,182631
191165,61413,182631
191166,61486,182631
191167,61559,182631
191168,61632,182631
191169,62777,182631
191170,132752,182629
191171,132824,182629
191172,132896,182629
191173,132968,182629
191174,133040,182629
191175,133112,182629
191176,133184,182629
191177,133256,182629
191178,133328,182629
191179,133400,182629
191180,133472,182629
191181,133544,182629
191182,133616,182629
191183,133688,182629
191184,133760,182629
191185,61033,182631
191186,61058,182631
191187,61083,182631
191188,61144,182631
191189,61302,182631
191190,61460,182631
191191,61618,182631
191192,61776,182631
191193,61934,182631
191194,79204,182639
191195,79262,182639
191196,79320,182639
191197,79378,182639
191198,79436,182639
191199,79494,182639
191200,79552,182639
191201,79610,182639
191202,79668,182639
191203,79726,182639
191204,79784,182639
191205,79842,182639
191206,79900,182639
191207,79958,182639
191208,80016,182639
191209,80074,182639
191210,138750,182664
191211,138792,182664
191212,138912,182664
191213,139032,182664
191214,139152,182664
191215,139272,182664
191216,139392,182664
191217,139512,182664
191218,139632,182664
191219,139752,182664
191220,139872,182664
191221,139992,182664
191222,140107,182659
191223,140216,182648
191224,140325,182637
191225,66990,182631
191226,139310,182628
191227,139345,182628
191228,139380,182628
191229,139415,182628
191230,139450,182628
191231,139485,182628
191232,139520,182628
191233,139555,182628
191234,139590,182628
191235,139625,182628
191236,139660,182628
191237,139793,182628
191238,139950,182628
191239,140107,182628
191240,140264,182628
191241,140421,182628
191242,140578,182628
191243,140735,182628
191244,140892,182628
191245,141049,182628
191246,141206,182628
191247,141363,182628
191248,141520,182628
191249,141677,182628
191250,141834,182628
191251,141991,182628
191252,142148,182628
191253,142305,182628
191254,145442,182628
191255,145525,182628
191256,145608,182628
191257,145691,182628
191258,145774,182628
191259,145857,182628
191260,145940,182628
191261,146023,182628
191262,146106,182628
191263,148503,182638
191264,148512,182638
191265,148521,182638
191266,148530,182638
191267,148539,182638
191268,148548,182638
191269,148557,182638
191270,148566,182638
191271,148575,182638
191272,77712,182639
191273,77722,182639
191274,77732,182639
191275,77742,182639
191276,77752,182639
191277,77762,182639
191278,77772,182639
191279,77782,182639
191280,77792,182639
191281,77802,182639
191282,77812,182639
191283,77822,182639
191284,77832,182639
191285,77842,182639
191286,77852,182639
191287,77862,182639
191288,77872,182639
191289,77882,182639
191290,77892,182639
191291,77902,182639
191292,77912,182639
191293,77922,182639
191294,77932,182639
191295,78050,182639
191296,78208,182639
191297,78366,182639
191298,78524,182639
191299,78682,182639
191300,78840,182639
191301,78998,182639
191302,79156,182639
191303,79314,182639
191304,79472,182639
191305,79630,182639
191306,79788,182639
191307,79946,182639
191308,80104,182639
191309,80262,182639
191310,80420,182639
191311,80578,182639
191312,80736,182639
191313,80894,182639
191314,81052,182639
191315,81210,182639
191316,81368,182639
191317,81526,182639
191318,81684,182639
191319,81842,182639
191320,82000,182639
191321,82158,182639
191322,159471,182631
191323,159628,182657
191324,159764,182662
191325,159895,182662
191326,160026,182662
191327,160157,182662
191328,160288,182662
191329,160419,182662
191330,160550,182662
191331,160681,182662
191332,160812,182662
191333,160943,182662
191334,161074,182662
191335,161205,182662
191336,161336,182662
191337,161467,182662
191338,161598,182662
191339,161704,182637
191340,101156,182635
191341,101199,182635
191342,101242,182635
191343,101285,182635
191344,101328,182635
191345,101371,182635
191346,101414,182635
191347,101457,182635
191348,101500,182635
191349,101543,182635
191350,101586,182635
191351,101629,182635
191352,101672,182635
191353,101715,182635
191354,101758,182635
191355,101801,182635
191356,101844,182635
191357,164899,182658
191358,164930,182658
191359,164961,182658
191360,164992,182658
191361,165023,182658
191362,165054,182658
191363,165085,182658
191364,165116,182658
191365,165147,182658
191366,165266,182658
191367,165397,182658
191368,165528,182658
191369,165659,182658
191370,165790,182658
191371,165921,182658
191372,166052,182658
191373,166183,182658
191374,166314,182658
191375,166445,182658
191376,166576,182658
191377,166707,182658
191378,166838,182658
191379,105968,182635
191380,106048,182635
191381,106128,182635
191382,106208,182635
191383,168988,182658
191384,169056,182658
191385,169124,182658
191386,169192,182658
191387,169260,182658
191388,169328,182658
191389,169396,182658
191390,169464,182658
191391,169532,182658
191392,169600,182658
191393,169668,182658
191394,169736,182658
191395,169804,182658
191396,169872,182658
191397,169940,182658
191398,170008,182658
191399,170076,182658
191400,170144,182658
191401,170212,182658
191402,170280,182658
191403,170348,182658
191404,170416,182658
191405,170484,182658
191406,170548,182654
191407,166464,182637
191408,100032,182635
191409,96062,182628
191410,171030,182628
191411,171161,182628
191412,171292,182628
191413,171423,182628
191414,171554,182628
191415,171685,182628
191416,171816,182628
191417,171947,182628
191418,172078,182628
191419,172209,182628
191420,172340,182628
191421,172471,182628
191422,172602,182628
191423,172733,182628
191424,172864,182628
191425,172995,182628
191426,173126,182628
191427,173257,182628
191428,175656,182613
191429,175698,182613
191430,175740,182613
191431,175782,182613
191432,175824,182613
191433,175866,182613
191434,175908,182613
191435,175950,182613
191436,175992,182613
191437,176034,182613
191438,176076,182613
191439,117412,182628
191440,117440,182628
191441,117468,182628
191442,117496,182628
191443,117524,182628
191444,117552,182628
191445,178781,182643
191446,220182,182646
191447,220279,182646
191448,220376,182646
191449,220473,182646
191450,220570,182646
191451,179632,182660
191452,179648,182660
191453,179664,182660
191454,179726,182660
191455,179831,182660
191456,179936,182660
191457,180041,182660
191458,180146,182660
191459,180251,182660
191460,180356,182660
191461,180461,182660
191462,180566,182660
191463,180671,182660
191464,180776,182660
191465,180881,182660
191466,180986,182660
191467,181091,182660
191468,181196,182660
191469,181301,182660
191470,122266,182667
191471,122357,182667
191472,122448,182667
191473,122539,182667
191474,122630,182667
191475,122721,182667
191476,122812,182667
191477,122903,182667
191478,122994,182667
191479,123085,182667
191480,123176,182667
191481,123267,182667
191482,123358,182667
191483,123449,182667
191484,123540,182667
191485,123631,182667
191486,185186,182696
191487,185265,182696
191488,185344,182696
191489,185423,182696
191490,185502,182696
191491,185581,182696
191492,185660,182696
191493,185739,182696
191494,185818,182696
191495,185897,182696
191496,185976,182696
191497,186055,182696
191498,126602,182703
191499,126667,182703
191500,126732,182703
191501,126797,182703
191502,126862,182703
191503,126927,182703
191504,126992,182703
191505,127057,182703
191506,188346,182732
191507,188399,182732
191508,188452,182732
191509,188505,182732
191510,188558,182732
191511,188611,182732
191512,188664,182732
191513,128975,182739
191514,129014,182739
191515,129053,182739
191516,129092,182739
191517,129131,182739
191518,190243,182753
191519,190277,182760
191520,190304,182760
191521,190331,182760
191522,190358,182760
191523,190385,182760
191524,190412,182760
191525,190439,182760
191526,190466,182760
191527,191527,182762
191528,191528,182762
191529,191529,182762
191530,191530,182762
191531,191531,182762
191532,191532,182762
191533,191533,182762
191534,191534,182762
191535,191535,182762
191536,191536,182762
191537,191537,182762
191538,191538,182762
191539,191539,182762
191540,191540,182762
191541,191541,182762
191542,191542,182762
191543,191543,182762
191544,191544,182762
191545,191545,182762
191546,191546,182762
191547,191547,182762
191548,191548,182762
191549,191549,182762
191550,191550,182762
191551,191551,182762
191552,191552,182762
191553,191553,182762
191554,191554,182762
191555,191555,182762
191556,191556,182762
191557,191557,182762
191558,191558,182762
191559,191559,182762
191560,191560,182762
191561,191561,182762
191562,191562,182762
191563,191563,182762
191564,191564,182762
191565,191565,182762
191566,191566,182762
191567,191603,182762
191568,191760,182762
191569,191917,182762
191570,192074,182762
191571,192231,182762
191572,192388,182762
191573,192545,182762
191574,192702,182762
191575,192859,182762
191576,193016,182762
191577,193173,182762
191578,193330,182762
191579,193487,182762
191580,193644,182762
191581,193801,182762
191582,193958,182762
191583,194115,182762
191584,194272,182762
191585,194429,182762
191586,194586,182762
191587,194743,182762
191588,194900,182762
191589,195057,182762
191590,195214,182762
191591,195371,182762
191592,195528,182762
191593,195685,182762
191594,195842,182762
191595,195999,182762
191596,196156,182762
191597,196313,182762
191598,196470,182762
191599,196627,182762
191600,196784,182762
191601,196941,182762
191602,197098,182762
191603,197255,182762
191604,197412,182762
191605,197569,182762
191606,197726,182762
191607,197883,182760
191608,198040,182760
191609,198197,182760
191610,198354,182760
191611,137397,182752
191612,137540,182752
191613,137683,182752
191614,137826,182752
191615,137969,182738
191616,138112,182738
191617,138255,182738
191618,138398,182738
191619,138541,182738
191620,137300,182716
191621,137417,182716
191622,137534,182716
191623,137651,182716
191624,137768,182716
191625,137885,182716
191626,138002,182716
191627,138119,182702
191628,138236,182702
191629,138353,182702
191630,138470,182702
191631,138587,182702
191632,138704,182702
191633,138821,182702
191634,138938,182702
191635,139048,182695
191636,137372,182680
191637,137463,182680
191638,137554,182680
191639,137645,182680
191640,137736,182680
191641,137827,182680
191642,137918,182680
191643,138009,182680
191644,138100,182680
191645,138191,182680
191646,138282,182680
191647,138373,182666
191648,138464,182666
191649,138555,182666
191650,138646,182666
191651,138737,182666
191652,138828,182666
191653,138919,182666
191654,139010,182666
191655,139101,182666
191656,139192,182666
191657,139283,182666
191658,139374,182666
191659,139465,182666
191660,139556,182666
191661,139647,182666
191662,139738,182666
191663,137327,182644
191664,137392,182644
191665,137457,182644
191666,137522,182644
191667,137587,182644
191668,137652,182644
191669,137717,182644
191670,137782,182644
191671,137847,182644
191672,137912,182644
191673,137977,182644
191674,138042,182644
191675,138107,182644
191676,138248,182644
191677,138406,182644
191678,138564,182644
191679,138720,182642
191680,161088,182641
191681,161175,182641
191682,161262,182641
191683,161349,182641
191684,161436,182641
191685,161523,182641
191686,161610,182641
191687,139986,182630
191688,140144,182630
191689,140302,182630
191690,140460,182630
191691,240717,182612
191692,240788,182612
191693,240859,182612
191694,240930,182612
191695,241001,182612
191696,241072,182612
191697,241143,182612
191698,241214,182612
191699,241285,182612
191700,241356,182612
191701,241427,182612
191702,213818,182620
191703,151508,182628
191704,148016,182628
191705,144472,182628
191706,144496,182628
191707,144520,182628
191708,144544,182628
191709,144568,182628
191710,144592,182628
191711,144616,182628
191712,144640,182628
191713,215095,182646
191714,215118,182646
191715,215141,182646
191716,215164,182646
191717,215187,182646
191718,215310,182646
191719,215467,182646
191720,215624,182646
191721,215781,182646
191722,215938,182646
191723,216095,182646
191724,216252,182646
191725,216409,182646
191726,216566,182646
191727,216723,182646
191728,216880,182646
191729,157702,182638
191730,157804,182638
191731,157906,182638
191732,158008,182638
191733,158110,182638
191734,158212,182638
191735,158314,182638
191736,157160,182638
191737,157195,182638
191738,157230,182638
191739,157265,182638
191740,157300,182638
191741,157335,182638
191742,157370,182638
191743,157405,182638
191744,157440,182638
191745,157475,182638
191746,157510,182638
191747,157545,182638
191748,157580,182638
191749,157615,182638
191750,157650,182638
191751,157685,182638
191752,157720,182638
191753,157755,182638
191754,157846,182638
191755,157989,182638
191756,158132,182638
191757,158275,182638
191758,158418,182638
191759,158561,182638
191760,158704,182638
191761,158847,182638
191762,158990,182638
191763,159133,182638
191764,159276,182628
191765,159419,182628
191766,159562,182628
191767,159705,182628
191768,163512,182641
191769,163573,182641
191770,163634,182641
191771,163695,182641
191772,163756,182641
191773,163817,182641
191774,163878,182641
191775,163939,182641
191776,164000,182641
191777,164061,182641
191778,164122,182641
191779,164183,182641
191780,164244,182641
191781,164305,182641
191782,164366,182641
191783,164427,182641
191784,164488,182641
191785,164549,182641
191786,164610,182641
191787,164671,182641
191788,164732,182641
191789,164793,182641
191790,164854,182641
191791,164915,182641
191792,164976,182641
191793,165037,182641
191794,165098,182641
191795,165159,182641
191796,165220,182641
191797,165281,182641
191798,165342,182641
191799,165403,182641
191800,165464,182641
191801,165525,182641
191802,165586,182641
191803,165647,182641
191804,165708,182641
191805,165769,182641
191806,165821,182632
191807,159645,182628
191808,159680,182628
191809,159715,182628
191810,159750,182628
191811,159785,182628
191812,159820,182628
191813,159894,182628
191814,160052,182628
191815,160210,182628
191816,160368,182628
191817,237182,182639
191818,237324,182639
191819,237466,182639
191820,237608,182639
191821,237750,182639
191822,237892,182639
191823,238034,182639
191824,238176,182639
191825,238318,182639
191826,238460,182639
191827,238602,182639
191828,238744,182639
191829,238886,182639
191830,239028,182639
191831,239170,182639
191832,239312,182639
191833,239454,182639
191834,239596,182639
191835,175488,182632
191836,175616,182632
191837,175744,182632
191838,175872,182632
191839,176000,182632
191840,176128,182632
191841,176256,182632
191842,176384,182632
191843,176512,182632
191844,176640,182632
191845,176768,182632
191846,176896,182632
191847,177024,182632
191848,177152,182632
191849,177280,182632
191850,177408,182632
191851,177536,182632
191852,238928,182639
191853,238988,182639
191854,239048,182639
191855,239108,182639
191856,239168,182639
191857,239228,182639
191858,239288,182639
191859,239348,182639
191860,239408,182639
191861,239468,182639
191862,239528,182639
191863,239588,182639
191864,239648,182639
191865,239708,182639
191866,239768,182639
191867,239828,182639
191868,239886,182637
191869,175222,182632
191870,175268,182632
191871,175314,182632
191872,175360,182632
191873,175406,182632
191874,175452,182632
191875,175498,182632
191876,175544,182632
191877,175590,182632
191878,175636,182632
191879,175721,182632
191880,175864,182632
191881,176007,182632
191882,176150,182632
191883,176293,182632
191884,176436,182632
191885,176579,182632
191886,176722,182632
191887,176865,182632
191888,177008,182632
191889,242150,182625
191890,179358,182626
191891,179445,182626
191892,179532,182626
191893,179619,182626
191894,179706,182626
191895,179793,182626
191896,179880,182626
191897,179967,182626
191898,180054,182626
191899,180141,182626
191900,180228,182626
191901,180315,182626
191902,180402,182626
191903,180489,182626
191904,185600,182639
191905,185672,182639
191906,185744,182639
191907,185816,182639
191908,185888,182639
191909,185960,182639
191910,186032,182639
191911,182073,182658
191912,182104,182658
191913,182135,182658
191914,182166,182658
191915,182197,182658
191916,182228,182658
191917,182259,182658
191918,182290,182658
191919,182321,182658
191920,182352,182658
191921,182383,182658
191922,182414,182658
191923,182445,182658
191924,182476,182658
191925,182507,182658
191926,182538,182658
191927,182585,182658
191928,182728,182658
191929,182871,182658
191930,183014,182658
191931,183157,182658
191932,183300,182658
191933,183443,182658
191934,183586,182658
191935,183729,182658
191936,183872,182658
191937,184015,182658
191938,184158,182658
191939,188800,182656
191940,188928,182656
191941,189056,182656
191942,189184,182656
191943,184873,182639
191944,185016,182639
191945,185159,182639
191946,185302,182639
191947,185445,182639
191948,185588,182639
191949,185731,182639
191950,190208,182624
191951,190336,182624
191952,190464,182624
191953,190592,182624
191954,190720,182624
191955,190848,182624
191956,190976,182624
191957,191104,182624
191958,191232,182624
191959,191360,182624
191960,191488,182624
191961,191616,182624
191962,191744,182624
191963,258005,182631
191964,258056,182631
191965,258198,182631
191966,260242,182628
191967,260313,182628
191968,260384,182628
191969,260455,182628
191970,260526,182628
191971,260597,182628
191972,260668,182628
191973,260739,182628
191974,260810,182628
191975,260881,182628
191976,260952,182628
191977,261023,182628
191978,261094,182628
191979,261165,182628
191980,261236,182628
191981,0,182629
191982,0,182629
191983,0,182629
191984,0,182629
191985,0,182629
191986,0,182629
191987,258365,182631
191988,258380,182631
191989,258395,182631
191990,258410,182631
191991,258425,182631
191992,258440,182631
191993,258485,182631
191994,258642,182631
191995,258799,182631
191996,258956,182631
191997,598,182629
191998,740,182629
191999,882,182629
192000,1024,182629
192001,1166,182629
192002,259898,182628
192003,260055,182628
192004,260212,182628
192005,260369,182628
192006,260526,182628
192007,260683,182628
192008,260840,182628
192009,260997,182628
192010,261154,182628
192011,261311,182628
192012,261468,182628
192013,0,182629
192014,0,182629
192015,0,182629
192016,0,182629
192017,109,182629
192018,266,182629
192019,423,182629
192020,580,182629
192021,737,182629
192022,894,182629
192023,1051,182629
192024,1208,182629
192025,1365,182629
192026,1522,182629
192027,1679,182629
192028,203347,182651
192029,203469,182660
192030,203582,182660
192031,203695,182660
192032,203808,182660
192033,2855,182665
192034,204182,182688
192035,204209,182688
192036,204260,182688
192037,204373,182673
192038,204486,182673
192039,204317,182652
192040,204344,182652
192041,204371,182652
192042,204398,182652
192043,204424,182651
192044,9484,182649
192045,204479,182637
192046,204506,182637
192047,204533,182637
192048,204560,182637
192049,204587,182637
192050,204614,182637
192051,204641,182637
192052,204668,182637
192053,204695,182637
192054,204722,182637
192055,204749,182637
192056,204776,182637
192057,204803,182637
192058,204830,182637
192059,204857,182637
192060,204884,182637
192061,204911,182637
192062,204938,182637
192063,204965,182637
192064,204992,182637
192065,205019,182637
192066,205056,182637
192067,205184,182637
192068,205312,182637
192069,205440,182637
192070,205568,182637
192071,205696,182637
192072,205824,182637
192073,205952,182637
192074,206080,182637
192075,206208,182637
192076,206336,182637
192077,206464,182637
192078,206592,182637
192079,206720,182637
192080,206848,182637
192081,15739,182623
192082,15750,182623
192083,15761,182623
192084,15772,182623
192085,15783,182623
192086,15794,182623
192087,15805,182623
192088,15816,182623
192089,15911,182623
192090,16038,182623
192091,16165,182623
192092,16292,182623
192093,16419,182623
192094,15882,182623
192095,15893,182623
192096,15904,182623
192097,15915,182623
192098,15926,182623
192099,15937,182623
192100,15948,182623
192101,15959,182623
192102,15970,182623
192103,15981,182623
192104,15992,182623
192105,16003,182623
192106,16076,182623
192107,16218,182623
192108,16360,182623
192109,16502,182623
192110,16644,182623
192111,16786,182623
192112,16928,182623
192113,17070,182623
192114,17212,182623
192115,17354,182623
192116,17496,182623
192117,17638,182623
192118,17780,182623
192119,17922,182623
192120,18064,182623
192121,18206,182623
192122,18348,182623
192123,18490,182623
192124,18632,182623
192125,18774,182623
192126,18916,182623
192127,19058,182623
192128,216320,182622
192129,216418,182622
192130,216516,182622
192131,216614,182622
192132,216712,182622
192133,216810,182622
192134,216908,182622
192135,224801,182635
192136,224824,182635
192137,224847,182635
192138,224870,182635
192139,224893,182635
192140,224916,182635
192141,224939,182635
192142,224962,182635
192143,224985,182635
192144,225008,182635
192145,225031,182635
192146,225054,182635
192147,225077,182635
192148,225100,182635
192149,225123,182635
192150,225146,182635
192151,225169,182635
192152,225192,182635
192153,225215,182635
192154,225238,182635
192155,223996,182641
192156,241848,182648
192157,241882,182648
192158,241916,182648
192159,241950,182648
192160,241984,182648
192161,242018,182648
192162,242052,182648
192163,242086,182648
192164,242120,182648
192165,242154,182648
192166,242188,182648
192167,242222,182648
192168,242256,182648
192169,225578,182666
192170,225606,182671
192171,225629,182671
192172,225652,182671
192173,225675,182671
192174,225698,182671
192175,225721,182671
192176,225744,182671
192177,225767,182671
192178,225790,182671
192179,242630,182684
192180,242664,182684
192181,242698,182684
192182,242732,182684
192183,242766,182684
192184,242800,182684
192185,242834,182684
192186,242868,182684
192187,225997,182707
192188,226020,182707
192189,226043,182707
192190,226066,182707
192191,226089,182707
192192,33917,182714
192193,33942,182717
192194,33964,182717
192195,33986,182717
192196,34008,182717
192197,34659,182725
192198,34666,182725
192199,34673,182725
192200,34680,182725
192201,34687,182725
192202,34694,182725
192203,34701,182725
192204,34708,182725
192205,34715,182725
192206,34722,182725
192207,34729,182725
192208,34736,182725
192209,34743,182725
192210,34750,182725
192211,34757,182725
192212,34764,182725
192213,34771,182725
192214,34778,182725
192215,34785,182725
192216,34792,182725
192217,34799,182725
192218,34806,182725
192219,34813,182725
192220,34820,182725
192221,34827,182725
192222,34834,182725
192223,34841,182725
192224,34848,182725
192225,34855,182725
192226,34862,182725
192227,34869,182725
192228,34876,182725
192229,34883,182725
192230,34890,182725
192231,34897,182725
192232,34904,182725
192233,34911,182725
192234,34918,182725
192235,34925,182725
192236,34932,182725
192237,34939,182725
192238,34946,182725
192239,34963,182725
192240,35120,182725
192241,35277,182725
192242,35434,182725
192243,35591,182725
192244,35748,182725
192245,35905,182725
192246,36062,182725
192247,36219,182725
192248,36376,182725
192249,36533,182725
192250,36690,182725
192251,36847,182725
192252,37004,182725
192253,37161,182725
192254,37318,182725
192255,37475,182725
192256,37632,182725
192257,37789,182725
192258,37946,182725
192259,38103,182725
192260,38260,182725
192261,38417,182725
192262,38574,182725
192263,38731,182725
192264,38888,182725
192265,39045,182725
192266,39202,182725
192267,39359,182725
192268,39516,182725
192269,39673,182725
192270,39830,182725
192271,39987,182725
192272,40144,182725
192273,40301,182725
192274,40458,182725
192275,40615,182725
192276,40772,182725
192277,40929,182725
192278,41086,182725
192279,41243,182725
192280,41400,182725
192281,41557,182717
192282,41714,182717
192283,41871,182717
192284,42028,182717
192285,42185,182717
192286,42342,182717
192287,42499,182717
192288,42656,182717
192289,42813,182717
192290,42970,182717
192291,235418,182692
192292,235576,182692
192293,235734,182692
192294,235892,182692
192295,236050,182692
192296,236208,182692
192297,236366,182692
192298,236524,182692
192299,44383,182681
192300,44540,182681
192301,44697,182681
192302,44854,182681
192303,45011,182681
192304,45168,182681
192305,45325,182681
192306,45482,182681
192307,45639,182681
192308,45796,182681
192309,238262,182656
192310,238420,182656
192311,238578,182656
192312,238736,182656
192313,238894,182656
192314,239052,182656
192315,239210,182656
192316,239368,182656
192317,239526,182656
192318,239684,182656
192319,239842,182656
192320,240000,182656
192321,240158,182656
192322,240316,182656
192323,48151,182645
192324,48308,182645
192325,48465,182645
192326,48622,182645
192327,48779,182645
192328,48936,182645
192329,49093,182645
192330,49250,182645
192331,49407,182645
192332,49564,182645
192333,49721,182645
192334,49878,182645
192335,50035,182645
192336,50192,182645
192337,50349,182645
192338,50506,182645
192339,50663,182645
192340,50820,182645
192341,50977,182645
192342,51134,182645
192343,51291,182645
192344,245088,182618
192345,245092,182618
192346,245096,182618
192347,245100,182618
192348,245104,182618
192349,245108,182618
192350,245112,182618
192351,245116,182618
192352,245120,182618
192353,245214,182618
192354,245372,182618
192355,245530,182618
192356,245688,182618
192357,245846,182618
192358,246004,182618
192359,246162,182618
192360,246320,182618
192361,246478,182618
192362,256236,182617
192363,256330,182617
192364,256424,182617
192365,256518,182617
192366,256612,182617
192367,256706,182617
192368,256800,182617
192369,256894,182617
192370,256988,182617
192371,257082,182617
192372,257176,182617
192373,257270,182617
192374,257364,182617
192375,257458,182617
192376,257552,182617
192377,257646,182617
192378,56786,182611
192379,57051,182609
192380,59171,182612
192381,59248,182641
192382,59296,182641
192383,59344,182641
192384,59392,182641
192385,59440,182641
192386,59488,182641
192387,59536,182641
192388,59584,182641
192389,59632,182641
192390,59680,182641
192391,59728,182641
192392,59776,182641
192393,59824,182641
192394,59872,182641
192395,59920,182641
192396,59968,182641
192397,60016,182641
192398,60064,182641
192399,60112,182641
192400,60240,182641
192401,60397,182641
192402,60554,182641
192403,60711,182641
192404,60868,182641
192405,61025,182641
192406,61182,182641
192407,61339,182641
192408,61496,182641
192409,61653,182641
192410,61810,182641
192411,61967,182641
192412,62124,182641
192413,63362,182644
192414,63458,182677
192415,63521,182677
192416,63584,182677
192417,63647,182677
192418,63710,182677
192419,63773,182677
192420,63836,182677
192421,63899,182677
192422,63962,182677
192423,64025,182677
192424,64088,182677
192425,64165,182677
192426,64322,182677
192427,64479,182677
192428,64636,182677
192429,64793,182677
192430,64943,182670
192431,259841,182653
192432,259920,182653
192433,259999,182650
192434,260078,182650
192435,260157,182650
192436,260236,182650
192437,260315,182650
192438,260394,182650
192439,260473,182650
192440,260552,182650
192441,260631,182650
192442,260710,182650
192443,260789,182650
192444,260868,182650
192445,260947,182650
192446,261026,182650
192447,261088,182633
192448,0,182615
192449,0,182615
192450,0,182615
192451,0,182615
192452,0,182615
192453,0,182615
192454,0,182615
192455,0,182615
192456,0,182615
192457,0,182615
192458,0,182615
192459,0,182615
192460,0,182615
192461,134,182615
192462,292,182615
192463,450,182615
192464,608,182615
192465,766,182615
192466,76935,182618
192467,77060,182635
192468,77168,182635
192469,77276,182635
192470,77384,182635
192471,77492,182635
192472,77600,182635
192473,77708,182635
192474,77816,182635
192475,77924,182635
192476,78032,182635
192477,78140,182635
192478,78248,182635
192479,78356,182635
192480,78464,182635
192481,3294,182615
192482,14584,182613
192483,14644,182613
192484,14704,182613
192485,77041,182635
192486,77070,182635
192487,77099,182635
192488,77128,182635
192489,77157,182635
192490,77186,182635
192491,77215,182635
192492,77244,182635
192493,77273,182635
192494,77302,182635
192495,77331,182635
192496,77360,182635
192497,77389,182635
192498,77418,182635
192499,77447,182635
192500,77476,182635
192501,77505,182635
192502,77534,182635
192503,77563,182635
192504,77592,182635
192505,77621,182635
192506,77650,182635
192507,77679,182635
192508,77708,182635
192509,77737,182635
192510,77766,182635
192511,77795,182635
192512,77824,182635
192513,77981,182635
192514,78138,182635
192515,78295,182635
192516,78452,182635
192517,78609,182635
192518,78766,182635
192519,78923,182635
192520,79080,182635
192521,79237,182635
192522,79394,182635
192523,79551,182635
192524,79708,182635
192525,79865,182635
192526,80022,182635
192527,80179,182635
192528,80336,182635
192529,80493,182635
192530,80650,182635
192531,80807,182635
192532,84080,182635
192533,84188,182635
192534,84296,182635
192535,84404,182635
192536,84512,182635
192537,84620,182635
192538,84728,182635
192539,12458,182613
192540,13548,182613
192541,83196,182635
192542,83240,182635
192543,83284,182635
192544,83328,182635
192545,83372,182635
192546,83416,182635
192547,83460,182635
192548,83504,182635
192549,83633,182635
192550,83790,182635
192551,83947,182635
192552,84104,182635
192553,84261,182635
192554,84418,182635
192555,84575,182635
192556,84732,182635
192557,84889,182635
192558,85046,182635
192559,85184,182616
192560,15776,182613
192561,15934,182613
192562,16092,182613
192563,16250,182613
192564,16408,182613
192565,16566,182613
192566,16724,182613
192567,16882,182613
192568,17040,182613
192569,31006,182644
192570,31050,182647
192571,31091,182647
192572,31132,182647
192573,31173,182647
192574,31214,182647
192575,31255,182647
192576,31296,182647
192577,31337,182647
192578,31378,182647
192579,31419,182647
192580,31460,182647
192581,31501,182647
192582,31542,182647
192583,31583,182647
192584,20704,182649
192585,20764,182649
192586,20824,182649
192587,20884,182649
192588,20944,182649
192589,96133,182665
192590,96158,182665
192591,96183,182665
192592,96208,182665
192593,96233,182665
192594,96258,182665
192595,96283,182665
192596,96348,182665
192597,96471,182665
192598,96594,182665
192599,96717,182665
192600,96840,182665
192601,96963,182665
192602,97086,182665
192603,97209,182665
192604,97332,182665
192605,97455,182665
192606,97578,182665
192607,97701,182665
192608,97824,182665
192609,97947,182665
192610,93207,182636
192611,97438,182629
192612,97512,182629
192613,97586,182629
192614,97660,182629
192615,97734,182629
192616,97808,182629
192617,97882,182629
192618,97956,182629
192619,98030,182629
192620,98104,182629
192621,98178,182629
192622,98252,182629
192623,98326,182629
192624,98400,182629
192625,98474,182629
192626,98548,182629
192627,98622,182629
192628,98696,182629
192629,98770,182629
192630,98844,182629
192631,97183,182629
192632,97208,182629
192633,97233,182629
192634,97258,182629
192635,97283,182629
192636,97308,182629
192637,97449,182629
192638,97606,182629
192639,97763,182629
192640,99584,182629
192641,99658,182629
192642,99732,182629
192643,99806,182629
192644,99880,182629
192645,99954,182629
192646,100028,182629
192647,100102,182629
192648,100176,182629
192649,100250,182629
192650,100324,182629
192651,100398,182629
192652,100472,182629
192653,100546,182629
192654,100620,182629
192655,100688,182623
192656,30944,182611
192657,31102,182611
192658,31260,182611
192659,31418,182611
192660,31579,182646
192661,107469,182637
192662,107558,182637
192663,107647,182637
192664,107736,182637
192665,107825,182637
192666,107914,182637
192667,108003,182637
192668,108092,182637
192669,108181,182637
192670,108270,182637
192671,108359,182637
192672,108448,182637
192673,108537,182637
192674,108626,182637
192675,108715,182637
192676,108804,182637
192677,108893,182637
192678,108982,182637
192679,35519,182647
192680,35560,182647
192681,35601,182647
192682,35642,182647
192683,35683,182647
192684,35724,182647
192685,35765,182647
192686,35806,182647
192687,35847,182647
192688,36000,182647
192689,36158,182647
192690,36316,182647
192691,112245,182673
192692,112300,182673
192693,112355,182673
192694,112410,182673
192695,112465,182673
192696,112520,182673
192697,112575,182673
192698,112630,182673
192699,112685,182673
192700,52012,182681
192701,52049,182681
192702,52086,182681
192703,52123,182681
192704,52160,182681
192705,52197,182681
192706,52234,182681
192707,114687,182695
192708,114708,182695
192709,114729,182695
192710,114750,182695
192711,114771,182695
192712,114792,182695
192713,114813,182695
192714,114834,182695
192715,114855,182695
192716,114876,182695
192717,114897,182695
192718,114918,182695
192719,114939,182695
192720,114960,182695
192721,114981,182695
192722,115002,182695
192723,115023,182695
192724,115044,182695
192725,115065,182695
192726,115086,182695
192727,115107,182695
192728,115128,182695
192729,115149,182695
192730,115170,182695
192731,115191,182695
192732,115212,182695
192733,115233,182695
192734,115254,182695
192735,115275,182695
192736,115296,182695
192737,115317,182695
192738,115338,182695
192739,115359,182695
192740,115380,182695
192741,115401,182695
192742,115422,182695
192743,115443,182695
192744,115464,182695
192745,115485,182695
192746,115506,182695
192747,115527,182695
192748,115548,182695
192749,115569,182695
192750,115590,182695
192751,115611,182695
192752,115632,182695
192753,115661,182695
192754,115818,182695
192755,115975,182695
192756,116132,182695
192757,116289,182695
192758,116446,182695
192759,116603,182695
192760,116760,182695
192761,116917,182695
192762,117074,182695
192763,117231,182695
192764,117388,182695
192765,117545,182695
192766,117702,182695
192767,117859,182695
192768,118016,182695
192769,118173,182695
192770,118330,182695
192771,118487,182695
192772,118644,182695
192773,118801,182695
192774,118958,182695
192775,119115,182695
192776,119272,182695
192777,119429,182695
192778,119586,182695
192779,119743,182695
192780,119900,182695
192781,120057,182695
192782,120214,182695
192783,120371,182695
192784,120528,182695
192785,120685,182695
192786,120842,182695
192787,120999,182695
192788,121156,182695
192789,121313,182695
192790,121470,182695
192791,121627,182695
192792,121784,182695
192793,121941,182695
192794,122098,182690
192795,122255,182690
192796,122412,182690
192797,122569,182690
192798,122726,182690
192799,60373,182681
192800,60512,182681
192801,60651,182681
192802,60790,182681
192803,60929,182681
192804,61068,182681
192805,61207,182681
192806,61346,182660
192807,61485,182660
192808,61624,182660
192809,61763,182660
192810,61902,182660
192811,62041,182660
192812,62180,182660
192813,62319,182660
192814,60382,182645
192815,60487,182645
192816,60592,182645
192817,60697,182645
192818,60802,182645
192819,60907,182645
192820,61012,182645
192821,61117,182645
192822,61222,182645
192823,61327,182645
192824,61432,182645
192825,61537,182645
192826,64126,182643
192827,61747,182624
192828,61852,182624
192829,128686,182635
192830,65688,182643
192831,65740,182643
192832,63104,182643
192833,63122,182643
192834,63140,182643
192835,63158,182643
192836,63176,182643
192837,63194,182643
192838,63212,182643
192839,63230,182643
192840,63248,182643
192841,63266,182643
192842,63322,182643
192843,63427,182643
192844,63532,182643
192845,130105,182635
192846,133040,182617
192847,133144,182617
192848,133248,182617
192849,133352,182617
192850,133456,182617
192851,133560,182617
192852,133664,182617
192853,133768,182617
192854,133872,182617
192855,133976,182617
192856,132824,182617
192857,132841,182617
192858,132858,182617
192859,132875,182617
192860,132892,182617
192861,132909,182617
192862,132926,182617
192863,132943,182617
192864,133088,182617
192865,133245,182617
192866,133402,182617
192867,133559,182617
192868,133716,182617
192869,133873,182617
192870,134030,182617
192871,134187,182617
192872,134344,182617
192873,134501,182617
192874,134658,182617
192875,134815,182617
192876,134972,182617
192877,136264,182617
192878,136368,182617
192879,136472,182617
192880,137552,182652
192881,137603,182652
192882,137654,182652
192883,137705,182652
192884,137756,182652
192885,137807,182652
192886,137858,182652
192887,137909,182652
192888,137960,182652
192889,138011,182652
192890,138062,182652
192891,138113,182652
192892,138164,182652
192893,138215,182652
192894,138266,182652
192895,138317,182652
192896,138368,182652
192897,138419,182652
192898,138470,182652
192899,138583,182652
192900,138740,182652
192901,138897,182652
192902,139054,182652
192903,139211,182652
192904,139368,182652
192905,139525,182652
192906,139682,182652
192907,139839,182652
192908,75524,182641
192909,75663,182641
192910,75802,182641
192911,75941,182641
192912,76080,182641
192913,76219,182641
192914,76358,182641
192915,76497,182641
192916,76636,182641
192917,76775,182641
192918,76914,182641
192919,77053,182641
192920,77192,182641
192921,77331,182641
192922,77470,182641
192923,77609,182641
192924,77748,182641
192925,77887,182641
192926,78026,182641
192927,78165,182641
192928,78304,182641
192929,81187,182639
192930,81254,182639
192931,81321,182639
192932,81388,182639
192933,81455,182639
192934,81522,182639
192935,81589,182639
192936,146632,182632
192937,79555,182624
192938,144706,182632
192939,149038,182610
192940,149176,182610
192941,149314,182610
192942,149452,182610
192943,149590,182610
192944,149728,182610
192945,149866,182610
192946,150004,182610
192947,149015,182610
192948,149028,182610
192949,149041,182610
192950,149054,182610
192951,149067,182610
192952,149080,182610
192953,149093,182610
192954,149106,182610
192955,149119,182610
192956,149132,182610
192957,149145,182610
192958,149158,182610
192959,149171,182610
192960,149184,182610
192961,149197,182610
192962,149210,182610
192963,149223,182610
192964,149236,182610
192965,149249,182610
192966,149262,182610
192967,149275,182610
192968,149416,182610
192969,149573,182610
192970,149730,182610
192971,149887,182610
192972,150044,182610
192973,150201,182610
192974,150358,182610
192975,150515,182610
192976,150672,182610
192977,150829,182610
192978,150986,182610
192979,151143,182610
192980,151300,182610
192981,151457,182610
192982,151614,182610
192983,151771,182610
192984,151928,182610
192985,152085,182610
192986,152242,182610
192987,152399,182610
192988,152556,182610
192989,152713,182610
192990,152870,182610
192991,153027,182610
192992,159517,182629
192993,93637,182635
192994,93738,182635
192995,91831,182635
192996,91860,182635
192997,91889,182635
192998,91918,182635
192999,91947,182635
193000,91976,182635
193001,92005,182635
193002,92034,182635
193003,92063,182635
193004,92092,182635
193005,92121,182635
193006,92150,182635
193007,92179,182635
193008,92288,182635
193009,92408,182635
193010,92528,182635
193011,92648,182635
193012,92768,182635
193013,92888,182635
193014,93008,182635
193015,93128,182635
193016,93248,182635
193017,92469,182635
193018,92498,182635
193019,92527,182635
193020,92556,182635
193021,92585,182635
193022,92614,182635
193023,164343,182640
193024,164352,182640
193025,164361,182640
193026,164370,182640
193027,164379,182640
193028,164388,182640
193029,164397,182640
193030,164406,182640
193031,164415,182640
193032,164424,182640
193033,164433,182640
193034,164518,182640
193035,164637,182640
193036,164756,182640
193037,164875,182640
193038,164994,182640
193039,165113,182640
193040,165232,182640
193041,165351,182640
193042,165470,182640
193043,165589,182640
193044,165708,182640
193045,165827,182640
193046,165946,182640
193047,166065,182640
193048,166184,182640
193049,166303,182640
193050,166422,182640
193051,166541,182640
193052,166660,182640
193053,166779,182640
193054,162918,182630
193055,165046,182604
193056,165184,182604
193057,165322,182604
193058,164658,182604
193059,164667,182604
193060,164676,182604
193061,164685,182604
193062,164694,182604
193063,164703,182604
193064,164712,182604
193065,164721,182604
193066,164802,182604
193067,164959,182604
193068,165116,182604
193069,165273,182604
193070,165430,182604
193071,165587,182604
193072,165744,182604
193073,165901,182604
193074,166058,182604
193075,166215,182604
193076,105164,182639
193077,105227,182639
193078,105290,182639
193079,105353,182639
193080,105416,182639
193081,105479,182639
193082,105542,182639
193083,105605,182639
193084,105668,182639
193085,105731,182639
193086,105794,182639
193087,105857,182639
193088,105920,182639
193089,105983,182639
193090,106046,182639
193091,106109,182639
193092,106172,182639
193093,106235,182639
193094,106298,182639
193095,106361,182639
193096,106424,182639
193097,106487,182639
193098,106550,182639
193099,106613,182639
193100,106676,182639
193101,106739,182639
193102,106802,182639
193103,176944,182645
193104,177008,182666
193105,177051,182666
193106,177094,182666
193107,177137,182666
193108,177180,182666
193109,177223,182666
193110,177266,182666
193111,177309,182666
193112,177352,182666
193113,177395,182666
193114,177438,182666
193115,177481,182666
193116,177524,182666
193117,177567,182666
193118,179158,182670
193119,179163,182670
193120,179168,182670
193121,179173,182670
193122,179178,182670
193123,179183,182670
193124,179188,182670
193125,179193,182670
193126,179198,182670
193127,179203,182670
193128,179208,182670
193129,179213,182670
193130,179218,182670
193131,179223,182670
193132,179228,182670
193133,179233,182670
193134,179238,182670
193135,179243,182670
193136,179248,182670
193137,179253,182670
193138,179258,182670
193139,179263,182670
193140,179268,182670
193141,179273,182670
193142,179278,182670
193143,179283,182670
193144,179288,182670
193145,179293,182670
193146,179298,182670
193147,179303,182670
193148,179308,182670
193149,179313,182670
193150,179318,182670
193151,179323,182670
193152,179328,182670
193153,179333,182670
193154,179338,182670
193155,179343,182670
193156,179348,182670
193157,179353,182670
193158,179358,182670
193159,179403,182670
193160,179560,182670
193161,179717,182670
193162,179874,182670
193163,180031,182670
193164,180188,182670
193165,180345,182670
193166,180502,182670
193167,180659,182670
193168,180816,182670
193169,180973,182670
193170,181130,182670
193171,181287,182670
193172,181444,182670
193173,181601,182670
193174,181758,182670
193175,181915,182670
193176,182072,182670
193177,182229,182670
193178,182386,182670
193179,182543,182670
193180,182700,182670
193181,182857,182670
193182,183014,182670
193183,183171,182670
193184,183328,182670
193185,183485,182670
193186,183642,182670
193187,183799,182670
193188,183956,182670
193189,184113,182670
193190,184270,182670
193191,184427,182670
193192,184584,182670
193193,184741,182670
193194,184898,182670
193195,185055,182670
193196,185212,182670
193197,185369,182670
193198,185526,182670
193199,185683,182670
193200,185840,182664
193201,185997,182664
193202,186154,182664
193203,186311,182664
193204,186468,182664
193205,186625,182664
193206,186782,182664
193207,186939,182664
193208,187096,182664
193209,187253,182664
193210,187410,182664
193211,187567,182664
193212,187724,182664
193213,187881,182664
193214,119108,182637
193215,119266,182637
193216,119424,182637
193217,119582,182637
193218,119740,182637
193219,119898,182637
193220,120056,182637
193221,120214,182637
193222,120372,182637
193223,120530,182637
193224,120688,182637
193225,133119,182635
193226,133254,182635
193227,133389,182635
193228,133524,182635
193229,133659,182635
193230,133794,182635
193231,133929,182635
193232,134064,182635
193233,134199,182635
193234,134334,182635
193235,134469,182635
193236,134604,182635
193237,134739,182635
193238,134874,182635
193239,135009,182635
193240,135144,182635
193241,192277,182628
193242,123532,182601
193243,123690,182601
193244,124344,182599
193245,124346,182599
193246,124348,182599
193247,124350,182599
193248,124480,182599
193249,124638,182599
193250,124796,182599
193251,124954,182599
193252,200337,182623
193253,196835,182628
193254,196874,182628
193255,196913,182628
193256,196952,182628
193257,196991,182628
193258,197030,182628
193259,197069,182628
193260,197108,182628
193261,197147,182628
193262,197186,182628
193263,197225,182628
193264,197264,182628
193265,197303,182628
193266,197342,182628
193267,197381,182628
193268,197420,182628
193269,197459,182628
193270,197498,182628
193271,197537,182628
193272,197576,182628
193273,197615,182628
193274,197654,182628
193275,197693,182628
193276,197772,182628
193277,197929,182628
193278,198086,182628
193279,198243,182628
193280,198400,182628
193281,198557,182628
193282,198714,182628
193283,198871,182628
193284,199028,182628
193285,199185,182628
193286,199342,182628
193287,199499,182626
193288,199656,182626
193289,199813,182626
193290,199970,182626
193291,200127,182626
193292,200284,182626
193293,200441,182626
193294,200598,182626
193295,201062,182626
193296,201120,182626
193297,201178,182626
193298,201236,182626
193299,201383,182626
193300,201540,182626
193301,201697,182626
193302,201854,182626
193303,202011,182626
193304,202168,182626
193305,202325,182626
193306,202482,182626
193307,202639,182626
193308,202796,182626
193309,202953,182626
193310,203110,182626
193311,203267,182626
193312,203424,182626
193313,203581,182626
193314,203738,182626
193315,203895,182626
193316,204052,182626
193317,204209,182626
193318,204366,182626
193319,204523,182626
193320,204680,182626
193321,204837,182626
193322,204994,182626
193323,205151,182626
193324,205308,182626
193325,205442,182603
193326,136804,182599
193327,136962,182599
193328,137376,182598
193329,137454,182598
193330,137532,182598
193331,137610,182598
193332,137752,182598
193333,137910,182598
193334,138068,182598
193335,138226,182598
193336,213525,182605
193337,213659,182624
193338,213774,182624
193339,213265,182624
193340,213300,182624
193341,213335,182624
193342,213370,182624
193343,213405,182624
193344,213440,182624
193345,213475,182624
193346,213510,182624
193347,213545,182624
193348,213580,182624
193349,213615,182624
193350,213650,182624
193351,213685,182624
193352,213720,182624
193353,213755,182624
193354,213790,182624
193355,213825,182624
193356,213860,182624
193357,213895,182624
193358,213930,182624
193359,213965,182624
193360,214000,182624
193361,214035,182624
193362,214070,182624
193363,214105,182624
193364,214140,182624
193365,214175,182624
193366,214210,182624
193367,214245,182624
193368,214280,182624
193369,214315,182624
193370,214350,182624
193371,214385,182624
193372,214420,182624
193373,214455,182624
193374,214490,182624
193375,214525,182624
193376,214560,182624
193377,214595,182624
193378,214630,182624
193379,214665,182624
193380,214700,182624
193381,214735,182624
193382,214770,182624
193383,214805,182624
193384,214840,182624
193385,214885,182624
193386,215042,182624
193387,215199,182624
193388,215356,182624
193389,215513,182624
193390,215670,182624
193391,215827,182624
193392,215984,182624
193393,216141,182624
193394,216298,182624
193395,216455,182624
193396,216612,182624
193397,216769,182624
193398,216926,182624
193399,217083,182624
193400,217240,182624
193401,217397,182624
193402,217554,182624
193403,217711,182624
193404,217868,182624
193405,218025,182624
193406,218182,182624
193407,218339,182624
193408,218496,182624
193409,218653,182624
193410,150076,182598
193411,150234,182598
193412,151895,182629
193413,151955,182634
193414,152010,182634
193415,152065,182634
193416,152120,182634
193417,152175,182634
193418,152230,182634
193419,152285,182634
193420,152340,182634
193421,152395,182634
193422,152450,182634
193423,152505,182634
193424,152560,182634
193425,152615,182634
193426,152670,182634
193427,165456,182638
193428,165612,182640
193429,165768,182642
193430,165924,182644
193431,166080,182646
193432,166236,182648
193433,166392,182650
193434,166548,182652
193435,166704,182654
193436,166860,182656
193437,167016,182658
193438,167172,182660
193439,167328,182662
193440,167484,182664
193441,167640,182666
193442,167796,182668
193443,167950,182668
193444,168104,182668
193445,168258,182678
193446,168412,182678
193447,168566,182678
193448,168720,182678
193449,168874,182678
193450,169028,182678
193451,169182,182678
193452,169336,182678
193453,169490,182678
193454,169644,182678
193455,169798,182678
193456,169952,182678
193457,170106,182678
193458,170260,182678
193459,170414,182678
193460,170568,182678
193461,170722,182678
193462,170876,182678
193463,171030,182678
193464,171184,182678
193465,171338,182678
193466,171492,182678
193467,171646,182678
193468,171800,182678
193469,171954,182678
193470,172108,182678
193471,172262,182678
193472,172416,182678
193473,172570,182678
193474,172724,182678
193475,172878,182678
193476,173032,182678
193477,173186,182678
193478,173340,182678
193479,173494,182678
193480,173648,182678
193481,173802,182678
193482,173956,182678
193483,236604,182684
193484,236744,182690
193485,174504,182706
193486,174660,182734
193487,174736,182708
193488,231056,182654
193489,231213,182654
193490,231370,182654
193491,231527,182654
193492,231684,182654
193493,231841,182654
193494,237516,182656
193495,237566,182656
193496,237616,182656
193497,237666,182656
193498,237716,182656
193499,237766,182656
193500,237816,182656
193501,237866,182656
193502,237916,182656
193503,175200,182657
193504,175230,182659
193505,175260,182661
193506,175288,182661
193507,175316,182661
193508,175344,182661
193509,175372,182661
193510,175400,182661
193511,175428,182661
193512,175456,182661
193513,175484,182661
193514,175512,182661
193515,237400,182663
193516,237408,182663
193517,237416,182663
193518,237424,182663
193519,237432,182663
193520,237440,182663
193521,237448,182663
193522,237456,182663
193523,237464,182663
193524,237472,182663
193525,237480,182663
193526,237488,182663
193527,237496,182663
193528,237504,182663
193529,237512,182663
193530,175960,182661
193531,175988,182661
193532,176016,182661
193533,176044,182661
193534,176072,182661
193535,176100,182661
193536,176128,182661
193537,176156,182661
193538,176184,182661
193539,176212,182661
193540,176240,182661
193541,176268,182661
193542,176296,182661
193543,176324,182661
193544,176352,182661
193545,176380,182661
193546,176454,182661
193547,176589,182630
193548,176724,182630
193549,176859,182630
193550,176994,182630
193551,177129,182630
193552,177264,182630
193553,177399,182630
193554,177534,182630
193555,177669,182630
193556,177804,182630
193557,177939,182630
193558,178074,182630
193559,178209,182630
193560,178344,182630
193561,178479,182630
193562,179996,182630
193563,180066,182630
193564,180136,182630
193565,180206,182630
193566,180276,182630
193567,180346,182630
193568,180416,182630
193569,180486,182630
193570,180556,182630
193571,180626,182630
193572,180696,182630
193573,180766,182630
193574,180836,182630
193575,180906,182630
193576,180976,182630
193577,181046,182630
193578,181116,182630
193579,181186,182630
193580,245924,182648
193581,245951,182648
193582,189520,182655
193583,189544,182655
193584,189664,182655
193585,246285,182648
193586,246442,182648
193587,250546,182646
193588,250680,182646
193589,250814,182646
193590,250948,182646
193591,251082,182646
193592,251216,182646
193593,251350,182646
193594,251484,182646
193595,251618,182646
193596,251752,182646
193597,251886,182646
193598,252020,182646
193599,252154,182646
193600,252288,182646
193601,252422,182646
193602,252556,182646
193603,252690,182646
193604,187840,182630
193605,187952,182630
193606,188064,182630
193607,188176,182630
193608,188288,182630
193609,188400,182630
193610,188512,182630
193611,188624,182630
193612,188736,182630
193613,188848,182630
193614,188960,182630
193615,189072,182630
193616,189184,182630
193617,189296,182630
193618,189408,182630
193619,189520,182630
193620,189632,182630
193621,189744,182630
193622,252718,182646
193623,252787,182646
193624,252856,182646
193625,252925,182646
193626,190576,182655
193627,190600,182655
193628,190624,182655
193629,190648,182655
193630,190752,182655
193631,190864,182655
193632,256576,182654
193633,259599,182642
193634,259710,182642
193635,259821,182642
193636,259929,182639
193637,191536,182628
193638,191648,182628
193639,191760,182628
193640,191872,182628
193641,191984,182628
193642,192096,182628
193643,192208,182628
193644,192320,182628
193645,192432,182628
193646,192544,182628
193647,192656,182628
193648,192768,182628
193649,192880,182628
193650,192992,182628
193651,193104,182628
193652,193216,182628
193653,259715,182642
193654,259738,182642
193655,259761,182642
193656,259792,182642
193657,259926,182642
193658,260060,182642
193659,260194,182642
193660,260328,182642
193661,260462,182642
193662,260596,182642
193663,260730,182642
193664,260864,182642
193665,260998,182642
193666,261132,182642
193667,261266,182642
193668,261400,182642
193669,261534,182642
193670,261668,182642
193671,203404,182649
193672,203424,182649
193673,203444,182649
193674,203524,182649
193675,203678,182649
193676,203832,182649
193677,462,182640
193678,596,182640
193679,730,182640
193680,199968,182628
193681,200034,182628
193682,200100,182628
193683,200166,182628
193684,200232,182628
193685,200298,182628
193686,200364,182628
193687,200430,182628
193688,200496,182628
193689,200562,182628
193690,200628,182628
193691,200694,182628
193692,200760,182628
193693,200826,182628
193694,200892,182628
193695,200958,182628
193696,201024,182628
193697,201090,182628
193698,201156,182628
193699,201222,182628
193700,201288,182628
193701,201354,182628
193702,201420,182628
193703,201486,182628
193704,9104,182652
193705,9146,182652
193706,9188,182652
193707,9230,182652
193708,9272,182652
193709,9314,182652
193710,9356,182652
193711,9398,182652
193712,9440,182652
193713,9482,182652
193714,9524,182652
193715,9566,182652
193716,9608,182652
193717,9650,182652
193718,9692,182652
193719,9734,182652
193720,9776,182652
193721,9818,182652
193722,9860,182652
193723,9902,182652
193724,9944,182652
193725,9986,182652
193726,10028,182652
193727,10070,182652
193728,10112,182652
193729,10154,182652
193730,10196,182652
193731,10238,182652
193732,10280,182652
193733,10322,182652
193734,10364,182652
193735,10406,182652
193736,9928,182652
193737,204227,182664
193738,11006,182672
193739,11025,182672
193740,11044,182672
193741,11063,182672
193742,11082,182672
193743,11101,182672
193744,11120,182672
193745,11139,182672
193746,11158,182672
193747,10910,182688
193748,10952,182688
193749,10994,182688
193750,10838,182688
193751,11253,182708
193752,11112,182716
193753,11162,182724
193754,11310,182744
193755,216496,182751
193756,216512,182751
193757,216528,182751
193758,216544,182751
193759,216614,182751
193760,216768,182751
193761,216922,182751
193762,217076,182751
193763,12087,182744
193764,217384,182732
193765,12401,182708
193766,12558,182708
193767,12715,182708
193768,218000,182696
193769,218154,182696
193770,218308,182696
193771,218462,182696
193772,218614,182694
193773,13657,182672
193774,13814,182672
193775,13971,182672
193776,14128,182672
193777,14285,182672
193778,14442,182672
193779,14599,182672
193780,14756,182672
193781,14913,182672
193782,15070,182672
193783,15227,182672
193784,15384,182672
193785,15541,182672
193786,15698,182672
193787,15855,182672
193788,16008,182668
193789,221234,182660
193790,221388,182660
193791,221542,182660
193792,221696,182660
193793,221850,182660
193794,222004,182660
193795,222158,182660
193796,222312,182660
193797,222466,182660
193798,222620,182660
193799,222774,182660
193800,222928,182660
193801,223082,182660
193802,223236,182660
193803,223390,182660
193804,223544,182660
193805,223698,182660
193806,223852,182660
193807,224006,182660
193808,224160,182660
193809,224314,182660
193810,224468,182660
193811,224622,182660
193812,224776,182660
193813,222428,182624
193814,222536,182624
193815,222644,182624
193816,222752,182624
193817,222860,182624
193818,222968,182624
193819,223076,182624
193820,223184,182624
193821,223292,182624
193822,223400,182624
193823,223508,182624
193824,223616,182624
193825,223724,182624
193826,223832,182624
193827,223940,182624
193828,28624,182632
193829,25470,182632
193830,25508,182632
193831,25546,182632
193832,25584,182632
193833,25622,182632
193834,228856,182637
193835,228868,182637
193836,228880,182637
193837,228892,182637
193838,228904,182637
193839,228934,182637
193840,229088,182637
193841,229242,182637
193842,229396,182637
193843,229550,182637
193844,26040,182632
193845,26078,182632
193846,26116,182632
193847,26154,182632
193848,26192,182632
193849,26230,182632
193850,26268,182632
193851,26306,182632
193852,26344,182632
193853,26382,182632
193854,26420,182632
193855,26531,182632
193856,26688,182632
193857,26845,182632
193858,27002,182632
193859,27159,182632
193860,27316,182632
193861,29041,182632
193862,29102,182632
193863,29163,182632
193864,29224,182632
193865,29285,182632
193866,29346,182632
193867,29407,182632
193868,29468,182632
193869,234354,182658
193870,234412,182658
193871,234470,182658
193872,234528,182658
193873,234586,182658
193874,234644,182658
193875,234702,182658
193876,234760,182658
193877,234818,182658
193878,234940,182658
193879,235094,182658
193880,235248,182658
193881,235402,182658
193882,235556,182658
193883,235710,182658
193884,235864,182658
193885,236018,182658
193886,36426,182628
193887,36533,182628
193888,36640,182628
193889,36747,182628
193890,36854,182628
193891,36961,182628
193892,37068,182628
193893,37175,182628
193894,37282,182628
193895,38830,182627
193896,38864,182627
193897,38898,182627
193898,38932,182627
193899,38966,182627
193900,39000,182627
193901,39034,182627
193902,39068,182627
193903,39102,182627
193904,35792,182628
193905,35803,182628
193906,35814,182628
193907,35825,182628
193908,35836,182628
193909,240552,182631
193910,240560,182631
193911,240568,182631
193912,240576,182631
193913,240584,182631
193914,240592,182631
193915,240638,182631
193916,240792,182631
193917,240946,182631
193918,241100,182631
193919,241254,182631
193920,241408,182631
193921,36893,182628
193922,37050,182628
193923,37207,182628
193924,37364,182628
193925,37521,182628
193926,37678,182628
193927,37835,182628
193928,233880,182622
193929,233915,182622
193930,233950,182622
193931,233985,182622
193932,234020,182622
193933,234055,182622
193934,234090,182622
193935,234125,182622
193936,244848,182652
193937,244879,182652
193938,244910,182652
193939,244941,182652
193940,244972,182652
193941,245003,182652
193942,245034,182652
193943,245065,182652
193944,245104,182652
193945,245258,182652
193946,47151,182654
193947,47286,182659
193948,47416,182659
193949,47546,182659
193950,47676,182659
193951,47806,182659
193952,47936,182659
193953,48066,182659
193954,48196,182659
193955,48326,182659
193956,48456,182659
193957,48586,182659
193958,48716,182659
193959,48846,182659
193960,48976,182659
193961,49106,182659
193962,49236,182659
193963,49366,182659
193964,49496,182659
193965,49626,182659
193966,249520,182688
193967,249624,182688
193968,249728,182688
193969,249832,182688
193970,249936,182688
193971,250040,182688
193972,250144,182688
193973,51344,182695
193974,51424,182695
193975,51504,182695
193976,251088,182724
193977,251142,182724
193978,52172,182726
193979,52202,182726
193980,251632,182729
193981,251636,182729
193982,251640,182729
193983,251644,182729
193984,251648,182729
193985,251652,182729
193986,251656,182729
193987,251726,182729
193988,251880,182729
193989,252034,182729
193990,252188,182729
193991,252342,182729
193992,252496,182729
193993,53266,182726
193994,53396,182726
193995,53526,182718
193996,53656,182718
193997,53264,182690
193998,53344,182690
193999,53424,182690
194000,54176,182685
194001,53584,182682
194002,53664,182682
194003,53744,182682
194004,53824,182682
194005,53904,182682
194006,53984,182682
194007,54048,182666
194008,53072,182654
194009,53102,182654
194010,53132,182654
194011,53162,182654
194012,53192,182654
194013,53222,182654
194014,53252,182654
194015,53282,182654
194016,53312,182654
194017,53342,182654
194018,53372,182654
194019,53402,182654
194020,53432,182654
194021,53462,182654
194022,53492,182654
194023,53522,182654
194024,53552,182654
194025,53582,182654
194026,53612,182654
194027,53642,182654
194028,253896,182650
194029,55824,182649
194030,54006,182646
194031,54163,182646
194032,54320,182646
194033,54477,182646
194034,54634,182646
194035,54791,182646
194036,54948,182646
194037,254382,182618
194038,254436,182618
194039,254490,182618
194040,254544,182618
194041,254598,182618
194042,254652,182618
194043,254706,182618
194044,254760,182618
194045,254814,182618
194046,254868,182618
194047,254922,182618
194048,254976,182618
194049,255030,182618
194050,255084,182618
194051,255138,182618
194052,255192,182618
194053,255246,182618
194054,255300,182618
194055,255381,182618
194056,255512,182618
194057,255643,182618
194058,255774,182618
194059,255905,182618
194060,256036,182618
194061,256167,182618
194062,256298,182618
194063,256429,182618
194064,65648,182640
194065,65751,182640
194066,65854,182640
194067,65957,182640
194068,66060,182640
194069,66163,182640
194070,60286,182617
194071,62147,182617
194072,62200,182617
194073,62253,182617
194074,62306,182617
194075,62359,182617
194076,65240,182640
194077,65266,182640
194078,65292,182640
194079,65318,182640
194080,65344,182640
194081,65370,182640
194082,65396,182640
194083,65422,182640
194084,65448,182640
194085,65474,182640
194086,65500,182640
194087,65526,182640
194088,65616,182640
194089,65746,182640
194090,65876,182640
194091,66006,182640
194092,66136,182640
194093,66266,182640
194094,66396,182640
194095,66526,182640
194096,66656,182640
194097,66786,182640
194098,66916,182640
194099,67024,182618
194100,64996,182613
194101,65153,182613
194102,65310,182613
194103,65928,182626
194104,65968,182640
194105,65994,182640
194106,66020,182640
194107,66095,182640
194108,66252,182640
194109,66409,182640
194110,66566,182640
194111,66723,182640
194112,66880,182640
194113,6322,182616
194114,6372,182616
194115,6422,182616
194116,6472,182616
194117,6522,182616
194118,6572,182616
194119,6622,182616
194120,6672,182616
194121,6722,182616
194122,6772,182616
194123,6822,182616
194124,6872,182616
194125,6922,182616
194126,6972,182616
194127,7022,182616
194128,7072,182616
194129,7122,182616
194130,7172,182616
194131,7222,182616
194132,75270,182633
194133,75333,182647
194134,75382,182647
194135,75431,182647
194136,75480,182647
194137,75529,182647
194138,75578,182647
194139,75627,182647
194140,75676,182647
194141,75725,182647
194142,75774,182647
194143,75823,182647
194144,75872,182647
194145,75921,182647
194146,75970,182647
194147,76019,182647
194148,76068,182647
194149,76117,182647
194150,76166,182647
194151,76215,182647
194152,76264,182647
194153,76313,182647
194154,76362,182647
194155,75716,182647
194156,77128,182670
194157,77150,182670
194158,77172,182670
194159,77194,182670
194160,77216,182670
194161,77238,182670
194162,77260,182670
194163,77282,182670
194164,76852,182683
194165,76901,182683
194166,76950,182683
194167,76999,182683
194168,77392,182706
194169,77414,182706
194170,19214,182708
194171,19233,182708
194172,19252,182708
194173,19271,182708
194174,19290,182708
194175,19309,182708
194176,19328,182708
194177,19347,182708
194178,19366,182708
194179,19385,182708
194180,19404,182708
194181,19458,182708
194182,19612,182708
194183,19766,182708
194184,19920,182708
194185,20074,182708
194186,20228,182708
194187,20382,182708
194188,20536,182708
194189,20690,182708
194190,20844,182708
194191,20998,182708
194192,21152,182708
194193,21306,182708
194194,79754,182681
194195,79911,182681
194196,80068,182681
194197,80225,182681
194198,80382,182681
194199,22230,182672
194200,22384,182672
194201,22538,182672
194202,22692,182672
194203,22846,182672
194204,23000,182672
194205,23154,182672
194206,23308,182672
194207,23462,182672
194208,23616,182672
194209,82109,182645
194210,82266,182645
194211,82423,182645
194212,82580,182645
194213,82737,182645
194214,82894,182645
194215,83051,182645
194216,83208,182645
194217,83365,182645
194218,83522,182645
194219,83679,182645
194220,83836,182645
194221,83993,182645
194222,84150,182645
194223,84307,182645
194224,84464,182645
194225,84621,182645
194226,84778,182645
194227,84935,182645
194228,85092,182645
194229,85249,182645
194230,85406,182645
194231,85563,182645
194232,85720,182645
194233,85877,182645
194234,86034,182645
194235,86191,182645
194236,86348,182645
194237,86505,182645
194238,86662,182645
194239,28390,182616
194240,28544,182616
194241,30031,182632
194242,30046,182632
194243,30061,182632
194244,30076,182632
194245,30091,182632
194246,30106,182632
194247,30121,182632
194248,30136,182632
194249,30151,182632
194250,30166,182632
194251,30238,182632
194252,30392,182632
194253,30546,182632
194254,30700,182632
194255,30854,182632
194256,31008,182632
194257,31162,182632
194258,32372,182632
194259,32414,182632
194260,32456,182632
194261,32498,182632
194262,32540,182632
194263,32582,182632
194264,32624,182632
194265,32666,182632
194266,32708,182632
194267,32750,182632
194268,32856,182632
194269,33010,182632
194270,33164,182632
194271,33318,182632
194272,33472,182632
194273,33626,182632
194274,33780,182632
194275,33934,182632
194276,34088,182632
194277,34242,182632
194278,34396,182632
194279,34550,182632
194280,34704,182632
194281,34858,182632
194282,36114,182632
194283,36183,182632
194284,36252,182632
194285,36321,182632
194286,36390,182632
194287,36459,182632
194288,36528,182632
194289,36597,182632
194290,36666,182632
194291,36735,182632
194292,95392,182643
194293,95464,182643
194294,95536,182643
194295,95611,182643
194296,95768,182643
194297,95925,182643
194298,102156,182641
194299,102282,182641
194300,102408,182641
194301,102534,182641
194302,102660,182641
194303,102786,182641
194304,102912,182641
194305,103038,182641
194306,103164,182641
194307,103290,182641
194308,103416,182641
194309,103542,182641
194310,103668,182641
194311,103794,182641
194312,103920,182641
194313,104046,182641
194314,104172,182641
194315,104298,182641
194316,104424,182641
194317,104550,182641
194318,42304,182664
194319,42400,182664
194320,42496,182664
194321,42592,182664
194322,42688,182664
194323,42784,182664
194324,42880,182664
194325,42976,182664
194326,43072,182664
194327,43168,182664
194328,107104,182677
194329,107172,182677
194330,107240,182677
194331,107308,182677
194332,107376,182677
194333,44622,182700
194334,44660,182700
194335,44698,182700
194336,44736,182700
194337,44774,182700
194338,44812,182700
194339,44850,182700
194340,44888,182700
194341,44926,182700
194342,44964,182700
194343,45002,182700
194344,45040,182700
194345,45078,182700
194346,45116,182700
194347,45154,182700
194348,45192,182700
194349,45330,182700
194350,45484,182700
194351,45638,182700
194352,45792,182700
194353,45946,182700
194354,46100,182700
194355,46254,182700
194356,46408,182700
194357,46562,182700
194358,46716,182700
194359,46870,182700
194360,47024,182688
194361,47178,182688
194362,47332,182688
194363,47486,182688
194364,110472,182675
194365,110598,182675
194366,110724,182675
194367,110850,182675
194368,110976,182675
194369,47200,182652
194370,47296,182652
194371,47392,182652
194372,47488,182652
194373,47584,182652
194374,47680,182652
194375,47776,182652
194376,47872,182652
194377,47968,182652
194378,48064,182652
194379,110572,182639
194380,110640,182639
194381,110708,182639
194382,110776,182639
194383,110844,182639
194384,110912,182639
194385,110980,182639
194386,111048,182639
194387,111116,182639
194388,111184,182639
194389,111252,182639
194390,111320,182639
194391,111388,182639
194392,111456,182639
194393,111524,182639
194394,111592,182639
194395,111660,182639
194396,111728,182639
194397,111796,182639
194398,111864,182639
194399,111939,182639
194400,112096,182639
194401,112253,182639
194402,115260,182639
194403,115386,182639
194404,115512,182639
194405,115638,182639
194406,115764,182639
194407,115890,182639
194408,116016,182639
194409,116142,182639
194410,116268,182639
194411,116394,182639
194412,116520,182639
194413,116646,182639
194414,55340,182624
194415,49169,182616
194416,49296,182616
194417,49423,182616
194418,49550,182616
194419,49677,182616
194420,56680,182615
194421,56714,182615
194422,56748,182615
194423,56782,182615
194424,56880,182615
194425,57034,182615
194426,57188,182615
194427,56918,182615
194428,56952,182615
194429,56986,182615
194430,57020,182615
194431,120864,182636
194432,120960,182637
194433,121055,182637
194434,121150,182637
194435,121245,182637
194436,121340,182637
194437,121435,182637
194438,121530,182637
194439,121625,182637
194440,121720,182637
194441,121815,182637
194442,121910,182637
194443,122005,182637
194444,122100,182637
194445,122195,182637
194446,122290,182637
194447,122385,182637
194448,122480,182637
194449,122575,182637
194450,122670,182637
194451,122765,182637
194452,122860,182637
194453,122955,182637
194454,123050,182637
194455,123145,182637
194456,125592,182635
194457,125625,182635
194458,125658,182635
194459,125691,182635
194460,125724,182635
194461,125757,182635
194462,58108,182651
194463,58142,182651
194464,58176,182651
194465,58210,182651
194466,58244,182651
194467,58278,182651
194468,58312,182651
194469,58346,182651
194470,58380,182651
194471,58414,182651
194472,126112,182663
194473,126153,182671
194474,126186,182671
194475,126219,182671
194476,126252,182671
194477,126285,182671
194478,67172,182682
194479,67202,182682
194480,67232,182682
194481,67262,182682
194482,67292,182682
194483,67322,182682
194484,67352,182682
194485,67382,182682
194486,67412,182682
194487,67442,182682
194488,67472,182682
194489,67502,182682
194490,67532,182682
194491,67562,182682
194492,67592,182682
194493,67622,182682
194494,67660,182682
194495,67814,182682
194496,67968,182682
194497,68122,182682
194498,68276,182682
194499,68430,182682
194500,68584,182682
194501,68738,182682
194502,68892,182682
194503,69046,182682
194504,69200,182682
194505,69354,182682
194506,69508,182682
194507,69662,182682
194508,69816,182682
194509,69970,182682
194510,70124,182682
194511,129523,182669
194512,129680,182669
194513,129837,182669
194514,129994,182669
194515,130151,182669
194516,130308,182669
194517,71202,182649
194518,71356,182649
194519,71510,182649
194520,71664,182649
194521,71818,182649
194522,71972,182649
194523,72126,182649
194524,72280,182649
194525,72434,182649
194526,72588,182649
194527,72742,182649
194528,72894,182647
194529,132349,182633
194530,132506,182633
194531,132663,182633
194532,132820,182633
194533,132977,182633
194534,133134,182633
194535,133291,182633
194536,133448,182633
194537,133605,182633
194538,133762,182633
194539,133919,182633
194540,134076,182633
194541,134233,182633
194542,134390,182633
194543,134547,182633
194544,134704,182633
194545,139947,182628
194546,140038,182628
194547,140129,182628
194548,140220,182628
194549,140311,182628
194550,140402,182628
194551,140493,182628
194552,140584,182628
194553,140675,182628
194554,140766,182628
194555,140857,182628
194556,140948,182628
194557,77734,182628
194558,77772,182640
194559,77798,182640
194560,77824,182640
194561,77978,182640
194562,79986,182640
194563,137687,182628
194564,137844,182628
194565,138001,182628
194566,139624,182628
194567,139684,182628
194568,139744,182628
194569,139804,182628
194570,139864,182628
194571,139924,182628
194572,139984,182628
194573,140044,182628
194574,140104,182628
194575,140164,182628
194576,140224,182628
194577,140284,182628
194578,140344,182628
194579,140404,182628
194580,140464,182628
194581,140524,182628
194582,140670,182628
194583,140827,182628
194584,140984,182628
194585,141141,182628
194586,141298,182628
194587,141455,182628
194588,84384,182647
194589,84472,182647
194590,84560,182647
194591,84648,182647
194592,84736,182647
194593,84824,182647
194594,84912,182647
194595,85000,182647
194596,85088,182647
194597,85176,182647
194598,85264,182647
194599,149640,182660
194600,149696,182660
194601,149752,182660
194602,149808,182660
194603,149864,182660
194604,149920,182660
194605,87006,182670
194606,87028,182670
194607,87050,182670
194608,87072,182670
194609,87094,182670
194610,87116,182670
194611,87138,182670
194612,87160,182670
194613,87182,182670
194614,87204,182670
194615,87226,182670
194616,87248,182670
194617,87270,182670
194618,87292,182670
194619,87314,182670
194620,87336,182670
194621,87358,182670
194622,87380,182670
194623,87526,182670
194624,87680,182670
194625,87834,182670
194626,87988,182670
194627,88142,182670
194628,88296,182670
194629,88450,182670
194630,88604,182670
194631,88758,182670
194632,88912,182670
194633,89066,182670
194634,89220,182670
194635,89374,182670
194636,89528,182670
194637,89682,182670
194638,89836,182670
194639,89990,182670
194640,153120,182660
194641,153242,182660
194642,153364,182660
194643,153486,182660
194644,153608,182660
194645,153730,182660
194646,89488,182634
194647,89576,182634
194648,89664,182634
194649,89752,182634
194650,89840,182634
194651,89928,182634
194652,90016,182634
194653,90104,182634
194654,90192,182634
194655,90280,182634
194656,90368,182634
194657,155194,182634
194658,152944,182624
194659,153000,182624
194660,153056,182624
194661,153112,182624
194662,153230,182624
194663,153387,182624
194664,153544,182624
194665,153701,182624
194666,96582,182628
194667,96701,182628
194668,96820,182628
194669,96939,182628
194670,97058,182628
194671,97177,182628
194672,97296,182628
194673,97415,182628
194674,97534,182628
194675,97653,182628
194676,96296,182628
194677,96314,182628
194678,96332,182628
194679,96350,182628
194680,96368,182628
194681,96458,182628
194682,96612,182628
194683,96766,182628
194684,96920,182628
194685,97074,182628
194686,97228,182628
194687,97382,182628
194688,97536,182628
194689,97690,182628
194690,97844,182628
194691,97998,182628
194692,98152,182628
194693,98306,182628
194694,98460,182628
194695,98614,182628
194696,98768,182628
194697,98922,182628
194698,161510,182620
194699,161597,182620
194700,162924,182630
194701,162980,182634
194702,163032,182634
194703,163084,182634
194704,163136,182634
194705,163188,182634
194706,163240,182634
194707,163292,182634
194708,163344,182634
194709,163396,182634
194710,163448,182634
194711,163500,182634
194712,164376,182652
194713,164393,182652
194714,164410,182652
194715,164427,182652
194716,164444,182652
194717,164461,182652
194718,104612,182658
194719,104626,182658
194720,104640,182658
194721,104654,182658
194722,104668,182658
194723,104682,182658
194724,104696,182658
194725,104710,182658
194726,104724,182658
194727,104738,182658
194728,104752,182658
194729,104766,182658
194730,104780,182658
194731,104794,182658
194732,104808,182658
194733,104822,182658
194734,104836,182658
194735,104850,182658
194736,104928,182658
194737,105082,182658
194738,105236,182658
194739,105390,182658
194740,105544,182658
194741,105698,182658
194742,105852,182658
194743,106006,182658
194744,106160,182658
194745,106314,182658
194746,106468,182658
194747,106622,182658
194748,106776,182658
194749,106930,182658
194750,107084,182658
194751,107238,182658
194752,107392,182658
194753,107546,182658
194754,167674,182652
194755,167831,182652
194756,167988,182652
194757,168145,182652
194758,168302,182652
194759,168459,182652
194760,108624,182641
194761,108778,182641
194762,108932,182641
194763,109086,182641
194764,109240,182641
194765,109394,182641
194766,175860,182648
194767,175978,182648
194768,176096,182648
194769,176214,182648
194770,176332,182648
194771,176450,182648
194772,176568,182648
194773,112722,182616
194774,112732,182616
194775,112742,182616
194776,112752,182616
194777,112762,182616
194778,112772,182616
194779,112782,182616
194780,112792,182616
194781,112802,182616
194782,112812,182616
194783,112822,182616
194784,112832,182616
194785,112842,182616
194786,112852,182616
194787,112862,182616
194788,112936,182616
194789,113090,182616
194790,113244,182616
194791,113398,182616
194792,113552,182616
194793,113706,182616
194794,113860,182616
194795,115023,182616
194796,115068,182616
194797,115113,182616
194798,115158,182616
194799,115203,182616
194800,117500,182635
194801,175408,182648
194802,175456,182648
194803,175504,182648
194804,175552,182648
194805,175681,182648
194806,175838,182648
194807,175995,182648
194808,176152,182648
194809,176309,182648
194810,176466,182648
194811,176623,182648
194812,176780,182648
194813,176936,182647
194814,183208,182644
194815,183252,182644
194816,183296,182644
194817,183340,182644
194818,183384,182644
194819,120338,182646
194820,120344,182646
194821,120350,182646
194822,120356,182646
194823,120362,182646
194824,120368,182646
194825,120374,182646
194826,120380,182646
194827,120386,182646
194828,120392,182646
194829,120398,182646
194830,120404,182646
194831,120410,182646
194832,120416,182646
194833,120422,182646
194834,120428,182646
194835,120434,182646
194836,120440,182646
194837,120482,182646
194838,120636,182646
194839,120790,182646
194840,120944,182646
194841,121098,182646
194842,121252,182646
194843,121406,182646
194844,121560,182646
194845,121714,182646
194846,121868,182646
194847,122022,182646
194848,122176,182646
194849,122330,182646
194850,122484,182646
194851,122638,182646
194852,122792,182646
194853,122946,182646
194854,123100,182646
194855,186362,182644
194856,186480,182644
194857,186598,182644
194858,186716,182644
194859,186834,182644
194860,186952,182644
194861,187070,182644
194862,187878,182640
194863,187883,182640
194864,187888,182640
194865,187893,182640
194866,187898,182640
194867,187903,182640
194868,187908,182640
194869,188014,182640
194870,188132,182640
194871,188250,182640
194872,188368,182640
194873,188486,182640
194874,188602,182638
194875,186671,182608
194876,186828,182608
194877,186985,182608
194878,187142,182608
194879,127614,182604
194880,127616,182604
194881,127618,182604
194882,127620,182604
194883,127622,182604
194884,127720,182604
194885,127874,182604
194886,128028,182604
194887,128182,182604
194888,128336,182604
194889,128490,182604
194890,128644,182604
194891,193464,182640
194892,193504,182640
194893,193544,182640
194894,193584,182640
194895,193624,182640
194896,193664,182640
194897,193704,182640
194898,193744,182640
194899,193784,182640
194900,193824,182640
194901,193864,182640
194902,193904,182640
194903,193944,182640
194904,193984,182640
194905,194024,182640
194906,194064,182640
194907,194104,182640
194908,194144,182640
194909,194184,182640
194910,194224,182640
194911,194264,182640
194912,194304,182640
194913,194913,182636
194914,194914,182636
194915,194915,182636
194916,194916,182636
194917,194917,182636
194918,194918,182636
194919,194919,182636
194920,194920,182636
194921,194921,182636
194922,194922,182636
194923,194923,182636
194924,194924,182636
194925,194925,182636
194926,194926,182636
194927,194927,182636
194928,194992,182636
194929,195149,182636
194930,195306,182636
194931,195463,182636
194932,195620,182636
194933,195777,182636
194934,195934,182636
194935,196091,182636
194936,196248,182636
194937,196405,182636
194938,196562,182636
194939,196719,182636
194940,196876,182636
194941,197033,182636
194942,197190,182636
194943,197347,182636
194944,197504,182636
194945,197661,182636
194946,197818,182636
194947,197975,182636
194948,198132,182636
194949,198289,182636
194950,198446,182636
194951,198603,182636
194952,198760,182636
194953,138346,182634
194954,138500,182634
194955,138654,182634
194956,138808,182634
194957,138962,182634
194958,139116,182634
194959,139270,182634
194960,139424,182634
194961,139578,182634
194962,139732,182634
194963,139886,182634
194964,140040,182634
194965,140194,182634
194966,140322,182608
194967,201115,182600
194968,137504,182598
194969,137580,182598
194970,137656,182598
194971,137732,182598
194972,144332,182612
194973,203284,182634
194974,203320,182634
194975,203356,182634
194976,203392,182634
194977,203428,182634
194978,203464,182634
194979,203500,182634
194980,203536,182634
194981,203572,182634
194982,203608,182634
194983,203644,182634
194984,203784,182634
194985,203941,182634
194986,204098,182634
194987,204255,182634
194988,204412,182634
194989,204569,182634
194990,204726,182634
194991,204883,182634
194992,205040,182634
194993,205197,182634
194994,205354,182634
194995,205511,182634
194996,205668,182634
194997,205825,182634
194998,205982,182634
194999,206139,182634
195000,206296,182634
195001,206453,182634
195002,206610,182634
195003,206767,182634
195004,206924,182634
195005,207081,182634
195006,207238,182634
195007,146872,182632
195008,146944,182632
195009,147016,182632
195010,147124,182632
195011,147278,182632
195012,147432,182632
195013,147586,182632
195014,147740,182632
195015,147894,182632
195016,148048,182632
195017,148202,182632
195018,148356,182632
195019,148510,182632
195020,148664,182632
195021,148818,182632
195022,148972,182632
195023,149126,182632
195024,149280,182632
195025,149434,182632
195026,149588,182632
195027,149742,182632
195028,149896,182632
195029,150050,182632
195030,150204,182632
195031,150358,182632
195032,150512,182632
195033,150666,182632
195034,150820,182632
195035,213894,182631
195036,214008,182631
195037,214122,182631
195038,214236,182631
195039,214350,182631
195040,214464,182631
195041,214578,182631
195042,214692,182631
195043,214806,182631
195044,214920,182631
195045,215034,182631
195046,216778,182632
195047,216849,182632
195048,216920,182632
195049,216991,182632
195050,217062,182632
195051,217133,182632
195052,217204,182632
195053,217275,182632
195054,217346,182632
195055,217417,182632
195056,217488,182632
195057,217559,182632
195058,217630,182632
195059,157883,182654
195060,157908,182654
195061,157933,182654
195062,157958,182654
195063,157983,182654
195064,158008,182654
195065,158033,182654
195066,158058,182654
195067,158083,182654
195068,158108,182654
195069,158133,182654
195070,158158,182654
195071,158183,182654
195072,158208,182654
195073,158233,182654
195074,158258,182654
195075,158283,182654
195076,158308,182654
195077,158333,182654
195078,158358,182654
195079,158383,182654
195080,158240,182664
195081,158308,182664
195082,158458,182690
195083,225544,182691
195084,225580,182691
195085,225733,182691
195086,225865,182670
195087,158982,182660
195088,159136,182660
195089,159286,182656
195090,226498,182655
195091,226651,182655
195092,226804,182655
195093,226957,182655
195094,227110,182655
195095,227263,182655
195096,227416,182655
195097,227569,182655
195098,227722,182655
195099,227875,182655
195100,228028,182655
195101,228181,182655
195102,228334,182655
195103,228487,182655
195104,228640,182655
195105,228793,182655
195106,228946,182655
195107,229099,182655
195108,229252,182655
195109,229405,182628
195110,229558,182628
195111,229711,182628
195112,229864,182628
195113,230017,182628
195114,230170,182628
195115,230323,182628
195116,230476,182628
195117,230629,182628
195118,230782,182628
195119,230935,182628
195120,231088,182628
195121,231241,182628
195122,231394,182628
195123,231547,182628
195124,231700,182628
195125,231853,182628
195126,232006,182628
195127,232524,182649
195128,232544,182649
195129,232564,182649
195130,232618,182649
195131,232771,182649
195132,232924,182649
195133,233077,182649
195134,233230,182649
195135,233383,182649
195136,233536,182649
195137,233689,182649
195138,233842,182649
195139,233995,182649
195140,234148,182649
195141,234301,182649
195142,170818,182656
195143,170925,182656
195144,171032,182656
195145,171139,182656
195146,235551,182662
195147,235637,182685
195148,235700,182685
195149,235763,182685
195150,235826,182685
195151,235889,182685
195152,235984,182685
195153,236137,182685
195154,236290,182685
195155,172209,182674
195156,172313,182671
195157,172423,182652
195158,172530,182652
195159,172637,182652
195160,172744,182652
195161,172851,182652
195162,172950,182644
195163,172043,182638
195164,172060,182638
195165,172077,182638
195166,172094,182638
195167,172111,182638
195168,172128,182638
195169,172145,182638
195170,172162,182638
195171,172179,182638
195172,172196,182638
195173,172226,182638
195174,172380,182638
195175,172534,182638
195176,172688,182638
195177,237527,182626
195178,237590,182626
195179,237653,182626
195180,237716,182626
195181,237779,182626
195182,237842,182626
195183,237905,182626
195184,237968,182626
195185,238031,182626
195186,238094,182626
195187,238157,182626
195188,238220,182626
195189,178161,182630
195190,178174,182630
195191,178187,182630
195192,178200,182630
195193,178213,182630
195194,178226,182630
195195,178239,182630
195196,178252,182630
195197,178265,182630
195198,178278,182630
195199,178291,182630
195200,177664,182652
195201,177724,182652
195202,177784,182652
195203,177844,182652
195204,177904,182652
195205,177964,182652
195206,244962,182660
195207,178395,182666
195208,178408,182666
195209,245356,182673
195210,245368,182673
195211,245380,182673
195212,245392,182673
195213,245404,182673
195214,245470,182673
195215,245623,182673
195216,245776,182673
195217,245929,182673
195218,246082,182673
195219,246235,182673
195220,246388,182673
195221,246538,182670
195222,179772,182648
195223,179926,182648
195224,180080,182648
195225,180234,182648
195226,180388,182648
195227,180542,182648
195228,180696,182648
195229,180850,182648
195230,181004,182648
195231,248071,182637
195232,248224,182637
195233,248377,182637
195234,248530,182637
195235,248683,182637
195236,248836,182637
195237,248989,182637
195238,249142,182637
195239,249295,182622
195240,249448,182622
195241,249601,182622
195242,249754,182622
195243,249907,182622
195244,250060,182622
195245,250213,182622
195246,251248,182631
195247,251256,182631
195248,251264,182631
195249,251272,182631
195250,251280,182631
195251,251288,182631
195252,188012,182644
195253,188115,182644
195254,188218,182644
195255,188321,182644
195256,188424,182644
195257,188527,182644
195258,188630,182644
195259,188733,182644
195260,188836,182644
195261,253595,182667
195262,253650,182667
195263,253705,182667
195264,253760,182667
195265,253815,182667
195266,253870,182667
195267,253925,182667
195268,253980,182667
195269,254035,182667
195270,254090,182667
195271,254191,182667
195272,254344,182667
195273,254497,182667
195274,254650,182667
195275,254803,182667
195276,254956,182667
195277,255109,182656
195278,255262,182656
195279,255415,182656
195280,255563,182651
195281,190999,182640
195282,191102,182640
195283,191205,182640
195284,191308,182640
195285,191411,182640
195286,191514,182640
195287,191617,182640
195288,191720,182640
195289,191823,182640
195290,191926,182640
195291,257251,182625
195292,255300,182620
195293,255355,182620
195294,255410,182620
195295,255465,182620
195296,255520,182620
195297,255575,182620
195298,255630,182620
195299,255685,182620
195300,255740,182620
195301,255795,182620
195302,194221,182629
195303,194284,182640
195304,194336,182640
195305,194388,182640
195306,194440,182640
195307,194492,182640
195308,194544,182640
195309,194596,182640
195310,194648,182640
195311,194700,182640
195312,261584,182654
195313,261635,182654
195314,261686,182654
195315,261737,182654
195316,0,182655
195317,0,182655
195318,0,182655
195319,0,182655
195320,0,182655
195321,0,182655
195322,0,182655
195323,3,182655
195324,156,182655
195325,309,182655
195326,462,182655
195327,615,182655
195328,768,182655
195329,921,182655
195330,1074,182655
195331,1227,182655
195332,1380,182655
195333,1533,182655
195334,1686,182655
195335,197174,182636
195336,197328,182636
195337,197482,182636
195338,197636,182636
195339,197790,182636
195340,197944,182636
195341,198098,182636
195342,198252,182636
195343,198406,182636
195344,198560,182636
195345,198714,182636
195346,198868,182636
195347,199022,182636
195348,202940,182634
195349,203039,182634
195350,203138,182634
195351,203237,182634
195352,203336,182634
195353,203435,182634
195354,203534,182634
195355,203633,182634
195356,203732,182634
195357,203831,182634
195358,203930,182634
195359,6833,182652
195360,6880,182652
195361,6927,182652
195362,6974,182652
195363,7021,182652
195364,7068,182652
195365,7115,182652
195366,7162,182652
195367,7209,182652
195368,7256,182652
195369,7303,182652
195370,7350,182652
195371,7397,182652
195372,7500,182652
195373,7653,182652
195374,7806,182652
195375,7959,182652
195376,8112,182652
195377,8265,182652
195378,8418,182652
195379,8571,182652
195380,8724,182652
195381,8877,182652
195382,9030,182652
195383,9183,182652
195384,9336,182652
195385,206603,182634
195386,206702,182634
195387,206801,182634
195388,206900,182634
195389,206999,182634
195390,207098,182634
195391,207197,182634
195392,207296,182634
195393,207395,182634
195394,207494,182634
195395,207593,182634
195396,207692,182634
195397,207791,182634
195398,208904,182634
195399,208948,182634
195400,208992,182634
195401,209036,182634
195402,209080,182634
195403,13721,182652
195404,13764,182652
195405,13807,182652
195406,13850,182652
195407,13893,182652
195408,13936,182652
195409,13979,182652
195410,14022,182652
195411,14065,182652
195412,14108,182652
195413,14151,182652
195414,14194,182652
195415,14237,182652
195416,14280,182652
195417,14385,182652
195418,14538,182652
195419,14691,182652
195420,14844,182652
195421,14997,182652
195422,15150,182652
195423,15303,182652
195424,15456,182652
195425,15609,182652
195426,15762,182652
195427,15915,182652
195428,16068,182652
195429,16221,182652
195430,16374,182652
195431,211958,182634
195432,212112,182634
195433,212266,182634
195434,212420,182634
195435,212574,182634
195436,212728,182634
195437,212882,182634
195438,213036,182634
195439,213190,182634
195440,213344,182634
195441,213498,182634
195442,213652,182634
195443,213806,182634
195444,20140,182652
195445,20179,182652
195446,20218,182652
195447,20257,182652
195448,20296,182652
195449,20335,182652
195450,20374,182652
195451,20413,182652
195452,20452,182652
195453,20491,182652
195454,20530,182652
195455,20569,182652
195456,20608,182652
195457,20647,182652
195458,20686,182652
195459,20811,182652
195460,20964,182652
195461,21117,182652
195462,21270,182652
195463,21423,182652
195464,21576,182652
195465,21729,182652
195466,21882,182652
195467,22035,182652
195468,22188,182652
195469,22341,182652
195470,22494,182652
195471,22647,182652
195472,22800,182652
195473,22950,182649
195474,219950,182634
195475,220045,182634
195476,220140,182634
195477,220235,182634
195478,220330,182634
195479,220425,182634
195480,220520,182634
195481,220615,182634
195482,26126,182652
195483,26161,182652
195484,26196,182652
195485,26231,182652
195486,26266,182652
195487,26301,182652
195488,26336,182652
195489,26371,182652
195490,26406,182652
195491,26441,182652
195492,26476,182652
195493,26511,182652
195494,26546,182652
195495,26581,182652
195496,26616,182652
195497,26651,182652
195498,26778,182652
195499,26931,182652
195500,27084,182652
195501,27237,182652
195502,27390,182652
195503,27543,182652
195504,27696,182652
195505,27849,182652
195506,28002,182652
195507,28155,182652
195508,28308,182652
195509,28461,182652
195510,28614,182652
195511,28767,182652
195512,28920,182652
195513,224586,182634
195514,224740,182634
195515,224894,182634
195516,225048,182634
195517,225202,182634
195518,31746,182648
195519,31777,182648
195520,31808,182648
195521,31839,182648
195522,31870,182648
195523,31901,182648
195524,31932,182648
195525,31963,182648
195526,31994,182648
195527,32025,182648
195528,32056,182648
195529,32087,182648
195530,32118,182648
195531,32149,182648
195532,32180,182648
195533,32211,182648
195534,32286,182648
195535,32439,182648
195536,32592,182648
195537,32745,182648
195538,32898,182648
195539,33051,182648
195540,33204,182648
195541,33357,182648
195542,33510,182648
195543,33663,182648
195544,33816,182648
195545,33969,182648
195546,34122,182648
195547,34275,182648
195548,34428,182648
195549,34581,182648
195550,34717,182631
195551,36992,182635
195552,37024,182640
195553,37051,182640
195554,37078,182640
195555,37105,182640
195556,37132,182640
195557,37159,182640
195558,37186,182640
195559,37213,182640
195560,37240,182640
195561,37267,182640
195562,36928,182644
195563,37022,182648
195564,37112,182648
195565,37202,182648
195566,37292,182648
195567,237113,182661
195568,37488,182676
195569,237366,182655
195570,237516,182655
195571,237666,182655
195572,237816,182655
195573,237966,182655
195574,238116,182655
195575,238266,182655
195576,238416,182655
195577,238566,182655
195578,238716,182655
195579,238866,182655
195580,239016,182655
195581,239166,182655
195582,239316,182655
195583,239466,182655
195584,239616,182655
195585,239766,182655
195586,239916,182655
195587,240066,182655
195588,240216,182655
195589,240366,182655
195590,240516,182655
195591,240666,182655
195592,240816,182655
195593,240966,182655
195594,241116,182655
195595,241266,182655
195596,44040,182668
195597,44126,182668
195598,241944,182676
195599,241964,182676
195600,242016,182676
195601,242164,182674
195602,44556,182668
195603,242466,182649
195604,44728,182640
195605,44814,182640
195606,44900,182640
195607,44986,182640
195608,45072,182640
195609,45158,182640
195610,45244,182640
195611,45330,182640
195612,45416,182640
195613,45502,182640
195614,45588,182640
195615,45674,182640
195616,45760,182640
195617,45846,182640
195618,45932,182640
195619,46018,182640
195620,46104,182640
195621,46190,182640
195622,46276,182640
195623,46362,182640
195624,246008,182649
195625,46859,182660
195626,46878,182660
195627,246448,182666
195628,246464,182666
195629,246480,182666
195630,246516,182666
195631,246666,182666
195632,246816,182666
195633,47433,182660
195634,47586,182660
195635,47739,182660
195636,47892,182660
195637,247566,182643
195638,247716,182643
195639,247866,182643
195640,248016,182643
195641,248166,182643
195642,248316,182643
195643,248466,182643
195644,248616,182643
195645,248766,182643
195646,248916,182643
195647,249066,182643
195648,249216,182643
195649,249366,182643
195650,52516,182652
195651,52598,182652
195652,52680,182652
195653,52762,182652
195654,250696,182656
195655,250708,182656
195656,250720,182656
195657,250732,182656
195658,250744,182656
195659,250866,182656
195660,251016,182656
195661,251166,182656
195662,53500,182652
195663,53582,182652
195664,53664,182652
195665,53746,182652
195666,53828,182652
195667,252066,182637
195668,53992,182632
195669,54074,182632
195670,54156,182632
195671,54238,182632
195672,54320,182632
195673,54402,182632
195674,54484,182632
195675,253973,182637
195676,55284,182644
195677,55295,182644
195678,55306,182644
195679,55317,182644
195680,254720,182646
195681,254728,182646
195682,254736,182646
195683,254744,182646
195684,254752,182646
195685,254766,182646
195686,254916,182646
195687,255066,182646
195688,255216,182646
195689,255366,182646
195690,56154,182644
195691,56307,182644
195692,56460,182644
195693,56613,182644
195694,56766,182644
195695,56919,182644
195696,57072,182644
195697,256566,182631
195698,256716,182631
195699,60170,182636
195700,60248,182636
195701,60326,182636
195702,60404,182636
195703,60482,182636
195704,60560,182636
195705,60638,182636
195706,60716,182636
195707,60794,182636
195708,60872,182636
195709,60950,182636
195710,61028,182636
195711,61106,182636
195712,61184,182636
195713,61262,182636
195714,61340,182636
195715,61418,182636
195716,61496,182636
195717,61574,182636
195718,61652,182636
195719,61730,182636
195720,61808,182636
195721,61886,182636
195722,61964,182636
195723,62881,182628
195724,62884,182628
195725,62887,182628
195726,62890,182628
195727,62893,182628
195728,62896,182628
195729,62899,182628
195730,62902,182628
195731,62905,182628
195732,62908,182628
195733,62911,182628
195734,62914,182628
195735,63039,182628
195736,63192,182628
195737,63345,182628
195738,63498,182628
195739,63651,182628
195740,63804,182628
195741,63957,182628
195742,64110,182628
195743,64263,182628
195744,64416,182628
195745,64569,182628
195746,64722,182628
195747,64875,182628
195748,65028,182628
195749,65176,182623
195750,67580,182620
195751,67654,182620
195752,67728,182620
195753,67802,182620
195754,67876,182620
195755,67950,182620
195756,68024,182620
195757,68098,182620
195758,68172,182620
195759,68246,182620
195760,68320,182620
195761,68394,182620
195762,68468,182620
195763,68542,182620
195764,68616,182620
195765,68690,182620
195766,68764,182620
195767,68838,182620
195768,68912,182620
195769,68986,182620
195770,69060,182620
195771,69134,182620
195772,69207,182619
195773,5822,182616
195774,6322,182616
195775,6393,182616
195776,6464,182616
195777,6535,182616
195778,6606,182616
195779,6722,182616
195780,6872,182616
195781,7022,182616
195782,7172,182616
195783,7322,182616
195784,7472,182616
195785,7622,182616
195786,7772,182616
195787,7922,182616
195788,8072,182616
195789,8222,182616
195790,8372,182616
195791,8522,182616
195792,8672,182616
195793,8822,182616
195794,8972,182616
195795,9122,182616
195796,9272,182616
195797,9422,182616
195798,9572,182616
195799,9722,182616
195800,9872,182616
195801,10022,182616
195802,10172,182616
195803,10322,182616
195804,10472,182616
195805,10622,182616
195806,10772,182616
195807,10922,182616
195808,11072,182616
195809,11222,182616
195810,11372,182616
195811,11522,182616
195812,11672,182616
195813,11822,182616
195814,11972,182616
195815,12122,182616
195816,12272,182616
195817,12422,182616
195818,78911,182631
195819,79047,182652
195820,79196,182652
195821,79345,182652
195822,79494,182652
195823,79643,182652
195824,79792,182652
195825,79941,182652
195826,80090,182652
195827,80239,182652
195828,80388,182652
195829,80537,182652
195830,80686,182652
195831,80835,182652
195832,80984,182652
195833,81133,182652
195834,81282,182652
195835,81431,182652
195836,16900,182652
195837,16963,182652
195838,17026,182652
195839,17089,182652
195840,17152,182652
195841,17215,182652
195842,17278,182652
195843,17341,182652
195844,17404,182652
195845,17467,182652
195846,17530,182652
195847,17593,182652
195848,17656,182652
195849,17719,182652
195850,17782,182652
195851,17845,182652
195852,17908,182652
195853,17971,182652
195854,18034,182652
195855,18122,182652
195856,18272,182652
195857,18422,182652
195858,84858,182652
195859,85007,182652
195860,85156,182652
195861,85305,182652
195862,85454,182652
195863,85603,182652
195864,85752,182652
195865,85901,182652
195866,86050,182652
195867,86199,182652
195868,21876,182652
195869,21935,182652
195870,21994,182652
195871,22053,182652
195872,22112,182652
195873,22171,182652
195874,22230,182652
195875,22289,182652
195876,22348,182652
195877,22407,182652
195878,22466,182652
195879,22525,182652
195880,22584,182652
195881,22643,182652
195882,22702,182652
195883,22761,182652
195884,22820,182652
195885,22879,182652
195886,22938,182652
195887,22997,182652
195888,23072,182652
195889,23222,182652
195890,23372,182652
195891,23522,182652
195892,23672,182652
195893,23822,182652
195894,90222,182652
195895,90371,182652
195896,90520,182652
195897,26431,182652
195898,26486,182652
195899,26541,182652
195900,26596,182652
195901,26651,182652
195902,26706,182652
195903,26761,182652
195904,26816,182652
195905,26871,182652
195906,26926,182652
195907,26981,182652
195908,27036,182652
195909,27091,182652
195910,27146,182652
195911,27201,182652
195912,27256,182652
195913,27311,182652
195914,27366,182652
195915,27421,182652
195916,27476,182652
195917,27531,182652
195918,27586,182652
195919,27722,182652
195920,27872,182652
195921,28022,182652
195922,28172,182652
195923,28322,182652
195924,28472,182652
195925,28622,182652
195926,28772,182652
195927,30805,182652
195928,30856,182652
195929,30907,182652
195930,30958,182652
195931,31009,182652
195932,31060,182652
195933,31111,182652
195934,31162,182652
195935,31213,182652
195936,31264,182652
195937,31315,182652
195938,31366,182652
195939,31417,182652
195940,31468,182652
195941,31519,182652
195942,31570,182652
195943,31621,182652
195944,31672,182652
195945,31723,182652
195946,31774,182652
195947,31922,182652
195948,32072,182652
195949,32222,182652
195950,32372,182652
195951,32522,182652
195952,32672,182652
195953,32822,182652
195954,32972,182652
195955,33122,182652
195956,33272,182652
195957,34939,182652
195958,34986,182652
195959,35033,182652
195960,35080,182652
195961,35127,182652
195962,35174,182652
195963,35221,182652
195964,35268,182652
195965,35315,182652
195966,35362,182652
195967,35409,182652
195968,35456,182652
195969,35503,182652
195970,35550,182652
195971,35597,182652
195972,38188,182660
195973,38344,182670
195974,38500,182680
195975,38654,182688
195976,38800,182688
195977,38946,182688
195978,39092,182688
195979,39238,182688
195980,39384,182688
195981,39530,182688
195982,39676,182688
195983,39822,182688
195984,104852,182676
195985,104904,182686
195986,104948,182688
195987,104990,182688
195988,105032,182688
195989,105074,182688
195990,105116,182688
195991,105158,182688
195992,105200,182688
195993,105242,182688
195994,41590,182688
195995,41629,182688
195996,41720,182688
195997,41866,182688
195998,42012,182688
195999,42158,182688
196000,42304,182688
196001,42450,182688
196002,42596,182688
196003,42742,182688
196004,42888,182688
196005,43034,182688
196006,43180,182688
196007,43326,182688
196008,43472,182688
196009,108310,182688
196010,108348,182688
196011,108386,182688
196012,108424,182688
196013,108462,182688
196014,108500,182688
196015,44781,182688
196016,44816,182688
196017,44851,182688
196018,44932,182688
196019,45078,182688
196020,45224,182688
196021,45370,182688
196022,45516,182688
196023,45662,182688
196024,45808,182688
196025,45954,182688
196026,46100,182688
196027,46246,182688
196028,46392,182688
196029,46538,182688
196030,46684,182688
196031,46830,182688
196032,46976,182688
196033,111522,182687
196034,111556,182687
196035,111590,182687
196036,111624,182687
196037,111658,182687
196038,111692,182687
196039,111827,182687
196040,111976,182687
196041,112125,182687
196042,112274,182687
196043,112423,182687
196044,48728,182684
196045,48874,182684
196046,49020,182684
196047,49166,182684
196048,49312,182684
196049,49458,182684
196050,49604,182684
196051,49750,182684
196052,49896,182684
196053,50042,182684
196054,114452,182682
196055,114482,182682
196056,114512,182682
196057,114542,182682
196058,114658,182682
196059,114807,182682
196060,114956,182682
196061,115105,182682
196062,115254,182682
196063,115403,182682
196064,51648,182676
196065,51794,182676
196066,51940,182676
196067,52086,182676
196068,52232,182676
196069,52378,182676
196070,52524,182676
196071,52670,182676
196072,52816,182676
196073,52962,182676
196074,117188,182673
196075,117214,182673
196076,117340,182673
196077,117489,182673
196078,117638,182673
196079,119888,182681
196080,120045,182693
196081,120193,182696
196082,120338,182696
196083,120480,182693
196084,54568,182664
196085,54714,182664
196086,54860,182664
196087,55006,182664
196088,55152,182664
196089,55298,182664
196090,55685,182675
196091,55713,182684
196092,55736,182684
196093,121933,182682
196094,122078,182682
196095,122223,182682
196096,122368,182682
196097,122513,182682
196098,122658,182682
196099,122803,182682
196100,122948,182682
196101,123080,182669
196102,57946,182668
196103,57961,182668
196104,57976,182668
196105,57991,182668
196106,58006,182668
196107,58021,182668
196108,58072,182668
196109,58218,182668
196110,124398,182668
196111,124543,182668
196112,124688,182668
196113,124833,182668
196114,124978,182668
196115,125123,182668
196116,125268,182668
196117,125413,182668
196118,60146,182652
196119,60157,182652
196120,126192,182654
196121,126202,182654
196122,126212,182654
196123,126283,182654
196124,126428,182654
196125,126573,182654
196126,126718,182654
196127,126863,182654
196128,127008,182654
196129,127153,182654
196130,127298,182654
196131,127443,182654
196132,127588,182654
196133,127733,182654
196134,128228,182640
196135,128234,182640
196136,128240,182640
196137,128313,182640
196138,128458,182640
196139,128603,182640
196140,128748,182640
196141,128893,182640
196142,129038,182640
196143,129183,182640
196144,129328,182640
196145,129473,182640
196146,129618,182640
196147,129763,182640
196148,129904,182636
196149,130154,182626
196150,130198,182626
196151,130343,182626
196152,130488,182626
196153,130633,182626
196154,130778,182626
196155,66736,182630
196156,66888,182628
196157,67030,182628
196158,67172,182628
196159,67314,182628
196160,67456,182628
196161,67598,182628
196162,67740,182628
196163,67882,182628
196164,68024,182628
196165,68166,182628
196166,68308,182628
196167,68450,182628
196168,68592,182628
196169,68734,182620
196170,68876,182620
196171,69018,182620
196172,69160,182620
196173,69302,182620
196174,69444,182620
196175,69586,182620
196176,69728,182620
196177,69870,182620
196178,70012,182620
196179,70154,182620
196180,70296,182620
196181,70434,182616
196182,70580,182616
196183,70722,182616
196184,70864,182616
196185,71006,182616
196186,71148,182616
196187,71290,182616
196188,71432,182616
196189,71574,182616
196190,71716,182616
196191,71858,182616
196192,72000,182616
196193,72142,182616
196194,72284,182616
196195,72426,182616
196196,72568,182616
196197,72710,182616
196198,72852,182616
196199,72994,182616
196200,73136,182616
196201,73278,182616
196202,73420,182616
196203,73562,182616
196204,73704,182616
196205,73846,182616
196206,73988,182616
196207,74130,182616
196208,74272,182616
196209,74414,182616
196210,74556,182616
196211,74698,182616
196212,140769,182631
196213,140913,182634
196214,141054,182634
196215,141195,182634
196216,141336,182634
196217,141477,182634
196218,141618,182634
196219,141759,182634
196220,141900,182634
196221,142041,182634
196222,142182,182634
196223,142323,182634
196224,142464,182634
196225,142605,182634
196226,142746,182634
196227,142887,182634
196228,143028,182634
196229,143169,182634
196230,143310,182634
196231,143451,182634
196232,143592,182634
196233,143733,182634
196234,143874,182634
196235,144015,182634
196236,144156,182634
196237,144297,182634
196238,144438,182634
196239,144579,182634
196240,144720,182634
196241,144861,182634
196242,145002,182634
196243,145143,182634
196244,145284,182634
196245,145425,182634
196246,145566,182634
196247,145707,182634
196248,145848,182634
196249,145989,182634
196250,146130,182634
196251,146271,182634
196252,146412,182634
196253,146553,182634
196254,146694,182634
196255,146835,182634
196256,82492,182648
196257,82634,182652
196258,82772,182652
196259,82910,182652
196260,83048,182652
196261,83186,182652
196262,83324,182652
196263,83462,182652
196264,83600,182652
196265,83738,182652
196266,83876,182652
196267,84014,182652
196268,84152,182652
196269,84290,182652
196270,84428,182652
196271,84566,182652
196272,84704,182652
196273,84842,182652
196274,84980,182652
196275,85118,182652
196276,85256,182652
196277,85394,182652
196278,85532,182652
196279,85670,182652
196280,85808,182652
196281,85946,182652
196282,86084,182652
196283,86222,182652
196284,86360,182652
196285,86498,182652
196286,86636,182652
196287,86774,182652
196288,86912,182652
196289,87050,182652
196290,87188,182652
196291,153172,182663
196292,153316,182670
196293,153453,182670
196294,153590,182670
196295,153727,182670
196296,153864,182670
196297,154001,182670
196298,154138,182670
196299,154275,182670
196300,154412,182670
196301,154549,182670
196302,154686,182670
196303,154823,182670
196304,154960,182670
196305,155097,182670
196306,155234,182670
196307,155371,182670
196308,155508,182670
196309,155645,182670
196310,155782,182670
196311,155919,182670
196312,156056,182670
196313,156193,182670
196314,156330,182670
196315,156467,182670
196316,156604,182670
196317,156741,182670
196318,156878,182670
196319,157015,182670
196320,92476,182684
196321,92614,182688
196322,92748,182688
196323,92882,182688
196324,93016,182688
196325,93150,182688
196326,93284,182688
196327,93418,182688
196328,93552,182688
196329,93686,182688
196330,93820,182688
196331,93954,182688
196332,94088,182688
196333,94222,182688
196334,94356,182688
196335,94490,182688
196336,94624,182688
196337,94758,182688
196338,94892,182688
196339,95026,182688
196340,95160,182688
196341,95294,182688
196342,95428,182688
196343,95562,182688
196344,161493,182703
196345,161629,182706
196346,161762,182706
196347,161895,182706
196348,162028,182706
196349,162161,182706
196350,162294,182706
196351,162427,182706
196352,162560,182706
196353,162693,182706
196354,162826,182706
196355,162959,182706
196356,163092,182706
196357,163225,182706
196358,163358,182706
196359,163491,182706
196360,163624,182706
196361,163757,182706
196362,163890,182706
196363,164023,182706
196364,99340,182712
196365,99482,182724
196366,99612,182724
196367,99742,182724
196368,99872,182724
196369,100002,182724
196370,100132,182724
196371,100262,182724
196372,100392,182724
196373,100522,182724
196374,100652,182724
196375,100782,182724
196376,100912,182724
196377,101042,182724
196378,101172,182724
196379,101302,182724
196380,101432,182724
196381,101562,182724
196382,167454,182742
196383,167583,182742
196384,167712,182742
196385,167841,182742
196386,167970,182742
196387,168099,182742
196388,168228,182742
196389,168357,182742
196390,168486,182742
196391,168615,182742
196392,168744,182742
196393,168873,182742
196394,169002,182742
196395,169131,182742
196396,169260,182742
196397,104486,182760
196398,104612,182760
196399,104738,182760
196400,104864,182760
196401,104990,182760
196402,105116,182760
196403,105242,182760
196404,105368,182760
196405,105494,182760
196406,105620,182760
196407,105746,182760
196408,105872,182760
196409,105998,182760
196410,171855,182775
196411,171983,182778
196412,172108,182778
196413,172233,182778
196414,172358,182778
196415,172483,182778
196416,172608,182778
196417,172733,182778
196418,172858,182778
196419,172983,182778
196420,173108,182778
196421,173233,182778
196422,108380,182796
196423,108502,182796
196424,108624,182796
196425,108746,182796
196426,108868,182796
196427,108990,182796
196428,109112,182796
196429,109234,182796
196430,109356,182796
196431,109478,182796
196432,175309,182811
196433,175433,182814
196434,175554,182814
196435,175675,182814
196436,175796,182814
196437,175917,182814
196438,176038,182814
196439,176159,182814
196440,176280,182814
196441,111352,182818
196442,111484,182832
196443,111602,182832
196444,111720,182832
196445,111838,182832
196446,111956,182832
196447,112074,182832
196448,112192,182832
196449,112310,182832
196450,178122,182850
196451,178239,182850
196452,178356,182850
196453,178473,182850
196454,178590,182850
196455,178707,182850
196456,178824,182850
196457,113848,182858
196458,113972,182868
196459,114086,182868
196460,114200,182868
196461,114314,182868
196462,114428,182868
196463,114542,182868
196464,180333,182883
196465,180449,182886
196466,180562,182886
196467,180675,182886
196468,180788,182886
196469,180901,182886
196470,115876,182888
196471,116002,182904
196472,116112,182904
196473,116222,182904
196474,116332,182904
196475,116442,182904
196476,182217,182919
196477,182329,182922
196478,182438,182922
196479,182547,182922
196480,182656,182922
196481,117592,182922
196482,117716,182940
196483,117822,182940
196484,117928,182940
196485,118034,182940
196486,183787,182947
196487,183903,182958
196488,184008,182958
196489,184113,182958
196490,184218,182958
196491,119138,182976
196492,119240,182976
196493,119342,182976
196494,119444,182976
196495,185195,182994
196496,185296,182994
196497,185397,182994
196498,185498,182994
196499,120390,183012
196500,120488,183012
196501,120586,183012
196502,120684,183012
196503,186423,183030
196504,186520,183030
196505,186617,183030
196506,121484,183048
196507,121578,183048
196508,121672,183048
196509,187398,183063
196510,187494,183066
196511,187587,183066
196512,122428,183080
196513,122522,183084
196514,122612,183084
196515,188331,183102
196516,188420,183102
196517,188509,183102
196518,123332,183120
196519,123418,183120
196520,189125,183135
196521,189213,183138
196522,189298,183138
196523,124102,183156
196524,124184,183156
196525,189885,183174
196526,189966,183174
196527,124754,183192
196528,124832,183192
196529,190525,183210
196530,190602,183210
196531,125374,183228
196532,125448,183228
196533,191133,183246
196534,191206,183246
196535,125962,183264
196536,191637,183279
196537,191709,183282
196538,126452,183300
196539,192108,183303
196540,192188,183318
196541,126918,183336
196542,192579,183351
196543,192643,183354
196544,127360,183372
196545,193017,183390
196546,127724,183408
196547,193364,183415
196548,193428,183426
196549,128122,183444
196550,193766,183462
196551,128450,183480
196552,194088,183498
196553,128762,183516
196554,194394,183534
196555,129058,183552
196556,129292,183575
196557,194925,183604
196558,129572,183618
196559,195187,183634
196560,195405,183657
196561,130038,183668
196562,195642,183682
196563,195843,183700
196564,196033,183711
196565,196049,183714
196566,196230,183724
196567,196403,183730
196568,65416,183732
196569,65419,183732
196570,65422,183732
196571,65425,183732
196572,65428,183732
196573,65431,183732
196574,65434,183732
196575,65437,183732
196576,65440,183732
196577,65443,183732
196578,65446,183732
196579,65449,183732
196580,65452,183732
196581,65455,183732
196582,65458,183732
196583,65461,183732
196584,65464,183732
196585,65467,183732
196586,65470,183732
196587,65473,183732
196588,65476,183732
196589,65479,183732
196590,65482,183732
196591,65485,183732
196592,65488,183732
196593,65491,183732
196594,65494,183732
196595,65497,183732
196596,65500,183732
196597,65503,183732
196598,65506,183732
196599,65509,183732
196600,65512,183732
196601,65515,183732
196602,65518,183732
196603,65521,183732
196604,65524,183732
196605,65527,183732
196606,65530,183732
196607,65533,183732
196608,65536,183732
196609,65695,183732
196610,65854,183732
196611,66013,183732
196612,66172,183732
196613,66331,183732
196614,66490,183732
196615,66649,183732
196616,66808,183732
196617,66967,183732
196618,67126,183732
196619,67285,183732
196620,67444,183732
196621,67603,183732
196622,67762,183732
196623,67921,183732
196624,68080,183732
196625,68239,183732
196626,68398,183732
196627,68557,183732
196628,68716,183732
196629,68875,183732
196630,69034,183732
196631,69193,183732
196632,69352,183732
196633,69511,183732
196634,69670,183732
196635,69829,183732
196636,69988,183732
196637,70147,183732
196638,70306,183732
196639,70465,183732
196640,70624,183732
196641,70783,183732
196642,70942,183732
196643,71101,183732
196644,71260,183732
196645,71419,183732
196646,71578,183732
196647,71737,183732
196648,202888,183730
196649,203045,183724
196650,203202,183714
196651,203356,183711
196652,203516,183700
196653,203673,183682
196654,7176,183668
196655,203984,183657
196656,204144,183634
196657,7644,183618
196658,204458,183604
196659,7944,183575
196660,8112,183552
196661,204717,183534
196662,8208,183516
196663,204803,183498
196664,8288,183480
196665,204873,183462
196666,8352,183444
196667,204927,183426
196668,206017,183415
196669,9028,183408
196670,205102,183390
196671,8568,183372
196672,205120,183354
196673,206810,183351
196674,8712,183336
196675,205251,183318
196676,207269,183303
196677,8832,183300
196678,205358,183282
196679,207752,183279
196680,8928,183264
196681,205441,183246
196682,205858,183246
196683,9000,183228
196684,10640,183228
196685,205617,183210
196686,207918,183210
196687,9164,183192
196688,11520,183192
196689,205761,183174
196690,207514,183174
196691,9296,183156
196692,9744,183156
196693,205873,183138
196694,205982,183138
196695,210264,183135
196696,9504,183120
196697,11036,183120
196698,206058,183102
196699,206163,183102
196700,210316,183102
196701,9672,183084
196702,9776,183084
196703,14816,183080
196704,206304,183066
196705,206405,183066
196706,211991,183063
196707,9900,183048
196708,10000,183048
196709,14948,183048
196710,206502,183030
196711,206599,183030
196712,209608,183030
196713,10080,183012
196714,10176,183012
196715,10272,183012
196716,15984,183012
196717,206745,182994
196718,206838,182994
196719,207375,182994
196720,213744,182994
196721,10396,182976
196722,10488,182976
196723,10580,182976
196724,16704,182976
196725,207021,182958
196726,207110,182958
196727,207199,182958
196728,210648,182958
196729,215594,182947
196730,10736,182940
196731,10824,182940
196732,10912,182940
196733,15500,182940
196734,19638,182922
196735,207403,182922
196736,207488,182922
196737,207573,182922
196738,211298,182922
196739,217172,182919
196740,11088,182904
196741,11172,182904
196742,11256,182904
196743,11340,182904
196744,17408,182904
196745,21356,182888
196746,207786,182886
196747,207867,182886
196748,207948,182886
196749,208029,182886
196750,213222,182886
196751,219056,182883
196752,11520,182868
196753,11600,182868
196754,11680,182868
196755,11760,182868
196756,12432,182868
196757,18476,182868
196758,23390,182858
196759,208235,182850
196760,208312,182850
196761,208389,182850
196762,208466,182850
196763,208543,182850
196764,212988,182850
196765,219373,182850
196766,12008,182832
196767,12084,182832
196768,12160,182832
196769,12236,182832
196770,12312,182832
196771,12388,182832
196772,15744,182832
196773,21780,182832
196774,25882,182818
196775,208799,182814
196776,208872,182814
196777,208945,182814
196778,209018,182814
196779,209091,182814
196780,209164,182814
196781,212005,182814
196782,218358,182814
196783,224080,182811
196784,12672,182796
196785,12744,182796
196786,12816,182796
196787,12888,182796
196788,12960,182796
196789,13032,182796
196790,13104,182796
196791,14640,182796
196792,21344,182796
196793,27380,182796
196794,209442,182778
196795,209511,182778
196796,209580,182778
196797,209649,182778
196798,209718,182778
196799,209787,182778
196800,209856,182778
196801,209925,182778
196802,209994,182778
196803,215523,182778
196804,221892,182778
196805,227534,182775
196806,13464,182760
196807,13532,182760
196808,13600,182760
196809,13668,182760
196810,13736,182760
196811,13804,182760
196812,13872,182760
196813,13940,182760
196814,14008,182760
196815,14076,182760
196816,19968,182760
196817,25916,182760
196818,32760,182760
196819,210323,182742
196820,210388,182742
196821,210453,182742
196822,210518,182742
196823,210583,182742
196824,210648,182742
196825,210713,182742
196826,210778,182742
196827,210843,182742
196828,210908,182742
196829,210973,182742
196830,211926,182742
196831,218239,182742
196832,224608,182742
196833,231033,182742
196834,14464,182724
196835,14528,182724
196836,14592,182724
196837,14656,182724
196838,14720,182724
196839,14784,182724
196840,14848,182724
196841,14912,182724
196842,14976,182724
196843,15040,182724
196844,15104,182724
196845,15168,182724
196846,15232,182724
196847,15296,182724
196848,22080,182724
196849,27956,182724
196850,34848,182724
196851,37896,182712
196852,211492,182706
196853,211553,182706
196854,211614,182706
196855,211675,182706
196856,211736,182706
196857,211797,182706
196858,211858,182706
196859,211919,182706
196860,211980,182706
196861,212041,182706
196862,212102,182706
196863,212163,182706
196864,212224,182706
196865,212285,182706
196866,212346,182706
196867,213443,182706
196868,219748,182706
196869,226101,182706
196870,232502,182706
196871,237896,182703
196872,15840,182688
196873,15900,182688
196874,15960,182688
196875,16020,182688
196876,16080,182688
196877,16140,182688
196878,16200,182688
196879,16260,182688
196880,16320,182688
196881,16380,182688
196882,16440,182688
196883,16500,182688
196884,16560,182688
196885,16620,182688
196886,16680,182688
196887,16740,182688
196888,16800,182688
196889,16860,182688
196890,16920,182688
196891,20376,182688
196892,27264,182688
196893,33060,182688
196894,40040,182688
196895,44768,182684
196896,213024,182670
196897,213081,182670
196898,213138,182670
196899,213195,182670
196900,213252,182670
196901,213309,182670
196902,213366,182670
196903,213423,182670
196904,213480,182670
196905,213537,182670
196906,213594,182670
196907,213651,182670
196908,213708,182670
196909,213765,182670
196910,213822,182670
196911,213879,182670
196912,213936,182670
196913,213993,182670
196914,214050,182670
196915,214107,182670
196916,214164,182670
196917,214221,182670
196918,214278,182670
196919,216823,182670
196920,223128,182670
196921,229473,182670
196922,235858,182670
196923,242283,182670
196924,246213,182663
196925,17752,182652
196926,17808,182652
196927,17864,182652
196928,17920,182652
196929,17976,182652
196930,18032,182652
196931,18088,182652
196932,18144,182652
196933,18200,182652
196934,18256,182652
196935,18312,182652
196936,18368,182652
196937,18424,182652
196938,18480,182652
196939,18536,182652
196940,18592,182652
196941,18648,182652
196942,18704,182652
196943,18760,182652
196944,18816,182652
196945,18872,182652
196946,18928,182652
196947,18984,182652
196948,19040,182652
196949,19096,182652
196950,19152,182652
196951,19208,182652
196952,19264,182652
196953,19320,182652
196954,24912,182652
196955,30536,182652
196956,37584,182652
196957,43276,182652
196958,50400,182652
196959,54752,182648
196960,215264,182634
196961,215317,182634
196962,215370,182634
196963,215423,182634
196964,215476,182634
196965,215529,182634
196966,215582,182634
196967,215635,182634
196968,215688,182634
196969,215741,182634
196970,215794,182634
196971,215847,182634
196972,215900,182634
196973,215953,182634
196974,216006,182634
196975,216059,182634
196976,216112,182634
196977,216165,182634
196978,216218,182634
196979,216271,182634
196980,216324,182634
196981,216377,182634
196982,216430,182634
196983,216483,182634
196984,216536,182634
196985,216589,182634
196986,216642,182634
196987,216695,182634
196988,216748,182634
196989,216801,182634
196990,216854,182634
196991,216907,182634
196992,216960,182634
196993,217013,182634
196994,217066,182634
196995,217119,182634
196996,217172,182634
196997,221893,182634
196998,228198,182634
196999,234535,182634
197000,240904,182634
197001,247305,182634
197002,253738,182634
197003,258620,182631
197004,20592,182616
197005,20644,182616
197006,20696,182616
197007,20748,182616
197008,20800,182616
197009,20852,182616
197010,20904,182616
197011,20956,182616
197012,21008,182616
197013,21060,182616
197014,21112,182616
197015,21164,182616
197016,21216,182616
197017,21268,182616
197018,21320,182616
197019,21372,182616
197020,21424,182616
197021,21476,182616
197022,21528,182616
197023,21580,182616
197024,21632,182616
197025,21684,182616
197026,21736,182616
197027,21788,182616
197028,21840,182616
197029,21892,182616
197030,21944,182616
197031,21996,182616
197032,22048,182616
197033,22100,182616
197034,22152,182616
197035,66817,182620
197036,66820,182620
197037,66924,182620
197038,67080,182620
197039,67236,182620
197040,67392,182620
197041,67548,182620
197042,67704,182620
197043,67860,182620
197044,68016,182620
197045,68172,182620
197046,68328,182620
197047,68609,182628
197048,68640,182628
197049,68796,182628
197050,68952,182628
197051,69108,182628
197052,69264,182628
197053,69420,182628
197054,69576,182628
197055,69732,182628
197056,69888,182628
197057,70044,182628
197058,70200,182628
197059,70356,182628
197060,5428,182626
197061,5585,182626
197062,5742,182626
197063,5899,182626
197064,6056,182626
197065,6213,182626
197066,6370,182626
197067,7340,182636
197068,7360,182640
197069,7376,182640
197070,7392,182640
197071,7408,182640
197072,7424,182640
197073,7469,182640
197074,7626,182640
197075,7783,182640
197076,7940,182640
197077,8097,182640
197078,8254,182640
197079,8411,182640
197080,8568,182640
197081,8725,182640
197082,9480,182654
197083,9500,182654
197084,9520,182654
197085,9540,182654
197086,9560,182654
197087,9667,182654
197088,9824,182654
197089,9981,182654
197090,10138,182654
197091,10295,182654
197092,10452,182654
197093,10609,182654
197094,10766,182654
197095,10923,182654
197096,76760,182652
197097,76783,182652
197098,11760,182668
197099,11784,182668
197100,11808,182668
197101,11865,182668
197102,12022,182668
197103,12179,182668
197104,12336,182668
197105,12493,182668
197106,12650,182668
197107,12807,182668
197108,12964,182668
197109,13121,182668
197110,79090,182668
197111,79117,182668
197112,79144,182668
197113,79171,182668
197114,14155,182669
197115,14196,182682
197116,14224,182682
197117,14377,182682
197118,14534,182682
197119,14691,182682
197120,14848,182682
197121,15005,182682
197122,15162,182682
197123,81501,182684
197124,81532,182684
197125,81554,182675
197126,81594,182664
197127,81625,182664
197128,81656,182664
197129,81687,182664
197130,81718,182664
197131,81749,182664
197132,16765,182693
197133,16889,182696
197134,17046,182696
197135,17200,182693
197136,17345,182681
197137,19044,182673
197138,19080,182673
197139,19116,182673
197140,19152,182673
197141,19188,182673
197142,84226,182676
197143,84261,182676
197144,84296,182676
197145,84331,182676
197146,84366,182676
197147,84401,182676
197148,84436,182676
197149,84471,182676
197150,84552,182676
197151,84708,182676
197152,21760,182682
197153,21800,182682
197154,21840,182682
197155,21880,182682
197156,21920,182682
197157,21960,182682
197158,22000,182682
197159,22040,182682
197160,22080,182682
197161,22120,182682
197162,87142,182684
197163,87181,182684
197164,87220,182684
197165,87259,182684
197166,87298,182684
197167,87337,182684
197168,87376,182684
197169,87516,182684
197170,87672,182684
197171,87828,182684
197172,24816,182687
197173,24860,182687
197174,24904,182687
197175,24948,182687
197176,24992,182687
197177,25036,182687
197178,25080,182687
197179,25124,182687
197180,25168,182687
197181,25212,182687
197182,25256,182687
197183,90261,182688
197184,90304,182688
197185,90347,182688
197186,90390,182688
197187,90433,182688
197188,90480,182688
197189,90636,182688
197190,90792,182688
197191,90948,182688
197192,91104,182688
197193,91260,182688
197194,91416,182688
197195,28176,182688
197196,28224,182688
197197,28272,182688
197198,28320,182688
197199,28368,182688
197200,28416,182688
197201,28464,182688
197202,28512,182688
197203,28560,182688
197204,28608,182688
197205,28656,182688
197206,28704,182688
197207,28752,182688
197208,28800,182688
197209,28848,182688
197210,28978,182688
197211,91656,182688
197212,91808,182688
197213,91960,182688
197214,92112,182688
197215,92264,182688
197216,92416,182688
197217,92568,182688
197218,92720,182688
197219,29328,182688
197220,29376,182688
197221,29424,182688
197222,29472,182688
197223,29520,182688
197224,29568,182688
197225,29616,182688
197226,29664,182688
197227,29712,182688
197228,29760,182688
197229,29808,182688
197230,32342,182686
197231,32384,182676
197232,92368,182688
197233,92500,182688
197234,92648,182688
197235,92796,182688
197236,92944,182688
197237,93092,182688
197238,93240,182688
197239,93388,182688
197240,98592,182688
197241,98740,182680
197242,98886,182670
197243,99032,182660
197244,29228,182652
197245,28028,182652
197246,28072,182652
197247,28116,182652
197248,28160,182652
197249,28204,182652
197250,28248,182652
197251,28292,182652
197252,28336,182652
197253,28380,182652
197254,28424,182652
197255,28468,182652
197256,28512,182652
197257,28569,182652
197258,28714,182652
197259,28859,182652
197260,29004,182652
197261,29149,182652
197262,29294,182652
197263,29439,182652
197264,29584,182652
197265,29729,182652
197266,29874,182652
197267,30019,182652
197268,30164,182652
197269,30309,182652
197270,30454,182652
197271,30599,182652
197272,30744,182652
197273,30889,182652
197274,29304,182652
197275,29348,182652
197276,29392,182652
197277,29436,182652
197278,29480,182652
197279,29524,182652
197280,29568,182652
197281,29612,182652
197282,29656,182652
197283,29700,182652
197284,29780,182652
197285,29921,182652
197286,30062,182652
197287,30203,182652
197288,30344,182652
197289,30485,182652
197290,30626,182652
197291,30767,182652
197292,30908,182652
197293,31049,182652
197294,31190,182652
197295,31331,182652
197296,31472,182652
197297,31613,182652
197298,31754,182652
197299,31895,182652
197300,32036,182652
197301,32177,182652
197302,32318,182652
197303,32459,182652
197304,32600,182652
197305,30668,182652
197306,30712,182652
197307,30756,182652
197308,30800,182652
197309,30844,182652
197310,30888,182652
197311,30932,182652
197312,30976,182652
197313,31049,182652
197314,31186,182652
197315,31323,182652
197316,31460,182652
197317,31597,182652
197318,31734,182652
197319,31871,182652
197320,32008,182652
197321,32145,182652
197322,32282,182652
197323,32419,182652
197324,32556,182652
197325,32693,182652
197326,32830,182652
197327,32967,182652
197328,33104,182652
197329,33241,182652
197330,33378,182652
197331,33515,182652
197332,33652,182652
197333,96711,182652
197334,96754,182652
197335,96797,182652
197336,96840,182652
197337,96883,182652
197338,96926,182652
197339,49708,182652
197340,32208,182652
197341,32252,182652
197342,32296,182652
197343,32340,182652
197344,32384,182652
197345,32485,182652
197346,32618,182652
197347,32751,182652
197348,32884,182652
197349,33017,182652
197350,33150,182652
197351,33283,182652
197352,33416,182652
197353,33549,182652
197354,33682,182652
197355,33815,182652
197356,33948,182652
197357,34081,182652
197358,34214,182652
197359,34347,182652
197360,34480,182652
197361,34613,182652
197362,34746,182652
197363,34879,182652
197364,98044,182652
197365,98087,182652
197366,98130,182652
197367,98173,182652
197368,98216,182652
197369,98259,182652
197370,98302,182652
197371,98345,182652
197372,98388,182652
197373,98431,182652
197374,98474,182652
197375,98517,182652
197376,98560,182652
197377,55368,182652
197378,33880,182652
197379,33924,182652
197380,34052,182652
197381,34181,182652
197382,34310,182652
197383,34439,182652
197384,34568,182652
197385,34697,182652
197386,34826,182652
197387,34955,182652
197388,35084,182652
197389,35213,182652
197390,35342,182652
197391,35471,182652
197392,35600,182652
197393,35729,182652
197394,35858,182652
197395,35987,182652
197396,42420,182652
197397,58316,182631
197398,34760,182616
197399,34804,182616
197400,34848,182616
197401,34892,182616
197402,34936,182616
197403,34980,182616
197404,35024,182616
197405,35068,182616
197406,35112,182616
197407,35156,182616
197408,35200,182616
197409,35244,182616
197410,35288,182616
197411,35332,182616
197412,35376,182616
197413,35420,182616
197414,35464,182616
197415,35508,182616
197416,35552,182616
197417,35596,182616
197418,35714,182616
197419,35839,182616
197420,35728,182616
197421,35772,182616
197422,35816,182616
197423,35860,182616
197424,35904,182616
197425,35948,182616
197426,35992,182616
197427,36036,182616
197428,36080,182616
197429,36124,182616
197430,36168,182616
197431,36212,182616
197432,36256,182616
197433,36300,182616
197434,36344,182616
197435,36388,182616
197436,36432,182616
197437,36476,182616
197438,36520,182616
197439,36564,182616
197440,36608,182616
197441,36652,182616
197442,36696,182616
197443,68040,182619
197444,68044,182620
197445,68047,182620
197446,68050,182620
197447,68053,182620
197448,68056,182620
197449,68059,182620
197450,68062,182620
197451,68065,182620
197452,68068,182620
197453,68071,182620
197454,68074,182620
197455,68077,182620
197456,68080,182620
197457,68083,182620
197458,68086,182620
197459,68089,182620
197460,68228,182620
197461,68385,182620
197462,68542,182620
197463,68699,182620
197464,68856,182620
197465,69013,182620
197466,72067,182623
197467,72156,182628
197468,72240,182628
197469,72324,182628
197470,72408,182628
197471,72492,182628
197472,72576,182628
197473,72660,182628
197474,72744,182628
197475,72828,182628
197476,72912,182628
197477,72996,182628
197478,73080,182628
197479,73164,182628
197480,73248,182628
197481,73332,182628
197482,73416,182628
197483,73500,182628
197484,73584,182628
197485,73668,182628
197486,73752,182628
197487,73836,182628
197488,73920,182628
197489,74004,182628
197490,74088,182628
197491,74172,182628
197492,74256,182628
197493,75271,182636
197494,75282,182636
197495,75293,182636
197496,75304,182636
197497,75315,182636
197498,75326,182636
197499,75337,182636
197500,75348,182636
197501,75359,182636
197502,75370,182636
197503,75381,182636
197504,75392,182636
197505,75403,182636
197506,75450,182636
197507,75607,182636
197508,75764,182636
197509,75921,182636
197510,76078,182636
197511,76235,182636
197512,76392,182636
197513,76549,182636
197514,76706,182636
197515,76863,182636
197516,77020,182636
197517,141804,182631
197518,141960,182631
197519,80168,182644
197520,80256,182644
197521,80344,182644
197522,80432,182644
197523,80520,182644
197524,80608,182644
197525,80696,182644
197526,143924,182646
197527,143938,182646
197528,143952,182646
197529,143966,182646
197530,143980,182646
197531,143994,182646
197532,144144,182646
197533,144300,182646
197534,144456,182646
197535,144612,182646
197536,81664,182644
197537,81752,182644
197538,81840,182644
197539,81928,182644
197540,145392,182637
197541,82104,182632
197542,82192,182632
197543,82280,182632
197544,82368,182632
197545,82456,182632
197546,82544,182632
197547,82632,182632
197548,147316,182637
197549,83415,182652
197550,83434,182652
197551,83453,182652
197552,83472,182652
197553,83491,182652
197554,148100,182656
197555,148118,182656
197556,148136,182656
197557,148154,182656
197558,148200,182656
197559,148356,182656
197560,148512,182656
197561,148668,182656
197562,84242,182652
197563,84399,182652
197564,84556,182652
197565,84713,182652
197566,149448,182643
197567,149604,182643
197568,149760,182643
197569,149916,182643
197570,150072,182643
197571,150228,182643
197572,150384,182643
197573,150540,182643
197574,150696,182643
197575,150852,182643
197576,151008,182643
197577,151164,182643
197578,151320,182643
197579,89332,182660
197580,89424,182660
197581,89516,182660
197582,89608,182660
197583,152522,182666
197584,152544,182666
197585,152566,182666
197586,152588,182666
197587,152724,182666
197588,152880,182666
197589,90252,182660
197590,90344,182660
197591,153348,182649
197592,90528,182640
197593,90620,182640
197594,90712,182640
197595,90804,182640
197596,90896,182640
197597,90988,182640
197598,91080,182640
197599,91172,182640
197600,91264,182640
197601,91356,182640
197602,91448,182640
197603,91540,182640
197604,91632,182640
197605,91724,182640
197606,91816,182640
197607,91908,182640
197608,92000,182640
197609,92092,182640
197610,92184,182640
197611,92276,182640
197612,156900,182649
197613,92671,182668
197614,157226,182674
197615,157254,182676
197616,157280,182676
197617,157404,182676
197618,93034,182668
197619,93191,182668
197620,157872,182655
197621,158028,182655
197622,158184,182655
197623,158340,182655
197624,158496,182655
197625,158652,182655
197626,158808,182655
197627,158964,182655
197628,159120,182655
197629,159276,182655
197630,159432,182655
197631,159588,182655
197632,159744,182655
197633,159900,182655
197634,160056,182655
197635,160212,182655
197636,160368,182655
197637,160524,182655
197638,160680,182655
197639,160836,182655
197640,160992,182655
197641,161148,182655
197642,161304,182655
197643,161460,182655
197644,161616,182655
197645,161772,182655
197646,161928,182655
197647,99744,182676
197648,162272,182661
197649,99936,182648
197650,100032,182648
197651,100128,182648
197652,100224,182648
197653,100316,182644
197654,98686,182640
197655,98843,182640
197656,99000,182640
197657,99157,182640
197658,99314,182640
197659,99471,182640
197660,99628,182640
197661,99785,182640
197662,99942,182640
197663,100099,182640
197664,100251,182635
197665,102514,182631
197666,102566,182648
197667,102601,182648
197668,102636,182648
197669,102671,182648
197670,102706,182648
197671,102741,182648
197672,102776,182648
197673,102811,182648
197674,102846,182648
197675,102881,182648
197676,102916,182648
197677,102951,182648
197678,102986,182648
197679,103021,182648
197680,103056,182648
197681,103091,182648
197682,103126,182648
197683,103239,182648
197684,103396,182648
197685,103553,182648
197686,103710,182648
197687,103867,182648
197688,104024,182648
197689,104181,182648
197690,104338,182648
197691,104495,182648
197692,104652,182648
197693,104809,182648
197694,104966,182648
197695,105123,182648
197696,105280,182648
197697,105437,182648
197698,173446,182634
197699,173545,182634
197700,173644,182634
197701,173743,182634
197702,173842,182634
197703,108241,182652
197704,108280,182652
197705,108319,182652
197706,108358,182652
197707,108397,182652
197708,108436,182652
197709,108475,182652
197710,108514,182652
197711,108553,182652
197712,108592,182652
197713,108631,182652
197714,108670,182652
197715,108709,182652
197716,108748,182652
197717,108787,182652
197718,108826,182652
197719,108891,182652
197720,109048,182652
197721,109205,182652
197722,109362,182652
197723,109519,182652
197724,109676,182652
197725,109833,182652
197726,109990,182652
197727,110147,182652
197728,110304,182652
197729,110461,182652
197730,110618,182652
197731,110775,182652
197732,110932,182652
197733,111089,182652
197734,173860,182634
197735,173898,182634
197736,173936,182634
197737,173974,182634
197738,174012,182634
197739,174050,182634
197740,174088,182634
197741,174126,182634
197742,114295,182649
197743,109801,182652
197744,109840,182652
197745,109879,182652
197746,109918,182652
197747,109957,182652
197748,109996,182652
197749,110035,182652
197750,110074,182652
197751,110113,182652
197752,110152,182652
197753,110191,182652
197754,110230,182652
197755,110269,182652
197756,110308,182652
197757,110347,182652
197758,110414,182652
197759,110567,182652
197760,110720,182652
197761,110873,182652
197762,111026,182652
197763,111179,182652
197764,111332,182652
197765,111485,182652
197766,111638,182652
197767,111791,182652
197768,111944,182652
197769,112097,182652
197770,112250,182652
197771,112403,182652
197772,176116,182634
197773,176211,182634
197774,176306,182634
197775,176401,182634
197776,176496,182634
197777,176591,182634
197778,176686,182634
197779,176781,182634
197780,176876,182634
197781,176971,182634
197782,177066,182634
197783,177161,182634
197784,177256,182634
197785,111439,182652
197786,111478,182652
197787,111517,182652
197788,111556,182652
197789,111595,182652
197790,111634,182652
197791,111673,182652
197792,111712,182652
197793,111751,182652
197794,111790,182652
197795,111829,182652
197796,111868,182652
197797,111907,182652
197798,111946,182652
197799,111985,182652
197800,112072,182652
197801,112221,182652
197802,112370,182652
197803,112519,182652
197804,112668,182652
197805,112817,182652
197806,112966,182652
197807,113115,182652
197808,113264,182652
197809,113413,182652
197810,113562,182652
197811,113711,182652
197812,113860,182652
197813,180011,182634
197814,180106,182634
197815,180201,182634
197816,180296,182634
197817,180391,182634
197818,177052,182634
197819,177090,182634
197820,177128,182634
197821,177166,182634
197822,177204,182634
197823,177242,182634
197824,177280,182634
197825,177318,182634
197826,177356,182634
197827,177394,182634
197828,177432,182634
197829,177470,182634
197830,177508,182634
197831,127909,182652
197832,113272,182652
197833,113311,182652
197834,113350,182652
197835,113389,182652
197836,113428,182652
197837,113467,182652
197838,113506,182652
197839,113545,182652
197840,113584,182652
197841,113623,182652
197842,113662,182652
197843,113701,182652
197844,113740,182652
197845,113829,182652
197846,113974,182652
197847,114119,182652
197848,114264,182652
197849,114409,182652
197850,114554,182652
197851,114699,182652
197852,114844,182652
197853,114989,182652
197854,115134,182652
197855,115279,182652
197856,115424,182652
197857,179856,182634
197858,180000,182634
197859,180144,182634
197860,180288,182634
197861,180432,182634
197862,180576,182634
197863,180720,182634
197864,180864,182634
197865,181008,182634
197866,181152,182634
197867,181296,182634
197868,200356,182636
197869,200463,182636
197870,200570,182636
197871,200677,182636
197872,200784,182636
197873,200891,182636
197874,200998,182636
197875,201105,182636
197876,201212,182636
197877,201319,182636
197878,201426,182636
197879,201533,182636
197880,201640,182636
197881,135551,182655
197882,135606,182655
197883,135661,182655
197884,135716,182655
197885,135771,182655
197886,135826,182655
197887,135881,182655
197888,135936,182655
197889,135991,182655
197890,136046,182655
197891,136101,182655
197892,136156,182655
197893,136211,182655
197894,136366,182655
197895,136523,182655
197896,136680,182655
197897,136837,182655
197898,136994,182655
197899,137151,182655
197900,137308,182654
197901,137465,182654
197902,137622,182654
197903,137779,182654
197904,204208,182640
197905,204315,182640
197906,204422,182640
197907,204529,182640
197908,204636,182640
197909,204743,182640
197910,204850,182640
197911,204957,182640
197912,205064,182640
197913,205160,182629
197914,142590,182620
197915,142649,182620
197916,142708,182620
197917,142767,182620
197918,142826,182620
197919,142885,182620
197920,142944,182620
197921,143003,182620
197922,143062,182620
197923,143121,182620
197924,142128,182625
197925,207458,182640
197926,207516,182640
197927,207574,182640
197928,207632,182640
197929,207690,182640
197930,207748,182640
197931,207806,182640
197932,207864,182640
197933,207922,182640
197934,207980,182640
197935,143824,182651
197936,143888,182656
197937,143947,182656
197938,144006,182656
197939,144382,182667
197940,144392,182667
197941,144402,182667
197942,144412,182667
197943,144422,182667
197944,144432,182667
197945,144442,182667
197946,144530,182667
197947,144687,182667
197948,144844,182667
197949,145001,182667
197950,145158,182667
197951,145315,182667
197952,145472,182667
197953,145629,182667
197954,145786,182667
197955,210132,182644
197956,210288,182644
197957,210444,182644
197958,210600,182644
197959,210756,182644
197960,210912,182644
197961,211068,182644
197962,211224,182644
197963,211380,182644
197964,147356,182631
197965,147513,182631
197966,147670,182631
197967,147827,182631
197968,147984,182631
197969,148141,182631
197970,148298,182622
197971,148455,182622
197972,148612,182622
197973,148769,182622
197974,148926,182622
197975,149083,182622
197976,149240,182622
197977,150238,182637
197978,150252,182637
197979,150266,182637
197980,150280,182637
197981,150294,182637
197982,150308,182637
197983,150339,182637
197984,150496,182637
197985,218383,182648
197986,218494,182648
197987,218605,182648
197988,218716,182648
197989,218827,182648
197990,218938,182648
197991,219049,182648
197992,219160,182648
197993,219271,182648
197994,152851,182670
197995,152917,182673
197996,152980,182673
197997,153043,182673
197998,153106,182673
197999,153169,182673
198000,153232,182673
198001,153295,182673
198002,153358,182673
198003,153479,182673
198004,153636,182673
198005,153793,182673
198006,153950,182673
198007,220825,182666
198008,220936,182666
198009,154421,182660
198010,221158,182652
198011,221269,182652
198012,221380,182652
198013,221491,182652
198014,221602,182652
198015,221713,182652
198016,220544,182630
198017,220561,182630
198018,220578,182630
198019,220595,182630
198020,220612,182630
198021,220629,182630
198022,220646,182630
198023,220740,182630
198024,220896,182630
198025,221052,182630
198026,221208,182630
198027,160609,182626
198028,160676,182626
198029,160743,182626
198030,160810,182626
198031,160877,182626
198032,160944,182626
198033,161011,182626
198034,161078,182626
198035,161145,182626
198036,161212,182626
198037,161279,182626
198038,161346,182626
198039,226659,182638
198040,226680,182638
198041,226701,182638
198042,226722,182638
198043,226743,182638
198044,226764,182638
198045,226785,182638
198046,226806,182638
198047,226827,182638
198048,226848,182638
198049,226869,182638
198050,226890,182638
198051,226911,182638
198052,226932,182638
198053,226434,182644
198054,226508,182652
198055,226574,182652
198056,226640,182652
198057,226706,182652
198058,226772,182652
198059,227076,182671
198060,227100,182674
198061,163038,182685
198062,163060,182685
198063,163082,182685
198064,163104,182685
198065,163213,182685
198066,163370,182685
198067,163527,182685
198068,163684,182685
198069,163818,182662
198070,228072,182656
198071,228228,182656
198072,228384,182656
198073,228540,182656
198074,164626,182649
198075,164783,182649
198076,164940,182649
198077,165097,182649
198078,165254,182649
198079,165411,182649
198080,165568,182649
198081,165725,182649
198082,165882,182649
198083,166039,182649
198084,166196,182649
198085,166353,182649
198086,166510,182649
198087,166667,182649
198088,166824,182649
198089,166981,182628
198090,167138,182628
198091,167295,182628
198092,167452,182628
198093,167609,182628
198094,167766,182628
198095,167923,182628
198096,168080,182628
198097,168237,182628
198098,168394,182628
198099,168551,182628
198100,168708,182628
198101,168865,182628
198102,169022,182628
198103,169179,182628
198104,169336,182628
198105,169493,182628
198106,169650,182628
198107,170046,182655
198108,170072,182655
198109,170121,182655
198110,170278,182655
198111,170435,182655
198112,170592,182655
198113,170749,182655
198114,170906,182655
198115,171063,182655
198116,171220,182655
198117,171377,182655
198118,171534,182655
198119,171691,182655
198120,171848,182655
198121,172005,182655
198122,172162,182655
198123,172319,182655
198124,172476,182655
198125,172633,182655
198126,240102,182656
198127,240221,182660
198128,240336,182660
198129,173506,182670
198130,173598,182691
198131,173669,182691
198132,173740,182691
198133,240911,182690
198134,241026,182664
198135,241141,182664
198136,240920,182654
198137,240949,182654
198138,240978,182654
198139,241007,182654
198140,241036,182654
198141,241065,182654
198142,241094,182654
198143,241123,182654
198144,241152,182654
198145,241181,182654
198146,241210,182654
198147,241239,182654
198148,241268,182654
198149,241297,182654
198150,241326,182654
198151,241355,182654
198152,241384,182654
198153,241413,182654
198154,241442,182654
198155,241471,182654
198156,241500,182654
198157,181711,182632
198158,181786,182632
198159,181861,182632
198160,181936,182632
198161,182011,182632
198162,182086,182632
198163,182161,182632
198164,182236,182632
198165,182311,182632
198166,182386,182632
198167,182461,182632
198168,182536,182632
198169,182611,182632
198170,182685,182631
198171,184214,182631
198172,184248,182631
198173,184282,182631
198174,184316,182631
198175,184350,182631
198176,184384,182631
198177,184418,182631
198178,184452,182631
198179,184486,182631
198180,184520,182631
198181,248517,182632
198182,248550,182632
198183,248583,182632
198184,248616,182632
198185,248649,182632
198186,248682,182632
198187,248715,182632
198188,248748,182632
198189,248781,182632
198190,248814,182632
198191,248847,182632
198192,248880,182632
198193,248913,182632
198194,248946,182632
198195,248979,182632
198196,249012,182632
198197,249045,182632
198198,249078,182632
198199,249111,182632
198200,249144,182632
198201,249177,182632
198202,249210,182632
198203,249243,182632
198204,249276,182632
198205,249309,182632
198206,249342,182632
198207,249444,182632
198208,249600,182632
198209,192120,182634
198210,192240,182634
198211,192360,182634
198212,192480,182634
198213,192600,182634
198214,192720,182634
198215,192840,182634
198216,192960,182634
198217,193080,182634
198218,193200,182634
198219,193320,182634
198220,193440,182634
198221,193560,182634
198222,193680,182634
198223,193800,182634
198224,193920,182634
198225,194040,182634
198226,194160,182634
198227,194280,182634
198228,194400,182634
198229,194520,182634
198230,194640,182634
198231,194760,182634
198232,194880,182634
198233,195000,182634
198234,195120,182634
198235,195240,182634
198236,195360,182634
198237,195480,182634
198238,195600,182634
198239,195720,182634
198240,195840,182634
198241,195960,182634
198242,196080,182634
198243,255040,182612
198244,189776,182598
198245,189892,182598
198246,190008,182598
198247,190124,182598
198248,198248,182600
198249,259044,182608
198250,193468,182634
198251,193506,182634
198252,193544,182634
198253,193582,182634
198254,193620,182634
198255,193658,182634
198256,193696,182634
198257,193734,182634
198258,193772,182634
198259,193810,182634
198260,193848,182634
198261,193985,182634
198262,194142,182634
198263,200582,182636
198264,200624,182636
198265,200666,182636
198266,200708,182636
198267,200750,182636
198268,200792,182636
198269,200834,182636
198270,200876,182636
198271,200918,182636
198272,200960,182636
198273,201002,182636
198274,201044,182636
198275,201086,182636
198276,201128,182636
198277,201170,182636
198278,201212,182636
198279,201254,182636
198280,201296,182636
198281,201338,182636
198282,201380,182636
198283,201422,182636
198284,201464,182636
198285,201506,182636
198286,201548,182636
198287,201590,182636
198288,201632,182636
198289,201720,182636
198290,201840,182636
198291,201960,182636
198292,202080,182636
198293,202200,182636
198294,202320,182636
198295,202440,182636
198296,202560,182636
198297,202680,182636
198298,202800,182636
198299,202920,182636
198300,203040,182636
198301,203160,182636
198302,203280,182636
198303,205083,182640
198304,205088,182640
198305,205093,182640
198306,205098,182640
198307,205103,182640
198308,205108,182640
198309,205113,182640
198310,205118,182640
198311,205123,182640
198312,205128,182640
198313,205133,182640
198314,205138,182640
198315,205143,182640
198316,205148,182640
198317,205153,182640
198318,205200,182640
198319,205320,182640
198320,205440,182640
198321,205560,182640
198322,205680,182640
198323,205800,182640
198324,205920,182640
198325,6868,182604
198326,6872,182604
198327,6876,182604
198328,6880,182604
198329,6884,182604
198330,6888,182604
198331,6892,182604
198332,6896,182604
198333,6956,182604
198334,7112,182604
198335,7268,182604
198336,7424,182604
198337,212169,182608
198338,212178,182608
198339,212187,182608
198340,212196,182608
198341,210788,182638
198342,210836,182640
198343,210882,182640
198344,210928,182640
198345,210974,182640
198346,211020,182640
198347,211066,182640
198348,211112,182640
198349,211158,182640
198350,211204,182640
198351,211250,182640
198352,211296,182640
198353,211342,182640
198354,212322,182644
198355,212331,182644
198356,212340,182644
198357,212349,182644
198358,212358,182644
198359,212367,182644
198360,212376,182644
198361,14024,182646
198362,14032,182646
198363,14040,182646
198364,14048,182646
198365,14056,182646
198366,14064,182646
198367,14072,182646
198368,14080,182646
198369,14088,182646
198370,14096,182646
198371,14104,182646
198372,14112,182646
198373,14120,182646
198374,14128,182646
198375,14136,182646
198376,14144,182646
198377,14152,182646
198378,14160,182646
198379,14168,182646
198380,14288,182646
198381,14444,182646
198382,14600,182646
198383,14756,182646
198384,14912,182646
198385,15068,182646
198386,15224,182646
198387,15380,182646
198388,15536,182646
198389,15692,182646
198390,15848,182646
198391,16004,182646
198392,16160,182646
198393,16316,182646
198394,16472,182646
198395,16628,182646
198396,16784,182646
198397,215337,182644
198398,215494,182644
198399,215651,182644
198400,215808,182644
198401,215965,182644
198402,222455,182647
198403,222580,182648
198404,222704,182648
198405,222828,182648
198406,222952,182648
198407,223076,182648
198408,223200,182648
198409,223324,182648
198410,223448,182648
198411,223572,182648
198412,223696,182648
198413,223820,182648
198414,223944,182648
198415,19744,182635
198416,21696,182616
198417,21708,182616
198418,21720,182616
198419,21732,182616
198420,21744,182616
198421,21756,182616
198422,21768,182616
198423,21780,182616
198424,21792,182616
198425,21804,182616
198426,21816,182616
198427,21828,182616
198428,21840,182616
198429,21932,182616
198430,22088,182616
198431,22244,182616
198432,22400,182616
198433,22556,182616
198434,22712,182616
198435,22868,182616
198436,24036,182616
198437,24085,182616
198438,24134,182616
198439,24183,182616
198440,24232,182616
198441,24281,182616
198442,24330,182616
198443,222822,182648
198444,222872,182648
198445,222922,182648
198446,223030,182648
198447,223187,182648
198448,223344,182648
198449,223501,182648
198450,27340,182641
198451,27426,182641
198452,27512,182641
198453,27598,182641
198454,27684,182641
198455,27770,182641
198456,230864,182652
198457,230918,182652
198458,230972,182652
198459,231026,182652
198460,231080,182652
198461,231134,182652
198462,29664,182658
198463,29680,182658
198464,29696,182658
198465,29712,182658
198466,29728,182658
198467,29744,182658
198468,29760,182658
198469,29776,182658
198470,29792,182658
198471,29808,182658
198472,29824,182658
198473,29840,182658
198474,29856,182658
198475,29872,182658
198476,29888,182658
198477,29904,182658
198478,29920,182658
198479,29936,182658
198480,29952,182658
198481,30044,182658
198482,30200,182658
198483,30356,182658
198484,30512,182658
198485,30668,182658
198486,30824,182658
198487,30980,182658
198488,31136,182658
198489,31292,182658
198490,31448,182658
198491,31604,182658
198492,31760,182658
198493,31916,182658
198494,32072,182658
198495,32228,182658
198496,32384,182658
198497,32540,182658
198498,234360,182652
198499,234484,182652
198500,234608,182652
198501,234732,182652
198502,234856,182652
198503,234980,182652
198504,204768,182634
198505,204876,182634
198506,204984,182634
198507,205092,182634
198508,205200,182634
198509,205308,182634
198510,205416,182634
198511,205524,182634
198512,205632,182634
198513,205740,182634
198514,205848,182634
198515,236464,182630
198516,236676,182620
198517,236716,182620
198518,38322,182628
198519,38445,182628
198520,38568,182628
198521,38691,182628
198522,38814,182628
198523,38937,182628
198524,39060,182628
198525,39183,182628
198526,39306,182628
198527,39429,182628
198528,39552,182628
198529,39675,182628
198530,39798,182628
198531,38460,182628
198532,38480,182628
198533,38500,182628
198534,38520,182628
198535,38540,182628
198536,38624,182628
198537,38780,182628
198538,38936,182628
198539,39092,182628
198540,39248,182628
198541,39404,182628
198542,39560,182628
198543,39716,182628
198544,39872,182628
198545,40028,182628
198546,40184,182628
198547,40340,182628
198548,40496,182628
198549,40652,182628
198550,245158,182624
198551,245183,182624
198552,245208,182624
198553,245233,182624
198554,245258,182624
198555,245283,182624
198556,245308,182624
198557,245333,182624
198558,205172,182634
198559,46824,182634
198560,46848,182634
198561,46872,182634
198562,46896,182634
198563,46920,182634
198564,46944,182634
198565,46968,182634
198566,46992,182634
198567,47016,182634
198568,47040,182634
198569,47064,182634
198570,245658,182660
198571,245683,182660
198572,245708,182660
198573,245733,182660
198574,245758,182660
198575,245783,182660
198576,47232,182670
198577,47256,182670
198578,47280,182670
198579,47304,182670
198580,47328,182670
198581,47352,182670
198582,47376,182670
198583,47400,182670
198584,47424,182670
198585,47448,182670
198586,47472,182670
198587,47496,182670
198588,47520,182670
198589,47544,182670
198590,47568,182670
198591,47592,182670
198592,47616,182670
198593,47640,182670
198594,47672,182670
198595,47828,182670
198596,47984,182670
198597,48140,182670
198598,48296,182670
198599,48452,182670
198600,48608,182670
198601,48764,182670
198602,48920,182670
198603,49076,182670
198604,49232,182670
198605,49388,182670
198606,49544,182670
198607,49700,182670
198608,49856,182670
198609,50012,182670
198610,50168,182670
198611,248935,182660
198612,249092,182660
198613,249249,182660
198614,249406,182660
198615,249563,182660
198616,249720,182660
198617,51260,182647
198618,51416,182647
198619,51572,182647
198620,51728,182647
198621,51884,182647
198622,52040,182647
198623,52196,182647
198624,52352,182647
198625,52508,182647
198626,52664,182647
198627,52820,182647
198628,257436,182628
198629,257531,182628
198630,257626,182628
198631,257721,182628
198632,257816,182628
198633,257911,182628
198634,258006,182628
198635,258101,182628
198636,258196,182628
198637,258291,182628
198638,258386,182628
198639,258481,182628
198640,258576,182628
198641,258671,182628
198642,258766,182628
198643,258861,182628
198644,258956,182628
198645,259051,182628
198646,259146,182628
198647,259241,182628
198648,259336,182628
198649,259431,182628
198650,259526,182628
198651,259621,182628
198652,257800,182628
198653,57260,182640
198654,57288,182640
198655,57316,182640
198656,57344,182640
198657,59453,182640
198658,59502,182628
198659,256471,182628
198660,256628,182628
198661,258358,182628
198662,258420,182628
198663,258482,182628
198664,258544,182628
198665,258606,182628
198666,258668,182628
198667,258730,182628
198668,258792,182628
198669,258854,182628
198670,258916,182628
198671,2543,182633
198672,2576,182633
198673,2609,182633
198674,2642,182633
198675,2675,182633
198676,2708,182633
198677,2741,182633
198678,2816,182633
198679,2944,182633
198680,3072,182633
198681,3200,182633
198682,3328,182633
198683,3456,182633
198684,3584,182633
198685,3712,182633
198686,3840,182633
198687,64352,182647
198688,64448,182649
198689,64542,182649
198690,64636,182649
198691,64730,182649
198692,64824,182649
198693,64918,182649
198694,65012,182649
198695,65106,182649
198696,65200,182649
198697,65294,182649
198698,65388,182649
198699,6934,182669
198700,7000,182669
198701,7066,182669
198702,7132,182669
198703,7198,182669
198704,7264,182669
198705,67104,182682
198706,67136,182682
198707,67168,182682
198708,67200,182682
198709,67232,182682
198710,67264,182682
198711,67296,182682
198712,67328,182682
198713,67360,182682
198714,67392,182682
198715,67424,182682
198716,67456,182682
198717,67488,182682
198718,67520,182682
198719,67552,182682
198720,67584,182682
198721,67616,182682
198722,67648,182682
198723,67796,182682
198724,67952,182682
198725,68108,182682
198726,68264,182682
198727,68420,182682
198728,68576,182682
198729,68732,182682
198730,68888,182682
198731,69044,182682
198732,69200,182682
198733,69356,182682
198734,69512,182682
198735,69668,182682
198736,69824,182682
198737,69980,182682
198738,10496,182671
198739,10624,182671
198740,10752,182671
198741,10880,182671
198742,11008,182671
198743,11128,182663
198744,78256,182651
198745,78354,182651
198746,78452,182651
198747,78550,182651
198748,78648,182651
198749,78746,182651
198750,78844,182651
198751,78942,182651
198752,79040,182651
198753,79138,182651
198754,10564,182635
198755,10630,182635
198756,10696,182635
198757,10762,182635
198758,10828,182635
198759,10894,182635
198760,14088,182637
198761,14125,182637
198762,14162,182637
198763,14199,182637
198764,14236,182637
198765,14273,182637
198766,14310,182637
198767,14347,182637
198768,14384,182637
198769,14464,182637
198770,14592,182637
198771,14720,182637
198772,14848,182637
198773,14976,182637
198774,15104,182637
198775,15232,182637
198776,15360,182637
198777,15488,182637
198778,15616,182637
198779,15744,182637
198780,15872,182637
198781,16000,182637
198782,16128,182637
198783,16256,182637
198784,16383,182636
198785,78372,182615
198786,78408,182615
198787,78444,182615
198788,78480,182615
198789,78516,182615
198790,78552,182615
198791,78588,182615
198792,78624,182615
198793,78716,182615
198794,78872,182615
198795,79028,182615
198796,87520,182616
198797,87560,182616
198798,87600,182616
198799,87640,182616
198800,87680,182616
198801,81903,182624
198802,20598,182639
198803,20697,182639
198804,20796,182639
198805,20895,182639
198806,20994,182639
198807,21093,182639
198808,21192,182639
198809,21291,182639
198810,21390,182639
198811,21489,182639
198812,21588,182639
198813,21687,182639
198814,21786,182639
198815,21885,182639
198816,21984,182639
198817,22083,182639
198818,22182,182639
198819,22281,182639
198820,22380,182639
198821,22479,182639
198822,22578,182639
198823,25279,182639
198824,25320,182639
198825,25361,182639
198826,25402,182639
198827,25443,182639
198828,25484,182639
198829,25525,182639
198830,25566,182639
198831,25607,182639
198832,25648,182639
198833,25689,182639
198834,25730,182639
198835,25771,182639
198836,25812,182639
198837,89160,182652
198838,26760,182652
198839,26772,182652
198840,26784,182652
198841,26796,182652
198842,26808,182652
198843,26820,182652
198844,26832,182652
198845,26844,182652
198846,26856,182652
198847,26263,182675
198848,26304,182675
198849,26345,182675
198850,26386,182675
198851,26427,182675
198852,89760,182688
198853,26940,182688
198854,26952,182688
198855,26964,182688
198856,90264,182700
198857,90275,182700
198858,90286,182700
198859,90297,182700
198860,90308,182700
198861,90319,182700
198862,90330,182700
198863,90341,182700
198864,90352,182700
198865,90363,182700
198866,90374,182700
198867,90385,182700
198868,90416,182700
198869,90572,182700
198870,90728,182700
198871,90884,182700
198872,91040,182700
198873,91196,182700
198874,91352,182700
198875,91508,182700
198876,91664,182700
198877,91820,182700
198878,91976,182700
198879,92132,182700
198880,92288,182700
198881,92444,182700
198882,92600,182700
198883,29495,182677
198884,29652,182677
198885,29809,182677
198886,29966,182677
198887,30123,182677
198888,93536,182664
198889,93692,182664
198890,93848,182664
198891,94004,182664
198892,94160,182664
198893,94316,182664
198894,94472,182664
198895,94628,182664
198896,94784,182664
198897,94940,182664
198898,31850,182641
198899,32007,182641
198900,32164,182641
198901,32321,182641
198902,32478,182641
198903,32635,182641
198904,32792,182641
198905,32949,182641
198906,33106,182641
198907,33263,182641
198908,33420,182641
198909,33577,182641
198910,33734,182641
198911,33891,182641
198912,34048,182641
198913,34205,182641
198914,34362,182641
198915,34519,182641
198916,34676,182641
198917,34833,182641
198918,41322,182643
198919,41425,182643
198920,41528,182643
198921,41631,182643
198922,41734,182643
198923,41837,182643
198924,100276,182632
198925,100291,182632
198926,100306,182632
198927,100321,182632
198928,100336,182632
198929,100351,182632
198930,100366,182632
198931,100381,182632
198932,100400,182632
198933,100556,182632
198934,100712,182632
198935,100868,182632
198936,101024,182632
198937,101180,182632
198938,101336,182632
198939,101492,182632
198940,102608,182632
198941,102652,182632
198942,102696,182632
198943,102740,182632
198944,102784,182632
198945,102828,182632
198946,102872,182632
198947,102916,182632
198948,102960,182632
198949,103052,182632
198950,103208,182632
198951,103364,182632
198952,103520,182632
198953,103676,182632
198954,103832,182632
198955,103988,182632
198956,104144,182632
198957,104300,182632
198958,104456,182632
198959,104612,182632
198960,104768,182632
198961,104924,182632
198962,105080,182632
198963,106379,182632
198964,106452,182632
198965,106525,182632
198966,106598,182632
198967,106671,182632
198968,106744,182632
198969,106817,182632
198970,106890,182632
198971,106963,182632
198972,107036,182632
198973,107109,182632
198974,107182,182632
198975,88319,182616
198976,88384,182616
198977,50564,182645
198978,50696,182645
198979,50828,182645
198980,50960,182645
198981,51092,182645
198982,51224,182645
198983,51356,182645
198984,51488,182645
198985,51620,182645
198986,51752,182645
198987,51884,182645
198988,52016,182645
198989,52148,182645
198990,52280,182645
198991,52412,182645
198992,52544,182645
198993,52676,182645
198994,52808,182645
198995,52940,182645
198996,53072,182645
198997,53204,182645
198998,53336,182645
198999,53468,182645
199000,53600,182645
199001,53732,182645
199002,53864,182645
199003,53996,182645
199004,54128,182645
199005,54260,182645
199006,54392,182645
199007,113626,182672
199008,113728,182672
199009,113830,182672
199010,113932,182672
199011,114034,182672
199012,114136,182672
199013,114238,182672
199014,114340,182672
199015,114442,182672
199016,114544,182672
199017,56830,182681
199018,56908,182681
199019,56986,182681
199020,57064,182681
199021,57142,182681
199022,115872,182708
199023,115920,182708
199024,115968,182708
199025,116016,182708
199026,116064,182708
199027,116112,182708
199028,116160,182708
199029,116208,182708
199030,116256,182708
199031,116304,182708
199032,116352,182708
199033,116400,182708
199034,116448,182708
199035,116496,182708
199036,116624,182708
199037,116780,182708
199038,116936,182708
199039,117092,182708
199040,117248,182708
199041,117404,182708
199042,117560,182708
199043,117716,182708
199044,117872,182708
199045,118028,182708
199046,59672,182706
199047,59804,182706
199048,59936,182683
199049,60068,182683
199050,60200,182683
199051,60332,182683
199052,59560,182670
199053,59638,182670
199054,59716,182670
199055,59794,182670
199056,59872,182670
199057,59950,182670
199058,60028,182670
199059,60106,182670
199060,60184,182647
199061,60262,182647
199062,60340,182647
199063,60418,182647
199064,60496,182647
199065,60574,182647
199066,60652,182647
199067,60730,182647
199068,60808,182647
199069,60886,182647
199070,60964,182647
199071,61042,182647
199072,61120,182647
199073,61198,182647
199074,61276,182647
199075,61354,182647
199076,61432,182647
199077,61510,182647
199078,61588,182647
199079,61666,182647
199080,61744,182647
199081,61822,182647
199082,61900,182647
199083,61964,182633
199084,99040,182616
199085,99080,182616
199086,99120,182616
199087,99160,182616
199088,99200,182616
199089,99240,182616
199090,99280,182616
199091,99320,182616
199092,99360,182616
199093,99400,182616
199094,99440,182616
199095,99480,182616
199096,99520,182616
199097,99583,182616
199098,99702,182616
199099,99821,182616
199100,99940,182616
199101,100059,182616
199102,100178,182616
199103,70357,182640
199104,70464,182640
199105,70571,182640
199106,70678,182640
199107,70785,182640
199108,70892,182640
199109,70999,182640
199110,71106,182640
199111,71213,182640
199112,71306,182626
199113,71427,182613
199114,71534,182613
199115,71641,182613
199116,70202,182618
199117,70252,182640
199118,70280,182640
199119,70308,182640
199120,70336,182640
199121,70364,182640
199122,70392,182640
199123,70420,182640
199124,70448,182640
199125,70476,182640
199126,70504,182640
199127,70532,182640
199128,70560,182640
199129,70628,182640
199130,70760,182640
199131,70892,182640
199132,71024,182640
199133,71156,182640
199134,71288,182640
199135,71420,182640
199136,71552,182640
199137,71684,182640
199138,71816,182640
199139,71948,182640
199140,73132,182617
199141,73135,182617
199142,73138,182617
199143,73141,182617
199144,73144,182617
199145,73147,182617
199146,71064,182640
199147,71092,182640
199148,71120,182640
199149,71257,182640
199150,71414,182640
199151,71571,182640
199152,142464,182618
199153,142520,182618
199154,142576,182618
199155,142632,182618
199156,142688,182618
199157,142744,182618
199158,142800,182618
199159,142856,182618
199160,142912,182618
199161,142968,182618
199162,143024,182618
199163,143080,182618
199164,143136,182618
199165,143192,182618
199166,143248,182618
199167,143304,182618
199168,143360,182618
199169,143416,182618
199170,143472,182618
199171,143528,182618
199172,143584,182618
199173,143640,182618
199174,143696,182618
199175,143752,182618
199176,143808,182618
199177,143864,182618
199178,143920,182618
199179,82272,182646
199180,82304,182646
199181,82336,182646
199182,82368,182646
199183,82400,182646
199184,82432,182646
199185,82464,182646
199186,81410,182649
199187,145485,182650
199188,83596,182654
199189,83603,182654
199190,83610,182654
199191,83617,182654
199192,83624,182654
199193,83631,182654
199194,83638,182654
199195,83645,182654
199196,83652,182654
199197,83659,182654
199198,83666,182654
199199,83673,182654
199200,83680,182654
199201,83687,182654
199202,83694,182654
199203,83701,182654
199204,83708,182654
199205,83715,182654
199206,83722,182654
199207,83729,182654
199208,83184,182666
199209,83232,182682
199210,83264,182682
199211,83296,182682
199212,83328,182682
199213,83360,182682
199214,83392,182682
199215,83063,182685
199216,83792,182690
199217,83799,182690
199218,83806,182690
199219,83552,182718
199220,83584,182718
199221,83827,182726
199222,83834,182726
199223,146762,182729
199224,146768,182729
199225,146774,182729
199226,146780,182729
199227,146786,182729
199228,146792,182729
199229,146798,182729
199230,146888,182729
199231,147044,182729
199232,147200,182729
199233,147356,182729
199234,147512,182729
199235,147668,182729
199236,84916,182726
199237,85073,182726
199238,148136,182724
199239,148292,182724
199240,85544,182695
199241,85701,182695
199242,85858,182695
199243,148916,182688
199244,149072,182688
199245,149228,182688
199246,149384,182688
199247,149540,182688
199248,149696,182688
199249,149852,182688
199250,87114,182659
199251,87271,182659
199252,87428,182659
199253,87585,182659
199254,87742,182659
199255,87899,182659
199256,88056,182659
199257,88213,182659
199258,88370,182659
199259,88527,182659
199260,88684,182659
199261,88841,182659
199262,88998,182659
199263,89155,182659
199264,89312,182659
199265,89469,182659
199266,89626,182659
199267,89783,182659
199268,89940,182659
199269,90092,182654
199270,153128,182652
199271,153284,182652
199272,153440,182652
199273,153596,182652
199274,153752,182652
199275,153908,182652
199276,154064,182652
199277,154220,182652
199278,154376,182652
199279,154532,182652
199280,162848,182622
199281,162958,182622
199282,163068,182622
199283,163178,182622
199284,163288,182622
199285,163398,182622
199286,163508,182622
199287,163618,182622
199288,99408,182628
199289,99494,182628
199290,99580,182628
199291,99666,182628
199292,99752,182628
199293,99838,182628
199294,99924,182628
199295,157942,182631
199296,157952,182631
199297,157962,182631
199298,157972,182631
199299,157982,182631
199300,157992,182631
199301,158002,182631
199302,158120,182631
199303,158276,182631
199304,158432,182631
199305,158588,182631
199306,158744,182631
199307,101042,182628
199308,101128,182628
199309,101214,182628
199310,101300,182628
199311,101386,182628
199312,97344,182627
199313,97380,182627
199314,97416,182627
199315,97452,182627
199316,97488,182627
199317,97633,182627
199318,97790,182627
199319,97947,182627
199320,98104,182627
199321,99957,182628
199322,100018,182628
199323,100079,182628
199324,100140,182628
199325,100201,182628
199326,100262,182628
199327,100323,182628
199328,100384,182628
199329,100445,182628
199330,163320,182658
199331,163380,182658
199332,163440,182658
199333,163500,182658
199334,163560,182658
199335,163620,182658
199336,163680,182658
199337,163740,182658
199338,163800,182658
199339,163892,182658
199340,164048,182658
199341,164204,182658
199342,164360,182658
199343,164516,182658
199344,164672,182658
199345,164828,182658
199346,164984,182658
199347,107421,182632
199348,107532,182632
199349,107643,182632
199350,107754,182632
199351,107865,182632
199352,107976,182632
199353,108087,182632
199354,108198,182632
199355,109880,182632
199356,109920,182632
199357,109960,182632
199358,110000,182632
199359,110040,182632
199360,110080,182632
199361,110120,182632
199362,110160,182632
199363,110200,182632
199364,110240,182632
199365,110280,182632
199366,110320,182632
199367,106921,182632
199368,106936,182632
199369,106951,182632
199370,106966,182632
199371,106981,182632
199372,169768,182637
199373,169782,182637
199374,169796,182637
199375,169810,182637
199376,169824,182637
199377,169838,182637
199378,169976,182637
199379,170132,182637
199380,170288,182637
199381,170444,182637
199382,107838,182632
199383,107995,182632
199384,108152,182632
199385,108309,182632
199386,108466,182632
199387,108623,182632
199388,171536,182624
199389,171692,182624
199390,171848,182624
199391,172004,182624
199392,172160,182624
199393,172316,182624
199394,172472,182624
199395,172628,182624
199396,172784,182624
199397,172940,182624
199398,173096,182624
199399,173252,182624
199400,173408,182624
199401,173564,182624
199402,173720,182624
199403,174541,182660
199404,174580,182660
199405,174619,182660
199406,174658,182660
199407,174697,182660
199408,174736,182660
199409,174812,182660
199410,174968,182660
199411,175124,182660
199412,175280,182660
199413,175436,182660
199414,175592,182660
199415,175748,182660
199416,175904,182660
199417,176060,182660
199418,176216,182660
199419,176372,182660
199420,176528,182660
199421,176684,182660
199422,176840,182660
199423,176996,182660
199424,177152,182660
199425,177308,182660
199426,177464,182660
199427,121236,182668
199428,121376,182672
199429,121512,182672
199430,121648,182672
199431,121784,182672
199432,121920,182672
199433,122056,182672
199434,122192,182672
199435,122328,182672
199436,122464,182672
199437,122600,182672
199438,122736,182672
199439,122872,182672
199440,123008,182672
199441,123144,182672
199442,123280,182672
199443,180776,182694
199444,180888,182696
199445,180998,182696
199446,181108,182696
199447,181218,182696
199448,124528,182708
199449,124618,182708
199450,124708,182708
199451,181952,182732
199452,125136,182744
199453,182282,182751
199454,182300,182751
199455,182318,182751
199456,182336,182751
199457,182354,182751
199458,182456,182751
199459,182612,182751
199460,182768,182751
199461,125864,182744
199462,114584,182724
199463,126128,182716
199464,125968,182708
199465,114630,182688
199466,114716,182688
199467,114802,182688
199468,114888,182688
199469,125884,182672
199470,125928,182672
199471,125972,182672
199472,126016,182672
199473,126060,182672
199474,126104,182672
199475,126148,182672
199476,126192,182672
199477,126236,182672
199478,195160,182664
199479,114840,182652
199480,114880,182652
199481,114920,182652
199482,114960,182652
199483,115000,182652
199484,115040,182652
199485,115080,182652
199486,115120,182652
199487,115160,182652
199488,115200,182652
199489,115240,182652
199490,115280,182652
199491,115320,182652
199492,115360,182652
199493,115400,182652
199494,115440,182652
199495,115480,182652
199496,115520,182652
199497,115560,182652
199498,115600,182652
199499,115640,182652
199500,115680,182652
199501,115720,182652
199502,115760,182652
199503,115800,182652
199504,115840,182652
199505,115880,182652
199506,115920,182652
199507,115960,182652
199508,116020,182652
199509,116173,182652
199510,116326,182652
199511,116479,182652
199512,195432,182628
199513,195567,182628
199514,195702,182628
199515,195837,182628
199516,195972,182628
199517,196107,182628
199518,196242,182628
199519,196377,182628
199520,196512,182628
199521,196647,182628
199522,196782,182628
199523,196917,182628
199524,197052,182628
199525,198356,182628
199526,198424,182628
199527,198492,182628
199528,198560,182628
199529,198628,182628
199530,198696,182628
199531,198764,182628
199532,198832,182628
199533,198900,182628
199534,198968,182628
199535,199036,182628
199536,136496,182640
199537,132903,182640
199538,132926,182640
199539,195554,182649
199540,195576,182649
199541,195598,182649
199542,195620,182649
199543,195716,182649
199544,195872,182649
199545,137288,182642
199546,137424,182642
199547,137560,182642
199548,137696,182642
199549,137832,182642
199550,137968,182642
199551,138104,182642
199552,138240,182642
199553,138376,182642
199554,138512,182642
199555,138648,182642
199556,138784,182642
199557,138920,182642
199558,139056,182642
199559,139192,182642
199560,139328,182642
199561,139464,182642
199562,139600,182642
199563,205798,182628
199564,205912,182628
199565,206026,182628
199566,206140,182628
199567,206254,182628
199568,206368,182628
199569,206482,182628
199570,206596,182628
199571,206710,182628
199572,206824,182628
199573,206938,182628
199574,207052,182628
199575,207166,182628
199576,207280,182628
199577,207394,182628
199578,207508,182628
199579,139460,182639
199580,139532,182642
199581,139601,182642
199582,139670,182642
199583,142800,182654
199584,208448,182655
199585,208474,182655
199586,208500,182655
199587,208534,182655
199588,208648,182655
199589,208762,182655
199590,146322,182646
199591,146437,182646
199592,146552,182646
199593,146667,182646
199594,209332,182630
199595,209446,182630
199596,209560,182630
199597,209674,182630
199598,209788,182630
199599,209902,182630
199600,210016,182630
199601,210130,182630
199602,210244,182630
199603,210358,182630
199604,210472,182630
199605,210586,182630
199606,210700,182630
199607,210814,182630
199608,210928,182630
199609,211042,182630
199610,211156,182630
199611,211270,182630
199612,146644,182646
199613,146671,182646
199614,146698,182646
199615,146808,182646
199616,146944,182646
199617,147080,182646
199618,147216,182646
199619,147352,182646
199620,147488,182646
199621,147624,182646
199622,147760,182646
199623,147896,182646
199624,148032,182646
199625,148168,182646
199626,148304,182646
199627,148440,182646
199628,148576,182646
199629,152902,182648
199630,152996,182648
199631,209670,182655
199632,209696,182655
199633,209756,182655
199634,149392,182648
199635,149528,182648
199636,218016,182630
199637,218088,182630
199638,218160,182630
199639,218232,182630
199640,218304,182630
199641,218376,182630
199642,218448,182630
199643,218520,182630
199644,218592,182630
199645,218664,182630
199646,218736,182630
199647,218808,182630
199648,218880,182630
199649,218952,182630
199650,219024,182630
199651,219096,182630
199652,219168,182630
199653,219240,182630
199654,219312,182630
199655,219384,182630
199656,219456,182630
199657,219528,182630
199658,219600,182630
199659,219672,182630
199660,219744,182630
199661,219816,182630
199662,219888,182630
199663,219960,182630
199664,220032,182630
199665,220104,182630
199666,220176,182630
199667,220248,182630
199668,220320,182630
199669,222902,182661
199670,222932,182661
199671,222962,182661
199672,222992,182661
199673,223022,182661
199674,223052,182661
199675,223082,182661
199676,223112,182661
199677,223142,182661
199678,223172,182661
199679,223202,182661
199680,223232,182661
199681,223262,182661
199682,223292,182661
199683,223322,182661
199684,223352,182661
199685,223382,182661
199686,161852,182663
199687,161862,182663
199688,161872,182663
199689,161882,182663
199690,161892,182663
199691,161902,182663
199692,161912,182663
199693,161922,182663
199694,161932,182663
199695,161942,182663
199696,161952,182663
199697,161962,182663
199698,161972,182663
199699,161982,182663
199700,161992,182663
199701,162000,182661
199702,223892,182661
199703,223922,182661
199704,223952,182661
199705,223982,182661
199706,224012,182661
199707,224042,182661
199708,224072,182661
199709,224102,182661
199710,224132,182661
199711,224160,182659
199712,224188,182657
199713,161460,182656
199714,161512,182656
199715,161564,182656
199716,161616,182656
199717,161668,182656
199718,161720,182656
199719,161772,182656
199720,161824,182656
199721,161876,182656
199722,161926,182654
199723,162222,182654
199724,162232,182654
199725,162242,182654
199726,162252,182654
199727,162112,182654
199728,224636,182714
199729,162317,182726
199730,224880,182706
199731,162631,182690
199732,162782,182684
199733,225356,182678
199734,225512,182678
199735,225668,182678
199736,225824,182678
199737,225980,182678
199738,226136,182678
199739,226292,182678
199740,226448,182678
199741,226604,182678
199742,226760,182678
199743,226916,182678
199744,227072,182678
199745,227228,182678
199746,227384,182678
199747,227540,182678
199748,227696,182678
199749,227852,182678
199750,228008,182678
199751,228164,182678
199752,228320,182678
199753,228476,182678
199754,228632,182678
199755,228788,182678
199756,228944,182678
199757,229100,182678
199758,229256,182678
199759,229412,182678
199760,229568,182678
199761,229724,182678
199762,229880,182678
199763,230036,182678
199764,230192,182678
199765,230348,182678
199766,230504,182678
199767,230660,182678
199768,230816,182678
199769,230972,182678
199770,231128,182678
199771,231284,182668
199772,231440,182668
199773,231596,182668
199774,231750,182666
199775,231904,182664
199776,232058,182662
199777,232212,182660
199778,232366,182658
199779,232520,182656
199780,232674,182654
199781,232828,182652
199782,232982,182650
199783,233136,182648
199784,233290,182646
199785,233444,182644
199786,233598,182642
199787,233752,182640
199788,233906,182638
199789,245551,182634
199790,245690,182634
199791,245829,182634
199792,245968,182634
199793,246107,182634
199794,246246,182634
199795,246385,182634
199796,246524,182634
199797,246663,182634
199798,246802,182634
199799,246941,182634
199800,247080,182634
199801,247219,182634
199802,247358,182634
199803,247492,182629
199804,244476,182598
199805,244573,182598
199806,180710,182624
199807,177501,182624
199808,177536,182624
199809,177571,182624
199810,177606,182624
199811,177641,182624
199812,177676,182624
199813,177711,182624
199814,177746,182624
199815,177781,182624
199816,177816,182624
199817,177851,182624
199818,177886,182624
199819,177921,182624
199820,177956,182624
199821,177991,182624
199822,178026,182624
199823,178061,182624
199824,178096,182624
199825,178131,182624
199826,178166,182624
199827,178201,182624
199828,178236,182624
199829,178271,182624
199830,178306,182624
199831,178341,182624
199832,178488,182624
199833,178645,182624
199834,178802,182624
199835,178959,182624
199836,179116,182624
199837,179273,182624
199838,179430,182624
199839,179587,182624
199840,179744,182624
199841,179901,182624
199842,180058,182624
199843,180215,182624
199844,180372,182624
199845,180529,182624
199846,180686,182624
199847,180843,182624
199848,181000,182624
199849,181157,182624
199850,181552,182624
199851,181608,182624
199852,181664,182624
199853,181785,182624
199854,181942,182624
199855,182099,182624
199856,182256,182624
199857,182413,182624
199858,182570,182624
199859,182727,182624
199860,182884,182624
199861,183041,182624
199862,183198,182624
199863,183355,182624
199864,183512,182624
199865,183669,182624
199866,183826,182624
199867,183983,182624
199868,184140,182624
199869,184297,182624
199870,184454,182624
199871,184611,182624
199872,184768,182624
199873,184925,182624
199874,185082,182624
199875,185239,182624
199876,185396,182624
199877,185553,182624
199878,185710,182624
199879,185848,182605
199880,245496,182598
199881,245551,182598
199882,245606,182598
199883,245661,182598
199884,245716,182598
199885,245787,182598
199886,245922,182598
199887,246057,182598
199888,256,182599
199889,0,182599
199890,193927,182603
199891,194069,182626
199892,194188,182626
199893,193651,182626
199894,193690,182626
199895,193729,182626
199896,193768,182626
199897,193807,182626
199898,193846,182626
199899,193885,182626
199900,193924,182626
199901,193963,182626
199902,194002,182626
199903,194041,182626
199904,194080,182626
199905,194119,182626
199906,194158,182626
199907,194197,182626
199908,194236,182626
199909,194275,182626
199910,194314,182626
199911,194353,182626
199912,194392,182626
199913,194431,182626
199914,194470,182626
199915,194509,182626
199916,194548,182626
199917,194587,182626
199918,194626,182626
199919,194665,182626
199920,194704,182626
199921,194743,182626
199922,194782,182626
199923,194821,182626
199924,194860,182626
199925,194899,182626
199926,194938,182626
199927,194977,182626
199928,195016,182626
199929,199929,182628
199930,199930,182628
199931,199931,182628
199932,199932,182628
199933,199933,182628
199934,199934,182628
199935,199935,182628
199936,199936,182628
199937,199937,182628
199938,199938,182628
199939,199939,182628
199940,199940,182628
199941,200019,182628
199942,200138,182628
199943,200257,182628
199944,200376,182628
199945,200495,182628
199946,200614,182628
199947,200733,182628
199948,200852,182628
199949,200971,182628
199950,201090,182628
199951,201209,182628
199952,201328,182628
199953,201447,182628
199954,201566,182628
199955,201685,182628
199956,201804,182628
199957,201923,182628
199958,202042,182628
199959,202161,182628
199960,202280,182628
199961,202399,182628
199962,202518,182628
199963,199052,182623
199964,0,182599
199965,0,182599
199966,0,182599
199967,0,182599
199968,0,182599
199969,28,182599
199970,184,182599
199971,340,182599
199972,13456,182601
199973,13460,182601
199974,207110,182628
199975,2045,182635
199976,2104,182635
199977,2163,182635
199978,2222,182635
199979,2281,182635
199980,2340,182635
199981,2399,182635
199982,2458,182635
199983,2517,182635
199984,2576,182635
199985,2635,182635
199986,2694,182635
199987,2836,182635
199988,2992,182635
199989,3148,182635
199990,3304,182635
199991,16521,182637
199992,16584,182637
199993,16647,182637
199994,16710,182637
199995,16773,182637
199996,16836,182637
199997,16899,182637
199998,16962,182637
199999,17025,182637
200000,17088,182637
200001,17151,182637
200002,211478,182664
200003,211521,182664
200004,211564,182664
200005,211607,182664
200006,211650,182664
200007,211693,182664
200008,211736,182664
200009,211779,182664
200010,211822,182664
200011,211865,182664
200012,211908,182664
200013,211951,182664
200014,211994,182664
200015,212037,182664
200016,213648,182670
200017,213653,182670
200018,213658,182670
200019,213663,182670
200020,213668,182670
200021,213673,182670
200022,213678,182670
200023,213683,182670
200024,213688,182670
200025,213693,182670
200026,213698,182670
200027,213703,182670
200028,213708,182670
200029,213713,182670
200030,213718,182670
200031,213723,182670
200032,213728,182670
200033,213733,182670
200034,213738,182670
200035,213743,182670
200036,213748,182670
200037,213753,182670
200038,213758,182670
200039,213763,182670
200040,213768,182670
200041,213773,182670
200042,213778,182670
200043,213783,182670
200044,213788,182670
200045,213793,182670
200046,213798,182670
200047,213803,182670
200048,213808,182670
200049,213813,182670
200050,213818,182670
200051,213823,182670
200052,213828,182670
200053,213833,182670
200054,213838,182670
200055,213843,182670
200056,213848,182670
200057,213853,182670
200058,213970,182670
200059,214127,182670
200060,214284,182670
200061,214441,182670
200062,214598,182670
200063,214755,182670
200064,214912,182670
200065,215069,182670
200066,215226,182670
200067,215383,182670
200068,215540,182670
200069,215697,182670
200070,215854,182670
200071,216011,182670
200072,216168,182670
200073,216325,182670
200074,216482,182670
200075,216639,182670
200076,216796,182670
200077,216953,182670
200078,217110,182670
200079,217267,182670
200080,217424,182670
200081,217581,182670
200082,217738,182670
200083,217895,182670
200084,218052,182670
200085,218209,182670
200086,218366,182670
200087,218523,182670
200088,218680,182670
200089,218837,182670
200090,218994,182670
200091,219151,182670
200092,219308,182670
200093,219465,182670
200094,219622,182670
200095,219779,182670
200096,219936,182670
200097,220093,182670
200098,221812,182666
200099,221838,182666
200100,221864,182666
200101,221890,182666
200102,221916,182666
200103,221942,182666
200104,221968,182666
200105,221994,182666
200106,222020,182666
200107,222046,182666
200108,222072,182666
200109,222098,182666
200110,222134,182666
200111,222291,182666
200112,222427,182645
200113,28443,182639
200114,28582,182639
200115,28721,182639
200116,28860,182639
200117,28999,182639
200118,29138,182639
200119,29277,182639
200120,29416,182639
200121,29555,182639
200122,29694,182639
200123,30618,182639
200124,30664,182639
200125,30710,182639
200126,30756,182639
200127,30802,182639
200128,30848,182639
200129,30894,182639
200130,30940,182639
200131,30986,182639
200132,31084,182639
200133,31223,182639
200134,31362,182639
200135,31501,182639
200136,31640,182639
200137,31779,182639
200138,31918,182639
200139,32057,182639
200140,228396,182604
200141,228405,182604
200142,228414,182604
200143,228423,182604
200144,228432,182604
200145,228441,182604
200146,228450,182604
200147,228459,182604
200148,228468,182604
200149,228477,182604
200150,228486,182604
200151,228571,182604
200152,228728,182604
200153,228885,182604
200154,229042,182604
200155,229199,182604
200156,229356,182604
200157,229513,182604
200158,229670,182604
200159,229827,182604
200160,229984,182604
200161,236469,182630
200162,232574,182640
200163,232621,182640
200164,232668,182640
200165,232715,182640
200166,232762,182640
200167,232809,182640
200168,232856,182640
200169,232903,182640
200170,232950,182640
200171,232997,182640
200172,233044,182640
200173,233091,182640
200174,233138,182640
200175,233185,182640
200176,233232,182640
200177,233279,182640
200178,233326,182640
200179,233373,182640
200180,233420,182640
200181,233467,182640
200182,233514,182640
200183,233595,182640
200184,233752,182640
200185,233909,182640
200186,234066,182640
200187,234223,182640
200188,234380,182640
200189,234537,182640
200190,234694,182640
200191,234851,182640
200192,235008,182640
200193,44154,182635
200194,44276,182635
200195,44398,182635
200196,44520,182635
200197,44642,182635
200198,44764,182635
200199,43989,182635
200200,44056,182635
200201,44123,182635
200202,44190,182635
200203,44257,182635
200204,44324,182635
200205,44391,182635
200206,44458,182635
200207,44525,182635
200208,44592,182635
200209,44659,182635
200210,44726,182635
200211,44793,182635
200212,44860,182635
200213,44927,182635
200214,44994,182635
200215,45061,182635
200216,45128,182635
200217,45195,182635
200218,45262,182635
200219,45329,182635
200220,43344,182635
200221,43455,182635
200222,43594,182635
200223,239872,182629
200224,244096,182610
200225,244236,182610
200226,244376,182610
200227,244516,182610
200228,243668,182610
200229,243681,182610
200230,243694,182610
200231,243707,182610
200232,243720,182610
200233,243733,182610
200234,243746,182610
200235,243759,182610
200236,243772,182610
200237,243785,182610
200238,243798,182610
200239,243811,182610
200240,243824,182610
200241,243837,182610
200242,243850,182610
200243,243863,182610
200244,243876,182610
200245,243889,182610
200246,243902,182610
200247,243915,182610
200248,243928,182610
200249,243957,182610
200250,244114,182610
200251,244271,182610
200252,244428,182610
200253,244585,182610
200254,244742,182610
200255,244899,182610
200256,245056,182610
200257,245213,182610
200258,245370,182610
200259,245527,182610
200260,245684,182610
200261,245841,182610
200262,245998,182610
200263,246155,182610
200264,246312,182610
200265,246469,182610
200266,246626,182610
200267,246783,182610
200268,246940,182610
200269,247097,182610
200270,247254,182610
200271,247411,182610
200272,247568,182610
200273,247725,182610
200274,247882,182610
200275,248039,182610
200276,248196,182610
200277,254679,182632
200278,57670,182624
200279,252757,182632
200280,55640,182639
200281,55673,182639
200282,55706,182639
200283,55739,182639
200284,55772,182639
200285,55805,182639
200286,55838,182639
200287,58864,182641
200288,58880,182641
200289,58896,182641
200290,58930,182641
200291,59035,182641
200292,59140,182641
200293,59245,182641
200294,59350,182641
200295,59455,182641
200296,59560,182641
200297,59665,182641
200298,59770,182641
200299,59875,182641
200300,59980,182641
200301,60085,182641
200302,60190,182641
200303,60295,182641
200304,60400,182641
200305,60505,182641
200306,60610,182641
200307,60715,182641
200308,259508,182652
200309,259525,182652
200310,259542,182652
200311,259559,182652
200312,259576,182652
200313,259593,182652
200314,259610,182652
200315,259627,182652
200316,259644,182652
200317,259661,182652
200318,259722,182652
200319,259845,182652
200320,259968,182652
200321,260091,182652
200322,260214,182652
200323,260337,182652
200324,260460,182652
200325,260583,182652
200326,260706,182652
200327,260829,182652
200328,260952,182652
200329,261075,182652
200330,261198,182652
200331,261321,182652
200332,261444,182652
200333,261567,182652
200334,261690,182652
200335,261813,182652
200336,0,182617
200337,0,182617
200338,38,182617
200339,161,182617
200340,284,182617
200341,0,182617
200342,0,182617
200343,0,182617
200344,0,182617
200345,0,182617
200346,0,182617
200347,0,182617
200348,0,182617
200349,0,182617
200350,0,182617
200351,0,182617
200352,0,182617
200353,12,182617
200354,152,182617
200355,292,182617
200356,432,182617
200357,572,182617
200358,712,182617
200359,852,182617
200360,2744,182617
200361,2867,182617
200362,0,182617
200363,0,182617
200364,0,182617
200365,25,182617
200366,182,182617
200367,339,182617
200368,496,182617
200369,653,182617
200370,7138,182635
200371,70565,182643
200372,70636,182643
200373,70707,182643
200374,70778,182643
200375,70849,182643
200376,70920,182643
200377,70991,182643
200378,71062,182643
200379,71133,182643
200380,71204,182643
200381,71275,182643
200382,71346,182643
200383,71417,182643
200384,71488,182643
200385,71559,182643
200386,8562,182635
200387,59171,182624
200388,59204,182624
200389,73102,182643
200390,75640,182645
200391,75660,182645
200392,75680,182645
200393,75700,182645
200394,75720,182645
200395,75740,182645
200396,75760,182645
200397,75780,182645
200398,75800,182645
200399,75820,182645
200400,75840,182645
200401,74790,182645
200402,59666,182660
200403,59699,182660
200404,59732,182660
200405,59765,182660
200406,59798,182660
200407,59831,182660
200408,59864,182660
200409,59897,182660
200410,76040,182681
200411,76060,182681
200412,76080,182681
200413,76100,182681
200414,76120,182681
200415,76140,182681
200416,76160,182681
200417,14453,182690
200418,14474,182690
200419,14495,182690
200420,14516,182690
200421,14537,182690
200422,15256,182695
200423,15260,182695
200424,15264,182695
200425,15268,182695
200426,15272,182695
200427,15276,182695
200428,15280,182695
200429,15284,182695
200430,15288,182695
200431,15292,182695
200432,15296,182695
200433,15300,182695
200434,15304,182695
200435,15308,182695
200436,15312,182695
200437,15316,182695
200438,15320,182695
200439,15324,182695
200440,15328,182695
200441,15332,182695
200442,15336,182695
200443,15340,182695
200444,15344,182695
200445,15348,182695
200446,15352,182695
200447,15356,182695
200448,15360,182695
200449,15364,182695
200450,15368,182695
200451,15372,182695
200452,15376,182695
200453,15380,182695
200454,15384,182695
200455,15388,182695
200456,15392,182695
200457,15396,182695
200458,15400,182695
200459,15404,182695
200460,15408,182695
200461,15412,182695
200462,15416,182695
200463,15420,182695
200464,15568,182695
200465,15725,182695
200466,15882,182695
200467,16039,182695
200468,16196,182695
200469,16353,182695
200470,16510,182695
200471,16667,182695
200472,16824,182695
200473,16981,182695
200474,17138,182695
200475,17295,182695
200476,17452,182695
200477,17609,182695
200478,17766,182695
200479,17923,182695
200480,18080,182695
200481,18237,182695
200482,18394,182695
200483,18551,182695
200484,18708,182695
200485,18865,182695
200486,19022,182695
200487,19179,182695
200488,19336,182695
200489,19493,182695
200490,19650,182695
200491,19807,182695
200492,19964,182695
200493,20121,182695
200494,20278,182695
200495,20435,182695
200496,20592,182695
200497,20749,182695
200498,20906,182695
200499,21063,182695
200500,21220,182695
200501,21377,182695
200502,21534,182695
200503,21691,182695
200504,21848,182695
200505,22005,182695
200506,22162,182695
200507,22319,182695
200508,22476,182695
200509,84268,182681
200510,84424,182681
200511,84580,182681
200512,84736,182681
200513,84892,182681
200514,85048,182681
200515,85204,182681
200516,23732,182673
200517,23889,182673
200518,24046,182673
200519,24203,182673
200520,24360,182673
200521,24517,182673
200522,24674,182673
200523,24831,182673
200524,24988,182673
200525,100326,182647
200526,100452,182647
200527,100578,182647
200528,100704,182647
200529,100830,182647
200530,100956,182647
200531,101082,182647
200532,101208,182647
200533,101334,182647
200534,101460,182647
200535,101586,182647
200536,101712,182647
200537,27029,182637
200538,27186,182637
200539,27343,182637
200540,27500,182637
200541,27657,182637
200542,27814,182637
200543,27971,182637
200544,28128,182637
200545,28285,182637
200546,28442,182637
200547,28599,182637
200548,28756,182637
200549,28913,182637
200550,29070,182637
200551,29227,182637
200552,29384,182637
200553,29541,182637
200554,29698,182637
200555,105668,182646
200556,101072,182611
200557,101164,182611
200558,101256,182611
200559,101348,182611
200560,36554,182623
200561,36619,182629
200562,36678,182629
200563,33339,182629
200564,33364,182629
200565,33389,182629
200566,33414,182629
200567,33439,182629
200568,33464,182629
200569,33489,182629
200570,33514,182629
200571,33539,182629
200572,33564,182629
200573,33589,182629
200574,33614,182629
200575,33639,182629
200576,33664,182629
200577,33689,182629
200578,33714,182629
200579,33739,182629
200580,33780,182629
200581,33937,182629
200582,34094,182629
200583,35878,182629
200584,35920,182629
200585,35962,182629
200586,36004,182629
200587,36046,182629
200588,36088,182629
200589,36130,182629
200590,36172,182629
200591,36214,182629
200592,36256,182629
200593,36298,182629
200594,36340,182629
200595,36382,182629
200596,36424,182629
200597,36466,182629
200598,36606,182629
200599,36763,182629
200600,36920,182629
200601,37077,182629
200602,37234,182629
200603,37391,182629
200604,37548,182629
200605,44038,182636
200606,39274,182665
200607,39333,182665
200608,39392,182665
200609,39451,182665
200610,39510,182665
200611,39569,182665
200612,39628,182665
200613,39687,182665
200614,39746,182665
200615,39805,182665
200616,39864,182665
200617,39923,182665
200618,39982,182665
200619,40041,182665
200620,40100,182665
200621,40217,182665
200622,40374,182665
200623,40531,182665
200624,40688,182665
200625,40845,182665
200626,41002,182665
200627,115965,182649
200628,116108,182649
200629,116251,182649
200630,116394,182649
200631,116537,182649
200632,105192,182647
200633,105267,182647
200634,105342,182647
200635,105417,182647
200636,105492,182647
200637,105567,182647
200638,105642,182647
200639,105717,182647
200640,105792,182647
200641,105867,182647
200642,105942,182647
200643,106017,182647
200644,106092,182647
200645,106167,182647
200646,106239,182644
200647,116219,182613
200648,116264,182613
200649,116309,182613
200650,116354,182613
200651,116399,182613
200652,116444,182613
200653,116489,182613
200654,116580,182613
200655,116706,182613
200656,52045,182616
200657,52174,182635
200658,52284,182635
200659,52394,182635
200660,52504,182635
200661,52614,182635
200662,52724,182635
200663,52834,182635
200664,52944,182635
200665,53054,182635
200666,53164,182635
200667,53274,182635
200668,53384,182635
200669,53494,182635
200670,53604,182635
200671,53714,182635
200672,53824,182635
200673,53934,182635
200674,54044,182635
200675,121082,182613
200676,121144,182613
200677,52465,182635
200678,52494,182635
200679,52523,182635
200680,52552,182635
200681,52581,182635
200682,52610,182635
200683,52639,182635
200684,52668,182635
200685,52697,182635
200686,52726,182635
200687,52755,182635
200688,52784,182635
200689,52813,182635
200690,52842,182635
200691,52871,182635
200692,52900,182635
200693,52929,182635
200694,52958,182635
200695,52987,182635
200696,53016,182635
200697,53045,182635
200698,53074,182635
200699,53103,182635
200700,53132,182635
200701,53161,182635
200702,53190,182635
200703,53219,182635
200704,53248,182635
200705,53405,182635
200706,53562,182635
200707,53719,182635
200708,53876,182635
200709,54033,182635
200710,54190,182635
200711,54347,182635
200712,54504,182635
200713,54661,182635
200714,54818,182635
200715,54975,182635
200716,55132,182635
200717,55289,182635
200718,55446,182635
200719,55603,182635
200720,55760,182635
200721,55917,182635
200722,56074,182635
200723,59434,182635
200724,59544,182635
200725,59654,182635
200726,59764,182635
200727,59874,182635
200728,59984,182635
200729,60094,182635
200730,60204,182635
200731,119999,182613
200732,120044,182613
200733,120089,182613
200734,133952,182615
200735,58770,182635
200736,58816,182635
200737,58862,182635
200738,58908,182635
200739,58954,182635
200740,59000,182635
200741,59057,182635
200742,59214,182635
200743,59371,182635
200744,59528,182635
200745,59685,182635
200746,59842,182635
200747,59999,182635
200748,60156,182635
200749,60296,182618
200750,135488,182615
200751,135584,182615
200752,135680,182615
200753,135776,182615
200754,135872,182615
200755,135968,182615
200756,136064,182615
200757,136160,182615
200758,136256,182615
200759,136352,182615
200760,136448,182615
200761,136544,182615
200762,136640,182615
200763,136736,182615
200764,136832,182615
200765,136928,182615
200766,137024,182615
200767,137120,182615
200768,138287,182633
200769,138353,182650
200770,138402,182650
200771,138451,182650
200772,138500,182650
200773,138549,182650
200774,138598,182650
200775,138647,182650
200776,138696,182650
200777,138745,182650
200778,138794,182650
200779,138843,182650
200780,138892,182650
200781,138941,182650
200782,138990,182650
200783,139422,182653
200784,139424,182653
200785,72298,182670
200786,72338,182677
200787,72371,182677
200788,72404,182677
200789,72437,182677
200790,72470,182677
200791,72503,182677
200792,72616,182677
200793,72743,182677
200794,72870,182677
200795,72997,182677
200796,73124,182677
200797,73251,182677
200798,73378,182677
200799,73505,182677
200800,73632,182677
200801,73759,182677
200802,73853,182644
200803,73456,182641
200804,73536,182641
200805,73616,182641
200806,73696,182641
200807,73776,182641
200808,73856,182641
200809,73936,182641
200810,74016,182641
200811,74096,182641
200812,74176,182641
200813,74256,182641
200814,74336,182641
200815,74416,182641
200816,74496,182641
200817,74576,182641
200818,74656,182641
200819,74736,182641
200820,74816,182641
200821,74896,182641
200822,74976,182641
200823,75056,182641
200824,75136,182641
200825,75216,182641
200826,75296,182641
200827,75376,182641
200828,75456,182641
200829,75536,182641
200830,75616,182641
200831,77569,182641
200832,77696,182641
200833,77823,182641
200834,77950,182641
200835,78048,182612
200836,78220,182609
200837,80378,182611
200838,141734,182617
200839,141783,182617
200840,141832,182617
200841,141881,182617
200842,141930,182617
200843,141979,182617
200844,142028,182617
200845,142077,182617
200846,142126,182617
200847,142175,182617
200848,142224,182617
200849,142273,182617
200850,142322,182617
200851,142371,182617
200852,142420,182617
200853,142469,182617
200854,152856,182618
200855,152892,182618
200856,152928,182618
200857,152964,182618
200858,153000,182618
200859,153036,182618
200860,153072,182618
200861,153108,182618
200862,153144,182618
200863,153180,182618
200864,153248,182618
200865,153361,182618
200866,153474,182618
200867,153587,182618
200868,153700,182618
200869,153813,182618
200870,153926,182618
200871,154039,182618
200872,85928,182645
200873,86025,182645
200874,86122,182645
200875,86219,182645
200876,86316,182645
200877,86413,182645
200878,86510,182645
200879,86607,182645
200880,86704,182645
200881,86801,182645
200882,86898,182645
200883,86995,182645
200884,87092,182645
200885,87189,182645
200886,87286,182645
200887,87383,182645
200888,87480,182645
200889,87577,182645
200890,87674,182645
200891,87771,182645
200892,87868,182645
200893,159047,182656
200894,159130,182656
200895,159213,182656
200896,159296,182656
200897,159379,182656
200898,159462,182656
200899,159545,182656
200900,159628,182656
200901,159711,182656
200902,159794,182656
200903,159877,182656
200904,159960,182656
200905,160043,182656
200906,160126,182656
200907,91425,182681
200908,91492,182681
200909,91559,182681
200910,91626,182681
200911,91693,182681
200912,91760,182681
200913,91827,182681
200914,91894,182681
200915,91961,182681
200916,92028,182681
200917,162841,182692
200918,162894,182692
200919,162947,182692
200920,163000,182692
200921,163053,182692
200922,163106,182692
200923,163159,182692
200924,163212,182692
200925,94193,182717
200926,94230,182717
200927,94267,182717
200928,94304,182717
200929,94341,182717
200930,94378,182717
200931,94415,182717
200932,94452,182717
200933,94489,182717
200934,94526,182717
200935,95825,182725
200936,95832,182725
200937,95839,182725
200938,95846,182725
200939,95853,182725
200940,95860,182725
200941,95867,182725
200942,95874,182725
200943,95881,182725
200944,95888,182725
200945,95895,182725
200946,95902,182725
200947,95909,182725
200948,95916,182725
200949,95923,182725
200950,95930,182725
200951,95937,182725
200952,95944,182725
200953,95951,182725
200954,95958,182725
200955,95965,182725
200956,95972,182725
200957,95979,182725
200958,95986,182725
200959,95993,182725
200960,96000,182725
200961,96007,182725
200962,96014,182725
200963,96021,182725
200964,96028,182725
200965,96035,182725
200966,96042,182725
200967,96049,182725
200968,96056,182725
200969,96063,182725
200970,96070,182725
200971,96077,182725
200972,96084,182725
200973,96091,182725
200974,96098,182725
200975,96105,182725
200976,96112,182725
200977,96119,182725
200978,96266,182725
200979,96423,182725
200980,96580,182725
200981,96737,182725
200982,96894,182725
200983,97051,182725
200984,97208,182725
200985,97365,182725
200986,97522,182725
200987,97679,182725
200988,97836,182725
200989,97993,182725
200990,98150,182725
200991,98307,182725
200992,98464,182725
200993,98621,182725
200994,98778,182725
200995,98935,182725
200996,99092,182725
200997,99249,182725
200998,99406,182725
200999,99563,182725
201000,99720,182725
201001,99877,182725
201002,100034,182725
201003,100191,182725
201004,100348,182725
201005,100505,182725
201006,100662,182725
201007,100819,182725
201008,100976,182725
201009,101133,182725
201010,101290,182725
201011,101447,182725
201012,101604,182725
201013,101761,182725
201014,101918,182725
201015,102075,182725
201016,102232,182725
201017,102389,182725
201018,102546,182725
201019,102703,182717
201020,102860,182717
201021,103017,182717
201022,103174,182717
201023,103328,182714
201024,172736,182707
201025,172879,182707
201026,173022,182707
201027,173165,182707
201028,173308,182707
201029,138083,182684
201030,138218,182684
201031,138353,182684
201032,138488,182684
201033,138623,182684
201034,138758,182684
201035,138893,182684
201036,139028,182684
201037,172797,182671
201038,172910,182671
201039,173023,182671
201040,173136,182671
201041,173249,182671
201042,173362,182671
201043,173475,182671
201044,173588,182671
201045,173701,182671
201046,173809,182666
201047,138415,182648
201048,138520,182648
201049,138625,182648
201050,138730,182648
201051,138835,182648
201052,138940,182648
201053,139045,182648
201054,139150,182648
201055,139255,182648
201056,139360,182648
201057,139465,182648
201058,139570,182648
201059,139675,182648
201060,175390,182641
201061,172991,182635
201062,173074,182635
201063,173157,182635
201064,173240,182635
201065,173323,182635
201066,173406,182635
201067,173489,182635
201068,173572,182635
201069,173655,182635
201070,173738,182635
201071,173821,182635
201072,173904,182635
201073,173987,182635
201074,174070,182635
201075,174153,182635
201076,174236,182635
201077,174319,182635
201078,174402,182635
201079,174485,182635
201080,174568,182635
201081,175802,182622
201082,175812,182622
201083,175822,182622
201084,175832,182622
201085,175842,182622
201086,175852,182622
201087,175862,182622
201088,114816,182623
201089,114827,182623
201090,114838,182623
201091,114849,182623
201092,114860,182623
201093,114871,182623
201094,114882,182623
201095,114893,182623
201096,114904,182623
201097,114949,182623
201098,115106,182623
201099,115263,182623
201100,115420,182623
201101,115577,182623
201102,115734,182623
201103,115891,182623
201104,116048,182623
201105,116205,182623
201106,116362,182623
201107,116519,182623
201108,116676,182623
201109,116833,182623
201110,116990,182623
201111,117147,182623
201112,117304,182623
201113,117461,182623
201114,117618,182623
201115,117775,182623
201116,117932,182623
201117,119333,182623
201118,119374,182623
201119,119415,182623
201120,119456,182623
201121,119497,182623
201122,119538,182623
201123,119579,182623
201124,119620,182623
201125,119661,182623
201126,119702,182623
201127,119743,182623
201128,119816,182623
201129,119973,182623
201130,120130,182623
201131,120287,182623
201132,120444,182623
201133,120601,182623
201134,120758,182623
201135,192503,182637
201136,192560,182637
201137,192617,182637
201138,192674,182637
201139,192731,182637
201140,192788,182637
201141,192845,182637
201142,192902,182637
201143,192959,182637
201144,193016,182637
201145,193073,182637
201146,193130,182637
201147,193187,182637
201148,193244,182637
201149,193301,182637
201150,193358,182637
201151,193415,182637
201152,193472,182637
201153,193529,182637
201154,193586,182637
201155,193643,182637
201156,193700,182637
201157,193757,182637
201158,193814,182637
201159,193871,182637
201160,193928,182637
201161,193985,182637
201162,194042,182637
201163,194099,182637
201164,194156,182637
201165,194213,182637
201166,193656,182637
201167,193756,182637
201168,193856,182637
201169,193956,182637
201170,194056,182637
201171,127764,182649
201172,194967,182651
201173,194982,182652
201174,194996,182652
201175,195010,182652
201176,195024,182652
201177,194897,182673
201178,194954,182673
201179,195066,182688
201180,195080,182688
201181,195187,182688
201182,134368,182665
201183,195473,182660
201184,195616,182660
201185,195759,182660
201186,195902,182660
201187,196036,182651
201188,135232,182629
201189,135376,182629
201190,135520,182629
201191,135664,182629
201192,135808,182629
201193,135952,182629
201194,136096,182629
201195,136240,182629
201196,136384,182629
201197,136528,182629
201198,136672,182629
201199,136816,182629
201200,136960,182629
201201,137104,182629
201202,137248,182629
201203,137392,182628
201204,137536,182628
201205,137680,182628
201206,137824,182628
201207,137968,182628
201208,138112,182628
201209,138256,182628
201210,138400,182628
201211,138544,182628
201212,138688,182628
201213,138832,182628
201214,136076,182629
201215,136134,182629
201216,136192,182629
201217,136250,182629
201218,136308,182629
201219,140294,182631
201220,140296,182631
201221,140298,182631
201222,140300,182631
201223,140302,182631
201224,140416,182631
201225,140560,182631
201226,140704,182631
201227,140848,182631
201228,140992,182631
201229,136946,182629
201230,137004,182629
201231,137062,182629
201232,137120,182629
201233,137178,182629
201234,137236,182629
201235,137294,182628
201236,137352,182628
201237,137410,182628
201238,137468,182628
201239,137526,182628
201240,137584,182628
201241,137642,182628
201242,137714,182628
201243,137871,182628
201244,138028,182628
201245,138185,182628
201246,138342,182628
201247,138499,182628
201248,138656,182628
201249,138813,182628
201250,141162,182631
201251,141263,182631
201252,141364,182631
201253,207507,182624
201254,207594,182624
201255,207681,182624
201256,207768,182624
201257,207855,182624
201258,207942,182624
201259,208029,182624
201260,208116,182624
201261,208203,182624
201262,208290,182624
201263,208377,182624
201264,208464,182624
201265,208551,182624
201266,213620,182639
201267,213694,182639
201268,213768,182639
201269,213842,182639
201270,213916,182639
201271,213990,182639
201272,214064,182639
201273,210151,182656
201274,210182,182656
201275,210213,182656
201276,210244,182656
201277,215114,182658
201278,215132,182658
201279,215150,182658
201280,215168,182658
201281,215186,182658
201282,215204,182658
201283,215222,182658
201284,215240,182658
201285,215258,182658
201286,215276,182658
201287,215294,182658
201288,215312,182658
201289,215330,182658
201290,215444,182658
201291,215574,182658
201292,215704,182658
201293,215834,182658
201294,215964,182658
201295,216094,182658
201296,216224,182658
201297,216354,182658
201298,216484,182658
201299,216614,182658
201300,216744,182658
201301,216874,182658
201302,217004,182658
201303,217134,182658
201304,217264,182658
201305,212919,182639
201306,213062,182639
201307,213205,182639
201308,213348,182639
201309,213491,182639
201310,213634,182639
201311,213777,182639
201312,218304,182626
201313,218434,182626
201314,218564,182626
201315,218694,182626
201316,218824,182626
201317,218954,182626
201318,219084,182626
201319,219214,182626
201320,219344,182626
201321,219474,182626
201322,219604,182626
201323,219734,182626
201324,219864,182626
201325,219994,182626
201326,157235,182625
201327,157317,182632
201328,157392,182632
201329,157467,182632
201330,157542,182632
201331,157617,182632
201332,157692,182632
201333,157767,182632
201334,157842,182632
201335,157917,182632
201336,157992,182632
201337,158067,182632
201338,158142,182632
201339,158217,182632
201340,158292,182632
201341,158367,182632
201342,158442,182632
201343,158517,182632
201344,158592,182632
201345,158667,182632
201346,158742,182632
201347,159504,182637
201348,159512,182639
201349,159518,182639
201350,159524,182639
201351,159530,182639
201352,159536,182639
201353,159542,182639
201354,159548,182639
201355,159554,182639
201356,159560,182639
201357,159568,182639
201358,159712,182639
201359,159856,182639
201360,160000,182639
201361,160144,182639
201362,160288,182639
201363,160432,182639
201364,156868,182632
201365,157025,182632
201366,157182,182632
201367,157339,182632
201368,157496,182632
201369,157653,182632
201370,157810,182632
201371,157967,182632
201372,158124,182632
201373,158281,182632
201374,158438,182632
201375,158595,182632
201376,158752,182632
201377,158909,182632
201378,159066,182632
201379,159223,182632
201380,159380,182632
201381,159710,182639
201382,159716,182639
201383,159851,182639
201384,160008,182639
201385,160165,182639
201386,160322,182639
201387,160479,182639
201388,160636,182639
201389,160793,182639
201390,160950,182639
201391,161107,182639
201392,161264,182639
201393,161421,182639
201394,161578,182639
201395,161735,182639
201396,161892,182639
201397,162049,182639
201398,162206,182639
201399,162352,182628
201400,236496,182628
201401,236518,182628
201402,236540,182628
201403,236562,182628
201404,236640,182628
201405,236744,182628
201406,236848,182628
201407,236952,182628
201408,237056,182628
201409,233562,182632
201410,233606,182641
201411,233641,182641
201412,233676,182641
201413,233711,182641
201414,233746,182641
201415,233781,182641
201416,233816,182641
201417,233851,182641
201418,233886,182641
201419,233921,182641
201420,233956,182641
201421,233991,182641
201422,234026,182641
201423,234061,182641
201424,234096,182641
201425,234131,182641
201426,234166,182641
201427,234201,182641
201428,234236,182641
201429,234271,182641
201430,234306,182641
201431,234341,182641
201432,234376,182641
201433,234411,182641
201434,234446,182641
201435,234481,182641
201436,234516,182641
201437,234554,182641
201438,234684,182641
201439,234814,182641
201440,234944,182641
201441,235074,182641
201442,235204,182641
201443,235334,182641
201444,235464,182641
201445,235594,182641
201446,235724,182641
201447,235854,182641
201448,237552,182628
201449,237574,182628
201450,237596,182628
201451,237618,182628
201452,240204,182638
201453,240213,182638
201454,240222,182638
201455,240231,182638
201456,240240,182638
201457,240249,182638
201458,240258,182638
201459,240267,182638
201460,240276,182638
201461,240285,182638
201462,240294,182638
201463,240355,182638
201464,240472,182638
201465,240589,182638
201466,240706,182638
201467,240823,182638
201468,240940,182638
201469,241057,182638
201470,241174,182638
201471,241291,182638
201472,241408,182638
201473,241525,182638
201474,240402,182638
201475,240411,182638
201476,240420,182638
201477,240429,182638
201478,240438,182638
201479,240447,182638
201480,240456,182638
201481,240465,182638
201482,240474,182638
201483,240534,182638
201484,240664,182638
201485,240794,182638
201486,240924,182638
201487,182506,182646
201488,182624,182646
201489,182742,182646
201490,182860,182646
201491,182978,182646
201492,183096,182646
201493,183214,182646
201494,183332,182646
201495,179942,182646
201496,179952,182646
201497,179962,182646
201498,179972,182646
201499,180016,182646
201500,180160,182646
201501,180304,182646
201502,180448,182646
201503,246936,182628
201504,247040,182628
201505,247144,182628
201506,247248,182628
201507,247352,182628
201508,247456,182628
201509,247560,182628
201510,247664,182628
201511,247768,182628
201512,247872,182628
201513,185572,182620
201514,137368,182612
201515,137396,182612
201516,137424,182612
201517,137452,182612
201518,137480,182612
201519,137508,182612
201520,137536,182612
201521,137564,182612
201522,137592,182612
201523,137620,182612
201524,137648,182612
201525,258914,182630
201526,258940,182630
201527,258966,182630
201528,258992,182630
201529,237771,182641
201530,237806,182641
201531,237841,182641
201532,237876,182641
201533,237911,182641
201534,237946,182641
201535,237981,182641
201536,260670,182642
201537,260685,182644
201538,260698,182644
201539,260711,182644
201540,260724,182644
201541,260737,182644
201542,260750,182644
201543,260763,182644
201544,260776,182644
201545,260789,182644
201546,260802,182644
201547,260815,182644
201548,260828,182644
201549,260841,182644
201550,260854,182644
201551,260867,182644
201552,260880,182644
201553,259642,182666
201554,259668,182666
201555,259694,182666
201556,259720,182666
201557,259746,182666
201558,259772,182666
201559,259798,182666
201560,259824,182666
201561,259850,182666
201562,259876,182666
201563,259902,182666
201564,259928,182666
201565,259954,182666
201566,259980,182666
201567,260006,182666
201568,260032,182666
201569,261101,182680
201570,261114,182680
201571,261127,182680
201572,261140,182680
201573,261153,182680
201574,261166,182680
201575,261179,182680
201576,261192,182680
201577,261205,182680
201578,261218,182680
201579,261231,182680
201580,260337,182695
201581,260370,182702
201582,260396,182702
201583,260422,182702
201584,260448,182702
201585,260474,182702
201586,260500,182702
201587,260526,182702
201588,260552,182702
201589,261361,182716
201590,261374,182716
201591,261387,182716
201592,261400,182716
201593,261413,182716
201594,261426,182716
201595,261439,182716
201596,260760,182738
201597,260786,182738
201598,260812,182738
201599,260838,182738
201600,260864,182738
201601,261517,182752
201602,261530,182752
201603,261543,182752
201604,261556,182752
201605,201030,182760
201606,201044,182760
201607,201058,182760
201608,201072,182760
201609,201609,182762
201610,201610,182762
201611,201611,182762
201612,201612,182762
201613,201613,182762
201614,201614,182762
201615,201615,182762
201616,201616,182762
201617,201617,182762
201618,201618,182762
201619,201619,182762
201620,201620,182762
201621,201621,182762
201622,201622,182762
201623,201623,182762
201624,201624,182762
201625,201625,182762
201626,201626,182762
201627,201627,182762
201628,201628,182762
201629,201629,182762
201630,201630,182762
201631,201631,182762
201632,201632,182762
201633,201633,182762
201634,201634,182762
201635,201635,182762
201636,201636,182762
201637,201637,182762
201638,201638,182762
201639,201639,182762
201640,201640,182762
201641,201641,182762
201642,201642,182762
201643,201643,182762
201644,201644,182762
201645,201645,182762
201646,201646,182762
201647,201647,182762
201648,201648,182762
201649,201649,182762
201650,201770,182762
201651,201927,182762
201652,202084,182762
201653,202241,182762
201654,202398,182762
201655,202555,182762
201656,202712,182762
201657,202869,182762
201658,203026,182762
201659,203183,182762
201660,203340,182762
201661,203497,182762
201662,203654,182762
201663,203811,182762
201664,203968,182762
201665,204125,182762
201666,204282,182762
201667,204439,182762
201668,204596,182762
201669,204753,182762
201670,204910,182762
201671,205067,182762
201672,205224,182762
201673,205381,182762
201674,205538,182762
201675,205695,182762
201676,205852,182762
201677,206009,182762
201678,206166,182762
201679,206323,182762
201680,206480,182762
201681,206637,182762
201682,206794,182762
201683,206951,182762
201684,207108,182762
201685,207265,182762
201686,207422,182762
201687,207579,182762
201688,207736,182762
201689,207893,182760
201690,208050,182760
201691,208207,182760
201692,208364,182760
201693,208521,182760
201694,208678,182760
201695,208835,182760
201696,208992,182760
201697,209142,182753
201698,7608,182739
201699,7764,182739
201700,7920,182739
201701,8076,182739
201702,8232,182739
201703,210091,182732
201704,210248,182732
201705,210405,182732
201706,210562,182732
201707,210719,182732
201708,210876,182732
201709,211033,182732
201710,9480,182703
201711,9636,182703
201712,9792,182703
201713,9948,182703
201714,10104,182703
201715,10260,182703
201716,10416,182703
201717,10572,182703
201718,212446,182696
201719,212603,182696
201720,212760,182696
201721,212917,182696
201722,213074,182696
201723,213231,182696
201724,213388,182696
201725,213545,182696
201726,213702,182696
201727,213859,182696
201728,214016,182696
201729,214173,182696
201730,12600,182667
201731,12756,182667
201732,12912,182667
201733,13068,182667
201734,13224,182667
201735,13380,182667
201736,13536,182667
201737,13692,182667
201738,13848,182667
201739,14004,182667
201740,14160,182667
201741,14316,182667
201742,14472,182667
201743,14628,182667
201744,14784,182667
201745,14940,182667
201746,216842,182660
201747,216999,182660
201748,217156,182660
201749,217313,182660
201750,217470,182660
201751,217627,182660
201752,217784,182660
201753,217941,182660
201754,218098,182660
201755,218255,182660
201756,218412,182660
201757,218569,182660
201758,218726,182660
201759,218883,182660
201760,219040,182660
201761,219197,182660
201762,219354,182660
201763,219511,182660
201764,219668,182660
201765,178569,182646
201766,178718,182646
201767,178867,182646
201768,179016,182646
201769,179165,182646
201770,220610,182643
201771,18996,182628
201772,19152,182628
201773,19308,182628
201774,19464,182628
201775,19620,182628
201776,19776,182628
201777,222453,182613
201778,222458,182613
201779,222463,182613
201780,222468,182613
201781,222473,182613
201782,222494,182613
201783,222651,182613
201784,222808,182613
201785,222965,182613
201786,223122,182613
201787,223279,182613
201788,226116,182628
201789,226147,182628
201790,226178,182628
201791,226209,182628
201792,226240,182628
201793,226271,182628
201794,226302,182628
201795,226333,182628
201796,226364,182628
201797,226395,182628
201798,226426,182628
201799,226457,182628
201800,226488,182628
201801,226519,182628
201802,226550,182628
201803,226581,182628
201804,226612,182628
201805,226643,182628
201806,20380,182628
201807,37204,182635
201808,232909,182639
201809,228840,182654
201810,228888,182658
201811,228932,182658
201812,228976,182658
201813,229020,182658
201814,229064,182658
201815,229108,182658
201816,229152,182658
201817,229196,182658
201818,229240,182658
201819,229284,182658
201820,229328,182658
201821,229372,182658
201822,229416,182658
201823,229460,182658
201824,229504,182658
201825,229548,182658
201826,229592,182658
201827,229636,182658
201828,229716,182658
201829,229873,182658
201830,230030,182658
201831,230187,182658
201832,230344,182658
201833,30456,182635
201834,30512,182635
201835,30568,182635
201836,30624,182635
201837,232517,182658
201838,232574,182658
201839,232631,182658
201840,232688,182658
201841,232745,182658
201842,232802,182658
201843,232859,182658
201844,232916,182658
201845,232973,182658
201846,233030,182658
201847,233087,182658
201848,233144,182658
201849,233201,182658
201850,233258,182658
201851,233327,182658
201852,233484,182658
201853,233641,182658
201854,233798,182658
201855,233955,182658
201856,234112,182658
201857,234269,182658
201858,234426,182658
201859,32724,182635
201860,32880,182635
201861,33036,182635
201862,33192,182635
201863,33348,182635
201864,33504,182635
201865,35053,182635
201866,35122,182635
201867,35191,182635
201868,35260,182635
201869,35329,182635
201870,35398,182635
201871,35467,182635
201872,35536,182635
201873,35605,182635
201874,35674,182635
201875,35743,182635
201876,237663,182637
201877,237758,182662
201878,237828,182662
201879,237898,182662
201880,237968,182662
201881,238038,182662
201882,238194,182662
201883,238351,182662
201884,238508,182662
201885,238665,182662
201886,238822,182662
201887,238979,182662
201888,239136,182662
201889,239293,182662
201890,239450,182662
201891,239607,182662
201892,239759,182657
201893,239890,182631
201894,55016,182639
201895,55076,182639
201896,55136,182639
201897,55196,182639
201898,55256,182639
201899,55316,182639
201900,55376,182639
201901,55436,182639
201902,55496,182639
201903,55556,182639
201904,55616,182639
201905,55676,182639
201906,55736,182639
201907,55796,182639
201908,55856,182639
201909,55916,182639
201910,55976,182639
201911,56036,182639
201912,56096,182639
201913,56156,182639
201914,56216,182639
201915,56276,182639
201916,56336,182639
201917,56396,182639
201918,56456,182639
201919,56516,182639
201920,56576,182639
201921,56636,182639
201922,56716,182639
201923,56850,182639
201924,56984,182639
201925,57118,182639
201926,57252,182639
201927,57386,182639
201928,57520,182639
201929,57654,182639
201930,57788,182639
201931,57922,182639
201932,58056,182639
201933,58190,182639
201934,58324,182639
201935,58458,182639
201936,58592,182639
201937,58726,182639
201938,58860,182639
201939,58994,182639
201940,59128,182639
201941,59262,182639
201942,59396,182639
201943,59530,182639
201944,250112,182638
201945,250208,182638
201946,250304,182638
201947,250400,182638
201948,250496,182638
201949,250592,182638
201950,250688,182638
201951,250784,182638
201952,250880,182638
201953,250976,182628
201954,251072,182628
201955,251168,182628
201956,251264,182628
201957,251360,182628
201958,251456,182628
201959,251552,182628
201960,251648,182628
201961,251744,182628
201962,251840,182628
201963,251936,182628
201964,252032,182628
201965,252128,182628
201966,252224,182628
201967,252320,182628
201968,252416,182628
201969,252512,182628
201970,252608,182628
201971,252704,182628
201972,252800,182628
201973,252896,182628
201974,252992,182628
201975,253088,182628
201976,253416,182628
201977,253451,182628
201978,253486,182628
201979,253521,182628
201980,253580,182628
201981,253737,182628
201982,253894,182628
201983,254051,182628
201984,254208,182628
201985,254365,182628
201986,254522,182628
201987,254679,182628
201988,254836,182628
201989,254993,182628
201990,70258,182631
201991,259040,182637
201992,259160,182648
201993,259280,182659
201994,259394,182664
201995,259503,182664
201996,259612,182664
201997,259721,182664
201998,259830,182664
201999,259939,182664
202000,260048,182664
202001,260157,182664
202002,260266,182664
202003,260375,182664
202004,260484,182664
202005,260593,182664
202006,57098,182639
202007,57145,182639
202008,57192,182639
202009,57239,182639
202010,57286,182639
202011,57333,182639
202012,57380,182639
202013,57427,182639
202014,57474,182639
202015,57521,182639
202016,57568,182639
202017,57615,182639
202018,57662,182639
202019,57709,182639
202020,57840,182639
202021,57996,182639
202022,74962,182631
202023,75109,182631
202024,75256,182631
202025,75403,182631
202026,75550,182631
202027,75697,182631
202028,75844,182631
202029,75991,182631
202030,76138,182631
202031,1283,182629
202032,1392,182629
202033,1501,182629
202034,1610,182629
202035,1719,182629
202036,1828,182629
202037,1937,182629
202038,2046,182629
202039,2155,182629
202040,2264,182629
202041,2373,182629
202042,2482,182629
202043,2591,182629
202044,2700,182629
202045,2809,182629
202046,74452,182631
202047,74538,182631
202048,74624,182631
202049,74710,182631
202050,74796,182631
202051,74882,182631
202052,74968,182631
202053,75054,182631
202054,75140,182631
202055,4576,182654
202056,4648,182665
202057,4709,182665
202058,4770,182665
202059,4831,182665
202060,76104,182667
202061,76142,182667
202062,5366,182679
202063,10758,182681
202064,10784,182681
202065,10810,182681
202066,10836,182681
202067,10862,182681
202068,10888,182681
202069,10914,182681
202070,11004,182681
202071,11126,182681
202072,11248,182681
202073,11370,182681
202074,11492,182681
202075,11614,182681
202076,11736,182681
202077,11858,182667
202078,11980,182667
202079,12102,182667
202080,12224,182667
202081,12346,182667
202082,12468,182667
202083,11934,182631
202084,12008,182631
202085,12082,182631
202086,12156,182631
202087,12230,182631
202088,12304,182631
202089,12378,182631
202090,12452,182631
202091,12526,182631
202092,12600,182631
202093,12674,182631
202094,12748,182631
202095,12822,182631
202096,12896,182631
202097,12970,182631
202098,13044,182631
202099,13118,182631
202100,13192,182631
202101,13266,182631
202102,13340,182631
202103,13414,182631
202104,13488,182631
202105,13562,182631
202106,13636,182631
202107,13710,182631
202108,13784,182631
202109,13858,182631
202110,13932,182631
202111,14006,182631
202112,14080,182631
202113,14154,182631
202114,14228,182631
202115,14302,182631
202116,14376,182631
202117,14450,182631
202118,14524,182631
202119,90560,182643
202120,90624,182643
202121,90688,182643
202122,90752,182643
202123,90816,182643
202124,90880,182643
202125,90944,182643
202126,91008,182643
202127,91072,182643
202128,91136,182643
202129,91190,182633
202130,18324,182628
202131,18446,182628
202132,18568,182628
202133,18867,182628
202134,18906,182628
202135,22104,182629
202136,22184,182633
202137,22271,182633
202138,22358,182633
202139,22445,182633
202140,22532,182633
202141,22619,182633
202142,22706,182633
202143,22793,182633
202144,22880,182633
202145,22967,182633
202146,23054,182633
202147,23141,182633
202148,95124,182637
202149,95153,182637
202150,95182,182637
202151,95211,182637
202152,95240,182637
202153,95269,182637
202154,95298,182637
202155,95327,182637
202156,95356,182637
202157,95385,182637
202158,95414,182637
202159,95443,182637
202160,95472,182637
202161,95501,182637
202162,95542,182637
202163,95689,182637
202164,95836,182637
202165,95983,182637
202166,96130,182637
202167,96277,182637
202168,96424,182637
202169,96571,182637
202170,96718,182637
202171,96865,182637
202172,97012,182637
202173,97159,182637
202174,97306,182637
202175,97453,182637
202176,97600,182637
202177,97747,182637
202178,97894,182637
202179,25925,182633
202180,26012,182633
202181,26099,182633
202182,26186,182633
202183,26273,182633
202184,26360,182633
202185,26447,182633
202186,26534,182633
202187,26621,182633
202188,26708,182633
202189,26795,182633
202190,26882,182633
202191,26969,182633
202192,27056,182633
202193,27143,182633
202194,29414,182639
202195,29443,182651
202196,29460,182651
202197,29477,182651
202198,29494,182651
202199,29511,182651
202200,29528,182651
202201,29545,182651
202202,29562,182651
202203,29579,182651
202204,29596,182651
202205,29613,182651
202206,29630,182651
202207,29647,182651
202208,29664,182651
202209,29681,182651
202210,29698,182651
202211,29715,182651
202212,29732,182651
202213,29749,182651
202214,29766,182651
202215,29783,182651
202216,29800,182651
202217,29817,182651
202218,29834,182651
202219,29851,182651
202220,29868,182651
202221,29885,182651
202222,29902,182651
202223,29919,182651
202224,29936,182651
202225,29953,182651
202226,30058,182651
202227,30215,182651
202228,30372,182651
202229,30529,182651
202230,30686,182651
202231,30843,182651
202232,31000,182651
202233,31157,182651
202234,31314,182651
202235,31471,182651
202236,31628,182651
202237,31785,182651
202238,31942,182651
202239,32099,182651
202240,32256,182651
202241,32413,182651
202242,32570,182651
202243,32727,182651
202244,32884,182651
202245,92940,182643
202246,93096,182643
202247,93252,182643
202248,93408,182643
202249,93564,182643
202250,93720,182643
202251,93876,182643
202252,94022,182633
202253,108919,182632
202254,109066,182632
202255,109213,182632
202256,109360,182632
202257,109507,182632
202258,109654,182632
202259,109801,182632
202260,109948,182632
202261,110095,182632
202262,110242,182632
202263,110389,182632
202264,110536,182632
202265,110683,182632
202266,110830,182632
202267,110977,182632
202268,111124,182632
202269,19168,182628
202270,19264,182628
202271,19360,182628
202272,19456,182628
202273,19552,182628
202274,19648,182628
202275,19744,182628
202276,19840,182628
202277,19936,182628
202278,20032,182628
202279,20128,182628
202280,20224,182628
202281,115394,182632
202282,115462,182645
202283,115517,182645
202284,115572,182645
202285,115627,182645
202286,115682,182645
202287,115737,182645
202288,115792,182645
202289,115847,182645
202290,115902,182645
202291,115957,182645
202292,116012,182645
202293,116067,182645
202294,116122,182645
202295,116177,182645
202296,116232,182645
202297,116287,182645
202298,116342,182645
202299,116397,182645
202300,116452,182645
202301,48166,182648
202302,48234,182673
202303,48277,182673
202304,48320,182673
202305,48363,182673
202306,48406,182673
202307,48469,182673
202308,48604,182673
202309,48739,182673
202310,48874,182673
202311,49009,182673
202312,49144,182673
202313,49279,182673
202314,49414,182673
202315,120414,182645
202316,120504,182645
202317,120594,182645
202318,120684,182645
202319,120774,182645
202320,120864,182645
202321,120954,182645
202322,121044,182645
202323,121134,182645
202324,121224,182645
202325,121314,182645
202326,121404,182645
202327,121494,182645
202328,121584,182645
202329,121674,182645
202330,123290,182643
202331,123323,182643
202332,123356,182643
202333,123389,182643
202334,123422,182643
202335,123455,182643
202336,123488,182643
202337,123521,182643
202338,123554,182643
202339,123587,182643
202340,123620,182643
202341,123653,182643
202342,123686,182643
202343,123719,182643
202344,54917,182656
202345,54941,182659
202346,54962,182659
202347,54983,182659
202348,55004,182659
202349,55025,182659
202350,55046,182659
202351,55067,182659
202352,55088,182659
202353,55109,182659
202354,55130,182659
202355,55151,182659
202356,55172,182659
202357,55219,182659
202358,55354,182659
202359,55489,182659
202360,55624,182659
202361,55759,182659
202362,55894,182659
202363,56029,182659
202364,56164,182659
202365,56299,182659
202366,56434,182659
202367,56569,182659
202368,56704,182659
202369,56839,182659
202370,56974,182659
202371,57109,182659
202372,57244,182659
202373,57379,182659
202374,57514,182659
202375,56610,182623
202376,56688,182623
202377,56766,182623
202378,55634,182623
202379,55655,182623
202380,55676,182623
202381,55697,182623
202382,55718,182623
202383,55739,182623
202384,55760,182623
202385,55781,182623
202386,61424,182626
202387,61480,182626
202388,61536,182626
202389,61592,182626
202390,61648,182626
202391,61704,182626
202392,61760,182626
202393,61816,182626
202394,61872,182626
202395,61928,182626
202396,61984,182626
202397,62040,182626
202398,62096,182626
202399,62152,182626
202400,62208,182626
202401,62264,182626
202402,62320,182626
202403,65958,182628
202404,19624,182628
202405,19650,182628
202406,19676,182628
202407,19702,182628
202408,19728,182628
202409,19754,182628
202410,19780,182628
202411,19806,182628
202412,19832,182628
202413,19858,182628
202414,19884,182628
202415,19911,182628
202416,20016,182628
202417,20121,182628
202418,19988,182628
202419,20014,182628
202420,20040,182628
202421,20066,182628
202422,43902,182664
202423,20751,182664
202424,20856,182664
202425,20961,182664
202426,21066,182664
202427,21171,182664
202428,21276,182664
202429,21381,182664
202430,21486,182664
202431,21591,182664
202432,21696,182664
202433,21801,182664
202434,21906,182664
202435,22011,182664
202436,22116,182664
202437,22221,182664
202438,22326,182664
202439,22431,182664
202440,69984,182677
202441,69996,182677
202442,70008,182677
202443,70020,182677
202444,70032,182677
202445,70044,182677
202446,70056,182677
202447,70068,182677
202448,70096,182677
202449,70209,182677
202450,70322,182677
202451,143077,182685
202452,143180,182685
202453,143283,182685
202454,143386,182685
202455,143489,182685
202456,143592,182685
202457,143695,182685
202458,143798,182685
202459,143901,182685
202460,144004,182685
202461,144107,182685
202462,144210,182685
202463,144313,182685
202464,144416,182685
202465,144519,182685
202466,144622,182685
202467,144725,182685
202468,144828,182685
202469,144931,182685
202470,74690,182713
202471,74781,182713
202472,74872,182713
202473,74963,182713
202474,75054,182713
202475,75145,182713
202476,75236,182713
202477,75327,182713
202478,75418,182713
202479,75509,182713
202480,75600,182713
202481,75691,182713
202482,75782,182713
202483,75873,182713
202484,148276,182721
202485,148357,182721
202486,148438,182721
202487,148519,182721
202488,148600,182721
202489,148681,182721
202490,148762,182721
202491,148843,182721
202492,148924,182721
202493,149005,182721
202494,78454,182749
202495,78523,182749
202496,78592,182749
202497,78661,182749
202498,78730,182749
202499,78799,182749
202500,78868,182749
202501,78937,182749
202502,151138,182757
202503,151197,182757
202504,151256,182757
202505,151315,182757
202506,151374,182757
202507,151433,182757
202508,80665,182758
202509,80739,182785
202510,80786,182785
202511,80833,182785
202512,80880,182785
202513,80927,182785
202514,152986,182793
202515,153023,182793
202516,153060,182793
202517,153097,182793
202518,82214,182811
202519,82239,182811
202520,82264,182811
202521,82289,182811
202522,82314,182811
202523,82339,182811
202524,82364,182811
202525,83287,182815
202526,83290,182815
202527,83293,182815
202528,83296,182815
202529,83299,182815
202530,83302,182815
202531,83305,182815
202532,83308,182815
202533,83311,182815
202534,83314,182815
202535,83317,182815
202536,83320,182815
202537,83323,182815
202538,83326,182815
202539,83329,182815
202540,83332,182815
202541,83335,182815
202542,83338,182815
202543,83341,182815
202544,83344,182815
202545,83347,182815
202546,83350,182815
202547,83353,182815
202548,83356,182815
202549,83359,182815
202550,83362,182815
202551,83365,182815
202552,83368,182815
202553,83371,182815
202554,83374,182815
202555,83377,182815
202556,83380,182815
202557,83383,182815
202558,83386,182815
202559,83389,182815
202560,83392,182815
202561,83395,182815
202562,83398,182815
202563,83401,182815
202564,83404,182815
202565,83407,182815
202566,83438,182815
202567,83595,182815
202568,83752,182815
202569,83909,182815
202570,84066,182815
202571,84223,182815
202572,84380,182815
202573,84537,182815
202574,84694,182815
202575,84851,182815
202576,85008,182815
202577,85165,182815
202578,85322,182815
202579,85479,182815
202580,85636,182815
202581,85793,182815
202582,85950,182815
202583,86107,182815
202584,86264,182815
202585,86421,182815
202586,86578,182815
202587,86735,182815
202588,86892,182815
202589,87049,182815
202590,87206,182815
202591,87363,182815
202592,87520,182815
202593,87677,182815
202594,87834,182815
202595,87991,182815
202596,88148,182815
202597,88305,182815
202598,88462,182815
202599,88619,182815
202600,88776,182815
202601,88933,182815
202602,89090,182815
202603,89247,182815
202604,89404,182815
202605,89561,182815
202606,89718,182811
202607,89875,182811
202608,90032,182811
202609,90189,182811
202610,161398,182804
202611,161545,182804
202612,161692,182804
202613,161839,182788
202614,161986,182788
202615,162133,182788
202616,162280,182788
202617,162427,182788
202618,161426,182768
202619,161551,182768
202620,161676,182768
202621,161801,182768
202622,161926,182768
202623,162051,182752
202624,162176,182752
202625,162301,182752
202626,162426,182752
202627,162551,182752
202628,162676,182752
202629,161411,182732
202630,161514,182732
202631,161617,182732
202632,161720,182732
202633,161823,182732
202634,161926,182732
202635,162029,182732
202636,162132,182732
202637,162235,182716
202638,162338,182716
202639,162441,182716
202640,162544,182716
202641,162647,182716
202642,162750,182716
202643,162853,182716
202644,162956,182716
202645,163059,182716
202646,163162,182716
202647,161479,182696
202648,161560,182696
202649,161641,182696
202650,161722,182696
202651,161803,182696
202652,161884,182696
202653,161965,182696
202654,162046,182696
202655,162127,182696
202656,162208,182696
202657,162289,182696
202658,162370,182696
202659,162451,182696
202660,164601,182686
202661,162613,182680
202662,162694,182680
202663,162775,182680
202664,162856,182680
202665,162937,182680
202666,163018,182680
202667,163099,182680
202668,163180,182680
202669,163261,182680
202670,163342,182680
202671,163423,182680
202672,163504,182680
202673,163585,182680
202674,163666,182680
202675,163747,182680
202676,163828,182680
202677,163909,182680
202678,163990,182680
202679,161581,182660
202680,161640,182660
202681,161699,182660
202682,161758,182660
202683,161817,182660
202684,161876,182660
202685,161935,182660
202686,161994,182660
202687,162053,182660
202688,162112,182660
202689,162204,182660
202690,162360,182660
202691,162516,182660
202692,162672,182660
202693,162828,182660
202694,162984,182660
202695,141019,182655
202696,141096,182655
202697,141173,182655
202698,141250,182655
202699,141327,182655
202700,141404,182655
202701,141481,182655
202702,141558,182655
202703,141635,182655
202704,141712,182655
202705,141789,182655
202706,141866,182655
202707,166339,182653
202708,68820,182626
202709,68885,182626
202710,68950,182626
202711,69015,182626
202712,69080,182626
202713,69145,182626
202714,69210,182626
202715,69275,182626
202716,69340,182626
202717,69405,182626
202718,69470,182626
202719,69535,182626
202720,69600,182626
202721,69665,182626
202722,69730,182626
202723,69795,182626
202724,69860,182626
202725,69948,182626
202726,70088,182626
202727,70228,182626
202728,70368,182626
202729,70508,182626
202730,70648,182626
202731,70788,182626
202732,70928,182626
202733,71068,182626
202734,172226,182617
202735,172329,182617
202736,172432,182617
202737,172535,182617
202738,172638,182617
202739,172741,182617
202740,172844,182617
202741,172947,182617
202742,173050,182617
202743,173153,182617
202744,173256,182617
202745,173359,182617
202746,114045,182626
202747,114168,182645
202748,114272,182645
202749,114376,182645
202750,114480,182645
202751,112611,182645
202752,112640,182645
202753,112797,182645
202754,112954,182645
202755,113111,182645
202756,113268,182645
202757,115208,182637
202758,115312,182637
202759,115416,182637
202760,115520,182637
202761,115624,182637
202762,115728,182637
202763,115832,182637
202764,115936,182637
202765,116040,182637
202766,116144,182637
202767,116248,182637
202768,116352,182637
202769,116456,182637
202770,116560,182637
202771,116664,182637
202772,116768,182637
202773,116872,182637
202774,116976,182637
202775,187311,182664
202776,187352,182664
202777,187393,182664
202778,187434,182664
202779,187475,182664
202780,187516,182664
202781,187557,182664
202782,187598,182664
202783,187639,182664
202784,187680,182664
202785,187721,182664
202786,187762,182664
202787,187803,182664
202788,187844,182664
202789,187885,182664
202790,187926,182664
202791,188005,182664
202792,188152,182664
202793,188299,182664
202794,188446,182664
202795,188593,182664
202796,188740,182664
202797,188887,182664
202798,189034,182664
202799,189181,182664
202800,189328,182664
202801,164703,182644
202802,164846,182644
202803,164989,182644
202804,165132,182644
202805,165275,182644
202806,165418,182644
202807,165561,182644
202808,165704,182644
202809,165847,182644
202810,165990,182644
202811,166133,182644
202812,166276,182644
202813,166419,182644
202814,166562,182644
202815,166705,182644
202816,166848,182644
202817,166991,182644
202818,167134,182644
202819,167277,182644
202820,167420,182644
202821,167563,182644
202822,167706,182644
202823,187051,182628
202824,187176,182628
202825,187301,182628
202826,187426,182628
202827,187551,182628
202828,187676,182628
202829,187801,182628
202830,187926,182628
202831,188051,182628
202832,188176,182628
202833,188301,182628
202834,188426,182628
202835,188551,182628
202836,188676,182628
202837,188801,182628
202838,188926,182628
202839,189051,182628
202840,189176,182628
202841,189301,182628
202842,189426,182628
202843,189551,182628
202844,189676,182628
202845,189801,182628
202846,189926,182628
202847,193248,182642
202848,168384,182644
202849,196562,182647
202850,165458,182644
202851,165579,182644
202852,190659,182627
202853,168834,182624
202854,168924,182624
202855,169014,182624
202856,169104,182624
202857,169194,182624
202858,169284,182624
202859,169374,182624
202860,169464,182624
202861,169554,182624
202862,169644,182624
202863,169734,182624
202864,169824,182624
202865,169914,182624
202866,170004,182624
202867,170094,182624
202868,170184,182624
202869,170274,182624
202870,170364,182624
202871,170454,182624
202872,170544,182624
202873,170634,182624
202874,170724,182624
202875,170814,182624
202876,170904,182624
202877,170994,182624
202878,171084,182624
202879,171174,182624
202880,171264,182624
202881,171354,182624
202882,171444,182624
202883,171534,182624
202884,171624,182624
202885,171714,182624
202886,171804,182624
202887,171894,182624
202888,171984,182624
202889,172074,182624
202890,172164,182624
202891,172254,182624
202892,172344,182624
202893,172434,182624
202894,172524,182624
202895,172614,182624
202896,172704,182624
202897,172794,182624
202898,172884,182624
202899,172974,182624
202900,173064,182624
202901,173154,182624
202902,173244,182624
202903,173334,182624
202904,173424,182624
202905,173514,182624
202906,173604,182624
202907,173694,182624
202908,206512,182623
202909,201632,182621
202910,124794,182624
202911,210505,182645
202912,210528,182645
202913,210551,182645
202914,210574,182645
202915,210597,182645
202916,210620,182645
202917,210643,182645
202918,210666,182645
202919,210689,182645
202920,210712,182645
202921,210735,182645
202922,210758,182645
202923,210781,182645
202924,210804,182645
202925,210046,182657
202926,202176,182657
202927,202208,182657
202928,202240,182657
202929,202272,182657
202930,202304,182657
202931,202336,182657
202932,210988,182681
202933,211011,182681
202934,211034,182681
202935,211057,182681
202936,143728,182681
202937,143730,182681
202938,143732,182681
202939,143734,182681
202940,143736,182681
202941,143738,182681
202942,143740,182681
202943,143742,182681
202944,143744,182681
202945,143746,182681
202946,143748,182681
202947,143750,182681
202948,143752,182681
202949,143754,182681
202950,143756,182681
202951,143883,182681
202952,144040,182681
202953,144197,182681
202954,144354,182681
202955,144511,182681
202956,144668,182681
202957,144825,182681
202958,144982,182681
202959,145139,182681
202960,145296,182681
202961,145453,182681
202962,145610,182681
202963,145767,182681
202964,145924,182681
202965,213583,182668
202966,213730,182668
202967,213877,182668
202968,214024,182668
202969,214171,182668
202970,214318,182668
202971,214465,182668
202972,214612,182668
202973,214759,182668
202974,214906,182668
202975,215053,182668
202976,215200,182668
202977,215347,182668
202978,215486,182660
202979,214748,182632
202980,214864,182632
202981,214980,182632
202982,215096,182632
202983,215212,182632
202984,215328,182632
202985,215444,182632
202986,215560,182632
202987,215676,182632
202988,215792,182632
202989,215908,182632
202990,216024,182632
202991,216140,182632
202992,216256,182632
202993,216372,182632
202994,216488,182632
202995,216604,182632
202996,216720,182632
202997,216836,182632
202998,216952,182632
202999,218581,182632
203000,218728,182632
203001,142159,182608
203002,142294,182608
203003,220602,182623
203004,215977,182629
203005,216065,182632
203006,216150,182632
203007,216235,182632
203008,216320,182632
203009,216405,182632
203010,216490,182632
203011,216575,182632
203012,216660,182632
203013,216745,182632
203014,216830,182632
203015,216915,182632
203016,217000,182632
203017,217085,182632
203018,217170,182632
203019,217255,182632
203020,156042,182639
203021,223049,182659
203022,223094,182659
203023,223139,182659
203024,223184,182659
203025,223229,182659
203026,223274,182659
203027,223319,182659
203028,223364,182659
203029,223409,182659
203030,223454,182659
203031,223499,182659
203032,223544,182659
203033,223589,182659
203034,223726,182659
203035,223873,182659
203036,224020,182659
203037,224167,182659
203038,224314,182659
203039,224461,182659
203040,224608,182659
203041,224755,182659
203042,224902,182659
203043,219295,182632
203044,219380,182632
203045,219465,182632
203046,219550,182632
203047,219635,182632
203048,219720,182632
203049,219805,182632
203050,219890,182632
203051,174681,182624
203052,235140,182624
203053,235207,182624
203054,235274,182624
203055,235341,182624
203056,235408,182624
203057,232160,182626
203058,232200,182630
203059,232236,182630
203060,232272,182630
203061,232308,182630
203062,232344,182630
203063,232380,182630
203064,228888,182630
203065,228893,182630
203066,228898,182630
203067,228903,182630
203068,228908,182630
203069,228913,182630
203070,229018,182630
203071,229165,182630
203072,229312,182630
203073,229459,182630
203074,229606,182630
203075,229753,182630
203076,229900,182630
203077,230047,182630
203078,230194,182630
203079,230341,182630
203080,230488,182630
203081,230635,182630
203082,230782,182630
203083,230929,182630
203084,231076,182630
203085,231223,182630
203086,231370,182630
203087,231517,182630
203088,231664,182630
203089,231811,182630
203090,231958,182630
203091,232105,182630
203092,232252,182630
203093,232399,182630
203094,232546,182630
203095,235357,182624
203096,235464,182624
203097,235571,182624
203098,235678,182624
203099,233676,182630
203100,233712,182630
203101,233748,182630
203102,233784,182630
203103,233869,182630
203104,234016,182630
203105,234163,182630
203106,234310,182630
203107,234457,182630
203108,234604,182630
203109,234751,182630
203110,234898,182630
203111,235045,182630
203112,235192,182630
203113,235339,182624
203114,235486,182624
203115,235633,182624
203116,235780,182624
203117,235927,182624
203118,236074,182624
203119,236221,182624
203120,236368,182624
203121,236515,182624
203122,236662,182624
203123,236809,182624
203124,236956,182624
203125,237103,182624
203126,237250,182624
203127,237397,182624
203128,237544,182624
203129,237691,182624
203130,237838,182624
203131,237985,182624
203132,238132,182624
203133,238279,182624
203134,238426,182624
203135,238573,182624
203136,238720,182624
203137,238867,182624
203138,239014,182624
203139,239161,182624
203140,239304,182620
203141,173708,182610
203142,173854,182599
203143,241981,182599
203144,242008,182599
203145,242035,182599
203146,242062,182599
203147,242089,182599
203148,242116,182599
203149,242143,182599
203150,242170,182599
203151,242197,182599
203152,242224,182599
203153,242251,182599
203154,242278,182599
203155,242305,182599
203156,242332,182599
203157,242359,182599
203158,242386,182599
203159,242413,182599
203160,242440,182599
203161,242467,182599
203162,242542,182599
203163,242689,182599
203164,242836,182599
203165,242983,182599
203166,243130,182599
203167,243277,182599
203168,243424,182599
203169,243571,182599
203170,256674,182600
203171,256427,182600
203172,256100,182600
203173,256149,182600
203174,255702,182600
203175,255711,182600
203176,255720,182600
203177,255729,182600
203178,255738,182600
203179,255747,182600
203180,255756,182600
203181,255765,182600
203182,255774,182600
203183,255783,182600
203184,255792,182600
203185,186954,182607
203186,187111,182616
203187,252540,182624
203188,252680,182626
203189,252818,182626
203190,252956,182626
203191,253094,182626
203192,252016,182626
203193,252114,182626
203194,252212,182626
203195,252310,182626
203196,252408,182626
203197,251090,182626
203198,251148,182626
203199,251206,182626
203200,251264,182626
203201,251322,182626
203202,251380,182626
203203,251438,182626
203204,251496,182626
203205,251554,182626
203206,251612,182626
203207,251670,182626
203208,251728,182626
203209,251786,182626
203210,251844,182626
203211,256035,182636
203212,256044,182636
203213,256130,182636
203214,256268,182636
203215,256406,182636
203216,256544,182636
203217,256682,182636
203218,256820,182636
203219,256958,182636
203220,257096,182636
203221,257234,182636
203222,257372,182636
203223,257510,182636
203224,2496,182627
203225,2536,182627
203226,2576,182627
203227,2616,182627
203228,2656,182627
203229,2696,182627
203230,2736,182627
203231,258991,182636
203232,256224,182636
203233,256233,182636
203234,256242,182636
203235,256251,182636
203236,256328,182636
203237,256426,182636
203238,256524,182636
203239,256622,182636
203240,256720,182636
203241,256818,182636
203242,256916,182636
203243,257014,182636
203244,257112,182636
203245,257210,182636
203246,257308,182636
203247,257406,182636
203248,257504,182636
203249,257602,182636
203250,257700,182636
203251,257798,182636
203252,257896,182636
203253,197522,182639
203254,197532,182639
203255,197542,182639
203256,197552,182639
203257,197620,182639
203258,197768,182639
203259,197916,182639
203260,198064,182639
203261,258778,182636
203262,258876,182636
203263,258974,182636
203264,259072,182636
203265,259170,182636
203266,4176,182627
203267,4216,182627
203268,4256,182627
203269,4296,182627
203270,4336,182627
203271,4376,182627
203272,4416,182627
203273,4456,182627
203274,4496,182627
203275,4536,182627
203276,4576,182627
203277,4616,182627
203278,4656,182627
203279,3895,182627
203280,10224,182638
203281,10255,182638
203282,10286,182638
203283,10317,182638
203284,10348,182638
203285,10379,182638
203286,10410,182638
203287,5016,182663
203288,5056,182663
203289,5096,182663
203290,5136,182663
203291,5176,182663
203292,5216,182663
203293,5256,182663
203294,5296,182663
203295,5336,182663
203296,5440,182663
203297,5578,182663
203298,5716,182663
203299,5854,182663
203300,5992,182663
203301,6130,182663
203302,6268,182663
203303,6406,182663
203304,6544,182663
203305,6682,182663
203306,12074,182638
203307,12203,182638
203308,12332,182638
203309,12461,182638
203310,12590,182638
203311,12719,182638
203312,12848,182638
203313,12977,182638
203314,13106,182638
203315,13235,182638
203316,13364,182638
203317,13493,182638
203318,13622,182638
203319,8614,182627
203320,8752,182627
203321,8890,182627
203322,9028,182627
203323,9166,182627
203324,9304,182627
203325,9442,182627
203326,164236,182608
203327,164358,182608
203328,164480,182608
203329,164602,182608
203330,164724,182608
203331,164846,182608
203332,164968,182608
203333,11858,182629
203334,11898,182638
203335,11929,182638
203336,11960,182638
203337,11991,182638
203338,12022,182638
203339,12053,182638
203340,12084,182638
203341,12115,182638
203342,12146,182638
203343,12177,182638
203344,22032,182640
203345,22045,182640
203346,22128,182640
203347,22248,182640
203348,22368,182640
203349,22488,182640
203350,22608,182640
203351,22728,182640
203352,22848,182640
203353,22968,182640
203354,23088,182640
203355,23208,182640
203356,23328,182640
203357,23448,182640
203358,23568,182640
203359,23688,182640
203360,23808,182640
203361,15952,182674
203362,16032,182674
203363,16112,182674
203364,16192,182674
203365,16272,182674
203366,16352,182674
203367,16432,182674
203368,16512,182674
203369,25966,182676
203370,26028,182676
203371,26090,182676
203372,26152,182676
203373,216470,182683
203374,17780,182697
203375,17802,182697
203376,17824,182697
203377,17846,182697
203378,17868,182697
203379,17890,182697
203380,17912,182697
203381,17934,182697
203382,17956,182697
203383,17978,182697
203384,18000,182697
203385,18022,182697
203386,18044,182697
203387,18066,182697
203388,18136,182697
203389,18274,182697
203390,18412,182697
203391,18550,182697
203392,18688,182697
203393,18826,182697
203394,18964,182697
203395,19102,182697
203396,19240,182697
203397,19378,182697
203398,19516,182697
203399,19654,182697
203400,19792,182694
203401,19930,182694
203402,20068,182694
203403,20206,182694
203404,29088,182667
203405,29208,182667
203406,29328,182667
203407,29448,182667
203408,29568,182667
203409,29688,182667
203410,19872,182658
203411,19952,182658
203412,20032,182658
203413,20112,182658
203414,20192,182658
203415,20272,182658
203416,20352,182658
203417,20432,182658
203418,20512,182658
203419,20592,182658
203420,20672,182658
203421,20752,182658
203422,20832,182658
203423,29314,182631
203424,29376,182631
203425,29438,182631
203426,29500,182631
203427,29562,182631
203428,29624,182631
203429,29686,182631
203430,29748,182631
203431,29810,182631
203432,29872,182631
203433,29934,182631
203434,29996,182631
203435,30058,182631
203436,30120,182631
203437,30182,182631
203438,30244,182631
203439,30306,182631
203440,30368,182631
203441,30430,182631
203442,30492,182631
203443,30554,182631
203444,30616,182631
203445,30678,182631
203446,26746,182640
203447,26817,182640
203448,23384,182640
203449,23397,182640
203450,23410,182640
203451,23423,182640
203452,226888,182647
203453,226902,182647
203454,226916,182647
203455,226930,182647
203456,227072,182647
203457,227220,182647
203458,227368,182647
203459,227516,182647
203460,227664,182647
203461,227812,182647
203462,227960,182647
203463,228108,182647
203464,228256,182647
203465,228404,182647
203466,228552,182647
203467,228700,182647
203468,228848,182647
203469,228996,182647
203470,229144,182647
203471,229292,182647
203472,229440,182647
203473,229588,182647
203474,30004,182631
203475,30142,182631
203476,30280,182631
203477,230176,182619
203478,227252,182611
203479,227266,182611
203480,227280,182611
203481,227294,182611
203482,227308,182611
203483,227407,182611
203484,227564,182611
203485,227721,182611
203486,227878,182611
203487,228035,182611
203488,228192,182611
203489,228349,182611
203490,228506,182611
203491,228663,182611
203492,228820,182611
203493,228977,182611
203494,229134,182611
203495,229291,182611
203496,192864,182608
203497,192892,182608
203498,192920,182608
203499,192948,182608
203500,192976,182608
203501,193004,182608
203502,193032,182608
203503,193060,182608
203504,193088,182608
203505,193116,182608
203506,193144,182608
203507,193208,182608
203508,193312,182608
203509,193416,182608
203510,193520,182608
203511,193624,182608
203512,193728,182608
203513,193832,182608
203514,193936,182608
203515,194040,182608
203516,194144,182608
203517,49358,182626
203518,48588,182626
203519,48614,182626
203520,48640,182626
203521,48666,182626
203522,48692,182626
203523,48718,182626
203524,48744,182626
203525,48770,182626
203526,48796,182626
203527,48822,182626
203528,48848,182626
203529,48874,182626
203530,48900,182626
203531,48926,182626
203532,48952,182626
203533,48978,182626
203534,49004,182626
203535,49030,182626
203536,49056,182626
203537,49082,182626
203538,49108,182626
203539,48436,182626
203540,20828,182635
203541,20935,182635
203542,21042,182635
203543,21149,182635
203544,46152,182642
203545,52393,182644
203546,49316,182662
203547,49342,182662
203548,49444,182662
203549,49555,182662
203550,49666,182662
203551,49777,182662
203552,49888,182662
203553,49999,182662
203554,50110,182662
203555,50221,182662
203556,50332,182662
203557,50443,182662
203558,50554,182662
203559,50665,182662
203560,50776,182662
203561,50887,182662
203562,50998,182662
203563,51109,182662
203564,51220,182662
203565,51331,182662
203566,51442,182662
203567,51553,182662
203568,51664,182662
203569,51775,182662
203570,51886,182662
203571,51997,182662
203572,52108,182662
203573,52219,182662
203574,52886,182680
203575,52903,182680
203576,52920,182680
203577,52937,182680
203578,52954,182680
203579,52971,182680
203580,52996,182680
203581,53107,182680
203582,53218,182680
203583,53329,182680
203584,53440,182680
203585,53551,182680
203586,53662,182680
203587,53773,182680
203588,53884,182680
203589,53141,182644
203590,53158,182644
203591,53175,182644
203592,53192,182644
203593,53209,182644
203594,53226,182644
203595,53243,182644
203596,53260,182644
203597,53277,182644
203598,53294,182644
203599,53311,182644
203600,53328,182644
203601,53345,182644
203602,53362,182644
203603,53379,182644
203604,53396,182644
203605,53413,182644
203606,53430,182644
203607,53448,182644
203608,53568,182644
203609,53688,182644
203610,53808,182644
203611,53928,182644
203612,54048,182644
203613,54168,182644
203614,54288,182644
203615,54408,182644
203616,54528,182644
203617,54648,182644
203618,53634,182644
203619,53651,182644
203620,53668,182644
203621,53685,182644
203622,53702,182644
203623,53719,182644
203624,53736,182644
203625,53753,182644
203626,53770,182644
203627,53787,182644
203628,53804,182644
203629,53821,182644
203630,53870,182644
203631,53999,182644
203632,54128,182644
203633,54257,182644
203634,54386,182644
203635,54515,182644
203636,54644,182644
203637,54773,182644
203638,54902,182644
203639,53991,182644
203640,54008,182644
203641,54025,182644
203642,54042,182644
203643,54059,182644
203644,54076,182644
203645,54093,182644
203646,54110,182644
203647,54127,182644
203648,54144,182644
203649,54161,182644
203650,54292,182644
203651,54430,182644
203652,54568,182644
203653,54706,182644
203654,54844,182644
203655,260744,182658
203656,260880,182664
203657,261010,182664
203658,261140,182664
203659,261270,182664
203660,261400,182664
203661,261530,182664
203662,261660,182664
203663,261790,182664
203664,0,182665
203665,0,182665
203666,36,182665
203667,166,182665
203668,296,182637
203669,426,182637
203670,556,182637
203671,686,182637
203672,0,182629
203673,0,182629
203674,0,182629
203675,0,182629
203676,0,182629
203677,0,182629
203678,0,182629
203679,0,182629
203680,0,182629
203681,107,182629
203682,246,182629
203683,385,182629
203684,524,182629
203685,663,182629
203686,222828,182611
203687,222878,182611
203688,222928,182611
203689,222978,182611
203690,223028,182611
203691,223078,182611
203692,223128,182611
203693,223178,182611
203694,223228,182611
203695,223278,182611
203696,223328,182611
203697,223378,182611
203698,223428,182611
203699,223478,182611
203700,226944,182644
203701,226976,182644
203702,227008,182644
203703,227040,182644
203704,227072,182644
203705,227104,182644
203706,227136,182644
203707,227168,182644
203708,227200,182644
203709,227232,182644
203710,227264,182644
203711,227296,182644
203712,227328,182644
203713,227360,182644
203714,227392,182644
203715,227424,182644
203716,52163,182662
203717,23771,182671
203718,23802,182671
203719,23833,182671
203720,23864,182671
203721,23895,182671
203722,23926,182671
203723,23957,182671
203724,23988,182671
203725,24019,182671
203726,24050,182671
203727,24081,182671
203728,24112,182671
203729,24143,182671
203730,24174,182671
203731,24205,182671
203732,24236,182671
203733,24267,182671
203734,24298,182671
203735,24329,182671
203736,24360,182671
203737,24391,182671
203738,84194,182684
203739,84215,182684
203740,84236,182684
203741,84257,182684
203742,84278,182684
203743,84299,182684
203744,84320,182684
203745,84341,182684
203746,84362,182684
203747,84383,182684
203748,84404,182684
203749,84425,182684
203750,84446,182684
203751,54646,182698
203752,54672,182698
203753,54698,182698
203754,54724,182698
203755,54750,182698
203756,54776,182698
203757,54802,182698
203758,54828,182698
203759,54854,182698
203760,54880,182698
203761,54906,182698
203762,54932,182698
203763,54958,182698
203764,54984,182698
203765,55010,182698
203766,55036,182698
203767,55062,182698
203768,55088,182698
203769,55114,182698
203770,55140,182698
203771,55166,182698
203772,55192,182698
203773,55218,182698
203774,84949,182719
203775,84971,182720
203776,84992,182720
203777,85013,182720
203778,85034,182720
203779,85055,182720
203780,85076,182720
203781,85097,182720
203782,85118,182720
203783,85139,182720
203784,85160,182720
203785,85181,182720
203786,85202,182720
203787,85223,182720
203788,85244,182720
203789,85265,182720
203790,85286,182720
203791,55686,182734
203792,55712,182734
203793,55738,182734
203794,55764,182734
203795,55790,182734
203796,55816,182734
203797,55842,182734
203798,55868,182734
203799,55894,182734
203800,55920,182734
203801,55946,182734
203802,55972,182734
203803,85559,182756
203804,85580,182756
203805,85601,182756
203806,85622,182756
203807,85643,182756
203808,85664,182756
203809,85685,182756
203810,85706,182756
203811,85727,182756
203812,85035,182757
203813,56258,182770
203814,56284,182770
203815,56310,182770
203816,56336,182770
203817,56362,182770
203818,56388,182770
203819,56414,182770
203820,85916,182792
203821,85937,182792
203822,85958,182792
203823,85979,182792
203824,86000,182792
203825,86021,182792
203826,85459,182797
203827,56622,182806
203828,56648,182806
203829,56674,182806
203830,56700,182806
203831,56726,182806
203832,86168,182828
203833,86189,182828
203834,86210,182828
203835,86231,182828
203836,56856,182842
203837,56882,182842
203838,56908,182842
203839,56934,182842
203840,86336,182864
203841,86357,182864
203842,86378,182864
203843,86820,182877
203844,86832,182877
203845,86844,182877
203846,28558,182888
203847,28571,182888
203848,28584,182888
203849,28964,182893
203850,28968,182893
203851,28972,182893
203852,28976,182893
203853,28980,182893
203854,28984,182893
203855,28988,182893
203856,28992,182893
203857,28996,182893
203858,29000,182893
203859,29004,182893
203860,29008,182893
203861,29012,182893
203862,29016,182893
203863,29020,182893
203864,29024,182893
203865,29028,182893
203866,29032,182893
203867,29036,182893
203868,29040,182893
203869,29044,182893
203870,29048,182893
203871,29052,182893
203872,29056,182893
203873,29060,182893
203874,29064,182893
203875,29068,182893
203876,29072,182893
203877,29076,182893
203878,29080,182893
203879,29084,182893
203880,29088,182893
203881,29092,182893
203882,29096,182893
203883,29100,182893
203884,29104,182893
203885,29108,182893
203886,29112,182893
203887,29116,182893
203888,29120,182893
203889,29124,182893
203890,29162,182893
203891,29319,182893
203892,29476,182893
203893,29633,182893
203894,29790,182893
203895,29947,182893
203896,30104,182893
203897,30261,182893
203898,30418,182893
203899,30575,182893
203900,30732,182893
203901,30889,182893
203902,31046,182893
203903,31203,182893
203904,31360,182893
203905,31517,182893
203906,31674,182893
203907,31831,182893
203908,31988,182893
203909,32145,182893
203910,32302,182893
203911,32459,182893
203912,32616,182893
203913,32773,182893
203914,32930,182893
203915,33087,182893
203916,33244,182893
203917,33401,182893
203918,33558,182893
203919,33715,182893
203920,33872,182893
203921,34029,182893
203922,34186,182893
203923,34343,182893
203924,34500,182893
203925,34657,182893
203926,34814,182893
203927,34971,182893
203928,35128,182893
203929,35285,182893
203930,35442,182893
203931,35599,182893
203932,35756,182893
203933,35913,182879
203934,36070,182879
203935,36227,182879
203936,36384,182879
203937,36541,182879
203938,36698,182879
203939,36855,182879
203940,95216,182855
203941,95372,182855
203942,95528,182855
203943,37483,182847
203944,37640,182847
203945,37797,182847
203946,37954,182847
203947,38111,182847
203948,96464,182819
203949,96620,182819
203950,96776,182819
203951,96932,182819
203952,97088,182819
203953,39053,182811
203954,39210,182811
203955,39367,182811
203956,39524,182811
203957,39681,182811
203958,39838,182811
203959,39995,182811
203960,98336,182783
203961,98492,182783
203962,98648,182783
203963,98804,182783
203964,98960,182783
203965,99116,182783
203966,99272,182783
203967,99424,182779
203968,41408,182775
203969,41565,182775
203970,41722,182775
203971,41879,182775
203972,42036,182775
203973,42193,182775
203974,42350,182775
203975,42507,182775
203976,42664,182775
203977,42802,182756
203978,101144,182747
203979,101300,182747
203980,101456,182747
203981,101612,182747
203982,101768,182747
203983,101924,182747
203984,102080,182747
203985,102236,182747
203986,102392,182747
203987,102548,182747
203988,102704,182747
203989,102860,182747
203990,44862,182739
203991,45019,182739
203992,45176,182739
203993,45333,182739
203994,45490,182739
203995,45647,182739
203996,45804,182739
203997,45961,182739
203998,46118,182739
203999,46275,182739
204000,46432,182739
204001,46589,182739
204002,46746,182739
204003,46903,182739
204004,47060,182739
204005,47217,182739
204006,47374,182739
204007,105668,182711
204008,105824,182711
204009,105980,182711
204010,106136,182711
204011,106292,182711
204012,106448,182711
204013,106604,182711
204014,106760,182711
204015,106916,182711
204016,107072,182711
204017,107228,182711
204018,107384,182711
204019,107540,182711
204020,107696,182711
204021,107852,182711
204022,108008,182711
204023,108164,182711
204024,108320,182711
204025,108476,182711
204026,108632,182711
204027,108788,182711
204028,108944,182711
204029,109100,182711
204030,21454,182696
204031,21607,182696
204032,21760,182696
204033,21913,182696
204034,22066,182696
204035,22219,182696
204036,22372,182696
204037,22525,182696
204038,22678,182696
204039,22831,182696
204040,22984,182696
204041,23137,182696
204042,23290,182696
204043,23443,182696
204044,23596,182696
204045,23749,182696
204046,53640,182682
204047,24055,182675
204048,24208,182675
204049,24361,182675
204050,24514,182675
204051,24667,182675
204052,24820,182675
204053,24973,182675
204054,25126,182675
204055,25279,182675
204056,25432,182675
204057,25585,182675
204058,25738,182675
204059,25891,182675
204060,26044,182675
204061,26197,182675
204062,26350,182675
204063,26503,182675
204064,26656,182675
204065,26794,182660
204066,25376,182639
204067,25520,182639
204068,25664,182639
204069,25808,182639
204070,25952,182639
204071,26096,182639
204072,26240,182639
204073,26384,182639
204074,26528,182639
204075,26672,182639
204076,26816,182639
204077,26960,182639
204078,27104,182639
204079,27248,182639
204080,27392,182639
204081,27536,182639
204082,27680,182639
204083,27824,182639
204084,27968,182639
204085,28112,182639
204086,61590,182626
204087,61607,182626
204088,61624,182626
204089,61641,182626
204090,61658,182626
204091,61675,182626
204092,61692,182626
204093,61709,182626
204094,61726,182626
204095,61743,182626
204096,61760,182626
204097,61777,182626
204098,61818,182626
204099,61975,182626
204100,62132,182626
204101,62289,182626
204102,62446,182626
204103,62603,182626
204104,62760,182626
204105,63850,182617
204106,63876,182617
204107,63902,182617
204108,63928,182617
204109,65914,182640
204110,65962,182653
204111,65997,182653
204112,66032,182653
204113,66067,182653
204114,66102,182653
204115,66137,182653
204116,66172,182653
204117,66207,182653
204118,66242,182653
204119,66277,182653
204120,66312,182653
204121,66347,182653
204122,66382,182653
204123,66417,182653
204124,66452,182653
204125,66487,182653
204126,66522,182653
204127,66557,182653
204128,66592,182653
204129,66685,182653
204130,66842,182653
204131,66999,182653
204132,67156,182653
204133,67313,182653
204134,68994,182665
204135,69044,182671
204136,69088,182671
204137,69132,182671
204138,69176,182671
204139,69220,182671
204140,69264,182671
204141,69308,182671
204142,69352,182671
204143,69396,182671
204144,69440,182671
204145,69484,182671
204146,69528,182671
204147,69572,182671
204148,69668,182671
204149,69825,182671
204150,69982,182671
204151,70139,182671
204152,70296,182671
204153,70453,182671
204154,130248,182643
204155,72308,182668
204156,72364,182671
204157,72417,182671
204158,72470,182671
204159,72523,182671
204160,72576,182671
204161,72629,182671
204162,72682,182671
204163,72735,182671
204164,72788,182671
204165,72841,182671
204166,72894,182671
204167,72947,182671
204168,73000,182671
204169,73053,182671
204170,73122,182671
204171,73279,182671
204172,73436,182671
204173,73593,182671
204174,73750,182671
204175,73907,182671
204176,74064,182671
204177,74221,182671
204178,74378,182671
204179,74535,182671
204180,132656,182643
204181,132812,182643
204182,132968,182643
204183,133124,182643
204184,133280,182643
204185,133436,182643
204186,76617,182668
204187,76682,182671
204188,76744,182671
204189,76806,182671
204190,76868,182671
204191,76930,182671
204192,76992,182671
204193,77054,182671
204194,77116,182671
204195,77178,182671
204196,77240,182671
204197,77361,182671
204198,77518,182671
204199,77675,182671
204200,77832,182671
204201,77989,182671
204202,78146,182671
204203,78303,182671
204204,78460,182671
204205,78617,182671
204206,78774,182671
204207,78931,182671
204208,79088,182671
204209,79245,182671
204210,79402,182671
204211,79559,182671
204212,79716,182671
204213,79873,182671
204214,80030,182671
204215,80187,182671
204216,80344,182671
204217,80501,182671
204218,80658,182671
204219,80815,182671
204220,80972,182671
204221,81129,182671
204222,81286,182671
204223,81443,182671
204224,81600,182671
204225,82038,182690
204226,82126,182707
204227,82197,182707
204228,82268,182707
204229,82385,182707
204230,143386,182678
204231,51989,182660
204232,52056,182660
204233,52123,182660
204234,52190,182660
204235,52257,182660
204236,113348,182660
204237,143926,182646
204238,141704,182642
204239,141860,182642
204240,142016,182642
204241,142172,182642
204242,142328,182642
204243,142484,182642
204244,142640,182642
204245,142796,182642
204246,142952,182642
204247,143108,182642
204248,143264,182642
204249,143420,182642
204250,143576,182642
204251,143732,182642
204252,88468,182628
204253,88471,182628
204254,88474,182628
204255,88477,182628
204256,88480,182628
204257,88483,182628
204258,88486,182628
204259,88489,182628
204260,88492,182628
204261,88495,182628
204262,88498,182628
204263,88501,182628
204264,88504,182628
204265,88507,182628
204266,88510,182628
204267,88513,182628
204268,88516,182628
204269,88665,182628
204270,88822,182628
204271,88979,182628
204272,89136,182628
204273,89293,182628
204274,89450,182628
204275,89607,182628
204276,89764,182628
204277,150584,182638
204278,150672,182638
204279,150760,182638
204280,150848,182638
204281,150936,182638
204282,151024,182638
204283,151112,182638
204284,151200,182638
204285,151288,182638
204286,151376,182638
204287,151464,182638
204288,151552,182638
204289,151640,182638
204290,149816,182626
204291,92196,182612
204292,95828,182630
204293,95849,182630
204294,95870,182630
204295,95891,182630
204296,95912,182630
204297,95933,182630
204298,95954,182630
204299,95975,182630
204300,95996,182630
204301,96017,182630
204302,96038,182630
204303,96059,182630
204304,96080,182630
204305,96101,182630
204306,96122,182630
204307,96143,182630
204308,96164,182630
204309,96185,182630
204310,96206,182630
204311,96227,182630
204312,96248,182630
204313,96269,182630
204314,96290,182630
204315,96311,182630
204316,96332,182630
204317,96353,182630
204318,96374,182630
204319,96515,182630
204320,96672,182630
204321,96829,182630
204322,96986,182630
204323,97143,182630
204324,97300,182630
204325,97457,182630
204326,97614,182630
204327,97771,182630
204328,97928,182630
204329,98085,182630
204330,98242,182630
204331,98399,182630
204332,98556,182630
204333,98713,182630
204334,98870,182630
204335,99027,182630
204336,99184,182630
204337,99341,182630
204338,99498,182630
204339,99655,182630
204340,100888,182625
204341,100918,182625
204342,100948,182625
204343,100978,182625
204344,101008,182625
204345,101038,182625
204346,160762,182641
204347,160859,182641
204348,158924,182641
204349,159020,182641
204350,161150,182641
204351,161247,182641
204352,161344,182641
204353,161441,182641
204354,161538,182641
204355,161635,182641
204356,161732,182641
204357,161829,182641
204358,161926,182641
204359,162023,182641
204360,162120,182641
204361,162217,182641
204362,162314,182641
204363,162411,182641
204364,162508,182641
204365,162605,182641
204366,162702,182641
204367,162799,182641
204368,162896,182641
204369,162993,182641
204370,163090,182641
204371,163187,182641
204372,163284,182641
204373,163381,182641
204374,164036,182641
204375,164074,182641
204376,164112,182641
204377,164150,182641
204378,164188,182641
204379,164226,182641
204380,164264,182641
204381,164302,182641
204382,164340,182641
204383,164378,182641
204384,164480,182641
204385,164636,182641
204386,164792,182641
204387,164948,182641
204388,165104,182641
204389,165260,182641
204390,165416,182641
204391,165572,182641
204392,165728,182641
204393,165884,182641
204394,166040,182641
204395,166196,182641
204396,166352,182641
204397,166508,182641
204398,108918,182639
204399,109075,182639
204400,109232,182639
204401,109389,182639
204402,109546,182639
204403,109703,182639
204404,109860,182639
204405,110017,182639
204406,110174,182639
204407,140138,182642
204408,140240,182642
204409,140342,182642
204410,138878,182642
204411,138921,182642
204412,138964,182642
204413,139007,182642
204414,139050,182642
204415,139093,182642
204416,139136,182642
204417,139179,182642
204418,139222,182642
204419,139265,182642
204420,139308,182642
204421,139351,182642
204422,192326,182649
204423,192359,182649
204424,192392,182649
204425,192510,182649
204426,192652,182649
204427,192794,182649
204428,192936,182649
204429,193078,182649
204430,193220,182649
204431,193362,182649
204432,193504,182649
204433,193646,182649
204434,193788,182649
204435,193930,182649
204436,194072,182649
204437,194214,182649
204438,194356,182649
204439,194498,182649
204440,194640,182649
204441,194782,182649
204442,194924,182649
204443,195066,182649
204444,195208,182649
204445,195350,182649
204446,175468,182678
204447,144218,182678
204448,144320,182678
204449,144422,182678
204450,144524,182678
204451,144626,182678
204452,144728,182678
204453,144830,182678
204454,144932,182678
204455,145034,182678
204456,197728,182685
204457,197820,182685
204458,197912,182685
204459,198004,182685
204460,198096,182685
204461,146212,182714
204462,146264,182714
204463,198838,182721
204464,198880,182721
204465,125712,182721
204466,125728,182721
204467,125744,182721
204468,125760,182721
204469,125776,182721
204470,125792,182721
204471,125808,182721
204472,125824,182721
204473,125908,182721
204474,126024,182721
204475,126140,182721
204476,126256,182721
204477,126372,182721
204478,126488,182721
204479,126604,182721
204480,126720,182721
204481,126830,182715
204482,126952,182713
204483,127068,182713
204484,127168,182697
204485,126666,182685
204486,126732,182685
204487,126798,182685
204488,126864,182685
204489,96240,182680
204490,126996,182677
204491,127062,182677
204492,127128,182677
204493,127194,182677
204494,127260,182677
204495,127326,182677
204496,127392,182677
204497,127458,182677
204498,127524,182677
204499,127590,182677
204500,127656,182677
204501,127712,182667
204502,126304,182649
204503,126320,182649
204504,126336,182649
204505,126352,182649
204506,126368,182649
204507,126384,182649
204508,126400,182649
204509,126416,182649
204510,126502,182649
204511,126659,182649
204512,126816,182649
204513,126973,182649
204514,96956,182644
204515,97018,182644
204516,97080,182644
204517,97142,182644
204518,97204,182644
204519,97266,182644
204520,97328,182644
204521,97390,182644
204522,97452,182644
204523,97514,182644
204524,97576,182644
204525,97638,182644
204526,97700,182644
204527,97762,182644
204528,97824,182644
204529,97886,182644
204530,97954,182644
204531,98107,182644
204532,98260,182644
204533,98413,182644
204534,98566,182644
204535,133100,182634
204536,133216,182634
204537,133332,182634
204538,133448,182634
204539,133564,182634
204540,133680,182634
204541,133796,182634
204542,133912,182634
204543,134028,182634
204544,134144,182634
204545,134260,182634
204546,134376,182634
204547,132939,182634
204548,132964,182634
204549,132989,182634
204550,133014,182634
204551,133039,182634
204552,133096,182634
204553,133253,182634
204554,133410,182634
204555,133567,182634
204556,135536,182634
204557,135652,182634
204558,135768,182634
204559,135884,182634
204560,136000,182634
204561,136116,182634
204562,136232,182634
204563,136348,182634
204564,136464,182634
204565,136580,182634
204566,136696,182634
204567,136812,182634
204568,136928,182634
204569,139602,182668
204570,139636,182668
204571,139670,182668
204572,139704,182668
204573,139738,182668
204574,139772,182668
204575,139806,182668
204576,139840,182668
204577,139874,182668
204578,139908,182668
204579,139940,182666
204580,139965,182657
204581,139990,182648
204582,140044,182642
204583,140078,182642
204584,140112,182642
204585,140146,182642
204586,140180,182642
204587,140214,182642
204588,140248,182642
204589,140282,182642
204590,140316,182642
204591,140350,182642
204592,140384,182642
204593,140418,182642
204594,140452,182642
204595,140486,182642
204596,140520,182642
204597,140554,182642
204598,140588,182642
204599,140622,182642
204600,140656,182642
204601,140789,182642
204602,140946,182642
204603,147407,182645
204604,147532,182645
204605,147657,182645
204606,147782,182645
204607,147907,182645
204608,148032,182645
204609,148157,182645
204610,148282,182645
204611,148407,182645
204612,148532,182645
204613,148657,182645
204614,148782,182645
204615,148907,182645
204616,149032,182645
204617,149157,182645
204618,149282,182645
204619,149407,182645
204620,149532,182645
204621,149657,182645
204622,149782,182645
204623,149907,182645
204624,150032,182645
204625,150157,182645
204626,150282,182645
204627,150407,182645
204628,150532,182645
204629,150657,182626
204630,150782,182626
204631,150907,182626
204632,151032,182626
204633,151157,182626
204634,151282,182626
204635,151407,182626
204636,151532,182626
204637,148632,182638
204638,148682,182645
204639,148725,182645
204640,148768,182645
204641,148811,182645
204642,148854,182645
204643,148897,182645
204644,148940,182645
204645,148983,182645
204646,149026,182645
204647,149069,182645
204648,149112,182645
204649,149155,182645
204650,149198,182645
204651,149241,182645
204652,149284,182645
204653,149327,182645
204654,149370,182645
204655,149413,182645
204656,149456,182645
204657,149581,182645
204658,149738,182645
204659,149895,182645
204660,150052,182645
204661,150209,182645
204662,150366,182645
204663,150523,182645
204664,150680,182645
204665,150837,182645
204666,150994,182645
204667,151151,182645
204668,155532,182638
204669,155657,182638
204670,155782,182638
204671,155907,182638
204672,156032,182638
204673,156157,182638
204674,156282,182638
204675,156407,182638
204676,156532,182638
204677,157444,182638
204678,157496,182638
204679,157548,182638
204680,157600,182638
204681,154339,182638
204682,154350,182638
204683,154361,182638
204684,154372,182638
204685,154383,182638
204686,154394,182638
204687,154405,182638
204688,154448,182638
204689,154605,182638
204690,154762,182638
204691,154919,182638
204692,155076,182638
204693,155233,182638
204694,155390,182638
204695,155547,182638
204696,155704,182638
204697,155861,182638
204698,156018,182638
204699,156175,182638
204700,156332,182638
204701,162822,182644
204702,162918,182647
204703,163011,182647
204704,163104,182647
204705,163197,182647
204706,163290,182647
204707,163383,182647
204708,163476,182647
204709,163569,182647
204710,163662,182647
204711,163755,182647
204712,163848,182647
204713,163941,182647
204714,164034,182647
204715,164127,182647
204716,164220,182647
204717,164313,182647
204718,164406,182647
204719,164499,182647
204720,164592,182647
204721,164685,182647
204722,162282,182647
204723,162407,182647
204724,160100,182638
204725,160248,182629
204726,237620,182612
204727,237730,182612
204728,237840,182612
204729,237950,182612
204730,238060,182612
204731,238170,182612
204732,238280,182612
204733,238390,182612
204734,238500,182612
204735,237243,182612
204736,237248,182612
204737,237253,182612
204738,237258,182612
204739,237263,182612
204740,237268,182612
204741,237382,182612
204742,237524,182612
204743,237666,182612
204744,227808,182619
204745,227836,182619
204746,227864,182619
204747,227892,182619
204748,227920,182619
204749,227948,182619
204750,227976,182619
204751,170611,182636
204752,170640,182636
204753,170669,182636
204754,170698,182636
204755,170727,182636
204756,170756,182636
204757,170785,182636
204758,170814,182636
204759,170843,182636
204760,170872,182636
204761,170901,182636
204762,170930,182636
204763,170959,182636
204764,170988,182636
204765,171017,182636
204766,171046,182636
204767,171075,182636
204768,171104,182636
204769,171133,182636
204770,171162,182636
204771,171191,182636
204772,171220,182636
204773,171249,182636
204774,171278,182636
204775,171307,182636
204776,171336,182636
204777,171365,182636
204778,171394,182636
204779,171423,182636
204780,171452,182636
204781,171481,182636
204782,171510,182636
204783,171539,182636
204784,171568,182636
204785,171597,182636
204786,171626,182636
204787,171655,182636
204788,171684,182636
204789,171713,182636
204790,171742,182636
204791,171771,182636
204792,171800,182636
204793,171829,182636
204794,171858,182636
204795,171887,182636
204796,171916,182636
204797,171945,182636
204798,171974,182636
204799,172003,182636
204800,172032,182636
204801,172189,182636
204802,172346,182636
204803,172503,182636
204804,172660,182636
204805,172817,182636
204806,172974,182636
204807,173131,182636
204808,173288,182636
204809,173445,182636
204810,173602,182636
204811,173759,182636
204812,173916,182636
204813,174073,182636
204814,174230,182636
204815,174387,182636
204816,174544,182636
204817,174701,182636
204818,174858,182636
204819,175015,182636
204820,175172,182636
204821,175329,182636
204822,175486,182636
204823,175643,182636
204824,175800,182636
204825,175957,182636
204826,176114,182636
204827,176271,182636
204828,176428,182636
204829,176585,182636
204830,176742,182636
204831,176899,182636
204832,177056,182636
204833,177213,182636
204834,177370,182636
204835,177527,182636
204836,177684,182636
204837,177841,182636
204838,177998,182636
204839,178155,182636
204840,178312,182636
204841,178469,182636
204842,178626,182636
204843,178783,182636
204844,178940,182636
204845,179097,182636
204846,179254,182636
204847,179411,182636
204848,179568,182636
204849,252718,182621
204850,252860,182621
204851,253002,182621
204852,253144,182621
204853,253286,182621
204854,253428,182621
204855,253570,182621
204856,255240,182614
204857,255263,182614
204858,255286,182614
204859,255309,182614
204860,255332,182614
204861,255355,182614
204862,255378,182614
204863,255401,182614
204864,255424,182614
204865,255447,182614
204866,255470,182614
204867,255493,182614
204868,255516,182614
204869,255558,182614
204870,255700,182614
204871,255842,182614
204872,255984,182614
204873,256126,182614
204874,256268,182614
204875,256410,182614
204876,256552,182614
204877,256694,182614
204878,258242,182614
204879,258297,182614
204880,258352,182614
204881,258407,182614
204882,188583,182621
204883,186020,182635
204884,186104,182649
204885,186174,182649
204886,186244,182649
204887,186314,182649
204888,186384,182649
204889,186454,182649
204890,186524,182649
204891,186594,182649
204892,186664,182649
204893,186734,182649
204894,186804,182649
204895,186947,182649
204896,187104,182649
204897,187261,182649
204898,187415,182646
204899,190322,182642
204900,190424,182642
204901,190526,182642
204902,190628,182642
204903,190730,182642
204904,190832,182642
204905,190934,182642
204906,191036,182642
204907,191138,182642
204908,191240,182642
204909,191342,182642
204910,191444,182642
204911,191546,182642
204912,191648,182642
204913,191750,182642
204914,191852,182642
204915,191954,182642
204916,192056,182642
204917,192158,182642
204918,192260,182642
204919,192362,182642
204920,192464,182642
204921,192566,182642
204922,192668,182642
204923,192770,182642
204924,192872,182642
204925,192974,182642
204926,193076,182642
204927,193178,182642
204928,193280,182642
204929,193382,182642
204930,194526,182642
204931,194573,182642
204932,194620,182642
204933,194667,182642
204934,194714,182642
204935,194761,182642
204936,194808,182642
204937,194855,182642
204938,199920,182651
204939,199944,182651
204940,199968,182651
204941,199992,182651
204942,200016,182651
204943,200040,182651
204944,200064,182651
204945,200088,182651
204946,200112,182651
204947,200136,182651
204948,200160,182651
204949,200190,182651
204950,200324,182651
204951,200458,182651
204952,200592,182651
204953,200726,182651
204954,200860,182651
204955,200994,182651
204956,201128,182651
204957,201262,182651
204958,201396,182651
204959,201530,182651
204960,201664,182651
204961,201798,182651
204962,201932,182651
204963,202066,182651
204964,202200,182651
204965,202334,182651
204966,164662,182626
204967,164815,182626
204968,164968,182626
204969,165121,182626
204970,165274,182626
204971,165427,182626
204972,165580,182626
204973,165733,182626
204974,165886,182626
204975,166039,182626
204976,166192,182626
204977,166345,182626
204978,166498,182626
204979,166651,182626
204980,166804,182626
204981,200952,182651
204982,200976,182651
204983,201000,182651
204984,201024,182651
204985,201077,182651
204986,201234,182651
204987,201391,182651
204988,201548,182651
204989,201705,182651
204990,201862,182651
204991,202019,182651
204992,202176,182651
204993,202333,182651
204994,202490,182651
204995,202647,182651
204996,202804,182651
204997,202958,182648
204998,207696,182644
204999,207752,182644
205000,207808,182644
205001,207864,182644
205002,207920,182644
205003,207976,182644
205004,208032,182644
205005,208088,182644
205006,208144,182644
205007,208200,182644
205008,208256,182644
205009,208312,182644
205010,208368,182644
205011,208498,182644
205012,208632,182644
205013,208766,182644
205014,208900,182644
205015,209034,182644
205016,209168,182644
205017,209302,182644
205018,209436,182644
205019,209570,182644
205020,209704,182644
205021,209838,182644
205022,209972,182644
205023,210106,182644
205024,210240,182644
205025,210374,182644
205026,210508,182644
205027,210642,182644
205028,210776,182644
205029,210910,182644
205030,211044,182644
205031,211178,182644
205032,177616,182642
205033,177746,182642
205034,177876,182642
205035,178006,182642
205036,178136,182642
205037,178266,182642
205038,178396,182642
205039,178526,182642
205040,178656,182642
205041,212753,182640
205042,212786,182640
205043,212819,182640
205044,212920,182640
205045,213054,182640
205046,213188,182640
205047,213322,182640
205048,213456,182640
205049,213590,182640
205050,213724,182640
205051,213858,182640
205052,213992,182640
205053,214126,182640
205054,214260,182640
205055,214394,182640
205056,214528,182640
205057,214662,182640
205058,214796,182640
205059,214930,182640
205060,215064,182640
205061,215198,182640
205062,215332,182640
205063,215448,182622
205064,215632,182615
205065,29634,182623
205066,29684,182623
205067,29734,182623
205068,218142,182629
205069,218260,182636
205070,218378,182643
205071,218496,182650
205072,218608,182651
205073,218719,182651
205074,218830,182651
205075,218941,182651
205076,219052,182651
205077,219163,182651
205078,219274,182651
205079,219385,182651
205080,219496,182651
205081,219607,182651
205082,219718,182651
205083,219829,182651
205084,219940,182651
205085,220051,182651
205086,220162,182651
205087,220273,182651
205088,223520,182653
205089,223585,182653
205090,223650,182653
205091,223715,182653
205092,223780,182653
205093,223845,182653
205094,223910,182653
205095,223975,182653
205096,224040,182653
205097,224105,182653
205098,224170,182653
205099,224235,182653
205100,224300,182653
205101,224365,182653
205102,224430,182653
205103,224495,182653
205104,224560,182653
205105,224625,182653
205106,224690,182653
205107,224755,182653
205108,224820,182653
205109,224885,182653
205110,224950,182653
205111,227093,182673
205112,227112,182673
205113,227131,182673
205114,227150,182673
205115,227169,182673
205116,227188,182673
205117,227207,182673
205118,227226,182673
205119,227245,182673
205120,227264,182673
205121,227283,182673
205122,227302,182673
205123,227321,182673
205124,227340,182673
205125,227359,182673
205126,227378,182673
205127,227397,182673
205128,227416,182673
205129,227435,182673
205130,227454,182673
205131,227473,182673
205132,227492,182673
205133,227511,182673
205134,227530,182673
205135,227549,182673
205136,227568,182673
205137,227587,182673
205138,227188,182689
205139,227230,182689
205140,227272,182689
205141,227314,182689
205142,227356,182689
205143,227398,182689
205144,227440,182689
205145,227225,182689
205146,227758,182709
205147,227777,182709
205148,227796,182709
205149,227650,182725
205150,227818,182729
205151,227853,182745
205152,45536,182751
205153,45549,182751
205154,45562,182751
205155,45575,182751
205156,45588,182751
205157,45715,182751
205158,45866,182751
205159,46017,182751
205160,46164,182747
205161,23548,182731
205162,46470,182730
205163,23860,182695
205164,24016,182695
205165,24172,182695
205166,47074,182694
205167,47225,182694
205168,47376,182694
205169,47527,182694
205170,47678,182694
205171,47829,182694
205172,47952,182666
205173,25420,182659
205174,25576,182659
205175,25732,182659
205176,25888,182659
205177,26044,182659
205178,26200,182659
205179,26356,182659
205180,26512,182659
205181,26668,182659
205182,26824,182659
205183,26980,182659
205184,27136,182659
205185,27292,182659
205186,27448,182659
205187,27604,182659
205188,27760,182659
205189,27916,182659
205190,28072,182659
205191,28228,182659
205192,28384,182659
205193,28540,182659
205194,28696,182659
205195,51453,182658
205196,51604,182658
205197,51755,182658
205198,51906,182658
205199,52057,182658
205200,52208,182658
205201,52359,182658
205202,52510,182644
205203,52661,182644
205204,52812,182644
205205,52963,182644
205206,53114,182644
205207,53265,182644
205208,53416,182644
205209,53567,182644
205210,53718,182644
205211,53869,182644
205212,54020,182644
205213,54171,182644
205214,54322,182644
205215,54473,182644
205216,54624,182644
205217,54775,182644
205218,54926,182644
205219,55077,182644
205220,55228,182644
205221,55379,182644
205222,55530,182644
205223,55681,182644
205224,55827,182639
205225,241276,182612
205226,241304,182612
205227,241332,182612
205228,241360,182612
205229,241388,182612
205230,241416,182612
205231,241444,182612
205232,241472,182612
205233,241500,182612
205234,241528,182612
205235,241556,182612
205236,58744,182624
205237,58766,182624
205238,58788,182624
205239,58810,182624
205240,58832,182624
205241,213045,182642
205242,243726,182648
205243,243777,182648
205244,243828,182648
205245,243879,182648
205246,243930,182648
205247,243981,182648
205248,244032,182648
205249,244083,182648
205250,244134,182648
205251,244185,182648
205252,61300,182660
205253,61345,182660
205254,61390,182660
205255,61435,182660
205256,61480,182660
205257,61525,182660
205258,61570,182660
205259,61615,182660
205260,61660,182660
205261,61705,182660
205262,61750,182660
205263,61795,182660
205264,61872,182660
205265,62023,182660
205266,62174,182660
205267,62325,182660
205268,62476,182660
205269,62627,182660
205270,62778,182660
205271,62929,182660
205272,63080,182660
205273,63231,182660
205274,63382,182660
205275,63533,182660
205276,63684,182660
205277,216393,182642
205278,216486,182642
205279,216579,182642
205280,216672,182642
205281,216765,182642
205282,216858,182642
205283,216951,182642
205284,217044,182642
205285,217137,182642
205286,217230,182642
205287,217323,182642
205288,217416,182642
205289,217509,182642
205290,217602,182642
205291,217695,182642
205292,63100,182624
205293,63145,182624
205294,255888,182657
205295,256008,182657
205296,256128,182657
205297,256248,182657
205298,256368,182657
205299,256488,182657
205300,256608,182657
205301,256728,182657
205302,256848,182657
205303,256968,182657
205304,257088,182657
205305,257208,182657
205306,257328,182657
205307,257448,182657
205308,257568,182657
205309,257688,182657
205310,257808,182657
205311,257928,182657
205312,258048,182657
205313,258168,182657
205314,69648,182633
205315,69656,182633
205316,69724,182633
205317,69875,182633
205318,256734,182657
205319,256771,182657
205320,256808,182657
205321,256845,182657
205322,256882,182657
205323,256919,182657
205324,256956,182657
205325,256993,182657
205326,257030,182657
205327,257067,182657
205328,257104,182657
205329,257141,182657
205330,257178,182657
205331,73805,182665
205332,73836,182665
205333,73867,182665
205334,73898,182665
205335,73929,182665
205336,73960,182665
205337,73991,182665
205338,74022,182665
205339,74053,182665
205340,74084,182665
205341,74115,182665
205342,74146,182665
205343,74177,182665
205344,74208,182665
205345,74239,182665
205346,74270,182665
205347,74405,182665
205348,74556,182665
205349,74707,182665
205350,74858,182665
205351,75009,182665
205352,75160,182665
205353,75311,182665
205354,75462,182665
205355,75613,182665
205356,75764,182665
205357,75915,182665
205358,76066,182665
205359,76217,182665
205360,76368,182665
205361,76519,182665
205362,76670,182665
205363,2024,182658
205364,2144,182658
205365,2264,182658
205366,2384,182658
205367,2504,182658
205368,2624,182658
205369,76355,182629
205370,76446,182629
205371,76537,182629
205372,76628,182629
205373,76719,182629
205374,76810,182629
205375,76901,182629
205376,76992,182629
205377,77083,182629
205378,77174,182629
205379,7097,182646
205380,5148,182646
205381,5171,182646
205382,5194,182646
205383,5217,182646
205384,5240,182646
205385,5263,182646
205386,5286,182646
205387,5309,182646
205388,5332,182646
205389,5355,182646
205390,5378,182646
205391,5401,182646
205392,5504,182646
205393,5624,182646
205394,5744,182646
205395,5864,182646
205396,5984,182646
205397,6104,182646
205398,6224,182646
205399,6344,182646
205400,6464,182646
205401,84898,182651
205402,85012,182651
205403,85126,182651
205404,85240,182651
205405,85354,182651
205406,85468,182651
205407,85582,182651
205408,11584,182651
205409,11630,182651
205410,11676,182651
205411,11722,182651
205412,11768,182651
205413,11814,182651
205414,11860,182651
205415,11906,182651
205416,11952,182651
205417,11998,182651
205418,12044,182651
205419,12090,182651
205420,12136,182651
205421,12182,182651
205422,12228,182651
205423,12274,182651
205424,12320,182651
205425,12366,182651
205426,12405,182644
205427,12458,182627
205428,12504,182627
205429,12550,182627
205430,12596,182627
205431,13871,182637
205432,13880,182637
205433,13889,182637
205434,13898,182637
205435,13907,182637
205436,13916,182637
205437,13925,182637
205438,13934,182637
205439,13943,182637
205440,13952,182637
205441,55844,182644
205442,55880,182644
205443,55916,182644
205444,55952,182644
205445,55988,182644
205446,56024,182644
205447,92053,182648
205448,92056,182648
205449,92059,182648
205450,92062,182648
205451,92065,182648
205452,92068,182648
205453,92071,182648
205454,92074,182648
205455,92077,182648
205456,92080,182648
205457,92083,182648
205458,92086,182648
205459,92089,182648
205460,92092,182648
205461,92095,182648
205462,92098,182648
205463,92101,182648
205464,92104,182648
205465,92223,182648
205466,92374,182648
205467,92525,182648
205468,92676,182648
205469,92827,182648
205470,92978,182648
205471,93129,182648
205472,93280,182648
205473,93431,182648
205474,93582,182648
205475,93733,182648
205476,93884,182648
205477,94035,182648
205478,94186,182648
205479,94337,182648
205480,94488,182648
205481,94639,182648
205482,94790,182648
205483,23246,182643
205484,23352,182643
205485,23458,182643
205486,23564,182643
205487,23670,182643
205488,23776,182643
205489,23882,182643
205490,250604,182642
205491,250706,182642
205492,250808,182642
205493,250910,182642
205494,251012,182642
205495,251114,182642
205496,251216,182642
205497,251318,182642
205498,251420,182642
205499,251522,182642
205500,251624,182642
205501,251726,182642
205502,251828,182642
205503,251930,182642
205504,252032,182642
205505,252134,182642
205506,252236,182642
205507,252338,182642
205508,252440,182642
205509,252542,182642
205510,252644,182642
205511,252746,182642
205512,252848,182642
205513,252950,182642
205514,253052,182642
205515,253154,182642
205516,253256,182642
205517,253358,182642
205518,253460,182642
205519,253562,182642
205520,253664,182642
205521,29375,182659
205522,29518,182659
205523,29661,182659
205524,67292,182660
205525,67351,182660
205526,67410,182660
205527,67469,182660
205528,67528,182660
205529,67587,182660
205530,67646,182660
205531,67705,182660
205532,67764,182660
205533,67823,182660
205534,67882,182660
205535,67941,182660
205536,68000,182660
205537,68059,182660
205538,68118,182660
205539,68177,182660
205540,68236,182660
205541,32558,182690
205542,32618,182695
205543,32673,182695
205544,32728,182695
205545,32807,182695
205546,32950,182695
205547,33093,182695
205548,33236,182695
205549,107668,182673
205550,107768,182673
205551,107868,182673
205552,107968,182673
205553,108068,182673
205554,108168,182673
205555,33333,182659
205556,33388,182659
205557,33443,182659
205558,33498,182659
205559,33553,182659
205560,33608,182659
205561,33663,182659
205562,35816,182664
205563,35820,182664
205564,35824,182664
205565,35828,182664
205566,35832,182664
205567,35953,182664
205568,36096,182664
205569,111409,182673
205570,111458,182673
205571,111507,182673
205572,111556,182673
205573,111605,182673
205574,111654,182673
205575,111703,182673
205576,111752,182673
205577,111801,182673
205578,111850,182673
205579,111899,182673
205580,111948,182673
205581,111997,182673
205582,112046,182673
205583,112095,182673
205584,112144,182673
205585,112193,182673
205586,112242,182673
205587,112291,182673
205588,112340,182673
205589,112389,182673
205590,112438,182673
205591,112487,182673
205592,112536,182673
205593,40705,182700
205594,40746,182700
205595,40787,182700
205596,40828,182700
205597,40869,182700
205598,40910,182700
205599,40951,182700
205600,40992,182700
205601,41033,182700
205602,41074,182700
205603,41115,182700
205604,41244,182700
205605,41387,182700
205606,41530,182700
205607,41673,182700
205608,41816,182700
205609,41959,182700
205610,42102,182700
205611,42245,182700
205612,42388,182700
205613,42531,182700
205614,42674,182700
205615,42817,182700
205616,42304,182664
205617,42396,182664
205618,42488,182664
205619,42580,182664
205620,42672,182664
205621,42764,182664
205622,42856,182664
205623,119930,182673
205624,120016,182673
205625,120102,182673
205626,120188,182673
205627,120274,182673
205628,120360,182673
205629,120446,182673
205630,120532,182673
205631,120618,182673
205632,120704,182673
205633,45391,182664
205634,45534,182664
205635,45677,182664
205636,45820,182664
205637,45963,182664
205638,46106,182664
205639,46249,182664
205640,46392,182664
205641,46535,182664
205642,47310,182656
205643,47337,182656
205644,47364,182656
205645,47391,182656
205646,47418,182656
205647,47445,182656
205648,47536,182656
205649,47679,182656
205650,47822,182656
205651,47965,182656
205652,48108,182656
205653,48251,182656
205654,48394,182656
205655,48537,182656
205656,48680,182656
205657,48823,182656
205658,48966,182656
205659,49109,182656
205660,49252,182656
205661,49395,182656
205662,49538,182656
205663,49681,182656
205664,49824,182656
205665,51086,182656
205666,51164,182656
205667,51242,182656
205668,51320,182656
205669,51398,182656
205670,51476,182656
205671,51554,182656
205672,51632,182656
205673,51710,182656
205674,52310,182658
205675,52335,182670
205676,52348,182670
205677,52361,182670
205678,52374,182670
205679,52387,182670
205680,52400,182670
205681,52413,182670
205682,52426,182670
205683,52541,182670
205684,129300,182638
205685,129437,182638
205686,129574,182638
205687,129711,182638
205688,129848,182638
205689,129985,182638
205690,130122,182638
205691,130259,182638
205692,130396,182638
205693,130533,182638
205694,130670,182638
205695,130807,182638
205696,130944,182638
205697,131081,182638
205698,131218,182638
205699,131355,182638
205700,131492,182638
205701,55106,182626
205702,57728,182622
205703,57792,182622
205704,57856,182622
205705,57920,182622
205706,57984,182622
205707,58048,182622
205708,58112,182622
205709,58176,182622
205710,58240,182622
205711,58304,182622
205712,58368,182622
205713,58432,182622
205714,58496,182622
205715,58560,182622
205716,58624,182622
205717,58688,182622
205718,58752,182622
205719,58816,182622
205720,25936,182643
205721,25982,182643
205722,26028,182643
205723,26074,182643
205724,26120,182643
205725,26166,182643
205726,26212,182643
205727,26258,182643
205728,26304,182643
205729,26350,182643
205730,26396,182643
205731,26442,182643
205732,26488,182643
205733,26534,182643
205734,26638,182643
205735,26763,182643
205736,26888,182643
205737,26718,182643
205738,26764,182643
205739,26810,182643
205740,26856,182643
205741,26902,182643
205742,26948,182643
205743,27728,182644
205744,27881,182672
205745,28013,182679
205746,28138,182679
205747,28263,182679
205748,28388,182679
205749,28513,182679
205750,28638,182679
205751,28763,182679
205752,28888,182679
205753,29013,182679
205754,29138,182679
205755,29263,182679
205756,29388,182679
205757,29513,182679
205758,29638,182679
205759,29763,182679
205760,29888,182679
205761,30013,182679
205762,30138,182679
205763,67412,182685
205764,30848,182712
205765,30880,182712
205766,30912,182712
205767,30944,182712
205768,30976,182712
205769,31013,182712
205770,31138,182712
205771,31263,182712
205772,31388,182712
205773,31513,182712
205774,31638,182712
205775,31763,182712
205776,31888,182712
205777,32013,182712
205778,32138,182712
205779,32263,182712
205780,32388,182712
205781,32513,182712
205782,32638,182712
205783,32763,182712
205784,32888,182712
205785,70822,182732
205786,70844,182732
205787,70866,182732
205788,70888,182732
205789,70910,182732
205790,70932,182732
205791,70954,182732
205792,70976,182732
205793,70998,182732
205794,146976,182748
205795,146992,182748
205796,147084,182748
205797,147207,182748
205798,147330,182748
205799,147453,182748
205800,147576,182748
205801,147699,182748
205802,147822,182748
205803,147945,182748
205804,148068,182748
205805,148191,182748
205806,148314,182748
205807,148437,182748
205808,148560,182748
205809,148683,182748
205810,149476,182751
205811,149478,182751
205812,149480,182751
205813,149482,182751
205814,149484,182751
205815,149486,182751
205816,149544,182751
205817,149667,182751
205818,149790,182751
205819,76204,182756
205820,76340,182777
205821,76455,182777
205822,76570,182777
205823,76685,182777
205824,76800,182777
205825,76915,182777
205826,77030,182777
205827,77145,182777
205828,77260,182777
205829,77375,182777
205830,77490,182777
205831,77605,182777
205832,77720,182777
205833,77835,182777
205834,77950,182777
205835,78065,182777
205836,78180,182777
205837,78295,182777
205838,78410,182777
205839,78525,182777
205840,78640,182777
205841,154428,182786
205842,154538,182787
205843,154647,182787
205844,154756,182787
205845,154865,182787
205846,154974,182787
205847,155083,182787
205848,155192,182787
205849,155301,182787
205850,155410,182787
205851,155519,182787
205852,155628,182787
205853,155737,182787
205854,155846,182787
205855,155955,182787
205856,156064,182787
205857,82170,182802
205858,82282,182813
205859,82383,182813
205860,82484,182813
205861,82585,182813
205862,82686,182813
205863,82787,182813
205864,82888,182813
205865,82989,182813
205866,83090,182813
205867,83191,182813
205868,83292,182813
205869,83393,182813
205870,158994,182823
205871,159089,182823
205872,159184,182823
205873,159279,182823
205874,159374,182823
205875,159469,182823
205876,159564,182823
205877,159659,182823
205878,159754,182823
205879,159849,182823
205880,85768,182849
205881,85855,182849
205882,85942,182849
205883,86029,182849
205884,86116,182849
205885,86203,182849
205886,86290,182849
205887,86377,182849
205888,161854,182857
205889,161937,182859
205890,162018,182859
205891,162099,182859
205892,162180,182859
205893,162261,182859
205894,162342,182859
205895,88127,182885
205896,88200,182885
205897,88273,182885
205898,88346,182885
205899,88419,182885
205900,88492,182885
205901,163879,182895
205902,163946,182895
205903,164013,182895
205904,164080,182895
205905,164147,182895
205906,89830,182921
205907,89889,182921
205908,89948,182921
205909,90007,182921
205910,165326,182931
205911,165379,182931
205912,165432,182931
205913,165485,182931
205914,91090,182957
205915,91135,182957
205916,91180,182957
205917,166436,182960
205918,166482,182967
205919,166521,182967
205920,92061,182986
205921,92095,182989
205922,92126,182989
205923,167339,182993
205924,167364,182993
205925,92846,183000
205926,92870,183007
205927,92887,183007
205928,92904,183007
205929,92921,183007
205930,93502,183011
205931,93505,183011
205932,93508,183011
205933,93511,183011
205934,93514,183011
205935,93517,183011
205936,93520,183011
205937,93523,183011
205938,93526,183011
205939,93529,183011
205940,93532,183011
205941,93535,183011
205942,93538,183011
205943,93541,183011
205944,93544,183011
205945,93547,183011
205946,93550,183011
205947,93553,183011
205948,93556,183011
205949,93559,183011
205950,93562,183011
205951,93565,183011
205952,93568,183011
205953,93571,183011
205954,93574,183011
205955,93577,183011
205956,93580,183011
205957,93583,183011
205958,93586,183011
205959,93589,183011
205960,93592,183011
205961,93595,183011
205962,93598,183011
205963,93601,183011
205964,93604,183011
205965,93607,183011
205966,93610,183011
205967,93613,183011
205968,93616,183011
205969,93619,183011
205970,93622,183011
205971,93735,183011
205972,93892,183011
205973,94049,183011
205974,94206,183011
205975,94363,183011
205976,94520,183011
205977,94677,183011
205978,94834,183011
205979,94991,183011
205980,95148,183011
205981,95305,183011
205982,95462,183011
205983,95619,183011
205984,95776,183011
205985,95933,183011
205986,96090,183011
205987,96247,183011
205988,96404,183011
205989,96561,183011
205990,96718,183011
205991,96875,183011
205992,97032,183011
205993,97189,183011
205994,97346,183011
205995,97503,183011
205996,97660,183011
205997,97817,183011
205998,97974,183011
205999,98131,183011
206000,98288,183011
206001,98445,183011
206002,98602,183011
206003,98759,183011
206004,98916,183011
206005,99073,183011
206006,99230,183011
206007,99387,183011
206008,99544,183011
206009,99701,183011
206010,99858,183011
206011,100015,183007
206012,100172,183007
206013,174971,183000
206014,175122,183000
206015,175273,182988
206016,175424,182988
206017,175556,182969
206018,175726,182969
206019,175877,182969
206020,175332,182952
206021,175469,182952
206022,175606,182952
206023,175743,182933
206024,175880,182933
206025,176017,182933
206026,175374,182916
206027,175497,182916
206028,175620,182916
206029,175743,182916
206030,175866,182897
206031,175989,182897
206032,176112,182897
206033,176235,182897
206034,175466,182880
206035,175575,182880
206036,175684,182880
206037,175793,182880
206038,175902,182880
206039,176011,182861
206040,176120,182861
206041,176229,182861
206042,176338,182861
206043,176447,182861
206044,176556,182861
206045,175619,182844
206046,175714,182844
206047,175809,182844
206048,175904,182844
206049,175999,182844
206050,176094,182844
206051,177312,182828
206052,176284,182825
206053,176379,182825
206054,176474,182825
206055,176569,182825
206056,176664,182825
206057,176759,182825
206058,176854,182825
206059,176940,182816
206060,175788,182808
206061,175869,182808
206062,175950,182808
206063,176031,182808
206064,176112,182808
206065,176193,182808
206066,176274,182808
206067,176355,182808
206068,176436,182808
206069,176517,182789
206070,176598,182789
206071,176679,182789
206072,176760,182789
206073,176841,182789
206074,176922,182789
206075,177003,182789
206076,177084,182789
206077,177165,182789
206078,177246,182789
206079,177327,182789
206080,177408,182789
206081,177489,182789
206082,176006,182772
206083,176073,182772
206084,176140,182772
206085,176207,182772
206086,176274,182772
206087,176341,182772
206088,176408,182772
206089,176475,182772
206090,176542,182772
206091,176609,182772
206092,176676,182772
206093,176743,182772
206094,176810,182772
206095,176877,182772
206096,176944,182772
206097,178784,182762
206098,177078,182753
206099,177145,182753
206100,177212,182753
206101,177279,182753
206102,177346,182753
206103,177413,182753
206104,177480,182753
206105,177547,182753
206106,177614,182753
206107,177681,182753
206108,177748,182753
206109,177815,182753
206110,177882,182753
206111,177949,182753
206112,178016,182753
206113,178083,182753
206114,178150,182753
206115,178217,182753
206116,178284,182753
206117,178351,182753
206118,178415,182750
206119,176403,182736
206120,176456,182736
206121,176509,182736
206122,176562,182736
206123,176615,182736
206124,176668,182736
206125,176721,182736
206126,176774,182736
206127,176827,182736
206128,176880,182736
206129,176933,182736
206130,176986,182736
206131,177039,182736
206132,177092,182736
206133,177145,182736
206134,177198,182736
206135,177251,182736
206136,177304,182736
206137,177357,182736
206138,177410,182736
206139,177463,182736
206140,177516,182736
206141,177569,182736
206142,177622,182736
206143,177675,182736
206144,177728,182736
206145,177781,182736
206146,177834,182736
206147,177887,182736
206148,177940,182717
206149,177993,182717
206150,178046,182717
206151,178099,182717
206152,178152,182717
206153,178300,182717
206154,178456,182717
206155,178612,182717
206156,178768,182717
206157,178924,182717
206158,179080,182717
206159,179236,182717
206160,179392,182717
206161,104875,182701
206162,104934,182701
206163,104993,182701
206164,105052,182701
206165,105111,182701
206166,105170,182701
206167,105229,182701
206168,105288,182701
206169,105347,182701
206170,105406,182701
206171,105465,182701
206172,105524,182701
206173,105583,182701
206174,105642,182701
206175,105701,182701
206176,105760,182701
206177,105819,182701
206178,105878,182701
206179,105937,182701
206180,105996,182701
206181,106084,182701
206182,106232,182701
206183,106380,182701
206184,106528,182669
206185,106676,182669
206186,106824,182669
206187,106972,182669
206188,107120,182669
206189,107268,182669
206190,107416,182669
206191,107564,182669
206192,107712,182669
206193,107860,182669
206194,108008,182669
206195,108156,182669
206196,108304,182669
206197,108452,182669
206198,107058,182633
206199,107117,182633
206200,107176,182633
206201,107235,182633
206202,107294,182633
206203,107353,182633
206204,107412,182633
206205,107471,182633
206206,107530,182633
206207,107589,182633
206208,107648,182633
206209,107707,182633
206210,107766,182633
206211,107825,182633
206212,107884,182633
206213,107943,182633
206214,108002,182633
206215,108061,182633
206216,108120,182633
206217,108179,182633
206218,108238,182633
206219,108297,182633
206220,108360,182633
206221,108494,182633
206222,108628,182633
206223,108762,182633
206224,108896,182633
206225,109030,182633
206226,109164,182633
206227,109298,182633
206228,109432,182633
206229,109566,182633
206230,109700,182633
206231,207889,182615
206232,208040,182615
206233,208191,182615
206234,137653,182619
206235,211070,182631
206236,211160,182631
206237,211250,182631
206238,211340,182631
206239,211430,182631
206240,211520,182631
206241,211610,182631
206242,136778,182631
206243,136799,182631
206244,136820,182631
206245,136841,182631
206246,136910,182631
206247,137067,182631
206248,137224,182631
206249,210607,182631
206250,210758,182631
206251,210909,182631
206252,211060,182631
206253,211211,182631
206254,211362,182631
206255,211513,182631
206256,211664,182631
206257,211815,182631
206258,211966,182631
206259,214343,182659
206260,214372,182659
206261,214401,182659
206262,214430,182659
206263,214459,182659
206264,214488,182659
206265,141387,182658
206266,214546,182650
206267,214575,182650
206268,214604,182650
206269,214633,182650
206270,214662,182650
206271,214691,182650
206272,214720,182650
206273,214749,182650
206274,214778,182650
206275,214807,182650
206276,214836,182650
206277,214865,182650
206278,214986,182650
206279,215137,182650
206280,215288,182650
206281,215210,182650
206282,215300,182650
206283,215390,182650
206284,215480,182650
206285,215570,182650
206286,215660,182650
206287,215750,182650
206288,215840,182650
206289,215930,182650
206290,216020,182650
206291,216110,182650
206292,216200,182650
206293,216290,182650
206294,216380,182650
206295,216470,182650
206296,216560,182650
206297,216650,182650
206298,216740,182650
206299,216830,182650
206300,216920,182650
206301,217010,182650
206302,215590,182650
206303,215619,182650
206304,215648,182650
206305,215677,182650
206306,215706,182650
206307,215735,182650
206308,215764,182650
206309,215793,182650
206310,215822,182650
206311,215851,182650
206312,215880,182650
206313,215909,182650
206314,215938,182650
206315,215967,182650
206316,215996,182650
206317,216025,182650
206318,216158,182650
206319,216295,182650
206320,216432,182650
206321,216569,182650
206322,216706,182650
206323,216843,182650
206324,216980,182650
206325,217117,182650
206326,217254,182650
206327,217391,182650
206328,217527,182649
206329,216373,182650
206330,216402,182650
206331,216431,182650
206332,216460,182650
206333,216489,182650
206334,216518,182650
206335,216547,182650
206336,216576,182650
206337,216605,182650
206338,216634,182650
206339,216663,182650
206340,216692,182650
206341,216721,182650
206342,216750,182650
206343,216779,182650
206344,216808,182650
206345,216837,182650
206346,216866,182650
206347,216895,182650
206348,215952,182656
206349,216028,182656
206350,216104,182656
206351,216180,182656
206352,216256,182656
206353,216332,182656
206354,216408,182656
206355,216484,182656
206356,216560,182656
206357,216636,182656
206358,216712,182656
206359,216788,182656
206360,217272,182686
206361,217301,182686
206362,217330,182686
206363,217359,182686
206364,217388,182686
206365,217417,182686
206366,217446,182686
206367,217475,182686
206368,217504,182686
206369,217563,182686
206370,217686,182686
206371,217809,182686
206372,217932,182686
206373,218055,182686
206374,218178,182686
206375,218301,182670
206376,218424,182670
206377,218547,182670
206378,218670,182670
206379,218793,182670
206380,218916,182670
206381,219039,182670
206382,219162,182670
206383,219285,182670
206384,219408,182670
206385,219531,182670
206386,219654,182670
206387,219777,182670
206388,219900,182670
206389,220023,182670
206390,220146,182670
206391,220269,182670
206392,220392,182670
206393,220515,182670
206394,220638,182670
206395,220761,182670
206396,220884,182670
206397,221007,182670
206398,221130,182670
206399,221253,182670
206400,221376,182670
206401,221499,182670
206402,221622,182670
206403,218519,182650
206404,218548,182650
206405,218577,182650
206406,218606,182650
206407,218635,182650
206408,218664,182650
206409,218693,182650
206410,218722,182650
206411,218751,182650
206412,218780,182650
206413,222975,182647
206414,223098,182647
206415,223221,182647
206416,223344,182647
206417,223467,182647
206418,223590,182647
206419,223713,182647
206420,223825,182636
206421,220108,182634
206422,220264,182634
206423,220420,182634
206424,220576,182634
206425,220732,182634
206426,220888,182634
206427,221044,182634
206428,221200,182634
206429,221356,182634
206430,221512,182634
206431,221668,182634
206432,221824,182634
206433,221980,182634
206434,147302,182621
206435,147337,182621
206436,147372,182621
206437,147407,182621
206438,147442,182621
206439,147525,182621
206440,147640,182621
206441,147755,182621
206442,147870,182621
206443,147617,182621
206444,147652,182621
206445,147687,182621
206446,147722,182621
206447,147757,182621
206448,147792,182621
206449,151602,182631
206450,151684,182631
206451,151766,182631
206452,151848,182631
206453,151930,182631
206454,152012,182631
206455,152094,182631
206456,152176,182631
206457,152258,182631
206458,152340,182631
206459,152422,182631
206460,152504,182631
206461,152586,182631
206462,152668,182631
206463,152750,182631
206464,152832,182631
206465,152914,182631
206466,152996,182631
206467,153078,182631
206468,153160,182631
206469,153242,182631
206470,153324,182631
206471,153406,182631
206472,153488,182631
206473,153570,182631
206474,153652,182631
206475,153734,182631
206476,153816,182631
206477,153898,182631
206478,153980,182631
206479,154062,182631
206480,154144,182631
206481,154226,182631
206482,154308,182631
206483,154390,182631
206484,154472,182631
206485,154554,182631
206486,154636,182631
206487,154718,182631
206488,154800,182631
206489,154882,182631
206490,154964,182631
206491,155046,182631
206492,155128,182631
206493,155210,182631
206494,155292,182631
206495,155374,182631
206496,155456,182631
206497,155538,182631
206498,155620,182631
206499,253464,182636
206500,253484,182637
206501,253503,182637
206502,253522,182637
206503,253541,182637
206504,253560,182637
206505,253579,182637
206506,253598,182637
206507,253617,182637
206508,253636,182637
206509,253655,182637
206510,253674,182637
206511,253693,182637
206512,252848,182637
206513,237720,182653
206514,237744,182653
206515,237768,182653
206516,237792,182653
206517,237816,182653
206518,237840,182653
206519,253845,182673
206520,253864,182673
206521,253883,182673
206522,253902,182673
206523,253921,182673
206524,253940,182673
206525,253959,182673
206526,253978,182673
206527,253997,182673
206528,254016,182673
206529,254035,182673
206530,254054,182673
206531,254073,182673
206532,254092,182673
206533,254111,182673
206534,254130,182673
206535,254149,182673
206536,254168,182673
206537,254187,182673
206538,254246,182673
206539,254397,182673
206540,254548,182673
206541,254699,182673
206542,254850,182673
206543,255001,182673
206544,255152,182673
206545,255303,182673
206546,255454,182673
206547,255605,182673
206548,255756,182673
206549,255907,182673
206550,256058,182673
206551,256209,182673
206552,256360,182673
206553,256511,182673
206554,256662,182660
206555,256813,182660
206556,256964,182660
206557,257115,182660
206558,257266,182660
206559,257417,182660
206560,257568,182660
206561,257719,182660
206562,257870,182660
206563,258021,182660
206564,258172,182660
206565,258323,182660
206566,258474,182660
206567,258625,182660
206568,258776,182660
206569,258924,182657
206570,256946,182624
206571,257031,182624
206572,257116,182624
206573,257201,182624
206574,257286,182624
206575,257371,182624
206576,257456,182624
206577,257541,182624
206578,257626,182624
206579,257711,182624
206580,257796,182624
206581,257881,182624
206582,257966,182624
206583,258051,182624
206584,258136,182624
206585,258221,182624
206586,258306,182624
206587,258391,182624
206588,1648,182627
206589,1693,182639
206590,1726,182639
206591,1759,182639
206592,1792,182639
206593,1825,182639
206594,1858,182639
206595,1891,182639
206596,1924,182639
206597,1957,182639
206598,1990,182639
206599,2023,182639
206600,2056,182639
206601,2089,182639
206602,2122,182639
206603,2155,182639
206604,2188,182639
206605,2221,182639
206606,2370,182639
206607,2521,182639
206608,2672,182639
206609,2823,182639
206610,2974,182639
206611,3125,182639
206612,3276,182639
206613,3427,182639
206614,3578,182639
206615,3729,182639
206616,3880,182639
206617,4031,182639
206618,4182,182639
206619,4333,182639
206620,257532,182624
206621,257669,182624
206622,257806,182624
206623,257943,182624
206624,258080,182624
206625,5738,182624
206626,5823,182643
206627,258844,182660
206628,258896,182660
206629,258948,182660
206630,259000,182660
206631,259052,182660
206632,259176,182660
206633,3302,182639
206634,3420,182639
206635,3538,182639
206636,3656,182639
206637,3774,182639
206638,3892,182639
206639,4010,182639
206640,4128,182639
206641,4246,182639
206642,4364,182639
206643,4482,182639
206644,4600,182639
206645,4718,182639
206646,4836,182639
206647,4954,182639
206648,5072,182639
206649,9502,182627
206650,9516,182627
206651,9530,182627
206652,9544,182627
206653,9558,182627
206654,9618,182627
206655,9769,182627
206656,9920,182627
206657,10071,182627
206658,258768,182624
206659,258872,182624
206660,258976,182624
206661,259080,182624
206662,12304,182627
206663,2707,182641
206664,2792,182641
206665,2877,182641
206666,2962,182641
206667,3047,182641
206668,3132,182641
206669,3217,182641
206670,3302,182641
206671,3387,182641
206672,3472,182641
206673,261236,182660
206674,261288,182660
206675,261340,182660
206676,261392,182660
206677,261444,182660
206678,4630,182675
206679,4663,182675
206680,4696,182675
206681,4729,182675
206682,4762,182675
206683,4795,182675
206684,4828,182675
206685,4861,182675
206686,4894,182675
206687,4927,182675
206688,4960,182675
206689,4993,182675
206690,5026,182675
206691,5115,182675
206692,5252,182675
206693,5389,182675
206694,5526,182675
206695,5663,182675
206696,5800,182675
206697,5937,182675
206698,6074,182675
206699,6211,182675
206700,6348,182675
206701,6476,182666
206702,11444,182663
206703,11562,182663
206704,11680,182663
206705,7033,182648
206706,7170,182648
206707,7307,182648
206708,7444,182648
206709,7581,182648
206710,7718,182648
206711,7855,182648
206712,12624,182629
206713,12742,182629
206714,12860,182629
206715,12978,182629
206716,13096,182629
206717,13214,182629
206718,13332,182629
206719,13450,182629
206720,13568,182629
206721,13686,182629
206722,13804,182629
206723,13922,182629
206724,14040,182629
206725,14158,182629
206726,14276,182629
206727,14394,182629
206728,10608,182627
206729,10622,182627
206730,10636,182627
206731,10650,182627
206732,10732,182627
206733,17123,182629
206734,17170,182629
206735,17217,182629
206736,17264,182629
206737,17311,182629
206738,17358,182629
206739,17405,182629
206740,17452,182629
206741,17499,182629
206742,17546,182629
206743,17593,182629
206744,17640,182629
206745,17687,182629
206746,17734,182629
206747,17781,182629
206748,17828,182629
206749,17875,182629
206750,14012,182629
206751,14078,182629
206752,14144,182629
206753,14210,182629
206754,14276,182629
206755,14342,182629
206756,25796,182632
206757,25805,182632
206758,25814,182632
206759,25823,182632
206760,25832,182632
206761,25841,182632
206762,25926,182632
206763,26077,182632
206764,26228,182632
206765,26379,182632
206766,15390,182629
206767,15527,182629
206768,15664,182629
206769,15801,182629
206770,15938,182629
206771,16075,182629
206772,16212,182629
206773,16349,182629
206774,16486,182629
206775,16623,182629
206776,16760,182629
206777,16897,182629
206778,17034,182629
206779,17171,182629
206780,17308,182629
206781,17445,182629
206782,17582,182629
206783,17719,182629
206784,17856,182629
206785,17993,182629
206786,18130,182629
206787,18267,182629
206788,18404,182629
206789,36330,182644
206790,24978,182658
206791,25077,182658
206792,25176,182658
206793,25275,182658
206794,25374,182658
206795,25473,182658
206796,25572,182658
206797,20131,182665
206798,20178,182665
206799,37785,182679
206800,37808,182679
206801,37831,182679
206802,37854,182679
206803,37923,182679
206804,38036,182679
206805,38149,182679
206806,38262,182679
206807,26661,182665
206808,26760,182665
206809,26859,182665
206810,26958,182665
206811,38061,182643
206812,38084,182643
206813,38107,182643
206814,38130,182643
206815,38153,182643
206816,38176,182643
206817,38199,182643
206818,38222,182643
206819,38245,182643
206820,38268,182643
206821,38291,182643
206822,38314,182643
206823,38337,182643
206824,38360,182643
206825,38383,182643
206826,38406,182643
206827,38429,182643
206828,38452,182643
206829,38475,182643
206830,38584,182643
206831,41087,182631
206832,41200,182631
206833,41313,182631
206834,41426,182631
206835,41539,182631
206836,41652,182631
206837,41765,182631
206838,41878,182631
206839,41991,182631
206840,42104,182631
206841,42217,182631
206842,42330,182631
206843,42443,182631
206844,42556,182631
206845,42669,182631
206846,42782,182631
206847,38889,182643
206848,38912,182643
206849,41092,182631
206850,43234,182631
206851,43347,182631
206852,43460,182631
206853,43573,182631
206854,43686,182631
206855,43799,182631
206856,43912,182631
206857,44025,182631
206858,44138,182631
206859,44251,182631
206860,44364,182631
206861,44477,182631
206862,41026,182631
206863,41177,182631
206864,41328,182631
206865,41479,182631
206866,41630,182631
206867,41781,182631
206868,41932,182631
206869,42083,182631
206870,42234,182631
206871,42385,182631
206872,34688,182619
206873,34768,182619
206874,39510,182626
206875,39533,182626
206876,39556,182626
206877,39579,182626
206878,39602,182626
206879,39625,182626
206880,39648,182626
206881,39671,182626
206882,39694,182626
206883,39717,182626
206884,39740,182626
206885,39763,182626
206886,39786,182626
206887,39809,182626
206888,39832,182626
206889,39855,182626
206890,38628,182655
206891,38670,182655
206892,38712,182655
206893,38754,182655
206894,38796,182655
206895,38838,182655
206896,38880,182655
206897,38922,182655
206898,38964,182655
206899,39006,182655
206900,39048,182655
206901,40131,182662
206902,40154,182662
206903,40177,182662
206904,40200,182662
206905,40223,182662
206906,40246,182662
206907,40269,182662
206908,40292,182662
206909,41204,182667
206910,41208,182667
206911,41212,182667
206912,41216,182667
206913,41220,182667
206914,41224,182667
206915,41228,182667
206916,41232,182667
206917,41236,182667
206918,41240,182667
206919,41244,182667
206920,41248,182667
206921,41252,182667
206922,41256,182667
206923,41260,182667
206924,41264,182667
206925,41268,182667
206926,41272,182667
206927,41276,182667
206928,41280,182667
206929,41284,182667
206930,41288,182667
206931,41292,182667
206932,41296,182667
206933,41300,182667
206934,41304,182667
206935,41308,182667
206936,41312,182667
206937,41316,182667
206938,41320,182667
206939,41324,182667
206940,41328,182667
206941,41332,182667
206942,41336,182667
206943,41340,182667
206944,41344,182667
206945,41348,182667
206946,41352,182667
206947,41356,182667
206948,41360,182667
206949,41364,182667
206950,41368,182667
206951,41372,182667
206952,41376,182667
206953,41380,182667
206954,41384,182667
206955,41388,182667
206956,41424,182667
206957,41580,182667
206958,41736,182667
206959,41892,182667
206960,42048,182667
206961,42204,182667
206962,42360,182667
206963,42516,182667
206964,42672,182667
206965,42828,182667
206966,42984,182667
206967,43140,182667
206968,43296,182667
206969,43452,182667
206970,43608,182667
206971,43764,182667
206972,43920,182667
206973,44076,182667
206974,44232,182667
206975,44388,182667
206976,44544,182667
206977,44700,182667
206978,44856,182667
206979,45012,182667
206980,45168,182667
206981,45324,182667
206982,45480,182667
206983,45636,182667
206984,45792,182667
206985,45948,182667
206986,46104,182667
206987,46260,182667
206988,46416,182667
206989,46572,182667
206990,46728,182667
206991,46884,182667
206992,47040,182667
206993,47196,182667
206994,47352,182667
206995,47508,182667
206996,47664,182667
206997,47820,182667
206998,47976,182667
206999,48132,182667
207000,48288,182667
207001,48444,182667
207002,48600,182667
207003,62317,182667
207004,61552,182667
207005,61684,182667
207006,61816,182667
207007,61948,182667
207008,62080,182667
207009,62212,182667
207010,62344,182667
207011,62476,182667
207012,62608,182667
207013,62740,182667
207014,62872,182667
207015,63004,182667
207016,63136,182667
207017,63268,182667
207018,63400,182667
207019,63532,182667
207020,63664,182667
207021,63796,182667
207022,61412,182631
207023,61506,182631
207024,61600,182631
207025,61694,182631
207026,61788,182631
207027,61882,182631
207028,61976,182631
207029,62070,182631
207030,62164,182631
207031,62258,182631
207032,62352,182631
207033,62446,182631
207034,62540,182631
207035,62634,182631
207036,62728,182631
207037,62822,182631
207038,62916,182631
207039,63010,182631
207040,63104,182631
207041,63198,182631
207042,63292,182631
207043,63386,182631
207044,63480,182631
207045,63574,182631
207046,63668,182631
207047,63762,182631
207048,75439,182634
207049,71968,182635
207050,72000,182635
207051,72032,182635
207052,72064,182635
207053,72096,182635
207054,72128,182635
207055,72160,182635
207056,72192,182635
207057,72224,182635
207058,72256,182635
207059,72288,182635
207060,72320,182635
207061,72352,182635
207062,72384,182635
207063,72416,182635
207064,72448,182635
207065,72480,182635
207066,72512,182635
207067,72544,182635
207068,72576,182635
207069,72608,182635
207070,72640,182635
207071,72672,182635
207072,72736,182635
207073,72887,182635
207074,73038,182635
207075,73189,182635
207076,73340,182635
207077,73491,182635
207078,73642,182635
207079,75269,182635
207080,75320,182635
207081,75371,182635
207082,75422,182635
207083,75473,182635
207084,75524,182635
207085,88726,182637
207086,88772,182637
207087,88818,182637
207088,88864,182637
207089,88910,182637
207090,88956,182637
207091,89002,182637
207092,89048,182637
207093,89094,182637
207094,89164,182637
207095,89310,182637
207096,89456,182637
207097,89602,182637
207098,89748,182637
207099,89894,182637
207100,90040,182637
207101,90186,182637
207102,90332,182637
207103,90478,182637
207104,90624,182637
207105,90770,182637
207106,66454,182631
207107,66529,182631
207108,66604,182631
207109,66679,182631
207110,66754,182631
207111,92871,182637
207112,92936,182637
207113,93001,182637
207114,93066,182637
207115,93131,182637
207116,93196,182637
207117,93261,182637
207118,93326,182637
207119,93391,182637
207120,77360,182621
207121,77411,182621
207122,77462,182621
207123,77513,182621
207124,77564,182621
207125,77615,182621
207126,77666,182621
207127,77788,182621
207128,77920,182621
207129,78052,182621
207130,71564,182638
207131,71658,182638
207132,71752,182638
207133,71846,182638
207134,71940,182638
207135,72034,182638
207136,72128,182638
207137,72222,182638
207138,72316,182638
207139,72410,182638
207140,72504,182638
207141,72598,182638
207142,72692,182638
207143,72786,182638
207144,72880,182638
207145,72974,182638
207146,73068,182638
207147,73162,182638
207148,73256,182638
207149,73350,182638
207150,82576,182653
207151,82650,182657
207152,82720,182657
207153,82790,182657
207154,82860,182657
207155,82930,182657
207156,83000,182657
207157,83070,182657
207158,83140,182657
207159,92130,182673
207160,92176,182673
207161,92222,182673
207162,92268,182673
207163,92314,182673
207164,92360,182673
207165,92406,182673
207166,92452,182673
207167,92498,182673
207168,92544,182673
207169,92590,182673
207170,92636,182673
207171,92682,182673
207172,92728,182673
207173,92774,182673
207174,92820,182673
207175,92866,182673
207176,92912,182673
207177,92958,182673
207178,93004,182673
207179,93092,182673
207180,93200,182673
207181,93308,182673
207182,93416,182673
207183,93524,182673
207184,93632,182673
207185,93740,182673
207186,93848,182673
207187,93956,182673
207188,94064,182673
207189,94172,182673
207190,94280,182673
207191,94388,182673
207192,94496,182673
207193,94604,182673
207194,94712,182673
207195,94820,182673
207196,94928,182673
207197,95036,182673
207198,95144,182673
207199,95252,182673
207200,95360,182673
207201,95468,182673
207202,95576,182673
207203,95660,182649
207204,95792,182645
207205,95900,182645
207206,96008,182645
207207,96116,182645
207208,96224,182645
207209,96332,182645
207210,96440,182645
207211,96548,182645
207212,96656,182645
207213,96764,182645
207214,96872,182645
207215,96980,182645
207216,97088,182645
207217,97196,182645
207218,97304,182645
207219,94933,182637
207220,95084,182637
207221,95235,182637
207222,95386,182637
207223,95537,182637
207224,95688,182637
207225,95839,182637
207226,95990,182637
207227,96141,182637
207228,96292,182637
207229,97399,182613
207230,97402,182613
207231,97405,182613
207232,97408,182613
207233,97411,182613
207234,97414,182613
207235,97417,182613
207236,97500,182613
207237,97651,182613
207238,97802,182613
207239,97953,182613
207240,98104,182613
207241,98255,182613
207242,98406,182613
207243,98557,182613
207244,96040,182637
207245,96086,182637
207246,96132,182637
207247,96178,182637
207248,96224,182637
207249,96270,182637
207250,96316,182637
207251,96362,182637
207252,96408,182637
207253,96454,182637
207254,96500,182637
207255,96546,182637
207256,96592,182637
207257,96638,182637
207258,96684,182637
207259,96730,182637
207260,96776,182637
207261,96822,182637
207262,96868,182637
207263,96914,182637
207264,96960,182637
207265,97006,182637
207266,97052,182637
207267,97098,182637
207268,97144,182637
207269,96861,182637
207270,103206,182649
207271,103271,182649
207272,103336,182649
207273,103401,182649
207274,97420,182673
207275,97537,182677
207276,97540,182677
207277,97588,182677
207278,109906,182669
207279,103993,182668
207280,97984,182649
207281,98116,182649
207282,98248,182649
207283,98380,182649
207284,98512,182649
207285,98644,182649
207286,98776,182649
207287,98904,182645
207288,93216,182637
207289,111303,182633
207290,111430,182633
207291,111557,182633
207292,111684,182633
207293,111811,182633
207294,111938,182633
207295,112065,182633
207296,112192,182633
207297,112319,182633
207298,112446,182633
207299,112573,182633
207300,112700,182633
207301,112827,182633
207302,112954,182633
207303,113081,182633
207304,27640,182624
207305,27759,182624
207306,27878,182624
207307,27997,182624
207308,28116,182624
207309,28235,182624
207310,28354,182624
207311,28473,182624
207312,28592,182624
207313,111225,182633
207314,111266,182633
207315,111307,182633
207316,111348,182633
207317,111389,182633
207318,111430,182633
207319,111471,182633
207320,111512,182633
207321,116585,182640
207322,116602,182640
207323,116619,182640
207324,116636,182640
207325,116653,182640
207326,116670,182640
207327,116687,182640
207328,116704,182640
207329,116721,182640
207330,116738,182640
207331,116755,182640
207332,116772,182640
207333,116891,182640
207334,117018,182640
207335,117145,182640
207336,117272,182640
207337,117399,182640
207338,117526,182640
207339,117653,182640
207340,117780,182640
207341,117907,182640
207342,118034,182640
207343,118161,182640
207344,118288,182640
207345,118415,182640
207346,118542,182640
207347,118669,182640
207348,118796,182640
207349,118918,182635
207350,108406,182632
207351,108471,182632
207352,108536,182632
207353,108601,182632
207354,108666,182632
207355,108731,182632
207356,108796,182632
207357,120652,182640
207358,120712,182640
207359,120772,182640
207360,120832,182640
207361,120892,182640
207362,120952,182640
207363,121012,182640
207364,117316,182640
207365,117333,182640
207366,117350,182640
207367,117367,182640
207368,117432,182640
207369,117583,182640
207370,117734,182640
207371,117885,182640
207372,118036,182640
207373,118187,182640
207374,118338,182640
207375,118489,182640
207376,118640,182640
207377,118791,182640
207378,118942,182640
207379,119093,182640
207380,119244,182640
207381,119395,182640
207382,28824,182624
207383,28924,182624
207384,29024,182624
207385,29124,182624
207386,29224,182624
207387,29324,182624
207388,29424,182624
207389,29524,182624
207390,29624,182624
207391,29724,182624
207392,29824,182624
207393,29924,182624
207394,30024,182624
207395,30124,182624
207396,30224,182624
207397,30324,182624
207398,30424,182624
207399,30524,182624
207400,30624,182624
207401,137975,182641
207402,138006,182641
207403,138037,182641
207404,138068,182641
207405,138099,182641
207406,138130,182641
207407,138161,182641
207408,138192,182641
207409,138223,182641
207410,138254,182641
207411,138318,182641
207412,138440,182641
207413,138562,182641
207414,138684,182641
207415,138806,182641
207416,138928,182641
207417,139050,182641
207418,139172,182641
207419,139294,182641
207420,139416,182641
207421,139538,182641
207422,139660,182641
207423,130905,182635
207424,131008,182635
207425,131111,182635
207426,131214,182635
207427,129828,182635
207428,129840,182635
207429,129852,182635
207430,129864,182635
207431,129876,182635
207432,129888,182635
207433,129900,182635
207434,129912,182635
207435,129924,182635
207436,129972,182635
207437,130099,182635
207438,130226,182635
207439,130353,182635
207440,130480,182635
207441,130607,182635
207442,130734,182635
207443,130861,182635
207444,130988,182635
207445,131115,182635
207446,129210,182622
207447,141409,182613
207448,141416,182613
207449,141423,182613
207450,141430,182613
207451,141437,182613
207452,141444,182613
207453,141578,182613
207454,141724,182613
207455,141870,182613
207456,39808,182626
207457,39860,182626
207458,39912,182626
207459,39964,182626
207460,40016,182626
207461,40068,182626
207462,40120,182626
207463,40172,182626
207464,40224,182626
207465,94955,182645
207466,95006,182645
207467,95057,182645
207468,95108,182645
207469,95159,182645
207470,95210,182645
207471,95261,182645
207472,95312,182645
207473,128996,182658
207474,129032,182658
207475,129068,182658
207476,129104,182658
207477,129140,182658
207478,140362,182677
207479,140393,182677
207480,140424,182677
207481,140455,182677
207482,140486,182677
207483,140517,182677
207484,140548,182677
207485,140579,182677
207486,140610,182677
207487,141689,182685
207488,141696,182685
207489,141703,182685
207490,141710,182685
207491,141717,182685
207492,141724,182685
207493,141731,182685
207494,141738,182685
207495,141745,182685
207496,141752,182685
207497,141759,182685
207498,141766,182685
207499,141773,182685
207500,141780,182685
207501,141787,182685
207502,141794,182685
207503,141801,182685
207504,141808,182685
207505,141815,182685
207506,141822,182685
207507,141829,182685
207508,141836,182685
207509,141843,182685
207510,141850,182685
207511,141857,182685
207512,141864,182685
207513,141871,182685
207514,141878,182685
207515,141885,182685
207516,141892,182685
207517,141899,182685
207518,141906,182685
207519,141913,182685
207520,141920,182685
207521,141927,182685
207522,141934,182685
207523,141941,182685
207524,141948,182685
207525,141955,182685
207526,141962,182685
207527,141969,182685
207528,141976,182685
207529,141983,182685
207530,141990,182685
207531,142045,182685
207532,142196,182685
207533,142347,182685
207534,142498,182685
207535,142649,182685
207536,142800,182685
207537,142951,182685
207538,143102,182685
207539,143253,182685
207540,143404,182685
207541,143555,182685
207542,143706,182685
207543,143857,182685
207544,144008,182685
207545,144159,182685
207546,144310,182685
207547,144461,182685
207548,144612,182685
207549,144763,182685
207550,144914,182685
207551,145065,182685
207552,145216,182685
207553,145367,182685
207554,145518,182685
207555,145669,182685
207556,145820,182685
207557,145971,182685
207558,146122,182685
207559,146273,182685
207560,146424,182685
207561,146575,182685
207562,146726,182685
207563,146877,182685
207564,147028,182685
207565,147179,182685
207566,147330,182685
207567,147481,182685
207568,147632,182685
207569,147783,182685
207570,147934,182685
207571,148085,182685
207572,148236,182685
207573,148387,182685
207574,148538,182677
207575,148689,182677
207576,148840,182677
207577,148991,182677
207578,149142,182677
207579,149293,182677
207580,149444,182677
207581,149595,182677
207582,149746,182677
207583,160558,182660
207584,160704,182660
207585,160850,182660
207586,160996,182660
207587,161142,182660
207588,161288,182660
207589,106879,182645
207590,107026,182645
207591,107173,182645
207592,107320,182645
207593,107467,182645
207594,107614,182645
207595,107761,182645
207596,74552,182624
207597,74690,182624
207598,74828,182624
207599,74966,182624
207600,75104,182624
207601,75242,182624
207602,75380,182624
207603,75518,182624
207604,75656,182624
207605,163764,182618
207606,144330,182613
207607,144361,182613
207608,144392,182613
207609,144423,182613
207610,144454,182613
207611,144485,182613
207612,144516,182613
207613,144547,182613
207614,144578,182613
207615,144609,182613
207616,144640,182613
207617,144671,182613
207618,159380,182639
207619,157334,182639
207620,157384,182639
207621,157434,182639
207622,157484,182639
207623,157534,182639
207624,157584,182639
207625,157634,182639
207626,157684,182639
207627,157734,182639
207628,157784,182639
207629,157834,182639
207630,157884,182639
207631,157934,182639
207632,157984,182639
207633,158034,182639
207634,158084,182639
207635,158134,182639
207636,158184,182639
207637,158234,182639
207638,158284,182639
207639,158353,182639
207640,158504,182639
207641,158655,182639
207642,158806,182639
207643,158957,182639
207644,171660,182646
207645,171729,182646
207646,171798,182646
207647,171867,182646
207648,171936,182646
207649,172005,182646
207650,172074,182646
207651,172143,182646
207652,172212,182646
207653,172281,182646
207654,172350,182646
207655,172419,182646
207656,172488,182646
207657,172557,182646
207658,172626,182646
207659,172695,182646
207660,152211,182640
207661,84409,182624
207662,84470,182624
207663,84531,182624
207664,84592,182624
207665,84653,182624
207666,84714,182624
207667,84775,182624
207668,84836,182624
207669,84897,182624
207670,84958,182624
207671,85019,182624
207672,85080,182624
207673,85178,182624
207674,85316,182624
207675,85454,182624
207676,85592,182624
207677,85730,182624
207678,85868,182624
207679,86006,182624
207680,86144,182624
207681,86282,182624
207682,86420,182624
207683,86558,182624
207684,86696,182624
207685,86834,182624
207686,86972,182624
207687,87110,182624
207688,87248,182624
207689,172230,182642
207690,168532,182646
207691,168630,182646
207692,168728,182646
207693,168826,182646
207694,168924,182646
207695,169022,182646
207696,169120,182646
207697,169218,182646
207698,169316,182646
207699,169414,182646
207700,169512,182646
207701,169610,182646
207702,169708,182646
207703,169806,182646
207704,169902,182644
207705,181736,182636
207706,181776,182636
207707,181816,182636
207708,181856,182636
207709,181896,182636
207710,181936,182636
207711,181976,182636
207712,182016,182636
207713,182056,182636
207714,182096,182636
207715,182136,182636
207716,182176,182636
207717,182216,182636
207718,182256,182636
207719,182296,182636
207720,182336,182636
207721,172405,182646
207722,172450,182646
207723,172495,182646
207724,172540,182646
207725,172585,182646
207726,172630,182646
207727,172675,182646
207728,172720,182646
207729,172765,182646
207730,172810,182646
207731,172855,182646
207732,172900,182646
207733,172945,182646
207734,172990,182646
207735,173035,182646
207736,173080,182646
207737,173151,182646
207738,173302,182646
207739,173453,182646
207740,173604,182646
207741,173755,182646
207742,173906,182646
207743,174057,182646
207744,174208,182646
207745,174359,182646
207746,174510,182646
207747,179310,182641
207748,179432,182641
207749,179554,182641
207750,179676,182641
207751,179798,182641
207752,179920,182641
207753,180042,182641
207754,86550,182624
207755,86693,182624
207756,86836,182624
207757,86979,182624
207758,87122,182624
207759,87265,182624
207760,87408,182624
207761,87551,182624
207762,87694,182624
207763,87837,182624
207764,87980,182624
207765,88123,182624
207766,88266,182624
207767,88409,182624
207768,88552,182624
207769,184296,182636
207770,178592,182641
207771,178608,182641
207772,178624,182641
207773,178640,182641
207774,178738,182641
207775,178889,182641
207776,179040,182641
207777,179191,182641
207778,179342,182641
207779,179493,182641
207780,179644,182641
207781,179795,182641
207782,179946,182641
207783,180097,182641
207784,180248,182641
207785,180399,182641
207786,180550,182641
207787,180701,182641
207788,180852,182641
207789,181003,182641
207790,181154,182641
207791,181305,182641
207792,181456,182641
207793,181607,182641
207794,185296,182636
207795,185336,182636
207796,185376,182636
207797,185416,182636
207798,185532,182636
207799,185654,182636
207800,185776,182636
207801,185898,182636
207802,186020,182636
207803,186142,182636
207804,186264,182636
207805,186386,182636
207806,186508,182636
207807,195357,182643
207808,188732,182644
207809,188747,182648
207810,188758,182648
207811,188769,182648
207812,188780,182648
207813,188791,182648
207814,188802,182648
207815,188813,182648
207816,188824,182648
207817,188835,182648
207818,188846,182648
207819,188857,182648
207820,188868,182648
207821,188879,182648
207822,188890,182648
207823,188901,182648
207824,188912,182648
207825,188923,182648
207826,188948,182648
207827,189070,182648
207828,189192,182648
207829,189314,182648
207830,189436,182619
207831,189558,182619
207832,189680,182619
207833,189802,182619
207834,189924,182619
207835,190046,182619
207836,190168,182619
207837,190290,182619
207838,190412,182619
207839,190534,182619
207840,190656,182619
207841,190778,182619
207842,190900,182619
207843,191022,182619
207844,191144,182619
207845,191266,182619
207846,191388,182619
207847,191510,182619
207848,191632,182619
207849,191754,182619
207850,191876,182619
207851,191998,182619
207852,192120,182619
207853,196967,182643
207854,197002,182643
207855,197037,182643
207856,197072,182643
207857,197107,182643
207858,197142,182643
207859,197177,182643
207860,197212,182643
207861,197247,182643
207862,197282,182643
207863,197317,182643
207864,197352,182643
207865,197387,182643
207866,197422,182643
207867,197457,182643
207868,197492,182643
207869,151372,182645
207870,106384,182645
207871,198650,182650
207872,198656,182650
207873,198662,182650
207874,198668,182650
207875,198674,182650
207876,198680,182650
207877,198686,182650
207878,198692,182650
207879,198698,182650
207880,198704,182650
207881,198710,182650
207882,198716,182650
207883,198722,182650
207884,198052,182679
207885,198087,182679
207886,198122,182679
207887,198157,182679
207888,198192,182679
207889,198227,182679
207890,198262,182679
207891,198770,182686
207892,198776,182686
207893,198782,182686
207894,216614,182688
207895,216639,182688
207896,216664,182688
207897,216689,182688
207898,216714,182688
207899,216739,182688
207900,216764,182688
207901,216789,182688
207902,216814,182688
207903,216839,182688
207904,216864,182688
207905,216889,182688
207906,216914,182688
207907,216939,182688
207908,217044,182688
207909,217185,182688
207910,217326,182688
207911,217467,182688
207912,217608,182688
207913,217749,182688
207914,217890,182688
207915,218031,182688
207916,218172,182688
207917,218313,182688
207918,218454,182688
207919,218595,182688
207920,218736,182688
207921,218877,182688
207922,219018,182688
207923,219159,182688
207924,219300,182688
207925,210490,182664
207926,210636,182664
207927,210782,182664
207928,210928,182664
207929,211074,182664
207930,211220,182664
207931,211366,182664
207932,211512,182664
207933,220569,182652
207934,220710,182652
207935,220851,182652
207936,220992,182652
207937,221133,182652
207938,221274,182652
207939,221415,182652
207940,221556,182652
207941,221697,182652
207942,221838,182652
207943,221979,182652
207944,222120,182652
207945,222261,182652
207946,222402,182652
207947,222543,182652
207948,222684,182652
207949,222825,182652
207950,222966,182652
207951,211752,182628
207952,211840,182628
207953,211928,182628
207954,212016,182628
207955,212104,182628
207956,212192,182628
207957,212280,182628
207958,212368,182628
207959,212456,182628
207960,212544,182628
207961,212632,182628
207962,212720,182628
207963,212808,182628
207964,212896,182628
207965,212984,182628
207966,213072,182628
207967,213160,182628
207968,213248,182628
207969,213336,182628
207970,213424,182628
207971,213512,182628
207972,213600,182628
207973,213688,182628
207974,213776,182628
207975,213864,182628
207976,213952,182628
207977,214040,182628
207978,214128,182628
207979,214216,182626
207980,214304,182626
207981,214392,182626
207982,214480,182626
207983,214568,182626
207984,214656,182626
207985,214744,182626
207986,214832,182626
207987,214920,182626
207988,215008,182626
207989,229986,182635
207990,230038,182638
207991,230087,182638
207992,230136,182638
207993,230185,182638
207994,230234,182638
207995,230283,182638
207996,230332,182638
207997,230381,182638
207998,221844,182652
207999,221898,182652
208000,221952,182652
208001,219289,182652
208002,219314,182652
208003,219339,182652
208004,219364,182652
208005,219389,182652
208006,219454,182652
208007,219571,182652
208008,219688,182652
208009,219805,182652
208010,219922,182652
208011,220039,182652
208012,220156,182652
208013,220273,182652
208014,220390,182652
208015,220496,182641
208016,234464,182638
208017,234542,182638
208018,234620,182638
208019,234698,182638
208020,234776,182638
208021,234854,182638
208022,234932,182638
208023,235010,182638
208024,235088,182638
208025,235166,182638
208026,235244,182638
208027,235322,182638
208028,235400,182638
208029,223518,182652
208030,223572,182652
208031,223626,182652
208032,223680,182652
208033,223734,182652
208034,223788,182652
208035,223842,182652
208036,223896,182652
208037,223950,182652
208038,224004,182652
208039,224058,182652
208040,224112,182652
208041,224166,182652
208042,224220,182652
208043,224274,182652
208044,224328,182652
208045,224382,182652
208046,224436,182652
208047,224490,182652
208048,224544,182652
208049,224596,182650
208050,224638,182638
208051,220560,182647
208052,229032,182638
208053,229178,182638
208054,229324,182638
208055,229470,182638
208056,229616,182638
208057,229756,182632
208058,242110,182621
208059,242217,182621
208060,242324,182621
208061,242431,182621
208062,242538,182621
208063,242645,182621
208064,242752,182621
208065,242859,182621
208066,242966,182621
208067,243073,182621
208068,243180,182621
208069,243287,182621
208070,243394,182621
208071,243501,182621
208072,243608,182621
208073,240309,182618
208074,152094,182609
208075,152193,182609
208076,152292,182609
208077,152391,182609
208078,152490,182609
208079,245782,182616
208080,231271,182629
208081,231363,182638
208082,231446,182638
208083,231529,182638
208084,231612,182638
208085,231695,182638
208086,231778,182638
208087,231861,182638
208088,231944,182638
208089,232027,182638
208090,232110,182638
208091,232193,182638
208092,232276,182638
208093,232359,182638
208094,232442,182638
208095,232525,182638
208096,232608,182638
208097,232691,182638
208098,232774,182638
208099,249019,182652
208100,249092,182652
208101,249165,182652
208102,249238,182652
208103,249311,182652
208104,249384,182652
208105,249457,182652
208106,249530,182652
208107,249603,182652
208108,249676,182652
208109,249749,182652
208110,249822,182652
208111,235952,182659
208112,236016,182674
208113,236065,182674
208114,236114,182674
208115,236163,182674
208116,236212,182674
208117,236261,182674
208118,236310,182674
208119,236359,182674
208120,252360,182688
208121,252399,182688
208122,252438,182688
208123,252477,182688
208124,252516,182688
208125,252555,182688
208126,252594,182688
208127,238321,182690
208128,238336,182690
208129,238351,182690
208130,238366,182690
208131,238381,182690
208132,254228,182694
208133,254233,182694
208134,254238,182694
208135,254243,182694
208136,254248,182694
208137,254253,182694
208138,254258,182694
208139,254263,182694
208140,254268,182694
208141,254273,182694
208142,254278,182694
208143,254283,182694
208144,254288,182694
208145,254293,182694
208146,254298,182694
208147,254303,182694
208148,254308,182694
208149,254313,182694
208150,254318,182694
208151,254323,182694
208152,254328,182694
208153,254333,182694
208154,254338,182694
208155,254343,182694
208156,254348,182694
208157,254353,182694
208158,254358,182694
208159,254363,182694
208160,254368,182694
208161,254373,182694
208162,254378,182694
208163,254383,182694
208164,254388,182694
208165,254393,182694
208166,254398,182694
208167,254403,182694
208168,254408,182694
208169,254413,182694
208170,254418,182694
208171,254423,182694
208172,254428,182694
208173,254433,182694
208174,254550,182694
208175,254691,182694
208176,254832,182694
208177,254973,182694
208178,255114,182694
208179,255255,182694
208180,255396,182694
208181,255537,182694
208182,255678,182694
208183,255819,182694
208184,255960,182694
208185,256101,182694
208186,256242,182694
208187,256383,182694
208188,256524,182694
208189,256665,182694
208190,256806,182694
208191,256947,182694
208192,257088,182694
208193,257229,182694
208194,257370,182694
208195,257511,182694
208196,257652,182694
208197,257793,182694
208198,257934,182694
208199,258075,182694
208200,258216,182694
208201,258357,182694
208202,258498,182694
208203,258639,182694
208204,258780,182694
208205,258921,182694
208206,259062,182694
208207,259203,182694
208208,259344,182694
208209,259485,182694
208210,259626,182694
208211,259767,182694
208212,259908,182694
208213,260049,182694
208214,260190,182694
208215,260331,182694
208216,260472,182694
208217,260613,182694
208218,260754,182694
208219,260895,182688
208220,261036,182688
208221,261177,182688
208222,261318,182688
208223,261459,182688
208224,261600,182688
208225,261741,182688
208226,215410,182667
208227,215547,182667
208228,215684,182667
208229,215821,182667
208230,215958,182667
208231,216095,182667
208232,216232,182667
208233,216369,182667
208234,216506,182667
208235,261049,182652
208236,261156,182652
208237,261263,182652
208238,261370,182652
208239,261477,182652
208240,2264,182657
208241,2306,182665
208242,2340,182665
208243,2374,182665
208244,2408,182665
208245,2442,182665
208246,2558,182665
208247,215777,182631
208248,215880,182631
208249,215983,182631
208250,216086,182631
208251,216189,182631
208252,216292,182631
208253,216395,182631
208254,216498,182631
208255,216601,182631
208256,216704,182631
208257,216807,182631
208258,216910,182631
208259,217013,182631
208260,217116,182631
208261,217219,182631
208262,217322,182631
208263,217425,182631
208264,217528,182631
208265,3122,182629
208266,3156,182629
208267,3190,182629
208268,3224,182629
208269,3258,182629
208270,3292,182629
208271,3326,182629
208272,3360,182629
208273,3394,182629
208274,3428,182629
208275,3462,182629
208276,3496,182629
208277,3530,182629
208278,3564,182629
208279,3613,182629
208280,3720,182629
208281,3827,182629
208282,3934,182629
208283,4041,182629
208284,4148,182629
208285,4255,182629
208286,4362,182629
208287,4469,182629
208288,4576,182629
208289,4683,182629
208290,4790,182629
208291,4897,182629
208292,5004,182629
208293,5111,182629
208294,5218,182629
208295,5325,182629
208296,9608,182629
208297,11301,182623
208298,11330,182623
208299,11359,182623
208300,11388,182623
208301,11417,182623
208302,11446,182623
208303,11475,182623
208304,11504,182623
208305,11533,182623
208306,11562,182623
208307,11591,182623
208308,11620,182623
208309,11649,182623
208310,11678,182623
208311,11723,182623
208312,11864,182623
208313,12005,182623
208314,12146,182623
208315,12287,182623
208316,12428,182623
208317,12569,182623
208318,12710,182623
208319,12851,182623
208320,12992,182623
208321,13133,182623
208322,13274,182623
208323,17149,182646
208324,17212,182646
208325,17275,182646
208326,17338,182646
208327,17401,182646
208328,17464,182646
208329,17527,182646
208330,17590,182646
208331,17653,182646
208332,17716,182646
208333,17779,182646
208334,17842,182646
208335,17905,182646
208336,17968,182646
208337,18031,182646
208338,18094,182646
208339,18157,182646
208340,18220,182646
208341,18283,182646
208342,18346,182646
208343,18409,182646
208344,18472,182646
208345,18535,182646
208346,18598,182646
208347,18661,182646
208348,18724,182646
208349,18787,182646
208350,18850,182646
208351,18913,182646
208352,18976,182646
208353,19039,182646
208354,19102,182646
208355,19165,182646
208356,19808,182641
208357,19832,182641
208358,19856,182641
208359,19880,182641
208360,19904,182641
208361,19928,182641
208362,19952,182641
208363,19976,182641
208364,20000,182641
208365,20024,182641
208366,20048,182641
208367,20072,182641
208368,20096,182641
208369,20120,182641
208370,20144,182641
208371,20183,182641
208372,20324,182641
208373,20465,182641
208374,20606,182641
208375,20747,182641
208376,20888,182641
208377,21029,182641
208378,21170,182641
208379,21311,182641
208380,21452,182641
208381,21593,182641
208382,21734,182641
208383,21875,182641
208384,22016,182641
208385,22157,182641
208386,22298,182641
208387,22439,182641
208388,22580,182641
208389,22721,182641
208390,22862,182641
208391,23003,182641
208392,23144,182641
208393,23285,182641
208394,23426,182641
208395,23567,182641
208396,23708,182641
208397,23849,182641
208398,23990,182641
208399,24131,182641
208400,24272,182641
208401,24412,182640
208402,29906,182622
208403,30003,182622
208404,30100,182622
208405,30197,182622
208406,30294,182622
208407,27573,182625
208408,27592,182625
208409,27611,182625
208410,27630,182625
208411,27649,182625
208412,27668,182625
208413,27687,182625
208414,27706,182625
208415,27725,182625
208416,27744,182625
208417,27763,182625
208418,27782,182625
208419,27801,182625
208420,27820,182625
208421,27839,182625
208422,27858,182625
208423,27877,182625
208424,27896,182625
208425,27915,182625
208426,27938,182625
208427,28079,182625
208428,28220,182625
208429,28361,182625
208430,28502,182625
208431,28643,182625
208432,28784,182625
208433,28925,182625
208434,29066,182625
208435,29207,182625
208436,29348,182625
208437,29489,182625
208438,29630,182625
208439,29771,182625
208440,29912,182622
208441,30053,182622
208442,30194,182622
208443,30335,182622
208444,30476,182622
208445,30617,182622
208446,30758,182622
208447,30899,182622
208448,31040,182622
208449,31181,182622
208450,31322,182622
208451,31534,182622
208452,37920,182653
208453,38056,182653
208454,38192,182653
208455,38328,182653
208456,38464,182653
208457,38600,182653
208458,38736,182653
208459,38872,182653
208460,39008,182653
208461,39144,182653
208462,39280,182653
208463,39416,182653
208464,39552,182653
208465,39688,182653
208466,39824,182653
208467,42452,182627
208468,42544,182627
208469,42636,182627
208470,42728,182627
208471,42820,182627
208472,42912,182627
208473,22610,182629
208474,22639,182634
208475,22664,182635
208476,35079,182636
208477,41320,182627
208478,41456,182627
208479,41592,182627
208480,41728,182627
208481,41864,182627
208482,42000,182627
208483,42136,182627
208484,42272,182627
208485,42408,182627
208486,42544,182627
208487,42680,182627
208488,42816,182627
208489,42952,182627
208490,43088,182627
208491,43224,182627
208492,43360,182627
208493,43496,182627
208494,43632,182627
208495,43768,182627
208496,43904,182627
208497,44040,182627
208498,44176,182627
208499,44312,182627
208500,44448,182627
208501,44584,182627
208502,44720,182627
208503,44856,182627
208504,44992,182627
208505,45128,182627
208506,45264,182627
208507,45400,182627
208508,45536,182627
208509,45672,182627
208510,40356,182627
208511,40479,182653
208512,40576,182653
208513,40673,182653
208514,40770,182653
208515,40867,182653
208516,34963,182653
208517,47052,182663
208518,47144,182663
208519,41459,182689
208520,47488,182699
208521,35710,182709
208522,35724,182709
208523,35738,182709
208524,35800,182709
208525,35946,182709
208526,42038,182699
208527,36238,182689
208528,54192,182667
208529,48156,182658
208530,48248,182658
208531,48664,182658
208532,36967,182652
208533,54435,182631
208534,54522,182631
208535,54609,182631
208536,54696,182631
208537,54783,182631
208538,54870,182631
208539,54957,182631
208540,55044,182631
208541,55895,182631
208542,56026,182631
208543,56157,182631
208544,44572,182623
208545,48688,182622
208546,48736,182622
208547,48784,182622
208548,48832,182622
208549,48880,182622
208550,48928,182622
208551,48976,182622
208552,49024,182622
208553,49072,182622
208554,49120,182622
208555,49168,182622
208556,49216,182622
208557,49264,182622
208558,49312,182622
208559,49360,182622
208560,49408,182622
208561,49456,182622
208562,49504,182622
208563,42059,182627
208564,42068,182627
208565,42077,182627
208566,42086,182627
208567,42095,182627
208568,42224,182627
208569,42370,182627
208570,42516,182627
208571,61378,182631
208572,61416,182631
208573,61454,182631
208574,61492,182631
208575,61530,182631
208576,61568,182631
208577,61606,182631
208578,61644,182631
208579,61682,182631
208580,61720,182631
208581,56087,182631
208582,56130,182631
208583,56173,182631
208584,56216,182631
208585,56259,182631
208586,56302,182631
208587,56345,182631
208588,56416,182631
208589,56552,182631
208590,56688,182631
208591,56824,182631
208592,56960,182631
208593,57096,182631
208594,57232,182631
208595,57368,182631
208596,57504,182631
208597,57640,182631
208598,57776,182631
208599,57912,182631
208600,58048,182631
208601,58184,182631
208602,58320,182631
208603,47980,182632
208604,47984,182632
208605,47988,182632
208606,47992,182632
208607,47996,182632
208608,48064,182632
208609,48210,182632
208610,48356,182632
208611,48502,182632
208612,48648,182632
208613,59816,182631
208614,59952,182631
208615,60088,182631
208616,60224,182631
208617,60360,182631
208618,60496,182631
208619,63202,182631
208620,63240,182631
208621,63278,182631
208622,63316,182631
208623,63354,182631
208624,63392,182631
208625,63430,182631
208626,63468,182631
208627,63506,182631
208628,62700,182631
208629,69013,182648
208630,69046,182648
208631,69079,182648
208632,69112,182648
208633,69145,182648
208634,69178,182648
208635,69211,182648
208636,63848,182667
208637,63886,182667
208638,63924,182667
208639,63962,182667
208640,64000,182667
208641,64038,182667
208642,64076,182667
208643,64114,182667
208644,64152,182667
208645,64190,182667
208646,64304,182667
208647,64440,182667
208648,64576,182667
208649,64712,182667
208650,64848,182667
208651,64984,182667
208652,65120,182667
208653,65256,182667
208654,65392,182667
208655,70829,182648
208656,70960,182648
208657,71091,182648
208658,71222,182648
208659,71353,182648
208660,71484,182648
208661,71615,182648
208662,71746,182648
208663,71877,182648
208664,72008,182648
208665,72139,182648
208666,72269,182647
208667,67160,182631
208668,67296,182631
208669,67432,182631
208670,67568,182631
208671,67704,182631
208672,67840,182631
208673,67976,182631
208674,68112,182631
208675,233856,182617
208676,233984,182617
208677,234112,182617
208678,234240,182617
208679,234368,182617
208680,234496,182617
208681,234624,182617
208682,234752,182617
208683,234880,182617
208684,235008,182617
208685,235136,182617
208686,70894,182648
208687,70927,182648
208688,70960,182648
208689,70993,182648
208690,71026,182648
208691,71059,182648
208692,71092,182648
208693,71125,182648
208694,71158,182648
208695,71191,182648
208696,71224,182648
208697,71257,182648
208698,81546,182658
208699,81674,182660
208700,81800,182660
208701,81926,182660
208702,82052,182660
208703,82178,182660
208704,82304,182660
208705,82430,182660
208706,82556,182660
208707,82682,182660
208708,82808,182660
208709,82934,182660
208710,83060,182660
208711,83186,182660
208712,83312,182660
208713,83438,182660
208714,83564,182660
208715,83690,182660
208716,83816,182660
208717,83942,182660
208718,84068,182660
208719,84194,182660
208720,75680,182684
208721,75762,182684
208722,75844,182684
208723,75926,182684
208724,76008,182684
208725,76090,182684
208726,76172,182684
208727,86128,182688
208728,86208,182696
208729,86280,182696
208730,86352,182696
208731,86424,182696
208732,77328,182713
208733,77356,182713
208734,87196,182715
208735,87214,182715
208736,87232,182715
208737,87250,182715
208738,87268,182715
208739,87286,182715
208740,87304,182715
208741,87322,182715
208742,87340,182715
208743,87358,182715
208744,87376,182715
208745,87470,182715
208746,87596,182715
208747,87722,182715
208748,87848,182715
208749,87974,182715
208750,88100,182715
208751,88226,182715
208752,88352,182715
208753,88478,182715
208754,88604,182715
208755,88730,182715
208756,88856,182715
208757,88982,182715
208758,89108,182691
208759,89234,182691
208760,89360,182691
208761,89486,182691
208762,89612,182691
208763,88728,182679
208764,88800,182679
208765,88872,182679
208766,88944,182679
208767,89016,182679
208768,89088,182679
208769,89160,182679
208770,89232,182679
208771,89304,182679
208772,79941,182667
208773,89448,182655
208774,89520,182655
208775,89592,182655
208776,89664,182655
208777,89736,182655
208778,89808,182655
208779,89880,182655
208780,89952,182655
208781,90024,182655
208782,90096,182655
208783,90168,182655
208784,90240,182655
208785,90312,182655
208786,90384,182655
208787,90456,182655
208788,90528,182655
208789,90600,182655
208790,90672,182655
208791,90744,182655
208792,90816,182655
208793,90888,182655
208794,90960,182655
208795,91032,182655
208796,91104,182655
208797,91176,182655
208798,91248,182655
208799,91320,182655
208800,91392,182655
208801,91464,182655
208802,91536,182655
208803,91608,182655
208804,91680,182655
208805,91752,182655
208806,91824,182655
208807,91888,182647
208808,93064,182633
208809,93077,182633
208810,93090,182633
208811,93103,182633
208812,88600,182643
208813,88618,182643
208814,88636,182643
208815,88654,182643
208816,88672,182643
208817,88690,182643
208818,88708,182643
208819,88726,182643
208820,88744,182643
208821,88762,182643
208822,88780,182643
208823,88798,182643
208824,88816,182643
208825,88834,182643
208826,88852,182643
208827,88920,182643
208828,89056,182643
208829,89192,182643
208830,89328,182643
208831,89464,182643
208832,89600,182643
208833,89736,182643
208834,89872,182643
208835,90008,182643
208836,90144,182643
208837,89665,182643
208838,89742,182643
208839,89819,182643
208840,89896,182643
208841,89973,182643
208842,90050,182643
208843,90127,182643
208844,90204,182643
208845,90281,182643
208846,90358,182643
208847,90435,182643
208848,90512,182643
208849,90589,182643
208850,90666,182643
208851,90743,182643
208852,90820,182643
208853,90897,182643
208854,90974,182643
208855,91051,182643
208856,91128,182643
208857,91205,182643
208858,91282,182643
208859,91359,182643
208860,93740,182633
208861,93753,182633
208862,93766,182633
208863,93816,182633
208864,93952,182633
208865,94088,182633
208866,94224,182633
208867,94360,182633
208868,94496,182633
208869,94632,182633
208870,94768,182633
208871,94904,182633
208872,95040,182633
208873,95176,182633
208874,96720,182633
208875,93935,182633
208876,93948,182633
208877,93961,182633
208878,93974,182633
208879,93987,182633
208880,89824,182643
208881,89842,182643
208882,89860,182643
208883,89878,182643
208884,89896,182643
208885,89914,182643
208886,89932,182643
208887,89950,182643
208888,89968,182643
208889,89986,182643
208890,90004,182643
208891,90022,182643
208892,90040,182643
208893,90058,182643
208894,90076,182643
208895,90094,182643
208896,90112,182643
208897,90258,182643
208898,90404,182643
208899,90550,182643
208900,90696,182643
208901,90842,182643
208902,90988,182643
208903,91134,182643
208904,91280,182643
208905,91426,182643
208906,91572,182643
208907,91718,182643
208908,91864,182643
208909,92010,182643
208910,92156,182643
208911,92302,182643
208912,92448,182643
208913,92594,182643
208914,96746,182633
208915,96887,182633
208916,97028,182633
208917,97169,182633
208918,97310,182633
208919,97451,182633
208920,101568,182628
208921,101704,182628
208922,96210,182633
208923,94559,182633
208924,94572,182633
208925,94585,182633
208926,94598,182633
208927,94638,182633
208928,94784,182633
208929,94930,182633
208930,95076,182633
208931,95222,182633
208932,95368,182633
208933,97057,182633
208934,97134,182633
208935,97211,182633
208936,97288,182633
208937,97365,182633
208938,97442,182633
208939,97519,182633
208940,97596,182633
208941,97673,182633
208942,97750,182633
208943,98680,182642
208944,98688,182642
208945,98696,182642
208946,98704,182642
208947,98712,182642
208948,98720,182642
208949,98728,182642
208950,98736,182642
208951,98744,182642
208952,98752,182642
208953,98760,182642
208954,98768,182642
208955,98776,182642
208956,98872,182642
208957,99018,182642
208958,99164,182642
208959,99310,182642
208960,99456,182642
208961,95831,182633
208962,95982,182633
208963,96133,182633
208964,96284,182633
208965,96435,182633
208966,96586,182633
208967,96737,182633
208968,96888,182633
208969,97039,182633
208970,97190,182633
208971,97341,182633
208972,97492,182633
208973,97643,182633
208974,97794,182633
208975,97945,182633
208976,98096,182633
208977,98247,182633
208978,118952,182633
208979,119004,182633
208980,119056,182633
208981,119108,182633
208982,119160,182633
208983,27534,182652
208984,27568,182652
208985,27602,182652
208986,27636,182652
208987,27670,182652
208988,27704,182652
208989,27738,182652
208990,27772,182652
208991,27806,182652
208992,27840,182652
208993,27874,182652
208994,27908,182652
208995,27942,182652
208996,27976,182652
208997,28010,182652
208998,28044,182652
208999,28078,182652
209000,28112,182652
209001,28146,182652
209002,28180,182652
209003,28214,182652
209004,28248,182652
209005,28282,182652
209006,28316,182652
209007,28372,182652
209008,28480,182652
209009,28588,182652
209010,28696,182652
209011,28804,182652
209012,28912,182652
209013,29020,182652
209014,29128,182652
209015,29236,182652
209016,29344,182652
209017,29452,182652
209018,29560,182652
209019,29668,182652
209020,29776,182652
209021,29884,182652
209022,29992,182652
209023,30100,182652
209024,30208,182652
209025,30316,182652
209026,30424,182652
209027,30532,182652
209028,30640,182652
209029,30748,182652
209030,30856,182652
209031,30964,182652
209032,31072,182649
209033,31180,182649
209034,31288,182649
209035,31396,182649
209036,31504,182649
209037,31612,182649
209038,31720,182649
209039,31828,182649
209040,31936,182649
209041,32044,182649
209042,32152,182649
209043,32260,182649
209044,32368,182649
209045,32476,182649
209046,33022,182643
209047,33051,182643
209048,33080,182643
209049,33109,182643
209050,33138,182643
209051,33167,182643
209052,33232,182643
209053,33340,182643
209054,33448,182643
209055,33556,182643
209056,33664,182643
209057,33772,182643
209058,33880,182643
209059,33988,182643
209060,34096,182643
209061,34204,182643
209062,34312,182643
209063,34420,182643
209064,34528,182643
209065,34636,182643
209066,34744,182643
209067,34852,182643
209068,34960,182643
209069,35068,182643
209070,35176,182643
209071,35284,182643
209072,35392,182643
209073,35500,182643
209074,35608,182643
209075,35716,182643
209076,35824,182643
209077,35932,182643
209078,36040,182643
209079,36148,182643
209080,36256,182643
209081,36364,182643
209082,36472,182643
209083,139516,182644
209084,139637,182654
209085,139758,182664
209086,89962,182670
209087,90069,182670
209088,90176,182670
209089,90283,182670
209090,90390,182670
209091,143554,182684
209092,143634,182662
209093,140651,182661
209094,140514,182661
209095,140541,182661
209096,140568,182661
209097,140595,182661
209098,140622,182661
209099,140649,182661
209100,140676,182661
209101,140703,182661
209102,140730,182661
209103,140757,182661
209104,140784,182661
209105,140811,182661
209106,140838,182661
209107,140865,182661
209108,140892,182661
209109,140919,182661
209110,140946,182661
209111,140973,182661
209112,141000,182661
209113,147049,182666
209114,147066,182666
209115,147083,182666
209116,147100,182666
209117,147117,182666
209118,147134,182666
209119,147151,182666
209120,147168,182666
209121,147185,182666
209122,144235,182683
209123,144258,182684
209124,144280,182684
209125,144302,182684
209126,144324,182684
209127,144425,182684
209128,144536,182684
209129,144647,182684
209130,144758,182684
209131,144869,182684
209132,144980,182684
209133,145091,182684
209134,145202,182684
209135,145313,182684
209136,145424,182684
209137,145535,182684
209138,145646,182684
209139,145757,182684
209140,145868,182684
209141,145979,182684
209142,146090,182684
209143,146201,182684
209144,146312,182684
209145,152125,182687
209146,152226,182687
209147,152327,182687
209148,152428,182687
209149,152529,182687
209150,152630,182687
209151,147695,182702
209152,147712,182702
209153,147729,182702
209154,147746,182702
209155,147763,182702
209156,147780,182702
209157,147797,182702
209158,147866,182702
209159,147977,182702
209160,148088,182702
209161,148199,182702
209162,148310,182702
209163,148421,182702
209164,148532,182702
209165,143141,182697
209166,154246,182677
209167,154347,182677
209168,154448,182677
209169,154549,182677
209170,154650,182677
209171,154751,182677
209172,154852,182677
209173,154953,182677
209174,155054,182677
209175,155155,182677
209176,148120,182666
209177,148137,182666
209178,148154,182666
209179,148171,182666
209180,148188,182666
209181,148205,182666
209182,148222,182666
209183,148239,182666
209184,148256,182666
209185,148273,182666
209186,148328,182666
209187,148444,182666
209188,148560,182666
209189,148676,182666
209190,148792,182666
209191,148908,182666
209192,149024,182666
209193,149140,182666
209194,149256,182666
209195,149372,182666
209196,144289,182654
209197,151068,182651
209198,151080,182651
209199,151092,182651
209200,148528,182666
209201,148545,182666
209202,148562,182666
209203,148579,182666
209204,148596,182666
209205,148613,182666
209206,148630,182666
209207,148647,182666
209208,148664,182666
209209,148681,182666
209210,148698,182666
209211,148715,182666
209212,148828,182666
209213,148949,182666
209214,149070,182666
209215,149191,182666
209216,149312,182666
209217,149433,182666
209218,149554,182666
209219,149675,182666
209220,149796,182666
209221,149917,182666
209222,150038,182666
209223,150159,182666
209224,151392,182651
209225,151404,182651
209226,151416,182651
209227,151428,182651
209228,151440,182651
209229,151452,182651
209230,151464,182651
209231,149055,182666
209232,149072,182666
209233,149089,182666
209234,149106,182666
209235,149210,182666
209236,149336,182666
209237,149462,182666
209238,149588,182666
209239,149714,182666
209240,149840,182666
209241,152337,182651
209242,149242,182666
209243,149259,182666
209244,149276,182666
209245,149293,182666
209246,149310,182666
209247,149327,182666
209248,149344,182666
209249,149361,182666
209250,149378,182666
209251,149395,182666
209252,149412,182666
209253,149429,182666
209254,149446,182666
209255,149463,182666
209256,149560,182666
209257,149691,182666
209258,149822,182666
209259,149953,182666
209260,150084,182666
209261,150215,182666
209262,150346,182666
209263,150477,182666
209264,150608,182666
209265,150739,182666
209266,150870,182666
209267,151001,182666
209268,151132,182666
209269,151263,182666
209270,151394,182666
209271,151956,182651
209272,151968,182651
209273,151980,182651
209274,151992,182651
209275,152049,182651
209276,152180,182651
209277,152311,182651
209278,152442,182651
209279,152573,182651
209280,152704,182651
209281,152835,182651
209282,152966,182651
209283,153097,182651
209284,153228,182651
209285,153359,182651
209286,153490,182651
209287,153621,182651
209288,153752,182651
209289,153883,182651
209290,154014,182651
209291,149896,182641
209292,150092,182630
209293,152290,182645
209294,152432,182651
209295,152568,182651
209296,152704,182651
209297,152840,182651
209298,152976,182651
209299,153112,182651
209300,153248,182651
209301,153384,182651
209302,153520,182651
209303,153656,182651
209304,153792,182651
209305,153928,182651
209306,154064,182651
209307,154200,182651
209308,154436,182659
209309,154472,182659
209310,154608,182659
209311,154744,182659
209312,154880,182659
209313,155016,182659
209314,155152,182659
209315,155288,182659
209316,155424,182659
209317,155560,182659
209318,155696,182659
209319,155832,182659
209320,155968,182659
209321,101704,182666
209322,101712,182666
209323,101720,182666
209324,101736,182666
209325,101878,182666
209326,102020,182666
209327,156920,182644
209328,157056,182644
209329,157192,182644
209330,157328,182644
209331,157464,182644
209332,101792,182630
209333,101800,182630
209334,101808,182630
209335,101816,182630
209336,101824,182630
209337,101832,182630
209338,101840,182630
209339,101985,182630
209340,102132,182630
209341,102279,182630
209342,102426,182630
209343,79548,182614
209344,79616,182614
209345,79684,182614
209346,79752,182614
209347,79820,182614
209348,79888,182614
209349,79956,182614
209350,80024,182614
209351,80092,182614
209352,80160,182614
209353,80228,182614
209354,80296,182614
209355,80364,182614
209356,80432,182614
209357,80500,182614
209358,80568,182614
209359,80636,182614
209360,80704,182614
209361,80772,182614
209362,84372,182643
209363,84430,182643
209364,84488,182643
209365,84546,182643
209366,84604,182643
209367,84662,182643
209368,84720,182643
209369,84778,182643
209370,84836,182643
209371,84894,182643
209372,84952,182643
209373,85010,182643
209374,85068,182643
209375,85126,182643
209376,85184,182643
209377,85242,182643
209378,85300,182643
209379,85358,182643
209380,85416,182643
209381,85474,182643
209382,85532,182643
209383,85590,182643
209384,85648,182643
209385,85706,182643
209386,85764,182643
209387,85822,182643
209388,85880,182643
209389,85938,182643
209390,85996,182643
209391,86054,182643
209392,86112,182643
209393,86170,182643
209394,86228,182643
209395,86286,182643
209396,89518,182661
209397,89584,182679
209398,89632,182679
209399,89680,182679
209400,89728,182679
209401,89776,182679
209402,89824,182679
209403,88311,182679
209404,88364,182679
209405,88417,182679
209406,88470,182679
209407,88523,182679
209408,88576,182679
209409,88629,182679
209410,88682,182679
209411,91768,182706
209412,91820,182715
209413,91863,182715
209414,91906,182715
209415,91949,182715
209416,91992,182715
209417,92035,182715
209418,92078,182715
209419,92121,182715
209420,92164,182715
209421,92207,182715
209422,92250,182715
209423,92293,182715
209424,92336,182715
209425,92379,182715
209426,92422,182715
209427,92465,182715
209428,92508,182715
209429,92551,182715
209430,92594,182715
209431,92637,182715
209432,92680,182715
209433,92723,182715
209434,92766,182715
209435,92809,182715
209436,92852,182715
209437,95668,182740
209438,95710,182749
209439,95743,182749
209440,95776,182749
209441,95809,182749
209442,95842,182749
209443,95875,182749
209444,95908,182749
209445,95941,182749
209446,95974,182749
209447,96007,182749
209448,96040,182749
209449,96073,182749
209450,96106,182749
209451,96139,182749
209452,96172,182749
209453,96205,182749
209454,96238,182749
209455,96271,182749
209456,96304,182749
209457,96337,182749
209458,96370,182749
209459,150369,182769
209460,150396,182769
209461,150423,182769
209462,150450,182769
209463,150477,182769
209464,150504,182769
209465,150531,182769
209466,97879,182777
209467,97908,182778
209468,97936,182778
209469,203314,182795
209470,203340,182795
209471,203366,182795
209472,203392,182795
209473,203418,182795
209474,203444,182795
209475,203470,182795
209476,203496,182795
209477,203522,182795
209478,203548,182795
209479,203574,182795
209480,203600,182795
209481,203626,182795
209482,203652,182795
209483,203678,182795
209484,203704,182795
209485,203730,182795
209486,206048,182798
209487,206064,182798
209488,206080,182798
209489,206096,182798
209490,206112,182798
209491,206128,182798
209492,206144,182798
209493,206160,182798
209494,206176,182798
209495,206192,182798
209496,206208,182798
209497,206224,182798
209498,206240,182798
209499,206256,182798
209500,206272,182798
209501,206288,182798
209502,206304,182798
209503,206320,182798
209504,206336,182798
209505,206352,182798
209506,206368,182798
209507,205324,182798
209508,205364,182817
209509,205385,182817
209510,205406,182817
209511,205427,182817
209512,205448,182817
209513,205469,182817
209514,205490,182817
209515,205511,182817
209516,205532,182817
209517,205553,182817
209518,205574,182817
209519,205595,182817
209520,205616,182817
209521,205637,182817
209522,205658,182817
209523,205679,182817
209524,205700,182817
209525,205721,182817
209526,205742,182817
209527,205763,182817
209528,205784,182817
209529,205805,182817
209530,205826,182817
209531,205847,182817
209532,205868,182817
209533,205889,182817
209534,205910,182817
209535,205931,182817
209536,205952,182817
209537,205082,182831
209538,206880,182834
209539,206896,182834
209540,206912,182834
209541,206928,182834
209542,206944,182834
209543,206960,182834
209544,206976,182834
209545,206992,182834
209546,207008,182834
209547,207024,182834
209548,207040,182834
209549,207056,182834
209550,207072,182834
209551,207088,182834
209552,207104,182834
209553,207120,182834
209554,207136,182834
209555,207152,182834
209556,207168,182834
209557,207184,182834
209558,207200,182834
209559,206424,182842
209560,206456,182853
209561,206477,182853
209562,206498,182853
209563,206519,182853
209564,206540,182853
209565,206561,182853
209566,206582,182853
209567,206603,182853
209568,206624,182853
209569,206645,182853
209570,206666,182853
209571,206687,182853
209572,206708,182853
209573,206729,182853
209574,206750,182853
209575,206771,182853
209576,206792,182853
209577,207504,182870
209578,207520,182870
209579,207536,182870
209580,207552,182870
209581,207568,182870
209582,207584,182870
209583,207600,182870
209584,207616,182870
209585,207632,182870
209586,207648,182870
209587,207664,182870
209588,207680,182870
209589,207696,182870
209590,207073,182876
209591,207107,182889
209592,207128,182889
209593,207149,182889
209594,207170,182889
209595,207191,182889
209596,207212,182889
209597,207233,182889
209598,207254,182889
209599,207275,182889
209600,207296,182889
209601,207317,182889
209602,207904,182906
209603,207920,182906
209604,207936,182906
209605,207952,182906
209606,207968,182906
209607,207984,182906
209608,208000,182906
209609,208016,182906
209610,208032,182906
209611,207527,182925
209612,207548,182925
209613,207569,182925
209614,207590,182925
209615,207611,182925
209616,207632,182925
209617,207653,182925
209618,207674,182925
209619,208176,182942
209620,208192,182942
209621,208208,182942
209622,208224,182942
209623,208240,182942
209624,208256,182942
209625,208272,182942
209626,207842,182961
209627,207863,182961
209628,207884,182961
209629,207905,182961
209630,207926,182961
209631,207947,182961
209632,208384,182978
209633,208400,182978
209634,208416,182978
209635,208432,182978
209636,208448,182978
209637,208073,182997
209638,208094,182997
209639,208115,182997
209640,208136,182997
209641,208157,182997
209642,208544,183014
209643,208560,183014
209644,208576,183014
209645,208592,183014
209646,208262,183033
209647,208283,183033
209648,208304,183033
209649,208654,183048
209650,208672,183050
209651,208688,183050
209652,208704,183050
209653,208409,183069
209654,208430,183069
209655,208136,183069
209656,208768,183086
209657,208784,183086
209658,208514,183105
209659,208535,183105
209660,208556,183105
209661,208848,183122
209662,208864,183122
209663,208619,183141
209664,208640,183141
209665,208912,183158
209666,208928,183158
209667,208703,183177
209668,208724,183177
209669,208976,183194
209670,156518,183206
209671,156535,183206
209672,156768,183219
209673,156991,183227
209674,156998,183227
209675,157206,183230
209676,157208,183230
209677,157210,183230
209678,157212,183230
209679,157214,183230
209680,157216,183230
209681,157218,183230
209682,157220,183230
209683,157222,183230
209684,157224,183230
209685,157226,183230
209686,157228,183230
209687,157230,183230
209688,157232,183230
209689,157234,183230
209690,157236,183230
209691,157238,183230
209692,157240,183230
209693,157242,183230
209694,157244,183230
209695,157246,183230
209696,157248,183230
209697,157250,183230
209698,157252,183230
209699,157254,183230
209700,157256,183230
209701,157258,183230
209702,157260,183230
209703,157262,183230
209704,157264,183230
209705,157266,183230
209706,157268,183230
209707,157270,183230
209708,157272,183230
209709,157274,183230
209710,157276,183230
209711,157278,183230
209712,157280,183230
209713,157282,183230
209714,157284,183230
209715,157286,183230
209716,157412,183230
209717,157569,183230
209718,157726,183230
209719,157883,183230
209720,158040,183230
209721,158197,183230
209722,158354,183230
209723,158511,183230
209724,158668,183230
209725,158825,183230
209726,158982,183230
209727,159139,183230
209728,159296,183230
209729,159453,183230
209730,159610,183230
209731,159767,183230
209732,159924,183230
209733,160081,183230
209734,160238,183230
209735,160395,183230
209736,160552,183230
209737,160709,183230
209738,160866,183230
209739,161023,183230
209740,161180,183230
209741,161337,183230
209742,161494,183230
209743,161651,183230
209744,161808,183230
209745,161965,183230
209746,162122,183230
209747,162279,183230
209748,162436,183230
209749,162593,183230
209750,162750,183230
209751,162907,183230
209752,163064,183230
209753,163221,183230
209754,163378,183230
209755,163535,183230
209756,163692,183230
209757,163849,183222
209758,164006,183222
209759,164163,183222
209760,164320,183204
209761,164477,183204
209762,164634,183204
209763,164780,183193
209764,217328,183179
209765,165105,183176
209766,165262,183176
209767,165416,183173
209768,217952,183147
209769,218108,183147
209770,165890,183140
209771,166047,183140
209772,166179,183115
209773,218732,183111
209774,218888,183111
209775,166675,183104
209776,166832,183104
209777,166989,183104
209778,219512,183075
209779,219668,183075
209780,219824,183075
209781,167617,183068
209782,167774,183068
209783,167931,183068
209784,168088,183068
209785,220604,183039
209786,220760,183039
209787,220916,183039
209788,221072,183039
209789,168873,183032
209790,169030,183032
209791,169187,183032
209792,169344,183032
209793,169501,183032
209794,222008,183003
209795,222164,183003
209796,222320,183003
209797,222476,183003
209798,222632,183003
209799,170443,182996
209800,170600,182996
209801,170757,182996
209802,170914,182996
209803,171071,182996
209804,171228,182996
209805,171362,182973
209806,223880,182967
209807,224036,182967
209808,224192,182967
209809,224348,182967
209810,224504,182967
209811,224660,182967
209812,172484,182960
209813,172641,182960
209814,172798,182960
209815,172955,182960
209816,173112,182960
209817,173269,182960
209818,173426,182960
209819,173583,182960
209820,173725,182945
209821,226220,182931
209822,226376,182931
209823,226532,182931
209824,226688,182931
209825,226844,182931
209826,227000,182931
209827,227156,182931
209828,227312,182931
209829,227468,182931
209830,175310,182924
209831,175467,182924
209832,175624,182924
209833,175781,182924
209834,175938,182924
209835,176095,182924
209836,176252,182924
209837,176409,182924
209838,176566,182924
209839,176723,182924
209840,176880,182924
209841,177030,182917
209842,229496,182895
209843,229652,182895
209844,229808,182895
209845,229964,182895
209846,230120,182895
209847,230276,182895
209848,230432,182895
209849,230588,182895
209850,230744,182895
209851,230900,182895
209852,231056,182895
209853,231212,182895
209854,231368,182895
209855,231520,182891
209856,179392,182888
209857,179549,182888
209858,179706,182888
209859,179863,182888
209860,180020,182888
209861,180177,182888
209862,180334,182888
209863,180491,182888
209864,180648,182888
209865,180805,182888
209866,180962,182888
209867,181119,182888
209868,181276,182888
209869,181433,182888
209870,181590,182888
209871,181747,182888
209872,181904,182888
209873,182042,182869
209874,234488,182859
209875,234644,182859
209876,234800,182859
209877,234956,182859
209878,235112,182859
209879,235268,182859
209880,235424,182859
209881,235580,182859
209882,235736,182859
209883,235892,182859
209884,236048,182859
209885,236204,182859
209886,236360,182859
209887,236516,182859
209888,236672,182859
209889,236828,182859
209890,236984,182859
209891,237140,182859
209892,237296,182859
209893,237452,182859
209894,237608,182859
209895,237764,182859
209896,185672,182852
209897,185829,182852
209898,185986,182852
209899,186143,182852
209900,186300,182852
209901,186457,182852
209902,186614,182852
209903,186771,182852
209904,186928,182852
209905,187085,182852
209906,187242,182852
209907,187399,182852
209908,187556,182852
209909,187713,182852
209910,187870,182852
209911,188027,182852
209912,188184,182852
209913,188341,182852
209914,188498,182852
209915,188655,182852
209916,188812,182852
209917,188969,182852
209918,189126,182852
209919,189283,182852
209920,189440,182852
209921,189597,182852
209922,189754,182852
209923,189911,182852
209924,190068,182852
209925,190225,182852
209926,190361,182831
209927,242756,182823
209928,242912,182823
209929,243068,182823
209930,243224,182823
209931,243380,182823
209932,243536,182823
209933,243692,182823
209934,243848,182823
209935,244004,182814
209936,244160,182814
209937,244316,182814
209938,244472,182814
209939,244628,182814
209940,244784,182814
209941,244940,182814
209942,245096,182814
209943,245252,182814
209944,245408,182814
209945,245564,182814
209946,245720,182814
209947,245876,182814
209948,246032,182814
209949,246188,182814
209950,246344,182814
209951,193128,182796
209952,193280,182796
209953,193432,182796
209954,193584,182796
209955,193736,182796
209956,193888,182796
209957,194040,182796
209958,194192,182796
209959,194344,182796
209960,194496,182796
209961,194648,182796
209962,194800,182796
209963,194952,182796
209964,195104,182796
209965,195256,182796
209966,195408,182796
209967,195560,182796
209968,249139,182782
209969,197133,182771
209970,197290,182771
209971,197447,182771
209972,197604,182771
209973,197761,182771
209974,197918,182771
209975,198075,182771
209976,198232,182771
209977,198389,182771
209978,198546,182771
209979,198680,182748
209980,198860,182736
209981,199017,182736
209982,199174,182736
209983,199331,182736
209984,199488,182736
209985,199645,182736
209986,199802,182736
209987,199959,182736
209988,200116,182736
209989,200273,182736
209990,200430,182736
209991,200587,182736
209992,200744,182736
209993,200901,182736
209994,201058,182736
209995,201215,182736
209996,201372,182736
209997,201529,182736
209998,201686,182736
209999,201843,182736
210000,202000,182736
210001,202157,182736
210002,202314,182736
210003,199593,182700
210004,199740,182700
210005,199887,182700
210006,200034,182700
210007,200181,182700
210008,200328,182700
210009,200475,182700
210010,200622,182700
210011,200769,182700
210012,200916,182700
210013,201063,182700
210014,201210,182700
210015,201357,182700
210016,201504,182700
210017,201651,182700
210018,201798,182700
210019,201945,182700
210020,202092,182700
210021,202239,182700
210022,202386,182700
210023,202533,182700
210024,202680,182700
210025,202827,182700
210026,202974,182700
210027,203121,182700
210028,203268,182700
210029,203415,182700
210030,203562,182700
210031,202130,182664
210032,202272,182664
210033,202414,182664
210034,202556,182664
210035,202698,182664
210036,202840,182664
210037,202982,182664
210038,203124,182664
210039,203266,182664
210040,203408,182664
210041,203550,182664
210042,203692,182664
210043,203834,182664
210044,203976,182664
210045,204118,182664
210046,204260,182664
210047,210047,182630
210048,210048,182630
210049,210049,182630
210050,210050,182630
210051,210051,182630
210052,210164,182630
210053,210321,182630
210054,210478,182630
210055,210055,182630
210056,210056,182630
210057,210057,182630
210058,210058,182630
210059,210059,182630
210060,211784,182637
210061,211790,182637
210062,211796,182637
210063,211891,182637
210064,212048,182637
210065,210456,182630
210066,210608,182630
210067,210760,182630
210068,3528,182640
210069,3538,182640
210070,3548,182640
210071,3558,182640
210072,3568,182640
210073,3578,182640
210074,3588,182640
210075,3700,182640
210076,3856,182640
210077,4012,182640
210078,4168,182640
210079,4324,182640
210080,4480,182640
210081,4636,182640
210082,4792,182640
210083,4948,182640
210084,5104,182640
210085,215632,182630
210086,215648,182630
210087,215664,182630
210088,215816,182630
210089,215973,182630
210090,216130,182630
210091,216287,182628
210092,217628,182650
210093,217649,182650
210094,217670,182650
210095,217691,182650
210096,217712,182650
210097,217733,182650
210098,217754,182650
210099,217775,182650
210100,217796,182650
210101,217857,182650
210102,218014,182650
210103,218171,182650
210104,218328,182650
210105,218485,182650
210106,218642,182650
210107,219902,182641
210108,219928,182641
210109,219954,182641
210110,219980,182641
210111,220006,182641
210112,220032,182641
210113,9945,182661
210114,9970,182661
210115,9995,182661
210116,10096,182661
210117,10252,182661
210118,10408,182661
210119,10564,182661
210120,10720,182661
210121,10876,182661
210122,11032,182661
210123,11188,182661
210124,11344,182661
210125,11500,182661
210126,11656,182661
210127,11812,182661
210128,11968,182661
210129,12124,182661
210130,12280,182661
210131,224684,182675
210132,224720,182675
210133,224756,182675
210134,224792,182675
210135,224828,182675
210136,224864,182675
210137,224900,182675
210138,224936,182675
210139,224972,182675
210140,225008,182675
210141,225044,182675
210142,225080,182675
210143,225116,182675
210144,225152,182675
210145,225188,182675
210146,225224,182675
210147,225260,182675
210148,225296,182675
210149,225393,182675
210150,225550,182675
210151,225707,182675
210152,225864,182675
210153,226021,182675
210154,226178,182675
210155,226335,182675
210156,226492,182675
210157,226649,182675
210158,226806,182675
210159,226963,182675
210160,227120,182675
210161,227993,182675
210162,228034,182675
210163,228075,182675
210164,228116,182675
210165,228157,182675
210166,228198,182675
210167,228239,182675
210168,228376,182675
210169,228533,182675
210170,228690,182675
210171,228847,182675
210172,230728,182679
210173,230774,182679
210174,230820,182679
210175,230866,182679
210176,230912,182679
210177,230958,182679
210178,231004,182679
210179,20864,182679
210180,20916,182686
210181,20961,182686
210182,21006,182686
210183,21051,182686
210184,21096,182686
210185,21141,182686
210186,21186,182686
210187,21231,182686
210188,21328,182686
210189,21484,182686
210190,21640,182686
210191,21796,182686
210192,21952,182686
210193,232301,182679
210194,232458,182679
210195,232615,182679
210196,234236,182715
210197,234287,182715
210198,234338,182715
210199,234389,182715
210200,234440,182715
210201,234491,182715
210202,234542,182715
210203,234593,182715
210204,234644,182715
210205,234695,182715
210206,234746,182715
210207,234797,182715
210208,234848,182715
210209,234899,182715
210210,234970,182715
210211,235127,182715
210212,235284,182715
210213,235441,182715
210214,235598,182715
210215,235755,182715
210216,235912,182715
210217,236069,182715
210218,236226,182715
210219,236383,182715
210220,236540,182715
210221,236670,182688
210222,27874,182686
210223,27929,182686
210224,27984,182686
210225,28039,182686
210226,28094,182686
210227,28149,182686
210228,28204,182686
210229,28259,182686
210230,28314,182686
210231,28369,182686
210232,28424,182686
210233,28479,182686
210234,28534,182686
210235,28660,182686
210236,28816,182686
210237,28972,182686
210238,29128,182686
210239,29284,182686
210240,29440,182686
210241,29596,182686
210242,29752,182686
210243,29908,182686
210244,31728,182686
210245,31788,182686
210246,31848,182686
210247,31908,182686
210248,31968,182686
210249,32028,182686
210250,32088,182686
210251,242372,182688
210252,242460,182715
210253,242521,182715
210254,242582,182715
210255,242643,182715
210256,242704,182715
210257,242765,182715
210258,242826,182715
210259,242887,182715
210260,242948,182715
210261,243009,182715
210262,243134,182715
210263,243291,182715
210264,243448,182715
210265,243605,182715
210266,243762,182715
210267,243919,182715
210268,244076,182715
210269,33964,182683
210270,34120,182683
210271,34276,182683
210272,34432,182683
210273,34588,182683
210274,34744,182683
210275,34900,182683
210276,36452,182683
210277,36517,182683
210278,36582,182683
210279,36647,182683
210280,36712,182683
210281,36777,182683
210282,36842,182683
210283,36907,182683
210284,36972,182683
210285,247322,182706
210286,247388,182706
210287,247454,182706
210288,247520,182706
210289,247586,182706
210290,247652,182706
210291,247718,182706
210292,247844,182706
210293,248001,182706
210294,248158,182706
210295,248315,182706
210296,248472,182706
210297,248629,182706
210298,248786,182706
210299,248943,182706
210300,249100,182706
210301,249257,182706
210302,249414,182706
210303,249571,182706
210304,249728,182706
210305,249885,182706
210306,250042,182706
210307,250199,182706
210308,250356,182706
210309,250513,182706
210310,250670,182706
210311,250827,182706
210312,250984,182706
210313,251141,182706
210314,251298,182706
210315,251455,182706
210316,251612,182706
210317,251769,182706
210318,251926,182706
210319,252083,182706
210320,252240,182706
210321,252397,182706
210322,252798,182742
210323,252869,182742
210324,252940,182742
210325,253025,182742
210326,253182,182723
210327,45872,182693
210328,253224,182687
210329,253295,182687
210330,253366,182687
210331,253437,182687
210332,253508,182687
210333,253579,182687
210334,253650,182687
210335,253721,182687
210336,253792,182687
210337,253863,182687
210338,253934,182687
210339,254004,182686
210340,46853,182676
210341,45196,182670
210342,45352,182670
210343,45508,182670
210344,45664,182670
210345,45820,182670
210346,45976,182670
210347,46132,182670
210348,46288,182670
210349,253624,182651
210350,253776,182651
210351,253928,182651
210352,254080,182651
210353,254232,182651
210354,254384,182651
210355,254536,182651
210356,254688,182651
210357,254840,182651
210358,254992,182651
210359,255144,182651
210360,255496,182651
210361,255567,182651
210362,255638,182651
210363,255752,182651
210364,255904,182651
210365,256056,182651
210366,256208,182651
210367,256360,182651
210368,256512,182651
210369,256664,182651
210370,256816,182651
210371,256968,182651
210372,257120,182651
210373,257272,182651
210374,257424,182651
210375,257576,182651
210376,257728,182651
210377,257880,182651
210378,258032,182651
210379,258184,182651
210380,258336,182651
210381,258488,182651
210382,258640,182651
210383,258792,182651
210384,258944,182651
210385,259096,182651
210386,259248,182651
210387,259400,182651
210388,259552,182651
210389,259704,182651
210390,259856,182651
210391,260008,182651
210392,260160,182651
210393,3389,182629
210394,3394,182629
210395,3399,182629
210396,3404,182629
210397,3409,182629
210398,3414,182629
210399,3419,182629
210400,3424,182629
210401,3429,182629
210402,3434,182629
210403,3439,182629
210404,3444,182629
210405,3449,182629
210406,3598,182629
210407,3755,182629
210408,3912,182629
210409,4069,182629
210410,4226,182629
210411,4383,182629
210412,4540,182629
210413,4697,182629
210414,4174,182629
210415,3499,182629
210416,3504,182629
210417,3509,182629
210418,3514,182629
210419,3519,182629
210420,3524,182629
210421,3529,182629
210422,3534,182629
210423,3539,182629
210424,3544,182629
210425,3549,182629
210426,3554,182629
210427,8786,182640
210428,8872,182640
210429,8958,182640
210430,9044,182640
210431,9130,182640
210432,9216,182640
210433,9302,182640
210434,9388,182640
210435,62506,182644
210436,62520,182644
210437,62534,182644
210438,62548,182644
210439,62562,182644
210440,62576,182644
210441,62590,182644
210442,62604,182644
210443,62618,182644
210444,62632,182644
210445,62646,182644
210446,10958,182646
210447,10977,182650
210448,10992,182650
210449,11007,182650
210450,11022,182650
210451,11037,182650
210452,11052,182650
210453,11067,182650
210454,11134,182650
210455,11291,182650
210456,11448,182650
210457,11605,182650
210458,11762,182650
210459,11919,182650
210460,12076,182650
210461,12233,182650
210462,12390,182650
210463,12547,182650
210464,12704,182650
210465,12861,182650
210466,13018,182650
210467,13175,182650
210468,13332,182650
210469,13489,182650
210470,13646,182650
210471,68022,182654
210472,68112,182654
210473,68202,182654
210474,68292,182654
210475,68382,182654
210476,68472,182654
210477,68562,182654
210478,68652,182654
210479,68742,182654
210480,68832,182654
210481,68922,182654
210482,69012,182654
210483,69102,182654
210484,69192,182654
210485,86300,182658
210486,86344,182658
210487,86388,182658
210488,86432,182658
210489,86476,182658
210490,86520,182658
210491,23274,182676
210492,71072,182679
210493,71096,182679
210494,71120,182679
210495,71144,182679
210496,71168,182679
210497,71192,182679
210498,71216,182679
210499,71240,182679
210500,71264,182679
210501,71288,182679
210502,71312,182679
210503,71336,182679
210504,71360,182679
210505,71384,182679
210506,71408,182679
210507,71432,182679
210508,71456,182679
210509,71480,182679
210510,71560,182679
210511,71716,182679
210512,71872,182679
210513,72028,182679
210514,72184,182679
210515,72340,182679
210516,72496,182679
210517,72652,182679
210518,72808,182679
210519,72964,182679
210520,73120,182679
210521,73276,182679
210522,73432,182679
210523,73588,182679
210524,73744,182679
210525,73900,182679
210526,25408,182676
210527,25504,182676
210528,25600,182676
210529,25696,182676
210530,25792,182676
210531,25888,182676
210532,25984,182676
210533,26080,182676
210534,26176,182676
210535,26272,182676
210536,26368,182676
210537,26464,182676
210538,26560,182676
210539,26656,182676
210540,26752,182676
210541,26846,182674
210542,26944,182650
210543,27040,182650
210544,27136,182650
210545,27232,182650
210546,27328,182650
210547,27424,182650
210548,27520,182650
210549,27616,182650
210550,27712,182650
210551,27808,182650
210552,27904,182650
210553,28000,182650
210554,28096,182650
210555,28192,182650
210556,28288,182650
210557,28384,182650
210558,81084,182652
210559,81118,182652
210560,81152,182652
210561,81186,182652
210562,81220,182652
210563,81254,182652
210564,81288,182652
210565,81322,182652
210566,81356,182652
210567,81390,182652
210568,81424,182652
210569,81458,182652
210570,81492,182652
210571,81526,182652
210572,81560,182652
210573,81594,182652
210574,81628,182652
210575,81700,182652
210576,81856,182652
210577,82012,182652
210578,82168,182652
210579,82324,182652
210580,34892,182659
210581,35016,182682
210582,35118,182683
210583,35219,182683
210584,35320,182683
210585,35421,182683
210586,35522,182683
210587,35623,182683
210588,35724,182683
210589,35825,182683
210590,35926,182683
210591,36027,182683
210592,36128,182683
210593,36229,182683
210594,36330,182683
210595,36431,182683
210596,36532,182683
210597,36633,182683
210598,36734,182683
210599,36835,182683
210600,36936,182683
210601,37037,182683
210602,37138,182683
210603,37239,182683
210604,37319,182662
210605,87131,182658
210606,87170,182658
210607,87209,182658
210608,87248,182658
210609,87287,182658
210610,87326,182658
210611,87365,182658
210612,87472,182658
210613,87628,182658
210614,87784,182658
210615,87940,182658
210616,88096,182658
210617,88252,182658
210618,88408,182658
210619,37039,182647
210620,90480,182651
210621,90580,182651
210622,90680,182651
210623,90780,182651
210624,90880,182651
210625,90980,182651
210626,91080,182651
210627,91180,182651
210628,91280,182651
210629,91380,182651
210630,91480,182651
210631,41211,182683
210632,41256,182683
210633,41301,182683
210634,41346,182683
210635,41391,182683
210636,41436,182683
210637,92988,182687
210638,93032,182687
210639,93076,182687
210640,93120,182687
210641,93164,182687
210642,93208,182687
210643,93252,182687
210644,93296,182687
210645,93340,182687
210646,93384,182687
210647,93428,182687
210648,93472,182687
210649,93516,182687
210650,93560,182687
210651,93604,182687
210652,93712,182687
210653,93868,182687
210654,94024,182687
210655,94180,182687
210656,94336,182687
210657,94492,182687
210658,94648,182687
210659,94804,182687
210660,94960,182687
210661,95116,182687
210662,95272,182687
210663,95428,182687
210664,95584,182687
210665,44261,182670
210666,44418,182670
210667,44575,182670
210668,44732,182670
210669,48674,182670
210670,48780,182670
210671,48886,182670
210672,48992,182670
210673,49098,182670
210674,49204,182670
210675,49310,182670
210676,49416,182670
210677,97612,182651
210678,44814,182634
210679,44915,182634
210680,45016,182634
210681,45117,182634
210682,99802,182651
210683,99851,182651
210684,99900,182651
210685,99949,182651
210686,99998,182651
210687,100047,182651
210688,100096,182651
210689,100145,182651
210690,100194,182651
210691,100243,182651
210692,100292,182651
210693,48890,182670
210694,48940,182670
210695,48990,182670
210696,49128,182670
210697,49285,182670
210698,49442,182670
210699,49599,182670
210700,49756,182670
210701,49896,182653
210702,45136,182634
210703,45288,182634
210704,45440,182634
210705,45592,182634
210706,45744,182634
210707,45896,182634
210708,46048,182634
210709,46200,182634
210710,46352,182634
210711,46504,182634
210712,46656,182634
210713,46808,182634
210714,46960,182634
210715,47112,182634
210716,47264,182634
210717,47416,182634
210718,47568,182634
210719,55209,182647
210720,55264,182647
210721,55319,182647
210722,55374,182647
210723,55429,182647
210724,55484,182647
210725,55539,182647
210726,55594,182647
210727,55649,182647
210728,55704,182647
210729,55759,182647
210730,55814,182647
210731,107282,182670
210732,50840,182670
210733,50890,182670
210734,50940,182670
210735,50990,182670
210736,107920,182674
210737,107923,182674
210738,107926,182674
210739,107929,182674
210740,107932,182674
210741,107935,182674
210742,107938,182674
210743,107941,182674
210744,108064,182674
210745,108220,182674
210746,108376,182674
210747,108532,182674
210748,108688,182674
210749,108844,182674
210750,109000,182674
210751,109156,182674
210752,109312,182674
210753,109468,182674
210754,62878,182662
210755,62989,182662
210756,63100,182662
210757,63211,182662
210758,63322,182662
210759,63433,182662
210760,63544,182662
210761,63655,182662
210762,63766,182662
210763,59647,182652
210764,111184,182638
210765,111340,182638
210766,111496,182638
210767,111652,182638
210768,111808,182638
210769,111964,182638
210770,112120,182638
210771,112276,182638
210772,61940,182626
210773,61949,182626
210774,61958,182626
210775,61967,182626
210776,61976,182626
210777,61985,182626
210778,62002,182626
210779,62159,182626
210780,62316,182626
210781,62473,182626
210782,62630,182626
210783,62787,182626
210784,62944,182626
210785,63101,182626
210786,115589,182635
210787,58949,182652
210788,59004,182652
210789,59059,182652
210790,59114,182652
210791,59169,182652
210792,59224,182652
210793,59279,182652
210794,59334,182652
210795,59389,182652
210796,59444,182652
210797,59576,182652
210798,59728,182652
210799,59880,182652
210800,60032,182652
210801,60184,182652
210802,60336,182652
210803,60488,182652
210804,60640,182652
210805,60792,182652
210806,60944,182652
210807,61096,182652
210808,61248,182652
210809,61400,182652
210810,119090,182666
210811,119103,182666
210812,119116,182666
210813,119129,182666
210814,119142,182666
210815,119155,182666
210816,119296,182666
210817,119452,182666
210818,119608,182666
210819,119764,182666
210820,119920,182666
210821,120076,182666
210822,120232,182666
210823,120388,182666
210824,120544,182666
210825,120700,182666
210826,120856,182666
210827,121012,182666
210828,121168,182666
210829,121324,182666
210830,121480,182666
210831,121636,182666
210832,121792,182666
210833,121948,182666
210834,122104,182666
210835,122260,182666
210836,122416,182666
210837,122572,182666
210838,122728,182666
210839,123592,182676
210840,123728,182702
210841,123838,182702
210842,123948,182702
210843,124058,182702
210844,124168,182702
210845,124278,182702
210846,124388,182702
210847,124498,182702
210848,124928,182738
210849,124992,182738
210850,125056,182738
210851,125302,182757
210852,125320,182757
210853,125338,182757
210854,125356,182757
210855,125380,182757
210856,125536,182757
210857,125692,182757
210858,125848,182757
210859,80252,182751
210860,80368,182751
210861,80484,182731
210862,80598,182729
210863,80346,182715
210864,80416,182715
210865,80470,182699
210866,80556,182695
210867,80626,182695
210868,80696,182695
210869,80766,182695
210870,80836,182695
210871,80906,182695
210872,80976,182695
210873,81046,182695
210874,81102,182681
210875,80264,182679
210876,80288,182679
210877,80312,182679
210878,80336,182679
210879,80360,182679
210880,80384,182679
210881,80408,182679
210882,80432,182679
210883,80456,182679
210884,80480,182679
210885,80504,182679
210886,80528,182679
210887,80552,182679
210888,80576,182679
210889,80600,182679
210890,80624,182679
210891,80648,182679
210892,80672,182679
210893,80696,182679
210894,80720,182679
210895,80744,182679
210896,80768,182679
210897,80792,182679
210898,80842,182679
210899,80999,182679
210900,81156,182659
210901,81313,182659
210902,81470,182659
210903,81627,182659
210904,81784,182659
210905,81941,182659
210906,82098,182659
210907,82255,182659
210908,82412,182659
210909,82569,182659
210910,83636,182659
210911,83706,182659
210912,83776,182659
210913,83846,182659
210914,83916,182659
210915,83986,182659
210916,84056,182659
210917,84126,182659
210918,84196,182659
210919,84266,182659
210920,84336,182659
210921,84453,182659
210922,84610,182659
210923,87676,182653
210924,87792,182653
210925,87908,182653
210926,88024,182653
210927,88140,182653
210928,88256,182653
210929,88372,182653
210930,88488,182653
210931,88604,182653
210932,88720,182653
210933,88836,182653
210934,88952,182653
210935,89068,182653
210936,89184,182653
210937,89300,182653
210938,89416,182653
210939,89532,182653
210940,89648,182653
210941,89764,182653
210942,88006,182653
210943,88035,182653
210944,88064,182653
210945,88221,182653
210946,90344,182653
210947,90460,182653
210948,90576,182653
210949,90692,182653
210950,90808,182653
210951,90924,182653
210952,91040,182653
210953,91156,182653
210954,91272,182653
210955,91388,182653
210956,91504,182653
210957,91620,182653
210958,91736,182653
210959,91852,182653
210960,91968,182653
210961,92084,182653
210962,92200,182653
210963,94854,182651
210964,94888,182651
210965,94922,182651
210966,94956,182651
210967,94990,182651
210968,95024,182651
210969,95058,182651
210970,95092,182651
210971,95126,182651
210972,95160,182651
210973,95194,182651
210974,95228,182651
210975,95262,182651
210976,95296,182651
210977,95330,182651
210978,95364,182651
210979,95398,182651
210980,95432,182651
210981,95466,182651
210982,95500,182651
210983,95534,182651
210984,95568,182651
210985,95602,182651
210986,95636,182651
210987,95670,182651
210988,95704,182651
210989,95738,182651
210990,95772,182651
210991,95806,182651
210992,95840,182651
210993,95874,182651
210994,95914,182651
210995,96071,182651
210996,96228,182651
210997,96385,182651
210998,96542,182651
210999,96699,182651
211000,96856,182651
211001,97013,182651
211002,97170,182651
211003,97327,182651
211004,97484,182651
211005,97641,182651
211006,97798,182651
211007,97955,182651
211008,98112,182651
211009,98269,182651
211010,98426,182651
211011,98583,182651
211012,98740,182651
211013,98897,182651
211014,99054,182651
211015,99211,182651
211016,99368,182651
211017,99525,182651
211018,99682,182651
211019,99839,182651
211020,99996,182651
211021,100153,182651
211022,100310,182651
211023,105815,182634
211024,105936,182634
211025,106057,182634
211026,106178,182634
211027,106299,182634
211028,106420,182634
211029,103667,182651
211030,103706,182651
211031,103745,182651
211032,103784,182651
211033,103823,182651
211034,103862,182651
211035,103901,182651
211036,103940,182651
211037,103979,182651
211038,104018,182651
211039,104057,182651
211040,104096,182651
211041,104135,182651
211042,104174,182651
211043,104213,182651
211044,104252,182651
211045,104291,182651
211046,104330,182651
211047,104369,182651
211048,104408,182651
211049,104549,182651
211050,104706,182651
211051,104863,182651
211052,105020,182651
211053,105177,182651
211054,105334,182651
211055,105491,182651
211056,105648,182651
211057,105805,182651
211058,105962,182651
211059,106119,182651
211060,106276,182651
211061,110413,182638
211062,110534,182638
211063,110655,182638
211064,110776,182638
211065,110897,182638
211066,111018,182638
211067,111139,182638
211068,108916,182638
211069,108919,182638
211070,108922,182638
211071,108925,182638
211072,108928,182638
211073,108931,182638
211074,108934,182638
211075,108937,182638
211076,108940,182638
211077,108945,182638
211078,109102,182638
211079,109259,182638
211080,109416,182638
211081,109573,182638
211082,109730,182638
211083,109887,182638
211084,116348,182643
211085,116433,182643
211086,116518,182643
211087,116603,182643
211088,116688,182643
211089,116773,182643
211090,116858,182643
211091,116943,182643
211092,117028,182643
211093,117113,182643
211094,117198,182643
211095,117283,182643
211096,117368,182643
211097,117453,182643
211098,117538,182643
211099,117623,182643
211100,117708,182643
211101,117793,182643
211102,115952,182643
211103,115960,182643
211104,115968,182643
211105,115976,182643
211106,115984,182643
211107,115992,182643
211108,116100,182643
211109,116221,182643
211110,116342,182643
211111,116463,182643
211112,116584,182643
211113,116705,182643
211114,116826,182643
211115,116947,182643
211116,117068,182643
211117,117189,182643
211118,117310,182643
211119,117431,182643
211120,117552,182643
211121,117673,182643
211122,116112,182643
211123,116167,182643
211124,116324,182643
211125,116481,182643
211126,116638,182643
211127,116795,182643
211128,116952,182643
211129,117109,182643
211130,123250,182630
211131,123263,182630
211132,123276,182630
211133,123289,182630
211134,123302,182630
211135,123315,182630
211136,123328,182630
211137,123341,182630
211138,123354,182630
211139,123367,182630
211140,123380,182630
211141,123393,182630
211142,123406,182630
211143,123419,182630
211144,123432,182630
211145,123445,182630
211146,123458,182630
211147,123471,182630
211148,123484,182630
211149,123497,182630
211150,123510,182630
211151,123523,182630
211152,123536,182630
211153,123549,182630
211154,123562,182630
211155,123575,182630
211156,123588,182630
211157,123601,182630
211158,123614,182630
211159,123627,182630
211160,123640,182630
211161,123653,182630
211162,123666,182630
211163,123679,182630
211164,123692,182630
211165,123705,182630
211166,123718,182630
211167,123731,182630
211168,123744,182630
211169,123757,182630
211170,123770,182630
211171,123783,182630
211172,123860,182630
211173,124017,182630
211174,124174,182630
211175,124331,182630
211176,124488,182630
211177,124645,182630
211178,124802,182630
211179,124959,182630
211180,125116,182630
211181,125273,182630
211182,125430,182630
211183,125587,182630
211184,125744,182630
211185,125901,182630
211186,126058,182630
211187,126215,182630
211188,126372,182630
211189,126529,182630
211190,126686,182630
211191,126843,182630
211192,127000,182630
211193,127157,182630
211194,127314,182630
211195,127471,182630
211196,127628,182630
211197,127785,182630
211198,127942,182630
211199,128099,182630
211200,128256,182630
211201,128413,182630
211202,128570,182630
211203,135034,182635
211204,133992,182635
211205,132878,182635
211206,131692,182635
211207,131710,182635
211208,131728,182635
211209,131746,182635
211210,131764,182635
211211,131782,182635
211212,131800,182635
211213,131818,182635
211214,131836,182635
211215,131854,182635
211216,131872,182635
211217,131890,182635
211218,131908,182635
211219,131926,182635
211220,131944,182635
211221,131962,182635
211222,131980,182635
211223,131998,182635
211224,132024,182635
211225,132181,182635
211226,132338,182635
211227,132495,182635
211228,132652,182635
211229,132809,182635
211230,134228,182635
211231,134282,182635
211232,134336,182635
211233,134390,182635
211234,134444,182635
211235,134498,182635
211236,134552,182635
211237,134606,182635
211238,134660,182635
211239,134714,182635
211240,134768,182635
211241,134822,182635
211242,134876,182635
211243,135007,182635
211244,135164,182635
211245,135321,182635
211246,191350,182639
211247,191475,182639
211248,191600,182639
211249,191725,182639
211250,191850,182639
211251,191975,182639
211252,192100,182639
211253,192225,182639
211254,192350,182639
211255,192475,182639
211256,140296,182658
211257,140319,182658
211258,140342,182658
211259,140365,182658
211260,140388,182658
211261,140411,182658
211262,140434,182658
211263,140457,182658
211264,140480,182658
211265,140503,182658
211266,140526,182658
211267,140549,182658
211268,140572,182658
211269,140595,182658
211270,140618,182658
211271,140641,182658
211272,140664,182658
211273,140687,182658
211274,140710,182658
211275,140733,182658
211276,140756,182658
211277,140779,182658
211278,140802,182658
211279,140825,182658
211280,140848,182658
211281,140973,182658
211282,141130,182658
211283,141287,182658
211284,145240,182658
211285,145366,182658
211286,145492,182658
211287,145618,182658
211288,137880,182634
211289,138001,182634
211290,138122,182634
211291,138243,182634
211292,138364,182634
211293,138485,182634
211294,138606,182634
211295,138727,182634
211296,138848,182634
211297,138969,182634
211298,139090,182634
211299,139211,182634
211300,139332,182634
211301,139453,182634
211302,139574,182634
211303,139695,182634
211304,150917,182644
211305,151031,182663
211306,151126,182663
211307,151221,182663
211308,151316,182663
211309,151411,182663
211310,151506,182663
211311,151601,182663
211312,151696,182663
211313,151791,182663
211314,151886,182663
211315,151981,182663
211316,152076,182663
211317,152171,182663
211318,152266,182663
211319,152361,182663
211320,152456,182663
211321,152551,182663
211322,152646,182663
211323,152741,182663
211324,152836,182663
211325,152931,182663
211326,153026,182663
211327,153121,182663
211328,153216,182663
211329,153311,182663
211330,153406,182663
211331,153501,182652
211332,153596,182652
211333,153691,182652
211334,153786,182652
211335,153881,182652
211336,153976,182652
211337,154071,182652
211338,154166,182652
211339,154261,182652
211340,154356,182652
211341,154451,182652
211342,154546,182652
211343,154641,182652
211344,154736,182652
211345,154822,182643
211346,151178,182627
211347,153178,182627
211348,153304,182627
211349,153430,182627
211350,153556,182627
211351,153682,182616
211352,153808,182616
211353,153934,182616
211354,154060,182616
211355,154186,182616
211356,159004,182650
211357,159037,182650
211358,159070,182650
211359,159103,182650
211360,157696,182652
211361,157760,182652
211362,157824,182652
211363,157888,182652
211364,157952,182652
211365,158016,182652
211366,160588,182653
211367,160590,182653
211368,160592,182653
211369,160594,182653
211370,160596,182653
211371,160598,182653
211372,160600,182653
211373,160602,182653
211374,160604,182653
211375,160606,182653
211376,160608,182653
211377,160610,182653
211378,160612,182653
211379,159760,182683
211380,159796,182686
211381,159829,182686
211382,159862,182686
211383,159895,182686
211384,159928,182686
211385,159961,182686
211386,159994,182686
211387,160027,182686
211388,160632,182689
211389,160634,182689
211390,160636,182689
211391,160638,182689
211392,160640,182689
211393,160642,182689
211394,160644,182689
211395,160646,182689
211396,160648,182689
211397,160650,182689
211398,160652,182689
211399,160654,182689
211400,160656,182689
211401,160658,182689
211402,160660,182689
211403,160662,182689
211404,160664,182689
211405,160666,182689
211406,160668,182689
211407,160755,182689
211408,160912,182689
211409,161069,182689
211410,161226,182689
211411,161383,182689
211412,161540,182689
211413,161697,182689
211414,161854,182689
211415,162011,182689
211416,162168,182689
211417,162325,182689
211418,162482,182689
211419,162639,182689
211420,162796,182689
211421,162953,182689
211422,163110,182689
211423,163267,182689
211424,163424,182689
211425,222274,182659
211426,222404,182659
211427,222534,182659
211428,222664,182659
211429,222794,182659
211430,222924,182659
211431,223054,182659
211432,164680,182653
211433,164837,182653
211434,164994,182653
211435,165151,182653
211436,165308,182653
211437,165465,182653
211438,165622,182653
211439,165779,182653
211440,165936,182653
211441,166093,182653
211442,166250,182653
211443,166407,182653
211444,166564,182653
211445,166721,182653
211446,166878,182653
211447,167035,182653
211448,167192,182653
211449,173380,182642
211450,173480,182642
211451,173580,182642
211452,173680,182642
211453,173780,182642
211454,173880,182642
211455,173980,182642
211456,174080,182642
211457,174180,182642
211458,174280,182642
211459,174380,182642
211460,174480,182642
211461,174580,182642
211462,174680,182642
211463,174780,182642
211464,174880,182642
211465,174980,182642
211466,175080,182642
211467,175180,182642
211468,175280,182642
211469,175380,182642
211470,175480,182642
211471,175580,182642
211472,175680,182642
211473,175774,182636
211474,175880,182634
211475,175980,182634
211476,176080,182634
211477,176180,182634
211478,176280,182634
211479,176380,182634
211480,176480,182634
211481,176580,182634
211482,176680,182634
211483,176780,182634
211484,176880,182634
211485,176980,182634
211486,177080,182634
211487,177180,182634
211488,179805,182644
211489,179939,182647
211490,180070,182647
211491,180201,182647
211492,240796,182651
211493,240843,182651
211494,240890,182651
211495,240937,182651
211496,240984,182651
211497,241031,182651
211498,226088,182659
211499,226156,182659
211500,181604,182683
211501,181647,182683
211502,181690,182683
211503,181773,182683
211504,181904,182683
211505,182035,182683
211506,182166,182683
211507,182297,182683
211508,244696,182651
211509,244774,182651
211510,244852,182651
211511,244930,182651
211512,245008,182651
211513,245086,182651
211514,245164,182651
211515,245242,182651
211516,245320,182651
211517,245398,182651
211518,245476,182651
211519,180380,182647
211520,182464,182647
211521,182507,182647
211522,182550,182647
211523,182593,182647
211524,182636,182647
211525,182679,182647
211526,182722,182647
211527,182765,182647
211528,182808,182647
211529,182851,182647
211530,182894,182647
211531,182937,182647
211532,182980,182647
211533,183023,182647
211534,183066,182647
211535,183109,182647
211536,183152,182647
211537,183195,182647
211538,183238,182647
211539,183281,182647
211540,183324,182647
211541,183367,182647
211542,183410,182647
211543,188359,182665
211544,188376,182665
211545,188393,182665
211546,188410,182665
211547,188427,182665
211548,188444,182665
211549,188461,182665
211550,188478,182665
211551,188495,182665
211552,188512,182665
211553,188529,182665
211554,188546,182665
211555,188585,182665
211556,188716,182665
211557,188847,182665
211558,188978,182665
211559,189109,182665
211560,189240,182665
211561,189371,182665
211562,189502,182665
211563,189633,182665
211564,189764,182665
211565,189895,182665
211566,190026,182665
211567,190157,182665
211568,190288,182665
211569,190419,182665
211570,190550,182665
211571,190681,182665
211572,190812,182665
211573,190943,182665
211574,188886,182629
211575,188903,182629
211576,188920,182629
211577,188937,182629
211578,188954,182629
211579,188971,182629
211580,188988,182629
211581,189005,182629
211582,194464,182634
211583,194512,182634
211584,194560,182634
211585,194608,182634
211586,194656,182634
211587,194704,182634
211588,194752,182634
211589,194800,182634
211590,194848,182634
211591,194896,182634
211592,194944,182634
211593,194992,182634
211594,195040,182634
211595,195088,182634
211596,195136,182634
211597,195184,182634
211598,195232,182634
211599,195280,182634
211600,195328,182634
211601,195376,182634
211602,195424,182634
211603,195472,182634
211604,195520,182634
211605,195568,182634
211606,195616,182634
211607,198906,182634
211608,198928,182634
211609,198950,182634
211610,198959,182657
211611,199059,182670
211612,199164,182670
211613,199269,182670
211614,199374,182670
211615,199479,182670
211616,199584,182670
211617,199689,182670
211618,199794,182670
211619,199899,182670
211620,200004,182670
211621,200109,182670
211622,200214,182670
211623,200319,182670
211624,200424,182670
211625,200529,182670
211626,200634,182670
211627,200739,182670
211628,200844,182670
211629,200949,182670
211630,201054,182670
211631,201159,182670
211632,201264,182670
211633,201369,182670
211634,201474,182670
211635,2057,182671
211636,2140,182671
211637,2223,182671
211638,2306,182671
211639,2389,182671
211640,2472,182671
211641,2555,182671
211642,2638,182671
211643,2721,182671
211644,2804,182671
211645,2887,182671
211646,2970,182671
211647,3053,182671
211648,3136,182671
211649,3219,182671
211650,3302,182671
211651,205357,182706
211652,205436,182706
211653,205515,182706
211654,205594,182706
211655,205673,182706
211656,205752,182706
211657,205831,182706
211658,205910,182706
211659,205989,182706
211660,206068,182706
211661,206147,182706
211662,206226,182706
211663,6167,182707
211664,6224,182707
211665,6281,182707
211666,6338,182707
211667,6395,182707
211668,6452,182707
211669,6509,182707
211670,6566,182707
211671,208515,182742
211672,208568,182742
211673,208621,182742
211674,208674,182742
211675,208727,182742
211676,208780,182742
211677,208833,182742
211678,208886,182742
211679,208939,182742
211680,208992,182742
211681,209045,182742
211682,209098,182742
211683,210417,182770
211684,210444,182770
211685,210471,182770
211686,210498,182770
211687,210525,182770
211688,210552,182770
211689,210579,182770
211690,210606,182770
211691,210633,182770
211692,211692,182772
211693,211693,182772
211694,211694,182772
211695,211695,182772
211696,211696,182772
211697,211697,182772
211698,211698,182772
211699,211699,182772
211700,211700,182772
211701,211701,182772
211702,211702,182772
211703,211703,182772
211704,211704,182772
211705,211705,182772
211706,211706,182772
211707,211707,182772
211708,211708,182772
211709,211709,182772
211710,211710,182772
211711,211711,182772
211712,211712,182772
211713,211713,182772
211714,211714,182772
211715,211715,182772
211716,211716,182772
211717,211717,182772
211718,211718,182772
211719,211719,182772
211720,211720,182772
211721,211721,182772
211722,211722,182772
211723,211723,182772
211724,211724,182772
211725,211725,182772
211726,211726,182772
211727,211727,182772
211728,211728,182772
211729,211729,182772
211730,211730,182772
211731,211731,182772
211732,211780,182772
211733,211937,182772
211734,212094,182772
211735,212251,182772
211736,212408,182772
211737,212565,182772
211738,212722,182772
211739,212879,182772
211740,213036,182772
211741,213193,182772
211742,213350,182772
211743,213507,182772
211744,213664,182772
211745,213821,182772
211746,213978,182772
211747,214135,182772
211748,214292,182772
211749,214449,182772
211750,214606,182772
211751,214763,182772
211752,214920,182772
211753,215077,182772
211754,215234,182772
211755,215391,182772
211756,215548,182772
211757,215705,182772
211758,215862,182772
211759,216019,182772
211760,216176,182772
211761,216333,182772
211762,216490,182772
211763,216647,182772
211764,216804,182772
211765,216961,182772
211766,217118,182772
211767,217275,182772
211768,217432,182772
211769,217589,182772
211770,217746,182772
211771,217903,182772
211772,218060,182770
211773,218217,182770
211774,218374,182770
211775,218528,182767
211776,218688,182755
211777,218845,182755
211778,219002,182755
211779,219159,182755
211780,16604,182739
211781,16739,182739
211782,16874,182739
211783,17009,182739
211784,17144,182739
211785,17279,182720
211786,17414,182720
211787,17549,182720
211788,17684,182720
211789,17819,182720
211790,17954,182720
211791,18089,182720
211792,16656,182703
211793,16765,182703
211794,16874,182703
211795,16983,182703
211796,17092,182703
211797,17201,182703
211798,17310,182703
211799,17419,182703
211800,220680,182691
211801,17637,182684
211802,17746,182684
211803,17855,182684
211804,17964,182684
211805,18073,182684
211806,18182,182684
211807,18291,182684
211808,18400,182684
211809,18509,182684
211810,18618,182684
211811,18727,182684
211812,16748,182667
211813,16831,182667
211814,16914,182667
211815,16997,182667
211816,17080,182667
211817,17163,182667
211818,17246,182667
211819,17329,182667
211820,17412,182667
211821,17495,182667
211822,17578,182667
211823,17661,182667
211824,17744,182667
211825,17827,182667
211826,17910,182667
211827,17992,182666
211828,18076,182648
211829,18159,182648
211830,18242,182648
211831,18325,182648
211832,18408,182648
211833,18491,182648
211834,18574,182648
211835,18657,182648
211836,18740,182648
211837,18823,182648
211838,18906,182648
211839,18989,182648
211840,19072,182648
211841,19155,182648
211842,19238,182648
211843,19321,182648
211844,19404,182648
211845,19487,182648
211846,19570,182648
211847,19653,182648
211848,19736,182648
211849,19819,182648
211850,19902,182648
211851,19985,182648
211852,21368,182627
211853,21378,182627
211854,21388,182627
211855,21398,182627
211856,21408,182627
211857,21418,182627
211858,21428,182627
211859,21438,182627
211860,21448,182627
211861,21458,182627
211862,233330,182635
211863,233341,182635
211864,233352,182635
211865,233363,182635
211866,233374,182635
211867,233385,182635
211868,233396,182635
211869,233407,182635
211870,233446,182635
211871,233603,182635
211872,233760,182635
211873,233917,182635
211874,234074,182635
211875,234231,182635
211876,234388,182635
211877,234545,182635
211878,234702,182635
211879,234859,182635
211880,235016,182635
211881,235173,182635
211882,235330,182635
211883,235487,182635
211884,235644,182635
211885,235801,182635
211886,235958,182635
211887,236115,182635
211888,236272,182635
211889,236429,182635
211890,236586,182635
211891,236743,182635
211892,236900,182635
211893,237057,182635
211894,237902,182635
211895,237939,182635
211896,237976,182635
211897,238013,182635
211898,238050,182635
211899,238087,182635
211900,238156,182635
211901,238313,182635
211902,238470,182635
211903,37271,182640
211904,37312,182640
211905,37353,182640
211906,37394,182640
211907,37435,182640
211908,37476,182640
211909,37517,182640
211910,37558,182640
211911,241528,182649
211912,241648,182659
211913,241758,182659
211914,241868,182659
211915,241978,182659
211916,242088,182659
211917,242198,182659
211918,242308,182659
211919,242418,182659
211920,242528,182659
211921,242638,182659
211922,245024,182651
211923,245040,182651
211924,245056,182651
211925,245072,182651
211926,245088,182651
211927,245104,182651
211928,245120,182651
211929,245136,182651
211930,245152,182651
211931,245168,182651
211932,245184,182651
211933,245200,182651
211934,245216,182651
211935,245232,182651
211936,38624,182676
211937,38665,182676
211938,38706,182676
211939,38747,182676
211940,245312,182687
