23 2226 2336
12 2 4 6 11 12 15 17 18 19 20 21 22
11 0 1 2 3 6 8 11 12 14 15 19
11 0 1 3 4 7 9 12 13 14 15 19
12 1 4 5 10 12 14 17 18 19 20 21 22
12 1 3 4 11 12 13 16 17 19 20 21 22
11 0 1 3 4 6 7 11 13 15 17 18
11 0 1 3 5 7 11 12 14 15 17 18
12 1 2 5 6 7 14 15 17 19 20 21 22
12 3 5 7 12 13 15 16 17 19 20 21 22
11 0 1 2 4 5 7 10 12 13 16 17
11 0 1 4 5 7 10 12 13 15 16 17
12 1 2 3 5 6 11 13 15 19 20 21 22
12 1 5 6 8 14 15 16 18 19 20 21 22
11 0 1 3 6 7 11 12 14 15 17 19
11 0 2 4 5 7 8 12 13 16 18 19
12 1 2 3 9 11 12 16 18 19 20 21 22
12 4 5 10 12 13 14 16 17 18 20 21 22
11 0 1 2 4 5 8 11 13 14 16 18
11 0 2 4 5 7 10 13 14 16 17 18
11 0 2 3 5 7 10 13 14 15 16 19
11 0 3 4 5 6 9 12 14 16 17 19
12 1 6 7 12 13 14 16 17 18 20 21 22
12 2 3 4 6 11 14 16 18 19 20 21 22
11 0 1 3 4 6 10 12 13 14 17 18
11 0 1 4 5 6 8 12 14 15 17 18
12 1 3 6 11 13 14 15 18 19 20 21 22
12 1 6 8 12 13 14 16 17 19 20 21 22
12 1 2 4 5 6 10 12 17 19 20 21 22
12 4 6 10 12 13 15 16 17 19 20 21 22
11 0 1 3 4 6 10 11 14 15 16 18
11 0 1 2 4 5 9 12 13 15 17 18
11 0 2 3 4 7 8 12 14 15 17 18
11 0 1 3 5 6 9 13 14 16 17 18
12 1 2 3 5 6 8 12 14 19 20 21 22
12 1 4 6 11 12 15 16 18 19 20 21 22
11 0 1 2 3 6 8 12 14 15 16 19
11 0 2 5 6 7 8 12 15 16 17 19
12 1 2 5 6 11 13 16 18 19 20 21 22
12 3 4 8 12 13 15 16 18 19 20 21 22
11 0 1 2 4 6 8 11 13 14 16 17
11 0 1 3 4 6 9 11 13 15 16 17
11 0 1 2 3 5 8 11 12 14 16 18
11 0 2 4 6 7 10 13 15 16 17 18
12 1 2 4 5 9 13 14 18 19 20 21 22
12 2 4 10 11 12 15 16 18 19 20 21 22
11 0 2 3 4 6 9 11 14 15 16 19
11 0 3 4 5 8 10 13 15 16 17 19
12 1 2 5 6 7 13 15 18 19 20 21 22
12 1 2 7 8 13 14 16 17 18 20 21 22
11 0 1 2 3 5 7 10 13 14 16 18
11 0 2 4 5 8 11 13 15 16 17 18
12 5 8 9 12 13 14 15 17 19 20 21 22
11 0 1 3 5 6 9 12 13 14 16 18
11 0 2 4 5 6 9 12 13 15 17 18
12 2 3 6 12 13 14 15 17 19 20 21 22
12 2 3 4 6 10 13 16 18 19 20 21 22
11 0 1 2 4 5 6 10 13 15 17 18
11 0 1 3 5 8 12 13 14 16 17 18
12 1 4 7 11 13 14 15 18 19 20 21 22
12 3 6 9 12 13 14 15 17 19 20 21 22
11 0 3 4 5 6 8 10 14 15 16 19
11 0 3 4 5 9 11 13 14 15 16 19
12 2 5 8 12 13 14 15 17 19 20 21 22
12 1 6 7 11 13 14 15 17 18 20 21 22
11 0 1 2 4 5 6 10 12 13 15 18
11 0 3 5 6 8 12 13 14 16 17 18
12 1 5 6 11 13 14 15 17 18 20 21 22
12 2 6 8 12 13 14 16 17 19 20 21 22
11 0 1 2 3 5 7 10 12 13 16 17
11 0 1 4 5 7 10 12 14 15 16 17
12 1 2 4 5 6 10 12 16 19 20 21 22
12 4 6 9 12 13 14 16 17 18 20 21 22
11 0 1 2 3 7 9 10 12 13 15 19
11 0 2 3 5 6 8 12 13 14 15 19
12 2 5 7 12 13 14 16 17 18 20 21 22
12 3 6 7 12 14 15 16 18 19 20 21 22
11 0 1 2 4 6 7 11 13 14 16 19
11 0 1 3 5 6 7 11 14 16 17 19
12 1 2 3 5 10 11 14 18 19 20 21 22
12 5 7 10 11 13 14 15 17 19 20 21 22
11 0 2 3 5 6 7 11 12 15 16 18
11 0 2 3 6 7 11 12 13 15 16 18
12 1 3 4 5 7 8 11 13 19 20 21 22
12 1 5 6 10 13 14 16 18 19 20 21 22
11 0 1 2 3 4 7 9 13 14 16 19
11 0 2 5 6 7 8 9 13 16 18 19
12 1 3 4 7 11 12 16 18 19 20 21 22
12 1 3 4 10 12 13 16 17 19 20 21 22
11 0 1 3 5 6 7 11 13 14 15 18
11 0 3 4 5 7 11 12 13 15 17 18
12 1 2 5 6 8 14 15 17 19 20 21 22
12 1 6 7 11 13 15 16 18 19 20 21 22
11 0 1 2 3 6 7 10 13 14 16 18
11 0 2 4 5 8 11 12 15 16 17 18
12 1 2 4 6 10 11 16 18 19 20 21 22
12 2 5 6 11 13 15 16 17 19 20 21 22
11 0 1 3 6 8 12 13 14 15 16 19
11 0 3 4 5 6 7 11 13 16 18 19
12 1 2 3 5 7 12 13 16 19 20 21 22
12 2 3 5 11 12 14 16 17 18 20 21 22
12 1 3 4 10 12 13 16 17 18 20 21 22
12 4 6 9 12 13 15 17 18 19 20 21 22
11 0 1 2 6 8 11 12 13 15 16 19
11 0 1 2 6 9 10 12 13 14 17 19
12 1 3 4 7 10 12 17 18 19 20 21 22
12 1 4 6 7 13 15 16 17 19 20 21 22
12 1 2 3 5 11 12 14 17 19 20 21 22
12 4 7 9 12 13 14 16 18 19 20 21 22
11 0 2 3 4 5 8 9 13 15 16 19
11 0 1 4 5 6 7 9 13 16 17 19
12 1 3 4 5 8 10 13 18 19 20 21 22
12 2 3 4 8 11 13 16 18 19 20 21 22
11 0 1 2 4 5 6 8 12 15 16 18
11 0 2 3 6 10 12 13 14 16 17 18
12 1 4 6 9 13 14 15 18 19 20 21 22
12 2 5 10 11 12 14 16 18 19 20 21 22
11 0 1 3 4 6 8 11 12 13 16 17
11 0 1 4 5 6 9 11 13 14 16 17
12 1 3 5 6 7 12 15 18 19 20 21 22
12 3 4 8 11 12 15 17 18 19 20 21 22
11 0 1 2 4 6 7 10 12 13 15 17
11 0 2 4 5 7 10 11 13 15 16 17
11 0 1 2 3 5 7 9 12 13 15 18
11 0 3 5 6 9 11 13 15 16 17 18
12 1 4 5 8 12 13 17 18 19 20 21 22
12 2 3 5 10 12 13 16 17 19 20 21 22
11 0 1 2 3 4 6 8 12 13 16 18
11 0 2 5 6 10 12 14 15 16 17 18
12 1 2 5 6 8 13 15 16 19 20 21 22
12 1 3 4 6 12 13 14 17 18 20 21 22
11 0 1 2 4 5 6 8 12 13 15 18
11 0 3 5 6 10 12 13 14 16 17 18
12 1 2 5 6 7 13 15 16 18 20 21 22
12 2 4 8 11 12 13 16 18 19 20 21 22
11 0 1 3 4 5 6 9 11 13 16 17
11 0 1 4 6 8 11 12 13 14 16 17
12 1 4 5 6 9 13 15 18 19 20 21 22
12 4 5 9 12 14 15 16 18 19 20 21 22
11 0 1 2 4 7 10 12 14 15 16 19
11 0 3 4 5 7 9 12 15 17 18 19
12 1 2 3 5 8 12 13 18 19 20 21 22
12 2 3 5 10 11 15 16 18 19 20 21 22
11 0 2 3 4 5 8 11 12 14 16 18
11 0 2 4 6 7 10 13 14 15 16 18
12 1 2 6 7 12 14 15 18 19 20 21 22
12 2 4 5 11 12 15 16 17 19 20 21 22
12 1 2 3 6 7 13 14 16 19 20 21 22
12 2 4 5 10 12 15 16 18 19 20 21 22
11 0 1 2 5 9 10 12 13 14 16 18
11 0 2 4 5 6 8 9 13 16 17 18
12 1 2 5 7 12 13 15 18 19 20 21 22
12 1 2 4 6 7 14 15 17 18 20 21 22
11 0 1 2 4 6 10 11 12 15 16 18
11 0 2 3 6 7 8 12 14 16 17 18
12 1 2 4 5 12 13 15 17 18 20 21 22
12 2 3 9 10 12 15 17 18 19 20 21 22
11 0 1 2 4 6 7 11 13 15 16 19
11 0 1 3 5 6 7 11 14 15 17 19
12 1 4 6 7 13 14 17 18 19 20 21 22
12 5 6 9 12 14 15 16 17 19 20 21 22
12 1 4 7 8 14 15 16 17 19 20 21 22
12 2 3 4 5 9 12 16 17 19 20 21 22
11 0 1 3 5 9 11 12 14 15 16 18
11 0 2 3 4 6 7 9 13 15 17 18
12 1 2 6 9 13 14 15 16 19 20 21 22
12 4 6 10 11 13 14 16 17 19 20 21 22
11 0 1 2 4 5 6 9 13 15 17 18
11 0 1 3 5 9 12 13 14 16 17 18
12 1 2 4 5 7 8 12 14 19 20 21 22
12 3 5 10 11 12 15 16 18 19 20 21 22
11 0 1 3 4 5 7 10 12 14 15 18
11 0 2 3 5 6 9 11 13 14 15 18
11 0 3 4 5 7 9 12 13 15 16 18
11 0 3 4 6 8 11 13 14 15 17 18
12 1 2 5 6 7 12 14 18 19 20 21 22
12 6 8 9 12 13 14 16 17 19 20 21 22
11 0 1 2 5 6 8 12 14 15 17 19
11 0 2 3 6 7 8 12 14 16 17 19
12 1 2 4 5 6 9 10 12 19 20 21 22
12 4 7 8 12 14 15 16 17 19 20 21 22
11 0 1 2 4 6 7 10 13 14 16 18
11 0 2 4 5 8 11 12 14 16 17 18
12 1 5 6 9 14 15 16 17 19 20 21 22
12 1 4 5 9 13 14 15 17 19 20 21 22
11 0 1 2 3 4 6 9 12 13 16 18
11 0 2 5 6 9 12 14 15 16 17 18
12 1 3 4 5 9 13 14 17 19 20 21 22
12 2 5 7 11 13 14 15 17 18 20 21 22
11 0 1 2 3 5 6 10 11 12 15 17
11 0 2 5 6 7 11 12 14 15 16 17
12 1 5 7 10 13 14 15 17 18 20 21 22
12 3 7 10 11 13 15 16 17 19 20 21 22
11 0 1 2 3 7 10 12 14 15 17 18
11 0 1 3 4 6 8 11 15 16 17 18
12 1 2 3 5 7 8 11 15 19 20 21 22
12 2 7 8 12 13 15 16 18 19 20 21 22
11 0 1 3 5 7 8 12 14 15 16 18
11 0 2 3 4 6 10 11 13 15 17 18
12 1 2 4 5 9 10 15 18 19 20 21 22
12 2 3 4 7 13 14 16 17 19 20 21 22
12 1 2 4 5 11 14 15 16 19 20 21 22
12 2 3 6 7 13 15 16 18 19 20 21 22
11 0 1 2 4 6 9 12 14 16 17 18
12 1 2 4 10 11 14 15 18 19 20 21 22
12 2 6 8 11 14 15 16 18 19 20 21 22
11 0 1 2 4 6 9 11 12 15 16 17
11 0 1 2 5 6 8 11 13 15 16 17
12 1 2 3 6 9 11 15 18 19 20 21 22
12 1 3 6 8 12 15 16 18 19 20 21 22
11 0 1 2 3 7 9 10 13 14 15 18
11 0 3 4 5 8 9 11 15 16 17 18
12 1 2 5 9 11 14 16 18 19 20 21 22
12 1 3 6 9 12 15 16 17 19 20 21 22
11 0 1 2 3 4 8 10 14 15 16 19
11 0 1 2 3 4 8 11 12 13 17 19
12 1 2 3 6 9 12 15 17 19 20 21 22
12 1 3 7 8 13 14 16 17 19 20 21 22
11 0 1 2 3 5 8 9 12 13 15 17
11 0 2 4 5 8 9 12 14 15 16 17
12 1 2 4 5 10 11 15 17 19 20 21 22
12 2 4 5 6 11 15 17 18 19 20 21 22
11 0 1 2 4 7 10 12 14 15 18 19
11 0 1 4 5 7 9 12 15 17 18 19
12 1 5 10 11 12 14 17 18 19 20 21 22
12 2 3 4 5 8 12 15 17 19 20 21 22
11 0 1 2 3 5 6 9 13 15 17 18
11 0 1 3 5 9 12 13 15 16 17 18
12 1 3 6 10 13 14 15 16 19 20 21 22
12 4 5 9 11 13 14 15 17 18 20 21 22
11 0 1 2 4 5 8 10 11 13 15 16
11 0 1 3 5 6 8 11 12 14 15 16
12 1 3 7 8 13 14 15 17 18 20 21 22
12 2 6 10 11 12 15 17 18 19 20 21 22
11 0 1 2 4 6 7 10 13 15 17 18
11 0 1 3 5 8 11 12 14 16 17 18
12 1 4 5 6 10 14 17 18 19 20 21 22
12 5 8 9 12 13 14 16 18 19 20 21 22
11 0 2 3 4 8 9 11 13 14 16 19
11 0 3 5 6 8 10 11 15 16 17 19
12 1 3 4 5 8 9 12 18 19 20 21 22
12 1 3 5 6 7 13 16 17 19 20 21 22
11 0 1 2 3 5 8 9 13 14 16 19
11 0 1 4 6 7 8 9 13 16 18 19
12 1 2 5 11 12 13 15 17 19 20 21 22
12 2 4 5 7 12 15 16 18 19 20 21 22
11 0 1 2 3 5 7 9 13 14 17 18
11 0 1 4 5 9 11 13 15 16 17 18
12 1 2 5 10 12 13 15 18 19 20 21 22
12 2 3 4 11 12 14 15 17 18 20 21 22
11 0 2 3 5 6 10 11 12 14 16 18
11 0 2 4 6 7 8 12 13 15 16 18
12 1 2 4 5 7 8 15 16 17 20 21 22
12 2 5 10 11 12 14 15 17 19 20 21 22
11 0 1 2 6 9 10 12 13 14 16 18
11 0 2 4 5 6 8 9 12 16 17 18
12 1 3 4 6 7 8 13 16 19 20 21 22
12 1 4 5 7 11 14 16 18 19 20 21 22
11 0 1 2 3 5 7 8 12 13 16 17
11 0 1 4 5 9 10 12 14 15 16 17
12 1 3 6 10 12 13 16 18 19 20 21 22
12 3 4 5 9 12 15 17 18 19 20 21 22
11 0 1 3 5 7 10 11 12 14 15 18
11 0 3 4 6 7 8 11 13 15 17 18
12 1 4 7 11 12 13 17 18 19 20 21 22
12 3 5 6 11 13 15 16 17 19 20 21 22
11 0 1 3 4 5 7 8 12 15 17 18
11 0 1 3 6 10 11 13 14 15 17 18
12 1 2 3 5 7 12 13 15 19 20 21 22
12 1 6 7 11 12 14 15 17 18 20 21 22
11 0 2 3 4 5 6 10 11 14 16 18
11 0 2 4 7 8 12 13 14 15 16 18
12 1 2 4 5 7 8 12 13 18 20 21 22
12 2 3 4 6 10 11 16 17 19 20 21 22
11 0 1 3 4 6 8 10 12 13 15 16
12 1 2 7 8 12 14 15 16 19 20 21 22
12 2 3 4 9 11 13 16 17 19 20 21 22
11 0 1 2 3 4 6 8 11 14 15 18
11 0 3 4 7 10 12 14 15 16 17 18
12 1 2 5 7 9 14 15 16 19 20 21 22
12 1 5 6 8 13 15 16 18 19 20 21 22
11 0 1 3 5 6 7 9 13 14 17 18
11 0 1 4 5 9 11 12 13 15 17 18
12 1 2 4 9 11 12 16 18 19 20 21 22
12 5 7 10 11 12 14 15 17 19 20 21 22
11 0 1 2 4 5 6 10 12 13 16 19
11 0 1 2 4 5 6 10 13 16 17 19
12 1 3 4 6 7 8 11 13 19 20 21 22
12 5 7 9 11 12 14 15 16 19 20 21 22
11 0 1 3 4 5 6 9 12 13 16 18
11 0 2 5 6 9 12 13 14 15 17 18
12 2 3 4 6 7 9 11 13 19 20 21 22
12 2 4 6 11 12 14 15 17 18 20 21 22
11 0 1 2 3 5 6 10 11 12 14 18
11 0 4 6 7 8 12 13 15 16 17 18
12 1 2 4 5 7 8 13 15 17 20 21 22
12 4 7 8 11 13 14 15 17 19 20 21 22
11 0 1 2 3 5 6 9 11 13 14 18
11 0 4 5 7 9 12 13 15 16 17 18
12 1 3 4 5 7 10 11 14 19 20 21 22
12 2 3 5 9 11 13 16 18 19 20 21 22
11 0 1 2 4 5 7 10 11 12 15 16
11 0 1 4 5 6 9 11 12 14 15 16
12 1 4 6 8 12 14 15 18 19 20 21 22
12 4 7 10 11 12 13 15 17 19 20 21 22
11 0 1 3 6 7 10 11 12 13 15 19
11 0 2 3 4 5 8 9 12 14 15 19
12 2 5 10 11 12 13 15 17 19 20 21 22
12 2 3 5 6 10 11 16 18 19 20 21 22
11 0 1 2 3 5 6 8 12 14 16 19
11 0 2 3 5 6 7 8 12 15 17 19
12 1 6 7 11 12 14 15 18 19 20 21 22
12 1 4 7 11 12 13 15 17 19 20 21 22
11 0 1 2 3 6 7 10 11 12 14 17
11 0 3 5 6 7 10 11 14 15 16 17
12 1 3 5 6 7 11 14 17 19 20 21 22
12 3 6 8 11 12 14 15 16 19 20 21 22
11 0 1 4 6 8 11 12 13 14 15 17
11 0 2 3 4 5 6 9 11 13 16 17
12 2 3 4 6 7 10 12 15 19 20 21 22
12 2 4 5 6 11 15 16 18 19 20 21 22
11 0 1 2 4 5 8 10 12 13 16 18
11 0 2 5 6 8 10 13 14 16 17 18
12 1 2 6 11 12 13 15 18 19 20 21 22
12 1 2 8 10 11 15 16 18 19 20 21 22
11 0 1 4 6 7 8 12 14 15 17 19
11 0 1 2 4 7 8 12 14 16 17 19
12 1 2 6 7 9 15 16 18 19 20 21 22
12 1 2 7 9 11 15 16 18 19 20 21 22
11 0 1 2 3 6 7 10 13 15 17 18
11 0 1 3 5 8 11 12 15 16 17 18
12 1 2 6 8 10 15 16 18 19 20 21 22
12 2 8 9 11 12 14 16 17 18 20 21 22
11 0 1 2 3 7 8 10 12 14 15 18
11 0 3 4 6 8 10 11 15 16 17 18
12 1 3 4 6 7 13 16 17 18 20 21 22
12 3 4 5 8 13 15 17 18 19 20 21 22
11 0 2 3 4 7 8 10 13 15 16 19
11 0 3 4 6 9 11 12 15 16 17 19
12 1 3 8 11 12 13 17 18 19 20 21 22
12 4 8 10 11 13 14 17 18 19 20 21 22
11 0 1 3 5 7 10 11 12 15 16 18
11 0 2 3 6 7 8 11 13 15 17 18
11 0 1 5 6 8 11 13 15 16 17 19
11 0 2 3 4 6 8 11 13 14 18 19
12 2 3 5 6 8 12 17 18 19 20 21 22
12 2 3 4 7 9 12 16 18 19 20 21 22
11 0 1 2 3 5 6 9 11 13 16 17
11 0 1 4 6 8 11 12 14 15 16 17
12 1 5 8 10 13 14 15 18 19 20 21 22
12 1 3 7 8 12 14 15 17 18 20 21 22
11 0 2 3 5 6 10 11 12 13 14 18
11 0 4 5 6 7 8 12 13 15 16 18
12 1 2 4 5 7 11 12 16 18 20 21 22
12 2 4 6 7 13 15 16 17 19 20 21 22
11 0 1 2 4 6 7 9 12 13 16 17
11 0 1 4 5 8 10 11 13 15 16 17
12 1 2 3 5 11 12 14 16 19 20 21 22
12 1 5 6 7 12 15 16 18 19 20 21 22
11 0 1 3 5 6 8 11 12 13 15 19
11 0 2 3 4 7 9 10 12 14 15 19
12 1 2 5 10 11 12 16 18 19 20 21 22
12 1 3 4 10 12 13 14 17 18 20 21 22
11 0 1 3 7 8 10 12 13 14 15 18
11 0 3 4 5 6 8 10 11 15 17 18
12 1 2 5 6 7 9 15 16 18 20 21 22
12 2 3 5 9 11 12 16 17 19 20 21 22
11 0 1 3 5 7 8 11 12 13 14 16
11 0 2 3 4 5 8 9 11 13 15 16
12 1 2 6 7 9 13 15 16 19 20 21 22
12 2 3 4 9 11 12 15 17 18 20 21 22
11 0 1 3 4 5 8 10 11 12 14 16
11 0 2 4 5 6 8 11 12 13 15 16
12 1 2 4 7 8 10 15 16 17 20 21 22
12 2 4 6 10 12 13 15 16 19 20 21 22
11 0 1 4 5 6 9 11 12 13 14 16
11 0 2 3 4 5 7 10 11 12 15 16
12 2 3 5 6 8 12 14 16 19 20 21 22
12 3 7 10 11 12 13 16 18 19 20 21 22
11 0 1 2 4 5 7 8 12 14 17 19
11 0 1 3 4 6 7 8 12 14 17 19
12 1 4 5 6 7 10 14 18 19 20 21 22
12 2 5 6 7 13 15 16 17 19 20 21 22
12 1 2 3 5 11 12 13 16 19 20 21 22
12 6 7 8 10 12 13 15 16 18 20 21 22
11 0 1 4 7 8 11 12 13 14 16 18
11 0 2 4 5 6 7 10 11 14 17 18
12 2 4 8 11 12 13 14 17 19 20 21 22
11 0 1 4 5 8 10 11 12 13 15 17
11 0 2 4 5 6 7 9 12 13 16 17
11 0 2 4 7 8 11 12 13 14 15 18
11 0 3 4 5 6 7 10 11 14 16 18
12 2 6 8 11 12 13 14 16 19 20 21 22
12 3 4 8 10 12 13 16 18 19 20 21 22
11 0 2 3 5 6 7 10 12 13 14 17
11 0 3 4 5 7 10 11 12 14 15 17
12 1 4 5 7 9 13 14 18 19 20 21 22
12 2 5 6 7 12 14 16 17 19 20 21 22
11 0 1 2 4 5 6 8 11 12 15 17
11 0 2 5 6 9 11 12 13 15 16 17
12 1 2 4 6 11 12 13 16 19 20 21 22
12 1 3 6 7 8 13 15 16 18 20 21 22
11 0 2 3 6 7 10 11 12 13 14 17
11 0 3 4 5 6 7 10 11 14 15 17
11 0 1 2 3 4 6 7 10 13 14 18
11 0 4 5 8 11 12 14 15 16 17 18
12 1 3 4 6 11 12 13 16 18 20 21 22
12 1 8 9 11 12 14 16 17 18 20 21 22
11 0 1 2 4 7 9 12 13 16 17 18
11 0 1 2 5 6 9 11 14 16 17 18
12 1 3 4 6 7 14 16 17 18 20 21 22
12 1 3 4 7 9 13 16 17 19 20 21 22
11 0 1 2 5 9 10 11 12 14 16 17
11 0 1 3 5 6 7 8 12 15 16 17
12 1 2 5 9 11 14 15 17 19 20 21 22
12 4 7 8 12 14 15 17 18 19 20 21 22
11 0 1 2 3 6 8 11 12 15 17 19
11 0 2 4 7 8 11 13 16 17 18 19
12 1 2 4 8 9 12 17 18 19 20 21 22
12 1 6 8 9 14 15 16 18 19 20 21 22
11 0 2 4 5 8 9 11 14 15 16 19
11 0 3 4 5 8 10 11 14 15 17 19
12 1 2 3 8 9 11 16 18 19 20 21 22
12 2 4 5 6 12 15 16 17 19 20 21 22
11 0 1 3 4 7 9 11 12 13 16 18
11 0 2 5 6 7 9 11 14 15 17 18
12 1 2 3 6 12 13 14 16 19 20 21 22
12 2 3 4 6 12 14 15 16 19 20 21 22
11 0 1 3 4 5 7 10 12 13 15 19
11 0 2 3 5 8 10 11 12 14 15 19
12 1 3 9 11 12 13 16 17 19 20 21 22
11 0 1 2 5 7 8 11 12 14 16 17
11 0 1 3 5 6 9 10 12 15 16 17
12 1 2 5 6 7 9 15 17 19 20 21 22
12 2 3 5 9 12 13 15 17 18 20 21 22
11 0 1 2 3 4 7 9 11 12 13 18
11 0 1 2 4 6 9 10 11 12 13 18
12 1 2 4 6 7 10 14 16 17 20 21 22
12 1 7 10 11 12 14 16 17 19 20 21 22
11 0 1 2 3 7 8 11 14 15 17 19
11 0 1 2 3 7 9 11 12 15 18 19
12 1 2 4 6 7 8 11 17 19 20 21 22
12 3 4 7 10 12 14 16 17 19 20 21 22
11 0 1 2 3 5 8 9 11 12 13 17
11 0 4 5 6 8 9 12 14 15 16 17
12 1 2 4 6 8 11 14 15 19 20 21 22
12 4 5 7 11 12 14 16 17 18 20 21 22
11 0 3 4 5 6 7 10 12 14 15 18
11 0 3 4 6 8 11 12 13 14 15 18
12 1 3 4 8 10 11 16 17 18 20 21 22
12 2 7 8 9 12 14 15 16 18 20 21 22
12 1 4 5 6 11 14 15 16 18 20 21 22
12 2 7 9 11 12 13 15 17 18 20 21 22
11 0 1 2 3 5 6 9 12 16 17 18
11 0 1 2 6 9 12 13 15 16 17 18
12 1 3 8 11 12 13 15 16 18 20 21 22
12 3 6 9 11 12 16 17 18 19 20 21 22
11 0 1 2 4 6 8 9 12 13 16 18
11 0 2 5 6 9 10 12 14 16 17 18
12 3 4 6 9 12 16 17 18 19 20 21 22
12 5 7 8 12 13 15 17 18 19 20 21 22
11 0 1 5 6 8 9 11 12 15 17 19
11 0 2 4 7 8 10 11 13 14 18 19
12 1 3 4 8 9 11 17 18 19 20 21 22
12 5 6 8 11 14 15 16 18 19 20 21 22
11 0 2 3 6 7 8 11 12 14 16 18
11 0 2 4 6 7 10 11 12 15 16 18
12 1 2 3 6 9 11 12 18 19 20 21 22
12 4 6 7 11 12 14 16 17 18 20 21 22
11 0 1 2 3 4 6 8 11 12 15 18
11 0 3 6 7 10 12 14 15 16 17 18
12 1 3 4 8 9 11 16 17 18 20 21 22
12 5 6 9 11 12 14 16 18 19 20 21 22
11 0 1 4 5 6 9 10 12 13 15 17
11 0 2 4 5 7 8 11 12 13 16 17
11 0 1 5 7 10 11 12 13 15 16 19
11 0 1 5 8 9 11 12 13 14 17 19
12 1 3 5 6 8 11 12 18 19 20 21 22
12 2 4 5 6 8 12 15 17 19 20 21 22
11 0 1 2 5 6 9 10 11 12 14 17
11 0 3 5 6 7 8 11 12 15 16 17
12 1 3 6 10 12 13 14 16 19 20 21 22
12 2 4 5 7 11 13 15 17 18 20 21 22
11 0 1 2 3 6 7 8 11 12 14 15
11 0 1 3 4 7 8 9 12 13 14 15
12 1 2 4 6 8 12 14 15 17 20 21 22
12 4 5 8 10 12 14 15 18 19 20 21 22
11 0 1 5 8 10 11 12 13 14 16 19
12 2 3 5 7 9 12 13 18 19 20 21 22
12 3 5 6 10 11 13 15 16 19 20 21 22
11 0 1 3 4 5 7 9 11 12 14 15
11 0 1 3 4 6 8 10 11 12 14 15
12 3 4 7 9 12 13 14 16 19 20 21 22
12 2 4 5 6 9 11 14 15 19 20 21 22
12 2 3 5 7 8 12 13 15 19 20 21 22
12 5 7 8 10 12 13 14 17 18 20 21 22
11 0 1 3 5 6 7 9 12 13 14 17
11 0 3 4 5 8 10 11 12 14 16 17
12 1 3 4 6 12 13 14 16 17 20 21 22
12 3 4 5 7 12 14 15 17 18 20 21 22
11 0 1 5 7 9 10 11 12 13 16 19
11 0 1 5 8 11 12 13 14 15 17 19
12 3 4 5 7 8 10 11 13 18 20 21 22
12 4 5 7 9 13 14 15 17 18 20 21 22
11 0 2 3 5 6 7 9 12 13 14 17
11 0 3 4 5 8 10 11 12 14 15 17
12 3 5 7 8 13 14 15 17 18 20 21 22
12 3 4 5 7 10 12 14 17 18 20 21 22
11 0 1 3 4 5 6 7 10 12 15 16
11 0 1 4 6 9 10 11 12 13 15 16
12 3 4 5 7 8 11 13 15 18 20 21 22
12 2 3 5 6 10 11 12 15 18 20 21 22
11 0 1 2 4 6 7 9 11 12 13 15
11 0 2 3 4 6 8 9 11 13 14 15
12 1 4 7 8 9 13 14 16 17 20 21 22
12 1 5 7 10 11 14 15 17 19 20 21 22
11 0 3 4 5 6 7 11 12 13 15 18
11 0 3 5 6 7 11 12 13 14 15 18
12 1 3 4 7 8 11 13 17 19 20 21 22
12 5 6 9 10 12 14 15 18 19 20 21 22
11 0 2 4 6 7 10 11 12 13 15 18
11 0 3 5 6 7 8 11 12 14 16 18
12 2 3 5 7 8 11 12 18 19 20 21 22
12 4 5 7 9 11 13 14 17 18 20 21 22
11 0 1 2 5 7 8 10 11 12 13 16
11 0 3 4 5 6 8 9 11 14 15 16
12 2 3 5 9 11 12 13 16 18 20 21 22
12 1 3 6 7 8 10 14 16 17 20 21 22
12 1 2 5 6 8 10 12 14 15 20 21 22
12 2 4 5 7 8 11 12 17 19 20 21 22
11 0 1 3 4 5 6 8 10 12 16 17
11 0 1 5 7 9 11 12 13 14 16 17
11 0 2 4 6 7 10 11 12 13 14 18
11 0 4 5 6 7 8 11 12 14 16 18
12 1 6 7 10 11 13 14 16 19 20 21 22
12 2 5 6 7 8 12 15 17 19 20 21 22
11 0 1 5 6 8 9 11 12 13 15 17
11 0 2 4 5 6 8 9 11 12 16 17
12 1 3 6 10 11 12 13 16 19 20 21 22
12 1 3 4 5 10 13 16 17 19 20 21 22
11 0 1 3 4 5 8 10 14 15 16 18
11 0 2 3 4 8 10 13 14 15 17 18
12 1 2 5 8 13 14 15 17 19 20 21 22
12 2 3 5 7 13 14 16 18 19 20 21 22
11 0 1 4 5 6 8 11 14 15 16 18
11 0 2 3 4 7 10 12 13 14 17 18
12 1 3 4 10 12 14 15 18 19 20 21 22
12 3 5 6 11 14 15 17 18 19 20 21 22
11 0 2 3 4 7 9 12 13 14 17 19
11 0 2 5 6 7 10 12 15 16 17 19
12 1 2 5 10 11 13 17 18 19 20 21 22
12 2 3 9 11 13 14 16 18 19 20 21 22
11 0 1 2 3 7 10 11 13 15 16 19
12 1 3 4 6 8 14 15 18 19 20 21 22
12 4 7 9 12 14 15 16 18 19 20 21 22
11 0 1 2 4 6 10 11 14 15 17 18
11 0 1 3 4 7 8 12 14 16 17 18
11 0 1 2 5 6 8 12 14 15 16 19
11 0 2 3 6 7 8 12 15 16 17 19
12 1 2 3 5 8 10 13 18 19 20 21 22
12 1 2 5 9 10 15 16 17 19 20 21 22
11 0 1 2 4 8 10 11 13 14 16 18
11 0 2 4 5 7 8 10 14 16 17 18
12 1 2 3 8 9 13 16 17 19 20 21 22
12 2 4 10 11 13 14 15 17 19 20 21 22
11 0 2 3 4 8 9 12 13 15 16 18
11 0 2 3 5 6 9 10 14 15 16 18
12 1 3 4 5 7 8 14 16 19 20 21 22
12 2 3 4 8 11 14 16 18 19 20 21 22
11 0 1 2 3 5 7 10 11 14 15 17
11 0 2 3 6 7 10 12 14 15 16 17
12 1 3 6 9 13 14 15 18 19 20 21 22
12 2 3 4 6 13 14 15 17 19 20 21 22
11 0 1 3 4 5 8 11 13 14 17 19
11 0 2 5 6 8 11 14 15 16 18 19
12 1 3 4 5 12 14 15 16 19 20 21 22
12 4 5 8 12 14 15 16 17 19 20 21 22
11 0 2 3 5 6 8 10 14 15 16 19
11 0 3 4 5 9 11 13 14 16 17 19
12 1 5 8 9 14 15 16 17 19 20 21 22
12 2 3 4 5 7 10 14 17 19 20 21 22
11 0 1 2 5 9 11 13 14 15 17 18
11 0 1 3 4 5 7 9 13 16 17 18
12 1 4 5 10 12 14 16 17 19 20 21 22
11 0 1 2 4 5 8 10 11 14 15 16
11 0 1 2 5 6 8 11 12 14 15 16
12 1 3 6 9 13 14 15 17 19 20 21 22
12 1 3 4 5 9 12 15 17 19 20 21 22
12 1 2 4 6 8 13 14 17 19 20 21 22
12 1 4 5 7 12 15 16 17 19 20 21 22
11 0 1 2 3 4 8 10 13 14 17 19
12 1 2 3 6 11 13 14 17 19 20 21 22
12 2 3 4 6 11 14 15 17 19 20 21 22
11 0 1 4 5 6 8 11 13 14 15 17
11 0 2 3 4 6 9 11 12 13 16 17
12 1 3 4 7 12 14 15 16 19 20 21 22
12 2 4 6 10 13 14 16 17 19 20 21 22
11 0 1 2 3 4 8 9 11 13 14 18
11 0 4 5 7 9 10 14 15 16 17 18
12 1 2 4 5 8 12 14 16 19 20 21 22
12 3 6 9 11 13 14 15 18 19 20 21 22
11 0 1 3 4 5 7 10 12 13 14 18
11 0 4 5 6 8 11 13 14 15 17 18
12 2 3 4 6 8 11 14 18 19 20 21 22
12 5 7 10 11 14 15 16 17 19 20 21 22
11 0 2 3 4 7 9 12 15 16 17 19
11 0 2 3 4 7 10 12 15 16 17 19
12 2 3 6 8 14 15 16 17 19 20 21 22
12 3 8 9 11 13 14 15 17 18 20 21 22
11 0 1 2 3 5 9 10 12 13 16 18
11 0 2 5 6 8 9 13 15 16 17 18
12 1 3 4 9 13 14 15 17 18 20 21 22
12 2 7 8 11 14 15 16 18 19 20 21 22
11 0 1 2 4 8 10 12 13 15 17 18
11 0 1 3 5 6 8 10 14 16 17 18
12 4 8 9 12 13 15 16 18 19 20 21 22
12 1 2 3 6 9 10 15 18 19 20 21 22
12 1 2 4 5 8 9 13 18 19 20 21 22
12 1 5 10 11 12 14 16 17 19 20 21 22
11 0 1 2 4 6 7 10 14 15 17 18
11 0 1 3 4 8 11 12 14 16 17 18
12 1 2 4 6 7 8 13 17 19 20 21 22
12 2 3 8 11 13 14 15 17 18 20 21 22
11 0 1 2 4 6 7 9 13 14 15 17
11 0 2 3 4 8 10 11 13 15 16 17
12 1 4 9 10 13 14 15 17 18 20 21 22
12 3 4 8 11 13 15 16 17 19 20 21 22
11 0 1 2 4 8 9 11 12 14 15 17
11 0 2 3 5 6 8 9 13 15 16 17
12 1 2 3 5 7 10 14 15 19 20 21 22
12 1 3 4 10 12 14 15 17 18 20 21 22
11 0 1 2 5 6 7 10 13 14 15 17
11 0 2 3 4 7 10 11 12 15 16 17
12 1 2 4 5 7 9 15 16 18 20 21 22
12 2 3 4 5 8 13 15 17 19 20 21 22
11 0 1 2 4 5 8 9 12 14 15 17
11 0 2 3 5 8 9 12 13 15 16 17
12 1 3 5 10 13 14 15 16 19 20 21 22
12 1 6 9 10 13 15 16 17 19 20 21 22
11 0 1 2 4 6 7 10 12 15 16 17
11 0 1 2 5 7 10 11 13 15 16 17
12 1 2 3 5 8 9 12 17 19 20 21 22
12 4 5 9 11 13 15 16 18 19 20 21 22
11 0 1 4 6 9 12 13 14 15 16 19
11 0 3 4 5 6 7 10 13 15 18 19
12 1 2 4 6 8 12 13 18 19 20 21 22
12 1 7 8 11 13 15 16 18 19 20 21 22
11 0 1 5 6 7 9 13 14 16 17 19
11 0 2 3 5 6 10 12 13 14 18 19
12 1 2 4 6 9 10 16 18 19 20 21 22
12 5 7 10 11 14 15 16 18 19 20 21 22
11 0 1 3 4 6 10 11 12 14 17 19
11 0 2 5 7 8 9 13 15 16 18 19
12 1 2 3 6 7 10 12 18 19 20 21 22
12 1 3 7 8 12 15 16 18 19 20 21 22
11 0 2 3 4 5 9 10 12 15 16 18
11 0 2 3 6 8 9 13 14 15 16 18
12 1 2 5 9 10 14 16 18 19 20 21 22
12 2 5 7 10 14 15 16 18 19 20 21 22
11 0 1 2 3 6 8 10 12 13 16 17
11 0 1 4 5 7 9 11 14 15 16 17
12 1 2 3 7 10 12 15 18 19 20 21 22
12 3 5 8 11 13 15 16 17 19 20 21 22
11 0 1 4 5 7 8 12 13 14 15 17
11 0 2 3 4 5 9 10 12 13 16 17
11 0 1 3 4 8 10 11 12 13 16 17
11 0 1 4 5 6 7 9 13 14 16 17
12 1 2 3 5 7 10 13 15 19 20 21 22
12 3 8 10 11 13 14 17 18 19 20 21 22
11 0 1 2 3 6 9 11 13 15 18 19
11 0 1 4 6 8 10 13 16 17 18 19
12 2 3 5 6 8 13 17 18 19 20 21 22
12 2 3 4 6 11 14 16 17 18 20 21 22
11 0 1 2 3 5 7 10 11 13 16 17
11 0 1 4 6 7 10 12 14 15 16 17
12 1 4 9 11 12 13 16 17 18 20 21 22
12 1 3 7 10 12 14 15 17 18 20 21 22
11 0 1 2 3 6 7 8 12 13 15 16
11 0 1 3 4 8 9 10 13 14 15 16
12 1 2 4 5 7 9 12 16 18 20 21 22
12 2 6 8 11 13 14 16 18 19 20 21 22
11 0 1 2 6 7 10 11 13 14 15 17
11 0 2 3 4 6 7 10 11 15 16 17
12 1 3 4 6 9 11 15 18 19 20 21 22
12 4 6 10 11 12 15 16 18 19 20 21 22
11 0 1 3 5 8 10 11 12 14 15 18
11 0 3 4 6 7 8 10 13 15 17 18
12 1 2 5 6 7 11 13 18 19 20 21 22
12 2 5 6 11 12 14 16 17 18 20 21 22
11 0 1 2 3 4 6 8 11 13 16 17
11 0 1 4 6 9 11 13 14 15 16 17
12 1 3 4 9 10 13 16 17 18 20 21 22
12 6 8 10 11 13 14 15 18 19 20 21 22
11 0 2 3 6 7 8 11 13 16 17 19
11 0 2 3 6 8 11 12 13 16 17 19
12 2 3 4 6 7 9 11 18 19 20 21 22
12 4 5 7 11 14 15 16 18 19 20 21 22
11 0 1 2 5 7 9 10 12 13 15 19
11 0 2 3 5 6 8 10 13 14 15 19
12 1 2 3 6 10 12 13 18 19 20 21 22
12 4 5 8 11 13 15 16 18 19 20 21 22
11 0 2 4 5 6 10 11 12 14 15 18
11 0 3 4 6 7 8 12 13 14 16 18
12 1 2 4 6 9 12 13 18 19 20 21 22
12 2 3 4 10 11 13 15 17 19 20 21 22
11 0 1 3 4 5 6 8 11 14 15 18
11 0 3 4 7 10 12 13 14 15 17 18
12 1 3 5 7 8 14 15 16 19 20 21 22
12 3 4 5 7 13 15 16 18 19 20 21 22
11 0 1 3 6 7 10 11 12 14 16 19
11 0 3 5 7 8 9 12 13 16 18 19
12 1 5 10 11 12 13 16 18 19 20 21 22
12 1 4 5 6 7 12 16 18 19 20 21 22
12 1 2 4 10 12 13 14 18 19 20 21 22
12 2 3 8 10 11 14 16 17 18 20 21 22
11 0 1 2 3 6 7 9 11 13 14 16
11 0 2 3 5 7 9 10 13 14 15 16
12 1 4 5 7 12 13 16 17 18 20 21 22
12 1 4 9 11 12 13 16 18 19 20 21 22
11 0 2 5 6 7 11 12 13 15 16 19
11 0 3 4 6 7 8 12 13 14 17 19
12 1 4 5 6 8 13 16 18 19 20 21 22
12 2 3 5 6 7 14 15 17 19 20 21 22
11 0 2 3 6 8 9 12 13 14 16 18
11 0 2 4 5 6 9 10 12 15 16 18
12 1 3 4 11 12 13 15 16 19 20 21 22
12 3 4 7 10 12 15 17 18 19 20 21 22
11 0 1 2 6 8 9 10 12 13 15 19
11 0 2 3 5 6 7 9 13 14 15 19
12 3 6 8 11 13 14 17 18 19 20 21 22
12 1 4 6 9 12 13 17 18 19 20 21 22
12 2 3 5 8 10 13 17 18 19 20 21 22
12 1 4 5 6 7 13 16 17 19 20 21 22
11 0 1 2 5 6 8 10 12 13 15 19
11 0 2 3 5 7 9 10 13 14 15 19
12 1 2 5 11 12 13 14 17 19 20 21 22
12 1 4 6 8 12 13 16 18 19 20 21 22
11 0 1 3 4 5 6 9 10 14 16 17
11 0 1 3 7 8 11 12 13 14 16 17
12 1 4 5 9 11 13 16 18 19 20 21 22
12 2 5 6 10 12 14 16 17 19 20 21 22
11 0 2 3 4 5 6 9 10 15 16 18
11 0 2 3 8 9 12 13 14 15 16 18
12 1 2 4 6 8 12 13 16 19 20 21 22
12 2 3 4 6 10 12 15 17 18 20 21 22
11 0 1 2 4 5 6 7 10 14 16 17
11 0 1 3 7 10 11 12 13 15 16 17
12 2 3 4 6 7 9 12 14 18 20 21 22
12 2 4 5 6 10 13 15 17 19 20 21 22
11 0 1 3 4 5 6 9 10 13 15 16
11 0 1 3 6 7 10 11 12 13 15 16
12 1 3 5 8 12 13 14 16 19 20 21 22
12 3 8 10 11 12 14 16 17 19 20 21 22
11 0 1 2 3 5 8 9 13 15 16 19
11 0 1 4 6 7 8 9 13 16 17 19
12 1 2 4 6 7 8 10 15 19 20 21 22
12 1 3 4 6 7 11 15 17 18 20 21 22
11 0 1 2 4 5 9 10 11 12 15 17
11 0 2 5 6 7 8 12 13 15 16 17
11 0 1 5 6 8 12 13 14 15 16 18
11 0 2 3 4 5 6 10 12 13 17 18
12 1 2 4 8 12 13 15 16 18 20 21 22
12 1 6 7 11 12 13 15 17 18 20 21 22
11 0 1 3 7 10 11 13 14 15 16 18
11 0 2 3 4 5 7 8 11 15 17 18
12 3 4 9 11 12 13 15 16 18 20 21 22
12 2 7 10 11 12 14 16 18 19 20 21 22
11 0 1 2 3 6 8 9 12 13 16 18
11 0 2 5 6 9 10 12 15 16 17 18
12 1 3 5 6 7 10 15 18 19 20 21 22
12 1 3 5 7 8 13 16 17 19 20 21 22
11 0 1 2 7 8 10 11 13 14 15 18
11 0 1 2 7 10 11 12 14 15 17 18
12 1 2 5 10 11 13 15 17 19 20 21 22
12 2 4 5 7 13 14 16 17 18 20 21 22
11 0 1 2 3 4 7 9 12 13 17 19
11 0 1 4 6 9 10 11 12 13 17 19
12 1 2 8 10 11 13 16 17 18 20 21 22
12 3 5 8 10 13 14 17 18 19 20 21 22
11 0 1 2 3 4 6 9 12 13 17 19
11 0 1 4 7 9 10 11 12 13 17 19
12 2 3 6 8 11 13 17 18 19 20 21 22
12 3 4 6 7 13 15 16 18 19 20 21 22
11 0 1 3 5 6 7 10 11 14 16 18
11 0 2 4 7 8 11 12 13 15 17 18
12 1 2 4 10 11 13 14 18 19 20 21 22
12 2 3 4 6 8 10 11 17 19 20 21 22
11 0 1 4 6 9 10 11 12 13 16 19
11 0 3 6 7 8 9 10 13 15 18 19
12 1 7 8 10 12 14 15 16 19 20 21 22
12 2 3 4 6 8 11 14 17 18 20 21 22
11 0 1 2 7 8 10 11 12 13 15 17
11 0 2 4 5 6 7 9 10 15 16 17
12 2 3 4 6 7 10 13 16 18 20 21 22
12 1 5 8 11 12 13 14 17 19 20 21 22
11 0 2 3 4 7 8 10 12 13 14 18
11 0 4 5 6 8 10 11 14 15 16 18
12 1 4 5 6 7 10 13 17 19 20 21 22
12 2 3 5 7 10 11 16 18 19 20 21 22
11 0 1 4 5 6 7 8 11 14 16 18
11 0 2 4 7 10 11 12 13 14 17 18
12 1 6 7 10 12 14 15 18 19 20 21 22
12 3 6 7 10 12 13 15 17 18 20 21 22
11 0 1 2 3 4 5 7 11 13 17 18
11 0 1 5 7 11 13 14 15 16 17 18
12 2 3 5 6 8 11 13 17 18 20 21 22
12 1 2 6 8 11 13 14 16 17 20 21 22
12 1 2 4 6 7 9 12 13 16 20 21 22
12 3 4 6 8 11 12 14 15 18 20 21 22
11 0 1 2 5 6 8 10 11 12 13 15
11 0 2 3 4 5 7 9 10 13 14 15
12 1 4 5 7 8 11 13 15 16 20 21 22
12 3 5 6 8 12 14 17 18 19 20 21 22
11 0 1 3 5 6 7 10 11 13 14 18
11 0 4 5 7 8 11 12 13 15 17 18
12 2 4 8 10 11 13 17 18 19 20 21 22
12 3 5 7 8 11 12 14 16 19 20 21 22
11 0 1 3 5 6 9 10 11 12 13 16
11 0 3 4 5 6 7 10 11 13 15 16
12 2 4 6 7 10 11 13 15 19 20 21 22
12 1 3 4 7 9 15 16 17 19 20 21 22
11 0 1 2 4 7 10 11 14 15 16 18
11 0 2 3 4 7 8 11 14 16 17 18
12 1 2 3 9 11 14 15 17 19 20 21 22
12 1 3 5 6 9 15 16 17 19 20 21 22
11 0 1 2 4 5 9 10 12 15 16 18
11 0 2 3 6 8 9 13 14 16 17 18
12 1 2 3 9 12 13 15 17 19 20 21 22
12 1 3 4 5 7 10 15 17 18 20 21 22
11 0 1 2 3 4 8 9 12 13 16 18
11 0 2 5 6 9 10 14 15 16 17 18
12 1 2 4 9 12 14 15 16 18 20 21 22
12 1 4 5 9 11 15 16 18 19 20 21 22
11 0 1 2 3 6 9 10 11 13 15 18
11 0 3 5 7 8 9 12 15 16 17 18
12 1 2 6 8 12 13 16 18 19 20 21 22
12 4 8 10 11 12 14 15 17 19 20 21 22
11 0 1 3 4 5 9 10 12 13 16 18
11 0 2 5 6 8 9 13 14 15 17 18
12 1 3 4 6 7 8 10 14 19 20 21 22
12 2 4 8 10 13 14 15 17 18 20 21 22
11 0 1 2 3 4 6 9 10 14 15 17
11 0 2 3 7 8 11 13 14 15 16 17
12 2 3 5 9 12 14 15 17 19 20 21 22
11 0 1 2 6 9 10 11 13 14 15 17
11 0 2 3 4 6 7 8 11 15 16 17
11 0 1 2 3 4 6 10 11 12 15 19
11 0 3 4 5 9 11 12 13 14 15 19
12 1 3 4 6 9 13 15 16 19 20 21 22
12 6 7 10 11 12 14 16 17 18 20 21 22
11 0 2 3 4 7 9 10 13 15 16 18
11 0 2 3 5 8 9 11 14 15 16 18
12 1 3 4 5 8 9 16 17 18 20 21 22
12 2 3 5 7 10 15 16 18 19 20 21 22
11 0 2 5 6 7 8 12 14 15 16 19
11 0 3 4 5 7 11 12 13 14 17 19
12 1 2 7 10 12 14 15 18 19 20 21 22
12 1 7 8 11 13 14 16 18 19 20 21 22
11 0 1 3 5 9 10 11 12 15 16 19
11 0 3 4 7 8 9 10 14 16 18 19
12 1 3 4 6 9 10 16 18 19 20 21 22
12 1 3 9 10 11 15 16 18 19 20 21 22
11 0 1 3 4 5 8 10 13 16 17 19
11 0 2 3 6 9 11 14 15 16 18 19
12 1 2 6 7 8 14 16 18 19 20 21 22
12 1 4 5 7 11 15 16 17 19 20 21 22
11 0 2 3 4 7 10 11 12 13 16 18
11 0 2 5 6 7 8 11 14 15 16 18
12 1 2 3 7 11 13 14 17 19 20 21 22
12 2 4 7 9 13 15 16 17 19 20 21 22
11 0 1 2 4 5 8 9 11 14 15 16
11 0 1 2 5 7 8 11 12 14 15 16
12 1 2 3 5 9 11 14 16 19 20 21 22
12 5 7 10 11 14 15 17 18 19 20 21 22
11 0 1 3 6 8 9 13 14 15 17 19
11 0 2 4 5 6 10 11 13 16 18 19
12 1 2 5 6 9 11 17 18 19 20 21 22
12 2 4 5 6 10 15 17 18 19 20 21 22
11 0 1 2 4 6 9 11 12 15 18 19
11 0 1 4 7 8 10 13 15 17 18 19
12 1 6 10 11 12 14 17 18 19 20 21 22
12 4 9 10 11 12 14 16 18 19 20 21 22
11 0 1 3 5 8 9 10 13 14 17 20
11 0 1 4 5 6 9 11 13 14 17 20
12 1 3 5 6 7 8 13 18 19 20 21 22
12 4 9 10 11 12 14 15 18 19 20 21 22
11 0 1 4 5 7 8 10 13 15 17 19
11 0 2 4 6 9 11 12 14 15 18 19
12 2 3 5 6 7 8 13 18 19 20 21 22
12 4 7 8 11 14 15 16 17 19 20 21 22
11 0 1 2 5 6 8 10 12 14 15 17
11 0 2 3 5 7 9 11 12 15 16 17
12 2 5 6 9 14 15 16 17 19 20 21 22
12 4 7 9 10 13 14 15 17 18 20 21 22
11 0 1 2 6 8 10 11 13 14 15 17
11 0 2 3 4 6 7 9 11 15 16 17
12 2 3 5 8 13 14 15 17 18 20 21 22
12 2 3 8 10 12 14 15 17 18 20 21 22
11 0 1 2 3 4 8 9 11 12 14 18
11 0 4 6 7 9 10 14 15 16 17 18
12 1 2 4 5 7 9 11 16 17 20 21 22
12 4 5 7 11 14 15 16 17 19 20 21 22
11 0 3 4 5 8 10 12 13 14 16 19
11 0 3 5 6 7 9 11 14 15 16 19
12 2 6 8 9 14 15 16 17 19 20 21 22
12 3 5 9 10 13 14 16 18 19 20 21 22
11 0 2 3 5 9 10 11 12 14 15 18
11 0 3 4 6 7 8 9 13 15 16 18
12 1 3 4 7 8 12 14 18 19 20 21 22
12 2 5 8 10 13 14 15 18 19 20 21 22
11 0 1 2 3 5 7 9 11 12 15 16
11 0 1 4 5 7 9 11 13 14 15 16
12 2 3 4 7 9 12 15 18 19 20 21 22
12 3 5 6 10 13 16 17 18 19 20 21 22
11 0 1 5 6 8 11 13 14 15 17 19
11 0 2 4 5 6 8 11 13 14 18 19
12 2 5 9 10 12 16 17 18 19 20 21 22
12 4 6 8 11 14 15 16 18 19 20 21 22
11 0 1 2 3 5 8 9 11 14 15 19
11 0 1 4 6 7 10 12 13 14 15 19
12 1 2 3 6 9 11 13 18 19 20 21 22
12 1 3 4 9 10 12 16 17 19 20 21 22
11 0 2 3 4 6 9 10 12 13 14 18
11 0 4 5 6 8 9 12 14 15 16 18
12 1 2 6 8 9 14 15 17 19 20 21 22
12 4 6 9 10 13 14 15 17 19 20 21 22
11 0 1 3 6 9 10 11 13 14 15 17
11 0 2 3 4 6 7 8 11 14 16 17
12 1 3 4 5 8 9 12 14 19 20 21 22
12 1 2 8 9 10 14 15 17 18 20 21 22
11 0 1 3 4 5 6 9 11 13 15 18
11 0 3 5 7 9 12 13 14 15 17 18
12 1 2 4 5 9 10 11 17 18 20 21 22
12 3 5 8 10 13 14 16 17 18 20 21 22
11 0 1 2 3 7 8 10 11 12 14 17
11 0 3 5 6 7 9 10 14 15 16 17
12 1 2 5 7 10 12 16 17 18 20 21 22
12 2 4 6 10 11 14 16 17 19 20 21 22
11 0 1 2 3 5 6 7 10 14 16 17
11 0 1 3 7 10 11 12 14 15 16 17
12 1 2 4 7 8 12 14 16 19 20 21 22
12 2 4 7 10 11 15 17 18 19 20 21 22
11 0 1 2 4 5 6 9 11 15 17 18
11 0 1 3 7 9 12 13 14 16 17 18
12 1 5 6 9 12 14 17 18 19 20 21 22
12 2 6 7 11 12 14 17 18 19 20 21 22
11 0 1 3 4 6 9 10 11 13 15 17
11 0 2 4 6 7 8 11 13 14 16 17
11 0 1 3 7 9 10 12 13 14 16 18
11 0 2 4 5 6 8 9 11 15 17 18
12 2 4 5 9 10 14 17 18 19 20 21 22
12 1 6 7 9 13 14 16 18 19 20 21 22
11 0 1 3 5 6 7 10 11 14 15 17
11 0 2 3 6 7 10 11 12 14 16 17
12 1 3 4 8 10 11 16 18 19 20 21 22
12 5 7 9 10 13 14 15 17 19 20 21 22
11 0 2 3 4 5 8 9 11 14 15 18
11 0 3 4 7 9 10 13 14 15 16 18
12 1 3 4 5 8 9 11 13 19 20 21 22
12 2 3 4 7 10 11 15 17 19 20 21 22
11 0 1 3 7 9 10 12 13 14 15 17
11 0 2 3 4 5 7 8 10 14 16 17
12 1 3 7 8 11 14 15 16 19 20 21 22
12 3 4 6 10 11 13 14 16 18 20 21 22
11 0 2 3 4 5 6 8 9 14 15 18
11 0 3 4 9 10 12 13 14 15 16 18
12 1 3 5 6 8 9 13 15 16 20 21 22
12 1 5 9 11 12 13 14 17 19 20 21 22
11 0 1 5 6 7 8 10 11 14 17 19
11 0 2 5 8 9 11 12 13 14 18 19
12 1 4 5 6 7 9 13 17 19 20 21 22
12 3 5 6 10 11 14 16 18 19 20 21 22
11 0 2 5 6 9 11 12 13 14 15 18
11 0 3 4 5 6 7 9 12 13 16 18
12 1 3 6 7 11 12 14 18 19 20 21 22
12 2 3 4 6 7 8 15 17 19 20 21 22
11 0 1 2 4 7 8 11 14 16 17 19
11 0 2 3 5 8 11 12 15 17 18 19
12 1 3 10 11 12 14 15 16 19 20 21 22
12 2 8 10 11 12 14 15 17 19 20 21 22
11 0 1 2 5 6 8 9 13 15 17 18
11 0 1 3 5 9 10 12 13 16 17 18
12 1 3 4 6 7 8 10 16 19 20 21 22
12 1 2 9 11 12 13 15 17 18 20 21 22
11 0 1 2 3 6 8 11 12 16 17 19
11 0 1 4 6 9 10 11 12 16 18 19
12 1 2 4 6 7 8 10 17 18 20 21 22
12 1 5 8 9 13 15 17 18 19 20 21 22
11 0 1 2 4 7 9 10 12 13 17 18
11 0 1 5 6 8 9 11 14 16 17 18
12 1 3 7 8 11 15 17 18 19 20 21 22
12 5 8 10 11 13 15 17 18 19 20 21 22
11 0 1 4 5 9 10 11 13 16 17 19
11 0 2 3 6 8 9 10 14 15 18 19
12 1 3 5 6 8 11 17 18 19 20 21 22
12 1 5 7 8 13 15 17 18 19 20 21 22
11 0 1 2 5 6 8 9 13 14 16 19
11 0 1 3 4 7 8 9 13 16 18 19
12 1 3 8 9 11 15 17 18 19 20 21 22
12 1 5 8 10 12 15 16 18 19 20 21 22
11 0 1 2 3 5 6 10 11 15 17 18
11 0 1 3 7 8 12 13 15 16 17 18
12 1 2 5 7 9 12 16 18 19 20 21 22
12 1 2 8 9 10 15 16 18 19 20 21 22
11 0 1 4 6 8 10 11 13 15 16 19
11 0 3 4 6 8 9 11 13 15 18 19
12 1 2 7 8 9 15 16 18 19 20 21 22
12 3 4 8 10 12 14 15 17 18 20 21 22
11 0 1 2 3 4 5 8 10 13 16 17
11 0 1 4 7 9 12 13 14 15 16 17
12 2 3 7 9 12 14 15 16 18 20 21 22
12 1 4 6 10 11 14 15 16 18 20 21 22
12 1 2 4 5 7 9 11 15 16 20 21 22
12 2 5 8 10 12 14 15 16 19 20 21 22
11 0 2 3 4 5 6 10 11 13 14 18
11 0 4 5 7 8 12 13 14 15 16 18
12 2 3 4 6 8 10 13 16 19 20 21 22
12 4 6 8 11 14 15 17 18 19 20 21 22
11 0 1 3 5 8 9 11 12 13 17 18
11 0 1 5 6 7 9 10 13 15 17 18
12 2 5 6 8 13 15 17 18 19 20 21 22
12 1 3 8 10 11 14 17 18 19 20 21 22
12 1 2 5 8 10 12 17 18 19 20 21 22
12 6 8 9 11 13 14 15 18 19 20 21 22
11 0 2 4 5 8 9 10 13 15 16 19
11 0 3 4 6 9 10 11 14 15 17 19
12 2 3 4 6 8 9 11 18 19 20 21 22
12 2 6 7 9 14 15 16 18 19 20 21 22
11 0 2 5 6 7 8 11 13 15 16 19
11 0 3 4 6 8 11 12 13 14 17 19
12 1 2 3 8 10 11 15 18 19 20 21 22
12 3 6 7 10 14 15 16 17 19 20 21 22
11 0 1 3 6 9 10 11 12 14 16 18
11 0 2 4 6 7 8 9 12 15 17 18
12 1 2 8 9 12 13 15 17 18 20 21 22
11 0 1 2 4 6 9 10 11 12 15 17
11 0 2 3 4 8 9 10 12 14 15 17
11 0 2 3 5 7 8 9 13 14 15 17
11 0 2 5 6 7 8 11 13 15 16 17
12 1 2 4 6 7 10 11 17 18 20 21 22
12 3 5 9 10 12 16 17 18 19 20 21 22
11 0 1 3 4 6 8 9 12 13 16 18
11 0 2 5 6 9 10 12 14 15 17 18
12 3 5 6 10 12 16 17 18 19 20 21 22
12 2 6 8 9 13 15 16 17 19 20 21 22
11 0 2 3 4 7 8 9 12 14 15 17
11 0 2 3 5 8 9 10 13 14 15 17
12 1 2 3 5 9 10 12 16 19 20 21 22
12 3 6 8 10 13 14 16 17 19 20 21 22
11 0 1 2 3 4 6 8 11 12 16 17
11 0 1 5 6 9 11 13 14 15 16 17
12 1 2 4 5 8 10 12 15 19 20 21 22
12 1 3 7 8 11 14 15 17 19 20 21 22
11 0 1 4 5 6 7 8 10 15 16 18
11 0 2 3 8 10 11 12 13 14 17 18
12 1 3 4 7 10 11 15 17 19 20 21 22
12 1 3 4 8 10 11 16 17 19 20 21 22
11 0 1 3 7 9 10 11 13 14 15 18
11 0 3 4 5 7 8 9 11 15 17 18
12 1 2 7 8 10 14 15 17 19 20 21 22
12 2 4 5 7 11 15 16 17 19 20 21 22
11 0 1 2 3 4 7 8 11 14 16 18
11 0 2 4 7 10 11 14 15 16 17 18
12 1 2 3 7 11 13 14 16 19 20 21 22
12 5 6 9 11 14 15 17 18 19 20 21 22
11 0 1 3 5 7 8 9 13 14 16 19
11 0 1 2 4 6 8 9 13 16 18 19
12 1 2 5 7 10 11 17 18 19 20 21 22
12 1 6 10 11 12 13 16 18 19 20 21 22
11 0 1 2 5 6 8 9 12 14 16 19
11 0 3 5 7 10 11 13 14 17 18 19
12 1 4 5 6 7 11 16 18 19 20 21 22
12 5 8 9 11 13 14 16 18 19 20 21 22
11 0 2 4 5 9 10 11 12 15 16 19
11 0 3 4 7 8 9 10 14 15 17 19
12 1 3 4 6 8 9 12 18 19 20 21 22
12 3 7 8 11 13 14 17 18 19 20 21 22
11 0 1 2 3 5 7 8 11 14 16 18
11 0 2 4 7 10 11 13 15 16 17 18
12 2 3 5 8 9 13 17 18 19 20 21 22
12 1 4 5 7 8 14 16 18 19 20 21 22
11 0 1 2 5 6 9 10 11 13 16 18
11 0 2 5 7 8 9 12 13 16 17 18
12 1 3 9 10 12 13 16 18 19 20 21 22
12 2 7 8 9 13 15 16 17 19 20 21 22
11 0 1 4 7 10 12 14 15 16 17 19
11 0 2 3 4 5 7 9 12 15 18 19
12 1 2 3 5 9 10 11 16 19 20 21 22
12 2 3 4 10 12 13 15 16 18 20 21 22
11 0 1 2 3 5 7 9 10 13 14 17
11 0 3 4 7 8 10 12 14 15 16 17
12 1 3 4 6 7 9 15 16 17 20 21 22
12 2 5 6 10 11 15 17 18 19 20 21 22
11 0 1 3 5 6 7 9 11 14 16 17
11 0 1 3 6 8 10 11 12 14 16 17
12 1 5 6 10 11 14 17 18 19 20 21 22
12 4 6 8 11 12 15 16 17 19 20 21 22
11 0 1 2 3 4 6 8 11 14 17 18
11 0 1 4 7 10 12 14 15 16 17 18
12 1 2 3 6 7 10 12 14 19 20 21 22
12 3 4 6 9 13 14 16 17 18 20 21 22
11 0 1 3 7 9 10 11 12 13 16 18
11 0 2 5 6 7 8 9 11 15 17 18
12 1 2 6 9 11 12 16 17 18 20 21 22
12 5 7 8 11 14 15 16 18 19 20 21 22
11 0 2 3 4 7 8 9 12 14 17 19
11 0 2 5 7 10 11 12 15 16 17 19
12 1 2 3 6 9 10 12 18 19 20 21 22
12 2 5 8 10 12 14 17 18 19 20 21 22
11 0 1 2 3 4 7 9 10 14 15 19
11 0 1 5 6 8 11 12 13 14 15 19
12 2 4 6 8 11 14 17 18 19 20 21 22
12 4 6 9 10 13 14 16 18 19 20 21 22
11 0 1 2 3 5 7 8 11 12 15 17
11 0 2 5 6 9 10 12 14 15 16 17
12 1 3 4 7 8 11 13 18 19 20 21 22
12 5 6 8 11 12 13 16 17 18 20 21 22
11 0 1 3 4 6 7 9 11 13 15 16
11 0 1 3 5 7 9 10 12 13 15 16
12 2 3 4 7 9 10 16 17 18 20 21 22
12 1 5 6 10 11 13 15 16 18 20 21 22
11 0 1 2 3 4 6 9 10 12 13 17
11 0 4 5 7 8 11 13 14 15 16 17
12 1 3 4 6 8 9 13 14 18 20 21 22
12 2 4 5 6 8 14 15 17 19 20 21 22
11 0 1 2 5 7 8 10 11 12 15 19
11 0 3 4 5 7 8 10 13 14 15 19
12 1 3 4 10 12 13 14 16 19 20 21 22
12 5 7 9 10 12 13 15 16 19 20 21 22
11 0 1 2 3 5 7 9 10 13 14 18
11 0 4 5 8 9 11 13 15 16 17 18
12 2 3 5 6 8 9 11 13 19 20 21 22
12 2 4 8 10 12 13 15 18 19 20 21 22
11 0 1 3 4 7 8 9 12 13 14 16
11 0 2 3 4 7 8 9 12 13 15 16
12 2 4 5 7 9 13 15 18 19 20 21 22
12 4 6 8 11 12 15 16 18 19 20 21 22
11 0 1 5 6 7 8 9 11 14 17 19
11 0 2 5 8 10 11 12 13 14 18 19
12 1 2 5 6 9 11 13 18 19 20 21 22
12 2 3 5 6 8 9 11 13 18 20 21 22
11 0 1 3 4 5 6 10 11 12 14 18
11 0 4 6 7 8 12 13 14 15 17 18
12 1 6 8 10 11 13 14 16 17 20 21 22
12 3 4 7 8 12 14 15 17 19 20 21 22
11 0 2 3 6 9 10 11 12 13 15 17
11 0 2 4 5 6 7 8 11 14 15 17
12 1 3 4 6 10 11 14 15 19 20 21 22
12 4 6 9 10 12 13 15 17 19 20 21 22
11 0 1 2 4 5 6 9 10 12 15 16
11 0 1 4 6 7 10 11 12 14 15 16
12 1 3 5 6 8 9 12 14 19 20 21 22
12 1 3 6 7 8 13 14 17 18 20 21 22
11 0 1 2 3 4 6 7 10 12 15 17
11 0 2 5 7 10 11 13 14 15 16 17
12 1 2 5 6 11 12 13 16 18 20 21 22
12 3 4 7 10 11 13 15 17 18 20 21 22
11 0 2 3 4 5 7 8 9 14 15 17
11 0 2 3 8 9 10 12 13 14 15 17
12 1 2 4 6 8 9 12 15 16 20 21 22
12 2 4 6 10 11 12 15 17 18 20 21 22
11 0 1 2 3 4 7 8 10 12 13 16
11 0 3 4 6 8 9 12 13 14 15 16
12 3 5 7 10 11 12 14 15 17 20 21 22
12 5 6 9 10 12 13 15 17 19 20 21 22
11 0 1 3 6 8 9 10 12 13 14 18
11 0 4 5 6 8 9 10 12 15 17 18
12 1 3 5 6 8 9 12 13 19 20 21 22
12 2 4 5 6 8 12 16 17 19 20 21 22
11 0 2 5 6 7 9 12 13 14 15 18
11 0 3 4 5 6 9 11 12 13 16 18
12 1 2 6 10 12 13 14 16 19 20 21 22
12 2 3 9 11 12 13 14 17 19 20 21 22
11 0 2 4 5 6 9 10 12 13 16 18
11 0 2 5 6 8 9 12 13 14 16 18
12 1 4 5 6 7 9 15 16 19 20 21 22
12 5 7 9 10 13 14 15 18 19 20 21 22
11 0 1 2 4 5 7 9 11 12 15 18
11 0 3 6 7 9 11 13 14 16 17 18
12 2 3 4 7 8 10 12 18 19 20 21 22
12 1 5 6 10 11 13 16 18 19 20 21 22
11 0 1 3 4 5 7 10 11 12 14 18
11 0 4 6 7 8 11 13 14 15 17 18
12 1 4 6 7 11 12 16 18 19 20 21 22
12 2 5 7 10 11 14 15 17 19 20 21 22
11 0 1 2 4 6 7 8 11 13 14 15
11 0 1 2 4 7 8 9 11 13 14 15
12 1 3 4 7 8 11 13 16 19 20 21 22
12 3 5 7 8 13 14 16 18 19 20 21 22
11 0 3 4 5 6 7 10 11 14 16 19
11 0 3 5 8 9 12 13 14 15 16 19
12 1 5 6 7 11 13 16 18 19 20 21 22
12 1 4 6 10 11 12 16 18 19 20 21 22
12 1 3 4 9 10 12 14 18 19 20 21 22
12 2 4 5 7 8 13 15 17 19 20 21 22
11 0 1 2 4 5 8 9 11 12 13 18
12 1 3 5 10 11 13 14 16 19 20 21 22
12 1 3 4 9 10 12 14 17 18 20 21 22
11 0 1 3 4 5 8 10 11 12 13 17
11 0 4 5 6 7 9 12 13 14 16 17
12 1 2 5 7 9 10 15 16 18 20 21 22
12 1 3 6 7 11 12 14 17 18 20 21 22
11 0 1 2 3 4 5 7 10 12 16 17
11 0 1 5 7 10 12 13 14 15 16 17
12 1 2 5 7 8 12 13 16 18 20 21 22
12 2 4 6 7 10 14 15 16 19 20 21 22
11 0 1 2 3 5 7 9 10 12 13 16
11 0 1 3 4 7 9 10 11 12 14 16
11 0 2 4 5 6 7 9 12 13 15 16
11 0 3 4 6 7 9 11 13 14 15 16
12 2 3 4 8 11 12 14 16 19 20 21 22
12 1 7 8 9 12 15 16 17 19 20 21 22
11 0 1 3 4 6 7 9 11 13 17 18
11 0 1 5 7 9 11 12 14 15 17 18
12 1 2 3 6 9 10 11 17 19 20 21 22
12 6 7 9 11 12 14 15 18 19 20 21 22
11 0 1 2 5 6 7 9 11 13 16 19
11 0 1 4 5 6 8 10 11 13 17 19
11 0 2 3 5 7 8 9 12 13 17 19
11 0 3 6 8 10 12 13 14 17 18 19
12 2 3 5 6 8 10 11 18 19 20 21 22
12 2 3 5 7 9 12 14 17 18 20 21 22
11 0 3 4 5 6 7 11 12 13 14 17
11 0 3 4 5 6 10 11 12 13 14 17
12 1 2 5 7 10 12 14 16 17 20 21 22
12 4 7 8 9 12 13 14 16 19 20 21 22
11 0 2 3 4 6 7 9 11 13 14 17
11 0 3 4 6 8 10 11 13 14 15 17
12 2 4 5 6 9 10 11 14 19 20 21 22
12 3 4 7 10 11 12 15 17 18 20 21 22
11 0 2 3 4 6 9 10 11 12 14 16
11 0 2 4 5 6 7 10 12 13 14 16
12 2 5 6 10 11 12 14 15 17 20 21 22
12 2 3 6 7 8 12 14 15 18 20 21 22
11 0 1 2 3 4 6 7 9 12 14 16
11 0 2 4 7 9 10 12 13 14 15 16
12 1 4 5 7 11 12 13 16 17 20 21 22
12 3 5 6 8 11 14 15 16 19 20 21 22
11 0 2 3 4 6 7 10 11 12 14 16
11 0 2 4 5 6 9 10 12 13 14 16
12 2 3 4 7 10 12 13 15 19 20 21 22
12 4 5 7 9 10 13 14 15 18 20 21 22
11 0 3 4 5 6 7 8 10 14 16 19
11 0 3 5 9 11 12 13 14 15 16 19
12 2 3 5 7 8 13 14 15 17 20 21 22
12 3 4 7 10 11 12 14 16 19 20 21 22
11 0 1 3 4 5 6 7 9 13 16 18
11 0 2 5 9 11 12 13 14 15 17 18
12 2 4 6 7 8 11 14 15 19 20 21 22
12 3 5 6 9 10 12 13 15 18 20 21 22
11 0 1 5 9 10 11 12 13 14 16 18
11 0 2 4 5 6 7 8 9 13 17 18
12 1 4 6 7 9 10 13 14 16 20 21 22
12 1 3 4 7 8 10 16 17 19 20 21 22
11 0 1 2 4 7 8 9 12 13 15 17
11 0 2 4 5 8 9 10 13 15 16 17
12 1 2 8 10 11 14 15 17 19 20 21 22
12 2 3 4 9 12 13 15 16 18 20 21 22
11 0 2 3 4 6 7 8 10 15 16 18
11 0 2 3 8 10 11 12 14 15 16 18
12 1 3 4 6 7 10 15 16 17 20 21 22
12 1 7 10 11 12 13 16 17 19 20 21 22
11 0 1 2 5 7 8 9 12 15 17 19
11 0 2 4 7 10 11 12 14 17 18 19
12 1 2 5 6 7 8 11 17 19 20 21 22
12 2 4 5 6 8 11 16 18 19 20 21 22
11 0 1 5 6 8 9 12 13 14 16 18
11 0 2 4 5 6 9 10 12 13 17 18
12 1 6 9 11 12 13 15 18 19 20 21 22
12 1 6 7 10 12 13 16 17 19 20 21 22
11 0 1 2 3 4 6 8 11 12 16 18
11 0 2 6 7 10 12 14 15 16 17 18
12 1 2 5 6 8 11 12 17 19 20 21 22
12 2 4 8 9 12 13 16 18 19 20 21 22
11 0 2 3 4 5 8 10 11 12 15 17
11 0 2 5 6 7 9 12 13 14 15 17
12 1 4 5 8 9 13 15 18 19 20 21 22
12 2 5 7 8 12 14 16 18 19 20 21 22
11 0 1 3 4 5 8 9 10 13 15 16
11 0 1 3 6 7 8 11 12 13 15 16
12 1 3 5 9 10 12 15 18 19 20 21 22
12 2 4 5 6 8 11 15 17 19 20 21 22
12 1 3 7 10 12 13 14 16 19 20 21 22
12 3 7 8 10 12 13 14 16 19 20 21 22
11 0 1 3 5 6 8 9 12 13 14 16
11 0 2 3 4 7 8 10 11 13 15 16
12 2 4 5 6 8 10 11 15 19 20 21 22
12 4 8 9 11 12 13 15 18 19 20 21 22
11 0 1 3 5 7 8 9 12 13 15 18
11 0 3 5 6 9 10 11 13 15 17 18
12 2 4 5 6 8 9 13 18 19 20 21 22
12 4 5 6 9 13 15 16 18 19 20 21 22
11 0 1 2 4 6 7 9 11 12 15 19
11 0 3 4 6 8 9 11 13 14 15 19
12 1 2 4 8 11 12 13 18 19 20 21 22
12 2 7 8 10 12 14 16 17 19 20 21 22
11 0 3 4 5 6 7 11 12 13 16 19
11 0 3 6 7 8 12 13 14 15 16 19
12 1 2 4 6 8 10 11 16 19 20 21 22
12 2 4 5 7 8 12 16 18 19 20 21 22
11 0 1 2 3 5 7 8 11 12 16 18
11 0 2 6 7 10 11 13 15 16 17 18
12 1 5 9 10 12 13 15 18 19 20 21 22
12 1 5 7 8 11 15 16 17 19 20 21 22
11 0 2 5 6 7 8 11 13 14 15 18
11 0 3 4 5 7 10 11 12 13 16 18
12 1 2 3 7 10 11 13 17 19 20 21 22
12 4 6 7 10 12 13 16 17 18 20 21 22
11 0 1 2 3 5 7 9 10 12 13 17
11 0 4 5 7 8 10 12 14 15 16 17
12 2 3 5 8 9 11 16 17 18 20 21 22
12 2 3 4 7 9 10 12 16 18 20 21 22
11 0 1 2 4 7 8 9 11 12 14 15
11 0 1 3 4 6 7 8 11 13 14 15
12 1 3 7 9 10 12 15 16 17 20 21 22
12 4 6 8 10 13 14 17 18 19 20 21 22
11 0 1 3 4 6 7 9 11 12 16 17
11 0 1 5 6 8 10 11 13 14 16 17
12 2 3 6 8 10 12 17 18 19 20 21 22
12 1 4 6 7 8 13 16 17 19 20 21 22
11 0 1 2 4 6 7 8 11 12 15 17
11 0 2 5 6 9 10 11 13 15 16 17
12 1 2 5 10 11 12 14 17 19 20 21 22
12 1 2 6 7 9 11 15 17 18 20 21 22
11 0 1 2 3 6 8 9 10 12 13 18
11 0 1 3 4 5 7 10 11 12 13 18
12 1 2 4 8 10 12 13 17 18 20 21 22
12 5 6 7 10 13 15 16 17 19 20 21 22
11 0 1 4 5 6 7 9 11 13 16 19
11 0 3 6 8 10 12 13 14 15 18 19
12 1 2 3 5 8 11 12 13 19 20 21 22
12 3 4 5 7 9 12 16 18 19 20 21 22
11 0 1 2 3 5 6 8 11 12 16 19
11 0 1 4 6 7 9 10 11 12 16 19
12 1 5 8 10 12 13 14 18 19 20 21 22
12 3 4 7 9 11 13 16 18 19 20 21 22
11 0 1 2 3 5 6 9 10 12 13 18
11 0 1 3 4 7 8 10 11 12 13 18
12 1 4 6 8 10 13 14 18 19 20 21 22
12 2 3 6 9 11 12 14 16 18 20 21 22
11 0 1 2 3 5 6 7 8 13 16 17
11 0 1 4 9 10 11 12 14 15 16 17
12 1 3 5 7 8 10 13 16 17 20 21 22
12 2 4 6 7 11 12 15 16 18 19 21 22
11 0 1 2 3 5 6 7 8 13 15 17
11 0 2 4 9 10 11 12 14 15 16 17
12 2 3 7 8 10 12 15 16 18 19 21 22
12 3 5 7 8 10 13 14 16 17 20 21 22
11 0 1 3 7 8 9 11 12 13 14 16
11 0 2 3 4 5 7 8 9 13 15 16
12 2 3 5 6 9 11 12 14 16 20 21 22
12 2 4 5 7 10 11 12 16 18 20 21 22
11 0 1 2 3 4 6 8 9 12 13 16
11 0 3 4 7 8 10 12 13 14 15 16
12 1 3 7 8 9 12 14 15 17 20 21 22
12 3 6 7 10 12 13 17 18 19 20 21 22
11 0 1 3 5 6 8 10 11 12 14 18
11 0 4 6 7 8 10 12 13 15 17 18
12 3 4 6 9 10 13 17 18 19 20 21 22
12 1 5 6 8 9 14 15 17 19 20 21 22
11 0 2 3 6 8 9 10 12 13 14 18
11 0 4 5 6 8 9 10 12 15 16 18
12 1 3 4 9 10 12 13 17 19 20 21 22
12 2 6 7 9 11 12 14 15 18 20 21 22
11 0 2 4 5 6 7 8 12 13 14 17
11 0 3 4 5 9 10 11 12 13 15 17
12 1 4 5 7 8 10 12 13 17 20 21 22
12 2 4 6 7 8 13 14 17 18 20 21 22
11 0 2 3 4 5 6 9 10 12 15 17
11 0 2 5 7 8 11 12 13 14 15 17
12 1 2 5 6 11 12 13 15 17 20 21 22
12 1 3 4 9 10 11 13 17 18 20 21 22
11 0 1 4 6 8 9 11 12 13 14 17
11 0 3 4 5 6 8 9 11 13 16 17
12 1 2 6 8 9 10 15 16 18 20 21 22
12 1 5 6 8 11 12 14 17 19 20 21 22
11 0 1 2 3 4 5 8 9 13 15 19
11 0 2 6 7 10 11 12 13 14 15 19
12 1 4 6 7 10 12 13 17 19 20 21 22
12 3 4 5 7 8 12 16 18 19 20 21 22
11 0 1 4 6 7 8 10 11 13 16 18
11 0 2 5 7 8 10 11 12 14 17 18
12 1 5 9 10 12 13 14 18 19 20 21 22
12 5 7 8 9 13 14 16 17 18 20 21 22
12 1 2 6 7 8 10 16 17 18 20 21 22
12 5 7 8 11 12 13 16 18 19 20 21 22
11 0 1 3 5 6 7 9 11 12 16 19
12 1 4 5 6 9 10 12 18 19 20 21 22
12 2 6 7 8 11 14 15 17 19 20 21 22
11 0 1 2 3 5 6 7 9 13 16 18
11 0 2 5 9 11 12 13 15 16 17 18
12 1 3 4 7 10 11 12 16 19 20 21 22
12 4 5 7 8 12 14 16 17 19 20 21 22
11 0 2 3 6 7 8 10 12 13 14 17
11 0 3 4 5 7 9 10 11 14 15 17
12 1 2 4 6 10 11 13 14 19 20 21 22
12 5 6 7 10 11 14 15 17 19 20 21 22
11 0 2 6 8 9 11 12 13 14 16 19
11 0 3 5 6 7 8 10 11 13 17 19
12 1 3 4 7 8 11 12 13 19 20 21 22
12 3 6 7 8 11 13 14 17 19 20 21 22
11 0 2 4 7 8 10 11 12 13 14 18
11 0 4 5 6 7 8 10 11 14 16 18
12 1 4 5 7 10 11 12 15 19 20 21 22
12 3 5 6 8 9 12 13 17 19 20 21 22
11 0 2 5 6 8 10 11 12 13 14 18
11 0 4 5 6 7 8 10 12 13 16 18
12 1 5 6 9 10 12 13 15 19 20 21 22
12 2 4 7 8 14 15 17 18 19 20 21 22
11 0 1 2 4 6 9 10 13 15 17 18
11 0 1 3 5 8 9 12 14 16 17 18
12 1 2 8 9 12 14 17 18 19 20 21 22
12 2 4 8 9 12 15 16 17 19 20 21 22
11 0 1 2 4 7 9 10 11 13 15 16
11 0 1 3 5 6 7 9 12 14 15 16
12 1 2 3 6 9 10 14 16 19 20 21 22
12 3 4 7 9 14 16 17 18 19 20 21 22
11 0 1 2 5 7 9 10 13 16 17 19
11 0 2 3 6 9 10 12 14 17 18 19
12 1 6 8 11 12 16 17 18 19 20 21 22
12 6 8 9 10 12 14 15 16 19 20 21 22
11 0 1 2 4 5 8 9 11 14 16 19
11 0 1 4 7 9 10 12 14 15 16 19
11 0 3 4 5 7 9 10 12 15 18 19
11 0 3 5 8 10 11 14 15 17 18 19
12 2 3 4 6 8 9 10 12 19 20 21 22
12 2 3 9 10 12 13 15 17 19 20 21 22
11 0 1 4 6 8 9 12 13 14 15 17
11 0 2 3 4 5 8 9 11 13 16 17
12 1 3 5 6 8 9 15 16 19 20 21 22
12 1 5 6 9 11 15 16 17 19 20 21 22
11 0 2 3 4 6 7 9 10 15 16 18
11 0 2 3 8 9 11 12 14 15 16 18
12 1 2 3 7 9 12 13 17 19 20 21 22
12 3 4 5 6 9 14 16 18 19 20 21 22
11 0 1 5 7 9 10 12 13 15 16 19
11 0 1 5 8 9 11 12 14 15 17 19
12 1 3 8 11 12 13 14 18 19 20 21 22
12 2 3 5 7 8 14 15 17 18 20 21 22
11 0 1 5 7 9 12 13 14 15 16 18
11 0 2 3 4 5 6 9 11 13 17 18
12 1 2 4 5 11 12 14 16 17 20 21 22
12 2 4 8 9 12 13 15 17 19 20 21 22
11 0 1 2 5 8 9 10 11 12 14 17
11 0 3 5 6 7 8 9 12 15 16 17
12 1 3 5 6 9 10 14 16 19 20 21 22
12 5 7 8 10 11 14 15 16 18 20 21 22
11 0 1 2 4 6 7 9 11 12 15 16
11 0 1 4 5 7 9 10 12 14 15 16
12 2 3 5 6 8 14 15 16 18 20 21 22
12 5 6 8 10 11 14 15 16 18 20 21 22
11 0 1 3 6 8 9 10 11 12 15 19
11 0 3 4 5 6 7 9 12 14 15 19
12 2 3 5 7 8 14 15 16 18 20 21 22
12 3 4 5 6 9 12 16 17 19 20 21 22
11 0 2 4 6 9 10 11 12 14 15 18
11 0 3 4 6 7 8 9 12 14 16 18
12 3 4 5 6 8 9 13 16 19 20 21 22
12 4 5 7 10 11 14 15 17 19 20 21 22
11 0 1 3 4 5 6 8 9 13 15 17
11 0 2 4 8 9 11 12 13 14 16 17
12 1 3 4 7 8 11 13 14 19 20 21 22
12 2 4 5 6 8 9 12 17 19 20 21 22
11 0 2 3 4 5 8 9 10 14 16 19
11 0 1 2 5 6 7 8 10 14 17 19
12 1 6 9 10 12 13 14 16 19 20 21 22
12 3 6 7 8 13 14 16 18 19 20 21 22
11 0 2 5 8 9 10 12 13 14 16 19
11 0 3 5 6 7 9 10 11 14 17 19
12 1 3 4 9 10 11 14 18 19 20 21 22
12 2 3 4 7 9 10 11 17 19 20 21 22
12 1 7 8 9 11 14 15 16 19 20 21 22
12 4 6 7 10 11 12 14 17 18 20 21 22
11 0 1 2 4 5 6 7 9 13 15 18
11 0 3 5 9 11 12 13 14 16 17 18
12 2 3 5 10 11 12 14 15 18 20 21 22
12 2 7 8 11 12 14 17 18 19 20 21 22
11 0 1 3 7 8 9 11 12 14 16 18
11 0 2 4 6 7 9 10 11 15 17 18
12 2 4 5 8 9 14 17 18 19 20 21 22
12 3 8 9 11 12 13 15 18 19 20 21 22
11 0 1 5 7 8 9 11 13 14 16 19
11 0 1 5 8 10 11 13 15 16 17 19
12 2 4 5 6 8 9 14 18 19 20 21 22
12 1 7 8 11 12 13 14 17 19 20 21 22
11 0 1 3 4 7 8 9 11 13 15 18
11 0 3 5 7 9 10 11 14 15 17 18
12 1 4 5 6 7 10 11 17 19 20 21 22
12 2 7 8 11 12 13 15 18 19 20 21 22
11 0 2 3 5 7 9 10 11 14 15 17
11 0 2 3 6 7 8 10 12 14 15 17
12 2 4 5 6 9 10 15 18 19 20 21 22
12 3 4 7 9 11 14 16 17 18 20 21 22
11 0 2 3 8 9 10 11 12 14 15 18
11 0 3 4 6 7 8 9 10 15 16 18
12 1 4 6 8 11 12 16 17 18 20 21 22
12 3 4 5 7 11 14 16 17 18 20 21 22
11 0 1 2 5 6 8 9 11 13 14 16
11 0 1 2 4 5 7 9 10 12 15 16
11 0 2 3 5 7 8 10 11 14 15 16
11 0 1 4 6 7 9 11 12 14 15 16
12 1 4 8 10 11 12 16 17 18 20 21 22
12 1 4 5 7 10 11 15 17 19 20 21 22
11 0 1 4 8 9 10 11 12 13 16 18
11 0 2 5 6 7 8 9 10 14 17 18
12 1 3 7 8 11 13 14 17 19 20 21 22
12 1 3 4 8 9 10 14 17 18 20 21 22
11 0 2 3 5 6 7 8 10 14 15 17
11 0 2 3 7 9 10 11 12 14 15 17
12 1 2 5 9 10 11 15 16 18 20 21 22
12 4 5 8 10 12 15 17 18 19 20 21 22
11 0 1 4 5 6 7 9 12 13 15 19
11 0 2 3 6 8 9 10 11 14 15 19
12 1 4 6 8 11 12 17 18 19 20 21 22
12 2 4 5 8 9 13 15 17 18 20 21 22
11 0 1 2 6 8 9 10 11 12 14 17
11 0 2 3 4 6 7 8 9 14 15 17
11 0 2 3 8 9 10 11 13 14 15 17
11 0 3 5 6 7 8 9 11 15 16 17
12 1 2 4 6 10 11 14 15 17 20 21 22
12 2 7 9 10 12 13 16 17 19 20 21 22
11 0 1 5 6 7 8 9 12 14 16 18
11 0 2 4 6 9 10 11 12 13 17 18
12 1 2 5 6 8 9 11 16 19 20 21 22
12 1 3 7 8 9 13 16 17 19 20 21 22
11 0 1 2 3 6 7 9 10 12 14 17
11 0 3 5 7 8 10 11 14 15 16 17
12 1 2 5 9 10 11 15 17 19 20 21 22
12 3 4 6 8 11 14 16 17 18 20 21 22
11 0 1 2 3 6 8 9 10 12 13 17
11 0 4 5 7 8 9 11 14 15 16 17
12 1 4 7 9 11 12 16 17 18 20 21 22
12 1 4 5 9 10 12 14 15 18 20 21 22
11 0 1 2 3 4 5 7 9 12 16 17
11 0 1 5 8 10 12 13 14 15 16 17
12 1 4 5 7 9 10 14 15 18 20 21 22
12 5 7 9 10 12 14 15 18 19 20 21 22
11 0 1 3 4 7 8 9 10 13 15 19
11 0 2 5 6 7 8 11 12 14 15 19
12 2 3 5 7 8 10 12 18 19 20 21 22
12 2 4 6 7 9 13 16 17 19 20 21 22
11 0 1 2 3 5 7 8 9 13 14 17
11 0 3 4 8 9 10 12 14 15 16 17
12 1 2 5 9 11 12 14 16 19 20 21 22
12 3 4 5 8 9 12 16 18 19 20 21 22
11 0 1 3 4 5 7 9 10 12 15 17
11 0 2 5 7 8 10 12 13 14 16 17
12 1 5 8 9 12 13 14 18 19 20 21 22
12 4 5 9 10 11 14 17 18 19 20 21 22
11 0 2 4 5 6 8 9 11 13 16 19
11 0 3 6 8 10 11 13 14 15 17 19
12 2 5 6 7 11 12 17 18 19 20 21 22
12 4 6 8 9 12 14 15 18 19 20 21 22
11 0 1 5 7 8 9 10 12 13 15 19
11 0 2 3 5 6 7 8 10 14 15 19
12 2 3 5 8 9 11 13 18 19 20 21 22
12 4 5 7 8 10 12 14 16 17 20 21 22
11 0 1 2 4 5 6 7 9 12 15 16
11 0 1 4 7 9 10 11 12 14 15 16
12 2 3 5 7 9 11 12 14 15 20 21 22
12 2 3 6 9 10 11 16 18 19 20 21 22
11 0 1 2 4 6 7 9 10 12 14 18
11 0 4 6 8 9 11 12 14 16 17 18
12 1 6 7 8 11 14 15 18 19 20 21 22
12 2 5 6 7 9 14 15 18 19 20 21 22
12 2 3 8 10 11 12 15 18 19 20 21 22
12 4 5 7 9 11 14 15 18 19 20 21 22
11 0 1 3 4 6 8 9 11 12 13 17
11 0 4 5 6 8 9 11 13 14 16 17
12 2 3 6 8 10 12 13 18 19 20 21 22
12 1 6 7 8 11 13 14 17 19 20 21 22
11 0 2 4 5 6 9 10 11 13 14 17
11 0 3 4 6 7 8 11 12 13 15 17
12 1 4 5 7 10 11 12 17 19 20 21 22
12 2 5 7 8 9 13 15 16 18 20 21 22
11 0 1 2 3 4 6 8 9 12 13 17
11 0 4 5 8 9 11 13 14 15 16 17
12 1 3 4 6 10 11 12 14 17 20 21 22
12 2 3 4 8 10 11 12 15 18 20 21 22
11 0 2 3 4 5 6 9 10 12 14 17
11 0 3 5 7 8 11 12 13 14 15 17
12 1 4 7 8 9 11 15 16 17 20 21 22
12 2 3 5 7 8 10 11 17 18 20 21 22
11 0 1 2 3 6 7 8 10 12 14 17
11 0 3 5 7 9 10 11 14 15 16 17
12 1 2 8 9 11 12 14 16 17 20 21 22
12 3 5 8 9 11 13 14 18 19 20 21 22
11 0 2 3 4 5 7 8 11 12 14 18
11 0 4 6 7 10 11 13 14 15 16 18
12 3 4 6 8 9 12 14 18 19 20 21 22
12 3 6 7 10 11 13 16 18 19 20 21 22
11 0 1 6 7 9 10 11 12 14 16 18
11 0 2 4 6 7 8 9 11 12 17 18
12 1 4 6 7 10 11 14 18 19 20 21 22
12 3 4 8 9 11 12 16 18 19 20 21 22
11 0 2 5 6 7 8 9 11 13 16 19
11 0 3 6 8 10 11 12 13 14 17 19
12 1 5 6 8 9 13 14 18 19 20 21 22
12 3 5 6 7 10 13 16 18 19 20 21 22
11 0 1 2 5 6 7 9 10 12 14 18
11 0 4 6 8 9 11 12 13 16 17 18
12 1 4 7 10 11 12 14 18 19 20 21 22
12 3 5 8 10 11 12 16 18 19 20 21 22
11 0 1 4 5 6 7 9 10 12 16 19
11 0 2 3 5 6 7 8 11 12 16 19
12 1 5 6 7 9 12 14 18 19 20 21 22
12 3 5 8 9 11 12 13 16 19 20 21 22
11 0 2 3 4 6 7 8 9 13 15 18
11 0 3 5 9 10 11 12 14 15 16 18
12 2 5 6 7 9 10 13 15 19 20 21 22
12 3 5 6 7 9 11 14 16 19 20 21 22
11 0 1 3 4 5 6 9 10 12 13 17
11 0 1 2 3 5 6 7 10 11 14 17
11 0 4 5 7 8 11 12 13 14 16 17
11 0 3 6 7 10 11 12 14 15 16 17
12 2 4 7 9 11 12 13 15 19 20 21 22
12 4 6 7 8 11 14 15 17 19 20 21 22
11 0 1 2 4 5 6 7 10 12 16 19
11 0 2 5 6 7 8 10 11 12 16 19
12 1 3 4 7 10 11 12 14 19 20 21 22
12 1 5 6 8 10 11 13 14 18 20 21 22
11 0 1 2 3 4 6 8 9 12 13 18
11 0 1 4 5 7 9 10 11 12 13 18
12 1 5 6 8 9 11 13 14 18 20 21 22
12 2 6 8 9 11 15 16 17 19 20 21 22
11 0 1 2 4 5 7 8 10 12 16 17
11 0 1 5 7 9 10 12 13 15 16 17
12 1 2 3 7 9 10 12 16 19 20 21 22
12 5 6 7 10 12 15 16 17 19 20 21 22
11 0 1 3 5 7 8 9 11 12 15 18
11 0 3 6 7 9 10 11 13 15 17 18
12 1 2 3 6 8 11 12 13 19 20 21 22
12 2 3 7 9 10 12 16 18 19 20 21 22
11 0 1 5 7 8 9 10 12 13 16 18
11 0 2 5 6 8 9 10 11 13 17 18
12 1 5 7 8 10 14 15 18 19 20 21 22
12 5 6 7 9 11 12 15 16 18 20 21 22
11 0 2 3 6 8 9 10 11 13 14 18
11 0 4 5 7 8 9 10 12 15 16 18
12 3 6 7 9 12 13 17 18 19 20 21 22
11 0 2 3 6 7 8 9 11 13 15 18
11 0 2 4 5 7 8 10 11 12 16 18
11 0 2 6 7 8 10 11 13 14 16 18
11 0 3 5 7 9 10 11 12 15 16 18
12 3 4 7 9 10 13 17 18 19 20 21 22
12 3 4 6 7 8 10 12 16 19 20 21 22
11 0 1 6 8 9 11 12 13 15 16 18
12 2 6 8 10 11 12 14 15 19 20 21 22
12 1 4 7 9 11 12 13 17 18 20 21 22
11 0 1 2 3 6 7 9 10 11 13 18
11 0 2 3 4 6 7 10 11 12 13 18
12 1 2 6 7 8 10 12 15 18 20 21 22
12 2 6 7 9 10 12 15 16 18 20 21 22
11 0 1 5 7 8 9 10 11 12 16 18
11 0 2 6 7 8 9 10 11 13 17 18
12 1 3 4 7 9 10 12 13 17 20 21 22
12 4 6 8 9 12 13 16 18 19 20 21 22
11 0 1 5 6 7 9 10 12 13 15 17
11 0 2 4 5 7 8 10 11 12 16 17
12 1 4 5 8 9 11 13 18 19 20 21 22
12 1 5 6 7 10 11 14 17 19 20 21 22
11 0 1 3 5 6 7 8 9 12 16 18
11 0 2 6 9 10 11 12 13 15 17 18
12 1 4 7 8 11 12 13 17 19 20 21 22
12 3 5 6 7 9 12 15 17 19 20 21 22
11 0 3 4 6 7 8 11 12 13 14 18
11 0 4 5 6 7 10 11 12 14 15 18
12 1 3 6 9 11 12 13 15 19 20 21 22
12 3 5 7 8 9 12 13 16 19 20 21 22
11 0 1 2 3 5 6 8 10 11 13 17
11 0 4 6 7 9 11 12 14 15 16 17
12 2 5 6 9 10 11 13 15 19 20 21 22
12 3 4 7 9 10 11 13 17 18 20 21 22
12 1 4 5 9 10 11 13 14 18 20 21 22
12 4 5 6 8 9 12 14 17 18 20 21 22
11 0 1 4 5 6 7 8 10 12 15 17
11 0 2 5 7 9 10 11 12 13 16 17
12 1 5 6 8 10 11 15 16 18 20 21 22
11 0 1 2 4 7 8 9 10 12 13 16
11 0 3 4 6 7 8 9 12 14 15 16
12 1 3 4 8 9 11 13 14 18 20 21 22
12 2 3 7 9 10 12 13 17 19 20 21 22
11 0 1 4 6 8 9 10 11 12 15 17
11 0 2 5 6 7 8 9 11 13 16 17
12 1 5 6 8 9 11 15 16 19 20 21 22
12 2 6 7 9 11 12 13 17 19 20 21 22
11 0 2 6 7 8 9 11 12 14 15 18
11 0 3 4 6 7 9 10 11 12 16 18
12 1 5 6 7 9 11 12 16 19 20 21 22
12 2 3 4 7 10 14 16 18 19 20 21 22
11 0 1 3 4 9 10 11 13 14 16 18
11 0 2 4 5 7 8 9 14 15 17 18
12 1 3 7 10 13 14 15 18 19 20 21 22
12 2 7 9 11 13 14 15 18 19 20 21 22
11 0 1 3 6 9 10 13 14 15 16 18
11 0 2 3 4 5 8 9 12 15 17 18
12 2 3 4 6 8 10 15 18 19 20 21 22
12 1 3 5 8 9 15 16 17 19 20 21 22
12 1 2 3 9 10 13 15 17 19 20 21 22
12 3 4 6 9 14 15 17 18 19 20 21 22
11 0 1 2 3 6 8 10 12 15 16 19
11 0 1 4 6 7 8 10 14 15 17 19
11 0 2 4 5 9 11 12 13 15 18 19
11 0 3 4 7 9 11 13 16 17 18 19
12 1 2 7 10 12 13 17 18 19 20 21 22
12 1 3 5 8 9 14 16 17 19 20 21 22
11 0 1 2 3 4 7 8 11 13 16 17
11 0 1 4 6 9 10 13 14 15 16 17
12 1 2 4 9 10 13 15 17 19 20 21 22
12 1 2 8 9 10 14 16 17 19 20 21 22
11 0 2 3 4 6 8 9 12 13 16 18
11 0 2 5 6 9 10 12 14 15 16 18
12 1 2 4 8 9 10 16 17 19 20 21 22
12 3 5 8 10 14 16 17 18 19 20 21 22
11 0 1 4 7 8 9 13 14 16 17 19
11 0 2 3 5 6 10 11 12 15 18 19
12 1 5 7 10 12 16 17 18 19 20 21 22
12 2 8 9 11 13 14 17 18 19 20 21 22
11 0 1 2 6 8 9 11 13 15 16 19
11 0 1 2 6 9 10 12 14 16 17 19
12 2 3 5 7 8 14 17 18 19 20 21 22
12 1 4 8 10 11 15 16 18 19 20 21 22
11 0 1 2 3 6 8 10 11 12 16 19
11 0 1 2 4 6 9 10 11 12 16 19
12 1 2 6 7 9 13 16 18 19 20 21 22
12 2 3 4 6 8 14 15 17 18 20 21 22
11 0 1 2 6 8 9 10 11 13 16 19
11 0 1 2 6 9 12 14 15 16 17 19
12 2 3 4 6 7 9 10 16 18 20 21 22
12 2 4 8 10 11 15 16 18 19 20 21 22
11 0 1 2 3 4 6 9 11 15 16 19
11 0 2 5 7 8 9 10 11 15 18 19
12 1 2 6 7 9 13 15 18 19 20 21 22
12 2 6 8 10 13 16 17 18 19 20 21 22
11 0 1 2 4 7 8 9 12 14 17 18
11 0 1 2 5 6 8 10 11 15 17 18
11 0 1 3 7 8 10 12 13 16 17 18
11 0 1 4 6 9 10 11 14 16 17 18
12 2 5 7 9 13 16 17 18 19 20 21 22
12 2 3 4 6 7 9 15 17 18 20 21 22
11 0 1 2 3 6 7 9 11 13 16 17
11 0 1 4 6 8 10 11 14 15 16 17
12 4 5 9 10 13 16 17 18 19 20 21 22
11 0 1 3 6 8 9 10 12 14 16 19
11 0 3 5 7 9 10 11 13 16 18 19
12 2 5 6 10 11 16 17 18 19 20 21 22
12 3 4 7 8 13 15 16 18 19 20 21 22
11 0 1 3 7 9 10 11 13 14 16 18
11 0 2 4 5 7 8 9 11 15 17 18
12 1 2 4 9 10 13 14 18 19 20 21 22
12 2 3 7 8 11 14 16 18 19 20 21 22
11 0 1 2 3 4 7 8 10 13 15 17
11 0 2 4 7 9 10 13 14 15 16 17
12 1 3 6 9 10 14 15 18 19 20 21 22
12 2 3 4 6 8 9 14 17 18 20 21 22
12 2 3 4 6 7 10 15 16 18 20 21 22
12 5 7 9 10 13 14 16 17 19 20 21 22
11 0 1 2 3 5 8 9 10 13 15 19
11 0 2 5 6 7 10 12 13 14 15 19
12 1 2 4 5 8 9 11 13 19 20 21 22
12 1 4 5 9 10 13 15 17 19 20 21 22
11 0 1 2 3 4 7 9 10 12 13 17
11 0 4 5 7 8 10 13 14 15 16 17
12 1 3 5 8 9 13 14 17 19 20 21 22
12 2 3 4 7 10 13 14 16 18 20 21 22
11 0 1 2 3 4 6 9 10 11 14 16
11 0 2 5 6 7 10 12 13 14 15 16
12 1 3 5 6 9 12 15 16 17 20 21 22
12 3 5 7 10 11 14 15 17 19 20 21 22
11 0 1 2 4 5 7 8 10 13 14 15
11 0 1 2 5 7 8 10 11 13 14 15
12 1 3 4 7 8 11 13 15 19 20 21 22
12 4 7 8 10 11 13 14 15 19 20 21 22
11 0 1 3 4 5 6 8 10 14 16 19
11 0 2 4 5 6 7 9 10 14 17 19
12 3 4 5 7 8 10 11 14 19 20 21 22
12 1 2 8 9 11 13 16 17 19 20 21 22
11 0 1 2 3 6 8 9 10 13 15 19
11 0 2 5 6 7 9 12 13 14 15 19
11 0 1 3 4 5 6 10 11 13 17 19
11 0 2 3 7 8 9 10 12 13 17 19
12 1 2 5 7 9 10 16 17 19 20 21 22
12 4 6 7 10 14 15 16 18 19 20 21 22
11 0 1 2 5 6 8 9 11 13 15 18
11 0 3 5 7 9 10 12 13 16 17 18
12 1 2 3 7 10 11 13 18 19 20 21 22
12 4 5 6 9 10 12 13 16 18 20 21 22
11 0 2 3 4 5 6 8 9 13 15 18
11 0 3 5 9 10 12 13 14 15 16 18
12 4 5 6 8 10 13 14 16 17 20 21 22
12 5 6 8 10 14 15 16 17 19 20 21 22
11 0 1 4 6 7 8 10 11 14 16 19
11 0 3 5 8 9 11 12 13 15 18 19
12 3 5 7 8 14 15 16 17 19 20 21 22
12 3 4 6 9 10 13 15 18 19 20 21 22
11 0 2 4 5 6 7 8 10 14 15 18
11 0 3 4 8 10 11 12 13 14 16 18
12 2 4 7 8 11 13 14 18 19 20 21 22
12 2 6 8 9 11 14 16 17 18 20 21 22
11 0 1 5 7 8 9 10 11 13 17 18
12 1 4 6 7 9 13 16 17 18 20 21 22
12 2 5 6 8 10 14 15 17 19 20 21 22
11 0 1 3 7 8 9 10 11 13 14 18
11 0 4 5 7 8 9 10 11 15 17 18
12 1 3 4 8 10 12 13 16 19 20 21 22
12 1 3 6 7 10 12 13 17 18 20 21 22
11 0 2 3 4 5 7 10 11 12 13 17
11 0 4 5 6 7 10 12 13 14 15 17
12 1 2 6 7 9 12 13 16 18 20 21 22
12 4 5 7 9 10 13 14 16 18 20 21 22
11 0 1 2 3 5 6 9 10 11 13 16
11 0 3 5 6 7 10 11 13 14 15 16
12 1 3 5 6 9 10 12 14 15 20 21 22
12 3 4 6 7 8 13 15 18 19 20 21 22
11 0 2 5 6 8 10 11 12 14 15 18
11 0 3 4 6 7 8 10 12 13 16 18
12 2 4 9 10 11 13 14 18 19 20 21 22
12 3 5 6 8 10 11 14 15 19 20 21 22
11 0 2 3 4 5 6 7 10 13 15 19
11 0 2 5 8 9 10 11 12 13 15 19
12 3 4 7 8 10 12 13 15 19 20 21 22
12 1 4 5 8 9 15 16 18 19 20 21 22
11 0 2 4 5 9 10 11 12 14 17 19
11 0 2 5 7 8 9 10 14 15 17 19
12 1 2 8 9 12 13 16 18 19 20 21 22
12 5 8 9 11 12 15 16 17 19 20 21 22
12 1 2 3 6 7 9 10 13 19 20 21 22
12 3 7 9 10 13 14 16 18 19 20 21 22
11 0 1 3 4 8 9 10 11 13 15 18
11 0 3 5 7 8 9 10 14 15 17 18
12 1 3 4 7 8 10 14 18 19 20 21 22
12 1 4 8 9 11 15 16 18 19 20 21 22
11 0 1 2 5 6 7 9 11 14 15 17
11 0 2 3 6 8 10 11 12 15 16 17
12 1 2 6 8 9 13 16 18 19 20 21 22
12 2 3 6 7 9 14 16 18 19 20 21 22
11 0 1 3 5 6 7 9 10 15 16 18
11 0 1 3 4 5 7 9 10 15 17 18
12 1 3 8 10 11 14 15 18 19 20 21 22
12 1 3 5 6 9 10 16 17 19 20 21 22
12 1 2 8 9 12 13 15 17 19 20 21 22
12 2 3 5 6 9 10 15 17 19 20 21 22
11 0 1 2 3 4 5 9 11 14 17 19
12 1 3 8 9 12 13 15 16 19 20 21 22
12 3 6 9 10 11 13 15 16 18 20 21 22
11 0 1 2 4 5 6 8 9 14 15 17
11 0 2 3 8 9 11 12 13 15 16 17
11 0 1 3 4 8 9 10 11 12 14 18
11 0 4 6 7 8 9 10 14 15 17 18
12 2 5 9 10 11 13 15 16 18 20 21 22
12 2 3 7 8 10 15 17 18 19 20 21 22
11 0 1 3 5 7 8 9 11 14 17 18
11 0 1 4 7 9 10 11 13 15 17 18
12 1 6 8 9 13 14 17 18 19 20 21 22
12 2 6 7 9 13 15 17 18 19 20 21 22
11 0 1 5 6 7 8 10 13 14 16 19
11 0 3 5 6 9 11 12 13 14 18 19
12 1 3 7 9 10 14 17 18 19 20 21 22
12 2 4 6 9 10 15 17 18 19 20 21 22
11 0 1 4 6 7 8 10 13 14 15 18
11 0 3 4 5 8 10 11 12 14 17 18
12 1 6 7 10 12 14 17 18 19 20 21 22
12 2 4 5 6 9 11 16 17 19 20 21 22
11 0 2 5 6 7 8 9 11 15 16 19
11 0 3 4 8 10 11 12 13 14 17 19
12 1 2 7 9 12 13 14 16 19 20 21 22
12 2 4 7 9 10 14 16 17 18 20 21 22
11 0 2 3 4 8 9 10 11 13 14 17
11 0 3 4 6 7 8 9 13 14 15 17
12 1 5 6 8 11 13 16 17 18 20 21 22
12 3 5 8 10 11 14 15 18 19 20 21 22
11 0 1 3 5 8 9 10 11 12 14 18
11 0 4 6 7 8 9 10 13 15 17 18
12 2 3 6 7 9 12 14 18 19 20 21 22
12 1 4 7 8 9 15 16 17 19 20 21 22
11 0 2 4 5 6 9 10 11 13 16 19
11 0 3 6 8 9 10 13 14 15 17 19
12 1 2 3 9 10 11 14 17 19 20 21 22
12 4 7 8 10 12 14 15 18 19 20 21 22
11 0 1 5 6 8 10 11 13 14 15 17
11 0 2 3 4 6 7 9 11 12 16 17
12 2 3 5 7 9 10 13 18 19 20 21 22
12 2 4 6 8 9 13 14 17 19 20 21 22
11 0 1 2 3 5 6 7 9 12 15 16
11 0 1 4 7 9 10 11 13 14 15 16
12 1 4 5 9 10 12 14 16 19 20 21 22
12 2 3 4 7 9 10 12 14 18 20 21 22
12 1 5 7 9 10 12 15 16 17 20 21 22
12 1 5 6 9 11 12 14 17 18 20 21 22
11 0 1 2 6 7 9 10 11 12 14 16
11 0 2 4 5 6 7 9 10 14 15 16
12 1 2 5 7 8 10 13 14 18 20 21 22
12 4 5 6 9 11 13 16 17 19 20 21 22
11 0 1 3 4 5 6 7 10 13 15 19
11 0 2 5 8 9 10 11 12 14 15 19
12 1 2 5 7 9 12 13 14 19 20 21 22
12 4 5 8 9 11 12 14 16 19 20 21 22
11 0 3 4 5 6 8 10 12 13 14 17
11 0 3 4 5 7 9 11 12 13 14 17
12 2 4 6 7 9 10 13 14 19 20 21 22
12 2 3 5 9 10 11 13 16 18 20 21 22
11 0 3 4 5 6 7 9 12 13 14 17
11 0 3 4 5 8 10 11 12 13 14 17
12 3 5 6 9 10 11 13 15 18 20 21 22
12 3 6 7 9 11 14 15 17 19 20 21 22
11 0 1 3 7 8 9 10 12 13 14 17
11 0 3 4 5 7 8 9 10 14 16 17
12 1 3 4 7 9 11 12 15 19 20 21 22
12 2 3 5 7 9 10 16 18 19 20 21 22
11 0 1 2 4 5 7 9 10 13 17 18
11 0 1 5 8 9 11 13 14 16 17 18
12 1 7 8 10 12 14 15 18 19 20 21 22
12 4 5 8 9 13 15 16 18 19 20 21 22
11 0 2 3 5 6 8 9 10 14 16 18
11 0 2 4 8 9 10 12 13 15 16 18
12 1 2 4 8 9 12 13 18 19 20 21 22
12 4 7 9 10 11 13 15 17 18 20 21 22
11 0 1 4 7 8 9 12 13 14 15 17
11 0 2 3 4 5 8 9 10 13 16 17
12 1 4 9 10 11 13 14 16 18 20 21 22
12 2 4 5 8 9 14 16 17 18 20 21 22
11 0 1 2 3 5 6 8 9 14 16 18
11 0 1 3 4 6 7 8 9 14 16 18
12 1 6 7 10 11 13 16 17 18 20 21 22
12 3 6 8 9 13 14 17 18 19 20 21 22
11 0 1 4 6 7 8 10 12 14 15 17
11 0 2 3 5 7 9 10 11 13 16 17
12 2 3 7 8 10 13 17 18 19 20 21 22
12 4 7 8 10 12 15 16 17 19 20 21 22
11 0 1 2 3 5 6 9 10 12 16 18
11 0 2 6 8 9 12 13 15 16 17 18
12 1 2 3 6 8 10 11 14 19 20 21 22
12 4 7 8 9 13 15 16 17 19 20 21 22
11 0 1 3 5 7 8 9 10 13 16 19
11 0 3 6 9 10 11 12 14 16 18 19
12 1 2 3 5 9 10 11 14 19 20 21 22
12 2 7 8 10 11 14 15 17 19 20 21 22
11 0 1 2 3 4 6 8 10 13 17 18
11 0 1 5 8 10 12 14 15 16 17 18
12 1 3 4 7 8 10 11 16 19 20 21 22
12 3 7 8 9 11 14 15 17 18 20 21 22
11 0 1 2 3 4 6 8 9 13 16 18
11 0 2 5 9 10 12 14 15 16 17 18
12 3 7 8 9 11 12 14 15 18 20 21 22
12 2 4 8 10 11 12 15 16 19 20 21 22
11 0 2 3 4 7 9 10 11 12 14 17
11 0 3 5 6 7 8 10 13 14 15 17
12 2 3 6 7 8 10 14 16 19 20 21 22
12 5 7 9 10 12 13 16 17 19 20 21 22
11 0 1 5 6 7 8 10 12 14 15 18
11 0 3 4 6 8 10 11 12 13 17 18
12 1 2 5 6 8 9 11 13 19 20 21 22
12 2 5 7 9 11 14 17 18 19 20 21 22
11 0 1 5 7 8 9 12 13 14 15 18
11 0 3 4 5 6 9 10 11 13 17 18
12 1 7 8 9 12 13 15 17 19 20 21 22
11 0 2 3 4 5 8 9 10 13 16 19
11 0 3 6 9 10 11 14 15 16 17 19
12 1 3 5 6 9 10 11 17 19 20 21 22
12 2 6 9 10 11 13 14 16 19 20 21 22
11 0 1 2 4 7 8 9 10 12 14 18
11 0 4 6 8 9 10 11 14 16 17 18
12 2 4 5 7 8 9 12 16 19 20 21 22
12 2 4 6 8 9 13 16 17 19 20 21 22
11 0 1 2 6 7 8 10 11 13 14 16
11 0 2 3 5 6 8 9 10 14 15 16
12 1 2 5 9 10 12 14 16 19 20 21 22
12 4 6 9 10 11 14 15 18 19 20 21 22
11 0 2 3 6 8 9 10 12 13 15 17
11 0 2 4 5 7 8 9 11 14 15 17
12 2 3 6 7 8 11 13 18 19 20 21 22
12 3 4 5 7 8 11 15 17 19 20 21 22
11 0 1 3 4 6 7 8 9 13 16 18
11 0 2 5 9 10 11 12 14 15 17 18
12 1 3 7 10 11 13 14 15 19 20 21 22
12 1 4 7 8 9 13 15 17 19 20 21 22
11 0 1 5 6 7 8 9 10 13 16 19
11 0 3 6 9 10 11 12 13 14 18 19
12 1 3 5 9 10 11 14 17 19 20 21 22
12 4 6 8 10 11 12 15 16 19 20 21 22
11 0 1 3 6 8 9 10 11 13 14 17
11 0 3 4 6 7 8 9 11 14 16 17
12 2 3 6 7 8 10 12 14 19 20 21 22
12 4 6 7 10 11 12 15 17 18 20 21 22
11 0 2 4 8 9 10 11 12 14 15 18
11 0 3 4 6 7 8 9 10 14 16 18
12 2 3 5 10 11 12 14 15 17 20 21 22
12 1 5 6 7 10 12 15 17 18 20 21 22
11 0 1 2 3 4 6 7 10 11 15 17
11 0 2 6 7 10 11 13 14 15 16 17
12 1 2 4 7 9 12 13 14 18 20 21 22
12 3 5 8 9 11 12 14 16 19 20 21 22
11 0 1 3 4 5 7 8 9 13 14 16
11 0 2 3 7 8 9 11 12 13 15 16
12 2 4 6 7 9 10 13 15 19 20 21 22
12 3 6 7 9 12 14 17 18 19 20 21 22
11 0 1 2 3 6 7 8 10 12 16 19
11 0 2 4 5 6 9 10 11 12 16 19
12 2 4 7 9 10 13 17 18 19 20 21 22
12 4 7 8 10 11 12 14 16 19 20 21 22
11 0 1 6 7 9 10 11 13 14 16 18
11 0 2 4 5 7 8 9 11 12 17 18
12 2 4 6 7 8 10 11 14 19 20 21 22
12 3 5 6 8 9 11 13 16 17 20 21 22
11 0 1 3 7 8 9 10 12 13 14 16
11 0 2 3 4 6 7 8 9 13 15 16
12 2 3 6 8 10 11 13 14 16 20 21 22
12 4 6 7 10 11 14 16 18 19 20 21 22
11 0 2 4 5 6 9 10 11 12 15 18
11 0 3 6 7 8 9 12 13 14 16 18
12 1 3 6 7 10 11 13 18 19 20 21 22
12 5 6 7 9 11 12 13 17 18 20 21 22
11 0 2 4 5 7 8 10 11 13 14 18
11 0 4 5 7 8 10 11 13 14 16 18
12 5 6 7 9 10 14 15 16 18 20 21 22
12 4 5 6 8 11 12 16 17 19 20 21 22
11 0 2 4 5 7 9 10 11 13 14 17
11 0 3 4 6 7 8 10 12 13 15 17
12 1 2 6 7 10 12 13 14 19 20 21 22
12 3 5 7 8 10 13 14 18 19 20 21 22
11 0 1 3 4 5 7 9 10 12 13 17
11 0 4 5 7 8 10 12 13 14 16 17
12 3 4 7 9 10 12 14 18 19 20 21 22
12 3 5 7 8 10 11 13 15 19 20 21 22
11 0 1 4 5 8 9 10 11 12 14 17
11 0 3 5 6 7 8 9 12 13 16 17
12 2 4 6 9 10 11 13 17 19 20 21 22
11 0 1 3 4 5 6 9 10 11 14 17
11 0 3 6 7 8 11 12 13 14 16 17
11 0 1 5 6 8 9 10 11 12 15 18
11 0 3 6 7 8 9 10 12 13 17 18
12 1 5 7 8 9 12 14 16 19 20 21 22
12 4 5 6 8 9 11 13 16 19 20 21 22
11 0 1 2 4 5 6 8 9 12 14 18
11 0 4 6 9 10 12 13 14 16 17 18
12 2 5 7 9 10 12 13 14 19 20 21 22
12 4 7 8 9 13 14 16 18 19 20 21 22
11 0 1 3 4 6 8 9 10 12 16 19
11 0 2 3 4 6 8 9 11 12 16 19
12 1 3 4 8 9 10 13 18 19 20 21 22
12 5 7 8 10 11 14 15 17 19 20 21 22
11 0 2 3 6 7 8 10 11 12 16 18
11 0 2 6 7 8 10 11 12 15 16 18
12 1 3 4 7 8 10 11 13 19 20 21 22
12 3 5 8 9 11 12 15 17 19 20 21 22
11 0 1 2 3 5 6 9 10 11 13 18
11 0 2 3 4 7 8 10 11 12 13 18
12 1 3 6 7 9 10 13 15 19 20 21 22
12 3 4 7 9 10 11 13 16 18 20 21 22
11 0 1 2 3 4 5 7 10 11 15 18
11 0 3 7 8 11 13 14 15 16 17 18
12 1 4 5 9 10 11 13 15 18 20 21 22
12 2 6 8 9 11 13 16 17 19 20 21 22
11 0 1 2 4 6 7 8 9 13 14 17
11 0 3 4 8 9 10 11 13 15 16 17
12 1 4 7 8 10 12 16 17 19 20 21 22
12 1 2 6 8 10 11 14 17 19 20 21 22
12 1 2 5 7 9 10 12 16 19 20 21 22
12 3 7 8 10 11 12 14 16 19 20 21 22
11 0 1 2 3 5 7 8 9 12 15 18
11 0 3 6 9 10 11 13 15 16 17 18
12 2 4 6 7 8 10 11 15 19 20 21 22
12 2 4 6 7 8 10 13 17 19 20 21 22
11 0 1 6 7 8 10 11 13 14 15 18
11 0 3 4 5 7 8 10 11 12 17 18
12 1 5 8 10 11 12 14 16 19 20 21 22
12 3 5 8 9 10 12 14 17 18 20 21 22
11 0 1 4 5 6 7 8 11 13 14 16
11 0 2 3 5 8 9 10 11 12 15 16
11 0 1 2 3 4 7 8 10 11 13 18
11 0 2 3 5 6 9 10 11 12 13 18
12 2 4 8 9 10 12 13 16 18 20 21 22
12 3 5 7 8 9 13 14 17 19 20 21 22
11 0 3 5 8 9 10 11 12 13 16 19
11 0 3 6 7 8 9 10 11 14 16 19
12 1 4 5 9 10 11 13 15 19 20 21 22
12 3 4 6 7 8 11 15 17 19 20 21 22
11 0 1 3 6 7 8 9 11 13 14 17
11 0 3 4 6 8 9 10 11 14 16 17
12 1 3 7 10 11 12 14 15 19 20 21 22
12 1 6 7 9 10 13 15 17 19 20 21 22
11 0 1 4 6 7 8 9 12 13 14 17
11 0 3 4 5 8 9 10 11 13 16 17
11 0 1 3 6 7 8 9 10 13 14 18
11 0 4 5 8 9 10 11 12 15 17 18
12 1 3 5 8 9 11 12 17 19 20 21 22
12 3 5 6 8 9 11 13 17 18 20 21 22
11 0 1 2 3 6 7 8 10 11 13 17
11 0 4 6 7 9 10 11 14 15 16 17
12 1 2 6 8 10 11 13 14 16 20 21 22
12 2 7 8 10 12 14 15 18 19 20 21 22
11 0 1 3 5 6 7 9 10 14 15 17
11 0 2 3 7 8 10 11 12 14 16 17
12 2 3 5 7 9 10 15 18 19 20 21 22
12 3 7 9 10 11 14 16 17 19 20 21 22
11 0 2 5 7 8 9 10 11 15 16 19
11 0 3 4 8 9 10 11 12 14 17 19
12 1 2 4 7 8 9 11 15 19 20 21 22
12 5 7 9 10 11 14 15 17 19 20 21 22
11 0 1 4 6 7 8 9 11 14 15 18
11 0 3 4 7 9 10 11 12 14 17 18
12 1 3 4 7 8 9 11 13 19 20 21 22
12 3 5 8 9 11 14 16 18 19 20 21 22
11 0 1 2 5 6 7 9 10 13 14 16
11 0 2 3 6 7 9 10 11 14 15 16
12 1 3 6 8 9 12 14 18 19 20 21 22
12 4 6 8 10 11 14 16 17 19 20 21 22
12 1 2 4 7 8 10 12 14 19 20 21 22
12 2 5 7 9 10 14 15 18 19 20 21 22
11 0 1 3 4 6 7 8 9 13 15 17
11 0 2 4 8 9 10 11 13 14 16 17
12 2 3 7 8 10 12 15 18 19 20 21 22
12 3 7 9 10 11 13 14 17 19 20 21 22
11 0 1 5 6 7 9 10 12 14 15 17
11 0 2 3 5 7 8 10 11 12 16 17
12 1 4 5 7 8 9 11 15 19 20 21 22
12 1 6 7 10 11 12 14 17 18 20 21 22
11 0 1 2 3 5 6 8 10 11 15 17
11 0 2 6 7 9 11 12 14 15 16 17
12 2 3 8 10 11 12 14 15 18 20 21 22
12 3 4 5 7 9 10 14 17 18 20 21 22
11 0 1 2 3 5 7 8 10 11 14 16
11 0 2 5 6 8 9 11 13 14 15 16
11 0 2 3 5 8 9 10 11 12 14 18
11 0 4 6 7 8 9 10 13 15 16 18
12 3 4 5 7 8 11 15 16 18 20 21 22
12 2 4 5 7 9 10 11 17 18 20 21 22
11 0 1 3 4 7 8 9 10 12 14 18
11 0 4 6 8 9 10 11 14 15 17 18
11 0 1 4 6 7 8 9 10 13 15 19
11 0 2 5 6 7 8 9 11 14 15 19
12 1 2 8 9 10 12 14 15 17 20 21 22
12 4 5 8 9 11 12 15 17 19 20 21 22
11 0 2 3 4 5 8 9 10 12 14 17
11 0 3 5 7 8 9 12 13 14 15 17
12 1 3 6 7 9 10 13 14 19 20 21 22
12 2 4 8 9 10 12 16 17 19 20 21 22
11 0 2 5 6 7 8 9 11 14 15 18
11 0 3 4 7 9 10 11 12 13 16 18
12 1 2 6 8 9 10 14 16 19 20 21 22
12 5 6 8 10 11 12 15 17 18 20 21 22
11 0 2 3 4 7 8 9 11 12 15 17
11 0 2 5 6 8 9 10 13 14 15 17
12 1 3 4 10 11 12 14 15 17 20 21 22
12 1 4 8 9 10 13 14 17 19 20 21 22
11 0 1 2 3 4 6 8 9 12 16 18
11 0 2 6 9 10 12 14 15 16 17 18
12 1 4 5 8 9 10 14 17 19 20 21 22
12 3 5 8 9 10 12 15 17 18 20 21 22
11 0 1 2 4 5 8 9 10 11 13 17
11 0 4 6 7 8 9 12 13 15 16 17
12 2 4 8 9 10 12 13 15 18 20 21 22
12 4 5 6 8 11 14 16 17 18 20 21 22
11 0 1 2 3 5 7 8 10 11 15 19
11 0 1 3 4 6 8 9 10 11 15 19
12 1 4 7 9 10 11 16 17 18 20 21 22
12 4 6 8 9 11 14 15 18 19 20 21 22
11 0 1 3 4 5 7 9 10 11 15 18
11 0 3 7 8 9 11 13 14 15 17 18
12 2 3 6 8 9 11 13 18 19 20 21 22
12 3 7 8 9 11 14 16 17 19 20 21 22
11 0 2 3 4 5 8 9 10 12 16 19
11 0 2 3 4 7 8 9 10 12 16 19
12 1 2 4 7 9 10 11 15 19 20 21 22
12 1 2 7 9 11 12 13 17 18 20 21 22
11 0 1 2 4 5 7 8 10 11 16 18
11 0 1 3 4 6 7 9 10 11 16 18
12 1 2 6 7 8 10 12 17 18 20 21 22
12 3 7 8 9 11 12 14 16 19 20 21 22
11 0 1 5 7 8 9 11 12 14 15 17
11 0 2 3 5 6 8 9 10 12 16 17
12 2 4 6 7 9 10 11 15 19 20 21 22
12 2 4 7 8 10 11 15 17 19 20 21 22
11 0 1 2 3 4 6 7 10 11 16 18
11 0 1 4 5 7 8 9 10 11 16 18
12 1 3 7 8 10 11 14 16 19 20 21 22
12 4 6 8 9 11 12 15 17 19 20 21 22
11 0 3 4 5 6 9 10 11 12 15 19
12 1 3 6 7 9 10 12 14 19 20 21 22
12 1 5 7 8 10 12 13 17 18 20 21 22
11 0 1 3 5 6 7 8 9 13 14 17
11 0 3 4 8 9 10 11 12 14 16 17
12 1 2 6 7 9 11 12 14 18 20 21 22
12 3 5 7 9 10 12 15 18 19 20 21 22
11 0 1 2 5 6 7 9 10 11 14 17
11 0 3 6 7 8 10 11 12 15 16 17
12 2 5 7 8 10 12 14 18 19 20 21 22
12 4 6 7 9 10 13 15 17 19 20 21 22
12 1 3 5 8 9 11 12 14 19 20 21 22
12 4 5 7 9 10 11 13 17 18 20 21 22
11 0 2 3 5 7 8 9 10 13 14 17
11 0 3 4 7 8 9 10 12 14 15 17
12 1 3 4 9 10 11 13 14 18 20 21 22
12 2 5 7 8 9 12 13 17 19 20 21 22
11 0 1 2 3 5 7 8 9 11 14 18
11 0 4 7 9 10 11 13 15 16 17 18
12 3 6 7 8 10 11 14 16 19 20 21 22
12 1 5 6 9 10 11 13 16 19 20 21 22
12 2 4 7 8 10 11 12 15 19 20 21 22
12 2 5 7 8 9 11 15 16 19 20 21 22
11 0 1 5 7 8 9 10 12 13 15 17
11 0 2 4 5 7 8 9 10 12 16 17
11 0 2 3 4 5 7 9 10 11 15 18
11 0 3 7 8 9 11 13 14 15 16 18
12 2 3 7 9 10 11 13 16 19 20 21 22
12 3 6 7 9 10 12 15 17 19 20 21 22
11 0 1 2 3 6 7 8 9 11 15 19
11 0 2 3 4 5 8 9 10 11 15 19
12 1 3 6 8 9 11 12 15 19 20 21 22
12 1 4 6 8 9 11 12 17 18 20 21 22
12 1 2 7 8 10 11 13 15 18 20 21 22
12 2 4 5 8 9 10 13 16 18 20 21 22
11 0 2 3 4 7 9 10 11 12 13 17
11 0 4 5 6 7 8 10 13 14 15 17
12 1 3 6 9 10 11 14 15 17 20 21 22
12 3 6 8 9 11 14 15 18 19 20 21 22
11 0 1 2 4 6 8 9 10 11 14 18
11 0 4 7 8 9 10 12 14 16 17 18
12 2 3 6 8 9 11 14 18 19 20 21 22
12 2 5 8 9 10 12 14 16 19 20 21 22
11 0 2 5 6 7 8 9 10 14 15 18
11 0 3 4 8 9 10 11 12 13 16 18
12 2 4 6 8 9 10 13 16 19 20 21 22
12 4 5 7 9 10 13 16 17 18 20 21 22
11 0 1 3 5 7 8 9 10 13 14 16
11 0 2 3 6 7 8 9 11 13 15 16
12 2 5 6 8 10 11 16 17 18 20 21 22
0 1 0 0
0 2 0 1
3 1 1 0
3 2 1 1
4 5 2 0
4 6 2 1
7 5 3 0
7 6 3 1
8 9 4 0
8 10 4 1
11 9 5 0
11 10 5 1
12 13 6 0
12 14 6 1
15 13 7 0
15 14 7 1
16 17 8 0
16 18 8 1
16 19 8 2
16 20 8 3
21 17 9 0
21 18 9 1
21 19 9 2
21 20 9 3
22 23 10 0
22 24 10 1
25 23 11 0
25 24 11 1
26 23 12 0
26 24 12 1
27 23 13 0
27 24 13 1
28 29 14 0
28 30 14 1
28 31 14 2
28 32 14 3
33 29 15 0
33 30 15 1
33 31 15 2
33 32 15 3
34 35 16 0
34 36 16 1
37 35 17 0
37 36 17 1
38 39 18 0
38 40 18 1
38 41 18 2
38 42 18 3
43 39 19 0
43 40 19 1
43 41 19 2
43 42 19 3
44 45 20 0
44 46 20 1
47 45 21 0
47 46 21 1
48 49 22 0
48 50 22 1
51 52 23 0
51 53 23 1
54 52 24 0
54 53 24 1
55 56 25 0
55 57 25 1
58 56 26 0
58 57 26 1
59 60 27 0
59 61 27 1
62 60 28 0
62 61 28 1
63 64 29 0
63 65 29 1
66 64 30 0
66 65 30 1
67 68 31 0
67 69 31 1
70 68 32 0
70 69 32 1
71 72 33 0
71 73 33 1
74 72 34 0
74 73 34 1
75 76 35 0
75 77 35 1
78 76 36 0
78 77 36 1
79 80 37 0
79 81 37 1
82 80 38 0
82 81 38 1
83 84 39 0
83 85 39 1
86 84 40 0
86 85 40 1
87 88 41 0
87 89 41 1
90 88 42 0
90 89 42 1
91 92 43 0
91 93 43 1
94 92 44 0
94 93 44 1
95 96 45 0
95 97 45 1
98 96 46 0
98 97 46 1
99 96 47 0
99 97 47 1
100 96 48 0
100 97 48 1
101 102 49 0
101 103 49 1
104 102 50 0
104 103 50 1
105 102 51 0
105 103 51 1
106 102 52 0
106 103 52 1
107 108 53 0
107 109 53 1
110 108 54 0
110 109 54 1
111 112 55 0
111 113 55 1
114 112 56 0
114 113 56 1
115 116 57 0
115 117 57 1
118 116 58 0
118 117 58 1
119 120 59 0
119 121 59 1
119 122 59 2
119 123 59 3
124 120 60 0
124 121 60 1
124 122 60 2
124 123 60 3
125 126 61 0
125 127 61 1
128 126 62 0
128 127 62 1
129 130 63 0
129 131 63 1
132 130 64 0
132 131 64 1
133 134 65 0
133 135 65 1
136 134 66 0
136 135 66 1
137 138 67 0
137 139 67 1
140 138 68 0
140 139 68 1
141 142 69 0
141 143 69 1
144 142 70 0
144 143 70 1
145 142 71 0
145 143 71 1
146 142 72 0
146 143 72 1
147 148 73 0
147 149 73 1
150 148 74 0
150 149 74 1
151 152 75 0
151 153 75 1
154 152 76 0
154 153 76 1
155 156 77 0
155 157 77 1
158 156 78 0
158 157 78 1
159 156 79 0
159 157 79 1
160 156 80 0
160 157 80 1
161 162 81 0
161 163 81 1
164 162 82 0
164 163 82 1
165 166 83 0
165 167 83 1
168 166 84 0
168 167 84 1
169 170 85 0
169 171 85 1
169 172 85 2
169 173 85 3
174 170 86 0
174 171 86 1
174 172 86 2
174 173 86 3
175 176 87 0
175 177 87 1
178 176 88 0
178 177 88 1
179 180 89 0
179 181 89 1
182 180 90 0
182 181 90 1
183 184 91 0
183 185 91 1
186 184 92 0
186 185 92 1
187 188 93 0
187 189 93 1
190 188 94 0
190 189 94 1
191 192 95 0
191 193 95 1
194 192 96 0
194 193 96 1
195 196 97 0
195 197 97 1
198 196 98 0
198 197 98 1
199 196 99 0
199 197 99 1
200 196 100 0
200 197 100 1
201 202 101 0
203 202 102 0
204 205 103 0
204 206 103 1
207 205 104 0
207 206 104 1
208 209 105 0
208 210 105 1
211 209 106 0
211 210 106 1
212 213 107 0
212 214 107 1
215 213 108 0
215 214 108 1
216 217 109 0
216 218 109 1
219 217 110 0
219 218 110 1
220 221 111 0
220 222 111 1
223 221 112 0
223 222 112 1
224 225 113 0
224 226 113 1
227 225 114 0
227 226 114 1
228 229 115 0
228 230 115 1
231 229 116 0
231 230 116 1
232 233 117 0
232 234 117 1
235 233 118 0
235 234 118 1
236 237 119 0
236 238 119 1
239 237 120 0
239 238 120 1
240 241 121 0
240 242 121 1
243 241 122 0
243 242 122 1
244 245 123 0
244 246 123 1
247 245 124 0
247 246 124 1
248 249 125 0
248 250 125 1
251 249 126 0
251 250 126 1
252 253 127 0
252 254 127 1
255 253 128 0
255 254 128 1
256 257 129 0
256 258 129 1
259 257 130 0
259 258 130 1
260 261 131 0
260 262 131 1
263 261 132 0
263 262 132 1
264 265 133 0
264 266 133 1
267 265 134 0
267 266 134 1
268 269 135 0
268 270 135 1
271 269 136 0
271 270 136 1
272 273 137 0
274 273 138 0
275 276 139 0
275 277 139 1
278 276 140 0
278 277 140 1
279 280 141 0
279 281 141 1
282 280 142 0
282 281 142 1
283 284 143 0
283 285 143 1
286 284 144 0
286 285 144 1
287 288 145 0
287 289 145 1
290 288 146 0
290 289 146 1
291 292 147 0
291 293 147 1
294 292 148 0
294 293 148 1
295 296 149 0
295 297 149 1
298 296 150 0
298 297 150 1
299 300 151 0
299 301 151 1
302 300 152 0
302 301 152 1
303 304 153 0
303 305 153 1
306 304 154 0
306 305 154 1
307 308 155 0
307 309 155 1
310 308 156 0
310 309 156 1
311 312 157 0
311 313 157 1
314 312 158 0
314 313 158 1
315 316 159 0
315 317 159 1
318 316 160 0
318 317 160 1
319 320 161 0
319 321 161 1
322 320 162 0
322 321 162 1
323 324 163 0
323 325 163 1
326 324 164 0
326 325 164 1
327 328 165 0
327 329 165 1
330 328 166 0
330 329 166 1
331 332 167 0
331 333 167 1
334 332 168 0
334 333 168 1
335 336 169 0
335 337 169 1
338 336 170 0
338 337 170 1
339 340 171 0
339 341 171 1
339 342 171 2
339 343 171 3
344 340 172 0
344 341 172 1
344 342 172 2
344 343 172 3
345 346 173 0
345 347 173 1
348 346 174 0
348 347 174 1
349 350 175 0
349 351 175 1
352 350 176 0
352 351 176 1
353 354 177 0
353 355 177 1
356 354 178 0
356 355 178 1
357 358 179 0
357 359 179 1
360 358 180 0
360 359 180 1
361 362 181 0
361 363 181 1
364 362 182 0
364 363 182 1
365 366 183 0
365 367 183 1
368 366 184 0
368 367 184 1
369 370 185 0
369 371 185 1
372 370 186 0
372 371 186 1
373 374 187 0
373 375 187 1
376 374 188 0
376 375 188 1
377 378 189 0
377 379 189 1
380 378 190 0
380 379 190 1
381 378 191 0
381 379 191 1
382 378 192 0
382 379 192 1
383 384 193 0
383 385 193 1
386 387 194 0
386 388 194 1
386 389 194 2
386 390 194 3
391 387 195 0
391 388 195 1
391 389 195 2
391 390 195 3
392 393 196 0
392 394 196 1
395 393 197 0
395 394 197 1
396 397 198 0
396 398 198 1
399 397 199 0
399 398 199 1
400 401 200 0
400 402 200 1
400 403 200 2
400 404 200 3
405 401 201 0
405 402 201 1
405 403 201 2
405 404 201 3
406 407 202 0
406 408 202 1
409 407 203 0
409 408 203 1
410 411 204 0
410 412 204 1
413 411 205 0
413 412 205 1
414 415 206 0
414 416 206 1
417 415 207 0
417 416 207 1
418 419 208 0
418 420 208 1
421 419 209 0
421 420 209 1
422 423 210 0
422 424 210 1
425 423 211 0
425 424 211 1
426 427 212 0
426 428 212 1
429 430 213 0
429 431 213 1
432 430 214 0
432 431 214 1
433 434 215 0
433 435 215 1
436 434 216 0
436 435 216 1
437 438 217 0
437 439 217 1
440 438 218 0
440 439 218 1
441 442 219 0
441 443 219 1
444 442 220 0
444 443 220 1
445 446 221 0
445 447 221 1
448 446 222 0
448 447 222 1
449 446 223 0
449 447 223 1
450 446 224 0
450 447 224 1
451 452 225 0
451 453 225 1
454 452 226 0
454 453 226 1
455 456 227 0
455 457 227 1
458 456 228 0
458 457 228 1
459 460 229 0
459 461 229 1
462 460 230 0
462 461 230 1
463 464 231 0
463 465 231 1
466 464 232 0
466 465 232 1
467 468 233 0
467 469 233 1
470 468 234 0
470 469 234 1
471 472 235 0
471 473 235 1
471 474 235 2
471 475 235 3
476 472 236 0
476 473 236 1
476 474 236 2
476 475 236 3
477 478 237 0
477 479 237 1
480 478 238 0
480 479 238 1
481 482 239 0
481 483 239 1
484 482 240 0
484 483 240 1
485 486 241 0
487 486 242 0
488 489 243 0
488 490 243 1
491 489 244 0
491 490 244 1
492 489 245 0
492 490 245 1
493 489 246 0
493 490 246 1
494 495 247 0
494 496 247 1
497 495 248 0
497 496 248 1
498 499 249 0
498 500 249 1
501 499 250 0
501 500 250 1
502 503 251 0
502 504 251 1
505 503 252 0
505 504 252 1
506 507 253 0
506 508 253 1
509 507 254 0
509 508 254 1
510 511 255 0
510 512 255 1
513 511 256 0
513 512 256 1
514 515 257 0
514 516 257 1
517 515 258 0
517 516 258 1
518 519 259 0
518 520 259 1
521 519 260 0
521 520 260 1
522 523 261 0
522 524 261 1
525 523 262 0
525 524 262 1
526 523 263 0
526 524 263 1
527 523 264 0
527 524 264 1
528 529 265 0
528 530 265 1
528 531 265 2
528 532 265 3
533 529 266 0
533 530 266 1
533 531 266 2
533 532 266 3
534 535 267 0
534 536 267 1
537 535 268 0
537 536 268 1
538 539 269 0
538 540 269 1
541 539 270 0
541 540 270 1
542 543 271 0
542 544 271 1
545 543 272 0
545 544 272 1
546 547 273 0
546 548 273 1
549 547 274 0
549 548 274 1
550 551 275 0
552 551 276 0
553 554 277 0
553 555 277 1
553 556 277 2
553 557 277 3
558 554 278 0
558 555 278 1
558 556 278 2
558 557 278 3
559 560 279 0
559 561 279 1
562 560 280 0
562 561 280 1
563 564 281 0
563 565 281 1
566 564 282 0
566 565 282 1
567 568 283 0
567 569 283 1
570 568 284 0
570 569 284 1
571 572 285 0
571 573 285 1
574 572 286 0
574 573 286 1
575 576 287 0
575 577 287 1
578 576 288 0
578 577 288 1
579 580 289 0
579 581 289 1
582 583 290 0
582 584 290 1
585 583 291 0
585 584 291 1
586 583 292 0
586 584 292 1
587 583 293 0
587 584 293 1
588 589 294 0
590 589 295 0
591 592 296 0
591 593 296 1
594 592 297 0
594 593 297 1
595 596 298 0
595 597 298 1
598 596 299 0
598 597 299 1
599 600 300 0
599 601 300 1
602 600 301 0
602 601 301 1
603 604 302 0
603 605 302 1
606 604 303 0
606 605 303 1
607 608 304 0
607 609 304 1
610 608 305 0
610 609 305 1
611 612 306 0
611 613 306 1
614 612 307 0
614 613 307 1
615 612 308 0
615 613 308 1
616 612 309 0
616 613 309 1
617 618 310 0
617 619 310 1
620 618 311 0
620 619 311 1
621 622 312 0
621 623 312 1
624 622 313 0
624 623 313 1
625 626 314 0
625 627 314 1
628 626 315 0
628 627 315 1
629 630 316 0
629 631 316 1
632 630 317 0
632 631 317 1
633 634 318 0
633 635 318 1
636 634 319 0
636 635 319 1
637 638 320 0
637 639 320 1
640 638 321 0
640 639 321 1
641 642 322 0
641 643 322 1
644 642 323 0
644 643 323 1
645 646 324 0
645 647 324 1
648 646 325 0
648 647 325 1
649 650 326 0
649 651 326 1
652 650 327 0
652 651 327 1
653 654 328 0
653 655 328 1
656 654 329 0
656 655 329 1
657 658 330 0
657 659 330 1
660 658 331 0
660 659 331 1
661 662 332 0
661 663 332 1
661 664 332 2
661 665 332 3
666 662 333 0
666 663 333 1
666 664 333 2
666 665 333 3
667 668 334 0
667 669 334 1
670 668 335 0
670 669 335 1
671 672 336 0
671 673 336 1
674 672 337 0
674 673 337 1
675 676 338 0
675 677 338 1
678 676 339 0
678 677 339 1
679 680 340 0
679 681 340 1
682 680 341 0
682 681 341 1
683 684 342 0
683 685 342 1
686 684 343 0
686 685 343 1
687 688 344 0
687 689 344 1
690 688 345 0
690 689 345 1
691 692 346 0
691 693 346 1
694 692 347 0
694 693 347 1
695 696 348 0
695 697 348 1
698 696 349 0
698 697 349 1
699 700 350 0
699 701 350 1
702 700 351 0
702 701 351 1
703 704 352 0
703 705 352 1
706 704 353 0
706 705 353 1
707 708 354 0
707 709 354 1
710 708 355 0
710 709 355 1
711 708 356 0
711 709 356 1
712 708 357 0
712 709 357 1
713 714 358 0
713 715 358 1
716 714 359 0
716 715 359 1
717 718 360 0
717 719 360 1
720 718 361 0
720 719 361 1
721 722 362 0
721 723 362 1
724 722 363 0
724 723 363 1
725 726 364 0
725 727 364 1
728 726 365 0
728 727 365 1
729 726 366 0
729 727 366 1
730 726 367 0
730 727 367 1
731 732 368 0
731 733 368 1
734 732 369 0
734 733 369 1
735 736 370 0
735 737 370 1
738 736 371 0
738 737 371 1
739 740 372 0
739 741 372 1
742 740 373 0
742 741 373 1
743 744 374 0
743 745 374 1
746 744 375 0
746 745 375 1
747 748 376 0
747 749 376 1
750 748 377 0
750 749 377 1
751 752 378 0
751 753 378 1
754 752 379 0
754 753 379 1
755 756 380 0
755 757 380 1
755 758 380 2
755 759 380 3
760 756 381 0
760 757 381 1
760 758 381 2
760 759 381 3
761 762 382 0
761 763 382 1
764 762 383 0
764 763 383 1
765 766 384 0
765 767 384 1
768 766 385 0
768 767 385 1
769 770 386 0
769 771 386 1
772 770 387 0
772 771 387 1
773 774 388 0
773 775 388 1
776 774 389 0
776 775 389 1
777 778 390 0
777 779 390 1
780 778 391 0
780 779 391 1
781 782 392 0
781 783 392 1
784 782 393 0
784 783 393 1
785 786 394 0
785 787 394 1
788 786 395 0
788 787 395 1
789 790 396 0
789 791 396 1
792 790 397 0
792 791 397 1
793 794 398 0
793 795 398 1
796 794 399 0
796 795 399 1
797 798 400 0
797 799 400 1
800 798 401 0
800 799 401 1
801 802 402 0
801 803 402 1
804 802 403 0
804 803 403 1
805 802 404 0
805 803 404 1
806 802 405 0
806 803 405 1
807 808 406 0
807 809 406 1
810 808 407 0
810 809 407 1
811 812 408 0
811 813 408 1
814 812 409 0
814 813 409 1
815 816 410 0
815 817 410 1
818 816 411 0
818 817 411 1
819 820 412 0
819 821 412 1
822 820 413 0
822 821 413 1
823 824 414 0
823 825 414 1
826 824 415 0
826 825 415 1
827 828 416 0
827 829 416 1
830 828 417 0
830 829 417 1
831 832 418 0
831 833 418 1
834 832 419 0
834 833 419 1
835 836 420 0
835 837 420 1
838 836 421 0
838 837 421 1
839 840 422 0
839 841 422 1
842 843 423 0
842 844 423 1
842 845 423 2
842 846 423 3
847 843 424 0
847 844 424 1
847 845 424 2
847 846 424 3
848 849 425 0
848 850 425 1
851 849 426 0
851 850 426 1
852 853 427 0
852 854 427 1
855 853 428 0
855 854 428 1
856 857 429 0
856 858 429 1
859 857 430 0
859 858 430 1
860 861 431 0
860 862 431 1
863 861 432 0
863 862 432 1
864 865 433 0
864 866 433 1
867 865 434 0
867 866 434 1
868 869 435 0
868 870 435 1
871 869 436 0
871 870 436 1
872 873 437 0
872 874 437 1
875 873 438 0
875 874 438 1
876 877 439 0
876 878 439 1
879 877 440 0
879 878 440 1
880 881 441 0
880 882 441 1
883 881 442 0
883 882 442 1
884 885 443 0
884 886 443 1
887 885 444 0
887 886 444 1
888 889 445 0
888 890 445 1
891 889 446 0
891 890 446 1
892 893 447 0
892 894 447 1
895 893 448 0
895 894 448 1
896 897 449 0
896 898 449 1
899 897 450 0
899 898 450 1
900 901 451 0
900 902 451 1
903 901 452 0
903 902 452 1
904 905 453 0
904 906 453 1
907 905 454 0
907 906 454 1
908 909 455 0
908 910 455 1
911 909 456 0
911 910 456 1
912 913 457 0
912 914 457 1
915 913 458 0
915 914 458 1
916 917 459 0
916 918 459 1
919 917 460 0
919 918 460 1
920 921 461 0
920 922 461 1
923 921 462 0
923 922 462 1
924 925 463 0
924 926 463 1
927 925 464 0
927 926 464 1
928 929 465 0
928 930 465 1
931 929 466 0
931 930 466 1
932 933 467 0
932 934 467 1
935 933 468 0
935 934 468 1
936 937 469 0
936 938 469 1
939 937 470 0
939 938 470 1
940 941 471 0
940 942 471 1
943 941 472 0
943 942 472 1
944 945 473 0
944 946 473 1
944 947 473 2
944 948 473 3
949 945 474 0
949 946 474 1
949 947 474 2
949 948 474 3
950 951 475 0
950 952 475 1
953 951 476 0
953 952 476 1
954 955 477 0
954 956 477 1
957 955 478 0
957 956 478 1
958 959 479 0
958 960 479 1
961 959 480 0
961 960 480 1
962 963 481 0
962 964 481 1
965 963 482 0
965 964 482 1
966 967 483 0
966 968 483 1
969 967 484 0
969 968 484 1
970 971 485 0
970 972 485 1
973 971 486 0
973 972 486 1
974 975 487 0
974 976 487 1
977 975 488 0
977 976 488 1
978 979 489 0
978 980 489 1
981 979 490 0
981 980 490 1
982 983 491 0
982 984 491 1
985 983 492 0
985 984 492 1
986 987 493 0
986 988 493 1
989 987 494 0
989 988 494 1
990 991 495 0
990 992 495 1
993 991 496 0
993 992 496 1
994 995 497 0
994 996 497 1
997 995 498 0
997 996 498 1
998 999 499 0
998 1000 499 1
1001 999 500 0
1001 1000 500 1
1002 1003 501 0
1002 1004 501 1
1005 1003 502 0
1005 1004 502 1
1006 1007 503 0
1006 1008 503 1
1009 1007 504 0
1009 1008 504 1
1010 1007 505 0
1010 1008 505 1
1011 1007 506 0
1011 1008 506 1
1012 1013 507 0
1012 1014 507 1
1015 1013 508 0
1015 1014 508 1
1016 1017 509 0
1016 1018 509 1
1019 1017 510 0
1019 1018 510 1
1020 1017 511 0
1020 1018 511 1
1021 1017 512 0
1021 1018 512 1
1022 1023 513 0
1022 1024 513 1
1025 1023 514 0
1025 1024 514 1
1026 1027 515 0
1026 1028 515 1
1029 1027 516 0
1029 1028 516 1
1030 1031 517 0
1030 1032 517 1
1033 1034 518 0
1033 1035 518 1
1033 1036 518 2
1033 1037 518 3
1038 1034 519 0
1038 1035 519 1
1038 1036 519 2
1038 1037 519 3
1039 1040 520 0
1039 1041 520 1
1042 1040 521 0
1042 1041 521 1
1043 1044 522 0
1043 1045 522 1
1046 1044 523 0
1046 1045 523 1
1047 1048 524 0
1047 1049 524 1
1050 1048 525 0
1050 1049 525 1
1051 1052 526 0
1051 1053 526 1
1054 1052 527 0
1054 1053 527 1
1055 1056 528 0
1055 1057 528 1
1058 1056 529 0
1058 1057 529 1
1059 1060 530 0
1059 1061 530 1
1062 1060 531 0
1062 1061 531 1
1063 1064 532 0
1063 1065 532 1
1066 1064 533 0
1066 1065 533 1
1067 1068 534 0
1067 1069 534 1
1070 1068 535 0
1070 1069 535 1
1071 1072 536 0
1071 1073 536 1
1074 1072 537 0
1074 1073 537 1
1075 1076 538 0
1075 1077 538 1
1078 1076 539 0
1078 1077 539 1
1079 1080 540 0
1079 1081 540 1
1082 1080 541 0
1082 1081 541 1
1083 1084 542 0
1083 1085 542 1
1086 1084 543 0
1086 1085 543 1
1087 1088 544 0
1087 1089 544 1
1090 1088 545 0
1090 1089 545 1
1091 1092 546 0
1091 1093 546 1
1094 1092 547 0
1094 1093 547 1
1095 1096 548 0
1095 1097 548 1
1098 1096 549 0
1098 1097 549 1
1099 1100 550 0
1099 1101 550 1
1102 1100 551 0
1102 1101 551 1
1103 1104 552 0
1103 1105 552 1
1106 1104 553 0
1106 1105 553 1
1107 1108 554 0
1107 1109 554 1
1110 1108 555 0
1110 1109 555 1
1111 1112 556 0
1111 1113 556 1
1114 1112 557 0
1114 1113 557 1
1115 1116 558 0
1115 1117 558 1
1118 1116 559 0
1118 1117 559 1
1119 1120 560 0
1119 1121 560 1
1122 1120 561 0
1122 1121 561 1
1123 1124 562 0
1123 1125 562 1
1126 1124 563 0
1126 1125 563 1
1127 1128 564 0
1127 1129 564 1
1130 1128 565 0
1130 1129 565 1
1131 1132 566 0
1131 1133 566 1
1134 1132 567 0
1134 1133 567 1
1135 1136 568 0
1135 1137 568 1
1138 1136 569 0
1138 1137 569 1
1139 1140 570 0
1139 1141 570 1
1142 1140 571 0
1142 1141 571 1
1143 1144 572 0
1143 1145 572 1
1146 1144 573 0
1146 1145 573 1
1147 1148 574 0
1147 1149 574 1
1150 1148 575 0
1150 1149 575 1
1151 1152 576 0
1151 1153 576 1
1154 1152 577 0
1154 1153 577 1
1155 1156 578 0
1155 1157 578 1
1158 1156 579 0
1158 1157 579 1
1159 1160 580 0
1159 1161 580 1
1162 1160 581 0
1162 1161 581 1
1163 1164 582 0
1163 1165 582 1
1166 1164 583 0
1166 1165 583 1
1167 1168 584 0
1167 1169 584 1
1170 1168 585 0
1170 1169 585 1
1171 1172 586 0
1171 1173 586 1
1174 1172 587 0
1174 1173 587 1
1175 1176 588 0
1175 1177 588 1
1178 1176 589 0
1178 1177 589 1
1179 1180 590 0
1179 1181 590 1
1182 1180 591 0
1182 1181 591 1
1183 1184 592 0
1183 1185 592 1
1186 1184 593 0
1186 1185 593 1
1187 1188 594 0
1187 1189 594 1
1190 1188 595 0
1190 1189 595 1
1191 1188 596 0
1191 1189 596 1
1192 1188 597 0
1192 1189 597 1
1193 1194 598 0
1195 1194 599 0
1196 1197 600 0
1196 1198 600 1
1199 1197 601 0
1199 1198 601 1
1200 1201 602 0
1200 1202 602 1
1203 1201 603 0
1203 1202 603 1
1204 1205 604 0
1204 1206 604 1
1204 1207 604 2
1204 1208 604 3
1209 1205 605 0
1209 1206 605 1
1209 1207 605 2
1209 1208 605 3
1210 1211 606 0
1210 1212 606 1
1213 1211 607 0
1213 1212 607 1
1214 1215 608 0
1214 1216 608 1
1214 1217 608 2
1214 1218 608 3
1219 1215 609 0
1219 1216 609 1
1219 1217 609 2
1219 1218 609 3
1220 1221 610 0
1220 1222 610 1
1223 1221 611 0
1223 1222 611 1
1224 1225 612 0
1224 1226 612 1
1227 1225 613 0
1227 1226 613 1
1228 1229 614 0
1228 1230 614 1
1231 1229 615 0
1231 1230 615 1
1232 1233 616 0
1232 1234 616 1
1235 1233 617 0
1235 1234 617 1
1236 1237 618 0
1236 1238 618 1
1239 1237 619 0
1239 1238 619 1
1240 1241 620 0
1240 1242 620 1
1243 1241 621 0
1243 1242 621 1
1244 1245 622 0
1244 1246 622 1
1247 1245 623 0
1247 1246 623 1
1248 1249 624 0
1248 1250 624 1
1251 1249 625 0
1251 1250 625 1
1252 1253 626 0
1252 1254 626 1
1255 1253 627 0
1255 1254 627 1
1256 1257 628 0
1256 1258 628 1
1259 1257 629 0
1259 1258 629 1
1260 1261 630 0
1260 1262 630 1
1263 1261 631 0
1263 1262 631 1
1264 1265 632 0
1264 1266 632 1
1267 1265 633 0
1267 1266 633 1
1268 1269 634 0
1268 1270 634 1
1271 1269 635 0
1271 1270 635 1
1272 1273 636 0
1272 1274 636 1
1275 1273 637 0
1275 1274 637 1
1276 1277 638 0
1276 1278 638 1
1279 1277 639 0
1279 1278 639 1
1280 1277 640 0
1280 1278 640 1
1281 1277 641 0
1281 1278 641 1
1282 1283 642 0
1282 1284 642 1
1285 1283 643 0
1285 1284 643 1
1286 1287 644 0
1286 1288 644 1
1289 1287 645 0
1289 1288 645 1
1290 1291 646 0
1290 1292 646 1
1293 1291 647 0
1293 1292 647 1
1294 1295 648 0
1294 1296 648 1
1297 1295 649 0
1297 1296 649 1
1298 1299 650 0
1298 1300 650 1
1301 1299 651 0
1301 1300 651 1
1302 1303 652 0
1302 1304 652 1
1305 1303 653 0
1305 1304 653 1
1306 1307 654 0
1306 1308 654 1
1309 1307 655 0
1309 1308 655 1
1310 1311 656 0
1310 1312 656 1
1313 1311 657 0
1313 1312 657 1
1314 1315 658 0
1314 1316 658 1
1317 1315 659 0
1317 1316 659 1
1318 1319 660 0
1318 1320 660 1
1321 1319 661 0
1321 1320 661 1
1322 1323 662 0
1322 1324 662 1
1325 1323 663 0
1325 1324 663 1
1326 1327 664 0
1326 1328 664 1
1329 1327 665 0
1329 1328 665 1
1330 1331 666 0
1330 1332 666 1
1333 1331 667 0
1333 1332 667 1
1334 1335 668 0
1334 1336 668 1
1337 1335 669 0
1337 1336 669 1
1338 1339 670 0
1338 1340 670 1
1341 1339 671 0
1341 1340 671 1
1342 1343 672 0
1342 1344 672 1
1345 1343 673 0
1345 1344 673 1
1346 1347 674 0
1346 1348 674 1
1349 1347 675 0
1349 1348 675 1
1350 1351 676 0
1350 1352 676 1
1353 1351 677 0
1353 1352 677 1
1354 1355 678 0
1354 1356 678 1
1357 1355 679 0
1357 1356 679 1
1358 1359 680 0
1358 1360 680 1
1361 1359 681 0
1361 1360 681 1
1362 1363 682 0
1362 1364 682 1
1365 1363 683 0
1365 1364 683 1
1366 1367 684 0
1366 1368 684 1
1369 1367 685 0
1369 1368 685 1
1370 1371 686 0
1370 1372 686 1
1373 1371 687 0
1373 1372 687 1
1374 1375 688 0
1374 1376 688 1
1377 1375 689 0
1377 1376 689 1
1378 1379 690 0
1378 1380 690 1
1381 1379 691 0
1381 1380 691 1
1382 1379 692 0
1382 1380 692 1
1383 1379 693 0
1383 1380 693 1
1384 1385 694 0
1386 1385 695 0
1387 1388 696 0
1387 1389 696 1
1390 1388 697 0
1390 1389 697 1
1391 1392 698 0
1391 1393 698 1
1394 1392 699 0
1394 1393 699 1
1395 1396 700 0
1395 1397 700 1
1398 1396 701 0
1398 1397 701 1
1399 1400 702 0
1399 1401 702 1
1402 1400 703 0
1402 1401 703 1
1403 1404 704 0
1403 1405 704 1
1406 1404 705 0
1406 1405 705 1
1407 1408 706 0
1407 1409 706 1
1410 1408 707 0
1410 1409 707 1
1411 1412 708 0
1411 1413 708 1
1414 1412 709 0
1414 1413 709 1
1415 1416 710 0
1415 1417 710 1
1418 1416 711 0
1418 1417 711 1
1419 1420 712 0
1419 1421 712 1
1419 1422 712 2
1419 1423 712 3
1424 1420 713 0
1424 1421 713 1
1424 1422 713 2
1424 1423 713 3
1425 1426 714 0
1425 1427 714 1
1428 1426 715 0
1428 1427 715 1
1429 1430 716 0
1429 1431 716 1
1432 1430 717 0
1432 1431 717 1
1433 1434 718 0
1433 1435 718 1
1436 1434 719 0
1436 1435 719 1
1437 1438 720 0
1437 1439 720 1
1440 1438 721 0
1440 1439 721 1
1441 1442 722 0
1441 1443 722 1
1444 1442 723 0
1444 1443 723 1
1445 1446 724 0
1445 1447 724 1
1448 1446 725 0
1448 1447 725 1
1449 1450 726 0
1449 1451 726 1
1452 1450 727 0
1452 1451 727 1
1453 1454 728 0
1453 1455 728 1
1456 1454 729 0
1456 1455 729 1
1457 1458 730 0
1457 1459 730 1
1460 1458 731 0
1460 1459 731 1
1461 1462 732 0
1461 1463 732 1
1464 1462 733 0
1464 1463 733 1
1465 1466 734 0
1465 1467 734 1
1468 1466 735 0
1468 1467 735 1
1469 1466 736 0
1469 1467 736 1
1470 1466 737 0
1470 1467 737 1
1471 1472 738 0
1471 1473 738 1
1474 1472 739 0
1474 1473 739 1
1475 1476 740 0
1475 1477 740 1
1478 1476 741 0
1478 1477 741 1
1479 1480 742 0
1479 1481 742 1
1482 1480 743 0
1482 1481 743 1
1483 1484 744 0
1483 1485 744 1
1486 1484 745 0
1486 1485 745 1
1487 1488 746 0
1487 1489 746 1
1490 1488 747 0
1490 1489 747 1
1491 1492 748 0
1491 1493 748 1
1494 1492 749 0
1494 1493 749 1
1495 1496 750 0
1495 1497 750 1
1495 1498 750 2
1495 1499 750 3
1500 1496 751 0
1500 1497 751 1
1500 1498 751 2
1500 1499 751 3
1501 1502 752 0
1501 1503 752 1
1504 1502 753 0
1504 1503 753 1
1505 1506 754 0
1505 1507 754 1
1508 1506 755 0
1508 1507 755 1
1509 1510 756 0
1509 1511 756 1
1512 1510 757 0
1512 1511 757 1
1513 1514 758 0
1513 1515 758 1
1513 1516 758 2
1513 1517 758 3
1518 1514 759 0
1518 1515 759 1
1518 1516 759 2
1518 1517 759 3
1519 1520 760 0
1519 1521 760 1
1522 1520 761 0
1522 1521 761 1
1523 1524 762 0
1523 1525 762 1
1526 1524 763 0
1526 1525 763 1
1527 1528 764 0
1527 1529 764 1
1530 1528 765 0
1530 1529 765 1
1531 1532 766 0
1531 1533 766 1
1534 1532 767 0
1534 1533 767 1
1535 1536 768 0
1535 1537 768 1
1538 1536 769 0
1538 1537 769 1
1539 1540 770 0
1539 1541 770 1
1542 1540 771 0
1542 1541 771 1
1543 1544 772 0
1543 1545 772 1
1546 1544 773 0
1546 1545 773 1
1547 1548 774 0
1547 1549 774 1
1550 1548 775 0
1550 1549 775 1
1551 1552 776 0
1551 1553 776 1
1554 1552 777 0
1554 1553 777 1
1555 1556 778 0
1555 1557 778 1
1558 1556 779 0
1558 1557 779 1
1559 1560 780 0
1559 1561 780 1
1562 1560 781 0
1562 1561 781 1
1563 1560 782 0
1563 1561 782 1
1564 1560 783 0
1564 1561 783 1
1565 1566 784 0
1565 1567 784 1
1568 1566 785 0
1568 1567 785 1
1569 1570 786 0
1569 1571 786 1
1572 1570 787 0
1572 1571 787 1
1573 1574 788 0
1573 1575 788 1
1576 1574 789 0
1576 1575 789 1
1577 1578 790 0
1577 1579 790 1
1580 1578 791 0
1580 1579 791 1
1581 1582 792 0
1581 1583 792 1
1584 1582 793 0
1584 1583 793 1
1585 1586 794 0
1585 1587 794 1
1588 1586 795 0
1588 1587 795 1
1589 1590 796 0
1589 1591 796 1
1592 1590 797 0
1592 1591 797 1
1593 1594 798 0
1593 1595 798 1
1596 1594 799 0
1596 1595 799 1
1597 1598 800 0
1597 1599 800 1
1600 1598 801 0
1600 1599 801 1
1601 1602 802 0
1601 1603 802 1
1604 1602 803 0
1604 1603 803 1
1605 1606 804 0
1605 1607 804 1
1608 1606 805 0
1608 1607 805 1
1609 1610 806 0
1609 1611 806 1
1609 1612 806 2
1609 1613 806 3
1614 1610 807 0
1614 1611 807 1
1614 1612 807 2
1614 1613 807 3
1615 1616 808 0
1615 1617 808 1
1618 1616 809 0
1618 1617 809 1
1619 1620 810 0
1619 1621 810 1
1622 1620 811 0
1622 1621 811 1
1623 1624 812 0
1623 1625 812 1
1626 1624 813 0
1626 1625 813 1
1627 1628 814 0
1627 1629 814 1
1630 1628 815 0
1630 1629 815 1
1631 1632 816 0
1631 1633 816 1
1634 1632 817 0
1634 1633 817 1
1635 1636 818 0
1635 1637 818 1
1638 1639 819 0
1638 1640 819 1
1638 1641 819 2
1638 1642 819 3
1643 1639 820 0
1643 1640 820 1
1643 1641 820 2
1643 1642 820 3
1644 1645 821 0
1646 1645 822 0
1647 1648 823 0
1647 1649 823 1
1650 1648 824 0
1650 1649 824 1
1651 1652 825 0
1651 1653 825 1
1654 1652 826 0
1654 1653 826 1
1655 1656 827 0
1655 1657 827 1
1658 1656 828 0
1658 1657 828 1
1659 1660 829 0
1659 1661 829 1
1662 1660 830 0
1662 1661 830 1
1663 1664 831 0
1663 1665 831 1
1666 1664 832 0
1666 1665 832 1
1667 1668 833 0
1667 1669 833 1
1670 1668 834 0
1670 1669 834 1
1671 1668 835 0
1671 1669 835 1
1672 1668 836 0
1672 1669 836 1
1673 1674 837 0
1673 1675 837 1
1676 1677 838 0
1676 1678 838 1
1679 1677 839 0
1679 1678 839 1
1680 1681 840 0
1680 1682 840 1
1683 1681 841 0
1683 1682 841 1
1684 1685 842 0
1684 1686 842 1
1687 1685 843 0
1687 1686 843 1
1688 1689 844 0
1688 1690 844 1
1691 1689 845 0
1691 1690 845 1
1692 1693 846 0
1692 1694 846 1
1695 1693 847 0
1695 1694 847 1
1696 1693 848 0
1696 1694 848 1
1697 1693 849 0
1697 1694 849 1
1698 1699 850 0
1698 1700 850 1
1698 1701 850 2
1698 1702 850 3
1703 1699 851 0
1703 1700 851 1
1703 1701 851 2
1703 1702 851 3
1704 1705 852 0
1704 1706 852 1
1707 1705 853 0
1707 1706 853 1
1708 1709 854 0
1708 1710 854 1
1711 1709 855 0
1711 1710 855 1
1712 1713 856 0
1712 1714 856 1
1715 1713 857 0
1715 1714 857 1
1716 1717 858 0
1716 1718 858 1
1719 1717 859 0
1719 1718 859 1
1720 1721 860 0
1720 1722 860 1
1723 1721 861 0
1723 1722 861 1
1724 1725 862 0
1724 1726 862 1
1727 1725 863 0
1727 1726 863 1
1728 1729 864 0
1728 1730 864 1
1731 1729 865 0
1731 1730 865 1
1732 1733 866 0
1732 1734 866 1
1732 1735 866 2
1732 1736 866 3
1737 1733 867 0
1737 1734 867 1
1737 1735 867 2
1737 1736 867 3
1738 1739 868 0
1738 1740 868 1
1741 1742 869 0
1741 1743 869 1
1744 1742 870 0
1744 1743 870 1
1745 1746 871 0
1745 1747 871 1
1748 1746 872 0
1748 1747 872 1
1749 1750 873 0
1749 1751 873 1
1752 1750 874 0
1752 1751 874 1
1753 1750 875 0
1753 1751 875 1
1754 1750 876 0
1754 1751 876 1
1755 1756 877 0
1755 1757 877 1
1758 1756 878 0
1758 1757 878 1
1759 1760 879 0
1759 1761 879 1
1762 1760 880 0
1762 1761 880 1
1763 1764 881 0
1763 1765 881 1
1766 1764 882 0
1766 1765 882 1
1767 1768 883 0
1767 1769 883 1
1770 1768 884 0
1770 1769 884 1
1771 1772 885 0
1771 1773 885 1
1774 1772 886 0
1774 1773 886 1
1775 1776 887 0
1775 1777 887 1
1775 1778 887 2
1775 1779 887 3
1780 1776 888 0
1780 1777 888 1
1780 1778 888 2
1780 1779 888 3
1781 1782 889 0
1781 1783 889 1
1784 1782 890 0
1784 1783 890 1
1785 1786 891 0
1785 1787 891 1
1788 1786 892 0
1788 1787 892 1
1789 1790 893 0
1789 1791 893 1
1792 1790 894 0
1792 1791 894 1
1793 1794 895 0
1793 1795 895 1
1796 1794 896 0
1796 1795 896 1
1797 1798 897 0
1799 1798 898 0
1800 1801 899 0
1800 1802 899 1
1803 1801 900 0
1803 1802 900 1
1804 1805 901 0
1804 1806 901 1
1807 1805 902 0
1807 1806 902 1
1808 1809 903 0
1808 1810 903 1
1811 1809 904 0
1811 1810 904 1
1812 1813 905 0
1812 1814 905 1
1815 1813 906 0
1815 1814 906 1
1816 1817 907 0
1816 1818 907 1
1819 1817 908 0
1819 1818 908 1
1820 1821 909 0
1820 1822 909 1
1823 1821 910 0
1823 1822 910 1
1824 1821 911 0
1824 1822 911 1
1825 1821 912 0
1825 1822 912 1
1826 1827 913 0
1826 1828 913 1
1829 1827 914 0
1829 1828 914 1
1830 1831 915 0
1830 1832 915 1
1833 1831 916 0
1833 1832 916 1
1834 1835 917 0
1834 1836 917 1
1837 1835 918 0
1837 1836 918 1
1838 1835 919 0
1838 1836 919 1
1839 1835 920 0
1839 1836 920 1
1840 1841 921 0
1842 1841 922 0
1843 1844 923 0
1843 1845 923 1
1843 1846 923 2
1843 1847 923 3
1848 1844 924 0
1848 1845 924 1
1848 1846 924 2
1848 1847 924 3
1849 1850 925 0
1849 1851 925 1
1852 1850 926 0
1852 1851 926 1
1853 1854 927 0
1853 1855 927 1
1856 1854 928 0
1856 1855 928 1
1857 1858 929 0
1857 1859 929 1
1860 1858 930 0
1860 1859 930 1
1861 1862 931 0
1861 1863 931 1
1864 1862 932 0
1864 1863 932 1
1865 1866 933 0
1865 1867 933 1
1868 1866 934 0
1868 1867 934 1
1869 1870 935 0
1869 1871 935 1
1872 1870 936 0
1872 1871 936 1
1873 1874 937 0
1873 1875 937 1
1876 1874 938 0
1876 1875 938 1
1877 1878 939 0
1877 1879 939 1
1880 1878 940 0
1880 1879 940 1
1881 1882 941 0
1881 1883 941 1
1884 1882 942 0
1884 1883 942 1
1885 1882 943 0
1885 1883 943 1
1886 1882 944 0
1886 1883 944 1
1887 1888 945 0
1887 1889 945 1
1890 1888 946 0
1890 1889 946 1
1891 1892 947 0
1891 1893 947 1
1894 1892 948 0
1894 1893 948 1
1895 1896 949 0
1895 1897 949 1
1898 1896 950 0
1898 1897 950 1
1899 1900 951 0
1899 1901 951 1
1902 1900 952 0
1902 1901 952 1
1903 1904 953 0
1903 1905 953 1
1906 1904 954 0
1906 1905 954 1
1907 1908 955 0
1907 1909 955 1
1910 1908 956 0
1910 1909 956 1
1911 1912 957 0
1911 1913 957 1
1914 1912 958 0
1914 1913 958 1
1915 1916 959 0
1915 1917 959 1
1918 1916 960 0
1918 1917 960 1
1919 1920 961 0
1919 1921 961 1
1922 1920 962 0
1922 1921 962 1
1923 1924 963 0
1923 1925 963 1
1926 1924 964 0
1926 1925 964 1
1927 1928 965 0
1927 1929 965 1
1930 1928 966 0
1930 1929 966 1
1931 1932 967 0
1931 1933 967 1
1934 1932 968 0
1934 1933 968 1
1935 1936 969 0
1935 1937 969 1
1938 1936 970 0
1938 1937 970 1
1939 1940 971 0
1939 1941 971 1
1942 1940 972 0
1942 1941 972 1
1943 1944 973 0
1943 1945 973 1
1946 1944 974 0
1946 1945 974 1
1947 1948 975 0
1947 1949 975 1
1950 1948 976 0
1950 1949 976 1
1951 1952 977 0
1951 1953 977 1
1954 1955 978 0
1954 1956 978 1
1957 1955 979 0
1957 1956 979 1
1958 1959 980 0
1958 1960 980 1
1961 1959 981 0
1961 1960 981 1
1962 1963 982 0
1962 1964 982 1
1965 1963 983 0
1965 1964 983 1
1966 1967 984 0
1966 1968 984 1
1969 1967 985 0
1969 1968 985 1
1970 1971 986 0
1970 1972 986 1
1973 1971 987 0
1973 1972 987 1
1974 1975 988 0
1974 1976 988 1
1977 1975 989 0
1977 1976 989 1
1978 1979 990 0
1978 1980 990 1
1981 1979 991 0
1981 1980 991 1
1982 1983 992 0
1982 1984 992 1
1985 1983 993 0
1985 1984 993 1
1986 1987 994 0
1986 1988 994 1
1989 1987 995 0
1989 1988 995 1
1990 1991 996 0
1990 1992 996 1
1993 1991 997 0
1993 1992 997 1
1994 1995 998 0
1994 1996 998 1
1997 1995 999 0
1997 1996 999 1
1998 1999 1000 0
1998 2000 1000 1
2001 1999 1001 0
2001 2000 1001 1
2002 2003 1002 0
2002 2004 1002 1
2005 2003 1003 0
2005 2004 1003 1
2006 2007 1004 0
2006 2008 1004 1
2009 2007 1005 0
2009 2008 1005 1
2010 2011 1006 0
2010 2012 1006 1
2013 2011 1007 0
2013 2012 1007 1
2014 2015 1008 0
2014 2016 1008 1
2017 2015 1009 0
2017 2016 1009 1
2018 2019 1010 0
2018 2020 1010 1
2021 2019 1011 0
2021 2020 1011 1
2022 2023 1012 0
2022 2024 1012 1
2025 2026 1013 0
2025 2027 1013 1
2025 2028 1013 2
2025 2029 1013 3
2030 2026 1014 0
2030 2027 1014 1
2030 2028 1014 2
2030 2029 1014 3
2031 2032 1015 0
2031 2033 1015 1
2034 2032 1016 0
2034 2033 1016 1
2035 2036 1017 0
2035 2037 1017 1
2038 2036 1018 0
2038 2037 1018 1
2039 2040 1019 0
2039 2041 1019 1
2042 2040 1020 0
2042 2041 1020 1
2043 2044 1021 0
2043 2045 1021 1
2046 2044 1022 0
2046 2045 1022 1
2047 2048 1023 0
2047 2049 1023 1
2050 2048 1024 0
2050 2049 1024 1
2051 2052 1025 0
2051 2053 1025 1
2054 2052 1026 0
2054 2053 1026 1
2055 2052 1027 0
2055 2053 1027 1
2056 2052 1028 0
2056 2053 1028 1
2057 2058 1029 0
2057 2059 1029 1
2060 2058 1030 0
2060 2059 1030 1
2061 2062 1031 0
2061 2063 1031 1
2064 2062 1032 0
2064 2063 1032 1
2065 2066 1033 0
2065 2067 1033 1
2065 2068 1033 2
2065 2069 1033 3
2070 2066 1034 0
2070 2067 1034 1
2070 2068 1034 2
2070 2069 1034 3
2071 2072 1035 0
2071 2073 1035 1
2074 2072 1036 0
2074 2073 1036 1
2075 2076 1037 0
2075 2077 1037 1
2078 2076 1038 0
2078 2077 1038 1
2079 2080 1039 0
2079 2081 1039 1
2079 2082 1039 2
2079 2083 1039 3
2084 2080 1040 0
2084 2081 1040 1
2084 2082 1040 2
2084 2083 1040 3
2085 2086 1041 0
2085 2087 1041 1
2088 2086 1042 0
2088 2087 1042 1
2089 2090 1043 0
2089 2091 1043 1
2092 2090 1044 0
2092 2091 1044 1
2093 2094 1045 0
2093 2095 1045 1
2096 2094 1046 0
2096 2095 1046 1
2097 2098 1047 0
2097 2099 1047 1
2100 2098 1048 0
2100 2099 1048 1
2101 2102 1049 0
2101 2103 1049 1
2104 2102 1050 0
2104 2103 1050 1
2105 2102 1051 0
2105 2103 1051 1
2106 2102 1052 0
2106 2103 1052 1
2107 2108 1053 0
2107 2109 1053 1
2110 2108 1054 0
2110 2109 1054 1
2111 2112 1055 0
2111 2113 1055 1
2114 2112 1056 0
2114 2113 1056 1
2115 2116 1057 0
2115 2117 1057 1
2118 2116 1058 0
2118 2117 1058 1
2119 2120 1059 0
2119 2121 1059 1
2119 2122 1059 2
2119 2123 1059 3
2124 2120 1060 0
2124 2121 1060 1
2124 2122 1060 2
2124 2123 1060 3
2125 2126 1061 0
2125 2127 1061 1
2125 2128 1061 2
2125 2129 1061 3
2130 2126 1062 0
2130 2127 1062 1
2130 2128 1062 2
2130 2129 1062 3
2131 2132 1063 0
2131 2133 1063 1
2134 2132 1064 0
2134 2133 1064 1
2135 2136 1065 0
2135 2137 1065 1
2138 2136 1066 0
2138 2137 1066 1
2139 2140 1067 0
2139 2141 1067 1
2142 2140 1068 0
2142 2141 1068 1
2143 2144 1069 0
2143 2145 1069 1
2146 2144 1070 0
2146 2145 1070 1
2147 2148 1071 0
2147 2149 1071 1
2150 2148 1072 0
2150 2149 1072 1
2151 2152 1073 0
2151 2153 1073 1
2154 2152 1074 0
2154 2153 1074 1
2155 2156 1075 0
2155 2157 1075 1
2158 2156 1076 0
2158 2157 1076 1
2159 2160 1077 0
2159 2161 1077 1
2162 2160 1078 0
2162 2161 1078 1
2163 2164 1079 0
2163 2165 1079 1
2166 2164 1080 0
2166 2165 1080 1
2167 2168 1081 0
2167 2169 1081 1
2170 2168 1082 0
2170 2169 1082 1
2171 2172 1083 0
2171 2173 1083 1
2174 2172 1084 0
2174 2173 1084 1
2175 2176 1085 0
2177 2176 1086 0
2178 2179 1087 0
2178 2180 1087 1
2181 2179 1088 0
2181 2180 1088 1
2182 2183 1089 0
2182 2184 1089 1
2185 2183 1090 0
2185 2184 1090 1
2186 2183 1091 0
2186 2184 1091 1
2187 2183 1092 0
2187 2184 1092 1
2188 2189 1093 0
2188 2190 1093 1
2191 2189 1094 0
2191 2190 1094 1
2192 2193 1095 0
2192 2194 1095 1
2195 2193 1096 0
2195 2194 1096 1
2196 2193 1097 0
2196 2194 1097 1
2197 2193 1098 0
2197 2194 1098 1
2198 2199 1099 0
2198 2200 1099 1
2198 2201 1099 2
2198 2202 1099 3
2203 2199 1100 0
2203 2200 1100 1
2203 2201 1100 2
2203 2202 1100 3
2204 2205 1101 0
2204 2206 1101 1
2207 2205 1102 0
2207 2206 1102 1
2208 2205 1103 0
2208 2206 1103 1
2209 2205 1104 0
2209 2206 1104 1
2210 2211 1105 0
2210 2212 1105 1
2213 2211 1106 0
2213 2212 1106 1
2214 2215 1107 0
2214 2216 1107 1
2217 2215 1108 0
2217 2216 1108 1
2218 2219 1109 0
2218 2220 1109 1
2221 2219 1110 0
2221 2220 1110 1
2222 2223 1111 0
2222 2224 1111 1
2225 2223 1112 0
2225 2224 1112 1
