1023 9 8 7 6 5 4 3 2 1 0
1535 8 8 7 6 5 4 3 2 1 1
2559 8 7 7 6 5 4 3 2 1 2
4607 8 7 6 6 5 4 3 2 2 2
8703 8 7 6 5 5 4 3 3 2 2
16895 8 7 6 5 4 4 4 3 2 2
1791 8 7 7 6 5 4 3 2 2 1
2815 7 8 6 6 5 4 3 2 2 2
4863 7 7 7 5 5 4 3 2 3 2
8959 7 7 6 6 4 4 3 3 3 2
17151 7 7 6 5 5 3 4 3 3 2
33535 7 7 6 5 4 5 3 3 3 2
3327 8 6 6 6 5 4 3 2 2 3
5375 7 7 6 5 5 4 3 2 3 3
9471 7 6 7 5 4 4 3 3 3 3
17663 7 6 6 6 4 3 4 3 3 3
34047 7 6 6 5 5 4 3 3 3 3
6399 8 6 5 5 5 4 3 2 3 4
10495 7 7 5 5 4 4 3 3 3 4
18687 7 6 6 5 4 3 4 3 3 4
35071 7 6 5 6 4 4 3 3 3 4
67839 7 6 5 5 6 4 3 2 3 4
12543 8 6 5 4 4 4 3 3 4 4
20735 7 7 5 4 4 3 4 3 4 4
37119 7 6 6 4 4 4 3 3 4 4
69887 7 6 5 5 5 4 3 2 4 4
24831 8 6 5 4 3 3 4 4 4 4
41215 7 7 5 4 3 4 3 4 4 4
1919 8 7 6 6 5 4 3 3 2 1
2943 7 7 7 5 5 4 3 3 2 2
4991 7 6 7 6 4 4 3 3 3 2
9087 7 6 6 6 5 3 3 4 3 2
17279 7 6 6 5 5 4 3 4 3 2
33663 7 6 6 5 4 5 4 3 3 2
3455 7 7 6 5 5 4 3 3 2 3
5503 6 8 5 6 4 4 3 3 3 3
9599 6 7 6 5 5 3 3 4 3 3
17791 6 7 5 6 4 4 3 4 3 3
34175 6 7 5 5 5 4 4 3 3 3
6527 7 6 6 5 4 4 3 3 3 4
10623 6 7 6 4 5 3 3 4 3 4
18815 6 6 7 4 4 4 3 4 3 4
35199 6 6 6 5 4 4 4 3 3 4
67967 6 6 6 4 6 4 3 4 2 4
12671 7 6 5 5 4 3 3 4 4 4
20863 6 7 5 5 3 4 3 4 4 4
37247 6 6 6 5 3 4 4 3 4 4
70015 6 6 5 6 4 4 3 4 3 4
24959 7 6 5 4 4 3 3 5 4 4
41343 6 7 5 4 4 3 4 4 4 4
74111 6 6 6 4 5 3 3 5 3 4
3711 8 6 5 5 5 4 3 3 3 3
5759 7 6 6 5 4 4 3 3 4 3
9855 7 5 6 6 4 3 3 4 4 3
18047 7 5 5 6 5 3 3 4 4 3
34431 7 5 5 5 5 5 3 3 4 3
6783 7 6 6 4 4 4 3 3 4 4
10879 6 7 5 5 4 3 3 4 4 4
19071 6 6 6 4 5 3 3 4 4 4
35455 6 6 5 5 4 5 3 3 4 4
68223 6 6 5 4 6 4 4 3 3 4
12927 7 5 6 5 3 3 3 4 5 4
21119 6 6 6 4 4 3 3 4 5 4
37503 6 5 7 4 3 5 3 3 5 4
70271 6 5 6 5 4 4 4 3 4 4
25215 7 5 5 5 4 2 3 5 5 4
41599 6 6 5 5 3 4 3 4 5 4
74367 6 5 6 5 4 3 4 4 4 4
139903 6 5 5 7 4 3 3 5 4 3
49791 7 5 5 4 4 4 3 4 5 4
7295 8 6 4 4 4 4 3 3 4 5
11391 7 6 5 4 4 3 3 4 4 5
19583 7 5 5 5 4 3 3 4 4 5
35967 7 5 4 5 5 4 3 3 4 5
68735 7 5 4 4 6 5 3 3 3 5
13439 7 6 5 4 3 3 3 4 5 5
21631 6 7 4 5 3 3 3 4 5 5
38015 6 6 5 4 4 4 3 3 5 5
70783 6 6 4 5 4 5 3 3 4 5
25727 7 5 5 5 3 2 3 5 5 5
42111 6 6 5 4 4 3 3 4 5 5
74879 6 5 6 4 4 4 3 4 4 5
140415 6 5 5 6 4 3 4 4 4 4
50303 7 5 4 5 4 3 3 4 5 5
83071 6 6 4 5 4 4 3 4 4 5
14463 8 6 4 3 3 3 3 4 5 6
22655 7 6 5 3 3 3 3 4 5 6
39039 7 5 5 4 3 4 3 3 5 6
71807 7 5 4 4 5 4 3 3 4 6
26751 7 6 5 3 3 2 3 5 5 6
43135 6 7 4 4 3 3 3 4 5 6
75903 6 6 5 3 5 3 3 4 4 6
51327 7 5 5 4 3 3 3 4 5 6
84095 6 6 5 3 5 3 3 4 4 6
100479 7 5 4 4 5 4 3 3 4 6
28799 8 6 4 3 2 2 3 5 6 6
45183 7 6 5 3 2 3 3 4 6 6
53375 7 6 5 3 2 3 3 4 6 6
1983 8 7 6 5 5 4 4 3 2 1
3007 7 7 6 6 4 4 4 3 2 2
5055 7 6 6 6 5 3 4 3 3 2
9151 7 6 5 6 5 4 3 4 3 2
17343 7 6 5 5 5 4 5 3 3 2
33727 7 6 5 5 4 5 5 4 2 2
3519 7 6 7 5 4 4 4 3 2 3
5567 6 7 6 5 5 3 4 3 3 3
9663 6 6 7 4 5 4 3 4 3 3
17855 6 6 6 5 4 4 5 3 3 3
34239 6 6 6 4 5 4 5 4 2 3
6591 7 5 6 6 4 3 4 3 3 4
10687 6 6 6 5 4 4 3 4 3 4
18879 6 5 7 5 3 4 5 3 3 4
35263 6 5 6 6 3 4 5 4 2 4
68031 6 5 6 5 5 4 4 4 3 3
12735 7 5 5 5 5 3 3 4 4 4
20927 6 6 5 5 4 3 5 3 4 4
37311 6 5 6 5 4 3 5 4 3 4
70079 6 5 5 6 5 3 4 4 4 3
25023 7 5 5 4 4 4 4 4 4 4
41407 6 6 5 4 4 4 4 5 3 4
74175 6 5 6 4 5 4 3 5 4 3
49599 7 5 5 4 3 4 6 4 3 4
3775 7 7 5 5 4 4 4 3 3 3
5823 6 7 6 4 5 3 4 3 4 3
9919 6 6 6 5 4 4 3 4 4 3
18111 6 6 5 5 5 3 5 3 4 3
34495 6 6 5 4 5 5 4 4 3 3
6847 6 7 5 5 4 3 4 3 4 4
10943 5 8 4 6 3 4 3 4 4 4
19135 5 7 5 5 4 3 5 3 4 4
35519 5 7 4 6 3 5 4 4 3 4
68287 5 7 4 5 5 4 5 3 4 3
12991 6 6 5 5 4 3 3 4 5 4
21183 5 7 5 4 5 2 5 3 5 4
37567 5 6 6 4 4 4 4 4 4 4
70335 5 6 5 5 5 3 5 3 5 3
25279 6 6 4 5 4 3 4 4 5 4
41663 5 7 4 5 3 5 3 5 4 4
74431 5 6 5 5 4 4 4 4 5 3
139967 5 6 4 7 4 4 3 5 4 3
49855 6 6 4 4 4 4 5 4 4 4
82623 5 7 4 4 5 3 6 3 5 3
7359 7 6 5 4 4 3 4 3 4 5
11455 6 6 6 4 3 4 3 4 4 5
19647 6 5 6 5 3 3 5 3 4 5
36031 6 5 5 5 4 4 4 4 3 5
68799 6 5 5 4 5 5 4 3 4 4
13503 6 6 6 3 4 3 3 4 5 5
21695 5 7 5 4 4 2 5 3 5 5
38079 5 6 6 3 5 3 4 4 4 5
70847 5 6 5 4 5 4 4 3 5 4
25791 6 5 6 4 3 3 4 4 5 5
42175 5 6 6 3 4 4 3 5 4 5
74943 5 5 7 3 4 5 3 4 5 4
140479 5 5 6 5 4 4 4 4 4 4
50367 6 5 5 4 4 3 5 4 4 5
83135 5 6 5 4 4 4 5 3 5 4
148671 5 5 6 5 4 3 6 3 4 4
14527 7 6 4 4 3 3 3 4 5 6
22719 6 6 5 4 3 2 5 3 5 6
39103 6 5 5 5 3 3 4 4 4 6
71871 6 5 4 5 5 3 4 3 5 5
26815 6 6 5 4 2 3 4 4 5 6
43199 5 7 4 5 2 4 3 5 4 6
75967 5 6 5 4 4 4 3 4 5 5
141503 5 6 4 6 3 5 3 4 4 5
51391 6 5 5 5 2 3 5 4 4 6
84159 5 6 5 4 4 3 5 3 5 5
149695 5 5 6 5 3 4 5 3 4 5
100543 6 5 4 5 4 4 4 4 4 5
28863 7 6 4 3 3 2 4 4 6 6
45247 6 6 5 3 3 3 3 5 5 6
78015 6 5 5 4 4 3 3 4 6 5
53439 6 6 5 3 3 2 5 4 5 6
86207 5 7 4 4 4 2 5 3 6 5
3903 8 6 5 4 4 4 4 4 3 3
5951 7 6 5 5 4 3 4 4 4 3
10047 7 5 5 5 5 3 3 5 4 3
18239 7 5 4 5 5 4 4 4 4 3
34623 7 5 4 4 5 5 5 4 3 3
6975 7 5 6 5 3 3 4 4 4 4
11071 6 6 5 5 4 3 3 5 4 4
19263 6 5 6 4 4 4 4 4 4 4
35647 6 5 5 5 3 5 5 4 3 4
68415 6 5 5 4 5 4 5 5 3 3
13119 7 4 5 6 4 2 3 5 5 4
21311 6 5 5 5 4 3 4 4 5 4
37695 6 4 6 5 3 4 5 4 4 4
70463 6 4 5 6 4 3 5 5 4 3
25407 7 4 4 5 5 3 3 5 5 4
41791 6 5 4 5 4 4 4 5 4 4
74559 6 4 5 5 5 3 4 6 4 3
140095 6 4 4 7 5 3 3 6 5 2
49983 7 4 4 4 4 5 5 4 4 4
82751 6 5 4 4 5 4 5 5 4 3
7487 7 6 5 4 3 3 4 4 4 5
11583 6 6 6 3 4 3 3 5 4 5
19775 6 5 6 4 3 4 4 4 4 5
36159 6 5 5 4 4 4 5 4 3 5
68927 6 5 5 3 5 5 4 5 3 4
13631 6 6 5 4 4 2 3 5 5 5
21823 5 7 4 5 3 3 4 4 5 5
38207 5 6 5 4 4 3 5 4 4 5
70975 5 6 4 5 4 4 4 5 4 4
25919 6 5 5 4 4 3 3 5 5 5
42303 5 6 5 3 5 3 4 5 4 5
75071 5 5 6 3 5 4 3 6 4 4
140607 5 5 5 5 5 3 4 5 5 3
50495 6 5 4 4 4 4 5 4 4 5
83263 5 6 4 4 4 5 4 5 4 4
148799 5 5 5 5 4 4 5 4 5 3
14655 7 5 5 4 3 2 3 5 5 6
22847 6 5 6 4 2 3 4 4 5 6
39231 6 4 6 5 2 3 5 4 4 6
71999 6 4 5 5 4 3 4 5 4 5
26943 6 5 6 3 3 3 3 5 5 6
43327 5 6 5 4 3 3 4 5 4 6
76095 5 5 6 3 5 3 3 6 4 5
141631 5 5 5 5 4 4 3 5 5 4
51519 6 4 6 4 2 4 5 4 4 6
84287 5 5 6 3 4 4 4 5 4 5
149823 5 4 7 4 3 5 4 4 5 4
100671 6 4 5 4 4 4 5 5 3 5
28991 7 5 4 4 3 2 3 5 6 6
45375 6 5 5 4 3 2 4 5 5 6
78143 6 4 5 5 4 2 3 6 5 5
143679 6 4 4 6 5 2 3 5 6 4
53567 6 5 5 4 2 3 5 4 5 6
86335 5 6 4 5 3 3 4 5 5 5
151871 5 5 5 5 4 3 4 4 6 4
102719 6 4 5 5 3 3 5 5 4 5
57663 7 5 4 3 3 3 4 5 5 6
7743 8 6 4 3 3 3 4 4 5 5
11839 7 6 4 4 3 3 3 5 5 5
20031 7 5 4 4 4 3 4 4 5 5
36415 7 5 3 4 4 5 4 4 4 5
69183 7 5 3 3 5 5 5 4 4 4
13887 7 5 5 4 3 2 3 5 6 5
22079 6 6 4 4 4 2 4 4 6 5
38463 6 5 5 3 4 4 4 4 5 5
71231 6 5 4 4 4 4 5 4 5 4
26175 7 4 4 5 4 2 3 5 6 5
42559 6 5 4 4 4 4 3 5 5 5
75327 6 4 5 4 4 4 4 5 5 4
140863 6 4 4 6 4 3 4 6 5 3
50751 7 4 3 4 5 4 4 4 5 5
83519 6 5 3 4 5 4 5 4 5 4
149055 6 4 4 5 5 3 5 5 5 3
99903 7 4 3 3 5 6 5 4 4 4
14911 7 6 4 4 2 2 3 5 6 6
23103 6 6 5 3 3 2 4 4 6 6
39487 6 5 5 4 2 4 4 4 5 6
72255 6 5 4 4 4 3 5 4 5 5
27199 6 6 4 4 3 2 3 5 6 6
43583 5 7 3 5 2 4 3 5 5 6
76351 5 6 4 4 4 3 4 5 5 5
141887 5 6 3 6 3 4 3 6 5 4
51775 6 5 4 4 3 4 4 4 5 6
84543 5 6 4 3 5 3 5 4 5 5
150079 5 5 5 4 4 4 4 5 5 4
100927 6 5 3 4 4 5 5 4 4 5
166463 5 6 3 5 3 6 4 5 4 4
29247 7 5 4 4 3 1 3 5 7 6
45631 6 5 5 4 2 3 3 5 6 6
78399 6 4 5 5 3 2 4 5 6 5
143935 6 4 4 6 4 2 3 6 6 4
53823 6 5 5 3 3 3 4 4 6 6
86591 5 6 4 4 4 2 5 4 6 5
152127 5 5 5 4 5 2 4 5 6 4
102975 6 4 5 4 3 4 5 4 5 5
168511 5 5 5 4 4 4 4 5 5 4
57919 7 5 3 4 3 3 3 5 6 6
90687 6 5 4 4 4 2 4 5 6 5
107071 6 5 4 4 3 4 4 5 5 5
15423 8 6 4 2 2 2 3 5 6 7
23615 7 6 4 3 2 2 4 4 6 7
39999 7 5 4 3 3 3 4 4 5 7
72767 7 5 3 3 4 4 4 4 5 6
27711 7 5 5 3 2 2 3 5 6 7
44095 6 6 4 3 3 3 3 5 5 7
76863 6 5 5 2 4 4 3 5 5 6
52287 7 4 4 4 3 3 4 4 5 7
85055 6 5 4 3 4 4 4 4 5 6
101439 7 4 3 3 5 5 4 4 4 6
29759 7 6 4 3 2 1 3 5 7 7
46143 6 6 5 2 3 2 3 5 6 7
78911 6 5 5 3 3 3 3 5 6 6
54335 6 6 4 3 3 2 4 4 6 7
87103 5 7 3 4 3 3 4 4 6 6
103487 6 5 4 3 4 4 4 4 5 6
58431 7 5 4 3 3 2 3 5 6 7
91199 6 5 5 3 3 3 3 5 6 6
107583 6 5 5 2 4 4 3 5 5 6
115775 7 5 3 3 4 4 4 4 5 6
30783 8 6 4 2 1 1 3 5 7 8
47167 7 6 4 3 1 2 3 5 6 8
55359 7 5 5 3 1 2 4 4 6 8
59455 7 6 4 3 1 2 3 5 6 8
2015 8 7 6 5 4 5 4 3 2 1
3039 7 7 6 5 5 4 4 3 2 2
5087 7 6 6 5 5 5 3 3 3 2
9183 7 6 5 5 5 5 4 3 3 2
17375 7 6 5 4 5 5 5 4 2 2
33759 7 6 5 4 4 6 5 4 3 1
3551 7 6 6 6 4 4 4 3 2 3
5599 6 7 5 6 4 5 3 3 3 3
9695 6 6 6 5 4 5 4 3 3 3
17887 6 6 5 6 3 5 5 4 2 3
34271 6 6 5 5 4 5 5 4 3 2
6623 7 5 5 6 5 4 3 3 3 4
10719 6 6 5 5 5 4 4 3 3 4
18911 6 5 6 5 4 4 5 4 2 4
35295 6 5 5 6 4 4 5 4 3 3
68063 6 5 5 5 6 4 4 4 3 3
12767 7 5 4 5 5 5 3 3 4 4
20959 6 6 4 5 4 5 4 4 3 4
37343 6 5 5 5 4 5 4 4 4 3
70111 6 5 4 6 5 5 3 4 4 3
25055 7 5 4 4 4 5 5 4 3 4
41439 6 6 4 4 4 5 5 4 4 3
74207 6 5 5 4 5 5 4 4 4 3
49631 7 5 4 4 3 5 6 5 3 3
3807 7 6 6 5 4 4 4 3 3 3
5855 6 6 7 4 4 5 3 3 4 3
9951 6 5 7 5 3 5 4 3 4 3
18143 6 5 6 5 4 4 5 4 3 3
34527 6 5 6 4 4 6 4 4 4 2
6879 6 6 6 4 5 4 3 3 4 4
10975 5 7 5 5 4 4 4 3 4 4
19167 5 6 6 4 5 3 5 4 3 4
35551 5 6 5 5 4 5 4 4 4 3
68319 5 6 5 4 6 4 5 3 4 3
13023 6 5 6 4 4 5 3 3 5 4
21215 5 6 6 3 5 4 4 4 4 4
37599 5 5 7 3 4 6 3 4 5 3
70367 5 5 6 4 5 5 4 3 5 3
25311 6 5 5 4 4 4 5 4 4 4
41695 5 6 5 4 3 6 4 4 5 3
74463 5 5 6 4 4 5 5 3 5 3
139999 5 5 5 6 4 5 4 4 3 4
49887 6 5 5 3 4 5 5 5 4 3
82655 5 6 5 3 5 4 6 4 4 3
7391 7 5 5 5 4 4 3 3 4 5
11487 6 5 6 5 3 4 4 3 4 5
19679 6 4 6 6 3 3 5 4 3 5
36063 6 4 5 6 4 4 4 4 4 4
68831 6 4 5 5 5 5 4 3 4 4
13535 6 5 6 4 3 5 3 3 5 5
21727 5 6 5 5 3 4 4 4 4 5
38111 5 5 6 4 4 5 3 4 5 4
70879 5 5 5 5 4 6 3 3 5 4
25823 6 4 6 5 2 4 5 4 4 5
42207 5 5 6 4 3 5 4 4 5 4
74975 5 4 7 4 3 6 4 3 5 4
140511 5 4 6 6 3 5 5 3 3 5
50399 6 4 5 5 3 4 5 5 4 4
83167 5 5 5 5 3 5 5 4 4 4
148703 5 4 6 6 3 4 6 4 2 5
14559 7 5 4 4 4 4 3 3 5 6
22751 6 5 5 4 4 3 4 4 4 6
39135 6 4 5 5 4 4 3 4 5 5
71903 6 4 4 5 6 4 3 3 5 5
26847 6 5 5 4 3 3 5 4 4 6
43231 5 6 4 5 3 4 4 4 5 5
75999 5 5 5 4 5 4 4 3 5 5
141535 5 5 4 6 4 5 4 3 3 6
51423 6 4 5 5 3 3 5 5 4 5
84191 5 5 5 4 5 3 5 4 4 5
149727 5 4 6 5 4 4 5 4 2 6
100575 6 4 4 5 5 4 4 4 5 4
28895 7 5 4 3 3 4 4 4 5 6
45279 6 5 5 3 3 5 3 4 6 5
78047 6 4 5 4 4 5 3 3 6 5
53471 6 5 5 3 3 4 4 5 5 5
86239 5 6 4 4 4 4 4 4 5 5
102623 6 4 5 4 4 5 3 4 6 4
3935 7 7 5 4 4 4 4 4 3 3
5983 6 7 5 5 3 5 3 4 4 3
10079 6 6 5 5 4 4 4 4 4 3
18271 6 6 4 5 4 5 4 5 3 3
34655 6 6 4 4 4 6 5 4 4 2
7007 6 6 6 4 4 4 3 4 4 4
11103 5 7 5 4 5 3 4 4 4 4
19295 5 6 6 3 5 4 4 5 3 4
35679 5 6 5 4 4 5 5 4 4 3
68447 5 6 5 3 6 4 5 5 3 3
13151 6 5 5 5 4 4 3 4 5 4
21343 5 6 5 4 4 5 3 5 4 4
37727 5 5 6 4 3 6 4 4 5 3
70495 5 5 5 5 4 5 4 5 4 3
25439 6 5 4 4 5 4 4 5 4 4
41823 5 6 4 4 4 5 5 4 5 3
74591 5 5 5 4 5 4 5 5 4 3
140127 5 5 4 6 5 4 4 5 4 3
50015 6 5 4 3 4 6 5 5 4 3
82783 5 6 4 3 5 5 5 6 3 3
7519 6 7 4 5 3 4 3 4 4 5
11615 5 7 5 4 4 3 4 4 4 5
19807 5 6 5 5 3 4 4 5 3 5
36191 5 6 4 5 4 4 5 4 4 4
68959 5 6 4 4 5 5 4 5 3 4
13663 5 7 4 5 3 4 3 4 5 5
21855 4 8 3 6 2 5 3 5 4 5
38239 4 7 4 5 3 5 4 4 5 4
71007 4 7 3 6 3 6 3 5 4 4
25951 5 6 4 5 3 4 4 5 4 5
42335 4 7 4 4 4 4 5 4 5 4
75103 4 6 5 4 4 5 4 5 4 4
140639 4 6 4 6 4 4 5 4 4 4
50527 5 6 3 5 3 5 5 5 4 4
83295 4 7 3 5 3 6 4 6 3 4
148831 4 6 4 6 3 5 5 5 3 4
14687 6 6 4 4 4 3 3 4 5 6
22879 5 6 5 4 3 4 3 5 4 6
39263 5 5 5 5 3 4 4 4 5 5
72031 5 5 4 5 5 4 3 5 4 5
26975 5 6 5 3 4 3 4 5 4 6
43359 4 7 4 4 4 3 5 4 5 5
76127 4 6 5 3 6 3 4 5 4 5
141663 4 6 4 5 5 4 4 4 4 5
51551 5 5 5 4 3 4 5 5 4 5
84319 4 6 5 3 5 4 4 6 3 5
149855 4 5 6 4 4 5 4 5 3 5
100703 5 5 4 4 5 4 5 5 4 4
29023 6 6 3 4 3 4 3 5 5 6
45407 5 6 4 4 3 4 4 4 6 5
78175 5 5 4 5 4 4 3 5 5 5
143711 5 5 3 6 5 4 3 4 5 5
53599 5 6 4 4 2 5 4 5 5 5
86367 4 7 3 5 3 5 3 6 4 5
151903 4 6 4 5 4 5 3 5 4 5
102751 5 5 4 5 3 5 4 5 5 4
168287 4 6 4 5 4 5 4 4 5 4
57695 6 6 3 3 3 4 5 5 5 5
7775 7 6 5 3 3 4 3 4 5 5
11871 6 6 5 4 3 3 4 4 5 5
20063 6 5 5 4 4 3 4 5 4 5
36447 6 5 4 4 4 5 4 4 5 4
69215 6 5 4 3 5 5 5 4 4 4
13919 6 5 6 4 2 4 3 4 6 5
22111 5 6 5 4 3 4 3 5 5 5
38495 5 5 6 3 3 6 3 4 6 4
71263 5 5 5 4 3 6 4 4 5 4
26207 6 4 5 5 3 3 4 5 5 5
42591 5 5 5 4 3 5 4 4 6 4
75359 5 4 6 4 3 5 5 4 5 4
140895 5 4 5 6 3 4 5 5 4 4
50783 6 4 4 4 4 5 4 5 5 4
83551 5 5 4 4 4 5 5 5 4 4
149087 5 4 5 5 4 4 5 6 3 4
99935 6 4 4 3 4 7 5 4 5 3
14943 6 6 5 3 3 3 3 4 6 6
23135 5 6 6 2 4 3 3 5 5 6
39519 5 5 6 3 3 5 3 4 6 5
72287 5 5 5 3 5 4 4 4 5 5
27231 5 6 5 3 4 2 4 5 5 6
43615 4 7 4 4 3 4 4 4 6 5
76383 4 6 5 3 5 3 5 4 5 5
141919 4 6 4 5 4 4 4 5 4 5
51807 5 5 5 3 4 4 4 5 5 5
84575 4 6 5 2 6 3 5 5 4 5
150111 4 5 6 3 5 4 4 6 3 5
100959 5 5 4 3 5 5 5 4 5 4
166495 4 6 4 4 4 6 4 5 4 4
29279 6 5 5 3 3 3 3 5 6 6
45663 5 5 6 3 2 5 3 4 7 5
78431 5 4 6 4 3 4 4 4 6 5
143967 5 4 5 5 4 4 3 5 5 5
53855 5 5 6 2 3 5 3 5 6 5
86623 4 6 5 3 4 4 4 5 5 5
152159 4 5 6 3 5 4 3 6 4 5
103007 5 4 6 3 3 6 4 4 6 4
168543 4 5 6 3 4 6 3 5 5 4
299615 4 4 8 3 3 7 3 3 7 3
57951 6 5 4 3 3 4 4 5 6 5
90719 5 5 5 3 4 3 5 5 5 5
107103 5 5 5 3 3 5 5 4 6 4
15455 7 6 4 3 2 3 3 4 6 7
23647 6 6 4 4 2 3 3 5 5 7
40031 6 5 4 4 3 4 3 4 6 6
72799 6 5 3 4 4 5 3 4 5 6
27743 6 5 5 4 2 2 4 5 5 7
44127 5 6 4 4 3 3 4 4 6 6
76895 5 5 5 3 4 4 4 4 5 6
142431 5 5 4 5 3 4 5 4 4 6
52319 6 4 4 5 3 3 4 5 5 6
85087 5 5 4 4 4 4 4 5 4 6
150623 5 4 5 5 3 4 5 5 3 6
101471 6 4 3 4 5 5 4 4 5 5
167007 5 5 3 5 4 5 5 4 4 5
29791 6 6 4 4 1 3 3 5 6 7
46175 5 6 5 3 2 4 3 4 7 6
78943 5 5 5 4 2 5 3 4 6 6
144479 5 5 4 5 3 4 4 4 5 6
54367 5 6 4 4 2 4 3 5 6 6
87135 4 7 3 5 2 5 3 5 5 6
152671 4 6 4 5 3 4 4 5 4 6
103519 5 5 4 4 3 6 3 4 6 5
169055 4 6 4 4 4 5 4 4 5 5
58463 6 5 4 4 2 3 4 5 6 6
91231 5 5 5 4 2 4 4 5 5 6
156767 5 4 5 6 2 3 5 5 4 6
107615 5 5 5 3 3 5 4 4 6 5
173151 4 6 4 5 3 4 5 4 5 5
115807 6 5 3 4 3 5 4 5 5 5
30815 7 6 4 2 2 2 3 5 6 8
47199 6 6 4 3 2 3 3 4 7 7
79967 6 5 4 3 4 3 3 4 6 7
55391 6 5 5 3 2 3 3 5 6 7
88159 5 6 4 3 4 3 3 5 5 7
59487 6 6 4 3 2 2 4 5 6 7
92255 5 6 5 2 4 2 4 5 5 7
3999 8 6 5 4 3 4 5 4 3 3
6047 7 6 5 4 4 4 4 4 4 3
10143 7 5 5 4 4 5 4 4 4 3
18335 7 5 4 4 4 5 6 4 3 3
34719 7 5 4 3 4 6 6 5 3 2
7071 7 5 5 5 4 3 4 4 4 4
11167 6 6 4 5 4 4 4 4 4 4
19359 6 5 5 4 4 4 6 4 3 4
35743 6 5 4 5 3 5 6 5 3 3
68511 6 5 4 4 5 4 6 5 4 2
13215 7 4 4 5 5 4 3 4 5 4
21407 6 5 4 4 5 4 5 4 4 4
37791 6 4 5 4 4 5 5 5 4 3
70559 6 4 4 5 5 4 5 5 5 2
25503 7 4 3 4 5 5 5 4 4 4
41887 6 5 3 4 4 6 5 5 4 3
74655 6 4 4 4 5 5 5 5 5 2
140191 6 4 3 6 5 5 4 5 4 3
50079 7 4 3 3 4 6 7 5 3 3
82847 6 5 3 3 5 5 7 5 4 2
7583 7 5 5 5 3 3 4 4 4 5
11679 6 5 6 4 3 4 4 4 4 5
19871 6 4 6 5 2 4 6 4 3 5
36255 6 4 5 5 3 4 6 5 3 4
69023 6 4 5 4 4 5 5 5 4 3
13727 6 5 5 4 4 4 3 4 5 5
21919 5 6 4 5 3 4 5 4 4 5
38303 5 5 5 4 4 4 5 5 4 4
71071 5 5 4 5 4 5 4 5 5 3
26015 6 4 5 4 3 5 5 4 4 5
42399 5 5 5 3 4 5 5 5 4 4
75167 5 4 6 3 4 6 4 5 5 3
140703 5 4 5 5 4 5 5 4 4 4
50591 6 4 4 4 3 5 7 5 3 4
83359 5 5 4 4 3 6 6 5 4 3
148895 5 4 5 5 3 5 7 4 3 4
14751 7 4 4 5 4 3 3 4 5 6
22943 6 4 5 5 3 3 5 4 4 6
39327 6 3 5 6 3 3 5 5 4 5
72095 6 3 4 6 5 3 4 5 5 4
27039 6 4 5 4 3 4 5 4 4 6
43423 5 5 4 5 3 4 5 5 4 5
76191 5 4 5 4 5 4 4 5 5 4
141727 5 4 4 6 4 5 4 4 4 5
51615 6 3 5 5 2 4 7 5 3 5
84383 5 4 5 4 4 4 6 5 4 4
149919 5 3 6 5 3 5 6 4 3 5
100767 6 3 4 5 4 4 6 6 4 3
29087 7 4 3 4 4 4 4 4 5 6
45471 6 4 4 4 4 4 4 5 5 5
78239 6 3 4 5 5 4 3 5 6 4
143775 6 3 3 6 6 4 3 4 5 5
53663 6 4 4 4 3 4 6 5 4 5
86431 5 5 3 5 4 4 5 5 5 4
151967 5 4 4 5 5 4 5 4 4 5
102815 6 3 4 5 4 4 5 6 5 3
168351 5 4 4 5 5 4 5 5 4 4
57759 7 4 3 3 3 5 6 5 4 5
90527 6 4 4 3 4 5 5 5 5 4
7839 7 6 5 3 3 3 4 4 5 5
11935 6 6 5 4 2 4 4 4 5 5
20127 6 5 5 4 3 3 6 4 4 5
36511 6 5 4 4 3 5 5 5 4 4
69279 6 5 4 3 4 5 6 4 5 3
13983 6 5 6 3 3 4 3 4 6 5
22175 5 6 5 3 4 3 5 4 5 5
38559 5 5 6 2 4 5 4 5 5 4
71327 5 5 5 3 4 5 5 4 6 3
26271 6 4 5 4 3 4 5 4 5 5
42655 5 5 5 3 3 6 4 5 5 4
75423 5 4 6 3 3 6 5 4 6 3
140959 5 4 5 5 3 5 5 5 4 4
50847 6 4 4 3 4 5 6 5 4 4
83615 5 5 4 3 4 5 7 4 5 3
149151 5 4 5 4 4 4 7 5 3 4
99999 6 4 4 2 4 7 6 5 5 2
15007 6 6 4 4 3 3 3 4 6 6
23199 5 6 5 3 4 2 5 4 5 6
39583 5 5 5 4 3 4 4 5 5 5
72351 5 5 4 4 5 3 5 4 6 4
27295 5 6 4 4 3 3 5 4 5 6
43679 4 7 3 5 2 5 4 5 5 5
76447 4 6 4 4 4 4 5 4 6 4
141983 4 6 3 6 3 5 4 5 4 5
51871 5 5 4 4 3 4 6 5 4 5
84639 4 6 4 3 5 3 7 4 5 4
150175 4 5 5 4 4 4 6 5 3 5
101023 5 5 3 4 4 5 6 5 5 3
166559 4 6 3 5 3 6 5 6 3 4
29343 6 5 4 3 4 3 4 4 6 6
45727 5 5 5 3 3 5 3 5 6 5
78495 5 4 5 4 4 4 4 4 7 4
144031 5 4 4 5 5 4 3 5 5 5
53919 5 5 5 2 4 4 5 5 5 5
86687 4 6 4 3 5 3 6 4 6 4
152223 4 5 5 3 6 3 5 5 4 5
103071 5 4 5 3 4 5 5 5 6 3
168607 4 5 5 3 5 5 4 6 4 4
299679 4 4 7 3 4 6 4 4 5 4
58015 6 5 3 3 3 5 5 5 5 5
90783 5 5 4 3 4 4 6 4 6 4
156319 5 4 4 5 4 4 5 5 4 5
107167 5 5 4 3 3 6 5 5 6 3
15519 7 5 5 3 2 3 3 4 6 7
23711 6 5 5 4 2 2 5 4 5 7
40095 6 4 5 4 3 3 4 5 5 6
72863 6 4 4 4 4 4 4 4 6 5
27807 6 4 6 4 1 3 5 4 5 7
44191 5 5 5 4 2 4 4 5 5 6
76959 5 4 6 3 3 5 4 4 6 5
142495 5 4 5 5 2 5 5 4 4 6
52383 6 3 5 5 2 3 6 5 4 6
85151 5 4 5 4 3 4 6 4 5 5
150687 5 3 6 5 2 4 7 4 3 6
101535 6 3 4 4 4 5 5 5 5 4
167071 5 4 4 5 3 5 6 5 3 5
29855 6 5 5 3 2 3 4 4 6 7
46239 5 5 6 2 3 4 3 5 6 6
79007 5 4 6 3 3 5 3 4 7 5
144543 5 4 5 4 4 4 4 4 5 6
54431 5 5 5 3 3 3 5 5 5 6
87199 4 6 4 4 3 4 5 4 6 5
152735 4 5 5 4 4 3 6 4 4 6
103583 5 4 5 3 4 5 4 5 6 4
169119 4 5 5 3 5 4 5 5 4 5
300191 4 4 7 3 4 5 4 5 4 5
58527 6 4 5 3 2 4 5 5 5 6
91295 5 4 6 3 2 5 5 4 6 5
156831 5 3 6 5 2 4 6 4 4 6
107679 5 4 6 2 3 6 4 5 6 4
173215 4 5 5 4 3 5 5 5 4 5
205983 5 3 6 4 3 6 5 4 5 4
115871 6 4 4 3 3 5 6 5 5 4
30879 7 5 4 3 2 2 4 4 6 8
47263 6 5 4 4 2 3 3 5 6 7
80031 6 4 4 4 4 3 3 4 7 6
145567 6 4 3 5 4 4 3 4 5 7
55455 6 4 5 4 2 2 5 5 5 7
88223 5 5 4 4 4 2 5 4 6 6
153759 5 4 5 4 4 3 5 4 4 7
104607 6 3 4 5 4 3 4 5 6 5
59551 6 5 4 4 1 3 5 5 5 7
92319 5 5 5 3 3 3 5 4 6 6
157855 5 4 5 5 2 4 5 4 4 7
108703 5 5 4 4 3 4 4 5 6 5
116895 6 4 4 4 3 3 6 5 5 5
61599 7 5 4 2 2 3 4 5 6 7
7967 8 6 4 3 2 3 4 5 5 5
12063 7 6 4 3 3 3 4 5 5 5
20255 7 5 4 3 3 4 5 5 4 5
36639 7 5 3 3 3 5 6 5 4 4
69407 7 5 3 2 4 5 6 6 4 3
14111 7 5 4 4 3 3 3 5 6 5
22303 6 6 3 4 3 4 4 5 5 5
38687 6 5 4 3 3 5 5 5 5 4
71455 6 5 3 4 3 5 5 6 5 3
26399 7 4 3 4 4 4 4 5 5 5
42783 6 5 3 3 4 5 5 5 5 4
75551 6 4 4 3 4 5 5 6 5 3
141087 6 4 3 5 4 4 5 6 5 3
50975 7 4 2 3 4 6 6 5 4 4
83743 6 5 2 3 4 6 6 6 4 3
149279 6 4 3 4 4 5 6 6 4 3
100127 7 4 2 2 4 7 7 6 4 2
15135 7 5 4 4 3 2 3 5 6 6
23327 6 5 5 3 3 3 4 5 5 6
39711 6 4 5 4 2 4 5 5 5 5
72479 6 4 4 4 4 3 5 6 5 4
27423 6 5 4 3 4 3 4 5 5 6
43807 5 6 3 4 3 4 5 5 5 5
76575 5 5 4 3 5 3 5 6 5 4
142111 5 5 3 5 4 4 4 6 5 4
51999 6 4 4 3 3 5 6 5 4 5
84767 5 5 4 2 5 4 6 6 4 4
150303 5 4 5 3 4 5 5 6 4 4
101151 6 4 3 3 4 5 7 6 4 3
166687 5 5 3 4 3 6 6 6 4 3
29471 7 4 3 4 4 3 3 5 6 6
45855 6 4 4 4 3 4 4 5 6 5
78623 6 3 4 5 4 3 4 6 6 4
144159 6 3 3 6 5 3 3 6 6 4
54047 6 4 4 3 3 5 5 5 5 5
86815 5 5 3 4 4 4 5 6 5 4
152351 5 4 4 4 5 4 4 6 5 4
103199 6 3 4 4 3 5 6 6 5 3
168735 5 4 4 4 4 5 5 6 5 3
58143 7 4 2 3 4 5 5 5 5 5
90911 6 4 3 3 5 4 5 6 5 4
156447 6 3 3 5 5 4 4 6 5 4
107295 6 4 3 3 4 5 6 6 5 3
172831 5 5 2 5 4 5 5 6 5 3
15647 7 6 4 3 2 2 3 5 6 7
23839 6 6 4 4 1 3 4 5 5 7
40223 6 5 4 4 2 3 5 5 5 6
72991 6 5 3 4 3 4 4 6 5 5
27935 6 5 5 3 2 3 4 5 5 7
44319 5 6 4 3 3 3 5 5 5 6
77087 5 5 5 2 4 4 4 6 5 5
142623 5 5 4 4 3 4 5 5 5 5
52511 6 4 4 4 2 4 6 5 4 6
85279 5 5 4 3 3 5 5 6 4 5
150815 5 4 5 4 2 5 6 5 4 5
101663 6 4 3 3 4 5 6 6 4 4
167199 5 5 3 4 3 5 7 5 4 4
29983 6 6 3 4 2 3 3 5 6 7
46367 5 6 4 3 3 3 4 5 6 6
79135 5 5 4 4 3 4 3 6 6 5
144671 5 5 3 5 4 3 4 5 6 5
54559 5 6 3 4 2 4 5 5 5 6
87327 4 7 2 5 2 5 4 6 5 5
152863 4 6 3 5 3 4 5 5 5 5
103711 5 5 3 4 3 5 5 6 5 4
169247 4 6 3 4 4 4 6 5 5 4
58655 6 5 3 3 3 4 5 5 5 6
91423 5 5 4 3 3 5 4 6 5 5
156959 5 4 4 5 3 4 5 5 5 5
107807 5 5 4 2 4 5 5 6 5 4
173343 4 6 3 4 4 4 6 5 5 4
206111 5 4 4 4 4 5 5 6 5 3
115999 6 5 2 3 3 6 6 6 4 4
31007 7 5 4 3 2 2 3 5 6 8
47391 6 5 4 4 2 2 4 5 6 7
80159 6 4 4 4 4 2 3 6 6 6
145695 6 4 3 5 4 3 3 5 6 6
55583 6 4 5 4 1 3 5 5 5 7
88351 5 5 4 4 3 3 4 6 5 6
153887 5 4 5 4 3 4 4 5 5 6
104735 6 3 4 5 3 3 5 6 5 5
170271 5 4 4 5 3 4 5 5 5 5
203039 6 3 3 5 5 4 4 6 5 4
59679 6 5 4 3 2 3 5 5 5 7
92447 5 5 5 2 4 3 4 6 5 6
157983 5 4 5 4 3 4 4 5 5 6
108831 5 5 4 3 4 3 5 6 5 5
174367 4 6 3 5 3 4 5 5 5 5
207135 5 4 4 4 5 4 4 6 5 4
117023 6 4 4 3 3 4 6 6 4 5
182559 5 4 5 4 2 5 6 5 4 5
215327 5 4 5 3 4 5 5 6 4 4
61727 7 5 3 3 2 3 4 5 6 7
94495 6 5 3 4 3 3 3 6 6 6
110879 6 4 4 4 3 3 4 6 6 5
119071 6 5 3 4 2 4 5 6 5 5
15903 8 6 4 2 1 2 3 5 7 7
24095 7 6 4 2 2 2 4 5 6 7
40479 7 5 4 2 2 4 4 5 6 6
73247 7 5 3 2 3 4 5 5 6 5
28191 7 5 4 3 2 2 4 5 6 7
44575 6 6 3 3 2 4 4 5 6 6
77343 6 5 4 2 3 4 5 5 6 5
52767 7 4 3 3 3 4 5 5 5 6
85535 6 5 3 2 4 4 6 5 5 5
101919 7 4 2 2 4 6 6 5 5 4
30239 7 5 4 3 2 2 3 5 7 7
46623 6 5 5 2 2 4 3 5 7 6
79391 6 4 5 3 2 4 4 5 7 5
54815 6 5 4 2 3 4 4 5 6 6
87583 5 6 3 3 3 4 5 5 6 5
103967 6 4 4 2 3 6 5 5 6 4
58911 7 4 3 3 3 4 4 5 6 6
91679 6 4 4 3 3 4 5 5 6 5
108063 6 4 4 2 3 6 5 5 6 4
116255 7 4 2 2 4 6 6 5 5 4
31263 7 6 4 2 2 1 3 5 7 8
47647 6 6 4 3 1 3 3 5 7 7
80415 6 5 4 3 3 2 4 5 7 6
55839 6 5 5 2 2 3 4 5 6 7
88607 5 6 4 2 4 2 5 5 6 6
104991 6 4 4 3 3 4 5 5 6 5
59935 6 6 3 3 2 3 4 5 6 7
92703 5 6 4 2 4 2 5 5 6 6
109087 5 6 3 3 3 4 5 5 6 5
117279 6 5 3 2 4 4 6 5 5 5
61983 7 5 4 2 2 3 3 5 7 7
94751 6 5 4 3 3 2 4 5 7 6
111135 6 4 5 3 2 4 4 5 7 5
119327 6 5 4 2 3 4 5 5 6 5
123423 7 5 3 2 3 4 5 5 6 5
31775 8 6 4 2 0 1 3 5 7 9
48159 7 6 4 2 1 2 3 5 7 8
56351 7 5 4 3 1 2 4 5 6 8
60447 7 5 4 3 1 2 4 5 6 8
62495 7 6 4 2 1 2 3 5 7 8
2031 8 7 6 5 5 4 4 3 2 1
3055 7 7 6 5 5 5 3 3 2 2
5103 7 6 6 5 5 5 4 2 3 2
9199 7 6 5 5 5 5 4 4 2 2
17391 7 6 5 4 5 5 5 4 3 1
33775 7 6 5 4 4 6 5 4 3 1
3567 7 6 6 5 6 4 3 3 2 3
5615 6 7 5 5 6 4 4 2 3 3
9711 6 6 6 4 6 4 4 4 2 3
17903 6 6 5 5 5 4 5 4 3 2
34287 6 6 5 4 6 4 5 4 3 2
6639 7 5 5 5 6 5 3 2 3 4
10735 6 6 5 4 6 5 3 4 2 4
18927 6 5 6 4 5 5 4 4 3 3
35311 6 5 5 5 5 5 4 4 3 3
68079 6 5 5 4 7 5 3 4 2 4
12783 7 5 4 4 6 5 4 3 3 4
20975 6 6 4 4 5 5 5 3 4 3
37359 6 5 5 4 5 5 5 3 4 3
70127 6 5 4 5 6 5 4 3 3 4
25071 7 5 4 3 5 5 5 5 3 3
41455 6 6 4 3 5 5 5 5 3 3
74223 6 5 5 3 6 5 4 5 2 4
49647 7 5 4 3 4 5 6 5 4 2
3823 7 6 5 6 5 4 3 3 3 3
5871 6 6 6 5 5 4 4 2 4 3
9967 6 5 6 6 4 4 4 4 3 3
18159 6 5 5 6 5 3 5 4 4 2
34543 6 5 5 5 5 5 4 4 4 2
6895 6 6 5 5 5 5 3 2 4 4
10991 5 7 4 6 4 5 3 4 3 4
19183 5 6 5 5 5 4 4 4 4 3
35567 5 6 4 6 4 6 3 4 4 3
68335 5 6 4 5 6 5 4 3 3 4
13039 6 5 5 5 4 5 4 3 4 4
21231 5 6 5 4 5 4 5 3 5 3
37615 5 5 6 4 4 6 4 3 5 3
70383 5 5 5 5 5 5 5 2 4 4
25327 6 5 4 5 4 4 5 5 4 3
41711 5 6 4 5 3 6 4 5 4 3
74479 5 5 5 5 4 5 5 4 3 4
140015 5 5 4 7 4 5 4 4 3 4
49903 6 5 4 4 4 5 5 5 5 2
82671 5 6 4 4 5 4 6 4 4 3
7407 7 5 4 5 6 4 3 2 4 5
11503 6 5 5 5 5 4 3 4 3 5
19695 6 4 5 6 5 3 4 4 4 4
36079 6 4 4 6 6 4 3 4 4 4
68847 6 4 4 5 7 5 3 3 3 5
13551 6 5 5 4 5 4 4 3 4 5
21743 5 6 4 5 5 3 5 3 5 4
38127 5 5 5 4 6 4 4 3 5 4
70895 5 5 4 5 6 5 4 2 4 5
25839 6 4 5 5 4 3 5 5 4 4
42223 5 5 5 4 5 4 4 5 4 4
74991 5 4 6 4 5 5 4 4 3 5
140527 5 4 5 6 5 4 5 3 3 5
50415 6 4 4 5 5 3 5 5 5 3
83183 5 5 4 5 5 4 5 4 4 4
148719 5 4 5 6 5 3 6 3 4 4
14575 7 5 3 4 5 5 3 3 4 6
22767 6 5 4 4 5 4 4 3 5 5
39151 6 4 4 5 5 5 3 3 5 5
71919 6 4 3 5 7 5 3 2 4 6
26863 6 5 4 4 4 4 4 5 4 5
43247 5 6 3 5 4 5 3 5 4 5
76015 5 5 4 4 6 5 3 4 3 6
141551 5 5 3 6 5 6 3 3 3 6
51439 6 4 4 5 4 4 4 5 5 4
84207 5 5 4 4 6 4 4 4 4 5
149743 5 4 5 5 5 5 4 3 4 5
100591 6 4 3 5 6 5 3 4 4 5
28911 7 5 3 3 4 4 5 4 5 5
45295 6 5 4 3 4 5 4 4 5 5
78063 6 4 4 4 5 5 4 3 4 6
53487 6 5 4 3 4 4 5 4 6 4
86255 5 6 3 4 5 4 5 3 5 5
102639 6 4 4 4 5 5 4 3 5 5
57583 7 5 3 3 3 4 5 6 5 4
3951 7 6 6 4 5 4 3 4 3 3
5999 6 6 6 5 4 4 4 3 4 3
10095 6 5 6 5 5 3 4 5 3 3
18287 6 5 5 5 5 4 4 5 4 2
34671 6 5 5 4 5 5 5 4 4 2
7023 6 5 7 4 4 5 3 3 4 4
11119 5 6 6 4 5 4 3 5 3 4
19311 5 5 7 3 5 5 3 5 4 3
35695 5 5 6 4 4 6 4 4 4 3
68463 5 5 6 3 6 5 4 5 2 4
13167 6 4 6 5 4 4 4 4 4 4
21359 5 5 6 4 4 5 4 4 5 3
37743 5 4 7 4 3 6 5 3 5 3
70511 5 4 6 5 4 5 5 4 3 4
25455 6 4 5 4 5 4 4 6 4 3
41839 5 5 5 4 4 5 5 5 4 3
74607 5 4 6 4 5 4 5 6 2 4
140143 5 4 5 6 5 4 4 5 4 3
50031 6 4 5 3 4 6 5 5 5 2
82799 5 5 5 3 5 5 5 6 3 3
7535 6 6 5 4 5 4 3 3 4 5
11631 5 6 6 3 6 3 3 5 3 5
19823 5 5 6 4 5 4 3 5 4 4
36207 5 5 5 4 6 4 4 4 4 4
68975 5 5 5 3 7 5 3 5 2 5
13679 5 6 5 4 5 3 4 4 4 5
21871 4 7 4 5 4 4 4 4 5 4
38255 4 6 5 4 5 4 5 3 5 4
71023 4 6 4 5 5 5 4 4 3 5
25967 5 5 5 4 5 3 4 6 4 4
42351 4 6 5 3 6 3 5 5 4 4
75119 4 5 6 3 6 4 4 6 2 5
140655 4 5 5 5 6 3 5 4 4 4
50543 5 5 4 4 5 4 5 5 5 3
83311 4 6 4 4 5 5 4 6 3 4
148847 4 5 5 5 5 4 5 4 5 3
14703 6 5 5 3 5 4 3 4 4 6
22895 5 5 6 3 4 5 3 4 5 5
39279 5 4 6 4 4 5 4 3 5 5
72047 5 4 5 4 6 5 3 4 3 6
26991 5 5 6 2 5 4 3 6 4 5
43375 4 6 5 3 5 4 4 5 4 5
76143 4 5 6 2 7 4 3 6 2 6
141679 4 5 5 4 6 5 3 4 4 5
51567 5 4 6 3 4 5 4 5 5 4
84335 4 5 6 2 6 5 3 6 3 5
149871 4 4 7 3 5 6 3 4 5 4
100719 5 4 5 3 6 5 4 5 3 5
29039 6 5 4 3 4 4 4 5 5 5
45423 5 5 5 3 4 4 5 4 5 5
78191 5 4 5 4 5 4 4 5 3 6
143727 5 4 4 5 6 4 4 3 5 5
53615 5 5 5 3 3 5 5 4 6 4
86383 4 6 4 4 4 5 4 5 4 5
151919 4 5 5 4 5 5 4 3 6 4
102767 5 4 5 4 4 5 5 4 4 5
168303 4 5 5 4 5 5 5 2 6 4
57711 6 5 4 2 4 4 5 6 5 4
90479 5 5 5 2 5 4 4 7 3 5
7791 7 5 5 4 4 4 3 3 5 5
11887 6 5 5 5 4 3 3 5 4 5
20079 6 4 5 5 5 3 3 5 5 4
36463 6 4 4 5 5 5 3 4 5 4
69231 6 4 4 4 6 5 4 4 3 5
13935 6 4 6 5 3 3 4 4 5 5
22127 5 5 5 5 4 3 4 4 6 4
38511 5 4 6 4 4 5 4 3 6 4
71279 5 4 5 5 4 5 5 3 4 5
26223 6 3 5 6 4 2 4 6 5 4
42607 5 4 5 5 4 4 4 5 5 4
75375 5 3 6 5 4 4 5 5 3 5
140911 5 3 5 7 4 3 5 5 4 4
50799 6 3 4 5 5 4 4 5 6 3
83567 5 4 4 5 5 4 5 5 4 4
149103 5 3 5 6 5 3 5 5 5 3
99951 6 3 4 4 5 6 5 4 4 4
14959 6 5 5 4 3 4 3 4 5 6
23151 5 5 6 3 4 4 3 4 6 5
39535 5 4 6 4 3 6 3 3 6 5
72303 5 4 5 4 5 5 4 3 4 6
27247 5 5 5 4 4 3 3 6 5 5
43631 4 6 4 5 3 5 3 5 5 5
76399 4 5 5 4 5 4 4 5 3 6
141935 4 5 4 6 4 5 3 5 4 5
51823 5 4 5 4 4 5 3 5 6 4
84591 4 5 5 3 6 4 4 5 4 5
150127 4 4 6 4 5 5 3 5 5 4
100975 5 4 4 4 5 6 4 4 4 5
166511 4 5 4 5 4 7 3 4 5 4
29295 6 4 5 4 3 3 4 5 6 5
45679 5 4 6 4 2 5 4 4 6 5
78447 5 3 6 5 3 4 5 4 4 6
143983 5 3 5 6 4 4 4 4 5 5
53871 5 4 6 3 3 5 4 4 7 4
86639 4 5 5 4 4 4 5 4 5 5
152175 4 4 6 4 5 4 4 4 6 4
103023 5 3 6 4 3 6 5 3 5 5
168559 4 4 6 4 4 6 4 3 6 4
299631 4 3 8 4 3 7 3 3 7 3
57967 6 4 4 4 3 4 4 6 6 4
90735 5 4 5 4 4 3 5 6 4 5
156271 5 3 5 6 4 3 4 6 5 4
107119 5 4 5 4 3 5 5 5 4 5
15471 7 5 4 3 4 3 3 4 5 7
23663 6 5 4 4 4 3 3 4 6 6
40047 6 4 4 4 5 4 3 3 6 6
72815 6 4 3 4 6 5 3 3 4 7
27759 6 4 5 4 4 2 3 6 5 6
44143 5 5 4 4 5 3 3 5 5 6
76911 5 4 5 3 6 4 3 5 3 7
142447 5 4 4 5 5 4 4 4 4 6
52335 6 3 4 5 5 3 3 5 6 5
85103 5 4 4 4 6 4 3 5 4 6
150639 5 3 5 5 5 4 4 4 5 5
101487 6 3 3 4 7 5 3 4 4 6
167023 5 4 3 5 6 5 4 3 5 5
29807 6 5 4 4 3 2 4 5 6 6
46191 5 5 5 3 4 3 4 4 6 6
78959 5 4 5 4 4 4 4 4 4 7
144495 5 4 4 5 5 3 5 3 5 6
54383 5 5 4 4 4 3 4 4 7 5
87151 4 6 3 5 4 4 4 4 5 6
152687 4 5 4 5 5 3 5 3 6 5
103535 5 4 4 4 5 5 4 3 5 6
169071 4 5 4 4 6 4 5 2 6 5
58479 6 4 4 4 4 2 4 6 6 5
91247 5 4 5 4 4 3 4 6 4 6
156783 5 3 5 6 4 2 5 5 5 5
107631 5 4 5 3 5 4 4 5 4 6
173167 4 5 4 5 5 3 5 4 5 5
205935 5 3 5 5 5 4 5 4 3 6
115823 6 4 3 4 5 4 4 5 5 5
30831 7 5 4 2 3 3 3 5 6 7
47215 6 5 4 3 3 4 3 4 6 7
79983 6 4 4 3 5 4 3 4 4 8
55407 6 4 5 3 3 4 3 4 7 6
88175 5 5 4 3 5 4 3 4 5 7
104559 6 3 4 4 5 5 3 3 5 7
59503 6 5 4 3 3 3 3 6 6 6
92271 5 5 5 2 5 3 3 6 4 7
108655 5 5 4 3 5 4 3 5 4 7
4015 7 7 5 4 4 4 4 4 3 3
6063 6 7 5 4 5 3 5 3 4 3
10159 6 6 5 4 5 4 4 5 3 3
18351 6 6 4 4 5 4 6 4 4 2
34735 6 6 4 3 5 5 6 5 3 2
7087 6 6 5 5 4 4 4 3 4 4
11183 5 7 4 5 4 5 3 5 3 4
19375 5 6 5 4 4 5 5 4 4 3
35759 5 6 4 5 3 6 5 5 3 3
68527 5 6 4 4 5 5 5 5 3 3
13231 6 5 4 5 5 4 4 4 4 4
21423 5 6 4 4 5 4 6 3 5 3
37807 5 5 5 4 4 5 6 4 4 3
70575 5 5 4 5 5 4 6 4 4 3
25519 6 5 3 4 5 5 5 5 4 3
41903 5 6 3 4 4 6 5 6 3 3
74671 5 5 4 4 5 5 5 6 3 3
140207 5 5 3 6 5 5 4 5 4 3
50095 6 5 3 3 4 6 7 5 4 2
82863 5 6 3 3 5 5 7 5 4 2
7599 6 6 5 4 5 3 4 3 4 5
11695 5 6 6 3 5 4 3 5 3 5
19887 5 5 6 4 4 4 5 4 4 4
36271 5 5 5 4 5 4 5 5 3 4
69039 5 5 5 3 6 5 4 5 3 4
13743 5 6 5 3 6 3 4 4 4 5
21935 4 7 4 4 5 3 6 3 5 4
38319 4 6 5 3 6 3 6 4 4 4
71087 4 6 4 4 6 4 5 4 4 4
26031 5 5 5 3 5 4 5 5 4 4
42415 4 6 5 2 6 4 5 6 3 4
75183 4 5 6 2 6 5 4 6 3 4
140719 4 5 5 4 6 4 5 4 4 4
50607 5 5 4 3 5 4 7 5 4 3
83375 4 6 4 3 5 5 6 5 4 3
148911 4 5 5 4 5 4 7 3 5 3
14767 6 5 4 4 5 4 3 4 4 6
22959 5 5 5 4 4 4 5 3 5 5
39343 5 4 5 5 4 4 5 4 4 5
72111 5 4 4 5 6 4 4 4 4 5
27055 5 5 5 3 4 5 4 5 4 5
43439 4 6 4 4 4 5 4 6 3 5
76207 4 5 5 3 6 5 3 6 3 5
141743 4 5 4 5 5 6 3 4 4 5
51631 5 4 5 4 3 5 6 5 4 4
84399 4 5 5 3 5 5 5 5 4 4
149935 4 4 6 4 4 6 5 3 5 4
100783 5 4 4 4 5 5 5 6 3 4
29103 6 5 3 3 5 4 5 4 5 5
45487 5 5 4 3 5 4 5 5 4 5
78255 5 4 4 4 6 4 4 5 4 5
143791 5 4 3 5 7 4 4 3 5 5
53679 5 5 4 3 4 4 7 4 5 4
86447 4 6 3 4 5 4 6 4 5 4
151983 4 5 4 4 6 4 6 2 6 4
102831 5 4 4 4 5 4 6 5 4 4
168367 4 5 4 4 6 4 6 3 5 4
57775 6 5 3 2 4 5 6 6 4 4
90543 5 5 4 2 5 5 5 6 4 4
106927 5 5 4 2 5 5 5 7 3 4
7855 6 7 4 4 4 3 4 3 5 5
11951 5 7 4 5 3 4 3 5 4 5
20143 5 6 4 5 4 3 5 4 5 4
36527 5 6 3 5 4 5 4 5 4 4
69295 5 6 3 4 5 5 5 4 4 4
13999 5 6 5 4 4 3 4 4 5 5
22191 4 7 4 4 5 2 6 3 6 4
38575 4 6 5 3 5 4 5 4 5 4
71343 4 6 4 4 5 4 6 3 5 4
26287 5 5 4 5 4 3 5 5 5 4
42671 4 6 4 4 4 5 4 6 4 4
75439 4 5 5 4 4 5 5 5 4 4
140975 4 5 4 6 4 4 5 5 4 4
50863 5 5 3 4 5 4 6 5 5 3
83631 4 6 3 4 5 4 7 4 5 3
149167 4 5 4 5 5 3 7 4 5 3
100015 5 5 3 3 5 6 6 5 4 3
15023 5 7 3 5 3 4 3 4 5 6
23215 4 7 4 4 4 3 5 3 6 5
39599 4 6 4 5 3 5 4 4 5 5
72367 4 6 3 5 5 4 5 3 5 5
27311 4 7 3 5 3 4 4 5 5 5
43695 3 8 2 6 2 6 3 6 4 5
76463 3 7 3 5 4 5 4 5 4 5
141999 3 7 2 7 3 6 3 5 4 5
51887 4 6 3 5 3 5 5 5 5 4
84655 3 7 3 4 5 4 6 4 5 4
150191 3 6 4 5 4 5 5 4 5 4
101039 4 6 2 5 4 6 5 5 4 4
166575 3 7 2 6 3 7 4 5 4 4
29359 5 6 3 4 4 3 5 4 6 5
45743 4 6 4 4 3 5 4 5 5 5
78511 4 5 4 5 4 4 5 4 5 5
144047 4 5 3 6 5 4 4 4 5 5
53935 4 6 4 3 4 4 6 4 6 4
86703 3 7 3 4 5 3 7 3 6 4
152239 3 6 4 4 6 3 6 3 6 4
103087 4 5 4 4 4 5 6 4 5 4
168623 3 6 4 4 5 5 5 4 5 4
299695 3 5 6 4 4 6 4 4 5 4
58031 5 6 2 4 3 5 5 6 5 4
90799 4 6 3 4 4 4 6 5 5 4
156335 4 5 3 6 4 4 5 5 5 4
107183 4 6 3 4 3 6 5 6 4 4
172719 3 7 2 6 3 6 4 6 4 4
15535 6 6 4 3 4 3 3 4 5 7
23727 5 6 4 4 4 2 5 3 6 6
40111 5 5 4 4 5 3 4 4 5 6
72879 5 5 3 4 6 4 4 3 5 6
27823 5 5 5 4 3 3 4 5 5 6
44207 4 6 4 4 4 4 3 6 4 6
76975 4 5 5 3 5 5 3 5 4 6
142511 4 5 4 5 4 5 4 4 4 6
52399 5 4 4 5 4 3 5 5 5 5
85167 4 5 4 4 5 4 5 4 5 5
150703 4 4 5 5 4 4 6 3 5 5
101551 5 4 3 4 6 5 4 5 4 5
167087 4 5 3 5 5 5 5 4 4 5
29871 5 6 4 3 4 2 5 4 6 6
46255 4 6 5 2 5 3 4 5 5 6
79023 4 5 5 3 5 4 4 4 5 6
144559 4 5 4 4 6 3 5 3 5 6
54447 4 6 4 3 5 2 6 4 6 5
87215 3 7 3 4 5 3 6 3 6 5
152751 3 6 4 4 6 2 7 2 6 5
103599 4 5 4 3 6 4 5 4 5 5
169135 3 6 4 3 7 3 6 3 5 5
300207 3 5 6 3 6 4 4 5 4 5
58543 5 5 4 3 4 3 5 6 5 5
91311 4 5 5 3 4 4 5 5 5 5
156847 4 4 5 5 4 3 6 4 5 5
107695 4 5 5 2 5 5 4 6 4 5
173231 3 6 4 4 5 4 5 5 4 5
304303 3 5 6 3 6 4 3 7 3 5
205999 4 4 5 4 5 5 5 4 4 5
115887 5 5 3 3 5 4 6 5 5 4
30895 6 6 3 3 3 3 4 4 6 7
47279 5 6 3 4 3 4 3 5 5 7
80047 5 5 3 4 5 4 3 4 5 7
145583 5 5 2 5 5 5 3 3 5 7
55471 5 5 4 4 3 3 5 4 6 6
88239 4 6 3 4 5 3 5 3 6 6
153775 4 5 4 4 5 4 5 2 6 6
104623 5 4 3 5 5 4 4 4 5 6
170159 4 5 3 5 5 5 4 3 5 6
59567 5 6 3 4 2 4 4 6 5 6
92335 4 6 4 3 4 4 4 5 5 6
157871 4 5 4 5 3 5 4 4 5 6
108719 4 6 3 4 4 5 3 6 4 6
174255 3 7 2 6 3 6 3 5 4 6
116911 5 5 3 4 4 4 5 5 5 5
61615 6 6 3 2 3 3 5 5 6 6
7983 7 6 5 3 3 3 4 4 5 5
12079 6 6 5 3 4 3 3 6 4 5
20271 6 5 5 3 4 4 4 5 5 4
36655 6 5 4 3 4 5 5 5 4 4
69423 6 5 4 2 5 5 5 6 3 4
14127 6 5 5 4 4 2 4 5 5 5
22319 5 6 4 4 4 3 5 4 6 4
38703 5 5 5 3 4 4 6 4 5 4
71471 5 5 4 4 4 4 6 5 4 4
26415 6 4 4 4 5 3 4 6 5 4
42799 5 5 4 3 5 4 5 6 4 4
75567 5 4 5 3 5 4 5 7 3 4
141103 5 4 4 5 5 3 5 6 5 3
50991 6 4 3 3 5 5 6 5 5 3
83759 5 5 3 3 5 5 6 6 4 3
149295 5 4 4 4 5 4 6 5 6 2
100143 6 4 3 2 5 6 7 6 3 3
15151 6 5 5 4 3 3 3 5 5 6
23343 5 5 6 3 3 4 4 4 6 5
39727 5 4 6 4 2 5 5 4 5 5
72495 5 4 5 4 4 4 5 5 4 5
27439 5 5 5 3 4 4 3 6 5 5
43823 4 6 4 4 3 5 4 6 4 5
76591 4 5 5 3 5 4 4 7 3 5
142127 4 5 4 5 4 5 3 6 5 4
52015 5 4 5 3 3 6 5 5 5 4
84783 4 5 5 2 5 5 5 6 4 4
150319 4 4 6 3 4 6 4 5 6 3
101167 5 4 4 3 4 6 6 6 3 4
166703 4 5 4 4 3 7 5 5 5 3
29487 6 4 4 4 4 3 4 5 6 5
45871 5 4 5 4 3 4 5 5 5 5
78639 5 3 5 5 4 3 5 6 4 5
144175 5 3 4 6 5 3 4 5 6 4
54063 5 4 5 3 3 5 6 4 6 4
86831 4 5 4 4 4 4 6 5 5 4
152367 4 4 5 4 5 4 5 4 7 3
103215 5 3 5 4 3 5 7 5 4 4
168751 4 4 5 4 4 5 6 4 6 3
299823 4 3 7 4 3 6 5 4 5 4
58159 6 4 3 3 4 5 5 6 5 4
90927 5 4 4 3 5 4 5 7 4 4
156463 5 3 4 5 5 4 4 6 6 3
107311 5 4 4 3 4 5 6 7 3 4
172847 4 5 3 5 4 5 5 6 5 3
205615 5 3 4 5 5 4 5 7 4 3
15663 6 6 5 2 4 2 3 5 5 7
23855 5 6 5 3 3 3 4 4 6 6
40239 5 5 5 3 4 3 5 4 5 6
73007 5 5 4 3 5 4 4 5 4 6
27951 5 5 6 2 4 3 3 6 5 6
44335 4 6 5 2 5 3 4 6 4 6
77103 4 5 6 1 6 4 3 7 3 6
142639 4 5 5 3 5 4 4 5 5 5
52527 5 4 5 3 4 4 5 5 5 5
85295 4 5 5 2 5 5 4 6 4 5
150831 4 4 6 3 4 5 5 4 6 4
101679 5 4 4 2 6 5 5 6 3 5
167215 4 5 4 3 5 5 6 4 5 4
29999 5 6 4 3 4 2 4 5 6 6
46383 4 6 5 2 5 2 5 5 5 6
79151 4 5 5 3 5 3 4 6 4 6
144687 4 5 4 4 6 2 5 4 6 5
54575 4 6 4 3 4 3 6 4 6 5
87343 3 7 3 4 4 4 5 5 5 5
152879 3 6 4 4 5 3 6 3 7 4
103727 4 5 4 3 5 4 6 5 4 5
169263 3 6 4 3 6 3 7 3 6 4
300335 3 5 6 3 5 4 5 5 4 5
58671 5 5 4 2 5 3 5 6 5 5
91439 4 5 5 2 5 4 4 7 4 5
156975 4 4 5 4 5 3 5 5 6 4
107823 4 5 5 1 6 4 5 7 3 5
173359 3 6 4 3 6 3 6 5 5 4
304431 3 5 6 2 7 3 4 7 3 5
206127 4 4 5 3 6 4 5 6 4 4
116015 5 5 3 2 5 5 6 6 4 4
31023 6 5 5 2 3 3 3 5 6 7
47407 5 5 5 3 3 3 4 5 5 7
80175 5 4 5 3 5 3 3 6 4 7
145711 5 4 4 4 5 4 3 4 6 6
55599 5 4 6 3 2 4 5 4 6 6
88367 4 5 5 3 4 4 4 5 5 6
153903 4 4 6 3 4 5 4 3 7 5
104751 5 3 5 4 4 4 5 5 4 6
170287 4 4 5 4 4 5 5 3 6 5
301359 4 3 7 4 3 5 5 4 4 6
203055 5 3 4 4 6 5 4 4 5 5
59695 5 5 5 2 3 4 4 6 5 6
92463 4 5 6 1 5 4 3 7 4 6
157999 4 4 6 3 4 5 3 5 6 5
108847 4 5 5 2 5 4 4 7 3 6
174383 3 6 4 4 4 5 4 5 5 5
305455 3 5 6 3 5 4 4 6 3 6
207151 4 4 5 3 6 5 3 6 4 5
117039 5 4 5 2 4 5 5 6 4 5
182575 4 4 6 3 3 6 5 4 6 4
215343 4 4 6 2 5 6 4 5 5 4
61743 6 5 4 2 3 3 5 5 6 6
94511 5 5 4 3 4 3 4 6 5 6
110895 5 4 5 3 4 3 5 6 4 6
119087 5 5 4 3 3 4 6 5 5 5
15919 7 6 4 3 2 2 3 5 6 7
24111 6 6 4 3 3 2 4 4 7 6
40495 6 5 4 3 3 4 4 4 6 6
73263 6 5 3 3 4 4 5 4 5 6
28207 6 5 4 4 3 2 3 6 6 6
44591 5 6 3 4 3 4 3 6 5 6
77359 5 5 4 3 4 4 4 6 4 6
142895 5 5 3 5 3 4 4 6 5 5
52783 6 4 3 4 4 4 4 5 6 5
85551 5 5 3 3 5 4 5 5 5 5
151087 5 4 4 4 4 4 5 5 6 4
101935 6 4 2 3 5 6 5 5 4 5
167471 5 5 2 4 4 6 5 5 5 4
30255 6 5 4 4 3 1 4 5 7 6
46639 5 5 5 3 3 3 4 5 6 6
79407 5 4 5 4 3 3 5 5 5 6
144943 5 4 4 5 4 2 5 5 6 5
54831 5 5 4 3 4 3 5 4 7 5
87599 4 6 3 4 4 3 6 4 6 5
153135 4 5 4 4 5 2 6 4 7 4
103983 5 4 4 3 4 5 6 4 5 5
169519 4 5 4 3 5 4 6 4 6 4
58927 6 4 3 4 4 3 4 6 6 5
91695 5 4 4 4 4 3 5 6 5 5
157231 5 3 4 6 4 2 5 6 6 4
108079 5 4 4 3 4 5 5 6 4 5
173615 4 5 3 5 4 4 5 6 5 4
116271 6 4 2 3 5 5 6 5 5 4
181807 5 4 3 4 5 4 6 5 6 3
31279 6 6 4 3 2 2 3 5 7 7
47663 5 6 4 4 1 4 3 5 6 7
80431 5 5 4 4 3 3 4 5 5 7
145967 5 5 3 5 3 4 3 5 6 6
55855 5 5 5 3 2 4 4 4 7 6
88623 4 6 4 3 4 3 5 4 6 6
154159 4 5 5 3 4 4 4 4 7 5
105007 5 4 4 4 3 5 5 4 5 6
170543 4 5 4 4 3 6 4 4 6 5
59951 5 6 3 4 2 4 3 6 6 6
92719 4 6 4 3 4 3 4 6 5 6
158255 4 5 4 5 3 4 3 6 6 5
109103 4 6 3 4 3 5 4 6 4 6
174639 3 7 2 6 2 6 3 6 5 5
117295 5 5 3 3 4 5 5 5 5 5
182831 4 5 4 4 3 6 4 5 6 4
61999 6 5 4 3 2 3 4 5 7 6
94767 5 5 4 4 3 2 5 5 6 6
160303 5 4 4 5 4 2 4 5 7 5
111151 5 4 5 4 2 4 5 5 5 6
176687 4 5 4 5 3 4 4 5 6 5
119343 5 5 4 3 3 4 6 4 6 5
184879 4 5 5 3 4 4 5 4 7 4
123439 6 5 3 3 3 4 5 6 5 5
31791 7 6 4 2 2 1 3 5 7 8
48175 6 6 4 2 3 2 3 5 6 8
80943 6 5 4 2 4 3 3 5 5 8
56367 6 5 4 3 3 2 4 4 7 7
89135 5 6 3 3 4 3 4 4 6 7
60463 6 5 4 3 3 2 3 6 6 7
93231 5 5 5 2 4 3 3 6 5 7
62511 6 6 4 2 3 1 4 5 7 7
95279 5 6 4 3 3 2 4 5 6 7
4047 8 6 5 4 4 4 4 4 3 3
6095 7 6 5 4 4 5 4 3 4 3
10191 7 5 5 4 4 5 5 4 3 3
18383 7 5 4 4 4 5 6 5 3 2
34767 7 5 4 3 4 6 6 5 4 1
7119 7 5 5 4 5 5 3 3 4 4
11215 6 6 4 4 5 5 4 4 3 4
19407 6 5 5 3 5 5 5 5 3 3
35791 6 5 4 4 4 6 5 5 4 2
68559 6 5 4 3 6 5 5 5 3 3
13263 7 4 4 4 5 6 4 3 4 4
21455 6 5 4 3 5 6 5 4 4 3
37839 6 4 5 3 4 7 5 4 5 2
70607 6 4 4 4 5 6 5 4 4 3
25551 7 4 3 3 5 6 6 5 3 3
41935 6 5 3 3 4 7 6 5 4 2
74703 6 4 4 3 5 6 6 5 3 3
140239 6 4 3 5 5 6 5 4 3 4
50127 7 4 3 2 4 7 7 6 4 1
82895 6 5 3 2 5 6 7 6 3 2
7631 7 5 4 5 5 4 3 3 4 5
11727 6 5 5 4 5 4 4 4 3 5
19919 6 4 5 5 4 4 5 5 3 4
36303 6 4 4 5 5 4 5 5 4 3
69071 6 4 4 4 6 5 4 5 3 4
13775 6 5 4 4 5 5 4 3 4 5
21967 5 6 3 5 4 5 5 4 4 4
38351 5 5 4 4 5 5 5 4 5 3
71119 5 5 3 5 5 6 4 4 4 4
26063 6 4 4 4 4 5 6 5 3 4
42447 5 5 4 3 5 5 6 5 4 3
75215 5 4 5 3 5 6 5 5 3 4
140751 5 4 4 5 5 5 6 3 3 5
50639 6 4 3 4 4 5 7 6 4 2
83407 5 5 3 4 4 6 6 6 3 3
148943 5 4 4 5 4 5 7 4 3 4
14799 7 4 3 4 6 5 3 3 4 6
22991 6 4 4 4 5 5 4 4 4 5
39375 6 3 4 5 5 5 4 4 5 4
72143 6 3 3 5 7 5 3 4 4 5
27087 6 4 4 3 5 5 5 5 3 5
43471 5 5 3 4 5 5 5 5 4 4
76239 5 4 4 3 7 5 4 5 3 5
141775 5 4 3 5 6 6 4 3 3 6
51663 6 3 4 4 4 5 6 6 4 3
84431 5 4 4 3 6 5 5 6 3 4
149967 5 3 5 4 5 6 5 4 3 5
100815 6 3 3 4 6 5 5 6 4 3
29135 7 4 2 3 5 6 5 4 4 5
45519 6 4 3 3 5 6 5 4 5 4
78287 6 3 3 4 6 6 4 4 4 5
143823 6 3 2 5 7 6 4 2 4 6
53711 6 4 3 3 4 6 6 5 5 3
86479 5 5 2 4 5 6 5 5 4 4
152015 5 4 3 4 6 6 5 3 4 5
102863 6 3 3 4 5 6 5 5 5 3
168399 5 4 3 4 6 6 5 3 5 4
57807 7 4 2 2 4 6 7 6 4 3
90575 6 4 3 2 5 6 6 6 3 4
106959 6 4 3 2 5 6 6 6 4 3
7887 7 5 5 4 4 4 3 3 5 5
11983 6 5 5 5 3 4 4 4 4 5
20175 6 4 5 5 4 3 5 5 4 4
36559 6 4 4 5 4 5 4 5 5 3
69327 6 4 4 4 5 5 5 4 4 4
14031 6 4 6 4 3 5 4 3 5 5
22223 5 5 5 4 4 4 5 4 5 4
38607 5 4 6 3 4 6 4 4 6 3
71375 5 4 5 4 4 6 5 3 5 4
26319 6 3 5 5 3 4 6 5 4 4
42703 5 4 5 4 3 6 5 5 5 3
75471 5 3 6 4 3 6 6 4 4 4
141007 5 3 5 6 3 5 6 4 3 5
50895 6 3 4 4 4 5 6 6 5 2
83663 5 4 4 4 4 5 7 5 4 3
149199 5 3 5 5 4 4 7 5 3 4
100047 6 3 4 3 4 7 6 5 5 2
15055 6 5 4 4 4 5 3 3 5 6
23247 5 5 5 3 5 4 4 4 5 5
39631 5 4 5 4 4 6 3 4 6 4
72399 5 4 4 4 6 5 4 3 5 5
27343 5 5 4 4 4 4 5 5 4 5
43727 4 6 3 5 3 6 4 5 5 4
76495 4 5 4 4 5 5 5 4 4 5
142031 4 5 3 6 4 6 4 4 3 6
51919 5 4 4 4 4 5 5 6 5 3
84687 4 5 4 3 6 4 6 5 4 4
150223 4 4 5 4 5 5 5 5 3 5
101071 5 4 3 4 5 6 5 5 5 3
166607 4 5 3 5 4 7 4 5 4 4
29391 6 4 4 3 4 5 5 4 5 5
45775 5 4 5 3 3 7 4 4 6 4
78543 5 3 5 4 4 6 5 3 5 5
144079 5 3 4 5 5 6 4 3 4 6
53967 5 4 5 2 4 6 5 5 6 3
86735 4 5 4 3 5 5 6 4 5 4
152271 4 4 5 3 6 5 5 4 4 5
103119 5 3 5 3 4 7 5 4 6 3
168655 4 4 5 3 5 7 4 4 5 4
299727 4 3 7 3 4 8 3 3 7 3
58063 6 4 3 3 3 6 6 6 5 3
90831 5 4 4 3 4 5 7 5 4 4
156367 5 3 4 5 4 5 6 5 3 5
107215 5 4 4 3 3 7 6 5 5 3
172751 4 5 3 5 3 7 5 5 4 4
15567 7 4 4 4 4 4 3 3 5 7
23759 6 4 4 5 4 3 4 4 5 6
40143 6 3 4 5 5 4 3 4 6 5
72911 6 3 3 5 6 5 3 3 5 6
27855 6 3 5 5 3 3 5 5 4 6
44239 5 4 4 5 4 4 4 5 5 5
77007 5 3 5 4 5 5 4 4 4 6
142543 5 3 4 6 4 5 5 3 3 7
52431 6 2 4 6 4 3 5 6 5 4
85199 5 3 4 5 5 4 5 5 4 5
150735 5 2 5 6 4 4 6 4 3 6
101583 6 2 3 5 6 5 4 5 5 4
167119 5 3 3 6 5 5 5 4 4 5
29903 6 4 4 4 3 4 5 4 5 6
46287 5 4 5 3 4 5 4 4 6 5
79055 5 3 5 4 4 6 4 3 5 6
144591 5 3 4 5 5 5 5 2 4 7
54479 5 4 4 4 4 4 5 5 6 4
87247 4 5 3 5 4 5 5 4 5 5
152783 4 4 4 5 5 4 6 3 4 6
103631 5 3 4 4 5 6 4 4 6 4
169167 4 4 4 4 6 5 5 3 5 5
300239 4 3 6 4 5 6 3 4 6 4
58575 6 3 4 4 3 4 6 6 5 4
91343 5 3 5 4 3 5 6 5 4 5
156879 5 2 5 6 3 4 7 4 3 6
107727 5 3 5 3 4 6 5 5 5 4
173263 4 4 4 5 4 5 6 4 4 5
304335 4 3 6 4 5 5 4 5 5 4
206031 5 2 5 5 4 6 6 3 3 6
115919 6 3 3 4 4 5 6 6 5 3
30927 7 4 3 3 4 4 4 4 5 7
47311 6 4 3 4 4 5 3 4 6 6
80079 6 3 3 4 6 5 3 3 5 7
145615 6 3 2 5 6 6 3 2 4 8
55503 6 3 4 4 4 4 4 5 6 5
88271 5 4 3 4 6 4 4 4 5 6
153807 5 3 4 4 6 5 4 3 4 7
104655 6 2 3 5 6 5 3 4 6 5
170191 5 3 3 5 6 6 3 3 5 6
202959 6 2 2 5 8 6 3 2 4 7
59599 6 4 3 4 3 4 5 6 5 5
92367 5 4 4 3 5 4 5 5 4 6
157903 5 3 4 5 4 5 5 4 3 7
108751 5 4 3 4 5 5 4 5 5 5
174287 4 5 2 6 4 6 4 4 4 6
207055 5 3 3 5 6 6 4 3 3 7
116943 6 3 3 4 5 4 5 6 5 4
182479 5 3 4 5 4 5 5 5 4 5
61647 7 4 3 2 3 5 5 5 6 5
94415 6 4 3 3 4 5 5 4 5 6
8015 7 6 5 3 3 4 3 4 5 5
12111 6 6 5 3 4 3 4 5 4 5
20303 6 5 5 3 4 4 4 6 4 4
36687 6 5 4 3 4 5 5 5 5 3
69455 6 5 4 2 5 5 5 6 3 4
14159 6 5 5 4 3 4 4 4 5 5
22351 5 6 4 4 3 5 4 5 5 4
38735 5 5 5 3 3 6 5 4 6 3
71503 5 5 4 4 3 6 5 5 4 4
26447 6 4 4 4 4 4 5 6 4 4
42831 5 5 4 3 4 5 6 5 5 3
75599 5 4 5 3 4 5 6 6 3 4
141135 5 4 4 5 4 4 6 5 4 4
51023 6 4 3 3 4 6 6 6 5 2
83791 5 5 3 3 4 6 6 7 3 3
149327 5 4 4 4 4 5 6 6 4 3
100175 6 4 3 2 4 7 7 6 4 2
15183 6 5 5 3 4 4 3 4 5 6
23375 5 5 6 2 4 5 3 5 5 5
39759 5 4 6 3 3 6 4 4 6 4
72527 5 4 5 3 5 5 4 5 4 5
27471 5 5 5 2 5 4 4 6 4 5
43855 4 6 4 3 4 5 5 5 5 4
76623 4 5 5 2 6 4 5 6 3 5
142159 4 5 4 4 5 5 4 5 4 5
52047 5 4 5 2 4 6 5 6 5 3
84815 4 5 5 1 6 5 5 7 3 4
150351 4 4 6 2 5 6 4 6 4 4
101199 5 4 4 2 5 6 6 6 4 3
166735 4 5 4 3 4 7 5 5 5 3
29519 6 4 4 3 4 5 4 5 5 5
45903 5 4 5 3 3 6 5 4 6 4
78671 5 3 5 4 4 5 5 5 4 5
144207 5 3 4 5 5 5 4 4 5 5
54095 5 4 5 2 3 7 5 5 6 3
86863 4 5 4 3 4 6 5 6 4 4
152399 4 4 5 3 5 6 4 5 5 4
103247 5 3 5 3 3 7 6 5 5 3
168783 4 4 5 3 4 7 5 4 6 3
299855 4 3 7 3 3 8 4 3 7 3
58191 6 4 3 2 4 6 6 6 5 3
90959 5 4 4 2 5 5 6 7 3 4
156495 5 3 4 4 5 5 5 6 4 4
107343 5 4 4 2 4 6 7 6 4 3
172879 4 5 3 4 4 6 6 5 5 3
205647 5 3 4 4 5 5 6 6 3 4
15695 6 6 4 3 4 3 3 4 5 7
23887 5 6 4 4 3 4 3 5 5 6
40271 5 5 4 4 4 4 4 4 6 5
73039 5 5 3 4 5 5 3 5 4 6
27983 5 5 5 3 4 3 4 6 4 6
44367 4 6 4 3 5 3 5 5 5 5
77135 4 5 5 2 6 4 4 6 3 6
142671 4 5 4 4 5 4 5 4 4 6
52559 5 4 4 4 4 4 5 6 5 4
85327 4 5 4 3 5 5 4 7 3 5
150863 4 4 5 4 4 5 5 5 4 5
101711 5 4 3 3 6 5 5 6 4 4
167247 4 5 3 4 5 5 6 4 5 4
30031 5 6 3 4 3 4 4 5 5 6
46415 4 6 4 3 4 4 5 4 6 5
79183 4 5 4 4 4 5 4 5 4 6
144719 4 5 3 5 5 4 5 3 5 6
54607 4 6 3 4 3 5 5 5 6 4
87375 3 7 2 5 3 6 4 6 4 5
152911 3 6 3 5 4 5 5 4 5 5
103759 4 5 3 4 4 6 5 5 5 4
169295 3 6 3 4 5 5 6 3 6 4
300367 3 5 5 4 4 6 4 4 6 4
58703 5 5 3 3 4 4 6 6 5 4
91471 4 5 4 3 4 5 5 7 3 5
157007 4 4 4 5 4 4 6 5 4 5
107855 4 5 4 2 5 5 6 6 4 4
173391 3 6 3 4 5 4 7 4 5 4
304463 3 5 5 3 6 4 5 5 5 4
206159 4 4 4 4 5 5 6 5 3 5
116047 5 5 2 3 4 6 6 7 4 3
31055 6 5 4 2 4 4 3 5 5 7
47439 5 5 4 3 4 4 4 4 6 6
80207 5 4 4 3 6 4 3 5 4 7
145743 5 4 3 4 6 5 3 3 5 7
55631 5 4 5 3 3 5 4 5 6 5
88399 4 5 4 3 5 5 3 6 4 6
153935 4 4 5 3 5 6 3 4 5 6
104783 5 3 4 4 5 5 4 5 5 5
170319 4 4 4 4 5 6 4 3 6 5
301391 4 3 6 4 4 6 4 3 6 5
203087 5 3 3 4 7 6 3 4 4 6
59727 5 5 4 2 4 4 5 6 5 5
92495 4 5 5 1 6 4 4 7 3 6
158031 4 4 5 3 5 5 4 5 4 6
108879 4 5 4 2 6 4 5 6 4 5
174415 3 6 3 4 5 5 5 4 5 5
305487 3 5 5 3 6 4 5 4 5 5
207183 4 4 4 3 7 5 4 5 3 6
338255 3 5 5 2 8 4 4 5 3 6
117071 5 4 4 2 5 5 5 7 4 4
182607 4 4 5 3 4 6 5 5 5 4
215375 4 4 5 2 6 6 4 6 3 5
61775 6 5 3 2 3 5 5 5 6 5
94543 5 5 3 3 4 5 4 6 4 6
160079 5 4 3 4 5 5 4 4 5 6
110927 5 4 4 3 4 5 5 5 5 5
119119 5 5 3 3 3 6 5 6 5 4
15951 7 5 5 3 2 3 3 4 6 7
24143 6 5 5 3 3 3 3 5 6 6
40527 6 4 5 3 3 5 3 4 7 5
73295 6 4 4 3 4 5 4 4 5 6
28239 6 4 5 4 3 2 4 6 5 6
44623 5 5 4 4 3 4 4 5 6 5
77391 5 4 5 3 4 4 5 5 4 6
142927 5 4 4 5 3 4 5 5 4 6
52815 6 3 4 4 4 4 4 6 6 4
85583 5 4 4 3 5 4 5 6 4 5
151119 5 3 5 4 4 4 5 6 4 5
101967 6 3 3 3 5 6 5 5 5 4
167503 5 4 3 4 4 6 5 5 5 4
30287 6 4 5 4 2 3 4 5 6 6
46671 5 4 6 3 2 5 4 4 7 5
79439 5 3 6 4 2 5 5 4 5 6
144975 5 3 5 5 3 4 5 4 5 6
54863 5 4 5 3 3 5 4 5 7 4
87631 4 5 4 4 3 5 5 5 5 5
153167 4 4 5 4 4 4 5 5 5 5
104015 5 3 5 3 3 7 5 4 6 4
169551 4 4 5 3 4 6 5 4 6 4
300623 4 3 7 3 3 7 3 4 8 3
58959 6 3 4 4 3 4 5 6 6 4
91727 5 3 5 4 3 4 6 6 4 5
157263 5 2 5 6 3 3 6 6 4 5
108111 5 3 5 3 3 6 6 5 5 4
173647 4 4 4 5 3 5 6 5 5 4
304719 4 3 6 4 4 5 4 5 7 3
206415 5 2 5 5 3 5 7 5 3 5
116303 6 3 3 3 4 6 6 6 5 3
181839 5 3 4 4 4 5 6 6 5 3
31311 6 5 5 2 3 3 3 5 6 7
47695 5 5 5 3 2 5 3 4 7 6
80463 5 4 5 3 4 4 4 4 5 7
145999 5 4 4 4 4 5 3 4 5 7
55887 5 4 6 2 3 5 3 5 7 5
88655 4 5 5 2 5 4 4 5 5 6
154191 4 4 6 2 5 5 3 5 5 6
105039 5 3 5 3 4 6 4 4 6 5
170575 4 4 5 3 4 7 3 4 6 5
301647 4 3 7 3 3 7 3 3 8 4
203343 5 3 4 3 6 6 4 4 4 6
59983 5 5 4 3 3 4 4 6 6 5
92751 4 5 5 2 5 3 5 6 4 6
158287 4 4 5 4 4 4 4 6 4 6
109135 4 5 4 3 4 5 5 5 5 5
174671 3 6 3 5 3 6 4 5 5 5
305743 3 5 5 4 4 5 4 4 7 4
207439 4 4 4 4 5 5 5 5 3 6
117327 5 4 4 2 5 5 5 6 5 4
182863 4 4 5 3 4 6 4 6 5 4
313935 4 3 6 4 4 5 4 5 7 3
215631 4 4 5 2 6 5 5 6 3 5
62031 6 4 5 2 2 5 4 5 7 5
94799 5 4 5 3 3 4 5 5 5 6
160335 5 3 5 4 4 4 4 5 5 6
111183 5 3 6 3 2 6 5 4 6 5
176719 4 4 5 4 3 6 4 4 6 5
209487 5 2 5 5 4 5 5 4 4 6
119375 5 4 5 2 3 6 5 5 6 4
184911 4 4 6 2 4 6 4 5 6 4
217679 4 4 5 3 5 5 5 5 4 5
234063 5 3 5 3 4 7 5 4 5 4
123471 6 4 4 2 3 5 6 6 5 4
31823 7 5 4 3 2 2 3 5 6 8
48207 6 5 4 3 3 3 3 4 7 7
80975 6 4 4 3 4 4 3 4 5 8
146511 6 4 3 4 4 4 4 3 5 8
56399 6 4 4 4 3 3 3 5 7 6
89167 5 5 3 4 4 4 3 5 5 7
154703 5 4 4 4 4 4 4 4 5 7
105551 6 3 3 4 5 5 3 4 6 6
60495 6 4 4 4 3 2 4 6 6 6
93263 5 4 5 3 4 3 4 6 4 7
158799 5 3 5 5 3 3 5 5 4 7
109647 5 4 4 3 5 4 4 5 5 6
117839 6 3 3 4 5 4 4 6 5 5
62543 6 5 4 3 2 3 4 5 7 6
95311 5 5 4 4 2 4 4 5 5 7
160847 5 4 4 5 3 3 5 4 5 7
111695 5 4 5 3 3 5 4 4 6 6
119887 5 5 3 4 3 5 4 5 6 5
123983 6 4 4 3 3 4 5 6 5 5
63567 7 5 4 2 2 3 3 5 7 7
8079 8 6 4 3 3 3 4 4 5 5
12175 7 6 4 3 3 4 4 5 4 5
20367 7 5 4 3 3 4 6 5 4 4
36751 7 5 3 3 3 5 6 6 4 3
69519 7 5 3 2 4 5 6 6 4 3
14223 7 5 4 3 4 4 4 4 5 5
22415 6 6 3 3 4 4 6 4 5 4
38799 6 5 4 2 4 5 6 5 5 3
71567 6 5 3 3 4 5 6 5 5 3
26511 7 4 3 3 4 5 6 5 4 4
42895 6 5 3 2 4 6 6 6 4 3
75663 6 4 4 2 4 6 6 6 4 3
141199 6 4 3 4 4 5 6 5 4 4
51087 7 4 2 2 4 6 8 6 4 2
83855 6 5 2 2 4 6 8 6 4 2
149391 6 4 3 3 4 5 8 5 4 3
100239 7 4 2 1 4 7 8 7 4 1
15247 7 5 3 4 4 4 3 4 5 6
23439 6 5 4 3 4 4 5 4 5 5
39823 6 4 4 4 3 5 5 5 5 4
72591 6 4 3 4 5 4 5 5 5 4
27535 6 5 3 3 4 5 5 5 4 5
43919 5 6 2 4 3 6 5 6 4 4
76687 5 5 3 3 5 5 5 6 4 4
142223 5 5 2 5 4 6 4 5 4 5
52111 6 4 3 3 3 6 7 6 4 3
84879 5 5 3 2 5 5 7 6 4 3
150415 5 4 4 3 4 6 6 5 4 4
101263 6 4 2 3 4 6 7 7 4 2
166799 5 5 2 4 3 7 6 6 4 3
29583 7 4 2 3 5 5 5 4 5 5
45967 6 4 3 3 4 6 5 5 5 4
78735 6 3 3 4 5 5 5 5 5 4
144271 6 3 2 5 6 5 4 4 5 5
54159 6 4 3 2 4 6 7 5 5 3
86927 5 5 2 3 5 5 7 5 5 3
152463 5 4 3 3 6 5 6 4 5 4
103311 6 3 3 3 4 6 7 6 5 2
168847 5 4 3 3 5 6 6 5 5 3
58255 7 4 1 2 4 7 7 6 4 3
91023 6 4 2 2 5 6 7 6 4 3
156559 6 3 2 4 5 6 6 5 4 4
107407 6 4 2 2 4 7 7 7 4 2
172943 5 5 1 4 4 7 6 6 4 3
205711 6 3 2 4 5 6 6 6 4 3
115599 7 4 1 1 4 7 9 7 4 1
15759 7 5 4 3 4 3 3 4 5 7
23951 6 5 4 4 3 3 5 4 5 6
40335 6 4 4 4 4 3 5 5 5 5
73103 6 4 3 4 5 4 4 5 5 5
28047 6 4 5 3 3 4 5 5 4 6
44431 5 5 4 3 4 4 5 6 4 5
77199 5 4 5 2 5 5 4 6 4 5
142735 5 4 4 4 4 5 5 4 4 6
52623 6 3 4 4 3 4 7 6 4 4
85391 5 4 4 3 4 5 6 6 4 4
150927 5 3 5 4 3 5 7 4 4 5
101775 6 3 3 3 5 5 6 7 4 3
167311 5 4 3 4 4 5 7 5 4 4
30095 6 5 3 3 4 4 5 4 5 6
46479 5 5 4 2 5 4 5 5 5 5
79247 5 4 4 3 5 5 4 5 5 5
144783 5 4 3 4 6 4 5 3 5 6
54671 5 5 3 3 4 4 7 5 5 4
87439 4 6 2 4 4 5 6 5 5 4
152975 4 5 3 4 5 4 7 3 5 5
103823 5 4 3 3 5 5 6 6 5 3
169359 4 5 3 3 6 4 7 4 5 4
58767 6 4 3 2 4 5 7 6 4 4
91535 5 4 4 2 4 6 6 6 4 4
157071 5 3 4 4 4 5 7 4 4 5
107919 5 4 4 1 5 6 6 7 4 3
173455 4 5 3 3 5 5 7 5 4 4
206223 5 3 4 3 5 6 6 5 4 4
116111 6 4 2 2 4 6 8 7 4 2
181647 5 4 3 3 4 5 9 5 4 3
31119 7 4 3 3 4 4 4 4 5 7
47503 6 4 3 4 4 4 4 5 5 6
80271 6 3 3 4 6 4 3 5 5 6
145807 6 3 2 5 6 5 3 3 5 7
55695 6 3 4 4 3 4 6 5 5 5
88463 5 4 3 4 5 4 5 5 5 5
153999 5 3 4 4 5 5 5 3 5 6
104847 6 2 3 5 5 4 5 6 5 4
170383 5 3 3 5 5 5 5 4 5 5
203151 6 2 2 5 7 5 4 4 5 5
59791 6 4 3 3 3 5 6 6 4 5
92559 5 4 4 2 5 5 5 6 4 5
158095 5 3 4 4 4 6 5 4 4 6
108943 5 4 3 3 5 5 5 7 4 4
174479 4 5 2 5 4 6 5 5 4 5
207247 5 3 3 4 6 6 4 5 4 5
117135 6 3 3 3 4 5 7 7 4 3
182671 5 3 4 4 3 6 7 5 4 4
215439 5 3 4 3 5 6 6 5 4 4
61839 7 4 2 2 4 5 6 5 5 5
94607 6 4 2 3 5 5 5 5 5 5
160143 6 3 2 4 6 5 5 3 5 6
110991 6 3 3 3 5 5 5 6 5 4
176527 5 4 2 4 6 5 5 4 5 5
119183 6 4 2 3 4 5 7 6 5 3
184719 5 4 3 3 5 5 7 4 5 4
16015 7 6 4 3 2 3 3 4 6 7
24207 6 6 4 3 3 2 5 4 6 6
40591 6 5 4 3 3 4 4 5 6 5
73359 6 5 3 3 4 4 5 4 6 5
28303 6 5 4 4 2 3 5 5 5 6
44687 5 6 3 4 2 5 4 6 5 5
77455 5 5 4 3 3 5 5 5 5 5
142991 5 5 3 5 2 5 5 5 4 6
52879 6 4 3 4 3 4 6 6 5 4
85647 5 5 3 3 4 4 7 5 5 4
151183 5 4 4 4 3 4 7 5 4 5
102031 6 4 2 3 4 6 6 6 5 3
167567 5 5 2 4 3 6 6 6 4 4
30351 6 5 4 3 3 3 5 4 6 6
46735 5 5 5 2 3 5 4 5 6 5
79503 5 4 5 3 3 5 5 4 6 5
145039 5 4 4 4 4 4 5 4 5 6
54927 5 5 4 2 4 4 6 5 6 4
87695 4 6 3 3 4 4 7 4 6 4
153231 4 5 4 3 5 3 7 4 5 5
104079 5 4 4 2 4 6 6 5 6 3
169615 4 5 4 2 5 5 6 5 5 4
59023 6 4 3 3 3 5 6 6 5 4
91791 5 4 4 3 3 5 7 5 5 4
157327 5 3 4 5 3 4 7 5 4 5
108175 5 4 4 2 3 7 6 6 5 3
173711 4 5 3 4 3 6 6 6 4 4
206479 5 3 4 4 3 6 7 5 4 4
116367 6 4 2 2 4 6 8 6 5 2
181903 5 4 3 3 4 5 8 6 4 3
214671 5 4 3 3 4 5 9 5 4 3
31375 6 6 3 3 3 3 4 4 6 7
47759 5 6 3 4 2 5 3 5 6 6
80527 5 5 3 4 4 4 4 4 6 6
146063 5 5 2 5 4 5 3 4 5 7
55951 5 5 4 3 3 4 5 5 6 5
88719 4 6 3 3 5 3 6 4 6 5
154255 4 5 4 3 5 4 5 4 5 6
105103 5 4 3 4 4 5 5 5 6 4
170639 4 5 3 4 4 6 4 5 5 5
203407 5 4 2 4 6 5 5 4 5 5
60047 5 6 2 4 2 5 5 6 5 5
92815 4 6 3 3 4 4 6 5 5 5
158351 4 5 3 5 3 5 5 5 4 6
109199 4 6 2 4 3 6 5 6 5 4
174735 3 7 1 6 2 7 4 6 4 5
207503 4 5 2 5 4 6 5 5 4 5
117391 5 5 2 3 4 5 7 6 5 3
182927 4 5 3 4 3 6 6 6 4 4
215695 4 5 3 3 5 5 7 5 4 4
62095 6 5 3 2 3 5 5 5 6 5
94863 5 5 3 3 4 4 6 4 6 5
160399 5 4 3 4 5 4 5 4 5 6
111247 5 4 4 3 3 6 5 5 6 4
176783 4 5 3 4 4 6 4 5 5 5
209551 5 3 3 5 5 5 5 4 5 5
119439 5 5 3 2 4 5 7 5 6 3
184975 4 5 4 2 5 5 6 5 5 4
217743 4 5 3 3 6 4 7 4 5 4
234127 5 4 3 3 5 6 6 5 5 3
123535 6 5 2 2 3 6 7 6 5 3
31887 7 5 4 3 2 2 4 4 6 8
48271 6 5 4 3 3 3 3 5 6 7
81039 6 4 4 3 4 4 3 4 6 7
146575 6 4 3 4 4 4 4 3 5 8
56463 6 4 4 4 3 2 5 5 6 6
89231 5 5 3 4 4 3 5 4 6 6
154767 5 4 4 4 4 3 6 3 5 7
105615 6 3 3 4 5 4 4 5 6 5
171151 5 4 3 4 5 4 5 4 5 6
203919 6 3 2 4 6 5 5 3 5 6
60559 6 4 4 4 2 3 5 6 5 6
93327 5 4 5 3 3 4 5 5 5 6
158863 5 3 5 5 2 4 6 4 4 7
109711 5 4 4 3 4 5 4 6 5 5
175247 4 5 3 5 3 5 5 5 4 6
208015 5 3 4 4 4 6 5 4 4 6
117903 6 3 3 4 4 4 6 6 5 4
183439 5 3 4 5 3 4 7 5 4 5
216207 5 3 4 4 4 5 7 4 4 5
62607 6 5 4 2 3 3 5 5 6 6
95375 5 5 4 3 3 4 5 4 6 6
160911 5 4 4 4 4 3 6 3 5 7
111759 5 4 5 2 4 5 4 5 6 5
177295 4 5 4 3 5 4 5 4 5 6
210063 5 3 4 4 5 5 5 3 5 6
119951 5 5 3 3 4 4 6 5 6 4
185487 4 5 4 3 5 3 7 4 5 5
218255 4 5 3 4 5 4 7 3 5 5
234639 5 4 3 3 6 5 6 4 5 4
124047 6 4 4 2 3 5 6 6 5 4
189583 5 4 4 4 3 4 7 5 4 5
222351 5 3 5 4 3 5 7 4 4 5
238735 5 4 4 3 4 6 6 5 4 4
63631 7 5 3 3 2 3 4 5 6 7
96399 6 5 3 3 4 3 4 4 6 7
112783 6 4 3 4 4 4 3 5 6 6
120975 6 4 3 4 4 3 5 5 6 5
125071 6 5 3 3 3 4 5 6 5 5
16143 8 6 4 2 2 2 3 5 6 7
24335 7 6 4 2 2 3 4 5 6 6
40719 7 5 4 2 2 4 5 5 6 5
73487 7 5 3 2 3 4 5 6 5 5
28431 7 5 4 2 3 3 4 6 5 6
44815 6 6 3 2 3 4 5 6 5 5
77583 6 5 4 1 4 4 5 7 4 5
53007 7 4 3 2 3 5 6 6 5 4
85775 6 5 3 1 4 5 6 7 4 4
102159 7 4 2 1 4 6 7 7 4 3
30479 7 5 3 3 3 3 4 5 6 6
46863 6 5 4 2 3 4 5 5 6 5
79631 6 4 4 3 3 4 5 6 5 5
55055 6 5 3 2 3 5 6 5 6 4
87823 5 6 2 3 3 5 6 6 5 4
104207 6 4 3 2 3 6 7 6 5 3
59151 7 4 2 2 4 5 6 6 5 4
91919 6 4 3 2 4 5 6 7 4 4
108303 6 4 3 1 4 6 7 7 4 3
116495 7 4 1 1 4 7 8 7 4 2
31503 7 5 4 2 3 3 3 5 6 7
47887 6 5 4 3 2 4 4 5 6 6
80655 6 4 4 3 4 3 4 6 5 6
56079 6 4 5 2 2 5 5 5 6 5
88847 5 5 4 2 4 4 5 6 5 5
105231 6 3 4 3 3 5 6 6 5 4
60175 6 5 3 2 3 5 5 6 5 5
92943 5 5 4 1 5 4 5 7 4 5
109327 5 5 3 2 4 5 6 7 4 4
117519 6 4 3 1 4 6 7 7 4 3
62223 7 4 3 2 3 5 5 5 6 5
94991 6 4 3 3 4 4 5 6 5 5
111375 6 3 4 3 3 5 6 6 5 4
119567 6 4 3 2 3 6 7 6 5 3
32015 7 6 4 2 2 2 3 5 6 8
48399 6 6 4 2 3 2 4 5 6 7
81167 6 5 4 2 4 3 3 6 5 7
56591 6 5 4 3 2 3 5 5 6 6
89359 5 6 3 3 3 4 4 6 5 6
105743 6 4 3 3 4 4 5 6 5 5
60687 6 5 4 2 3 3 5 6 5 6
93455 5 5 5 1 4 4 4 7 4 6
109839 5 5 4 1 5 4 5 7 4 5
118031 6 4 3 2 4 5 6 7 4 4
62735 6 6 3 2 3 3 5 5 6 6
95503 5 6 3 3 3 4 4 6 5 6
111887 5 5 4 2 4 4 5 6 5 5
120079 5 6 2 3 3 5 6 6 5 4
63759 7 5 4 2 2 3 4 5 6 7
96527 6 5 4 2 4 3 3 6 5 7
112911 6 4 4 3 4 3 4 6 5 6
121103 6 4 4 3 3 4 5 6 5 5
32271 8 6 4 2 1 1 3 5 7 8
48655 7 6 4 2 1 3 3 5 7 7
56847 7 5 4 2 2 3 4 5 7 6
60943 7 5 3 3 2 3 4 6 6 6
2039 8 7 6 6 5 4 3 3 2 1
3063 7 7 6 6 5 4 4 2 2 2
5111 7 6 6 6 5 4 4 3 2 2
9207 7 6 5 6 5 4 4 4 3 1
17399 7 6 5 5 5 4 5 4 3 1
33783 7 6 5 5 4 5 5 4 2 2
3575 7 6 6 6 5 5 3 2 2 3
5623 6 7 5 6 5 5 3 3 2 3
9719 6 6 6 5 5 5 3 4 3 2
17911 6 6 5 6 4 5 4 4 3 2
34295 6 6 5 5 5 5 4 4 2 3
6647 7 5 5 6 5 5 4 2 2 4
10743 6 6 5 5 5 5 4 3 3 3
18935 6 5 6 5 4 5 5 3 3 3
35319 6 5 5 6 4 5 5 3 2 4
68087 6 5 5 5 6 5 4 2 3 4
12791 7 5 4 5 5 5 4 4 3 3
20983 6 6 4 5 4 5 5 4 3 3
37367 6 5 5 5 4 5 5 4 2 4
70135 6 5 4 6 5 5 4 3 3 4
25079 7 5 4 4 4 5 5 5 4 2
41463 6 6 4 4 4 5 5 5 3 3
74231 6 5 5 4 5 5 4 4 4 3
49655 7 5 4 4 3 5 6 5 3 3
3831 7 6 5 6 6 4 3 2 3 3
5879 6 6 6 5 6 4 3 3 3 3
9975 6 5 6 6 5 4 3 4 4 2
18167 6 5 5 6 6 3 4 4 4 2
34551 6 5 5 5 6 5 3 4 3 3
6903 6 6 5 5 6 4 4 2 3 4
10999 5 7 4 6 5 4 4 3 4 3
19191 5 6 5 5 6 3 5 3 4 3
35575 5 6 4 6 5 5 4 3 3 4
68343 5 6 4 5 7 4 5 1 4 4
13047 6 5 5 5 5 4 4 4 4 3
21239 5 6 5 4 6 3 5 4 4 3
37623 5 5 6 4 5 5 4 4 3 4
70391 5 5 5 5 6 4 5 2 4 4
25335 6 5 4 5 5 3 5 5 5 2
41719 5 6 4 5 4 5 4 5 4 3
74487 5 5 5 5 5 4 5 3 5 3
140023 5 5 4 7 5 4 3 5 4 3
49911 6 5 4 4 5 4 5 5 4 3
82679 5 6 4 4 6 3 6 3 5 3
7415 7 5 4 5 6 5 3 2 3 5
11511 6 5 5 5 5 5 3 3 4 4
19703 6 4 5 6 5 4 4 3 4 4
36087 6 4 4 6 6 5 3 3 3 5
68855 6 4 4 5 7 6 3 1 4 5
13559 6 5 5 4 5 5 3 4 4 4
21751 5 6 4 5 5 4 4 4 4 4
38135 5 5 5 4 6 5 3 4 3 5
70903 5 5 4 5 6 6 3 2 4 5
25847 6 4 5 5 4 4 4 5 5 3
42231 5 5 5 4 5 5 3 5 4 4
74999 5 4 6 4 5 6 3 3 5 4
140535 5 4 5 6 5 5 3 4 4 4
50423 6 4 4 5 5 4 4 5 4 4
83191 5 5 4 5 5 5 4 3 5 4
148727 5 4 5 6 5 4 4 4 4 4
14583 7 5 3 4 5 5 4 3 4 5
22775 6 5 4 4 5 4 5 3 4 5
39159 6 4 4 5 5 5 4 3 3 6
71927 6 4 3 5 7 5 4 1 4 6
26871 6 5 4 4 4 4 5 4 5 4
43255 5 6 3 5 4 5 4 4 4 5
76023 5 5 4 4 6 5 4 2 5 5
141559 5 5 3 6 5 6 3 3 4 5
51447 6 4 4 5 4 4 5 4 4 5
84215 5 5 4 4 6 4 5 2 5 5
149751 5 4 5 5 5 5 4 3 4 5
100599 6 4 3 5 6 5 4 2 4 6
28919 7 5 3 3 4 4 5 5 5 4
45303 6 5 4 3 4 5 4 5 4 5
78071 6 4 4 4 5 5 4 3 5 5
53495 6 5 4 3 4 4 5 5 4 5
86263 5 6 3 4 5 4 5 3 5 5
102647 6 4 4 4 5 5 4 3 4 6
57591 7 5 3 3 3 4 5 6 5 4
3959 7 6 5 6 5 4 3 3 3 3
6007 6 6 5 7 4 4 3 4 3 3
10103 6 5 5 7 5 3 3 5 4 2
18295 6 5 4 7 5 4 3 5 4 2
34679 6 5 4 6 5 5 4 4 3 3
7031 6 5 6 6 4 4 4 3 3 4
11127 5 6 5 6 5 3 4 4 4 3
19319 5 5 6 5 5 4 4 4 4 3
35703 5 5 5 6 4 5 5 3 3 4
68471 5 5 5 5 6 4 5 3 3 4
13175 6 4 5 7 4 3 4 5 4 3
21367 5 5 5 6 4 4 4 5 4 3
37751 5 4 6 6 3 5 5 4 3 4
70519 5 4 5 7 4 4 5 4 3 4
25463 6 4 4 6 5 3 4 6 5 2
41847 5 5 4 6 4 4 5 5 4 3
74615 5 4 5 6 5 3 5 5 4 3
140151 5 4 4 8 5 3 3 6 5 2
50039 6 4 4 5 4 5 5 5 4 3
82807 5 5 4 5 5 4 5 5 4 3
7543 6 6 4 6 4 5 3 3 3 5
11639 5 6 5 5 5 4 3 4 4 4
19831 5 5 5 6 4 5 3 4 4 4
36215 5 5 4 6 5 5 4 3 3 5
68983 5 5 4 5 6 6 3 3 3 5
13687 5 6 4 6 4 4 3 5 4 4
21879 4 7 3 7 3 5 3 5 4 4
38263 4 6 4 6 4 5 4 4 3 5
71031 4 6 3 7 4 6 3 4 3 5
25975 5 5 4 6 4 4 3 6 5 3
42359 4 6 4 5 5 4 4 5 4 4
75127 4 5 5 5 5 5 3 5 4 4
140663 4 5 4 7 5 4 3 5 5 3
50551 5 5 3 6 4 5 4 5 4 4
83319 4 6 3 6 4 6 3 5 4 4
148855 4 5 4 7 4 5 3 5 5 3
14711 6 5 4 5 4 4 4 4 4 5
22903 5 5 5 5 3 5 4 4 4 5
39287 5 4 5 6 3 5 5 3 3 6
72055 5 4 4 6 5 5 4 3 3 6
26999 5 5 5 4 4 4 4 5 5 4
43383 4 6 4 5 4 4 5 4 4 5
76151 4 5 5 4 6 4 4 4 4 5
141687 4 5 4 6 5 5 3 4 5 4
51575 5 4 5 5 3 5 5 4 4 5
84343 4 5 5 4 5 5 4 4 4 5
149879 4 4 6 5 4 6 3 4 5 4
100727 5 4 4 5 5 5 5 3 3 6
29047 6 5 3 5 3 4 4 6 5 4
45431 5 5 4 5 3 4 5 5 4 5
78199 5 4 4 6 4 4 4 5 4 5
143735 5 4 3 7 5 4 3 5 5 4
53623 5 5 4 5 2 5 5 5 4 5
86391 4 6 3 6 3 5 4 5 4 5
151927 4 5 4 6 4 5 3 5 5 4
102775 5 4 4 6 3 5 5 4 3 6
168311 4 5 4 6 4 5 4 4 4 5
57719 6 5 3 4 3 4 5 6 5 4
90487 5 5 4 4 4 4 4 6 5 4
7799 7 5 4 5 5 4 3 3 4 5
11895 6 5 4 6 5 3 3 4 5 4
20087 6 4 4 6 6 3 3 4 5 4
36471 6 4 3 6 6 5 3 3 4 5
69239 6 4 3 5 7 5 4 2 4 5
13943 6 4 5 6 4 3 3 5 5 4
22135 5 5 4 6 5 3 3 5 5 4
38519 5 4 5 5 5 5 3 4 4 5
71287 5 4 4 6 5 5 4 3 4 5
26231 6 3 4 7 5 2 3 6 6 3
42615 5 4 4 6 5 4 3 5 5 4
75383 5 3 5 6 5 4 4 4 5 4
140919 5 3 4 8 5 3 3 6 5 3
50807 6 3 3 6 6 4 3 5 5 4
83575 5 4 3 6 6 4 4 4 5 4
149111 5 3 4 7 6 3 3 6 5 3
99959 6 3 3 5 6 6 4 3 4 5
14967 6 5 4 5 4 3 4 4 5 5
23159 5 5 5 4 5 3 4 4 5 5
39543 5 4 5 5 4 5 4 3 4 6
72311 5 4 4 5 6 4 5 2 4 6
27255 5 5 4 5 5 2 4 5 6 4
43639 4 6 3 6 4 4 4 4 5 5
76407 4 5 4 5 6 3 5 3 5 5
141943 4 5 3 7 5 4 3 5 5 4
51831 5 4 4 5 5 4 4 4 5 5
84599 4 5 4 4 7 3 5 3 5 5
150135 4 4 5 5 6 4 3 5 5 4
100983 5 4 3 5 6 5 5 2 4 6
166519 4 5 3 6 5 6 3 4 4 5
29303 6 4 4 5 4 2 4 6 6 4
45687 5 4 5 5 3 4 4 5 5 5
78455 5 3 5 6 4 3 5 4 5 5
143991 5 3 4 7 5 3 3 6 5 4
53879 5 4 5 4 4 4 4 5 5 5
86647 4 5 4 5 5 3 5 4 5 5
152183 4 4 5 5 6 3 3 6 5 4
103031 5 3 5 5 4 5 5 3 4 6
168567 4 4 5 5 5 5 3 5 4 5
299639 4 3 7 5 4 5 4 4 5 4
57975 6 4 3 5 4 3 4 6 6 4
90743 5 4 4 5 5 2 5 5 6 4
156279 5 3 4 7 5 2 3 7 6 3
107127 5 4 4 5 4 4 5 4 5 5
15479 7 5 3 4 4 4 3 4 5 6
23671 6 5 3 5 4 4 3 4 5 6
40055 6 4 3 5 5 5 3 3 4 7
72823 6 4 2 5 6 6 3 2 4 7
27767 6 4 4 5 4 3 3 5 6 5
44151 5 5 3 5 5 4 3 4 5 6
76919 5 4 4 4 6 5 3 3 5 6
142455 5 4 3 6 5 5 3 4 5 5
52343 6 3 3 6 5 4 3 4 5 6
85111 5 4 3 5 6 5 3 3 5 6
150647 5 3 4 6 5 5 3 4 5 5
101495 6 3 2 5 7 6 3 2 4 7
167031 5 4 2 6 6 6 3 3 4 6
29815 6 5 3 5 3 3 3 6 6 5
46199 5 5 4 4 4 4 3 5 5 6
78967 5 4 4 5 4 5 3 4 5 6
144503 5 4 3 6 5 4 3 5 5 5
54391 5 5 3 5 4 4 3 5 5 6
87159 4 6 2 6 4 5 3 4 5 6
152695 4 5 3 6 5 4 3 5 5 5
103543 5 4 3 5 5 6 3 3 4 7
169079 4 5 3 5 6 5 3 4 4 6
58487 6 4 3 5 4 3 3 6 6 5
91255 5 4 4 5 4 4 3 5 6 5
156791 5 3 4 7 4 3 3 6 6 4
107639 5 4 4 4 5 5 3 4 5 6
173175 4 5 3 6 5 4 3 5 5 5
205943 5 3 4 6 5 5 3 4 5 5
115831 6 4 2 5 5 5 3 4 5 6
30839 7 5 3 3 3 3 4 5 6 6
47223 6 5 3 4 3 4 4 4 5 7
79991 6 4 3 4 5 4 4 3 5 7
55415 6 4 4 4 3 4 4 4 5 7
88183 5 5 3 4 5 4 4 3 5 7
104567 6 3 3 5 5 5 4 2 4 8
59511 6 5 3 4 3 3 4 5 6 6
92279 5 5 4 3 5 3 4 4 6 6
108663 5 5 3 4 5 4 4 3 5 7
116855 6 4 3 4 5 4 4 3 5 7
4023 7 6 6 5 4 4 4 3 3 3
6071 6 6 6 5 5 3 4 4 3 3
10167 6 5 6 5 5 4 3 5 4 2
18359 6 5 5 5 5 4 5 4 4 2
34743 6 5 5 4 5 5 5 5 2 3
7095 6 5 6 6 4 3 5 3 3 4
11191 5 6 5 6 4 4 4 4 4 3
19383 5 5 6 5 4 4 6 3 4 3
35767 5 5 5 6 3 5 6 4 2 4
68535 5 5 5 5 5 4 6 3 4 3
13239 6 4 5 6 5 3 4 5 4 3
21431 5 5 5 5 5 3 6 4 4 3
37815 5 4 6 5 4 4 6 5 2 4
70583 5 4 5 6 5 3 6 4 4 3
25527 6 4 4 5 5 4 5 5 5 2
41911 5 5 4 5 4 5 5 6 3 3
74679 5 4 5 5 5 4 5 5 5 2
140215 5 4 4 7 5 4 3 6 5 2
50103 6 4 4 4 4 5 7 5 3 3
82871 5 5 4 4 5 4 7 4 5 2
7607 6 5 6 5 4 4 4 3 3 5
11703 5 5 7 4 4 5 3 4 4 4
19895 5 4 7 5 3 5 5 3 4 4
36279 5 4 6 5 4 5 5 4 2 5
69047 5 4 6 4 5 6 4 3 4 4
13751 5 5 6 4 5 4 3 5 4 4
21943 4 6 5 5 4 4 5 4 4 4
38327 4 5 6 4 5 4 5 5 2 5
71095 4 5 5 5 5 5 4 4 4 4
26039 5 4 6 4 4 5 4 5 5 3
42423 4 5 6 3 5 5 4 6 3 4
75191 4 4 7 3 5 6 3 5 5 3
140727 4 4 6 5 5 5 3 5 5 3
50615 5 4 5 4 4 5 6 5 3 4
83383 4 5 5 4 4 6 5 4 5 3
148919 4 4 6 5 4 5 5 4 5 3
14775 6 4 5 5 4 4 4 4 4 5
22967 5 4 6 5 3 4 6 3 4 5
39351 5 3 6 6 3 4 6 4 2 6
72119 5 3 5 6 5 4 5 3 4 5
27063 5 4 6 4 3 5 5 4 5 4
43447 4 5 5 5 3 5 5 5 3 5
76215 4 4 6 4 5 5 4 4 5 4
141751 4 4 5 6 4 6 3 4 5 4
51639 5 3 6 5 2 5 7 4 3 5
84407 4 4 6 4 4 5 6 3 5 4
149943 4 3 7 5 3 6 5 3 5 4
100791 5 3 5 5 4 5 6 4 3 5
29111 6 4 4 4 4 4 5 5 5 4
45495 5 4 5 4 4 4 5 6 3 5
78263 5 3 5 5 5 4 4 5 5 4
143799 5 3 4 6 6 4 3 5 5 4
53687 5 4 5 4 3 4 7 5 3 5
86455 4 5 4 5 4 4 6 4 5 4
151991 4 4 5 5 5 4 5 4 5 4
102839 5 3 5 5 4 4 6 5 3 5
168375 4 4 5 5 5 4 5 5 3 5
57783 6 4 4 3 3 5 6 6 4 4
90551 5 4 5 3 4 5 5 5 6 3
106935 5 4 5 3 4 5 5 6 4 4
7863 6 6 5 4 5 3 4 3 4 5
11959 5 6 5 5 4 4 3 4 5 4
20151 5 5 5 5 5 3 5 3 5 4
36535 5 5 4 5 5 5 4 4 3 5
69303 5 5 4 4 6 5 5 2 5 4
14007 5 5 6 4 5 3 3 5 5 4
22199 4 6 5 4 6 2 5 4 5 4
38583 4 5 6 3 6 4 4 5 3 5
71351 4 5 5 4 6 4 5 3 5 4
26295 5 4 5 5 5 3 4 5 6 3
42679 4 5 5 4 5 5 3 6 4 4
75447 4 4 6 4 5 5 4 4 6 3
140983 4 4 5 6 5 4 3 6 5 3
50871 5 4 4 4 6 4 5 5 4 4
83639 4 5 4 4 6 4 6 3 6 3
149175 4 4 5 5 6 3 5 5 5 3
100023 5 4 4 3 6 6 5 4 4 4
15031 5 6 4 5 4 3 4 4 5 5
23223 4 6 5 4 5 2 6 3 5 5
39607 4 5 5 5 4 4 5 4 3 6
72375 4 5 4 5 6 3 6 2 5 5
27319 4 6 4 5 4 3 5 4 6 4
43703 3 7 3 6 3 5 4 5 4 5
76471 3 6 4 5 5 4 5 3 6 4
142007 3 6 3 7 4 5 3 5 5 4
51895 4 5 4 5 4 4 6 4 4 5
84663 3 6 4 4 6 3 7 2 6 4
150199 3 5 5 5 5 4 5 4 5 4
101047 4 5 3 5 5 5 6 3 4 5
166583 3 6 3 6 4 6 4 5 3 5
29367 5 5 4 4 5 2 5 5 6 4
45751 4 5 5 4 4 4 4 6 4 5
78519 4 4 5 5 5 3 5 4 6 4
144055 4 4 4 6 6 3 3 6 5 4
53943 4 5 5 3 5 3 6 5 4 5
86711 3 6 4 4 6 2 7 3 6 4
152247 3 5 5 4 7 2 5 5 5 4
103095 4 4 5 4 5 4 6 4 4 5
168631 3 5 5 4 6 4 4 6 3 5
299703 3 4 7 4 5 4 5 5 3 5
58039 5 5 3 4 4 4 5 6 5 4
90807 4 5 4 4 5 3 6 4 7 3
156343 4 4 4 6 5 3 4 6 6 3
107191 4 5 4 4 4 5 5 5 5 4
172727 3 6 3 6 4 5 3 7 4 4
15543 6 5 5 3 4 4 3 4 5 6
23735 5 5 5 4 4 3 5 3 5 6
40119 5 4 5 4 5 4 4 4 3 7
72887 5 4 4 4 6 5 4 2 5 6
27831 5 4 6 4 3 4 4 4 6 5
44215 4 5 5 4 4 5 3 5 4 6
76983 4 4 6 3 5 6 3 3 6 5
142519 4 4 5 5 4 6 3 4 5 5
52407 5 3 5 5 4 4 5 4 4 6
85175 4 4 5 4 5 5 5 2 6 5
150711 4 3 6 5 4 5 5 3 5 5
101559 5 3 4 4 6 6 4 3 4 6
167095 4 4 4 5 5 6 4 4 3 6
29879 5 5 5 3 4 3 4 5 6 5
46263 4 5 6 2 5 4 3 6 4 6
79031 4 4 6 3 5 5 3 4 6 5
144567 4 4 5 4 6 4 3 5 5 5
54455 4 5 5 3 5 3 5 5 4 6
87223 3 6 4 4 5 4 5 3 6 5
152759 3 5 5 4 6 3 5 4 5 5
103607 4 4 5 3 6 5 4 4 4 6
169143 3 5 5 3 7 4 4 5 3 6
300215 3 4 7 3 6 4 4 6 2 6
58551 5 4 5 3 4 4 4 6 5 5
91319 4 4 6 3 4 5 4 4 7 4
156855 4 3 6 5 4 4 4 5 6 4
107703 4 4 6 2 5 6 3 5 5 5
173239 3 5 5 4 5 5 3 6 4 5
304311 3 4 7 3 6 4 3 7 3 5
206007 4 3 6 4 5 6 3 4 6 4
115895 5 4 4 3 5 5 5 4 5 5
30903 6 5 4 3 3 3 5 4 6 6
47287 5 5 4 4 3 4 4 5 4 7
80055 5 4 4 4 5 4 4 3 6 6
145591 5 4 3 5 5 5 3 4 5 6
55479 5 4 5 4 3 3 6 4 4 7
88247 4 5 4 4 5 3 6 2 6 6
153783 4 4 5 4 5 4 5 3 5 6
104631 5 3 4 5 5 4 5 3 4 7
170167 4 4 4 5 5 5 4 4 3 7
59575 5 5 4 4 2 4 5 5 5 6
92343 4 5 5 3 4 4 5 3 7 5
157879 4 4 5 5 3 5 4 4 6 5
108727 4 5 4 4 4 5 4 4 5 6
174263 3 6 3 6 3 6 3 5 4 6
116919 5 4 4 4 4 4 6 3 5 6
182455 4 4 5 5 3 5 5 4 4 6
61623 6 5 4 2 3 3 5 6 5 6
7991 7 5 5 5 3 3 4 4 4 5
12087 6 5 5 5 4 3 3 5 5 4
20279 6 4 5 5 4 4 4 4 5 4
36663 6 4 4 5 4 5 5 4 3 5
69431 6 4 4 4 5 5 5 4 4 4
14135 6 4 5 6 4 2 3 6 5 4
22327 5 5 4 6 4 3 4 5 5 4
38711 5 4 5 5 4 4 5 5 3 5
71479 5 4 4 6 4 4 5 5 4 4
26423 6 3 4 6 5 3 3 6 6 3
42807 5 4 4 5 5 4 4 6 4 4
75575 5 3 5 5 5 4 4 6 5 3
141111 5 3 4 7 5 3 3 7 6 2
50999 6 3 3 5 5 5 5 5 4 4
83767 5 4 3 5 5 5 5 5 5 3
149303 5 3 4 6 5 4 4 6 6 2
100151 6 3 3 4 5 6 6 5 3 4
15159 6 4 5 6 3 2 4 5 5 5
23351 5 4 6 5 3 3 5 4 5 5
39735 5 3 6 6 2 4 6 4 3 6
72503 5 3 5 6 4 3 6 4 4 5
27447 5 4 5 5 4 3 4 5 6 4
43831 4 5 4 6 3 4 5 5 4 5
76599 4 4 5 5 5 3 5 5 5 4
142135 4 4 4 7 4 4 3 6 6 3
52023 5 3 5 5 3 5 6 4 4 5
84791 4 4 5 4 5 4 6 4 5 4
150327 4 3 6 5 4 5 4 5 6 3
101175 5 3 4 5 4 5 7 4 3 5
166711 4 4 4 6 3 6 5 5 4 4
29495 6 3 4 6 4 2 4 6 6 4
45879 5 3 5 6 3 3 5 6 4 5
78647 5 2 5 7 4 2 5 6 5 4
144183 5 2 4 8 5 2 3 7 6 3
54071 5 3 5 5 3 4 6 5 4 5
86839 4 4 4 6 4 3 6 5 5 4
152375 4 3 5 6 5 3 4 6 6 3
103223 5 2 5 6 3 4 7 5 3 5
168759 4 3 5 6 4 4 5 6 4 4
299831 4 2 7 6 3 4 6 5 3 5
58167 6 3 3 5 4 4 5 6 5 4
90935 5 3 4 5 5 3 5 6 6 3
156471 5 2 4 7 5 3 3 7 7 2
107319 5 3 4 5 4 4 6 6 4 4
172855 4 4 3 7 4 4 4 7 5 3
205623 5 2 4 7 5 3 4 7 6 2
15671 6 5 5 4 3 3 3 5 5 6
23863 5 5 5 5 2 4 4 4 5 6
40247 5 4 5 5 3 4 5 4 3 7
73015 5 4 4 5 4 5 4 4 4 6
27959 5 4 6 4 3 4 3 5 6 5
44343 4 5 5 4 4 4 4 5 4 6
77111 4 4 6 3 5 5 3 5 5 5
142647 4 4 5 5 4 5 3 5 6 4
52535 5 3 5 5 3 5 5 4 4 6
85303 4 4 5 4 4 6 4 4 5 5
150839 4 3 6 5 3 6 4 4 6 4
101687 5 3 4 4 5 6 5 4 3 6
167223 4 4 4 5 4 6 5 4 4 5
30007 5 5 4 5 3 3 3 6 6 5
46391 4 5 5 4 4 3 4 6 4 6
79159 4 4 5 5 4 4 3 6 5 5
144695 4 4 4 6 5 3 3 6 6 4
54583 4 5 4 5 3 4 5 5 4 6
87351 3 6 3 6 3 5 4 5 5 5
152887 3 5 4 6 4 4 4 5 6 4
103735 4 4 4 5 4 5 5 5 3 6
169271 3 5 4 5 5 4 5 5 4 5
300343 3 4 6 5 4 4 5 6 2 6
58679 5 4 4 4 4 4 4 6 5 5
91447 4 4 5 4 4 5 3 6 6 4
156983 4 3 5 6 4 4 3 6 7 3
107831 4 4 5 3 5 5 4 6 4 5
173367 3 5 4 5 5 4 4 6 5 4
304439 3 4 6 4 6 3 4 7 3 5
206135 4 3 5 5 5 5 3 6 6 3
116023 5 4 3 4 4 6 5 5 4 5
31031 6 4 5 4 2 3 4 5 6 6
47415 5 4 5 5 2 3 5 5 4 7
80183 5 3 5 5 4 3 4 5 5 6
145719 5 3 4 6 4 4 3 5 6 5
55607 5 3 6 5 1 4 6 4 4 7
88375 4 4 5 5 3 4 5 4 5 6
153911 4 3 6 5 3 5 4 4 6 5
104759 5 2 5 6 3 4 6 4 3 7
170295 4 3 5 6 3 5 5 4 4 6
301367 4 2 7 6 2 4 7 4 2 7
203063 5 2 4 6 5 5 4 4 5 5
59703 5 4 5 4 2 4 5 5 5 6
92471 4 4 6 3 4 4 4 5 6 5
158007 4 3 6 5 3 5 3 5 7 4
108855 4 4 5 4 4 4 5 5 4 6
174391 3 5 4 6 3 5 4 5 5 5
305463 3 4 6 5 4 3 6 5 3 6
207159 4 3 5 5 5 5 3 5 6 4
117047 5 3 5 4 3 5 6 4 4 6
182583 4 3 6 5 2 6 5 4 5 5
215351 4 3 6 4 4 6 4 4 6 4
61751 6 4 4 4 2 3 5 6 5 6
94519 5 4 4 5 3 3 4 6 6 5
110903 5 3 5 5 3 3 5 6 4 6
119095 5 4 4 5 2 4 6 5 4 6
15927 7 5 4 4 3 2 3 5 6 6
24119 6 5 4 4 4 2 4 4 6 6
40503 6 4 4 4 4 4 4 4 4 7
73271 6 4 3 4 5 4 5 3 5 6
28215 6 4 4 5 4 2 3 5 7 5
44599 5 5 3 5 4 4 3 5 5 6
77367 5 4 4 4 5 4 4 4 6 5
142903 5 4 3 6 4 4 3 6 6 4
52791 6 3 3 5 5 4 4 4 5 6
85559 5 4 3 4 6 4 5 3 6 5
151095 5 3 4 5 5 4 4 5 6 4
101943 6 3 2 4 6 6 5 3 4 6
167479 5 4 2 5 5 6 4 5 4 5
30263 6 4 4 5 4 1 3 6 7 5
46647 5 4 5 4 4 3 3 6 5 6
79415 5 3 5 5 4 3 4 5 6 5
144951 5 3 4 6 5 2 3 7 6 4
54839 5 4 4 4 5 3 4 5 5 6
87607 4 5 3 5 5 3 5 4 6 5
153143 4 4 4 5 6 2 4 6 6 4
103991 5 3 4 4 5 5 5 4 4 6
169527 4 4 4 4 6 4 4 6 4 5
58935 6 3 3 5 5 3 3 6 6 5
91703 5 3 4 5 5 3 4 5 7 4
157239 5 2 4 7 5 2 3 7 7 3
108087 5 3 4 4 5 5 4 5 5 5
173623 4 4 3 6 5 4 3 7 5 4
206391 5 2 4 6 5 4 4 6 6 3
116279 6 3 2 4 6 5 5 4 5 5
181815 5 3 3 5 6 4 4 6 5 4
31287 6 5 4 4 3 1 4 5 7 6
47671 5 5 4 5 2 3 4 5 5 7
80439 5 4 4 5 4 2 5 4 6 6
145975 5 4 3 6 4 3 3 6 6 5
55863 5 4 5 4 3 3 5 4 5 7
88631 4 5 4 4 5 2 6 3 6 6
154167 4 4 5 4 5 3 4 5 6 5
105015 5 3 4 5 4 4 6 3 4 7
170551 4 4 4 5 4 5 4 5 4 6
203319 5 3 3 5 6 4 5 4 5 5
59959 5 5 3 5 3 3 4 5 6 6
92727 4 5 4 4 5 2 5 4 7 5
158263 4 4 4 6 4 3 3 6 7 4
109111 4 5 3 5 4 4 5 4 5 6
174647 3 6 2 7 3 5 3 6 5 5
207415 4 4 3 6 5 4 4 5 6 4
117303 5 4 3 4 5 4 6 3 5 6
182839 4 4 4 5 4 5 4 5 5 5
215607 4 4 4 4 6 4 5 4 6 4
62007 6 4 4 4 3 2 4 6 6 6
94775 5 4 4 5 4 1 5 5 7 5
160311 5 3 4 6 5 1 3 7 7 4
111159 5 3 5 5 3 3 5 5 5 6
176695 4 4 4 6 4 3 3 7 5 5
209463 5 2 4 7 5 2 4 6 6 4
119351 5 4 4 4 4 3 6 4 5 6
184887 4 4 5 4 5 3 4 6 5 5
217655 4 4 4 5 6 2 5 5 6 4
123447 6 4 3 4 4 3 5 5 6 5
31799 7 5 4 3 2 2 3 5 7 7
48183 6 5 4 3 3 3 3 5 5 8
80951 6 4 4 3 4 4 3 4 6 7
56375 6 4 4 4 3 3 4 4 5 8
89143 5 5 3 4 4 4 4 3 6 7
105527 6 3 3 4 5 5 4 3 4 8
60471 6 4 4 4 3 3 3 5 6 7
93239 5 4 5 3 4 4 3 4 7 6
109623 5 4 4 3 5 5 3 4 5 7
62519 6 5 4 3 3 2 3 6 6 7
95287 5 5 4 4 3 3 3 5 7 6
111671 5 4 5 3 4 4 3 5 5 7
4055 7 7 5 5 4 4 4 3 3 3
6103 6 7 5 5 4 5 3 4 3 3
10199 6 6 5 5 4 5 4 4 4 2
18391 6 6 4 5 4 5 5 5 3 2
34775 6 6 4 4 4 6 5 5 3 2
7127 6 6 5 5 5 4 4 3 3 4
11223 5 7 4 5 5 4 5 3 4 3
19415 5 6 5 4 5 4 6 4 3 3
35799 5 6 4 5 4 5 6 4 3 3
68567 5 6 4 4 6 4 6 3 4 3
13271 6 5 4 5 5 5 4 4 4 3
21463 5 6 4 4 5 5 5 5 3 3
37847 5 5 5 4 4 6 5 5 3 3
70615 5 5 4 5 5 5 5 4 4 3
25559 6 5 3 4 5 5 6 5 4 2
41943 5 6 3 4 4 6 6 5 4 2
74711 5 5 4 4 5 5 6 4 5 2
140247 5 5 3 6 5 5 4 5 4 3
50135 6 5 3 3 4 6 7 6 3 2
82903 5 6 3 3 5 5 7 5 4 2
7639 6 6 4 6 4 5 3 3 3 5
11735 5 6 5 5 4 5 4 3 4 4
19927 5 5 5 6 3 5 5 4 3 4
36311 5 5 4 6 4 5 5 4 3 4
69079 5 5 4 5 5 6 4 3 4 4
13783 5 6 4 5 4 6 3 4 4 4
21975 4 7 3 6 3 6 4 5 3 4
38359 4 6 4 5 4 6 4 5 3 4
71127 4 6 3 6 4 7 3 4 4 4
26071 5 5 4 5 3 6 5 5 4 3
42455 4 6 4 4 4 6 5 5 4 3
75223 4 5 5 4 4 7 4 4 5 3
140759 4 5 4 6 4 6 4 4 4 4
50647 5 5 3 5 3 6 6 6 3 3
83415 4 6 3 5 3 7 5 5 4 3
148951 4 5 4 6 3 6 5 5 3 4
14807 6 5 3 5 5 5 4 3 4 5
22999 5 5 4 5 4 5 5 4 3 5
39383 5 4 4 6 4 5 5 4 3 5
72151 5 4 3 6 6 5 4 3 4 5
27095 5 5 4 4 4 5 6 4 4 4
43479 4 6 3 5 4 5 6 4 4 4
76247 4 5 4 4 6 5 5 3 5 4
141783 4 5 3 6 5 6 4 3 4 5
51671 5 4 4 5 3 5 7 5 3 4
84439 4 5 4 4 5 5 6 4 4 4
149975 4 4 5 5 4 6 5 4 3 5
100823 5 4 3 5 5 5 6 4 4 4
29143 6 5 2 4 4 6 5 5 4 4
45527 5 5 3 4 4 6 5 5 4 4
78295 5 4 3 5 5 6 4 4 5 4
143831 5 4 2 6 6 6 3 4 4 5
53719 5 5 3 4 3 6 6 6 3 4
86487 4 6 2 5 4 6 5 5 4 4
152023 4 5 3 5 5 6 4 5 3 5
102871 5 4 3 5 4 6 5 5 4 4
168407 4 5 3 5 5 6 4 5 3 5
57815 6 5 2 3 3 6 7 6 4 3
90583 5 5 3 3 4 6 6 5 5 3
106967 5 5 3 3 4 6 6 5 5 3
7895 6 6 5 4 5 4 3 3 4 5
11991 5 6 5 5 4 4 4 3 5 4
20183 5 5 5 5 5 3 5 4 4 4
36567 5 5 4 5 5 5 4 4 4 4
69335 5 5 4 4 6 5 5 2 5 4
14039 5 5 6 4 4 5 3 4 5 4
22231 4 6 5 4 5 4 4 5 4 4
38615 4 5 6 3 5 6 3 5 4 4
71383 4 5 5 4 5 6 4 3 5 4
26327 5 4 5 5 4 4 5 5 5 3
42711 4 5 5 4 4 6 4 5 5 3
75479 4 4 6 4 4 6 5 3 6 3
141015 4 4 5 6 4 5 4 5 4 4
50903 5 4 4 4 5 5 5 6 4 3
83671 4 5 4 4 5 5 6 4 5 3
149207 4 4 5 5 5 4 5 6 3 4
100055 5 4 4 3 5 7 5 4 5 3
15063 5 6 4 4 5 4 4 3 5 5
23255 4 6 5 3 6 3 5 4 4 5
39639 4 5 5 4 5 5 4 4 4 5
72407 4 5 4 4 7 4 5 2 5 5
27351 4 6 4 4 5 3 6 4 5 4
43735 3 7 3 5 4 5 5 4 5 4
76503 3 6 4 4 6 4 6 2 6 4
142039 3 6 3 6 5 5 4 4 4 5
51927 4 5 4 4 5 4 6 5 4 4
84695 3 6 4 3 7 3 7 3 5 4
150231 3 5 5 4 6 4 5 5 3 5
101079 4 5 3 4 6 5 6 3 5 4
166615 3 6 3 5 5 6 4 5 3 5
29399 5 5 4 3 5 4 5 5 5 4
45783 4 5 5 3 4 6 4 5 5 4
78551 4 4 5 4 5 5 5 3 6 4
144087 4 4 4 5 6 5 3 5 4 5
53975 4 5 5 2 5 5 5 6 4 4
86743 3 6 4 3 6 4 6 4 5 4
152279 3 5 5 3 7 4 4 6 3 5
103127 4 4 5 3 5 6 5 4 5 4
168663 3 5 5 3 6 6 3 6 3 5
299735 3 4 7 3 5 6 4 4 5 4
58071 5 5 3 3 4 5 6 6 5 3
90839 4 5 4 3 5 4 7 4 6 3
156375 4 4 4 5 5 4 5 6 4 4
107223 4 5 4 3 4 6 6 4 6 3
172759 3 6 3 5 4 6 4 6 4 4
15575 6 5 4 4 4 5 3 3 5 6
23767 5 5 4 5 4 4 4 4 4 6
40151 5 4 4 5 5 5 3 4 4 6
72919 5 4 3 5 6 6 3 2 5 6
27863 5 4 5 5 3 4 5 4 5 5
44247 4 5 4 5 4 5 4 4 5 5
77015 4 4 5 4 5 6 4 2 6 5
142551 4 4 4 6 4 6 4 3 4 6
52439 5 3 4 6 4 4 5 5 4 5
85207 4 4 4 5 5 5 5 3 5 5
150743 4 3 5 6 4 5 5 4 3 6
101591 5 3 3 5 6 6 4 3 5 5
167127 4 4 3 6 5 6 4 4 3 6
29911 5 5 4 4 3 5 4 5 5 5
46295 4 5 5 3 4 6 3 5 5 5
79063 4 4 5 4 4 7 3 3 6 5
144599 4 4 4 5 5 6 3 4 4 6
54487 4 5 4 4 4 5 4 6 4 5
87255 3 6 3 5 4 6 4 4 5 5
152791 3 5 4 5 5 5 4 5 3 6
103639 4 4 4 4 5 7 3 4 5 5
169175 3 5 4 4 6 6 3 5 3 6
300247 3 4 6 4 5 6 3 5 4 5
58583 5 4 4 4 3 5 5 6 5 4
91351 4 4 5 4 3 6 5 4 6 4
156887 4 3 5 6 3 5 5 5 4 5
107735 4 4 5 3 4 7 4 4 6 4
173271 3 5 4 5 4 6 4 5 4 5
304343 3 4 6 4 5 5 4 5 5 4
206039 4 3 5 5 4 7 4 3 5 5
115927 5 4 3 4 4 6 5 5 5 4
30935 6 5 3 3 4 4 5 4 5 6
47319 5 5 3 4 4 5 4 4 5 6
80087 5 4 3 4 6 5 4 2 6 6
145623 5 4 2 5 6 6 3 3 4 7
55511 5 4 4 4 4 4 5 5 4 6
88279 4 5 3 4 6 4 5 3 5 6
153815 4 4 4 4 6 5 4 4 3 7
104663 5 3 3 5 6 5 4 3 5 6
170199 4 4 3 5 6 6 3 4 3 7
202967 5 3 2 5 8 6 3 2 4 7
59607 5 5 3 4 3 4 6 5 5 5
92375 4 5 4 3 5 4 6 3 6 5
157911 4 4 4 5 4 5 5 4 4 6
108759 4 5 3 4 5 5 5 3 6 5
174295 3 6 2 6 4 6 4 4 4 6
207063 4 4 3 5 6 6 4 2 5 6
116951 5 4 3 4 5 4 6 4 5 5
182487 4 4 4 5 4 5 5 5 3 6
215255 4 4 4 4 6 5 5 3 4 6
61655 6 5 3 2 3 5 5 6 5 5
94423 5 5 3 3 4 5 5 4 6 5
8023 6 7 4 5 3 4 3 4 4 5
12119 5 7 4 5 4 3 4 4 5 4
20311 5 6 4 5 4 4 4 5 4 4
36695 5 6 3 5 4 5 5 4 4 4
69463 5 6 3 4 5 5 5 4 4 4
14167 5 6 4 6 3 4 3 5 5 4
22359 4 7 3 6 3 5 3 6 4 4
38743 4 6 4 5 3 6 4 5 4 4
71511 4 6 3 6 3 6 4 5 4 4
26455 5 5 3 6 4 4 4 6 5 3
42839 4 6 3 5 4 5 5 5 5 3
75607 4 5 4 5 4 5 5 5 5 3
141143 4 5 3 7 4 4 4 6 5 3
51031 5 5 2 5 4 6 5 6 4 3
83799 4 6 2 5 4 6 5 6 4 3
149335 4 5 3 6 4 5 4 7 4 3
100183 5 5 2 4 4 7 6 5 4 3
15191 5 6 4 5 4 3 4 4 5 5
23383 4 6 5 4 4 4 4 5 4 5
39767 4 5 5 5 3 5 5 4 4 5
72535 4 5 4 5 5 4 5 4 4 5
27479 4 6 4 4 5 3 5 5 5 4
43863 3 7 3 5 4 4 6 4 5 4
76631 3 6 4 4 6 3 6 4 5 4
142167 3 6 3 6 5 4 4 5 5 4
52055 4 5 4 4 4 5 6 5 4 4
84823 3 6 4 3 6 4 6 5 4 4
150359 3 5 5 4 5 5 4 6 4 4
101207 4 5 3 4 5 5 7 4 4 4
166743 3 6 3 5 4 6 5 5 4 4
29527 5 5 3 5 4 4 4 6 5 4
45911 4 5 4 5 3 5 5 5 5 4
78679 4 4 4 6 4 4 5 5 5 4
144215 4 4 3 7 5 4 3 6 5 4
54103 4 5 4 4 3 6 5 6 4 4
86871 3 6 3 5 4 5 5 6 4 4
152407 3 5 4 5 5 5 3 7 4 4
103255 4 4 4 5 3 6 6 5 4 4
168791 3 5 4 5 4 6 4 6 4 4
299863 3 4 6 5 3 6 5 4 5 4
58199 5 5 2 4 4 5 6 6 5 3
90967 4 5 3 4 5 4 6 6 5 3
156503 4 4 3 6 5 4 4 7 5 3
107351 4 5 3 4 4 5 7 5 5 3
172887 3 6 2 6 4 5 5 6 5 3
205655 4 4 3 6 5 4 5 6 5 3
15703 5 7 3 5 3 4 3 4 5 6
23895 4 7 3 6 2 5 3 5 4 6
40279 4 6 3 6 3 5 4 4 4 6
73047 4 6 2 6 4 6 3 4 4 6
27991 4 6 4 5 3 4 4 5 5 5
44375 3 7 3 5 4 4 5 4 5 5
77143 3 6 4 4 5 5 4 4 5 5
142679 3 6 3 6 4 5 4 4 5 5
52567 4 5 3 6 3 5 5 5 4 5
85335 3 6 3 5 4 6 4 5 4 5
150871 3 5 4 6 3 6 4 5 4 5
101719 4 5 2 5 5 6 5 4 4 5
167255 3 6 2 6 4 6 5 4 4 5
30039 4 7 2 6 2 5 3 6 5 5
46423 3 7 3 5 3 5 4 5 5 5
79191 3 6 3 6 3 6 3 5 5 5
144727 3 6 2 7 4 5 3 5 5 5
54615 3 7 2 6 2 6 4 6 4 5
87383 2 8 1 7 2 7 3 6 4 5
152919 2 7 2 7 3 6 3 6 4 5
103767 3 6 2 6 3 7 4 5 4 5
169303 2 7 2 6 4 6 4 5 4 5
300375 2 6 4 6 3 6 4 5 4 5
58711 4 6 2 5 3 5 5 6 5 4
91479 3 6 3 5 3 6 4 6 5 4
157015 3 5 3 7 3 5 4 6 5 4
107863 3 6 3 4 4 6 5 5 5 4
173399 2 7 2 6 4 5 5 5 5 4
304471 2 6 4 5 5 4 5 5 5 4
206167 3 5 3 6 4 6 4 5 5 4
116055 4 6 1 5 3 7 5 6 4 4
31063 5 6 3 4 3 4 4 5 5 6
47447 4 6 3 5 3 4 5 4 5 6
80215 4 5 3 5 5 4 4 4 5 6
145751 4 5 2 6 5 5 3 4 5 6
55639 4 5 4 5 2 5 5 5 4 6
88407 3 6 3 5 4 5 4 5 4 6
153943 3 5 4 5 4 6 3 5 4 6
104791 4 4 3 6 4 5 5 4 4 6
170327 3 5 3 6 4 6 4 4 4 6
301399 3 4 5 6 3 5 6 3 4 6
203095 4 4 2 6 6 6 3 4 4 6
59735 4 6 3 4 3 4 6 5 5 5
92503 3 6 4 3 5 4 5 5 5 5
158039 3 5 4 5 4 5 4 5 5 5
108887 3 6 3 4 5 4 6 4 5 5
174423 2 7 2 6 4 5 5 4 5 5
305495 2 6 4 5 5 3 7 3 5 5
207191 3 5 3 5 6 5 4 4 5 5
338263 2 6 4 4 7 3 6 3 5 5
117079 4 5 3 4 4 5 6 5 4 5
182615 3 5 4 5 3 6 5 5 4 5
215383 3 5 4 4 5 6 4 5 4 5
61783 5 6 2 4 2 5 5 6 5 5
94551 4 6 2 5 3 5 4 6 5 5
160087 4 5 2 6 4 5 3 6 5 5
110935 4 5 3 5 3 5 5 5 5 5
119127 4 6 2 5 2 6 5 6 4 5
15959 6 6 4 4 3 3 3 4 6 6
24151 5 6 4 4 4 3 3 5 5 6
40535 5 5 4 4 4 5 3 4 5 6
73303 5 5 3 4 5 5 4 3 5 6
28247 5 5 4 5 4 2 4 5 6 5
44631 4 6 3 5 4 4 4 4 6 5
77399 4 5 4 4 5 4 5 3 6 5
142935 4 5 3 6 4 4 4 5 5 5
52823 5 4 3 5 5 4 4 5 5 5
85591 4 5 3 4 6 4 5 4 5 5
151127 4 4 4 5 5 4 4 6 4 5
101975 5 4 2 4 6 6 5 3 5 5
167511 4 5 2 5 5 6 4 5 4 5
30295 5 5 4 5 3 3 3 6 6 5
46679 4 5 5 4 3 5 3 5 6 5
79447 4 4 5 5 3 5 4 4 6 5
144983 4 4 4 6 4 4 3 6 5 5
54871 4 5 4 4 4 5 3 6 5 5
87639 3 6 3 5 4 5 4 5 5 5
153175 3 5 4 5 5 4 3 7 4 5
104023 4 4 4 4 4 7 4 4 5 5
169559 3 5 4 4 5 6 3 6 4 5
300631 3 4 6 4 4 6 3 5 6 4
58967 5 4 3 5 4 4 4 6 6 4
91735 4 4 4 5 4 4 5 5 6 4
157271 4 3 4 7 4 3 4 7 5 4
108119 4 4 4 4 4 6 5 4 6 4
173655 3 5 3 6 4 5 4 6 5 4
304727 3 4 5 5 5 4 4 5 7 3
206423 4 3 4 6 4 5 5 5 5 4
116311 5 4 2 4 5 6 5 5 5 4
181847 4 4 3 5 5 5 4 7 4 4
31319 5 6 4 3 4 2 4 5 6 6
47703 4 6 4 4 3 4 4 4 6 6
80471 4 5 4 4 5 3 5 3 6 6
146007 4 5 3 5 5 4 3 5 5 6
55895 4 5 5 3 4 4 4 5 5 6
88663 3 6 4 3 6 3 5 4 5 6
154199 3 5 5 3 6 4 3 6 4 6
105047 4 4 4 4 5 5 5 3 5 6
170583 3 5 4 4 5 6 3 5 4 6
301655 3 4 6 4 4 5 5 3 6 5
203351 4 4 3 4 7 5 4 4 4 6
59991 4 6 3 4 4 3 5 5 6 5
92759 3 6 4 3 6 2 6 4 6 5
158295 3 5 4 5 5 3 4 6 5 5
109143 3 6 3 4 5 4 6 3 6 5
174679 2 7 2 6 4 5 4 5 5 5
305751 2 6 4 5 5 3 6 3 7 4
207447 3 5 3 5 6 4 5 4 5 5
338519 2 6 4 4 7 2 7 2 7 4
117335 4 5 3 3 6 4 6 4 5 5
182871 3 5 4 4 5 5 4 6 4 5
313943 3 4 5 5 5 3 6 4 6 4
215639 3 5 4 3 7 4 5 5 4 5
62039 5 5 4 3 3 4 4 6 6 5
94807 4 5 4 4 4 3 5 5 6 5
160343 4 4 4 5 5 3 3 7 5 5
111191 4 4 5 4 3 5 5 4 6 5
176727 3 5 4 5 4 5 3 6 5 5
209495 4 3 4 6 5 4 4 5 5 5
119383 4 5 4 3 4 5 5 5 5 5
184919 3 5 5 3 5 5 3 7 4 5
217687 3 5 4 4 6 4 4 6 4 5
234071 4 4 4 4 5 6 4 5 4 5
123479 5 5 3 3 4 4 6 5 6 4
31831 6 6 3 4 2 3 3 5 6 7
48215 5 6 3 4 3 4 3 4 6 7
80983 5 5 3 4 4 5 3 3 6 7
146519 5 5 2 5 4 5 3 4 5 7
56407 5 5 3 5 3 4 3 5 5 7
89175 4 6 2 5 4 5 3 4 5 7
154711 4 5 3 5 4 5 3 5 4 7
105559 5 4 2 5 5 6 3 3 5 7
171095 4 5 2 5 5 6 3 4 4 7
60503 5 5 3 5 3 3 4 5 6 6
93271 4 5 4 4 4 4 4 4 6 6
158807 4 4 4 6 3 4 4 5 5 6
109655 4 5 3 4 5 5 4 3 6 6
175191 3 6 2 6 4 5 4 4 5 6
117847 5 4 2 5 5 5 4 4 5 6
62551 5 6 3 4 2 4 3 6 6 6
95319 4 6 3 5 2 5 3 5 6 6
160855 4 5 3 6 3 4 3 6 5 6
111703 4 5 4 4 3 6 3 4 6 6
177239 3 6 3 5 4 5 3 5 5 6
119895 4 6 2 5 3 6 3 5 5 6
123991 5 5 3 4 3 5 4 5 6 5
63575 6 6 3 3 2 3 4 5 6 7
8087 7 6 5 4 3 3 4 4 4 5
12183 6 6 5 4 3 4 4 4 5 4
20375 6 5 5 4 3 4 6 4 4 4
36759 6 5 4 4 3 5 6 5 3 4
69527 6 5 4 3 4 5 6 4 5 3
14231 6 5 5 4 4 4 3 5 5 4
22423 5 6 4 4 4 4 5 5 4 4
38807 5 5 5 3 4 5 5 6 3 4
71575 5 5 4 4 4 5 5 5 5 3
26519 6 4 4 4 4 5 5 5 5 3
42903 5 5 4 3 4 6 5 6 4 3
75671 5 4 5 3 4 6 5 5 6 2
141207 5 4 4 5 4 5 4 6 5 3
51095 6 4 3 3 4 6 7 6 3 3
83863 5 5 3 3 4 6 7 5 5 2
149399 5 4 4 4 4 5 6 6 4 3
100247 6 4 3 2 4 7 7 6 4 2
15255 6 5 4 5 4 3 4 4 5 5
23447 5 5 5 4 4 3 6 4 4 5
39831 5 4 5 5 3 4 6 5 3 5
72599 5 4 4 5 5 3 6 4 5 4
27543 5 5 4 4 4 4 6 4 5 4
43927 4 6 3 5 3 5 6 5 4 4
76695 4 5 4 4 5 4 6 4 6 3
142231 4 5 3 6 4 5 4 5 5 4
52119 5 4 4 4 3 5 8 5 3 4
84887 4 5 4 3 5 4 8 4 5 3
150423 4 4 5 4 4 5 6 5 4 4
101271 5 4 3 4 4 5 8 5 4 3
166807 4 5 3 5 3 6 6 6 3 4
29591 6 4 3 4 5 4 5 5 5 4
45975 5 4 4 4 4 5 5 6 4 4
78743 5 3 4 5 5 4 5 5 6 3
144279 5 3 3 6 6 4 3 6 5 4
54167 5 4 4 3 4 5 7 6 3 4
86935 4 5 3 4 5 4 7 5 5 3
152471 4 4 4 4 6 4 5 6 4 4
103319 5 3 4 4 4 5 7 6 4 3
168855 4 4 4 4 5 5 5 7 3 4
299927 4 3 6 4 4 5 6 5 3 5
58263 6 4 2 3 4 6 7 6 4 3
91031 5 4 3 3 5 5 7 5 6 2
156567 5 3 3 5 5 5 5 6 5 3
107415 5 4 3 3 4 6 7 6 5 2
172951 4 5 2 5 4 6 5 7 4 3
205719 5 3 3 5 5 5 5 6 6 2
115607 6 4 2 2 4 6 9 6 4 2
15767 6 5 5 4 3 4 3 4 5 6
23959 5 5 5 5 2 4 5 4 4 6
40343 5 4 5 5 3 4 5 5 3 6
73111 5 4 4 5 4 5 4 4 5 5
28055 5 4 6 4 2 5 5 4 5 5
44439 4 5 5 4 3 5 5 5 4 5
77207 4 4 6 3 4 6 4 4 6 4
142743 4 4 5 5 3 6 4 4 5 5
52631 5 3 5 5 2 5 7 5 3 5
85399 4 4 5 4 3 6 6 4 5 4
150935 4 3 6 5 2 6 6 4 4 5
101783 5 3 4 4 4 6 6 5 4 4
167319 4 4 4 5 3 6 6 5 3 5
30103 5 5 4 4 3 5 4 5 5 5
46487 4 5 5 3 4 5 4 6 4 5
79255 4 4 5 4 4 6 3 5 6 4
144791 4 4 4 5 5 5 3 5 5 5
54679 4 5 4 4 3 5 6 6 3 5
87447 3 6 3 5 3 6 5 5 5 4
152983 3 5 4 5 4 5 5 5 4 5
103831 4 4 4 4 4 6 5 6 4 4
169367 3 5 4 4 5 5 5 6 3 5
300439 3 4 6 4 4 5 5 6 2 6
58775 5 4 4 3 3 6 6 6 4 4
91543 4 4 5 3 3 7 5 5 6 3
157079 4 3 5 5 3 6 5 5 5 4
107927 4 4 5 2 4 7 5 6 5 3
173463 3 5 4 4 4 6 5 6 4 4
304535 3 4 6 3 5 5 5 6 3 5
206231 4 3 5 4 4 7 4 5 6 3
116119 5 4 3 3 3 7 7 6 4 3
181655 4 4 4 4 3 6 7 6 3 4
31127 6 4 4 4 3 4 5 4 5 6
47511 5 4 4 5 3 4 5 5 4 6
80279 5 3 4 5 5 4 4 4 6 5
145815 5 3 3 6 5 5 3 4 5 6
55703 5 3 5 5 2 4 7 5 3 6
88471 4 4 4 5 4 4 6 4 5 5
154007 4 3 5 5 4 5 5 4 4 6
104855 5 2 4 6 4 4 6 5 4 5
170391 4 3 4 6 4 5 5 5 3 6
301463 4 2 6 6 3 4 7 4 2 7
203159 5 2 3 6 6 5 4 4 5 5
59799 5 4 4 4 2 5 7 5 4 5
92567 4 4 5 3 4 5 6 4 6 4
158103 4 3 5 5 3 6 5 4 5 5
108951 4 4 4 4 4 5 6 5 5 4
174487 3 5 3 6 3 6 5 5 4 5
305559 3 4 5 5 4 4 7 4 3 6
207255 4 3 4 5 5 6 4 4 6 4
338327 3 4 5 4 6 4 6 3 5 5
117143 5 3 4 4 3 5 8 5 4 4
182679 4 3 5 5 2 6 7 5 3 5
313751 4 2 6 6 2 4 9 4 2 6
215447 4 3 5 4 4 6 6 4 5 4
61847 6 4 3 3 3 5 6 6 4 5
94615 5 4 3 4 4 5 5 5 6 4
160151 5 3 3 5 5 5 4 5 5 5
110999 5 3 4 4 4 5 5 6 5 4
176535 4 4 3 5 5 5 4 6 4 5
119191 5 4 3 4 3 5 7 6 4 4
184727 4 4 4 4 4 5 6 6 3 5
16023 6 6 5 3 3 3 3 4 6 6
24215 5 6 5 3 4 2 5 4 5 6
40599 5 5 5 3 4 4 4 5 4 6
73367 5 5 4 3 5 4 5 3 6 5
28311 5 5 5 4 3 3 5 4 6 5
44695 4 6 4 4 3 5 4 5 5 5
77463 4 5 5 3 4 5 5 3 7 4
142999 4 5 4 5 3 5 4 5 5 5
52887 5 4 4 4 4 4 6 5 4 5
85655 4 5 4 3 5 4 7 3 6 4
151191 4 4 5 4 4 4 6 5 4 5
102039 5 4 3 3 5 6 6 4 5 4
167575 4 5 3 4 4 6 5 6 3 5
30359 5 5 5 3 4 3 4 5 6 5
46743 4 5 6 2 4 5 3 6 5 5
79511 4 4 6 3 4 5 4 4 7 4
145047 4 4 5 4 5 4 3 6 5 5
54935 4 5 5 2 5 4 5 6 4 5
87703 3 6 4 3 5 4 6 4 6 4
153239 3 5 5 3 6 3 5 6 4 5
104087 4 4 5 2 5 6 5 5 5 4
169623 3 5 5 2 6 5 4 7 3 5
300695 3 4 7 2 5 5 4 6 4 5
59031 5 4 4 3 4 5 5 6 5 4
91799 4 4 5 3 4 5 6 4 7 3
157335 4 3 5 5 4 4 5 6 5 4
108183 4 4 5 2 4 7 5 5 6 3
173719 3 5 4 4 4 6 4 7 4 4
304791 3 4 6 3 5 5 4 6 5 4
206487 4 3 5 4 4 6 5 5 6 3
116375 5 4 3 2 5 6 7 5 5 3
181911 4 4 4 3 5 5 6 7 3 4
214679 4 4 4 3 5 5 7 5 5 3
31383 5 6 4 3 4 2 5 4 6 6
47767 4 6 4 4 3 4 4 5 5 6
80535 4 5 4 4 5 3 5 3 7 5
146071 4 5 3 5 5 4 3 5 5 6
55959 4 5 5 3 4 3 6 5 4 6
88727 3 6 4 3 6 2 7 3 6 5
154263 3 5 5 3 6 3 5 5 4 6
105111 4 4 4 4 5 4 6 4 5 5
170647 3 5 4 4 5 5 4 6 3 6
301719 3 4 6 4 4 4 6 4 4 6
203415 4 4 3 4 7 4 5 4 5 5
60055 4 6 3 4 3 4 6 5 5 5
92823 3 6 4 3 5 3 7 3 7 4
158359 3 5 4 5 4 4 5 5 5 5
109207 3 6 3 4 4 5 6 4 6 4
174743 2 7 2 6 3 6 4 6 4 5
305815 2 6 4 5 4 4 6 4 5 5
207511 3 5 3 5 5 5 5 4 6 4
338583 2 6 4 4 6 3 7 2 7 4
117399 4 5 3 3 5 4 8 4 5 4
182935 3 5 4 4 4 5 6 6 3 5
314007 3 4 5 5 4 3 8 4 4 5
215703 3 5 4 3 6 4 7 4 5 4
346775 2 6 4 4 6 2 9 2 6 4
62103 5 5 4 2 4 4 5 6 5 5
94871 4 5 4 3 5 3 6 4 7 4
160407 4 4 4 4 6 3 4 6 5 5
111255 4 4 5 3 4 5 5 5 6 4
176791 3 5 4 4 5 5 3 7 4 5
307863 3 4 6 3 5 5 4 5 5 5
209559 4 3 4 5 6 4 4 5 6 4
119447 4 5 4 2 5 4 7 5 5 4
184983 3 5 5 2 6 4 5 7 3 5
316055 3 4 6 3 5 4 6 5 4 5
217751 3 5 4 3 7 3 6 5 5 4
234135 4 4 4 3 6 5 5 6 4 4
123543 5 5 3 2 4 5 7 5 6 3
31895 6 5 5 3 2 3 4 4 6 7
48279 5 5 5 3 3 4 3 5 5 7
81047 5 4 5 3 4 5 3 3 7 6
146583 5 4 4 4 4 5 3 4 5 7
56471 5 4 5 4 3 3 5 5 4 7
89239 4 5 4 4 4 4 5 3 6 6
154775 4 4 5 4 4 4 5 4 4 7
105623 5 3 4 4 5 5 4 4 5 6
171159 4 4 4 4 5 5 4 5 3 7
302231 4 3 6 4 4 4 5 5 3 7
203927 5 3 3 4 6 6 4 3 5 6
60567 5 4 5 4 2 4 5 5 5 6
93335 4 4 6 3 3 5 5 3 7 5
158871 4 3 6 5 2 5 5 4 5 6
109719 4 4 5 3 4 6 4 4 6 5
175255 3 5 4 5 3 6 4 5 4 6
306327 3 4 6 4 4 4 5 5 4 6
208023 4 3 5 4 4 7 4 3 6 5
117911 5 3 4 4 4 5 6 4 5 5
183447 4 3 5 5 3 5 6 5 3 6
216215 4 3 5 4 4 6 6 3 5 5
62615 5 5 5 2 3 4 4 6 5 6
95383 4 5 5 3 3 5 4 4 7 5
160919 4 4 5 4 4 4 4 5 5 6
111767 4 4 6 2 4 6 3 5 6 5
177303 3 5 5 3 5 5 3 6 4 6
308375 3 4 7 2 5 5 3 6 4 6
210071 4 3 5 4 5 6 3 4 6 5
119959 4 5 4 3 4 5 5 5 5 5
185495 3 5 5 3 5 4 5 6 3 6
218263 3 5 4 4 5 5 5 4 5 5
234647 4 4 4 3 6 6 4 5 4 5
124055 5 4 5 2 3 6 5 5 6 4
189591 4 4 5 4 3 5 5 6 4 5
222359 4 3 6 4 3 6 5 4 6 4
238743 4 4 5 3 4 7 4 5 5 4
63639 6 5 4 3 2 3 5 5 5 7
96407 5 5 4 3 4 3 5 3 7 6
112791 5 4 4 4 4 4 4 4 6 6
120983 5 4 4 4 4 3 6 4 5 6
125079 5 5 4 3 3 4 6 4 6 5
16151 7 6 4 4 2 2 3 5 6 6
24343 6 6 4 4 2 3 4 5 5 6
40727 6 5 4 4 2 4 5 5 4 6
73495 6 5 3 4 3 4 5 5 5 5
28439 6 5 4 4 3 3 4 5 6 5
44823 5 6 3 4 3 4 5 5 5 5
77591 5 5 4 3 4 4 5 5 6 4
143127 5 5 3 5 3 4 4 6 6 4
53015 6 4 3 4 3 5 6 5 4 5
85783 5 5 3 3 4 5 6 5 5 4
151319 5 4 4 4 3 5 5 6 5 4
102167 6 4 2 3 4 6 7 5 4 4
167703 5 5 2 4 3 6 6 6 4 4
30487 6 5 3 5 3 3 3 6 6 5
46871 5 5 4 4 3 4 4 6 5 5
79639 5 4 4 5 3 4 4 6 6 4
145175 5 4 3 6 4 3 3 7 6 4
55063 5 5 3 4 3 5 5 6 4 5
87831 4 6 2 5 3 5 5 6 5 4
153367 4 5 3 5 4 4 4 7 5 4
104215 5 4 3 4 3 6 6 6 4 4
169751 4 5 3 4 4 5 5 7 4 4
59159 6 4 2 4 4 5 5 6 5 4
91927 5 4 3 4 4 5 5 6 6 3
157463 5 3 3 6 4 4 4 7 6 3
108311 5 4 3 3 4 6 6 6 5 3
173847 4 5 2 5 4 5 5 7 5 3
116503 6 4 1 3 4 7 7 6 4 3
182039 5 4 2 4 4 6 6 7 4 3
31511 6 5 4 4 3 2 4 5 6 6
47895 5 5 4 5 2 3 5 5 5 6
80663 5 4 4 5 4 2 5 5 6 5
146199 5 4 3 6 4 3 3 6 6 5
56087 5 4 5 4 2 4 6 5 4 6
88855 4 5 4 4 4 3 6 5 5 5
154391 4 4 5 4 4 4 4 6 5 5
105239 5 3 4 5 3 4 7 5 4 5
170775 4 4 4 5 3 5 5 6 4 5
60183 5 5 3 4 3 4 6 5 5 5
92951 4 5 4 3 5 3 6 5 6 4
158487 4 4 4 5 4 4 4 6 6 4
109335 4 5 3 4 4 4 7 5 5 4
174871 3 6 2 6 3 5 5 6 5 4
117527 5 4 3 3 4 5 8 5 4 4
183063 4 4 4 4 3 6 6 6 4 4
62231 6 4 3 4 3 4 5 6 5 5
94999 5 4 3 5 4 3 5 6 6 4
160535 5 3 3 6 5 3 3 7 6 4
111383 5 3 4 5 3 4 6 6 5 4
176919 4 4 3 6 4 4 4 7 5 4
119575 5 4 3 4 3 5 7 6 4 4
185111 4 4 4 4 4 5 5 7 4 4
123671 6 4 2 3 4 5 7 6 5 3
32023 6 6 4 4 1 3 3 5 6 7
48407 5 6 4 4 2 3 4 5 5 7
81175 5 5 4 4 3 4 3 5 6 6
146711 5 5 3 5 3 4 3 5 6 6
56599 5 5 4 5 1 4 5 5 4 7
89367 4 6 3 5 2 5 4 5 5 6
154903 4 5 4 5 2 5 4 5 5 6
105751 5 4 3 5 3 5 5 5 4 6
171287 4 5 3 5 3 5 5 5 4 6
60695 5 5 4 4 2 4 5 5 5 6
93463 4 5 5 3 3 5 4 5 6 5
158999 4 4 5 5 2 5 4 5 6 5
109847 4 5 4 3 4 5 5 5 5 5
175383 3 6 3 5 3 5 5 5 5 5
118039 5 4 3 4 3 6 6 5 4 5
183575 4 4 4 5 2 6 6 5 4 5
62743 5 6 3 4 2 4 4 6 5 6
95511 4 6 3 5 2 5 3 6 6 5
161047 4 5 3 6 3 4 3 6 6 5
111895 4 5 4 4 3 5 4 6 5 5
177431 3 6 3 5 4 4 4 6 5 5
120087 4 6 2 5 2 6 5 6 4 5
185623 3 6 3 5 3 5 5 6 4 5
124183 5 5 3 3 3 6 5 6 5 4
63767 6 5 4 4 1 3 5 5 5 7
96535 5 5 4 4 3 3 4 5 6 6
162071 5 4 4 5 3 4 3 5 6 6
112919 5 4 4 5 3 3 5 5 5 6
178455 4 5 3 6 3 4 4 5 5 6
121111 5 4 4 5 2 4 6 5 4 6
186647 4 4 5 5 2 5 5 5 4 6
125207 5 5 4 3 3 4 6 5 5 5
127255 6 5 3 4 2 4 5 6 5 5
32279 7 6 4 3 2 1 3 5 7 7
48663 6 6 4 3 2 3 3 5 6 7
81431 6 5 4 3 3 3 4 4 7 6
56855 6 5 4 3 3 3 4 5 5 7
89623 5 6 3 3 4 3 5 4 6 6
60951 6 5 3 4 3 3 4 5 6 6
93719 5 5 4 3 4 3 5 4 7 5
62999 6 5 4 3 3 3 3 6 6 6
64023 6 6 4 3 2 2 4 5 6 7
4071 8 6 5 5 5 4 3 3 3 3
6119 7 6 5 5 5 4 4 3 3 3
10215 7 5 5 5 5 4 4 5 3 2
18407 7 5 4 5 5 4 5 5 4 1
34791 7 5 4 4 5 5 5 5 3 2
7143 7 5 5 5 5 5 4 2 3 4
11239 6 6 4 5 5 5 4 4 3 3
19431 6 5 5 4 5 5 5 4 4 2
35815 6 5 4 5 4 6 5 4 3 3
68583 6 5 4 4 6 5 5 3 3 4
13287 7 4 4 5 5 5 5 4 3 3
21479 6 5 4 4 5 5 6 4 4 2
37863 6 4 5 4 4 6 6 4 3 3
70631 6 4 4 5 5 5 6 3 3 4
25575 7 4 3 4 5 5 6 6 4 1
41959 6 5 3 4 4 6 6 6 3 2
74727 6 4 4 4 5 5 6 5 3 3
140263 6 4 3 6 5 5 4 5 4 3
50151 7 4 3 3 4 6 7 6 4 1
82919 6 5 3 3 5 5 7 5 4 2
7655 7 5 4 5 6 5 3 2 3 5
11751 6 5 5 4 6 5 3 4 3 4
19943 6 4 5 5 5 5 4 4 4 3
36327 6 4 4 5 6 5 4 4 3 4
69095 6 4 4 4 7 6 3 3 3 5
13799 6 5 4 4 6 5 4 4 3 4
21991 5 6 3 5 5 5 5 4 4 3
38375 5 5 4 4 6 5 5 4 3 4
71143 5 5 3 5 6 6 4 3 3 5
26087 6 4 4 4 5 5 5 6 4 2
42471 5 5 4 3 6 5 5 6 3 3
75239 5 4 5 3 6 6 4 5 3 4
140775 5 4 4 5 6 5 4 4 4 4
50663 6 4 3 4 5 5 6 6 4 2
83431 5 5 3 4 5 6 5 5 4 3
148967 5 4 4 5 5 5 5 4 5 3
14823 7 4 3 4 6 6 4 3 3 5
23015 6 4 4 4 5 6 5 3 4 4
39399 6 3 4 5 5 6 5 3 3 5
72167 6 3 3 5 7 6 4 2 3 6
27111 6 4 4 3 5 6 5 5 4 3
43495 5 5 3 4 5 6 5 5 3 4
76263 5 4 4 3 7 6 4 4 3 5
141799 5 4 3 5 6 7 3 3 4 5
51687 6 3 4 4 4 6 6 5 4 3
84455 5 4 4 3 6 6 5 4 4 4
149991 5 3 5 4 5 7 4 3 5 4
100839 6 3 3 4 6 6 5 4 3 5
29159 7 4 2 3 5 6 6 5 4 3
45543 6 4 3 3 5 6 6 5 3 4
78311 6 3 3 4 6 6 5 4 3 5
143847 6 3 2 5 7 6 4 3 4 5
53735 6 4 3 3 4 6 7 5 4 3
86503 5 5 2 4 5 6 6 4 4 4
152039 5 4 3 4 6 6 5 3 5 4
102887 6 3 3 4 5 6 6 4 3 5
168423 5 4 3 4 6 6 5 3 4 5
57831 7 4 2 2 4 6 7 7 4 2
90599 6 4 3 2 5 6 6 6 4 3
106983 6 4 3 2 5 6 6 6 3 4
7911 7 5 4 5 6 4 3 2 4 5
12007 6 5 4 6 5 4 3 4 4 4
20199 6 4 4 6 6 3 4 4 5 3
36583 6 4 3 6 6 5 3 4 4 4
69351 6 4 3 5 7 5 4 2 4 5
14055 6 4 5 5 5 4 4 4 4 4
22247 5 5 4 5 6 3 5 4 5 3
38631 5 4 5 4 6 5 4 4 4 4
71399 5 4 4 5 6 5 5 2 4 5
26343 6 3 4 6 5 3 5 6 5 2
42727 5 4 4 5 5 5 4 6 4 3
75495 5 3 5 5 5 5 5 4 4 4
141031 5 3 4 7 5 4 4 5 4 4
50919 6 3 3 5 6 4 5 6 5 2
83687 5 4 3 5 6 4 6 4 5 3
149223 5 3 4 6 6 3 5 5 5 3
100071 6 3 3 4 6 6 5 4 4 4
15079 6 5 3 5 5 5 4 3 4 5
23271 5 5 4 4 6 4 5 3 5 4
39655 5 4 4 5 5 6 4 3 4 5
72423 5 4 3 5 7 5 5 1 4 6
27367 5 5 3 5 5 4 5 5 5 3
43751 4 6 2 6 4 6 4 5 4 4
76519 4 5 3 5 6 5 5 3 4 5
142055 4 5 2 7 5 6 3 4 4 5
51943 5 4 3 5 5 5 5 5 5 3
84711 4 5 3 4 7 4 6 3 5 4
150247 4 4 4 5 6 5 4 4 5 4
101095 5 4 2 5 6 6 5 3 4 5
166631 4 5 2 6 5 7 3 4 4 5
29415 6 4 3 4 5 4 6 5 5 3
45799 5 4 4 4 4 6 5 5 4 4
78567 5 3 4 5 5 5 6 3 4 5
144103 5 3 3 6 6 5 4 4 4 5
53991 5 4 4 3 5 5 6 5 5 3
86759 4 5 3 4 6 4 7 3 5 4
152295 4 4 4 4 7 4 5 4 5 4
103143 5 3 4 4 5 6 6 3 4 5
168679 4 4 4 4 6 6 4 4 4 5
299751 4 3 6 4 5 6 4 4 5 4
58087 6 4 2 4 4 5 6 7 5 2
90855 5 4 3 4 5 4 7 5 5 3
156391 5 3 3 6 5 4 5 6 5 3
107239 5 4 3 4 4 6 6 5 4 4
172775 4 5 2 6 4 6 4 6 4 4
15591 7 4 3 4 6 5 3 3 4 6
23783 6 4 3 5 6 4 4 3 5 5
40167 6 3 3 5 7 5 3 3 4 6
72935 6 3 2 5 8 6 3 1 4 7
27879 6 3 4 5 5 4 4 5 5 4
44263 5 4 3 5 6 5 3 5 4 5
77031 5 3 4 4 7 6 3 3 4 6
142567 5 3 3 6 6 6 3 3 4 6
52455 6 2 3 6 6 4 4 5 5 4
85223 5 3 3 5 7 5 4 3 5 5
150759 5 2 4 6 6 5 4 3 5 5
101607 6 2 2 5 8 6 3 3 4 6
167143 5 3 2 6 7 6 3 3 4 6
29927 6 4 3 4 5 4 5 5 5 4
46311 5 4 4 3 6 5 4 5 4 5
79079 5 3 4 4 6 6 4 3 4 6
144615 5 3 3 5 7 5 4 3 4 6
54503 5 4 3 4 6 4 5 5 5 4
87271 4 5 2 5 6 5 5 3 5 5
152807 4 4 3 5 7 4 5 3 5 5
103655 5 3 3 4 7 6 4 3 4 6
169191 4 4 3 4 8 5 4 3 4 6
300263 4 3 5 4 7 5 3 5 4 5
58599 6 3 3 4 5 4 5 7 5 3
91367 5 3 4 4 5 5 5 5 5 4
156903 5 2 4 6 5 4 5 5 5 4
107751 5 3 4 3 6 6 4 5 4 5
173287 4 4 3 5 6 5 4 5 4 5
304359 4 3 5 4 7 4 3 7 4 4
206055 5 2 4 5 6 6 4 3 4 6
115943 6 3 2 4 6 5 5 5 5 4
30951 7 4 2 3 5 5 5 4 5 5
47335 6 4 2 4 5 6 4 4 4 6
80103 6 3 2 4 7 6 4 2 4 7
145639 6 3 1 5 7 7 3 2 4 7
55527 6 3 3 4 5 5 5 4 5 5
88295 5 4 2 4 7 5 5 2 5 6
153831 5 3 3 4 7 6 4 2 5 6
104679 6 2 2 5 7 6 4 2 4 7
170215 5 3 2 5 7 7 3 2 4 7
202983 6 2 1 5 9 7 3 0 4 8
59623 6 4 2 4 4 5 5 6 5 4
92391 5 4 3 3 6 5 5 4 5 5
157927 5 3 3 5 5 6 4 4 5 5
108775 5 4 2 4 6 6 4 4 4 6
174311 4 5 1 6 5 7 3 4 4 6
207079 5 3 2 5 7 7 3 2 4 7
116967 6 3 2 4 6 5 5 4 5 5
182503 5 3 3 5 5 6 4 4 5 5
215271 5 3 3 4 7 6 4 2 5 6
61671 7 4 2 2 4 5 6 6 5 4
94439 6 4 2 3 5 5 6 4 5 5
110823 6 3 3 3 5 6 5 4 4 6
8039 7 5 5 5 4 4 3 3 4 5
12135 6 5 5 5 5 3 3 5 4 4
20327 6 4 5 5 5 4 3 5 5 3
36711 6 4 4 5 5 5 4 4 4 4
69479 6 4 4 4 6 5 4 4 3 5
14183 6 4 5 6 4 3 4 5 4 4
22375 5 5 4 6 4 4 4 5 5 3
38759 5 4 5 5 4 5 5 4 4 4
71527 5 4 4 6 4 5 5 4 3 5
26471 6 3 4 6 5 3 4 7 5 2
42855 5 4 4 5 5 4 5 6 4 3
75623 5 3 5 5 5 4 5 6 3 4
141159 5 3 4 7 5 3 4 6 5 3
51047 6 3 3 5 5 5 5 6 5 2
83815 5 4 3 5 5 5 5 6 4 3
149351 5 3 4 6 5 4 4 6 6 2
100199 6 3 3 4 5 6 6 5 3 4
15207 6 4 5 5 4 4 4 4 4 5
23399 5 4 6 4 4 5 4 4 5 4
39783 5 3 6 5 3 6 5 3 4 5
72551 5 3 5 5 5 5 5 3 3 6
27495 5 4 5 4 5 4 4 6 5 3
43879 4 5 4 5 4 5 5 5 4 4
76647 4 4 5 4 6 4 5 5 3 5
142183 4 4 4 6 5 5 3 5 5 4
52071 5 3 5 4 4 6 5 5 5 3
84839 4 4 5 3 6 5 5 5 4 4
150375 4 3 6 4 5 6 3 5 6 3
101223 5 3 4 4 5 6 6 4 3 5
166759 4 4 4 5 4 7 4 4 5 4
29543 6 3 4 5 4 4 5 6 5 3
45927 5 3 5 5 3 5 6 5 4 4
78695 5 2 5 6 4 4 6 5 3 5
144231 5 2 4 7 5 4 4 5 5 4
54119 5 3 5 4 3 6 6 5 5 3
86887 4 4 4 5 4 5 6 5 4 4
152423 4 3 5 5 5 5 4 5 6 3
103271 5 2 5 5 3 6 7 4 3 5
168807 4 3 5 5 4 6 5 4 5 4
299879 4 2 7 5 3 6 5 4 5 4
58215 6 3 3 4 4 5 6 7 5 2
90983 5 3 4 4 5 4 6 7 4 3
156519 5 2 4 6 5 4 4 7 6 2
107367 5 3 4 4 4 5 7 6 3 4
172903 4 4 3 6 4 5 5 6 5 3
205671 5 2 4 6 5 4 5 6 4 4
15719 6 5 4 4 5 4 3 4 4 6
23911 5 5 4 5 4 5 3 4 5 5
40295 5 4 4 5 5 5 4 3 4 6
73063 5 4 3 5 6 6 3 3 3 7
28007 5 4 5 4 5 4 3 6 5 4
44391 4 5 4 4 6 4 4 5 4 5
77159 4 4 5 3 7 5 3 5 3 6
142695 4 4 4 5 6 5 3 4 5 5
52583 5 3 4 5 5 5 4 5 5 4
85351 4 4 4 4 6 6 3 5 4 5
150887 4 3 5 5 5 6 3 4 6 4
101735 5 3 3 4 7 6 4 4 3 6
167271 4 4 3 5 6 6 4 3 5 5
30055 5 5 3 5 4 4 4 6 5 4
46439 4 5 4 4 5 4 5 5 4 5
79207 4 4 4 5 5 5 4 5 3 6
144743 4 4 3 6 6 4 4 4 5 5
54631 4 5 3 5 4 5 5 5 5 4
87399 3 6 2 6 4 6 4 5 4 5
152935 3 5 3 6 5 5 4 4 6 4
103783 4 4 3 5 5 6 5 4 3 6
169319 3 5 3 5 6 5 5 3 5 5
300391 3 4 5 5 5 5 4 5 4 5
58727 5 4 3 4 5 4 5 7 5 3
91495 4 4 4 4 5 5 4 7 4 4
157031 4 3 4 6 5 4 4 6 6 3
107879 4 4 4 3 6 5 5 6 3 5
173415 3 5 3 5 6 4 5 5 5 4
304487 3 4 5 4 7 3 4 7 4 4
206183 4 3 4 5 6 5 4 5 4 5
116071 5 4 2 4 5 6 5 6 4 4
31079 6 4 4 3 4 5 4 5 5 5
47463 5 4 4 4 4 5 5 4 4 6
80231 5 3 4 4 6 5 4 4 3 7
145767 5 3 3 5 6 6 3 3 5 6
55655 5 3 5 4 3 6 5 4 5 5
88423 4 4 4 4 5 6 4 4 4 6
153959 4 3 5 4 5 7 3 3 6 5
104807 5 2 4 5 5 6 5 3 3 7
170343 4 3 4 5 5 7 4 2 5 6
301415 4 2 6 5 4 6 5 3 4 6
203111 5 2 3 5 7 7 3 2 4 7
59751 5 4 4 3 4 5 5 6 5 4
92519 4 4 5 2 6 5 4 6 4 5
158055 4 3 5 4 5 6 3 5 6 4
108903 4 4 4 3 6 5 5 5 3 6
174439 3 5 3 5 5 6 4 4 5 5
305511 3 4 5 4 6 4 5 5 4 5
207207 4 3 4 4 7 6 3 4 4 6
338279 3 4 5 3 8 4 4 5 3 6
117095 5 3 4 3 5 6 5 5 4 5
182631 4 3 5 4 4 7 4 4 6 4
215399 4 3 5 3 6 7 3 4 5 5
61799 6 4 3 3 3 5 6 6 5 4
94567 5 4 3 4 4 5 5 6 4 5
160103 5 3 3 5 5 5 4 5 6 4
110951 5 3 4 4 4 5 6 5 3 6
176487 4 4 3 5 5 5 5 4 5 5
119143 5 4 3 4 3 6 6 5 4 5
15975 7 4 4 5 4 3 3 4 5 6
24167 6 4 4 5 5 3 3 4 6 5
40551 6 3 4 5 5 5 3 3 5 6
73319 6 3 3 5 6 5 4 2 4 7
28263 6 3 4 6 5 2 3 6 6 4
44647 5 4 3 6 5 4 3 5 5 5
77415 5 3 4 5 6 4 4 4 4 6
142951 5 3 3 7 5 4 3 5 5 5
52839 6 2 3 6 6 4 3 5 6 4
85607 5 3 3 5 7 4 4 4 5 5
151143 5 2 4 6 6 4 3 5 6 4
101991 6 2 2 5 7 6 4 3 4 6
167527 5 3 2 6 6 6 3 4 5 5
30311 6 3 4 6 4 2 4 6 6 4
46695 5 3 5 5 4 4 4 5 5 5
79463 5 2 5 6 4 4 5 4 4 6
144999 5 2 4 7 5 3 4 5 5 5
54887 5 3 4 5 5 4 4 5 6 4
87655 4 4 3 6 5 4 5 4 5 5
153191 4 3 4 6 6 3 4 5 6 4
104039 5 2 4 5 5 6 5 3 4 6
169575 4 3 4 5 6 5 4 4 5 5
300647 4 2 6 5 5 5 3 5 6 4
58983 6 2 3 6 5 3 4 7 6 3
91751 5 2 4 6 5 3 5 6 5 4
157287 5 1 4 8 5 2 4 7 6 3
108135 5 2 4 5 5 5 5 5 4 5
173671 4 3 3 7 5 4 4 6 5 4
304743 4 2 5 6 6 3 3 7 6 3
206439 5 1 4 7 5 4 5 5 4 5
116327 6 2 2 5 6 5 5 5 5 4
181863 5 2 3 6 6 4 4 6 6 3
31335 6 4 4 4 4 3 4 5 6 5
47719 5 4 4 5 3 5 4 4 5 6
80487 5 3 4 5 5 4 5 3 4 7
146023 5 3 3 6 5 5 3 4 5 6
55911 5 3 5 4 4 5 4 4 6 5
88679 4 4 4 4 6 4 5 3 5 6
154215 4 3 5 4 6 5 3 4 6 5
105063 5 2 4 5 5 6 5 2 4 7
170599 4 3 4 5 5 7 3 3 5 6
301671 4 2 6 5 4 6 4 3 6 5
203367 5 2 3 5 7 6 4 2 4 7
60007 5 4 3 5 4 4 4 6 6 4
92775 4 4 4 4 6 3 5 5 5 5
158311 4 3 4 6 5 4 3 6 6 4
109159 4 4 3 5 5 5 5 4 4 6
174695 3 5 2 7 4 6 3 5 5 5
305767 3 4 4 6 5 4 4 5 6 4
207463 4 3 3 6 6 5 4 4 4 6
338535 3 4 4 5 7 3 5 4 5 5
117351 5 3 3 4 6 5 5 4 5 5
182887 4 3 4 5 5 6 3 5 6 4
313959 4 2 5 6 5 4 4 5 7 3
215655 4 3 4 4 7 5 4 4 5 5
62055 6 3 4 4 3 4 5 6 6 4
94823 5 3 4 5 4 3 6 5 5 5
160359 5 2 4 6 5 3 4 6 6 4
111207 5 2 5 5 3 5 6 4 4 6
176743 4 3 4 6 4 5 4 5 5 5
307815 4 2 6 5 4 5 4 5 6 4
209511 5 1 4 7 5 4 5 4 4 6
119399 5 3 4 4 4 5 6 4 5 5
184935 4 3 5 4 5 5 4 5 6 4
217703 4 3 4 5 6 4 5 4 5 5
234087 5 2 4 5 5 6 5 3 4 6
123495 6 3 3 4 4 4 6 6 5 4
31847 7 4 3 4 4 3 3 5 6 6
48231 6 4 3 4 5 4 3 4 5 7
80999 6 3 3 4 6 5 3 3 4 8
146535 6 3 2 5 6 5 3 3 5 7
56423 6 3 3 5 5 4 3 4 6 6
89191 5 4 2 5 6 5 3 3 5 7
154727 5 3 3 5 6 5 3 3 6 6
105575 6 2 2 5 7 6 3 2 4 8
171111 5 3 2 5 7 6 3 2 5 7
203879 6 2 1 5 8 7 3 1 4 8
60519 6 3 3 5 5 3 3 6 6 5
93287 5 3 4 4 6 4 3 5 5 6
158823 5 2 4 6 5 4 3 5 6 5
109671 5 3 3 4 7 5 3 4 4 7
175207 4 4 2 6 6 5 3 4 5 6
207975 5 2 3 5 7 6 3 3 4 7
117863 6 2 2 5 7 5 3 4 5 6
183399 5 2 3 6 6 5 3 4 6 5
62567 6 4 3 4 4 3 4 6 6 5
95335 5 4 3 5 4 4 4 5 5 6
160871 5 3 3 6 5 3 4 5 6 5
111719 5 3 4 4 5 5 4 4 4 7
177255 4 4 3 5 6 4 4 4 5 6
210023 5 2 3 6 6 5 4 3 4 7
119911 5 4 2 5 5 5 4 4 5 6
185447 4 4 3 5 6 4 4 4 6 5
124007 6 3 3 4 5 4 4 6 5 5
189543 5 3 3 6 5 3 4 6 6 4
63591 7 4 3 3 3 4 4 5 6 6
96359 6 4 3 3 5 4 4 4 5 7
8103 7 6 5 4 4 3 4 3 4 5
12199 6 6 5 4 4 4 3 5 4 4
20391 6 5 5 4 4 4 5 4 5 3
36775 6 5 4 4 4 5 5 5 3 4
69543 6 5 4 3 5 5 5 4 4 4
14247 6 5 5 4 5 3 4 5 4 4
22439 5 6 4 4 5 3 6 4 5 3
38823 5 5 5 3 5 4 6 5 3 4
71591 5 5 4 4 5 4 6 4 4 4
26535 6 4 4 4 5 4 5 6 5 2
42919 5 5 4 3 5 5 5 7 3 3
75687 5 4 5 3 5 5 5 6 4 3
141223 5 4 4 5 5 4 4 6 5 3
51111 6 4 3 3 5 5 7 6 4 2
83879 5 5 3 3 5 5 7 5 5 2
149415 5 4 4 4 5 4 6 5 6 2
100263 6 4 3 2 5 6 7 6 3 3
15271 6 5 4 5 4 4 4 4 4 5
23463 5 5 5 4 4 4 6 3 5 4
39847 5 4 5 5 3 5 6 4 3 5
72615 5 4 4 5 5 4 6 3 4 5
27559 5 5 4 4 4 5 5 5 5 3
43943 4 6 3 5 3 6 5 6 3 4
76711 4 5 4 4 5 5 5 5 4 4
142247 4 5 3 6 4 6 3 5 5 4
52135 5 4 4 4 3 6 7 5 4 3
84903 4 5 4 3 5 5 7 4 5 3
150439 4 4 5 4 4 6 5 4 6 3
101287 5 4 3 4 4 6 7 5 3 4
166823 4 5 3 5 3 7 5 5 4 4
29607 6 4 3 4 5 4 6 5 5 3
45991 5 4 4 4 4 5 6 6 3 4
78759 5 3 4 5 5 4 6 5 4 4
144295 5 3 3 6 6 4 4 5 5 4
54183 5 4 4 3 4 5 8 5 4 3
86951 4 5 3 4 5 4 8 4 5 3
152487 4 4 4 4 6 4 6 4 6 3
103335 5 3 4 4 4 5 8 5 3 4
168871 4 4 4 4 5 5 6 5 4 4
299943 4 3 6 4 4 5 6 5 3 5
58279 6 4 2 3 4 6 7 7 4 2
91047 5 4 3 3 5 5 7 6 5 2
156583 5 3 3 5 5 5 5 6 6 2
107431 5 4 3 3 4 6 7 7 3 3
172967 4 5 2 5 4 6 5 7 4 3
205735 5 3 3 5 5 5 5 6 5 3
115623 6 4 2 2 4 6 9 6 4 2
15783 6 5 5 3 5 4 3 4 4 6
23975 5 5 5 4 4 4 5 3 5 5
40359 5 4 5 4 5 4 5 4 3 6
73127 5 4 4 4 6 5 4 3 4 6
28071 5 4 6 3 4 5 4 5 5 4
44455 4 5 5 3 5 5 4 6 3 5
77223 4 4 6 2 6 6 3 5 4 5
142759 4 4 5 4 5 6 3 4 5 5
52647 5 3 5 4 4 5 6 5 4 4
85415 4 4 5 3 5 6 5 4 5 4
150951 4 3 6 4 4 6 5 3 6 4
101799 5 3 4 3 6 6 5 5 3 5
167335 4 4 4 4 5 6 5 4 4 5
30119 5 5 4 3 5 4 5 5 5 4
46503 4 5 5 2 6 4 5 6 3 5
79271 4 4 5 3 6 5 4 5 4 5
144807 4 4 4 4 7 4 4 4 5 5
54695 4 5 4 3 5 4 7 5 4 4
87463 3 6 3 4 5 5 6 4 5 4
152999 3 5 4 4 6 4 6 3 6 4
103847 4 4 4 3 6 5 6 5 3 5
169383 3 5 4 3 7 4 6 4 4 5
300455 3 4 6 3 6 4 5 6 2 6
58791 5 4 4 2 5 5 6 7 4 3
91559 4 4 5 2 5 6 5 6 5 3
157095 4 3 5 4 5 5 5 5 6 3
107943 4 4 5 1 6 6 5 7 3 4
173479 3 5 4 3 6 5 5 6 4 4
304551 3 4 6 2 7 4 4 8 2 5
206247 4 3 5 3 6 6 4 5 5 4
116135 5 4 3 2 5 6 7 6 4 3
181671 4 4 4 3 5 5 7 5 5 3
31143 6 4 4 3 4 5 5 4 5 5
47527 5 4 4 4 4 5 5 5 3 6
80295 5 3 4 4 6 5 4 4 4 6
145831 5 3 3 5 6 6 3 3 5 6
55719 5 3 5 4 3 5 7 4 4 5
88487 4 4 4 4 5 5 6 3 5 5
154023 4 3 5 4 5 6 5 2 6 5
104871 5 2 4 5 5 5 6 4 3 6
170407 4 3 4 5 5 6 5 3 4 6
301479 4 2 6 5 4 5 6 4 2 7
203175 5 2 3 5 7 6 4 2 5 6
59815 5 4 4 3 3 6 6 6 4 4
92583 4 4 5 2 5 6 5 5 5 4
158119 4 3 5 4 4 7 4 4 6 4
108967 4 4 4 3 5 6 5 6 3 5
174503 3 5 3 5 4 7 4 5 4 5
305575 3 4 5 4 5 5 5 6 2 6
207271 4 3 4 4 6 7 3 4 5 5
338343 3 4 5 3 7 5 4 5 3 6
117159 5 3 4 3 4 6 7 5 4 4
182695 4 3 5 4 3 7 6 4 5 4
313767 4 2 6 5 3 5 7 5 3 5
215463 4 3 5 3 5 7 5 3 6 4
61863 6 4 3 2 4 5 7 6 4 4
94631 5 4 3 3 5 5 6 5 5 4
160167 5 3 3 4 6 5 5 4 6 4
111015 5 3 4 3 5 5 6 6 3 5
176551 4 4 3 4 6 5 5 5 4 5
209319 5 2 3 5 7 5 4 4 5 5
119207 5 4 3 3 4 5 8 5 4 4
184743 4 4 4 3 5 5 7 4 5 4
16039 6 6 4 4 4 3 3 4 5 6
24231 5 6 4 4 5 2 5 3 6 5
40615 5 5 4 4 5 4 4 4 4 6
73383 5 5 3 4 6 4 5 2 5 6
28327 5 5 4 5 4 3 4 5 6 4
44711 4 6 3 5 4 5 3 6 4 5
77479 4 5 4 4 5 5 4 4 5 5
143015 4 5 3 6 4 5 3 5 5 5
52903 5 4 3 5 5 4 5 5 5 4
85671 4 5 3 4 6 4 6 3 6 4
151207 4 4 4 5 5 4 5 4 6 4
102055 5 4 2 4 6 6 5 4 4 5
167591 4 5 2 5 5 6 4 5 4 5
30375 5 5 4 4 5 2 5 5 6 4
46759 4 5 5 3 5 4 4 6 4 5
79527 4 4 5 4 5 4 5 4 5 5
145063 4 4 4 5 6 3 4 5 5 5
54951 4 5 4 3 6 3 6 5 5 4
87719 3 6 3 4 6 3 7 3 6 4
153255 3 5 4 4 7 2 6 4 6 4
104103 4 4 4 3 6 5 6 4 4 5
169639 3 5 4 3 7 4 5 5 4 5
300711 3 4 6 3 6 4 4 6 4 5
59047 5 4 3 4 5 4 5 7 5 3
91815 4 4 4 4 5 4 6 5 6 3
157351 4 3 4 6 5 3 5 6 6 3
108199 4 4 4 3 5 6 5 6 4 4
173735 3 5 3 5 5 5 4 7 4 4
304807 3 4 5 4 6 4 3 8 4 4
206503 4 3 4 5 5 5 5 5 5 4
116391 5 4 2 3 6 5 7 5 5 3
181927 4 4 3 4 6 4 6 6 5 3
214695 4 4 3 4 6 4 7 4 6 3
31399 5 6 3 4 4 3 5 4 6 5
47783 4 6 3 5 3 5 4 5 4 6
80551 4 5 3 5 5 4 5 3 5 6
146087 4 5 2 6 5 5 3 4 5 6
55975 4 5 4 4 4 4 6 4 5 5
88743 3 6 3 4 6 3 7 2 6 5
154279 3 5 4 4 6 4 5 3 6 5
105127 4 4 3 5 5 5 6 3 4 6
170663 3 5 3 5 5 6 4 4 4 6
301735 3 4 5 5 4 5 5 4 4 6
203431 4 4 2 5 7 5 5 2 5 6
60071 4 6 2 5 3 5 5 6 5 4
92839 3 6 3 4 5 4 6 4 6 4
158375 3 5 3 6 4 5 4 5 6 4
109223 3 6 2 5 4 6 5 5 4 5
174759 2 7 1 7 3 7 3 6 4 5
305831 2 6 3 6 4 5 4 6 4 5
207527 3 5 2 6 5 6 4 4 5 5
338599 2 6 3 5 6 4 5 4 5 5
117415 4 5 2 4 5 5 7 4 5 4
182951 3 5 3 5 4 6 5 5 5 4
314023 3 4 4 6 4 4 6 5 5 4
215719 3 5 3 4 6 5 6 3 6 4
346791 2 6 3 5 6 3 7 3 6 4
62119 5 5 3 3 4 4 6 6 5 4
94887 4 5 3 4 5 3 7 4 6 4
160423 4 4 3 5 6 3 5 5 6 4
111271 4 4 4 4 4 5 6 5 4 5
176807 3 5 3 5 5 5 4 6 4 5
307879 3 4 5 4 5 5 4 6 4 5
209575 4 3 3 6 6 4 5 4 5 5
340647 3 4 4 5 6 4 5 4 5 5
119463 4 5 3 3 5 4 8 4 5 4
184999 3 5 4 3 6 4 6 5 5 4
316071 3 4 5 4 5 4 6 5 5 4
217767 3 5 3 4 7 3 7 3 6 4
234151 4 4 3 4 6 5 6 4 4 5
123559 5 5 2 3 4 5 7 6 5 3
31911 6 5 4 3 4 3 4 4 6 6
48295 5 5 4 3 5 4 3 5 4 7
81063 5 4 4 3 6 5 3 3 5 7
146599 5 4 3 4 6 5 3 3 5 7
56487 5 4 4 4 5 3 5 4 5 6
89255 4 5 3 4 6 4 5 2 6 6
154791 4 4 4 4 6 4 5 2 6 6
105639 5 3 3 4 7 5 4 3 4 7
171175 4 4 3 4 7 5 4 3 4 7
302247 4 3 5 4 6 4 4 5 3 7
203943 5 3 2 4 8 6 4 1 5 7
60583 5 4 4 4 4 4 4 6 5 5
93351 4 4 5 3 5 5 4 4 6 5
158887 4 3 5 5 4 5 4 4 6 5
109735 4 4 4 3 6 6 3 5 4 6
175271 3 5 3 5 5 6 3 5 4 6
306343 3 4 5 4 6 4 3 7 3 6
208039 4 3 4 4 6 7 3 3 5 6
339111 3 4 5 3 7 5 3 5 4 6
117927 5 3 3 4 6 5 5 4 5 5
183463 4 3 4 5 5 5 5 4 5 5
314535 4 2 5 6 5 3 5 6 4 5
216231 4 3 4 4 6 6 5 2 6 5
62631 5 5 4 2 5 3 5 6 5 5
95399 4 5 4 3 5 4 5 4 6 5
160935 4 4 4 4 6 3 5 4 6 5
111783 4 4 5 2 6 5 4 5 4 6
177319 3 5 4 3 7 4 4 5 4 6
308391 3 4 6 2 7 4 3 7 3 6
210087 4 3 4 4 7 5 4 3 5 6
341159 3 4 5 3 7 5 3 5 4 6
119975 4 5 3 3 6 4 6 4 5 5
185511 3 5 4 3 7 3 6 4 5 5
316583 3 4 5 4 6 3 5 6 4 5
218279 3 5 3 4 7 4 6 2 6 5
234663 4 4 3 3 8 5 5 3 4 6
124071 5 4 4 2 5 5 5 6 5 4
189607 4 4 4 4 5 4 5 6 5 4
222375 4 3 5 4 5 5 5 4 6 4
238759 4 4 4 3 6 6 4 5 4 5
63655 6 5 3 3 3 4 5 5 5 6
96423 5 5 3 3 5 4 5 3 6 6
161959 5 4 3 4 5 5 4 3 6 6
112807 5 4 3 4 5 5 4 4 4 7
120999 5 4 3 4 5 4 6 3 5 6
125095 5 5 3 3 4 5 5 5 5 5
16167 7 5 5 4 3 2 3 5 5 6
24359 6 5 5 4 3 3 4 4 6 5
40743 6 4 5 4 3 4 5 4 4 6
73511 6 4 4 4 4 4 5 4 4 6
28455 6 4 5 4 4 3 3 6 6 4
44839 5 5 4 4 4 4 4 6 4 5
77607 5 4 5 3 5 4 4 6 4 5
143143 5 4 4 5 4 4 3 6 6 4
53031 6 3 4 4 4 5 5 5 5 4
85799 5 4 4 3 5 5 5 5 5 4
151335 5 3 5 4 4 5 4 5 7 3
102183 6 3 3 3 5 6 6 5 3 5
167719 5 4 3 4 4 6 5 5 5 4
30503 6 4 4 5 4 2 4 6 6 4
46887 5 4 5 4 4 3 5 6 4 5
79655 5 3 5 5 4 3 5 6 4 5
145191 5 3 4 6 5 2 4 6 6 4
55079 5 4 4 4 4 4 6 5 5 4
87847 4 5 3 5 4 4 6 5 5 4
153383 4 4 4 5 5 3 5 5 7 3
104231 5 3 4 4 4 5 7 5 3 5
169767 4 4 4 4 5 4 6 5 5 4
300839 4 3 6 4 4 4 5 6 4 5
59175 6 3 3 4 5 4 5 7 5 3
91943 5 3 4 4 5 4 5 7 5 3
157479 5 2 4 6 5 3 4 7 7 2
108327 5 3 4 3 5 5 6 7 3 4
173863 4 4 3 5 5 4 5 7 5 3
304935 4 3 5 4 6 3 4 8 4 4
206631 5 2 4 5 5 4 5 7 5 3
116519 6 3 2 3 5 6 7 6 4 3
182055 5 3 3 4 5 5 6 6 6 2
214823 5 3 3 4 5 5 6 6 6 2
31527 6 4 5 4 3 3 4 5 6 5
47911 5 4 5 5 2 4 5 5 4 6
80679 5 3 5 5 4 3 5 5 4 6
146215 5 3 4 6 4 4 3 5 6 5
56103 5 3 6 4 2 5 6 4 5 5
88871 4 4 5 4 4 4 6 4 5 5
154407 4 3 6 4 4 5 4 4 7 4
105255 5 2 5 5 3 5 7 4 3 6
170791 4 3 5 5 3 6 5 4 5 5
301863 4 2 7 5 2 5 6 4 4 6
203559 5 2 4 5 5 5 5 4 5 5
60199 5 4 4 4 3 5 5 6 5 4
92967 4 4 5 3 5 4 5 6 5 4
158503 4 3 5 5 4 5 3 6 7 3
109351 4 4 4 4 4 5 6 6 3 5
174887 3 5 3 6 3 6 4 6 5 4
305959 3 4 5 5 4 4 5 6 4 5
207655 4 3 4 5 5 5 4 6 5 4
117543 5 3 4 3 4 6 7 5 4 4
183079 4 3 5 4 3 7 5 5 6 3
314151 4 2 6 5 3 5 6 5 5 4
215847 4 3 5 3 5 6 5 5 6 3
62247 6 3 4 4 3 4 6 6 5 4
95015 5 3 4 5 4 3 6 6 5 4
160551 5 2 4 6 5 3 4 6 7 3
111399 5 2 5 5 3 4 7 6 3 5
176935 4 3 4 6 4 4 5 6 5 4
308007 4 2 6 5 4 4 5 6 4 5
209703 5 1 4 7 5 3 5 6 5 4
119591 5 3 4 4 3 5 8 5 4 4
185127 4 3 5 4 4 5 6 5 6 3
316199 4 2 6 5 3 5 6 5 5 4
217895 4 3 4 5 5 4 6 5 6 3
234279 5 2 4 5 4 5 7 5 4 4
123687 6 3 3 3 4 5 7 7 4 3
189223 5 3 3 5 4 5 5 7 6 2
32039 6 5 5 3 3 3 3 5 6 6
48423 5 5 5 3 4 3 4 5 4 7
81191 5 4 5 3 5 4 3 5 4 7
146727 5 4 4 4 5 4 3 4 6 6
56615 5 4 5 4 3 4 5 4 5 6
89383 4 5 4 4 4 5 4 4 5 6
154919 4 4 5 4 4 5 4 3 7 5
105767 5 3 4 4 5 5 5 4 3 7
171303 4 4 4 4 5 5 5 3 5 6
302375 4 3 6 4 4 4 5 5 3 7
204071 5 3 3 4 6 6 4 3 5 6
60711 5 4 5 3 4 4 4 6 5 5
93479 4 4 6 2 5 5 3 6 5 5
159015 4 3 6 4 4 5 3 5 7 4
109863 4 4 5 2 6 5 4 6 3 6
175399 3 5 4 4 5 5 4 5 5 5
306471 3 4 6 3 6 3 4 7 3 6
208167 4 3 5 3 6 6 3 5 5 5
118055 5 3 4 3 5 6 5 5 4 5
183591 4 3 5 4 4 6 5 4 6 4
314663 4 2 6 5 4 4 5 6 4 5
216359 4 3 5 3 5 7 4 4 6 4
62759 5 5 4 3 4 3 5 6 5 5
95527 4 5 4 4 4 4 4 6 5 5
161063 4 4 4 5 5 3 4 5 7 4
111911 4 4 5 3 5 4 5 6 3 6
177447 3 5 4 4 6 3 5 5 5 5
308519 3 4 6 3 6 3 4 7 3 6
210215 4 3 4 5 6 4 4 5 5 5
120103 4 5 3 4 4 5 6 5 4 5
185639 3 5 4 4 5 4 6 4 6 4
316711 3 4 5 5 4 4 5 6 4 5
218407 3 5 3 5 5 5 5 4 6 4
234791 4 4 3 4 6 5 6 4 4 5
124199 5 4 4 2 5 5 5 7 4 4
189735 4 4 4 4 5 4 5 6 6 3
222503 4 3 5 4 5 5 4 6 6 3
238887 4 4 4 3 6 5 5 6 4 4
63783 6 4 5 3 2 4 5 5 5 6
96551 5 4 5 3 4 4 4 5 5 6
162087 5 3 5 4 4 5 3 4 7 5
112935 5 3 5 4 4 4 5 5 3 7
178471 4 4 4 5 4 5 4 4 5 6
211239 5 2 4 5 6 5 3 4 5 6
121127 5 3 5 4 3 5 6 4 4 6
186663 4 3 6 4 3 6 5 3 6 5
219431 4 3 5 4 5 6 4 3 6 5
235815 5 2 4 5 5 6 5 3 4 6
125223 5 4 5 2 4 5 5 6 4 5
190759 4 4 5 4 3 6 4 5 6 4
223527 4 3 6 3 5 6 3 5 6 4
239911 4 4 4 4 5 6 4 5 4 5
248103 5 3 5 3 4 7 5 4 5 4
127271 6 4 4 3 3 4 6 6 4 5
32295 7 5 4 4 3 1 3 5 7 6
48679 6 5 4 4 3 3 3 5 5 7
81447 6 4 4 4 4 3 4 4 5 7
146983 6 4 3 5 4 3 3 5 6 6
56871 6 4 4 4 4 3 4 4 6 6
89639 5 5 3 4 5 3 5 3 6 6
155175 5 4 4 4 5 3 4 4 7 5
106023 6 3 3 4 5 5 5 3 4 7
60967 6 4 3 5 4 3 3 6 6 5
93735 5 4 4 4 5 3 4 5 6 5
159271 5 3 4 6 4 3 3 6 7 4
110119 5 4 3 4 5 5 4 5 4 6
118311 6 3 2 4 6 5 5 4 5 5
63015 6 4 4 4 4 2 4 6 6 5
95783 5 4 4 5 4 2 5 5 6 5
112167 5 3 5 4 4 4 5 5 4 6
120359 5 4 3 4 5 4 6 4 5 5
124455 6 3 3 4 5 4 5 6 5 4
64039 6 5 4 4 2 3 4 5 6 6
96807 5 5 4 4 4 2 5 4 6 6
113191 5 4 4 5 3 4 5 4 4 7
121383 5 4 4 4 4 4 6 3 5 6
125479 5 5 3 4 4 4 5 5 5 5
127527 6 4 4 4 3 3 6 5 5 5
64551 7 5 4 3 3 2 3 5 6 7
8135 8 6 4 4 4 4 3 3 4 5
12231 7 6 4 4 4 4 4 4 4 4
20423 7 5 4 4 4 4 5 5 4 3
36807 7 5 3 4 4 5 5 5 4 3
69575 7 5 3 3 5 5 5 4 4 4
14279 7 5 4 4 4 5 4 4 4 4
22471 6 6 3 4 4 5 5 5 4 3
38855 6 5 4 3 4 6 5 5 4 3
71623 6 5 3 4 4 6 5 4 4 4
26567 7 4 3 4 4 5 6 6 4 2
42951 6 5 3 3 4 6 6 6 4 2
75719 6 4 4 3 4 6 6 5 4 3
141255 6 4 3 5 4 5 5 5 4 4
51143 7 4 2 3 4 6 7 7 4 1
83911 6 5 2 3 4 6 7 6 4 2
149447 6 4 3 4 4 5 6 6 4 3
100295 7 4 2 2 4 7 7 6 4 2
15303 7 5 3 4 5 5 4 3 4 5
23495 6 5 4 3 5 5 5 4 4 4
39879 6 4 4 4 4 6 5 4 4 4
72647 6 4 3 4 6 5 5 3 4 5
27591 6 5 3 3 5 5 6 5 4 3
43975 5 6 2 4 4 6 6 5 4 3
76743 5 5 3 3 6 5 6 4 4 4
142279 5 5 2 5 5 6 4 4 4 5
52167 6 4 3 3 4 6 7 6 4 2
84935 5 5 3 2 6 5 7 5 4 3
150471 5 4 4 3 5 6 5 5 4 4
101319 6 4 2 3 5 6 7 5 4 3
166855 5 5 2 4 4 7 5 5 4 4
29639 7 4 2 3 5 6 6 5 4 3
46023 6 4 3 3 4 7 6 5 4 3
78791 6 3 3 4 5 6 6 4 4 4
144327 6 3 2 5 6 6 4 4 4 5
54215 6 4 3 2 4 7 7 6 4 2
86983 5 5 2 3 5 6 7 5 4 3
152519 5 4 3 3 6 6 5 5 4 4
103367 6 3 3 3 4 7 7 5 4 3
168903 5 4 3 3 5 7 5 5 4 4
58311 7 4 1 2 4 7 8 7 4 1
91079 6 4 2 2 5 6 8 6 4 2
156615 6 3 2 4 5 6 6 6 4 3
107463 6 4 2 2 4 7 8 6 4 2
172999 5 5 1 4 4 7 6 6 4 3
205767 6 3 2 4 5 6 6 5 4 4
115655 7 4 1 1 4 7 9 7 4 1
15815 7 5 3 4 5 5 3 3 4 6
24007 6 5 3 5 4 5 4 4 4 5
40391 6 4 3 5 5 5 4 4 4 5
73159 6 4 2 5 6 6 3 3 4 6
28103 6 4 4 4 4 5 5 5 4 4
44487 5 5 3 4 5 5 5 5 4 4
77255 5 4 4 3 6 6 4 4 4 5
142791 5 4 3 5 5 6 4 3 4 6
52679 6 3 3 5 4 5 6 6 4 3
85447 5 4 3 4 5 6 5 5 4 4
150983 5 3 4 5 4 6 5 4 4 5
101831 6 3 2 4 6 6 5 5 4 4
167367 5 4 2 5 5 6 5 4 4 5
30151 6 5 2 4 4 6 5 5 4 4
46535 5 5 3 3 5 6 5 5 4 4
79303 5 4 3 4 5 7 4 4 4 5
144839 5 4 2 5 6 6 4 3 4 6
54727 5 5 2 4 4 6 6 6 4 3
87495 4 6 1 5 4 7 5 5 4 4
153031 4 5 2 5 5 6 5 4 4 5
103879 5 4 2 4 5 7 5 5 4 4
169415 4 5 2 4 6 6 5 4 4 5
58823 6 4 2 3 4 6 7 7 4 2
91591 5 4 3 3 4 7 6 6 4 3
157127 5 3 3 5 4 6 6 5 4 4
107975 5 4 3 2 5 7 6 6 4 3
173511 4 5 2 4 5 6 6 5 4 4
206279 5 3 3 4 5 7 5 4 4 5
116167 6 4 1 3 4 7 7 7 4 2
181703 5 4 2 4 4 6 7 6 4 3
31175 7 4 2 3 5 6 5 4 4 5
47559 6 4 2 4 5 6 5 4 4 5
80327 6 3 2 4 7 6 4 3 4 6
145863 6 3 1 5 7 7 3 2 4 7
55751 6 3 3 4 4 6 6 5 4 4
88519 5 4 2 4 6 6 5 4 4 5
154055 5 3 3 4 6 7 4 3 4 6
104903 6 2 2 5 6 6 5 4 4 5
170439 5 3 2 5 6 7 4 3 4 6
203207 6 2 1 5 8 7 3 2 4 7
59847 6 4 2 3 4 6 7 6 4 3
92615 5 4 3 2 6 6 6 5 4 4
158151 5 3 3 4 5 7 5 4 4 5
108999 5 4 2 3 6 6 6 5 4 4
174535 4 5 1 5 5 7 5 4 4 5
207303 5 3 2 4 7 7 4 3 4 6
117191 6 3 2 3 5 6 7 6 4 3
182727 5 3 3 4 4 7 6 5 4 4
215495 5 3 3 3 6 7 5 4 4 5
61895 7 4 1 2 4 7 7 6 4 3
94663 6 4 1 3 5 7 6 5 4 4
160199 6 3 1 4 6 7 5 4 4 5
111047 6 3 2 3 5 7 6 5 4 4
176583 5 4 1 4 6 7 5 4 4 5
209351 6 2 1 5 7 7 4 3 4 6
119239 6 4 1 3 4 7 7 6 4 3
184775 5 4 2 3 5 7 6 5 4 4
217543 5 4 1 4 6 7 5 4 4 5
16071 7 5 4 4 4 4 3 3 5 6
24263 6 5 4 4 5 3 4 4 5 5
40647 6 4 4 4 5 5 3 4 5 5
73415 6 4 3 4 6 5 4 2 5 6
28359 6 4 4 5 4 3 5 5 5 4
44743 5 5 3 5 4 5 4 5 5 4
77511 5 4 4 4 5 5 5 3 5 5
143047 5 4 3 6 4 5 4 4 4 6
52935 6 3 3 5 5 4 5 6 5 3
85703 5 4 3 4 6 4 6 4 5 4
151239 5 3 4 5 5 4 5 5 4 5
102087 6 3 2 4 6 6 5 4 5 4
167623 5 4 2 5 5 6 4 5 4 5
30407 6 4 4 4 4 4 5 5 5 4
46791 5 4 5 3 4 6 4 5 5 4
79559 5 3 5 4 4 6 5 3 5 5
145095 5 3 4 5 5 5 4 4 4 6
54983 5 4 4 3 5 5 5 6 5 3
87751 4 5 3 4 5 5 6 4 5 4
153287 4 4 4 4 6 4 5 5 4 5
104135 5 3 4 3 5 7 5 4 5 4
169671 4 4 4 3 6 6 4 5 4 5
59079 6 3 3 4 4 5 6 7 5 2
91847 5 3 4 4 4 5 7 5 5 3
157383 5 2 4 6 4 4 6 6 4 4
108231 5 3 4 3 4 7 6 5 5 3
173767 4 4 3 5 4 6 5 6 4 4
206535 5 2 4 5 4 6 6 4 4 5
116423 6 3 2 3 5 6 7 6 5 2
181959 5 3 3 4 5 5 6 7 4 3
214727 5 3 3 4 5 5 7 5 4 4
31431 6 5 3 3 5 4 5 4 5 5
47815 5 5 3 4 4 6 4 4 5 5
80583 5 4 3 4 6 5 5 2 5 6
146119 5 4 2 5 6 6 3 3 4 7
56007 5 4 4 3 5 5 5 5 5 4
88775 4 5 3 3 7 4 6 3 5 5
154311 4 4 4 3 7 5 4 4 4 6
105159 5 3 3 4 6 6 5 3 5 5
170695 4 4 3 4 6 7 3 4 4 6
203463 5 3 2 4 8 6 4 2 4 7
60103 5 5 2 4 4 5 6 6 5 3
92871 4 5 3 3 6 4 7 4 5 4
158407 4 4 3 5 5 5 5 5 4 5
109255 4 5 2 4 5 6 6 4 5 4
174791 3 6 1 6 4 7 4 5 4 5
207559 4 4 2 5 6 6 5 3 4 6
117447 5 4 2 3 6 5 7 5 5 3
182983 4 4 3 4 5 6 5 6 4 4
215751 4 4 3 3 7 5 6 4 4 5
62151 6 4 3 2 4 6 6 6 5 3
94919 5 4 3 3 5 5 7 4 5 4
160455 5 3 3 4 6 5 5 5 4 5
111303 5 3 4 3 4 7 6 4 5 4
176839 4 4 3 4 5 7 4 5 4 5
209607 5 2 3 5 6 6 5 3 4 6
119495 5 4 3 2 5 6 7 5 5 3
185031 4 4 4 2 6 6 5 6 4 4
217799 4 4 3 3 7 5 6 4 4 5
123591 6 4 2 2 4 6 8 6 5 2
31943 7 4 3 4 4 4 4 4 5 6
48327 6 4 3 4 5 5 3 4 5 6
81095 6 3 3 4 6 6 3 2 5 7
146631 6 3 2 5 6 6 3 2 4 8
56519 6 3 3 5 5 4 4 5 5 5
89287 5 4 2 5 6 5 4 3 5 6
154823 5 3 3 5 6 5 4 3 4 7
105671 6 2 2 5 7 6 3 3 5 6
171207 5 3 2 5 7 6 3 3 4 7
203975 6 2 1 5 8 7 3 1 4 8
60615 6 3 3 5 4 4 5 6 5 4
93383 5 3 4 4 5 5 5 4 5 5
158919 5 2 4 6 4 5 5 4 4 6
109767 5 3 3 4 6 6 4 4 5 5
175303 4 4 2 6 5 6 4 4 4 6
208071 5 2 3 5 6 7 4 2 4 7
117959 6 2 2 5 6 5 5 5 5 4
183495 5 2 3 6 5 5 5 5 4 5
216263 5 2 3 5 6 6 5 3 4 6
62663 6 4 3 3 4 5 5 6 5 4
95431 5 4 3 4 4 6 5 4 5 5
160967 5 3 3 5 5 5 5 4 4 6
111815 5 3 4 3 5 7 4 4 5 5
177351 4 4 3 4 6 6 4 4 4 6
210119 5 2 3 5 6 7 4 2 4 7
120007 5 4 2 4 5 6 5 5 5 4
185543 4 4 3 4 6 5 5 5 4 5
218311 4 4 2 5 6 6 5 3 4 6
124103 6 3 3 3 4 6 6 6 5 3
189639 5 3 3 5 4 5 6 6 4 4
222407 5 2 4 5 4 6 6 4 4 5
63687 7 4 2 3 4 5 5 5 5 5
96455 6 4 2 3 6 5 5 3 5 6
161991 6 3 2 4 6 6 4 3 4 7
112839 6 3 2 4 6 6 4 3 5 6
178375 5 4 1 5 6 7 3 3 4 7
121031 6 3 2 4 6 5 5 4 5 5
186567 5 3 3 4 6 6 4 4 4 6
125127 6 4 2 3 5 5 6 5 5 4
190663 5 4 2 5 4 6 5 5 4 5
16199 7 6 4 4 3 3 3 4 5 6
24391 6 6 4 4 3 4 3 5 5 5
40775 6 5 4 4 3 5 4 4 5 5
73543 6 5 3 4 4 5 4 4 4 6
28487 6 5 4 4 4 3 4 6 5 4
44871 5 6 3 4 4 4 5 5 5 4
77639 5 5 4 3 5 4 5 5 4 5
143175 5 5 3 5 4 4 4 5 5 5
53063 6 4 3 4 4 5 5 6 5 3
85831 5 5 3 3 5 5 5 6 4 4
151367 5 4 4 4 4 5 4 6 5 4
102215 6 4 2 3 5 6 6 5 4 4
167751 5 5 2 4 4 6 5 5 5 4
30535 6 5 3 5 3 4 4 6 5 4
46919 5 5 4 4 3 5 5 5 5 4
79687 5 4 4 5 3 5 5 5 4 5
145223 5 4 3 6 4 4 4 5 5 5
55111 5 5 3 4 3 6 5 6 5 3
87879 4 6 2 5 3 6 5 6 4 4
153415 4 5 3 5 4 5 4 6 5 4
104263 5 4 3 4 3 7 6 5 4 4
169799 4 5 3 4 4 6 5 5 5 4
59207 6 4 2 4 4 5 6 7 5 2
91975 5 4 3 4 4 5 6 7 4 3
157511 5 3 3 6 4 4 5 7 5 3
108359 5 4 3 3 4 6 7 6 4 3
173895 4 5 2 5 4 5 6 6 5 3
206663 5 3 3 5 4 5 6 6 4 4
116551 6 4 1 3 4 7 7 7 4 2
182087 5 4 2 4 4 6 6 7 5 2
214855 5 4 2 4 4 6 6 7 4 3
31559 6 5 4 3 4 4 4 5 5 5
47943 5 5 4 4 3 5 5 4 5 5
80711 5 4 4 4 5 4 5 4 4 6
146247 5 4 3 5 5 5 3 4 5 6
56135 5 4 5 3 3 6 5 5 5 4
88903 4 5 4 3 5 5 5 5 4 5
154439 4 4 5 3 5 6 3 5 5 5
105287 5 3 4 4 4 6 6 4 4 5
170823 4 4 4 4 4 7 4 4 5 5
203591 5 3 3 4 6 6 4 4 4 6
60231 5 5 3 3 4 5 6 6 5 3
92999 4 5 4 2 6 4 6 6 4 4
158535 4 4 4 4 5 5 4 6 5 4
109383 4 5 3 3 5 5 7 5 4 4
174919 3 6 2 5 4 6 5 5 5 4
207687 4 4 3 4 6 5 5 5 4 5
117575 5 4 3 2 5 6 7 6 4 3
183111 4 4 4 3 4 7 5 6 5 3
215879 4 4 4 2 6 6 5 6 4 4
62279 6 4 3 3 3 6 6 6 5 3
95047 5 4 3 4 4 5 6 6 4 4
160583 5 3 3 5 5 5 4 6 5 4
111431 5 3 4 4 3 6 7 5 4 4
176967 4 4 3 5 4 6 5 5 5 4
209735 5 2 3 6 5 5 5 5 4 5
119623 5 4 3 3 3 7 7 6 4 3
185159 4 4 4 3 4 7 5 6 5 3
217927 4 4 3 4 5 6 5 6 4 4
123719 6 4 2 2 4 6 8 7 4 2
189255 5 4 2 4 4 6 6 7 5 2
32071 6 6 3 4 3 4 3 5 5 6
48455 5 6 3 4 4 4 4 4 5 6
81223 5 5 3 4 5 5 3 4 4 7
146759 5 5 2 5 5 5 3 3 5 7
56647 5 5 3 5 3 5 4 5 5 5
89415 4 6 2 5 4 6 3 5 4 6
154951 4 5 3 5 4 6 3 4 5 6
105799 5 4 2 5 5 6 4 4 4 6
171335 4 5 2 5 5 6 4 3 5 6
204103 5 4 1 5 6 7 3 3 4 7
60743 5 5 3 4 4 4 5 6 5 4
93511 4 5 4 3 5 5 4 6 4 5
159047 4 4 4 5 4 5 4 5 5 5
109895 4 5 3 3 6 5 5 5 4 5
175431 3 6 2 5 5 5 5 4 5 5
208199 4 4 3 4 6 6 4 4 4 6
118087 5 4 2 4 5 6 5 6 4 4
183623 4 4 3 5 4 6 5 5 5 4
216391 4 4 3 4 5 7 4 5 4 5
62791 5 6 2 4 3 5 5 6 5 4
95559 4 6 2 5 3 6 4 6 4 5
161095 4 5 2 6 4 5 4 5 5 5
111943 4 5 3 4 4 6 5 5 4 5
177479 3 6 2 5 5 5 5 4 5 5
210247 4 4 2 6 5 6 4 4 4 6
120135 4 6 1 5 3 7 5 6 4 4
185671 3 6 2 5 4 6 5 5 5 4
218439 3 6 1 6 4 7 4 5 4 5
124231 5 5 2 3 4 6 6 7 4 3
189767 4 5 2 5 4 5 6 6 5 3
222535 4 4 3 5 4 6 5 6 4 4
63815 6 5 3 3 3 5 5 5 5 5
96583 5 5 3 3 5 5 4 5 4 6
162119 5 4 3 4 5 6 3 4 5 6
112967 5 4 3 4 5 5 5 4 4 6
178503 4 5 2 5 5 6 4 3 5 6
211271 5 3 2 5 7 6 3 3 4 7
121159 5 4 3 4 4 6 5 5 4 5
186695 4 4 4 4 4 7 4 4 5 5
219463 4 4 3 4 6 7 3 4 4 6
125255 5 5 3 2 5 5 6 6 4 4
190791 4 5 3 4 4 6 5 5 5 4
223559 4 4 4 3 6 6 4 5 4 5
127303 6 5 2 3 3 6 6 6 4 4
32327 7 5 4 4 3 2 3 5 6 6
48711 6 5 4 4 3 4 3 4 6 6
81479 6 4 4 4 4 4 4 3 5 7
147015 6 4 3 5 4 4 3 4 5 7
56903 6 4 4 4 4 4 3 5 6 5
89671 5 5 3 4 5 4 4 4 5 6
155207 5 4 4 4 5 4 3 5 5 6
106055 6 3 3 4 5 6 4 3 5 6
171591 5 4 3 4 5 6 3 4 5 6
204359 6 3 2 4 6 6 4 3 4 7
60999 6 4 3 5 4 3 4 6 6 4
93767 5 4 4 4 5 3 5 5 5 5
159303 5 3 4 6 4 3 4 6 5 5
110151 5 4 3 4 5 5 5 4 5 5
175687 4 5 2 6 4 5 4 5 5 5
208455 5 3 3 5 5 5 5 4 4 6
118343 6 3 2 4 6 5 5 5 5 4
183879 5 3 3 5 5 5 4 6 5 4
216647 5 3 3 4 6 5 5 5 4 5
63047 6 4 4 4 3 4 4 6 6 4
95815 5 4 4 5 3 4 5 5 5 5
161351 5 3 4 6 4 3 4 6 5 5
112199 5 3 5 4 3 6 5 4 5 5
177735 4 4 4 5 4 5 4 5 5 5
210503 5 2 4 6 4 5 5 4 4 6
120391 5 4 3 4 4 6 5 5 5 4
185927 4 4 4 4 5 5 4 6 5 4
218695 4 4 3 5 5 5 5 5 4 5
124487 6 3 3 4 4 5 6 6 5 3
190023 5 3 3 6 4 4 5 7 5 3
222791 5 2 4 6 4 4 6 6 4 4
64071 6 5 4 3 3 4 4 5 6 5
96839 5 5 4 3 5 3 5 4 5 6
162375 5 4 4 4 5 4 3 5 5 6
113223 5 4 4 4 4 5 5 3 5 6
178759 4 5 3 5 4 6 3 4 5 6
211527 5 3 3 5 6 5 4 3 4 7
121415 5 4 4 3 5 5 5 4 5 5
186951 4 4 5 3 5 6 3 5 5 5
219719 4 4 4 3 7 5 4 4 4 6
125511 5 5 3 3 5 4 6 5 5 4
191047 4 5 3 5 4 5 4 6 5 4
223815 4 4 4 4 6 4 5 5 4 5
127559 6 4 4 3 3 5 6 5 5 4
193095 5 4 4 4 4 5 4 6 5 4
225863 5 3 4 5 5 4 5 5 4 5
64583 7 5 3 4 3 3 3 5 6 6
97351 6 5 3 4 4 4 3 4 5 7
113735 6 4 3 4 5 5 3 3 5 7
121927 6 4 2 5 5 5 3 4 5 6
126023 6 4 3 4 5 4 4 5 5 5
128071 6 5 3 4 3 5 4 5 5 5
16263 8 6 4 3 3 3 3 4 5 6
24455 7 6 4 3 3 3 5 4 5 5
40839 7 5 4 3 3 4 5 5 4 5
73607 7 5 3 3 4 4 5 4 5 5
28551 7 5 4 3 3 4 5 5 5 4
44935 6 6 3 3 3 5 5 6 4 4
77703 6 5 4 2 4 5 5 5 5 4
53127 7 4 3 3 3 5 7 6 4 3
85895 6 5 3 2 4 5 7 5 5 3
102279 7 4 2 2 4 6 7 6 4 3
30599 7 5 3 3 4 4 5 5 5 4
46983 6 5 4 2 4 5 5 6 4 4
79751 6 4 4 3 4 5 5 5 5 4
55175 6 5 3 2 4 5 7 6 4 3
87943 5 6 2 3 4 5 7 5 5 3
104327 6 4 3 2 4 6 7 6 4 3
59271 7 4 2 2 4 6 7 7 4 2
92039 6 4 3 2 4 6 7 6 5 2
108423 6 4 3 1 4 7 7 7 4 2
31623 7 5 3 3 4 4 5 4 5 5
48007 6 5 3 4 3 5 5 5 4 5
80775 6 4 3 4 5 4 5 4 5 5
56199 6 4 4 3 3 5 7 5 4 4
88967 5 5 3 3 5 4 7 4 5 4
105351 6 3 3 4 4 5 7 5 4 4
60295 6 5 2 3 3 6 7 6 4 3
93063 5 5 3 2 5 5 7 5 5 3
109447 5 5 2 3 4 6 7 6 4 3
62343 7 4 2 2 4 6 7 6 4 3
95111 6 4 2 3 5 5 7 5 5 3
111495 6 3 3 3 4 6 7 6 4 3
32135 7 5 4 3 3 4 4 4 5 6
48519 6 5 4 3 4 4 4 5 4 6
81287 6 4 4 3 5 5 3 4 5 6
56711 6 4 4 4 3 4 6 5 4 5
89479 5 5 3 4 4 5 5 4 5 5
105863 6 3 3 4 5 5 5 5 4 5
60807 6 4 4 3 3 5 6 6 4 4
93575 5 4 5 2 4 6 5 5 5 4
109959 5 4 4 2 5 6 5 6 4 4
62855 6 5 3 2 4 5 6 6 4 4
95623 5 5 3 3 4 6 5 5 5 4
112007 5 4 4 2 5 6 5 6 4 4
63879 7 4 3 3 3 5 6 5 4 5
96647 6 4 3 3 5 5 5 4 5 5
113031 6 3 3 4 5 5 5 5 4 5
32391 7 6 4 3 3 2 4 4 6 6
48775 6 6 4 3 3 4 3 5 5 6
81543 6 5 4 3 4 4 4 3 6 6
56967 6 5 4 3 4 3 5 5 5 5
89735 5 6 3 3 5 3 6 3 6 5
106119 6 4 3 3 5 5 5 4 5 5
61063 6 5 3 4 3 4 5 6 5 4
93831 5 5 4 3 4 4 6 4 6 4
110215 5 5 3 3 4 6 5 5 5 4
63111 6 5 4 2 4 4 5 6 5 4
95879 5 5 4 3 4 4 6 4 6 4
112263 5 4 5 2 4 6 5 5 5 4
64135 6 6 3 3 3 4 5 5 5 5
96903 5 6 3 3 5 3 6 3 6 5
113287 5 5 3 4 4 5 5 4 5 5
64647 7 5 4 3 3 3 4 5 5 6
97415 6 5 4 3 4 4 4 3 6 6
113799 6 4 4 3 5 5 3 4 5 6
32519 8 6 4 3 2 2 3 5 6 6
48903 7 6 4 3 2 3 4 5 5 6
57095 7 5 4 3 2 4 5 5 5 5
2043 8 7 7 6 5 4 3 2 2 1
3067 7 7 7 6 5 4 3 3 1 2
5115 7 6 7 6 5 4 3 3 3 1
9211 7 6 6 6 5 4 3 4 3 1
17403 7 6 6 5 5 4 4 4 2 2
33787 7 6 6 5 4 5 4 3 3 2
3579 7 6 7 6 5 4 4 2 1 3
5627 6 7 6 6 5 4 4 2 3 2
9723 6 6 7 5 5 4 4 3 3 2
17915 6 6 6 6 4 4 5 3 2 3
34299 6 6 6 5 5 4 5 2 3 3
6651 7 5 6 6 5 4 4 3 2 3
10747 6 6 6 5 5 4 4 4 2 3
18939 6 5 7 5 4 4 5 4 1 4
35323 6 5 6 6 4 4 5 3 2 4
68091 6 5 6 5 6 4 3 4 2 4
12795 7 5 5 5 5 4 4 4 4 2
20987 6 6 5 5 4 4 5 4 3 3
37371 6 5 6 5 4 4 5 3 4 3
70139 6 5 5 6 5 4 3 4 4 3
25083 7 5 5 4 4 4 5 5 3 3
41467 6 6 5 4 4 4 5 4 4 3
74235 6 5 6 4 5 4 3 5 4 3
49659 7 5 5 4 3 4 6 4 3 4
3835 7 6 6 6 5 5 3 2 2 3
5883 6 6 7 5 5 5 3 2 4 2
9979 6 5 7 6 4 5 3 3 4 2
18171 6 5 6 6 5 4 4 3 3 3
34555 6 5 6 5 5 6 3 2 4 3
6907 6 6 6 5 5 5 3 3 3 3
11003 5 7 5 6 4 5 3 4 3 3
19195 5 6 6 5 5 4 4 4 2 4
35579 5 6 5 6 4 6 3 3 3 4
68347 5 6 5 5 6 5 3 3 3 4
13051 6 5 6 5 4 5 3 4 5 2
21243 5 6 6 4 5 4 4 4 4 3
37627 5 5 7 4 4 6 3 3 5 3
70395 5 5 6 5 5 5 3 3 5 3
25339 6 5 5 5 4 4 4 5 4 3
41723 5 6 5 5 3 6 3 4 5 3
74491 5 5 6 5 4 5 3 4 5 3
140027 5 5 5 7 4 4 3 5 4 3
49915 6 5 5 4 4 5 4 4 4 4
82683 5 6 5 4 5 4 4 4 4 4
7419 7 5 5 5 5 5 4 2 3 4
11515 6 5 6 5 4 5 4 3 3 4
19707 6 4 6 6 4 4 5 3 2 5
36091 6 4 5 6 5 5 4 2 3 5
68859 6 4 5 5 6 6 3 2 3 5
13563 6 5 6 4 4 5 4 3 5 3
21755 5 6 5 5 4 4 5 3 4 4
38139 5 5 6 4 5 5 4 2 5 4
70907 5 5 5 5 5 6 3 2 5 4
25851 6 4 6 5 3 4 5 4 4 4
42235 5 5 6 4 4 5 4 3 5 4
75003 5 4 7 4 4 6 3 3 5 4
140539 5 4 6 6 4 4 5 3 4 4
50427 6 4 5 5 4 4 5 3 4 5
83195 5 5 5 5 4 5 4 3 4 5
148731 5 4 6 6 4 3 6 3 3 5
14587 7 5 4 4 4 5 4 4 4 4
22779 6 5 5 4 4 4 5 4 3 5
39163 6 4 5 5 4 5 4 3 4 5
71931 6 4 4 5 6 5 3 3 4 5
26875 6 5 5 4 3 4 5 5 3 5
43259 5 6 4 5 3 5 4 4 4 5
76027 5 5 5 4 5 5 3 4 4 5
141563 5 5 4 6 4 5 4 4 3 5
51451 6 4 5 5 3 4 5 4 3 6
84219 5 5 5 4 5 4 4 4 3 6
149755 5 4 6 5 4 4 5 4 2 6
100603 6 4 4 5 5 5 3 3 4 6
28923 7 5 4 3 3 4 5 5 5 4
45307 6 5 5 3 3 5 4 4 6 4
78075 6 4 5 4 4 5 3 4 6 4
53499 6 5 5 3 3 4 5 4 5 5
86267 5 6 4 4 4 4 4 4 5 5
102651 6 4 5 4 4 5 3 3 6 5
57595 7 5 4 3 2 4 5 5 5 5
3963 7 6 6 5 6 4 3 3 2 3
6011 6 6 6 6 5 4 3 3 4 2
10107 6 5 6 6 6 3 3 4 4 2
18299 6 5 5 6 6 4 3 4 3 3
34683 6 5 5 5 6 5 4 2 4 3
7035 6 5 7 5 5 4 3 4 3 3
11131 5 6 6 5 6 3 3 5 3 3
19323 5 5 7 4 6 4 3 5 2 4
35707 5 5 6 5 5 5 4 3 3 4
68475 5 5 6 4 7 4 3 5 2 4
13179 6 4 6 6 5 3 3 5 5 2
21371 5 5 6 5 5 4 3 5 4 3
37755 5 4 7 5 4 5 4 3 5 3
70523 5 4 6 6 5 4 3 5 4 3
25467 6 4 5 5 6 3 3 6 4 3
41851 5 5 5 5 5 4 4 4 5 3
74619 5 4 6 5 6 3 3 6 4 3
140155 5 4 5 7 6 2 3 6 5 2
50043 6 4 5 4 5 5 4 4 4 4
82811 5 5 5 4 6 4 3 6 3 4
7547 6 6 5 5 5 4 4 3 3 4
11643 5 6 6 4 6 3 4 4 3 4
19835 5 5 6 5 5 4 4 4 2 5
36219 5 5 5 5 6 4 5 2 3 5
68987 5 5 5 4 7 5 3 4 2 5
13691 5 6 5 5 5 3 4 4 5 3
21883 4 7 4 6 4 4 4 4 4 4
38267 4 6 5 5 5 4 5 2 5 4
71035 4 6 4 6 5 5 3 4 4 4
25979 5 5 5 5 5 3 4 5 4 4
42363 4 6 5 4 6 3 5 3 5 4
75131 4 5 6 4 6 4 3 5 4 4
140667 4 5 5 6 6 2 5 4 5 3
50555 5 5 4 5 5 4 5 3 4 5
83323 4 6 4 5 5 5 3 5 3 5
148859 4 5 5 6 5 3 5 4 4 4
14715 6 5 5 4 5 3 4 5 4 4
22907 5 5 6 4 4 4 4 5 3 5
39291 5 4 6 5 4 4 5 3 4 5
72059 5 4 5 5 6 4 3 5 3 5
27003 5 5 6 3 5 3 4 6 3 5
43387 4 6 5 4 5 3 5 4 4 5
76155 4 5 6 3 7 3 3 6 3 5
141691 4 5 5 5 6 3 4 5 4 4
51579 5 4 6 4 4 4 5 4 3 6
84347 4 5 6 3 6 4 3 6 2 6
149883 4 4 7 4 5 4 4 5 3 5
100731 5 4 5 4 6 4 4 4 3 6
29051 6 5 4 4 4 3 4 6 5 4
45435 5 5 5 4 4 3 5 4 6 4
78203 5 4 5 5 5 3 3 6 5 4
143739 5 4 4 6 6 2 4 5 6 3
53627 5 5 5 4 3 4 5 4 5 5
86395 4 6 4 5 4 4 3 6 4 5
151931 4 5 5 5 5 3 4 5 5 4
102779 5 4 5 5 4 4 4 4 5 5
168315 4 5 5 5 5 3 5 3 6 4
57723 6 5 4 3 4 3 5 5 5 5
90491 5 5 5 3 5 3 3 7 4 5
7803 7 5 5 4 5 5 3 3 4 4
11899 6 5 5 5 5 4 3 4 4 4
20091 6 4 5 5 6 4 3 4 3 5
36475 6 4 4 5 6 6 3 2 4 5
69243 6 4 4 4 7 6 3 3 3 5
13947 6 4 6 5 4 4 3 4 6 3
22139 5 5 5 5 5 4 3 4 5 4
38523 5 4 6 4 5 6 3 2 6 4
71291 5 4 5 5 5 6 3 3 5 4
26235 6 3 5 6 5 3 3 5 5 4
42619 5 4 5 5 5 5 3 3 6 4
75387 5 3 6 5 5 5 3 4 5 4
140923 5 3 5 7 5 3 4 5 5 3
50811 6 3 4 5 6 5 3 3 5 5
83579 5 4 4 5 6 5 3 4 4 5
149115 5 3 5 6 6 3 4 5 4 4
99963 6 3 4 4 6 7 3 2 5 5
14971 6 5 5 4 4 4 3 5 5 4
23163 5 5 6 3 5 4 3 5 4 5
39547 5 4 6 4 4 6 3 3 5 5
72315 5 4 5 4 6 5 3 4 4 5
27259 5 5 5 4 5 3 3 6 4 5
43643 4 6 4 5 4 5 3 4 5 5
76411 4 5 5 4 6 4 3 5 4 5
141947 4 5 4 6 5 4 3 6 4 4
51835 5 4 5 4 5 5 3 4 4 6
84603 4 5 5 3 7 4 3 5 3 6
150139 4 4 6 4 6 4 3 6 3 5
100987 5 4 4 4 6 6 3 3 4 6
166523 4 5 4 5 5 6 3 4 4 5
29307 6 4 5 4 4 3 3 6 6 4
45691 5 4 6 4 3 5 3 4 7 4
78459 5 3 6 5 4 4 3 5 6 4
143995 5 3 5 6 5 3 3 6 6 3
53883 5 4 6 3 4 5 3 4 6 5
86651 4 5 5 4 5 4 3 5 5 5
152187 4 4 6 4 6 3 3 6 5 4
103035 5 3 6 4 4 6 3 3 6 5
168571 4 4 6 4 5 5 3 4 6 4
299643 4 3 8 4 3 7 3 3 7 3
57979 6 4 4 4 4 4 3 5 6 5
90747 5 4 5 4 5 3 3 6 5 5
156283 5 3 5 6 5 2 3 7 5 4
107131 5 4 5 4 4 5 3 4 6 5
15483 7 5 4 3 4 4 4 4 5 5
23675 6 5 4 4 4 4 4 4 4 6
40059 6 4 4 4 5 5 4 2 5 6
72827 6 4 3 4 6 6 3 3 4 6
27771 6 4 5 4 4 3 4 5 4 6
44155 5 5 4 4 5 4 4 3 5 6
76923 5 4 5 3 6 5 3 4 4 6
142459 5 4 4 5 5 4 5 4 4 5
52347 6 3 4 5 5 4 4 3 4 7
85115 5 4 4 4 6 5 3 4 3 7
150651 5 3 5 5 5 4 5 4 3 6
101499 6 3 3 4 7 6 3 2 4 7
167035 5 4 3 5 6 5 5 2 4 6
29819 6 5 4 4 3 3 4 5 6 5
46203 5 5 5 3 4 4 4 3 7 5
78971 5 4 5 4 4 5 3 4 6 5
144507 5 4 4 5 5 3 5 4 6 4
54395 5 5 4 4 4 4 4 3 6 6
87163 4 6 3 5 4 5 3 4 5 6
152699 4 5 4 5 5 3 5 4 5 5
103547 5 4 4 4 5 6 3 2 6 6
169083 4 5 4 4 6 4 5 2 6 5
58491 6 4 4 4 4 3 4 4 6 6
91259 5 4 5 4 4 4 3 5 5 6
156795 5 3 5 6 4 2 5 5 5 5
107643 5 4 5 3 5 5 3 3 6 6
173179 4 5 4 5 5 3 5 3 6 5
205947 5 3 5 5 5 4 4 4 5 5
115835 6 4 3 4 5 5 3 3 5 7
30843 7 5 4 2 3 3 4 6 5 6
47227 6 5 4 3 3 4 4 4 6 6
79995 6 4 4 3 5 4 3 5 5 6
55419 6 4 5 3 3 4 4 4 5 7
88187 5 5 4 3 5 4 3 5 4 7
104571 6 3 4 4 5 5 3 3 5 7
59515 6 5 4 3 3 3 4 5 5 7
92283 5 5 5 2 5 3 3 6 4 7
108667 5 5 4 3 5 4 3 4 5 7
116859 6 4 4 3 5 4 3 4 4 8
61563 7 5 4 2 2 3 4 5 7 6
4027 7 6 6 6 4 4 4 3 2 3
6075 6 6 6 6 5 3 4 3 4 2
10171 6 5 6 6 5 4 3 4 4 2
18363 6 5 5 6 5 4 5 3 3 3
34747 6 5 5 5 5 5 5 3 3 3
7099 6 5 6 7 4 3 4 4 3 3
11195 5 6 5 7 4 4 3 5 3 3
19387 5 5 6 6 4 4 5 4 2 4
35771 5 5 5 7 3 5 5 4 2 4
68539 5 5 5 6 5 4 4 5 3 3
13243 6 4 5 7 5 3 3 5 5 2
21435 5 5 5 6 5 3 5 4 4 3
37819 5 4 6 6 4 4 5 4 4 3
70587 5 4 5 7 5 3 4 5 5 2
25531 6 4 4 6 5 4 4 5 4 3
41915 5 5 4 6 4 5 4 5 4 3
74683 5 4 5 6 5 4 3 6 5 2
140219 5 4 4 8 5 3 3 6 5 2
50107 6 4 4 5 4 5 6 4 3 4
82875 5 5 4 5 5 4 5 5 4 3
7611 6 5 6 6 4 3 5 3 3 4
11707 5 5 7 5 4 4 4 4 3 4
19899 5 4 7 6 3 4 6 3 2 5
36283 5 4 6 6 4 4 6 3 2 5
69051 5 4 6 5 5 5 4 4 3 4
13755 5 5 6 5 5 3 4 4 5 3
21947 4 6 5 6 4 3 6 3 4 4
38331 4 5 6 5 5 3 6 3 4 4
71099 4 5 5 6 5 4 4 4 5 3
26043 5 4 6 5 4 4 5 4 4 4
42427 4 5 6 4 5 4 5 4 4 4
75195 4 4 7 4 5 5 3 5 5 3
140731 4 4 6 6 5 3 5 4 5 3
50619 5 4 5 5 4 4 7 3 3 5
83387 4 5 5 5 4 5 5 4 4 4
148923 4 4 6 6 4 3 7 3 4 4
14779 6 4 5 6 4 3 4 5 4 4
22971 5 4 6 6 3 3 6 4 3 5
39355 5 3 6 7 3 3 6 4 3 5
72123 5 3 5 7 5 3 4 5 4 4
27067 5 4 6 5 3 4 5 5 3 5
43451 4 5 5 6 3 4 5 5 3 5
76219 4 4 6 5 5 4 3 6 4 4
141755 4 4 5 7 4 4 4 5 4 4
51643 5 3 6 6 2 4 7 4 2 6
84411 4 4 6 5 4 4 5 5 3 5
149947 4 3 7 6 3 4 6 4 3 5
100795 5 3 5 6 4 4 5 5 3 5
29115 6 4 4 5 4 3 5 5 5 4
45499 5 4 5 5 4 3 5 5 5 4
78267 5 3 5 6 5 3 3 6 6 3
143803 5 3 4 7 6 2 4 5 6 3
53691 5 4 5 5 3 3 7 4 4 5
86459 4 5 4 6 4 3 5 5 5 4
151995 4 4 5 6 5 2 6 4 5 4
102843 5 3 5 6 4 3 5 5 5 4
168379 4 4 5 6 5 2 6 4 5 4
57787 6 4 4 4 3 4 6 5 4 5
90555 5 4 5 4 4 4 4 6 5 4
106939 5 4 5 4 4 4 4 6 5 4
7867 6 6 5 5 4 4 4 3 4 4
11963 5 6 5 6 3 5 3 4 4 4
20155 5 5 5 6 4 4 5 3 3 5
36539 5 5 4 6 4 6 4 3 3 5
69307 5 5 4 5 5 6 4 3 4 4
14011 5 5 6 5 4 4 3 4 6 3
22203 4 6 5 5 5 3 5 3 5 4
38587 4 5 6 4 5 5 4 3 5 4
71355 4 5 5 5 5 5 4 3 6 3
26299 5 4 5 6 4 4 4 4 5 4
42683 4 5 5 5 4 6 3 4 5 4
75451 4 4 6 5 4 6 3 4 6 3
140987 4 4 5 7 4 4 4 5 5 3
50875 5 4 4 5 5 5 5 3 4 5
83643 4 5 4 5 5 5 5 3 5 4
149179 4 4 5 6 5 3 6 4 4 4
100027 5 4 4 4 5 7 4 3 5 4
15035 5 6 4 6 3 4 3 5 5 4
23227 4 6 5 5 4 3 5 4 4 5
39611 4 5 5 6 3 5 4 4 4 5
72379 4 5 4 6 5 4 4 4 5 4
27323 4 6 4 6 3 4 4 5 4 5
43707 3 7 3 7 2 6 3 5 4 5
76475 3 6 4 6 4 5 3 5 5 4
142011 3 6 3 8 3 5 3 6 4 4
51899 4 5 4 6 3 5 5 4 3 6
84667 3 6 4 5 5 4 5 4 4 5
150203 3 5 5 6 4 4 5 5 3 5
101051 4 5 3 6 4 6 4 4 4 5
166587 3 6 3 7 3 6 4 5 3 5
29371 5 5 4 5 4 3 4 5 6 4
45755 4 5 5 5 3 5 3 5 6 4
78523 4 4 5 6 4 4 3 5 7 3
144059 4 4 4 7 5 3 3 6 6 3
53947 4 5 5 4 4 4 5 4 5 5
86715 3 6 4 5 5 3 5 4 6 4
152251 3 5 5 5 6 2 5 5 5 4
103099 4 4 5 5 4 5 4 4 6 4
168635 3 5 5 5 5 4 4 5 5 4
299707 3 4 7 5 3 6 4 4 5 4
58043 5 5 3 5 3 5 4 5 5 5
90811 4 5 4 5 4 4 4 5 6 4
156347 4 4 4 7 4 3 4 6 5 4
107195 4 5 4 5 3 6 3 5 6 4
172731 3 6 3 7 3 5 3 6 5 4
15547 6 5 5 4 3 4 4 4 5 5
23739 5 5 5 5 3 3 6 3 4 6
40123 5 4 5 5 4 4 5 3 4 6
72891 5 4 4 5 5 5 4 3 5 5
27835 5 4 6 5 2 4 5 4 4 6
44219 4 5 5 5 3 5 4 4 4 6
76987 4 4 6 4 4 6 3 4 5 5
142523 4 4 5 6 3 5 5 4 4 5
52411 5 3 5 6 3 4 6 3 3 7
85179 4 4 5 5 4 5 5 3 4 6
150715 4 3 6 6 3 4 7 3 3 6
101563 5 3 4 5 5 6 4 3 4 6
167099 4 4 4 6 4 5 6 3 3 6
29883 5 5 5 4 3 3 5 4 6 5
46267 4 5 6 3 4 4 4 4 6 5
79035 4 4 6 4 4 5 3 4 7 4
144571 4 4 5 5 5 3 5 4 6 4
54459 4 5 5 4 4 3 6 3 5 6
87227 3 6 4 5 4 4 5 3 6 5
152763 3 5 5 5 5 2 7 3 5 5
103611 4 4 5 4 5 5 4 3 6 5
169147 3 5 5 4 6 3 6 3 5 5
300219 3 4 7 4 4 5 5 4 4 5
58555 5 4 5 4 3 4 5 4 5 6
91323 4 4 6 4 3 5 4 4 6 5
156859 4 3 6 6 3 3 6 4 5 5
107707 4 4 6 3 4 6 3 4 6 5
173243 3 5 5 5 4 4 5 4 5 5
304315 3 4 7 4 4 5 4 5 4 5
206011 4 3 6 5 4 5 4 4 6 4
115899 5 4 4 4 4 5 5 3 5 6
30907 6 5 4 4 2 3 5 5 5 6
47291 5 5 4 5 2 4 4 5 5 6
80059 5 4 4 5 4 4 3 5 6 5
145595 5 4 3 6 4 4 4 5 5 5
55483 5 4 5 5 2 3 6 4 4 7
88251 4 5 4 5 4 3 5 4 5 6
153787 4 4 5 5 4 3 6 4 4 6
104635 5 3 4 6 4 4 4 4 5 6
170171 4 4 4 6 4 4 5 4 4 6
59579 5 5 4 5 1 4 5 5 4 7
92347 4 5 5 4 3 4 4 5 5 6
157883 4 4 5 6 2 4 5 5 4 6
108731 4 5 4 5 3 5 3 5 5 6
174267 3 6 3 7 2 5 4 5 4 6
116923 5 4 4 5 3 4 5 4 4 7
182459 4 4 5 6 2 4 6 4 3 7
61627 6 5 4 3 2 3 5 5 6 6
94395 5 5 4 4 3 3 4 5 7 5
7995 7 5 5 5 4 3 4 4 4 4
12091 6 5 5 5 5 3 3 5 4 4
20283 6 4 5 5 5 4 4 4 3 5
36667 6 4 4 5 5 5 5 3 3 5
69435 6 4 4 4 6 5 4 5 3 4
14139 6 4 5 6 5 2 3 5 6 3
22331 5 5 4 6 5 3 4 4 5 4
38715 5 4 5 5 5 4 5 3 5 4
71483 5 4 4 6 5 4 4 5 5 3
26427 6 3 4 6 6 3 3 5 5 4
42811 5 4 4 5 6 4 4 4 5 4
75579 5 3 5 5 6 4 3 6 5 3
141115 5 3 4 7 6 2 4 6 6 2
51003 6 3 3 5 6 5 5 3 4 5
83771 5 4 3 5 6 5 4 5 4 4
149307 5 3 4 6 6 3 5 5 5 3
100155 6 3 3 4 6 6 5 4 4 4
15163 6 4 5 6 4 2 3 6 5 4
23355 5 4 6 5 4 3 4 5 4 5
39739 5 3 6 6 3 4 5 4 4 5
72507 5 3 5 6 5 3 4 6 4 4
27451 5 4 5 5 5 3 3 6 4 5
43835 4 5 4 6 4 4 4 5 4 5
76603 4 4 5 5 6 3 3 7 4 4
142139 4 4 4 7 5 3 3 7 5 3
52027 5 3 5 5 4 5 5 4 3 6
84795 4 4 5 4 6 4 4 6 3 5
150331 4 3 6 5 5 4 4 6 4 4
101179 5 3 4 5 5 5 5 5 3 5
166715 4 4 4 6 4 5 5 5 4 4
29499 6 3 4 6 5 2 3 6 6 4
45883 5 3 5 6 4 3 4 5 6 4
78651 5 2 5 7 5 2 3 7 6 3
144187 5 2 4 8 6 1 3 7 7 2
54075 5 3 5 5 4 4 5 4 5 5
86843 4 4 4 6 5 3 4 6 5 4
152379 4 3 5 6 6 2 4 6 6 3
103227 5 2 5 6 4 4 5 5 5 4
168763 4 3 5 6 5 3 5 5 6 3
299835 4 2 7 6 3 5 5 4 5 4
58171 6 3 3 5 5 4 4 5 5 5
90939 5 3 4 5 6 3 3 7 5 4
156475 5 2 4 7 6 2 3 7 6 3
107323 5 3 4 5 5 4 4 6 5 4
172859 4 4 3 7 5 3 4 6 6 3
205627 5 2 4 7 6 2 3 8 6 2
15675 6 5 5 4 4 2 4 5 5 5
23867 5 5 5 5 3 3 5 4 4 6
40251 5 4 5 5 4 3 6 3 4 6
73019 5 4 4 5 5 4 4 5 4 5
27963 5 4 6 4 4 3 4 5 4 6
44347 4 5 5 4 5 3 5 4 4 6
77115 4 4 6 3 6 4 3 6 4 5
142651 4 4 5 5 5 3 5 5 5 4
52539 5 3 5 5 4 4 6 3 3 7
85307 4 4 5 4 5 5 4 5 3 6
150843 4 3 6 5 4 4 6 4 4 5
101691 5 3 4 4 6 5 5 4 3 6
167227 4 4 4 5 5 4 7 3 4 5
30011 5 5 4 5 4 2 4 5 6 5
46395 4 5 5 4 5 2 5 4 6 5
79163 4 4 5 5 5 3 3 6 6 4
144699 4 4 4 6 6 1 5 5 7 3
54587 4 5 4 5 4 3 6 3 5 6
87355 3 6 3 6 4 4 4 5 5 5
152891 3 5 4 6 5 2 6 4 6 4
103739 4 4 4 5 5 4 5 4 5 5
169275 3 5 4 5 6 2 7 3 6 4
300347 3 4 6 5 4 4 6 4 4 5
58683 5 4 4 4 5 3 5 4 5 6
91451 4 4 5 4 5 4 3 6 5 5
156987 4 3 5 6 5 2 5 5 6 4
107835 4 4 5 3 6 4 4 5 5 5
173371 3 5 4 5 6 2 6 4 6 4
304443 3 4 6 4 6 3 5 5 4 5
206139 4 3 5 5 6 3 4 6 6 3
116027 5 4 3 4 5 5 5 4 4 6
31035 6 4 5 4 3 2 4 6 5 6
47419 5 4 5 5 3 2 5 5 5 6
80187 5 3 5 5 5 2 3 7 5 5
145723 5 3 4 6 5 2 4 6 6 4
55611 5 3 6 5 2 3 6 4 4 7
88379 4 4 5 5 4 3 4 6 4 6
153915 4 3 6 5 4 3 5 5 5 5
104763 5 2 5 6 4 3 5 5 4 6
170299 4 3 5 6 4 3 6 4 5 5
301371 4 2 7 6 2 4 7 4 3 6
203067 5 2 4 6 6 3 4 6 5 4
59707 5 4 5 4 3 3 5 5 4 7
92475 4 4 6 3 5 3 3 7 4 6
158011 4 3 6 5 4 3 4 6 5 5
108859 4 4 5 4 5 3 4 6 4 6
174395 3 5 4 6 4 3 5 5 5 5
305467 3 4 6 5 4 3 6 5 3 6
207163 4 3 5 5 6 3 3 7 5 4
117051 5 3 5 4 4 4 5 5 3 7
182587 4 3 6 5 3 4 6 4 4 6
215355 4 3 6 4 5 4 4 6 4 5
61755 6 4 4 4 3 2 5 5 6 6
94523 5 4 4 5 4 2 3 7 6 5
160059 5 3 4 6 5 1 4 6 7 4
110907 5 3 5 5 4 2 4 6 6 5
119099 5 4 4 5 3 3 5 5 5 6
15931 7 5 4 4 3 3 3 5 6 5
24123 6 5 4 4 4 3 4 4 5 6
40507 6 4 4 4 4 5 4 3 5 6
73275 6 4 3 4 5 5 4 4 5 5
28219 6 4 4 5 4 3 3 5 5 6
44603 5 5 3 5 4 5 3 4 5 6
77371 5 4 4 4 5 5 3 5 5 5
142907 5 4 3 6 4 4 4 6 5 4
52795 6 3 3 5 5 5 4 3 4 7
85563 5 4 3 4 6 5 4 4 4 6
151099 5 3 4 5 5 4 5 5 4 5
101947 6 3 2 4 6 7 4 3 4 6
167483 5 4 2 5 5 6 5 4 4 5
30267 6 4 4 5 4 2 3 5 7 5
46651 5 4 5 4 4 4 3 4 7 5
79419 5 3 5 5 4 4 3 5 7 4
144955 5 3 4 6 5 2 4 6 7 3
54843 5 4 4 4 5 4 4 3 6 6
87611 4 5 3 5 5 4 4 4 6 5
153147 4 4 4 5 6 2 5 5 6 4
103995 5 3 4 4 5 6 4 3 6 5
169531 4 4 4 4 6 4 5 4 6 4
58939 6 3 3 5 5 4 3 4 6 6
91707 5 3 4 5 5 4 3 5 6 5
157243 5 2 4 7 5 2 4 6 6 4
108091 5 3 4 4 5 6 3 4 6 5
173627 4 4 3 6 5 4 4 5 6 4
206395 5 2 4 6 5 4 4 6 6 3
116283 6 3 2 4 6 6 4 3 5 6
181819 5 3 3 5 6 4 5 4 5 5
31291 6 5 4 4 3 2 3 6 6 6
47675 5 5 4 5 2 4 3 5 6 6
80443 5 4 4 5 4 3 3 6 6 5
145979 5 4 3 6 4 3 3 7 6 4
55867 5 4 5 4 3 4 4 4 5 7
88635 4 5 4 4 5 3 4 5 5 6
154171 4 4 5 4 5 3 4 6 5 5
105019 5 3 4 5 4 5 4 4 5 6
170555 4 4 4 5 4 5 4 5 5 5
203323 5 3 3 5 6 4 4 6 5 4
59963 5 5 3 5 3 4 3 5 5 7
92731 4 5 4 4 5 3 3 6 5 6
158267 4 4 4 6 4 3 3 7 5 5
109115 4 5 3 5 4 5 3 5 5 6
174651 3 6 2 7 3 5 3 6 5 5
207419 4 4 3 6 5 4 3 7 5 4
117307 5 4 3 4 5 5 4 4 4 7
182843 4 4 4 5 4 5 4 5 4 6
215611 4 4 4 4 6 4 4 6 4 5
62011 6 4 4 4 3 3 3 5 7 6
94779 5 4 4 5 4 2 3 6 7 5
160315 5 3 4 6 5 1 3 7 7 4
111163 5 3 5 5 3 4 3 5 7 5
176699 4 4 4 6 4 3 3 6 7 4
209467 5 2 4 7 5 2 3 7 7 3
119355 5 4 4 4 4 4 4 4 6 6
184891 4 4 5 4 5 3 4 5 6 5
217659 4 4 4 5 6 2 4 6 6 4
234043 5 3 4 5 5 4 4 5 6 4
123451 6 4 3 4 4 4 3 5 6 6
31803 7 5 4 3 2 2 4 5 6 7
48187 6 5 4 3 3 3 4 4 6 7
80955 6 4 4 3 4 4 3 5 6 6
56379 6 4 4 4 3 3 5 3 5 8
89147 5 5 3 4 4 4 4 4 5 7
105531 6 3 3 4 5 5 4 3 5 7
60475 6 4 4 4 3 3 4 4 5 8
93243 5 4 5 3 4 4 3 5 5 7
109627 5 4 4 3 5 5 3 4 5 7
117819 6 3 3 4 5 5 4 3 4 8
62523 6 5 4 3 3 2 4 4 7 7
95291 5 5 4 4 3 3 3 5 7 6
111675 5 4 5 3 4 4 3 4 7 6
119867 5 5 3 4 4 4 4 3 6 7
4059 7 6 7 5 4 4 4 3 2 3
6107 6 6 7 5 4 5 3 3 4 2
10203 6 5 7 5 4 5 4 3 4 2
18395 6 5 6 5 4 5 5 4 2 3
34779 6 5 6 4 4 6 5 3 4 2
7131 6 5 7 5 5 4 3 4 3 3
11227 5 6 6 5 5 4 4 4 3 3
19419 5 5 7 4 5 4 5 5 1 4
35803 5 5 6 5 4 5 5 4 3 3
68571 5 5 6 4 6 4 4 5 3 3
13275 6 4 6 5 5 5 3 4 5 2
21467 5 5 6 4 5 5 4 5 3 3
37851 5 4 7 4 4 6 4 4 5 2
70619 5 4 6 5 5 5 3 5 5 2
25563 6 4 5 4 5 5 5 5 3 3
41947 5 5 5 4 4 6 5 4 5 2
74715 5 4 6 4 5 5 4 5 5 2
140251 5 4 5 6 5 4 4 5 4 3
50139 6 4 5 3 4 6 6 5 3 3
82907 5 5 5 3 5 5 5 6 3 3
7643 6 5 6 6 4 4 4 3 3 4
11739 5 5 7 5 4 4 5 3 3 4
19931 5 4 7 6 3 4 6 4 1 5
36315 5 4 6 6 4 4 6 3 3 4
69083 5 4 6 5 5 5 4 4 3 4
13787 5 5 6 5 4 5 4 3 5 3
21979 4 6 5 6 3 5 5 4 3 4
38363 4 5 6 5 4 5 5 3 5 3
71131 4 5 5 6 4 6 3 4 5 3
26075 5 4 6 5 3 5 6 4 3 4
42459 4 5 6 4 4 5 6 3 5 3
75227 4 4 7 4 4 6 4 4 5 3
140763 4 4 6 6 4 4 6 3 4 4
50651 5 4 5 5 3 5 7 4 3 4
83419 4 5 5 5 3 6 5 5 3 4
148955 4 4 6 6 3 4 7 4 2 5
14811 6 4 5 5 5 4 4 4 4 4
23003 5 4 6 5 4 4 5 5 2 5
39387 5 3 6 6 4 4 5 4 4 4
72155 5 3 5 6 6 4 3 5 4 4
27099 5 4 6 4 4 4 6 5 2 5
43483 4 5 5 5 4 4 6 4 4 4
76251 4 4 6 4 6 4 4 5 4 4
141787 4 4 5 6 5 4 5 4 3 5
51675 5 3 6 5 3 4 7 5 2 5
84443 4 4 6 4 5 4 5 6 2 5
149979 4 3 7 5 4 4 6 5 1 6
100827 5 3 5 5 5 4 5 5 4 4
29147 6 4 4 4 4 5 5 5 4 4
45531 5 4 5 4 4 5 5 4 6 3
78299 5 3 5 5 5 5 3 5 6 3
143835 5 3 4 6 6 4 4 4 5 4
53723 5 4 5 4 3 5 6 5 4 4
86491 4 5 4 5 4 5 4 6 4 4
152027 4 4 5 5 5 4 5 5 3 5
102875 5 3 5 5 4 5 4 5 6 3
168411 4 4 5 5 5 4 5 4 5 4
57819 6 4 4 3 3 5 7 5 4 4
90587 5 4 5 3 4 5 5 6 4 4
106971 5 4 5 3 4 5 5 5 6 3
7899 6 5 7 4 4 5 3 3 4 4
11995 5 5 7 5 3 5 4 3 4 4
20187 5 4 7 5 4 4 5 4 2 5
36571 5 4 6 5 4 6 4 3 4 4
69339 5 4 6 4 5 6 4 3 4 4
14043 5 4 8 4 3 6 3 3 6 3
22235 4 5 7 4 4 5 4 4 4 4
38619 4 4 8 3 4 7 3 3 6 3
71387 4 4 7 4 4 7 3 3 6 3
26331 5 3 7 5 3 5 5 4 4 4
42715 4 4 7 4 3 7 4 3 6 3
75483 4 3 8 4 3 7 4 3 6 3
141019 4 3 7 6 3 5 5 4 4 4
50907 5 3 6 4 4 6 5 4 4 4
83675 4 4 6 4 4 6 5 4 4 4
149211 4 3 7 5 4 4 6 5 2 5
100059 5 3 6 3 4 8 4 3 6 3
15067 5 5 6 4 4 5 3 4 5 4
23259 4 5 7 3 5 4 4 5 3 5
39643 4 4 7 4 4 6 3 4 5 4
72411 4 4 6 4 6 5 3 4 5 4
27355 4 5 6 4 4 4 5 5 3 5
43739 3 6 5 5 3 6 4 4 5 4
76507 3 5 6 4 5 5 4 4 5 4
142043 3 5 5 6 4 5 4 5 3 5
51931 4 4 6 4 4 5 5 5 3 5
84699 3 5 6 3 6 4 5 5 3 5
150235 3 4 7 4 5 4 5 6 1 6
101083 4 4 5 4 5 6 4 4 5 4
166619 3 5 5 5 4 6 4 5 3 5
29403 5 4 6 3 4 5 4 5 5 4
45787 4 4 7 3 3 7 3 4 7 3
78555 4 3 7 4 4 6 3 4 7 3
144091 4 3 6 5 5 5 3 5 5 4
53979 4 4 7 2 4 6 4 5 5 4
86747 3 5 6 3 5 5 4 5 5 4
152283 3 4 7 3 6 4 4 6 3 5
103131 4 3 7 3 4 7 3 4 7 3
168667 3 4 7 3 5 6 3 5 5 4
299739 3 3 9 3 3 8 3 3 7 3
58075 5 4 5 3 3 6 5 5 5 4
90843 4 4 6 3 4 5 5 5 5 4
156379 4 3 6 5 4 4 5 6 3 5
107227 4 4 6 3 3 7 4 4 7 3
172763 3 5 5 5 3 6 4 5 5 4
15579 6 4 6 4 3 5 4 3 5 5
23771 5 4 6 5 3 4 5 4 3 6
40155 5 3 6 5 4 5 4 3 5 5
72923 5 3 5 5 5 6 3 3 5 5
27867 5 3 7 5 2 4 6 4 3 6
44251 4 4 6 5 3 5 5 3 5 5
77019 4 3 7 4 4 6 4 3 5 5
142555 4 3 6 6 3 5 6 3 3 6
52443 5 2 6 6 3 4 6 4 3 6
85211 4 3 6 5 4 5 5 4 3 6
150747 4 2 7 6 3 4 7 4 1 7
101595 5 2 5 5 5 6 4 3 5 5
167131 4 3 5 6 4 5 6 3 3 6
29915 5 4 6 4 2 5 5 4 5 5
46299 4 4 7 3 3 6 4 3 7 4
79067 4 3 7 4 3 7 3 3 7 4
144603 4 3 6 5 4 5 5 3 5 5
54491 4 4 6 4 3 5 5 4 5 5
87259 3 5 5 5 3 6 4 4 5 5
152795 3 4 6 5 4 4 6 4 3 6
103643 4 3 6 4 4 7 3 3 7 4
169179 3 4 6 4 5 5 5 3 5 5
300251 3 3 8 4 3 7 4 3 6 4
58587 5 3 6 4 2 5 6 4 5 5
91355 4 3 7 4 2 6 5 4 5 5
156891 4 2 7 6 2 4 7 4 3 6
107739 4 3 7 3 3 7 4 3 7 4
173275 3 4 6 5 3 5 6 3 5 5
304347 3 3 8 4 3 6 5 3 6 4
206043 4 2 7 5 3 6 5 3 5 5
115931 5 3 5 4 3 6 5 4 5 5
30939 6 4 5 3 3 4 5 5 4 6
47323 5 4 5 4 3 5 4 4 6 5
80091 5 3 5 4 5 5 3 4 6 5
145627 5 3 4 5 5 5 4 4 4 6
55515 5 3 6 4 3 4 5 5 4 6
88283 4 4 5 4 5 4 4 5 4 6
153819 4 3 6 4 5 4 5 5 2 7
104667 5 2 5 5 5 5 3 4 6 5
170203 4 3 5 5 5 5 4 4 4 6
202971 5 2 4 5 7 5 3 4 4 6
59611 5 4 5 4 2 4 6 5 4 6
92379 4 4 6 3 4 4 5 5 4 6
157915 4 3 6 5 3 4 6 5 2 7
108763 4 4 5 4 4 5 4 4 6 5
174299 3 5 4 6 3 5 5 4 4 6
207067 4 3 5 5 5 5 4 4 4 6
116955 5 3 5 4 4 4 5 5 4 6
182491 4 3 6 5 3 4 6 5 2 7
215259 4 3 6 4 5 4 5 5 2 7
61659 6 4 5 2 2 5 5 5 6 5
94427 5 4 5 3 3 5 4 5 6 5
110811 5 3 6 3 3 6 3 4 8 4
8027 6 6 6 4 4 4 3 4 4 4
12123 5 6 6 4 5 3 4 4 4 4
20315 5 5 6 4 5 4 4 5 2 5
36699 5 5 5 4 5 5 5 3 4 4
69467 5 5 5 3 6 5 4 5 3 4
14171 5 5 6 5 4 4 3 4 6 3
22363 4 6 5 5 4 5 3 5 4 4
38747 4 5 6 4 4 6 4 3 6 3
71515 4 5 5 5 4 6 3 5 5 3
26459 5 4 5 5 5 4 4 5 4 4
42843 4 5 5 4 5 5 5 3 6 3
75611 4 4 6 4 5 5 4 5 5 3
141147 4 4 5 6 5 3 5 5 5 3
51035 5 4 4 4 5 6 5 4 4 4
83803 4 5 4 4 5 6 4 6 3 4
149339 4 4 5 5 5 4 5 6 3 4
100187 5 4 4 3 5 7 5 4 5 3
15195 5 5 6 4 5 3 3 5 5 4
23387 4 5 7 3 5 4 3 6 3 5
39771 4 4 7 4 4 5 4 4 5 4
72539 4 4 6 4 6 4 3 6 4 4
27483 4 5 6 3 6 3 4 6 3 5
43867 3 6 5 4 5 4 5 4 5 4
76635 3 5 6 3 7 3 4 6 4 4
142171 3 5 5 5 6 3 4 6 4 4
52059 4 4 6 3 5 5 5 5 3 5
84827 3 5 6 2 7 4 4 7 2 5
150363 3 4 7 3 6 4 4 7 2 5
101211 4 4 5 3 6 5 5 5 4 4
166747 3 5 5 4 5 5 5 5 4 4
29531 5 4 5 4 5 4 3 6 5 4
45915 4 4 6 4 4 5 4 4 7 3
78683 4 3 6 5 5 4 3 6 6 3
144219 4 3 5 6 6 3 3 6 6 3
54107 4 4 6 3 4 6 4 5 5 4
86875 3 5 5 4 5 5 3 7 4 4
152411 3 4 6 4 6 4 3 7 4 4
103259 4 3 6 4 4 6 4 5 6 3
168795 3 4 6 4 5 5 4 5 6 3
299867 3 3 8 4 3 7 4 3 7 3
58203 5 4 4 3 5 5 5 5 5 4
90971 4 4 5 3 6 4 4 7 4 4
156507 4 3 5 5 6 3 4 7 4 4
107355 4 4 5 3 5 5 5 5 6 3
172891 3 5 4 5 5 4 5 5 6 3
205659 4 3 5 5 6 3 4 7 5 3
15707 5 6 5 4 4 3 4 4 5 5
23899 4 6 5 5 3 4 4 5 3 6
40283 4 5 5 5 4 4 5 3 5 5
73051 4 5 4 5 5 5 3 5 4 5
27995 4 5 6 4 4 3 5 5 3 6
44379 3 6 5 4 5 3 6 3 5 5
77147 3 5 6 3 6 4 4 5 4 5
142683 3 5 5 5 5 3 6 4 4 5
52571 4 4 5 5 4 4 6 4 3 6
85339 3 5 5 4 5 5 4 6 2 6
150875 3 4 6 5 4 4 6 5 2 6
101723 4 4 4 4 6 5 5 4 4 5
167259 3 5 4 5 5 4 7 3 4 5
30043 4 6 4 5 3 4 4 5 5 5
46427 3 6 5 4 4 4 5 3 7 4
79195 3 5 5 5 4 5 3 5 6 4
144731 3 5 4 6 5 3 5 4 6 4
54619 3 6 4 5 3 5 5 4 5 5
87387 2 7 3 6 3 6 3 6 4 5
152923 2 6 4 6 4 4 5 5 4 5
103771 3 5 4 5 4 6 4 4 6 4
169307 2 6 4 5 5 4 6 3 6 4
300379 2 5 6 5 3 6 5 3 6 4
58715 4 5 4 4 4 4 6 4 5 5
91483 3 5 5 4 4 5 4 6 4 5
157019 3 4 5 6 4 3 6 5 4 5
107867 3 5 5 3 5 5 5 4 6 4
173403 2 6 4 5 5 3 7 3 6 4
304475 2 5 6 4 5 4 6 3 6 4
206171 3 4 5 5 5 4 5 5 5 4
116059 4 5 3 4 4 6 5 5 4 5
31067 5 5 5 3 4 3 4 6 4 6
47451 4 5 5 4 4 3 5 4 6 5
80219 4 4 5 4 6 3 3 6 5 5
145755 4 4 4 5 6 3 4 5 5 5
55643 4 4 6 4 3 4 5 5 4 6
88411 3 5 5 4 5 4 3 7 3 6
153947 3 4 6 4 5 4 4 6 3 6
104795 4 3 5 5 5 4 4 5 5 5
170331 3 4 5 5 5 4 5 4 5 5
301403 3 3 7 5 3 5 6 3 5 5
203099 4 3 4 5 7 4 3 6 4 5
59739 4 5 5 3 4 3 6 5 4 6
92507 3 5 6 2 6 3 4 7 3 6
158043 3 4 6 4 5 3 5 6 3 6
108891 3 5 5 3 6 3 5 5 5 5
174427 2 6 4 5 5 3 6 4 5 5
305499 2 5 6 4 5 3 7 3 5 5
207195 3 4 5 4 7 3 4 6 4 5
338267 2 5 6 3 7 3 5 5 4 5
117083 4 4 5 3 5 4 5 6 3 6
182619 3 4 6 4 4 4 6 5 3 6
215387 3 4 6 3 6 4 4 7 2 6
61787 5 5 4 3 3 4 5 5 6 5
94555 4 5 4 4 4 4 3 7 5 5
160091 4 4 4 5 5 3 4 6 5 5
110939 4 4 5 4 4 4 4 5 7 4
176475 3 5 4 5 5 3 5 4 7 4
119131 4 5 4 4 3 5 4 6 5 5
15963 6 5 6 3 3 4 3 4 6 5
24155 5 5 6 3 4 4 3 5 4 6
40539 5 4 6 3 4 6 3 3 6 5
73307 5 4 5 3 5 6 3 4 5 5
28251 5 4 6 4 4 3 4 5 4 6
44635 4 5 5 4 4 5 4 3 6 5
77403 4 4 6 3 5 5 4 4 5 5
142939 4 4 5 5 4 4 5 5 4 5
52827 5 3 5 4 5 5 4 4 4 6
85595 4 4 5 3 6 5 4 5 3 6
151131 4 3 6 4 5 4 5 6 2 6
101979 5 3 4 3 6 7 4 3 5 5
167515 4 4 4 4 5 6 5 4 4 5
30299 5 4 6 4 3 4 3 5 6 5
46683 4 4 7 3 3 6 3 3 8 4
79451 4 3 7 4 3 6 3 4 7 4
144987 4 3 6 5 4 4 4 5 6 4
54875 4 4 6 3 4 6 3 4 6 5
87643 3 5 5 4 4 6 3 5 5 5
153179 3 4 6 4 5 4 4 6 4 5
104027 4 3 6 3 4 8 3 3 7 4
169563 3 4 6 3 5 6 4 4 6 4
300635 3 3 8 3 3 8 3 3 8 3
58971 5 3 5 4 4 5 4 4 6 5
91739 4 3 6 4 4 5 4 5 5 5
157275 4 2 6 6 4 3 5 6 4 5
108123 4 3 6 3 4 7 4 3 7 4
173659 3 4 5 5 4 5 5 4 6 4
304731 3 3 7 4 4 6 4 3 8 3
206427 4 2 6 5 4 5 5 5 5 4
116315 5 3 4 3 5 7 4 4 5 5
181851 4 3 5 4 5 5 5 5 4 5
31323 5 5 6 2 4 3 3 6 5 6
47707 4 5 6 3 3 5 3 4 7 5
80475 4 4 6 3 5 4 3 5 6 5
146011 4 4 5 4 5 4 3 6 5 5
55899 4 4 7 2 4 5 3 5 5 6
88667 3 5 6 2 6 4 3 6 4 6
154203 3 4 7 2 6 4 3 7 3 6
105051 4 3 6 3 5 6 3 4 6 5
170587 3 4 6 3 5 6 3 5 5 5
301659 3 3 8 3 3 7 4 3 7 4
203355 4 3 5 3 7 5 3 6 4 5
59995 4 5 5 3 4 4 4 5 5 6
92763 3 5 6 2 6 3 4 6 4 6
158299 3 4 6 4 5 3 4 7 3 6
109147 3 5 5 3 5 5 4 4 6 5
174683 2 6 4 5 4 5 4 5 5 5
305755 2 5 6 4 4 5 5 3 7 4
207451 3 4 5 4 6 4 4 6 4 5
338523 2 5 6 3 6 4 5 4 6 4
117339 4 4 5 2 6 5 4 5 4 6
182875 3 4 6 3 5 5 4 6 3 6
313947 3 3 7 4 4 5 5 4 5 5
215643 3 4 6 2 7 4 4 7 2 6
62043 5 4 6 2 3 5 3 5 7 5
94811 4 4 6 3 4 4 3 6 6 5
160347 4 3 6 4 5 3 3 7 5 5
111195 4 3 7 3 3 6 3 4 8 4
176731 3 4 6 4 4 5 3 5 7 4
307803 3 3 8 3 3 7 3 3 9 3
209499 4 2 6 5 5 4 3 6 6 4
119387 4 4 6 2 4 6 3 5 6 5
184923 3 4 7 2 5 5 3 6 5 5
217691 3 4 6 3 6 4 3 7 4 5
234075 4 3 6 3 5 6 3 5 6 4
123483 5 4 5 2 4 5 4 5 6 5
31835 6 5 5 3 2 3 4 5 5 7
48219 5 5 5 3 3 4 4 3 7 6
80987 5 4 5 3 4 5 3 4 6 6
146523 5 4 4 4 4 4 5 4 5 6
56411 5 4 5 4 3 4 4 4 5 7
89179 4 5 4 4 4 5 3 5 4 7
154715 4 4 5 4 4 4 5 5 3 7
105563 5 3 4 4 5 6 3 3 6 6
171099 4 4 4 4 5 5 5 3 5 6
60507 5 4 5 4 3 3 5 4 5 7
93275 4 4 6 3 4 4 4 5 4 7
158811 4 3 6 5 3 3 6 5 3 7
109659 4 4 5 3 5 5 4 3 6 6
175195 3 5 4 5 4 4 6 3 5 6
117851 5 3 4 4 5 5 4 4 4 7
183387 4 3 5 5 4 4 6 4 3 7
62555 5 5 5 3 2 4 4 4 7 6
95323 4 5 5 4 2 5 3 5 6 6
160859 4 4 5 5 3 3 5 5 5 6
111707 4 4 6 3 3 6 3 3 8 5
177243 3 5 5 4 4 4 5 3 7 5
119899 4 5 4 4 3 6 3 4 6 6
185435 3 5 5 4 4 4 5 4 5 6
123995 5 4 5 3 3 5 4 4 6 6
63579 6 5 5 2 2 3 4 5 6 7
8091 7 5 6 5 3 3 4 4 4 4
12187 6 5 6 5 3 4 4 4 4 4
20379 6 4 6 5 3 4 6 4 2 5
36763 6 4 5 5 3 5 6 4 3 4
69531 6 4 5 4 4 5 5 5 4 3
14235 6 4 6 5 4 4 3 4 6 3
22427 5 5 5 5 4 4 5 4 4 4
38811 5 4 6 4 4 5 5 4 5 3
71579 5 4 5 5 4 5 4 5 6 2
26523 6 3 5 5 4 5 5 4 4 4
42907 5 4 5 4 4 6 5 4 5 3
75675 5 3 6 4 4 6 4 5 6 2
141211 5 3 5 6 4 4 5 5 5 3
51099 6 3 4 4 4 6 7 4 3 4
83867 5 4 4 4 4 6 6 5 4 3
149403 5 3 5 5 4 4 7 5 3 4
100251 6 3 4 3 4 7 6 5 5 2
15259 6 4 5 6 4 3 3 5 5 4
23451 5 4 6 5 4 3 5 5 3 5
39835 5 3 6 6 3 4 5 5 4 4
72603 5 3 5 6 5 3 4 6 5 3
27547 5 4 5 5 4 4 5 5 3 5
43931 4 5 4 6 3 5 5 5 4 4
76699 4 4 5 5 5 4 4 6 5 3
142235 4 4 4 7 4 4 4 6 4 4
52123 5 3 5 5 3 5 7 5 2 5
84891 4 4 5 4 5 4 6 6 3 4
150427 4 3 6 5 4 4 6 6 2 5
101275 5 3 4 5 4 5 6 6 4 3
166811 4 4 4 6 3 5 6 6 3 4
29595 6 3 4 5 5 4 4 5 5 4
45979 5 3 5 5 4 5 4 5 6 3
78747 5 2 5 6 5 4 3 6 7 2
144283 5 2 4 7 6 3 3 6 6 3
54171 5 3 5 4 4 5 6 5 4 4
86939 4 4 4 5 5 4 5 6 5 3
152475 4 3 5 5 6 3 5 6 4 4
103323 5 2 5 5 4 5 5 6 6 2
168859 4 3 5 5 5 4 5 6 5 3
299931 4 2 7 5 3 6 5 4 5 4
58267 6 3 3 4 4 6 6 5 4 4
91035 5 3 4 4 5 5 5 6 5 3
156571 5 2 4 6 5 4 5 6 4 4
107419 5 3 4 4 4 6 5 6 6 2
172955 4 4 3 6 4 5 5 6 5 3
205723 5 2 4 6 5 4 4 7 6 2
115611 6 3 3 3 4 6 7 6 4 3
15771 6 4 6 5 3 3 4 4 5 5
23963 5 4 6 6 2 3 6 4 3 6
40347 5 3 6 6 3 3 6 4 4 5
73115 5 3 5 6 4 4 4 5 5 4
28059 5 3 7 5 2 4 6 4 3 6
44443 4 4 6 5 3 4 6 4 4 5
77211 4 3 7 4 4 5 4 5 5 4
142747 4 3 6 6 3 4 6 4 4 5
52635 5 2 6 6 2 4 8 4 2 6
85403 4 3 6 5 3 5 6 5 3 5
150939 4 2 7 6 2 4 8 4 2 6
101787 5 2 5 5 4 5 6 5 4 4
167323 4 3 5 6 3 4 8 4 3 5
30107 5 4 5 5 3 4 5 4 5 5
46491 4 4 6 4 4 4 5 4 6 4
79259 4 3 6 5 4 5 3 5 7 3
144795 4 3 5 6 5 3 5 4 6 4
54683 4 4 5 5 3 4 7 4 4 5
87451 3 5 4 6 3 5 5 5 5 4
152987 3 4 5 6 4 3 7 4 4 5
103835 4 3 5 5 4 5 5 5 6 3
169371 3 4 5 5 5 3 7 4 5 4
300443 3 3 7 5 3 5 6 4 4 5
58779 5 3 5 4 3 5 7 4 4 5
91547 4 3 6 4 3 6 5 5 5 4
157083 4 2 6 6 3 4 7 4 4 5
107931 4 3 6 3 4 6 5 5 6 3
173467 3 4 5 5 4 4 7 4 5 4
304539 3 3 7 4 4 5 6 4 4 5
206235 4 2 6 5 4 5 5 5 6 3
116123 5 3 4 4 3 6 7 5 4 4
181659 4 3 5 5 3 4 9 4 3 5
31131 6 3 5 5 3 3 5 5 4 6
47515 5 3 5 6 3 3 5 5 5 5
80283 5 2 5 6 5 3 3 6 6 4
145819 5 2 4 7 5 3 4 5 5 5
55707 5 2 6 6 2 3 7 5 3 6
88475 4 3 5 6 4 3 5 6 4 5
154011 4 2 6 6 4 3 6 5 3 6
104859 5 1 5 7 4 3 5 6 5 4
170395 4 2 5 7 4 3 6 5 4 5
301467 4 1 7 7 2 4 7 4 3 6
203163 5 1 4 7 6 3 4 6 5 4
59803 5 3 5 5 2 4 7 5 3 6
92571 4 3 6 4 4 4 5 6 4 5
158107 4 2 6 6 3 4 6 5 3 6
108955 4 3 5 5 4 4 5 6 5 4
174491 3 4 4 7 3 4 6 5 4 5
305563 3 3 6 6 3 4 7 4 3 6
207259 4 2 5 6 5 4 4 6 5 4
338331 3 3 6 5 5 4 5 5 4 5
117147 5 2 5 5 3 4 7 6 3 5
182683 4 2 6 6 2 4 8 5 2 6
313755 4 1 7 7 1 4 9 4 1 7
215451 4 2 6 5 4 4 6 6 3 5
61851 6 3 4 4 3 4 6 5 5 5
94619 5 3 4 5 4 4 4 6 6 4
160155 5 2 4 6 5 3 5 5 5 5
111003 5 2 5 5 4 4 4 6 7 3
176539 4 3 4 6 5 3 5 5 6 4
209307 5 1 4 7 6 3 3 6 7 3
119195 5 3 4 5 3 4 6 6 5 4
184731 4 3 5 5 4 3 7 5 4 5
16027 6 5 6 4 2 4 3 4 6 5
24219 5 5 6 4 3 3 5 4 4 6
40603 5 4 6 4 3 5 4 4 5 5
73371 5 4 5 4 4 5 4 4 6 4
28315 5 4 6 5 2 4 5 4 4 6
44699 4 5 5 5 2 6 4 4 5 5
77467 4 4 6 4 3 6 4 4 6 4
143003 4 4 5 6 2 5 5 5 4 5
52891 5 3 5 5 3 5 6 4 3 6
85659 4 4 5 4 4 5 6 4 4 5
151195 4 3 6 5 3 4 7 5 2 6
102043 5 3 4 4 4 7 5 4 5 4
167579 4 4 4 5 3 6 6 5 3 5
30363 5 4 6 4 3 4 4 4 6 5
46747 4 4 7 3 3 6 3 4 7 4
79515 4 3 7 4 3 6 3 4 8 3
145051 4 3 6 5 4 4 4 5 6 4
54939 4 4 6 3 4 5 5 4 5 5
87707 3 5 5 4 4 5 5 4 6 4
153243 3 4 6 4 5 3 6 5 4 5
104091 4 3 6 3 4 7 4 4 7 3
169627 3 4 6 3 5 5 5 5 5 4
300699 3 3 8 3 3 7 4 4 6 4
59035 5 3 5 4 3 6 5 4 5 5
91803 4 3 6 4 3 6 5 4 6 4
157339 4 2 6 6 3 4 6 5 4 5
108187 4 3 6 3 3 8 4 4 7 3
173723 3 4 5 5 3 6 5 5 5 4
304795 3 3 7 4 3 7 4 4 6 4
206491 4 2 6 5 3 6 5 5 6 3
116379 5 3 4 3 4 7 6 4 5 4
181915 4 3 5 4 4 5 7 5 3 5
214683 4 3 5 4 4 5 7 5 4 4
31387 5 5 5 4 3 3 4 5 5 6
47771 4 5 5 5 2 5 3 5 6 5
80539 4 4 5 5 4 4 3 5 7 4
146075 4 4 4 6 4 4 3 6 5 5
55963 4 4 6 4 3 4 5 5 4 6
88731 3 5 5 4 5 3 5 5 5 5
154267 3 4 6 4 5 3 5 6 3 6
105115 4 3 5 5 4 5 4 5 6 4
170651 3 4 5 5 4 5 4 6 4 5
301723 3 3 7 5 2 6 5 4 5 5
203419 4 3 4 5 6 4 4 6 5 4
60059 4 5 4 5 2 5 5 5 4 6
92827 3 5 5 4 4 4 5 5 5 5
158363 3 4 5 6 3 4 5 6 3 6
109211 3 5 4 5 3 6 4 5 6 4
174747 2 6 3 7 2 6 4 6 4 5
305819 2 5 5 6 2 6 5 4 5 5
207515 3 4 4 6 4 5 4 6 5 4
338587 2 5 5 5 4 5 5 4 6 4
117403 4 4 4 4 4 5 6 5 4 5
182939 3 4 5 5 3 5 6 6 2 6
314011 3 3 6 6 2 5 7 4 3 6
215707 3 4 5 4 5 4 6 6 3 5
346779 2 5 5 5 4 4 7 4 4 5
62107 5 4 5 3 3 5 4 5 6 5
94875 4 4 5 4 4 4 4 5 7 4
160411 4 3 5 5 5 3 4 6 5 5
111259 4 3 6 4 3 6 3 5 8 3
176795 3 4 5 5 4 5 3 6 6 4
307867 3 3 7 4 3 7 3 4 7 4
209563 4 2 5 6 5 4 3 6 7 3
340635 3 3 6 5 4 6 3 4 8 3
119451 4 4 5 3 4 5 5 5 6 4
184987 3 4 6 3 5 4 5 6 4 5
316059 3 3 7 4 3 6 5 4 5 5
217755 3 4 5 4 6 3 5 6 5 4
234139 4 3 5 4 5 5 4 6 6 3
123547 5 4 4 3 3 6 5 5 6 4
31899 6 4 6 4 1 3 5 4 5 7
48283 5 4 6 4 2 4 4 4 6 6
81051 5 3 6 4 3 5 3 4 7 5
146587 5 3 5 5 3 4 5 4 5 6
56475 5 3 6 5 2 3 6 4 4 7
89243 4 4 5 5 3 4 5 4 5 6
154779 4 3 6 5 3 3 7 4 3 7
105627 5 2 5 5 4 5 4 4 6 5
171163 4 3 5 5 4 4 6 4 4 6
302235 4 2 7 5 2 5 6 4 4 6
203931 5 2 4 5 5 5 5 4 5 5
60571 5 3 6 5 1 4 6 4 4 7
93339 4 3 7 4 2 5 5 4 5 6
158875 4 2 7 6 1 4 7 4 3 7
109723 4 3 6 4 3 6 4 4 6 5
175259 3 4 5 6 2 5 6 4 4 6
306331 3 3 7 5 2 5 6 4 4 6
208027 4 2 6 5 3 6 5 4 5 5
117915 5 2 5 5 3 5 6 4 4 6
183451 4 2 6 6 2 4 8 4 2 7
314523 4 1 7 7 1 4 8 4 2 7
216219 4 2 6 5 3 5 7 4 3 6
62619 5 4 6 3 2 4 5 4 6 6
95387 4 4 6 4 2 5 4 4 7 5
160923 4 3 6 5 3 3 6 4 5 6
111771 4 3 7 3 3 6 3 4 8 4
177307 3 4 6 4 4 4 5 4 6 5
308379 3 3 8 3 3 6 4 4 6 5
210075 4 2 6 5 4 5 4 4 7 4
119963 4 4 5 4 3 5 5 4 6 5
185499 3 4 6 4 4 3 7 4 4 6
316571 3 3 7 5 2 5 6 4 4 6
218267 3 4 5 5 4 4 6 4 5 5
234651 4 3 5 4 5 5 5 4 6 4
124059 5 3 6 3 2 6 5 4 6 5
189595 4 3 6 5 2 4 7 4 4 6
222363 4 2 7 5 2 5 6 4 5 5
238747 4 3 6 4 3 6 5 4 6 4
63643 6 4 5 4 1 3 5 5 5 7
96411 5 4 5 4 3 3 4 5 6 6
112795 5 3 5 5 3 4 3 5 7 5
120987 5 3 5 5 3 3 5 5 5 6
125083 5 4 5 4 2 4 5 5 5 6
16155 7 5 5 4 3 2 3 5 6 5
24347 6 5 5 4 3 3 4 5 4 6
40731 6 4 5 4 3 4 5 4 5 5
73499 6 4 4 4 4 4 4 6 5 4
28443 6 4 5 4 4 3 4 5 4 6
44827 5 5 4 4 4 4 5 4 5 5
77595 5 4 5 3 5 4 4 6 5 4
143131 5 4 4 5 4 3 5 6 5 4
53019 6 3 4 4 4 5 6 4 3 6
85787 5 4 4 3 5 5 5 6 3 5
151323 5 3 5 4 4 4 6 6 3 5
102171 6 3 3 3 5 6 6 5 4 4
167707 5 4 3 4 4 5 7 5 4 4
30491 6 4 4 5 4 3 3 5 6 5
46875 5 4 5 4 4 4 4 4 7 4
79643 5 3 5 5 4 4 3 6 7 3
145179 5 3 4 6 5 2 4 6 7 3
55067 5 4 4 4 4 5 5 4 5 5
87835 4 5 3 5 4 5 4 6 5 4
153371 4 4 4 5 5 3 5 6 5 4
104219 5 3 4 4 4 6 5 5 6 3
169755 4 4 4 4 5 4 6 5 6 3
59163 6 3 3 4 5 5 5 4 5 5
91931 5 3 4 4 5 5 4 6 5 4
157467 5 2 4 6 5 3 5 6 5 4
108315 5 3 4 3 5 6 5 5 6 3
173851 4 4 3 5 5 4 6 5 6 3
206619 5 2 4 5 5 4 5 7 6 2
116507 6 3 2 3 5 7 6 5 4 4
182043 5 3 3 4 5 5 7 5 4 4
214811 5 3 3 4 5 5 6 7 4 3
31515 6 4 5 4 4 2 3 6 5 6
47899 5 4 5 5 3 3 4 5 6 5
80667 5 3 5 5 5 2 3 7 6 4
146203 5 3 4 6 5 2 3 7 6 4
56091 5 3 6 4 3 4 5 5 4 6
88859 4 4 5 4 5 3 4 7 4 5
154395 4 3 6 4 5 3 4 7 4 5
105243 5 2 5 5 4 4 5 6 5 4
170779 4 3 5 5 4 4 5 6 5 4
203547 5 2 4 5 6 3 4 8 5 3
60187 5 4 4 4 4 4 5 5 4 6
92955 4 4 5 3 6 3 4 7 4 5
158491 4 3 5 5 5 3 4 7 4 5
109339 4 4 4 4 5 4 5 6 5 4
174875 3 5 3 6 4 4 5 6 5 4
207643 4 3 4 5 6 3 4 8 5 3
117531 5 3 4 3 5 5 6 6 3 5
183067 4 3 5 4 4 5 6 6 3 5
215835 4 3 5 3 6 4 5 8 3 4
62235 6 3 4 4 4 4 4 5 6 5
95003 5 3 4 5 5 3 3 7 6 4
160539 5 2 4 6 6 2 3 7 6 4
111387 5 2 5 5 4 4 4 6 7 3
176923 4 3 4 6 5 3 4 6 7 3
209691 5 1 4 7 6 2 3 8 7 2
119579 5 3 4 4 4 5 5 6 5 4
185115 4 3 5 4 5 4 5 6 5 4
217883 4 3 4 5 6 3 4 8 5 3
123675 6 3 3 3 5 5 5 6 5 4
189211 5 3 3 5 5 4 5 6 5 4
32027 6 5 5 4 2 2 4 5 5 7
48411 5 5 5 4 3 2 5 4 6 6
81179 5 4 5 4 4 3 3 6 6 5
146715 5 4 4 5 4 2 5 5 6 5
56603 5 4 5 5 2 3 6 4 4 7
89371 4 5 4 5 3 4 4 6 4 6
154907 4 4 5 5 3 3 6 5 4 6
105755 5 3 4 5 4 4 5 5 5 5
171291 4 4 4 5 4 3 7 4 5 5
204059 5 3 3 5 5 4 5 6 5 4
60699 5 4 5 4 3 3 6 4 4 7
93467 4 4 6 3 4 4 4 6 4 6
159003 4 3 6 5 3 3 6 5 4 6
109851 4 4 5 3 5 4 5 5 5 5
175387 3 5 4 5 4 3 7 4 5 5
208155 4 3 5 4 5 4 5 6 5 4
118043 5 3 4 4 4 5 6 5 3 6
183579 4 3 5 5 3 4 8 4 3 6
216347 4 3 5 4 4 5 6 6 3 5
62747 5 5 4 4 3 3 5 4 6 6
95515 4 5 4 5 3 4 3 6 6 5
161051 4 4 4 6 4 2 5 5 6 5
111899 4 4 5 4 4 4 4 5 7 4
177435 3 5 4 5 5 2 6 4 7 4
210203 4 3 4 6 5 3 4 6 7 3
120091 4 5 3 5 3 5 5 5 5 5
185627 3 5 4 5 4 3 7 4 5 5
218395 3 5 3 6 4 4 5 6 5 4
124187 5 4 4 3 4 5 5 5 5 5
189723 4 4 4 5 4 3 7 4 5 5
63771 6 4 5 4 2 2 5 5 5 7
96539 5 4 5 4 4 2 3 7 5 6
162075 5 3 5 5 4 2 4 6 5 6
112923 5 3 5 5 4 2 4 6 6 5
178459 4 4 4 6 4 2 5 5 6 5
211227 5 2 4 6 6 2 3 7 6 4
121115 5 3 5 5 3 3 5 6 4 6
186651 4 3 6 5 3 3 6 5 4 6
219419 4 3 5 5 5 3 4 7 4 5
125211 5 4 5 3 4 3 5 6 4 6
190747 4 4 5 5 3 3 6 5 4 6
127259 6 4 4 4 3 3 4 6 6 5
32283 7 5 5 3 2 2 3 5 6 7
48667 6 5 5 3 2 4 3 4 7 6
81435 6 4 5 3 3 4 3 5 7 5
56859 6 4 5 3 3 4 4 4 5 7
89627 5 5 4 3 4 4 4 5 5 6
106011 6 3 4 3 4 6 4 4 6 5
60955 6 4 4 4 3 4 4 4 5 7
93723 5 4 5 3 4 4 4 5 5 6
110107 5 4 4 3 4 6 4 4 6 5
63003 6 4 5 3 3 4 3 4 7 6
95771 5 4 5 4 3 4 3 5 7 5
64027 6 5 5 3 2 3 3 5 6 7
96795 5 5 5 3 4 2 3 6 6 6
4075 7 7 6 5 5 4 3 3 2 3
6123 6 7 6 5 5 4 4 2 4 2
10219 6 6 6 5 5 4 4 4 3 2
18411 6 6 5 5 5 4 5 4 3 2
34795 6 6 5 4 5 5 5 3 4 2
7147 6 6 6 5 5 5 3 3 3 3
11243 5 7 5 5 5 5 3 5 2 3
19435 5 6 6 4 5 5 4 5 2 3
35819 5 6 5 5 4 6 4 4 3 3
68587 5 6 5 4 6 5 3 5 2 4
13291 6 5 5 5 5 5 4 4 4 2
21483 5 6 5 4 5 5 5 4 4 2
37867 5 5 6 4 4 6 5 3 5 2
70635 5 5 5 5 5 5 4 4 4 3
25579 6 5 4 4 5 5 5 6 3 2
41963 5 6 4 4 4 6 5 5 4 2
74731 5 5 5 4 5 5 4 6 3 3
140267 5 5 4 6 5 4 4 5 4 3
50155 6 5 4 3 4 6 6 5 4 2
82923 5 6 4 3 5 5 5 6 3 3
7659 6 6 5 5 6 4 4 2 3 4
11755 5 6 6 4 6 4 4 4 2 4
19947 5 5 6 5 5 4 5 4 2 4
36331 5 5 5 5 6 4 5 3 3 4
69099 5 5 5 4 7 5 3 4 2 5
13803 5 6 5 4 6 4 5 3 4 3
21995 4 7 4 5 5 4 6 3 4 3
38379 4 6 5 4 6 4 6 2 5 3
71147 4 6 4 5 6 5 4 3 4 4
26091 5 5 5 4 5 4 6 5 3 3
42475 4 6 5 3 6 4 6 4 4 3
75243 4 5 6 3 6 5 4 5 3 4
140779 4 5 5 5 6 3 6 3 4 4
50667 5 5 4 4 5 4 7 4 4 3
83435 4 6 4 4 5 5 5 5 3 4
148971 4 5 5 5 5 3 7 3 4 4
14827 6 5 4 4 6 5 4 4 3 4
23019 5 5 5 4 5 5 5 4 3 4
39403 5 4 5 5 5 5 5 3 4 4
72171 5 4 4 5 7 5 3 4 3 5
27115 5 5 5 3 5 5 5 6 2 4
43499 4 6 4 4 5 5 5 5 3 4
76267 4 5 5 3 7 5 3 6 2 5
141803 4 5 4 5 6 5 4 4 3 5
51691 5 4 5 4 4 5 6 5 3 4
84459 4 5 5 3 6 5 4 6 2 5
149995 4 4 6 4 5 5 5 4 3 5
100843 5 4 4 4 6 5 4 5 3 5
29163 6 5 3 3 5 5 6 5 4 3
45547 5 5 4 3 5 5 6 4 5 3
78315 5 4 4 4 6 5 4 5 4 4
143851 5 4 3 5 7 4 5 3 5 4
53739 5 5 4 3 4 5 7 4 5 3
86507 4 6 3 4 5 5 5 5 4 4
152043 4 5 4 4 6 4 6 3 5 4
102891 5 4 4 4 5 5 5 4 5 4
168427 4 5 4 4 6 4 6 2 6 4
57835 6 5 3 2 4 5 7 6 4 3
90603 5 5 4 2 5 5 5 7 3 4
106987 5 5 4 2 5 5 5 6 4 4
7915 6 6 5 5 5 5 3 2 4 4
12011 5 6 5 6 4 5 3 4 3 4
20203 5 5 5 6 5 4 4 4 3 4
36587 5 5 4 6 5 6 3 3 4 4
69355 5 5 4 5 6 6 3 3 3 5
14059 5 5 6 5 4 5 4 3 5 3
22251 4 6 5 5 5 4 5 3 5 3
38635 4 5 6 4 5 6 4 2 6 3
71403 4 5 5 5 5 6 4 2 5 4
26347 5 4 5 6 4 4 5 5 4 3
42731 4 5 5 5 4 6 4 4 5 3
75499 4 4 6 5 4 6 4 4 4 4
141035 4 4 5 7 4 4 5 4 4 4
50923 5 4 4 5 5 5 5 4 5 3
83691 4 5 4 5 5 5 5 4 4 4
149227 4 4 5 6 5 3 6 4 4 4
100075 5 4 4 4 5 7 4 3 5 4
15083 5 6 4 5 4 6 3 4 4 4
23275 4 6 5 4 5 5 4 4 4 4
39659 4 5 5 5 4 7 3 3 5 4
72427 4 5 4 5 6 6 3 3 4 5
27371 4 6 4 5 4 5 4 6 3 4
43755 3 7 3 6 3 7 3 5 4 4
76523 3 6 4 5 5 6 3 5 3 5
142059 3 6 3 7 4 6 3 5 3 5
51947 4 5 4 5 4 6 4 5 4 4
84715 3 6 4 4 6 5 4 5 3 5
150251 3 5 5 5 5 5 4 5 3 5
101099 4 5 3 5 5 7 3 4 4 5
166635 3 6 3 6 4 7 3 4 4 5
29419 5 5 4 4 4 5 5 5 5 3
45803 4 5 5 4 3 7 4 4 6 3
78571 4 4 5 5 4 6 4 4 5 4
144107 4 4 4 6 5 5 4 4 5 4
53995 4 5 5 3 4 6 5 4 6 3
86763 3 6 4 4 5 5 5 4 5 4
152299 3 5 5 4 6 4 5 4 5 4
103147 4 4 5 4 4 7 4 3 6 4
168683 3 5 5 4 5 6 4 3 6 4
299755 3 4 7 4 3 8 3 3 7 3
58091 5 5 3 4 3 6 5 6 5 3
90859 4 5 4 4 4 5 5 6 4 4
156395 4 4 4 6 4 4 5 6 4 4
107243 4 5 4 4 3 7 4 5 5 4
172779 3 6 3 6 3 6 4 5 5 4
15595 6 5 4 4 5 5 4 3 4 5
23787 5 5 4 5 5 4 5 3 4 5
40171 5 4 4 5 6 5 4 2 5 5
72939 5 4 3 5 7 6 3 2 4 6
27883 5 4 5 5 4 4 5 5 3 5
44267 4 5 4 5 5 5 4 4 4 5
77035 4 4 5 4 6 6 3 4 3 6
142571 4 4 4 6 5 5 5 3 3 6
52459 5 3 4 6 5 4 5 4 4 5
85227 4 4 4 5 6 5 4 4 3 6
150763 4 3 5 6 5 4 6 3 3 6
101611 5 3 3 5 7 6 3 3 4 6
167147 4 4 3 6 6 5 5 2 4 6
29931 5 5 4 4 4 4 6 4 5 4
46315 4 5 5 3 5 5 5 3 6 4
79083 4 4 5 4 5 6 4 3 5 5
144619 4 4 4 5 6 4 6 2 5 5
54507 4 5 4 4 5 4 6 3 6 4
87275 3 6 3 5 5 5 5 3 5 5
152811 3 5 4 5 6 3 7 2 5 5
103659 4 4 4 4 6 6 4 2 6 5
169195 3 5 4 4 7 4 6 1 6 5
300267 3 4 6 4 5 6 4 3 6 4
58603 5 4 4 4 4 4 6 5 5 4
91371 4 4 5 4 4 5 5 5 4 5
156907 4 3 5 6 4 3 7 4 4 5
107755 4 4 5 3 5 6 4 4 5 5
173291 3 5 4 5 5 4 6 3 5 5
304363 3 4 6 4 5 5 4 5 5 4
206059 4 3 5 5 5 5 5 3 4 6
115947 5 4 3 4 5 5 5 4 5 5
30955 6 5 3 3 4 5 5 5 4 5
47339 5 5 3 4 4 6 4 4 5 5
80107 5 4 3 4 6 6 3 4 4 6
145643 5 4 2 5 6 6 4 3 4 6
55531 5 4 4 4 4 5 5 4 5 5
88299 4 5 3 4 6 5 4 4 4 6
153835 4 4 4 4 6 5 5 3 4 6
104683 5 3 3 5 6 6 3 3 5 6
170219 4 4 3 5 6 6 4 2 5 6
202987 5 3 2 5 8 6 3 2 4 7
59627 5 5 3 4 3 5 5 6 4 5
92395 4 5 4 3 5 5 4 6 3 6
157931 4 4 4 5 4 5 5 5 3 6
108779 4 5 3 4 5 6 3 5 4 6
174315 3 6 2 6 4 6 4 4 4 6
207083 4 4 3 5 6 6 3 4 3 7
116971 5 4 3 4 5 5 4 5 4 6
182507 4 4 4 5 4 5 5 4 4 6
215275 4 4 4 4 6 5 4 4 3 7
61675 6 5 3 2 3 5 6 5 6 4
94443 5 5 3 3 4 5 5 5 5 5
110827 5 4 4 3 4 6 4 4 6 5
119019 5 5 3 3 4 5 5 4 6 5
8043 6 6 6 4 5 4 3 3 4 4
12139 5 6 6 4 6 3 3 5 3 4
20331 5 5 6 4 6 4 3 5 3 4
36715 5 5 5 4 6 5 4 3 4 4
69483 5 5 5 3 7 5 3 5 2 5
14187 5 5 6 5 5 3 4 4 5 3
22379 4 6 5 5 5 4 4 4 5 3
38763 4 5 6 4 5 5 5 2 6 3
71531 4 5 5 5 5 5 4 4 4 4
26475 5 4 5 5 6 3 4 6 4 3
42859 4 5 5 4 6 4 5 4 5 3
75627 4 4 6 4 6 4 4 6 3 4
141163 4 4 5 6 6 2 5 5 5 3
51051 5 4 4 4 6 5 5 4 5 3
83819 4 5 4 4 6 5 4 6 3 4
149355 4 4 5 5 6 3 5 5 5 3
100203 5 4 4 3 6 6 5 4 4 4
15211 5 5 6 4 5 4 3 5 4 4
23403 4 5 7 3 5 5 3 5 4 4
39787 4 4 7 4 4 6 4 3 5 4
72555 4 4 6 4 6 5 3 5 3 5
27499 4 5 6 3 6 4 3 7 3 4
43883 3 6 5 4 5 5 4 5 4 4
76651 3 5 6 3 7 4 3 7 2 5
142187 3 5 5 5 6 4 3 6 4 4
52075 4 4 6 3 5 6 4 5 4 4
84843 3 5 6 2 7 5 3 7 2 5
150379 3 4 7 3 6 5 3 6 4 4
101227 4 4 5 3 6 6 4 5 3 5
166763 3 5 5 4 5 6 4 4 5 4
29547 5 4 5 4 5 4 4 6 5 3
45931 4 4 6 4 4 5 5 4 6 3
78699 4 3 6 5 5 4 4 6 4 4
144235 4 3 5 6 6 3 4 5 6 3
54123 4 4 6 3 4 6 5 4 6 3
86891 3 5 5 4 5 5 4 6 4 4
152427 3 4 6 4 6 4 4 5 6 3
103275 4 3 6 4 4 6 5 4 5 4
168811 3 4 6 4 5 5 5 3 7 3
299883 3 3 8 4 3 7 4 3 7 3
58219 5 4 4 3 5 5 5 6 5 3
90987 4 4 5 3 6 4 4 8 3 4
156523 4 3 5 5 6 3 4 7 5 3
107371 4 4 5 3 5 5 5 6 4 4
172907 3 5 4 5 5 4 5 5 6 3
205675 4 3 5 5 6 3 4 7 4 4
15723 5 6 5 3 6 3 4 4 4 5
23915 4 6 5 4 5 4 4 4 4 5
40299 4 5 5 4 6 4 5 2 5 5
73067 4 5 4 4 7 5 3 4 3 6
28011 4 5 6 3 6 3 4 6 3 5
44395 3 6 5 3 7 3 5 4 4 5
77163 3 5 6 2 8 4 3 6 2 6
142699 3 5 5 4 7 3 5 4 4 5
52587 4 4 5 4 6 4 5 4 4 5
85355 3 5 5 3 7 5 3 6 2 6
150891 3 4 6 4 6 4 5 4 4 5
101739 4 4 4 3 8 5 4 4 3 6
167275 3 5 4 4 7 4 6 2 5 5
30059 4 6 4 4 5 3 5 5 5 4
46443 3 6 5 3 6 3 6 3 6 4
79211 3 5 5 4 6 4 4 5 4 5
144747 3 5 4 5 7 2 6 3 6 4
54635 3 6 4 4 5 4 6 3 6 4
87403 2 7 3 5 5 5 4 5 4 5
152939 2 6 4 5 6 3 6 3 6 4
103787 3 5 4 4 6 5 5 3 5 5
169323 2 6 4 4 7 3 7 1 7 4
300395 2 5 6 4 5 5 5 3 6 4
58731 4 5 4 3 6 3 6 5 5 4
91499 3 5 5 3 6 4 4 7 3 5
157035 3 4 5 5 6 2 6 5 5 4
107883 3 5 5 2 7 4 5 5 4 5
173419 2 6 4 4 7 2 7 3 6 4
304491 2 5 6 3 7 3 5 5 5 4
206187 3 4 5 4 7 3 5 5 4 5
116075 4 5 3 3 6 5 5 5 4 5
31083 5 5 5 2 5 4 4 6 4 5
47467 4 5 5 3 5 4 5 4 5 5
80235 4 4 5 3 7 4 3 6 3 6
145771 4 4 4 4 7 4 4 4 5 5
55659 4 4 6 3 4 5 5 4 5 5
88427 3 5 5 3 6 5 3 6 3 6
153963 3 4 6 3 6 5 4 4 5 5
104811 4 3 5 4 6 5 4 4 4 6
170347 3 4 5 4 6 5 5 2 6 5
301419 3 3 7 4 4 6 5 3 5 5
203115 4 3 4 4 8 5 3 4 4 6
59755 4 5 5 2 5 4 5 6 4 5
92523 3 5 6 1 7 4 3 8 2 6
158059 3 4 6 3 6 4 4 6 4 5
108907 3 5 5 2 7 4 4 6 3 6
174443 2 6 4 4 6 4 5 4 5 5
305515 2 5 6 3 6 4 5 5 4 5
207211 3 4 5 3 8 4 3 6 3 6
338283 2 5 6 2 8 4 3 7 2 6
117099 4 4 5 2 6 5 4 6 3 6
182635 3 4 6 3 5 5 5 4 5 5
215403 3 4 6 2 7 5 3 6 3 6
61803 5 5 4 2 4 4 6 5 6 4
94571 4 5 4 3 5 4 4 7 4 5
160107 4 4 4 4 6 3 5 5 6 4
110955 4 4 5 3 5 4 5 5 5 5
176491 3 5 4 4 6 3 6 3 7 4
119147 4 5 4 3 4 5 5 5 5 5
184683 3 5 5 3 5 4 6 3 7 4
15979 6 5 5 4 4 4 3 4 5 5
24171 5 5 5 4 5 4 3 4 5 5
40555 5 4 5 4 5 6 3 2 6 5
73323 5 4 4 4 6 6 3 3 4 6
28267 5 4 5 5 5 3 3 6 4 5
44651 4 5 4 5 5 5 3 4 5 5
77419 4 4 5 4 6 5 3 5 3 6
142955 4 4 4 6 5 4 4 5 4 5
52843 5 3 4 5 6 5 3 4 5 5
85611 4 4 4 4 7 5 3 5 3 6
151147 4 3 5 5 6 4 4 5 4 5
101995 5 3 3 4 7 7 3 3 4 6
167531 4 4 3 5 6 6 4 3 5 5
30315 5 4 5 5 4 3 4 5 6 4
46699 4 4 6 4 4 5 4 3 7 4
79467 4 3 6 5 4 5 4 4 5 5
145003 4 3 5 6 5 3 5 4 6 4
54891 4 4 5 4 5 5 4 3 7 4
87659 3 5 4 5 5 5 4 4 5 5
153195 3 4 5 5 6 3 5 4 6 4
104043 4 3 5 4 5 7 4 2 6 5
169579 3 4 5 4 6 5 5 2 7 4
300651 3 3 7 4 4 7 3 3 8 3
58987 5 3 4 5 5 4 4 5 6 4
91755 4 3 5 5 5 4 4 6 4 5
157291 4 2 5 7 5 2 5 6 5 4
108139 4 3 5 4 5 6 4 4 5 5
173675 3 4 4 6 5 4 5 4 6 4
304747 3 3 6 5 5 5 3 5 7 3
206443 4 2 5 6 5 4 5 5 4 5
116331 5 3 3 4 6 6 4 4 5 5
181867 4 3 4 5 6 4 5 4 6 4
31339 5 5 5 3 4 4 3 6 5 5
47723 4 5 5 4 3 6 3 4 6 5
80491 4 4 5 4 5 5 3 5 4 6
146027 4 4 4 5 5 5 3 5 5 5
55915 4 4 6 3 4 6 3 4 6 5
88683 3 5 5 3 6 5 3 5 4 6
154219 3 4 6 3 6 5 3 5 5 5
105067 4 3 5 4 5 7 3 3 5 6
170603 3 4 5 4 5 7 3 3 6 5
301675 3 3 7 4 3 8 3 3 7 4
203371 4 3 4 4 7 6 3 4 4 6
60011 4 5 4 4 4 5 3 6 5 5
92779 3 5 5 3 6 4 3 7 3 6
158315 3 4 5 5 5 4 3 7 4 5
109163 3 5 4 4 5 6 3 5 4 6
174699 2 6 3 6 4 6 3 5 5 5
305771 2 5 5 5 4 6 3 5 6 4
207467 3 4 4 5 6 5 3 6 3 6
338539 2 5 5 4 6 5 3 6 4 5
117355 4 4 4 3 6 6 3 5 4 6
182891 3 4 5 4 5 6 3 5 5 5
313963 3 3 6 5 4 6 3 5 6 4
215659 3 4 5 3 7 5 3 6 3 6
62059 5 4 5 3 3 5 4 5 7 4
94827 4 4 5 4 4 4 4 6 5 5
160363 4 3 5 5 5 3 4 6 6 4
111211 4 3 6 4 3 6 4 4 6 5
176747 3 4 5 5 4 5 4 4 7 4
307819 3 3 7 4 3 7 3 4 8 3
209515 4 2 5 6 5 4 4 5 5 5
119403 4 4 5 3 4 6 4 4 6 5
184939 3 4 6 3 5 5 4 4 7 4
316011 3 3 7 4 3 7 3 4 8 3
217707 3 4 5 4 6 4 4 5 5 5
234091 4 3 5 4 5 6 4 3 6 5
123499 5 4 4 3 4 5 4 6 5 5
31851 6 5 4 3 4 3 4 5 5 6
48235 5 5 4 3 5 4 4 3 6 6
81003 5 4 4 3 6 5 3 4 4 7
146539 5 4 3 4 6 4 5 3 5 6
56427 5 4 4 4 5 4 4 3 6 6
89195 4 5 3 4 6 5 3 4 4 7
154731 4 4 4 4 6 4 5 3 5 6
105579 5 3 3 4 7 6 3 2 5 7
171115 4 4 3 4 7 5 5 1 6 6
203883 5 3 2 4 8 6 4 2 4 7
60523 5 4 4 4 5 3 4 5 5 6
93291 4 4 5 3 6 4 3 6 3 7
158827 4 3 5 5 5 3 5 5 4 6
109675 4 4 4 3 7 5 3 4 4 7
175211 3 5 3 5 6 4 5 3 5 6
207979 4 3 4 4 7 5 4 4 3 7
117867 5 3 3 4 7 5 3 4 4 7
183403 4 3 4 5 6 4 5 3 5 6
216171 4 3 4 4 7 5 4 4 3 7
62571 5 5 4 3 4 3 5 4 7 5
95339 4 5 4 4 4 4 4 5 5 6
160875 4 4 4 5 5 2 6 4 6 5
111723 4 4 5 3 5 5 4 3 6 6
177259 3 5 4 4 6 3 6 2 7 5
210027 4 3 4 5 6 4 5 3 5 6
119915 4 5 3 4 5 5 4 3 6 6
185451 3 5 4 4 6 3 6 2 7 5
218219 3 5 3 5 6 4 5 3 5 6
124011 5 4 4 3 5 4 4 5 5 6
189547 4 4 4 5 5 2 6 4 6 5
63595 6 5 4 2 3 4 4 5 6 6
96363 5 5 4 2 5 4 3 6 4 7
8107 6 7 5 5 4 3 4 3 4 4
12203 5 7 5 5 4 4 3 5 3 4
20395 5 6 5 5 4 4 5 4 3 4
36779 5 6 4 5 4 5 5 4 3 4
69547 5 6 4 4 5 5 4 5 3 4
14251 5 6 5 5 5 3 4 4 5 3
22443 4 7 4 5 5 3 6 3 5 3
38827 4 6 5 4 5 4 6 3 5 3
71595 4 6 4 5 5 4 5 4 5 3
26539 5 5 4 5 5 4 5 5 4 3
42923 4 6 4 4 5 5 5 5 4 3
75691 4 5 5 4 5 5 4 6 4 3
141227 4 5 4 6 5 3 5 5 5 3
51115 5 5 3 4 5 5 7 4 4 3
83883 4 6 3 4 5 5 6 5 4 3
149419 4 5 4 5 5 3 7 4 5 3
100267 5 5 3 3 5 6 6 5 4 3
15275 5 6 4 6 4 4 3 5 4 4
23467 4 6 5 5 4 4 5 4 4 4
39851 4 5 5 6 3 5 5 4 4 4
72619 4 5 4 6 5 4 4 5 4 4
27563 4 6 4 5 4 5 4 6 3 4
43947 3 7 3 6 3 6 4 6 3 4
76715 3 6 4 5 5 5 3 7 3 4
142251 3 6 3 7 4 5 3 6 4 4
52139 4 5 4 5 3 6 6 5 3 4
84907 3 6 4 4 5 5 5 6 3 4
150443 3 5 5 5 4 5 5 5 4 4
101291 4 5 3 5 4 6 5 6 3 4
166827 3 6 3 6 3 6 5 5 4 4
29611 5 5 3 5 5 4 5 5 5 3
45995 4 5 4 5 4 5 5 5 5 3
78763 4 4 4 6 5 4 4 6 5 3
144299 4 4 3 7 6 3 4 5 6 3
54187 4 5 4 4 4 5 7 4 5 3
86955 3 6 3 5 5 4 6 5 5 3
152491 3 5 4 5 6 3 6 4 6 3
103339 4 4 4 5 4 5 6 5 5 3
168875 3 5 4 5 5 4 6 4 6 3
299947 3 4 6 5 3 6 5 4 5 4
58283 5 5 2 4 4 6 6 6 4 3
91051 4 5 3 4 5 5 5 7 4 3
156587 4 4 3 6 5 4 5 6 5 3
107435 4 5 3 4 4 6 5 7 4 3
172971 3 6 2 6 4 5 5 6 5 3
205739 4 4 3 6 5 4 4 7 5 3
115627 5 5 2 3 4 6 7 6 4 3
15787 5 6 5 4 5 3 4 4 4 5
23979 4 6 5 5 4 3 6 3 4 5
40363 4 5 5 5 5 3 6 3 4 5
73131 4 5 4 5 6 4 4 4 4 5
28075 4 5 6 4 4 4 5 5 3 5
44459 3 6 5 4 5 4 5 5 3 5
77227 3 5 6 3 6 5 3 6 3 5
142763 3 5 5 5 5 4 5 4 4 5
52651 4 4 5 5 4 4 7 4 3 5
85419 3 5 5 4 5 5 5 5 3 5
150955 3 4 6 5 4 4 7 3 4 5
101803 4 4 4 4 6 5 5 5 3 5
167339 3 5 4 5 5 4 7 3 4 5
30123 4 6 4 4 5 3 6 4 5 4
46507 3 6 5 3 6 3 6 4 5 4
79275 3 5 5 4 6 4 4 5 5 4
144811 3 5 4 5 7 2 6 3 6 4
54699 3 6 4 4 5 3 8 3 5 4
87467 2 7 3 5 5 4 6 4 5 4
153003 2 6 4 5 6 2 8 2 6 4
103851 3 5 4 4 6 4 6 4 5 4
169387 2 6 4 4 7 2 8 2 6 4
300459 2 5 6 4 5 4 6 4 4 5
58795 4 5 4 3 5 4 7 5 4 4
91563 3 5 5 3 5 5 5 6 4 4
157099 3 4 5 5 5 3 7 4 5 4
107947 3 5 5 2 6 5 5 6 4 4
173483 2 6 4 4 6 3 7 4 5 4
304555 2 5 6 3 6 4 5 6 3 5
206251 3 4 5 4 6 4 5 5 5 4
116139 4 5 3 3 5 5 7 5 4 4
181675 3 5 4 4 5 3 9 3 5 4
31147 5 5 4 4 4 4 5 5 4 5
47531 4 5 4 5 4 4 5 5 4 5
80299 4 4 4 5 6 4 3 6 4 5
145835 4 4 3 6 6 4 4 4 5 5
55723 4 4 5 5 3 4 7 4 4 5
88491 3 5 4 5 5 4 5 5 4 5
154027 3 4 5 5 5 4 6 3 5 5
104875 4 3 4 6 5 4 5 5 4 5
170411 3 4 4 6 5 4 6 3 5 5
301483 3 3 6 6 3 5 6 4 3 6
203179 4 3 3 6 7 4 4 4 5 5
59819 4 5 4 4 3 5 6 6 3 5
92587 3 5 5 3 5 5 4 7 3 5
158123 3 4 5 5 4 5 5 5 4 5
108971 3 5 4 4 5 5 4 7 3 5
174507 2 6 3 6 4 5 5 5 4 5
305579 2 5 5 5 4 5 5 6 2 6
207275 3 4 4 5 6 5 3 6 4 5
338347 2 5 5 4 6 5 3 7 2 6
117163 4 4 4 4 4 5 6 6 3 5
182699 3 4 5 5 3 5 7 4 4 5
313771 3 3 6 6 2 5 7 5 2 6
215467 3 4 5 4 5 5 5 5 4 5
61867 5 5 3 3 4 4 7 5 5 4
94635 4 5 3 4 5 4 5 6 5 4
160171 4 4 3 5 6 3 6 4 6 4
111019 4 4 4 4 5 4 5 6 5 4
176555 3 5 3 5 6 3 6 4 6 4
209323 4 3 3 6 7 3 4 5 6 4
119211 4 5 3 4 4 4 7 5 5 4
184747 3 5 4 4 5 3 8 3 6 4
217515 3 5 3 5 6 3 6 4 6 4
16043 5 7 4 5 3 4 3 4 5 5
24235 4 7 4 5 4 3 5 3 5 5
40619 4 6 4 5 4 5 4 3 5 5
73387 4 6 3 5 5 5 4 3 5 5
28331 4 6 4 6 3 4 4 5 4 5
44715 3 7 3 6 3 6 3 5 4 5
77483 3 6 4 5 4 6 3 5 4 5
143019 3 6 3 7 3 5 4 5 4 5
52907 4 5 3 6 4 5 5 4 4 5
85675 3 6 3 5 5 5 5 4 4 5
151211 3 5 4 6 4 4 6 4 4 5
102059 4 5 2 5 5 7 4 4 4 5
167595 3 6 2 6 4 6 5 4 4 5
30379 4 6 4 5 4 3 5 4 6 4
46763 3 6 5 4 4 5 4 4 6 4
79531 3 5 5 5 4 5 4 4 6 4
145067 3 5 4 6 5 3 5 4 6 4
54955 3 6 4 4 5 4 6 3 6 4
87723 2 7 3 5 5 4 6 3 6 4
153259 2 6 4 5 6 2 7 3 6 4
104107 3 5 4 4 5 6 5 3 6 4
169643 2 6 4 4 6 4 6 3 6 4
300715 2 5 6 4 4 6 4 4 6 4
59051 4 5 3 5 4 5 5 5 5 4
91819 3 5 4 5 4 5 5 5 5 4
157355 3 4 4 7 4 3 6 5 5 4
108203 3 5 4 4 4 7 4 5 5 4
173739 2 6 3 6 4 5 5 5 5 4
304811 2 5 5 5 4 6 3 6 5 4
206507 3 4 4 6 4 5 5 5 5 4
116395 4 5 2 4 5 6 6 4 5 4
181931 3 5 3 5 5 4 7 4 5 4
214699 3 5 3 5 5 4 7 4 5 4
31403 4 7 3 5 3 4 4 5 5 5
47787 3 7 3 6 2 6 3 5 5 5
80555 3 6 3 6 4 5 3 5 5 5
146091 3 6 2 7 4 5 3 5 5 5
55979 3 6 4 5 3 5 5 4 5 5
88747 2 7 3 5 5 4 5 4 5 5
154283 2 6 4 5 5 4 5 4 5 5
105131 3 5 3 6 4 6 4 4 5 5
170667 2 6 3 6 4 6 4 4 5 5
301739 2 5 5 6 2 7 4 4 5 5
203435 3 5 2 6 6 5 4 4 5 5
60075 3 7 2 6 2 6 4 6 4 5
92843 2 7 3 5 4 5 4 6 4 5
158379 2 6 3 7 3 5 4 6 4 5
109227 2 7 2 6 3 7 3 6 4 5
174763 1 8 1 8 2 7 3 6 4 5
305835 1 7 3 7 2 7 3 6 4 5
207531 2 6 2 7 4 6 3 6 4 5
338603 1 7 3 6 4 6 3 6 4 5
117419 3 6 2 5 4 6 5 5 4 5
182955 2 6 3 6 3 6 5 5 4 5
314027 2 5 4 7 2 6 5 5 4 5
215723 2 6 3 5 5 5 5 5 4 5
346795 1 7 3 6 4 5 5 5 4 5
62123 4 6 3 4 3 5 5 5 6 4
94891 3 6 3 5 4 4 5 5 6 4
160427 3 5 3 6 5 3 5 5 6 4
111275 3 5 4 5 3 6 4 5 6 4
176811 2 6 3 6 4 5 4 5 6 4
307883 2 5 5 5 3 7 3 5 6 4
209579 3 4 3 7 5 4 4 5 6 4
340651 2 5 4 6 4 6 3 5 6 4
119467 3 6 3 4 4 5 6 4 6 4
185003 2 6 4 4 5 4 6 4 6 4
316075 2 5 5 5 3 6 5 4 6 4
217771 2 6 3 5 6 3 6 4 6 4
348843 1 7 3 6 4 5 5 4 6 4
234155 3 5 3 5 5 5 5 4 6 4
123563 4 6 2 4 3 6 5 6 5 4
31915 5 6 4 4 3 3 5 4 5 6
48299 4 6 4 4 4 4 4 4 5 6
81067 4 5 4 4 5 5 3 4 5 6
146603 4 5 3 5 5 4 5 3 5 6
56491 4 5 4 5 4 3 6 3 5 6
89259 3 6 3 5 5 4 5 3 5 6
154795 3 5 4 5 5 3 7 2 5 6
105643 4 4 3 5 6 5 4 3 5 6
171179 3 5 3 5 6 4 6 2 5 6
302251 3 4 5 5 4 5 5 4 4 6
203947 4 4 2 5 7 5 5 2 5 6
60587 4 5 4 5 3 4 5 5 4 6
93355 3 5 5 4 4 5 4 5 4 6
158891 3 4 5 6 3 4 6 4 4 6
109739 3 5 4 4 5 6 3 5 4 6
175275 2 6 3 6 4 5 5 4 4 6
306347 2 5 5 5 4 5 4 6 3 6
208043 3 4 4 5 5 6 4 4 4 6
339115 2 5 5 4 5 6 3 6 3 6
117931 4 4 3 5 5 5 5 4 4 6
183467 3 4 4 6 4 4 7 3 4 6
314539 3 3 5 7 3 4 6 5 3 6
216235 3 4 4 5 5 5 6 3 4 6
347307 2 5 4 6 4 5 5 5 3 6
62635 4 6 4 3 4 3 6 4 6 5
95403 3 6 4 4 4 4 5 4 6 5
160939 3 5 4 5 5 2 7 3 6 5
111787 3 5 5 3 5 5 4 4 6 5
177323 2 6 4 4 6 3 6 3 6 5
308395 2 5 6 3 5 5 4 5 5 5
210091 3 4 4 5 6 4 5 3 6 5
341163 2 5 5 4 5 6 3 5 5 5
119979 3 6 3 4 5 4 6 3 6 5
185515 2 6 4 4 6 2 8 2 6 5
316587 2 5 5 5 4 4 6 4 5 5
218283 2 6 3 5 6 3 7 2 6 5
349355 1 7 3 6 4 5 5 4 5 5
234667 3 5 3 4 7 4 6 2 6 5
124075 4 5 4 3 4 5 5 5 5 5
189611 3 5 4 5 4 3 7 4 5 5
222379 3 4 5 5 4 4 6 4 5 5
238763 3 5 4 4 5 5 5 4 5 5
63659 5 6 3 4 2 4 5 5 5 6
96427 4 6 3 4 4 4 4 5 5 6
161963 4 5 3 5 4 4 5 4 5 6
112811 4 5 3 5 4 5 3 5 5 6
121003 4 5 3 5 4 4 5 4 5 6
125099 4 6 3 4 3 5 4 6 4 6
16171 6 6 5 4 4 2 3 5 5 5
24363 5 6 5 4 4 3 4 4 5 5
40747 5 5 5 4 4 4 5 3 5 5
73515 5 5 4 4 5 4 4 5 4 5
28459 5 5 5 4 5 3 3 6 4 5
44843 4 6 4 4 5 4 4 5 4 5
77611 4 5 5 3 6 4 3 7 3 5
143147 4 5 4 5 5 3 4 6 5 4
53035 5 4 4 4 5 5 5 4 4 5
85803 4 5 4 3 6 5 4 6 3 5
151339 4 4 5 4 5 4 5 5 5 4
102187 5 4 3 3 6 6 5 5 3 5
167723 4 5 3 4 5 5 6 4 5 4
30507 5 5 4 5 5 2 4 5 6 4
46891 4 5 5 4 5 3 5 4 6 4
79659 4 4 5 5 5 3 4 6 5 4
145195 4 4 4 6 6 1 5 5 7 3
55083 4 5 4 4 5 4 6 3 6 4
87851 3 6 3 5 5 4 5 5 5 4
153387 3 5 4 5 6 2 6 4 7 3
104235 4 4 4 4 5 5 6 4 5 4
169771 3 5 4 4 6 3 7 3 7 3
300843 3 4 6 4 4 5 5 4 6 4
59179 5 4 3 4 6 4 5 5 5 4
91947 4 4 4 4 6 4 4 7 4 4
157483 4 3 4 6 6 2 5 6 6 3
108331 4 4 4 3 6 5 5 6 4 4
173867 3 5 3 5 6 3 6 5 6 3
304939 3 4 5 4 6 4 4 6 5 4
206635 4 3 4 5 6 3 5 7 5 3
116523 5 4 2 3 6 6 6 5 4 4
182059 4 4 3 4 6 4 7 4 6 3
214827 4 4 3 4 6 4 6 6 5 3
31531 5 5 5 4 4 3 3 6 5 5
47915 4 5 5 5 3 4 4 5 5 5
80683 4 4 5 5 5 3 3 7 4 5
146219 4 4 4 6 5 3 3 6 6 4
56107 4 4 6 4 3 5 5 4 5 5
88875 3 5 5 4 5 4 4 6 4 5
154411 3 4 6 4 5 4 4 5 6 4
105259 4 3 5 5 4 5 5 5 4 5
170795 3 4 5 5 4 5 5 4 6 4
301867 3 3 7 5 2 6 5 4 5 5
203563 4 3 4 5 6 4 4 6 5 4
60203 4 5 4 4 4 5 4 6 4 5
92971 3 5 5 3 6 4 3 8 3 5
158507 3 4 5 5 5 4 3 7 5 4
109355 3 5 4 4 5 5 4 7 3 5
174891 2 6 3 6 4 5 4 6 5 4
305963 2 5 5 5 4 5 4 6 4 5
207659 3 4 4 5 6 4 3 8 4 4
338731 2 5 5 4 6 4 3 8 3 5
117547 4 4 4 3 5 6 5 6 3 5
183083 3 4 5 4 4 6 5 5 5 4
314155 3 3 6 5 3 6 5 5 4 5
215851 3 4 5 3 6 5 4 7 4 4
346923 2 5 5 4 5 5 4 7 3 5
62251 5 4 4 4 4 4 5 5 6 4
95019 4 4 4 5 5 3 4 7 5 4
160555 4 3 4 6 6 2 4 6 7 3
111403 4 3 5 5 4 4 5 6 5 4
176939 3 4 4 6 5 3 5 5 7 3
308011 3 3 6 5 4 5 4 5 6 4
209707 4 2 4 7 6 2 4 7 6 3
340779 3 3 5 6 5 4 3 7 5 4
119595 4 4 4 4 4 5 6 5 5 4
185131 3 4 5 4 5 4 6 4 7 3
316203 3 3 6 5 3 6 5 4 6 4
217899 3 4 4 5 6 3 5 6 6 3
348971 2 5 4 6 4 5 4 6 5 4
234283 4 3 4 5 5 4 6 5 6 3
123691 5 4 3 3 5 5 5 7 4 4
189227 4 4 3 5 5 4 5 6 6 3
32043 5 6 5 3 4 2 4 5 5 6
48427 4 6 5 3 5 2 5 4 5 6
81195 4 5 5 3 6 3 3 6 4 6
146731 4 5 4 4 6 2 5 4 6 5
56619 4 5 5 4 4 3 6 3 5 6
89387 3 6 4 4 5 4 4 5 4 6
154923 3 5 5 4 5 3 6 3 6 5
105771 4 4 4 4 6 4 5 4 4 6
171307 3 5 4 4 6 3 7 2 6 5
302379 3 4 6 4 4 4 6 4 4 6
204075 4 4 3 4 7 4 5 4 5 5
60715 4 5 5 3 5 3 5 5 4 6
93483 3 5 6 2 6 4 3 7 3 6
159019 3 4 6 4 5 3 5 5 5 5
109867 3 5 5 2 7 4 4 6 3 6
175403 2 6 4 4 6 3 6 4 5 5
306475 2 5 6 3 6 3 5 6 3 6
208171 3 4 5 3 7 4 4 6 4 5
339243 2 5 6 2 7 4 3 8 2 6
118059 4 4 4 3 6 5 5 5 3 6
183595 3 4 5 4 5 4 7 3 5 5
314667 3 3 6 5 4 4 6 5 3 6
216363 3 4 5 3 6 5 5 5 4 5
347435 2 5 5 4 5 5 4 7 2 6
62763 4 6 4 3 5 2 6 4 6 5
95531 3 6 4 4 5 3 4 6 5 5
161067 3 5 4 5 6 1 6 4 7 4
111915 3 5 5 3 6 3 5 5 5 5
177451 2 6 4 4 7 1 7 3 7 4
308523 2 5 6 3 6 3 5 5 5 5
210219 3 4 4 5 7 2 5 5 6 4
341291 2 5 5 4 6 4 3 7 4 5
120107 3 6 3 4 5 4 6 4 5 5
185643 2 6 4 4 6 2 8 2 7 4
316715 2 5 5 5 4 4 6 4 5 5
218411 2 6 3 5 6 3 6 4 6 4
349483 1 7 3 6 4 5 4 6 4 5
234795 3 5 3 4 7 3 7 3 6 4
124203 4 5 4 2 6 4 5 6 4 5
189739 3 5 4 4 6 2 7 4 6 4
320811 3 4 5 4 6 3 5 6 4 5
222507 3 4 5 4 6 3 5 6 5 4
238891 3 5 4 3 7 3 6 5 5 4
63787 5 5 5 3 3 3 5 5 5 6
96555 4 5 5 3 5 3 3 7 4 6
162091 4 4 5 4 5 3 4 5 6 5
112939 4 4 5 4 5 3 4 6 4 6
178475 3 5 4 5 5 3 5 4 6 5
211243 4 3 4 5 7 3 3 6 5 5
121131 4 4 5 4 4 4 5 5 4 6
186667 3 4 6 4 4 4 6 3 6 5
219435 3 4 5 4 6 4 4 5 5 5
235819 4 3 4 5 6 4 5 4 5 5
125227 4 5 5 2 5 4 4 7 3 6
190763 3 5 5 4 4 4 5 5 5 5
223531 3 4 6 3 6 4 3 7 4 5
239915 3 5 4 4 6 4 4 6 4 5
248107 4 4 5 3 5 5 5 5 4 5
127275 5 5 4 3 4 3 5 6 5 5
32299 6 6 4 4 3 2 3 5 6 6
48683 5 6 4 4 3 4 3 4 6 6
81451 5 5 4 4 4 4 3 5 5 6
146987 5 5 3 5 4 3 4 5 6 5
56875 5 5 4 4 4 4 4 3 6 6
89643 4 6 3 4 5 4 4 4 5 6
155179 4 5 4 4 5 3 5 4 6 5
106027 5 4 3 4 5 6 4 3 5 6
171563 4 5 3 4 5 5 5 3 6 5
60971 5 5 3 5 4 4 3 5 5 6
93739 4 5 4 4 5 4 3 6 4 6
159275 4 4 4 6 4 3 4 6 5 5
110123 4 5 3 4 5 6 3 5 4 6
175659 3 6 2 6 4 5 4 5 5 5
118315 5 4 2 4 6 6 4 4 4 6
63019 5 5 4 4 4 3 4 4 7 5
95787 4 5 4 5 4 3 4 5 6 5
161323 4 4 4 6 5 1 5 5 7 4
112171 4 4 5 4 4 5 4 4 6 5
120363 4 5 3 4 5 5 5 3 6 5
124459 5 4 3 4 5 5 4 5 5 5
64043 5 6 4 4 2 4 3 5 6 6
96811 4 6 4 4 4 3 3 6 5 6
162347 4 5 4 5 4 3 3 6 6 5
113195 4 5 4 5 3 5 3 5 5 6
121387 4 5 4 4 4 5 4 4 5 6
125483 4 6 3 4 4 5 3 6 4 6
127531 5 5 4 4 3 4 4 5 6 5
64555 6 6 4 3 3 2 4 4 6 7
8139 7 6 6 4 4 4 3 3 4 4
12235 6 6 6 4 4 4 4 4 3 4
20427 6 5 6 4 4 4 5 5 2 4
36811 6 5 5 4 4 5 5 4 4 3
69579 6 5 5 3 5 5 4 5 3 4
14283 6 5 6 4 4 5 4 3 5 3
22475 5 6 5 4 4 5 5 4 4 3
38859 5 5 6 3 4 6 5 3 6 2
71627 5 5 5 4 4 6 4 4 5 3
26571 6 4 5 4 4 5 6 5 3 3
42955 5 5 5 3 4 6 6 4 5 2
75723 5 4 6 3 4 6 5 5 4 3
141259 5 4 5 5 4 4 6 4 4 4
51147 6 4 4 3 4 6 7 5 4 2
83915 5 5 4 3 4 6 6 6 3 3
149451 5 4 5 4 4 4 7 5 3 4
100299 6 4 4 2 4 7 6 5 5 2
15307 6 5 5 4 5 5 3 4 4 4
23499 5 5 6 3 5 5 4 5 3 4
39883 5 4 6 4 4 6 4 4 5 3
72651 5 4 5 4 6 5 3 5 4 4
27595 5 5 5 3 5 5 5 6 2 4
43979 4 6 4 4 4 6 5 5 4 3
76747 4 5 5 3 6 5 4 6 3 4
142283 4 5 4 5 5 5 4 5 3 5
52171 5 4 5 3 4 6 6 6 3 3
84939 4 5 5 2 6 5 5 7 2 4
150475 4 4 6 3 5 5 5 6 2 5
101323 5 4 4 3 5 6 5 6 4 3
166859 4 5 4 4 4 6 5 5 4 4
29643 6 4 4 3 5 6 5 5 4 3
46027 5 4 5 3 4 7 5 4 6 2
78795 5 3 5 4 5 6 4 5 5 3
144331 5 3 4 5 6 5 4 4 5 4
54219 5 4 5 2 4 7 6 5 5 2
86987 4 5 4 3 5 6 5 6 4 3
152523 4 4 5 3 6 5 5 5 4 4
103371 5 3 5 3 4 7 5 5 6 2
168907 4 4 5 3 5 6 5 4 6 3
299979 4 3 7 3 3 8 4 3 7 3
58315 6 4 3 2 4 7 7 6 4 2
91083 5 4 4 2 5 6 6 7 3 3
156619 5 3 4 4 5 5 6 6 3 4
107467 5 4 4 2 4 7 6 6 5 2
173003 4 5 3 4 4 6 6 5 5 3
205771 5 3 4 4 5 5 5 6 4 4
115659 6 4 3 1 4 7 7 7 4 2
15819 6 5 5 4 5 4 4 3 4 5
24011 5 5 5 5 4 4 5 4 3 5
40395 5 4 5 5 5 4 5 3 5 4
73163 5 4 4 5 6 5 3 4 4 5
28107 5 4 6 4 4 4 6 5 2 5
44491 4 5 5 4 5 4 6 4 4 4
77259 4 4 6 3 6 5 4 5 3 5
142795 4 4 5 5 5 4 6 3 3 6
52683 5 3 5 5 4 4 7 5 3 4
85451 4 4 5 4 5 5 5 6 2 5
150987 4 3 6 5 4 4 7 4 2 6
101835 5 3 4 4 6 5 5 5 4 4
167371 4 4 4 5 5 4 7 3 4 5
30155 5 5 4 4 4 5 6 4 4 4
46539 4 5 5 3 5 5 6 3 6 3
79307 4 4 5 4 5 6 4 4 5 4
144843 4 4 4 5 6 4 6 2 5 5
54731 4 5 4 4 4 5 7 4 5 3
87499 3 6 3 5 4 6 5 5 4 4
153035 3 5 4 5 5 4 7 3 4 5
103883 4 4 4 4 5 6 5 4 6 3
169419 3 5 4 4 6 4 7 2 6 4
300491 3 4 6 4 4 6 5 3 6 4
58827 5 4 4 3 4 5 8 5 4 3
91595 4 4 5 3 4 6 6 6 3 4
157131 4 3 5 5 4 4 8 4 3 5
107979 4 4 5 2 5 6 6 5 5 3
173515 3 5 4 4 5 4 8 3 5 4
304587 3 4 6 3 5 5 6 4 5 4
206283 4 3 5 4 5 5 6 4 4 5
116171 5 4 3 3 4 6 7 6 4 3
181707 4 4 4 4 4 4 9 4 4 4
31179 6 4 4 3 5 5 5 5 3 5
47563 5 4 4 4 5 5 5 4 5 4
80331 5 3 4 4 7 5 3 5 4 5
145867 5 3 3 5 7 5 4 3 4 6
55755 5 3 5 4 4 5 6 5 4 4
88523 4 4 4 4 6 5 4 6 3 5
154059 4 3 5 4 6 5 5 4 3 6
104907 5 2 4 5 6 5 4 5 5 4
170443 4 3 4 5 6 5 5 3 5 5
301515 4 2 6 5 4 6 5 3 5 5
203211 5 2 3 5 8 5 3 4 4 6
59851 5 4 4 3 4 5 7 6 3 4
92619 4 4 5 2 6 5 5 7 2 5
158155 4 3 5 4 5 5 6 5 2 6
109003 4 4 4 3 6 5 5 6 4 4
174539 3 5 3 5 5 5 6 4 4 5
305611 3 4 5 4 5 5 6 4 4 5
207307 4 3 4 4 7 5 4 5 3 6
338379 3 4 5 3 7 5 4 5 3 6
117195 5 3 4 3 5 5 6 7 3 4
182731 4 3 5 4 4 5 7 5 3 5
313803 4 2 6 5 3 5 7 5 3 5
215499 4 3 5 3 6 5 5 6 2 6
61899 6 4 3 2 4 6 7 5 5 3
94667 5 4 3 3 5 6 5 6 4 4
160203 5 3 3 4 6 5 6 4 4 5
111051 5 3 4 3 5 6 5 5 6 3
176587 4 4 3 4 6 5 6 3 6 4
209355 5 2 3 5 7 5 4 4 5 5
119243 5 4 3 3 4 6 6 6 5 3
184779 4 4 4 3 5 5 7 4 5 4
217547 4 4 3 4 6 5 5 5 4 5
233931 5 3 3 4 6 5 5 4 6 4
16075 6 5 6 4 3 5 3 3 5 5
24267 5 5 6 4 4 4 4 4 4 5
40651 5 4 6 4 4 6 3 3 6 4
73419 5 4 5 4 5 6 3 3 5 5
28363 5 4 6 5 3 4 5 5 3 5
44747 4 5 5 5 3 6 4 4 5 4
77515 4 4 6 4 4 6 4 4 4 5
143051 4 4 5 6 3 5 5 4 3 6
52939 5 3 5 5 4 5 5 5 4 4
85707 4 4 5 4 5 5 5 5 3 5
151243 4 3 6 5 4 4 6 5 2 6
102091 5 3 4 4 5 7 4 4 5 4
167627 4 4 4 5 4 6 5 4 4 5
30411 5 4 6 4 3 5 5 4 5 4
46795 4 4 7 3 3 7 4 3 7 3
79563 4 3 7 4 3 7 4 3 6 4
145099 4 3 6 5 4 5 5 3 5 5
54987 4 4 6 3 4 6 5 4 6 3
87755 3 5 5 4 4 6 5 4 5 4
153291 3 4 6 4 5 4 6 4 4 5
104139 4 3 6 3 4 8 4 3 7 3
169675 3 4 6 3 5 6 5 3 6 4
300747 3 3 8 3 3 8 3 3 8 3
59083 5 3 5 4 3 6 6 5 5 3
91851 4 3 6 4 3 6 6 5 4 4
157387 4 2 6 6 3 4 7 5 3 5
108235 4 3 6 3 3 8 5 4 6 3
173771 3 4 5 5 3 6 6 4 5 4
304843 3 3 7 4 3 7 4 4 7 3
206539 4 2 6 5 3 6 6 4 4 5
116427 5 3 4 3 4 7 6 5 5 3
181963 4 3 5 4 4 5 7 5 4 4
214731 4 3 5 4 4 5 7 5 3 5
31435 5 5 5 3 4 5 4 5 4 5
47819 4 5 5 4 3 7 3 4 6 4
80587 4 4 5 4 5 6 3 4 5 5
146123 4 4 4 5 5 6 3 4 4 6
56011 4 4 6 3 4 6 4 5 5 4
88779 3 5 5 3 6 5 4 5 4 5
154315 3 4 6 3 6 5 4 5 3 6
105163 4 3 5 4 5 7 3 4 6 4
170699 3 4 5 4 5 7 3 4 5 5
301771 3 3 7 4 3 8 3 3 7 4
203467 4 3 4 4 7 6 3 4 4 6
60107 4 5 4 4 3 6 5 6 4 4
92875 3 5 5 3 5 5 5 6 3 5
158411 3 4 5 5 4 5 5 6 2 6
109259 3 5 4 4 4 7 4 5 5 4
174795 2 6 3 6 3 7 4 5 4 5
305867 2 5 5 5 3 7 4 4 6 4
207563 3 4 4 5 5 6 4 5 3 6
338635 2 5 5 4 5 6 4 4 5 5
117451 4 4 4 3 5 6 5 6 4 4
182987 3 4 5 4 4 6 5 6 3 5
314059 3 3 6 5 3 6 5 5 5 4
215755 3 4 5 3 6 5 5 6 2 6
346827 2 5 5 4 5 5 5 5 4 5
62155 5 4 5 2 3 7 5 5 6 3
94923 4 4 5 3 4 6 5 5 5 4
160459 4 3 5 4 5 5 5 5 4 5
111307 4 3 6 3 3 8 4 4 7 3
176843 3 4 5 4 4 7 4 4 6 4
307915 3 3 7 3 3 9 3 3 8 3
209611 4 2 5 5 5 6 4 4 5 5
340683 3 3 6 4 4 8 3 3 7 4
119499 4 4 5 2 4 7 5 5 6 3
185035 3 4 6 2 5 6 5 5 5 4
316107 3 3 7 3 3 8 4 4 7 3
217803 3 4 5 3 6 5 5 5 4 5
348875 2 5 5 4 4 7 4 4 6 4
234187 4 3 5 3 5 7 4 4 6 4
123595 5 4 4 2 3 7 6 6 5 3
31947 6 4 5 4 3 4 5 4 4 6
48331 5 4 5 4 4 5 4 3 6 5
81099 5 3 5 4 5 6 3 3 5 6
146635 5 3 4 5 5 5 5 2 4 7
56523 5 3 5 5 4 4 5 4 5 5
89291 4 4 4 5 5 5 4 4 4 6
154827 4 3 5 5 5 4 6 3 3 7
105675 5 2 4 5 6 6 3 3 6 5
171211 4 3 4 5 6 5 5 2 5 6
302283 4 2 6 5 4 6 4 3 6 5
203979 5 2 3 5 7 6 4 2 4 7
60619 5 3 5 5 3 4 6 5 4 5
93387 4 3 6 4 4 5 5 5 3 6
158923 4 2 6 6 3 4 7 4 2 7
109771 4 3 5 4 5 6 4 4 5 5
175307 3 4 4 6 4 5 6 3 4 6
306379 3 3 6 5 4 5 5 4 5 5
208075 4 2 5 5 5 6 5 3 3 7
339147 3 3 6 4 5 6 4 4 4 6
117963 5 2 4 5 5 5 5 5 4 5
183499 4 2 5 6 4 4 7 4 3 6
314571 4 1 6 7 3 4 6 5 4 5
216267 4 2 5 5 5 5 6 4 2 7
347339 3 3 5 6 4 5 5 5 3 6
62667 5 4 5 3 3 5 6 4 6 4
95435 4 4 5 4 3 6 5 4 5 5
160971 4 3 5 5 4 4 7 3 4 6
111819 4 3 6 3 4 7 4 3 7 4
177355 3 4 5 4 5 5 6 2 6 5
308427 3 3 7 3 4 7 4 3 7 4
210123 4 2 5 5 5 6 5 2 5 6
341195 3 3 6 4 4 8 3 3 6 5
120011 4 4 4 4 4 6 5 4 6 4
185547 3 4 5 4 5 4 7 3 5 5
316619 3 3 6 5 3 6 5 4 6 4
218315 3 4 4 5 5 5 6 3 4 6
349387 2 5 4 6 3 7 4 4 5 5
234699 4 3 4 4 6 6 5 2 6 5
124107 5 3 5 3 3 6 6 5 5 4
189643 4 3 5 5 3 4 8 4 4 5
222411 4 2 6 5 3 5 7 4 3 6
238795 4 3 5 4 4 6 6 3 5 5
63691 6 4 4 3 3 5 5 5 5 5
96459 5 4 4 3 5 5 4 5 4 6
161995 5 3 4 4 5 5 5 4 3 7
112843 5 3 4 4 5 6 3 4 6 5
178379 4 4 3 5 5 6 4 3 5 6
121035 5 3 4 4 5 5 4 5 5 5
186571 4 3 5 4 5 5 5 4 4 6
125131 5 4 4 3 4 5 5 6 4 5
190667 4 4 4 5 3 5 6 5 3 6
16203 6 6 6 3 4 3 3 4 5 5
24395 5 6 6 3 4 4 3 5 4 5
40779 5 5 6 3 4 5 4 3 6 4
73547 5 5 5 3 5 5 3 5 4 5
28491 5 5 6 3 5 3 4 6 3 5
44875 4 6 5 3 5 4 5 4 5 4
77643 4 5 6 2 6 4 4 6 3 5
143179 4 5 5 4 5 3 5 5 4 5
53067 5 4 5 3 5 5 5 5 4 4
85835 4 5 5 2 6 5 4 7 2 5
151371 4 4 6 3 5 4 5 6 3 5
102219 5 4 4 2 6 6 5 5 4 4
167755 4 5 4 3 5 5 6 4 5 4
30539 5 5 5 4 4 4 4 5 5 4
46923 4 5 6 3 4 5 5 3 7 3
79691 4 4 6 4 4 5 4 5 5 4
145227 4 4 5 5 5 3 5 4 6 4
55115 4 5 5 3 4 6 5 4 6 3
87883 3 6 4 4 4 6 4 6 4 4
153419 3 5 5 4 5 4 5 5 5 4
104267 4 4 5 3 4 7 5 4 6 3
169803 3 5 5 3 5 5 6 3 7 3
300875 3 4 7 3 3 7 4 3 8 3
59211 5 4 4 3 5 5 6 5 5 3
91979 4 4 5 3 5 5 5 7 3 4
157515 4 3 5 5 5 3 6 6 4 4
108363 4 4 5 2 5 6 6 5 5 3
173899 3 5 4 4 5 4 7 4 6 3
304971 3 4 6 3 5 5 5 4 7 3
206667 4 3 5 4 5 4 6 6 4 4
116555 5 4 3 2 5 7 6 6 4 3
182091 4 4 4 3 5 5 7 5 5 3
214859 4 4 4 3 5 5 6 7 3 4
31563 5 5 6 2 5 4 3 6 4 5
47947 4 5 6 3 4 5 4 4 6 4
80715 4 4 6 3 6 4 3 6 4 5
146251 4 4 5 4 6 4 3 5 5 5
56139 4 4 7 2 4 6 4 5 5 4
88907 3 5 6 2 6 5 3 7 3 5
154443 3 4 7 2 6 5 3 6 4 5
105291 4 3 6 3 5 6 4 5 5 4
170827 3 4 6 3 5 6 4 4 6 4
301899 3 3 8 3 3 7 4 3 7 4
203595 4 3 5 3 7 5 3 6 4 5
60235 4 5 5 2 5 5 5 6 4 4
93003 3 5 6 1 7 4 4 8 2 5
158539 3 4 6 3 6 4 4 7 3 5
109387 3 5 5 2 6 5 5 6 4 4
174923 2 6 4 4 5 5 5 5 5 4
305995 2 5 6 3 5 5 5 4 6 4
207691 3 4 5 3 7 4 4 7 3 5
338763 2 5 6 2 7 4 4 6 4 5
117579 4 4 5 1 6 6 5 7 3 4
183115 3 4 6 2 5 6 5 6 4 4
314187 3 3 7 3 4 6 5 5 5 4
215883 3 4 6 1 7 5 4 8 2 5
346955 2 5 6 2 6 5 4 7 3 5
62283 5 4 5 2 4 6 5 5 6 3
95051 4 4 5 3 5 5 4 7 4 4
160587 4 3 5 4 6 4 4 6 5 4
111435 4 3 6 3 4 6 5 5 6 3
176971 3 4 5 4 5 5 5 4 7 3
308043 3 3 7 3 4 7 4 3 8 3
209739 4 2 5 5 6 4 4 6 5 4
340811 3 3 6 4 5 6 3 5 6 4
119627 4 4 5 2 4 7 5 6 5 3
185163 3 4 6 2 5 6 5 5 6 3
316235 3 3 7 3 3 8 4 4 7 3
217931 3 4 5 3 6 5 4 7 4 4
349003 2 5 5 4 4 7 3 6 5 4
234315 4 3 5 3 5 6 5 5 6 3
123723 5 4 4 1 5 6 6 7 4 3
189259 4 4 4 3 5 5 6 6 5 3
32075 5 6 5 3 4 3 4 5 4 6
48459 4 6 5 3 5 3 5 3 6 5
81227 4 5 5 3 6 4 3 5 4 6
146763 4 5 4 4 6 3 5 3 5 6
56651 4 5 5 4 4 4 5 4 5 5
89419 3 6 4 4 5 5 3 6 3 6
154955 3 5 5 4 5 4 5 4 4 6
105803 4 4 4 4 6 5 4 4 5 5
171339 3 5 4 4 6 4 6 2 6 5
302411 3 4 6 4 4 5 5 3 6 5
204107 4 4 3 4 7 5 4 4 4 6
60747 4 5 5 3 5 3 6 5 4 5
93515 3 5 6 2 6 4 4 7 2 6
159051 3 4 6 4 5 3 6 5 3 6
109899 3 5 5 2 7 4 5 5 4 5
175435 2 6 4 4 6 3 7 3 5 5
306507 2 5 6 3 6 3 6 4 5 5
208203 3 4 5 3 7 4 5 5 3 6
339275 2 5 6 2 7 4 4 6 3 6
118091 4 4 4 3 6 5 5 6 3 5
183627 3 4 5 4 5 4 7 4 4 5
314699 3 3 6 5 4 4 6 5 4 5
216395 3 4 5 3 6 5 5 6 2 6
347467 2 5 5 4 5 5 4 7 2 6
62795 4 6 4 3 4 4 6 4 6 4
95563 3 6 4 4 4 5 4 6 4 5
161099 3 5 4 5 5 3 6 4 5 5
111947 3 5 5 3 5 5 5 4 6 4
177483 2 6 4 4 6 3 7 2 7 4
308555 2 5 6 3 5 5 5 3 7 4
210251 3 4 4 5 6 4 5 4 5 5
341323 2 5 5 4 5 6 3 5 5 5
120139 3 6 3 4 4 6 5 5 5 4
185675 2 6 4 4 5 4 7 3 6 4
316747 2 5 5 5 3 6 5 4 6 4
218443 2 6 3 5 5 5 5 5 4 5
349515 1 7 3 6 3 7 3 6 4 5
234827 3 5 3 4 6 5 6 3 6 4
124235 4 5 4 2 5 5 6 6 4 4
189771 3 5 4 4 5 3 8 4 5 4
320843 3 4 5 4 5 4 6 5 5 4
222539 3 4 5 4 5 4 6 6 3 5
238923 3 5 4 3 6 4 7 4 5 4
63819 5 5 5 2 4 4 5 5 5 5
96587 4 5 5 2 6 4 3 7 3 6
162123 4 4 5 3 6 4 4 5 4 6
112971 4 4 5 3 6 4 4 5 5 5
178507 3 5 4 4 6 4 5 3 6 5
309579 3 4 6 3 5 5 5 3 6 5
211275 4 3 4 4 8 4 3 5 4 6
121163 4 4 5 3 5 5 4 6 4 5
186699 3 4 6 3 5 5 5 4 5 5
317771 3 3 7 4 3 6 5 4 5 5
219467 3 4 5 3 7 5 3 6 3 6
235851 4 3 4 4 7 5 4 4 5 5
125259 4 5 5 1 6 4 5 7 3 5
190795 3 5 5 3 5 4 6 5 4 5
321867 3 4 6 3 5 4 6 5 4 5
223563 3 4 6 2 7 4 4 7 2 6
239947 3 5 4 3 7 4 5 5 4 5
248139 4 4 5 2 6 5 5 6 3 5
127307 5 5 4 2 4 5 5 6 5 4
32331 6 5 6 3 3 3 3 5 5 6
48715 5 5 6 3 3 5 3 3 7 5
81483 5 4 6 3 4 5 3 4 5 6
147019 5 4 5 4 4 4 4 4 5 6
56907 5 4 6 3 4 5 3 4 6 5
89675 4 5 5 3 5 5 3 5 4 6
155211 4 4 6 3 5 4 4 5 4 6
106059 5 3 5 3 5 7 3 3 6 5
171595 4 4 5 3 5 6 4 3 6 5
302667 4 3 7 3 3 7 3 3 8 4
204363 5 3 4 3 6 6 4 4 4 6
61003 5 4 5 4 4 4 4 5 5 5
93771 4 4 6 3 5 4 4 6 3 6
159307 4 3 6 5 4 3 5 6 3 6
110155 4 4 5 3 5 6 4 4 5 5
175691 3 5 4 5 4 5 5 4 5 5
306763 3 4 6 4 4 5 4 4 7 4
208459 4 3 5 4 5 5 5 5 3 6
118347 5 3 4 3 6 6 4 5 4 5
183883 4 3 5 4 5 5 5 5 4 5
216651 4 3 5 3 6 5 5 6 2 6
233035 5 3 3 3 6 7 5 4 4 5
63051 5 4 6 3 3 5 4 4 7 4
95819 4 4 6 4 3 5 4 5 5 5
161355 4 3 6 5 4 3 5 5 5 5
112203 4 3 7 3 3 7 4 3 7 4
177739 3 4 6 4 4 5 5 3 7 4
210507 4 2 6 5 4 5 5 4 5 5
120395 4 4 5 3 4 7 4 4 6 4
185931 3 4 6 3 5 5 5 4 6 4
218699 3 4 5 4 5 5 5 5 4 5
235083 4 3 5 3 5 7 5 3 6 4
124491 5 3 5 3 4 6 5 5 5 4
190027 4 3 5 5 4 4 6 5 5 4
222795 4 2 6 5 4 4 6 6 3 5
239179 4 3 5 4 4 6 6 4 5 4
64075 5 5 6 2 3 5 3 5 6 5
96843 4 5 6 2 5 4 3 6 4 6
162379 4 4 6 3 5 4 3 6 4 6
113227 4 4 6 3 4 6 3 4 6 5
178763 3 5 5 4 4 6 3 4 6 5
211531 4 3 5 4 6 5 3 5 4 6
121419 4 4 6 2 5 6 3 5 5 5
186955 3 4 7 2 5 6 3 5 5 5
219723 3 4 6 2 7 5 3 6 3 6
236107 4 3 5 3 6 7 3 4 5 5
125515 4 5 5 2 5 5 4 6 4 5
191051 3 5 5 4 4 5 4 6 4 5
223819 3 4 6 3 6 4 4 7 2 6
240203 3 5 4 4 5 6 4 5 4 5
248395 4 4 5 2 6 6 4 6 3 5
127563 5 4 6 2 3 6 4 5 6 4
193099 4 4 6 3 4 5 4 5 6 4
225867 4 3 6 4 5 4 4 6 4 5
242251 4 3 6 4 4 6 4 4 6 4
250443 4 4 6 2 5 6 4 5 5 4
64587 6 5 5 3 3 3 4 4 6 6
97355 5 5 5 3 4 4 3 5 4 7
113739 5 4 5 3 5 5 3 3 6 6
121931 5 4 4 4 5 5 3 4 5 6
126027 5 4 5 3 5 4 4 5 4 6
128075 5 5 5 3 3 5 4 4 6 5
16267 7 6 5 4 3 3 3 4 5 5
24459 6 6 5 4 3 3 5 4 4 5
40843 6 5 5 4 3 4 5 4 5 4
73611 6 5 4 4 4 4 4 5 5 4
28555 6 5 5 4 3 4 5 5 3 5
44939 5 6 4 4 3 5 5 5 4 4
77707 5 5 5 3 4 5 4 6 4 4
143243 5 5 4 5 3 4 5 5 4 5
53131 6 4 4 4 3 5 7 5 3 4
85899 5 5 4 3 4 5 6 6 3 4
151435 5 4 5 4 3 4 7 5 3 5
102283 6 4 3 3 4 6 6 6 4 3
167819 5 5 3 4 3 5 7 5 4 4
30603 6 5 4 4 4 4 5 4 5 4
46987 5 5 5 3 4 5 5 4 6 3
79755 5 4 5 4 4 5 4 5 6 3
145291 5 4 4 5 5 3 5 4 6 4
55179 5 5 4 3 4 5 7 4 5 3
87947 4 6 3 4 4 5 6 5 5 3
153483 4 5 4 4 5 3 7 4 5 4
104331 5 4 4 3 4 6 6 5 6 2
169867 4 5 4 3 5 4 7 4 6 3
59275 6 4 3 3 4 6 7 5 4 3
92043 5 4 4 3 4 6 6 6 4 3
157579 5 3 4 5 4 4 7 5 4 4
108427 5 4 4 2 4 7 6 6 5 2
173963 4 5 3 4 4 5 7 5 5 3
116619 6 4 2 2 4 7 8 6 4 2
31627 6 5 4 4 4 4 4 5 4 5
48011 5 5 4 5 3 5 4 5 5 4
80779 5 4 4 5 5 4 3 6 5 4
146315 5 4 3 6 5 4 3 5 5 5
56203 5 4 5 4 3 5 6 5 4 4
88971 4 5 4 4 5 4 5 6 4 4
154507 4 4 5 4 5 4 5 5 4 5
105355 5 3 4 5 4 5 5 6 5 3
170891 4 4 4 5 4 5 5 5 5 4
60299 5 5 3 4 3 6 6 6 3 4
93067 4 5 4 3 5 5 5 7 3 4
158603 4 4 4 5 4 5 5 6 3 5
109451 4 5 3 4 4 6 5 7 4 3
174987 3 6 2 6 3 6 5 6 4 4
117643 5 4 3 3 4 6 7 7 3 3
62347 6 4 3 3 4 6 6 5 5 3
95115 5 4 3 4 5 5 5 6 5 3
160651 5 3 3 5 6 4 5 5 5 4
111499 5 3 4 4 4 6 5 6 6 2
177035 4 4 3 5 5 5 5 5 6 3
119691 5 4 3 3 4 6 7 6 5 2
123787 6 4 2 2 4 7 7 7 4 2
32139 6 5 5 4 3 3 5 4 4 6
48523 5 5 5 4 4 3 5 4 5 5
81291 5 4 5 4 5 4 3 5 5 5
146827 5 4 4 5 5 3 5 3 5 6
56715 5 4 5 5 3 3 7 4 4 5
89483 4 5 4 5 4 4 5 5 4 5
155019 4 4 5 5 4 3 7 3 4 6
105867 5 3 4 5 5 4 5 5 5 4
171403 4 4 4 5 5 3 7 3 5 5
60811 5 4 5 4 3 4 7 5 3 5
93579 4 4 6 3 4 5 5 6 3 5
159115 4 3 6 5 3 4 7 4 3 6
109963 4 4 5 3 5 5 5 6 4 4
175499 3 5 4 5 4 4 7 4 4 5
118155 5 3 4 4 4 5 7 6 3 4
62859 5 5 4 3 4 4 7 4 5 4
95627 4 5 4 4 4 5 5 5 5 4
161163 4 4 4 5 5 3 7 3 5 5
112011 4 4 5 3 5 5 5 5 6 3
177547 3 5 4 4 6 3 7 3 6 4
120203 4 5 3 4 4 5 7 5 5 3
124299 5 4 4 2 4 6 7 6 4 3
63883 6 4 4 4 3 4 6 5 4 5
96651 5 4 4 4 5 4 4 6 4 5
162187 5 3 4 5 5 4 5 4 4 6
113035 5 3 4 5 5 4 4 6 5 4
178571 4 4 3 6 5 4 5 4 5 5
121227 5 3 4 5 4 4 6 6 4 4
125323 5 4 4 3 4 5 6 7 3 4
127371 6 4 3 3 4 5 6 6 5 3
32395 6 6 5 4 2 3 4 4 5 6
48779 5 6 5 4 2 5 3 4 6 5
81547 5 5 5 4 3 5 3 4 6 5
147083 5 5 4 5 3 4 4 4 5 6
56971 5 5 5 4 3 4 5 4 5 5
89739 4 6 4 4 4 4 5 4 5 5
155275 4 5 5 4 4 3 6 4 4 6
106123 5 4 4 4 4 6 4 4 6 4
171659 4 5 4 4 4 5 5 4 5 5
61067 5 5 4 5 2 5 5 5 4 5
93835 4 5 5 4 3 5 5 5 4 5
159371 4 4 5 6 2 4 6 5 3 6
110219 4 5 4 4 3 7 4 5 5 4
175755 3 6 3 6 2 6 5 5 4 5
118411 5 4 3 4 4 6 6 5 4 4
63115 5 5 5 3 3 5 5 4 6 4
95883 4 5 5 4 3 5 5 4 6 4
161419 4 4 5 5 4 3 6 4 5 5
112267 4 4 6 3 3 7 4 4 7 3
177803 3 5 5 4 4 5 5 4 6 4
120459 4 5 4 3 4 6 6 4 6 3
124555 5 4 4 3 3 7 6 5 5 3
64139 5 6 4 4 2 5 4 5 5 5
96907 4 6 4 4 4 4 4 5 5 5
162443 4 5 4 5 4 4 4 5 4 6
113291 4 5 4 5 3 6 3 5 6 4
178827 3 6 3 6 3 6 3 5 5 5
121483 4 5 4 4 4 5 5 5 5 4
125579 4 6 3 4 3 6 5 6 4 4
127627 5 5 4 3 3 6 5 5 6 3
64651 6 5 5 4 2 3 5 4 5 6
97419 5 5 5 4 3 4 4 4 5 6
162955 5 4 5 5 3 3 6 3 4 7
113803 5 4 5 4 4 5 3 4 6 5
179339 4 5 4 5 4 4 5 3 5 6
121995 5 4 4 5 4 4 5 4 5 5
126091 5 4 5 4 3 5 5 5 4 5
128139 5 5 5 3 3 5 5 4 6 4
129163 6 5 4 4 3 4 4 5 5 5
32523 7 6 5 3 3 2 3 5 5 6
48907 6 6 5 3 3 3 4 4 6 5
81675 6 5 5 3 4 3 3 6 5 5
57099 6 5 5 3 3 4 5 4 5 5
89867 5 6 4 3 4 4 4 6 4 5
61195 6 5 4 3 4 4 5 5 4 5
63243 6 5 4 3 4 4 5 4 6 4
64267 6 5 5 3 3 4 4 5 5 5
64779 6 6 5 3 3 2 5 4 5 6
4083 8 6 6 6 5 4 3 2 2 3
6131 7 6 6 6 5 4 3 3 3 2
10227 7 5 6 6 5 4 3 4 4 1
18419 7 5 5 6 5 4 4 4 3 2
34803 7 5 5 5 5 5 4 3 3 3
7155 7 5 6 6 5 4 4 3 2 3
11251 6 6 5 6 5 4 4 4 3 2
19443 6 5 6 5 5 4 5 4 2 3
35827 6 5 5 6 4 5 5 3 2 4
68595 6 5 5 5 6 4 4 3 3 4
13299 7 4 5 6 5 4 4 5 4 1
21491 6 5 5 5 5 4 5 5 3 2
37875 6 4 6 5 4 5 5 4 3 3
70643 6 4 5 6 5 4 4 4 4 3
25587 7 4 4 5 5 4 5 6 4 1
41971 6 5 4 5 4 5 5 5 4 2
74739 6 4 5 5 5 4 4 5 5 2
140275 6 4 4 7 5 3 3 6 5 2
50163 7 4 4 4 4 5 6 5 3 3
82931 6 5 4 4 5 4 5 5 4 3
7667 7 5 5 6 5 5 4 2 2 4
11763 6 5 6 5 5 5 4 3 3 3
19955 6 4 6 6 4 5 5 3 2 4
36339 6 4 5 6 5 5 5 2 2 5
69107 6 4 5 5 6 6 3 2 3 5
13811 6 5 5 5 5 5 4 4 4 2
22003 5 6 4 6 4 5 5 4 3 3
38387 5 5 5 5 5 5 5 3 3 4
71155 5 5 4 6 5 6 3 3 4 4
26099 6 4 5 5 4 5 5 5 4 2
42483 5 5 5 4 5 5 5 4 4 3
75251 5 4 6 4 5 6 3 4 5 3
140787 5 4 5 6 5 4 4 4 5 3
50675 6 4 4 5 4 5 6 4 3 4
83443 5 5 4 5 4 6 4 4 4 4
148979 5 4 5 6 4 4 5 4 4 4
14835 7 4 4 5 5 5 5 4 3 3
23027 6 4 5 5 4 5 6 4 2 4
39411 6 3 5 6 4 5 6 3 2 5
72179 6 3 4 6 6 5 4 3 3 5
27123 6 4 5 4 4 5 6 5 3 3
43507 5 5 4 5 4 5 6 4 3 4
76275 5 4 5 4 6 5 4 4 4 4
141811 5 4 4 6 5 5 4 4 4 4
51699 6 3 5 5 3 5 7 4 2 5
84467 5 4 5 4 5 5 5 4 3 5
150003 5 3 6 5 4 5 5 4 3 5
100851 6 3 4 5 5 5 5 3 3 6
29171 7 4 3 4 4 5 6 6 4 2
45555 6 4 4 4 4 5 6 5 4 3
78323 6 3 4 5 5 5 4 5 5 3
143859 6 3 3 6 6 4 4 5 5 3
53747 6 4 4 4 3 5 7 5 3 4
86515 5 5 3 5 4 5 5 5 4 4
152051 5 4 4 5 5 4 5 5 4 4
102899 6 3 4 5 4 5 5 4 4 5
168435 5 4 4 5 5 4 5 4 4 5
57843 7 4 3 3 3 5 7 6 4 3
90611 6 4 4 3 4 5 5 6 5 3
106995 6 4 4 3 4 5 5 5 5 4
7923 7 5 5 5 6 5 3 2 3 4
12019 6 5 5 6 5 5 3 3 4 3
20211 6 4 5 6 6 4 4 3 3 4
36595 6 4 4 6 6 6 3 2 3 5
69363 6 4 4 5 7 6 3 1 4 5
14067 6 4 6 5 5 5 3 4 5 2
22259 5 5 5 5 6 4 4 4 4 3
38643 5 4 6 4 6 6 3 3 4 4
71411 5 4 5 5 6 6 3 2 5 4
26355 6 3 5 6 5 4 4 5 5 2
42739 5 4 5 5 5 6 3 4 5 3
75507 5 3 6 5 5 6 3 3 6 3
141043 5 3 5 7 5 4 3 5 5 3
50931 6 3 4 5 6 5 4 4 4 4
83699 5 4 4 5 6 5 4 3 5 4
149235 5 3 5 6 6 3 4 5 4 4
100083 6 3 4 4 6 7 3 2 5 5
15091 6 5 4 5 5 5 4 4 4 3
23283 5 5 5 4 6 4 5 4 3 4
39667 5 4 5 5 5 6 4 3 3 5
72435 5 4 4 5 7 5 4 2 4 5
27379 5 5 4 5 5 4 5 5 4 3
43763 4 6 3 6 4 6 4 4 4 4
76531 4 5 4 5 6 5 4 3 5 4
142067 4 5 3 7 5 5 3 5 4 4
51955 5 4 4 5 5 5 5 4 3 5
84723 4 5 4 4 7 4 5 3 4 5
150259 4 4 5 5 6 4 4 5 3 5
101107 5 4 3 5 6 6 4 2 4 6
166643 4 5 3 6 5 6 3 4 3 6
29427 6 4 4 4 5 4 5 6 5 2
45811 5 4 5 4 4 6 4 5 5 3
78579 5 3 5 5 5 5 4 4 6 3
144115 5 3 4 6 6 4 3 6 5 3
54003 5 4 5 3 5 5 5 5 4 4
86771 4 5 4 4 6 4 5 4 5 4
152307 4 4 5 4 7 3 4 6 4 4
103155 5 3 5 4 5 6 4 3 5 5
168691 4 4 5 4 6 5 3 5 4 5
299763 4 3 7 4 4 6 4 4 5 4
58099 6 4 3 4 4 5 5 6 5 3
90867 5 4 4 4 5 4 5 5 6 3
156403 5 3 4 6 5 3 4 7 5 3
107251 5 4 4 4 4 6 4 4 6 4
172787 4 5 3 6 4 5 3 6 5 4
15603 7 4 4 4 5 6 4 3 4 4
23795 6 4 4 5 5 5 5 3 3 5
40179 6 3 4 5 6 6 4 2 3 6
72947 6 3 3 5 7 7 3 1 4 6
27891 6 3 5 5 4 5 5 4 4 4
44275 5 4 4 5 5 6 4 3 4 5
77043 5 3 5 4 6 7 3 2 5 5
142579 5 3 4 6 5 6 4 3 4 5
52467 6 2 4 6 5 5 5 3 3 6
85235 5 3 4 5 6 6 4 2 4 6
150771 5 2 5 6 5 5 5 3 3 6
101619 6 2 3 5 7 7 3 1 4 7
167155 5 3 3 6 6 6 4 2 3 7
29939 6 4 4 4 4 5 5 5 5 3
46323 5 4 5 3 5 6 4 4 5 4
79091 5 3 5 4 5 7 3 3 6 4
144627 5 3 4 5 6 5 4 4 5 4
54515 5 4 4 4 5 5 5 4 4 5
87283 4 5 3 5 5 6 4 3 5 5
152819 4 4 4 5 6 4 5 4 4 5
103667 5 3 4 4 6 7 3 2 5 6
169203 4 4 4 4 7 5 4 3 4 6
300275 4 3 6 4 5 6 4 4 4 5
58611 6 3 4 4 4 5 5 5 5 4
91379 5 3 5 4 4 6 4 4 6 4
156915 5 2 5 6 4 4 5 5 5 4
107763 5 3 5 3 5 7 3 3 6 5
173299 4 4 4 5 5 5 4 4 5 5
304371 4 3 6 4 5 5 4 5 5 4
206067 5 2 5 5 5 6 3 3 6 5
115955 6 3 3 4 5 6 4 3 5 6
30963 7 4 3 3 4 5 6 5 4 4
47347 6 4 3 4 4 6 5 4 4 5
80115 6 3 3 4 6 6 4 3 5 5
145651 6 3 2 5 6 6 4 4 4 5
55539 6 3 4 4 4 5 6 4 3 6
88307 5 4 3 4 6 5 5 3 4 6
153843 5 3 4 4 6 5 5 4 3 6
104691 6 2 3 5 6 6 4 2 4 7
170227 5 3 3 5 6 6 4 3 3 7
202995 6 2 2 5 8 6 3 2 4 7
59635 6 4 3 4 3 5 6 5 4 5
92403 5 4 4 3 5 5 5 4 5 5
157939 5 3 4 5 4 5 5 5 4 5
108787 5 4 3 4 5 6 4 3 5 6
174323 4 5 2 6 4 6 4 4 4 6
207091 5 3 3 5 6 6 3 3 5 6
116979 6 3 3 4 5 5 5 3 4 7
182515 5 3 4 5 4 5 5 4 3 7
215283 5 3 4 4 6 5 4 3 4 7
61683 7 4 3 2 3 5 6 6 5 4
94451 6 4 3 3 4 5 5 5 6 4
110835 6 3 4 3 4 6 4 4 6 5
119027 6 4 3 3 4 5 5 4 5 6
8051 7 5 5 6 5 4 3 3 3 4
12147 6 5 5 6 6 3 3 4 4 3
20339 6 4 5 6 6 4 3 4 3 4
36723 6 4 4 6 6 5 4 2 3 5
69491 6 4 4 5 7 5 3 3 3 5
14195 6 4 5 7 5 3 3 5 5 2
22387 5 5 4 7 5 4 3 5 4 3
38771 5 4 5 6 5 5 4 3 4 4
71539 5 4 4 7 5 5 3 4 4 4
26483 6 3 4 7 6 3 3 6 5 2
42867 5 4 4 6 6 4 4 4 5 3
75635 5 3 5 6 6 4 3 5 5 3
141171 5 3 4 8 6 2 3 6 6 2
51059 6 3 3 6 6 5 4 4 4 4
83827 5 4 3 6 6 5 3 5 4 4
149363 5 3 4 7 6 3 3 6 5 3
100211 6 3 3 5 6 6 4 3 4 5
15219 6 4 5 6 5 3 4 5 4 3
23411 5 4 6 5 5 4 4 5 3 4
39795 5 3 6 6 4 5 5 3 3 5
72563 5 3 5 6 6 4 4 4 3 5
27507 5 4 5 5 6 3 4 6 4 3
43891 4 5 4 6 5 4 5 4 4 4
76659 4 4 5 5 7 3 4 5 4 4
142195 4 4 4 7 6 3 3 6 5 3
52083 5 3 5 5 5 5 5 4 3 5
84851 4 4 5 4 7 4 4 5 3 5
150387 4 3 6 5 6 4 3 6 4 4
101235 5 3 4 5 6 5 5 3 3 6
166771 4 4 4 6 5 5 4 4 4 5
29555 6 3 4 6 5 3 4 7 5 2
45939 5 3 5 6 4 4 5 5 5 3
78707 5 2 5 7 5 3 4 6 5 3
144243 5 2 4 8 6 2 3 7 6 2
54131 5 3 5 5 4 5 5 5 4 4
86899 4 4 4 6 5 4 4 6 4 4
152435 4 3 5 6 6 3 3 7 5 3
103283 5 2 5 6 4 5 5 4 4 5
168819 4 3 5 6 5 4 4 5 5 4
299891 4 2 7 6 3 5 5 4 5 4
58227 6 3 3 5 5 4 5 6 5 3
90995 5 3 4 5 6 3 4 7 5 3
156531 5 2 4 7 6 2 3 8 6 2
107379 5 3 4 5 5 4 5 5 5 4
172915 4 4 3 7 5 3 4 6 6 3
205683 5 2 4 7 6 2 3 7 6 3
15731 6 5 4 5 5 4 4 4 4 4
23923 5 5 4 6 4 5 4 4 3 5
40307 5 4 4 6 5 5 5 2 3 6
73075 5 4 3 6 6 6 3 3 3 6
28019 5 4 5 5 5 4 4 5 4 4
44403 4 5 4 5 6 4 5 3 4 5
77171 4 4 5 4 7 5 3 4 4 5
142707 4 4 4 6 6 4 4 4 5 4
52595 5 3 4 6 5 5 5 3 3 6
85363 4 4 4 5 6 6 3 4 3 6
150899 4 3 5 6 5 5 4 4 4 5
101747 5 3 3 5 7 6 4 2 3 7
167283 4 4 3 6 6 5 5 2 4 6
30067 5 5 3 6 4 4 4 6 5 3
46451 4 5 4 5 5 4 5 4 5 4
79219 4 4 4 6 5 5 3 5 5 4
144755 4 4 3 7 6 3 4 5 6 3
54643 4 5 3 6 4 5 5 4 4 5
87411 3 6 2 7 4 6 3 5 4 5
152947 3 5 3 7 5 4 4 5 5 4
103795 4 4 3 6 5 6 4 3 4 6
169331 3 5 3 6 6 4 5 3 5 5
300403 3 4 5 6 4 5 5 4 4 5
58739 5 4 3 5 5 4 5 5 5 4
91507 4 4 4 5 5 5 3 6 5 4
157043 4 3 4 7 5 3 4 6 6 3
107891 4 4 4 4 6 5 4 4 5 5
173427 3 5 3 6 6 3 5 4 6 4
304499 3 4 5 5 6 3 5 5 5 4
206195 4 3 4 6 6 4 3 5 6 4
116083 5 4 2 5 5 6 4 4 4 6
31091 6 4 4 4 4 4 5 6 4 4
47475 5 4 4 5 4 4 6 4 4 5
80243 5 3 4 5 6 4 4 5 4 5
145779 5 3 3 6 6 4 4 5 5 4
55667 5 3 5 5 3 5 6 4 3 6
88435 4 4 4 5 5 5 4 5 3 6
153971 4 3 5 5 5 5 4 5 4 5
104819 5 2 4 6 5 5 5 3 3 7
170355 4 3 4 6 5 5 5 3 4 6
301427 4 2 6 6 3 5 7 3 3 6
203123 5 2 3 6 7 5 3 4 4 6
59763 5 4 4 4 4 4 6 5 4 5
92531 4 4 5 3 6 4 4 6 4 5
158067 4 3 5 5 5 4 4 6 5 4
108915 4 4 4 4 6 4 5 4 4 6
174451 3 5 3 6 5 4 5 4 5 5
305523 3 4 5 5 5 3 7 4 4 5
207219 4 3 4 5 7 4 3 5 5 5
338291 3 4 5 4 7 3 5 5 4 5
117107 5 3 4 4 5 5 5 4 3 7
182643 4 3 5 5 4 5 5 4 4 6
215411 4 3 5 4 6 5 3 5 4 6
61811 6 4 3 4 3 4 6 6 5 4
94579 5 4 3 5 4 4 4 7 5 4
160115 5 3 3 6 5 3 4 7 6 3
110963 5 3 4 5 4 4 5 5 5 5
176499 4 4 3 6 5 3 5 5 6 4
119155 5 4 3 5 3 5 5 5 4 6
184691 4 4 4 5 4 4 5 5 5 5
15987 7 4 4 5 5 4 3 4 5 4
24179 6 4 4 5 6 4 3 4 4 5
40563 6 3 4 5 6 6 3 2 4 6
73331 6 3 3 5 7 6 3 2 4 6
28275 6 3 4 6 6 3 3 5 5 4
44659 5 4 3 6 6 5 3 3 5 5
77427 5 3 4 5 7 5 3 3 5 5
142963 5 3 3 7 6 4 3 5 5 4
52851 6 2 3 6 7 5 3 3 4 6
85619 5 3 3 5 8 5 3 3 4 6
151155 5 2 4 6 7 4 3 5 4 5
102003 6 2 2 5 8 7 3 1 4 7
167539 5 3 2 6 7 6 3 3 4 6
30323 6 3 4 6 5 3 3 6 6 3
46707 5 3 5 5 5 5 3 4 6 4
79475 5 2 5 6 5 5 3 4 6 4
145011 5 2 4 7 6 3 3 6 6 3
54899 5 3 4 5 6 5 3 4 5 5
87667 4 4 3 6 6 5 3 4 5 5
153203 4 3 4 6 7 3 3 6 5 4
104051 5 2 4 5 6 7 3 2 5 6
169587 4 3 4 5 7 5 3 4 5 5
300659 4 2 6 5 5 6 3 4 6 4
58995 6 2 3 6 6 4 3 5 6 4
91763 5 2 4 6 6 4 3 5 6 4
157299 5 1 4 8 6 2 3 7 6 3
108147 5 2 4 5 6 6 3 3 6 5
173683 4 3 3 7 6 4 3 5 6 4
304755 4 2 5 6 6 4 3 5 7 3
206451 5 1 4 7 6 4 3 5 6 4
116339 6 2 2 5 7 6 3 3 5 6
181875 5 2 3 6 7 4 3 5 5 5
31347 6 4 4 4 5 3 4 6 5 4
47731 5 4 4 5 4 5 4 4 5 5
80499 5 3 4 5 6 4 4 4 5 5
146035 5 3 3 6 6 4 3 6 5 4
55923 5 3 5 4 5 5 4 4 4 6
88691 4 4 4 4 7 4 4 4 4 6
154227 4 3 5 4 7 4 3 6 4 5
105075 5 2 4 5 6 6 4 2 4 7
170611 4 3 4 5 6 6 3 4 4 6
301683 4 2 6 5 4 6 5 3 5 5
203379 5 2 3 5 8 5 3 4 4 6
60019 5 4 3 5 5 4 4 5 5 5
92787 4 4 4 4 7 3 4 5 5 5
158323 4 3 4 6 6 3 3 7 5 4
109171 4 4 3 5 6 5 4 3 5 6
174707 3 5 2 7 5 5 3 5 5 5
305779 3 4 4 6 5 4 5 4 6 4
207475 4 3 3 6 7 4 3 5 5 5
338547 3 4 4 5 7 3 5 4 6 4
117363 5 3 3 4 7 5 4 3 4 7
182899 4 3 4 5 6 5 3 5 4 6
313971 4 2 5 6 5 4 5 4 5 5
215667 4 3 4 4 8 4 3 5 4 6
62067 6 3 4 4 4 4 4 6 6 4
94835 5 3 4 5 5 3 4 6 6 4
160371 5 2 4 6 6 2 3 8 6 3
111219 5 2 5 5 4 5 4 4 6 5
176755 4 3 4 6 5 4 3 6 6 4
307827 4 2 6 5 4 5 4 5 7 3
209523 5 1 4 7 6 3 3 6 6 4
119411 5 3 4 4 5 5 4 4 5 6
184947 4 3 5 4 6 4 3 6 5 5
316019 4 2 6 5 4 5 4 5 6 4
217715 4 3 4 5 7 3 3 6 5 5
234099 5 2 4 5 6 5 3 4 5 6
123507 6 3 3 4 5 4 4 5 6 5
31859 7 4 3 4 4 4 4 5 5 5
48243 6 4 3 4 5 5 4 3 5 6
81011 6 3 3 4 6 6 3 3 5 6
146547 6 3 2 5 6 5 4 4 5 5
56435 6 3 3 5 5 5 4 3 4 7
89203 5 4 2 5 6 6 3 3 4 7
154739 5 3 3 5 6 5 4 4 4 6
105587 6 2 2 5 7 7 3 1 4 8
171123 5 3 2 5 7 6 4 2 4 7
203891 6 2 1 5 8 7 3 2 4 7
60531 6 3 3 5 5 4 4 4 5 6
93299 5 3 4 4 6 5 3 4 5 6
158835 5 2 4 6 5 4 4 5 5 5
109683 5 3 3 4 7 6 3 2 5 7
175219 4 4 2 6 6 5 4 3 5 6
207987 5 2 3 5 7 6 3 3 5 6
117875 6 2 2 5 7 6 3 2 4 8
183411 5 2 3 6 6 5 4 3 4 7
216179 5 2 3 5 7 6 3 3 4 7
62579 6 4 3 4 4 4 4 5 6 5
95347 5 4 3 5 4 5 3 5 6 5
160883 5 3 3 6 5 3 4 6 6 4
111731 5 3 4 4 5 6 3 3 6 6
177267 4 4 3 5 6 4 4 4 6 5
210035 5 2 3 6 6 5 3 4 6 5
119923 5 4 2 5 5 6 3 3 5 7
185459 4 4 3 5 6 4 4 4 5 6
218227 4 4 2 6 6 5 3 4 5 6
234611 5 3 2 5 7 6 3 2 5 7
124019 6 3 3 4 5 5 3 4 6 6
189555 5 3 3 6 5 3 4 5 6 5
222323 5 2 4 6 5 4 3 5 6 5
63603 7 4 3 3 3 4 5 5 5 6
96371 6 4 3 3 5 4 4 5 5 6
112755 6 3 3 4 5 5 4 3 5 7
8115 7 5 6 6 4 3 4 3 3 4
12211 6 5 6 6 4 4 3 4 4 3
20403 6 4 6 6 4 4 5 3 3 4
36787 6 4 5 6 4 5 5 3 2 5
69555 6 4 5 5 5 5 4 3 4 4
14259 6 4 6 6 5 3 3 5 5 2
22451 5 5 5 6 5 3 5 4 4 3
38835 5 4 6 5 5 4 5 4 3 4
71603 5 4 5 6 5 4 4 4 5 3
26547 6 3 5 6 5 4 4 5 5 2
42931 5 4 5 5 5 5 4 5 4 3
75699 5 3 6 5 5 5 3 5 6 2
141235 5 3 5 7 5 3 3 6 6 2
51123 6 3 4 5 5 5 6 4 3 4
83891 5 4 4 5 5 5 5 4 5 3
149427 5 3 5 6 5 3 5 5 5 3
100275 6 3 4 4 5 6 5 4 4 4
15283 6 4 5 7 4 3 4 5 4 3
23475 5 4 6 6 4 3 6 4 3 4
39859 5 3 6 7 3 4 6 4 2 5
72627 5 3 5 7 5 3 5 4 4 4
27571 5 4 5 6 4 4 5 5 4 3
43955 4 5 4 7 3 5 5 5 3 4
76723 4 4 5 6 5 4 4 5 5 3
142259 4 4 4 8 4 4 3 6 5 3
52147 5 3 5 6 3 5 7 4 2 5
84915 4 4 5 5 5 4 6 4 4 4
150451 4 3 6 6 4 4 5 5 4 4
101299 5 3 4 6 4 5 6 4 3 5
166835 4 4 4 7 3 5 5 5 3 5
29619 6 3 4 6 5 3 5 6 5 2
46003 5 3 5 6 4 4 5 6 4 3
78771 5 2 5 7 5 3 4 6 6 2
144307 5 2 4 8 6 2 3 7 6 2
54195 5 3 5 5 4 4 7 5 3 4
86963 4 4 4 6 5 3 6 5 5 3
152499 4 3 5 6 6 2 5 6 5 3
103347 5 2 5 6 4 4 6 5 4 4
168883 4 3 5 6 5 3 5 6 4 4
299955 4 2 7 6 3 4 6 5 3 5
58291 6 3 3 5 4 5 6 6 4 3
91059 5 3 4 5 5 4 5 6 6 2
156595 5 2 4 7 5 3 4 7 6 2
107443 5 3 4 5 4 5 5 6 5 3
172979 4 4 3 7 4 4 4 7 5 3
205747 5 2 4 7 5 3 3 7 7 2
115635 6 3 3 4 4 5 7 5 4 4
15795 6 4 6 5 4 4 4 4 4 4
23987 5 4 6 6 3 4 6 3 3 5
40371 5 3 6 6 4 4 6 3 2 6
73139 5 3 5 6 5 5 4 3 4 5
28083 5 3 7 5 3 5 5 4 4 4
44467 4 4 6 5 4 5 5 4 3 5
77235 4 3 7 4 5 6 3 4 5 4
142771 4 3 6 6 4 5 4 4 5 4
52659 5 2 6 6 3 5 7 3 2 6
85427 4 3 6 5 4 6 5 3 4 5
150963 4 2 7 6 3 5 6 3 4 5
101811 5 2 5 5 5 6 5 3 3 6
167347 4 3 5 6 4 5 6 3 3 6
30131 5 4 5 5 4 4 5 5 5 3
46515 4 4 6 4 5 4 5 5 4 4
79283 4 3 6 5 5 5 3 5 6 3
144819 4 3 5 6 6 3 4 5 6 3
54707 4 4 5 5 4 4 7 4 3 5
87475 3 5 4 6 4 5 5 4 5 4
153011 3 4 5 6 5 3 6 4 5 4
103859 4 3 5 5 5 5 5 4 4 5
169395 3 4 5 5 6 3 6 4 4 5
300467 3 3 7 5 4 4 6 5 2 6
58803 5 3 5 4 4 5 6 5 4 4
91571 4 3 6 4 4 6 4 5 6 3
157107 4 2 6 6 4 4 5 5 6 3
107955 4 3 6 3 5 6 4 5 5 4
173491 3 4 5 5 5 4 5 5 5 4
304563 3 3 7 4 5 4 5 6 3 5
206259 4 2 6 5 5 5 3 5 7 3
116147 5 3 4 4 4 6 6 4 4 5
181683 4 3 5 5 4 4 7 4 4 5
31155 6 3 5 5 3 4 6 5 4 4
47539 5 3 5 6 3 4 6 5 3 5
80307 5 2 5 6 5 4 4 5 5 4
145843 5 2 4 7 5 4 4 5 5 4
55731 5 2 6 6 2 4 8 4 2 6
88499 4 3 5 6 4 4 6 4 4 5
154035 4 2 6 6 4 4 6 4 4 5
104883 5 1 5 7 4 4 6 4 3 6
170419 4 2 5 7 4 4 6 4 3 6
301491 4 1 7 7 2 4 8 4 1 7
203187 5 1 4 7 6 4 4 4 5 5
59827 5 3 5 5 2 5 7 5 3 5
92595 4 3 6 4 4 5 5 5 5 4
158131 4 2 6 6 3 5 5 5 5 4
108979 4 3 5 5 4 5 5 5 4 5
174515 3 4 4 7 3 5 5 5 4 5
305587 3 3 6 6 3 4 7 5 2 6
207283 4 2 5 6 5 5 3 5 6 4
338355 3 3 6 5 5 4 5 5 4 5
117171 5 2 5 5 3 5 7 4 3 6
182707 4 2 6 6 2 5 7 4 3 6
313779 4 1 7 7 1 4 9 4 1 7
215475 4 2 6 5 4 5 5 4 5 5
61875 6 3 4 4 3 4 7 6 4 4
94643 5 3 4 5 4 4 5 6 6 3
160179 5 2 4 6 5 3 5 6 6 3
111027 5 2 5 5 4 4 5 6 5 4
176563 4 3 4 6 5 3 5 6 5 4
209331 5 1 4 7 6 3 3 6 7 3
119219 5 3 4 5 3 4 7 5 4 5
184755 4 3 5 5 4 3 7 5 4 5
217523 4 3 4 6 5 3 5 5 6 4
16051 6 5 5 5 4 4 3 4 5 4
24243 5 5 5 5 5 3 5 3 4 5
40627 5 4 5 5 5 5 4 3 3 6
73395 5 4 4 5 6 5 4 2 5 5
28339 5 4 5 6 4 4 4 4 5 4
44723 4 5 4 6 4 6 3 4 4 5
77491 4 4 5 5 5 6 3 3 6 4
143027 4 4 4 7 4 5 3 5 5 4
52915 5 3 4 6 5 5 5 3 3 6
85683 4 4 4 5 6 5 5 2 5 5
151219 4 3 5 6 5 4 5 4 4 5
102067 5 3 3 5 6 7 4 2 4 6
167603 4 4 3 6 5 6 4 4 3 6
30387 5 4 5 5 5 3 4 5 6 3
46771 4 4 6 4 5 5 3 5 5 4
79539 4 3 6 5 5 5 3 4 7 3
145075 4 3 5 6 6 3 3 6 6 3
54963 4 4 5 4 6 4 5 4 4 5
87731 3 5 4 5 6 4 5 3 6 4
153267 3 4 5 5 7 2 5 5 5 4
104115 4 3 5 4 6 6 4 3 5 5
169651 3 4 5 4 7 4 4 5 4 5
300723 3 3 7 4 5 5 4 5 4 5
59059 5 3 4 5 5 5 4 5 5 4
91827 4 3 5 5 5 5 4 4 7 3
157363 4 2 5 7 5 3 4 6 6 3
108211 4 3 5 4 5 7 3 4 6 4
173747 3 4 4 6 5 5 3 6 5 4
304819 3 3 6 5 5 5 3 6 5 4
206515 4 2 5 6 5 5 3 5 7 3
116403 5 3 3 4 6 6 5 3 5 5
181939 4 3 4 5 6 4 5 5 4 5
214707 4 3 4 5 6 4 5 4 6 4
31411 5 5 4 5 4 3 5 5 5 4
47795 4 5 4 6 3 5 4 5 4 5
80563 4 4 4 6 5 4 4 4 6 4
146099 4 4 3 7 5 4 3 6 5 4
55987 4 4 5 5 4 4 6 4 3 6
88755 3 5 4 5 6 3 6 3 5 5
154291 3 4 5 5 6 3 5 5 4 5
105139 4 3 4 6 5 5 5 3 4 6
170675 3 4 4 6 5 5 4 5 3 6
301747 3 3 6 6 3 5 6 4 3 6
203443 4 3 3 6 7 4 4 4 5 5
60083 4 5 3 6 3 5 5 5 4 5
92851 3 5 4 5 5 4 5 4 6 4
158387 3 4 4 7 4 4 4 6 5 4
109235 3 5 3 6 4 6 4 4 5 5
174771 2 6 2 8 3 6 3 6 4 5
305843 2 5 4 7 3 5 5 5 4 5
207539 3 4 3 7 5 5 3 5 6 4
338611 2 5 4 6 5 4 5 4 6 4
117427 4 4 3 5 5 5 6 3 4 6
182963 3 4 4 6 4 5 5 5 3 6
314035 3 3 5 7 3 4 7 4 3 6
215731 3 4 4 5 6 4 5 4 5 5
346803 2 5 4 6 5 3 7 3 5 5
62131 5 4 4 4 4 4 5 6 5 4
94899 4 4 4 5 5 3 5 5 7 3
160435 4 3 4 6 6 2 4 7 6 3
111283 4 3 5 5 4 5 4 5 6 4
176819 3 4 4 6 5 4 3 7 5 4
307891 3 3 6 5 4 5 4 6 5 4
209587 4 2 4 7 6 3 3 6 7 3
340659 3 3 5 6 5 4 4 5 7 3
119475 4 4 4 4 5 4 6 4 5 5
185011 3 4 5 4 6 3 5 6 4 5
316083 3 3 6 5 4 4 6 5 4 5
217779 3 4 4 5 7 2 5 5 6 4
348851 2 5 4 6 5 3 6 4 6 4
234163 4 3 4 5 6 4 4 5 5 5
123571 5 4 3 4 4 5 5 5 6 4
31923 6 4 5 4 3 4 5 4 5 5
48307 5 4 5 4 4 5 4 4 4 6
81075 5 3 5 4 5 6 3 3 6 5
146611 5 3 4 5 5 5 4 4 5 5
56499 5 3 5 5 4 4 6 3 3 7
89267 4 4 4 5 5 5 5 2 5 6
154803 4 3 5 5 5 4 6 3 4 6
105651 5 2 4 5 6 6 4 2 4 7
171187 4 3 4 5 6 5 5 3 3 7
302259 4 2 6 5 4 5 6 4 2 7
203955 5 2 3 5 7 6 4 2 5 6
60595 5 3 5 5 3 5 5 4 4 6
93363 4 3 6 4 4 6 4 3 6 5
158899 4 2 6 6 3 5 5 4 5 5
109747 4 3 5 4 5 7 3 3 5 6
175283 3 4 4 6 4 6 4 4 4 6
306355 3 3 6 5 4 5 5 5 3 6
208051 4 2 5 5 5 7 3 3 6 5
339123 3 3 6 4 5 6 4 4 5 5
117939 5 2 4 5 5 6 5 2 4 7
183475 4 2 5 6 4 5 6 3 3 7
314547 4 1 6 7 3 4 7 4 2 7
216243 4 2 5 5 5 6 5 2 5 6
347315 3 3 5 6 4 5 6 3 4 6
62643 5 4 5 3 4 4 5 5 5 5
95411 4 4 5 4 4 5 4 4 7 4
160947 4 3 5 5 5 3 5 5 6 4
111795 4 3 6 3 5 6 3 4 6 5
177331 3 4 5 4 6 4 4 5 5 5
308403 3 3 7 3 5 5 4 6 4 5
210099 4 2 5 5 6 5 3 4 7 4
341171 3 3 6 4 5 6 3 5 6 4
119987 4 4 4 4 5 5 5 3 5 6
185523 3 4 5 4 6 3 6 4 4 6
316595 3 3 6 5 4 4 6 5 3 6
218291 3 4 4 5 6 4 5 3 6 5
349363 2 5 4 6 4 5 5 4 5 5
234675 4 3 4 4 7 5 4 3 5 6
124083 5 3 5 3 4 6 4 4 6 5
189619 4 3 5 5 4 4 5 5 5 5
222387 4 2 6 5 4 5 4 4 7 4
238771 4 3 5 4 5 6 3 4 6 5
63667 6 4 4 4 2 4 6 5 4 6
96435 5 4 4 4 4 4 5 4 6 5
161971 5 3 4 5 4 4 5 5 5 5
112819 5 3 4 5 4 5 4 4 5 6
178355 4 4 3 6 4 5 4 5 4 6
121011 5 3 4 5 4 4 6 3 4 7
125107 5 4 4 4 3 5 5 4 5 6
16179 7 4 5 6 4 2 3 5 5 4
24371 6 4 5 6 4 3 4 4 4 5
40755 6 3 5 6 4 4 5 3 3 6
73523 6 3 4 6 5 4 4 4 4 5
28467 6 3 5 6 5 3 3 5 5 4
44851 5 4 4 6 5 4 4 4 4 5
77619 5 3 5 5 6 4 3 5 5 4
143155 5 3 4 7 5 3 3 6 6 3
53043 6 2 4 6 5 5 5 3 3 6
85811 5 3 4 5 6 5 4 4 4 5
151347 5 2 5 6 5 4 4 5 5 4
102195 6 2 3 5 6 6 5 3 3 6
167731 5 3 3 6 5 5 5 4 4 5
30515 6 3 4 7 5 2 3 6 6 3
46899 5 3 5 6 5 3 4 5 5 4
79667 5 2 5 7 5 3 3 6 6 3
145203 5 2 4 8 6 1 3 7 7 2
55091 5 3 4 6 5 4 5 4 4 5
87859 4 4 3 7 5 4 4 5 5 4
153395 4 3 4 7 6 2 4 6 6 3
104243 5 2 4 6 5 5 5 4 4 5
169779 4 3 4 6 6 3 5 5 5 4
300851 4 2 6 6 4 4 5 5 4 5
59187 6 2 3 6 6 4 4 5 5 4
91955 5 2 4 6 6 4 3 6 6 3
157491 5 1 4 8 6 2 3 7 7 2
108339 5 2 4 5 6 5 4 5 5 4
173875 4 3 3 7 6 3 4 6 6 3
304947 4 2 5 6 6 3 4 6 5 4
206643 5 1 4 7 6 3 3 7 7 2
116531 6 2 2 5 6 6 5 4 4 5
182067 5 2 3 6 6 4 5 5 5 4
214835 5 2 3 6 6 4 4 6 6 3
31539 6 3 5 6 4 2 4 6 5 4
47923 5 3 5 7 3 3 5 5 4 5
80691 5 2 5 7 5 2 4 6 5 4
146227 5 2 4 8 5 2 3 7 6 3
56115 5 2 6 6 3 4 6 4 3 6
88883 4 3 5 6 5 3 5 5 4 5
154419 4 2 6 6 5 3 4 6 5 4
105267 5 1 5 7 4 4 6 4 3 6
170803 4 2 5 7 4 4 5 5 4 5
301875 4 1 7 7 2 4 7 4 3 6
203571 5 1 4 7 6 3 4 6 5 4
60211 5 3 4 6 4 4 5 5 4 5
92979 4 3 5 5 6 3 4 6 5 4
158515 4 2 5 7 5 3 3 7 6 3
109363 4 3 4 6 5 4 5 5 4 5
174899 3 4 3 8 4 4 4 6 5 4
305971 3 3 5 7 4 3 6 5 4 5
207667 4 2 4 7 6 3 3 7 6 3
338739 3 3 5 6 6 2 5 6 5 4
117555 5 2 4 5 5 5 6 4 3 6
183091 4 2 5 6 4 5 5 5 4 5
314163 4 1 6 7 3 4 7 4 3 6
215859 4 2 5 5 6 4 4 6 5 4
346931 3 3 5 6 5 3 6 5 4 5
62259 6 2 4 6 4 3 5 6 5 4
95027 5 2 4 7 5 2 4 7 6 3
160563 5 1 4 8 6 1 3 8 7 2
111411 5 1 5 7 4 3 5 6 5 4
176947 4 2 4 8 5 2 4 7 6 3
308019 4 1 6 7 4 3 5 6 5 4
209715 5 0 4 9 6 1 3 8 7 2
340787 4 1 5 8 5 2 4 7 6 3
119603 5 2 4 6 4 4 6 5 4 5
185139 4 2 5 6 5 3 5 6 5 4
316211 4 1 6 7 3 4 6 5 4 5
217907 4 2 4 7 6 2 4 7 6 3
348979 3 3 4 8 4 3 5 6 5 4
234291 5 1 4 7 5 3 5 6 5 4
123699 6 2 3 5 5 4 5 6 5 4
189235 5 2 3 7 5 3 4 7 6 3
32051 6 4 5 5 3 3 4 5 5 5
48435 5 4 5 5 4 3 5 4 4 6
81203 5 3 5 5 5 4 3 5 5 5
146739 5 3 4 6 5 3 4 5 6 4
56627 5 3 5 6 3 4 6 3 3 7
89395 4 4 4 6 4 5 4 4 4 6
154931 4 3 5 6 4 4 5 4 5 5
105779 5 2 4 6 5 5 5 3 3 7
171315 4 3 4 6 5 4 6 3 4 6
302387 4 2 6 6 3 4 7 4 2 7
204083 5 2 3 6 6 5 4 4 5 5
60723 5 3 5 5 4 4 5 4 4 6
93491 4 3 6 4 5 5 3 5 5 5
159027 4 2 6 6 4 4 4 5 6 4
109875 4 3 5 4 6 5 4 4 4 6
175411 3 4 4 6 5 4 5 4 5 5
306483 3 3 6 5 5 3 6 5 3 6
208179 4 2 5 5 6 5 3 5 6 4
339251 3 3 6 4 6 4 4 6 4 5
118067 5 2 4 5 5 6 5 3 3 7
183603 4 2 5 6 4 5 6 3 4 6
314675 4 1 6 7 3 4 7 4 2 7
216371 4 2 5 5 5 6 4 4 5 5
347443 3 3 5 6 4 5 5 5 3 6
62771 5 4 4 5 4 3 5 5 5 5
95539 4 4 4 6 4 4 3 6 6 4
161075 4 3 4 7 5 2 4 6 7 3
111923 4 3 5 5 5 4 4 5 5 5
177459 3 4 4 6 6 2 5 5 6 4
308531 3 3 6 5 5 3 5 6 4 5
210227 4 2 4 7 6 3 3 6 7 3
341299 3 3 5 6 5 4 3 7 5 4
120115 4 4 3 6 4 5 5 4 4 6
185651 3 4 4 6 5 3 6 4 5 5
316723 3 3 5 7 3 4 6 5 3 6
218419 3 4 3 7 5 4 4 5 6 4
349491 2 5 3 8 3 5 4 6 4 5
234803 4 3 3 6 6 4 5 4 5 5
124211 5 3 4 4 5 5 4 5 5 5
189747 4 3 4 6 5 3 5 5 6 4
320819 4 2 5 6 5 3 5 6 4 5
222515 4 2 5 6 5 4 3 6 7 3
238899 4 3 4 5 6 4 4 5 6 4
63795 6 3 5 5 2 3 6 5 4 6
96563 5 3 5 5 4 3 4 6 5 5
162099 5 2 5 6 4 3 4 6 6 4
112947 5 2 5 6 4 3 5 5 4 6
178483 4 3 4 7 4 3 5 5 5 5
309555 4 2 6 6 3 3 7 5 3 6
211251 5 1 4 7 6 3 3 6 6 4
121139 5 2 5 6 3 4 6 4 3 7
186675 4 2 6 6 3 4 6 4 4 6
219443 4 2 5 6 5 4 4 5 5 5
235827 5 1 4 7 5 4 5 4 4 6
125235 5 3 5 4 4 4 5 5 4 6
190771 4 3 5 6 3 4 5 5 5 5
223539 4 2 6 5 5 4 3 6 6 4
239923 4 3 4 6 5 4 4 5 5 5
248115 5 2 5 5 4 5 5 4 4 6
127283 6 3 4 5 3 3 5 6 5 5
32307 7 4 4 5 4 2 3 5 6 5
48691 6 4 4 5 4 4 3 4 5 6
81459 6 3 4 5 5 4 3 4 6 5
146995 6 3 3 6 5 3 3 6 6 4
56883 6 3 4 5 5 4 4 3 4 7
89651 5 4 3 5 6 4 4 3 5 6
155187 5 3 4 5 6 3 4 5 5 5
106035 6 2 3 5 6 6 4 2 4 7
171571 5 3 3 5 6 5 4 4 4 6
204339 6 2 2 5 7 5 4 4 5 5
60979 6 3 3 6 5 4 3 4 5 6
93747 5 3 4 5 6 4 3 4 6 5
159283 5 2 4 7 5 3 3 6 6 4
110131 5 3 3 5 6 6 3 3 5 6
175667 4 4 2 7 5 5 3 5 5 5
208435 5 2 3 6 6 5 3 5 6 4
118323 6 2 2 5 7 6 4 2 4 7
183859 5 2 3 6 6 5 4 4 4 6
63027 6 3 4 5 5 3 3 5 6 5
95795 5 3 4 6 5 3 3 5 7 4
161331 5 2 4 7 6 1 3 7 7 3
112179 5 2 5 5 5 5 3 4 6 5
177715 4 3 4 6 6 3 3 6 6 4
120371 5 3 3 5 6 5 4 3 5 6
185907 4 3 4 5 7 3 4 5 5 5
124467 6 2 3 5 6 5 3 4 6 5
190003 5 2 3 7 6 3 3 6 6 4
64051 6 4 4 5 3 3 4 5 5 6
96819 5 4 4 5 5 2 4 5 6 5
162355 5 3 4 6 5 2 3 7 6 4
113203 5 3 4 6 4 4 4 4 5 6
178739 4 4 3 7 4 4 3 6 5 5
121395 5 3 4 5 5 4 5 3 4 7
186931 4 3 5 5 5 4 4 5 4 6
125491 5 4 3 5 5 4 4 4 5 6
191027 4 4 3 7 4 4 3 6 5 5
127539 6 3 4 5 4 3 4 5 6 5
193075 5 3 4 6 5 2 3 7 6 4
64563 7 4 4 4 3 3 4 4 5 7
97331 6 4 4 4 4 4 3 4 6 6
8147 7 6 6 5 4 4 3 3 3 4
12243 6 6 6 5 4 4 4 3 4 3
20435 6 5 6 5 4 4 5 4 2 4
36819 6 5 5 5 4 5 5 3 3 4
69587 6 5 5 4 5 5 4 3 4 4
14291 6 5 6 5 4 5 3 4 5 2
22483 5 6 5 5 4 5 4 5 3 3
38867 5 5 6 4 4 6 4 4 4 3
71635 5 5 5 5 4 6 3 4 5 3
26579 6 4 5 5 4 5 5 5 4 2
42963 5 5 5 4 4 6 5 4 5 2
75731 5 4 6 4 4 6 4 4 6 2
141267 5 4 5 6 4 4 4 5 5 3
51155 6 4 4 4 4 6 6 5 3 3
83923 5 5 4 4 4 6 5 5 4 3
149459 5 4 5 5 4 4 5 6 3 4
100307 6 4 4 3 4 7 5 4 5 3
15315 6 5 5 5 5 4 4 4 4 3
23507 5 5 6 4 5 4 5 5 2 4
39891 5 4 6 5 4 5 5 4 3 4
72659 5 4 5 5 6 4 4 4 4 4
27603 5 5 5 4 5 4 6 5 3 3
43987 4 6 4 5 4 5 6 4 4 3
76755 4 5 5 4 6 4 5 4 5 3
142291 4 5 4 6 5 4 4 5 4 4
52179 5 4 5 4 4 5 7 5 2 4
84947 4 5 5 3 6 4 6 5 3 4
150483 4 4 6 4 5 4 5 6 2 5
101331 5 4 4 4 5 5 6 4 4 4
166867 4 5 4 5 4 5 5 5 3 5
29651 6 4 4 4 5 5 5 6 4 2
46035 5 4 5 4 4 6 5 5 5 2
78803 5 3 5 5 5 5 4 5 6 2
144339 5 3 4 6 6 4 3 6 5 3
54227 5 4 5 3 4 6 6 6 3 3
86995 4 5 4 4 5 5 5 6 4 3
152531 4 4 5 4 6 4 4 7 3 4
103379 5 3 5 4 4 6 5 5 5 3
168915 4 4 5 4 5 5 4 6 4 4
299987 4 3 7 4 3 6 5 4 5 4
58323 6 4 3 3 4 6 7 6 4 2
91091 5 4 4 3 5 5 6 6 5 2
156627 5 3 4 5 5 4 5 7 4 3
107475 5 4 4 3 4 6 6 5 6 2
173011 4 5 3 5 4 5 5 6 5 3
205779 5 3 4 5 5 4 4 6 6 3
115667 6 4 3 2 4 6 7 6 4 3
15827 6 5 5 5 4 5 4 3 4 4
24019 5 5 5 6 3 5 5 4 2 5
40403 5 4 5 6 4 5 5 3 3 5
73171 5 4 4 6 5 6 3 3 4 5
28115 5 4 6 5 3 5 6 4 3 4
44499 4 5 5 5 4 5 6 3 4 4
77267 4 4 6 4 5 6 4 3 5 4
142803 4 4 5 6 4 5 5 3 4 5
52691 5 3 5 6 3 5 7 4 2 5
85459 4 4 5 5 4 6 5 4 3 5
150995 4 3 6 6 3 5 6 4 2 6
101843 5 3 4 5 5 6 5 3 4 5
167379 4 4 4 6 4 5 6 3 3 6
30163 5 5 4 5 3 6 5 5 4 3
46547 4 5 5 4 4 6 5 4 5 3
79315 4 4 5 5 4 7 3 4 6 3
144851 4 4 4 6 5 5 4 4 5 4
54739 4 5 4 5 3 6 6 5 3 4
87507 3 6 3 6 3 7 4 5 4 4
153043 3 5 4 6 4 5 5 5 3 5
103891 4 4 4 5 4 7 4 4 5 4
169427 3 5 4 5 5 5 5 4 4 5
300499 3 4 6 5 3 6 5 4 4 5
58835 5 4 4 4 3 6 7 5 4 3
91603 4 4 5 4 3 7 5 5 5 3
157139 4 3 5 6 3 5 6 5 4 4
107987 4 4 5 3 4 7 5 4 6 3
173523 3 5 4 5 4 5 6 4 5 4
304595 3 4 6 4 4 5 6 4 5 4
206291 4 3 5 5 4 6 4 4 6 4
116179 5 4 3 4 3 7 6 5 4 4
181715 4 4 4 5 3 5 7 5 3 5
31187 6 4 4 4 4 5 6 5 3 4
47571 5 4 4 5 4 5 6 4 4 4
80339 5 3 4 5 6 5 4 4 5 4
145875 5 3 3 6 6 5 4 4 4 5
55763 5 3 5 5 3 5 7 5 2 5
88531 4 4 4 5 5 5 5 5 3 5
154067 4 3 5 5 5 5 5 5 2 6
104915 5 2 4 6 5 5 5 4 4 5
170451 4 3 4 6 5 5 5 4 3 6
301523 4 2 6 6 3 5 7 3 3 6
203219 5 2 3 6 7 5 3 4 4 6
59859 5 4 4 4 3 5 8 5 3 4
92627 4 4 5 3 5 5 6 5 4 4
158163 4 3 5 5 4 5 6 5 3 5
109011 4 4 4 4 5 5 6 4 5 4
174547 3 5 3 6 4 5 6 4 4 5
305619 3 4 5 5 4 4 8 3 4 5
207315 4 3 4 5 6 5 4 4 5 5
338387 3 4 5 4 6 4 6 3 5 5
117203 5 3 4 4 4 5 7 5 3 5
182739 4 3 5 5 3 5 7 5 2 6
313811 4 2 6 6 2 4 9 4 2 6
215507 4 3 5 4 5 5 5 5 3 6
61907 6 4 3 3 3 6 7 6 4 3
94675 5 4 3 4 4 6 5 6 5 3
160211 5 3 3 5 5 5 5 6 4 4
111059 5 3 4 4 4 6 5 5 6 3
176595 4 4 3 5 5 5 5 5 5 4
209363 5 2 3 6 6 5 3 5 6 4
119251 5 4 3 4 3 6 6 6 4 4
184787 4 4 4 4 4 5 6 6 3 5
217555 4 4 3 5 5 5 4 6 4 5
233939 5 3 3 5 5 5 4 5 5 5
16083 6 5 6 4 4 5 3 3 5 4
24275 5 5 6 4 5 4 4 4 3 5
40659 5 4 6 4 5 6 3 3 4 5
73427 5 4 5 4 6 6 3 2 5 5
28371 5 4 6 5 4 4 5 4 4 4
44755 4 5 5 5 4 6 4 3 5 4
77523 4 4 6 4 5 6 4 2 6 4
143059 4 4 5 6 4 5 4 4 4 5
52947 5 3 5 5 5 5 5 4 3 5
85715 4 4 5 4 6 5 5 3 4 5
151251 4 3 6 5 5 4 5 5 2 6
102099 5 3 4 4 6 7 4 2 5 5
167635 4 4 4 5 5 6 4 4 3 6
30419 5 4 6 4 4 5 4 5 5 3
46803 4 4 7 3 4 7 3 4 6 3
79571 4 3 7 4 4 7 3 3 7 3
145107 4 3 6 5 5 5 3 5 5 4
54995 4 4 6 3 5 6 4 5 4 4
87763 3 5 5 4 5 6 4 4 5 4
153299 3 4 6 4 6 4 4 6 3 5
104147 4 3 6 3 5 8 3 3 6 4
169683 3 4 6 3 6 6 3 5 4 5
300755 3 3 8 3 4 7 3 4 6 4
59091 5 3 5 4 4 6 5 5 5 3
91859 4 3 6 4 4 6 5 4 6 3
157395 4 2 6 6 4 4 5 6 4 4
108243 4 3 6 3 4 8 4 3 7 3
173779 3 4 5 5 4 6 4 5 5 4
304851 3 3 7 4 4 6 4 4 7 3
206547 4 2 6 5 4 6 4 4 6 4
116435 5 3 4 3 5 7 5 4 5 4
181971 4 3 5 4 5 5 5 6 3 5
214739 4 3 5 4 5 5 5 5 4 5
31443 5 5 5 3 5 4 5 5 4 4
47827 4 5 5 4 4 6 4 4 5 4
80595 4 4 5 4 6 5 4 3 6 4
146131 4 4 4 5 6 5 3 5 4 5
56019 4 4 6 3 5 5 5 5 3 5
88787 3 5 5 3 7 4 5 4 4 5
154323 3 4 6 3 7 4 4 6 2 6
105171 4 3 5 4 6 6 4 3 5 5
170707 3 4 5 4 6 6 3 5 3 6
301779 3 3 7 4 4 6 5 3 5 5
203475 4 3 4 4 8 5 3 4 4 6
60115 4 5 4 4 4 5 6 5 4 4
92883 3 5 5 3 6 4 6 4 5 4
158419 3 4 5 5 5 4 5 6 3 5
109267 3 5 4 4 5 6 5 3 6 4
174803 2 6 3 6 4 6 4 5 4 5
305875 2 5 5 5 4 5 6 3 6 4
207571 3 4 4 5 6 5 4 4 5 5
338643 2 5 5 4 6 4 6 2 7 4
117459 4 4 4 3 6 5 6 4 4 5
182995 3 4 5 4 5 5 5 6 2 6
314067 3 3 6 5 4 4 7 4 4 5
215763 3 4 5 3 7 4 5 5 3 6
346835 2 5 5 4 6 3 7 3 5 5
62163 5 4 5 2 4 6 5 6 5 3
94931 4 4 5 3 5 5 5 5 6 3
160467 4 3 5 4 6 4 4 7 4 4
111315 4 3 6 3 4 7 4 4 7 3
176851 3 4 5 4 5 6 3 6 5 4
307923 3 3 7 3 4 7 4 4 7 3
209619 4 2 5 5 6 5 3 5 6 4
340691 3 3 6 4 5 6 4 3 8 3
119507 4 4 5 2 5 6 5 5 5 4
185043 3 4 6 2 6 5 4 7 3 5
316115 3 3 7 3 4 6 5 5 5 4
217811 3 4 5 3 7 4 4 6 4 5
348883 2 5 5 4 5 5 5 4 6 4
234195 4 3 5 3 6 6 3 5 5 5
123603 5 4 4 2 4 6 6 5 6 3
31955 6 4 5 4 3 5 5 4 4 5
48339 5 4 5 4 4 6 4 3 5 5
81107 5 3 5 4 5 7 3 2 6 5
146643 5 3 4 5 5 6 4 3 4 6
56531 5 3 5 5 4 5 5 4 3 6
89299 4 4 4 5 5 6 4 3 4 6
154835 4 3 5 5 5 5 5 4 2 7
105683 5 2 4 5 6 7 3 2 5 6
171219 4 3 4 5 6 6 4 3 3 7
302291 4 2 6 5 4 6 5 3 4 6
203987 5 2 3 5 7 7 3 2 4 7
60627 5 3 5 5 3 5 6 4 4 5
93395 4 3 6 4 4 6 5 3 5 5
158931 4 2 6 6 3 5 6 4 3 6
109779 4 3 5 4 5 7 4 2 6 5
175315 3 4 4 6 4 6 5 3 4 6
306387 3 3 6 5 4 5 6 3 5 5
208083 4 2 5 5 5 7 4 2 5 6
339155 3 3 6 4 5 6 5 2 6 5
117971 5 2 4 5 5 6 5 3 4 6
183507 4 2 5 6 4 5 6 4 2 7
314579 4 1 6 7 3 4 7 4 3 6
216275 4 2 5 5 5 6 5 3 3 7
347347 3 3 5 6 4 5 6 3 4 6
62675 5 4 5 3 3 6 5 5 5 4
95443 4 4 5 4 3 7 4 4 6 4
160979 4 3 5 5 4 5 5 5 4 5
111827 4 3 6 3 4 8 3 3 7 4
177363 3 4 5 4 5 6 4 4 5 5
308435 3 3 7 3 4 7 4 4 6 4
210131 4 2 5 5 5 7 3 3 6 5
341203 3 3 6 4 4 8 3 3 7 4
120019 4 4 4 4 4 7 4 4 5 5
185555 3 4 5 4 5 5 5 5 3 6
316627 3 3 6 5 3 6 5 5 4 5
218323 3 4 4 5 5 6 4 4 4 6
349395 2 5 4 6 3 7 4 4 5 5
234707 4 3 4 4 6 7 3 3 5 6
124115 5 3 5 3 3 7 5 4 6 4
189651 4 3 5 5 3 5 6 5 4 5
222419 4 2 6 5 3 6 5 4 5 5
238803 4 3 5 4 4 7 4 3 6 5
63699 6 4 4 3 3 5 6 5 4 5
96467 5 4 4 3 5 5 5 4 5 5
162003 5 3 4 4 5 5 5 5 3 6
112851 5 3 4 4 5 6 4 3 6 5
178387 4 4 3 5 5 6 4 4 4 6
211155 5 2 3 5 7 6 3 3 5 6
121043 5 3 4 4 5 5 5 4 4 6
186579 4 3 5 4 5 5 5 5 2 7
125139 5 4 4 3 4 5 6 4 5 5
190675 4 4 4 5 3 5 6 5 3 6
16211 6 6 5 5 4 3 3 4 5 4
24403 5 6 5 5 4 4 3 5 3 5
40787 5 5 5 5 4 5 4 3 4 5
73555 5 5 4 5 5 5 3 4 4 5
28499 5 5 5 5 5 3 4 5 4 4
44883 4 6 4 5 5 4 5 3 5 4
77651 4 5 5 4 6 4 4 4 5 4
143187 4 5 4 6 5 3 4 5 5 4
53075 5 4 4 5 5 5 5 4 3 5
85843 4 5 4 4 6 5 4 5 3 5
151379 4 4 5 5 5 4 4 6 3 5
102227 5 4 3 4 6 6 5 3 4 5
167763 4 5 3 5 5 5 5 4 4 5
30547 5 5 4 6 4 4 3 6 5 3
46931 4 5 5 5 4 5 4 4 6 3
79699 4 4 5 6 4 5 3 5 6 3
145235 4 4 4 7 5 3 3 6 6 3
55123 4 5 4 5 4 6 4 5 4 4
87891 3 6 3 6 4 6 3 6 4 4
153427 3 5 4 6 5 4 3 7 4 4
104275 4 4 4 5 4 7 4 4 5 4
169811 3 5 4 5 5 5 4 5 5 4
300883 3 4 6 5 3 6 4 4 6 4
59219 5 4 3 5 5 5 5 5 5 3
91987 4 4 4 5 5 5 4 6 5 3
157523 4 3 4 7 5 3 4 7 5 3
108371 4 4 4 4 5 6 5 4 6 3
173907 3 5 3 6 5 4 5 5 6 3
304979 3 4 5 5 5 4 5 4 7 3
206675 4 3 4 6 5 4 4 6 6 3
116563 5 4 2 4 5 7 5 5 4 4
182099 4 4 3 5 5 5 5 6 4 4
214867 4 4 3 5 5 5 4 7 4 4
31571 5 5 5 4 5 3 4 6 4 4
47955 4 5 5 5 4 4 5 4 5 4
80723 4 4 5 5 6 3 4 5 5 4
146259 4 4 4 6 6 3 3 6 5 4
56147 4 4 6 4 4 5 5 5 3 5
88915 3 5 5 4 6 4 4 6 3 5
154451 3 4 6 4 6 4 3 7 3 5
105299 4 3 5 5 5 5 5 4 4 5
170835 3 4 5 5 5 5 4 5 4 5
301907 3 3 7 5 3 5 6 3 5 5
203603 4 3 4 5 7 4 3 6 4 5
60243 4 5 4 4 5 4 6 5 4 4
93011 3 5 5 3 7 3 5 6 4 4
158547 3 4 5 5 6 3 4 7 4 4
109395 3 5 4 4 6 4 6 4 5 4
174931 2 6 3 6 5 4 5 5 5 4
306003 2 5 5 5 5 3 7 3 6 4
207699 3 4 4 5 7 3 4 6 5 4
338771 2 5 5 4 7 2 6 4 6 4
117587 4 4 4 3 6 5 6 5 3 5
183123 3 4 5 4 5 5 5 6 3 5
314195 3 3 6 5 4 4 7 4 4 5
215891 3 4 5 3 7 4 4 7 3 5
346963 2 5 5 4 6 3 6 5 4 5
62291 5 4 4 4 4 5 5 6 5 3
95059 4 4 4 5 5 4 4 7 5 3
160595 4 3 4 6 6 3 3 8 5 3
111443 4 3 5 5 4 5 5 5 6 3
176979 3 4 4 6 5 4 4 6 6 3
308051 3 3 6 5 4 5 5 4 7 3
209747 4 2 4 7 6 3 3 7 6 3
340819 3 3 5 6 5 4 4 5 7 3
119635 4 4 4 4 4 6 5 6 4 4
185171 3 4 5 4 5 5 4 7 4 4
316243 3 3 6 5 3 6 5 5 5 4
217939 3 4 4 5 6 4 3 8 4 4
349011 2 5 4 6 4 5 4 6 5 4
234323 4 3 4 5 5 5 4 6 5 4
123731 5 4 3 3 5 5 6 6 5 3
189267 4 4 3 5 5 4 5 7 5 3
32083 5 6 4 5 3 4 4 5 4 5
48467 4 6 4 5 4 4 5 3 5 5
81235 4 5 4 5 5 5 3 4 5 5
146771 4 5 3 6 5 4 4 4 5 5
56659 4 5 4 6 3 5 5 4 3 6
89427 3 6 3 6 4 6 3 5 3 6
154963 3 5 4 6 4 5 4 5 3 6
105811 4 4 3 6 5 6 4 3 4 6
171347 3 5 3 6 5 5 5 3 4 6
302419 3 4 5 6 3 5 6 3 4 6
204115 4 4 2 6 6 6 3 4 4 6
60755 4 5 4 5 4 4 6 4 4 5
93523 3 5 5 4 5 5 4 5 4 5
159059 3 4 5 6 4 4 5 5 4 5
109907 3 5 4 4 6 5 5 3 5 5
175443 2 6 3 6 5 4 6 3 5 5
306515 2 5 5 5 5 3 7 3 5 5
208211 3 4 4 5 6 5 4 4 5 5
339283 2 5 5 4 6 4 5 4 5 5
118099 4 4 3 5 5 6 5 4 3 6
183635 3 4 4 6 4 5 6 4 3 6
314707 3 3 5 7 3 4 7 4 3 6
216403 3 4 4 5 5 6 4 5 3 6
347475 2 5 4 6 4 5 5 5 3 6
62803 4 6 3 5 3 5 5 5 5 4
95571 3 6 3 6 3 6 3 6 5 4
161107 3 5 3 7 4 4 4 6 5 4
111955 3 5 4 5 4 6 4 4 6 4
177491 2 6 3 6 5 4 5 4 6 4
308563 2 5 5 5 4 5 5 4 6 4
210259 3 4 3 7 5 5 3 5 6 4
341331 2 5 4 6 4 6 3 5 6 4
120147 3 6 2 6 3 7 4 5 4 5
185683 2 6 3 6 4 5 5 5 4 5
316755 2 5 4 7 2 6 5 5 4 5
218451 2 6 2 7 4 6 3 6 4 5
349523 1 7 2 8 2 7 3 6 4 5
234835 3 5 2 6 5 6 4 4 5 5
124243 4 5 3 4 4 6 5 5 5 4
189779 3 5 3 6 4 4 6 5 5 4
320851 3 4 4 6 4 4 6 5 5 4
222547 3 4 4 6 4 5 4 6 5 4
238931 3 5 3 5 5 5 5 4 6 4
63827 5 5 4 4 3 4 6 5 4 5
96595 4 5 4 4 5 4 4 6 4 5
162131 4 4 4 5 5 4 4 6 4 5
112979 4 4 4 5 5 4 5 4 5 5
178515 3 5 3 6 5 4 5 4 5 5
309587 3 4 5 5 4 4 7 3 5 5
211283 4 3 3 6 7 4 3 5 5 5
342355 3 4 4 5 6 4 5 4 5 5
121171 4 4 4 5 4 5 5 5 3 6
186707 3 4 5 5 4 5 5 5 3 6
317779 3 3 6 6 2 5 7 4 3 6
219475 3 4 4 5 6 5 3 6 3 6
235859 4 3 3 6 6 5 4 4 4 6
125267 4 5 4 3 5 4 6 5 4 5
190803 3 5 4 5 4 4 6 5 4 5
321875 3 4 5 5 4 3 8 4 4 5
223571 3 4 5 4 6 4 4 6 4 5
239955 3 5 3 5 6 4 5 4 5 5
248147 4 4 4 4 5 5 5 5 3 6
127315 5 5 3 4 3 5 5 6 5 4
32339 6 5 5 4 4 3 3 5 5 5
48723 5 5 5 4 4 5 3 3 6 5
81491 5 4 5 4 5 5 3 3 6 5
147027 5 4 4 5 5 4 3 5 5 5
56915 5 4 5 4 5 5 3 4 4 6
89683 4 5 4 4 6 5 3 4 4 6
155219 4 4 5 4 6 4 3 6 3 6
106067 5 3 4 4 6 7 3 2 5 6
171603 4 4 4 4 6 6 3 4 4 6
302675 4 3 6 4 4 6 4 3 6 5
204371 5 3 3 4 7 6 3 4 4 6
61011 5 4 4 5 5 4 4 4 5 5
93779 4 4 5 4 6 4 4 4 5 5
159315 4 3 5 6 5 3 4 6 4 5
110163 4 4 4 4 6 6 4 2 6 5
175699 3 5 3 6 5 5 4 4 5 5
306771 3 4 5 5 5 4 5 3 7 4
208467 4 3 4 5 6 5 4 4 5 5
339539 3 4 5 4 6 4 5 3 7 4
118355 5 3 3 4 7 6 4 3 4 6
183891 4 3 4 5 6 5 4 5 3 6
314963 4 2 5 6 5 4 5 4 5 5
216659 4 3 4 4 7 5 4 5 3 6
233043 5 3 2 4 7 7 4 3 4 6
63059 5 4 5 4 4 5 3 5 6 4
95827 4 4 5 5 4 5 3 5 6 4
161363 4 3 5 6 5 3 3 7 5 4
112211 4 3 6 4 4 7 3 3 7 4
177747 3 4 5 5 5 5 3 5 6 4
308819 3 3 7 4 4 6 3 4 8 3
210515 4 2 5 6 5 5 3 5 6 4
120403 4 4 4 4 5 7 3 4 5 5
185939 3 4 5 4 6 5 3 6 4 5
317011 3 3 6 5 4 6 3 5 6 4
218707 3 4 4 5 6 5 3 6 4 5
235091 4 3 4 4 6 7 3 4 5 5
124499 5 3 4 4 5 6 4 4 6 4
190035 4 3 4 6 5 4 4 6 5 4
321107 4 2 5 6 5 4 4 5 7 3
222803 4 2 5 6 5 4 4 6 5 4
239187 4 3 4 5 5 6 4 4 6 4
64083 5 5 5 3 4 4 4 5 5 5
96851 4 5 5 3 6 3 4 5 5 5
162387 4 4 5 4 6 3 3 7 4 5
113235 4 4 5 4 5 5 4 3 6 5
178771 3 5 4 5 5 5 3 5 5 5
309843 3 4 6 4 4 5 5 3 7 4
211539 4 3 4 5 7 4 3 5 5 5
121427 4 4 5 3 6 5 4 4 4 6
186963 3 4 6 3 6 5 3 6 3 6
318035 3 3 7 4 4 5 5 4 5 5
219731 3 4 5 3 8 4 3 6 3 6
236115 4 3 4 4 7 6 3 4 4 6
125523 4 5 4 3 6 4 5 4 5 5
191059 3 5 4 5 5 4 4 6 4 5
322131 3 4 5 5 5 3 6 4 6 4
223827 3 4 5 4 7 3 4 6 4 5
240211 3 5 3 5 6 5 4 4 5 5
248403 4 4 4 3 7 5 4 5 3 6
127571 5 4 5 3 4 5 4 5 6 4
193107 4 4 5 4 5 4 3 7 5 4
225875 4 3 5 5 6 3 3 7 5 4
242259 4 3 5 5 5 5 3 5 6 4
250451 4 4 5 3 6 5 3 6 4 5
64595 6 5 4 4 3 4 4 4 5 6
97363 5 5 4 4 4 5 3 4 5 6
162899 5 4 4 5 4 4 4 5 4 6
113747 5 4 4 4 5 6 3 2 6 6
121939 5 4 3 5 5 6 3 3 4 7
126035 5 4 4 4 5 5 4 3 5 6
128083 5 5 4 4 3 6 3 4 6 5
16275 7 5 6 5 3 3 3 4 5 4
24467 6 5 6 5 3 3 5 4 3 5
40851 6 4 6 5 3 4 5 4 3 5
73619 6 4 5 5 4 4 4 4 5 4
28563 6 4 6 5 3 4 5 4 4 4
44947 5 5 5 5 3 5 5 4 4 4
77715 5 4 6 4 4 5 4 4 6 3
143251 5 4 5 6 3 4 4 5 5 4
53139 6 3 5 5 3 5 7 4 2 5
85907 5 4 5 4 4 5 6 4 4 4
151443 5 3 6 5 3 4 6 5 3 5
102291 6 3 4 4 4 6 6 4 4 4
167827 5 4 4 5 3 5 6 5 3 5
30611 6 4 5 5 4 4 4 5 5 3
46995 5 4 6 4 4 5 4 5 5 3
79763 5 3 6 5 4 5 3 5 7 2
145299 5 3 5 6 5 3 3 6 6 3
55187 5 4 5 4 4 5 6 5 3 4
87955 4 5 4 5 4 5 5 5 5 3
153491 4 4 5 5 5 3 5 6 4 4
104339 5 3 5 4 4 6 5 5 5 3
169875 4 4 5 4 5 4 5 6 4 4
300947 4 3 7 4 3 5 5 5 4 5
59283 6 3 4 4 4 6 6 5 4 3
92051 5 3 5 4 4 6 5 5 6 2
157587 5 2 5 6 4 4 5 6 5 3
108435 5 3 5 3 4 7 5 5 6 2
173971 4 4 4 5 4 5 5 6 5 3
305043 4 3 6 4 4 5 5 5 5 4
206739 5 2 5 5 4 5 4 6 7 2
116627 6 3 3 3 4 7 7 5 4 3
182163 5 3 4 4 4 5 7 6 3 4
214931 5 3 4 4 4 5 6 6 5 3
31635 6 4 5 5 4 3 5 5 4 4
48019 5 4 5 6 3 4 5 5 4 4
80787 5 3 5 6 5 3 4 5 6 3
146323 5 3 4 7 5 3 3 6 5 4
56211 5 3 6 5 3 4 7 5 2 5
88979 4 4 5 5 5 3 6 5 4 4
154515 4 3 6 5 5 3 5 6 3 5
105363 5 2 5 6 4 4 6 5 4 4
170899 4 3 5 6 4 4 5 6 3 5
301971 4 2 7 6 2 4 7 4 3 6
203667 5 2 4 6 6 3 4 6 5 4
60307 5 4 4 5 3 5 7 5 3 4
93075 4 4 5 4 5 4 6 5 5 3
158611 4 3 5 6 4 4 5 6 4 4
109459 4 4 4 5 4 5 6 5 5 3
174995 3 5 3 7 3 5 5 6 4 4
306067 3 4 5 6 3 4 7 4 4 5
207763 4 3 4 6 5 4 4 6 6 3
117651 5 3 4 4 4 5 8 5 3 4
183187 4 3 5 5 3 5 7 6 2 5
215955 4 3 5 4 5 4 6 6 4 4
62355 6 3 4 4 4 5 6 6 4 3
95123 5 3 4 5 5 4 5 6 6 2
160659 5 2 4 6 6 3 4 7 5 3
111507 5 2 5 5 4 5 5 6 6 2
177043 4 3 4 6 5 4 4 7 5 3
308115 4 2 6 5 4 5 5 5 5 4
209811 5 1 4 7 6 3 3 7 7 2
119699 5 3 4 4 4 5 7 6 4 3
185235 4 3 5 4 5 4 6 7 3 4
218003 4 3 4 5 6 3 5 7 5 3
234387 5 2 4 5 5 4 5 7 5 3
123795 6 3 3 3 4 6 7 6 5 2
189331 5 3 3 5 4 5 6 7 4 3
222099 5 2 4 5 5 4 5 7 6 2
32147 6 4 6 5 2 4 5 4 4 5
48531 5 4 6 5 3 4 5 4 4 5
81299 5 3 6 5 4 5 3 4 6 4
146835 5 3 5 6 4 4 4 4 5 5
56723 5 3 6 6 2 4 7 4 2 6
89491 4 4 5 6 3 5 5 4 4 5
155027 4 3 6 6 3 4 6 4 3 6
105875 5 2 5 6 4 5 5 4 4 5
171411 4 3 5 6 4 4 6 4 3 6
302483 4 2 7 6 2 4 7 4 2 7
204179 5 2 4 6 5 5 4 4 5 5
60819 5 3 6 5 2 5 7 4 3 5
93587 4 3 7 4 3 6 5 4 5 4
159123 4 2 7 6 2 5 6 4 4 5
109971 4 3 6 4 4 6 5 4 5 4
175507 3 4 5 6 3 5 6 4 4 5
306579 3 3 7 5 3 4 7 4 3 6
208275 4 2 6 5 4 6 4 4 6 4
118163 5 2 5 5 3 6 7 4 3 5
183699 4 2 6 6 2 5 8 4 2 6
216467 4 2 6 5 3 6 6 4 4 5
62867 5 4 5 4 3 5 6 5 4 4
95635 4 4 5 5 3 6 4 5 6 3
161171 4 3 5 6 4 4 5 5 5 4
112019 4 3 6 4 4 6 4 5 6 3
177555 3 4 5 5 5 4 5 5 5 4
308627 3 3 7 4 4 5 5 5 4 5
210323 4 2 5 6 5 5 3 5 7 3
120211 4 4 4 5 3 6 6 5 4 4
185747 3 4 5 5 4 4 7 5 3 5
218515 3 4 4 6 4 5 5 5 5 4
234899 4 3 4 5 5 5 5 5 5 4
124307 5 3 5 3 3 7 6 5 5 3
189843 4 3 5 5 3 5 7 5 4 4
222611 4 2 6 5 3 6 5 5 6 3
238995 4 3 5 4 4 6 5 5 6 3
63891 6 3 5 5 2 4 7 5 3 5
96659 5 3 5 5 4 4 5 5 5 4
162195 5 2 5 6 4 4 5 5 4 5
113043 5 2 5 6 4 4 5 5 5 4
178579 4 3 4 7 4 4 5 5 4 5
309651 4 2 6 6 3 4 7 4 3 6
211347 5 1 4 7 6 4 3 5 6 4
121235 5 2 5 6 3 4 7 5 3 5
186771 4 2 6 6 3 4 7 5 2 6
219539 4 2 5 6 5 4 5 5 4 5
235923 5 1 4 7 5 4 5 5 4 5
125331 5 3 5 4 3 5 7 5 4 4
190867 4 3 5 6 2 5 7 5 3 5
223635 4 2 6 5 4 5 5 5 5 4
240019 4 3 4 6 4 5 5 5 5 4
248211 5 2 5 5 3 5 7 5 3 5
127379 6 3 4 4 3 5 6 6 5 3
192915 5 3 4 5 4 4 6 6 4 4
32403 6 5 6 4 3 3 4 4 5 5
48787 5 5 6 4 3 5 3 4 5 5
81555 5 4 6 4 4 5 3 3 7 4
147091 5 4 5 5 4 4 3 5 5 5
56979 5 4 6 4 4 4 5 4 3 6
89747 4 5 5 4 5 4 5 3 5 5
155283 4 4 6 4 5 3 5 5 3 6
106131 5 3 5 4 5 6 4 3 5 5
171667 4 4 5 4 5 5 4 5 3 6
302739 4 3 7 4 3 5 5 4 4 6
204435 5 3 4 4 6 5 4 4 5 5
61075 5 4 5 5 3 5 5 4 4 5
93843 4 4 6 4 4 5 5 3 6 4
159379 4 3 6 6 3 4 5 5 4 5
110227 4 4 5 4 4 7 4 3 6 4
175763 3 5 4 6 3 6 4 5 4 5
306835 3 4 6 5 3 5 5 4 5 5
208531 4 3 5 5 4 6 4 4 6 4
118419 5 3 4 4 5 6 6 3 4 5
183955 4 3 5 5 4 5 6 5 2 6
216723 4 3 5 4 5 5 6 4 4 5
233107 5 3 3 4 5 7 5 4 4 5
63123 5 4 6 3 4 5 4 5 5 4
95891 4 4 6 4 4 5 4 4 7 3
161427 4 3 6 5 5 3 4 6 5 4
112275 4 3 7 3 4 7 3 4 7 3
177811 3 4 6 4 5 5 3 6 5 4
308883 3 3 8 3 4 6 3 5 6 4
210579 4 2 6 5 5 5 3 5 7 3
120467 4 4 5 3 5 6 5 4 5 4
186003 3 4 6 3 6 4 5 6 3 5
218771 3 4 5 4 6 4 5 5 5 4
235155 4 3 5 3 6 6 4 5 5 4
124563 5 3 5 3 4 7 5 4 6 3
190099 4 3 5 5 4 5 5 6 4 4
222867 4 2 6 5 4 5 5 5 6 3
239251 4 3 5 4 4 7 4 5 6 3
64147 5 5 5 4 3 4 5 5 4 5
96915 4 5 5 4 5 3 5 4 6 4
162451 4 4 5 5 5 3 4 6 4 5
113299 4 4 5 5 4 5 4 4 6 4
178835 3 5 4 6 4 5 3 6 4 5
309907 3 4 6 5 3 5 5 4 5 5
211603 4 3 4 6 6 4 3 5 6 4
121491 4 4 5 4 5 4 6 4 4 5
187027 3 4 6 4 5 4 5 6 2 6
219795 3 4 5 4 7 3 5 5 4 5
236179 4 3 4 5 6 5 4 5 4 5
125587 4 5 4 4 4 5 6 4 5 4
191123 3 5 4 6 3 5 5 6 3 5
223891 3 4 5 5 5 4 5 5 5 4
240275 3 5 3 6 4 6 4 5 5 4
248467 4 4 4 4 5 5 6 5 3 5
127635 5 4 5 3 4 5 5 5 6 3
193171 4 4 5 4 5 4 4 7 4 4
225939 4 3 5 5 6 3 4 6 6 3
242323 4 3 5 5 5 5 3 6 6 3
250515 4 4 5 3 6 4 5 6 4 4
64659 6 4 6 4 2 4 5 4 4 6
97427 5 4 6 4 3 5 4 3 6 5
162963 5 3 6 5 3 4 5 4 4 6
113811 5 3 6 4 4 6 3 3 6 5
179347 4 4 5 5 4 5 4 4 4 6
212115 5 2 5 5 5 6 3 3 6 5
122003 5 3 5 5 4 5 5 3 4 6
187539 4 3 6 5 4 4 6 4 2 7
220307 4 3 5 5 5 5 5 3 4 6
236691 5 2 4 5 6 6 4 3 4 6
126099 5 3 6 4 3 6 5 3 5 5
191635 4 3 6 6 2 5 6 4 3 6
224403 4 2 7 5 3 6 5 3 5 5
240787 4 3 5 5 4 7 4 3 5 5
248979 5 2 5 5 4 6 6 3 3 6
128147 5 4 6 3 3 6 4 4 6 4
193683 4 4 6 4 4 4 5 5 4 5
226451 4 3 6 5 4 5 4 4 6 4
242835 4 3 6 4 5 6 3 4 6 4
251027 4 4 5 4 5 5 5 4 4 5
255123 5 3 6 4 3 6 5 4 5 4
129171 6 4 5 4 3 4 5 4 5 5
32531 7 5 5 5 3 2 3 5 5 5
48915 6 5 5 5 3 3 4 4 5 5
81683 6 4 5 5 4 3 3 5 6 4
147219 6 4 4 6 4 2 3 6 6 4
57107 6 4 5 5 3 4 5 4 3 6
89875 5 5 4 5 4 4 4 5 4 5
155411 5 4 5 5 4 3 4 6 4 5
106259 6 3 4 5 4 5 5 4 4 5
61203 6 4 4 5 4 4 5 4 4 5
93971 5 4 5 4 5 4 4 5 5 4
110355 5 4 4 4 5 5 5 4 5 4
118547 6 3 3 4 5 6 6 4 3 5
63251 6 4 4 5 4 4 4 5 5 4
96019 5 4 4 6 4 4 3 6 6 3
112403 5 3 5 5 4 5 4 5 6 3
120595 5 4 3 5 4 6 5 5 4 4
124691 6 3 3 4 5 6 5 5 5 3
64275 6 4 5 5 3 3 5 5 4 5
97043 5 4 5 5 5 2 4 6 5 4
113427 5 3 5 6 4 3 5 5 5 4
121619 5 3 5 5 4 4 6 5 3 5
125715 5 4 4 4 5 4 6 5 4 4
127763 6 3 4 5 4 4 5 6 5 3
64787 6 5 5 5 2 3 5 4 4 6
97555 5 5 5 5 3 4 3 5 5 5
113939 5 4 5 5 4 4 4 4 5 5
122131 5 4 4 6 3 5 5 4 3 6
126227 5 4 5 4 4 5 5 4 4 5
128275 5 5 4 5 3 5 4 5 5 4
129299 6 4 5 5 3 3 5 5 4 5
65043 7 5 5 4 3 3 3 4 5 6
8163 8 6 5 5 5 4 3 2 3 4
12259 7 6 5 5 5 4 3 4 3 3
20451 7 5 5 5 5 4 4 4 3 3
36835 7 5 4 5 5 5 4 3 3 4
69603 7 5 4 4 6 5 3 3 3 5
14307 7 5 5 5 5 4 4 4 4 2
22499 6 6 4 5 5 4 5 4 4 2
38883 6 5 5 4 5 5 5 3 4 3
71651 6 5 4 5 5 5 4 3 4 4
26595 7 4 4 5 5 4 5 6 4 1
42979 6 5 4 4 5 5 5 5 4 2
75747 6 4 5 4 5 5 4 5 4 3
141283 6 4 4 6 5 3 4 5 5 3
51171 7 4 3 4 5 5 6 5 4 2
83939 6 5 3 4 5 5 5 5 4 3
149475 6 4 4 5 5 3 5 5 5 3
100323 7 4 3 3 5 6 5 4 4 4
15331 7 5 4 5 5 5 4 4 3 3
23523 6 5 5 4 5 5 5 4 3 3
39907 6 4 5 5 4 6 5 3 3 4
72675 6 4 4 5 6 5 4 3 3 5
27619 6 5 4 4 5 5 5 6 3 2
44003 5 6 3 5 4 6 5 5 3 3
76771 5 5 4 4 6 5 4 5 3 4
142307 5 5 3 6 5 5 3 5 4 4
52195 6 4 4 4 4 6 6 5 3 3
84963 5 5 4 3 6 5 5 5 3 4
150499 5 4 5 4 5 5 4 5 4 4
101347 6 4 3 4 5 6 5 4 3 5
166883 5 5 3 5 4 6 4 4 4 5
29667 7 4 3 4 5 5 6 6 4 1
46051 6 4 4 4 4 6 6 5 4 2
78819 6 3 4 5 5 5 5 5 4 3
144355 6 3 3 6 6 4 4 5 5 3
54243 6 4 4 3 4 6 7 5 4 2
87011 5 5 3 4 5 5 6 5 4 3
152547 5 4 4 4 6 4 5 5 5 3
103395 6 3 4 4 4 6 6 4 4 4
168931 5 4 4 4 5 5 5 4 5 4
58339 7 4 2 3 4 6 7 7 4 1
91107 6 4 3 3 5 5 6 7 4 2
156643 6 3 3 5 5 4 5 7 5 2
107491 6 4 3 3 4 6 6 6 4 3
173027 5 5 2 5 4 5 5 6 5 3
115683 7 4 2 2 4 6 7 6 4 3
15843 7 5 4 4 6 5 4 3 3 4
24035 6 5 4 5 5 5 5 3 3 4
40419 6 4 4 5 6 5 5 2 3 5
73187 6 4 3 5 7 6 3 2 3 6
28131 6 4 5 4 5 5 5 5 3 3
44515 5 5 4 4 6 5 5 4 3 4
77283 5 4 5 3 7 6 3 4 3 5
142819 5 4 4 5 6 5 4 3 4 5
52707 6 3 4 5 5 5 6 4 3 4
85475 5 4 4 4 6 6 4 4 3 5
151011 5 3 5 5 5 5 5 3 4 5
101859 6 3 3 4 7 6 4 3 3 6
167395 5 4 3 5 6 5 5 2 4 6
30179 6 5 3 4 5 5 6 5 4 2
46563 5 5 4 3 6 5 6 4 4 3
79331 5 4 4 4 6 6 4 4 4 4
144867 5 4 3 5 7 4 5 3 5 4
54755 5 5 3 4 5 5 7 4 4 3
87523 4 6 2 5 5 6 5 4 4 4
153059 4 5 3 5 6 4 6 3 5 4
103907 5 4 3 4 6 6 5 3 4 5
169443 4 5 3 4 7 4 6 2 5 5
58851 6 4 3 3 5 5 7 6 4 2
91619 5 4 4 3 5 6 5 6 4 3
157155 5 3 4 5 5 4 6 5 5 3
108003 5 4 4 2 6 6 5 5 4 4
173539 4 5 3 4 6 4 6 4 5 4
116195 6 4 2 3 5 6 6 5 4 4
181731 5 4 3 4 5 4 7 4 5 4
31203 7 4 3 3 5 6 6 5 3 3
47587 6 4 3 4 5 6 6 4 3 4
80355 6 3 3 4 7 6 4 4 3 5
145891 6 3 2 5 7 6 4 3 4 5
55779 6 3 4 4 4 6 7 4 3 4
88547 5 4 3 4 6 6 5 4 3 5
154083 5 3 4 4 6 6 5 3 4 5
104931 6 2 3 5 6 6 5 3 3 6
170467 5 3 3 5 6 6 5 2 4 6
59875 6 4 3 3 4 6 7 6 3 3
92643 5 4 4 2 6 6 5 6 3 4
158179 5 3 4 4 5 6 5 5 4 4
109027 5 4 3 3 6 6 5 5 3 5
174563 4 5 2 5 5 6 5 4 4 5
117219 6 3 3 3 5 6 6 5 3 5
182755 5 3 4 4 4 6 6 4 4 5
61923 7 4 2 2 4 6 8 6 4 2
94691 6 4 2 3 5 6 6 6 4 3
160227 6 3 2 4 6 5 6 5 5 3
111075 6 3 3 3 5 6 6 5 4 4
176611 5 4 2 4 6 5 6 4 5 4
119267 6 4 2 3 4 6 7 5 4 4
184803 5 4 3 3 5 5 7 4 5 4
123363 7 4 2 1 4 6 7 7 4 3
16099 7 5 4 5 5 5 3 3 4 4
24291 6 5 4 5 6 4 4 3 4 4
40675 6 4 4 5 6 6 3 2 4 5
73443 6 4 3 5 7 6 3 1 4 6
28387 6 4 4 6 5 4 4 5 4 3
44771 5 5 3 6 5 6 3 4 4 4
77539 5 4 4 5 6 6 3 3 4 5
143075 5 4 3 7 5 5 3 4 4 5
52963 6 3 3 6 6 5 4 4 4 4
85731 5 4 3 5 7 5 4 3 4 5
151267 5 3 4 6 6 4 4 4 4 5
102115 6 3 2 5 7 7 3 2 4 6
167651 5 4 2 6 6 6 3 3 4 6
30435 6 4 4 5 5 4 5 5 5 2
46819 5 4 5 4 5 6 4 4 5 3
79587 5 3 5 5 5 6 4 3 5 4
145123 5 3 4 6 6 4 4 4 5 4
55011 5 4 4 4 6 5 5 4 5 3
87779 4 5 3 5 6 5 5 3 5 4
153315 4 4 4 5 7 3 5 4 5 4
104163 5 3 4 4 6 7 4 2 5 5
169699 4 4 4 4 7 5 4 3 5 5
59107 6 3 3 5 5 5 5 6 5 2
91875 5 3 4 5 5 5 5 5 5 3
157411 5 2 4 7 5 3 5 6 5 3
108259 5 3 4 4 5 7 4 4 5 4
173795 4 4 3 6 5 5 4 5 5 4
116451 6 3 2 4 6 6 5 4 5 4
181987 5 3 3 5 6 4 5 5 5 4
31459 6 5 3 4 5 5 5 5 4 3
47843 5 5 3 5 4 7 4 4 4 4
80611 5 4 3 5 6 6 4 3 4 5
146147 5 4 2 6 6 6 3 4 4 5
56035 5 4 4 4 5 6 5 4 4 4
88803 4 5 3 4 7 5 5 3 4 5
154339 4 4 4 4 7 5 4 4 4 5
105187 5 3 3 5 6 7 4 2 4 6
170723 4 4 3 5 6 7 3 3 4 6
60131 5 5 2 5 4 6 5 6 4 3
92899 4 5 3 4 6 5 5 5 4 4
158435 4 4 3 6 5 5 4 6 4 4
109283 4 5 2 5 5 7 4 4 4 5
174819 3 6 1 7 4 7 3 5 4 5
117475 5 4 2 4 6 6 5 4 4 5
183011 4 4 3 5 5 6 4 5 4 5
62179 6 4 3 3 4 6 6 6 5 2
94947 5 4 3 4 5 5 6 5 5 3
160483 5 3 3 5 6 4 5 6 5 3
111331 5 3 4 4 4 7 5 4 5 4
176867 4 4 3 5 5 6 4 5 5 4
119523 5 4 3 3 5 6 6 4 5 4
185059 4 4 4 3 6 5 5 5 5 4
123619 6 4 2 3 4 6 6 6 5 3
189155 5 4 2 5 4 5 5 7 5 3
31971 7 4 3 4 5 5 5 4 4 4
48355 6 4 3 4 6 6 4 3 4 5
81123 6 3 3 4 7 7 3 2 4 6
146659 6 3 2 5 7 6 4 2 4 6
56547 6 3 3 5 6 5 5 3 4 5
89315 5 4 2 5 7 6 4 2 4 6
154851 5 3 3 5 7 5 5 2 4 6
105699 6 2 2 5 8 7 3 1 4 7
171235 5 3 2 5 8 6 4 1 4 7
60643 6 3 3 5 5 5 5 5 4 4
93411 5 3 4 4 6 6 4 4 4 5
158947 5 2 4 6 5 5 5 4 4 5
109795 5 3 3 4 7 7 3 3 4 6
175331 4 4 2 6 6 6 4 3 4 6
117987 6 2 2 5 7 6 4 3 4 6
183523 5 2 3 6 6 5 5 3 4 6
62691 6 4 3 3 5 5 6 5 5 3
95459 5 4 3 4 5 6 5 4 5 4
160995 5 3 3 5 6 4 6 4 5 4
111843 5 3 4 3 6 7 4 3 5 5
177379 4 4 3 4 7 5 5 3 5 5
120035 5 4 2 4 6 6 5 3 5 5
185571 4 4 3 4 7 4 6 3 5 5
124131 6 3 3 3 5 6 5 5 5 4
189667 5 3 3 5 5 4 6 5 5 4
63715 7 4 2 3 4 6 6 5 4 4
96483 6 4 2 3 6 6 5 4 4 5
162019 6 3 2 4 6 6 5 4 4 5
112867 6 3 2 4 6 7 4 3 4 6
178403 5 4 1 5 6 7 4 3 4 6
121059 6 3 2 4 6 6 5 3 4 6
186595 5 3 3 4 6 6 5 3 4 6
125155 6 4 2 3 5 6 5 5 4 5
190691 5 4 2 5 4 6 5 5 4 5
16227 7 5 5 5 5 3 3 4 4 4
24419 6 5 5 5 5 4 3 4 4 4
40803 6 4 5 5 5 5 4 2 4 5
73571 6 4 4 5 6 5 3 3 3 6
28515 6 4 5 5 6 3 3 6 4 3
44899 5 5 4 5 6 4 4 4 4 4
77667 5 4 5 4 7 4 3 5 3 5
143203 5 4 4 6 6 3 3 5 5 4
53091 6 3 4 5 6 5 4 4 4 4
85859 5 4 4 4 7 5 3 5 3 5
151395 5 3 5 5 6 4 3 5 5 4
102243 6 3 3 4 7 6 4 3 3 6
167779 5 4 3 5 6 5 4 3 5 5
30563 6 4 4 6 5 3 4 6 5 2
46947 5 4 5 5 5 4 5 4 5 3
79715 5 3 5 6 5 4 4 5 4 4
145251 5 3 4 7 6 2 4 5 6 3
55139 5 4 4 5 5 5 5 4 5 3
87907 4 5 3 6 5 5 4 5 4 4
153443 4 4 4 6 6 3 4 5 6 3
104291 5 3 4 5 5 6 5 3 4 5
169827 4 4 4 5 6 4 5 3 6 4
59235 6 3 3 5 6 4 5 6 5 2
92003 5 3 4 5 6 4 4 7 4 3
157539 5 2 4 7 6 2 4 7 6 2
108387 5 3 4 4 6 5 5 5 4 4
173923 4 4 3 6 6 3 5 5 6 3
116579 6 3 2 4 6 6 5 5 4 4
182115 5 3 3 5 6 4 5 5 6 3
31587 6 4 5 4 5 4 4 6 4 3
47971 5 4 5 5 4 5 5 4 4 4
80739 5 3 5 5 6 4 4 5 3 5
146275 5 3 4 6 6 4 3 5 5 4
56163 5 3 6 4 4 6 5 4 4 4
88931 4 4 5 4 6 5 4 5 3 5
154467 4 3 6 4 6 5 3 5 5 4
105315 5 2 5 5 5 6 5 3 3 6
170851 4 3 5 5 5 6 4 3 5 5
60259 5 4 4 4 5 5 5 6 4 3
93027 4 4 5 3 7 4 4 7 3 4
158563 4 3 5 5 6 4 3 7 5 3
109411 4 4 4 4 6 5 5 5 3 5
174947 3 5 3 6 5 5 4 5 5 4
117603 5 3 4 3 6 6 5 5 3 5
183139 4 3 5 4 5 6 4 5 5 4
62307 6 3 4 4 4 5 6 6 5 2
95075 5 3 4 5 5 4 5 7 4 3
160611 5 2 4 6 6 3 4 7 6 2
111459 5 2 5 5 4 5 6 5 4 4
176995 4 3 4 6 5 4 5 5 6 3
119651 5 3 4 4 4 6 6 5 4 4
185187 4 3 5 4 5 5 5 5 6 3
123747 6 3 3 3 5 5 6 7 4 3
189283 5 3 3 5 5 4 5 7 6 2
32099 6 5 4 4 5 4 4 5 4 4
48483 5 5 4 4 6 4 5 3 4 5
81251 5 4 4 4 7 5 3 4 3 6
146787 5 4 3 5 7 4 4 3 5 5
56675 5 4 4 5 5 5 5 3 4 5
89443 4 5 3 5 6 6 3 4 3 6
154979 4 4 4 5 6 5 4 3 5 5
105827 5 3 3 5 7 6 4 2 3 7
171363 4 4 3 5 7 5 5 1 5 6
60771 5 4 4 4 6 4 5 5 4 4
93539 4 4 5 3 7 5 3 6 3 5
159075 4 3 5 5 6 4 4 5 5 4
109923 4 4 4 3 8 5 4 4 3 6
175459 3 5 3 5 7 4 5 3 5 5
118115 5 3 3 4 7 6 4 4 3 6
183651 4 3 4 5 6 5 5 3 5 5
62819 5 5 3 4 5 4 6 5 5 3
95587 4 5 3 5 5 5 4 6 4 4
161123 4 4 3 6 6 3 5 5 6 3
111971 4 4 4 4 6 5 5 4 4 5
177507 3 5 3 5 7 3 6 3 6 4
120163 4 5 2 5 5 6 5 4 4 5
185699 3 5 3 5 6 4 6 3 6 4
124259 5 4 3 3 6 5 5 6 4 4
189795 4 4 3 5 6 3 6 5 6 3
63843 6 4 4 3 4 5 6 5 4 4
96611 5 4 4 3 6 5 4 6 3 5
162147 5 3 4 4 6 5 4 5 5 4
112995 5 3 4 4 6 5 5 4 3 6
178531 4 4 3 5 6 5 5 3 5 5
121187 5 3 4 4 5 6 5 4 3 6
186723 4 3 5 4 5 6 5 3 5 5
125283 5 4 4 2 6 5 5 6 3 5
190819 4 4 4 4 5 5 5 5 5 4
127331 6 4 3 3 4 5 6 6 4 4
32355 7 4 4 5 5 3 3 5 5 4
48739 6 4 4 5 5 5 3 3 5 5
81507 6 3 4 5 6 5 3 3 4 6
147043 6 3 3 6 6 4 3 4 5 5
56931 6 3 4 5 6 5 3 3 5 5
89699 5 4 3 5 7 5 3 3 4 6
155235 5 3 4 5 7 4 3 4 5 5
106083 6 2 3 5 7 7 3 1 4 7
171619 5 3 3 5 7 6 3 2 5 6
61027 6 3 3 6 6 4 3 5 5 4
93795 5 3 4 5 7 4 3 5 4 5
159331 5 2 4 7 6 3 3 6 5 4
110179 5 3 3 5 7 6 3 3 4 6
175715 4 4 2 7 6 5 3 4 5 5
118371 6 2 2 5 8 6 3 3 4 6
183907 5 2 3 6 7 5 3 4 5 5
63075 6 3 4 5 5 4 4 5 6 3
95843 5 3 4 6 5 4 4 5 5 4
161379 5 2 4 7 6 2 4 6 6 3
112227 5 2 5 5 5 6 4 3 5 5
177763 4 3 4 6 6 4 4 4 6 4
120419 5 3 3 5 6 6 4 3 5 5
185955 4 3 4 5 7 4 4 4 6 4
124515 6 2 3 5 6 5 4 5 5 4
190051 5 2 3 7 6 3 4 6 6 3
64099 6 4 4 4 4 5 4 5 5 4
96867 5 4 4 4 6 4 4 5 4 5
162403 5 3 4 5 6 4 3 6 5 4
113251 5 3 4 5 5 6 4 3 4 6
178787 4 4 3 6 5 6 3 4 5 5
121443 5 3 4 4 6 6 4 3 4 6
186979 4 3 5 4 6 6 3 4 5 5
125539 5 4 3 4 6 5 4 5 4 5
191075 4 4 3 6 5 5 3 6 5 4
127587 6 3 4 4 4 5 5 5 5 4
193123 5 3 4 5 5 4 4 6 6 3
64611 7 4 3 4 5 4 4 4 5 5
97379 6 4 3 4 6 5 3 4 4 6
162915 6 3 3 5 6 4 4 4 5 5
113763 6 3 3 4 7 6 3 2 4 7
179299 5 4 2 5 7 5 4 2 5 6
121955 6 3 2 5 7 6 3 2 4 7
187491 5 3 3 5 7 5 4 2 5 6
126051 6 3 3 4 7 5 3 4 4 6
191587 5 3 3 6 6 4 4 4 5 5
128099 6 4 3 4 5 5 4 4 5 5
193635 5 4 3 5 6 3 5 4 6 4
16291 7 6 5 5 4 3 3 4 4 4
24483 6 6 5 5 4 3 5 3 4 4
40867 6 5 5 5 4 4 5 3 3 5
73635 6 5 4 5 5 4 4 3 4 5
28579 6 5 5 5 4 4 4 5 4 3
44963 5 6 4 5 4 5 4 5 3 4
77731 5 5 5 4 5 5 3 5 4 4
143267 5 5 4 6 4 4 3 5 5 4
53155 6 4 4 5 4 5 6 4 3 4
85923 5 5 4 4 5 5 5 4 4 4
151459 5 4 5 5 4 4 5 4 5 4
102307 6 4 3 4 5 6 5 4 3 5
167843 5 5 3 5 4 5 5 4 4 5
30627 6 5 4 5 5 3 5 5 5 2
47011 5 5 5 4 5 4 5 5 4 3
79779 5 4 5 5 5 4 4 5 5 3
145315 5 4 4 6 6 2 4 5 6 3
55203 5 5 4 4 5 4 7 4 4 3
87971 4 6 3 5 5 4 6 4 5 3
153507 4 5 4 5 6 2 6 4 6 3
104355 5 4 4 4 5 5 6 4 4 4
169891 4 5 4 4 6 3 6 4 5 4
59299 6 4 3 4 5 5 6 6 4 2
92067 5 4 4 4 5 5 5 6 5 2
157603 5 3 4 6 5 3 5 6 6 2
108451 5 4 4 3 5 6 5 6 4 3
173987 4 5 3 5 5 4 5 6 5 3
116643 6 4 2 3 5 6 7 5 4 3
182179 5 4 3 4 5 4 7 5 5 3
31651 6 5 4 5 4 4 5 5 4 3
48035 5 5 4 6 3 5 5 5 3 4
80803 5 4 4 6 5 4 4 5 4 4
146339 5 4 3 7 5 4 3 5 5 4
56227 5 4 5 5 3 5 7 4 3 4
88995 4 5 4 5 5 4 6 4 4 4
154531 4 4 5 5 5 4 5 4 5 4
105379 5 3 4 6 4 5 6 4 3 5
170915 4 4 4 6 4 5 5 4 4 5
60323 5 5 3 5 3 6 6 6 3 3
93091 4 5 4 4 5 5 5 6 4 3
158627 4 4 4 6 4 5 4 6 5 3
109475 4 5 3 5 4 6 5 6 3 4
175011 3 6 2 7 3 6 4 6 4 4
117667 5 4 3 4 4 6 7 5 3 4
183203 4 4 4 5 3 6 6 5 4 4
62371 6 4 3 4 4 5 7 6 4 2
95139 5 4 3 5 5 4 6 6 5 2
160675 5 3 3 6 6 3 5 6 6 2
111523 5 3 4 5 4 5 6 6 4 3
177059 4 4 3 6 5 4 5 6 5 3
119715 5 4 3 4 4 5 8 5 4 3
185251 4 4 4 4 5 4 7 5 5 3
123811 6 4 2 3 4 6 7 7 4 2
189347 5 4 2 5 4 5 6 7 5 2
32163 6 5 5 4 4 4 5 4 4 4
48547 5 5 5 4 5 4 5 4 3 5
81315 5 4 5 4 6 5 3 4 4 5
146851 5 4 4 5 6 4 4 3 5 5
56739 5 4 5 5 4 4 7 3 3 5
89507 4 5 4 5 5 5 5 3 4 5
155043 4 4 5 5 5 4 6 2 5 5
105891 5 3 4 5 6 5 5 3 3 6
171427 4 4 4 5 6 4 6 2 4 6
60835 5 4 5 4 4 5 6 5 3 4
93603 4 4 6 3 5 6 4 5 4 4
159139 4 3 6 5 4 5 5 4 5 4
109987 4 4 5 3 6 6 4 5 3 5
175523 3 5 4 5 5 5 5 4 4 5
118179 5 3 4 4 5 6 6 4 3 5
183715 4 3 5 5 4 5 7 3 4 5
62883 5 5 4 3 5 4 7 5 4 3
95651 4 5 4 4 5 5 5 5 5 3
161187 4 4 4 5 6 3 6 4 6 3
112035 4 4 5 3 6 5 5 5 4 4
177571 3 5 4 4 7 3 6 4 5 4
120227 4 5 3 4 5 5 7 4 4 4
185763 3 5 4 4 6 3 8 3 5 4
124323 5 4 4 2 5 6 6 6 4 3
189859 4 4 4 4 5 4 7 5 5 3
63907 6 4 4 4 3 5 7 5 3 4
96675 5 4 4 4 5 5 5 5 4 4
162211 5 3 4 5 5 5 5 4 5 4
113059 5 3 4 5 5 5 5 5 3 5
178595 4 4 3 6 5 5 5 4 4 5
121251 5 3 4 5 4 5 7 4 3 5
186787 4 3 5 5 4 5 7 3 4 5
125347 5 4 4 3 4 6 6 6 3 4
190883 4 4 4 5 3 6 6 5 4 4
127395 6 4 3 3 4 5 7 6 4 3
192931 5 4 3 4 5 4 7 5 5 3
32419 6 6 4 5 4 3 4 4 5 4
48803 5 6 4 5 4 5 3 4 4 5
81571 5 5 4 5 5 5 3 3 5 5
147107 5 5 3 6 5 4 3 4 5 5
56995 5 5 4 5 5 4 5 3 4 5
89763 4 6 3 5 6 4 5 2 5 5
155299 4 5 4 5 6 3 5 3 5 5
106147 5 4 3 5 6 6 4 2 4 6
171683 4 5 3 5 6 5 4 3 4 6
61091 5 5 3 6 4 5 4 5 4 4
93859 4 5 4 5 5 5 4 4 5 4
159395 4 4 4 7 4 4 4 5 5 4
110243 4 5 3 5 5 7 3 4 4 5
175779 3 6 2 7 4 6 3 5 4 5
118435 5 4 2 5 6 6 5 3 4 5
183971 4 4 3 6 5 5 5 4 4 5
63139 5 5 4 4 5 4 5 5 5 3
95907 4 5 4 5 5 4 5 4 6 3
161443 4 4 4 6 6 2 5 5 6 3
112291 4 4 5 4 5 6 4 4 5 4
177827 3 5 4 5 6 4 4 5 5 4
120483 4 5 3 4 6 5 6 3 5 4
186019 3 5 4 4 7 3 6 4 5 4
124579 5 4 3 4 5 6 5 5 5 3
190115 4 4 3 6 5 4 5 6 5 3
64163 5 6 3 5 3 5 5 5 4 4
96931 4 6 3 5 5 4 5 4 5 4
162467 4 5 3 6 5 4 4 5 5 4
113315 4 5 3 6 4 6 4 4 4 5
178851 3 6 2 7 4 6 3 5 4 5
121507 4 5 3 5 5 5 6 3 4 5
187043 3 5 4 5 5 5 5 4 4 5
125603 4 6 2 5 4 6 5 5 4 4
191139 3 6 2 7 3 6 4 6 4 4
127651 5 5 3 4 4 5 6 5 5 3
193187 4 5 3 5 5 4 5 6 5 3
64675 6 5 4 4 4 4 5 4 4 5
97443 5 5 4 4 5 5 4 3 5 5
162979 5 4 4 5 5 4 5 3 5 5
113827 5 4 4 4 6 6 3 3 4 6
179363 4 5 3 5 6 5 4 3 4 6
122019 5 4 3 5 6 5 5 2 4 6
187555 4 4 4 5 6 4 6 2 4 6
126115 5 4 4 4 5 6 4 4 4 5
191651 4 4 4 6 4 5 5 4 4 5
128163 5 5 4 3 5 5 5 4 5 4
193699 4 5 4 4 6 3 6 4 5 4
129187 6 5 3 4 4 5 5 4 4 5
32547 7 5 5 5 4 2 3 5 5 4
48931 6 5 5 5 4 3 4 4 4 5
81699 6 4 5 5 5 3 3 5 4 5
147235 6 4 4 6 5 2 3 5 6 4
57123 6 4 5 5 4 4 5 3 4 5
89891 5 5 4 5 5 4 4 4 4 5
155427 5 4 5 5 5 3 4 4 6 4
106275 6 3 4 5 5 5 5 3 3 6
171811 5 4 4 5 5 4 5 3 5 5
61219 6 4 4 5 5 4 4 5 4 4
93987 5 4 5 4 6 4 3 6 4 4
159523 5 3 5 6 5 3 3 6 6 3
110371 5 4 4 4 6 5 4 5 3 5
175907 4 5 3 6 5 4 4 5 5 4
118563 6 3 3 4 6 6 5 4 3 5
184099 5 3 4 5 5 5 5 4 5 4
63267 6 4 4 5 5 3 5 5 5 3
96035 5 4 4 6 5 3 4 6 5 3
161571 5 3 4 7 6 1 4 6 7 2
112419 5 3 5 5 5 4 5 5 4 4
177955 4 4 4 6 6 2 5 5 6 3
120611 5 4 3 5 5 5 6 4 4 4
186147 4 4 4 5 6 3 6 4 6 3
124707 6 3 3 4 6 5 5 6 4 3
190243 5 3 3 6 6 3 5 6 6 2
64291 6 4 5 5 3 4 5 5 4 4
97059 5 4 5 5 5 3 4 6 4 4
162595 5 3 5 6 5 3 3 6 6 3
113443 5 3 5 6 4 4 5 5 3 5
178979 4 4 4 7 4 4 4 5 5 4
121635 5 3 5 5 4 5 6 4 3 5
187171 4 3 6 5 4 5 5 4 5 4
125731 5 4 4 4 5 5 5 6 3 4
191267 4 4 4 6 4 5 4 6 5 3
127779 6 3 4 5 4 4 6 6 4 3
193315 5 3 4 6 5 3 5 6 6 2
64803 6 5 5 4 4 3 5 4 4 5
97571 5 5 5 4 5 4 3 5 4 5
163107 5 4 5 5 5 3 4 4 6 4
113955 5 4 5 4 6 4 4 4 3 6
179491 4 5 4 5 6 3 5 3 5 5
122147 5 4 4 5 5 5 5 3 3 6
187683 4 4 5 5 5 4 6 2 5 5
126243 5 4 5 3 6 5 4 5 3 5
191779 4 4 5 5 5 4 5 4 5 4
128291 5 5 4 4 5 4 5 5 4 4
193827 4 5 4 5 6 2 6 4 6 3
129315 6 4 5 4 4 4 5 5 3 5
194851 5 4 5 5 4 4 5 4 5 4
65059 7 5 4 5 4 3 3 4 5 5
97827 6 5 4 5 5 3 3 4 5 5
114211 6 4 4 5 5 5 3 3 4 6
122403 6 4 3 5 6 5 4 2 4 6
126499 6 4 3 5 6 5 3 4 4 5
128547 6 4 4 5 5 4 4 4 5 4
129571 6 5 4 5 4 4 4 4 4 5
16323 8 6 5 4 4 4 3 3 4 4
24515 7 6 5 4 4 4 4 4 3 4
40899 7 5 5 4 4 5 4 3 4 4
73667 7 5 4 4 5 5 3 3 4 5
28611 7 5 5 4 4 4 5 5 3 3
44995 6 6 4 4 4 5 5 4 4 3
77763 6 5 5 3 5 5 4 4 4 4
53187 7 4 4 4 4 5 6 5 3 3
85955 6 5 4 3 5 5 5 5 3 4
30659 7 5 4 4 4 5 5 5 4 2
47043 6 5 5 3 4 6 5 4 5 2
79811 6 4 5 4 4 6 4 4 5 3
55235 6 5 4 3 4 6 6 5 4 2
88003 5 6 3 4 4 6 5 5 4 3
59331 7 4 3 3 4 6 7 6 4 1
92099 6 4 4 3 4 6 6 6 4 2
31683 7 5 4 3 5 5 5 5 3 3
48067 6 5 4 4 4 6 5 4 4 3
80835 6 4 4 4 6 5 4 4 4 4
56259 6 4 5 3 4 6 6 5 3 3
89027 5 5 4 3 6 5 5 5 3 4
60355 6 5 3 3 4 6 7 6 3 2
93123 5 5 4 2 6 5 6 6 3 3
62403 7 4 3 2 4 7 7 6 4 1
95171 6 4 3 3 5 6 6 6 4 2
32195 7 5 4 4 4 5 5 4 3 4
48579 6 5 4 4 5 5 5 3 4 4
81347 6 4 4 4 6 6 3 3 4 5
56771 6 4 4 5 4 5 6 4 3 4
89539 5 5 3 5 5 6 4 4 3 5
60867 6 4 4 4 4 5 7 5 3 3
93635 5 4 5 3 5 6 5 5 3 4
62915 6 5 3 3 4 6 7 5 4 2
95683 5 5 3 4 4 7 5 5 4 3
63939 7 4 3 3 4 6 7 5 3 3
96707 6 4 3 3 6 6 5 5 3 4
32451 7 5 5 4 4 4 4 4 4 4
48835 6 5 5 4 4 6 3 3 5 4
81603 6 4 5 4 5 6 3 2 5 5
57027 6 4 5 4 5 5 4 4 4 4
89795 5 5 4 4 6 5 4 3 4 5
61123 6 4 4 5 4 5 5 5 4 3
93891 5 4 5 4 5 5 5 4 4 4
63171 6 4 5 3 4 6 5 5 5 2
95939 5 4 5 4 4 6 5 4 5 3
64195 6 5 4 3 4 6 5 5 4 3
96963 5 5 4 3 6 5 5 4 4 4
64707 7 4 4 4 4 5 5 4 4 4
97475 6 4 4 4 5 6 4 3 4 5
32579 7 6 5 4 4 3 3 5 4 4
48963 6 6 5 4 4 4 4 3 5 4
81731 6 5 5 4 5 4 3 4 4 5
57155 6 5 5 4 4 5 4 4 4 4
89923 5 6 4 4 5 5 3 5 3 5
61251 6 5 4 4 5 4 5 5 4 3
94019 5 5 5 3 6 4 4 6 3 4
63299 6 5 4 4 4 5 5 5 5 2
96067 5 5 4 5 4 5 4 6 4 3
64323 6 5 5 3 4 5 5 5 4 3
97091 5 5 5 3 6 4 4 6 3 4
64835 6 6 4 4 4 4 5 4 4 4
97603 5 6 4 4 5 5 3 5 3 5
65091 7 5 5 4 4 4 3 4 5 4
97859 6 5 5 4 5 4 3 4 4 5
32643 8 6 5 4 3 3 4 4 4 4
49027 7 6 5 4 3 4 4 4 4 4
2045 8 8 7 6 5 4 3 2 1 1
3069 7 8 7 6 5 4 3 2 2 1
5117 7 7 7 6 5 4 3 2 3 1
9213 7 7 6 6 5 4 3 3 2 2
17405 7 7 6 5 5 4 4 2 3 2
33789 7 7 6 5 4 5 3 3 3 2
3581 7 7 7 6 5 4 3 3 1 2
5629 6 8 6 6 5 4 3 3 2 2
9725 6 7 7 5 5 4 3 4 1 3
17917 6 7 6 6 4 4 4 3 2 3
34301 6 7 6 5 5 4 3 4 2 3
6653 7 6 6 6 5 4 3 3 3 2
10749 6 7 6 5 5 4 3 4 2 3
18941 6 6 7 5 4 4 4 3 3 3
35325 6 6 6 6 4 4 3 4 3 3
68093 6 6 6 5 6 3 3 4 3 3
12797 7 6 5 5 5 4 3 4 3 3
20989 6 7 5 5 4 4 4 3 4 3
37373 6 6 6 5 4 4 3 4 4 3
70141 6 6 5 6 5 3 3 4 4 3
25085 7 6 5 4 4 4 4 4 3 4
41469 6 7 5 4 4 4 3 5 3 4
74237 6 6 6 4 5 3 3 5 3 4
49661 7 6 5 4 3 4 4 4 4 4
3837 7 7 6 6 5 4 4 2 2 2
5885 6 7 7 5 5 4 4 2 3 2
9981 6 6 7 6 4 4 4 3 2 3
18173 6 6 6 6 5 3 5 2 3 3
34557 6 6 6 5 5 5 3 3 3 3
6909 6 7 6 5 5 4 4 2 4 2
11005 5 8 5 6 4 4 4 3 3 3
19197 5 7 6 5 5 3 5 2 4 3
35581 5 7 5 6 4 5 3 3 4 3
68349 5 7 5 5 6 3 5 2 4 3
13053 6 6 6 5 4 4 4 3 4 3
21245 5 7 6 4 5 3 5 2 5 3
37629 5 6 7 4 4 5 3 3 5 3
70397 5 6 6 5 5 3 5 2 5 3
25341 6 6 5 5 4 3 5 3 4 4
41725 5 7 5 5 3 5 3 4 4 4
74493 5 6 6 5 4 3 5 3 4 4
140029 5 6 5 7 3 4 4 4 3 4
49917 6 6 5 4 4 4 4 3 5 4
82685 5 7 5 4 5 2 6 2 5 4
7421 7 6 5 5 5 4 4 3 3 3
11517 6 6 6 5 4 4 4 4 2 4
19709 6 5 6 6 4 3 5 3 3 4
36093 6 5 5 6 5 4 3 4 3 4
68861 6 5 5 5 6 4 4 3 3 4
13565 6 6 6 4 4 4 4 4 3 4
21757 5 7 5 5 4 3 5 3 4 4
38141 5 6 6 4 5 4 3 4 4 4
70909 5 6 5 5 5 4 4 3 4 4
25853 6 5 6 5 3 3 5 4 3 5
42237 5 6 6 4 4 4 3 5 3 5
75005 5 5 7 4 4 4 4 4 3 5
140541 5 5 6 6 3 4 5 4 2 5
50429 6 5 5 5 4 3 4 4 4 5
83197 5 6 5 5 4 3 5 3 4 5
148733 5 5 6 6 3 3 6 3 3 5
14589 7 6 4 4 4 4 4 4 4 4
22781 6 6 5 4 4 3 5 3 5 4
39165 6 5 5 5 4 4 3 4 5 4
71933 6 5 4 5 6 3 4 3 5 4
26877 6 6 5 4 3 3 5 4 4 5
43261 5 7 4 5 3 4 3 5 4 5
76029 5 6 5 4 5 3 4 4 4 5
141565 5 6 4 6 3 5 4 4 3 5
51453 6 5 5 5 3 3 4 4 5 5
84221 5 6 5 4 5 2 5 3 5 5
149757 5 5 6 5 3 4 5 3 4 5
100605 6 5 4 5 5 3 3 4 5 5
28925 7 6 4 3 3 3 5 4 5 5
45309 6 6 5 3 3 4 3 5 5 5
78077 6 5 5 4 4 3 4 4 5 5
53501 6 6 5 3 3 3 4 4 6 5
86269 5 7 4 4 4 2 5 3 6 5
102653 6 5 5 4 4 3 3 4 6 5
57597 7 6 4 3 2 3 4 5 5 6
3965 7 7 6 5 5 5 3 3 2 2
6013 6 7 6 6 4 5 3 3 3 2
10109 6 6 6 6 5 4 3 4 2 3
18301 6 6 5 6 5 5 3 3 3 3
34685 6 6 5 5 5 6 3 3 3 3
7037 6 6 7 5 4 5 3 3 4 2
11133 5 7 6 5 5 4 3 4 3 3
19325 5 6 7 4 5 5 3 3 4 3
35709 5 6 6 5 4 6 3 3 4 3
68477 5 6 6 4 6 4 4 4 3 3
13181 6 5 6 6 4 4 3 4 4 3
21373 5 6 6 5 4 5 3 3 5 3
37757 5 5 7 5 3 6 3 3 5 3
70525 5 5 6 6 4 4 4 4 4 3
25469 6 5 5 5 5 4 3 4 4 4
41853 5 6 5 5 4 5 3 4 4 4
74621 5 5 6 5 5 3 4 5 3 4
140157 5 5 5 7 4 4 3 5 4 3
50045 6 5 5 4 4 6 3 3 5 4
82813 5 6 5 4 5 4 4 4 4 4
7549 6 7 5 5 4 5 3 4 3 3
11645 5 7 6 4 5 4 3 5 2 4
19837 5 6 6 5 4 5 3 4 3 4
36221 5 6 5 5 5 5 3 4 3 4
68989 5 6 5 4 6 5 3 5 2 4
13693 5 7 5 5 4 4 3 5 3 4
21885 4 8 4 6 3 5 3 4 4 4
38269 4 7 5 5 4 5 3 4 4 4
71037 4 7 4 6 4 5 3 5 3 4
25981 5 6 5 5 4 4 3 5 3 5
42365 4 7 5 4 5 4 3 5 3 5
75133 4 6 6 4 5 4 3 6 2 5
140669 4 6 5 6 4 4 4 5 3 4
50557 5 6 4 5 4 5 3 4 4 5
83325 4 7 4 5 4 5 3 5 3 5
148861 4 6 5 6 3 5 4 4 4 4
14717 6 6 5 4 4 4 3 5 4 4
22909 5 6 6 4 3 5 3 4 5 4
39293 5 5 6 5 3 5 3 4 5 4
72061 5 5 5 5 5 4 3 5 4 4
27005 5 6 6 3 4 4 3 5 4 5
43389 4 7 5 4 4 4 3 5 4 5
76157 4 6 6 3 6 3 3 6 3 5
141693 4 6 5 5 4 5 3 5 4 4
51581 5 5 6 4 3 5 3 4 5 5
84349 4 6 6 3 5 4 3 5 4 5
149885 4 5 7 4 3 6 3 4 5 4
100733 5 5 5 4 5 4 3 5 4 5
29053 6 6 4 4 3 4 3 5 5 5
45437 5 6 5 4 3 4 3 5 5 5
78205 5 5 5 5 4 3 3 6 4 5
143741 5 5 4 6 4 4 3 5 5 4
53629 5 6 5 4 2 5 3 4 6 5
86397 4 7 4 5 3 4 3 5 5 5
151933 4 6 5 5 3 5 3 4 6 4
102781 5 5 5 5 3 4 3 5 5 5
168317 4 6 5 5 3 5 3 4 6 4
57725 6 6 4 3 3 4 3 5 5 6
90493 5 6 5 3 4 3 3 6 4 6
7805 7 6 5 4 4 5 4 3 4 3
11901 6 6 5 5 4 4 4 4 3 4
20093 6 5 5 5 5 4 4 3 4 4
36477 6 5 4 5 5 6 3 3 4 4
69245 6 5 4 4 6 5 5 3 3 4
13949 6 5 6 5 3 4 4 4 4 4
22141 5 6 5 5 4 4 4 3 5 4
38525 5 5 6 4 4 6 3 3 5 4
71293 5 5 5 5 4 5 5 3 4 4
26237 6 4 5 6 4 3 4 4 4 5
42621 5 5 5 5 4 5 3 4 4 5
75389 5 4 6 5 4 4 5 4 3 5
140925 5 4 5 7 3 4 5 5 3 4
50813 6 4 4 5 5 5 3 3 5 5
83581 5 5 4 5 5 4 5 3 4 5
149117 5 4 5 6 4 4 5 4 4 4
99965 6 4 4 4 5 6 4 3 4 5
14973 6 6 5 4 3 4 4 4 5 4
23165 5 6 6 3 4 4 4 3 6 4
39549 5 5 6 4 3 6 3 3 6 4
72317 5 5 5 4 5 4 5 3 5 4
27261 5 6 5 4 4 3 4 4 5 5
43645 4 7 4 5 3 5 3 4 5 5
76413 4 6 5 4 5 3 5 4 4 5
141949 4 6 4 6 3 5 4 5 4 4
51837 5 5 5 4 4 5 3 3 6 5
84605 4 6 5 3 6 3 5 3 5 5
150141 4 5 6 4 4 5 4 4 5 4
100989 5 5 4 4 5 5 4 3 5 5
166525 4 6 4 5 3 7 3 4 5 4
29309 6 5 5 4 3 3 4 4 6 5
45693 5 5 6 4 2 5 3 4 6 5
78461 5 4 6 5 3 3 5 4 5 5
143997 5 4 5 6 3 4 4 5 5 4
53885 5 5 6 3 3 5 3 3 7 5
86653 4 6 5 4 4 3 5 3 6 5
152189 4 5 6 4 4 4 4 4 6 4
103037 5 4 6 4 3 5 4 3 6 5
168573 4 5 6 4 3 6 3 4 6 4
299645 4 4 8 3 3 7 3 3 7 3
57981 6 5 4 4 3 4 3 4 6 6
90749 5 5 5 4 4 2 5 4 5 6
156285 5 4 5 6 3 3 4 5 5 5
107133 5 5 5 4 3 4 4 4 5 6
15485 7 6 4 3 3 4 4 5 4 5
23677 6 6 4 4 3 4 4 4 5 5
40061 6 5 4 4 4 5 3 4 5 5
72829 6 5 3 4 5 5 4 4 4 5
27773 6 5 5 4 3 3 4 5 4 6
44157 5 6 4 4 4 4 3 5 4 6
76925 5 5 5 3 5 4 4 5 3 6
142461 5 5 4 5 3 5 5 5 3 5
52349 6 4 4 5 4 4 3 4 5 6
85117 5 5 4 4 5 4 4 4 4 6
150653 5 4 5 5 3 5 5 4 4 5
101501 6 4 3 4 6 5 3 4 4 6
167037 5 5 3 5 4 6 4 4 4 5
29821 6 6 4 4 2 3 4 5 5 6
46205 5 6 5 3 3 4 3 5 5 6
78973 5 5 5 4 3 4 4 5 4 6
144509 5 5 4 5 3 4 5 5 4 5
54397 5 6 4 4 3 4 3 4 6 6
87165 4 7 3 5 3 4 4 4 5 6
152701 4 6 4 5 3 4 5 4 5 5
103549 5 5 4 4 4 5 3 4 5 6
169085 4 6 4 4 4 5 4 4 5 5
58493 6 5 4 4 3 3 3 5 5 7
91261 5 5 5 4 3 3 4 5 4 7
156797 5 4 5 6 2 3 5 5 4 6
107645 5 5 5 3 4 4 3 5 4 7
173181 4 6 4 5 3 4 4 5 4 6
205949 5 4 5 5 3 4 5 5 3 6
115837 6 5 3 4 4 4 3 4 5 7
30845 7 6 4 2 2 3 4 5 6 6
47229 6 6 4 3 2 4 3 5 6 6
79997 6 5 4 3 4 3 4 5 5 6
55421 6 5 5 3 2 4 3 4 7 6
88189 5 6 4 3 4 3 4 4 6 6
104573 6 4 4 4 4 4 3 4 6 6
59517 6 6 4 3 2 3 3 5 6 7
92285 5 6 5 2 4 2 4 5 5 7
108669 5 6 4 3 4 3 3 5 5 7
116861 6 5 4 3 4 3 3 4 6 7
61565 7 6 4 2 1 3 3 5 7 7
4029 7 7 6 5 5 4 4 3 2 2
6077 6 7 6 5 6 3 4 3 3 2
10173 6 6 6 5 6 4 3 4 2 3
18365 6 6 5 5 6 4 5 2 3 3
34749 6 6 5 4 6 5 4 4 2 3
7101 6 6 6 6 5 3 4 3 4 2
11197 5 7 5 6 5 4 3 4 3 3
19389 5 6 6 5 5 4 5 2 4 3
35773 5 6 5 6 4 5 4 4 3 3
68541 5 6 5 5 6 3 5 4 4 2
13245 6 5 5 6 6 3 3 4 4 3
21437 5 6 5 5 6 3 5 2 5 3
37821 5 5 6 5 5 4 4 4 4 3
70589 5 5 5 6 6 2 5 4 5 2
25533 6 5 4 5 6 4 4 3 4 4
41917 5 6 4 5 5 5 3 5 3 4
74685 5 5 5 5 6 3 4 5 4 3
140221 5 5 4 7 5 4 3 5 4 3
50109 6 5 4 4 5 5 5 3 4 4
82877 5 6 4 4 6 3 6 3 5 3
7613 6 6 6 5 5 3 4 4 3 3
11709 5 6 7 4 5 4 3 5 2 4
19901 5 5 7 5 4 4 5 3 3 4
36285 5 5 6 5 5 4 4 5 2 4
69053 5 5 6 4 6 4 4 5 3 3
13757 5 6 6 4 6 3 3 5 3 4
21949 4 7 5 5 5 3 5 3 4 4
38333 4 6 6 4 6 3 4 5 3 4
71101 4 6 5 5 6 3 4 5 4 3
26045 5 5 6 4 5 4 4 4 3 5
42429 4 6 6 3 6 4 3 6 2 5
75197 4 5 7 3 6 4 3 6 3 4
140733 4 5 6 5 5 4 4 5 3 4
50621 5 5 5 4 5 4 5 4 3 5
83389 4 6 5 4 5 4 5 4 4 4
148925 4 5 6 5 4 4 6 3 4 4
14781 6 5 5 5 5 3 3 5 4 4
22973 5 5 6 5 4 3 5 3 5 4
39357 5 4 6 6 4 3 4 5 4 4
72125 5 4 5 6 6 2 4 5 5 3
27069 5 5 6 4 4 4 4 4 4 5
43453 4 6 5 5 4 4 3 6 3 5
76221 4 5 6 4 6 3 3 6 4 4
141757 4 5 5 6 4 5 3 5 4 4
51645 5 4 6 5 3 4 5 4 4 5
84413 4 5 6 4 5 3 5 4 5 4
149949 4 4 7 5 3 5 5 3 5 4
100797 5 4 5 5 5 3 4 6 4 4
29117 6 5 4 4 5 3 4 4 5 5
45501 5 5 5 4 5 3 3 6 4 5
78269 5 4 5 5 6 2 3 6 5 4
143805 5 4 4 6 6 3 3 5 5 4
53693 5 5 5 4 4 3 5 4 5 5
86461 4 6 4 5 5 2 5 4 6 4
151997 4 5 5 5 5 3 5 3 6 4
102845 5 4 5 5 5 2 4 6 5 4
168381 4 5 5 5 5 3 4 5 5 4
57789 6 5 4 3 4 4 4 5 4 6
90557 5 5 5 3 5 3 4 5 5 5
106941 5 5 5 3 5 3 3 7 4 5
7869 6 7 5 4 5 3 5 3 4 3
11965 5 7 5 5 4 4 4 4 3 4
20157 5 6 5 5 5 3 6 2 4 4
36541 5 6 4 5 5 5 4 4 3 4
69309 5 6 4 4 6 4 6 3 4 3
14013 5 6 6 4 5 3 4 4 4 4
22205 4 7 5 4 6 2 6 2 5 4
38589 4 6 6 3 6 4 4 4 4 4
71357 4 6 5 4 6 3 6 3 5 3
26301 5 5 5 5 5 3 5 3 4 5
42685 4 6 5 4 5 5 3 5 3 5
75453 4 5 6 4 5 4 5 4 4 4
140989 4 5 5 6 4 4 5 5 3 4
50877 5 5 4 4 6 4 5 3 4 5
83645 4 6 4 4 6 3 7 2 5 4
149181 4 5 5 5 5 3 7 3 4 4
100029 5 5 4 3 6 5 5 4 4 4
15037 5 7 4 5 4 3 4 4 5 4
23229 4 7 5 4 5 2 6 2 6 4
39613 4 6 5 5 4 4 4 4 5 4
72381 4 6 4 5 6 2 6 3 6 3
27325 4 7 4 5 4 3 5 3 5 5
43709 3 8 3 6 3 5 3 5 4 5
76477 3 7 4 5 5 3 5 4 5 4
142013 3 7 3 7 3 5 4 5 4 4
51901 4 6 4 5 4 4 5 3 5 5
84669 3 7 4 4 6 2 7 2 6 4
150205 3 6 5 5 4 4 6 3 5 4
101053 4 6 3 5 5 4 5 4 5 4
166589 3 7 3 6 3 6 4 5 4 4
29373 5 6 4 4 5 2 5 3 6 5
45757 4 6 5 4 4 4 3 5 5 5
78525 4 5 5 5 5 2 5 4 6 4
144061 4 5 4 6 5 3 4 5 5 4
53949 4 6 5 3 5 3 5 3 6 5
86717 3 7 4 4 6 1 7 2 7 4
152253 3 6 5 4 6 2 6 3 6 4
103101 4 5 5 4 5 3 5 4 6 4
168637 3 6 5 4 5 4 4 5 5 4
299709 3 5 7 3 5 5 4 4 5 4
58045 5 6 3 4 4 4 4 4 5 6
90813 4 6 4 4 5 2 6 3 6 5
156349 4 5 4 6 4 3 5 4 5 5
107197 4 6 4 4 4 4 4 5 5 5
172733 3 7 3 6 3 5 3 6 4 5
15549 6 6 5 3 4 3 4 5 4 5
23741 5 6 5 4 4 2 6 3 5 5
40125 5 5 5 4 5 3 4 5 4 5
72893 5 5 4 4 6 3 5 4 5 4
27837 5 5 6 4 3 3 5 4 4 6
44221 4 6 5 4 4 4 3 6 3 6
76989 4 5 6 3 5 4 4 5 4 5
142525 4 5 5 5 3 5 5 5 3 5
52413 5 4 5 5 4 3 5 4 4 6
85181 4 5 5 4 5 3 6 3 5 5
150717 4 4 6 5 3 4 7 3 4 5
101565 5 4 4 4 6 4 4 5 4 5
167101 4 5 4 5 4 5 5 5 3 5
29885 5 6 5 3 4 2 5 4 5 6
46269 4 6 6 2 5 3 3 6 4 6
79037 4 5 6 3 5 3 4 5 5 5
144573 4 5 5 4 5 3 5 5 4 5
54461 4 6 5 3 5 2 5 4 5 6
87229 3 7 4 4 5 2 6 3 6 5
152765 3 6 5 4 5 2 7 3 5 5
103613 4 5 5 3 6 3 4 5 5 5
169149 3 6 5 3 6 3 5 5 4 5
300221 3 5 7 2 6 4 4 6 3 5
58557 5 5 5 3 4 3 4 5 4 7
91325 4 5 6 3 4 3 5 4 5 6
156861 4 4 6 5 3 3 6 4 4 6
107709 4 5 6 2 5 4 3 6 4 6
173245 3 6 5 4 4 4 4 6 3 6
304317 3 5 7 2 6 4 3 7 2 6
206013 4 4 6 4 4 4 5 5 4 5
115901 5 5 4 3 5 3 5 4 5 6
30909 6 6 4 3 3 2 5 4 6 6
47293 5 6 4 4 3 3 3 6 5 6
80061 5 5 4 4 5 2 4 5 6 5
145597 5 5 3 5 4 4 4 5 5 5
55485 5 5 5 4 3 2 5 4 6 6
88253 4 6 4 4 5 1 6 3 7 5
153789 4 5 5 4 4 3 6 3 6 5
104637 5 4 4 5 5 2 4 5 6 5
170173 4 5 4 5 4 4 4 5 5 5
59581 5 6 4 4 2 3 4 5 5 7
92349 4 6 5 3 4 2 5 4 6 6
157885 4 5 5 5 2 4 5 4 5 6
108733 4 6 4 4 4 3 3 6 5 6
174269 3 7 3 6 2 5 3 6 4 6
116925 5 5 4 4 4 2 5 4 6 6
182461 4 5 5 5 2 4 5 4 5 6
61629 6 6 4 2 3 2 4 5 6 7
94397 5 6 4 3 4 1 5 4 7 6
7997 7 6 5 4 4 4 4 4 4 3
12093 6 6 5 4 5 4 3 5 3 4
20285 6 5 5 4 5 5 4 3 4 4
36669 6 5 4 4 5 6 4 4 3 4
69437 6 5 4 3 6 5 5 5 3 3
14141 6 5 5 5 5 3 3 5 4 4
22333 5 6 4 5 5 4 4 3 5 4
38717 5 5 5 4 5 5 4 4 4 4
71485 5 5 4 5 5 4 5 5 4 3
26429 6 4 4 5 6 4 3 4 4 5
42813 5 5 4 4 6 5 3 5 3 5
75581 5 4 5 4 6 4 4 6 3 4
141117 5 4 4 6 5 4 4 6 4 3
51005 6 4 3 4 6 6 4 3 4 5
83773 5 5 3 4 6 5 5 4 4 4
149309 5 4 4 5 5 5 5 4 5 3
100157 6 4 3 3 6 6 5 5 3 4
15165 6 5 5 5 4 3 3 5 5 4
23357 5 5 6 4 4 4 4 3 6 4
39741 5 4 6 5 3 5 4 4 5 4
72509 5 4 5 5 5 3 5 5 5 3
27453 5 5 5 4 5 4 3 4 5 5
43837 4 6 4 5 4 5 3 5 4 5
76605 4 5 5 4 6 3 4 6 4 4
142141 4 5 4 6 4 5 3 6 5 3
52029 5 4 5 4 4 6 4 3 5 5
84797 4 5 5 3 6 4 5 4 5 4
150333 4 4 6 4 4 6 4 4 6 3
101181 5 4 4 4 5 5 5 5 4 4
166717 4 5 4 5 3 7 4 5 5 3
29501 6 4 4 5 5 3 3 4 6 5
45885 5 4 5 5 4 4 3 5 5 5
78653 5 3 5 6 5 2 4 6 5 4
144189 5 3 4 7 5 3 3 6 6 3
54077 5 4 5 4 4 5 4 3 6 5
86845 4 5 4 5 5 3 5 4 6 4
152381 4 4 5 5 5 4 4 4 7 3
103229 5 3 5 5 4 4 5 5 5 4
168765 4 4 5 5 4 5 4 5 6 3
299837 4 3 7 4 4 6 4 4 5 4
58173 6 4 3 4 5 5 3 4 5 6
90941 5 4 4 4 6 3 4 5 5 5
156477 5 3 4 6 5 4 3 5 6 4
107325 5 4 4 4 5 4 4 6 4 5
172861 4 5 3 6 4 5 3 6 5 4
205629 5 3 4 6 5 3 4 7 5 3
15677 6 6 5 3 4 3 3 6 4 5
23869 5 6 5 4 3 4 4 4 5 5
40253 5 5 5 4 4 4 4 5 4 5
73021 5 5 4 4 5 4 4 6 4 4
27965 5 5 6 3 4 4 3 5 4 6
44349 4 6 5 3 5 4 3 6 3 6
77117 4 5 6 2 6 4 3 7 3 5
142653 4 5 5 4 4 5 4 6 4 4
52541 5 4 5 4 4 5 4 4 4 6
85309 4 5 5 3 5 5 4 5 4 5
150845 4 4 6 4 3 6 5 4 5 4
101693 5 4 4 3 6 5 4 6 3 5
167229 4 5 4 4 4 6 5 5 4 4
30013 5 6 4 4 4 3 3 5 5 6
46397 4 6 5 3 5 3 3 6 4 6
79165 4 5 5 4 5 3 3 7 4 5
144701 4 5 4 5 5 3 4 6 5 4
54589 4 6 4 4 4 4 4 4 5 6
87357 3 7 3 5 4 4 4 5 5 5
152893 3 6 4 5 4 4 5 4 6 4
103741 4 5 4 4 5 4 4 6 4 5
169277 3 6 4 4 5 4 5 5 5 4
300349 3 5 6 3 5 5 4 6 3 5
58685 5 5 4 3 5 4 3 5 4 7
91453 4 5 5 3 5 4 3 6 4 6
156989 4 4 5 5 4 4 4 5 5 5
107837 4 5 5 2 6 4 3 7 3 6
173373 3 6 4 4 5 4 4 6 4 5
304445 3 5 6 2 7 4 3 7 2 6
206141 4 4 5 4 5 4 4 7 4 4
116029 5 5 3 3 5 5 4 5 4 6
31037 6 5 5 3 3 3 3 5 6 6
47421 5 5 5 4 3 3 3 6 5 6
80189 5 4 5 4 5 2 3 7 5 5
145725 5 4 4 5 4 4 3 6 6 4
55613 5 4 6 4 2 4 4 4 6 6
88381 4 5 5 4 4 3 4 5 6 5
153917 4 4 6 4 3 5 4 4 7 4
104765 5 3 5 5 4 3 4 6 5 5
170301 4 4 5 5 3 5 4 5 6 4
301373 4 3 7 4 3 5 5 5 4 5
203069 5 3 4 5 5 4 4 6 6 3
59709 5 5 5 3 3 4 3 5 5 7
92477 4 5 6 2 5 3 3 6 5 6
158013 4 4 6 4 3 5 3 5 6 5
108861 4 5 5 3 5 3 3 7 4 6
174397 3 6 4 5 3 5 3 6 5 5
305469 3 5 6 3 5 4 4 6 3 6
207165 4 4 5 4 5 4 3 7 5 4
117053 5 4 5 3 4 4 4 5 5 6
182589 4 4 6 4 2 6 4 4 6 5
215357 4 4 6 3 4 5 4 5 6 4
61757 6 5 4 3 3 3 3 5 6 7
94525 5 5 4 4 4 2 3 6 6 6
160061 5 4 4 5 4 3 3 5 7 5
110909 5 4 5 4 4 2 3 7 5 6
119101 5 5 4 4 3 3 4 5 6 6
15933 7 6 4 3 3 3 4 5 5 5
24125 6 6 4 3 4 3 5 3 6 5
40509 6 5 4 3 4 5 4 4 5 5
73277 6 5 3 3 5 4 6 4 5 4
28221 6 5 4 4 4 3 4 4 5 6
44605 5 6 3 4 4 5 3 5 4 6
77373 5 5 4 3 5 4 5 5 4 5
142909 5 5 3 5 3 5 5 6 4 4
52797 6 4 3 4 5 5 4 3 5 6
85565 5 5 3 3 6 4 6 3 5 5
151101 5 4 4 4 4 5 6 4 5 4
101949 6 4 2 3 6 6 5 4 4 5
167485 5 5 2 4 4 7 5 5 4 4
30269 6 5 4 4 4 2 4 4 6 6
46653 5 5 5 3 4 4 3 5 5 6
79421 5 4 5 4 4 3 5 5 5 5
144957 5 4 4 5 4 3 5 6 5 4
54845 5 5 4 3 5 4 4 3 6 6
87613 4 6 3 4 5 3 6 3 6 5
153149 4 5 4 4 5 3 6 4 6 4
103997 5 4 4 3 5 5 5 4 5 5
169533 4 5 4 3 5 5 5 5 5 4
58941 6 4 3 4 5 4 3 4 5 7
91709 5 4 4 4 5 3 5 4 5 6
157245 5 3 4 6 4 3 5 5 5 5
108093 5 4 4 3 5 5 4 5 4 6
173629 4 5 3 5 4 5 4 6 4 5
206397 5 3 4 5 4 4 6 6 4 4
116285 6 4 2 3 6 5 5 3 5 6
181821 5 4 3 4 5 5 5 4 5 5
31293 6 6 4 3 3 2 4 4 7 6
47677 5 6 4 4 2 4 3 5 6 6
80445 5 5 4 4 4 2 5 5 6 5
145981 5 5 3 5 3 4 4 6 6 4
55869 5 5 5 3 3 4 4 3 7 6
88637 4 6 4 3 5 2 6 3 7 5
154173 4 5 5 3 4 4 5 4 7 4
105021 5 4 4 4 4 4 5 4 6 5
170557 4 5 4 4 3 6 4 5 6 4
203325 5 4 3 4 5 4 6 5 6 3
59965 5 6 3 4 3 4 3 4 6 7
92733 4 6 4 3 5 2 5 4 6 6
158269 4 5 4 5 3 4 4 5 6 5
109117 4 6 3 4 4 4 4 5 5 6
174653 3 7 2 6 2 6 3 6 5 5
207421 4 5 3 5 4 4 5 6 5 4
117309 5 5 3 3 5 4 5 3 6 6
182845 4 5 4 4 3 6 4 4 6 5
215613 4 5 4 3 5 4 6 4 6 4
62013 6 5 4 3 3 3 3 4 7 7
94781 5 5 4 4 4 1 5 4 7 6
160317 5 4 4 5 4 2 4 5 7 5
111165 5 4 5 4 3 3 4 5 6 6
176701 4 5 4 5 3 4 3 6 6 5
209469 5 3 4 6 4 2 5 6 6 4
119357 5 5 4 3 4 3 5 3 7 6
184893 4 5 5 3 4 4 4 4 7 5
217661 4 5 4 4 5 2 6 4 7 4
234045 5 4 4 4 4 4 5 5 6 4
123453 6 5 3 3 4 3 4 4 6 7
31805 7 6 4 2 2 2 4 5 6 7
48189 6 6 4 2 3 3 3 6 5 7
80957 6 5 4 2 4 3 4 6 5 6
56381 6 5 4 3 3 3 4 4 6 7
89149 5 6 3 3 4 3 5 4 6 6
105533 6 4 3 3 5 4 4 5 5 6
60477 6 5 4 3 3 3 3 5 5 8
93245 5 5 5 2 4 3 4 5 5 7
109629 5 5 4 2 5 4 3 6 4 7
117821 6 4 3 3 5 4 4 4 5 7
62525 6 6 4 2 3 2 3 5 6 8
95293 5 6 4 3 3 2 4 5 6 7
111677 5 5 5 2 4 3 3 6 5 7
119869 5 6 3 3 4 3 4 4 6 7
123965 6 5 4 2 4 3 3 5 5 8
4061 7 7 6 6 4 4 4 3 2 2
6109 6 7 6 6 4 5 3 3 3 2
10205 6 6 6 6 4 5 4 3 2 3
18397 6 6 5 6 4 5 5 3 2 3
34781 6 6 5 5 4 6 4 4 3 2
7133 6 6 6 6 5 4 3 3 4 2
11229 5 7 5 6 5 4 4 3 3 3
19421 5 6 6 5 5 4 5 3 3 3
35805 5 6 5 6 4 5 4 4 4 2
68573 5 6 5 5 6 3 5 4 4 2
13277 6 5 5 6 5 5 3 3 4 3
21469 5 6 5 5 5 5 4 3 4 3
37853 5 5 6 5 4 6 3 4 5 2
70621 5 5 5 6 5 4 4 4 5 2
25565 6 5 4 5 5 5 5 3 3 4
41949 5 6 4 5 4 6 4 4 4 3
74717 5 5 5 5 5 4 5 4 4 3
140253 5 5 4 7 4 5 4 4 3 4
50141 6 5 4 4 4 6 5 4 4 3
82909 5 6 4 4 5 4 6 4 4 3
7645 6 6 5 7 4 4 3 4 3 3
11741 5 6 6 6 4 4 4 4 2 4
19933 5 5 6 7 3 4 5 4 2 4
36317 5 5 5 7 4 4 4 5 3 3
69085 5 5 5 6 5 4 4 5 3 3
13789 5 6 5 6 4 5 3 4 3 4
21981 4 7 4 7 3 5 4 4 3 4
38365 4 6 5 6 4 5 3 5 4 3
71133 4 6 4 7 4 5 3 5 4 3
26077 5 5 5 6 3 5 5 4 2 5
42461 4 6 5 5 4 5 4 5 3 4
75229 4 5 6 5 4 5 4 5 3 4
140765 4 5 5 7 3 5 5 4 2 5
50653 5 5 4 6 3 5 5 5 3 4
83421 4 6 4 6 3 5 5 5 3 4
148957 4 5 5 7 2 5 6 4 2 5
14813 6 5 4 6 5 4 3 4 4 4
23005 5 5 5 6 4 4 4 4 4 4
39389 5 4 5 7 4 4 3 5 5 3
72157 5 4 4 7 6 3 3 5 5 3
27101 5 5 5 5 4 4 5 4 3 5
43485 4 6 4 6 4 4 4 5 4 4
76253 4 5 5 5 6 3 4 5 4 4
141789 4 5 4 7 4 5 4 4 3 5
51677 5 4 5 6 3 4 5 5 4 4
84445 4 5 5 5 5 3 5 5 4 4
149981 4 4 6 6 3 5 5 4 3 5
100829 5 4 4 6 5 3 4 6 5 3
29149 6 5 3 5 4 5 4 4 4 5
45533 5 5 4 5 4 5 3 5 5 4
78301 5 4 4 6 5 4 3 5 5 4
143837 5 4 3 7 5 5 3 4 4 5
53725 5 5 4 5 3 5 4 5 5 4
86493 4 6 3 6 4 4 4 5 5 4
152029 4 5 4 6 4 5 4 4 4 5
102877 5 4 4 6 4 4 3 6 6 3
168413 4 5 4 6 4 5 3 5 5 4
57821 6 5 3 4 3 5 5 5 4 5
90589 5 5 4 4 4 4 5 5 4 5
106973 5 5 4 4 4 4 4 6 5 4
7901 6 6 6 5 4 4 4 3 4 3
11997 5 6 6 6 3 4 5 3 3 4
20189 5 5 6 6 4 3 6 3 3 4
36573 5 5 5 6 4 5 4 4 4 3
69341 5 5 5 5 5 4 6 3 4 3
14045 5 5 7 5 3 5 4 3 4 4
22237 4 6 6 5 4 4 5 3 4 4
38621 4 5 7 4 4 6 3 4 5 3
71389 4 5 6 5 4 5 5 3 5 3
26333 5 4 6 6 3 4 6 3 3 5
42717 4 5 6 5 3 6 4 4 4 4
75485 4 4 7 5 3 5 6 3 4 4
141021 4 4 6 7 2 5 6 4 2 5
50909 5 4 5 5 4 5 5 4 4 4
83677 4 5 5 5 4 4 7 3 4 4
149213 4 4 6 6 3 4 7 4 2 5
100061 5 4 5 4 4 6 5 4 5 3
15069 5 6 5 5 4 4 4 3 5 4
23261 4 6 6 4 5 3 5 3 5 4
39645 4 5 6 5 4 5 3 4 6 3
72413 4 5 5 5 6 3 5 3 6 3
27357 4 6 5 5 4 3 6 3 4 5
43741 3 7 4 6 3 5 4 4 5 4
76509 3 6 5 5 5 3 6 3 5 4
142045 3 6 4 7 3 5 5 4 3 5
51933 4 5 5 5 4 4 5 4 5 4
84701 3 6 5 4 6 2 7 3 5 4
150237 3 5 6 5 4 4 6 4 3 5
101085 4 5 4 5 5 4 5 4 6 3
166621 3 6 4 6 3 6 4 5 4 4
29405 5 5 5 4 4 4 5 3 5 5
45789 4 5 6 4 3 6 3 4 6 4
78557 4 4 6 5 4 4 5 3 6 4
144093 4 4 5 6 4 5 4 4 4 5
53981 4 5 6 3 4 5 4 4 6 4
86749 3 6 5 4 5 3 6 3 6 4
152285 3 5 6 4 5 4 5 4 4 5
103133 4 4 6 4 4 5 4 4 7 3
168669 3 5 6 4 4 6 3 5 5 4
299741 3 4 8 3 4 7 3 3 7 3
58077 5 5 4 4 3 5 5 4 5 5
90845 4 5 5 4 4 3 7 3 5 5
156381 4 4 5 6 3 4 6 4 3 6
107229 4 5 5 4 3 5 5 4 6 4
172765 3 6 4 6 2 6 4 5 4 5
15581 6 5 5 5 3 4 4 4 4 5
23773 5 5 5 6 3 3 5 4 4 5
40157 5 4 5 6 4 4 3 5 5 4
72925 5 4 4 6 5 4 4 4 5 4
27869 5 4 6 6 2 3 6 4 3 6
44253 4 5 5 6 3 4 4 5 4 5
77021 4 4 6 5 4 4 5 4 4 5
142557 4 4 5 7 2 5 6 4 2 6
52445 5 3 5 7 3 3 5 5 4 5
85213 4 4 5 6 4 3 6 4 4 5
150749 4 3 6 7 2 4 7 4 2 6
101597 5 3 4 6 5 4 4 5 5 4
167133 4 4 4 7 3 5 5 5 3 5
29917 5 5 5 5 2 4 5 4 4 6
46301 4 5 6 4 3 5 3 5 5 5
79069 4 4 6 5 3 5 4 4 5 5
144605 4 4 5 6 3 5 5 4 3 6
54493 4 5 5 5 3 4 4 5 5 5
87261 3 6 4 6 3 4 5 4 5 5
152797 3 5 5 6 3 4 6 4 3 6
103645 4 4 5 5 4 5 3 5 6 4
169181 3 5 5 5 4 5 4 5 4 5
300253 3 4 7 4 4 6 3 5 5 4
58589 5 4 5 5 2 4 5 5 4 6
91357 4 4 6 5 2 4 6 4 4 6
156893 4 3 6 7 1 4 7 4 2 7
107741 4 4 6 4 3 5 4 5 5 5
173277 3 5 5 6 2 5 5 5 3 6
304349 3 4 7 4 4 5 4 5 4 5
206045 4 3 6 6 2 5 6 4 3 6
115933 5 4 4 5 3 4 5 5 5 5
30941 6 5 4 4 3 3 5 4 5 6
47325 5 5 4 5 3 4 3 5 6 5
80093 5 4 4 5 5 3 4 4 6 5
145629 5 4 3 6 4 5 4 4 4 6
55517 5 4 5 5 3 3 4 5 6 5
88285 4 5 4 5 5 2 5 4 6 5
153821 4 4 5 5 4 4 5 4 4 6
104669 5 3 4 6 5 3 3 5 7 4
170205 4 4 4 6 4 5 3 5 5 5
202973 5 3 3 6 6 4 4 4 5 5
59613 5 5 4 5 2 3 5 5 5 6
92381 4 5 5 4 4 2 6 4 5 6
157917 4 4 5 6 2 4 6 4 3 7
108765 4 5 4 5 4 3 4 5 6 5
174301 3 6 3 7 2 5 4 5 4 6
207069 4 4 4 6 4 4 5 4 4 6
116957 5 4 4 5 4 2 5 5 6 5
182493 4 4 5 6 2 4 5 5 4 6
215261 4 4 5 5 4 3 6 4 4 6
61661 6 5 4 3 2 4 4 5 6 6
94429 5 5 4 4 3 3 5 4 6 6
110813 5 4 5 4 3 4 3 5 7 5
8029 6 7 5 5 3 5 3 4 4 3
12125 5 7 5 5 4 4 4 4 3 4
20317 5 6 5 5 4 5 4 4 3 4
36701 5 6 4 5 4 6 4 4 4 3
69469 5 6 4 4 5 5 5 5 3 3
14173 5 6 5 6 3 5 3 4 4 4
22365 4 7 4 6 3 6 3 4 4 4
38749 4 6 5 5 3 7 3 4 5 3
71517 4 6 4 6 3 6 4 5 4 3
26461 5 5 4 6 4 5 4 4 3 5
42845 4 6 4 5 4 6 4 4 4 4
75613 4 5 5 5 4 5 5 5 3 4
141149 4 5 4 7 3 5 5 5 3 4
51037 5 5 3 5 4 7 4 4 4 4
83805 4 6 3 5 4 6 5 5 3 4
149341 4 5 4 6 3 6 5 5 3 4
100189 5 5 3 4 4 7 5 5 4 3
15197 5 6 5 5 4 4 3 4 5 4
23389 4 6 6 4 4 5 3 4 5 4
39773 4 5 6 5 3 6 3 4 6 3
72541 4 5 5 5 5 4 4 5 5 3
27485 4 6 5 4 5 4 4 4 4 5
43869 3 7 4 5 4 5 4 4 5 4
76637 3 6 5 4 6 3 5 5 4 4
142173 3 6 4 6 4 5 4 5 4 4
52061 4 5 5 4 4 6 4 4 5 4
84829 3 6 5 3 6 4 5 5 4 4
150365 3 5 6 4 4 6 4 5 4 4
101213 4 5 4 4 5 5 5 5 5 3
166749 3 6 4 5 3 7 4 5 5 3
29533 5 5 4 5 4 5 3 4 5 5
45917 4 5 5 5 3 6 3 4 6 4
78685 4 4 5 6 4 4 4 5 5 4
144221 4 4 4 7 4 5 3 5 5 4
54109 4 5 5 4 3 7 3 4 6 4
86877 3 6 4 5 4 5 4 5 5 4
152413 3 5 5 5 4 6 3 5 5 4
103261 4 4 5 5 3 6 4 5 6 3
168797 3 5 5 5 3 7 3 5 6 3
299869 3 4 7 4 3 8 3 3 7 3
58205 5 5 3 4 4 6 4 4 5 5
90973 4 5 4 4 5 4 5 5 4 5
156509 4 4 4 6 4 5 4 5 4 5
107357 4 5 4 4 4 5 5 5 5 4
172893 3 6 3 6 3 6 4 5 5 4
205661 4 4 4 6 4 4 5 6 4 4
15709 5 7 4 5 3 4 3 5 4 5
23901 4 7 4 6 2 5 3 5 4 5
40285 4 6 4 6 3 5 3 5 5 4
73053 4 6 3 6 4 5 3 6 4 4
27997 4 6 5 5 3 4 4 5 3 6
44381 3 7 4 5 4 4 4 5 4 5
77149 3 6 5 4 5 4 4 6 3 5
142685 3 6 4 6 3 5 5 5 3 5
52573 4 5 4 6 3 5 4 5 4 5
85341 3 6 4 5 4 5 4 6 3 5
150877 3 5 5 6 2 6 5 5 3 5
101725 4 5 3 5 5 5 4 6 4 4
167261 3 6 3 6 3 6 5 5 4 4
30045 4 7 3 6 2 5 3 5 4 6
46429 3 7 4 5 3 5 3 5 5 5
79197 3 6 4 6 3 5 3 6 4 5
144733 3 6 3 7 3 5 4 5 4 5
54621 3 7 3 6 2 6 3 5 5 5
87389 2 8 2 7 2 6 3 6 4 5
152925 2 7 3 7 2 6 4 5 4 5
103773 3 6 3 6 3 6 3 6 5 4
169309 2 7 3 6 3 6 4 5 5 4
300381 2 6 5 5 3 7 3 5 5 4
58717 4 6 3 5 3 5 4 5 4 6
91485 3 6 4 5 3 5 4 6 3 6
157021 3 5 4 7 2 5 5 5 3 6
107869 3 6 4 4 4 5 4 6 4 5
173405 2 7 3 6 3 5 5 5 4 5
304477 2 6 5 4 5 5 4 5 4 5
206173 3 5 4 6 3 5 5 6 3 5
116061 4 6 2 5 3 6 4 6 4 5
31069 5 6 4 4 3 4 3 5 5 6
47453 4 6 4 5 3 4 3 5 6 5
80221 4 5 4 5 5 3 3 6 5 5
145757 4 5 3 6 4 5 3 5 5 5
55645 4 5 5 5 2 5 3 5 6 5
88413 3 6 4 5 4 4 3 6 5 5
153949 3 5 5 5 3 6 3 5 5 5
104797 4 4 4 6 4 4 3 6 6 4
170333 3 5 4 6 3 6 3 5 6 4
301405 3 4 6 5 3 6 4 4 6 4
203101 4 4 3 6 5 5 3 6 5 4
59741 4 6 4 4 3 4 4 5 5 6
92509 3 6 5 3 5 3 4 6 4 6
158045 3 5 5 5 3 5 4 5 4 6
108893 3 6 4 4 5 3 4 6 5 5
174429 2 7 3 6 3 5 4 5 5 5
305501 2 6 5 4 5 4 5 4 5 5
207197 3 5 4 5 5 4 4 6 4 5
338269 2 6 5 3 7 3 5 5 4 5
117085 4 5 4 4 4 4 4 6 5 5
182621 3 5 5 5 2 6 4 5 5 5
215389 3 5 5 4 4 5 4 6 4 5
61789 5 6 3 4 2 5 3 5 6 6
94557 4 6 3 5 3 4 3 6 5 6
160093 4 5 3 6 3 5 3 5 5 6
110941 4 5 4 5 3 4 3 6 6 5
176477 3 6 3 6 3 5 3 5 6 5
119133 4 6 3 5 2 5 3 6 6 5
15965 6 6 5 4 2 4 4 4 5 5
24157 5 6 5 4 3 4 4 4 5 5
40541 5 5 5 4 3 6 3 4 6 4
73309 5 5 4 4 4 5 5 4 5 4
28253 5 5 5 5 3 3 5 4 4 6
44637 4 6 4 5 3 5 4 4 5 5
77405 4 5 5 4 4 4 6 4 4 5
142941 4 5 4 6 2 5 6 5 3 5
52829 5 4 4 5 4 5 4 4 5 5
85597 4 5 4 4 5 4 6 4 4 5
151133 4 4 5 5 3 5 6 5 3 5
101981 5 4 3 4 5 6 5 4 5 4
167517 4 5 3 5 3 7 5 5 4 4
30301 5 5 5 5 2 4 4 4 5 6
46685 4 5 6 4 2 6 3 4 6 5
79453 4 4 6 5 2 5 5 4 5 5
144989 4 4 5 6 2 5 5 5 4 5
54877 4 5 5 4 3 6 3 4 6 5
87645 3 6 4 5 3 5 5 4 5 5
153181 3 5 5 5 3 5 5 5 4 5
104029 4 4 5 4 3 7 4 4 6 4
169565 3 5 5 4 3 7 4 5 5 4
300637 3 4 7 3 3 8 3 4 7 3
58973 5 4 4 5 3 5 4 4 5 6
91741 4 4 5 5 3 4 6 4 4 6
157277 4 3 5 7 2 4 6 5 3 6
108125 4 4 5 4 3 6 5 4 5 5
173661 3 5 4 6 2 6 5 5 4 5
304733 3 4 6 4 4 6 4 4 6 4
206429 4 3 5 6 2 5 7 5 3 5
116317 5 4 3 4 4 6 5 4 5 5
181853 4 4 4 5 3 6 5 5 4 5
31325 5 6 5 3 3 3 4 4 6 6
47709 4 6 5 4 2 5 3 4 7 5
80477 4 5 5 4 4 3 5 4 6 5
146013 4 5 4 5 3 5 4 5 5 5
55901 4 5 6 3 3 5 3 4 7 5
88669 3 6 5 3 5 3 5 4 6 5
154205 3 5 6 3 4 5 4 5 5 5
105053 4 4 5 4 4 5 4 4 7 4
170589 3 5 5 4 3 7 3 5 6 4
301661 3 4 7 3 3 7 4 3 8 3
203357 4 4 4 4 5 5 5 5 5 4
59997 4 6 4 4 3 4 4 4 6 6
92765 3 6 5 3 5 2 6 4 5 6
158301 3 5 5 5 3 4 5 5 4 6
109149 3 6 4 4 4 4 5 4 6 5
174685 2 7 3 6 2 6 4 5 5 5
305757 2 6 5 4 4 5 5 3 7 4
207453 3 5 4 5 4 4 6 5 4 5
338525 2 6 5 3 6 3 7 3 6 4
117341 4 5 4 3 5 4 5 4 6 5
182877 3 5 5 4 3 6 4 5 5 5
313949 3 4 6 4 4 5 5 3 7 4
215645 3 5 5 3 5 4 6 5 4 5
62045 5 5 5 3 2 5 3 4 7 6
94813 4 5 5 4 3 3 5 4 6 6
160349 4 4 5 5 3 4 4 5 5 6
111197 4 4 6 4 2 5 4 4 7 5
176733 3 5 5 5 2 6 3 5 6 5
307805 3 4 7 3 3 7 3 3 8 4
209501 4 3 5 6 3 4 5 5 5 5
119389 4 5 5 3 3 5 4 4 7 5
184925 3 5 6 3 3 6 3 5 6 5
217693 3 5 5 4 4 4 5 5 5 5
234077 4 4 5 4 3 6 4 5 6 4
123485 5 5 4 3 3 4 5 4 6 6
31837 6 6 4 4 1 3 4 5 5 7
48221 5 6 4 4 2 4 3 5 6 6
80989 5 5 4 4 3 4 4 5 5 6
146525 5 5 3 5 2 5 5 5 4 6
56413 5 5 4 5 2 4 3 5 6 6
89181 4 6 3 5 3 4 4 5 5 6
154717 4 5 4 5 2 5 5 5 4 6
105565 5 4 3 5 4 5 3 5 6 5
171101 4 5 3 5 3 6 4 5 5 5
60509 5 5 4 5 2 3 4 5 5 7
93277 4 5 5 4 3 3 5 5 4 7
158813 4 4 5 6 1 4 6 5 3 7
109661 4 5 4 4 4 4 4 5 5 6
175197 3 6 3 6 2 5 5 5 4 6
117853 5 4 3 5 4 4 4 5 5 6
183389 4 4 4 6 2 5 5 5 4 6
62557 5 6 4 4 1 4 3 5 6 7
95325 4 6 4 5 1 4 4 5 5 7
160861 4 5 4 6 1 4 5 5 4 7
111709 4 5 5 4 2 5 3 5 6 6
177245 3 6 4 5 2 5 4 5 5 6
119901 4 6 3 5 2 5 3 5 6 6
185437 3 6 4 5 2 5 4 5 5 6
123997 5 5 4 4 2 4 4 5 5 7
189533 4 5 4 6 1 4 5 5 4 7
63581 6 6 4 3 1 3 3 5 7 7
8093 7 6 5 5 4 3 4 4 4 3
12189 6 6 5 5 4 4 4 4 3 4
20381 6 5 5 5 4 4 6 3 3 4
36765 6 5 4 5 4 5 5 5 3 3
69533 6 5 4 4 5 4 6 5 4 2
14237 6 5 5 5 5 4 3 4 4 4
22429 5 6 4 5 5 4 5 3 4 4
38813 5 5 5 4 5 5 4 5 4 3
71581 5 5 4 5 5 4 5 5 5 2
26525 6 4 4 5 5 5 5 3 3 5
42909 5 5 4 4 5 6 4 5 3 4
75677 5 4 5 4 5 5 5 5 4 3
141213 5 4 4 6 4 5 5 5 3 4
51101 6 4 3 4 5 6 6 4 3 4
83869 5 5 3 4 5 5 7 4 4 3
149405 5 4 4 5 4 5 7 4 3 4
100253 6 4 3 3 5 6 6 6 4 2
15261 6 5 4 6 5 3 3 4 5 4
23453 5 5 5 5 5 3 5 3 5 4
39837 5 4 5 6 4 4 4 5 5 3
72605 5 4 4 6 6 2 5 5 6 2
27549 5 5 4 5 5 4 5 3 4 5
43933 4 6 3 6 4 5 4 5 4 4
76701 4 5 4 5 6 3 5 5 5 3
142237 4 5 3 7 4 5 4 5 4 4
52125 5 4 4 5 4 5 6 4 4 4
84893 4 5 4 4 6 3 7 4 5 3
150429 4 4 5 5 4 5 6 4 4 4
101277 5 4 3 5 5 4 6 6 5 2
166813 4 5 3 6 3 6 5 6 4 3
29597 6 4 3 5 6 4 4 3 5 5
45981 5 4 4 5 5 5 3 5 5 4
78749 5 3 4 6 6 3 4 5 6 3
144285 5 3 3 7 6 4 3 5 5 4
54173 5 4 4 4 5 5 5 4 5 4
86941 4 5 3 5 6 3 6 4 6 3
152477 4 4 4 5 6 4 5 4 5 4
103325 5 3 4 5 5 4 5 6 6 2
168861 4 4 4 5 5 5 4 6 5 3
299933 4 3 6 4 5 6 4 4 5 4
58269 6 4 2 4 5 6 5 4 4 5
91037 5 4 3 4 6 4 6 4 5 4
156573 5 3 3 6 5 5 5 4 4 5
107421 5 4 3 4 5 5 5 6 5 3
172957 4 5 2 6 4 6 4 6 4 4
205725 5 3 3 6 5 4 5 6 5 3
115613 6 4 2 3 5 5 7 5 5 3
15773 6 5 5 5 4 3 3 5 4 5
23965 5 5 5 6 3 3 5 4 4 5
40349 5 4 5 6 4 3 4 6 4 4
73117 5 4 4 6 5 3 4 6 5 3
28061 5 4 6 5 3 4 5 4 3 6
44445 4 5 5 5 4 4 4 6 3 5
77213 4 4 6 4 5 4 4 6 4 4
142749 4 4 5 6 3 5 5 5 3 5
52637 5 3 5 6 3 4 6 5 3 5
85405 4 4 5 5 4 4 6 5 4 4
150941 4 3 6 6 2 5 7 4 3 5
101789 5 3 4 5 5 4 5 7 4 3
167325 4 4 4 6 3 5 6 6 3 4
30109 5 5 4 5 4 4 4 4 4 6
46493 4 5 5 4 5 4 3 6 4 5
79261 4 4 5 5 5 4 3 6 5 4
144797 4 4 4 6 5 4 4 5 4 5
54685 4 5 4 5 4 4 5 5 4 5
87453 3 6 3 6 4 4 5 5 5 4
152989 3 5 4 6 4 4 6 4 4 5
103837 4 4 4 5 5 4 4 7 5 3
169373 3 5 4 5 5 4 5 6 4 4
300445 3 4 6 4 5 5 4 6 3 5
58781 5 4 4 4 4 5 5 5 3 6
91549 4 4 5 4 4 5 5 5 4 5
157085 4 3 5 6 3 5 6 4 3 6
107933 4 4 5 3 5 5 4 7 4 4
173469 3 5 4 5 4 5 5 6 3 5
304541 3 4 6 3 6 5 4 6 2 6
206237 4 3 5 5 4 5 5 6 4 4
116125 5 4 3 4 4 5 6 6 4 4
181661 4 4 4 5 3 5 7 5 3 5
31133 6 4 4 5 4 3 4 4 5 6
47517 5 4 4 6 4 3 3 6 5 5
80285 5 3 4 6 6 2 3 6 6 4
145821 5 3 3 7 5 4 3 5 5 5
55709 5 3 5 6 3 3 5 5 5 5
88477 4 4 4 6 5 2 5 5 6 4
154013 4 3 5 6 4 4 5 4 5 5
104861 5 2 4 7 5 2 4 7 6 3
170397 4 3 4 7 4 4 4 6 5 4
301469 4 2 6 6 4 4 5 5 4 5
203165 5 2 3 7 6 3 4 6 6 3
59805 5 4 4 5 3 4 5 5 4 6
92573 4 4 5 4 5 3 5 5 5 5
158109 4 3 5 6 3 5 5 4 4 6
108957 4 4 4 5 5 3 4 7 5 4
174493 3 5 3 7 3 5 4 6 4 5
305565 3 4 5 5 5 4 5 5 3 6
207261 4 3 4 6 5 4 4 6 5 4
338333 3 4 5 4 7 3 5 5 4 5
117149 5 3 4 5 4 3 6 6 5 4
182685 4 3 5 6 2 5 6 5 4 5
313757 4 2 6 6 3 4 7 4 3 6
215453 4 3 5 5 4 4 6 5 5 4
61853 6 4 3 4 4 4 4 5 5 6
94621 5 4 3 5 5 3 4 5 6 5
160157 5 3 3 6 5 4 4 4 5 6
111005 5 3 4 5 5 3 3 7 6 4
176541 4 4 3 6 5 4 3 6 5 5
209309 5 2 3 7 6 3 3 6 6 4
119197 5 4 3 5 4 3 5 6 6 4
184733 4 4 4 5 4 4 5 5 5 5
16029 6 6 5 4 3 3 4 4 5 5
24221 5 6 5 4 4 2 6 3 5 5
40605 5 5 5 4 4 4 4 5 5 4
73373 5 5 4 4 5 3 6 4 6 3
28317 5 5 5 5 3 3 6 3 4 6
44701 4 6 4 5 3 5 4 5 4 5
77469 4 5 5 4 4 4 6 4 5 4
143005 4 5 4 6 2 5 6 5 3 5
52893 5 4 4 5 4 4 6 4 4 5
85661 4 5 4 4 5 3 8 3 5 4
151197 4 4 5 5 3 4 8 4 3 5
102045 5 4 3 4 5 5 6 5 5 3
167581 4 5 3 5 3 6 6 6 3 4
30365 5 5 5 4 4 3 5 3 5 6
46749 4 5 6 3 4 5 3 5 5 5
79517 4 4 6 4 4 4 5 4 6 4
145053 4 4 5 5 4 4 5 5 4 5
54941 4 5 5 3 5 4 5 4 5 5
87709 3 6 4 4 5 3 7 3 6 4
153245 3 5 5 4 5 3 7 4 4 5
104093 4 4 5 3 5 5 5 5 6 3
169629 3 5 5 3 5 5 5 6 4 4
300701 3 4 7 2 5 6 4 5 5 4
59037 5 4 4 4 4 5 5 4 4 6
91805 4 4 5 4 4 4 7 3 5 5
157341 4 3 5 6 3 4 7 4 3 6
108189 4 4 5 3 4 6 5 5 5 4
173725 3 5 4 5 3 6 5 6 3 5
304797 3 4 6 3 5 6 4 5 4 5
206493 4 3 5 5 3 5 7 5 4 4
116381 5 4 3 3 5 5 7 4 5 4
181917 4 4 4 4 4 5 7 5 3 5
214685 4 4 4 4 4 4 9 4 4 4
31389 5 6 4 4 4 2 5 3 6 6
47773 4 6 4 5 3 4 3 5 6 5
80541 4 5 4 5 5 2 5 4 7 4
146077 4 5 3 6 4 4 4 5 5 5
55965 4 5 5 4 4 3 5 4 6 5
88733 3 6 4 4 6 1 7 3 7 4
154269 3 5 5 4 5 3 6 4 5 5
105117 4 4 4 5 5 3 5 5 7 3
170653 3 5 4 5 4 5 4 6 5 4
301725 3 4 6 4 4 5 5 4 6 4
203421 4 4 3 5 6 3 6 5 6 3
60061 4 6 3 5 3 4 5 4 5 6
92829 3 6 4 4 5 2 7 3 6 5
158365 3 5 4 6 3 4 6 4 4 6
109213 3 6 3 5 4 4 5 5 6 4
174749 2 7 2 7 2 6 4 6 4 5
305821 2 6 4 5 4 5 5 4 5 5
207517 3 5 3 6 4 4 6 5 5 4
338589 2 6 4 4 6 3 7 3 6 4
117405 4 5 3 4 5 3 7 4 6 4
182941 3 5 4 5 3 5 6 5 4 5
314013 3 4 5 5 4 4 7 3 5 5
215709 3 5 4 4 5 3 8 4 5 4
346781 2 6 4 4 6 2 9 2 6 4
62109 5 5 4 3 4 4 4 4 6 6
94877 4 5 4 4 5 2 6 3 7 5
160413 4 4 4 5 5 3 5 4 5 6
111261 4 4 5 4 4 4 4 5 7 4
176797 3 5 4 5 4 5 3 6 5 5
307869 3 4 6 3 5 6 3 4 6 5
209565 4 3 4 6 5 3 5 5 6 4
340637 3 4 5 4 6 4 5 3 7 4
119453 4 5 4 3 5 3 6 4 7 4
184989 3 5 5 3 5 4 5 5 5 5
316061 3 4 6 3 5 5 5 3 6 5
217757 3 5 4 4 6 2 7 4 6 4
234141 4 4 4 4 5 4 5 6 6 3
123549 5 5 3 3 4 4 6 4 6 5
31901 6 5 5 4 2 2 5 4 5 7
48285 5 5 5 4 3 3 3 6 5 6
81053 5 4 5 4 4 3 4 5 6 5
146589 5 4 4 5 3 4 5 5 4 6
56477 5 4 5 5 3 2 5 5 5 6
89245 4 5 4 5 4 2 6 4 6 5
154781 4 4 5 5 3 3 7 4 4 6
105629 5 3 4 5 5 3 4 6 6 4
171165 4 4 4 5 4 4 5 6 4 5
302237 4 3 6 4 4 4 5 6 4 5
203933 5 3 3 5 5 4 6 5 5 4
60573 5 4 5 5 2 3 5 5 4 7
93341 4 4 6 4 3 3 6 4 5 6
158877 4 3 6 6 1 4 7 4 3 7
109725 4 4 5 4 4 4 4 6 5 5
175261 3 5 4 6 2 5 5 6 3 6
306333 3 4 6 4 4 4 5 6 3 6
208029 4 3 5 5 3 5 6 5 4 5
117917 5 3 4 5 4 3 6 5 5 5
183453 4 3 5 6 2 4 7 5 3 6
314525 4 2 6 6 3 3 7 5 3 6
216221 4 3 5 5 3 4 8 4 4 5
62621 5 5 5 3 3 3 4 5 5 7
95389 4 5 5 4 3 3 5 4 6 6
160925 4 4 5 5 3 3 6 4 4 7
111773 4 4 6 3 4 4 3 6 6 5
177309 3 5 5 4 4 4 4 6 4 6
308381 3 4 7 2 5 5 3 6 4 6
210077 4 3 5 5 4 4 5 5 5 5
119965 4 5 4 4 4 3 5 5 6 5
185501 3 5 5 4 4 3 6 5 4 6
316573 3 4 6 4 4 4 5 5 4 6
218269 3 5 4 5 4 3 7 4 5 5
234653 4 4 4 4 5 4 5 6 5 4
124061 5 4 5 3 3 4 5 5 5 6
189597 4 4 5 5 2 4 6 5 3 7
222365 4 3 6 5 2 4 7 4 4 6
238749 4 4 5 4 3 5 5 6 4 5
63645 6 5 4 4 2 2 4 5 6 7
96413 5 5 4 4 4 1 5 4 7 6
112797 5 4 4 5 4 2 3 6 7 5
120989 5 4 4 5 4 1 5 5 7 5
125085 5 5 4 4 3 2 5 5 6 6
16157 7 6 4 4 3 3 3 5 5 5
24349 6 6 4 4 3 4 4 4 5 5
40733 6 5 4 4 3 5 4 5 5 4
73501 6 5 3 4 4 4 5 6 5 3
28445 6 5 4 4 4 4 4 4 4 6
44829 5 6 3 4 4 5 4 5 4 5
77597 5 5 4 3 5 4 5 6 4 4
143133 5 5 3 5 3 5 5 6 4 4
53021 6 4 3 4 4 6 5 4 4 5
85789 5 5 3 3 5 5 6 5 4 4
151325 5 4 4 4 3 6 6 5 4 4
102173 6 4 2 3 5 6 6 6 4 3
167709 5 5 2 4 3 7 6 6 4 3
30493 6 5 3 5 4 4 3 4 5 6
46877 5 5 4 4 4 5 3 5 5 5
79645 5 4 4 5 4 4 4 6 5 4
145181 5 4 3 6 4 4 4 6 5 4
55069 5 5 3 4 4 6 4 4 5 5
87837 4 6 2 5 4 5 5 5 5 4
153373 4 5 3 5 4 5 5 5 5 4
104221 5 4 3 4 4 6 5 6 5 3
169757 4 5 3 4 4 6 5 6 5 3
59165 6 4 2 4 5 6 4 4 4 6
91933 5 4 3 4 5 5 5 5 4 5
157469 5 3 3 6 4 5 5 5 4 5
108317 5 4 3 3 5 6 5 6 4 4
173853 4 5 2 5 4 6 5 6 4 4
206621 5 3 3 5 4 5 6 7 4 3
116509 6 4 1 3 5 7 6 5 4 4
182045 5 4 2 4 4 7 6 5 4 4
214813 5 4 2 4 4 6 7 6 4 3
31517 6 5 4 4 4 3 3 4 6 6
47901 5 5 4 5 3 4 3 5 6 5
80669 5 4 4 5 5 2 4 6 6 4
146205 5 4 3 6 4 4 3 6 6 4
56093 5 4 5 4 3 5 4 4 6 5
88861 4 5 4 4 5 3 5 5 6 4
154397 4 4 5 4 4 5 4 5 6 4
105245 5 3 4 5 4 4 5 6 6 3
170781 4 4 4 5 3 6 4 6 6 3
203549 5 3 3 5 5 4 5 7 6 2
60189 5 5 3 4 4 5 4 4 5 6
92957 4 5 4 3 6 3 5 5 5 5
158493 4 4 4 5 4 5 4 5 5 5
109341 4 5 3 4 5 4 5 6 5 4
174877 3 6 2 6 3 6 4 6 5 4
207645 4 4 3 5 5 4 5 7 5 3
117533 5 4 3 3 5 5 6 5 5 4
183069 4 4 4 4 3 7 5 5 5 4
215837 4 4 4 3 5 5 6 6 5 3
62237 6 4 3 4 4 5 3 4 6 6
95005 5 4 3 5 5 3 4 5 6 5
160541 5 3 3 6 5 4 3 5 6 5
111389 5 3 4 5 4 4 4 6 6 4
176925 4 4 3 6 4 5 3 6 6 4
209693 5 2 3 7 5 3 4 7 6 3
119581 5 4 3 4 4 5 5 5 6 4
185117 4 4 4 4 4 6 4 5 6 4
217885 4 4 3 5 5 4 5 6 6 3
234269 5 3 3 5 4 5 5 7 6 2
123677 6 4 2 3 5 5 5 5 5 5
189213 5 4 2 5 4 6 4 5 5 5
32029 6 6 4 4 2 3 3 5 5 7
48413 5 6 4 4 3 3 3 6 5 6
81181 5 5 4 4 4 3 3 7 5 5
146717 5 5 3 5 3 4 4 6 5 5
56605 5 5 4 5 2 4 4 5 5 6
89373 4 6 3 5 3 4 4 6 5 5
154909 4 5 4 5 2 5 5 5 5 5
105757 5 4 3 5 4 4 4 7 5 4
171293 4 5 3 5 3 5 5 6 5 4
204061 5 4 2 5 4 5 5 7 5 3
60701 5 5 4 4 3 4 4 5 4 7
93469 4 5 5 3 4 4 4 6 4 6
159005 4 4 5 5 2 5 5 5 4 6
109853 4 5 4 3 5 4 4 7 4 5
175389 3 6 3 5 3 5 5 6 4 5
208157 4 4 4 4 4 5 5 7 4 4
118045 5 4 3 4 4 5 5 6 4 5
183581 4 4 4 5 2 6 6 5 4 5
216349 4 4 4 4 3 6 6 6 4 4
62749 5 6 3 4 3 4 3 5 5 7
95517 4 6 3 5 3 4 3 6 5 6
161053 4 5 3 6 3 4 4 5 5 6
111901 4 5 4 4 4 4 3 7 5 5
177437 3 6 3 5 4 4 4 6 5 5
210205 4 4 3 6 4 4 4 7 5 4
120093 4 6 2 5 3 5 4 6 5 5
185629 3 6 3 5 3 5 5 5 5 5
218397 3 6 2 6 3 5 5 6 5 4
234781 4 5 2 5 4 5 5 7 5 3
124189 5 5 3 3 4 5 4 6 4 6
189725 4 5 3 5 3 5 5 5 4 6
222493 4 4 4 5 3 5 5 6 4 5
63773 6 5 4 4 2 3 3 5 6 7
96541 5 5 4 4 4 2 3 6 6 6
162077 5 4 4 5 3 4 3 5 6 6
112925 5 4 4 5 4 2 3 7 6 5
178461 4 5 3 6 3 4 3 6 6 5
211229 5 3 3 6 5 3 3 7 6 4
121117 5 4 4 5 3 3 4 6 6 5
186653 4 4 5 5 2 5 4 5 6 5
219421 4 4 4 5 4 4 4 6 6 4
235805 5 3 3 6 4 4 4 7 6 3
125213 5 5 4 3 4 3 4 6 5 6
190749 4 5 4 5 2 5 4 5 5 6
223517 4 4 5 4 4 4 4 6 5 5
127261 6 5 3 4 3 3 3 6 6 6
32285 7 6 4 3 2 2 4 4 6 7
48669 6 6 4 3 2 4 3 5 6 6
81437 6 5 4 3 3 3 5 5 6 5
56861 6 5 4 3 3 4 4 4 6 6
89629 5 6 3 3 4 3 6 4 6 5
106013 6 4 3 3 4 5 5 5 6 4
60957 6 5 3 4 3 4 4 4 5 7
93725 5 5 4 3 4 3 6 4 5 6
110109 5 5 3 3 4 5 5 5 5 5
118301 6 4 2 3 5 5 6 4 5 5
63005 6 5 4 3 3 4 3 4 6 7
95773 5 5 4 4 3 3 5 4 6 6
112157 5 4 5 3 3 5 4 5 6 5
64029 6 6 4 3 2 3 3 4 7 7
96797 5 6 4 3 4 1 5 4 7 6
113181 5 5 4 4 3 3 4 5 7 5
4077 7 7 7 5 5 4 3 3 2 2
6125 6 7 7 5 5 4 4 2 3 2
10221 6 6 7 5 5 4 4 4 1 3
18413 6 6 6 5 5 4 5 3 3 2
34797 6 6 6 4 5 5 4 4 3 2
7149 6 6 7 5 5 5 3 2 4 2
11245 5 7 6 5 5 5 3 4 2 3
19437 5 6 7 4 5 5 4 3 4 2
35821 5 6 6 5 4 6 3 4 4 2
68589 5 6 6 4 6 4 4 4 3 3
13293 6 5 6 5 5 5 4 3 3 3
21485 5 6 6 4 5 5 5 2 5 2
37869 5 5 7 4 4 6 4 3 5 2
70637 5 5 6 5 5 4 5 3 4 3
25581 6 5 5 4 5 5 5 4 3 3
41965 5 6 5 4 4 6 4 5 3 3
74733 5 5 6 4 5 4 5 5 2 4
140269 5 5 5 6 4 5 4 4 3 4
50157 6 5 5 3 4 6 5 4 5 2
82925 5 6 5 3 5 4 6 4 4 3
7661 6 6 6 5 6 4 3 3 3 3
11757 5 6 7 4 6 4 3 5 1 4
19949 5 5 7 5 5 4 4 4 3 3
36333 5 5 6 5 6 4 3 5 3 3
69101 5 5 6 4 7 4 3 5 2 4
13805 5 6 6 4 6 4 4 4 2 4
21997 4 7 5 5 5 4 5 3 4 3
38381 4 6 6 4 6 4 4 4 4 3
71149 4 6 5 5 6 4 4 4 3 4
26093 5 5 6 4 5 4 5 5 2 4
42477 4 6 6 3 6 4 4 6 2 4
75245 4 5 7 3 6 4 4 6 1 5
140781 4 5 6 5 5 4 5 4 2 5
50669 5 5 5 4 5 4 5 5 4 3
83437 4 6 5 4 5 4 5 5 3 4
148973 4 5 6 5 4 4 6 3 4 4
14829 6 5 5 4 6 5 3 4 3 4
23021 5 5 6 4 5 5 4 3 5 3
39405 5 4 6 5 5 5 3 4 5 3
72173 5 4 5 5 7 4 3 4 4 4
27117 5 5 6 3 5 5 4 5 3 4
43501 4 6 5 4 5 5 3 6 3 4
76269 4 5 6 3 7 4 3 6 2 5
141805 4 5 5 5 5 6 3 4 3 5
51693 5 4 6 4 4 5 4 5 5 3
84461 4 5 6 3 6 4 4 5 4 4
149997 4 4 7 4 4 6 4 3 5 4
100845 5 4 5 4 6 4 3 6 4 4
29165 6 5 4 3 5 5 5 4 4 4
45549 5 5 5 3 5 5 4 5 4 4
78317 5 4 5 4 6 4 4 5 3 5
143853 5 4 4 5 6 5 4 3 4 5
53741 5 5 5 3 4 5 5 4 6 3
86509 4 6 4 4 5 4 5 4 5 4
152045 4 5 5 4 5 5 5 2 6 4
102893 5 4 5 4 5 4 4 5 5 4
168429 4 5 5 4 5 5 4 3 6 4
57837 6 5 4 2 4 5 5 6 4 4
90605 5 5 5 2 5 4 5 6 3 5
106989 5 5 5 2 5 4 4 7 3 5
7917 6 6 6 5 5 4 4 2 4 3
12013 5 6 6 6 4 4 4 4 2 4
20205 5 5 6 6 5 3 5 3 4 3
36589 5 5 5 6 5 5 3 4 4 3
69357 5 5 5 5 6 4 5 3 3 4
14061 5 5 7 5 4 4 5 3 3 4
22253 4 6 6 5 5 3 6 2 5 3
38637 4 5 7 4 5 5 4 3 5 3
71405 4 5 6 5 5 4 6 2 4 4
26349 5 4 6 6 4 3 6 4 3 4
42733 4 5 6 5 4 5 4 5 3 4
75501 4 4 7 5 4 4 6 4 2 5
141037 4 4 6 7 3 4 6 4 2 5
50925 5 4 5 5 5 4 5 4 5 3
83693 4 5 5 5 5 3 7 3 4 4
149229 4 4 6 6 4 3 7 3 4 4
100077 5 4 5 4 5 5 5 4 4 4
15085 5 6 5 5 4 5 4 3 4 4
23277 4 6 6 4 5 4 5 2 6 3
39661 4 5 6 5 4 6 3 3 6 3
72429 4 5 5 5 6 4 5 2 5 4
27373 4 6 5 5 4 4 5 4 4 4
43757 3 7 4 6 3 6 3 5 4 4
76525 3 6 5 5 5 4 5 4 3 5
142061 3 6 4 7 3 6 4 4 3 5
51949 4 5 5 5 4 5 4 4 6 3
84717 3 6 5 4 6 3 6 3 5 4
150253 3 5 6 5 4 5 5 3 5 4
101101 4 5 4 5 5 5 4 4 5 4
166637 3 6 4 6 3 7 3 4 5 4
29421 5 5 5 4 4 4 6 3 5 4
45805 4 5 6 4 3 6 4 4 5 4
78573 4 4 6 5 4 4 6 3 4 5
144109 4 4 5 6 4 5 5 3 4 5
53997 4 5 6 3 4 5 5 3 7 3
86765 3 6 5 4 5 3 7 2 6 4
152301 3 5 6 4 5 4 6 2 6 4
103149 4 4 6 4 4 5 5 3 6 4
168685 3 5 6 4 4 6 4 3 6 4
299757 3 4 8 3 4 7 3 3 7 3
58093 5 5 4 4 3 5 5 5 5 4
90861 4 5 5 4 4 3 7 4 4 5
156397 4 4 5 6 3 4 6 4 4 5
107245 4 5 5 4 3 5 5 5 4 5
172781 3 6 4 6 2 6 4 5 4 5
15597 6 5 5 4 5 4 4 4 3 5
23789 5 5 5 5 5 3 5 3 5 4
40173 5 4 5 5 6 4 3 4 5 4
72941 5 4 4 5 7 4 4 3 4 5
27885 5 4 6 5 4 3 5 5 3 5
44269 4 5 5 5 5 4 3 6 3 5
77037 4 4 6 4 6 4 4 5 2 6
142573 4 4 5 6 4 5 5 4 2 6
52461 5 3 5 6 5 3 4 5 5 4
85229 4 4 5 5 6 3 5 4 4 5
150765 4 3 6 6 4 4 6 3 4 5
101613 5 3 4 5 7 4 3 5 4 5
167149 4 4 4 6 5 5 4 4 4 5
29933 5 5 5 4 4 3 6 4 4 5
46317 4 5 6 3 5 4 4 5 4 5
79085 4 4 6 4 5 4 5 4 3 6
144621 4 4 5 5 5 4 6 3 3 6
54509 4 5 5 4 5 3 5 4 6 4
87277 3 6 4 5 5 3 6 3 5 5
152813 3 5 5 5 5 3 7 2 5 5
103661 4 4 5 4 6 4 4 4 5 5
169197 3 5 5 4 6 4 5 3 5 5
300269 3 4 7 3 6 5 3 5 5 4
58605 5 4 5 4 4 3 5 6 4 5
91373 4 4 6 4 4 3 6 5 3 6
156909 4 3 6 6 3 3 7 4 3 6
107757 4 4 6 3 5 4 4 6 3 6
173293 3 5 5 5 4 4 5 5 3 6
304365 3 4 7 3 6 4 3 7 3 5
206061 4 3 6 5 4 4 6 4 2 7
115949 5 4 4 4 5 3 5 5 5 5
30957 6 5 4 3 4 4 5 4 5 5
47341 5 5 4 4 4 5 3 5 5 5
80109 5 4 4 4 6 4 4 4 4 6
145645 5 4 3 5 5 6 4 3 4 6
55533 5 4 5 4 4 4 4 4 7 4
88301 4 5 4 4 6 3 5 3 6 5
153837 4 4 5 4 5 5 5 2 6 5
104685 5 3 4 5 6 4 3 4 6 5
170221 4 4 4 5 5 6 3 3 6 5
202989 5 3 3 5 7 5 4 2 5 6
59629 5 5 4 4 3 4 4 6 5 5
92397 4 5 5 3 5 3 5 5 4 6
157933 4 4 5 5 3 5 5 4 4 6
108781 4 5 4 4 5 4 3 6 4 6
174317 3 6 3 6 3 6 3 5 4 6
207085 4 4 4 5 5 5 4 4 3 7
116973 5 4 4 4 5 3 4 5 6 5
182509 4 4 5 5 3 5 4 4 6 5
215277 4 4 5 4 5 4 5 3 5 6
61677 6 5 4 2 3 4 5 5 6 5
94445 5 5 4 3 4 3 6 4 5 6
110829 5 4 5 3 4 4 4 5 5 6
119021 5 5 4 3 4 3 5 4 7 5
8045 6 6 7 4 4 5 3 3 4 3
12141 5 6 7 4 5 4 3 5 2 4
20333 5 5 7 4 5 5 3 4 4 3
36717 5 5 6 4 5 6 3 4 4 3
69485 5 5 6 3 6 5 4 5 2 4
14189 5 5 7 5 4 4 4 4 3 4
22381 4 6 6 5 4 5 4 3 5 3
38765 4 5 7 4 4 6 4 3 5 3
71533 4 5 6 5 4 5 5 4 3 4
26477 5 4 6 5 5 4 4 5 3 4
42861 4 5 6 4 5 5 4 5 3 4
75629 4 4 7 4 5 4 5 6 1 5
141165 4 4 6 6 4 4 5 5 3 4
51053 5 4 5 4 5 6 4 4 5 3
83821 4 5 5 4 5 5 5 5 3 4
149357 4 4 6 5 4 5 5 4 5 3
100205 5 4 5 3 5 6 5 5 3 4
15213 5 5 7 4 4 5 3 4 4 4
23405 4 5 8 3 4 6 3 3 6 3
39789 4 4 8 4 3 7 3 3 6 3
72557 4 4 7 4 5 5 4 4 4 4
27501 4 5 7 3 5 5 3 5 4 4
43885 3 6 6 4 4 6 3 5 4 4
76653 3 5 7 3 6 4 4 6 2 5
142189 3 5 6 5 4 6 3 5 4 4
52077 4 4 7 3 4 7 3 4 6 3
84845 3 5 7 2 6 5 4 5 4 4
150381 3 4 8 3 4 7 3 4 6 3
101229 4 4 6 3 5 6 4 5 4 4
166765 3 5 6 4 3 8 3 4 6 3
29549 5 4 6 4 4 5 4 4 5 4
45933 4 4 7 4 3 6 4 4 5 4
78701 4 3 7 5 4 4 5 5 3 5
144237 4 3 6 6 4 5 4 4 5 4
54125 4 4 7 3 3 7 4 3 7 3
86893 3 5 6 4 4 5 5 4 5 4
152429 3 4 7 4 4 6 4 3 7 3
103277 4 3 7 4 3 6 5 4 5 4
168813 3 4 7 4 3 7 4 3 7 3
299885 3 3 9 3 3 8 3 3 7 3
58221 5 4 5 3 4 6 4 5 5 4
90989 4 4 6 3 5 4 5 6 3 5
156525 4 3 6 5 4 5 4 5 5 4
107373 4 4 6 3 4 5 5 6 3 5
172909 3 5 5 5 3 6 4 5 5 4
205677 4 3 6 5 4 4 5 6 3 5
15725 5 6 6 3 5 4 3 5 3 5
23917 4 6 6 4 4 5 3 4 5 4
40301 4 5 6 4 5 5 3 4 5 4
73069 4 5 5 4 6 5 3 5 3 5
28013 4 5 7 3 5 4 3 6 3 5
44397 3 6 6 3 6 4 3 6 3 5
77165 3 5 7 2 7 4 3 7 1 6
142701 3 5 6 4 5 5 4 5 3 5
52589 4 4 6 4 5 5 3 5 5 4
85357 3 5 6 3 6 5 3 6 3 5
150893 3 4 7 4 4 6 4 4 5 4
101741 4 4 5 3 7 5 3 6 3 5
167277 3 5 5 4 5 6 4 4 5 4
30061 4 6 5 4 4 4 4 5 4 5
46445 3 6 6 3 5 4 4 5 4 5
79213 3 5 6 4 5 4 4 6 2 6
144749 3 5 5 5 5 4 5 4 4 5
54637 3 6 5 4 4 5 4 4 6 4
87405 2 7 4 5 4 5 4 5 4 5
152941 2 6 5 5 4 5 5 3 6 4
103789 3 5 5 4 5 5 4 5 4 5
169325 2 6 5 4 5 5 5 3 6 4
300397 2 5 7 3 5 6 3 5 5 4
58733 4 5 5 3 5 4 4 6 4 5
91501 3 5 6 3 5 4 4 7 2 6
157037 3 4 6 5 4 4 5 5 4 5
107885 3 5 6 2 6 4 4 7 2 6
173421 2 6 5 4 5 4 5 5 4 5
304493 2 5 7 2 7 4 3 7 3 5
206189 3 4 6 4 5 4 5 6 2 6
116077 4 5 4 3 5 5 4 6 4 5
31085 5 5 6 2 4 5 3 5 5 5
47469 4 5 6 3 4 5 3 5 5 5
80237 4 4 6 3 6 4 3 6 3 6
145773 4 4 5 4 5 6 3 4 5 5
55661 4 4 7 3 3 6 3 4 7 4
88429 3 5 6 3 5 5 3 5 5 5
153965 3 4 7 3 4 7 3 3 7 4
104813 4 3 6 4 5 5 3 5 5 5
170349 3 4 6 4 4 7 3 3 7 4
301421 3 3 8 3 4 7 3 4 6 4
203117 4 3 5 4 6 6 3 4 5 5
59757 4 5 6 2 4 5 3 6 5 5
92525 3 5 7 1 6 4 3 7 3 6
158061 3 4 7 3 4 6 3 5 5 5
108909 3 5 6 2 6 4 3 7 3 6
174445 2 6 5 4 4 6 3 5 5 5
305517 2 5 7 2 6 5 3 6 4 5
207213 3 4 6 3 6 5 3 6 3 6
338285 2 5 7 1 8 4 3 7 2 6
117101 4 4 6 2 5 5 3 6 5 5
182637 3 4 7 3 3 7 3 4 7 4
215405 3 4 7 2 5 6 3 5 5 5
61805 5 5 5 2 3 5 4 5 6 5
94573 4 5 5 3 4 4 4 6 4 6
160109 4 4 5 4 4 5 4 4 6 5
110957 4 4 6 3 4 4 4 6 4 6
176493 3 5 5 4 4 5 4 4 6 5
119149 4 5 5 3 3 5 4 5 6 5
184685 3 5 6 3 3 6 4 3 8 4
15981 6 5 6 4 3 4 4 4 4 5
24173 5 5 6 4 4 4 4 3 6 4
40557 5 4 6 4 4 6 3 3 6 4
73325 5 4 5 4 5 5 5 3 4 5
28269 5 4 6 5 4 3 4 5 4 5
44653 4 5 5 5 4 5 3 5 4 5
77421 4 4 6 4 5 4 5 5 2 6
142957 4 4 5 6 3 5 5 5 3 5
52845 5 3 5 5 5 5 3 4 6 4
85613 4 4 5 4 6 4 5 4 4 5
151149 4 3 6 5 4 5 5 4 5 4
101997 5 3 4 4 6 6 4 4 4 5
167533 4 4 4 5 4 7 4 4 5 4
30317 5 4 6 5 3 3 5 4 5 5
46701 4 4 7 4 3 5 4 4 5 5
79469 4 3 7 5 3 4 6 4 3 6
145005 4 3 6 6 3 4 6 4 4 5
54893 4 4 6 4 4 5 4 3 7 4
87661 3 5 5 5 4 4 6 3 5 5
153197 3 4 6 5 4 4 6 3 6 4
104045 4 3 6 4 4 6 5 3 5 5
169581 3 4 6 4 4 6 5 3 6 4
300653 3 3 8 3 4 7 3 4 7 3
58989 5 3 5 5 4 4 4 5 5 5
91757 4 3 6 5 4 3 6 5 3 6
157293 4 2 6 7 3 3 6 5 4 5
108141 4 3 6 4 4 5 5 5 3 6
173677 3 4 5 6 3 5 5 5 4 5
304749 3 3 7 4 5 5 3 6 5 4
206445 4 2 6 6 3 4 7 5 2 6
116333 5 3 4 4 5 5 5 4 5 5
181869 4 3 5 5 4 5 5 4 6 4
31341 5 5 6 3 3 4 4 4 6 5
47725 4 5 6 4 2 6 3 4 6 5
80493 4 4 6 4 4 4 5 4 4 6
146029 4 4 5 5 3 6 4 4 5 5
55917 4 4 7 3 3 6 3 3 8 4
88685 3 5 6 3 5 4 5 3 6 5
154221 3 4 7 3 4 6 4 3 7 4
105069 4 3 6 4 4 6 4 3 6 5
170605 3 4 6 4 3 8 3 3 7 4
301677 3 3 8 3 3 8 3 3 8 3
203373 4 3 5 4 5 6 5 3 5 5
60013 4 5 5 4 3 5 3 5 6 5
92781 3 5 6 3 5 3 5 5 4 6
158317 3 4 6 5 3 5 4 5 5 5
109165 3 5 5 4 4 5 4 5 4 6
174701 2 6 4 6 2 7 3 5 5 5
305773 2 5 6 4 4 6 3 5 6 4
207469 3 4 5 5 4 5 5 5 3 6
338541 2 5 6 3 6 4 5 5 4 5
117357 4 4 5 3 5 5 4 4 6 5
182893 3 4 6 4 3 7 3 4 7 4
313965 3 3 7 4 4 6 3 4 8 3
215661 3 4 6 3 5 5 5 4 5 5
62061 5 4 6 3 2 5 4 4 7 5
94829 4 4 6 4 3 3 6 4 5 6
160365 4 3 6 5 3 4 5 4 6 5
111213 4 3 7 4 2 5 5 4 5 6
176749 3 4 6 5 2 6 4 4 6 5
307821 3 3 8 3 3 7 3 4 7 4
209517 4 2 6 6 3 4 6 4 4 6
119405 4 4 6 3 3 5 5 3 7 5
184941 3 4 7 3 3 6 4 3 8 4
316013 3 3 8 3 3 7 3 3 9 3
217709 3 4 6 4 4 4 6 3 6 5
234093 4 3 6 4 3 6 5 3 6 5
123501 5 4 5 3 3 4 5 5 5 6
31853 6 5 5 3 3 3 4 5 5 6
48237 5 5 5 3 4 4 3 5 5 6
81005 5 4 5 3 5 4 4 5 3 7
146541 5 4 4 4 4 5 5 4 4 6
56429 5 4 5 4 4 4 3 4 7 5
89197 4 5 4 4 5 4 4 4 5 6
154733 4 4 5 4 4 5 5 3 6 5
105581 5 3 4 4 6 5 3 4 5 6
171117 4 4 4 4 5 6 4 3 6 5
203885 5 3 3 4 6 6 5 3 4 6
60525 5 4 5 4 4 3 3 6 5 6
93293 4 4 6 3 5 3 4 6 3 7
158829 4 3 6 5 3 4 5 5 4 6
109677 4 4 5 3 6 4 3 6 3 7
175213 3 5 4 5 4 5 4 5 4 6
207981 4 3 5 4 5 5 5 5 2 7
117869 5 3 4 4 6 4 3 5 5 6
183405 4 3 5 5 4 5 4 4 6 5
216173 4 3 5 4 5 5 5 4 4 6
62573 5 5 5 3 3 3 4 5 6 6
95341 4 5 5 4 3 3 5 5 4 7
160877 4 4 5 5 3 3 6 4 5 6
111725 4 4 6 3 4 4 4 5 4 7
177261 3 5 5 4 4 4 5 4 5 6
210029 4 3 5 5 4 4 6 4 3 7
119917 4 5 4 4 4 4 4 4 6 6
185453 3 5 5 4 4 4 5 3 7 5
218221 3 5 4 5 4 4 6 3 5 6
124013 5 4 5 3 4 3 4 6 4 7
189549 4 4 5 5 3 3 5 5 5 6
222317 4 3 6 5 3 3 6 5 3 7
63597 6 5 5 2 2 4 3 5 7 6
96365 5 5 5 2 4 3 4 5 5 7
8109 6 7 6 4 5 3 4 3 4 3
12205 5 7 6 4 5 4 3 5 2 4
20397 5 6 6 4 5 4 5 3 4 3
36781 5 6 5 4 5 5 4 5 3 3
69549 5 6 5 3 6 4 5 5 3 3
14253 5 6 6 4 6 3 4 4 3 4
22445 4 7 5 4 6 3 6 2 5 3
38829 4 6 6 3 6 4 5 4 4 3
71597 4 6 5 4 6 3 6 4 4 3
26541 5 5 5 4 6 4 5 4 3 4
42925 4 6 5 3 6 5 4 6 2 4
75693 4 5 6 3 6 4 5 6 2 4
141229 4 5 5 5 5 4 5 5 3 4
51117 5 5 4 3 6 5 6 4 4 3
83885 4 6 4 3 6 4 7 4 4 3
149421 4 5 5 4 5 4 7 3 5 3
100269 5 5 4 2 6 5 6 6 3 3
15277 5 6 5 5 5 4 3 4 4 4
23469 4 6 6 4 5 4 5 2 6 3
39853 4 5 6 5 4 5 4 4 5 3
72621 4 5 5 5 6 3 5 4 5 3
27565 4 6 5 4 5 5 4 4 4 4
43949 3 7 4 5 4 6 3 6 3 4
76717 3 6 5 4 6 4 4 6 3 4
142253 3 6 4 6 4 6 3 5 4 4
52141 4 5 5 4 4 6 5 4 5 3
84909 3 6 5 3 6 4 6 4 5 3
150445 3 5 6 4 4 6 5 3 6 3
101293 4 5 4 4 5 5 5 6 4 3
166829 3 6 4 5 3 7 4 5 5 3
29613 5 5 4 4 6 4 5 3 5 4
45997 4 5 5 4 5 5 4 5 4 4
78765 4 4 5 5 6 3 5 5 4 4
144301 4 4 4 6 6 4 4 4 5 4
54189 4 5 5 3 5 5 6 3 6 3
86957 3 6 4 4 6 3 7 3 6 3
152493 3 5 5 4 6 4 6 2 7 3
103341 4 4 5 4 5 4 6 5 5 3
168877 3 5 5 4 5 5 5 4 6 3
299949 3 4 7 3 5 6 4 4 5 4
58285 5 5 3 3 5 6 5 5 4 4
91053 4 5 4 3 6 4 6 5 4 4
156589 4 4 4 5 5 5 5 4 5 4
107437 4 5 4 3 5 5 5 7 3 4
172973 3 6 3 5 4 6 4 6 4 4
205741 4 4 4 5 5 4 5 6 4 4
115629 5 5 3 2 5 5 7 5 5 3
15789 5 6 6 3 6 3 3 5 3 5
23981 4 6 6 4 5 3 5 3 5 4
40365 4 5 6 4 6 3 4 5 4 4
73133 4 5 5 4 7 3 4 5 4 4
28077 4 5 7 3 5 4 4 5 3 5
44461 3 6 6 3 6 4 3 7 2 5
77229 3 5 7 2 7 4 3 7 2 5
142765 3 5 6 4 5 5 4 5 3 5
52653 4 4 6 4 5 4 5 5 4 4
85421 3 5 6 3 6 4 5 5 4 4
150957 3 4 7 4 4 5 6 3 5 4
101805 4 4 5 3 7 4 4 7 3 4
167341 3 5 5 4 5 5 5 5 4 4
30125 4 6 5 3 6 3 5 4 4 5
46509 3 6 6 2 7 3 4 6 3 5
79277 3 5 6 3 7 3 4 6 3 5
144813 3 5 5 4 7 3 5 4 4 5
54701 3 6 5 3 6 3 6 4 5 4
87469 2 7 4 4 6 3 6 4 5 4
153005 2 6 5 4 6 3 7 2 6 4
103853 3 5 5 3 7 3 5 6 4 4
169389 2 6 5 3 7 3 6 4 5 4
300461 2 5 7 2 7 4 4 6 3 5
58797 4 5 5 2 6 4 5 6 3 5
91565 3 5 6 2 6 4 5 6 3 5
157101 3 4 6 4 5 4 6 4 4 5
107949 3 5 6 1 7 4 4 8 2 5
173485 2 6 5 3 6 4 5 6 3 5
304557 2 5 7 1 8 4 3 8 1 6
206253 3 4 6 3 6 4 5 6 3 5
116141 4 5 4 2 6 4 6 6 4 4
181677 3 5 5 3 5 4 7 4 5 4
31149 5 5 5 3 5 4 4 4 5 5
47533 4 5 5 4 5 4 3 6 4 5
80301 4 4 5 4 7 3 3 6 4 5
145837 4 4 4 5 6 5 3 4 5 5
55725 4 4 6 4 4 4 5 4 6 4
88493 3 5 5 4 6 3 5 4 6 4
154029 3 4 6 4 5 5 5 2 7 4
104877 4 3 5 5 6 3 4 6 5 4
170413 3 4 5 5 5 5 4 4 6 4
301485 3 3 7 4 5 5 4 5 4 5
203181 4 3 4 5 7 4 4 4 6 4
59821 4 5 5 3 4 5 4 6 4 5
92589 3 5 6 2 6 4 4 6 4 5
158125 3 4 6 4 4 6 4 4 5 5
108973 3 5 5 3 6 4 3 8 3 5
174509 2 6 4 5 4 6 3 6 4 5
305581 2 5 6 3 6 5 3 7 2 6
207277 3 4 5 4 6 5 3 6 4 5
338349 2 5 6 2 8 4 3 7 2 6
117165 4 4 5 3 5 4 5 6 5 4
182701 3 4 6 4 3 6 5 4 6 4
313773 3 3 7 4 4 5 5 5 4 5
215469 3 4 6 3 5 5 5 4 6 4
61869 5 5 4 2 5 4 5 5 5 5
94637 4 5 4 3 6 3 5 5 5 5
160173 4 4 4 4 6 4 5 3 6 5
111021 4 4 5 3 6 3 4 7 4 5
176557 3 5 4 4 6 4 4 5 5 5
209325 4 3 4 5 7 3 4 5 5 5
119213 4 5 4 3 5 3 6 5 6 4
184749 3 5 5 3 5 4 6 3 7 4
217517 3 5 4 4 6 3 6 3 7 4
16045 5 7 5 4 4 3 4 4 4 5
24237 4 7 5 4 5 2 6 2 6 4
40621 4 6 5 4 5 4 4 4 5 4
73389 4 6 4 4 6 3 6 3 5 4
28333 4 6 5 5 4 3 5 4 4 5
44717 3 7 4 5 4 5 3 6 3 5
77485 3 6 5 4 5 4 5 5 3 5
143021 3 6 4 6 3 5 5 5 3 5
52909 4 5 4 5 5 4 5 4 5 4
85677 3 6 4 4 6 3 7 3 5 4
151213 3 5 5 5 4 4 7 3 5 4
102061 4 5 3 4 6 5 5 5 4 4
167597 3 6 3 5 4 6 5 5 4 4
30381 4 6 5 4 5 2 6 3 5 5
46765 3 6 6 3 5 4 4 5 4 5
79533 3 5 6 4 5 3 6 4 4 5
145069 3 5 5 5 5 3 6 4 4 5
54957 3 6 5 3 6 3 6 3 6 4
87725 2 7 4 4 6 2 8 2 6 4
153261 2 6 5 4 6 2 8 2 6 4
104109 3 5 5 3 6 4 6 4 5 4
169645 2 6 5 3 6 4 6 4 5 4
300717 2 5 7 2 6 5 4 5 5 4
59053 4 5 4 4 5 4 5 5 4 5
91821 3 5 5 4 5 3 7 4 4 5
157357 3 4 5 6 4 3 7 4 4 5
108205 3 5 5 3 5 5 5 6 3 5
173741 2 6 4 5 4 5 5 6 3 5
304813 2 5 6 3 6 5 3 7 3 5
206509 3 4 5 5 4 4 7 5 3 5
116397 4 5 3 3 6 4 7 4 5 4
181933 3 5 4 4 5 4 7 4 5 4
214701 3 5 4 4 5 3 9 3 5 4
31405 4 7 4 4 4 3 5 3 6 5
47789 3 7 4 5 3 5 3 5 5 5
80557 3 6 4 5 5 3 5 4 5 5
146093 3 6 3 6 4 5 4 4 5 5
55981 3 6 5 4 4 4 5 3 7 4
88749 2 7 4 4 6 2 7 2 7 4
154285 2 6 5 4 5 4 6 2 7 4
105133 3 5 4 5 5 4 5 4 6 4
170669 2 6 4 5 4 6 4 4 6 4
301741 2 5 6 4 4 6 4 4 6 4
203437 3 5 3 5 6 4 6 3 6 4
60077 3 7 3 5 3 5 4 5 5 5
92845 2 7 4 4 5 3 6 4 5 5
158381 2 6 4 6 3 5 5 4 5 5
109229 2 7 3 5 4 5 4 6 4 5
174765 1 8 2 7 2 7 3 6 4 5
305837 1 7 4 5 4 6 3 6 4 5
207533 2 6 3 6 4 5 5 5 4 5
338605 1 7 4 4 6 4 5 5 4 5
117421 3 6 3 4 5 4 6 4 6 4
182957 2 6 4 5 3 6 5 4 6 4
314029 2 5 5 5 4 5 5 4 6 4
215725 2 6 4 4 5 4 7 3 6 4
346797 1 7 4 4 6 3 7 3 6 4
62125 4 6 4 3 4 4 5 4 6 5
94893 3 6 4 4 5 2 7 3 6 5
160429 3 5 4 5 5 3 6 3 6 5
111277 3 5 5 4 4 4 5 5 5 5
176813 2 6 4 5 4 5 4 5 5 5
307885 2 5 6 3 5 6 3 5 5 5
209581 3 4 4 6 5 3 6 4 5 5
340653 2 5 5 4 6 4 5 4 5 5
119469 3 6 4 3 5 3 7 3 7 4
185005 2 6 5 3 5 4 6 3 7 4
316077 2 5 6 3 5 5 5 3 7 4
217773 2 6 4 4 6 2 8 2 7 4
348845 1 7 4 4 6 3 7 2 7 4
234157 3 5 4 4 5 4 6 4 6 4
123565 4 6 3 3 4 4 6 5 5 5
31917 5 6 5 3 4 2 5 4 5 6
48301 4 6 5 3 5 3 3 6 4 6
81069 4 5 5 3 6 3 4 5 4 6
146605 4 5 4 4 5 4 5 4 4 6
56493 4 5 5 4 5 2 5 4 6 5
89261 3 6 4 4 6 2 6 3 6 5
154797 3 5 5 4 5 3 7 2 6 5
105645 4 4 4 4 7 3 4 5 5 5
171181 3 5 4 4 6 4 5 4 5 5
302253 3 4 6 3 6 4 4 6 4 5
203949 4 4 3 4 7 4 6 3 5 5
60589 4 5 5 4 4 3 4 6 4 6
93357 3 5 6 3 5 3 5 5 4 6
158893 3 4 6 5 3 4 6 4 4 6
109741 3 5 5 3 6 4 3 7 3 6
175277 2 6 4 5 4 5 4 6 3 6
306349 2 5 6 3 6 4 3 8 2 6
208045 3 4 5 4 5 5 5 5 3 6
339117 2 5 6 2 7 4 4 7 2 6
117933 4 4 4 4 6 3 5 5 5 5
183469 3 4 5 5 4 4 6 4 5 5
314541 3 3 6 5 5 3 5 6 4 5
216237 3 4 5 4 5 4 7 3 5 5
347309 2 5 5 4 6 3 6 5 4 5
62637 4 6 5 2 5 2 5 5 5 6
95405 3 6 5 3 5 2 6 4 5 6
160941 3 5 5 4 5 2 7 3 5 6
111789 3 5 6 2 6 3 4 6 4 6
177325 2 6 5 3 6 3 5 5 4 6
308397 2 5 7 1 7 4 3 7 3 6
210093 3 4 5 4 6 3 6 4 4 6
341165 2 5 6 2 7 4 4 6 3 6
119981 3 6 4 3 6 2 6 4 6 5
185517 2 6 5 3 6 2 7 3 6 5
316589 2 5 6 3 6 3 5 5 5 5
218285 2 6 4 4 6 2 8 2 6 5
349357 1 7 4 4 6 3 6 4 5 5
234669 3 5 4 3 7 3 6 4 5 5
124077 4 5 5 2 5 3 5 6 4 6
189613 3 5 5 4 4 3 6 5 4 6
222381 3 4 6 4 4 3 7 4 4 6
238765 3 5 5 3 5 4 5 6 3 6
63661 5 6 4 3 3 3 4 5 6 6
96429 4 6 4 3 5 2 5 4 6 6
161965 4 5 4 4 4 4 5 3 6 6
112813 4 5 4 4 5 3 3 6 5 6
121005 4 5 4 4 5 2 5 4 7 5
125101 4 6 4 3 4 3 4 6 5 6
16173 6 6 6 3 4 3 3 5 4 5
24365 5 6 6 3 4 4 4 3 6 4
40749 5 5 6 3 4 5 4 4 5 4
73517 5 5 5 3 5 4 5 5 4 4
28461 5 5 6 3 5 4 3 5 4 5
44845 4 6 5 3 5 5 3 6 3 5
77613 4 5 6 2 6 4 4 7 2 5
143149 4 5 5 4 4 5 4 6 4 4
53037 5 4 5 3 5 6 4 4 5 4
85805 4 5 5 2 6 5 5 5 4 4
151341 4 4 6 3 4 6 5 4 6 3
102189 5 4 4 2 6 6 5 6 3 4
167725 4 5 4 3 4 7 5 5 5 3
30509 5 5 5 4 5 3 4 4 5 5
46893 4 5 6 3 5 4 4 5 4 5
79661 4 4 6 4 5 3 5 6 3 5
145197 4 4 5 5 5 3 5 5 5 4
55085 4 5 5 3 5 5 5 3 6 4
87853 3 6 4 4 5 4 6 4 5 4
153389 3 5 5 4 5 4 6 3 7 3
104237 4 4 5 3 5 5 6 5 4 4
169773 3 5 5 3 5 5 6 4 6 3
300845 3 4 7 2 5 6 4 5 5 4
59181 5 4 4 3 6 5 4 5 4 5
91949 4 4 5 3 6 4 5 6 3 5
157485 4 3 5 5 5 4 5 5 5 4
108333 4 4 5 2 6 5 5 7 2 5
173869 3 5 4 4 5 5 5 6 4 4
304941 3 4 6 2 7 5 3 7 3 5
206637 4 3 5 4 5 4 6 7 3 4
116525 5 4 3 2 6 6 6 5 4 4
182061 4 4 4 3 5 6 6 4 6 3
214829 4 4 4 3 5 5 7 5 5 3
31533 5 5 6 3 4 4 3 4 6 5
47917 4 5 6 4 3 5 3 5 5 5
80685 4 4 6 4 5 3 4 6 4 5
146221 4 4 5 5 4 5 3 5 6 4
56109 4 4 7 3 3 6 4 3 7 4
88877 3 5 6 3 5 4 5 4 6 4
154413 3 4 7 3 4 6 4 3 8 3
105261 4 3 6 4 4 5 5 5 5 4
170797 3 4 6 4 3 7 4 4 7 3
301869 3 3 8 3 3 7 4 4 6 4
203565 4 3 5 4 5 5 5 5 6 3
60205 4 5 5 3 4 6 3 5 5 5
92973 3 5 6 2 6 4 4 6 4 5
158509 3 4 6 4 4 6 3 5 6 4
109357 3 5 5 3 5 5 4 7 3 5
174893 2 6 4 5 3 7 3 6 5 4
305965 2 5 6 3 5 6 3 6 4 5
207661 3 4 5 4 5 5 4 7 4 4
338733 2 5 6 2 7 4 4 7 3 5
117549 4 4 5 2 5 6 5 5 5 4
183085 3 4 6 3 3 8 4 4 7 3
314157 3 3 7 3 4 7 4 4 6 4
215853 3 4 6 2 5 6 5 5 6 3
346925 2 5 6 2 6 5 5 5 5 4
62253 5 4 5 3 4 5 4 4 6 5
95021 4 4 5 4 5 3 5 5 5 5
160557 4 3 5 5 5 4 4 4 7 4
111405 4 3 6 4 4 4 5 6 4 5
176941 3 4 5 5 4 5 4 5 6 4
308013 3 3 7 3 5 6 3 5 5 5
209709 4 2 5 6 5 3 5 6 5 4
340781 3 3 6 4 6 4 4 6 4 5
119597 4 4 5 3 4 5 6 4 6 4
185133 3 4 6 3 4 6 5 3 8 3
316205 3 3 7 3 4 7 4 3 7 4
217901 3 4 5 4 5 4 6 4 7 3
348973 2 5 5 4 5 5 5 4 6 4
234285 4 3 5 4 4 5 6 5 6 3
123693 5 4 4 2 5 5 5 6 4 5
189229 4 4 4 4 4 6 4 5 6 4
32045 5 6 6 2 4 3 3 5 5 6
48429 4 6 6 2 5 3 3 6 4 6
81197 4 5 6 2 6 3 3 7 3 6
146733 4 5 5 3 5 4 4 5 5 5
56621 4 5 6 3 4 4 4 4 6 5
89389 3 6 5 3 5 4 4 5 5 5
154925 3 5 6 3 4 5 5 3 7 4
105773 4 4 5 3 6 4 4 6 4 5
171309 3 5 5 3 5 5 5 4 6 4
302381 3 4 7 2 5 5 4 6 4 5
204077 4 4 4 3 6 5 5 5 5 4
60717 4 5 6 2 5 4 3 6 4 6
93485 3 5 7 1 6 4 3 7 3 6
159021 3 4 7 3 4 5 4 5 5 5
109869 3 5 6 1 7 4 3 8 2 6
175405 2 6 5 3 5 5 4 6 4 5
306477 2 5 7 1 7 4 3 8 2 6
208173 3 4 6 2 6 5 4 7 3 5
339245 2 5 7 0 8 4 3 9 1 6
118061 4 4 5 2 6 5 4 6 4 5
183597 3 4 6 3 4 6 5 4 6 4
314669 3 3 7 3 5 5 4 6 4 5
216365 3 4 6 2 5 6 5 5 5 4
347437 2 5 6 2 6 5 4 7 3 5
62765 4 6 5 2 5 3 4 5 5 6
95533 3 6 5 3 5 3 4 6 4 6
161069 3 5 5 4 5 3 5 4 6 5
111917 3 5 6 2 6 3 4 7 3 6
177453 2 6 5 3 6 3 5 5 5 5
308525 2 5 7 1 7 4 3 7 3 6
210221 3 4 5 4 6 3 5 6 4 5
341293 2 5 6 2 7 4 3 8 2 6
120109 3 6 4 3 5 4 5 5 5 5
185645 2 6 5 3 5 4 6 3 7 4
316717 2 5 6 3 5 5 4 5 5 5
218413 2 6 4 4 5 4 6 4 6 4
349485 1 7 4 4 5 5 4 6 4 5
234797 3 5 4 3 6 4 6 5 5 4
124205 4 5 5 1 6 4 4 7 3 6
189741 3 5 5 3 5 4 5 5 5 5
320813 3 4 6 2 7 4 3 7 3 6
222509 3 4 6 3 5 4 5 6 4 5
238893 3 5 5 2 6 4 5 7 3 5
63789 5 5 6 2 3 4 3 5 6 6
96557 4 5 6 2 5 3 3 6 5 6
162093 4 4 6 3 4 5 3 4 7 5
112941 4 4 6 3 5 3 3 7 4 6
178477 3 5 5 4 4 5 3 5 6 5
211245 4 3 5 4 6 4 3 6 5 5
121133 4 4 6 3 4 4 4 5 6 5
186669 3 4 7 3 3 6 4 3 8 4
219437 3 4 6 3 5 5 4 4 7 4
235821 4 3 5 4 5 5 4 5 6 4
125229 4 5 6 1 5 4 3 7 4 6
190765 3 5 6 3 3 6 3 5 6 5
223533 3 4 7 2 5 5 3 6 5 5
239917 3 5 5 3 5 5 3 7 4 5
248109 4 4 6 2 4 6 4 5 6 4
127277 5 5 5 2 4 3 4 6 5 6
32301 6 6 5 3 3 2 4 4 6 6
48685 5 6 5 3 3 4 3 5 5 6
81453 5 5 5 3 4 3 5 5 4 6
146989 5 5 4 4 3 4 5 5 5 5
56877 5 5 5 3 4 4 4 3 7 5
89645 4 6 4 3 5 3 6 3 6 5
155181 4 5 5 3 4 4 6 3 7 4
106029 5 4 4 3 5 5 5 4 5 5
171565 4 5 4 3 4 6 5 4 6 4
60973 5 5 4 4 4 4 3 5 5 6
93741 4 5 5 3 5 3 5 5 4 6
159277 4 4 5 5 3 4 5 5 5 5
110125 4 5 4 3 5 5 4 6 3 6
175661 3 6 3 5 3 6 4 6 4 5
118317 5 4 3 3 6 5 5 4 5 5
183853 4 4 4 4 4 6 5 4 6 4
63021 5 5 5 3 4 3 4 4 6 6
95789 4 5 5 4 4 2 6 4 5 6
161325 4 4 5 5 4 2 6 4 6 5
112173 4 4 6 3 4 4 5 5 4 6
177709 3 5 5 4 4 4 5 5 5 5
120365 4 5 4 3 5 4 6 3 6 5
124461 5 4 4 3 5 4 5 5 4 6
64045 5 6 5 3 2 4 3 4 7 6
96813 4 6 5 3 4 2 5 4 6 6
162349 4 5 5 4 3 4 4 4 7 5
113197 4 5 5 4 3 4 4 5 5 6
178733 3 6 4 5 2 6 3 5 6 5
121389 4 5 5 3 4 4 5 3 7 5
125485 4 6 4 3 4 4 4 5 5 6
127533 5 5 5 3 3 3 5 4 6 6
64557 6 6 5 2 3 2 3 5 6 7
8141 7 6 6 5 4 4 3 3 4 3
12237 6 6 6 5 4 4 4 4 2 4
20429 6 5 6 5 4 4 5 4 3 3
36813 6 5 5 5 4 5 4 5 4 2
69581 6 5 5 4 5 4 5 5 3 3
14285 6 5 6 5 4 5 4 3 3 4
22477 5 6 5 5 4 5 5 3 4 3
38861 5 5 6 4 4 6 4 4 5 2
71629 5 5 5 5 4 5 5 4 4 3
26573 6 4 5 5 4 5 6 4 2 4
42957 5 5 5 4 4 6 5 5 3 3
75725 5 4 6 4 4 5 6 5 2 4
141261 5 4 5 6 3 5 6 4 2 5
51149 6 4 4 4 4 6 6 5 4 2
83917 5 5 4 4 4 5 7 5 3 3
149453 5 4 5 5 3 5 7 4 3 4
100301 6 4 4 3 4 6 6 6 4 2
15309 6 5 5 5 5 5 3 3 4 4
23501 5 5 6 4 5 5 4 3 5 3
39885 5 4 6 5 4 6 3 4 6 2
72653 5 4 5 5 6 4 4 4 5 3
27597 5 5 5 4 5 5 5 4 3 4
43981 4 6 4 5 4 6 4 5 4 3
76749 4 5 5 4 6 4 5 5 3 4
142285 4 5 4 6 4 6 4 4 3 5
52173 5 4 5 4 4 6 5 5 5 2
84941 4 5 5 3 6 4 6 5 4 3
150477 4 4 6 4 4 6 5 4 4 4
101325 5 4 4 4 5 5 5 6 5 2
166861 4 5 4 5 3 7 4 5 5 3
29645 6 4 4 4 5 6 5 3 4 4
46029 5 4 5 4 4 7 4 4 5 3
78797 5 3 5 5 5 5 5 4 4 4
144333 5 3 4 6 5 6 4 3 4 5
54221 5 4 5 3 4 7 5 4 6 2
86989 4 5 4 4 5 5 6 4 5 3
152525 4 4 5 4 5 6 5 3 5 4
103373 5 3 5 4 4 6 5 5 6 2
168909 4 4 5 4 4 7 4 4 6 3
299981 4 3 7 3 4 8 3 3 7 3
58317 6 4 3 3 4 7 6 5 4 3
91085 5 4 4 3 5 5 7 5 3 4
156621 5 3 4 5 4 6 6 4 3 5
107469 5 4 4 3 4 6 6 6 4 3
173005 4 5 3 5 3 7 5 5 4 4
205773 5 3 4 5 4 5 6 5 3 5
115661 6 4 3 2 4 6 7 6 5 2
15821 6 5 5 5 5 4 3 4 3 5
24013 5 5 5 6 4 4 4 4 4 4
40397 5 4 5 6 5 4 3 5 5 3
73165 5 4 4 6 6 4 3 5 4 4
28109 5 4 6 5 4 4 5 5 2 5
44493 4 5 5 5 5 4 4 6 3 4
77261 4 4 6 4 6 4 4 6 2 5
142797 4 4 5 6 4 5 5 4 2 6
52685 5 3 5 6 4 4 5 6 4 3
85453 4 4 5 5 5 4 5 6 3 4
150989 4 3 6 6 3 5 6 4 3 5
101837 5 3 4 5 6 4 4 7 4 3
167373 4 4 4 6 4 5 5 5 4 4
30157 5 5 4 5 4 5 5 4 3 5
46541 4 5 5 4 5 5 4 5 4 4
79309 4 4 5 5 5 5 4 5 3 5
144845 4 4 4 6 5 5 5 3 3 6
54733 4 5 4 5 4 5 5 5 5 3
87501 3 6 3 6 4 5 5 5 4 4
153037 3 5 4 6 4 5 6 3 4 5
103885 4 4 4 5 5 5 4 6 5 3
169421 3 5 4 5 5 5 5 4 5 4
300493 3 4 6 4 5 6 3 5 5 4
58829 5 4 4 4 4 5 6 6 3 4
91597 4 4 5 4 4 5 6 6 2 5
157133 4 3 5 6 3 5 7 4 2 6
107981 4 4 5 3 5 5 5 7 3 4
173517 3 5 4 5 4 5 6 5 3 5
304589 3 4 6 3 6 5 4 6 3 5
206285 4 3 5 5 4 5 6 5 2 6
116173 5 4 3 4 4 5 6 7 4 3
181709 4 4 4 5 3 5 7 5 4 4
31181 6 4 4 4 5 5 4 4 4 5
47565 5 4 4 5 5 5 3 5 5 4
80333 5 3 4 5 7 4 3 5 4 5
145869 5 3 3 6 6 6 3 3 4 6
55757 5 3 5 5 4 5 4 5 6 3
88525 4 4 4 5 6 4 4 5 5 4
154061 4 3 5 5 5 6 4 3 5 5
104909 5 2 4 6 6 4 3 6 6 3
170445 4 3 4 6 5 6 3 4 6 4
301517 4 2 6 5 5 6 3 4 6 4
203213 5 2 3 6 7 5 3 4 5 5
59853 5 4 4 4 4 5 5 6 4 4
92621 4 4 5 3 6 4 5 6 3 5
158157 4 3 5 5 4 6 5 4 3 6
109005 4 4 4 4 6 4 4 7 4 4
174541 3 5 3 6 4 6 4 5 4 5
305613 3 4 5 4 6 5 4 5 4 5
207309 4 3 4 5 6 5 4 5 3 6
338381 3 4 5 3 8 4 4 5 3 6
117197 5 3 4 4 5 4 5 7 5 3
182733 4 3 5 5 3 6 5 5 5 4
313805 4 2 6 5 4 5 5 5 5 4
215501 4 3 5 4 5 5 5 5 4 5
61901 6 4 3 3 4 6 5 5 5 4
94669 5 4 3 4 5 5 5 5 4 5
160205 5 3 3 5 5 6 5 3 4 6
111053 5 3 4 4 5 5 4 6 5 4
176589 4 4 3 5 5 6 4 4 5 5
209357 5 2 3 6 6 5 4 4 4 6
119245 5 4 3 4 4 5 5 6 6 3
184781 4 4 4 4 4 6 5 4 6 4
217549 4 4 3 5 5 5 5 4 5 5
233933 5 3 3 5 5 5 4 5 6 4
16077 6 5 6 5 3 4 4 3 4 5
24269 5 5 6 5 4 3 5 3 5 4
40653 5 4 6 5 4 5 3 4 6 3
73421 5 4 5 5 5 4 5 3 5 4
28365 5 4 6 6 3 3 6 4 3 5
44749 4 5 5 6 3 5 4 5 4 4
77517 4 4 6 5 4 4 6 4 3 5
143053 4 4 5 7 2 5 6 4 2 6
52941 5 3 5 6 4 4 5 5 5 3
85709 4 4 5 5 5 3 7 4 4 4
151245 4 3 6 6 3 4 7 4 3 5
102093 5 3 4 5 5 5 5 5 5 3
167629 4 4 4 6 3 6 5 5 4 4
30413 5 4 6 5 3 4 6 3 4 5
46797 4 4 7 4 3 6 4 4 5 4
79565 4 3 7 5 3 5 6 3 4 5
145101 4 3 6 6 3 5 6 3 3 6
54989 4 4 6 4 4 5 5 4 6 3
87757 3 5 5 5 4 4 7 3 5 4
153293 3 4 6 5 4 4 7 3 4 5
104141 4 3 6 4 4 6 5 4 6 3
169677 3 4 6 4 4 6 5 4 5 4
300749 3 3 8 3 4 7 3 4 7 3
59085 5 3 5 5 3 5 6 5 4 4
91853 4 3 6 5 3 4 8 4 3 5
157389 4 2 6 7 2 4 8 4 2 6
108237 4 3 6 4 3 6 6 5 4 4
173773 3 4 5 6 2 6 6 5 3 5
304845 3 3 7 4 4 6 4 5 5 4
206541 4 2 6 6 2 5 8 4 2 6
116429 5 3 4 4 4 5 7 5 5 3
181965 4 3 5 5 3 5 7 5 4 4
214733 4 3 5 5 3 4 9 4 3 5
31437 5 5 5 4 4 4 5 3 5 5
47821 4 5 5 5 3 6 3 4 6 4
80589 4 4 5 5 5 4 5 3 5 5
146125 4 4 4 6 4 6 4 3 4 6
56013 4 4 6 4 4 5 4 4 7 3
88781 3 5 5 4 6 3 6 3 6 4
154317 3 4 6 4 5 5 5 3 5 5
105165 4 3 5 5 5 5 4 4 7 3
170701 3 4 5 5 4 7 3 4 6 4
301773 3 3 7 4 4 7 3 3 8 3
203469 4 3 4 5 6 5 5 3 5 5
60109 4 5 4 5 3 5 5 5 5 4
92877 3 5 5 4 5 3 7 4 4 5
158413 3 4 5 6 3 5 6 4 3 6
109261 3 5 4 5 4 5 5 5 5 4
174797 2 6 3 7 2 7 4 5 4 5
305869 2 5 5 5 4 6 4 4 6 4
207565 3 4 4 6 4 5 6 4 3 6
338637 2 5 5 4 6 4 6 3 5 5
117453 4 4 4 4 5 4 6 5 6 3
182989 3 4 5 5 3 6 5 5 5 4
314061 3 3 6 5 4 5 5 4 7 3
215757 3 4 5 4 5 4 7 4 4 5
346829 2 5 5 4 6 3 7 3 6 4
62157 5 4 5 3 3 6 5 4 6 4
94925 4 4 5 4 4 4 7 3 5 5
160461 4 3 5 5 4 5 6 3 4 6
111309 4 3 6 4 3 6 5 4 6 4
176845 3 4 5 5 3 7 4 4 5 5
307917 3 3 7 3 4 8 3 3 7 4
209613 4 2 5 6 4 5 6 3 4 6
340685 3 3 6 4 5 6 5 2 6 5
119501 4 4 5 3 4 5 6 4 7 3
185037 3 4 6 3 4 6 5 4 6 4
316109 3 3 7 3 4 7 4 3 8 3
217805 3 4 5 4 5 4 7 3 5 5
348877 2 5 5 4 5 5 6 2 7 4
234189 4 3 5 4 4 6 5 4 6 4
123597 5 4 4 3 3 5 7 5 5 4
31949 6 4 5 5 3 3 5 4 4 6
48333 5 4 5 5 4 4 3 5 5 5
81101 5 3 5 5 5 4 4 4 4 6
146637 5 3 4 6 4 5 5 3 3 7
56525 5 3 5 6 4 3 4 5 6 4
89293 4 4 4 6 5 3 5 4 5 5
154829 4 3 5 6 4 4 6 3 4 6
105677 5 2 4 6 6 4 3 5 6 4
171213 4 3 4 6 5 5 4 4 5 5
302285 4 2 6 5 5 5 3 5 6 4
203981 5 2 3 6 6 5 5 3 4 6
60621 5 3 5 6 3 3 5 6 4 5
93389 4 3 6 5 4 3 6 5 3 6
158925 4 2 6 7 2 4 7 4 2 7
109773 4 3 5 5 5 4 4 6 4 5
175309 3 4 4 7 3 5 5 5 3 6
306381 3 3 6 5 5 4 4 6 4 5
208077 4 2 5 6 4 5 6 4 2 7
339149 3 3 6 4 6 4 5 5 3 6
117965 5 2 4 6 5 3 5 6 5 4
183501 4 2 5 7 3 4 6 5 4 5
314573 4 1 6 7 4 3 5 6 5 4
216269 4 2 5 6 4 4 7 4 3 6
347341 3 3 5 6 5 3 6 5 4 5
62669 5 4 5 4 3 4 5 5 5 5
95437 4 4 5 5 3 4 6 4 4 6
160973 4 3 5 6 3 4 7 3 3 7
111821 4 3 6 4 4 5 4 5 5 5
177357 3 4 5 5 4 5 5 4 4 6
308429 3 3 7 3 5 6 3 5 5 5
210125 4 2 5 6 4 5 6 3 3 7
341197 3 3 6 4 5 6 4 4 4 6
120013 4 4 4 5 4 4 5 5 6 4
185549 3 4 5 5 4 4 6 4 5 5
316621 3 3 6 5 4 5 4 5 6 4
218317 3 4 4 6 4 4 7 3 4 6
349389 2 5 4 6 4 5 5 4 5 5
234701 4 3 4 5 5 5 5 4 5 5
124109 5 3 5 4 3 4 6 6 4 5
189645 4 3 5 6 2 4 7 5 3 6
222413 4 2 6 6 2 4 8 4 2 7
238797 4 3 5 5 3 5 6 5 3 6
63693 6 4 4 4 3 4 4 5 6 5
96461 5 4 4 4 5 3 5 4 5 6
161997 5 3 4 5 4 5 5 3 4 7
112845 5 3 4 5 5 4 3 5 6 5
178381 4 4 3 6 4 6 3 4 5 6
121037 5 3 4 5 5 3 4 5 7 4
186573 4 3 5 5 4 5 4 4 6 5
125133 5 4 4 4 4 3 5 6 5 5
190669 4 4 4 6 2 5 5 5 4 6
16205 6 6 6 4 3 4 3 4 4 5
24397 5 6 6 4 3 5 3 4 5 4
40781 5 5 6 4 3 6 3 4 6 3
73549 5 5 5 4 4 5 4 5 4 4
28493 5 5 6 4 4 4 4 5 3 5
44877 4 6 5 4 4 5 4 5 4 4
77645 4 5 6 3 5 4 5 6 2 5
143181 4 5 5 5 3 5 5 5 3 5
53069 5 4 5 4 4 6 4 5 5 3
85837 4 5 5 3 5 5 5 6 3 4
151373 4 4 6 4 3 6 5 5 4 4
102221 5 4 4 3 5 6 5 6 4 3
167757 4 5 4 4 3 7 5 5 5 3
30541 5 5 5 5 3 5 4 4 4 5
46925 4 5 6 4 3 6 4 4 5 4
79693 4 4 6 5 3 5 5 5 3 5
145229 4 4 5 6 3 5 5 4 4 5
55117 4 5 5 4 3 7 4 4 6 3
87885 3 6 4 5 3 6 5 5 4 4
153421 3 5 5 5 3 6 5 4 5 4
104269 4 4 5 4 3 7 5 5 5 3
169805 3 5 5 4 3 7 5 4 6 3
300877 3 4 7 3 3 8 3 4 7 3
59213 5 4 4 4 4 6 5 5 4 4
91981 4 4 5 4 4 5 6 6 2 5
157517 4 3 5 6 3 5 6 5 3 5
108365 4 4 5 3 4 6 6 6 3 4
173901 3 5 4 5 3 6 6 5 4 4
304973 3 4 6 3 5 6 4 5 5 4
206669 4 3 5 5 3 5 7 6 2 5
116557 5 4 3 3 4 7 6 6 4 3
182093 4 4 4 4 3 7 6 5 5 3
214861 4 4 4 4 3 6 7 6 3 4
31565 5 5 6 3 4 5 3 4 5 5
47949 4 5 6 4 3 6 3 4 6 4
80717 4 4 6 4 5 4 4 5 4 5
146253 4 4 5 5 4 6 3 4 5 5
56141 4 4 7 3 3 7 3 4 7 3
88909 3 5 6 3 5 5 4 5 5 4
154445 3 4 7 3 4 7 3 4 6 4
105293 4 3 6 4 4 6 4 5 6 3
170829 3 4 6 4 3 8 3 4 7 3
301901 3 3 8 3 3 8 3 3 8 3
203597 4 3 5 4 5 6 4 5 5 4
60237 4 5 5 3 4 6 4 5 5 4
93005 3 5 6 2 6 4 5 6 3 5
158541 3 4 6 4 4 6 4 5 4 5
109389 3 5 5 3 5 5 5 6 4 4
174925 2 6 4 5 3 7 4 5 5 4
305997 2 5 6 3 5 6 4 4 6 4
207693 3 4 5 4 5 5 5 6 3 5
338765 2 5 6 2 7 4 5 5 4 5
117581 4 4 5 2 5 6 5 6 5 3
183117 3 4 6 3 3 8 4 5 6 3
314189 3 3 7 3 4 7 4 4 7 3
215885 3 4 6 2 5 6 5 6 4 4
346957 2 5 6 2 6 5 5 5 5 4
62285 5 4 5 3 3 7 4 4 6 4
95053 4 4 5 4 4 5 5 5 4 5
160589 4 3 5 5 4 6 4 4 5 5
111437 4 3 6 4 3 6 5 5 5 4
176973 3 4 5 5 3 7 4 4 6 4
308045 3 3 7 3 4 8 3 3 7 4
209741 4 2 5 6 4 5 5 5 4 5
340813 3 3 6 4 5 6 4 4 5 5
119629 4 4 5 3 3 7 5 5 6 3
185165 3 4 6 3 3 8 4 4 7 3
316237 3 3 7 3 3 9 3 3 8 3
217933 3 4 5 4 4 6 5 5 5 4
349005 2 5 5 4 4 7 4 4 6 4
234317 4 3 5 4 3 7 5 5 6 3
123725 5 4 4 2 4 6 6 6 4 4
189261 4 4 4 4 3 7 5 5 5 4
32077 5 6 5 4 3 4 3 5 4 6
48461 4 6 5 4 4 4 3 5 5 5
81229 4 5 5 4 5 4 3 6 3 6
146765 4 5 4 5 4 5 4 4 4 6
56653 4 5 5 5 3 5 3 5 6 4
89421 3 6 4 5 4 5 3 6 4 5
154957 3 5 5 5 3 6 4 4 5 5
105805 4 4 4 5 5 5 3 6 5 4
171341 3 5 4 5 4 6 4 4 6 4
302413 3 4 6 4 4 6 3 5 6 4
204109 4 4 3 5 5 6 4 5 4 5
60749 4 5 5 4 4 4 4 6 4 5
93517 3 5 6 3 5 4 4 7 2 6
159053 3 4 6 5 3 5 5 5 3 6
109901 3 5 5 3 6 4 4 7 3 5
175437 2 6 4 5 4 5 5 5 4 5
306509 2 5 6 3 6 4 4 6 4 5
208205 3 4 5 4 5 5 5 6 2 6
339277 2 5 6 2 7 4 4 7 2 6
118093 4 4 4 4 5 5 4 7 4 4
183629 3 4 5 5 3 6 5 5 5 4
314701 3 3 6 5 4 5 4 6 5 4
216397 3 4 5 4 4 6 5 6 3 5
347469 2 5 5 4 5 5 4 7 3 5
62797 4 6 4 4 3 5 4 5 5 5
95565 3 6 4 5 3 5 4 6 3 6
161101 3 5 4 6 3 5 5 4 4 6
111949 3 5 5 4 4 5 4 6 4 5
177485 2 6 4 5 4 5 5 4 5 5
308557 2 5 6 3 5 6 3 5 5 5
210253 3 4 4 6 4 5 5 5 3 6
341325 2 5 5 4 5 6 3 6 3 6
120141 3 6 3 5 3 6 4 6 5 4
185677 2 6 4 5 3 6 5 4 6 4
316749 2 5 5 5 3 7 3 5 6 4
218445 2 6 3 6 3 6 5 5 4 5
349517 1 7 3 6 3 7 3 6 4 5
234829 3 5 3 5 4 6 5 5 5 4
124237 4 5 4 3 4 5 5 7 3 5
189773 3 5 4 5 3 5 6 5 4 5
320845 3 4 5 4 5 5 4 6 4 5
222541 3 4 5 5 3 5 6 6 2 6
238925 3 5 4 4 4 5 6 6 3 5
63821 5 5 5 3 3 5 3 5 6 5
96589 4 5 5 3 5 4 3 6 4 6
162125 4 4 5 4 4 6 3 4 5 6
112973 4 4 5 4 5 4 3 6 5 5
178509 3 5 4 5 4 6 3 4 6 5
309581 3 4 6 3 5 6 3 4 6 5
211277 4 3 4 5 6 5 3 5 4 6
121165 4 4 5 4 4 5 3 6 6 4
186701 3 4 6 4 3 7 3 4 7 4
317773 3 3 7 4 3 7 3 4 7 4
219469 3 4 5 4 5 6 3 5 5 5
235853 4 3 4 5 5 6 3 5 6 4
125261 4 5 5 2 5 4 4 7 4 5
190797 3 5 5 4 3 6 4 5 5 5
321869 3 4 6 3 5 5 4 5 5 5
223565 3 4 6 3 5 5 4 6 3 6
239949 3 5 4 4 5 5 4 6 4 5
248141 4 4 5 3 4 6 4 6 5 4
127309 5 5 4 3 3 5 4 6 5 5
32333 6 5 6 4 2 3 4 4 5 6
48717 5 5 6 4 2 5 3 4 6 5
81485 5 4 6 4 3 4 5 4 4 6
147021 5 4 5 5 2 5 5 4 4 6
56909 5 4 6 4 3 5 3 4 7 4
89677 4 5 5 4 4 4 5 4 5 5
155213 4 4 6 4 3 5 5 4 5 5
106061 5 3 5 4 4 6 4 4 6 4
171597 4 4 5 4 3 7 4 4 6 4
302669 4 3 7 3 3 7 3 4 8 3
204365 5 3 4 4 4 6 6 4 4 5
61005 5 4 5 5 3 4 4 5 5 5
93773 4 4 6 4 4 3 6 5 3 6
159309 4 3 6 6 2 4 6 5 3 6
110157 4 4 5 4 4 5 5 5 4 5
175693 3 5 4 6 2 6 5 5 4 5
306765 3 4 6 4 4 5 4 5 6 4
208461 4 3 5 5 3 5 7 5 2 6
118349 5 3 4 4 5 5 5 5 5 4
183885 4 3 5 5 3 6 5 5 5 4
314957 4 2 6 5 4 5 4 5 7 3
216653 4 3 5 4 4 5 7 5 3 5
233037 5 3 3 4 4 7 6 5 4 4
63053 5 4 6 4 2 5 4 4 6 5
95821 4 4 6 5 2 4 6 4 4 6
161357 4 3 6 6 2 4 6 4 4 6
112205 4 3 7 4 2 6 5 4 5 5
177741 3 4 6 5 2 6 5 4 5 5
308813 3 3 8 3 3 7 3 4 7 4
210509 4 2 6 6 2 5 7 4 3 6
120397 4 4 5 4 3 6 5 4 6 4
185933 3 4 6 4 3 6 5 4 6 4
218701 3 4 5 5 3 5 7 4 4 5
235085 4 3 5 4 3 7 6 4 5 4
124493 5 3 5 4 3 5 6 5 4 5
190029 4 3 5 6 2 5 6 5 4 5
222797 4 2 6 6 2 4 8 5 2 6
239181 4 3 5 5 2 6 7 5 3 5
64077 5 5 6 3 2 5 3 4 7 5
96845 4 5 6 3 4 3 5 4 5 6
162381 4 4 6 4 3 5 4 4 5 6
113229 4 4 6 4 3 5 4 4 6 5
178765 3 5 5 5 2 7 3 4 6 5
309837 3 4 7 3 3 7 3 3 8 4
211533 4 3 5 5 4 5 5 4 4 6
121421 4 4 6 3 4 5 4 4 7 4
186957 3 4 7 3 3 7 3 4 7 4
219725 3 4 6 3 5 5 5 4 5 5
236109 4 3 5 4 4 7 4 4 6 4
125517 4 5 5 3 4 4 5 5 5 5
191053 3 5 5 5 2 6 4 5 5 5
223821 3 4 6 4 4 4 6 5 3 6
240205 3 5 4 5 3 6 5 5 4 5
248397 4 4 5 3 4 6 5 5 5 4
127565 5 4 6 3 2 5 5 4 6 5
193101 4 4 6 4 2 6 4 4 6 5
225869 4 3 6 5 3 4 6 4 4 6
242253 4 3 6 5 2 6 5 4 5 5
250445 4 4 6 3 3 6 5 4 6 4
64589 6 5 5 4 2 3 3 5 6 6
97357 5 5 5 4 3 3 4 5 4 7
113741 5 4 5 4 4 4 3 5 5 6
121933 5 4 4 5 4 4 3 5 6 5
126029 5 4 5 4 4 3 4 6 4 6
128077 5 5 5 4 2 4 4 5 5 6
16269 7 6 5 4 4 3 3 4 4 5
24461 6 6 5 4 4 3 5 3 5 4
40845 6 5 5 4 4 4 4 5 5 3
73613 6 5 4 4 5 3 5 5 5 3
28557 6 5 5 4 4 4 5 4 3 5
44941 5 6 4 4 4 5 4 6 3 4
77709 5 5 5 3 5 4 5 6 3 4
143245 5 5 4 5 3 5 5 5 3 5
53133 6 4 4 4 4 5 6 5 4 3
85901 5 5 4 3 5 4 7 5 4 3
151437 5 4 5 4 3 5 7 4 4 4
102285 6 4 3 3 5 5 6 7 4 2
167821 5 5 3 4 3 6 6 6 4 3
30605 6 5 4 4 5 4 5 3 4 5
46989 5 5 5 3 5 5 4 5 4 4
79757 5 4 5 4 5 4 5 5 4 4
145293 5 4 4 5 5 4 5 4 4 5
55181 5 5 4 3 5 5 6 4 5 3
87949 4 6 3 4 5 4 7 4 5 3
153485 4 5 4 4 5 4 7 3 5 4
104333 5 4 4 3 5 5 6 6 5 2
169869 4 5 4 3 5 5 6 5 5 3
59277 6 4 3 3 5 6 6 5 3 4
92045 5 4 4 3 5 5 7 5 3 4
157581 5 3 4 5 4 5 7 4 3 5
108429 5 4 4 2 5 6 6 7 3 3
173965 4 5 3 4 4 6 6 6 3 4
206733 5 3 4 4 4 5 7 6 3 4
116621 6 4 2 2 5 6 8 6 4 2
182157 5 4 3 3 4 6 8 5 4 3
31629 6 5 4 4 5 4 4 3 5 5
48013 5 5 4 5 4 5 3 5 5 4
80781 5 4 4 5 6 3 4 5 5 4
146317 5 4 3 6 5 5 3 4 5 5
56205 5 4 5 4 4 5 5 4 6 3
88973 4 5 4 4 6 3 6 4 6 3
154509 4 4 5 4 5 5 5 3 6 4
105357 5 3 4 5 5 4 5 6 6 2
170893 4 4 4 5 4 6 4 5 6 3
203661 5 3 3 5 6 4 5 5 6 3
60301 5 5 3 4 4 6 5 5 4 4
93069 4 5 4 3 6 4 6 5 4 4
158605 4 4 4 5 4 6 5 4 4 5
109453 4 5 3 4 5 5 5 7 4 3
174989 3 6 2 6 3 7 4 6 4 4
207757 4 4 3 5 5 5 5 6 4 4
117645 5 4 3 3 5 5 7 6 5 2
183181 4 4 4 4 3 7 6 5 5 3
62349 6 4 3 3 5 6 5 4 5 4
95117 5 4 3 4 6 4 6 4 5 4
160653 5 3 3 5 6 5 5 3 5 5
111501 5 3 4 4 5 5 5 6 5 3
177037 4 4 3 5 5 6 4 5 5 4
209805 5 2 3 6 6 4 5 5 5 4
119693 5 4 3 3 5 5 7 5 6 2
185229 4 4 4 3 5 6 6 4 6 3
123789 6 4 2 2 5 6 7 6 4 3
189325 5 4 2 4 4 7 6 5 4 4
32141 6 5 5 4 4 3 4 4 4 6
48525 5 5 5 4 5 3 3 6 4 5
81293 5 4 5 4 6 3 3 6 4 5
146829 5 4 4 5 5 4 4 4 4 6
56717 5 4 5 5 4 3 5 5 5 4
89485 4 5 4 5 5 3 5 5 5 4
155021 4 4 5 5 4 4 6 3 5 5
105869 5 3 4 5 6 3 4 7 5 3
171405 4 4 4 5 5 4 5 5 5 4
204173 5 3 3 5 6 4 5 5 5 4
60813 5 4 5 4 4 4 5 6 3 5
93581 4 4 6 3 5 4 5 6 3 5
159117 4 3 6 5 3 5 6 4 3 6
109965 4 4 5 3 6 4 4 8 3 4
175501 3 5 4 5 4 5 5 6 3 5
208269 4 3 5 4 5 5 5 6 3 5
118157 5 3 4 4 5 4 6 7 4 3
183693 4 3 5 5 3 5 7 5 4 4
62861 5 5 4 3 5 4 5 5 4 5
95629 4 5 4 4 5 4 5 5 4 5
161165 4 4 4 5 5 4 6 3 4 6
112013 4 4 5 3 6 4 4 7 4 4
177549 3 5 4 4 6 4 5 5 4 5
210317 4 3 4 5 6 4 5 5 4 5
120205 4 5 3 4 5 4 6 6 5 3
185741 3 5 4 4 5 4 7 4 5 4
124301 5 4 4 2 5 5 6 7 3 4
189837 4 4 4 4 4 5 7 5 3 5
63885 6 4 4 4 4 4 4 5 5 5
96653 5 4 4 4 6 3 4 5 5 5
162189 5 3 4 5 5 5 4 3 5 6
113037 5 3 4 5 6 3 3 7 5 4
178573 4 4 3 6 5 5 3 5 5 5
211341 5 2 3 6 7 4 3 5 5 5
121229 5 3 4 5 5 3 5 6 6 3
186765 4 3 5 5 4 5 5 4 6 4
125325 5 4 4 3 5 4 5 7 4 4
190861 4 4 4 5 3 6 5 5 4 5
127373 6 4 3 3 5 4 5 6 5 4
192909 5 4 3 4 5 5 5 4 5 5
32397 6 6 5 4 3 2 5 3 5 6
48781 5 6 5 4 3 4 3 5 5 5
81549 5 5 5 4 4 3 5 4 5 5
147085 5 5 4 5 3 4 5 4 4 6
56973 5 5 5 4 4 3 5 4 6 4
89741 4 6 4 4 5 2 7 3 6 4
155277 4 5 5 4 4 3 7 3 5 5
106125 5 4 4 4 5 4 5 5 6 3
171661 4 5 4 4 4 5 5 5 5 4
204429 5 4 3 4 5 4 7 4 5 4
61069 5 5 4 5 3 4 5 5 4 5
93837 4 5 5 4 4 3 7 4 4 5
159373 4 4 5 6 2 4 7 4 3 6
110221 4 5 4 4 4 5 5 6 4 4
175757 3 6 3 6 2 6 5 6 3 5
208525 4 4 4 5 3 5 7 5 3 5
118413 5 4 3 4 5 4 7 5 5 3
183949 4 4 4 5 3 5 7 5 4 4
63117 5 5 5 3 4 4 5 4 5 5
95885 4 5 5 4 4 3 7 3 5 5
161421 4 4 5 5 4 3 7 3 4 6
112269 4 4 6 3 4 5 5 5 5 4
177805 3 5 5 4 4 5 5 5 4 5
210573 4 3 5 5 4 4 7 4 4 5
120461 4 5 4 3 5 4 7 4 6 3
185997 3 5 5 3 5 4 7 4 5 4
124557 5 4 4 3 4 5 7 5 4 4
190093 4 4 4 5 3 5 7 5 3 5
64141 5 6 4 4 3 4 4 4 6 5
96909 4 6 4 4 5 2 6 3 6 5
162445 4 5 4 5 4 4 5 3 5 6
113293 4 5 4 5 4 4 4 5 6 4
178829 3 6 3 6 3 6 3 5 5 5
211597 4 4 3 6 5 4 5 4 5 5
121485 4 5 4 4 5 3 6 4 7 3
187021 3 5 5 4 4 5 5 4 6 4
125581 4 6 3 4 4 4 6 5 5 4
191117 3 6 3 6 2 6 5 5 4 5
127629 5 5 4 3 4 4 6 4 6 4
193165 4 5 4 4 4 5 5 4 5 5
64653 6 5 5 4 3 2 4 5 5 6
97421 5 5 5 4 4 2 5 4 5 6
162957 5 4 5 5 3 3 6 3 4 7
113805 5 4 5 4 5 3 3 6 5 5
179341 4 5 4 5 4 4 4 5 4 6
212109 5 3 4 5 5 4 5 4 4 6
121997 5 4 4 5 5 2 5 5 6 4
187533 4 4 5 5 4 3 6 4 5 5
126093 5 4 5 4 4 3 5 6 4 5
191629 4 4 5 6 2 4 6 5 3 6
128141 5 5 5 3 4 3 5 5 5 5
193677 4 5 5 4 4 3 6 4 4 6
129165 6 5 4 4 4 2 4 5 6 5
32525 7 6 5 3 3 3 3 4 5 6
48909 6 6 5 3 3 4 3 5 5 5
81677 6 5 5 3 4 3 4 6 4 5
57101 6 5 5 3 3 5 4 4 6 4
89869 5 6 4 3 4 4 5 5 5 4
106253 6 4 4 3 4 5 5 6 5 3
61197 6 5 4 3 4 5 4 5 4 5
93965 5 5 5 2 5 4 5 6 3 5
63245 6 5 4 3 4 5 4 4 5 5
96013 5 5 4 4 4 4 5 5 4 5
64269 6 5 5 3 3 5 3 4 6 5
97037 5 5 5 3 5 3 4 5 5 5
64781 6 6 5 3 3 3 3 5 5 6
97549 5 6 5 3 4 3 3 6 4 6
4085 7 8 6 6 5 4 3 2 2 2
6133 6 8 6 6 5 4 3 3 2 2
10229 6 7 6 6 5 4 3 4 2 2
18421 6 7 5 6 5 4 4 3 3 2
34805 6 7 5 5 5 5 3 4 2 3
7157 6 7 6 6 5 4 4 2 3 2
11253 5 8 5 6 5 4 4 3 3 2
19445 5 7 6 5 5 4 5 2 4 2
35829 5 7 5 6 4 5 4 3 3 3
68597 5 7 5 5 6 3 5 2 4 3
13301 6 6 5 6 5 4 4 4 3 2
21493 5 7 5 5 5 4 5 3 4 2
37877 5 6 6 5 4 5 4 4 3 3
70645 5 6 5 6 5 3 5 3 4 3
25589 6 6 4 5 5 4 5 4 4 2
41973 5 7 4 5 4 5 4 5 3 3
74741 5 6 5 5 5 3 5 4 4 3
140277 5 6 4 7 4 4 3 5 4 3
50165 6 6 4 4 4 5 5 4 4 3
82933 5 7 4 4 5 3 6 3 5 3
7669 6 7 5 6 5 5 3 3 2 3
11765 5 7 6 5 5 5 3 4 2 3
19957 5 6 6 6 4 5 4 3 3 3
36341 5 6 5 6 5 5 3 4 2 4
69109 5 6 5 5 6 5 3 3 3 4
13813 5 7 5 5 5 5 3 5 2 3
22005 4 8 4 6 4 5 4 4 3 3
38389 4 7 5 5 5 5 3 5 2 4
71157 4 7 4 6 5 5 3 4 3 4
26101 5 6 5 5 4 5 4 5 3 3
42485 4 7 5 4 5 5 3 6 2 4
75253 4 6 6 4 5 5 3 5 3 4
140789 4 6 5 6 4 5 3 5 3 4
50677 5 6 4 5 4 5 4 5 3 4
83445 4 7 4 5 4 5 4 4 4 4
148981 4 6 5 6 3 5 4 4 4 4
14837 6 6 4 5 5 5 4 4 3 3
23029 5 6 5 5 4 5 5 3 4 3
39413 5 5 5 6 4 5 4 4 3 4
72181 5 5 4 6 6 4 4 3 4 4
27125 5 6 5 4 4 5 5 4 4 3
43509 4 7 4 5 4 5 4 5 3 4
76277 4 6 5 4 6 4 4 4 4 4
141813 4 6 4 6 4 6 3 4 4 4
51701 5 5 5 5 3 5 5 4 4 4
84469 4 6 5 4 5 4 5 3 5 4
150005 4 5 6 5 3 6 4 3 5 4
100853 5 5 4 5 5 4 4 4 4 5
29173 6 6 3 4 4 5 5 5 4 3
45557 5 6 4 4 4 5 4 6 3 4
78325 5 5 4 5 5 4 4 5 4 4
143861 5 5 3 6 5 5 3 5 4 4
53749 5 6 4 4 3 5 5 5 4 4
86517 4 7 3 5 4 4 5 4 5 4
152053 4 6 4 5 4 5 4 4 5 4
102901 5 5 4 5 4 4 4 5 4 5
168437 4 6 4 5 4 5 3 5 4 5
57845 6 6 3 3 3 5 5 6 4 4
90613 5 6 4 3 4 4 5 5 5 4
106997 5 6 4 3 4 4 4 6 4 5
7925 6 7 5 5 6 4 4 2 3 3
12021 5 7 5 6 5 4 4 3 3 3
20213 5 6 5 6 6 3 5 2 4 3
36597 5 6 4 6 6 5 3 3 3 4
69365 5 6 4 5 7 4 5 1 4 4
14069 5 6 6 5 5 4 4 4 3 3
22261 4 7 5 5 6 3 5 3 4 3
38645 4 6 6 4 6 5 3 4 3 4
71413 4 6 5 5 6 4 5 2 4 4
26357 5 5 5 6 5 3 5 4 4 3
42741 4 6 5 5 5 5 3 5 3 4
75509 4 5 6 5 5 4 5 3 4 4
141045 4 5 5 7 4 4 4 5 3 4
50933 5 5 4 5 6 4 4 4 4 4
83701 4 6 4 5 6 3 6 2 5 4
149237 4 5 5 6 5 3 5 4 4 4
100085 5 5 4 4 6 5 4 3 4 5
15093 5 7 4 5 5 4 5 3 4 3
23285 4 7 5 4 6 3 6 2 5 3
39669 4 6 5 5 5 5 4 3 4 4
72437 4 6 4 5 7 3 6 1 5 4
27381 4 7 4 5 5 3 6 3 5 3
43765 3 8 3 6 4 5 4 4 4 4
76533 3 7 4 5 6 3 6 2 5 4
142069 3 7 3 7 4 5 4 4 4 4
51957 4 6 4 5 5 4 5 3 5 4
84725 3 7 4 4 7 2 7 1 6 4
150261 3 6 5 5 5 4 5 3 5 4
101109 4 6 3 5 6 4 5 2 5 5
166645 3 7 3 6 4 6 3 4 4 5
29429 5 6 4 4 5 3 6 4 5 3
45813 4 6 5 4 4 5 4 5 4 4
78581 4 5 5 5 5 3 6 3 5 4
144117 4 5 4 6 5 4 4 5 4 4
54005 4 6 5 3 5 4 5 4 5 4
86773 3 7 4 4 6 2 7 2 6 4
152309 3 6 5 4 6 3 5 4 5 4
103157 4 5 5 4 5 4 5 3 5 5
168693 3 6 5 4 5 5 3 5 4 5
299765 3 5 7 3 5 5 4 4 5 4
58101 5 6 3 4 4 4 5 5 5 4
90869 4 6 4 4 5 2 7 3 6 4
156405 4 5 4 6 4 3 5 5 5 4
107253 4 6 4 4 4 4 5 4 5 5
172789 3 7 3 6 3 5 3 6 4 5
15605 6 6 4 4 5 5 4 4 3 4
23797 5 6 4 5 5 4 5 3 4 4
40181 5 5 4 5 6 5 3 4 3 5
72949 5 5 3 5 7 5 4 2 4 5
27893 5 5 5 5 4 4 5 4 4 4
44277 4 6 4 5 5 5 3 5 3 5
77045 4 5 5 4 6 5 4 3 4 5
142581 4 5 4 6 4 6 4 4 3 5
52469 5 4 4 6 5 4 4 4 4 5
85237 4 5 4 5 6 4 5 2 5 5
150773 4 4 5 6 4 5 5 3 4 5
101621 5 4 3 5 7 5 3 3 4 6
167157 4 5 3 6 5 6 3 4 3 6
29941 5 6 4 4 4 4 5 5 4 4
46325 4 6 5 3 5 5 3 6 3 5
79093 4 5 5 4 5 5 4 4 4 5
144629 4 5 4 5 5 5 4 5 3 5
54517 4 6 4 4 5 4 4 5 4 5
87285 3 7 3 5 5 4 5 3 5 5
152821 3 6 4 5 5 4 5 4 4 5
103669 4 5 4 4 6 5 3 4 4 6
169205 3 6 4 4 6 5 3 5 3 6
300277 3 5 6 3 6 5 3 6 3 5
58613 5 5 4 4 4 4 4 6 4 5
91381 4 5 5 4 4 4 5 4 5 5
156917 4 4 5 6 3 4 5 5 4 5
107765 4 5 5 3 5 5 3 5 4 6
173301 3 6 4 5 4 5 3 6 3 6
304373 3 5 6 3 6 4 3 7 3 5
206069 4 4 5 5 4 5 4 4 4 6
115957 5 5 3 4 5 4 4 4 5 6
30965 6 6 3 3 4 4 6 4 5 4
47349 5 6 3 4 4 5 4 5 4 5
80117 5 5 3 4 6 4 5 3 5 5
145653 5 5 2 5 5 6 4 4 4 5
55541 5 5 4 4 4 4 5 4 5 5
88309 4 6 3 4 6 3 6 2 6 5
153845 4 5 4 4 5 5 5 3 5 5
104693 5 4 3 5 6 4 4 3 5 6
170229 4 5 3 5 5 6 3 4 4 6
202997 5 4 2 5 7 5 4 2 5 6
59637 5 6 3 4 3 4 5 5 5 5
92405 4 6 4 3 5 3 6 3 6 5
157941 4 5 4 5 3 5 5 4 5 5
108789 4 6 3 4 5 4 4 4 5 6
174325 3 7 2 6 3 6 3 5 4 6
207093 4 5 3 5 5 5 4 3 5 6
116981 5 5 3 4 5 3 5 3 6 6
182517 4 5 4 5 3 5 4 4 5 6
215285 4 5 4 4 5 4 5 2 6 6
61685 6 6 3 2 3 4 5 6 5 5
94453 5 6 3 3 4 3 6 4 6 5
110837 5 5 4 3 4 4 4 5 5 6
119029 5 6 3 3 4 3 5 4 6 6
8053 6 7 5 6 4 5 3 3 3 3
12149 5 7 5 6 5 4 3 4 3 3
20341 5 6 5 6 5 5 3 3 4 3
36725 5 6 4 6 5 6 3 3 3 4
69493 5 6 4 5 6 5 4 3 3 4
14197 5 6 5 7 4 4 3 5 3 3
22389 4 7 4 7 4 5 3 4 4 3
38773 4 6 5 6 4 6 3 4 3 4
71541 4 6 4 7 4 5 4 4 3 4
26485 5 5 4 7 5 4 3 5 4 3
42869 4 6 4 6 5 5 3 5 3 4
75637 4 5 5 6 5 4 4 5 3 4
141173 4 5 4 8 4 4 3 6 4 3
51061 5 5 3 6 5 6 3 4 4 4
83829 4 6 3 6 5 5 4 4 4 4
149365 4 5 4 7 4 5 3 5 5 3
100213 5 5 3 5 5 6 4 4 3 5
15221 5 6 5 6 4 4 4 4 4 3
23413 4 6 6 5 4 5 4 3 5 3
39797 4 5 6 6 3 6 4 3 4 4
72565 4 5 5 6 5 4 5 3 4 4
27509 4 6 5 5 5 4 4 4 5 3
43893 3 7 4 6 4 5 4 4 4 4
76661 3 6 5 5 6 3 5 4 4 4
142197 3 6 4 7 4 5 3 5 5 3
52085 4 5 5 5 4 6 4 3 5 4
84853 3 6 5 4 6 4 5 3 5 4
150389 3 5 6 5 4 6 3 4 6 3
101237 4 5 4 5 5 5 5 3 4 5
166773 3 6 4 6 3 7 3 4 5 4
29557 5 5 4 6 4 4 4 5 5 3
45941 4 5 5 6 3 5 4 5 4 4
78709 4 4 5 7 4 3 5 5 4 4
144245 4 4 4 8 4 4 3 6 5 3
54133 4 5 5 5 3 6 4 4 5 4
86901 3 6 4 6 4 4 5 4 5 4
152437 3 5 5 6 4 5 3 5 6 3
103285 4 4 5 6 3 5 5 4 4 5
168821 3 5 5 6 3 6 3 5 5 4
299893 3 4 7 5 3 6 4 4 5 4
58229 5 5 3 5 4 5 4 5 5 4
90997 4 5 4 5 5 3 5 5 5 4
156533 4 4 4 7 4 4 3 6 6 3
107381 4 5 4 5 4 4 5 5 4 5
172917 3 6 3 7 3 5 3 6 5 4
205685 4 4 4 7 4 3 4 6 5 4
15733 5 7 4 5 4 5 3 5 3 4
23925 4 7 4 6 3 6 3 4 4 4
40309 4 6 4 6 4 6 3 4 3 5
73077 4 6 3 6 5 6 3 4 3 5
28021 4 6 5 5 4 5 3 5 4 4
44405 3 7 4 5 5 5 3 5 3 5
77173 3 6 5 4 6 5 3 5 3 5
142709 3 6 4 6 4 6 3 5 4 4
52597 4 5 4 6 4 6 3 4 4 5
85365 3 6 4 5 5 6 3 4 4 5
150901 3 5 5 6 3 7 3 4 5 4
101749 4 5 3 5 6 6 3 4 3 6
167285 3 6 3 6 4 7 3 4 4 5
30069 4 7 3 6 3 5 3 6 4 4
46453 3 7 4 5 4 5 3 6 3 5
79221 3 6 4 6 4 5 3 6 3 5
144757 3 6 3 7 4 5 3 6 4 4
54645 3 7 3 6 3 6 3 5 4 5
87413 2 8 2 7 3 6 3 5 4 5
152949 2 7 3 7 3 6 3 5 5 4
103797 3 6 3 6 4 6 3 5 3 6
169333 2 7 3 6 4 6 3 5 4 5
300405 2 6 5 5 4 6 3 6 3 5
58741 4 6 3 5 4 5 3 6 4 5
91509 3 6 4 5 4 5 3 6 4 5
157045 3 5 4 7 3 5 3 6 5 4
107893 3 6 4 4 5 5 3 6 3 6
173429 2 7 3 6 4 5 3 6 4 5
304501 2 6 5 4 6 4 3 7 3 5
206197 3 5 4 6 4 5 3 6 4 5
116085 4 6 2 5 4 6 3 5 4 6
31093 5 6 4 4 3 5 4 5 5 4
47477 4 6 4 5 3 5 4 5 4 5
80245 4 5 4 5 5 4 4 5 4 5
145781 4 5 3 6 4 6 3 5 5 4
55669 4 5 5 5 2 6 4 4 5 5
88437 3 6 4 5 4 5 4 4 5 5
153973 3 5 5 5 3 7 3 4 6 4
104821 4 4 4 6 4 5 4 4 4 6
170357 3 5 4 6 3 7 3 4 5 5
301429 3 4 6 5 3 6 5 4 4 5
203125 4 4 3 6 5 6 3 4 5 5
59765 4 6 4 4 3 5 4 5 5 5
92533 3 6 5 3 5 4 4 5 5 5
158069 3 5 5 5 3 6 3 5 6 4
108917 3 6 4 4 5 4 4 5 4 6
174453 2 7 3 6 3 6 3 5 5 5
305525 2 6 5 4 5 4 5 5 4 5
207221 3 5 4 5 5 5 3 5 5 5
338293 2 6 5 3 7 3 5 5 4 5
117109 4 5 4 4 4 5 4 4 5 6
182645 3 5 5 5 2 7 3 4 6 5
215413 3 5 5 4 4 6 3 4 6 5
61813 5 6 3 4 2 5 4 6 5 5
94581 4 6 3 5 3 4 4 6 5 5
160117 4 5 3 6 3 5 3 6 6 4
110965 4 5 4 5 3 4 4 6 4 6
176501 3 6 3 6 3 5 3 6 5 5
119157 4 6 3 5 2 5 4 5 5 6
184693 3 6 4 5 2 6 3 5 6 5
15989 6 6 4 5 4 4 4 4 4 4
24181 5 6 4 5 5 4 4 3 5 4
40565 5 5 4 5 5 6 3 3 4 5
73333 5 5 3 5 6 5 5 2 4 5
28277 5 5 4 6 5 3 4 4 5 4
44661 4 6 3 6 5 5 3 4 4 5
77429 4 5 4 5 6 4 5 3 4 5
142965 4 5 3 7 4 5 4 5 4 4
52853 5 4 3 6 6 5 3 3 5 5
85621 4 5 3 5 7 4 5 2 5 5
151157 4 4 4 6 5 5 4 4 5 4
102005 5 4 2 5 7 6 4 2 4 6
167541 4 5 2 6 5 7 3 4 4 5
30325 5 5 4 6 4 3 4 5 5 4
46709 4 5 5 5 4 5 3 5 4 5
79477 4 4 5 6 4 4 5 4 4 5
145013 4 4 4 7 4 4 4 6 4 4
54901 4 5 4 5 5 5 3 4 5 5
87669 3 6 3 6 5 4 5 3 5 5
153205 3 5 4 6 5 4 4 5 5 4
104053 4 4 4 5 5 6 4 3 4 6
169589 3 5 4 5 5 6 3 5 4 5
300661 3 4 6 4 5 6 3 5 5 4
58997 5 4 3 6 5 4 3 5 5 5
91765 4 4 4 6 5 3 5 4 5 5
157301 4 3 4 8 4 3 4 6 5 4
108149 4 4 4 5 5 5 4 4 4 6
173685 3 5 3 7 4 5 3 6 4 5
304757 3 4 5 5 6 4 3 6 5 4
206453 4 3 4 7 4 4 5 5 4 5
116341 5 4 2 5 6 5 4 3 5 6
181877 4 4 3 6 5 5 3 5 5 5
31349 5 6 4 4 4 3 5 4 6 4
47733 4 6 4 5 3 5 4 4 5 5
80501 4 5 4 5 5 3 6 3 5 5
146037 4 5 3 6 4 5 4 5 5 4
55925 4 5 5 4 4 5 4 3 6 5
88693 3 6 4 4 6 3 6 2 6 5
154229 3 5 5 4 5 5 4 4 6 4
105077 4 4 4 5 5 5 5 2 5 6
170613 3 5 4 5 4 7 3 4 5 5
301685 3 4 6 4 4 6 5 3 6 4
203381 4 4 3 5 6 5 5 3 5 5
60021 4 6 3 5 4 4 4 4 6 5
92789 3 6 4 4 6 2 6 3 6 5
158325 3 5 4 6 4 4 4 5 6 4
109173 3 6 3 5 5 4 5 3 5 6
174709 2 7 2 7 3 6 3 5 5 5
305781 2 6 4 5 5 4 5 4 6 4
207477 3 5 3 6 5 4 5 4 5 5
338549 2 6 4 4 7 2 7 3 6 4
117365 4 5 3 4 6 4 5 2 6 6
182901 3 5 4 5 4 6 3 4 6 5
313973 3 4 5 5 5 4 5 3 7 4
215669 3 5 4 4 6 4 5 3 6 5
62069 5 5 4 4 3 4 4 5 6 5
94837 4 5 4 5 4 2 6 4 6 5
160373 4 4 4 6 4 3 4 6 6 4
111221 4 4 5 5 3 4 5 4 5 6
176757 3 5 4 6 3 5 3 6 5 5
307829 3 4 6 4 4 5 4 5 6 4
209525 4 3 4 7 4 3 5 5 5 5
119413 4 5 4 4 4 4 5 3 6 6
184949 3 5 5 4 4 5 3 5 6 5
316021 3 4 6 4 4 5 4 4 7 4
217717 3 5 4 5 5 3 5 4 6 5
234101 4 4 4 5 4 5 4 4 5 6
123509 5 5 3 4 4 3 5 4 6 6
31861 6 6 3 4 3 4 4 5 5 5
48245 5 6 3 4 4 5 3 5 4 6
81013 5 5 3 4 5 5 4 4 4 6
146549 5 5 2 5 4 6 4 5 4 5
56437 5 5 3 5 4 5 3 4 5 6
89205 4 6 2 5 5 5 4 3 5 6
154741 4 5 3 5 4 6 4 4 5 5
105589 5 4 2 5 6 6 3 3 4 7
171125 4 5 2 5 5 7 3 4 4 6
203893 5 4 1 5 6 7 4 3 4 6
60533 5 5 3 5 4 4 3 5 5 6
93301 4 5 4 4 5 4 4 4 5 6
158837 4 4 4 6 3 5 4 5 5 5
109685 4 5 3 4 6 5 3 4 4 7
175221 3 6 2 6 4 6 3 5 4 6
207989 4 4 3 5 5 6 4 4 4 6
117877 5 4 2 5 6 5 3 3 5 7
183413 4 4 3 6 4 6 3 4 5 6
216181 4 4 3 5 5 6 4 3 5 6
62581 5 6 3 4 3 4 3 6 5 6
95349 4 6 3 5 3 4 4 5 5 6
160885 4 5 3 6 3 4 4 6 5 5
111733 4 5 4 4 4 5 3 5 4 7
177269 3 6 3 5 4 5 3 6 4 6
210037 4 4 3 6 4 5 4 5 4 6
119925 4 6 2 5 4 5 3 4 5 7
185461 3 6 3 5 4 5 3 5 5 6
218229 3 6 2 6 4 5 4 4 5 6
234613 4 5 2 5 5 6 3 4 4 7
124021 5 5 3 4 4 4 3 5 5 7
189557 4 5 3 6 3 4 3 6 5 6
222325 4 4 4 6 3 4 4 5 5 6
238709 4 5 3 5 4 5 3 5 4 7
63605 6 6 3 3 2 4 4 5 6 6
96373 5 6 3 3 4 3 5 4 6 6
112757 5 5 3 4 4 4 4 4 5 7
8117 6 7 6 5 5 3 4 3 3 3
12213 5 7 6 5 5 4 3 4 3 3
20405 5 6 6 5 5 4 5 2 4 3
36789 5 6 5 5 5 5 4 4 2 4
69557 5 6 5 4 6 4 5 3 4 3
14261 5 6 6 5 6 3 3 5 3 3
22453 4 7 5 5 6 3 5 3 4 3
38837 4 6 6 4 6 4 4 5 2 4
71605 4 6 5 5 6 3 5 4 4 3
26549 5 5 5 5 6 4 4 4 4 3
42933 4 6 5 4 6 5 3 6 2 4
75701 4 5 6 4 6 4 4 5 4 3
141237 4 5 5 6 5 4 3 6 4 3
51125 5 5 4 4 6 5 5 4 3 4
83893 4 6 4 4 6 4 6 3 5 3
149429 4 5 5 5 5 4 5 4 5 3
100277 5 5 4 3 6 5 5 5 3 4
15285 5 6 5 6 5 3 4 4 4 3
23477 4 6 6 5 5 3 6 2 5 3
39861 4 5 6 6 4 4 5 4 3 4
72629 4 5 5 6 6 2 6 3 5 3
27573 4 6 5 5 5 4 5 3 5 3
43957 3 7 4 6 4 5 4 5 3 4
76725 3 6 5 5 6 3 5 4 5 3
142261 3 6 4 7 4 5 3 5 5 3
52149 4 5 5 5 4 5 6 3 4 4
84917 3 6 5 4 6 3 7 2 6 3
150453 3 5 6 5 4 5 5 3 6 3
101301 4 5 4 5 5 4 6 4 4 4
166837 3 6 4 6 3 6 4 5 4 4
29621 5 5 4 5 6 3 5 4 5 3
46005 4 5 5 5 5 4 4 6 3 4
78773 4 4 5 6 6 2 5 5 5 3
144309 4 4 4 7 6 3 3 6 5 3
54197 4 5 5 4 5 4 6 4 4 4
86965 3 6 4 5 6 2 7 3 6 3
152501 3 5 5 5 6 3 5 4 6 3
103349 4 4 5 5 5 3 6 5 4 4
168885 3 5 5 5 5 4 4 6 4 4
299957 3 4 7 4 5 4 5 5 3 5
58293 5 5 3 4 5 5 5 5 4 4
91061 4 5 4 4 6 3 6 4 6 3
156597 4 4 4 6 5 4 4 5 6 3
107445 4 5 4 4 5 4 5 6 4 4
172981 3 6 3 6 4 5 3 7 4 4
205749 4 4 4 6 5 3 4 6 6 3
115637 5 5 3 3 5 4 7 4 5 4
15797 5 6 6 4 5 4 3 5 3 4
23989 4 6 6 5 4 4 5 3 4 4
40373 4 5 6 5 5 4 4 5 2 5
73141 4 5 5 5 6 4 4 4 4 4
28085 4 5 7 4 4 5 4 4 4 4
44469 3 6 6 4 5 5 3 6 2 5
77237 3 5 7 3 6 5 3 5 4 4
142773 3 5 6 5 4 6 3 5 4 4
52661 4 4 6 5 4 5 5 4 3 5
85429 3 5 6 4 5 5 5 3 5 4
150965 3 4 7 5 3 6 5 3 5 4
101813 4 4 5 4 6 5 4 5 3 5
167349 3 5 5 5 4 6 4 5 3 5
30133 4 6 5 4 5 4 4 5 4 4
46517 3 6 6 3 6 4 3 7 2 5
79285 3 5 6 4 6 4 3 6 4 4
144821 3 5 5 5 6 4 3 6 4 4
54709 3 6 5 4 5 4 5 5 3 5
87477 2 7 4 5 5 4 5 4 5 4
153013 2 6 5 5 5 4 5 4 5 4
103861 3 5 5 4 6 4 4 6 3 5
169397 2 6 5 4 6 4 4 6 3 5
300469 2 5 7 3 6 4 4 7 1 6
58805 4 5 5 3 5 5 4 6 3 5
91573 3 5 6 3 5 5 4 5 5 4
157109 3 4 6 5 4 5 4 5 5 4
107957 3 5 6 2 6 5 3 7 3 5
173493 2 6 5 4 5 5 3 7 3 5
304565 2 5 7 2 7 4 3 8 1 6
206261 3 4 6 4 5 5 3 6 5 4
116149 4 5 4 3 5 5 5 5 4 5
181685 3 5 5 4 4 5 5 5 4 5
31157 5 5 5 4 4 4 5 4 5 4
47541 4 5 5 5 4 4 4 6 3 5
80309 4 4 5 5 6 3 4 5 5 4
145845 4 4 4 6 5 5 3 5 5 4
55733 4 4 6 5 3 4 6 4 4 5
88501 3 5 5 5 5 3 6 3 6 4
154037 3 4 6 5 4 5 5 3 6 4
104885 4 3 5 6 5 3 5 5 4 5
170421 3 4 5 6 4 5 4 5 4 5
301493 3 3 7 5 4 4 6 5 2 6
203189 4 3 4 6 6 4 4 4 6 4
59829 4 5 5 4 3 5 5 5 4 5
92597 3 5 6 3 5 4 5 4 6 4
158133 3 4 6 5 3 6 4 4 6 4
108981 3 5 5 4 5 4 4 6 4 5
174517 2 6 4 6 3 6 3 6 4 5
305589 2 5 6 4 5 4 5 6 2 6
207285 3 4 5 5 5 5 3 5 6 4
338357 2 5 6 3 7 3 5 5 4 5
117173 4 4 5 4 4 4 6 4 5 5
182709 3 4 6 5 2 6 5 4 5 5
313781 3 3 7 5 3 4 7 4 3 6
215477 3 4 6 4 4 5 5 3 7 4
61877 5 5 4 3 4 4 5 6 4 5
94645 4 5 4 4 5 3 5 5 6 4
160181 4 4 4 5 5 4 4 5 6 4
111029 4 4 5 4 5 3 4 7 4 5
176565 3 5 4 5 5 4 3 7 4 5
209333 4 3 4 6 6 3 3 6 6 4
119221 4 5 4 4 4 3 6 5 5 5
184757 3 5 5 4 4 4 5 5 5 5
217525 3 5 4 5 5 3 5 4 7 4
16053 5 7 5 4 5 3 4 4 4 4
24245 4 7 5 4 6 2 6 2 5 4
40629 4 6 5 4 6 4 4 4 3 5
73397 4 6 4 4 7 3 6 2 5 4
28341 4 6 5 5 5 3 5 3 5 4
44725 3 7 4 5 5 5 3 5 3 5
77493 3 6 5 4 6 4 5 3 5 4
143029 3 6 4 6 4 5 4 5 4 4
52917 4 5 4 5 6 4 5 3 4 5
85685 3 6 4 4 7 3 7 1 6 4
151221 3 5 5 5 5 4 6 3 5 4
102069 4 5 3 4 7 5 5 3 4 5
167605 3 6 3 5 5 6 4 5 3 5
30389 4 6 5 4 6 2 5 4 5 4
46773 3 6 6 3 6 4 3 6 3 5
79541 3 5 6 4 6 3 5 4 5 4
145077 3 5 5 5 6 3 4 6 4 4
54965 3 6 5 3 7 3 5 4 4 5
87733 2 7 4 4 7 2 7 2 6 4
153269 2 6 5 4 7 2 6 4 5 4
104117 3 5 5 3 7 4 5 4 4 5
169653 2 6 5 3 7 4 4 6 3 5
300725 2 5 7 2 7 4 4 6 3 5
59061 4 5 4 4 6 4 4 5 4 5
91829 3 5 5 4 6 3 6 3 6 4
157365 3 4 5 6 5 3 5 5 5 4
108213 3 5 5 3 6 5 4 5 4 5
173749 2 6 4 5 5 5 3 7 3 5
304821 2 5 6 3 7 4 3 7 3 5
206517 3 4 5 5 5 4 5 5 5 4
116405 4 5 3 3 7 4 6 3 5 5
181941 3 5 4 4 6 4 5 5 4 5
214709 3 5 4 4 6 3 7 3 6 4
31413 4 7 4 4 5 2 6 3 6 4
47797 3 7 4 5 4 4 4 5 4 5
80565 3 6 4 5 6 2 6 3 6 4
146101 3 6 3 6 5 4 4 5 5 4
55989 3 6 5 4 5 3 6 3 5 5
88757 2 7 4 4 7 1 8 1 7 4
154293 2 6 5 4 6 3 6 3 6 4
105141 3 5 4 5 6 3 6 3 5 5
170677 2 6 4 5 5 5 4 5 4 5
301749 2 5 6 4 5 4 6 4 4 5
203445 3 5 3 5 7 3 6 3 6 4
60085 3 7 3 5 4 4 5 4 5 5
92853 2 7 4 4 6 2 7 2 7 4
158389 2 6 4 6 4 4 5 4 6 4
109237 2 7 3 5 5 4 5 4 5 5
174773 1 8 2 7 3 6 3 6 4 5
305845 1 7 4 5 5 4 5 5 4 5
207541 2 6 3 6 5 4 5 4 6 4
338613 1 7 4 4 7 2 7 3 6 4
117429 3 6 3 4 6 3 7 2 6 5
182965 2 6 4 5 4 5 5 4 5 5
314037 2 5 5 5 5 3 7 3 5 5
215733 2 6 4 4 6 3 7 2 7 4
346805 1 7 4 4 7 1 9 1 7 4
62133 4 6 4 3 5 3 5 5 5 5
94901 3 6 4 4 6 1 7 3 7 4
160437 3 5 4 5 6 2 5 5 6 4
111285 3 5 5 4 5 3 5 5 5 5
176821 2 6 4 5 5 4 3 7 4 5
307893 2 5 6 3 6 4 4 6 4 5
209589 3 4 4 6 6 2 5 5 6 4
340661 2 5 5 4 7 2 6 4 6 4
119477 3 6 4 3 6 2 7 3 6 5
185013 2 6 5 3 6 3 5 5 5 5
316085 2 5 6 3 6 3 6 4 5 5
217781 2 6 4 4 7 1 7 3 7 4
348853 1 7 4 4 7 1 8 2 7 4
234165 3 5 4 4 6 3 5 5 5 5
123573 4 6 3 3 5 3 6 4 6 5
31925 5 6 5 3 4 3 5 4 5 5
48309 4 6 5 3 5 4 3 6 3 6
81077 4 5 5 3 6 4 4 4 5 5
146613 4 5 4 4 5 5 4 5 4 5
56501 4 5 5 4 5 3 5 4 4 6
89269 3 6 4 4 6 3 6 2 6 5
154805 3 5 5 4 5 4 6 3 5 5
105653 4 4 4 4 7 4 4 4 4 6
171189 3 5 4 4 6 5 4 5 3 6
302261 3 4 6 3 6 4 5 6 2 6
203957 4 4 3 4 7 5 5 3 5 5
60597 4 5 5 4 4 4 4 5 4 6
93365 3 5 6 3 5 4 5 3 6 5
158901 3 4 6 5 3 5 5 4 5 5
109749 3 5 5 3 6 5 3 5 4 6
175285 2 6 4 5 4 6 3 6 3 6
306357 2 5 6 3 6 4 4 7 2 6
208053 3 4 5 4 5 6 4 4 5 5
339125 2 5 6 2 7 4 5 5 4 5
117941 4 4 4 4 6 4 5 3 5 6
183477 3 4 5 5 4 5 5 4 4 6
314549 3 3 6 5 5 3 6 5 3 6
216245 3 4 5 4 5 5 6 2 6 5
347317 2 5 5 4 6 3 7 3 5 5
62645 4 6 5 2 5 3 4 6 4 6
95413 3 6 5 3 5 3 5 4 6 5
160949 3 5 5 4 5 3 5 5 5 5
111797 3 5 6 2 6 4 3 6 4 6
177333 2 6 5 3 6 4 3 7 3 6
308405 2 5 7 1 7 4 3 8 2 6
210101 3 4 5 4 6 4 4 5 5 5
341173 2 5 6 2 7 4 4 6 4 5
119989 3 6 4 3 6 3 5 4 5 6
185525 2 6 5 3 6 3 5 5 4 6
316597 2 5 6 3 6 3 5 6 3 6
218293 2 6 4 4 6 3 6 3 6 5
349365 1 7 4 4 6 3 6 4 5 5
234677 3 5 4 3 7 4 4 5 4 6
124085 4 5 5 2 5 4 4 5 5 6
189621 3 5 5 4 4 4 4 6 4 6
222389 3 4 6 4 4 4 5 4 6 5
238773 3 5 5 3 5 5 3 6 4 6
63669 5 6 4 3 3 3 5 5 5 6
96437 4 6 4 3 5 2 6 3 7 5
161973 4 5 4 4 4 4 5 4 6 5
112821 4 5 4 4 5 3 4 5 5 6
178357 3 6 3 5 4 5 3 6 4 6
121013 4 5 4 4 5 2 6 3 6 6
125109 4 6 4 3 4 3 5 4 6 6
16181 6 6 5 5 4 3 3 5 4 4
24373 5 6 5 5 4 4 4 3 5 4
40757 5 5 5 5 4 5 4 4 3 5
73525 5 5 4 5 5 4 5 4 4 4
28469 5 5 5 5 5 4 3 4 5 4
44853 4 6 4 5 5 5 3 5 3 5
77621 4 5 5 4 6 4 4 5 4 4
143157 4 5 4 6 4 5 3 6 5 3
53045 5 4 4 5 5 6 4 3 4 5
85813 4 5 4 4 6 5 5 3 5 4
151349 4 4 5 5 4 6 4 4 6 3
102197 5 4 3 4 6 6 5 4 3 5
167733 4 5 3 5 4 7 4 5 4 4
30517 5 5 4 6 5 3 3 5 5 4
46901 4 5 5 5 5 4 3 6 3 5
79669 4 4 5 6 5 3 4 6 4 4
145205 4 4 4 7 5 3 3 7 5 3
55093 4 5 4 5 5 5 4 4 4 5
87861 3 6 3 6 5 4 5 4 5 4
153397 3 5 4 6 5 4 4 5 6 3
104245 4 4 4 5 5 5 5 5 3 5
169781 3 5 4 5 5 5 4 6 4 4
300853 3 4 6 4 5 5 4 6 3 5
59189 5 4 3 5 6 5 3 5 4 5
91957 4 4 4 5 6 4 4 5 5 4
157493 4 3 4 7 5 4 3 6 6 3
108341 4 4 4 4 6 5 4 6 3 5
173877 3 5 3 6 5 5 3 7 4 4
304949 3 4 5 4 7 4 3 7 3 5
206645 4 3 4 6 5 4 4 7 5 3
116533 5 4 2 4 6 6 5 4 4 5
182069 4 4 3 5 5 6 4 5 5 4
214837 4 4 3 5 5 5 5 5 6 3
31541 5 5 5 5 4 3 4 4 6 4
47925 4 5 5 6 3 4 4 5 4 5
80693 4 4 5 6 5 2 5 5 5 4
146229 4 4 4 7 4 4 3 6 6 3
56117 4 4 6 5 3 5 5 3 5 5
88885 3 5 5 5 5 3 6 3 6 4
154421 3 4 6 5 4 5 4 4 7 3
105269 4 3 5 6 4 4 6 4 4 5
170805 3 4 5 6 3 6 4 5 5 4
301877 3 3 7 5 3 5 6 4 4 5
203573 4 3 4 6 5 4 5 5 6 3
60213 4 5 4 5 4 5 4 4 5 5
92981 3 5 5 4 6 3 5 4 6 4
158517 3 4 5 6 4 5 3 5 7 3
109365 3 5 4 5 5 4 5 5 4 5
174901 2 6 3 7 3 6 3 6 5 4
305973 2 5 5 5 5 4 5 5 4 5
207669 3 4 4 6 5 4 4 6 6 3
338741 2 5 5 4 7 2 6 5 5 4
117557 4 4 4 4 5 5 6 3 5 5
183093 3 4 5 5 3 7 4 4 6 4
314165 3 3 6 5 4 5 6 3 5 5
215861 3 4 5 4 5 5 5 4 7 3
346933 2 5 5 4 6 3 7 3 6 4
62261 5 4 4 5 4 4 4 5 5 5
95029 4 4 4 6 5 2 5 5 6 4
160565 4 3 4 7 5 3 3 6 7 3
111413 4 3 5 6 4 3 5 6 4 5
176949 3 4 4 7 4 4 3 7 5 4
308021 3 3 6 5 5 4 4 6 4 5
209717 4 2 4 8 5 2 4 7 6 3
340789 3 3 5 6 6 2 5 6 5 4
119605 4 4 4 5 4 4 6 4 5 5
185141 3 4 5 5 4 5 4 5 6 4
316213 3 3 6 5 4 5 5 4 5 5
217909 3 4 4 6 5 3 5 5 7 3
348981 2 5 4 6 5 3 6 4 6 4
234293 4 3 4 6 4 4 5 6 5 4
123701 5 4 3 4 5 4 5 5 5 5
189237 4 4 3 6 4 5 3 6 6 4
32053 5 6 5 4 3 4 3 5 5 5
48437 4 6 5 4 4 4 3 6 3 6
81205 4 5 5 4 5 4 3 6 4 5
146741 4 5 4 5 4 5 3 6 5 4
56629 4 5 5 5 3 5 4 4 4 6
89397 3 6 4 5 4 5 4 4 5 5
154933 3 5 5 5 3 6 4 4 6 4
105781 4 4 4 5 5 5 4 5 3 6
171317 3 5 4 5 4 6 4 5 4 5
302389 3 4 6 4 4 5 5 6 2 6
204085 4 4 3 5 5 6 4 5 5 4
60725 4 5 5 4 4 5 3 5 4 6
93493 3 5 6 3 5 5 3 5 5 5
159029 3 4 6 5 3 6 3 5 6 4
109877 3 5 5 3 6 5 3 6 3 6
175413 2 6 4 5 4 6 3 6 4 5
306485 2 5 6 3 6 4 4 7 2 6
208181 3 4 5 4 5 6 3 6 5 4
339253 2 5 6 2 7 4 4 7 3 5
118069 4 4 4 4 5 6 4 4 4 6
183605 3 4 5 5 3 7 4 4 5 5
314677 3 3 6 5 4 5 5 5 3 6
216373 3 4 5 4 4 7 4 4 6 4
347445 2 5 5 4 5 5 5 5 4 5
62773 4 6 4 4 4 4 3 6 4 6
95541 3 6 4 5 4 4 3 6 5 5
161077 3 5 4 6 4 4 3 6 6 4
111925 3 5 5 4 5 4 3 7 3 6
177461 2 6 4 5 5 4 3 7 4 5
308533 2 5 6 3 6 4 3 8 2 6
210229 3 4 4 6 5 4 3 7 5 4
341301 2 5 5 4 6 4 3 8 3 5
120117 3 6 3 5 4 5 4 5 4 6
185653 2 6 4 5 4 5 4 5 5 5
316725 2 5 5 5 4 5 4 6 3 6
218421 2 6 3 6 4 5 4 5 6 4
349493 1 7 3 6 4 5 4 6 4 5
234805 3 5 3 5 5 5 4 6 4 5
124213 4 5 4 3 5 5 3 6 4 6
189749 3 5 4 5 4 5 3 6 5 5
320821 3 4 5 4 6 4 3 7 3 6
222517 3 4 5 5 4 5 3 6 6 4
238901 3 5 4 4 5 5 3 7 4 5
63797 5 5 5 4 2 4 4 5 5 6
96565 4 5 5 4 4 3 4 5 6 5
162101 4 4 5 5 3 5 3 5 7 4
112949 4 4 5 5 4 3 4 6 4 6
178485 3 5 4 6 3 5 3 6 5 5
309557 3 4 6 4 4 4 5 6 3 6
211253 4 3 4 6 5 4 3 6 6 4
121141 4 4 5 5 3 4 5 4 5 6
186677 3 4 6 5 2 6 4 4 6 5
219445 3 4 5 5 4 5 4 4 7 4
235829 4 3 4 6 4 5 4 5 5 5
125237 4 5 5 3 4 4 4 5 5 6
190773 3 5 5 5 2 6 3 5 6 5
223541 3 4 6 4 4 5 3 5 7 4
239925 3 5 4 5 4 5 3 6 5 5
248117 4 4 5 4 3 6 4 4 6 5
127285 5 5 4 4 3 3 4 6 5 6
32309 6 6 4 4 4 2 4 4 6 5
48693 5 6 4 4 4 4 3 5 4 6
81461 5 5 4 4 5 3 5 4 5 5
146997 5 5 3 5 4 4 4 6 5 4
56885 5 5 4 4 5 4 4 3 5 6
89653 4 6 3 4 6 3 6 2 6 5
155189 4 5 4 4 5 4 5 4 6 4
106037 5 4 3 4 6 5 5 3 4 6
171573 4 5 3 4 5 6 4 5 4 5
204341 5 4 2 4 6 5 6 4 5 4
60981 5 5 3 5 5 4 3 4 5 6
93749 4 5 4 4 6 3 5 3 6 5
159285 4 4 4 6 4 4 4 5 6 4
110133 4 5 3 4 6 5 4 4 4 6
175669 3 6 2 6 4 6 3 6 4 5
208437 4 4 3 5 5 5 5 5 5 4
118325 5 4 2 4 7 5 5 2 5 6
183861 4 4 3 5 5 6 4 4 5 5
216629 4 4 3 4 6 5 6 3 6 4
63029 5 5 4 4 5 3 3 5 5 6
95797 4 5 4 5 5 2 5 4 6 5
161333 4 4 4 6 5 2 4 6 6 4
112181 4 4 5 4 5 4 4 5 4 6
177717 3 5 4 5 5 4 3 7 4 5
210485 4 3 4 6 5 3 5 6 5 4
120373 4 5 3 4 6 4 5 3 5 6
185909 3 5 4 4 6 4 4 5 5 5
124469 5 4 3 4 6 4 4 4 5 6
190005 4 4 3 6 5 4 3 6 5 5
64053 5 6 4 4 3 3 4 4 6 6
96821 4 6 4 4 5 1 6 3 7 5
162357 4 5 4 5 4 3 4 5 7 4
113205 4 5 4 5 4 3 5 4 5 6
178741 3 6 3 6 3 5 3 6 5 5
211509 4 4 3 6 5 3 5 5 6 4
121397 4 5 4 4 5 3 6 2 6 6
186933 3 5 5 4 4 5 4 4 6 5
125493 4 6 3 4 5 3 5 3 6 6
191029 3 6 3 6 3 5 3 5 6 5
127541 5 5 4 4 4 2 5 4 6 6
193077 4 5 4 5 4 3 3 6 6 5
64565 6 6 4 3 3 3 3 5 5 7
97333 5 6 4 3 4 3 4 4 6 6
8149 6 8 5 6 4 4 3 3 3 3
12245 5 8 5 6 4 4 4 3 3 3
20437 5 7 5 6 4 4 5 3 3 3
36821 5 7 4 6 4 5 4 4 3 3
69589 5 7 4 5 5 4 5 3 4 3
14293 5 7 5 6 4 5 3 4 3 3
22485 4 8 4 6 4 5 4 4 3 3
38869 4 7 5 5 4 6 3 5 3 3
71637 4 7 4 6 4 5 4 4 4 3
26581 5 6 4 6 4 5 5 4 3 3
42965 4 7 4 5 4 6 4 5 3 3
75733 4 6 5 5 4 5 5 4 4 3
141269 4 6 4 7 3 5 4 5 3 4
51157 5 6 3 5 4 6 5 5 3 3
83925 4 7 3 5 4 5 6 4 4 3
149461 4 6 4 6 3 5 5 5 3 4
100309 5 6 3 4 4 6 5 5 4 3
15317 5 7 4 6 5 4 4 3 4 3
23509 4 7 5 5 5 4 5 3 4 3
39893 4 6 5 6 4 5 4 4 4 3
72661 4 6 4 6 6 3 5 3 5 3
27605 4 7 4 5 5 4 6 3 4 3
43989 3 8 3 6 4 5 5 4 4 3
76757 3 7 4 5 6 3 6 3 5 3
142293 3 7 3 7 4 5 4 4 4 4
52181 4 6 4 5 4 5 6 4 4 3
84949 3 7 4 4 6 3 7 3 5 3
150485 3 6 5 5 4 5 5 4 4 4
101333 4 6 3 5 5 4 6 4 5 3
166869 3 7 3 6 3 6 4 5 4 4
29653 5 6 3 5 5 5 5 4 4 3
46037 4 6 4 5 4 6 4 5 4 3
78805 4 5 4 6 5 4 5 4 5 3
144341 4 5 3 7 5 5 3 5 4 4
54229 4 6 4 4 4 6 5 5 4 3
86997 3 7 3 5 5 4 6 4 5 3
152533 3 6 4 5 5 5 4 5 4 4
103381 4 5 4 5 4 5 5 5 5 3
168917 3 6 4 5 4 6 3 6 4 4
299989 3 5 6 4 4 6 4 4 5 4
58325 5 6 2 4 4 6 6 5 4 3
91093 4 6 3 4 5 4 7 4 5 3
156629 4 5 3 6 4 5 5 5 4 4
107477 4 6 3 4 4 5 6 5 5 3
173013 3 7 2 6 3 6 4 6 4 4
205781 4 5 3 6 4 4 5 5 5 4
115669 5 6 2 3 4 5 7 5 5 3
15829 5 7 4 6 4 5 3 4 3 4
24021 4 7 4 7 3 5 4 4 3 4
40405 4 6 4 7 4 5 3 5 3 4
73173 4 6 3 7 5 5 3 4 4 4
28117 4 6 5 6 3 5 5 4 3 4
44501 3 7 4 6 4 5 4 5 3 4
77269 3 6 5 5 5 5 4 4 4 4
142805 3 6 4 7 3 6 4 4 3 5
52693 4 5 4 7 3 5 5 5 3 4
85461 3 6 4 6 4 5 5 4 4 4
150997 3 5 5 7 2 6 5 4 3 5
101845 4 5 3 6 5 5 4 5 4 4
167381 3 6 3 7 3 6 4 5 3 5
30165 4 7 3 6 3 6 4 5 3 4
46549 3 7 4 5 4 6 3 6 3 4
79317 3 6 4 6 4 6 3 5 4 4
144853 3 6 3 7 4 6 3 5 3 5
54741 3 7 3 6 3 6 4 6 3 4
87509 2 8 2 7 3 6 4 5 4 4
153045 2 7 3 7 3 6 4 5 3 5
103893 3 6 3 6 4 6 3 6 4 4
169429 2 7 3 6 4 6 3 6 3 5
300501 2 6 5 5 4 6 3 6 3 5
58837 4 6 3 5 3 6 5 6 3 4
91605 3 6 4 5 3 6 5 5 4 4
157141 3 5 4 7 2 6 5 5 3 5
107989 3 6 4 4 4 6 4 6 4 4
173525 2 7 3 6 3 6 4 6 3 5
304597 2 6 5 4 5 5 4 6 3 5
206293 3 5 4 6 3 6 4 5 4 5
116181 4 6 2 5 3 6 5 6 4 4
181717 3 6 3 6 2 6 5 6 3 5
31189 5 6 3 5 4 5 5 4 4 4
47573 4 6 3 6 4 5 4 5 4 4
80341 4 5 3 6 6 4 4 4 5 4
145877 4 5 2 7 5 6 3 4 4 5
55765 4 5 4 6 3 5 5 5 4 4
88533 3 6 3 6 5 4 5 4 5 4
154069 3 5 4 6 4 6 4 4 4 5
104917 4 4 3 7 5 4 4 5 5 4
170453 3 5 3 7 4 6 3 5 4 5
301525 3 4 5 6 4 5 5 4 4 5
203221 4 4 2 7 6 5 3 4 5 5
59861 4 6 3 5 3 5 6 5 4 4
92629 3 6 4 4 5 4 6 4 5 4
158165 3 5 4 6 3 6 5 4 4 5
109013 3 6 3 5 5 4 5 5 5 4
174549 2 7 2 7 3 6 4 5 4 5
305621 2 6 4 5 5 4 6 4 4 5
207317 3 5 3 6 5 5 4 4 5 5
338389 2 6 4 4 7 3 6 3 5 5
117205 4 5 3 5 4 4 6 5 5 4
182741 3 5 4 6 2 6 5 5 4 5
313813 3 4 5 6 3 4 7 4 4 5
215509 3 5 4 5 4 5 5 4 5 5
61909 5 6 2 4 3 6 5 6 4 4
94677 4 6 2 5 4 5 5 5 5 4
160213 4 5 2 6 4 6 4 5 4 5
111061 4 5 3 5 4 5 4 6 5 4
176597 3 6 2 6 4 6 3 6 4 5
209365 4 4 2 7 5 5 3 5 5 5
119253 4 6 2 5 3 5 5 6 5 4
184789 3 6 3 5 3 6 4 6 4 5
217557 3 6 2 6 4 5 4 5 5 5
233941 4 5 2 6 4 5 3 6 5 5
16085 5 7 5 5 4 4 4 3 4 4
24277 4 7 5 5 5 3 5 3 4 4
40661 4 6 5 5 5 5 3 4 4 4
73429 4 6 4 5 6 4 5 2 5 4
28373 4 6 5 6 4 3 6 3 4 4
44757 3 7 4 6 4 5 4 4 4 4
77525 3 6 5 5 5 4 6 2 5 4
143061 3 6 4 7 3 5 5 4 3 5
52949 4 5 4 6 5 4 5 4 4 4
85717 3 6 4 5 6 3 7 2 5 4
151253 3 5 5 6 4 4 6 4 3 5
102101 4 5 3 5 6 5 5 3 5 4
167637 3 6 3 6 4 6 4 5 3 5
30421 4 6 5 5 4 4 5 4 4 4
46805 3 6 6 4 4 6 3 5 4 4
79573 3 5 6 5 4 5 5 3 5 4
145109 3 5 5 6 4 5 4 5 3 5
54997 3 6 5 4 5 5 4 5 4 4
87765 2 7 4 5 5 4 6 3 5 4
153301 2 6 5 5 5 4 5 5 3 5
104149 3 5 5 4 5 6 4 4 5 4
169685 2 6 5 4 5 6 3 6 3 5
300757 2 5 7 3 5 6 3 5 5 4
59093 4 5 4 5 4 5 5 5 4 4
91861 3 5 5 5 4 4 7 3 5 4
157397 3 4 5 7 3 4 6 5 3 5
108245 3 5 5 4 4 6 5 4 5 4
173781 2 6 4 6 3 6 4 6 3 5
304853 2 5 6 4 5 5 4 5 5 4
206549 3 4 5 6 3 5 6 4 4 5
116437 4 5 3 4 5 5 6 4 5 4
181973 3 5 4 5 4 5 5 6 3 5
214741 3 5 4 5 4 4 7 4 4 5
31445 4 7 4 4 5 3 6 3 5 4
47829 3 7 4 5 4 5 4 4 5 4
80597 3 6 4 5 6 3 6 2 6 4
146133 3 6 3 6 5 5 4 4 4 5
56021 3 6 5 4 5 4 5 4 5 4
88789 2 7 4 4 7 2 7 2 6 4
154325 2 6 5 4 6 4 5 4 4 5
105173 3 5 4 5 6 4 5 3 6 4
170709 2 6 4 5 5 6 3 5 4 5
301781 2 5 6 4 5 5 5 3 6 4
203477 3 5 3 5 7 4 5 3 5 5
60117 3 7 3 5 4 4 6 4 5 4
92885 2 7 4 4 6 2 8 2 6 4
158421 2 6 4 6 4 4 6 4 4 5
109269 2 7 3 5 5 4 6 3 6 4
174805 1 8 2 7 3 6 4 5 4 5
305877 1 7 4 5 5 4 6 3 6 4
207573 2 6 3 6 5 4 6 3 5 5
338645 1 7 4 4 7 2 8 1 7 4
117461 3 6 3 4 6 3 7 3 6 4
182997 2 6 4 5 4 5 5 5 4 5
314069 2 5 5 5 5 3 7 3 6 4
215765 2 6 4 4 6 3 7 3 5 5
346837 1 7 4 4 7 1 9 1 7 4
62165 4 6 4 3 4 5 5 5 5 4
94933 3 6 4 4 5 3 7 3 6 4
160469 3 5 4 5 5 4 5 5 4 5
111317 3 5 5 4 4 5 5 4 6 4
176853 2 6 4 5 4 6 3 6 4 5
307925 2 5 6 3 5 6 4 4 6 4
209621 3 4 4 6 5 4 5 4 5 5
340693 2 5 5 4 6 4 6 2 7 4
119509 3 6 4 3 5 4 6 4 6 4
185045 2 6 5 3 5 5 4 6 4 5
316117 2 5 6 3 5 5 5 4 6 4
217813 2 6 4 4 6 3 6 4 5 5
348885 1 7 4 4 6 3 7 2 7 4
234197 3 5 4 4 5 5 4 5 5 5
123605 4 6 3 3 4 4 7 4 6 4
31957 5 6 4 5 3 4 5 4 4 5
48341 4 6 4 5 4 5 3 5 4 5
81109 4 5 4 5 5 5 4 3 5 5
146645 4 5 3 6 4 6 4 4 3 6
56533 4 5 4 6 4 4 4 5 4 5
89301 3 6 3 6 5 4 5 3 5 5
154837 3 5 4 6 4 5 5 4 3 6
105685 4 4 3 6 6 5 3 4 5 5
171221 3 5 3 6 5 6 3 5 3 6
302293 3 4 5 5 5 5 4 5 4 5
203989 4 4 2 6 6 6 4 3 4 6
60629 4 5 4 6 3 4 5 5 4 5
93397 3 5 5 5 4 4 6 3 5 5
158933 3 4 5 7 2 5 6 4 3 6
109781 3 5 4 5 5 5 4 4 5 5
175317 2 6 3 7 3 6 4 5 3 6
306389 2 5 5 5 5 4 5 5 4 5
208085 3 4 4 6 4 6 5 3 4 6
339157 2 5 5 4 6 4 6 3 5 5
117973 4 4 3 6 5 4 5 4 5 5
183509 3 4 4 7 3 5 5 5 3 6
314581 3 3 5 7 4 3 6 5 4 5
216277 3 4 4 6 4 5 6 3 4 6
347349 2 5 4 6 5 3 7 3 5 5
62677 4 6 4 4 3 5 4 6 4 5
95445 3 6 4 5 3 5 5 4 5 5
160981 3 5 4 6 3 5 5 5 3 6
111829 3 5 5 4 4 6 3 5 5 5
177365 2 6 4 5 4 6 3 6 3 6
308437 2 5 6 3 5 6 3 6 4 5
210133 3 4 4 6 4 6 4 4 4 6
341205 2 5 5 4 5 6 4 4 5 5
120021 3 6 3 5 4 5 4 5 5 5
185557 2 6 4 5 4 5 4 6 3 6
316629 2 5 5 5 4 5 4 6 4 5
218325 2 6 3 6 4 5 5 4 4 6
349397 1 7 3 6 4 5 5 4 5 5
234709 3 5 3 5 5 6 3 5 4 6
124117 4 5 4 4 3 5 5 5 5 5
189653 3 5 4 6 2 5 5 6 3 6
222421 3 4 5 6 2 5 6 4 4 6
238805 3 5 4 5 3 6 4 5 4 6
63701 5 6 3 4 3 4 5 5 5 5
96469 4 6 3 4 5 3 6 3 6 5
162005 4 5 3 5 4 5 5 4 4 6
112853 4 5 3 5 5 4 4 4 6 5
178389 3 6 2 6 4 6 3 5 4 6
211157 4 4 2 6 6 5 4 3 5 6
121045 4 5 3 5 5 3 5 4 6 5
186581 3 5 4 5 4 5 4 5 4 6
125141 4 6 3 4 4 3 6 4 6 5
190677 3 6 3 6 2 5 5 5 4 6
16213 5 8 4 6 3 4 3 4 4 4
24405 4 8 4 6 3 5 3 4 4 4
40789 4 7 4 6 3 6 3 4 4 4
73557 4 7 3 6 4 5 4 4 4 4
28501 4 7 4 6 4 4 4 4 4 4
44885 3 8 3 6 4 5 4 4 4 4
77653 3 7 4 5 5 4 5 4 4 4
143189 3 7 3 7 3 5 4 5 4 4
53077 4 6 3 6 4 6 4 4 4 4
85845 3 7 3 5 5 5 5 4 4 4
151381 3 6 4 6 3 6 4 5 4 4
102229 4 6 2 5 5 6 5 4 4 4
167765 3 7 2 6 3 7 4 5 4 4
30549 4 7 3 7 3 5 3 5 4 4
46933 3 7 4 6 3 6 3 5 4 4
79701 3 6 4 7 3 5 4 5 4 4
145237 3 6 3 8 3 5 3 6 4 4
55125 3 7 3 6 3 7 3 5 4 4
87893 2 8 2 7 3 6 4 5 4 4
153429 2 7 3 7 3 6 3 6 4 4
104277 3 6 3 6 3 7 4 5 4 4
169813 2 7 3 6 3 7 3 6 4 4
300885 2 6 5 5 3 7 3 5 5 4
59221 4 6 2 6 4 6 4 5 4 4
91989 3 6 3 6 4 5 5 5 4 4
157525 3 5 3 8 3 5 4 6 4 4
108373 3 6 3 5 4 6 5 5 4 4
173909 2 7 2 7 3 6 4 6 4 4
304981 2 6 4 5 5 5 4 5 5 4
206677 3 5 3 7 3 5 5 6 4 4
116565 4 6 1 5 4 7 5 5 4 4
182101 3 6 2 6 3 7 4 6 4 4
214869 3 6 2 6 3 6 5 6 4 4
31573 4 7 4 5 4 4 4 4 5 4
47957 3 7 4 6 3 5 4 4 5 4
80725 3 6 4 6 5 3 5 4 5 4
146261 3 6 3 7 4 5 3 5 5 4
56149 3 6 5 5 3 6 4 4 5 4
88917 2 7 4 5 5 4 5 4 5 4
154453 2 6 5 5 4 6 3 5 5 4
105301 3 5 4 6 4 5 5 4 5 4
170837 2 6 4 6 3 7 3 5 5 4
301909 2 5 6 5 3 6 5 3 6 4
203605 3 5 3 6 5 5 4 5 5 4
60245 3 7 3 5 4 5 5 4 5 4
93013 2 7 4 4 6 3 6 4 5 4
158549 2 6 4 6 4 5 4 5 5 4
109397 2 7 3 5 5 4 6 4 5 4
174933 1 8 2 7 3 6 4 5 5 4
306005 1 7 4 5 5 4 6 3 6 4
207701 2 6 3 6 5 4 5 5 5 4
338773 1 7 4 4 7 2 7 3 6 4
117589 3 6 3 4 5 5 6 4 5 4
183125 2 6 4 5 3 7 4 5 5 4
314197 2 5 5 5 4 5 6 3 6 4
215893 2 6 4 4 5 5 5 5 5 4
346965 1 7 4 4 6 3 7 3 6 4
62293 4 6 3 5 3 6 4 5 5 4
95061 3 6 3 6 4 4 5 5 5 4
160597 3 5 3 7 4 5 3 6 5 4
111445 3 5 4 6 3 5 5 5 5 4
176981 2 6 3 7 3 6 3 6 5 4
308053 2 5 5 5 4 6 4 4 6 4
209749 3 4 3 8 4 4 4 6 5 4
340821 2 5 4 6 5 4 5 4 6 4
119637 3 6 3 5 3 6 5 5 5 4
185173 2 6 4 5 3 7 3 6 5 4
316245 2 5 5 5 3 7 4 4 6 4
217941 2 6 3 6 4 5 4 6 5 4
349013 1 7 3 6 4 5 5 4 6 4
234325 3 5 3 6 3 6 4 6 5 4
123733 4 6 2 4 4 5 6 5 5 4
189269 3 6 2 6 3 6 4 6 5 4
32085 4 8 3 6 2 5 3 5 4 5
48469 3 8 3 6 3 5 3 5 4 5
81237 3 7 3 6 4 5 3 5 4 5
146773 3 7 2 7 3 6 3 5 4 5
56661 3 7 3 7 2 6 3 5 4 5
89429 2 8 2 7 3 6 3 5 4 5
154965 2 7 3 7 2 7 3 5 4 5
105813 3 6 2 7 4 6 3 5 4 5
171349 2 7 2 7 3 7 3 5 4 5
302421 2 6 4 6 3 6 4 5 4 5
204117 3 6 1 7 4 7 3 5 4 5
60757 3 7 3 6 3 5 4 5 4 5
93525 2 7 4 5 4 5 4 5 4 5
159061 2 6 4 7 2 6 4 5 4 5
109909 2 7 3 5 5 5 4 5 4 5
175445 1 8 2 7 3 6 4 5 4 5
306517 1 7 4 5 5 4 5 5 4 5
208213 2 6 3 6 4 6 4 5 4 5
339285 1 7 4 4 6 4 5 5 4 5
118101 3 6 2 6 4 6 4 5 4 5
183637 2 6 3 7 2 7 4 5 4 5
314709 2 5 4 7 3 5 5 5 4 5
216405 2 6 3 6 3 7 4 5 4 5
347477 1 7 3 6 4 5 5 5 4 5
62805 3 8 2 6 2 6 3 6 4 5
95573 2 8 2 7 2 6 3 6 4 5
161109 2 7 2 8 2 6 3 6 4 5
111957 2 7 3 6 3 6 3 6 4 5
177493 1 8 2 7 3 6 3 6 4 5
308565 1 7 4 5 4 6 3 6 4 5
210261 2 6 2 8 3 6 3 6 4 5
341333 1 7 3 6 4 6 3 6 4 5
120149 2 8 1 7 2 7 3 6 4 5
185685 1 8 2 7 2 7 3 6 4 5
316757 1 7 3 7 2 7 3 6 4 5
218453 1 8 1 8 2 7 3 6 4 5
349525 0 9 1 8 2 7 3 6 4 5
234837 2 7 1 7 3 7 3 6 4 5
124245 3 7 2 5 3 6 4 6 4 5
189781 2 7 2 7 2 6 4 6 4 5
320853 2 6 3 6 4 5 4 6 4 5
222549 2 6 3 7 2 6 4 6 4 5
238933 2 7 2 6 3 6 4 6 4 5
63829 4 7 3 5 2 5 4 5 5 5
96597 3 7 3 5 4 4 4 5 5 5
162133 3 6 3 6 3 6 3 5 5 5
112981 3 6 3 6 4 4 4 5 5 5
178517 2 7 2 7 3 6 3 5 5 5
309589 2 6 4 5 4 5 5 4 5 5
211285 3 5 2 7 5 5 3 5 5 5
342357 2 6 3 5 6 4 5 4 5 5
121173 3 6 3 6 3 5 4 5 5 5
186709 2 6 4 6 2 7 3 5 5 5
317781 2 5 5 6 2 6 5 4 5 5
219477 2 6 3 6 4 6 3 5 5 5
235861 3 5 2 7 4 6 3 5 5 5
125269 3 7 3 4 4 4 5 5 5 5
190805 2 7 3 6 2 6 4 5 5 5
321877 2 6 4 5 4 4 6 4 5 5
223573 2 6 4 5 4 5 4 5 5 5
239957 2 7 2 6 4 5 4 5 5 5
248149 3 6 3 5 3 6 4 5 5 5
127317 4 7 2 5 2 5 4 6 5 5
32341 5 7 4 5 3 3 4 4 5 5
48725 4 7 4 5 3 5 3 4 5 5
81493 4 6 4 5 4 4 5 3 5 5
147029 4 6 3 6 3 5 4 5 4 5
56917 4 6 4 5 4 5 3 4 5 5
89685 3 7 3 5 5 4 5 3 5 5
155221 3 6 4 5 4 5 4 5 4 5
106069 4 5 3 5 5 6 4 3 5 5
171605 3 6 3 5 4 7 3 5 4 5
302677 3 5 5 4 4 6 4 4 6 4
204373 4 5 2 5 5 6 5 4 4 5
61013 4 6 3 6 4 4 4 4 5 5
93781 3 6 4 5 5 3 6 3 5 5
159317 3 5 4 7 3 4 5 5 4 5
110165 3 6 3 5 5 5 5 3 5 5
175701 2 7 2 7 3 6 4 5 4 5
306773 2 6 4 5 5 4 5 4 6 4
208469 3 5 3 6 4 5 6 4 4 5
339541 2 6 4 4 6 3 7 3 6 4
118357 4 5 2 5 6 5 5 3 5 5
183893 3 5 3 6 4 6 4 5 4 5
314965 3 4 4 6 5 4 5 4 6 4
216661 3 5 3 5 5 5 6 4 4 5
347733 2 6 3 5 6 3 7 3 6 4
233045 4 5 1 5 5 7 5 4 4 5
63061 4 6 4 5 3 5 3 5 5 5
95829 3 6 4 6 3 4 5 4 5 5
161365 3 5 4 7 3 4 4 6 4 5
112213 3 5 5 5 3 6 4 4 5 5
177749 2 6 4 6 3 6 3 6 4 5
308821 2 5 6 4 4 6 3 5 6 4
210517 3 4 4 7 3 5 5 5 4 5
341589 2 5 5 5 4 5 5 4 6 4
120405 3 6 3 5 4 6 4 4 5 5
185941 2 6 4 5 4 6 3 6 4 5
317013 2 5 5 5 4 6 3 5 6 4
218709 2 6 3 6 4 5 5 5 4 5
235093 3 5 3 5 4 7 4 5 4 5
124501 4 5 3 5 4 5 5 4 5 5
190037 3 5 3 7 3 5 4 6 4 5
321109 3 4 4 6 5 4 4 5 6 4
222805 3 4 4 7 3 4 6 5 4 5
239189 3 5 3 6 3 6 5 5 4 5
64085 4 7 4 4 3 4 4 4 6 5
96853 3 7 4 4 5 2 6 3 6 5
162389 3 6 4 5 4 4 4 5 5 5
113237 3 6 4 5 4 4 5 3 6 5
178773 2 7 3 6 3 6 3 5 5 5
309845 2 6 5 4 4 5 5 3 7 4
211541 3 5 3 6 5 4 5 4 5 5
342613 2 6 4 4 6 3 7 2 7 4
121429 3 6 4 4 5 4 5 3 6 5
186965 2 6 5 4 4 6 3 5 5 5
318037 2 5 6 4 4 5 5 3 7 4
219733 2 6 4 4 6 4 5 4 5 5
236117 3 5 3 5 5 6 4 4 5 5
125525 3 7 3 4 5 3 6 3 6 5
191061 2 7 3 6 3 5 4 5 5 5
322133 2 6 4 5 5 3 6 3 7 4
223829 2 6 4 5 5 3 6 4 5 5
240213 2 7 2 6 4 5 5 4 5 5
248405 3 6 3 4 5 5 5 4 5 5
127573 4 6 4 4 3 4 5 4 6 5
193109 3 6 4 5 3 5 3 6 5 5
225877 3 5 4 6 4 3 5 5 5 5
242261 3 5 4 6 3 5 4 5 5 5
250453 3 6 4 4 4 5 4 5 5 5
64597 5 7 3 5 2 4 3 5 5 6
97365 4 7 3 5 3 4 4 4 5 6
162901 4 6 3 6 2 5 4 5 4 6
113749 4 6 3 5 4 5 3 4 5 6
121941 4 6 2 6 4 5 3 4 5 6
126037 4 6 3 5 4 4 4 4 5 6
128085 4 7 3 5 2 5 3 5 5 6
16277 6 7 5 5 4 3 3 4 4 4
24469 5 7 5 5 4 3 5 3 4 4
40853 5 6 5 5 4 4 4 5 3 4
73621 5 6 4 5 5 3 5 4 5 3
28565 5 6 5 5 4 4 5 3 4 4
44949 4 7 4 5 4 5 4 5 3 4
77717 4 6 5 4 5 4 5 4 5 3
143253 4 6 4 6 3 5 4 5 4 4
53141 5 5 4 5 4 5 6 4 3 4
85909 4 6 4 4 5 4 7 3 5 3
151445 4 5 5 5 3 5 6 4 4 4
102293 5 5 3 4 5 5 6 5 4 3
167829 4 6 3 5 3 6 5 6 3 4
30613 5 6 4 5 5 4 4 4 4 4
46997 4 6 5 4 5 5 3 6 3 4
79765 4 5 5 5 5 4 4 5 5 3
145301 4 5 4 6 5 4 3 6 4 4
55189 4 6 4 4 5 5 5 5 3 4
87957 3 7 3 5 5 4 6 4 5 3
153493 3 6 4 5 5 4 5 5 4 4
104341 4 5 4 4 5 5 5 6 4 3
169877 3 6 4 4 5 5 4 7 3 4
300949 3 5 6 3 5 5 4 6 3 5
59285 5 5 3 4 5 6 5 5 3 4
92053 4 5 4 4 5 5 6 4 5 3
157589 4 4 4 6 4 5 5 5 4 4
108437 4 5 4 3 5 6 5 6 4 3
173973 3 6 3 5 4 6 4 7 3 4
305045 3 5 5 3 6 5 4 6 3 5
206741 4 4 4 5 4 5 5 6 5 3
116629 5 5 2 3 5 6 7 5 4 3
182165 4 5 3 4 4 6 6 6 3 4
214933 4 5 3 4 4 5 7 5 5 3
31637 5 6 4 5 5 3 5 3 5 4
48021 4 6 4 6 4 4 4 5 4 4
80789 4 5 4 6 6 2 5 4 6 3
146325 4 5 3 7 5 4 3 5 5 4
56213 4 5 5 5 4 4 6 4 4 4
88981 3 6 4 5 6 2 7 3 6 3
154517 3 5 5 5 5 4 5 4 5 4
105365 4 4 4 6 5 3 6 5 5 3
170901 3 5 4 6 4 5 4 6 4 4
301973 3 4 6 5 4 4 6 4 4 5
203669 4 4 3 6 6 3 5 5 6 3
60309 4 6 3 5 4 5 6 4 4 4
93077 3 6 4 4 6 3 7 3 6 3
158613 3 5 4 6 4 5 5 4 5 4
109461 3 6 3 5 5 4 6 5 5 3
174997 2 7 2 7 3 6 4 6 4 4
306069 2 6 4 5 5 4 6 4 4 5
207765 3 5 3 6 5 4 5 5 6 3
338837 2 6 4 4 7 2 7 3 6 4
117653 4 5 3 4 5 4 8 4 5 3
183189 3 5 4 5 3 6 6 5 4 4
314261 3 4 5 5 4 4 8 3 4 5
215957 3 5 4 4 5 4 7 4 6 3
62357 5 5 3 4 5 5 5 5 4 4
95125 4 5 3 5 6 3 6 4 6 3
160661 4 4 3 6 6 4 4 5 5 4
111509 4 4 4 5 5 4 5 6 5 3
177045 3 5 3 6 5 5 3 7 4 4
308117 3 4 5 4 6 5 4 5 4 5
209813 4 3 3 7 6 3 4 6 6 3
340885 3 4 4 5 7 3 5 4 6 4
119701 4 5 3 4 5 4 7 5 5 3
185237 3 5 4 4 5 5 5 6 4 4
316309 3 4 5 4 5 5 6 4 4 5
218005 3 5 3 5 6 3 6 5 6 3
234389 4 4 3 5 5 4 5 7 5 3
123797 5 5 2 3 5 5 7 5 5 3
189333 4 5 2 5 4 6 5 6 4 4
222101 4 4 3 5 5 4 6 5 6 3
32149 5 6 5 5 3 4 4 4 4 5
48533 4 6 5 5 4 4 3 6 3 5
81301 4 5 5 5 5 4 3 5 5 4
146837 4 5 4 6 4 5 3 5 4 5
56725 4 5 5 6 3 4 5 5 3 5
89493 3 6 4 6 4 4 5 4 5 4
155029 3 5 5 6 3 5 5 4 4 5
105877 4 4 4 6 5 4 4 6 4 4
171413 3 5 4 6 4 5 4 6 3 5
302485 3 4 6 5 4 4 5 6 2 6
204181 4 4 3 6 5 5 4 5 5 4
60821 4 5 5 5 3 5 5 5 3 5
93589 3 5 6 4 4 5 5 4 5 4
159125 3 4 6 6 2 6 5 4 4 5
109973 3 5 5 4 5 5 4 6 4 4
175509 2 6 4 6 3 6 4 6 3 5
306581 2 5 6 4 5 4 5 6 2 6
208277 3 4 5 5 4 6 4 5 5 4
339349 2 5 6 3 6 4 5 5 4 5
118165 4 4 4 5 4 5 6 5 4 4
183701 3 4 5 6 2 6 6 5 3 5
314773 3 3 6 6 3 4 7 5 2 6
216469 3 4 5 5 3 6 6 4 5 4
62869 4 6 4 4 4 5 4 6 3 5
95637 3 6 4 5 4 5 4 5 5 4
161173 3 5 4 6 4 5 4 5 4 5
112021 3 5 5 4 5 5 3 7 4 4
177557 2 6 4 5 5 5 3 7 3 5
308629 2 5 6 3 6 5 3 7 2 6
210325 3 4 4 6 5 5 3 6 5 4
341397 2 5 5 4 6 5 3 6 4 5
120213 3 6 3 5 4 5 5 6 4 4
185749 2 6 4 5 4 5 5 6 3 5
316821 2 5 5 5 4 5 5 6 2 6
218517 2 6 3 6 4 5 5 5 5 4
234901 3 5 3 5 5 5 4 7 4 4
124309 4 5 4 3 4 6 5 6 4 4
189845 3 5 4 5 3 6 5 6 3 5
320917 3 4 5 4 5 5 5 6 2 6
222613 3 4 5 5 3 6 5 5 5 4
238997 3 5 4 4 4 6 4 7 4 4
63893 5 5 4 5 3 4 5 5 4 5
96661 4 5 4 5 5 3 5 4 6 4
162197 4 4 4 6 4 5 4 4 5 5
113045 4 4 4 6 5 3 4 6 5 4
178581 3 5 3 7 4 5 3 6 4 5
309653 3 4 5 5 5 4 5 5 3 6
211349 4 3 3 7 6 4 3 5 6 4
342421 3 4 4 5 7 3 5 4 5 5
121237 4 4 4 6 4 3 6 5 5 4
186773 3 4 5 6 3 5 5 5 4 5
317845 3 3 6 6 3 4 7 4 3 6
219541 3 4 4 6 5 4 5 4 6 4
235925 4 3 3 7 5 4 4 6 5 4
125333 4 5 4 4 4 4 6 5 5 4
190869 3 5 4 6 2 6 5 5 4 5
321941 3 4 5 5 4 4 7 4 3 6
223637 3 4 5 5 4 5 5 4 6 4
240021 3 5 3 6 4 5 4 6 5 4
248213 4 4 4 5 3 5 6 5 5 4
127381 5 5 3 4 4 4 5 6 5 4
192917 4 5 3 5 4 5 4 6 4 5
32405 5 7 5 4 4 2 5 3 5 5
48789 4 7 5 4 4 4 3 5 4 5
81557 4 6 5 4 5 3 5 3 6 4
147093 4 6 4 5 4 4 4 5 4 5
56981 4 6 5 4 5 3 5 4 4 5
89749 3 7 4 4 6 2 7 2 6 4
155285 3 6 5 4 5 3 6 4 4 5
106133 4 5 4 4 6 4 5 4 5 4
171669 3 6 4 4 5 5 4 6 3 5
302741 3 5 6 3 5 4 5 5 4 5
204437 4 5 3 4 6 4 6 4 5 4
61077 4 6 4 5 4 4 5 4 4 5
93845 3 6 5 4 5 3 7 2 6 4
159381 3 5 5 6 3 4 6 4 4 5
110229 3 6 4 4 5 5 5 4 5 4
175765 2 7 3 6 3 6 4 6 3 5
306837 2 6 5 4 5 4 5 5 4 5
208533 3 5 4 5 4 5 6 4 5 4
339605 2 6 5 3 6 3 7 3 6 4
118421 4 5 3 4 6 4 7 3 5 4
183957 3 5 4 5 4 5 6 5 3 5
315029 3 4 5 5 5 3 7 4 4 5
216725 3 5 4 4 5 4 8 3 5 4
233109 4 5 2 4 5 6 6 5 4 4
63125 4 6 5 3 5 4 4 5 4 5
95893 3 6 5 4 5 3 6 3 6 4
161429 3 5 5 5 5 3 5 5 4 5
112277 3 5 6 3 5 5 4 5 5 4
177813 2 6 5 4 5 5 3 7 3 5
308885 2 5 7 2 6 5 3 6 4 5
210581 3 4 5 5 5 4 5 5 5 4
341653 2 5 6 3 6 4 5 4 6 4
120469 3 6 4 3 6 4 6 4 5 4
186005 2 6 5 3 6 4 5 6 3 5
317077 2 5 6 3 6 4 5 5 4 5
218773 2 6 4 4 6 3 7 4 5 4
235157 3 5 4 3 6 5 5 6 4 4
124565 4 5 4 3 5 5 6 4 5 4
190101 3 5 4 5 4 5 5 6 3 5
321173 3 4 5 4 6 4 5 5 4 5
222869 3 4 5 5 4 4 7 4 5 4
239253 3 5 4 4 4 6 5 6 4 4
64149 4 7 4 4 4 3 5 4 5 5
96917 3 7 4 4 6 1 7 2 7 4
162453 3 6 4 5 5 3 5 4 5 5
113301 3 6 4 5 5 3 5 4 6 4
178837 2 7 3 6 4 5 3 6 4 5
309909 2 6 5 4 5 4 5 4 5 5
211605 3 5 3 6 6 3 5 4 6 4
342677 2 6 4 4 7 2 7 2 7 4
121493 3 6 4 4 6 2 7 3 6 4
187029 2 6 5 4 5 4 5 5 4 5
318101 2 5 6 4 5 3 7 3 5 5
219797 2 6 4 4 7 2 7 3 6 4
236181 3 5 3 5 6 4 5 5 5 4
125589 3 7 3 4 5 3 7 3 6 4
191125 2 7 3 6 3 5 5 5 4 5
322197 2 6 4 5 5 3 7 3 5 5
223893 2 6 4 5 5 3 7 3 6 4
240277 2 7 2 6 4 5 5 5 5 4
248469 3 6 3 4 5 4 7 4 5 4
127637 4 6 4 3 5 3 6 4 6 4
193173 3 6 4 4 5 4 4 6 4 5
324245 3 5 5 3 6 4 5 4 5 5
225941 3 5 4 5 6 2 6 4 6 4
242325 3 5 4 5 5 4 4 6 5 4
250517 3 6 4 3 6 3 6 5 5 4
64661 5 6 5 4 3 3 4 5 4 6
97429 4 6 5 4 4 3 5 3 6 5
162965 4 5 5 5 3 4 5 4 4 6
113813 4 5 5 4 5 4 3 5 5 5
179349 3 6 4 5 4 5 3 6 3 6
212117 4 4 4 5 5 5 4 4 5 5
122005 4 5 4 5 5 3 5 4 5 5
187541 3 5 5 5 4 4 5 5 3 6
220309 3 5 4 5 5 4 6 3 5 5
236693 4 4 3 5 6 5 4 5 4 5
126101 4 5 5 4 4 4 5 4 5 5
191637 3 5 5 6 2 5 5 5 3 6
224405 3 4 6 5 3 5 6 3 5 5
240789 3 5 4 5 4 6 4 5 4 5
248981 4 4 4 5 4 5 6 4 4 5
128149 4 6 5 3 4 4 4 5 5 5
193685 3 6 5 4 4 4 4 6 3 6
226453 3 5 5 5 4 4 5 4 5 5
242837 3 5 5 4 5 5 3 6 4 5
251029 3 6 4 4 5 4 5 5 4 5
255125 4 5 5 4 3 5 5 5 4 5
129173 5 6 4 4 4 2 5 4 6 5
32533 6 7 4 5 3 3 3 4 5 5
48917 5 7 4 5 3 4 3 5 4 5
81685 5 6 4 5 4 3 4 5 5 4
147221 5 6 3 6 3 4 3 6 5 4
57109 5 6 4 5 3 5 4 4 4 5
89877 4 7 3 5 4 4 5 4 5 4
155413 4 6 4 5 3 5 4 5 5 4
106261 5 5 3 5 4 5 5 5 4 4
171797 4 6 3 5 3 6 4 6 4 4
61205 5 6 3 5 4 5 4 4 4 5
93973 4 6 4 4 5 4 5 4 5 4
159509 4 5 4 6 3 5 4 5 5 4
110357 4 6 3 4 5 5 5 5 4 4
118549 5 5 2 4 5 6 6 4 4 4
63253 5 6 3 5 4 5 3 5 4 5
96021 4 6 3 6 4 4 4 5 5 4
161557 4 5 3 7 4 4 3 6 5 4
112405 4 5 4 5 4 5 4 6 4 4
120597 4 6 2 5 4 6 5 5 4 4
124693 5 5 2 4 5 6 5 5 4 4
64277 5 6 4 5 3 4 4 4 5 5
97045 4 6 4 5 5 2 5 4 6 4
162581 4 5 4 6 4 4 3 5 6 4
113429 4 5 4 6 4 3 5 5 5 4
121621 4 5 4 5 4 4 6 4 5 4
125717 4 6 3 4 5 4 6 4 5 4
127765 5 5 3 5 4 4 5 5 5 4
64789 5 7 4 5 2 4 3 5 4 6
97557 4 7 4 5 3 4 3 5 5 5
163093 4 6 4 6 2 5 3 5 5 5
113941 4 6 4 5 4 4 3 6 4 5
122133 4 6 3 6 3 5 4 5 4 5
126229 4 6 4 4 4 5 4 5 4 5
128277 4 7 3 5 3 5 3 6 4 5
129301 5 6 4 5 3 3 4 5 5 5
65045 6 7 4 4 3 3 3 4 5 6
8165 7 7 6 5 5 4 3 2 3 3
12261 6 7 6 5 5 4 3 4 2 3
20453 6 6 6 5 5 4 4 3 4 2
36837 6 6 5 5 5 5 3 4 3 3
69605 6 6 5 4 6 4 4 3 3 4
14309 6 6 6 5 5 4 4 4 2 3
22501 5 7 5 5 5 4 5 3 4 2
38885 5 6 6 4 5 5 4 4 3 3
71653 5 6 5 5 5 4 5 3 3 4
26597 6 5 5 5 5 4 5 5 3 2
42981 5 6 5 4 5 5 4 6 2 3
75749 5 5 6 4 5 4 5 5 2 4
141285 5 5 5 6 4 4 4 5 3 4
51173 6 5 4 4 5 5 5 5 4 2
83941 5 6 4 4 5 4 6 4 4 3
149477 5 5 5 5 4 4 5 4 5 3
100325 6 5 4 3 5 5 5 5 3 4
15333 6 6 5 5 5 5 4 3 3 3
23525 5 6 6 4 5 5 5 2 5 2
39909 5 5 6 5 4 6 4 3 4 3
72677 5 5 5 5 6 4 5 2 4 4
27621 5 6 5 4 5 5 5 4 4 2
44005 4 7 4 5 4 6 4 5 3 3
76773 4 6 5 4 6 4 5 4 3 4
142309 4 6 4 6 4 6 3 4 4 4
52197 5 5 5 4 4 6 5 4 5 2
84965 4 6 5 3 6 4 6 3 5 3
150501 4 5 6 4 4 6 4 3 6 3
101349 5 5 4 4 5 5 5 4 4 4
166885 4 6 4 5 3 7 3 4 5 4
29669 6 5 4 4 5 5 6 4 4 2
46053 5 5 5 4 4 6 5 5 3 3
78821 5 4 5 5 5 4 6 4 3 4
144357 5 4 4 6 5 5 4 4 4 4
54245 5 5 5 3 4 6 6 4 5 2
87013 4 6 4 4 5 4 7 3 5 3
152549 4 5 5 4 5 5 5 3 6 3
103397 5 4 5 4 4 5 6 4 4 4
168933 4 5 5 4 4 6 4 4 5 4
300005 4 4 7 3 4 6 4 4 5 4
58341 6 5 3 3 4 6 6 6 4 2
91109 5 5 4 3 5 4 7 5 4 3
156645 5 4 4 5 4 5 5 5 5 3
107493 5 5 4 3 4 5 6 6 3 4
173029 4 6 3 5 3 6 4 6 4 4
205797 5 4 4 5 4 4 5 5 4 5
115685 6 5 3 2 4 5 7 5 5 3
15845 6 6 5 4 6 5 3 4 2 4
24037 5 6 5 5 5 5 4 3 4 3
40421 5 5 5 5 6 5 3 4 3 4
73189 5 5 4 5 7 5 3 3 3 5
28133 5 5 6 4 5 5 4 5 3 3
44517 4 6 5 4 6 5 3 6 2 4
77285 4 5 6 3 7 5 3 5 2 5
142821 4 5 5 5 5 6 3 4 3 5
52709 5 4 5 5 5 5 4 5 4 3
85477 4 5 5 4 6 5 4 4 4 4
151013 4 4 6 5 4 6 4 3 5 4
101861 5 4 4 4 7 5 3 5 3 5
167397 4 5 4 5 5 6 3 4 4 5
30181 5 6 4 4 5 5 5 5 3 3
46565 4 6 5 3 6 5 4 6 2 4
79333 4 5 5 4 6 5 4 5 2 5
144869 4 5 4 5 6 5 4 4 3 5
54757 4 6 4 4 5 5 5 5 4 3
87525 3 7 3 5 5 5 5 4 4 4
153061 3 6 4 5 5 5 5 3 5 4
103909 4 5 4 4 6 5 4 5 3 5
169445 3 6 4 4 6 5 4 4 4 5
300517 3 5 6 3 6 5 3 6 3 5
58853 5 5 4 3 5 5 5 7 3 3
91621 4 5 5 3 5 5 5 6 3 4
157157 4 4 5 5 4 5 5 5 4 4
108005 4 5 5 2 6 5 4 7 2 5
173541 3 6 4 4 5 5 4 6 3 5
304613 3 5 6 2 7 4 3 8 2 5
206309 4 4 5 4 5 5 4 5 3 6
116197 5 5 3 3 5 5 5 6 4 4
181733 4 5 4 4 4 5 5 5 5 4
31205 6 5 4 3 5 6 5 4 4 3
47589 5 5 4 4 5 6 4 5 3 4
80357 5 4 4 4 7 5 4 4 3 5
145893 5 4 3 5 6 7 3 3 4 5
55781 5 4 5 4 4 6 5 4 5 3
88549 4 5 4 4 6 5 5 3 5 4
154085 4 4 5 4 5 7 4 2 6 4
104933 5 3 4 5 6 5 4 4 4 5
170469 4 4 4 5 5 7 3 3 5 5
301541 4 3 6 4 5 6 4 4 4 5
203237 5 3 3 5 7 6 3 2 5 6
59877 5 5 4 3 4 6 5 6 4 3
92645 4 5 5 2 6 5 5 5 4 4
158181 4 4 5 4 4 7 4 4 5 4
109029 4 5 4 3 6 5 4 6 3 5
174565 3 6 3 5 4 7 3 5 4 5
305637 3 5 5 3 6 5 4 6 3 5
207333 4 4 4 4 6 6 3 4 4 6
117221 5 4 4 3 5 5 5 5 5 4
182757 4 4 5 4 3 7 4 4 6 4
313829 4 3 6 4 4 5 5 5 5 4
215525 4 4 5 3 5 6 4 3 6 5
61925 6 5 3 2 4 6 6 6 4 3
94693 5 5 3 3 5 5 6 5 4 4
160229 5 4 3 4 5 6 5 4 5 4
111077 5 4 4 3 5 5 5 6 3 5
176613 4 5 3 4 5 6 4 5 4 5
209381 5 3 3 5 6 5 4 4 4 6
119269 5 5 3 3 4 5 6 5 5 4
184805 4 5 4 3 4 6 5 4 6 4
217573 4 5 3 4 5 5 5 3 6 5
233957 5 4 3 4 5 5 4 4 5 6
123365 6 5 3 1 4 5 6 7 4 4
16101 6 6 5 5 5 4 4 3 3 4
24293 5 6 5 5 6 3 5 2 5 3
40677 5 5 5 5 6 5 3 3 4 4
73445 5 5 4 5 7 4 5 1 4 5
28389 5 5 5 6 5 3 5 4 4 3
44773 4 6 4 6 5 5 3 5 3 4
77541 4 5 5 5 6 4 5 3 3 5
143077 4 5 4 7 4 5 4 4 3 5
52965 5 4 4 6 6 4 4 4 5 3
85733 4 5 4 5 7 3 6 2 5 4
151269 4 4 5 6 5 4 5 3 5 4
102117 5 4 3 5 7 5 4 3 4 5
167653 4 5 3 6 5 6 3 4 4 5
30437 5 5 5 5 5 3 6 4 4 3
46821 4 5 6 4 5 5 4 5 3 4
79589 4 4 6 5 5 4 6 3 3 5
145125 4 4 5 6 5 4 5 4 3 5
55013 4 5 5 4 6 4 5 4 5 3
87781 3 6 4 5 6 3 7 2 5 4
153317 3 5 5 5 6 3 6 3 5 4
104165 4 4 5 4 6 5 5 3 4 5
169701 3 5 5 4 6 5 4 4 4 5
300773 3 4 7 3 6 5 3 5 5 4
59109 5 4 4 5 5 4 5 6 4 3
91877 4 4 5 5 5 3 7 4 4 4
157413 4 3 5 7 4 3 6 5 4 4
108261 4 4 5 4 5 5 5 5 3 5
173797 3 5 4 6 4 5 4 6 3 5
304869 3 4 6 4 6 4 3 7 4 4
206565 4 3 5 6 4 4 6 4 3 6
116453 5 4 3 4 6 4 6 4 5 4
181989 4 4 4 5 5 4 5 5 5 4
214757 4 4 4 5 5 3 7 3 5 5
31461 5 6 4 4 5 4 6 3 5 3
47845 4 6 4 5 4 6 4 4 4 4
80613 4 5 4 5 6 4 6 2 4 5
146149 4 5 3 6 5 6 4 3 4 5
56037 4 5 5 4 5 5 5 3 6 3
88805 3 6 4 4 7 3 7 1 6 4
154341 3 5 5 4 6 5 5 2 6 4
105189 4 4 4 5 6 5 5 2 5 5
170725 3 5 4 5 5 7 3 3 5 5
301797 3 4 6 4 5 6 4 3 6 4
203493 4 4 3 5 7 5 5 1 5 6
60133 4 6 3 5 4 5 5 5 5 3
92901 3 6 4 4 6 3 7 3 5 4
158437 3 5 4 6 4 5 5 4 5 4
109285 3 6 3 5 5 5 5 4 4 5
174821 2 7 2 7 3 7 3 5 4 5
305893 2 6 4 5 5 5 4 5 5 4
207589 3 5 3 6 5 5 5 3 4 6
117477 4 5 3 4 6 4 6 3 6 4
183013 3 5 4 5 4 6 4 4 6 4
314085 3 4 5 5 5 4 5 4 7 3
215781 3 5 4 4 6 4 6 2 6 5
62181 5 5 4 3 4 5 6 5 5 3
94949 4 5 4 4 5 3 8 3 5 4
160485 4 4 4 5 5 4 6 4 5 4
111333 4 4 5 4 4 5 6 4 4 5
176869 3 5 4 5 4 6 4 5 4 5
307941 3 4 6 3 5 6 4 5 5 4
209637 4 3 4 6 5 4 6 3 4 6
119525 4 5 4 3 5 4 7 3 6 4
185061 3 5 5 3 5 5 5 4 6 4
316133 3 4 6 3 5 5 5 4 7 3
217829 3 5 4 4 6 3 7 2 6 5
234213 4 4 4 4 5 5 5 3 5 6
123621 5 5 3 3 4 4 7 5 5 4
189157 4 5 3 5 3 5 5 6 5 4
31973 6 5 4 4 5 4 5 4 4 4
48357 5 5 4 4 6 5 3 5 3 5
81125 5 4 4 4 7 5 4 3 3 6
146661 5 4 3 5 6 6 4 3 3 6
56549 5 4 4 5 6 4 4 4 5 4
89317 4 5 3 5 7 4 5 2 5 5
154853 4 4 4 5 6 5 5 2 5 5
105701 5 3 3 5 8 5 3 3 4 6
171237 4 4 3 5 7 6 3 3 4 6
302309 4 3 5 4 7 5 3 5 4 5
204005 5 3 2 5 8 6 4 1 4 7
60645 5 4 4 5 5 4 4 6 4 4
93413 4 4 5 4 6 4 5 4 4 5
158949 4 3 5 6 4 5 5 4 4 5
109797 4 4 4 4 7 5 3 5 3 6
175333 3 5 3 6 5 6 3 5 3 6
306405 3 4 5 4 7 4 3 7 3 5
208101 4 3 4 5 6 6 4 3 3 7
117989 5 3 3 5 7 4 4 4 5 5
183525 4 3 4 6 5 5 4 4 5 5
314597 4 2 5 6 6 3 4 6 5 4
216293 4 3 4 5 6 5 5 2 5 6
62693 5 5 4 3 5 4 5 6 4 4
95461 4 5 4 4 5 4 6 4 4 5
160997 4 4 4 5 5 4 6 4 4 5
111845 4 4 5 3 6 5 4 5 3 6
177381 3 5 4 4 6 5 4 5 3 6
308453 3 4 6 2 7 5 3 7 3 5
210149 4 3 4 5 6 5 5 3 3 7
120037 4 5 3 4 6 4 5 4 5 5
185573 3 5 4 4 6 4 5 4 5 5
316645 3 4 5 4 6 4 4 6 5 4
218341 3 5 3 5 6 4 6 2 5 6
234725 4 4 3 4 7 5 4 3 4 7
124133 5 4 4 3 5 4 5 6 4 5
189669 4 4 4 5 4 4 5 6 4 5
320741 4 3 5 4 6 3 4 8 4 4
222437 4 3 5 5 4 4 6 4 4 6
238821 4 4 4 4 5 5 4 5 3 7
63717 6 5 3 3 4 5 5 5 5 4
96485 5 5 3 3 6 4 6 3 5 5
162021 5 4 3 4 5 6 5 3 5 5
112869 5 4 3 4 6 5 4 4 4 6
178405 4 5 2 5 5 7 3 4 4 6
211173 5 3 2 5 7 6 4 2 4 7
121061 5 4 3 4 6 4 5 3 6 5
186597 4 4 4 4 5 6 4 3 6 5
219365 4 4 3 4 7 5 5 1 6 6
125157 5 5 3 3 5 4 5 5 5 5
190693 4 5 3 5 3 6 4 5 5 5
223461 4 4 4 4 5 5 5 3 5 6
16229 6 6 6 5 4 4 3 4 3 4
24421 5 6 6 5 4 5 3 3 5 3
40805 5 5 6 5 4 6 3 3 4 4
73573 5 5 5 5 5 5 4 3 3 5
28517 5 5 6 5 5 4 3 5 4 3
44901 4 6 5 5 5 5 3 5 3 4
77669 4 5 6 4 6 4 4 5 2 5
143205 4 5 5 6 4 5 3 5 4 4
53093 5 4 5 5 5 6 3 4 5 3
85861 4 5 5 4 6 5 4 4 4 4
151397 4 4 6 5 4 6 3 4 6 3
102245 5 4 4 4 6 6 4 4 3 5
167781 4 5 4 5 4 7 3 4 5 4
30565 5 5 5 6 4 4 4 5 4 3
46949 4 5 6 5 4 5 4 5 3 4
79717 4 4 6 6 4 4 5 5 2 5
145253 4 4 5 7 4 4 4 5 4 4
55141 4 5 5 5 4 6 4 4 5 3
87909 3 6 4 6 4 5 5 4 4 4
153445 3 5 5 6 4 5 4 4 6 3
104293 4 4 5 5 4 6 5 4 3 5
169829 3 5 5 5 4 6 4 4 5 4
300901 3 4 7 4 4 6 3 5 5 4
59237 5 4 4 5 5 5 4 6 4 3
92005 4 4 5 5 5 4 5 6 3 4
157541 4 3 5 7 4 4 4 6 5 3
108389 4 4 5 4 5 5 5 6 2 5
173925 3 5 4 6 4 5 4 6 4 4
304997 3 4 6 4 6 4 3 7 4 4
206693 4 3 5 6 4 4 5 6 3 5
116581 5 4 3 4 5 6 5 5 4 4
182117 4 4 4 5 4 6 4 5 6 3
214885 4 4 4 5 4 5 5 5 5 4
31589 5 5 6 4 4 5 4 4 5 3
47973 4 5 6 5 3 6 4 4 4 4
80741 4 4 6 5 5 4 5 4 3 5
146277 4 4 5 6 4 6 3 4 5 4
56165 4 4 7 4 3 7 4 3 6 3
88933 3 5 6 4 5 5 5 3 5 4
154469 3 4 7 4 4 7 3 3 7 3
105317 4 3 6 5 4 6 5 3 4 5
170853 3 4 6 5 3 8 3 3 6 4
301925 3 3 8 4 3 7 4 3 6 4
203621 4 3 5 5 5 6 4 3 5 5
60261 4 5 5 4 4 6 4 5 5 3
93029 3 5 6 3 6 4 5 5 4 4
158565 3 4 6 5 4 6 3 5 6 3
109413 3 5 5 4 5 5 5 5 3 5
174949 2 6 4 6 3 7 3 5 5 4
306021 2 5 6 4 5 5 4 5 5 4
207717 3 4 5 5 5 5 4 5 4 5
117605 4 4 5 3 5 6 5 4 5 4
183141 3 4 6 4 3 8 3 4 7 3
314213 3 3 7 4 4 6 4 4 7 3
215909 3 4 6 3 5 6 4 4 6 4
62309 5 4 5 4 3 6 5 5 5 3
95077 4 4 5 5 4 4 6 5 4 4
160613 4 3 5 6 4 5 4 5 6 3
111461 4 3 6 5 3 5 6 5 3 5
176997 3 4 5 6 3 6 4 5 5 4
308069 3 3 7 4 4 6 4 5 5 4
209765 4 2 5 7 4 4 5 5 4 5
119653 4 4 5 4 3 6 6 4 5 4
185189 3 4 6 4 3 7 4 4 7 3
316261 3 3 7 4 3 7 4 4 7 3
217957 3 4 5 5 4 5 5 4 6 4
234341 4 3 5 5 3 6 5 4 5 5
123749 5 4 4 3 4 5 6 6 4 4
189285 4 4 4 5 3 6 4 6 6 3
222053 4 3 5 5 4 4 5 6 5 4
32101 5 6 5 4 4 5 3 5 4 4
48485 4 6 5 4 5 5 3 5 3 5
81253 4 5 5 4 6 5 3 5 2 6
146789 4 5 4 5 5 6 3 4 4 5
56677 4 5 5 5 4 6 3 4 5 4
89445 3 6 4 5 5 6 3 4 4 5
154981 3 5 5 5 4 7 3 3 6 4
105829 4 4 4 5 6 6 3 4 3 6
171365 3 5 4 5 5 7 3 3 5 5
302437 3 4 6 4 5 6 3 5 4 5
204133 4 4 3 5 6 7 3 3 4 6
60773 4 5 5 4 5 5 3 6 4 4
93541 3 5 6 3 6 5 3 6 3 5
159077 3 4 6 5 4 6 3 5 5 4
109925 3 5 5 3 7 5 3 6 2 6
175461 2 6 4 5 5 6 3 5 4 5
306533 2 5 6 3 7 4 3 7 3 5
208229 3 4 5 4 6 6 3 5 3 6
118117 4 4 4 4 6 6 3 5 4 5
183653 3 4 5 5 4 7 3 4 6 4
314725 3 3 6 5 5 5 3 6 5 4
216421 3 4 5 4 5 7 3 4 5 5
62821 4 6 4 4 4 5 4 6 4 4
95589 3 6 4 5 4 5 4 6 3 5
161125 3 5 4 6 4 5 4 5 5 4
111973 3 5 5 4 5 5 4 6 2 6
177509 2 6 4 5 5 5 4 5 4 5
308581 2 5 6 3 6 5 3 7 3 5
210277 3 4 4 6 5 5 4 5 3 6
120165 3 6 3 5 4 6 4 5 4 5
185701 2 6 4 5 4 6 4 4 6 4
316773 2 5 5 5 4 6 3 6 5 4
218469 2 6 3 6 4 6 4 4 5 5
234853 3 5 3 5 5 6 4 4 4 6
124261 4 5 4 3 5 5 4 7 3 5
189797 3 5 4 5 4 5 4 6 5 4
320869 3 4 5 4 6 4 3 8 4 4
222565 3 4 5 5 4 5 4 6 4 5
238949 3 5 4 4 5 5 4 6 3 6
63845 5 5 5 3 3 6 4 5 5 4
96613 4 5 5 3 5 5 4 5 4 5
162149 4 4 5 4 4 7 3 4 6 4
112997 4 4 5 4 5 5 4 5 3 6
178533 3 5 4 5 4 7 3 4 5 5
309605 3 4 6 3 5 6 4 5 4 5
211301 4 3 4 5 6 6 3 4 4 6
121189 4 4 5 4 4 6 4 4 5 5
186725 3 4 6 4 3 8 3 3 7 4
317797 3 3 7 4 3 7 4 4 6 4
219493 3 4 5 4 5 7 3 3 6 5
235877 4 3 4 5 5 7 3 3 5 6
125285 4 5 5 2 5 5 4 6 4 5
190821 3 5 5 4 3 7 3 5 6 4
321893 3 4 6 3 5 5 4 6 5 4
223589 3 4 6 3 5 6 3 5 5 5
239973 3 5 4 4 5 6 3 5 4 6
248165 4 4 5 3 4 7 3 4 6 5
127333 5 5 4 3 3 5 5 6 4 5
32357 6 5 5 5 4 3 4 4 5 4
48741 5 5 5 5 4 5 3 4 4 5
81509 5 4 5 5 5 4 5 3 3 6
147045 5 4 4 6 4 5 4 4 4 5
56933 5 4 5 5 5 5 3 3 6 4
89701 4 5 4 5 6 4 5 2 5 5
155237 4 4 5 5 5 5 4 3 6 4
106085 5 3 4 5 6 6 4 2 4 6
171621 4 4 4 5 5 7 3 3 5 5
302693 4 3 6 4 5 6 3 4 6 4
204389 5 3 3 5 6 6 5 2 4 6
61029 5 4 4 6 5 4 3 5 5 4
93797 4 4 5 5 6 3 5 4 4 5
159333 4 3 5 7 4 4 4 5 5 4
110181 4 4 4 5 6 5 4 4 3 6
175717 3 5 3 7 4 6 3 5 4 5
306789 3 4 5 5 6 4 3 6 5 4
208485 4 3 4 6 5 5 5 4 3 6
118373 5 3 3 5 7 5 4 3 5 5
183909 4 3 4 6 5 6 3 4 6 4
314981 4 2 5 6 6 4 3 5 7 3
216677 4 3 4 5 6 5 5 3 5 5
233061 5 3 2 5 6 7 4 3 4 6
63077 5 4 5 5 4 4 4 5 5 4
95845 4 4 5 6 4 3 6 4 4 5
161381 4 3 5 7 4 3 5 5 5 4
112229 4 3 6 5 4 5 5 4 3 6
177765 3 4 5 6 4 5 4 5 4 5
308837 3 3 7 4 5 5 3 6 5 4
210533 4 2 5 7 4 4 6 4 3 6
120421 4 4 4 5 5 5 5 3 5 5
185957 3 4 5 5 5 5 4 4 6 4
317029 3 3 6 5 5 5 3 5 7 3
218725 3 4 4 6 5 4 6 3 5 5
235109 4 3 4 5 5 6 5 3 4 6
124517 5 3 4 5 5 4 5 5 4 5
190053 4 3 4 7 4 4 4 6 5 4
321125 4 2 5 6 6 3 3 7 6 3
222821 4 2 5 7 4 3 6 5 4 5
239205 4 3 4 6 4 5 5 5 3 6
64101 5 5 5 4 3 5 4 4 6 4
96869 4 5 5 4 5 3 6 3 5 5
162405 4 4 5 5 4 5 4 4 6 4
113253 4 4 5 5 4 5 5 3 4 6
178789 3 5 4 6 3 7 3 4 5 5
309861 3 4 6 4 4 6 4 4 6 4
211557 4 3 4 6 5 5 5 3 4 6
121445 4 4 5 4 5 5 5 2 6 5
186981 3 4 6 4 4 7 3 3 7 4
318053 3 3 7 4 4 6 4 3 8 3
219749 3 4 5 4 6 5 5 2 6 5
236133 4 3 4 5 5 7 4 2 5 6
125541 4 5 4 4 5 4 5 4 5 5
191077 3 5 4 6 3 6 3 5 6 4
322149 3 4 5 5 5 4 4 5 7 3
223845 3 4 5 5 5 4 5 4 5 5
240229 3 5 3 6 4 6 4 4 4 6
248421 4 4 4 4 5 6 4 3 6 5
127589 5 4 5 4 3 4 6 4 5 5
193125 4 4 5 5 3 5 4 5 6 4
225893 4 3 5 6 4 3 6 4 5 5
242277 4 3 5 6 3 5 5 4 4 6
250469 4 4 5 4 4 5 5 3 6 5
64613 6 5 4 4 4 4 3 5 5 5
97381 5 5 4 4 5 4 4 4 4 6
162917 5 4 4 5 4 5 4 4 5 5
113765 5 4 4 4 6 5 3 4 3 7
179301 4 5 3 5 5 6 3 4 4 6
121957 5 4 3 5 6 5 3 3 5 6
187493 4 4 4 5 5 6 3 3 6 5
126053 5 4 4 4 6 4 3 5 4 6
191589 4 4 4 6 4 5 3 5 5 5
128101 5 5 4 4 4 4 4 5 4 6
193637 4 5 4 5 4 4 4 5 5 5
16293 6 7 6 4 5 3 3 4 3 4
24485 5 7 6 4 5 3 5 2 5 3
40869 5 6 6 4 5 4 4 4 3 4
73637 5 6 5 4 6 3 5 3 4 4
28581 5 6 6 4 5 4 4 4 4 3
44965 4 7 5 4 5 5 3 6 2 4
77733 4 6 6 3 6 4 4 5 3 4
143269 4 6 5 5 4 5 3 5 4 4
53157 5 5 5 4 5 5 5 4 4 3
85925 4 6 5 3 6 4 6 3 5 3
151461 4 5 6 4 4 5 5 3 6 3
102309 5 5 4 3 6 5 5 5 3 4
167845 4 6 4 4 4 6 4 5 4 4
30629 5 6 5 4 6 3 5 4 4 3
47013 4 6 6 3 6 4 4 6 2 4
79781 4 5 6 4 6 3 5 5 3 4
145317 4 5 5 5 6 3 4 5 4 4
55205 4 6 5 3 6 4 6 4 4 3
87973 3 7 4 4 6 3 7 3 5 3
153509 3 6 5 4 6 3 6 3 6 3
104357 4 5 5 3 6 4 6 5 3 4
169893 3 6 5 3 6 4 5 5 4 4
300965 3 5 7 2 6 4 4 6 3 5
59301 5 5 4 3 6 5 5 6 3 3
92069 4 5 5 3 6 4 6 5 4 3
157605 4 4 5 5 5 4 5 5 5 3
108453 4 5 5 2 6 5 5 7 2 4
173989 3 6 4 4 5 5 4 7 3 4
305061 3 5 6 2 7 4 3 8 2 5
206757 4 4 5 4 5 4 5 6 4 4
116645 5 5 3 2 6 5 7 5 4 3
182181 4 5 4 3 5 5 6 5 5 3
214949 4 5 4 3 5 4 7 4 6 3
31653 5 6 5 4 5 4 5 3 5 3
48037 4 6 5 5 4 5 4 5 3 4
80805 4 5 5 5 6 3 5 4 4 4
146341 4 5 4 6 5 5 3 4 5 4
56229 4 5 6 4 4 5 6 3 5 3
88997 3 6 5 4 6 3 7 2 6 3
154533 3 5 6 4 5 5 5 2 7 3
105381 4 4 5 5 5 4 6 4 4 4
170917 3 5 5 5 4 6 4 4 5 4
301989 3 4 7 4 4 5 5 4 4 5
203685 4 4 4 5 6 4 5 3 6 4
60325 4 6 4 4 4 6 5 5 4 3
93093 3 6 5 3 6 4 6 4 5 3
158629 3 5 5 5 4 6 4 4 6 3
109477 3 6 4 4 5 5 5 6 3 4
175013 2 7 3 6 3 7 3 6 4 4
306085 2 6 5 4 5 5 4 6 3 5
207781 3 5 4 5 5 5 4 5 5 4
117669 4 5 4 3 5 5 7 4 5 3
183205 3 5 5 4 3 7 5 4 6 3
314277 3 4 6 4 4 5 6 4 5 4
215973 3 5 5 3 5 5 6 3 7 3
62373 5 5 4 3 5 5 6 5 4 3
95141 4 5 4 4 6 3 7 4 5 3
160677 4 4 4 5 6 4 5 4 6 3
111525 4 4 5 4 5 4 6 6 3 4
177061 3 5 4 5 5 5 4 6 4 4
308133 3 4 6 3 6 5 4 6 3 5
209829 4 3 4 6 6 3 5 5 5 4
119717 4 5 4 3 5 4 8 4 5 3
185253 3 5 5 3 5 5 6 4 6 3
316325 3 4 6 3 5 5 6 4 5 4
218021 3 5 4 4 6 3 7 3 7 3
234405 4 4 4 4 5 4 6 5 5 4
123813 5 5 3 2 5 5 7 6 4 3
189349 4 5 3 4 4 6 5 6 5 3
222117 4 4 4 4 5 4 6 5 6 3
238501 4 5 3 4 4 5 5 7 4 4
32165 5 6 6 3 5 4 4 4 4 4
48549 4 6 6 3 6 4 3 6 2 5
81317 4 5 6 3 7 4 3 5 3 5
146853 4 5 5 4 6 5 3 4 4 5
56741 4 5 6 4 5 4 5 4 4 4
89509 3 6 5 4 6 4 5 3 5 4
155045 3 5 6 4 5 5 5 2 6 4
105893 4 4 5 4 7 4 4 5 3 5
171429 3 5 5 4 6 5 4 4 4 5
302501 3 4 7 3 6 4 4 6 2 6
204197 4 4 4 4 7 5 4 3 5 5
60837 4 5 6 3 5 5 4 6 3 4
93605 3 5 7 2 6 5 4 5 4 4
159141 3 4 7 4 4 6 4 4 5 4
109989 3 5 6 2 7 5 3 7 2 5
175525 2 6 5 4 5 6 3 6 3 5
306597 2 5 7 2 7 4 3 8 1 6
208293 3 4 6 3 6 6 3 5 4 5
118181 4 4 5 3 6 5 5 5 4 4
183717 3 4 6 4 4 6 5 4 5 4
314789 3 3 7 4 5 4 5 6 3 5
216485 3 4 6 3 5 6 5 3 6 4
62885 4 6 5 2 6 4 5 6 3 4
95653 3 6 5 3 6 4 5 5 4 4
161189 3 5 5 4 6 4 5 4 5 4
112037 3 5 6 2 7 4 4 7 2 5
177573 2 6 5 3 7 4 4 6 3 5
308645 2 5 7 1 8 4 3 8 1 6
210341 3 4 5 4 7 4 4 5 4 5
120229 3 6 4 3 6 4 6 5 4 4
185765 2 6 5 3 6 4 6 4 5 4
316837 2 5 6 3 6 4 5 6 3 5
218533 2 6 4 4 6 4 6 3 6 4
234917 3 5 4 3 7 4 5 5 4 5
124325 4 5 5 1 6 5 5 7 3 4
189861 3 5 5 3 5 5 5 6 4 4
320933 3 4 6 2 7 4 4 8 2 5
222629 3 4 6 3 5 5 5 5 5 4
239013 3 5 5 2 6 5 4 7 3 5
63909 5 5 5 3 4 5 5 5 4 4
96677 4 5 5 3 6 4 5 4 5 4
162213 4 4 5 4 5 6 4 3 6 4
113061 4 4 5 4 6 4 4 6 3 5
178597 3 5 4 5 5 6 3 5 4 5
309669 3 4 6 3 6 5 4 6 2 6
211365 4 3 4 5 7 5 3 4 5 5
121253 4 4 5 4 5 4 6 4 5 4
186789 3 4 6 4 4 6 5 3 6 4
317861 3 3 7 4 4 5 6 4 4 5
219557 3 4 5 4 6 5 5 2 7 4
235941 4 3 4 5 6 5 4 4 5 5
125349 4 5 5 2 5 5 5 6 4 4
190885 3 5 5 4 3 7 4 5 5 4
321957 3 4 6 3 5 5 5 6 3 5
223653 3 4 6 3 5 6 4 4 6 4
240037 3 5 4 4 5 6 3 6 4 5
248229 4 4 5 3 4 6 5 4 6 4
127397 5 5 4 2 5 4 6 6 4 4
192933 4 5 4 3 5 5 5 5 5 4
32421 5 7 5 4 5 2 5 3 5 4
48805 4 7 5 4 5 4 3 5 3 5
81573 4 6 5 4 6 3 5 3 4 5
147109 4 6 4 5 5 4 4 4 4 5
56997 4 6 5 4 6 3 5 3 5 4
89765 3 7 4 4 7 2 7 1 6 4
155301 3 6 5 4 6 3 6 2 6 4
106149 4 5 4 4 7 4 5 3 4 5
171685 3 6 4 4 6 5 4 4 4 5
302757 3 5 6 3 6 4 4 5 4 5
204453 4 5 3 4 7 4 6 2 5 5
61093 4 6 4 5 5 4 4 5 4 4
93861 3 6 5 4 6 3 6 3 5 4
159397 3 5 5 6 4 4 5 4 5 4
110245 3 6 4 4 6 5 4 5 3 5
175781 2 7 3 6 4 6 3 6 3 5
306853 2 6 5 4 6 4 3 7 3 5
208549 3 5 4 5 5 5 5 4 4 5
118437 4 5 3 4 7 4 6 3 5 4
183973 3 5 4 5 5 5 5 4 5 4
315045 3 4 5 5 6 3 5 5 5 4
216741 3 5 4 4 6 4 7 2 6 4
233125 4 5 2 4 6 6 5 4 4 5
63141 4 6 5 3 6 3 5 5 4 4
95909 3 6 5 4 6 2 7 3 5 4
161445 3 5 5 5 6 2 6 4 5 4
112293 3 5 6 3 6 4 5 5 3 5
177829 2 6 5 4 6 4 4 6 3 5
308901 2 5 7 2 7 4 3 7 3 5
210597 3 4 5 5 6 3 6 4 4 5
120485 3 6 4 3 7 3 7 3 5 4
186021 2 6 5 3 7 3 6 4 5 4
317093 2 5 6 3 7 3 5 5 5 4
218789 2 6 4 4 7 2 8 2 6 4
235173 3 5 4 3 7 4 6 4 4 5
124581 4 5 4 3 6 4 6 5 4 4
190117 3 5 4 5 5 4 5 6 4 4
321189 3 4 5 4 7 3 4 7 4 4
222885 3 4 5 5 5 3 7 4 5 4
239269 3 5 4 4 5 5 5 6 3 5
64165 4 7 4 4 4 4 5 4 5 4
96933 3 7 4 4 6 2 7 2 6 4
162469 3 6 4 5 5 4 5 3 6 4
113317 3 6 4 5 5 4 5 4 4 5
178853 2 7 3 6 4 6 3 5 4 5
309925 2 6 5 4 5 5 4 5 4 5
211621 3 5 3 6 6 4 5 3 5 5
121509 3 6 4 4 6 3 7 2 6 4
187045 2 6 5 4 5 5 5 3 6 4
318117 2 5 6 4 5 4 6 3 6 4
219813 2 6 4 4 7 3 7 1 7 4
236197 3 5 3 5 6 5 5 3 5 5
125605 3 7 3 4 5 4 6 4 5 4
191141 2 7 3 6 3 6 4 5 5 4
322213 2 6 4 5 5 4 5 5 5 4
223909 2 6 4 5 5 4 6 3 6 4
240293 2 7 2 6 4 6 4 5 4 5
248485 3 6 3 4 5 5 6 3 6 4
127653 4 6 4 3 5 3 7 4 5 4
193189 3 6 4 4 5 4 5 5 5 4
324261 3 5 5 3 6 4 5 5 5 4
225957 3 5 4 5 6 2 7 3 6 4
242341 3 5 4 5 5 4 5 5 4 5
250533 3 6 4 3 6 3 7 3 6 4
64677 5 6 5 3 5 3 4 5 4 5
97445 4 6 5 3 6 3 5 3 5 5
162981 4 5 5 4 5 4 5 3 5 5
113829 4 5 5 3 7 4 3 5 3 6
179365 3 6 4 4 6 5 3 5 3 6
310437 3 5 6 2 7 4 3 7 2 6
212133 4 4 4 4 7 5 4 3 4 6
122021 4 5 4 4 7 3 5 3 5 5
187557 3 5 5 4 6 4 5 3 5 5
318629 3 4 6 4 6 3 5 5 4 5
220325 3 5 4 4 7 4 6 1 6 5
236709 4 4 3 4 8 5 4 3 4 6
126117 4 5 5 3 6 4 4 5 4 5
191653 3 5 5 5 4 5 4 5 4 5
322725 3 4 6 4 6 3 4 7 3 5
224421 3 4 6 4 5 5 5 3 5 5
240805 3 5 4 4 6 6 3 5 3 6
248997 4 4 4 4 6 5 5 3 5 5
128165 4 6 5 2 6 3 5 5 4 5
193701 3 6 5 3 6 3 5 5 4 5
324773 3 5 6 2 7 3 4 7 3 5
226469 3 5 5 4 6 3 6 3 5 5
242853 3 5 5 3 7 4 4 5 3 6
251045 3 6 4 3 7 3 6 3 5 5
255141 4 5 5 3 5 4 5 5 4 5
129189 5 6 4 3 5 3 5 4 5 5
32549 6 6 6 4 4 3 3 4 5 4
48933 5 6 6 4 4 4 3 5 3 5
81701 5 5 6 4 5 3 4 5 3 5
147237 5 5 5 5 4 4 3 5 5 4
57125 5 5 6 4 4 5 4 3 5 4
89893 4 6 5 4 5 4 5 3 5 4
155429 4 5 6 4 4 5 4 3 7 3
106277 5 4 5 4 5 5 5 4 3 5
171813 4 5 5 4 4 6 4 4 5 4
302885 4 4 7 3 4 5 4 5 4 5
204581 5 4 4 4 5 5 5 4 5 4
61221 5 5 5 4 5 5 3 5 4 4
93989 4 5 6 3 6 4 4 5 4 4
159525 4 4 6 5 4 5 3 5 6 3
110373 4 5 5 3 6 5 4 6 2 5
175909 3 6 4 5 4 6 3 6 4 4
208677 4 4 5 4 5 5 4 6 4 4
118565 5 4 4 3 6 6 5 4 4 4
184101 4 4 5 4 4 7 4 4 6 3
216869 4 4 5 3 5 6 5 4 6 3
233253 5 4 3 3 5 7 5 5 4 4
63269 5 5 5 4 5 4 4 5 4 4
96037 4 5 5 5 5 3 5 5 4 4
161573 4 4 5 6 5 3 4 5 6 3
112421 4 4 6 4 5 4 5 6 2 5
177957 3 5 5 5 5 4 4 6 4 4
210725 4 3 5 6 5 3 5 6 4 4
120613 4 5 4 4 5 5 6 4 4 4
186149 3 5 5 4 5 5 5 4 6 3
218917 3 5 4 5 5 4 6 4 6 3
235301 4 4 4 4 5 5 6 5 4 4
124709 5 4 4 3 6 5 5 6 3 4
190245 4 4 4 5 5 5 4 6 5 3
223013 4 3 5 5 5 4 5 6 5 3
239397 4 4 4 4 5 5 5 7 3 4
64293 5 5 6 4 3 5 4 4 5 4
97061 4 5 6 4 5 3 5 4 5 4
162597 4 4 6 5 4 5 3 4 7 3
113445 4 4 6 5 4 4 5 5 3 5
178981 3 5 5 6 3 6 3 5 5 4
211749 4 3 5 6 5 4 4 5 5 4
121637 4 4 6 4 4 5 6 3 5 4
187173 3 4 7 4 3 7 4 3 7 3
219941 3 4 6 4 5 5 5 3 7 3
236325 4 3 5 5 4 6 5 4 5 4
125733 4 5 5 3 5 5 5 5 4 4
191269 3 5 5 5 3 7 3 5 6 3
224037 3 4 6 4 5 5 4 5 6 3
240421 3 5 4 5 4 6 4 6 4 4
248613 4 4 5 3 4 7 5 4 6 3
127781 5 4 5 4 4 4 6 5 4 4
193317 4 4 5 5 4 5 4 5 6 3
226085 4 3 5 6 5 3 5 5 6 3
242469 4 3 5 6 4 4 5 6 4 4
250661 4 4 5 4 4 5 6 4 6 3
64805 5 6 6 3 4 4 3 5 4 5
97573 4 6 6 3 5 4 3 5 4 5
163109 4 5 6 4 4 5 3 4 6 4
113957 4 5 6 3 6 4 3 6 2 6
179493 3 6 5 4 5 5 3 5 4 5
212261 4 4 5 4 6 5 3 5 4 5
122149 4 5 5 4 5 5 4 4 4 5
187685 3 5 6 4 4 6 4 3 6 4
220453 3 5 5 4 5 6 4 3 6 4
236837 4 4 4 4 6 6 4 4 4 5
126245 4 5 6 2 6 5 3 6 3 5
191781 3 5 6 4 4 6 3 5 5 4
224549 3 4 7 3 5 6 3 5 5 4
240933 3 5 5 3 6 6 3 6 3 5
249125 4 4 5 3 5 7 4 4 5 4
128293 4 6 5 3 5 4 4 6 3 5
193829 3 6 5 4 5 4 4 5 5 4
226597 3 5 5 5 5 4 4 5 5 4
242981 3 5 5 4 6 4 4 6 3 5
251173 3 6 4 4 5 5 5 4 5 4
255269 4 5 5 3 5 5 4 6 4 4
129317 5 5 6 3 4 4 4 5 4 5
194853 4 5 6 4 3 6 3 4 6 4
227621 4 4 6 4 5 5 3 4 6 4
244005 4 4 5 5 5 5 3 5 4 5
252197 4 4 6 4 4 6 4 3 6 4
256293 4 5 6 3 4 6 3 5 5 4
65061 6 6 5 4 4 3 3 4 5 5
97829 5 6 5 4 5 2 5 3 5 5
114213 5 5 5 4 5 4 4 4 3 6
122405 5 5 4 4 6 4 5 2 5 5
126501 5 5 4 4 6 4 4 4 4 5
128549 5 5 5 4 5 3 5 4 4 5
129573 5 6 5 4 4 3 5 3 5 5
16325 7 7 5 5 4 4 3 3 3 4
24517 6 7 5 5 4 4 4 3 4 3
40901 6 6 5 5 4 5 3 4 4 3
73669 6 6 4 5 5 4 4 3 4 4
28613 6 6 5 5 4 4 5 4 3 3
44997 5 7 4 5 4 5 4 5 3 3
77765 5 6 5 4 5 4 5 4 3 4
143301 5 6 4 6 3 5 4 4 3 5
53189 6 5 4 5 4 5 5 5 4 2
85957 5 6 4 4 5 4 6 4 4 3
151493 5 5 5 5 3 5 5 4 4 4
102341 6 5 3 4 5 5 5 5 4 3
30661 6 6 4 5 4 5 5 4 3 3
47045 5 6 5 4 4 6 4 5 3 3
79813 5 5 5 5 4 5 5 4 3 4
145349 5 5 4 6 4 5 4 4 3 5
55237 5 6 4 4 4 6 5 5 4 2
88005 4 7 3 5 4 5 6 4 4 3
153541 4 6 4 5 4 5 5 4 4 4
104389 5 5 4 4 4 6 5 5 4 3
59333 6 5 3 4 4 6 6 6 3 2
92101 5 5 4 4 4 5 7 5 3 3
157637 5 4 4 6 3 5 6 5 3 4
108485 5 5 4 3 4 6 6 6 3 3
116677 6 5 2 3 4 6 7 6 4 2
31685 6 6 4 4 5 5 5 3 4 3
48069 5 6 4 5 4 6 4 4 4 3
80837 5 5 4 5 6 4 5 3 4 4
146373 5 5 3 6 5 6 3 3 4 5
56261 5 5 5 4 4 6 5 4 5 2
89029 4 6 4 4 6 4 6 3 5 3
154565 4 5 5 4 5 6 4 3 5 4
105413 5 4 4 5 5 5 5 4 5 3
60357 5 6 3 4 4 6 6 5 4 2
93125 4 6 4 3 6 4 7 4 4 3
158661 4 5 4 5 4 6 5 4 4 4
109509 4 6 3 4 5 5 6 5 4 3
117701 5 5 3 3 5 5 7 5 5 2
62405 6 5 3 3 4 7 6 5 4 2
95173 5 5 3 4 5 5 7 4 4 3
160709 5 4 3 5 5 6 5 4 4 4
111557 5 4 4 4 4 6 6 5 4 3
119749 5 5 3 3 4 6 7 5 5 2
123845 6 5 2 2 4 6 8 6 4 2
32197 6 6 4 5 4 5 4 4 3 4
48581 5 6 4 5 5 5 3 5 3 4
81349 5 5 4 5 6 5 3 4 3 5
146885 5 5 3 6 5 6 3 3 3 6
56773 5 5 4 6 4 5 4 5 4 3
89541 4 6 3 6 5 5 4 4 4 4
155077 4 5 4 6 4 6 4 3 4 5
105925 5 4 3 6 6 5 3 5 4 4
60869 5 5 4 5 4 5 5 6 3 3
93637 4 5 5 4 5 5 5 5 3 4
159173 4 4 5 6 3 6 5 4 3 5
110021 4 5 4 4 6 5 4 6 3 4
118213 5 4 3 5 5 5 5 6 4 3
62917 5 6 3 4 4 6 5 6 3 3
95685 4 6 3 5 4 6 5 5 3 4
161221 4 5 3 6 4 6 5 4 3 5
112069 4 5 4 4 5 6 4 6 3 4
120261 4 6 2 5 4 6 5 6 4 3
124357 5 5 3 3 4 6 6 7 3 3
63941 6 5 3 4 4 6 5 5 4 3
96709 5 5 3 4 6 5 5 4 4 4
162245 5 4 3 5 5 7 4 3 4 5
113093 5 4 3 5 6 5 4 5 4 4
121285 5 4 3 5 5 5 5 5 5 3
125381 5 5 3 3 5 5 6 6 4 3
127429 6 5 2 3 4 6 6 6 4 3
32453 6 6 5 5 4 3 5 3 4 4
48837 5 6 5 5 4 5 3 4 4 4
81605 5 5 5 5 5 4 5 2 4 5
147141 5 5 4 6 4 5 4 3 3 6
57029 5 5 5 5 5 4 4 4 5 3
89797 4 6 4 5 6 3 6 2 5 4
155333 4 5 5 5 5 4 5 3 4 5
106181 5 4 4 5 6 5 4 3 5 4
61125 5 5 4 6 4 4 5 5 4 3
93893 4 5 5 5 5 3 7 3 4 4
159429 4 4 5 7 3 4 6 4 3 5
110277 4 5 4 5 5 5 5 4 4 4
118469 5 4 3 5 6 4 6 4 5 3
63173 5 5 5 4 4 5 5 5 4 3
95941 4 5 5 5 4 4 7 3 4 4
161477 4 4 5 6 4 4 6 4 3 5
112325 4 4 6 4 4 6 5 4 4 4
120517 4 5 4 4 5 5 6 4 5 3
124613 5 4 4 4 4 5 7 5 4 3
64197 5 6 4 4 4 5 5 4 5 3
96965 4 6 4 4 6 3 7 2 5 4
162501 4 5 4 5 5 5 5 3 4 5
113349 4 5 4 5 5 5 5 3 5 4
121541 4 5 4 4 6 4 6 3 6 3
125637 4 6 3 4 5 4 7 4 5 3
127685 5 5 4 3 4 5 7 4 5 3
64709 6 5 4 5 4 4 4 5 4 4
97477 5 5 4 5 5 4 5 3 4 5
163013 5 4 4 6 4 5 5 3 3 6
113861 5 4 4 5 6 5 3 4 4 5
122053 5 4 3 6 6 4 4 4 5 4
126149 5 4 4 5 5 4 5 5 4 4
128197 5 5 4 4 4 5 5 5 4 4
129221 6 5 3 4 5 4 5 4 5 4
32581 6 7 5 5 3 4 3 4 4 4
48965 5 7 5 5 3 5 3 4 4 4
81733 5 6 5 5 4 4 4 4 3 5
147269 5 6 4 6 3 5 3 4 4 5
57157 5 6 5 5 3 6 3 4 5 3
89925 4 7 4 5 4 5 4 4 4 4
155461 4 6 5 5 3 6 3 4 5 4
106309 5 5 4 5 4 6 4 4 4 4
61253 5 6 4 5 4 5 4 5 4 3
94021 4 6 5 4 5 4 5 5 3 4
159557 4 5 5 6 3 5 4 5 4 4
110405 4 6 4 4 5 5 5 5 3 4
118597 5 5 3 4 5 6 5 5 4 3
63301 5 6 4 5 3 6 4 5 4 3
96069 4 6 4 6 3 5 5 5 3 4
161605 4 5 4 7 3 5 4 5 4 4
112453 4 5 5 5 3 6 5 5 3 4
120645 4 6 3 5 3 7 5 5 4 3
124741 5 5 3 4 4 6 6 6 3 3
64325 5 6 5 4 3 6 4 4 5 3
97093 4 6 5 4 5 4 5 4 4 4
162629 4 5 5 5 4 6 3 4 5 4
113477 4 5 5 5 4 5 5 4 4 4
121669 4 5 5 4 4 6 5 4 5 3
125765 4 6 4 3 5 5 6 5 4 3
127813 5 5 4 4 3 6 6 5 4 3
64837 5 7 4 5 3 5 3 5 4 4
97605 4 7 4 5 4 5 3 5 3 5
163141 4 6 4 6 3 6 3 4 4 5
113989 4 6 4 5 5 5 3 5 3 5
122181 4 6 3 6 4 6 3 5 4 4
126277 4 6 4 4 5 5 4 6 3 4
128325 4 7 3 5 3 6 4 6 3 4
129349 5 6 4 4 4 5 4 5 4 4
65093 6 6 5 5 3 4 3 4 5 4
97861 5 6 5 5 4 3 5 3 4 5
163397 5 5 5 6 3 4 4 4 4 5
114245 5 5 5 5 4 5 4 3 4 5
122437 5 5 4 5 5 5 4 3 5 4
126533 5 5 4 5 5 4 5 4 4 4
128581 5 5 5 5 3 5 5 4 4 4
129605 5 6 5 4 4 4 5 3 5 4
130117 6 6 4 5 4 4 3 4 4 5
32645 7 7 5 4 4 3 4 3 4 4
49029 6 7 5 4 4 4 3 5 3 4
81797 6 6 5 4 5 3 4 4 4 4
57221 6 6 5 4 4 4 5 4 4 3
61317 6 6 4 4 4 5 5 5 3 3
63365 6 6 4 3 5 5 5 5 3 3
64389 6 6 4 4 4 5 5 4 4 3
64901 6 6 5 4 4 4 4 5 3 4
65157 6 7 5 4 4 3 4 4 4 4
4089 8 7 7 6 5 4 3 2 1 2
6137 7 7 7 6 5 4 3 2 3 1
10233 7 6 7 6 5 4 3 3 2 2
18425 7 6 6 6 5 4 4 2 2 3
34809 7 6 6 5 5 5 3 2 3 3
7161 7 6 7 6 5 4 3 3 3 1
11257 6 7 6 6 5 4 3 4 2 2
19449 6 6 7 5 5 4 4 3 2 3
35833 6 6 6 6 4 5 3 3 3 3
68601 6 6 6 5 6 3 3 4 3 3
13305 7 5 6 6 5 4 3 4 4 1
21497 6 6 6 5 5 4 4 3 4 2
37881 6 5 7 5 4 5 3 3 5 2
70649 6 5 6 6 5 3 3 4 5 2
25593 7 5 5 5 5 4 4 4 3 3
41977 6 6 5 5 4 5 3 4 4 3
74745 6 5 6 5 5 3 3 5 4 3
140281 6 5 5 7 4 3 3 5 4 3
50169 7 5 5 4 4 5 4 3 4 4
82937 6 6 5 4 5 3 4 4 4 4
7673 7 6 6 6 5 4 4 3 2 2
11769 6 6 7 5 5 4 4 4 1 3
19961 6 5 7 6 4 4 5 3 1 4
36345 6 5 6 6 5 4 4 3 2 4
69113 6 5 6 5 6 4 3 4 2 4
13817 6 6 6 5 5 4 4 4 3 2
22009 5 7 5 6 4 4 5 3 3 3
38393 5 6 6 5 5 4 4 3 4 3
71161 5 6 5 6 5 4 3 4 4 3
26105 6 5 6 5 4 4 5 4 2 4
42489 5 6 6 4 5 4 4 4 3 4
75257 5 5 7 4 5 4 3 5 3 4
140793 5 5 6 6 4 3 5 4 3 4
50681 6 5 5 5 4 4 5 3 3 5
83449 5 6 5 5 4 4 4 4 3 5
148985 5 5 6 6 3 3 6 3 3 5
14841 7 5 5 5 5 4 4 5 3 2
23033 6 5 6 5 4 4 5 4 3 3
39417 6 4 6 6 4 4 4 4 4 3
72185 6 4 5 6 6 3 3 5 4 3
27129 6 5 6 4 4 4 5 5 2 4
43513 5 6 5 5 4 4 4 5 3 4
76281 5 5 6 4 6 3 3 6 3 4
141817 5 5 5 6 4 4 4 5 3 4
51705 6 4 6 5 3 4 5 4 3 5
84473 5 5 6 4 5 3 4 5 3 5
150009 5 4 7 5 3 4 5 4 3 5
100857 6 4 5 5 5 3 3 5 4 5
29177 7 5 4 4 4 4 5 5 4 3
45561 6 5 5 4 4 4 4 5 5 3
78329 6 4 5 5 5 3 3 6 5 3
143865 6 4 4 6 5 3 4 5 5 3
53753 6 5 5 4 3 4 5 4 5 4
86521 5 6 4 5 4 3 4 5 5 4
152057 5 5 5 5 4 3 5 4 5 4
102905 6 4 5 5 4 3 3 5 6 4
168441 5 5 5 5 4 3 4 4 6 4
57849 7 5 4 3 3 4 5 5 4 5
90617 6 5 5 3 4 3 4 6 4 5
107001 6 5 5 3 4 3 3 6 5 5
7929 7 6 6 5 5 5 4 2 3 2
12025 6 6 6 6 4 5 4 3 2 3
20217 6 5 6 6 5 4 5 2 2 4
36601 6 5 5 6 5 6 3 2 3 4
69369 6 5 5 5 6 5 4 2 3 4
14073 6 5 7 5 4 5 4 3 4 2
22265 5 6 6 5 5 4 5 2 4 3
38649 5 5 7 4 5 6 3 2 5 3
71417 5 5 6 5 5 5 4 2 5 3
26361 6 4 6 6 4 4 5 3 3 4
42745 5 5 6 5 4 6 3 3 4 4
75513 5 4 7 5 4 5 4 3 4 4
141049 5 4 6 7 3 4 5 4 3 4
50937 6 4 5 5 5 5 4 2 4 5
83705 5 5 5 5 5 4 5 2 4 5
149241 5 4 6 6 4 3 6 3 3 5
100089 6 4 5 4 5 6 3 2 5 5
15097 6 6 5 5 4 5 4 4 4 2
23289 5 6 6 4 5 4 5 3 4 3
39673 5 5 6 5 4 6 3 3 5 3
72441 5 5 5 5 6 4 4 3 5 3
27385 5 6 5 5 4 4 5 4 3 4
43769 4 7 4 6 3 6 3 4 4 4
76537 4 6 5 5 5 4 4 4 4 4
142073 4 6 4 7 3 5 4 5 3 4
51961 5 5 5 5 4 5 4 3 4 5
84729 4 6 5 4 6 3 5 3 4 5
150265 4 5 6 5 4 4 5 4 3 5
101113 5 5 4 5 5 5 3 3 5 5
166649 4 6 4 6 3 6 3 4 4 5
29433 6 5 5 4 4 4 5 4 5 3
45817 5 5 6 4 3 6 3 4 6 3
78585 5 4 6 5 4 4 4 4 6 3
144121 5 4 5 6 4 4 4 5 5 3
54009 5 5 6 3 4 5 4 3 6 4
86777 4 6 5 4 5 3 5 3 6 4
152313 4 5 6 4 5 3 5 4 5 4
103161 5 4 6 4 4 5 3 3 7 4
168697 4 5 6 4 4 5 3 4 6 4
58105 6 5 4 4 3 5 4 4 5 5
90873 5 5 5 4 4 3 5 4 5 5
156409 5 4 5 6 3 3 5 5 4 5
107257 5 5 5 4 3 5 3 4 6 5
172793 4 6 4 6 2 5 3 5 5 5
15609 7 5 5 4 4 5 5 4 3 3
23801 6 5 5 5 4 4 6 3 3 4
40185 6 4 5 5 5 5 4 3 4 4
72953 6 4 4 5 6 5 4 3 4 4
27897 6 4 6 5 3 4 6 4 2 5
44281 5 5 5 5 4 5 4 4 3 5
77049 5 4 6 4 5 5 4 4 3 5
142585 5 4 5 6 3 5 6 4 2 5
52473 6 3 5 6 4 4 5 3 3 6
85241 5 4 5 5 5 4 5 3 3 6
150777 5 3 6 6 3 4 7 3 2 6
101625 6 3 4 5 6 5 3 3 4 6
167161 5 4 4 6 4 5 5 3 3 6
29945 6 5 5 4 3 4 6 4 4 4
46329 5 5 6 3 4 5 4 4 5 4
79097 5 4 6 4 4 5 4 4 5 4
144633 5 4 5 5 4 4 6 4 4 4
54521 5 5 5 4 4 4 5 3 5 5
87289 4 6 4 5 4 4 5 3 5 5
152825 4 5 5 5 4 3 7 3 4 5
103673 5 4 5 4 5 5 3 3 6 5
169209 4 5 5 4 5 4 5 3 5 5
58617 6 4 5 4 3 4 5 4 4 6
91385 5 4 6 4 3 4 5 4 4 6
156921 5 3 6 6 2 3 7 4 3 6
107769 5 4 6 3 4 5 3 4 5 6
173305 4 5 5 5 3 4 5 4 4 6
206073 5 3 6 5 3 4 5 4 4 6
115961 6 4 4 4 4 4 4 3 5 7
30969 7 5 4 3 3 4 6 5 4 4
47353 6 5 4 4 3 5 4 5 5 4
80121 6 4 4 4 5 4 4 5 5 4
145657 6 4 3 5 4 5 5 5 4 4
55545 6 4 5 4 3 4 5 4 5 5
88313 5 5 4 4 5 3 5 4 5 5
153849 5 4 5 4 4 4 6 4 4 5
104697 6 3 4 5 5 4 3 4 6 5
170233 5 4 4 5 4 5 4 4 5 5
203001 6 3 3 5 6 4 4 4 5 5
59641 6 5 4 4 2 4 5 5 4 6
92409 5 5 5 3 4 3 5 5 4 6
157945 5 4 5 5 2 4 6 5 3 6
108793 5 5 4 4 4 4 3 5 5 6
174329 4 6 3 6 2 5 4 5 4 6
207097 5 4 4 5 4 4 4 5 4 6
116985 6 4 4 4 4 3 4 4 5 7
182521 5 4 5 5 2 4 5 4 4 7
215289 5 4 5 4 4 3 5 4 4 7
61689 7 5 4 2 2 4 5 5 6 5
94457 6 5 4 3 3 3 5 5 6 5
110841 6 4 5 3 3 4 3 5 7 5
119033 6 5 4 3 3 3 4 4 7 6
8057 7 6 6 5 5 5 3 3 3 2
12153 6 6 6 5 6 4 3 4 2 3
20345 6 5 6 5 6 5 3 3 2 4
36729 6 5 5 5 6 6 3 2 3 4
69497 6 5 5 4 7 5 3 4 2 4
14201 6 5 6 6 5 4 3 4 4 2
22393 5 6 5 6 5 5 3 3 4 3
38777 5 5 6 5 5 6 3 2 5 3
71545 5 5 5 6 5 5 3 4 4 3
26489 6 4 5 6 6 4 3 4 3 4
42873 5 5 5 5 6 5 3 3 4 4
75641 5 4 6 5 6 4 3 5 3 4
141177 5 4 5 7 5 3 4 5 4 3
51065 6 4 4 5 6 6 3 2 4 5
83833 5 5 4 5 6 5 3 4 3 5
149369 5 4 5 6 5 4 4 4 4 4
100217 6 4 4 4 6 6 3 3 4 5
15225 6 5 6 5 5 4 3 5 4 2
23417 5 5 7 4 5 5 3 4 4 3
39801 5 4 7 5 4 6 3 3 5 3
72569 5 4 6 5 6 4 3 5 4 3
27513 5 5 6 4 6 4 3 5 3 4
43897 4 6 5 5 5 5 3 4 4 4
76665 4 5 6 4 7 3 3 6 3 4
142201 4 5 5 6 5 4 3 6 4 3
52089 5 4 6 4 5 6 3 3 4 5
84857 4 5 6 3 7 4 3 5 3 5
150393 4 4 7 4 5 5 3 5 4 4
101241 5 4 5 4 6 5 3 4 4 5
166777 4 5 5 5 4 6 3 4 5 4
29561 6 4 5 5 5 4 3 5 5 3
45945 5 4 6 5 4 5 3 4 6 3
78713 5 3 6 6 5 3 3 6 5 3
144249 5 3 5 7 5 3 3 6 6 2
54137 5 4 6 4 4 6 3 3 6 4
86905 4 5 5 5 5 4 3 5 5 4
152441 4 4 6 5 5 4 3 5 6 3
103289 5 3 6 5 4 5 3 4 6 4
168825 4 4 6 5 4 5 3 4 7 3
58233 6 4 4 4 5 5 3 4 5 5
91001 5 4 5 4 6 3 3 6 4 5
156537 5 3 5 6 5 3 3 6 5 4
107385 5 4 5 4 5 4 3 5 5 5
172921 4 5 4 6 4 4 3 5 6 4
205689 5 3 5 6 5 2 3 7 5 4
15737 6 6 5 4 5 4 4 5 3 3
23929 5 6 5 5 4 5 4 4 3 4
40313 5 5 5 5 5 5 4 3 4 4
73081 5 5 4 5 6 5 3 5 3 4
28025 5 5 6 4 5 4 4 5 2 5
44409 4 6 5 4 6 4 4 4 3 5
77177 4 5 6 3 7 4 3 6 2 5
142713 4 5 5 5 5 4 5 5 3 4
52601 5 4 5 5 5 5 4 3 3 6
85369 4 5 5 4 6 5 3 5 2 6
150905 4 4 6 5 4 5 5 4 3 5
101753 5 4 4 4 7 5 3 4 3 6
167289 4 5 4 5 5 5 5 3 4 5
30073 5 6 4 5 4 4 4 5 4 4
46457 4 6 5 4 5 4 4 4 5 4
79225 4 5 5 5 5 4 3 6 4 4
144761 4 5 4 6 5 3 5 5 5 3
54649 4 6 4 5 4 5 4 3 5 5
87417 3 7 3 6 4 5 3 5 4 5
152953 3 6 4 6 4 4 5 4 5 4
103801 4 5 4 5 5 5 3 4 5 5
169337 3 6 4 5 5 4 5 3 6 4
58745 5 5 4 4 5 4 4 4 4 6
91513 4 5 5 4 5 4 3 6 3 6
157049 4 4 5 6 4 3 5 5 4 5
107897 4 5 5 3 6 4 3 5 4 6
173433 3 6 4 5 5 3 5 4 5 5
206201 4 4 5 5 5 3 4 6 4 5
116089 5 5 3 4 5 5 3 4 4 7
31097 6 5 5 3 4 4 4 6 4 4
47481 5 5 5 4 4 4 4 5 5 4
80249 5 4 5 4 6 3 3 7 4 4
145785 5 4 4 5 5 4 4 6 5 3
55673 5 4 6 4 3 5 4 4 5 5
88441 4 5 5 4 5 4 3 6 4 5
153977 4 4 6 4 4 5 4 5 5 4
104825 5 3 5 5 5 4 3 5 5 5
170361 4 4 5 5 4 5 4 4 6 4
203129 5 3 4 5 6 4 3 6 5 4
59769 5 5 5 3 4 4 4 5 4 6
92537 4 5 6 2 6 3 3 7 3 6
158073 4 4 6 4 4 4 4 6 4 5
108921 4 5 5 3 6 3 3 6 4 6
174457 3 6 4 5 4 4 4 5 5 5
207225 4 4 5 4 6 3 3 7 4 5
117113 5 4 5 3 5 4 3 5 4 7
182649 4 4 6 4 3 5 4 4 5 6
215417 4 4 6 3 5 4 3 6 4 6
61817 6 5 4 3 3 4 4 5 6 5
94585 5 5 4 4 4 3 3 7 5 5
160121 5 4 4 5 4 3 4 6 6 4
110969 5 4 5 4 4 3 3 6 6 5
176505 4 5 4 5 4 3 4 5 7 4
119161 5 5 4 4 3 4 3 5 6 6
184697 4 5 5 4 3 4 4 4 7 5
15993 7 5 5 4 4 5 4 4 4 3
24185 6 5 5 4 5 5 4 3 4 4
40569 6 4 5 4 5 7 3 2 5 4
73337 6 4 4 4 6 6 4 3 4 4
28281 6 4 5 5 5 4 4 4 3 5
44665 5 5 4 5 5 6 3 3 4 5
77433 5 4 5 4 6 5 4 4 3 5
142969 5 4 4 6 4 5 5 5 3 4
52857 6 3 4 5 6 6 3 2 4 6
85625 5 4 4 4 7 5 4 3 3 6
151161 5 3 5 5 5 5 5 4 3 5
102009 6 3 3 4 7 7 3 2 4 6
167545 5 4 3 5 5 7 4 3 4 5
30329 6 4 5 5 4 4 4 4 5 4
46713 5 4 6 4 4 6 3 3 6 4
79481 5 3 6 5 4 5 4 4 5 4
145017 5 3 5 6 4 4 5 5 5 3
54905 5 4 5 4 5 6 3 2 6 5
87673 4 5 4 5 5 5 4 3 5 5
153209 4 4 5 5 5 4 5 4 5 4
104057 5 3 5 4 5 7 3 2 6 5
169593 4 4 5 4 5 6 4 3 6 4
59001 6 3 4 5 5 5 3 3 5 6
91769 5 3 5 5 5 4 4 4 4 6
157305 5 2 5 7 4 3 5 5 4 5
108153 5 3 5 4 5 6 3 3 5 6
173689 4 4 4 6 4 5 4 4 5 5
206457 5 2 5 6 4 4 5 5 4 5
116345 6 3 3 4 6 6 3 2 5 7
181881 5 3 4 5 5 5 4 3 5 6
31353 6 5 5 3 4 4 4 5 5 4
47737 5 5 5 4 3 6 3 4 6 4
80505 5 4 5 4 5 4 4 5 5 4
146041 5 4 4 5 4 5 4 6 5 3
55929 5 4 6 3 4 6 3 3 6 5
88697 4 5 5 3 6 4 4 4 5 5
154233 4 4 6 3 5 5 4 5 5 4
105081 5 3 5 4 5 6 3 3 6 5
170617 4 4 5 4 4 7 3 4 6 4
203385 5 3 4 4 6 5 4 5 5 4
60025 5 5 4 4 4 5 3 4 5 6
92793 4 5 5 3 6 3 4 5 4 6
158329 4 4 5 5 4 4 4 6 4 5
109177 4 5 4 4 5 5 3 4 5 6
174713 3 6 3 6 3 6 3 5 5 5
207481 4 4 4 5 5 4 4 6 4 5
117369 5 4 4 3 6 5 3 3 5 7
182905 4 4 5 4 4 6 3 4 5 6
215673 4 4 5 3 6 4 4 5 4 6
62073 6 4 5 3 3 5 3 4 7 5
94841 5 4 5 4 4 3 4 5 6 5
160377 5 3 5 5 4 3 4 6 6 4
111225 5 3 6 4 3 5 3 4 7 5
176761 4 4 5 5 3 5 3 5 7 4
209529 5 2 5 6 4 3 4 6 6 4
119417 5 4 5 3 4 5 3 3 7 6
184953 4 4 6 3 4 5 3 4 7 5
217721 4 4 5 4 5 3 4 5 6 5
234105 5 3 5 4 4 5 3 4 7 5
123513 6 4 4 3 4 4 3 4 6 7
31865 7 5 4 3 3 4 5 5 4 5
48249 6 5 4 3 4 5 4 4 5 5
81017 6 4 4 3 5 5 4 5 4 5
146553 6 4 3 4 4 5 6 5 4 4
56441 6 4 4 4 4 5 4 3 5 6
89209 5 5 3 4 5 5 4 4 4 6
154745 5 4 4 4 4 5 6 4 4 5
105593 6 3 3 4 6 6 3 3 5 6
171129 5 4 3 4 5 6 5 3 5 5
203897 6 3 2 4 6 6 5 4 4 5
60537 6 4 4 4 4 4 4 4 4 7
93305 5 4 5 3 5 4 4 5 3 7
158841 5 3 5 5 3 4 6 5 3 6
109689 5 4 4 3 6 5 3 4 4 7
175225 4 5 3 5 4 5 5 4 4 6
207993 5 3 4 4 5 5 5 5 3 6
117881 6 3 3 4 6 5 3 3 4 8
183417 5 3 4 5 4 5 5 3 4 7
216185 5 3 4 4 5 5 5 4 3 7
62585 6 5 4 3 3 4 4 4 6 6
95353 5 5 4 4 3 4 4 5 5 6
160889 5 4 4 5 3 3 6 5 5 5
111737 5 4 5 3 4 5 3 4 6 6
177273 4 5 4 4 4 4 5 4 6 5
210041 5 3 4 5 4 4 5 5 5 5
119929 5 5 3 4 4 5 3 3 6 7
185465 4 5 4 4 4 4 5 3 6 6
218233 4 5 3 5 4 4 5 4 5 6
234617 5 4 3 4 5 5 4 3 6 6
124025 6 4 4 3 4 4 3 4 5 8
189561 5 4 4 5 3 3 5 4 5 7
222329 5 3 5 5 3 3 5 5 4 7
238713 5 4 4 4 4 4 4 4 5 7
63609 7 5 4 2 2 4 4 5 6 6
96377 6 5 4 2 4 3 4 6 5 6
112761 6 4 4 3 4 4 3 5 6 6
120953 6 4 4 3 4 4 3 4 6 7
8121 7 6 6 6 5 3 4 3 3 2
12217 6 6 6 6 5 4 3 4 2 3
20409 6 5 6 6 5 4 5 2 2 4
36793 6 5 5 6 5 5 4 3 2 4
69561 6 5 5 5 6 4 4 4 3 3
14265 6 5 6 6 6 3 3 4 4 2
22457 5 6 5 6 6 3 5 2 4 3
38841 5 5 6 5 6 4 4 3 4 3
71609 5 5 5 6 6 3 4 4 5 2
26553 6 4 5 6 6 4 4 3 3 4
42937 5 5 5 5 6 5 3 4 3 4
75705 5 4 6 5 6 4 3 5 4 3
141241 5 4 5 7 5 3 4 5 4 3
51129 6 4 4 5 6 5 5 2 3 5
83897 5 5 4 5 6 4 5 3 4 4
149433 5 4 5 6 5 3 6 3 4 4
100281 6 4 4 4 6 5 4 4 4 4
15289 6 5 5 7 5 3 3 5 4 2
23481 5 5 6 6 5 3 5 3 4 3
39865 5 4 6 7 4 4 4 4 4 3
72633 5 4 5 7 6 2 4 5 5 2
27577 5 5 5 6 5 4 4 4 3 4
43961 4 6 4 7 4 5 3 5 3 4
76729 4 5 5 6 6 3 3 6 4 3
142265 4 5 4 8 4 4 3 6 4 3
52153 5 4 5 6 4 5 5 3 3 5
84921 4 5 5 5 6 3 5 4 4 4
150457 4 4 6 6 4 4 5 4 4 4
101305 5 4 4 6 5 4 4 5 4 4
166841 4 5 4 7 3 5 4 5 4 4
29625 6 4 4 6 6 3 4 4 5 3
46009 5 4 5 6 5 4 3 5 5 3
78777 5 3 5 7 6 2 3 6 6 2
144313 5 3 4 8 6 2 3 6 6 2
54201 5 4 5 5 5 4 5 3 5 4
86969 4 5 4 6 6 2 5 4 6 3
152505 4 4 5 6 6 2 5 4 6 3
103353 5 3 5 6 5 3 4 5 6 3
168889 4 4 5 6 5 3 4 5 6 3
58297 6 4 3 5 5 5 4 4 4 5
91065 5 4 4 5 6 3 4 5 5 4
156601 5 3 4 7 5 3 4 5 5 4
107449 5 4 4 5 5 4 3 6 5 4
172985 4 5 3 7 4 4 3 6 5 4
205753 5 3 4 7 5 2 3 7 6 3
115641 6 4 3 4 5 4 5 4 5 5
15801 6 5 6 5 5 3 4 5 3 3
23993 5 5 6 6 4 3 6 3 3 4
40377 5 4 6 6 5 3 5 4 3 4
73145 5 4 5 6 6 3 4 5 4 3
28089 5 4 7 5 4 4 5 4 2 5
44473 4 5 6 5 5 4 4 5 2 5
77241 4 4 7 4 6 4 3 6 3 4
142777 4 4 6 6 4 4 5 5 3 4
52665 5 3 6 6 4 4 6 3 2 6
85433 4 4 6 5 5 4 5 4 3 5
150969 4 3 7 6 3 4 7 3 3 5
101817 5 3 5 5 6 4 4 5 3 5
167353 4 4 5 6 4 4 6 4 3 5
30137 5 5 5 5 5 3 5 4 4 4
46521 4 5 6 4 6 3 4 5 4 4
79289 4 4 6 5 6 3 3 6 5 3
144825 4 4 5 6 6 2 5 5 5 3
54713 4 5 5 5 5 3 6 3 4 5
87481 3 6 4 6 5 3 5 4 5 4
153017 3 5 5 6 5 2 7 3 5 4
103865 4 4 5 5 6 3 4 5 5 4
169401 3 5 5 5 6 2 6 4 5 4
58809 5 4 5 4 5 4 5 4 3 6
91577 4 4 6 4 5 4 4 5 4 5
157113 4 3 6 6 4 3 6 4 4 5
107961 4 4 6 3 6 4 3 6 4 5
173497 3 5 5 5 5 3 5 5 4 5
206265 4 3 6 5 5 3 4 6 5 4
116153 5 4 4 4 5 4 5 4 4 6
181689 4 4 5 5 4 3 7 3 4 6
31161 6 4 5 5 4 3 5 5 4 4
47545 5 4 5 6 4 3 4 6 4 4
80313 5 3 5 6 6 2 3 7 5 3
145849 5 3 4 7 5 3 4 6 5 3
55737 5 3 6 6 3 3 6 4 4 5
88505 4 4 5 6 5 2 5 5 5 4
154041 4 3 6 6 4 3 6 4 5 4
104889 5 2 5 7 5 2 4 6 5 4
170425 4 3 5 7 4 3 5 5 5 4
203193 5 2 4 7 6 2 4 6 6 3
59833 5 4 5 5 3 4 5 5 3 6
92601 4 4 6 4 5 3 4 6 4 5
158137 4 3 6 6 3 4 5 5 4 5
108985 4 4 5 5 5 3 3 7 4 5
174521 3 5 4 7 3 4 4 6 4 5
207289 4 3 5 6 5 3 3 7 5 4
117177 5 3 5 5 4 3 5 5 4 6
182713 4 3 6 6 2 4 6 4 4 6
215481 4 3 6 5 4 3 5 5 5 5
61881 6 4 4 4 4 3 5 5 5 5
94649 5 4 4 5 5 2 4 6 6 4
160185 5 3 4 6 5 2 5 5 6 4
111033 5 3 5 5 5 2 3 7 6 4
176569 4 4 4 6 5 2 4 6 6 4
209337 5 2 4 7 6 1 3 7 7 3
119225 5 4 4 5 4 2 5 5 6 5
184761 4 4 5 5 4 2 6 4 6 5
217529 4 4 4 6 5 1 5 5 7 4
16057 6 6 5 5 4 4 4 4 4 3
24249 5 6 5 5 5 3 6 2 4 4
40633 5 5 5 5 5 5 4 3 4 4
73401 5 5 4 5 6 4 5 3 5 3
28345 5 5 5 6 4 4 5 3 3 5
44729 4 6 4 6 4 6 3 4 3 5
77497 4 5 5 5 5 5 4 4 4 4
143033 4 5 4 7 3 5 5 5 3 4
52921 5 4 4 6 5 5 5 2 3 6
85689 4 5 4 5 6 4 6 2 4 5
151225 4 4 5 6 4 4 7 3 3 5
102073 5 4 3 5 6 6 4 3 4 5
167609 4 5 3 6 4 6 5 4 3 5
30393 5 5 5 5 5 3 5 3 5 4
46777 4 5 6 4 5 5 3 4 5 4
79545 4 4 6 5 5 4 4 4 6 3
145081 4 4 5 6 5 3 5 5 5 3
54969 4 5 5 4 6 4 5 2 5 5
87737 3 6 4 5 6 3 6 2 6 4
153273 3 5 5 5 6 2 7 3 5 4
104121 4 4 5 4 6 5 4 3 6 4
169657 3 5 5 4 6 4 5 4 5 4
59065 5 4 4 5 5 5 4 3 4 6
91833 4 4 5 5 5 4 5 3 5 5
157369 4 3 5 7 4 3 6 4 4 5
108217 4 4 5 4 5 6 3 4 5 5
173753 3 5 4 6 4 5 4 5 4 5
206521 4 3 5 6 4 4 5 5 5 4
116409 5 4 3 4 6 5 5 2 5 6
181945 4 4 4 5 5 4 6 3 4 6
214713 4 4 4 5 5 3 7 3 5 5
31417 5 6 4 5 4 3 5 4 5 4
47801 4 6 4 6 3 5 3 5 5 4
80569 4 5 4 6 5 3 4 5 6 3
146105 4 5 3 7 4 4 4 6 5 3
55993 4 5 5 5 4 4 5 3 5 5
88761 3 6 4 5 6 2 6 3 6 4
154297 3 5 5 5 5 3 6 4 5 4
105145 4 4 4 6 5 4 4 4 6 4
170681 3 5 4 6 4 5 4 5 5 4
203449 4 4 3 6 6 3 5 5 6 3
60089 4 6 3 6 3 5 4 4 4 6
92857 3 6 4 5 5 3 5 4 5 5
158393 3 5 4 7 3 4 5 5 4 5
109241 3 6 3 6 4 5 3 5 5 5
174777 2 7 2 8 2 6 3 6 4 5
207545 3 5 3 7 4 4 4 6 5 4
117433 4 5 3 5 5 4 5 3 5 6
182969 3 5 4 6 3 5 5 4 4 6
215737 3 5 4 5 5 3 6 4 5 5
62137 5 5 4 4 4 4 4 4 6 5
94905 4 5 4 5 5 2 5 4 7 4
160441 4 4 4 6 5 2 5 5 6 4
111289 4 4 5 5 4 4 3 5 7 4
176825 3 5 4 6 4 4 3 6 6 4
209593 4 3 4 7 5 2 4 6 7 3
119481 4 5 4 4 5 3 5 3 7 5
185017 3 5 5 4 5 3 5 4 6 5
217785 3 5 4 5 6 1 6 4 7 4
234169 4 4 4 5 5 3 4 5 7 4
123577 5 5 3 4 4 4 4 4 6 6
31929 6 5 5 4 3 3 6 4 4 5
48313 5 5 5 4 4 4 4 5 4 5
81081 5 4 5 4 5 4 4 5 5 4
146617 5 4 4 5 4 4 6 5 4 4
56505 5 4 5 5 4 3 6 3 4 6
89273 4 5 4 5 5 3 6 3 5 5
154809 4 4 5 5 4 3 8 3 4 5
105657 5 3 4 5 6 4 4 4 5 5
171193 4 4 4 5 5 4 6 4 4 5
203961 5 3 3 5 6 4 6 4 5 4
60601 5 4 5 5 3 4 5 4 3 7
93369 4 4 6 4 4 4 5 4 4 6
158905 4 3 6 6 2 4 7 4 3 6
109753 4 4 5 4 5 5 3 5 4 6
175289 3 5 4 6 3 5 5 5 3 6
208057 4 3 5 5 4 5 5 5 4 5
117945 5 3 4 5 5 4 5 3 4 7
183481 4 3 5 6 3 4 7 3 3 7
216249 4 3 5 5 4 4 7 3 4 6
62649 5 5 5 3 4 3 5 4 5 6
95417 4 5 5 4 4 3 5 4 6 5
160953 4 4 5 5 4 2 7 4 5 5
111801 4 4 6 3 5 4 3 5 6 5
177337 3 5 5 4 5 3 5 5 5 5
210105 4 3 5 5 5 3 5 5 6 4
119993 4 5 4 4 5 3 5 3 6 6
185529 3 5 5 4 5 2 7 3 5 6
218297 3 5 4 5 5 2 7 3 6 5
234681 4 4 4 4 6 3 5 4 6 5
124089 5 4 5 3 4 4 4 4 5 7
189625 4 4 5 5 3 3 6 4 4 7
222393 4 3 6 5 3 3 6 4 5 6
238777 4 4 5 4 4 4 4 5 5 6
63673 6 5 4 4 2 3 5 5 5 6
96441 5 5 4 4 4 2 5 5 6 5
161977 5 4 4 5 3 3 6 5 5 5
112825 5 4 4 5 4 3 3 6 6 5
178361 4 5 3 6 3 4 4 6 5 5
121017 5 4 4 5 4 2 5 4 6 6
186553 4 4 5 5 3 3 6 4 5 6
125113 5 5 4 4 3 3 4 5 5 7
16185 7 5 5 5 5 3 3 5 4 3
24377 6 5 5 5 5 4 4 3 4 4
40761 6 4 5 5 5 5 4 3 4 4
73529 6 4 4 5 6 4 4 5 4 3
28473 6 4 5 5 6 4 3 4 3 5
44857 5 5 4 5 6 5 3 4 3 5
77625 5 4 5 4 7 4 3 6 3 4
143161 5 4 4 6 5 4 4 6 4 3
53049 6 3 4 5 6 6 4 2 3 6
85817 5 4 4 4 7 5 4 4 3 5
151353 5 3 5 5 5 5 5 4 4 4
102201 6 3 3 4 7 6 4 4 3 5
167737 5 4 3 5 5 6 5 4 4 4
30521 6 4 4 6 6 3 3 4 5 4
46905 5 4 5 5 6 4 3 4 5 4
79673 5 3 5 6 6 3 3 6 5 3
145209 5 3 4 7 6 2 4 6 6 2
55097 5 4 4 5 6 5 4 2 5 5
87865 4 5 3 6 6 4 4 4 5 4
153401 4 4 4 6 6 3 5 4 6 3
104249 5 3 4 5 6 5 4 4 5 4
169785 4 4 4 5 6 4 5 4 6 3
59193 6 3 3 5 7 5 3 3 4 6
91961 5 3 4 5 7 4 3 5 4 5
157497 5 2 4 7 6 3 4 5 5 4
108345 5 3 4 4 7 5 3 5 4 5
173881 4 4 3 6 6 4 4 5 5 4
206649 5 2 4 6 6 3 4 7 5 3
116537 6 3 2 4 7 6 4 3 4 6
182073 5 3 3 5 6 5 5 3 5 5
214841 5 3 3 5 6 4 5 5 5 4
31545 6 4 5 5 5 3 3 5 5 4
47929 5 4 5 6 4 4 3 5 5 4
80697 5 3 5 6 6 2 3 7 5 3
146233 5 3 4 7 5 3 3 7 6 2
56121 5 3 6 5 4 5 4 3 5 5
88889 4 4 5 5 6 3 4 5 5 4
154425 4 3 6 5 5 4 4 5 6 3
105273 5 2 5 6 5 4 4 5 5 4
170809 4 3 5 6 4 5 4 5 6 3
203577 5 2 4 6 6 3 4 7 6 2
60217 5 4 4 5 5 5 3 4 4 6
92985 4 4 5 4 7 3 3 6 4 5
158521 4 3 5 6 5 4 3 6 5 4
109369 4 4 4 5 6 4 3 6 4 5
174905 3 5 3 7 4 5 3 6 5 4
207673 4 3 4 6 6 3 3 8 5 3
117561 5 3 4 4 6 5 4 4 4 6
183097 4 3 5 5 4 6 4 4 5 5
215865 4 3 5 4 6 4 4 6 5 4
62265 6 3 4 5 5 4 3 4 6 5
95033 5 3 4 6 6 2 3 6 6 4
160569 5 2 4 7 6 2 3 6 7 3
111417 5 2 5 6 5 3 3 6 6 4
176953 4 3 4 7 5 3 3 6 7 3
209721 5 1 4 8 6 1 3 8 7 2
119609 5 3 4 5 5 4 4 4 6 5
185145 4 3 5 5 5 4 4 4 7 4
217913 4 3 4 6 6 2 4 6 7 3
234297 5 2 4 6 5 3 4 6 7 3
123705 6 3 3 4 6 4 3 5 5 6
189241 5 3 3 6 5 4 3 5 6 5
32057 6 5 5 4 4 3 4 5 4 5
48441 5 5 5 4 5 3 4 5 4 5
81209 5 4 5 4 6 3 3 7 4 4
146745 5 4 4 5 5 3 5 6 5 3
56633 5 4 5 5 4 4 5 3 4 6
89401 4 5 4 5 5 4 4 5 4 5
154937 4 4 5 5 4 4 6 4 5 4
105785 5 3 4 5 6 4 4 5 4 5
171321 4 4 4 5 5 4 6 4 5 4
204089 5 3 3 5 6 4 5 6 5 3
60729 5 4 5 4 5 4 4 4 3 7
93497 4 4 6 3 6 4 3 6 3 6
159033 4 3 6 5 4 4 5 5 4 5
109881 4 4 5 3 7 4 3 6 3 6
175417 3 5 4 5 5 4 5 5 4 5
208185 4 3 5 4 6 4 4 7 4 4
118073 5 3 4 4 6 5 4 4 3 7
183609 4 3 5 5 4 5 6 3 4 6
216377 4 3 5 4 5 5 5 5 4 5
62777 5 5 4 4 5 3 4 4 5 6
95545 4 5 4 5 5 3 3 6 5 5
161081 4 4 4 6 5 2 5 5 6 4
111929 4 4 5 4 6 3 3 6 5 5
177465 3 5 4 5 6 2 5 5 6 4
210233 4 3 4 6 6 2 4 7 6 3
120121 4 5 3 5 5 4 4 4 5 6
185657 3 5 4 5 5 3 6 3 6 5
218425 3 5 3 6 5 3 5 5 6 4
234809 4 4 3 5 6 3 5 5 6 4
124217 5 4 4 3 6 4 3 5 4 7
189753 4 4 4 5 5 3 5 4 5 6
222521 4 3 5 5 5 3 4 6 5 5
238905 4 4 4 4 6 3 4 6 5 5
63801 6 4 5 4 3 3 4 5 5 6
96569 5 4 5 4 5 2 3 7 5 5
162105 5 3 5 5 4 3 4 6 6 4
112953 5 3 5 5 5 2 3 7 5 5
178489 4 4 4 6 4 3 4 6 6 4
211257 5 2 4 6 6 2 3 8 6 3
121145 5 3 5 5 4 3 4 5 5 6
186681 4 3 6 5 3 4 5 4 6 5
219449 4 3 5 5 5 3 4 6 6 4
235833 5 2 4 6 5 3 4 6 6 4
125241 5 4 5 3 5 3 3 6 4 7
190777 4 4 5 5 3 4 4 5 5 6
223545 4 3 6 4 5 3 3 7 5 5
239929 4 4 4 5 5 3 3 7 5 5
248121 5 3 5 4 4 4 4 5 5 6
127289 6 4 4 4 4 2 3 6 6 6
32313 7 5 4 4 4 3 4 4 5 5
48697 6 5 4 4 4 5 3 4 5 5
81465 6 4 4 4 5 4 4 5 5 4
147001 6 4 3 5 4 4 5 6 5 3
56889 6 4 4 4 5 5 4 2 5 6
89657 5 5 3 4 6 4 5 3 5 5
155193 5 4 4 4 5 4 6 4 5 4
106041 6 3 3 4 6 6 4 3 5 5
171577 5 4 3 4 5 6 5 4 5 4
204345 6 3 2 4 6 5 6 5 5 3
60985 6 4 3 5 5 5 3 3 4 7
93753 5 4 4 4 6 4 4 4 4 6
159289 5 3 4 6 4 4 5 5 4 5
110137 5 4 3 4 6 6 3 4 4 6
175673 4 5 2 6 4 6 4 5 4 5
208441 5 3 3 5 5 5 5 6 4 4
118329 6 3 2 4 7 6 4 2 4 7
183865 5 3 3 5 5 6 5 3 4 6
216633 5 3 3 4 6 5 6 4 4 5
233017 6 3 1 4 6 7 5 4 4 5
63033 6 4 4 4 5 4 3 3 6 6
95801 5 4 4 5 5 3 4 4 6 5
161337 5 3 4 6 5 2 5 5 6 4
112185 5 3 5 4 5 5 3 4 6 5
177721 4 4 4 5 5 4 4 5 6 4
210489 5 2 4 6 5 3 5 6 6 3
120377 5 4 3 4 6 5 4 2 6 6
185913 4 4 4 4 6 4 5 3 6 5
218681 4 4 3 5 6 3 6 4 6 4
124473 6 3 3 4 6 5 3 3 5 7
190009 5 3 3 6 5 4 4 4 5 6
222777 5 2 4 6 5 3 5 5 5 5
64057 6 5 4 4 3 4 3 4 6 6
96825 5 5 4 4 5 2 4 5 6 5
162361 5 4 4 5 4 3 4 6 6 4
113209 5 4 4 5 4 4 3 5 6 5
178745 4 5 3 6 3 5 3 6 6 4
211513 5 3 3 6 5 3 4 7 6 3
121401 5 4 4 4 5 4 4 3 6 6
186937 4 4 5 4 4 5 4 4 6 5
219705 4 4 4 4 6 3 5 5 6 4
125497 5 5 3 4 5 4 3 4 5 7
191033 4 5 3 6 3 5 3 5 5 6
223801 4 4 4 5 5 3 4 6 5 5
127545 6 4 4 4 4 3 3 4 7 6
193081 5 4 4 5 4 3 3 5 7 5
225849 5 3 4 6 5 1 4 6 7 4
64569 7 5 4 3 3 3 4 4 5 7
97337 6 5 4 3 4 3 4 5 5 6
113721 6 4 4 3 5 4 3 5 5 6
8153 7 6 7 6 4 4 3 3 3 2
12249 6 6 7 6 4 4 4 3 2 3
20441 6 5 7 6 4 4 5 3 1 4
36825 6 5 6 6 4 5 4 3 3 3
69593 6 5 6 5 5 4 4 4 3 3
14297 6 5 7 6 4 5 3 3 4 2
22489 5 6 6 6 4 5 4 3 3 3
38873 5 5 7 5 4 6 3 3 5 2
71641 5 5 6 6 4 5 3 4 5 2
26585 6 4 6 6 4 5 5 3 2 4
42969 5 5 6 5 4 6 4 3 4 3
75737 5 4 7 5 4 5 4 4 4 3
141273 5 4 6 7 3 4 5 4 3 4
51161 6 4 5 5 4 6 5 3 3 4
83929 5 5 5 5 4 5 5 4 3 4
149465 5 4 6 6 3 4 6 4 2 5
100313 6 4 5 4 4 6 4 4 5 3
15321 6 5 6 6 5 4 3 4 4 2
23513 5 5 7 5 5 4 4 4 3 3
39897 5 4 7 6 4 5 3 4 5 2
72665 5 4 6 6 6 3 3 5 5 2
27609 5 5 6 5 5 4 5 4 2 4
43993 4 6 5 6 4 5 4 4 4 3
76761 4 5 6 5 6 3 4 5 4 3
142297 4 5 5 7 4 4 4 5 3 4
52185 5 4 6 5 4 5 5 4 3 4
84953 4 5 6 4 6 3 5 5 3 4
150489 4 4 7 5 4 4 5 5 2 5
101337 5 4 5 5 5 4 4 5 5 3
166873 4 5 5 6 3 5 4 5 4 4
29657 6 4 5 5 5 5 4 4 4 3
46041 5 4 6 5 4 6 3 4 6 2
78809 5 3 6 6 5 4 3 5 6 2
144345 5 3 5 7 5 4 3 5 5 3
54233 5 4 6 4 4 6 4 4 5 3
87001 4 5 5 5 5 4 4 5 5 3
152537 4 4 6 5 5 4 4 5 4 4
103385 5 3 6 5 4 5 3 5 7 2
168921 4 4 6 5 4 5 3 5 6 3
58329 6 4 4 4 4 6 5 4 4 4
91097 5 4 5 4 5 4 5 5 4 4
156633 5 3 5 6 4 4 5 5 3 5
107481 5 4 5 4 4 5 4 5 6 3
173017 4 5 4 6 3 5 4 5 5 4
205785 5 3 5 6 4 3 4 6 5 4
115673 6 4 4 3 4 5 5 5 5 4
15833 6 5 6 6 4 4 4 4 3 3
24025 5 5 6 7 3 4 5 4 2 4
40409 5 4 6 7 4 4 4 4 4 3
73177 5 4 5 7 5 4 3 5 4 3
28121 5 4 7 6 3 4 6 4 1 5
44505 4 5 6 6 4 4 5 4 3 4
77273 4 4 7 5 5 4 4 5 3 4
142809 4 4 6 7 3 4 6 4 2 5
52697 5 3 6 7 3 4 6 4 2 5
85465 4 4 6 6 4 4 5 5 2 5
151001 4 3 7 7 2 4 7 4 1 6
101849 5 3 5 6 5 4 4 5 4 4
167385 4 4 5 7 3 4 6 4 3 5
30169 5 5 5 6 3 5 5 4 3 4
46553 4 5 6 5 4 5 4 4 5 3
79321 4 4 6 6 4 5 3 5 5 3
144857 4 4 5 7 4 4 5 4 4 4
54745 4 5 5 6 3 5 5 4 4 4
87513 3 6 4 7 3 5 4 5 4 4
153049 3 5 5 7 3 4 6 4 3 5
103897 4 4 5 6 4 5 3 5 6 3
169433 3 5 5 6 4 4 5 4 5 4
58841 5 4 5 5 3 5 6 4 3 5
91609 4 4 6 5 3 5 5 5 3 5
157145 4 3 6 7 2 4 7 4 2 6
107993 4 4 6 4 4 5 4 5 5 4
173529 3 5 5 6 3 4 6 4 4 5
206297 4 3 6 6 3 4 5 5 4 5
116185 5 4 4 5 3 5 5 5 4 5
181721 4 4 5 6 2 4 7 4 3 6
31193 6 4 5 5 4 4 5 5 3 4
47577 5 4 5 6 4 4 4 5 5 3
80345 5 3 5 6 6 3 3 6 5 3
145881 5 3 4 7 5 4 4 5 4 4
55769 5 3 6 6 3 4 5 5 4 4
88537 4 4 5 6 5 3 4 6 4 4
154073 4 3 6 6 4 4 5 5 3 5
104921 5 2 5 7 5 3 3 6 6 3
170457 4 3 5 7 4 4 4 5 5 4
203225 5 2 4 7 6 3 3 6 5 4
59865 5 4 5 5 3 4 6 5 3 5
92633 4 4 6 4 5 3 5 6 3 5
158169 4 3 6 6 3 4 6 5 2 6
109017 4 4 5 5 5 3 4 6 5 4
174553 3 5 4 7 3 4 5 5 4 5
207321 4 3 5 6 5 3 4 6 4 5
117209 5 3 5 5 4 3 5 6 4 5
182745 4 3 6 6 2 4 6 5 3 6
215513 4 3 6 5 4 3 5 6 3 6
61913 6 4 4 4 3 5 5 5 5 4
94681 5 4 4 5 4 4 4 6 5 4
160217 5 3 4 6 4 4 5 5 4 5
111065 5 3 5 5 4 4 3 6 7 3
176601 4 4 4 6 4 4 4 5 6 4
209369 5 2 4 7 5 3 3 6 6 4
119257 5 4 4 5 3 4 4 6 6 4
184793 4 4 5 5 3 4 5 5 5 5
217561 4 4 4 6 4 3 4 6 5 5
233945 5 3 4 6 4 3 3 6 7 4
16089 6 5 7 5 3 5 4 3 4 3
24281 5 5 7 5 4 4 5 3 3 4
40665 5 4 7 5 4 6 3 3 5 3
73433 5 4 6 5 5 5 4 3 5 3
28377 5 4 7 6 3 4 6 3 2 5
44761 4 5 6 6 3 6 4 3 4 4
77529 4 4 7 5 4 5 5 3 4 4
143065 4 4 6 7 2 5 6 4 2 5
52953 5 3 6 6 4 5 5 3 3 5
85721 4 4 6 5 5 4 6 3 3 5
151257 4 3 7 6 3 4 7 4 1 6
102105 5 3 5 5 5 6 4 3 5 4
167641 4 4 5 6 3 6 5 4 3 5
30425 5 4 7 5 3 5 5 3 4 4
46809 4 4 8 4 3 7 3 3 6 3
79577 4 3 8 5 3 6 4 3 6 3
145113 4 3 7 6 3 5 5 4 4 4
55001 4 4 7 4 4 6 4 3 5 4
87769 3 5 6 5 4 5 5 3 5 4
153305 3 4 7 5 4 4 6 4 3 5
104153 4 3 7 4 4 7 3 3 7 3
169689 3 4 7 4 4 6 4 4 5 4
59097 5 3 6 5 3 6 5 3 4 5
91865 4 3 7 5 3 5 6 3 4 5
157401 4 2 7 7 2 4 7 4 2 6
108249 4 3 7 4 3 7 4 3 6 4
173785 3 4 6 6 2 6 5 4 4 5
206553 4 2 7 6 2 5 6 4 4 5
116441 5 3 5 4 4 6 5 3 5 5
181977 4 3 6 5 3 5 6 4 3 6
214745 4 3 6 5 3 4 7 4 3 6
31449 5 5 6 4 4 4 5 4 4 4
47833 4 5 6 5 3 6 3 4 6 3
80601 4 4 6 5 5 4 4 4 6 3
146137 4 4 5 6 4 5 4 5 4 4
56025 4 4 7 4 4 5 4 4 5 4
88793 3 5 6 4 6 3 5 4 5 4
154329 3 4 7 4 5 4 5 5 3 5
105177 4 3 6 5 5 5 3 4 7 3
170713 3 4 6 5 4 6 3 5 5 4
203481 4 3 5 5 6 4 4 5 5 4
60121 4 5 5 5 3 5 5 4 4 5
92889 3 5 6 4 5 3 6 4 4 5
158425 3 4 6 6 3 4 6 5 2 6
109273 3 5 5 5 4 5 4 4 6 4
174809 2 6 4 7 2 6 4 5 4 5
207577 3 4 5 6 4 4 5 5 4 5
117465 4 4 5 4 5 4 5 4 5 5
183001 3 4 6 5 3 5 5 5 3 6
215769 3 4 6 4 5 3 6 5 3 6
62169 5 4 6 3 3 6 4 4 6 4
94937 4 4 6 4 4 4 5 4 6 4
160473 4 3 6 5 4 4 5 5 4 5
111321 4 3 7 4 3 6 3 4 8 3
176857 3 4 6 5 3 6 3 5 6 4
209625 4 2 6 6 4 4 4 5 6 4
119513 4 4 6 3 4 5 4 4 7 4
185049 3 4 7 3 4 5 4 5 5 5
217817 3 4 6 4 5 3 5 5 5 5
234201 4 3 6 4 4 5 3 5 7 4
123609 5 4 5 3 3 5 5 4 6 5
31961 6 4 6 5 2 4 6 4 3 5
48345 5 4 6 5 3 5 4 4 5 4
81113 5 3 6 5 4 5 4 4 5 4
146649 5 3 5 6 3 5 6 4 3 5
56537 5 3 6 6 3 4 5 4 4 5
89305 4 4 5 6 4 4 5 4 4 5
154841 4 3 6 6 3 4 7 4 2 6
105689 5 2 5 6 5 5 3 4 6 4
171225 4 3 5 6 4 5 5 4 4 5
203993 5 2 4 6 5 5 5 4 4 5
60633 5 3 6 6 2 4 6 4 3 6
93401 4 3 7 5 3 4 6 4 3 6
158937 4 2 7 7 1 4 8 4 1 7
109785 4 3 6 5 4 5 4 4 5 5
175321 3 4 5 7 2 5 6 4 3 6
208089 4 2 6 6 3 5 6 4 3 6
117977 5 2 5 6 4 4 5 4 4 6
183513 4 2 6 7 2 4 7 4 2 7
216281 4 2 6 6 3 4 7 4 2 7
62681 5 4 6 4 2 5 5 4 5 5
95449 4 4 6 5 2 5 5 4 5 5
160985 4 3 6 6 2 4 7 4 3 6
111833 4 3 7 4 3 6 3 4 7 4
177369 3 4 6 5 3 5 5 4 5 5
210137 4 2 6 6 3 5 5 4 5 5
120025 4 4 5 5 3 5 4 4 6 5
185561 3 4 6 5 3 4 6 4 4 6
218329 3 4 5 6 3 4 6 4 4 6
234713 4 3 5 5 4 5 4 4 6 5
124121 5 3 6 4 2 5 5 4 5 6
189657 4 3 6 6 1 4 7 4 3 7
222425 4 2 7 6 1 4 7 4 3 7
238809 4 3 6 5 2 5 5 4 5 6
63705 6 4 5 4 2 4 5 5 5 5
96473 5 4 5 4 4 3 5 5 5 5
162009 5 3 5 5 3 4 6 5 3 6
112857 5 3 5 5 4 4 3 5 7 4
178393 4 4 4 6 3 5 4 5 5 5
211161 5 2 4 6 5 4 4 5 5 5
121049 5 3 5 5 4 3 4 5 6 5
186585 4 3 6 5 3 4 5 5 4 6
219353 4 3 5 5 5 3 5 5 4 6
125145 5 4 5 4 3 3 5 5 5 6
190681 4 4 5 6 1 4 6 5 3 7
16217 6 6 6 5 4 4 3 4 4 3
24409 5 6 6 5 4 5 3 4 3 4
40793 5 5 6 5 4 6 3 3 5 3
73561 5 5 5 5 5 5 3 5 4 3
28505 5 5 6 5 5 4 4 4 2 5
44889 4 6 5 5 5 5 4 3 4 4
77657 4 5 6 4 6 4 4 5 3 4
143193 4 5 5 6 4 4 5 5 3 4
53081 5 4 5 5 5 6 4 3 3 5
85849 4 5 5 4 6 5 4 5 2 5
151385 4 4 6 5 4 5 5 5 2 5
102233 5 4 4 4 6 6 4 4 4 4
167769 4 5 4 5 4 6 5 4 4 4
30553 5 5 5 6 4 5 3 4 4 4
46937 4 5 6 5 4 6 3 3 6 3
79705 4 4 6 6 4 5 3 5 5 3
145241 4 4 5 7 4 4 4 5 5 3
55129 4 5 5 5 4 7 3 3 5 4
87897 3 6 4 6 4 6 3 5 4 4
153433 3 5 5 6 4 5 4 5 4 4
104281 4 4 5 5 4 7 3 4 6 3
169817 3 5 5 5 4 6 4 4 6 3
59225 5 4 4 5 5 6 4 3 4 5
91993 4 4 5 5 5 5 4 5 3 5
157529 4 3 5 7 4 4 5 5 3 5
108377 4 4 5 4 5 6 4 4 5 4
173913 3 5 4 6 4 5 5 4 5 4
206681 4 3 5 6 4 4 5 6 4 4
116569 5 4 3 4 5 7 4 4 4 5
182105 4 4 4 5 4 6 5 4 4 5
214873 4 4 4 5 4 5 5 6 3 5
31577 5 5 6 4 5 4 3 5 4 4
47961 4 5 6 5 4 5 3 4 6 3
80729 4 4 6 5 6 3 3 6 5 3
146265 4 4 5 6 5 4 3 6 5 3
56153 4 4 7 4 4 6 3 4 5 4
88921 3 5 6 4 6 4 3 6 4 4
154457 3 4 7 4 5 5 3 6 4 4
105305 4 3 6 5 5 5 3 5 6 3
170841 3 4 6 5 4 6 3 5 6 3
203609 4 3 5 5 6 4 3 7 5 3
60249 4 5 5 4 5 5 4 4 4 5
93017 3 5 6 3 7 3 4 6 3 5
158553 3 4 6 5 5 4 4 6 3 5
109401 3 5 5 4 6 4 4 5 5 4
174937 2 6 4 6 4 5 4 5 5 4
207705 3 4 5 5 6 3 4 7 4 4
117593 4 4 5 3 6 5 4 5 4 5
183129 3 4 6 4 4 6 4 5 4 5
215897 3 4 6 3 6 4 4 7 3 5
62297 5 4 5 4 4 6 3 4 6 4
95065 4 4 5 5 5 4 3 6 5 4
160601 4 3 5 6 5 4 3 6 5 4
111449 4 3 6 5 4 5 3 5 7 3
176985 3 4 5 6 4 5 3 5 7 3
209753 4 2 5 7 5 3 3 7 6 3
119641 4 4 5 4 4 6 3 5 6 4
185177 3 4 6 4 4 6 3 5 6 4
217945 3 4 5 5 5 4 3 7 5 4
234329 4 3 5 5 4 5 3 6 7 3
123737 5 4 4 3 5 5 4 5 5 5
189273 4 4 4 5 4 5 4 5 5 5
32089 5 6 5 5 3 4 4 5 3 5
48473 4 6 5 5 4 4 4 4 5 4
81241 4 5 5 5 5 4 3 6 4 4
146777 4 5 4 6 4 4 5 5 4 4
56665 4 5 5 6 3 5 4 4 4 5
89433 3 6 4 6 4 5 3 6 3 5
154969 3 5 5 6 3 5 5 5 3 5
105817 4 4 4 6 5 5 3 5 5 4
171353 3 5 4 6 4 5 5 4 5 4
204121 4 4 3 6 5 5 4 6 4 4
60761 4 5 5 5 4 4 5 4 3 6
93529 3 5 6 4 5 4 4 6 2 6
159065 3 4 6 6 3 4 6 5 2 6
109913 3 5 5 4 6 4 4 5 4 5
175449 2 6 4 6 4 4 6 4 4 5
208217 3 4 5 5 5 4 5 6 3 5
118105 4 4 4 5 5 5 4 5 3 6
183641 3 4 5 6 3 5 6 4 3 6
216409 3 4 5 5 4 5 5 6 2 6
62809 4 6 4 5 3 5 4 4 5 5
95577 3 6 4 6 3 5 3 6 4 5
161113 3 5 4 7 3 4 5 5 4 5
111961 3 5 5 5 4 5 3 5 6 4
177497 2 6 4 6 4 4 5 4 6 4
210265 3 4 4 7 4 4 4 6 5 4
120153 3 6 3 6 3 6 3 5 5 5
185689 2 6 4 6 3 5 5 4 5 5
218457 2 6 3 7 3 5 4 6 4 5
234841 3 5 3 6 4 5 4 5 6 4
124249 4 5 4 4 4 5 4 5 4 6
189785 3 5 4 6 3 4 6 4 4 6
222553 3 4 5 6 3 4 5 6 3 6
238937 3 5 4 5 4 4 5 5 5 5
63833 5 5 5 4 3 4 4 5 5 5
96601 4 5 5 4 5 3 3 7 4 5
162137 4 4 5 5 4 4 4 6 4 5
112985 4 4 5 5 5 3 3 6 6 4
178521 3 5 4 6 4 4 4 5 6 4
211289 4 3 4 6 6 3 3 7 5 4
121177 4 4 5 5 4 4 3 6 5 5
186713 3 4 6 5 3 5 4 5 5 5
219481 3 4 5 5 5 4 3 7 4 5
235865 4 3 4 6 5 4 3 6 6 4
125273 4 5 5 3 5 3 4 6 4 6
190809 3 5 5 5 3 4 5 5 4 6
223577 3 4 6 4 5 3 4 7 3 6
239961 3 5 4 5 5 3 4 6 5 5
248153 4 4 5 4 4 4 4 6 4 6
127321 5 5 4 4 3 4 3 6 6 5
32345 6 5 6 4 3 4 4 4 4 5
48729 5 5 6 4 3 6 3 3 6 4
81497 5 4 6 4 4 5 4 4 5 4
147033 5 4 5 5 3 5 5 5 4 4
56921 5 4 6 4 4 6 3 3 5 5
89689 4 5 5 4 5 5 4 4 4 5
155225 4 4 6 4 4 5 5 5 3 5
106073 5 3 5 4 5 7 3 3 6 4
171609 4 4 5 4 4 7 4 4 5 4
204377 5 3 4 4 5 6 5 5 4 4
61017 5 4 5 5 4 5 4 3 4 6
93785 4 4 6 4 5 4 5 4 3 6
159321 4 3 6 6 3 4 6 5 2 6
110169 4 4 5 4 5 6 4 3 5 5
175705 3 5 4 6 3 6 5 4 4 5
208473 4 3 5 5 4 5 6 5 3 5
118361 5 3 4 4 6 6 4 3 4 6
183897 4 3 5 5 4 6 5 4 3 6
216665 4 3 5 4 5 5 6 5 2 6
233049 5 3 3 4 5 7 5 4 4 5
63065 5 4 6 4 3 6 3 3 6 5
95833 4 4 6 5 3 5 4 4 5 5
161369 4 3 6 6 3 4 5 5 4 5
112217 4 3 7 4 3 7 3 3 7 4
177753 3 4 6 5 3 6 4 4 6 4
210521 4 2 6 6 3 5 5 5 5 4
120409 4 4 5 4 4 7 3 3 6 5
185945 3 4 6 4 4 6 4 4 5 5
218713 3 4 5 5 4 5 5 5 4 5
235097 4 3 5 4 4 7 4 4 6 4
124505 5 3 5 4 4 6 4 3 5 6
190041 4 3 5 6 3 5 5 4 4 6
222809 4 2 6 6 3 4 6 5 3 6
239193 4 3 5 5 3 6 5 4 5 5
64089 5 5 6 3 3 5 3 4 6 5
96857 4 5 6 3 5 3 4 5 5 5
162393 4 4 6 4 4 4 4 6 4 5
113241 4 4 6 4 4 5 3 4 7 4
178777 3 5 5 5 3 6 3 5 6 4
211545 4 3 5 5 5 4 4 6 5 4
121433 4 4 6 3 5 5 3 4 6 5
186969 3 4 7 3 4 6 3 5 5 5
219737 3 4 6 3 6 4 4 6 4 5
236121 4 3 5 4 5 6 3 5 6 4
125529 4 5 5 3 5 4 4 4 5 6
191065 3 5 5 5 3 5 4 5 4 6
223833 3 4 6 4 5 3 5 6 3 6
240217 3 5 4 5 4 5 4 5 5 5
248409 4 4 5 3 5 5 4 5 4 6
127577 5 4 6 3 3 5 3 4 7 5
193113 4 4 6 4 3 5 3 5 6 5
225881 4 3 6 5 4 3 4 6 5 5
242265 4 3 6 5 3 5 3 5 7 4
250457 4 4 6 3 4 5 3 5 6 5
64601 6 5 5 4 2 4 4 4 5 6
97369 5 5 5 4 3 4 4 5 4 6
162905 5 4 5 5 2 4 6 5 3 6
113753 5 4 5 4 4 5 3 4 6 5
179289 4 5 4 5 3 5 5 4 5 5
121945 5 4 4 5 4 5 3 4 5 6
126041 5 4 5 4 4 4 4 4 4 7
128089 5 5 5 4 2 5 3 4 6 6
16281 7 5 6 6 4 3 3 4 4 3
24473 6 5 6 6 4 3 5 3 3 4
40857 6 4 6 6 4 4 4 4 4 3
73625 6 4 5 6 5 3 4 5 5 2
28569 6 4 6 6 4 4 5 3 2 5
44953 5 5 5 6 4 5 4 4 3 4
77721 5 4 6 5 5 4 4 5 4 3
143257 5 4 5 7 3 4 5 5 3 4
53145 6 3 5 6 4 5 6 3 2 5
85913 5 4 5 5 5 4 6 4 3 4
151449 5 3 6 6 3 4 7 4 2 5
102297 6 3 4 5 5 5 5 5 4 3
167833 5 4 4 6 3 5 6 5 3 4
30617 6 4 5 6 5 4 4 3 4 4
47001 5 4 6 5 5 5 3 4 5 3
79769 5 3 6 6 5 4 3 5 6 2
145305 5 3 5 7 5 3 4 5 5 3
55193 5 4 5 5 5 5 5 3 4 4
87961 4 5 4 6 5 4 5 4 5 3
153497 4 4 5 6 5 3 6 4 4 4
104345 5 3 5 5 5 5 4 5 6 2
169881 4 4 5 5 5 4 5 5 5 3
59289 6 3 4 5 5 6 5 3 3 5
92057 5 3 5 5 5 5 5 4 4 4
157593 5 2 5 7 4 4 6 4 3 5
108441 5 3 5 4 5 6 4 5 5 3
173977 4 4 4 6 4 5 5 5 4 4
206745 5 2 5 6 4 4 5 6 5 3
116633 6 3 3 4 5 6 6 4 4 4
182169 5 3 4 5 4 5 7 4 3 5
214937 5 3 4 5 4 4 7 5 4 4
31641 6 4 5 6 5 3 4 4 4 4
48025 5 4 5 7 4 4 3 5 5 3
80793 5 3 5 7 6 2 3 6 6 2
146329 5 3 4 8 5 3 3 6 5 3
56217 5 3 6 6 4 4 5 4 4 4
88985 4 4 5 6 6 2 5 5 5 3
154521 4 3 6 6 5 3 5 5 4 4
105369 5 2 5 7 5 3 4 6 6 2
170905 4 3 5 7 4 4 4 6 5 3
203673 5 2 4 7 6 2 4 7 6 2
60313 5 4 4 6 4 5 5 4 3 5
93081 4 4 5 5 6 3 5 5 4 4
158617 4 3 5 7 4 4 5 5 3 5
109465 4 4 4 6 5 4 4 6 5 3
175001 3 5 3 8 3 5 4 6 4 4
207769 4 3 4 7 5 3 4 7 5 3
117657 5 3 4 5 5 4 6 5 4 4
183193 4 3 5 6 3 5 6 5 3 5
215961 4 3 5 5 5 3 6 6 4 4
62361 6 3 4 5 5 5 4 4 5 4
95129 5 3 4 6 6 3 4 5 6 3
160665 5 2 4 7 6 3 4 5 5 4
111513 5 2 5 6 5 4 3 6 7 2
177049 4 3 4 7 5 4 3 6 6 3
209817 5 1 4 8 6 2 3 7 7 2
119705 5 3 4 5 5 4 5 5 6 3
185241 4 3 5 5 5 4 5 5 5 4
218009 4 3 4 6 6 2 5 6 6 3
234393 5 2 4 6 5 3 4 7 7 2
123801 6 3 3 4 5 5 5 5 5 4
189337 5 3 3 6 4 5 5 5 4 5
222105 5 2 4 6 5 3 5 6 5 4
32153 6 4 6 6 3 3 5 4 3 5
48537 5 4 6 6 4 3 4 5 4 4
81305 5 3 6 6 5 3 3 6 5 3
146841 5 3 5 7 4 3 5 5 4 4
56729 5 3 6 7 3 3 6 4 3 5
89497 4 4 5 7 4 3 5 5 4 4
155033 4 3 6 7 3 3 7 4 3 5
105881 5 2 5 7 5 3 4 6 5 3
171417 4 3 5 7 4 3 6 5 4 4
204185 5 2 4 7 5 3 5 6 5 3
60825 5 3 6 6 3 4 6 4 2 6
93593 4 3 7 5 4 4 5 5 3 5
159129 4 2 7 7 2 4 7 4 2 6
109977 4 3 6 5 5 4 4 6 4 4
175513 3 4 5 7 3 4 6 5 3 5
208281 4 2 6 6 4 4 5 6 4 4
118169 5 2 5 6 4 4 6 5 3 5
183705 4 2 6 7 2 4 8 4 2 6
216473 4 2 6 6 3 4 7 5 3 5
62873 5 4 5 5 4 4 5 4 4 5
95641 4 4 5 6 4 4 4 5 5 4
161177 4 3 5 7 4 3 6 4 4 5
112025 4 3 6 5 5 4 3 6 6 3
177561 3 4 5 6 5 3 5 5 5 4
210329 4 2 5 7 5 3 4 6 6 3
120217 4 4 4 6 4 4 5 5 5 4
185753 3 4 5 6 4 3 7 4 4 5
218521 3 4 4 7 4 3 6 5 5 4
234905 4 3 4 6 5 3 5 6 6 3
124313 5 3 5 4 4 5 5 5 4 5
189849 4 3 5 6 3 4 7 4 3 6
222617 4 2 6 6 3 4 6 5 4 5
239001 4 3 5 5 4 4 5 6 5 4
63897 6 3 5 6 3 3 5 5 4 5
96665 5 3 5 6 5 2 4 6 5 4
162201 5 2 5 7 4 3 5 5 4 5
113049 5 2 5 7 5 2 3 7 6 3
178585 4 3 4 8 4 3 4 6 5 4
211353 5 1 4 8 6 2 3 7 6 3
121241 5 2 5 7 4 2 5 6 5 4
186777 4 2 6 7 3 3 6 5 4 5
219545 4 2 5 7 5 2 5 6 5 4
235929 5 1 4 8 5 2 4 7 6 3
125337 5 3 5 5 4 3 5 6 4 5
190873 4 3 5 7 2 4 6 5 3 6
223641 4 2 6 6 4 3 5 6 4 5
240025 4 3 4 7 4 3 4 7 5 4
248217 5 2 5 6 3 3 6 6 4 5
127385 6 3 4 5 4 3 4 6 6 4
192921 5 3 4 6 4 3 5 5 5 5
32409 6 5 6 5 3 3 5 3 4 5
48793 5 5 6 5 3 5 3 4 5 4
81561 5 4 6 5 4 4 4 4 6 3
147097 5 4 5 6 3 4 5 5 4 4
56985 5 4 6 5 4 4 5 3 4 5
89753 4 5 5 5 5 3 6 3 5 4
155289 4 4 6 5 4 3 7 4 3 5
106137 5 3 5 5 5 5 4 4 6 3
171673 4 4 5 5 4 5 5 5 4 4
204441 5 3 4 5 5 4 6 5 5 3
61081 5 4 5 6 3 5 5 3 3 6
93849 4 4 6 5 4 4 6 3 4 5
159385 4 3 6 7 2 4 7 4 2 6
110233 4 4 5 5 4 6 4 4 5 4
175769 3 5 4 7 2 6 5 5 3 5
208537 4 3 5 6 3 5 6 5 4 4
118425 5 3 4 5 5 5 6 3 4 5
183961 4 3 5 6 3 5 7 4 2 6
216729 4 3 5 5 4 4 8 4 3 5
233113 5 3 3 5 4 6 6 5 4 4
63129 5 4 6 4 4 5 4 3 5 5
95897 4 4 6 5 4 4 5 3 6 4
161433 4 3 6 6 4 3 6 4 4 5
112281 4 3 7 4 4 6 3 4 7 3
177817 3 4 6 5 4 5 4 5 5 4
210585 4 2 6 6 4 4 5 5 6 3
120473 4 4 5 4 5 5 5 3 6 4
186009 3 4 6 4 5 4 6 4 4 5
218777 3 4 5 5 5 3 7 4 5 4
235161 4 3 5 4 5 5 5 5 6 3
124569 5 3 5 4 4 6 5 3 5 5
190105 4 3 5 6 3 5 6 4 3 6
222873 4 2 6 6 3 4 7 4 4 5
239257 4 3 5 5 3 6 5 5 5 4
64153 5 5 5 5 3 4 4 4 5 5
96921 4 5 5 5 5 2 5 4 6 4
162457 4 4 5 6 4 3 5 5 4 5
113305 4 4 5 6 4 4 3 5 7 3
178841 3 5 4 7 3 5 3 6 5 4
211609 4 3 4 7 5 3 4 6 6 3
121497 4 4 5 5 5 3 5 4 6 4
187033 3 4 6 5 4 4 5 5 4 5
219801 3 4 5 5 6 2 6 5 5 4
236185 4 3 4 6 5 4 4 6 6 3
125593 4 5 4 5 4 4 5 4 5 5
191129 3 5 4 7 2 5 5 5 3 6
223897 3 4 5 6 4 3 6 5 4 5
240281 3 5 3 7 3 5 4 6 5 4
248473 4 4 4 5 4 4 6 5 4 5
127641 5 4 5 4 4 4 4 4 7 4
193177 4 4 5 5 4 4 4 5 5 5
225945 4 3 5 6 5 2 5 5 6 4
242329 4 3 5 6 4 4 3 6 7 3
250521 4 4 5 4 5 3 5 5 6 4
64665 6 4 6 5 2 3 5 4 4 6
97433 5 4 6 5 3 3 5 4 5 5
162969 5 3 6 6 2 3 7 4 3 6
113817 5 3 6 5 4 4 3 5 6 4
179353 4 4 5 6 3 4 5 5 4 5
212121 5 2 5 6 4 4 5 5 5 4
122009 5 3 5 6 4 3 5 4 5 5
187545 4 3 6 6 3 3 7 4 3 6
220313 4 3 5 6 4 3 7 4 4 5
236697 5 2 4 6 5 4 5 5 5 4
126105 5 3 6 5 3 4 5 4 4 6
191641 4 3 6 7 1 4 7 4 2 7
224409 4 2 7 6 2 4 7 4 3 6
240793 4 3 5 6 3 5 5 5 4 5
248985 5 2 5 6 3 4 7 4 3 6
128153 5 4 6 4 3 4 4 4 6 5
193689 4 4 6 5 3 3 6 4 4 6
226457 4 3 6 6 3 3 6 4 5 5
242841 4 3 6 5 4 4 4 5 6 4
251033 4 4 5 5 4 3 6 4 5 5
255129 5 3 6 5 2 4 6 4 4 6
129177 6 4 5 5 3 2 4 5 6 5
32537 7 5 5 5 4 3 3 4 4 5
48921 6 5 5 5 4 4 3 4 5 4
81689 6 4 5 5 5 3 3 6 5 3
147225 6 4 4 6 4 3 4 6 5 3
57113 6 4 5 5 4 5 4 3 4 5
89881 5 5 4 5 5 4 4 5 4 4
155417 5 4 5 5 4 4 5 5 4 4
106265 6 3 4 5 5 5 4 5 5 3
171801 5 4 4 5 4 5 5 5 5 3
204569 6 3 3 5 5 4 5 7 5 2
61209 6 4 4 5 5 5 4 3 3 6
93977 5 4 5 4 6 4 4 5 3 5
159513 5 3 5 6 4 4 5 5 3 5
110361 5 4 4 4 6 5 4 5 4 4
175897 4 5 3 6 4 5 5 5 4 4
118553 6 3 3 4 6 6 5 4 3 5
184089 5 3 4 5 4 6 6 4 3 5
63257 6 4 4 5 5 5 3 3 5 5
96025 5 4 4 6 5 4 3 5 5 4
161561 5 3 4 7 5 3 4 5 5 4
112409 5 3 5 5 5 5 3 5 6 3
177945 4 4 4 6 5 4 4 5 6 3
120601 5 4 3 5 5 6 4 4 5 4
186137 4 4 4 5 5 5 5 4 5 4
124697 6 3 3 4 6 6 4 4 4 5
190233 5 3 3 6 5 5 5 4 4 5
64281 6 4 5 5 4 4 3 4 5 5
97049 5 4 5 5 6 2 3 6 5 4
162585 5 3 5 6 5 3 3 6 5 4
113433 5 3 5 6 5 3 3 6 6 3
178969 4 4 4 7 4 4 3 6 6 3
121625 5 3 5 5 5 4 4 5 5 4
187161 4 3 6 5 4 5 4 5 5 4
125721 5 4 4 4 6 4 4 5 4 5
191257 4 4 4 6 4 5 4 5 4 5
127769 6 3 4 5 5 4 3 5 6 4
193305 5 3 4 6 5 4 3 5 6 4
64793 6 5 5 5 3 3 4 4 4 6
97561 5 5 5 5 4 3 3 6 4 5
163097 5 4 5 6 3 3 5 5 4 5
113945 5 4 5 5 5 3 3 6 5 4
179481 4 5 4 6 4 3 5 5 5 4
122137 5 4 4 6 4 4 4 5 4 5
187673 4 4 5 6 3 4 6 4 4 5
126233 5 4 5 4 5 4 4 5 3 6
191769 4 4 5 6 3 4 6 4 3 6
128281 5 5 4 5 4 4 3 5 5 5
193817 4 5 4 6 4 3 5 4 5 5
129305 6 4 5 5 4 2 3 6 5 5
194841 5 4 5 6 3 3 4 5 5 5
65049 7 5 5 4 3 4 3 3 5 6
97817 6 5 5 4 4 3 4 4 5 5
8169 7 7 7 5 5 4 3 2 3 2
12265 6 7 7 5 5 4 3 4 1 3
20457 6 6 7 5 5 4 4 3 2 3
36841 6 6 6 5 5 5 3 3 3 3
69609 6 6 6 4 6 4 3 4 2 4
14313 6 6 7 5 5 4 4 3 3 2
22505 5 7 6 5 5 4 5 2 4 2
38889 5 6 7 4 5 5 4 2 5 2
71657 5 6 6 5 5 4 4 3 4 3
26601 6 5 6 5 5 4 5 4 2 3
42985 5 6 6 4 5 5 4 4 3 3
75753 5 5 7 4 5 4 4 5 2 4
141289 5 5 6 6 4 3 5 4 3 4
51177 6 5 5 4 5 5 5 3 4 3
83945 5 6 5 4 5 4 5 4 3 4
149481 5 5 6 5 4 3 6 3 4 4
100329 6 5 5 3 5 5 4 4 4 4
15337 6 6 6 5 5 5 3 4 3 2
23529 5 6 7 4 5 5 4 3 4 2
39913 5 5 7 5 4 6 3 3 5 2
72681 5 5 6 5 6 4 3 4 4 3
27625 5 6 6 4 5 5 4 5 2 3
44009 4 7 5 5 4 6 3 5 3 3
76777 4 6 6 4 6 4 3 6 2 4
142313 4 6 5 6 4 5 3 5 3 4
52201 5 5 6 4 4 6 4 4 4 3
84969 4 6 6 3 6 4 4 5 3 4
150505 4 5 7 4 4 5 4 4 4 4
101353 5 5 5 4 5 5 3 5 4 4
166889 4 6 5 5 3 6 3 4 5 4
29673 6 5 5 4 5 5 5 4 4 2
46057 5 5 6 4 4 6 4 4 5 2
78825 5 4 6 5 5 4 4 5 4 3
144361 5 4 5 6 5 4 4 4 5 3
54249 5 5 6 3 4 6 5 3 6 2
87017 4 6 5 4 5 4 5 4 5 3
152553 4 5 6 4 5 4 5 3 6 3
103401 5 4 6 4 4 5 4 4 6 3
168937 4 5 6 4 4 5 4 3 7 3
58345 6 5 4 3 4 6 5 5 4 3
91113 5 5 5 3 5 4 5 6 3 4
156649 5 4 5 5 4 4 5 5 4 4
107497 5 5 5 3 4 5 4 6 4 4
173033 4 6 4 5 3 5 4 5 5 4
205801 5 4 5 5 4 3 4 6 4 5
115689 6 5 4 2 4 5 5 5 5 4
15849 6 6 6 4 6 4 4 4 2 3
24041 5 6 6 5 5 4 5 3 3 3
40425 5 5 6 5 6 4 4 3 4 3
73193 5 5 5 5 7 4 3 4 3 4
28137 5 5 7 4 5 4 5 5 1 4
44521 4 6 6 4 6 4 4 5 2 4
77289 4 5 7 3 7 4 3 6 1 5
142825 4 5 6 5 5 4 5 4 2 5
52713 5 4 6 5 5 4 5 4 3 4
85481 4 5 6 4 6 4 4 5 2 5
151017 4 4 7 5 4 4 6 3 3 5
101865 5 4 5 4 7 4 3 5 3 5
167401 4 5 5 5 5 4 5 3 4 5
30185 5 6 5 4 5 4 6 4 3 3
46569 4 6 6 3 6 4 5 4 4 3
79337 4 5 6 4 6 4 4 5 3 4
144873 4 5 5 5 6 3 6 3 4 4
54761 4 6 5 4 5 4 6 3 5 3
87529 3 7 4 5 5 4 5 4 4 4
153065 3 6 5 5 5 3 7 2 5 4
103913 4 5 5 4 6 4 4 4 5 4
169449 3 6 5 4 6 3 6 2 6 4
58857 5 5 5 3 5 4 6 5 3 4
91625 4 5 6 3 5 4 5 6 2 5
157161 4 4 6 5 4 3 7 4 3 5
108009 4 5 6 2 6 4 4 6 3 5
173545 3 6 5 4 5 3 6 4 4 5
206313 4 4 6 4 5 3 5 5 3 6
116201 5 5 4 3 5 4 5 5 4 5
181737 4 5 5 4 4 3 7 3 5 5
31209 6 5 5 3 5 5 5 5 3 3
47593 5 5 5 4 5 5 4 5 4 3
80361 5 4 5 4 7 4 3 6 3 4
145897 5 4 4 5 6 5 4 4 4 4
55785 5 4 6 4 4 5 5 4 5 3
88553 4 5 5 4 6 4 4 5 4 4
154089 4 4 6 4 5 5 5 3 5 4
104937 5 3 5 5 6 4 3 5 5 4
170473 4 4 5 5 5 5 4 3 6 4
203241 5 3 4 5 7 4 3 4 5 5
59881 5 5 5 3 4 5 5 6 3 4
92649 4 5 6 2 6 4 4 7 2 5
158185 4 4 6 4 4 5 5 5 3 5
109033 4 5 5 3 6 4 3 7 3 5
174569 3 6 4 5 4 5 4 5 4 5
207337 4 4 5 4 6 4 3 6 3 6
117225 5 4 5 3 5 4 4 6 4 5
182761 4 4 6 4 3 5 5 4 5 5
215529 4 4 6 3 5 4 4 5 4 6
61929 6 5 4 2 4 5 6 5 5 3
94697 5 5 4 3 5 4 5 6 4 4
160233 5 4 4 4 5 4 6 4 5 4
111081 5 4 5 3 5 4 4 6 5 4
176617 4 5 4 4 5 4 5 4 6 4
209385 5 3 4 5 6 3 4 5 5 5
119273 5 5 4 3 4 4 5 5 6 4
184809 4 5 5 3 4 4 6 3 7 4
217577 4 5 4 4 5 3 5 4 6 5
233961 5 4 4 4 5 3 4 4 7 5
123369 6 5 4 1 4 4 5 7 4 5
16105 6 6 6 5 4 5 4 3 3 3
24297 5 6 6 5 5 4 5 2 4 3
40681 5 5 6 5 5 6 3 2 5 3
73449 5 5 5 5 6 5 4 2 4 4
28393 5 5 6 6 4 4 5 4 2 4
44777 4 6 5 6 4 6 3 4 3 4
77545 4 5 6 5 5 5 4 4 2 5
143081 4 5 5 7 3 5 5 4 2 5
52969 5 4 5 6 5 5 4 3 4 4
85737 4 5 5 5 6 4 5 3 3 5
151273 4 4 6 6 4 4 6 3 3 5
102121 5 4 4 5 6 6 3 3 4 5
167657 4 5 4 6 4 6 4 3 4 5
30441 5 5 6 5 4 4 6 3 4 3
46825 4 5 7 4 4 6 4 3 5 3
79593 4 4 7 5 4 5 5 3 4 4
145129 4 4 6 6 4 4 6 3 4 4
55017 4 5 6 4 5 5 5 2 6 3
87785 3 6 5 5 5 4 6 2 5 4
153321 3 5 6 5 5 3 7 2 5 4
104169 4 4 6 4 5 6 4 2 6 4
169705 3 5 6 4 5 5 5 2 6 4
59113 5 4 5 5 4 5 5 4 4 4
91881 4 4 6 5 4 4 6 4 3 5
157417 4 3 6 7 3 3 7 4 3 5
108265 4 4 6 4 4 6 4 4 4 5
173801 3 5 5 6 3 5 5 4 4 5
206569 4 3 6 6 3 4 6 4 3 6
116457 5 4 4 4 5 5 5 3 5 5
181993 4 4 5 5 4 4 6 3 5 5
214761 4 4 5 5 4 3 7 3 4 6
31465 5 6 5 4 4 5 5 4 4 3
47849 4 6 5 5 3 7 3 4 5 3
80617 4 5 5 5 5 5 4 4 4 4
146153 4 5 4 6 4 6 4 4 4 4
56041 4 5 6 4 4 6 4 3 6 3
88809 3 6 5 4 6 4 5 3 5 4
154345 3 5 6 4 5 5 5 3 5 4
105193 4 4 5 5 5 6 3 3 6 4
170729 3 5 5 5 4 7 3 3 6 4
203497 4 4 4 5 6 5 4 3 5 5
60137 4 6 4 5 3 6 4 5 4 4
92905 3 6 5 4 5 4 5 5 3 5
158441 3 5 5 6 3 5 5 5 3 5
109289 3 6 4 5 4 6 3 5 4 5
174825 2 7 3 7 2 7 3 5 4 5
207593 3 5 4 6 4 5 4 5 3 6
117481 4 5 4 4 5 5 4 4 5 5
183017 3 5 5 5 3 6 4 4 5 5
215785 3 5 5 4 5 4 5 4 4 6
62185 5 5 5 3 3 6 5 4 6 3
94953 4 5 5 4 4 4 6 4 5 4
160489 4 4 5 5 4 4 6 4 5 4
111337 4 4 6 4 3 6 4 4 6 4
176873 3 5 5 5 3 6 4 4 6 4
209641 4 3 5 6 4 4 5 4 5 5
119529 4 5 5 3 4 5 5 3 7 4
185065 3 5 6 3 4 5 5 3 7 4
217833 3 5 5 4 5 3 6 3 6 5
234217 4 4 5 4 4 5 4 3 7 5
123625 5 5 4 3 3 5 5 5 5 5
189161 4 5 4 5 2 5 5 5 5 5
31977 6 5 5 4 4 4 6 4 3 4
48361 5 5 5 4 5 5 4 4 4 4
81129 5 4 5 4 6 5 4 4 3 5
146665 5 4 4 5 5 5 6 3 3 5
56553 5 4 5 5 5 4 5 3 5 4
89321 4 5 4 5 6 4 5 3 4 5
154857 4 4 5 5 5 4 7 2 4 5
105705 5 3 4 5 7 5 3 3 5 5
171241 4 4 4 5 6 5 5 2 5 5
204009 5 3 3 5 7 5 5 2 4 6
60649 5 4 5 5 4 4 5 5 3 5
93417 4 4 6 4 5 4 5 5 2 6
158953 4 3 6 6 3 4 7 4 2 6
109801 4 4 5 4 6 5 3 5 3 6
175337 3 5 4 6 4 5 5 4 3 6
208105 4 3 5 5 5 5 5 4 2 7
117993 5 3 4 5 6 4 4 4 4 6
183529 4 3 5 6 4 4 6 3 4 6
216297 4 3 5 5 5 4 6 3 3 7
62697 5 5 5 3 4 4 6 4 5 4
95465 4 5 5 4 4 4 6 4 4 5
161001 4 4 5 5 4 3 8 3 4 5
111849 4 4 6 3 5 5 4 4 5 5
177385 3 5 5 4 5 4 6 3 5 5
210153 4 3 5 5 5 4 6 3 4 6
120041 4 5 4 4 5 4 5 3 6 5
185577 3 5 5 4 5 3 7 2 6 5
218345 3 5 4 5 5 3 7 2 5 6
234729 4 4 4 4 6 4 5 2 6 6
124137 5 4 5 3 4 4 5 5 4 6
189673 4 4 5 5 3 3 7 4 4 6
222441 4 3 6 5 3 3 7 4 3 7
238825 4 4 5 4 4 4 5 4 4 7
63721 6 5 4 3 3 5 5 5 5 4
96489 5 5 4 3 5 4 5 5 4 5
162025 5 4 4 4 4 5 6 4 4 5
112873 5 4 4 4 5 5 3 5 5 5
178409 4 5 3 5 4 6 4 4 5 5
211177 5 3 3 5 6 5 4 4 4 6
121065 5 4 4 4 5 4 4 4 6 5
186601 4 4 5 4 4 5 5 3 6 5
219369 4 4 4 4 6 4 5 3 5 6
235753 5 3 3 5 6 5 3 3 6 6
125161 5 5 4 3 4 4 4 6 4 6
190697 4 5 4 5 2 5 5 5 4 6
223465 4 4 5 4 4 4 5 5 3 7
16233 6 6 7 4 5 4 3 4 3 3
24425 5 6 7 4 5 5 3 3 4 3
40809 5 5 7 4 5 6 3 2 5 3
73577 5 5 6 4 6 5 3 4 3 4
28521 5 5 7 4 6 4 3 5 2 4
44905 4 6 6 4 6 5 3 4 3 4
77673 4 5 7 3 7 4 3 6 1 5
143209 4 5 6 5 5 4 4 5 3 4
53097 5 4 6 4 6 6 3 3 4 4
85865 4 5 6 3 7 5 3 5 2 5
151401 4 4 7 4 5 5 4 4 4 4
102249 5 4 5 3 7 6 3 4 3 5
167785 4 5 5 4 5 6 4 3 5 4
30569 5 5 6 5 5 4 4 4 4 3
46953 4 5 7 4 5 5 4 3 5 3
79721 4 4 7 5 5 4 4 5 3 4
145257 4 4 6 6 5 3 5 4 5 3
55145 4 5 6 4 5 6 4 2 6 3
87913 3 6 5 5 5 5 4 4 4 4
153449 3 5 6 5 5 4 5 3 6 3
104297 4 4 6 4 5 6 4 3 5 4
169833 3 5 6 4 5 5 5 2 7 3
59241 5 4 5 4 6 5 4 4 4 4
92009 4 4 6 4 6 4 4 6 2 5
157545 4 3 6 6 5 3 5 5 4 4
108393 4 4 6 3 6 5 4 5 3 5
173929 3 5 5 5 5 4 5 4 5 4
206697 4 3 6 5 5 3 5 6 3 5
116585 5 4 4 3 6 6 4 4 4 5
182121 4 4 5 4 5 5 5 3 6 4
214889 4 4 5 4 5 4 5 5 4 5
31593 5 5 7 3 5 5 3 5 4 3
47977 4 5 7 4 4 6 3 4 5 3
80745 4 4 7 4 6 4 3 6 3 4
146281 4 4 6 5 5 5 3 5 5 3
56169 4 4 8 3 4 7 3 3 6 3
88937 3 5 7 3 6 5 3 5 4 4
154473 3 4 8 3 5 6 3 4 6 3
105321 4 3 7 4 5 6 3 4 5 4
170857 3 4 7 4 4 7 3 3 7 3
203625 4 3 6 4 6 5 3 5 5 4
60265 4 5 6 3 5 6 3 5 4 4
93033 3 5 7 2 7 4 3 7 2 5
158569 3 4 7 4 5 5 3 6 4 4
109417 3 5 6 3 6 5 3 6 3 5
174953 2 6 5 5 4 6 3 5 5 4
207721 3 4 6 4 6 4 3 7 3 5
117609 4 4 6 2 6 6 3 5 4 5
183145 3 4 7 3 4 7 3 4 6 4
215913 3 4 7 2 6 5 3 6 4 5
62313 5 4 6 3 4 6 4 4 6 3
95081 4 4 6 4 5 4 4 6 4 4
160617 4 3 6 5 5 4 4 5 6 3
111465 4 3 7 4 4 5 4 5 5 4
177001 3 4 6 5 4 5 4 4 7 3
209769 4 2 6 6 5 3 4 6 5 4
119657 4 4 6 3 4 6 4 4 6 4
185193 3 4 7 3 4 6 4 3 8 3
217961 3 4 6 4 5 4 4 5 6 4
234345 4 3 6 4 4 5 4 4 7 4
123753 5 4 5 2 5 5 4 6 4 5
189289 4 4 5 4 4 5 4 5 6 4
222057 4 3 6 4 5 3 4 7 4 5
32105 5 6 6 3 5 4 4 5 3 4
48489 4 6 6 3 6 4 4 4 4 4
81257 4 5 6 3 7 4 3 6 2 5
146793 4 5 5 4 6 4 5 4 4 4
56681 4 5 6 4 5 5 4 3 5 4
89449 3 6 5 4 6 5 3 5 3 5
154985 3 5 6 4 5 5 5 3 5 4
105833 4 4 5 4 7 5 3 4 4 5
171369 3 5 5 4 6 5 5 2 6 4
204137 4 4 4 4 7 5 4 4 4 5
60777 4 5 6 3 6 4 4 5 3 5
93545 3 5 7 2 7 4 3 7 1 6
159081 3 4 7 4 5 4 5 5 3 5
109929 3 5 6 2 8 4 3 6 2 6
175465 2 6 5 4 6 4 5 4 4 5
208233 3 4 6 3 7 4 4 6 2 6
118121 4 4 5 3 7 5 3 5 3 6
183657 3 4 6 4 5 5 5 3 5 5
216425 3 4 6 3 6 5 4 5 3 6
62825 4 6 5 3 5 4 5 4 5 4
95593 3 6 5 4 5 4 4 6 3 5
161129 3 5 5 5 5 3 6 4 5 4
111977 3 5 6 3 6 4 4 5 4 5
177513 2 6 5 4 6 3 6 3 6 4
210281 3 4 5 5 6 3 5 5 4 5
120169 3 6 4 4 5 5 4 4 5 5
185705 2 6 5 4 5 4 6 2 7 4
218473 2 6 4 5 5 4 5 4 5 5
234857 3 5 4 4 6 4 5 3 6 5
124265 4 5 5 2 6 4 4 6 3 6
189801 3 5 5 4 5 3 6 4 5 5
222569 3 4 6 4 5 3 5 6 3 6
238953 3 5 5 3 6 3 5 5 4 6
63849 5 5 6 2 4 5 4 5 5 4
96617 4 5 6 2 6 4 3 7 3 5
162153 4 4 6 3 5 5 4 5 5 4
113001 4 4 6 3 6 4 3 6 4 5
178537 3 5 5 4 5 5 4 4 6 4
211305 4 3 5 4 7 4 3 6 4 5
121193 4 4 6 3 5 5 3 5 5 5
186729 3 4 7 3 4 6 4 3 7 4
219497 3 4 6 3 6 5 3 5 5 5
235881 4 3 5 4 6 5 3 4 6 5
125289 4 5 6 1 6 4 3 7 3 6
190825 3 5 6 3 4 5 4 5 5 5
223593 3 4 7 2 6 4 3 7 3 6
239977 3 5 5 3 6 4 3 6 4 6
248169 4 4 6 2 5 5 3 5 5 6
127337 5 5 5 2 4 4 4 6 5 5
32361 6 5 6 4 4 4 4 4 4 4
48745 5 5 6 4 4 6 3 3 5 4
81513 5 4 6 4 5 5 4 4 3 5
147049 5 4 5 5 4 5 5 4 4 4
56937 5 4 6 4 5 6 3 2 6 4
89705 4 5 5 4 6 5 4 3 4 5
155241 4 4 6 4 5 5 5 3 5 4
106089 5 3 5 4 6 7 3 2 5 5
171625 4 4 5 4 5 7 4 2 6 4
204393 5 3 4 4 6 6 5 3 4 5
61033 5 4 5 5 5 5 3 4 4 5
93801 4 4 6 4 6 4 4 5 2 6
159337 4 3 6 6 4 4 5 5 3 5
110185 4 4 5 4 6 6 3 4 3 6
175721 3 5 4 6 4 6 4 4 4 5
208489 4 3 5 5 5 5 5 5 2 6
118377 5 3 4 4 7 6 3 3 4 6
183913 4 3 5 5 5 6 4 3 5 5
216681 4 3 5 4 6 5 5 4 3 6
233065 5 3 3 4 6 7 4 3 4 6
63081 5 4 6 4 4 5 4 3 6 4
95849 4 4 6 5 4 4 5 4 4 5
161385 4 3 6 6 4 3 6 4 5 4
112233 4 3 7 4 4 6 4 3 5 5
177769 3 4 6 5 4 5 5 3 6 4
210537 4 2 6 6 4 4 6 4 4 5
120425 4 4 5 4 5 6 4 2 6 5
185961 3 4 6 4 5 5 5 2 7 4
218729 3 4 5 5 5 4 6 3 5 5
235113 4 3 5 4 5 6 5 2 6 5
124521 5 3 5 4 5 5 4 4 4 6
190057 4 3 5 6 4 4 5 4 5 5
222825 4 2 6 6 4 3 6 5 3 6
239209 4 3 5 5 4 5 5 4 4 6
64105 5 5 6 3 3 6 3 4 6 4
96873 4 5 6 3 5 4 4 5 4 5
162409 4 4 6 4 4 5 4 5 5 4
113257 4 4 6 4 4 6 3 4 5 5
178793 3 5 5 5 3 7 3 4 6 4
211561 4 3 5 5 5 5 4 5 4 5
121449 4 4 6 3 5 6 3 3 6 5
186985 3 4 7 3 4 7 3 3 7 4
219753 3 4 6 3 6 5 4 4 5 5
236137 4 3 5 4 5 7 3 3 6 5
125545 4 5 5 3 5 5 3 5 4 6
191081 3 5 5 5 3 6 3 5 5 5
223849 3 4 6 4 5 4 4 6 3 6
240233 3 5 4 5 4 6 3 5 4 6
248425 4 4 5 3 5 6 3 4 5 6
127593 5 4 6 3 3 5 4 4 6 5
193129 4 4 6 4 3 5 4 4 7 4
225897 4 3 6 5 4 3 5 5 5 5
242281 4 3 6 5 3 5 4 4 6 5
250473 4 4 6 3 4 5 4 3 7 5
64617 6 5 5 3 4 4 4 4 5 5
97385 5 5 5 3 5 4 4 5 3 6
162921 5 4 5 4 4 4 6 4 4 5
113769 5 4 5 3 6 5 3 4 4 6
179305 4 5 4 4 5 5 5 3 5 5
212073 5 3 4 4 6 5 5 4 3 6
121961 5 4 4 4 6 5 3 3 5 6
187497 4 4 5 4 5 5 5 2 6 5
126057 5 4 5 3 6 4 3 5 3 7
191593 4 4 5 5 4 4 5 4 4 6
128105 5 5 5 3 4 4 4 4 5 6
193641 4 5 5 4 4 3 6 3 6 5
16297 6 7 6 5 5 3 3 4 3 3
24489 5 7 6 5 5 3 5 2 4 3
40873 5 6 6 5 5 4 4 3 4 3
73641 5 6 5 5 6 3 4 4 4 3
28585 5 6 6 5 5 4 4 4 2 4
44969 4 7 5 5 5 5 3 5 2 4
77737 4 6 6 4 6 4 3 6 2 4
143273 4 6 5 6 4 4 4 5 3 4
53161 5 5 5 5 5 5 5 3 3 4
85929 4 6 5 4 6 4 5 4 3 4
151465 4 5 6 5 4 4 6 3 4 4
102313 5 5 4 4 6 5 4 5 3 4
167849 4 6 4 5 4 5 5 4 4 4
30633 5 6 5 5 6 3 5 3 4 3
47017 4 6 6 4 6 4 4 4 4 3
79785 4 5 6 5 6 3 4 5 4 3
145321 4 5 5 6 6 2 5 4 5 3
55209 4 6 5 4 6 4 6 2 5 3
87977 3 7 4 5 6 3 6 3 5 3
153513 3 6 5 5 6 2 7 2 6 3
104361 4 5 5 4 6 4 5 4 5 3
169897 3 6 5 4 6 3 6 3 6 3
59305 5 5 4 4 6 5 5 4 3 4
92073 4 5 5 4 6 4 5 5 3 4
157609 4 4 5 6 5 3 6 4 4 4
108457 4 5 5 3 6 5 4 6 3 4
173993 3 6 4 5 5 4 5 5 4 4
206761 4 4 5 5 5 3 5 6 4 4
116649 5 5 3 3 6 5 6 4 4 4
182185 4 5 4 4 5 4 7 3 5 4
214953 4 5 4 4 5 3 7 4 5 4
31657 5 6 5 5 5 4 4 4 4 3
48041 4 6 5 6 4 5 3 5 4 3
80809 4 5 5 6 6 3 3 6 4 3
146345 4 5 4 7 5 4 3 5 5 3
56233 4 5 6 5 4 5 5 3 5 3
89001 3 6 5 5 6 3 5 4 5 3
154537 3 5 6 5 5 4 5 3 6 3
105385 4 4 5 6 5 4 4 5 5 3
170921 3 5 5 6 4 5 4 4 6 3
203689 4 4 4 6 6 3 4 5 6 3
60329 4 6 4 5 4 6 4 5 3 4
93097 3 6 5 4 6 4 4 6 3 4
158633 3 5 5 6 4 5 4 5 4 4
109481 3 6 4 5 5 5 3 7 3 4
175017 2 7 3 7 3 6 3 6 4 4
207785 3 5 4 6 5 4 3 7 4 4
117673 4 5 4 4 5 5 5 5 4 4
183209 3 5 5 5 3 6 5 4 5 4
215977 3 5 5 4 5 4 5 5 5 4
62377 5 5 4 4 5 5 5 4 5 3
95145 4 5 4 5 6 3 5 5 5 3
160681 4 4 4 6 6 3 5 4 6 3
111529 4 4 5 5 5 4 4 6 5 3
177065 3 5 4 6 5 4 4 5 6 3
209833 4 3 4 7 6 2 4 6 6 3
119721 4 5 4 4 5 4 6 4 6 3
185257 3 5 5 4 5 4 6 3 7 3
218025 3 5 4 5 6 2 6 4 7 3
234409 4 4 4 5 5 3 5 5 7 3
123817 5 5 3 3 5 5 5 6 4 4
189353 4 5 3 5 4 5 5 5 5 4
222121 4 4 4 5 5 3 5 6 5 4
238505 4 5 3 5 4 4 4 7 5 4
32169 5 6 6 4 5 3 5 4 3 4
48553 4 6 6 4 6 3 4 5 3 4
81321 4 5 6 4 7 3 3 6 3 4
146857 4 5 5 5 6 3 5 4 4 4
56745 4 5 6 5 5 3 6 3 4 4
89513 3 6 5 5 6 3 5 4 4 4
155049 3 5 6 5 5 3 7 2 5 4
105897 4 4 5 5 7 3 4 5 4 4
171433 3 5 5 5 6 3 6 3 5 4
204201 4 4 4 5 7 3 5 4 5 4
60841 4 5 6 4 5 4 5 5 2 5
93609 3 5 7 3 6 4 4 6 2 5
159145 3 4 7 5 4 4 6 4 3 5
109993 3 5 6 3 7 4 3 7 2 5
175529 2 6 5 5 5 4 5 5 3 5
208297 3 4 6 4 6 4 4 6 3 5
118185 4 4 5 4 6 4 5 5 3 5
183721 3 4 6 5 4 4 7 3 4 5
216489 3 4 6 4 5 4 6 4 4 5
62889 4 6 5 3 6 3 6 4 4 4
95657 3 6 5 4 6 3 5 5 4 4
161193 3 5 5 5 6 2 7 3 5 4
112041 3 5 6 3 7 3 4 6 4 4
177577 2 6 5 4 7 2 6 4 5 4
210345 3 4 5 5 7 2 5 5 5 4
120233 3 6 4 4 6 3 6 4 5 4
185769 2 6 5 4 6 2 8 2 6 4
218537 2 6 4 5 6 2 7 3 6 4
234921 3 5 4 4 7 2 6 4 6 4
124329 4 5 5 2 6 4 5 6 3 5
189865 3 5 5 4 5 3 7 4 4 5
222633 3 4 6 4 5 3 6 5 4 5
239017 3 5 5 3 6 3 5 6 4 5
63913 5 5 5 4 4 4 5 5 4 4
96681 4 5 5 4 6 3 4 6 4 4
162217 4 4 5 5 5 4 5 4 5 4
113065 4 4 5 5 6 3 3 7 4 4
178601 3 5 4 6 5 4 4 5 5 4
211369 4 3 4 6 7 3 3 6 5 4
121257 4 4 5 5 5 3 5 5 5 4
186793 3 4 6 5 4 4 6 3 6 4
219561 3 4 5 5 6 3 5 4 6 4
235945 4 3 4 6 6 3 4 5 6 4
125353 4 5 5 3 5 4 4 7 3 5
190889 3 5 5 5 3 5 5 5 4 5
223657 3 4 6 4 5 4 4 6 4 5
240041 3 5 4 5 5 4 3 7 4 5
248233 4 4 5 4 4 4 5 5 5 5
127401 5 5 4 3 5 3 5 6 5 4
192937 4 5 4 4 5 3 6 4 6 4
32425 5 7 5 5 4 3 5 3 4 4
48809 4 7 5 5 4 5 3 4 4 4
81577 4 6 5 5 5 4 4 4 4 4
147113 4 6 4 6 4 4 5 4 4 4
57001 4 6 5 5 5 4 5 2 5 4
89769 3 7 4 5 6 3 6 2 5 4
155305 3 6 5 5 5 3 7 2 5 4
106153 4 5 4 5 6 5 4 3 5 4
171689 3 6 4 5 5 5 5 3 5 4
204457 4 5 3 5 6 4 6 3 5 4
61097 4 6 4 6 4 5 4 4 3 5
93865 3 6 5 5 5 4 5 4 3 5
159401 3 5 5 7 3 4 6 4 3 5
110249 3 6 4 5 5 6 3 5 3 5
175785 2 7 3 7 3 6 4 5 3 5
208553 3 5 4 6 4 5 5 5 3 5
118441 4 5 3 5 6 5 5 3 4 5
183977 3 5 4 6 4 5 6 3 4 5
216745 3 5 4 5 5 4 7 3 4 5
233129 4 5 2 5 5 6 5 4 4 5
63145 4 6 5 4 5 4 5 3 5 4
95913 3 6 5 5 5 3 6 3 5 4
161449 3 5 5 6 5 2 7 3 5 4
112297 3 5 6 4 5 5 4 4 5 4
177833 2 6 5 5 5 4 5 4 5 4
210601 3 4 5 6 5 3 6 4 5 4
120489 3 6 4 4 6 4 6 2 6 4
186025 2 6 5 4 6 3 7 2 6 4
218793 2 6 4 5 6 2 8 2 6 4
235177 3 5 4 4 6 4 6 3 6 4
124585 4 5 4 4 5 5 5 4 4 5
190121 3 5 4 6 4 4 6 4 4 5
222889 3 4 5 6 4 3 7 4 4 5
239273 3 5 4 5 4 5 5 5 4 5
64169 4 7 4 5 3 5 4 4 5 4
96937 3 7 4 5 5 3 5 4 5 4
162473 3 6 4 6 4 4 5 4 5 4
113321 3 6 4 6 4 5 3 5 5 4
178857 2 7 3 7 3 6 3 5 5 4
211625 3 5 3 7 5 4 4 5 5 4
121513 3 6 4 5 5 4 5 3 6 4
187049 2 6 5 5 4 5 5 3 6 4
219817 2 6 4 5 6 3 6 3 6 4
236201 3 5 3 6 5 5 4 4 6 4
125609 3 7 3 5 4 5 4 5 4 5
191145 2 7 3 7 2 6 4 5 4 5
223913 2 6 4 6 4 4 5 5 4 5
240297 2 7 2 7 3 6 3 6 4 5
248489 3 6 3 5 4 5 5 4 5 5
127657 4 6 4 4 4 4 5 4 6 4
193193 3 6 4 5 4 4 5 4 6 4
225961 3 5 4 6 5 2 6 4 6 4
242345 3 5 4 6 4 4 4 5 6 4
250537 3 6 4 4 5 3 6 3 7 4
64681 5 6 5 4 4 3 5 4 4 5
97449 4 6 5 4 5 3 5 4 4 5
162985 4 5 5 5 4 3 7 3 4 5
113833 4 5 5 4 6 4 3 5 4 5
179369 3 6 4 5 5 4 5 4 4 5
212137 4 4 4 5 6 4 5 4 4 5
122025 4 5 4 5 6 3 5 3 5 5
187561 3 5 5 5 5 3 7 2 5 5
220329 3 5 4 5 6 3 7 2 5 5
236713 4 4 3 5 7 4 5 3 5 5
126121 4 5 5 4 5 4 4 5 3 6
191657 3 5 5 6 3 4 6 4 3 6
224425 3 4 6 5 4 4 6 4 3 6
240809 3 5 4 5 5 5 4 5 3 6
249001 4 4 4 5 5 4 6 3 4 6
128169 4 6 5 3 5 3 5 4 5 5
193705 3 6 5 4 5 2 7 3 5 5
226473 3 5 5 5 5 2 7 3 5 5
242857 3 5 5 4 6 3 5 4 5 5
251049 3 6 4 4 6 2 7 2 6 5
255145 4 5 5 4 4 3 6 4 4 6
129193 5 6 4 4 4 3 4 5 5 5
32553 6 6 6 4 5 3 3 4 4 4
48937 5 6 6 4 5 4 3 4 4 4
81705 5 5 6 4 6 3 3 6 3 4
147241 5 5 5 5 5 3 4 5 5 3
57129 5 5 6 4 5 5 4 2 5 4
89897 4 6 5 4 6 4 4 4 4 4
155433 4 5 6 4 5 4 5 3 6 3
106281 5 4 5 4 6 5 4 4 4 4
171817 4 5 5 4 5 5 5 3 6 3
204585 5 4 4 4 6 4 5 5 5 3
61225 5 5 5 4 6 5 3 4 3 5
93993 4 5 6 3 7 4 3 6 2 5
159529 4 4 6 5 5 4 4 5 4 4
110377 4 5 5 3 7 5 3 6 2 5
175913 3 6 4 5 5 5 4 5 4 4
208681 4 4 5 4 6 4 4 7 3 4
118569 5 4 4 3 7 6 4 4 3 5
184105 4 4 5 4 5 6 5 3 5 4
216873 4 4 5 3 6 5 5 5 4 4
233257 5 4 3 3 6 6 5 5 4 4
63273 5 5 5 4 6 4 4 3 5 4
96041 4 5 5 5 6 3 4 5 4 4
161577 4 4 5 6 6 2 5 4 6 3
112425 4 4 6 4 6 4 4 5 4 4
177961 3 5 5 5 6 3 5 4 6 3
210729 4 3 5 6 6 2 5 6 5 3
120617 4 5 4 4 6 5 5 3 5 4
186153 3 5 5 4 6 4 6 2 7 3
218921 3 5 4 5 6 3 6 4 6 3
235305 4 4 4 4 6 4 6 4 6 3
124713 5 4 4 3 7 5 4 5 3 5
190249 4 4 4 5 6 4 5 4 5 4
223017 4 3 5 5 6 3 5 6 4 4
239401 4 4 4 4 6 4 5 6 4 4
64297 5 5 6 4 4 5 3 4 5 4
97065 4 5 6 4 6 3 3 6 4 4
162601 4 4 6 5 5 4 3 5 6 3
113449 4 4 6 5 5 4 3 6 4 4
178985 3 5 5 6 4 5 3 5 6 3
211753 4 3 5 6 6 3 3 7 5 3
121641 4 4 6 4 5 5 4 4 5 4
187177 3 4 7 4 4 6 4 3 7 3
219945 3 4 6 4 6 4 4 5 6 3
236329 4 3 5 5 5 5 4 5 6 3
125737 4 5 5 3 6 5 3 6 3 5
191273 3 5 5 5 4 6 3 5 5 4
224041 3 4 6 4 6 4 3 7 4 4
240425 3 5 4 5 5 5 3 7 4 4
248617 4 4 5 3 5 6 4 5 5 4
127785 5 4 5 4 5 4 4 5 5 4
193321 4 4 5 5 5 4 4 4 7 3
226089 4 3 5 6 6 2 4 6 6 3
242473 4 3 5 6 5 3 4 6 6 3
250665 4 4 5 4 5 4 5 4 7 3
64809 5 6 6 3 5 3 4 4 4 5
97577 4 6 6 3 6 3 3 6 3 5
163113 4 5 6 4 5 3 5 4 5 4
113961 4 5 6 3 7 3 3 6 3 5
179497 3 6 5 4 6 3 5 4 5 4
212265 4 4 5 4 7 3 4 6 4 4
122153 4 5 5 4 6 4 4 4 4 5
187689 3 5 6 4 5 4 6 2 6 4
220457 3 5 5 4 6 4 5 4 5 4
236841 4 4 4 4 7 4 5 4 5 4
126249 4 5 6 2 7 4 3 6 2 6
191785 3 5 6 4 5 4 5 4 4 5
224553 3 4 7 3 6 4 4 6 3 5
240937 3 5 5 3 7 4 4 6 3 5
249129 4 4 5 3 6 5 5 4 4 5
128297 4 6 5 3 6 3 4 5 4 5
193833 3 6 5 4 6 2 6 3 6 4
226601 3 5 5 5 6 2 5 5 5 4
242985 3 5 5 4 7 2 5 5 5 4
251177 3 6 4 4 6 3 6 3 6 4
255273 4 5 5 3 6 3 5 5 4 5
129321 5 5 6 3 5 3 3 6 4 5
194857 4 5 6 4 4 4 4 4 6 4
227625 4 4 6 4 6 3 3 6 5 4
244009 4 4 5 5 6 3 3 6 5 4
252201 4 4 6 4 5 4 4 4 6 4
256297 4 5 6 3 5 4 3 6 4 5
65065 6 6 5 4 4 4 3 3 5 5
97833 5 6 5 4 5 3 4 4 4 5
163369 5 5 5 5 4 3 5 4 5 4
114217 5 5 5 4 5 5 3 4 4 5
122409 5 5 4 4 6 5 4 2 5 5
126505 5 5 4 4 6 5 3 4 3 6
128553 5 5 5 4 5 4 4 3 5 5
129577 5 6 5 4 4 4 3 4 5 5
16329 7 6 7 5 4 4 3 3 3 3
24521 6 6 7 5 4 4 4 3 3 3
40905 6 5 7 5 4 5 3 3 5 2
73673 6 5 6 5 5 4 3 4 4 3
28617 6 5 7 5 4 4 5 4 1 4
45001 5 6 6 5 4 5 4 4 3 3
77769 5 5 7 4 5 4 4 5 2 4
143305 5 5 6 6 3 4 5 4 2 5
53193 6 4 6 5 4 5 5 4 3 3
85961 5 5 6 4 5 4 5 5 2 4
151497 5 4 7 5 3 4 6 4 2 5
102345 6 4 5 4 5 5 4 5 4 3
167881 5 5 5 5 3 5 5 4 4 4
30665 6 5 6 5 4 5 5 3 3 3
47049 5 5 7 4 4 6 4 3 5 2
79817 5 4 7 5 4 5 4 4 4 3
145353 5 4 6 6 4 4 5 3 4 4
55241 5 5 6 4 4 6 5 3 5 2
88009 4 6 5 5 4 5 5 4 4 3
153545 4 5 6 5 4 4 6 3 4 4
104393 5 4 6 4 4 6 4 4 6 2
169929 4 5 6 4 4 5 5 3 6 3
59337 6 4 5 4 4 6 6 4 3 3
92105 5 4 6 4 4 5 6 5 2 4
157641 5 3 6 6 3 4 7 4 2 5
108489 5 4 6 3 4 6 5 5 4 3
174025 4 5 5 5 3 5 6 4 4 4
206793 5 3 6 5 3 4 6 5 3 5
116681 6 4 4 3 4 6 6 5 4 3
182217 5 4 5 4 3 5 7 4 4 4
214985 5 4 5 4 3 4 7 5 3 5
31689 6 5 6 4 5 5 4 4 3 3
48073 5 5 6 5 4 6 3 4 5 2
80841 5 4 6 5 6 4 3 5 4 3
146377 5 4 5 6 5 5 3 4 4 4
56265 5 4 7 4 4 6 4 4 5 2
89033 4 5 6 4 6 4 4 5 4 3
154569 4 4 7 4 5 5 4 4 4 4
105417 5 3 6 5 5 5 3 5 6 2
170953 4 4 6 5 4 6 3 4 6 3
203721 5 3 5 5 6 4 3 5 5 4
60361 5 5 5 4 4 6 5 5 3 3
93129 4 5 6 3 6 4 5 6 2 4
158665 4 4 6 5 4 5 5 5 2 5
109513 4 5 5 4 5 5 4 6 4 3
175049 3 6 4 6 3 6 4 5 4 4
207817 4 4 5 5 5 4 4 6 3 5
117705 5 4 5 3 5 5 5 6 4 3
183241 4 4 6 4 3 6 5 5 4 4
216009 4 4 6 3 5 4 5 6 3 5
62409 6 4 5 3 4 7 5 4 5 2
95177 5 4 5 4 5 5 5 5 4 3
160713 5 3 5 5 5 5 5 4 4 4
111561 5 3 6 4 4 6 4 5 6 2
177097 4 4 5 5 4 6 4 4 6 3
209865 5 2 5 6 5 4 4 5 5 4
119753 5 4 5 3 4 6 5 5 6 2
185289 4 4 6 3 4 6 5 4 6 3
218057 4 4 5 4 5 4 5 5 5 4
234441 5 3 5 4 4 5 4 5 7 3
123849 6 4 4 2 4 6 6 6 4 3
189385 5 4 4 4 3 6 6 5 4 4
222153 5 3 5 4 4 4 6 6 3 5
238537 5 4 4 4 3 5 5 6 5 4
32201 6 5 6 5 4 4 5 4 2 4
48585 5 5 6 5 5 4 4 4 4 3
81353 5 4 6 5 6 4 3 5 3 4
146889 5 4 5 6 5 4 5 3 3 5
56777 5 4 6 6 4 4 5 4 4 3
89545 4 5 5 6 5 4 4 5 3 4
155081 4 4 6 6 4 4 6 3 3 5
105929 5 3 5 6 6 4 3 5 5 3
171465 4 4 5 6 5 4 5 3 5 4
204233 5 3 4 6 6 4 4 4 4 5
60873 5 4 6 5 4 4 6 5 2 4
93641 4 4 7 4 5 4 5 6 1 5
159177 4 3 7 6 3 4 7 4 1 6
110025 4 4 6 4 6 4 4 6 3 4
175561 3 5 5 6 4 4 6 4 3 5
208329 4 3 6 5 5 4 5 5 2 6
118217 5 3 5 5 5 4 5 6 3 4
183753 4 3 6 6 3 4 7 4 3 5
216521 4 3 6 5 4 4 6 5 2 6
62921 5 5 5 4 4 5 6 4 4 3
95689 4 5 5 5 4 5 5 5 3 4
161225 4 4 5 6 4 4 7 3 3 5
112073 4 4 6 4 5 5 4 5 5 3
177609 3 5 5 5 5 4 6 3 5 4
210377 4 3 5 6 5 4 5 4 4 5
120265 4 5 4 5 4 5 5 5 5 3
185801 3 5 5 5 4 4 7 3 5 4
218569 3 5 4 6 4 4 6 4 4 5
234953 4 4 4 5 5 4 5 4 6 4
124361 5 4 5 3 4 5 6 6 3 4
189897 4 4 5 5 3 4 8 4 3 5
222665 4 3 6 5 3 4 7 5 2 6
239049 4 4 5 4 4 4 6 5 4 5
63945 6 4 5 4 4 5 5 5 4 3
96713 5 4 5 4 6 4 4 6 3 4
162249 5 3 5 5 5 5 5 4 3 5
113097 5 3 5 5 6 4 3 6 5 3
178633 4 4 4 6 5 5 4 4 5 4
211401 5 2 4 6 7 4 3 5 4 5
121289 5 3 5 5 5 4 4 6 5 3
186825 4 3 6 5 4 5 5 4 5 4
219593 4 3 5 5 6 4 4 5 4 5
235977 5 2 4 6 6 4 3 5 6 4
125385 5 4 5 3 5 4 5 7 3 4
190921 4 4 5 5 3 5 6 5 3 5
223689 4 3 6 4 5 4 5 6 2 6
240073 4 4 4 5 5 4 4 6 4 5
248265 5 3 5 4 4 4 5 6 4 5
127433 6 4 4 3 4 5 5 6 5 3
192969 5 4 4 4 4 5 6 4 5 4
225737 5 3 4 5 5 4 5 5 4 5
32457 6 5 7 5 3 4 5 3 3 4
48841 5 5 7 5 3 6 3 3 5 3
81609 5 4 7 5 4 5 4 3 4 4
147145 5 4 6 6 3 5 5 3 3 5
57033 5 4 7 5 4 5 4 3 5 3
89801 4 5 6 5 5 4 5 3 4 4
155337 4 4 7 5 4 4 6 3 3 5
106185 5 3 6 5 5 6 3 3 6 3
171721 4 4 6 5 4 6 4 3 5 4
204489 5 3 5 5 5 5 5 3 4 5
61129 5 4 6 6 3 5 5 4 3 4
93897 4 4 7 5 4 4 6 4 2 5
159433 4 3 7 7 2 4 7 4 1 6
110281 4 4 6 5 4 6 4 4 4 4
175817 3 5 5 7 2 6 5 4 3 5
208585 4 3 6 6 3 5 6 4 2 6
118473 5 3 5 5 5 5 5 4 4 4
184009 4 3 6 6 3 5 6 4 3 5
216777 4 3 6 5 4 4 7 4 2 6
233161 5 3 4 5 4 6 5 4 4 5
63177 5 4 7 4 3 6 5 3 5 3
95945 4 4 7 5 3 5 6 3 4 4
161481 4 3 7 6 3 4 7 3 3 5
112329 4 3 8 4 3 7 4 3 6 3
177865 3 4 7 5 3 6 5 3 5 4
210633 4 2 7 6 3 5 6 3 4 5
120521 4 4 6 4 4 6 5 3 6 3
186057 3 4 7 4 4 5 6 3 5 4
218825 3 4 6 5 4 4 7 3 4 5
235209 4 3 6 4 4 6 5 3 6 4
124617 5 3 6 4 3 6 6 4 4 4
190153 4 3 6 6 2 5 7 4 3 5
222921 4 2 7 6 2 4 8 4 2 6
239305 4 3 6 5 2 6 6 4 4 5
64201 5 5 6 4 3 6 4 4 5 3
96969 4 5 6 4 5 4 5 4 4 4
162505 4 4 6 5 4 5 5 4 3 5
113353 4 4 6 5 4 6 3 4 6 3
178889 3 5 5 6 3 7 3 4 5 4
211657 4 3 5 6 5 5 4 4 4 5
121545 4 4 6 4 5 5 4 4 6 3
187081 3 4 7 4 4 6 4 4 5 4
219849 3 4 6 4 6 4 5 4 4 5
236233 4 3 5 5 5 6 3 4 6 4
125641 4 5 5 4 4 5 5 5 4 4
191177 3 5 5 6 2 6 5 5 3 5
223945 3 4 6 5 4 4 6 5 2 6
240329 3 5 4 6 3 6 4 5 4 5
248521 4 4 5 4 4 5 5 5 4 5
127689 5 4 6 3 3 6 5 4 6 3
193225 4 4 6 4 3 6 5 4 5 4
225993 4 3 6 5 4 4 6 4 4 5
242377 4 3 6 5 3 6 4 4 6 4
250569 4 4 6 3 4 5 5 4 6 4
64713 6 4 6 5 3 4 5 4 4 4
97481 5 4 6 5 4 4 5 4 3 5
163017 5 3 6 6 3 4 7 3 2 6
113865 5 3 6 5 5 5 3 4 5 4
179401 4 4 5 6 4 5 5 3 4 5
212169 5 2 5 6 5 5 5 3 3 6
122057 5 3 5 6 5 4 4 4 5 4
187593 4 3 6 6 4 4 6 3 4 5
220361 4 3 5 6 5 4 6 3 3 6
236745 5 2 4 6 6 5 4 3 5 5
126153 5 3 6 5 4 4 5 5 3 5
191689 4 3 6 7 2 4 7 4 2 6
224457 4 2 7 6 3 4 7 4 1 7
240841 4 3 5 6 4 5 5 4 3 6
249033 5 2 5 6 4 4 6 4 3 6
128201 5 4 6 4 3 5 5 4 5 4
193737 4 4 6 5 3 4 7 3 4 5
226505 4 3 6 6 3 4 7 3 3 6
242889 4 3 6 5 4 5 5 3 5 5
251081 4 4 5 5 4 4 6 3 5 5
255177 5 3 6 5 2 4 7 4 3 6
129225 6 4 5 4 4 4 4 5 5 4
194761 5 4 5 5 3 5 5 4 4 5
32585 6 6 7 4 4 4 3 4 3 4
48969 5 6 7 4 4 5 3 3 5 3
81737 5 5 7 4 5 4 3 5 3 4
147273 5 5 6 5 4 4 4 4 4 4
57161 5 5 7 4 4 6 3 3 5 3
89929 4 6 6 4 5 5 3 5 3 4
155465 4 5 7 4 4 5 4 4 4 4
106313 5 4 6 4 5 6 3 4 5 3
171849 4 5 6 4 4 6 4 3 6 3
204617 5 4 5 4 5 5 4 5 4 4
61257 5 5 6 4 5 5 4 4 3 4
94025 4 5 7 3 6 4 4 6 1 5
159561 4 4 7 5 4 4 5 5 2 5
110409 4 5 6 3 6 5 4 5 3 4
175945 3 6 5 5 4 5 5 4 4 4
208713 4 4 6 4 5 4 5 6 2 5
118601 5 4 5 3 6 6 4 5 3 4
184137 4 4 6 4 4 6 5 4 4 4
216905 4 4 6 3 5 5 5 6 2 5
233289 5 4 4 3 5 6 5 5 4 4
63305 5 5 6 4 4 6 4 3 5 3
96073 4 5 6 5 4 5 4 5 3 4
161609 4 4 6 6 4 4 5 4 4 4
112457 4 4 7 4 4 6 4 4 5 3
177993 3 5 6 5 4 5 5 3 6 3
210761 4 3 6 6 4 4 5 5 4 4
120649 4 5 5 4 4 7 4 4 5 3
186185 3 5 6 4 4 6 5 3 6 3
218953 3 5 5 5 4 5 5 5 4 4
235337 4 4 5 4 4 6 5 4 6 3
124745 5 4 5 3 5 6 5 5 3 4
190281 4 4 5 5 4 5 6 4 4 4
223049 4 3 6 5 4 4 6 6 2 5
239433 4 4 5 4 4 5 6 5 4 4
64329 5 5 7 3 4 6 3 4 5 3
97097 4 5 7 3 6 4 3 6 3 4
162633 4 4 7 4 5 5 3 5 4 4
113481 4 4 7 4 5 5 3 5 5 3
179017 3 5 6 5 4 6 3 4 6 3
211785 4 3 6 5 6 4 3 6 4 4
121673 4 4 7 3 5 6 3 5 5 3
187209 3 4 8 3 4 7 3 4 6 3
219977 3 4 7 3 6 5 3 6 4 4
236361 4 3 6 4 5 6 3 5 6 3
125769 4 5 6 2 6 5 4 6 3 4
191305 3 5 6 4 4 6 4 5 4 4
224073 3 4 7 3 6 4 4 7 2 5
240457 3 5 5 4 5 5 4 6 4 4
248649 4 4 6 2 5 6 4 6 4 4
127817 5 4 6 3 4 6 4 5 5 3
193353 4 4 6 4 4 6 4 4 6 3
226121 4 3 6 5 5 4 4 6 4 4
242505 4 3 6 5 4 5 4 5 6 3
250697 4 4 6 3 4 6 4 5 6 3
64841 5 6 6 4 4 4 4 4 4 4
97609 4 6 6 4 5 4 3 6 2 5
163145 4 5 6 5 4 4 5 4 3 5
113993 4 5 6 4 6 4 3 5 4 4
179529 3 6 5 5 5 4 5 3 5 4
212297 4 4 5 5 6 4 4 5 3 5
122185 4 5 5 5 5 5 3 5 4 4
187721 3 5 6 5 4 5 5 3 5 4
220489 3 5 5 5 5 5 4 5 3 5
236873 4 4 4 5 6 5 4 4 5 4
126281 4 5 6 3 6 4 4 6 2 5
191817 3 5 6 5 4 4 6 4 3 5
224585 3 4 7 4 5 4 5 6 1 6
240969 3 5 5 4 6 4 5 5 3 5
249161 4 4 5 4 5 5 5 5 3 5
128329 4 6 5 4 4 5 4 5 4 4
193865 3 6 5 5 4 4 6 3 5 4
226633 3 5 5 6 4 4 5 5 3 5
243017 3 5 5 5 5 4 5 4 5 4
251209 3 6 4 5 4 5 5 4 5 4
255305 4 5 5 4 4 4 6 5 3 5
129353 5 5 6 3 5 4 3 6 4 4
194889 4 5 6 4 4 5 4 4 5 4
227657 4 4 6 4 6 4 3 6 3 5
244041 4 4 5 5 6 4 3 5 5 4
252233 4 4 6 4 5 5 3 5 5 4
256329 4 5 6 3 5 4 4 6 3 5
65097 6 5 7 4 3 5 3 3 5 4
97865 5 5 7 4 4 4 4 4 3 5
163401 5 4 7 5 3 4 5 4 3 5
114249 5 4 7 4 4 6 3 3 5 4
179785 4 5 6 5 3 6 4 3 5 4
212553 5 3 6 5 4 5 5 4 3 5
122441 5 4 6 4 5 6 3 3 5 4
187977 4 4 7 4 4 6 4 3 5 4
220745 4 4 6 4 5 5 5 4 3 5
237129 5 3 5 4 5 7 4 3 5 4
126537 5 4 6 4 5 5 4 4 3 5
192073 4 4 6 6 3 5 5 4 3 5
224841 4 3 7 5 4 4 6 5 1 6
241225 4 4 5 5 4 6 5 4 3 5
249417 5 3 5 4 5 6 5 4 3 5
128585 5 4 7 4 3 6 4 3 5 4
194121 4 4 7 5 3 5 5 3 5 4
226889 4 3 7 6 3 4 6 4 3 5
243273 4 3 7 5 3 6 5 3 5 4
251465 4 4 6 4 4 6 5 3 5 4
255561 5 3 6 5 3 5 6 4 3 5
129609 5 5 7 3 4 5 3 4 5 4
195145 4 5 7 4 3 6 3 4 5 4
227913 4 4 7 4 5 4 4 5 3 5
244297 4 4 6 5 4 6 3 4 5 4
252489 4 4 7 3 5 6 3 4 5 4
256585 4 5 6 4 4 5 4 5 3 5
258633 5 4 7 4 3 5 4 4 5 4
130121 6 5 6 4 4 4 3 4 4 5
32649 7 6 6 5 4 3 4 3 3 4
49033 6 6 6 5 4 4 3 4 4 3
81801 6 5 6 5 5 3 3 5 4 3
147337 6 5 5 6 4 3 4 4 4 4
57225 6 5 6 5 4 4 5 3 4 3
89993 5 6 5 5 5 3 5 4 4 3
106377 6 4 5 5 5 4 4 5 5 2
61321 6 5 5 5 4 5 5 4 2 4
94089 5 5 6 4 5 4 5 5 2 4
110473 5 5 5 4 5 5 4 6 3 3
118665 6 4 4 4 5 5 6 5 3 3
63369 6 5 5 4 5 5 5 3 4 3
96137 5 5 5 5 5 4 5 4 4 3
112521 5 4 6 4 5 5 4 5 5 2
120713 5 5 4 4 5 5 6 4 5 2
124809 6 4 4 3 5 6 6 5 3 3
64393 6 5 5 5 4 5 4 4 4 3
97161 5 5 5 5 6 3 4 5 4 3
113545 5 4 5 6 5 4 3 6 5 2
121737 5 4 5 5 5 4 5 5 5 2
125833 5 5 4 4 5 5 5 6 3 3
127881 6 4 4 4 5 5 5 5 5 2
64905 6 5 6 5 4 3 5 4 3 4
97673 5 5 6 5 5 3 4 5 3 4
114057 5 4 6 5 6 3 3 6 4 3
122249 5 4 5 6 5 3 5 5 4 3
126345 5 4 6 4 5 4 5 6 2 4
128393 5 5 5 4 5 4 5 5 4 3
129417 6 4 5 5 5 3 4 6 4 3
65161 6 6 6 5 3 4 4 3 4 4
97929 5 6 6 5 4 3 5 3 4 4
114313 5 5 6 5 4 5 3 4 5 3
122505 5 5 5 5 5 4 5 3 5 3
126601 5 5 5 5 4 5 5 4 3 4
128649 5 5 6 4 4 5 5 3 5 3
129673 5 6 5 5 4 4 4 4 5 3
130185 6 5 6 5 4 3 4 4 4 4
65289 7 6 6 4 4 4 3 3 4 4
8177 8 7 6 6 5 4 3 2 2 2
12273 7 7 6 6 5 4 3 3 2 2
20465 7 6 6 6 5 4 4 2 2 3
36849 7 6 5 6 5 5 3 2 2 4
69617 7 6 5 5 6 4 3 2 3 4
14321 7 6 6 6 5 4 3 4 3 1
22513 6 7 5 6 5 4 4 3 3 2
38897 6 6 6 5 5 5 3 3 3 3
71665 6 6 5 6 5 4 3 3 4 3
26609 7 5 5 6 5 4 4 4 3 2
42993 6 6 5 5 5 5 3 4 3 3
75761 6 5 6 5 5 4 3 4 4 3
51185 7 5 4 5 5 5 4 3 3 4
83953 6 6 4 5 5 4 4 3 4 4
100337 7 5 4 4 5 5 3 3 4 5
15345 7 6 5 6 5 4 4 4 3 1
23537 6 6 6 5 5 4 5 3 3 2
39921 6 5 6 6 4 5 4 3 3 3
72689 6 5 5 6 6 3 4 3 4 3
27633 6 6 5 5 5 4 5 4 3 2
44017 5 7 4 6 4 5 4 4 3 3
76785 5 6 5 5 6 3 4 4 4 3
52209 6 5 5 5 4 5 5 3 3 4
84977 5 6 5 4 6 3 5 3 4 4
101361 6 5 4 5 5 4 4 3 4 5
29681 7 5 4 5 5 4 5 5 4 1
46065 6 5 5 5 4 5 4 5 4 2
78833 6 4 5 6 5 3 4 5 5 2
54257 6 5 5 4 4 5 5 4 4 3
87025 5 6 4 5 5 3 5 4 5 3
103409 6 4 5 5 4 4 4 4 5 4
58353 7 5 3 4 4 5 5 5 4 3
91121 6 5 4 4 5 3 5 5 5 3
107505 6 5 4 4 4 4 4 5 5 4
115697 7 5 3 3 4 4 5 4 5 5
15857 7 6 5 5 5 5 4 4 2 2
24049 6 6 5 6 4 5 5 3 2 3
40433 6 5 5 6 5 5 4 3 2 4
73201 6 5 4 6 6 5 3 3 3 4
28145 6 5 6 5 4 5 5 4 2 3
44529 5 6 5 5 5 5 4 4 2 4
77297 5 5 6 4 6 5 3 4 3 4
52721 6 4 5 6 4 5 5 3 2 5
85489 5 5 5 5 5 5 4 3 3 5
101873 6 4 4 5 6 5 3 3 3 6
30193 6 6 4 5 4 5 5 5 3 2
46577 5 6 5 4 5 5 4 5 3 3
79345 5 5 5 5 5 5 3 5 4 3
54769 5 6 4 5 4 5 5 4 3 4
87537 4 7 3 6 4 5 4 4 4 4
103921 5 5 4 5 5 5 3 4 4 5
58865 6 5 4 4 4 5 5 5 3 4
91633 5 5 5 4 4 5 4 5 4 4
108017 5 5 5 3 5 5 3 5 4 5
116209 6 5 3 4 4 5 4 4 4 6
31217 7 5 4 4 4 5 6 5 3 2
47601 6 5 4 5 4 5 5 5 3 3
80369 6 4 4 5 6 4 4 5 4 3
55793 6 4 5 5 3 5 6 4 3 4
88561 5 5 4 5 5 4 5 4 4 4
104945 6 3 4 6 5 4 4 4 4 5
59889 6 5 4 4 3 5 6 5 3 4
92657 5 5 5 3 5 4 5 5 4 4
109041 5 5 4 4 5 4 4 5 4 5
117233 6 4 4 4 4 4 5 4 4 6
61937 7 5 3 3 3 5 6 6 4 3
94705 6 5 3 4 4 4 5 6 5 3
111089 6 4 4 4 4 4 4 6 5 4
119281 6 5 3 4 3 4 5 5 5 5
123377 7 5 3 2 3 4 5 6 5 5
16113 7 6 5 5 5 5 4 3 3 2
24305 6 6 5 5 6 4 5 2 3 3
40689 6 5 5 5 6 6 3 2 3 4
73457 6 5 4 5 7 5 4 1 4 4
28401 6 5 5 6 5 4 5 3 3 3
44785 5 6 4 6 5 6 3 3 3 4
77553 5 5 5 5 6 5 4 2 4 4
52977 6 4 4 6 6 5 4 2 3 5
85745 5 5 4 5 7 4 5 1 4 5
102129 6 4 3 5 7 6 3 1 4 6
30449 6 5 5 5 5 4 5 4 4 2
46833 5 5 6 4 5 6 3 4 4 3
79601 5 4 6 5 5 5 4 3 5 3
55025 5 5 5 4 6 5 4 3 4 4
87793 4 6 4 5 6 4 5 2 5 4
104177 5 4 5 4 6 6 3 2 5 5
59121 6 4 4 5 5 5 4 4 4 4
91889 5 4 5 5 5 4 5 3 5 4
108273 5 4 5 4 5 6 3 3 5 5
116465 6 4 3 4 6 5 4 2 5 6
31473 6 6 4 4 5 4 6 4 4 2
47857 5 6 4 5 4 6 4 4 4 3
80625 5 5 4 5 6 4 5 3 5 3
56049 5 5 5 4 5 5 5 3 4 4
88817 4 6 4 4 7 3 6 2 5 4
105201 5 4 4 5 6 5 4 2 5 5
60145 5 6 3 5 4 5 5 4 4 4
92913 4 6 4 4 6 3 6 3 5 4
109297 4 6 3 5 5 5 4 3 5 5
117489 5 5 3 4 6 4 5 2 5 6
62193 6 5 4 3 4 5 5 5 5 3
94961 5 5 4 4 5 3 6 4 6 3
111345 5 4 5 4 4 5 4 4 6 4
119537 5 5 4 3 5 4 5 3 6 5
123633 6 5 3 3 4 4 5 4 6 5
31985 7 5 4 4 4 5 6 4 3 3
48369 6 5 4 4 5 6 4 4 3 4
81137 6 4 4 4 6 6 4 3 4 4
56561 6 4 4 5 5 5 5 3 3 5
89329 5 5 3 5 6 5 5 2 4 5
105713 6 3 3 5 7 6 3 2 4 6
60657 6 4 4 5 4 5 5 4 3 5
93425 5 4 5 4 5 5 5 3 4 5
109809 5 4 4 4 6 6 3 3 4 6
118001 6 3 3 5 6 5 4 2 4 7
62705 6 5 4 3 4 5 5 5 4 4
95473 5 5 4 4 4 5 5 4 5 4
111857 5 4 5 3 5 6 3 4 5 5
120049 5 5 3 4 5 5 4 3 5 6
124145 6 4 4 3 4 5 4 4 5 6
63729 7 5 3 3 3 5 6 5 4 4
96497 6 5 3 3 5 4 6 4 5 4
112881 6 4 3 4 5 5 4 4 5 5
121073 6 4 3 4 5 4 5 3 5 6
125169 6 5 3 3 4 4 5 4 5 6
16241 7 6 5 6 5 4 3 4 3 2
24433 6 6 5 6 5 5 3 3 3 3
40817 6 5 5 6 5 6 3 2 3 4
73585 6 5 4 6 6 5 3 3 3 4
28529 6 5 5 6 6 4 3 4 3 3
44913 5 6 4 6 6 5 3 3 3 4
77681 5 5 5 5 7 4 3 4 3 4
53105 6 4 4 6 6 6 3 2 3 5
85873 5 5 4 5 7 5 3 3 3 5
102257 6 4 3 5 7 6 3 2 3 6
30577 6 5 4 7 5 4 3 5 4 2
46961 5 5 5 6 5 5 3 4 4 3
79729 5 4 5 7 5 4 3 5 4 3
55153 5 5 4 6 5 6 3 3 4 4
87921 4 6 3 7 5 5 3 4 4 4
104305 5 4 4 6 5 6 3 3 4 5
59249 6 4 3 6 6 5 3 4 4 4
92017 5 4 4 6 6 4 3 5 4 4
108401 5 4 4 5 6 5 3 4 4 5
116593 6 4 2 5 6 6 3 3 4 6
31601 6 5 5 5 5 4 4 5 4 2
47985 5 5 5 6 4 5 4 4 4 3
80753 5 4 5 6 6 3 4 5 4 3
56177 5 4 6 5 4 6 4 3 4 4
88945 4 5 5 5 6 4 4 4 4 4
105329 5 3 5 6 5 5 4 3 4 5
60273 5 5 4 5 5 5 4 4 4 4
93041 4 5 5 4 7 3 4 5 4 4
109425 4 5 4 5 6 4 4 4 4 5
117617 5 4 4 4 6 5 4 3 4 6
62321 6 4 4 5 4 5 4 5 5 3
95089 5 4 4 6 5 3 4 6 5 3
111473 5 3 5 6 4 4 4 5 5 4
119665 5 4 4 5 4 5 4 4 5 5
123761 6 4 3 4 5 4 4 5 5 5
32113 6 6 4 5 4 5 4 5 3 3
48497 5 6 4 5 5 5 4 4 3 4
81265 5 5 4 5 6 5 3 5 3 4
56689 5 5 4 6 4 6 4 3 3 5
89457 4 6 3 6 5 6 3 4 3 5
105841 5 4 3 6 6 6 3 3 3 6
60785 5 5 4 5 5 5 4 4 3 5
93553 4 5 5 4 6 5 3 5 3 5
109937 4 5 4 4 7 5 3 4 3 6
118129 5 4 3 5 6 6 3 3 3 7
62833 5 6 3 5 4 5 4 5 4 4
95601 4 6 3 6 4 5 3 6 4 4
111985 4 5 4 5 5 5 3 5 4 5
120177 4 6 2 6 4 6 3 4 4 6
124273 5 5 3 4 5 5 3 5 4 6
63857 6 5 4 4 3 5 5 5 4 4
96625 5 5 4 4 5 4 4 6 4 4
113009 5 4 4 5 5 4 4 5 4 5
121201 5 4 4 5 4 5 4 4 4 6
125297 5 5 4 3 5 4 4 5 4 6
127345 6 5 3 4 3 4 4 6 5 5
32369 7 5 4 5 5 4 4 4 4 3
48753 6 5 4 5 5 6 3 3 4 4
81521 6 4 4 5 6 5 4 3 4 4
56945 6 4 4 5 6 6 3 2 4 5
89713 5 5 3 5 7 5 4 2 4 5
106097 6 3 3 5 7 7 3 1 4 6
61041 6 4 3 6 6 5 3 3 4 5
93809 5 4 4 5 7 4 4 3 4 5
110193 5 4 3 5 7 6 3 2 4 6
118385 6 3 2 5 8 6 3 1 4 7
63089 6 4 4 5 5 5 3 4 5 4
95857 5 4 4 6 5 4 4 4 5 4
112241 5 3 5 5 5 6 3 3 5 5
120433 5 4 3 5 6 6 3 2 5 6
124529 6 3 3 5 6 5 3 3 5 6
64113 6 5 4 4 4 5 4 4 5 4
96881 5 5 4 4 6 3 5 4 5 4
113265 5 4 4 5 5 5 4 3 5 5
121457 5 4 4 4 6 5 4 2 5 6
125553 5 5 3 4 6 4 4 3 5 6
127601 6 4 4 4 4 4 4 4 6 5
64625 7 5 3 4 4 5 4 4 4 5
97393 6 5 3 4 5 5 4 4 4 5
113777 6 4 3 4 6 6 3 3 4 6
121969 6 4 2 5 6 6 3 2 4 7
126065 6 4 3 4 6 5 3 3 4 7
128113 6 5 3 4 4 5 3 4 5 6
16305 7 6 6 6 5 3 3 4 3 2
24497 6 6 6 6 5 3 5 2 3 3
40881 6 5 6 6 5 4 4 3 2 4
73649 6 5 5 6 6 3 4 3 4 3
28593 6 5 6 6 5 4 4 3 3 3
44977 5 6 5 6 5 5 3 4 2 4
77745 5 5 6 5 6 4 3 4 4 3
53169 6 4 5 6 5 5 5 2 2 5
85937 5 5 5 5 6 4 5 2 4 4
102321 6 4 4 5 6 5 4 3 3 5
30641 6 5 5 6 6 3 4 4 4 2
47025 5 5 6 5 6 4 3 5 3 3
79793 5 4 6 6 6 3 3 5 5 2
55217 5 5 5 5 6 4 5 3 3 4
87985 4 6 4 6 6 3 5 3 5 3
104369 5 4 5 5 6 4 4 4 4 4
59313 6 4 4 5 6 5 4 4 3 4
92081 5 4 5 5 6 4 4 4 5 3
108465 5 4 5 4 6 5 3 5 4 4
116657 6 4 3 4 6 5 5 3 4 5
31665 6 5 5 6 5 3 5 4 4 2
48049 5 5 5 7 4 4 4 5 3 3
80817 5 4 5 7 6 2 4 5 5 2
56241 5 4 6 6 4 4 6 3 3 4
89009 4 5 5 6 6 2 6 3 5 3
105393 5 3 5 7 5 3 5 4 4 4
60337 5 5 4 6 4 5 5 4 3 4
93105 4 5 5 5 6 3 5 4 5 3
109489 4 5 4 6 5 4 4 5 4 4
117681 5 4 4 5 5 4 6 3 4 5
62385 6 4 4 5 5 4 5 5 4 3
95153 5 4 4 6 6 2 5 5 6 2
111537 5 3 5 6 5 3 4 6 5 3
119729 5 4 4 5 5 3 6 4 5 4
123825 6 4 3 4 5 4 5 5 5 4
32177 6 5 6 5 4 4 5 4 3 3
48561 5 5 6 5 5 4 4 5 2 4
81329 5 4 6 5 6 4 3 5 4 3
56753 5 4 6 6 4 4 6 3 2 5
89521 4 5 5 6 5 4 5 3 4 4
105905 5 3 5 6 6 4 4 4 3 5
60849 5 4 6 5 4 5 5 4 2 5
93617 4 4 7 4 5 5 4 4 4 4
110001 4 4 6 4 6 5 3 5 3 5
118193 5 3 5 5 5 5 5 3 3 6
62897 5 5 5 4 5 4 5 5 3 4
95665 4 5 5 5 5 4 4 5 5 3
112049 4 4 6 4 6 4 3 6 4 4
120241 4 5 4 5 5 4 5 4 4 5
124337 5 4 5 3 5 5 4 5 4 5
63921 6 4 5 5 3 4 6 5 3 4
96689 5 4 5 5 5 3 5 5 5 3
113073 5 3 5 6 5 3 4 6 4 4
121265 5 3 5 6 4 3 6 4 4 5
125361 5 4 5 4 4 4 5 5 4 5
127409 6 4 4 4 4 3 5 6 5 4
32433 6 6 5 5 5 3 5 3 4 3
48817 5 6 5 5 5 5 3 4 3 4
81585 5 5 5 5 6 4 4 3 5 3
57009 5 5 5 5 6 4 5 2 3 5
89777 4 6 4 5 7 3 6 1 5 4
106161 5 4 4 5 7 5 4 2 4 5
61105 5 5 4 6 5 5 4 3 3 5
93873 4 5 5 5 6 4 5 2 5 4
110257 4 5 4 5 6 6 3 3 4 5
118449 5 4 3 5 7 5 5 1 4 6
63153 5 5 5 4 6 4 4 4 4 4
95921 4 5 5 5 6 3 5 3 6 3
112305 4 4 6 4 6 5 3 4 5 4
120497 4 5 4 4 7 4 5 2 5 5
124593 5 4 4 4 6 5 4 3 5 5
64177 5 6 4 5 4 4 5 4 4 4
96945 4 6 4 5 6 2 6 3 6 3
113329 4 5 4 6 5 4 4 4 5 4
121521 4 5 4 5 6 3 6 2 5 5
125617 4 6 3 5 5 4 5 3 5 5
127665 5 5 4 4 5 3 5 4 6 4
64689 6 5 5 4 4 4 5 4 3 5
97457 5 5 5 4 5 4 5 3 5 4
113841 5 4 5 4 6 5 3 4 4 5
122033 5 4 4 5 6 4 5 2 4 6
126129 5 4 5 4 5 5 4 3 4 6
128177 5 5 5 3 5 4 4 4 5 5
129201 6 5 4 4 4 3 5 4 5 5
32561 7 5 5 6 5 3 3 4 4 3
48945 6 5 5 6 5 4 3 4 3 4
81713 6 4 5 6 6 3 3 5 4 3
57137 6 4 5 6 5 5 4 2 3 5
89905 5 5 4 6 6 4 4 3 4 4
106289 6 3 4 6 6 5 4 3 3 5
61233 6 4 4 6 6 5 3 3 3 5
94001 5 4 5 5 7 4 3 4 4 4
110385 5 4 4 5 7 5 3 4 3 5
118577 6 3 3 5 7 6 4 2 3 6
63281 6 4 4 6 6 4 3 4 4 4
96049 5 4 4 7 6 3 3 5 5 3
112433 5 3 5 6 6 4 3 5 4 4
120625 5 4 3 6 6 5 4 3 4 5
124721 6 3 3 5 7 5 3 4 4 5
64305 6 4 5 6 4 4 4 4 4 4
97073 5 4 5 6 6 2 4 5 5 3
113457 5 3 5 7 5 3 4 5 4 4
121649 5 3 5 6 5 4 5 3 4 5
125745 5 4 4 5 6 4 4 4 4 5
127793 6 3 4 6 5 3 4 5 5 4
64817 6 5 5 5 4 4 4 4 3 5
97585 5 5 5 5 5 4 3 5 4 4
113969 5 4 5 5 6 4 3 5 3 5
122161 5 4 4 6 5 5 4 3 3 6
126257 5 4 5 4 6 5 3 4 3 6
128305 5 5 4 5 5 4 3 5 4 5
129329 6 4 5 5 4 3 4 5 4 5
65073 7 5 4 5 5 4 3 3 4 5
97841 6 5 4 5 6 3 4 3 5 4
114225 6 4 4 5 6 5 3 3 4 5
122417 6 4 3 5 7 5 4 1 4 6
126513 6 4 3 5 7 5 3 2 4 6
128561 6 4 4 5 6 4 3 3 5 5
129585 6 5 4 5 5 3 4 3 5 5
16337 7 7 6 6 4 4 3 3 3 2
24529 6 7 6 6 4 4 4 3 2 3
40913 6 6 6 6 4 5 3 3 3 3
73681 6 6 5 6 5 4 3 3 4 3
28625 6 6 6 6 4 4 5 3 2 3
45009 5 7 5 6 4 5 4 3 3 3
77777 5 6 6 5 5 4 4 3 4 3
53201 6 5 5 6 4 5 5 3 2 4
85969 5 6 5 5 5 4 5 3 3 4
102353 6 5 4 5 5 5 4 3 4 4
30673 6 6 5 6 4 5 4 4 3 2
47057 5 6 6 5 4 6 3 4 4 2
79825 5 5 6 6 4 5 3 4 5 2
55249 5 6 5 5 4 6 4 4 3 3
88017 4 7 4 6 4 5 4 4 4 3
104401 5 5 5 5 4 6 3 4 5 3
59345 6 5 4 5 4 6 5 4 3 3
92113 5 5 5 5 4 5 5 4 4 3
108497 5 5 5 4 4 6 4 4 5 3
116689 6 5 3 4 4 6 5 4 4 4
31697 6 6 5 5 5 4 5 4 3 2
48081 5 6 5 6 4 5 4 4 4 2
80849 5 5 5 6 6 3 4 4 5 2
56273 5 5 6 5 4 5 5 4 3 3
89041 4 6 5 5 6 3 5 4 4 3
105425 5 4 5 6 5 4 4 4 5 3
60369 5 6 4 5 4 5 6 4 3 3
93137 4 6 5 4 6 3 6 4 4 3
109521 4 6 4 5 5 4 5 4 5 3
117713 5 5 4 4 5 4 6 4 4 4
62417 6 5 4 4 4 6 5 5 4 2
95185 5 5 4 5 5 4 5 5 5 2
111569 5 4 5 5 4 5 4 5 6 2
119761 5 5 4 4 4 5 5 5 5 3
123857 6 5 3 3 4 5 6 5 5 3
32209 6 6 5 6 3 5 5 4 2 3
48593 5 6 5 6 4 5 4 4 3 3
81361 5 5 5 6 5 5 3 4 4 3
56785 5 5 5 7 3 5 5 4 2 4
89553 4 6 4 7 4 5 4 4 3 4
105937 5 4 4 7 5 5 3 4 4 4
60881 5 5 5 6 3 5 6 4 2 4
93649 4 5 6 5 4 5 5 4 3 4
110033 4 5 5 5 5 5 4 4 4 4
118225 5 4 4 6 4 5 5 4 3 5
62929 5 6 4 5 3 6 5 5 3 3
95697 4 6 4 6 3 6 4 5 4 3
112081 4 5 5 5 4 6 3 5 5 3
120273 4 6 3 6 3 6 4 5 4 4
124369 5 5 4 4 3 6 5 5 4 4
63953 6 5 4 5 3 5 6 5 3 3
96721 5 5 4 5 5 4 5 5 4 3
113105 5 4 4 6 5 4 4 5 5 3
121297 5 4 4 6 4 4 5 5 4 4
125393 5 5 4 4 4 4 6 5 4 4
127441 6 5 3 4 3 5 5 6 5 3
32465 6 6 6 5 4 4 5 3 3 3
48849 5 6 6 5 4 6 3 3 4 3
81617 5 5 6 5 5 5 4 2 5 3
57041 5 5 6 5 5 5 4 3 3 4
89809 4 6 5 5 6 4 5 2 4 4
106193 5 4 5 5 6 6 3 2 5 4
61137 5 5 5 6 4 5 5 3 3 4
93905 4 5 6 5 5 4 6 2 4 4
110289 4 5 5 5 5 6 4 2 5 4
118481 5 4 4 5 6 5 5 2 4 5
63185 5 5 6 4 4 6 4 4 4 3
95953 4 5 6 5 4 5 5 3 5 3
112337 4 4 7 4 4 7 3 3 6 3
120529 4 5 5 4 5 6 4 3 5 4
124625 5 4 5 4 4 6 5 3 5 4
64209 5 6 5 4 4 5 5 4 4 3
96977 4 6 5 4 6 3 6 3 5 3
113361 4 5 5 5 5 5 4 3 6 3
121553 4 5 5 4 6 4 5 3 5 4
125649 4 6 4 4 5 4 6 3 5 4
127697 5 5 5 3 4 5 5 4 6 3
64721 6 5 5 5 3 5 5 4 3 4
97489 5 5 5 5 4 5 5 3 4 4
113873 5 4 5 5 5 6 3 3 5 4
122065 5 4 4 6 5 5 4 3 4 5
126161 5 4 5 5 4 5 5 3 4 5
128209 5 5 5 4 3 6 4 4 5 4
129233 6 5 4 4 4 4 5 4 5 4
32593 6 7 5 6 4 4 3 4 3 3
48977 5 7 5 6 4 5 3 3 4 3
81745 5 6 5 6 5 4 3 4 4 3
57169 5 6 5 6 4 6 3 3 3 4
89937 4 7 4 6 5 5 3 4 3 4
106321 5 5 4 6 5 6 3 3 4 4
61265 5 6 4 6 5 5 4 3 3 4
94033 4 6 5 5 6 4 4 4 3 4
110417 4 6 4 5 6 5 4 3 4 4
118609 5 5 3 5 6 6 4 3 3 5
63313 5 6 4 6 4 6 3 4 4 3
96081 4 6 4 7 4 5 3 5 4 3
112465 4 5 5 6 4 6 3 4 5 3
120657 4 6 3 6 4 7 3 4 4 4
124753 5 5 3 5 5 6 4 4 4 4
64337 5 6 5 5 4 5 4 4 4 3
97105 4 6 5 5 6 3 4 5 4 3
113489 4 5 5 6 5 4 4 4 5 3
121681 4 5 5 5 5 5 4 4 4 4
125777 4 6 4 4 6 4 5 4 4 4
127825 5 5 4 5 4 5 4 5 5 3
64849 5 7 4 6 3 5 4 4 3 4
97617 4 7 4 6 4 5 3 5 3 4
114001 4 6 4 6 5 5 3 4 4 4
122193 4 6 3 7 4 6 3 4 3 5
126289 4 6 4 5 5 5 4 4 3 5
128337 4 7 3 6 3 6 3 5 4 4
129361 5 6 4 5 4 4 4 5 4 4
65105 6 6 5 5 4 5 3 3 4 4
97873 5 6 5 5 5 4 4 3 4 4
114257 5 5 5 5 5 6 3 2 5 4
122449 5 5 4 5 6 6 3 2 4 5
126545 5 5 4 5 6 5 4 2 4 5
128593 5 5 5 5 4 6 3 3 5 4
129617 5 6 5 4 5 4 4 3 5 4
130129 6 6 4 5 4 5 3 3 4 5
32657 7 6 6 6 4 3 4 3 3 3
49041 6 6 6 6 4 4 3 4 3 3
81809 6 5 6 6 5 3 3 4 5 2
57233 6 5 6 6 4 4 5 3 2 4
90001 5 6 5 6 5 3 5 3 4 3
106385 6 4 5 6 5 4 4 4 4 3
61329 6 5 5 6 4 5 5 3 2 4
94097 5 5 6 5 5 4 5 3 4 3
110481 5 5 5 5 5 5 4 4 4 3
118673 6 4 4 5 5 5 6 3 3 4
63377 6 5 5 5 5 5 4 4 3 3
96145 5 5 5 6 5 4 4 4 5 2
112529 5 4 6 5 5 5 3 5 5 2
120721 5 5 4 5 5 5 5 4 4 3
124817 6 4 4 4 5 6 5 4 4 3
64401 6 5 5 6 4 4 5 4 3 3
97169 5 5 5 6 6 2 5 4 5 2
113553 5 4 5 7 5 3 4 5 5 2
121745 5 4 5 6 5 3 6 4 4 3
125841 5 5 4 5 5 4 6 4 4 3
127889 6 4 4 5 5 4 5 5 5 2
64913 6 5 6 6 3 4 5 4 2 4
97681 5 5 6 6 4 4 4 4 4 3
114065 5 4 6 6 5 4 3 5 4 3
122257 5 4 5 7 4 4 5 4 3 4
126353 5 4 6 5 4 5 5 4 3 4
128401 5 5 5 5 4 5 4 5 4 3
129425 6 4 5 6 4 3 5 5 4 3
65169 6 6 6 5 4 4 4 3 3 4
97937 5 6 6 5 5 3 5 2 5 3
114321 5 5 6 5 5 5 3 3 5 3
122513 5 5 5 5 6 4 5 2 4 4
126609 5 5 5 5 5 5 5 2 4 4
128657 5 5 6 4 5 5 4 3 5 3
129681 5 6 5 5 5 3 5 3 5 3
130193 6 5 6 5 4 4 4 3 4 4
65297 7 6 5 6 4 4 3 3 3 4
98065 6 6 5 6 5 3 3 4 4 3
114449 6 5 5 6 5 4 3 4 4 3
122641 6 5 4 6 5 5 4 3 3 4
126737 6 5 4 5 6 5 4 3 3 4
128785 6 5 4 6 5 5 3 4 4 3
129809 6 5 5 6 5 3 4 4 4 3
130321 6 6 5 6 4 4 3 4 3 4
16353 8 7 6 5 5 4 3 3 2 2
24545 7 7 6 5 5 4 4 2 3 2
40929 7 6 6 5 5 5 3 2 3 3
28641 7 6 6 5 5 4 4 4 2 2
45025 6 7 5 5 5 5 3 4 2 3
53217 7 5 5 5 5 5 4 3 3 3
30689 7 6 5 5 5 4 5 4 3 1
47073 6 6 6 4 5 5 4 4 3 2
55265 6 6 5 4 5 5 5 3 4 2
59361 7 5 4 4 5 5 5 5 3 2
31713 7 6 5 4 5 5 5 4 3 1
48097 6 6 5 5 4 6 4 4 3 2
56289 6 5 6 4 4 6 5 3 4 2
60385 6 6 4 4 4 6 5 5 3 2
62433 7 5 4 3 4 6 6 5 4 1
32225 7 6 5 4 5 5 5 4 2 2
48609 6 6 5 4 6 5 4 4 2 3
56801 6 5 5 5 5 5 5 3 3 3
60897 6 5 5 4 5 5 5 5 2 3
62945 6 6 4 3 5 5 6 5 3 2
63969 7 5 4 3 4 6 6 5 3 2
32481 7 6 5 5 5 4 5 3 3 2
48865 6 6 5 5 5 6 3 3 3 3
57057 6 5 5 5 6 5 4 2 4 3
61153 6 5 4 6 5 5 4 4 3 3
63201 6 5 5 4 5 5 5 4 4 2
64225 6 6 4 4 4 6 5 4 4 2
64737 7 5 4 4 5 5 5 4 3 3
32609 7 6 6 5 5 4 3 4 3 2
48993 6 6 6 5 5 5 3 3 3 3
57185 6 5 6 5 5 6 3 2 4 3
61281 6 5 5 5 6 5 3 4 3 3
63329 6 5 5 5 5 5 4 4 4 2
64353 6 5 6 4 4 6 4 4 4 2
64865 6 6 5 4 5 5 4 4 3 3
65121 7 5 5 5 5 5 3 3 4 3
32673 7 7 6 5 5 3 4 3 3 2
49057 6 7 6 5 5 4 3 4 2 3
57249 6 6 6 5 5 4 5 2 3 3
61345 6 6 5 5 5 5 4 4 2 3
63393 6 6 5 4 6 4 5 4 3 2
64417 6 6 5 5 4 5 5 4 3 2
64929 6 6 6 4 5 4 5 4 2 3
65185 6 7 5 5 5 4 4 3 3 3
65313 7 6 6 5 5 4 3 3 3 3
32705 8 7 6 5 4 4 4 3 2 2
