127 194 556 35028
64 0 5 7 9 10 11 14 15 17 18 19 20 22 23 25 28 29 30 33 34 36 38 39 40 43 44 45 46 49 50 53 56 57 58 60 66 67 68 69 71 72 73 75 76 78 80 83 85 86 88 90 92 97 98 99 100 101 105 106 112 113 114 116 120
63 1 2 4 8 9 11 13 16 17 18 19 21 22 25 26 32 34 35 36 37 38 41 42 43 44 45 47 49 50 52 53 61 63 64 68 69 70 72 73 74 76 81 82 84 85 86 87 88 90 94 95 98 100 104 106 107 111 117 119 122 123 125 126
63 1 2 4 5 8 10 16 20 21 23 27 29 32 33 37 39 40 41 42 43 45 46 51 53 54 55 57 58 59 63 64 66 74 75 77 78 80 82 83 84 85 86 89 90 91 92 93 95 101 102 105 106 108 109 110 111 114 116 118 119 123 125 126
64 0 3 5 6 10 11 12 15 20 22 23 24 30 31 33 40 43 44 45 46 47 48 49 53 55 57 59 60 61 62 65 66 69 71 75 79 80 85 86 87 88 90 91 92 93 94 96 98 99 101 103 106 107 109 110 113 114 115 117 118 120 121 122 124
63 1 2 3 4 6 7 8 9 12 13 14 16 17 18 19 24 25 26 27 28 31 32 34 35 36 38 47 48 50 51 52 54 56 61 62 64 65 67 68 70 72 73 76 77 79 81 87 89 94 96 97 100 102 103 104 107 108 112 115 117 121 122 124
63 1 2 3 4 6 7 8 9 12 14 15 16 17 18 24 27 28 29 30 31 32 34 36 39 47 48 51 54 56 58 60 61 62 64 65 67 68 71 72 77 78 79 83 87 89 94 96 97 99 102 103 105 107 108 112 113 115 116 117 120 121 122 124
63 1 2 3 4 6 8 9 12 16 17 18 24 27 29 32 34 36 39 43 45 47 48 51 53 54 55 58 59 61 63 64 65 68 72 77 78 83 85 86 87 89 90 91 93 94 95 96 102 105 106 107 108 109 110 111 116 117 118 119 122 123 125 126
63 1 2 3 4 5 6 8 9 10 12 15 16 17 18 19 20 24 25 27 29 30 32 33 34 36 38 39 40 48 50 51 54 55 58 59 60 64 65 66 68 71 72 73 76 77 78 80 83 89 91 93 96 99 100 102 105 108 109 110 113 116 118 120
63 1 2 3 4 5 6 8 9 10 12 13 16 17 18 20 24 26 29 32 33 34 35 36 39 40 43 45 47 48 52 53 58 61 63 64 65 66 68 70 72 78 80 81 83 85 86 87 90 94 95 96 104 105 106 107 111 116 117 119 122 123 125 126
63 1 2 3 4 6 8 9 12 13 15 16 17 18 21 24 26 29 30 31 32 34 35 36 37 39 41 42 43 45 48 52 53 58 60 62 64 65 68 70 71 72 74 78 79 81 82 83 84 85 86 90 96 99 103 104 105 106 113 115 116 120 121 124
63 1 2 3 4 5 6 8 9 10 11 12 13 16 17 18 20 22 24 26 31 32 33 34 35 36 40 43 44 45 48 49 52 53 55 59 62 64 65 66 68 69 70 72 79 80 81 85 86 88 90 91 93 96 98 103 104 106 109 110 115 118 121 124
63 1 2 3 4 5 6 8 9 10 11 12 15 16 17 18 20 22 23 24 29 30 32 33 34 36 39 40 44 46 48 49 55 57 58 59 60 64 65 66 68 69 71 72 75 78 80 83 88 91 92 93 96 98 99 101 105 109 110 113 114 116 118 120
63 1 2 3 4 5 6 8 10 11 12 13 16 20 21 22 24 26 27 29 32 33 35 37 39 40 41 42 44 47 48 49 51 52 54 58 61 64 65 66 69 70 74 77 78 80 81 82 83 84 87 88 89 94 96 98 102 104 105 107 108 116 117 122
63 1 2 3 4 6 8 11 12 13 15 16 21 22 24 26 27 29 30 32 35 37 39 41 42 43 44 45 48 49 51 52 53 54 58 60 64 65 69 70 71 74 77 78 81 82 83 84 85 86 88 89 90 96 98 99 102 104 105 106 108 113 116 120
63 1 2 3 4 5 6 7 8 10 12 13 14 15 16 20 24 26 27 28 30 32 33 35 40 43 45 48 51 52 53 54 56 60 63 64 65 66 67 70 71 77 80 81 85 86 89 90 95 96 97 99 102 104 106 108 111 112 113 119 120 123 125 126
63 1 2 3 4 5 6 8 10 11 12 16 19 20 21 22 24 25 27 29 32 33 37 38 39 40 41 42 44 48 49 50 51 54 58 63 64 65 66 69 73 74 76 77 78 80 82 83 84 88 89 95 96 98 100 102 105 108 111 116 119 123 125 126
63 1 2 3 4 5 6 7 8 10 12 14 16 19 20 23 24 25 27 28 32 33 38 40 46 47 48 50 51 54 56 57 61 63 64 65 66 67 73 75 76 77 80 87 89 92 94 95 96 97 100 101 102 107 108 111 112 114 117 119 122 123 125 126
63 1 2 3 4 6 8 11 12 15 16 22 23 24 27 30 31 32 43 44 45 46 48 49 51 53 54 57 60 62 63 64 65 69 71 75 77 79 85 86 88 89 90 92 95 96 98 99 101 102 103 106 108 111 113 114 115 119 120 121 123 124 125 126
63 1 2 3 4 6 7 8 12 13 14 16 19 21 24 25 26 28 29 31 32 35 37 38 39 41 42 48 50 52 56 58 62 63 64 65 67 70 73 74 76 78 79 81 82 83 84 95 96 97 100 103 104 105 111 112 115 116 119 121 123 124 125 126
63 1 2 3 4 6 7 8 12 13 14 15 16 19 23 24 25 26 28 29 30 32 35 38 39 46 48 50 52 56 57 58 60 63 64 65 67 70 71 73 75 76 78 81 83 92 95 96 97 99 100 101 104 105 111 112 113 114 116 119 120 123 125 126
63 1 2 3 4 5 6 7 8 10 12 13 14 16 20 23 24 26 28 31 32 33 35 40 46 47 48 52 55 56 57 59 61 62 64 65 66 67 70 75 79 80 81 87 91 92 93 94 96 97 101 103 104 107 109 110 112 114 115 117 118 121 122 124
63 1 2 3 4 5 6 8 10 11 12 13 15 16 19 20 22 23 24 25 26 30 32 33 35 38 40 44 46 47 48 49 50 52 57 60 61 64 65 66 69 70 71 73 75 76 80 81 87 88 92 94 96 98 99 100 101 104 107 113 114 117 120 122
63 1 2 3 4 5 6 8 10 11 12 13 16 19 20 22 23 24 25 26 31 32 33 35 38 40 43 44 45 46 48 49 50 52 53 57 62 64 65 66 69 70 73 75 76 79 80 81 85 86 88 90 92 96 98 100 101 103 104 106 114 115 121 124
63 1 2 4 7 8 9 13 14 16 17 18 19 21 25 26 27 28 29 32 34 35 36 37 38 39 41 42 50 51 52 54 56 58 63 64 67 68 70 72 73 74 76 77 78 81 82 83 84 89 95 97 100 102 104 105 108 111 112 116 119 123 125 126
63 1 2 4 7 8 9 11 13 14 16 17 18 22 23 26 27 28 29 32 34 35 36 39 43 44 45 46 49 51 52 53 54 56 57 58 64 67 68 69 70 72 75 77 78 81 83 85 86 88 89 90 92 97 98 101 102 104 105 106 108 112 114 116
63 1 2 4 5 7 8 9 10 13 14 15 16 17 18 20 23 26 27 28 30 32 33 34 35 36 40 43 45 46 51 52 53 54 56 57 60 64 66 67 68 70 71 72 75 77 80 81 85 86 89 90 92 97 99 101 102 104 106 108 112 113 114 120
63 1 2 4 5 7 8 9 10 11 14 16 17 18 20 22 27 28 32 33 34 36 40 44 47 49 51 54 55 56 59 61 63 64 66 67 68 69 72 77 80 87 88 89 91 93 94 95 97 98 102 107 108 109 110 111 112 117 118 119 122 123 125 126
63 1 2 4 5 8 9 10 11 15 16 17 18 20 21 22 27 30 32 33 34 36 37 40 41 42 43 44 45 47 49 51 53 54 60 61 64 66 68 69 71 72 74 77 80 82 84 85 86 87 88 89 90 94 98 99 102 106 107 108 113 117 120 122
63 1 2 4 8 9 11 13 15 16 17 18 19 21 22 25 26 30 31 32 34 35 36 37 38 41 42 44 47 49 50 52 60 61 62 64 68 69 70 71 72 73 74 76 79 81 82 84 87 88 94 98 99 100 103 104 107 113 115 117 120 121 122 124
63 1 2 4 7 8 9 11 13 14 16 17 18 21 22 23 26 28 32 34 35 36 37 41 42 43 44 45 46 49 52 53 55 56 57 59 64 67 68 69 70 72 74 75 81 82 84 85 86 88 90 91 92 93 97 98 101 104 106 109 110 112 114 118
63 1 2 4 8 9 11 16 17 18 19 21 22 25 29 32 34 36 37 38 39 41 42 43 44 45 47 49 50 53 55 58 59 61 64 68 69 72 73 74 76 78 82 83 84 85 86 87 88 90 91 93 94 98 100 105 106 107 109 110 116 117 118 122
63 1 2 4 5 8 9 10 15 16 17 18 19 20 25 29 30 32 33 34 36 38 39 40 47 50 55 58 59 60 61 63 64 66 68 71 72 73 76 78 80 83 87 91 93 94 95 99 100 105 107 109 110 111 113 116 117 118 119 120 122 123 125 126
63 1 2 4 5 8 9 10 11 16 17 18 19 20 21 22 25 31 32 33 34 36 37 38 40 41 42 44 49 50 55 59 62 63 64 66 68 69 72 73 74 76 79 80 82 84 88 91 93 95 98 100 103 109 110 111 115 118 119 121 123 124 125 126
63 1 2 4 5 8 9 10 15 16 17 18 19 20 21 23 25 30 32 33 34 36 37 38 40 41 42 43 45 46 50 53 57 60 63 64 66 68 71 72 73 74 75 76 80 82 84 85 86 90 92 95 99 100 101 106 111 113 114 119 120 123 125 126
63 1 2 4 7 8 13 14 16 21 26 27 28 32 35 37 41 42 43 45 47 51 52 53 54 55 56 59 61 63 64 67 70 74 77 81 82 84 85 86 87 89 90 91 93 94 95 97 102 104 106 107 108 109 110 111 112 117 118 119 122 123 125 126
63 1 2 4 5 8 10 13 16 19 20 21 25 26 27 32 33 35 37 38 40 41 42 43 45 47 50 51 52 53 54 55 59 61 64 66 70 73 74 76 77 80 81 82 84 85 86 87 89 90 91 93 94 100 102 104 106 107 108 109 110 117 118 122
63 1 2 4 5 8 10 13 15 16 19 20 25 26 27 30 31 32 33 35 38 40 47 50 51 52 54 60 61 62 63 64 66 70 71 73 76 77 79 80 81 87 89 94 95 99 100 102 103 104 107 108 111 113 115 117 119 120 121 122 123 124 125 126
63 1 2 4 7 8 11 13 14 15 16 22 23 26 27 28 30 31 32 35 44 46 49 51 52 54 56 57 60 62 63 64 67 69 70 71 75 77 79 81 88 89 92 95 97 98 99 101 102 103 104 108 111 112 113 114 115 119 120 121 123 124 125 126
63 1 2 4 8 11 16 19 22 25 27 29 31 32 38 39 43 44 45 47 49 50 51 53 54 58 61 62 63 64 69 73 76 77 78 79 83 85 86 87 88 89 90 94 95 98 100 102 103 105 106 107 108 111 115 116 117 119 121 122 123 124 125 126
63 1 2 4 5 8 10 11 16 19 20 22 23 25 27 29 32 33 38 39 40 43 44 45 46 49 50 51 53 54 55 57 58 59 64 66 69 73 75 76 77 78 80 83 85 86 88 89 90 91 92 93 98 100 101 102 105 106 108 109 110 114 116 118
63 1 2 4 8 11 15 16 19 22 23 25 27 30 32 38 43 44 45 46 49 50 51 53 54 55 57 59 60 63 64 69 71 73 75 76 77 85 86 88 89 90 91 92 93 95 98 99 100 101 102 106 108 109 110 111 113 114 118 119 120 123 125 126
63 1 2 4 7 8 14 15 16 19 21 23 25 28 30 31 32 37 38 41 42 46 47 50 56 57 60 61 62 63 64 67 71 73 74 75 76 79 82 84 87 92 94 95 97 99 100 101 103 107 111 112 113 114 115 117 119 120 121 122 123 124 125 126
63 1 2 4 5 7 8 10 11 14 15 16 20 22 23 28 30 31 32 33 40 44 46 47 49 55 56 57 59 60 61 62 64 66 67 69 71 75 79 80 87 88 91 92 93 94 97 98 99 101 103 107 109 110 112 113 114 115 117 118 120 121 122 124
63 1 2 4 5 8 10 11 16 20 21 22 23 31 32 33 37 40 41 42 44 46 47 49 55 57 59 61 62 63 64 66 69 74 75 79 80 82 84 87 88 91 92 93 94 95 98 101 103 107 109 110 111 114 115 117 118 119 121 122 123 124 125 126
63 3 6 7 9 12 13 14 17 18 21 23 24 26 27 28 29 34 35 36 37 39 41 42 46 48 51 52 54 55 56 57 58 59 65 67 68 70 72 74 75 77 78 81 82 83 84 89 91 92 93 96 97 101 102 104 105 108 109 110 112 114 116 118
63 3 6 7 9 12 13 14 17 18 21 24 26 27 28 34 35 36 37 41 42 43 45 47 48 51 52 53 54 55 56 59 61 65 67 68 70 72 74 77 81 82 84 85 86 87 89 90 91 93 94 96 97 102 104 106 107 108 109 110 112 117 118 122
63 3 6 9 12 13 15 17 18 19 23 24 25 26 27 30 34 35 36 38 43 45 46 47 48 50 51 52 53 54 57 60 61 65 68 70 71 72 73 75 76 77 81 85 86 87 89 90 92 94 96 99 100 101 102 104 106 107 108 113 114 117 120 122
63 3 5 6 9 10 11 12 15 17 18 19 20 22 24 25 27 30 33 34 36 38 40 43 44 45 47 48 49 50 51 53 54 60 61 65 66 68 69 71 72 73 76 77 80 85 86 87 88 89 90 94 96 98 99 100 102 106 107 108 113 117 120 122
63 3 5 6 7 9 10 12 13 14 15 17 18 20 24 26 28 29 30 33 34 35 36 39 40 47 48 52 56 58 60 61 63 65 66 67 68 70 71 72 78 80 81 83 87 94 95 96 97 99 104 105 107 111 112 113 116 117 119 120 122 123 125 126
63 3 5 6 9 10 12 13 15 17 18 20 23 24 26 30 31 33 34 35 36 40 46 47 48 52 57 60 61 62 63 65 66 68 70 71 72 75 79 80 81 87 92 94 95 96 99 101 103 104 107 111 113 114 115 117 119 120 121 122 123 124 125 126
63 3 6 7 9 11 12 13 14 15 17 18 21 22 23 24 26 28 30 31 34 35 36 37 41 42 44 46 48 49 52 56 57 60 62 65 67 68 69 70 71 72 74 75 79 81 82 84 88 92 96 97 98 99 101 103 104 112 113 114 115 120 121 124
63 3 6 9 12 17 18 21 23 24 29 31 34 36 37 39 41 42 46 47 48 55 57 58 59 61 62 63 65 68 72 74 75 78 79 82 83 84 87 91 92 93 94 95 96 101 103 105 107 109 110 111 114 115 116 117 118 119 121 122 123 124 125 126
63 3 6 9 11 12 17 18 21 22 23 24 29 31 34 36 37 39 41 42 43 44 45 46 47 48 49 53 57 58 61 62 65 68 69 72 74 75 78 79 82 83 84 85 86 87 88 90 92 94 96 98 101 103 105 106 107 114 115 116 117 121 122 124
63 3 6 7 9 11 12 14 15 17 18 19 21 22 24 25 28 29 30 34 36 37 38 39 41 42 44 48 49 50 55 56 58 59 60 65 67 68 69 71 72 73 74 76 78 82 83 84 88 91 93 96 97 98 99 100 105 109 110 112 113 116 118 120
63 3 5 6 7 9 10 11 12 14 15 17 18 20 22 23 24 28 29 30 33 34 36 39 40 43 44 45 46 48 49 53 56 57 58 60 65 66 67 68 69 71 72 75 78 80 83 85 86 88 90 92 96 97 98 99 101 105 106 112 113 114 116 120
63 3 6 12 13 21 23 24 26 27 29 31 35 37 39 41 42 46 47 48 51 52 54 57 58 61 62 63 65 70 74 75 77 78 79 81 82 83 84 87 89 92 94 95 96 101 102 103 104 105 107 108 111 114 115 116 117 119 121 122 123 124 125 126
63 3 5 6 7 10 12 13 14 15 19 20 21 24 25 26 27 28 30 31 33 35 37 38 40 41 42 48 50 51 52 54 56 60 62 65 66 67 70 71 73 74 76 77 79 80 81 82 84 89 96 97 99 100 102 103 104 108 112 113 115 120 121 124
63 3 5 6 7 10 12 14 20 23 24 27 28 29 33 39 40 43 45 46 48 51 53 54 55 56 57 58 59 63 65 66 67 75 77 78 80 83 85 86 89 90 91 92 93 95 96 97 101 102 105 106 108 109 110 111 112 114 116 118 119 123 125 126
63 3 6 7 12 14 15 19 23 24 25 27 28 30 31 38 43 45 46 47 48 50 51 53 54 56 57 60 61 62 65 67 71 73 75 76 77 79 85 86 87 89 90 92 94 96 97 99 100 101 102 103 106 107 108 112 113 114 115 117 120 121 122 124
63 3 5 6 10 12 15 19 20 23 24 25 27 30 31 33 38 40 46 48 50 51 54 55 57 59 60 62 63 65 66 71 73 75 76 77 79 80 89 91 92 93 95 96 99 100 101 102 103 108 109 110 111 113 114 115 118 119 120 121 123 124 125 126
63 3 6 7 12 13 14 15 23 24 26 28 29 30 31 35 39 43 45 46 48 52 53 55 56 57 58 59 60 62 65 67 70 71 75 78 79 81 83 85 86 90 91 92 93 96 97 99 101 103 104 105 106 109 110 112 113 114 115 116 118 120 121 124
63 3 5 6 10 11 12 13 20 21 22 24 26 29 31 33 35 37 39 40 41 42 43 44 45 48 49 52 53 55 58 59 62 65 66 69 70 74 78 79 80 81 82 83 84 85 86 88 90 91 93 96 98 103 104 105 106 109 110 115 116 118 121 124
63 3 6 7 11 12 14 21 22 23 24 28 31 37 41 42 43 44 45 46 48 49 53 55 56 57 59 62 63 65 67 69 74 75 79 82 84 85 86 88 90 91 92 93 95 96 97 98 101 103 106 109 110 111 112 114 115 118 119 121 123 124 125 126
63 3 5 6 7 10 11 12 14 15 19 20 21 22 24 25 28 30 33 37 38 40 41 42 43 44 45 48 49 50 53 55 56 59 60 65 66 67 69 71 73 74 76 80 82 84 85 86 88 90 91 93 96 97 98 99 100 106 109 110 112 113 118 120
63 3 5 6 7 10 11 12 14 15 19 20 22 24 25 28 30 31 33 38 40 44 48 49 50 55 56 59 60 62 63 65 66 67 69 71 73 76 79 80 88 91 93 95 96 97 98 99 100 103 109 110 111 112 113 115 118 119 120 121 123 124 125 126
63 9 11 13 17 18 19 21 22 25 26 27 29 34 35 36 37 38 39 41 42 44 47 49 50 51 52 54 58 61 63 68 69 70 72 73 74 76 77 78 81 82 83 84 87 88 89 94 95 98 100 102 104 105 107 108 111 116 117 119 122 123 125 126
63 7 9 14 15 17 18 21 27 28 29 30 31 34 36 37 39 41 42 43 45 47 51 53 54 56 58 60 61 62 67 68 71 72 74 77 78 79 82 83 84 85 86 87 89 90 94 97 99 102 103 105 106 107 108 112 113 115 116 117 120 121 122 124
63 7 9 11 14 15 17 18 22 27 28 29 30 31 34 36 39 43 44 45 49 51 53 54 55 56 58 59 60 62 67 68 69 71 72 77 78 79 83 85 86 88 89 90 91 93 97 98 99 102 103 105 106 108 109 110 112 113 115 116 118 120 121 124
63 5 9 10 11 17 18 20 21 22 27 29 33 34 36 37 39 40 41 42 43 44 45 49 51 53 54 55 58 59 63 66 68 69 72 74 77 78 80 82 83 84 85 86 88 89 90 91 93 95 98 102 105 106 108 109 110 111 116 118 119 123 125 126
63 7 9 11 14 17 18 19 22 25 27 28 31 34 36 38 44 47 49 50 51 54 55 56 59 61 62 63 67 68 69 72 73 76 77 79 87 88 89 91 93 94 95 97 98 100 102 103 107 108 109 110 111 112 115 117 118 119 121 122 123 124 125 126
63 5 9 10 17 18 19 20 21 23 25 27 33 34 36 37 38 40 41 42 43 45 46 47 50 51 53 54 57 61 63 66 68 72 73 74 75 76 77 80 82 84 85 86 87 89 90 92 94 95 100 101 102 106 107 108 111 114 117 119 122 123 125 126
63 7 9 11 13 14 17 18 22 26 28 29 31 34 35 36 39 44 47 49 52 55 56 58 59 61 62 63 67 68 69 70 72 78 79 81 83 87 88 91 93 94 95 97 98 103 104 105 107 109 110 111 112 115 116 117 118 119 121 122 123 124 125 126
63 9 13 15 17 18 21 23 26 29 30 34 35 36 37 39 41 42 43 45 46 52 53 55 57 58 59 60 63 68 70 71 72 74 75 78 81 82 83 84 85 86 90 91 92 93 95 99 101 104 105 106 109 110 111 113 114 116 118 119 120 123 125 126
63 9 11 13 15 17 18 19 22 23 25 26 30 31 34 35 36 38 43 44 45 46 49 50 52 53 55 57 59 60 62 68 69 70 71 72 73 75 76 79 81 85 86 88 90 91 92 93 98 99 100 101 103 104 106 109 110 113 114 115 118 120 121 124
63 5 9 10 15 17 18 19 20 21 23 25 30 31 33 34 36 37 38 40 41 42 43 45 46 50 53 55 57 59 60 62 66 68 71 72 73 74 75 76 79 80 82 84 85 86 90 91 92 93 99 100 101 103 106 109 110 113 114 115 118 120 121 124
63 5 7 10 13 14 20 23 26 27 28 29 31 33 35 39 40 46 47 51 52 54 56 57 58 61 62 63 66 67 70 75 77 78 79 80 81 83 87 89 92 94 95 97 101 102 103 104 105 107 108 111 112 114 115 116 117 119 121 122 123 124 125 126
63 5 7 10 13 14 19 20 21 23 25 26 27 28 31 33 35 37 38 40 41 42 46 50 51 52 54 55 56 57 59 62 66 67 70 73 74 75 76 77 79 80 81 82 84 89 91 92 93 97 100 101 102 103 104 108 109 110 112 114 115 118 121 124
63 5 7 10 14 19 20 21 25 27 28 29 31 33 37 38 39 40 41 42 47 50 51 54 55 56 58 59 61 62 66 67 73 74 76 77 78 79 80 82 83 84 87 89 91 93 94 97 100 102 103 105 107 108 109 110 112 115 116 117 118 121 122 124
63 7 11 13 14 15 21 22 26 28 29 30 31 35 37 39 41 42 44 47 49 52 55 56 58 59 60 61 62 67 69 70 71 74 78 79 81 82 83 84 87 88 91 93 94 97 98 99 103 104 105 107 109 110 112 113 115 116 117 118 120 121 122 124
63 11 13 15 19 21 22 23 25 26 29 30 35 37 38 39 41 42 44 46 49 50 52 55 57 58 59 60 63 69 70 71 73 74 75 76 78 81 82 83 84 88 91 92 93 95 98 99 100 101 104 105 109 110 111 113 114 116 118 119 120 123 125 126
63 7 13 14 15 19 21 23 25 26 28 30 35 37 38 41 42 46 47 50 52 55 56 57 59 60 61 63 67 70 71 73 74 75 76 81 82 84 87 91 92 93 94 95 97 99 100 101 104 107 109 110 111 112 113 114 117 118 119 120 122 123 125 126
63 5 7 10 14 19 20 21 25 28 29 33 37 38 39 40 41 42 43 45 47 50 53 55 56 58 59 61 63 66 67 73 74 76 78 80 82 83 84 85 86 87 90 91 93 94 95 97 100 105 106 107 109 110 111 112 116 117 118 119 122 123 125 126
63 5 10 11 19 20 22 23 25 29 31 33 38 39 40 43 44 45 46 47 49 50 53 57 58 61 62 63 66 69 73 75 76 78 79 80 83 85 86 87 88 90 92 94 95 98 100 101 103 105 106 107 111 114 115 116 117 119 121 122 123 124 125 126
63 7 11 14 19 21 22 23 25 28 29 31 37 38 39 41 42 43 44 45 46 49 50 53 56 57 58 62 63 67 69 73 74 75 76 78 79 82 83 84 85 86 88 90 92 95 97 98 100 101 103 105 106 111 112 114 115 116 119 121 123 124 125 126
64 0 3 5 6 10 11 12 15 20 22 23 24 29 30 31 33 39 40 43 44 45 46 48 49 53 55 57 58 59 60 62 65 66 69 71 75 78 79 80 83 85 86 88 90 91 92 93 96 98 99 101 103 105 106 109 110 113 114 115 116 118 120 121 124
63 3 5 6 7 9 10 12 13 14 17 18 19 20 24 25 26 27 28 29 31 33 34 35 36 38 39 40 48 50 51 52 54 56 58 62 65 66 67 68 70 72 73 76 77 78 79 80 81 83 89 96 97 100 102 103 104 105 108 112 115 116 121 124
63 3 6 11 12 15 19 22 23 24 25 27 30 31 38 44 46 47 48 49 50 51 54 55 57 59 60 61 62 65 69 71 73 75 76 77 79 87 88 89 91 92 93 94 96 98 99 100 101 102 103 107 108 109 110 113 114 115 117 118 120 121 122 124
64 0 5 10 11 15 20 21 22 23 29 30 33 37 39 40 41 42 43 44 45 46 49 53 55 57 58 59 60 63 66 69 71 74 75 78 80 82 83 84 85 86 88 90 91 92 93 95 98 99 101 105 106 109 110 111 113 114 116 118 119 120 123 125 126
64 0 5 7 10 11 14 15 20 22 23 27 28 29 30 33 39 40 43 44 45 46 49 51 53 54 55 56 57 58 59 60 66 67 69 71 75 77 78 80 83 85 86 88 89 90 91 92 93 97 98 99 101 102 105 106 108 109 110 112 113 114 116 118 120
63 1 2 3 4 6 8 9 12 16 17 18 21 23 24 27 29 32 34 36 37 39 41 42 43 45 46 48 51 53 54 55 57 58 59 64 65 68 72 74 75 77 78 82 83 84 85 86 89 90 91 92 93 96 101 102 105 106 108 109 110 114 116 118
63 1 2 3 4 5 6 7 8 10 11 12 14 16 20 21 22 24 28 31 32 33 37 40 41 42 44 47 48 49 55 56 59 61 62 64 65 66 67 69 74 79 80 82 84 87 88 91 93 94 96 97 98 103 107 109 110 112 115 117 118 121 122 124
63 3 5 6 9 10 12 15 17 18 20 24 29 30 31 33 34 36 39 40 43 45 47 48 53 58 60 61 62 63 65 66 68 71 72 78 79 80 83 85 86 87 90 94 95 96 99 103 105 106 107 111 113 115 116 117 119 120 121 122 123 124 125 126
63 9 11 13 17 18 19 21 22 25 26 31 34 35 36 37 38 41 42 43 44 45 49 50 52 53 55 59 62 63 68 69 70 72 73 74 76 79 81 82 84 85 86 88 90 91 93 95 98 100 103 104 106 109 110 111 115 118 119 121 123 124 125 126
64 0 5 9 10 11 15 17 18 20 22 23 27 30 33 34 36 40 43 44 45 46 47 49 51 53 54 55 57 59 60 61 66 68 69 71 72 75 77 80 85 86 87 88 89 90 91 92 93 94 98 99 101 102 106 107 108 109 110 113 114 117 118 120 122
64 0 5 9 10 11 15 17 18 20 22 23 27 29 30 33 34 36 39 40 43 44 45 46 49 51 53 54 55 57 58 59 60 66 68 69 71 72 75 77 78 80 83 85 86 88 89 90 91 92 93 98 99 101 102 105 106 108 109 110 113 114 116 118 120
63 1 2 3 4 6 7 8 9 11 12 14 15 16 17 18 21 22 23 24 28 30 32 34 36 37 41 42 44 46 48 49 55 56 57 59 60 64 65 67 68 69 71 72 74 75 82 84 88 91 92 93 96 97 98 99 101 109 110 112 113 114 118 120
63 7 9 13 14 15 17 18 26 28 29 30 31 34 35 36 39 43 45 52 53 55 56 58 59 60 62 63 67 68 70 71 72 78 79 81 83 85 86 90 91 93 95 97 99 103 104 105 106 109 110 111 112 113 115 116 118 119 120 121 123 124 125 126
64 0 5 7 9 10 11 14 15 17 18 19 20 21 22 25 28 30 31 33 34 36 37 38 40 41 42 43 44 45 49 50 53 56 60 62 66 67 68 69 71 72 73 74 76 79 80 82 84 85 86 88 90 97 98 99 100 103 106 112 113 115 120 121 124
63 1 2 4 7 8 9 13 14 15 16 17 18 21 23 26 27 28 30 32 34 35 36 37 41 42 46 51 52 54 55 56 57 59 60 64 67 68 70 71 72 74 75 77 81 82 84 89 91 92 93 97 99 101 102 104 108 109 110 112 113 114 118 120
63 7 9 13 14 15 17 18 19 23 25 26 28 30 34 35 36 38 43 45 46 50 52 53 55 56 57 59 60 63 67 68 70 71 72 73 75 76 81 85 86 90 91 92 93 95 97 99 100 101 104 106 109 110 111 112 113 114 118 119 120 123 125 126
64 0 3 5 6 10 11 12 15 19 20 22 24 25 27 30 33 38 40 43 44 45 47 48 49 50 51 53 54 60 61 63 65 66 69 71 73 76 77 80 85 86 87 88 89 90 94 95 96 98 99 100 102 106 107 108 111 113 117 119 120 122 123 125 126
63 1 2 3 4 5 6 7 8 10 11 12 13 14 16 20 21 22 23 24 26 28 32 33 35 37 40 41 42 44 46 48 49 52 56 57 63 64 65 66 67 69 70 74 75 80 81 82 84 88 92 95 96 97 98 101 104 111 112 114 119 123 125 126
63 1 2 4 8 13 15 16 23 26 29 30 31 32 35 39 43 45 46 47 52 53 57 58 60 61 62 63 64 70 71 75 78 79 81 83 85 86 87 90 92 94 95 99 101 103 104 105 106 107 111 113 114 115 116 117 119 120 121 122 123 124 125 126
64 0 3 5 6 7 10 11 12 13 14 15 19 20 22 24 25 26 27 28 30 33 35 38 40 43 44 45 48 49 50 51 52 53 54 56 60 65 66 67 69 70 71 73 76 77 80 81 85 86 88 89 90 96 97 98 99 100 102 104 106 108 112 113 120
63 1 2 4 5 8 9 10 11 15 16 17 18 19 20 22 25 27 30 32 33 34 36 38 40 44 47 49 50 51 54 60 61 63 64 66 68 69 71 72 73 76 77 80 87 88 89 94 95 98 99 100 102 107 108 111 113 117 119 120 122 123 125 126
63 1 2 4 5 7 8 10 14 16 19 20 25 27 28 29 32 33 38 39 40 47 50 51 54 55 56 58 59 61 63 64 66 67 73 76 77 78 80 83 87 89 91 93 94 95 97 100 102 105 107 108 109 110 111 112 116 117 118 119 122 123 125 126
63 3 6 7 12 13 14 15 19 21 24 25 26 27 28 30 31 35 37 38 41 42 43 45 48 50 51 52 53 54 56 60 62 65 67 70 71 73 74 76 77 79 81 82 84 85 86 89 90 96 97 99 100 102 103 104 106 108 112 113 115 120 121 124
63 3 6 7 12 14 15 19 21 23 24 25 27 28 30 31 37 38 41 42 43 45 46 48 50 51 53 54 56 57 60 62 65 67 71 73 74 75 76 77 79 82 84 85 86 89 90 92 96 97 99 100 101 102 103 106 108 112 113 114 115 120 121 124
64 0 5 7 10 11 14 15 20 22 28 29 30 31 33 39 40 43 44 45 49 53 55 56 58 59 60 62 63 66 67 69 71 78 79 80 83 85 86 88 90 91 93 95 97 98 99 103 105 106 109 110 111 112 113 115 116 118 119 120 121 123 124 125 126
63 1 2 4 5 7 8 10 11 14 16 20 21 22 23 28 29 32 33 37 39 40 41 42 43 44 45 46 47 49 53 56 57 58 61 64 66 67 69 74 75 78 80 82 83 84 85 86 87 88 90 92 94 97 98 101 105 106 107 112 114 116 117 122
63 5 10 11 13 15 20 21 22 26 29 30 33 35 37 39 40 41 42 43 44 45 47 49 52 53 58 60 61 63 66 69 70 71 74 78 80 81 82 83 84 85 86 87 88 90 94 95 98 99 104 105 106 107 111 113 116 117 119 120 122 123 125 126
64 0 5 7 10 11 14 15 20 22 27 28 30 31 33 40 43 44 45 47 49 51 53 54 55 56 59 60 61 62 66 67 69 71 77 79 80 85 86 87 88 89 90 91 93 94 97 98 99 102 103 106 107 108 109 110 112 113 115 117 118 120 121 122 124
63 1 2 4 8 9 11 13 15 16 17 18 19 22 23 25 26 27 30 32 34 35 36 38 44 46 47 49 50 51 52 54 57 60 61 64 68 69 70 71 72 73 75 76 77 81 87 88 89 92 94 98 99 100 101 102 104 107 108 113 114 117 120 122
63 5 7 10 13 14 19 20 23 25 26 27 28 29 33 35 38 39 40 46 50 51 52 54 55 56 57 58 59 63 66 67 70 73 75 76 77 78 80 81 83 89 91 92 93 95 97 100 101 102 104 105 108 109 110 111 112 114 116 118 119 123 125 126
64 0 5 7 9 10 11 13 14 15 17 18 20 22 26 28 30 31 33 34 35 36 40 43 44 45 49 52 53 55 56 59 60 62 66 67 68 69 70 71 72 79 80 81 85 86 88 90 91 93 97 98 99 103 104 106 109 110 112 113 115 118 120 121 124
63 3 5 6 10 12 13 20 21 23 24 26 27 33 35 37 40 41 42 43 45 46 47 48 51 52 53 54 55 57 59 61 65 66 70 74 75 77 80 81 82 84 85 86 87 89 90 91 92 93 94 96 101 102 104 106 107 108 109 110 114 117 118 122
63 5 9 10 13 17 18 19 20 21 23 25 26 31 33 34 35 36 37 38 40 41 42 43 45 46 47 50 52 53 57 61 62 66 68 70 72 73 74 75 76 79 80 81 82 84 85 86 87 90 92 94 100 101 103 104 106 107 114 115 117 121 122 124
64 0 3 5 6 7 10 11 12 13 14 15 20 22 24 26 28 30 31 33 35 40 43 44 45 48 49 52 53 55 56 59 60 62 65 66 67 69 70 71 79 80 81 85 86 88 90 91 93 96 97 98 99 103 104 106 109 110 112 113 115 118 120 121 124
63 3 6 11 12 13 19 21 22 23 24 25 26 27 35 37 38 41 42 44 46 47 48 49 50 51 52 54 55 57 59 61 65 69 70 73 74 75 76 77 81 82 84 87 88 89 91 92 93 94 96 98 100 101 102 104 107 108 109 110 114 117 118 122
63 5 9 10 13 17 18 19 20 23 25 26 27 29 31 33 34 35 36 38 39 40 43 45 46 50 51 52 53 54 57 58 62 66 68 70 72 73 75 76 77 78 79 80 81 83 85 86 89 90 92 100 101 102 103 104 105 106 108 114 115 116 121 124
64 0 5 7 10 11 13 14 15 20 22 26 28 29 30 33 35 39 40 43 44 45 47 49 52 53 55 56 58 59 60 61 66 67 69 70 71 78 80 81 83 85 86 87 88 90 91 93 94 97 98 99 104 105 106 107 109 110 112 113 116 117 118 120 122
63 3 5 6 7 10 11 12 14 15 20 21 22 23 24 27 28 30 33 37 40 41 42 43 44 45 46 48 49 51 53 54 56 57 60 65 66 67 69 71 74 75 77 80 82 84 85 86 88 89 90 92 96 97 98 99 101 102 106 108 112 113 114 120
63 7 13 14 15 19 21 25 26 28 29 30 31 35 37 38 39 41 42 43 45 47 50 52 53 56 58 60 61 62 67 70 71 73 74 76 78 79 81 82 83 84 85 86 87 90 94 97 99 100 103 104 105 106 107 112 113 115 116 117 120 121 122 124
64 0 5 9 10 11 15 17 18 20 21 22 27 29 30 31 33 34 36 37 39 40 41 42 43 44 45 49 51 53 54 58 60 62 66 68 69 71 72 74 77 78 79 80 82 83 84 85 86 88 89 90 98 99 102 103 105 106 108 113 115 116 120 121 124
63 1 2 3 4 5 6 8 9 10 12 16 17 18 19 20 24 25 27 29 32 33 34 36 38 39 40 43 45 48 50 51 53 54 55 58 59 64 65 66 68 72 73 76 77 78 80 83 85 86 89 90 91 93 96 100 102 105 106 108 109 110 116 118
63 1 2 4 8 9 16 17 18 21 23 27 29 31 32 34 36 37 39 41 42 43 45 46 51 53 54 55 57 58 59 62 64 68 72 74 75 77 78 79 82 83 84 85 86 89 90 91 92 93 101 102 103 105 106 108 109 110 114 115 116 118 121 124
63 1 2 4 7 8 9 11 14 16 17 18 21 22 23 28 29 32 34 36 37 39 41 42 43 44 45 46 49 53 55 56 57 58 59 64 67 68 69 72 74 75 78 82 83 84 85 86 88 90 91 92 93 97 98 101 105 106 109 110 112 114 116 118
63 3 6 9 11 12 13 17 18 19 21 22 24 25 26 34 35 36 37 38 41 42 43 44 45 48 49 50 52 53 55 59 63 65 68 69 70 72 73 74 76 81 82 84 85 86 88 90 91 93 95 96 98 100 104 106 109 110 111 118 119 123 125 126
63 9 11 17 18 19 21 22 25 27 31 34 36 37 38 41 42 44 47 49 50 51 54 55 59 61 62 63 68 69 72 73 74 76 77 79 82 84 87 88 89 91 93 94 95 98 100 102 103 107 108 109 110 111 115 117 118 119 121 122 123 124 125 126
63 9 11 13 15 17 18 21 22 26 29 30 34 35 36 37 39 41 42 43 44 45 49 52 53 55 58 59 60 63 68 69 70 71 72 74 78 81 82 83 84 85 86 88 90 91 93 95 98 99 104 105 106 109 110 111 113 116 118 119 120 123 125 126
64 0 3 5 6 10 11 12 13 15 20 21 22 24 26 30 33 35 37 40 41 42 43 44 45 47 48 49 52 53 60 61 63 65 66 69 70 71 74 80 81 82 84 85 86 87 88 90 94 95 96 98 99 104 106 107 111 113 117 119 120 122 123 125 126
63 3 6 7 9 12 13 14 17 18 19 21 24 25 26 28 29 34 35 36 37 38 39 41 42 43 45 48 50 52 53 55 56 58 59 65 67 68 70 72 73 74 76 78 81 82 83 84 85 86 90 91 93 96 97 100 104 105 106 109 110 112 116 118
63 9 11 15 17 18 21 22 23 27 30 31 34 36 37 41 42 43 44 45 46 49 51 53 54 55 57 59 60 62 68 69 71 72 74 75 77 79 82 84 85 86 88 89 90 91 92 93 98 99 101 102 103 106 108 109 110 113 114 115 118 120 121 124
64 0 5 7 10 14 15 19 20 21 23 25 28 29 30 31 33 37 38 39 40 41 42 43 45 46 50 53 56 57 58 60 62 66 67 71 73 74 75 76 78 79 80 82 83 84 85 86 90 92 97 99 100 101 103 105 106 112 113 114 115 116 120 121 124
63 3 6 7 9 12 14 17 18 21 24 27 28 29 34 36 37 39 41 42 43 45 47 48 51 53 54 55 56 58 59 61 65 67 68 72 74 77 78 82 83 84 85 86 87 89 90 91 93 94 96 97 102 105 106 107 108 109 110 112 116 117 118 122
63 5 9 10 11 15 17 18 19 20 21 22 25 30 31 33 34 36 37 38 40 41 42 43 44 45 49 50 53 55 59 60 62 66 68 69 71 72 73 74 76 79 80 82 84 85 86 88 90 91 93 98 99 100 103 106 109 110 113 115 118 120 121 124
64 0 5 7 9 10 14 15 17 18 19 20 21 23 25 28 30 33 34 36 37 38 40 41 42 43 45 46 50 53 56 57 60 63 66 67 68 71 72 73 74 75 76 80 82 84 85 86 90 92 95 97 99 100 101 106 111 112 113 114 119 120 123 125 126
63 3 6 7 9 12 14 15 17 18 19 21 23 24 25 27 28 29 30 34 36 37 38 39 41 42 46 48 50 51 54 56 57 58 60 65 67 68 71 72 73 74 75 76 77 78 82 83 84 89 92 96 97 99 100 101 102 105 108 112 113 114 116 120
63 7 11 13 14 15 19 22 25 26 27 28 30 31 35 38 43 44 45 49 50 51 52 53 54 55 56 59 60 62 67 69 70 71 73 76 77 79 81 85 86 88 89 90 91 93 97 98 99 100 102 103 104 106 108 109 110 112 113 115 118 120 121 124
64 0 5 9 10 15 17 18 19 20 21 23 25 27 30 33 34 36 37 38 40 41 42 43 45 46 50 51 53 54 57 60 63 66 68 71 72 73 74 75 76 77 80 82 84 85 86 89 90 92 95 99 100 101 102 106 108 111 113 114 119 120 123 125 126
63 5 7 9 10 11 13 14 15 17 18 20 21 22 26 27 28 30 33 34 35 36 37 40 41 42 44 49 51 52 54 55 56 59 60 66 67 68 69 70 71 72 74 77 80 81 82 84 88 89 91 93 97 98 99 102 104 108 109 110 112 113 118 120
63 7 9 14 15 17 18 19 23 25 28 29 30 34 36 38 39 43 45 46 47 50 53 55 56 57 58 59 60 61 67 68 71 72 73 75 76 78 83 85 86 87 90 91 92 93 94 97 99 100 101 105 106 107 109 110 112 113 114 116 117 118 120 122
64 0 5 7 10 14 15 20 21 23 28 29 30 31 33 37 39 40 41 42 43 45 46 53 55 56 57 58 59 60 62 66 67 71 74 75 78 79 80 82 83 84 85 86 90 91 92 93 97 99 101 103 105 106 109 110 112 113 114 115 116 118 120 121 124
63 1 2 3 4 6 8 9 11 12 13 15 16 17 18 19 22 24 25 26 30 31 32 34 35 36 38 44 48 49 50 52 55 59 60 62 64 65 68 69 70 71 72 73 76 79 81 88 91 93 96 98 99 100 103 104 109 110 113 115 118 120 121 124
63 3 6 7 9 12 14 17 18 23 24 27 28 29 31 34 36 39 46 48 51 54 55 56 57 58 59 62 63 65 67 68 72 75 77 78 79 83 89 91 92 93 95 96 97 101 102 103 105 108 109 110 111 112 114 115 116 118 119 121 123 124 125 126
64 0 5 9 10 13 15 17 18 20 21 23 26 30 33 34 35 36 37 40 41 42 43 45 46 52 53 55 57 59 60 63 66 68 70 71 72 74 75 80 81 82 84 85 86 90 91 92 93 95 99 101 104 106 109 110 111 113 114 118 119 120 123 125 126
63 1 2 3 4 5 6 7 8 9 10 12 13 14 16 17 18 19 20 24 25 26 28 32 33 34 35 36 38 40 47 48 50 52 55 56 59 61 64 65 66 67 68 70 72 73 76 80 81 87 91 93 94 96 97 100 104 107 109 110 112 117 118 122
63 5 9 10 15 17 18 20 23 27 30 31 33 34 36 40 46 47 51 54 55 57 59 60 61 62 63 66 68 71 72 75 77 79 80 87 89 91 92 93 94 95 99 101 102 103 107 108 109 110 111 113 114 115 117 118 119 120 121 122 123 124 125 126
64 0 5 7 9 10 13 14 15 17 18 20 21 23 26 28 30 33 34 35 36 37 40 41 42 43 45 46 52 53 55 56 57 59 60 66 67 68 70 71 72 74 75 80 81 82 84 85 86 90 91 92 93 97 99 101 104 106 109 110 112 113 114 118 120
63 3 6 9 12 13 15 17 18 23 24 26 27 30 34 35 36 43 45 46 47 48 51 52 53 54 55 57 59 60 61 65 68 70 71 72 75 77 81 85 86 87 89 90 91 92 93 94 96 99 101 102 104 106 107 108 109 110 113 114 117 118 120 122
63 5 7 9 10 13 14 17 18 19 20 21 23 25 26 28 31 33 34 35 36 37 38 40 41 42 46 50 52 55 56 57 59 62 66 67 68 70 72 73 74 75 76 79 80 81 82 84 91 92 93 97 100 101 103 104 109 110 112 114 115 118 121 124
64 0 3 5 6 10 12 13 15 20 23 24 26 27 30 31 33 35 40 43 45 46 48 51 52 53 54 57 60 62 63 65 66 70 71 75 77 79 80 81 85 86 89 90 92 95 96 99 101 102 103 104 106 108 111 113 114 115 119 120 121 123 124 125 126
63 1 2 4 5 8 9 10 16 17 18 19 20 21 23 25 27 29 31 32 33 34 36 37 38 39 40 41 42 46 50 51 54 57 58 62 64 66 68 72 73 74 75 76 77 78 79 80 82 83 84 89 92 100 101 102 103 105 108 114 115 116 121 124
63 3 6 11 12 13 19 22 24 25 26 27 35 38 43 44 45 47 48 49 50 51 52 53 54 55 59 61 63 65 69 70 73 76 77 81 85 86 87 88 89 90 91 93 94 95 96 98 100 102 104 106 107 108 109 110 111 117 118 119 122 123 125 126
64 0 5 7 9 10 14 15 17 18 20 21 23 28 29 30 31 33 34 36 37 39 40 41 42 43 45 46 53 56 57 58 60 62 66 67 68 71 72 74 75 78 79 80 82 83 84 85 86 90 92 97 99 101 103 105 106 112 113 114 115 116 120 121 124
63 3 6 7 9 11 12 14 17 18 19 21 22 23 24 25 28 29 31 34 36 37 38 39 41 42 44 46 48 49 50 56 57 58 62 65 67 68 69 72 73 74 75 76 78 79 82 83 84 88 92 96 97 98 100 101 103 105 112 114 115 116 121 124
63 3 6 11 12 13 15 22 24 26 27 29 30 31 35 39 43 44 45 48 49 51 52 53 54 55 58 59 60 62 65 69 70 71 77 78 79 81 83 85 86 88 89 90 91 93 96 98 99 102 103 104 105 106 108 109 110 113 115 116 118 120 121 124
64 0 5 9 10 13 15 17 18 20 21 23 26 27 30 31 33 34 35 36 37 40 41 42 43 45 46 51 52 53 54 57 60 62 66 68 70 71 72 74 75 77 79 80 81 82 84 85 86 89 90 92 99 101 102 103 104 106 108 113 114 115 120 121 124
63 1 2 3 4 6 8 9 11 12 16 17 18 19 22 24 25 31 32 34 36 38 43 44 45 47 48 49 50 53 61 62 63 64 65 68 69 72 73 76 79 85 86 87 88 90 94 95 96 98 100 103 106 107 111 115 117 119 121 122 123 124 125 126
63 1 2 3 4 5 6 8 10 12 16 20 21 24 27 29 31 32 33 37 39 40 41 42 48 51 54 55 58 59 62 63 64 65 66 74 77 78 79 80 82 83 84 89 91 93 95 96 102 103 105 108 109 110 111 115 116 118 119 121 123 124 125 126
64 0 5 9 10 15 17 18 19 20 25 27 29 30 31 33 34 36 38 39 40 43 45 47 50 51 53 54 58 60 61 62 66 68 71 72 73 76 77 78 79 80 83 85 86 87 89 90 94 99 100 102 103 105 106 107 108 113 115 116 117 120 121 122 124
63 1 2 3 4 5 6 7 8 9 10 12 14 15 16 17 18 20 21 24 27 28 30 32 33 34 36 37 40 41 42 48 51 54 55 56 59 60 64 65 66 67 68 71 72 74 77 80 82 84 89 91 93 96 97 99 102 108 109 110 112 113 118 120
63 3 6 12 13 15 19 21 24 25 26 27 29 30 31 35 37 38 39 41 42 43 45 48 50 51 52 53 54 58 60 62 65 70 71 73 74 76 77 78 79 81 82 83 84 85 86 89 90 96 99 100 102 103 104 105 106 108 113 115 116 120 121 124
63 3 6 7 11 12 14 19 21 22 23 24 25 27 28 31 37 38 41 42 43 44 45 46 48 49 50 51 53 54 56 57 62 65 67 69 73 74 75 76 77 79 82 84 85 86 88 89 90 92 96 97 98 100 101 102 103 106 108 112 114 115 121 124
63 7 9 14 15 17 18 19 25 28 30 31 34 36 38 43 45 47 50 53 55 56 59 60 61 62 63 67 68 71 72 73 76 79 85 86 87 90 91 93 94 95 97 99 100 103 106 107 109 110 111 112 113 115 117 118 119 120 121 122 123 124 125 126
64 0 5 7 10 13 14 15 20 21 26 27 28 30 31 33 35 37 40 41 42 43 45 51 52 53 54 55 56 59 60 62 66 67 70 71 74 77 79 80 81 82 84 85 86 89 90 91 93 97 99 102 103 104 106 108 109 110 112 113 115 118 120 121 124
63 1 2 3 4 6 7 8 11 12 13 14 15 16 22 24 26 27 28 30 32 35 44 47 48 49 51 52 54 56 60 61 63 64 65 67 69 70 71 77 81 87 88 89 94 95 96 97 98 99 102 104 107 108 111 112 113 117 119 120 122 123 125 126
63 1 2 4 7 8 11 14 16 19 21 22 23 25 27 28 32 37 38 41 42 43 44 45 46 49 50 51 53 54 55 56 57 59 64 67 69 73 74 75 76 77 82 84 85 86 88 89 90 91 92 93 97 98 100 101 102 106 108 109 110 112 114 118
63 1 2 4 5 7 8 10 14 15 16 19 20 23 25 28 29 30 31 32 33 38 39 40 46 50 56 57 58 60 62 63 64 66 67 71 73 75 76 78 79 80 83 92 95 97 99 100 101 103 105 111 112 113 114 115 116 119 120 121 123 124 125 126
63 9 13 15 17 18 19 21 25 26 27 29 30 34 35 36 37 38 39 41 42 43 45 50 51 52 53 54 58 60 63 68 70 71 72 73 74 76 77 78 81 82 83 84 85 86 89 90 95 99 100 102 104 105 106 108 111 113 116 119 120 123 125 126
64 0 3 5 6 7 9 10 12 14 15 17 18 20 24 28 29 30 31 33 34 36 39 40 43 45 48 53 56 58 60 62 63 65 66 67 68 71 72 78 79 80 83 85 86 90 95 96 97 99 103 105 106 111 112 113 115 116 119 120 121 123 124 125 126
63 1 2 3 4 6 8 12 16 19 21 23 24 25 27 29 32 37 38 39 41 42 43 45 46 47 48 50 51 53 54 57 58 61 64 65 73 74 75 76 77 78 82 83 84 85 86 87 89 90 92 94 96 100 101 102 105 106 107 108 114 116 117 122
63 5 10 11 13 19 20 21 22 25 26 27 31 33 35 37 38 40 41 42 43 44 45 49 50 51 52 53 54 62 63 66 69 70 73 74 76 77 79 80 81 82 84 85 86 88 89 90 95 98 100 102 103 104 106 108 111 115 119 121 123 124 125 126
64 0 3 6 7 11 12 14 15 22 23 24 28 29 30 31 39 43 44 45 46 48 49 53 55 56 57 58 59 60 62 65 67 69 71 75 78 79 83 85 86 88 90 91 92 93 96 97 98 99 101 103 105 106 109 110 112 113 114 115 116 118 120 121 124
63 3 5 6 10 11 12 15 19 20 21 22 24 25 30 33 37 38 40 41 42 43 44 45 47 48 49 50 53 55 59 60 61 65 66 69 71 73 74 76 80 82 84 85 86 87 88 90 91 93 94 96 98 99 100 106 107 109 110 113 117 118 120 122
63 5 7 9 10 14 17 18 20 21 27 28 29 31 33 34 36 37 39 40 41 42 43 45 47 51 53 54 56 58 61 62 66 67 68 72 74 77 78 79 80 82 83 84 85 86 87 89 90 94 97 102 103 105 106 107 108 112 115 116 117 121 122 124
64 0 3 6 7 11 12 14 15 19 21 22 24 25 27 28 30 37 38 41 42 43 44 45 48 49 50 51 53 54 55 56 59 60 65 67 69 71 73 74 76 77 82 84 85 86 88 89 90 91 93 96 97 98 99 100 102 106 108 109 110 112 113 118 120
63 5 7 9 10 14 17 18 20 21 23 27 28 29 33 34 36 37 39 40 41 42 46 47 51 54 55 56 57 58 59 61 66 67 68 72 74 75 77 78 80 82 83 84 87 89 91 92 93 94 97 101 102 105 107 108 109 110 112 114 116 117 118 122
63 5 9 10 11 13 15 17 18 19 20 22 25 26 30 33 34 35 36 38 40 43 44 45 47 49 50 52 53 55 59 60 61 66 68 69 70 71 72 73 76 80 81 85 86 87 88 90 91 93 94 98 99 100 104 106 107 109 110 113 117 118 120 122
64 0 9 11 13 15 17 18 19 21 22 25 26 30 34 35 36 37 38 41 42 43 44 45 47 49 50 52 53 55 59 60 61 68 69 70 71 72 73 74 76 81 82 84 85 86 87 88 90 91 93 94 98 99 100 104 106 107 109 110 113 117 118 120 122
63 1 2 3 4 6 8 9 11 12 15 16 17 18 22 23 24 27 30 31 32 34 36 44 46 48 49 51 54 55 57 59 60 62 64 65 68 69 71 72 75 77 79 88 89 91 92 93 96 98 99 101 102 103 108 109 110 113 114 115 118 120 121 124
63 3 6 7 9 12 13 14 17 18 19 24 25 26 28 29 31 34 35 36 38 39 48 50 52 55 56 58 59 62 63 65 67 68 70 72 73 76 78 79 81 83 91 93 95 96 97 100 103 104 105 109 110 111 112 115 116 118 119 121 123 124 125 126
64 0 9 11 15 17 18 19 21 22 25 27 29 30 34 36 37 38 39 41 42 43 44 45 49 50 51 53 54 58 60 63 68 69 71 72 73 74 76 77 78 82 83 84 85 86 88 89 90 95 98 99 100 102 105 106 108 111 113 116 119 120 123 125 126
64 0 3 6 7 11 12 14 15 19 22 24 25 27 28 29 30 38 39 43 44 45 48 49 50 51 53 54 56 58 60 63 65 67 69 71 73 76 77 78 83 85 86 88 89 90 95 96 97 98 99 100 102 105 106 108 111 112 113 116 119 120 123 125 126
63 3 5 6 7 9 10 12 14 15 17 18 19 20 21 23 24 25 28 30 31 33 34 36 37 38 40 41 42 46 48 50 56 57 60 62 65 66 67 68 71 72 73 74 75 76 79 80 82 84 92 96 97 99 100 101 103 112 113 114 115 120 121 124
63 3 6 7 12 13 14 15 24 26 27 28 30 31 35 43 45 47 48 51 52 53 54 55 56 59 60 61 62 65 67 70 71 77 79 81 85 86 87 89 90 91 93 94 96 97 99 102 103 104 106 107 108 109 110 112 113 115 117 118 120 121 122 124
64 0 9 11 13 15 17 18 21 22 26 29 30 31 34 35 36 37 39 41 42 43 44 45 49 52 53 55 58 59 60 62 68 69 70 71 72 74 78 79 81 82 83 84 85 86 88 90 91 93 98 99 103 104 105 106 109 110 113 115 116 118 120 121 124
64 0 3 6 7 11 12 13 14 15 22 24 26 28 29 30 31 35 39 43 44 45 48 49 52 53 55 56 58 59 60 62 65 67 69 70 71 78 79 81 83 85 86 88 90 91 93 96 97 98 99 103 104 105 106 109 110 112 113 115 116 118 120 121 124
63 3 6 7 9 11 12 13 14 17 18 21 22 23 24 26 28 34 35 36 37 41 42 43 44 45 46 47 48 49 52 53 56 57 61 65 67 68 69 70 72 74 75 81 82 84 85 86 87 88 90 92 94 96 97 98 101 104 106 107 112 114 117 122
63 5 10 13 15 20 21 23 26 29 30 31 33 35 37 39 40 41 42 43 45 46 52 53 55 57 58 59 60 62 66 70 71 74 75 78 79 80 81 82 83 84 85 86 90 91 92 93 99 101 103 104 105 106 109 110 113 114 115 116 118 120 121 124
64 0 3 6 11 12 15 21 22 24 27 30 37 41 42 43 44 45 47 48 49 51 53 54 55 59 60 61 63 65 69 71 74 77 82 84 85 86 87 88 89 90 91 93 94 95 96 98 99 102 106 107 108 109 110 111 113 117 118 119 120 122 123 125 126
63 1 2 4 5 8 10 13 15 16 19 20 25 26 27 30 31 32 33 35 38 40 43 45 47 50 51 52 53 54 60 61 62 64 66 70 71 73 76 77 79 80 81 85 86 87 89 90 94 99 100 102 103 104 106 107 108 113 115 117 120 121 122 124
63 3 5 6 7 10 12 14 19 20 21 23 24 25 27 28 33 37 38 40 41 42 46 47 48 50 51 54 56 57 61 63 65 66 67 73 74 75 76 77 80 82 84 87 89 92 94 95 96 97 100 101 102 107 108 111 112 114 117 119 122 123 125 126
64 0 3 5 6 7 10 12 14 20 23 24 27 28 29 33 39 40 43 45 46 48 51 53 54 55 56 57 58 59 63 65 66 67 75 77 78 80 83 85 86 89 90 91 92 93 95 96 97 101 102 105 106 108 109 110 111 112 114 116 118 119 123 125 126
0 1
0 2
3 4
3 5
3 6
3 7
3 8
3 9
3 10
3 11
3 12
3 13
3 14
3 15
3 16
3 17
3 18
3 19
3 20
3 21
3 22
3 23
3 24
3 25
3 26
3 27
3 28
3 29
3 30
3 31
3 32
3 33
3 34
3 35
3 36
3 37
3 38
3 39
3 40
3 41
3 42
3 43
3 44
3 45
3 46
3 47
3 48
3 49
3 50
3 51
3 52
3 53
3 54
3 55
3 56
3 57
3 58
3 59
3 60
3 61
3 62
3 63
3 64
3 65
3 66
3 67
3 68
3 69
3 70
3 71
3 72
3 73
3 74
3 75
3 76
3 77
3 78
3 79
3 80
3 81
3 82
3 83
84 85
84 86
87 4
87 5
87 6
87 7
87 8
87 9
87 10
87 11
87 12
87 13
87 14
87 15
87 16
87 17
87 18
87 19
87 20
87 21
87 22
87 23
87 24
87 25
87 26
87 27
87 28
87 29
87 30
87 31
87 32
87 33
87 34
87 35
87 36
87 37
87 38
87 39
87 40
87 41
87 42
87 43
87 44
87 45
87 46
87 47
87 48
87 49
87 50
87 51
87 52
87 53
87 54
87 55
87 56
87 57
87 58
87 59
87 60
87 61
87 62
87 63
87 64
87 65
87 66
87 67
87 68
87 69
87 70
87 71
87 72
87 73
87 74
87 75
87 76
87 77
87 78
87 79
87 80
87 81
87 82
87 83
88 89
88 90
88 91
88 92
93 4
93 5
93 6
93 7
93 8
93 9
93 10
93 11
93 12
93 13
93 14
93 15
93 16
93 17
93 18
93 19
93 20
93 21
93 22
93 23
93 24
93 25
93 26
93 27
93 28
93 29
93 30
93 31
93 32
93 33
93 34
93 35
93 36
93 37
93 38
93 39
93 40
93 41
93 42
93 43
93 44
93 45
93 46
93 47
93 48
93 49
93 50
93 51
93 52
93 53
93 54
93 55
93 56
93 57
93 58
93 59
93 60
93 61
93 62
93 63
93 64
93 65
93 66
93 67
93 68
93 69
93 70
93 71
93 72
93 73
93 74
93 75
93 76
93 77
93 78
93 79
93 80
93 81
93 82
93 83
94 95
94 96
97 98
97 99
100 101
100 102
103 104
103 105
103 106
103 107
108 109
108 110
111 112
111 113
114 115
114 116
117 118
117 119
120 121
120 122
123 124
123 125
123 126
123 127
123 128
123 129
130 131
130 132
133 134
133 135
136 137
136 138
139 140
139 141
142 143
142 144
145 146
145 147
148 149
148 150
151 152
151 153
154 155
154 156
157 158
157 159
160 161
160 162
160 163
160 164
165 166
165 167
165 168
165 169
170 171
170 172
173 174
173 175
176 177
176 178
179 180
179 181
182 4
182 5
182 6
182 7
182 8
182 9
182 10
182 11
182 12
182 13
182 14
182 15
182 16
182 17
182 18
182 19
182 20
182 21
182 22
182 23
182 24
182 25
182 26
182 27
182 28
182 29
182 30
182 31
182 32
182 33
182 34
182 35
182 36
182 37
182 38
182 39
182 40
182 41
182 42
182 43
182 44
182 45
182 46
182 47
182 48
182 49
182 50
182 51
182 52
182 53
182 54
182 55
182 56
182 57
182 58
182 59
182 60
182 61
182 62
182 63
182 64
182 65
182 66
182 67
182 68
182 69
182 70
182 71
182 72
182 73
182 74
182 75
182 76
182 77
182 78
182 79
182 80
182 81
182 82
182 83
183 184
183 185
186 4
186 5
186 6
186 7
186 8
186 9
186 10
186 11
186 12
186 13
186 14
186 15
186 16
186 17
186 18
186 19
186 20
186 21
186 22
186 23
186 24
186 25
186 26
186 27
186 28
186 29
186 30
186 31
186 32
186 33
186 34
186 35
186 36
186 37
186 38
186 39
186 40
186 41
186 42
186 43
186 44
186 45
186 46
186 47
186 48
186 49
186 50
186 51
186 52
186 53
186 54
186 55
186 56
186 57
186 58
186 59
186 60
186 61
186 62
186 63
186 64
186 65
186 66
186 67
186 68
186 69
186 70
186 71
186 72
186 73
186 74
186 75
186 76
186 77
186 78
186 79
186 80
186 81
186 82
186 83
187 188
187 189
190 191
190 192
193 4
193 5
193 6
193 7
193 8
193 9
193 10
193 11
193 12
193 13
193 14
193 15
193 16
193 17
193 18
193 19
193 20
193 21
193 22
193 23
193 24
193 25
193 26
193 27
193 28
193 29
193 30
193 31
193 32
193 33
193 34
193 35
193 36
193 37
193 38
193 39
193 40
193 41
193 42
193 43
193 44
193 45
193 46
193 47
193 48
193 49
193 50
193 51
193 52
193 53
193 54
193 55
193 56
193 57
193 58
193 59
193 60
193 61
193 62
193 63
193 64
193 65
193 66
193 67
193 68
193 69
193 70
193 71
193 72
193 73
193 74
193 75
193 76
193 77
193 78
193 79
193 80
193 81
193 82
193 83
0 0 64 509 14 1
1 0 65 509 14 1
2 0 66 509 14 1
3 0 67 509 14 1
4 0 68 509 14 1
5 0 69 509 14 1
6 0 70 509 14 1
7 0 71 509 14 1
8 0 72 509 14 1
9 0 73 509 14 1
10 0 74 509 14 1
11 0 75 509 14 1
12 0 76 509 14 1
13 0 77 509 14 1
14 0 78 509 14 1
15 0 79 509 14 1
16 0 80 509 14 1
17 0 81 509 14 1
18 0 82 509 14 1
19 0 83 509 14 1
20 0 84 509 14 1
21 0 85 509 14 1
22 0 86 509 14 1
23 0 87 509 14 1
24 0 88 509 14 1
25 0 89 509 14 1
26 0 90 509 14 1
27 0 91 509 14 1
28 0 92 509 14 1
29 0 93 509 14 1
30 0 94 509 14 1
31 0 95 509 14 1
32 0 96 509 14 1
33 0 97 509 14 1
34 0 98 509 14 1
35 0 99 509 14 1
36 0 100 509 14 1
37 0 101 509 14 1
38 0 102 509 14 1
39 0 103 509 14 1
40 0 104 509 14 1
41 0 105 509 14 1
42 0 106 509 14 1
43 0 107 509 14 1
44 0 108 509 14 1
45 0 109 509 14 1
46 0 110 509 14 1
47 0 111 509 14 1
48 0 112 509 14 1
49 0 113 509 14 1
50 0 114 509 14 1
51 0 115 509 14 1
52 0 118 509 14 1
53 0 119 509 14 1
54 0 120 509 14 1
55 0 123 509 14 1
56 0 124 509 14 1
57 0 125 509 14 1
58 0 126 509 14 1
59 1 64 509 14 1
60 1 65 509 14 1
61 1 66 509 14 1
62 1 67 509 14 1
63 1 68 509 14 1
64 1 69 509 14 1
65 1 70 509 14 1
66 1 71 509 14 1
67 1 72 509 14 1
68 1 73 509 14 1
69 1 74 509 14 1
70 1 75 509 14 1
71 1 76 509 14 1
72 1 77 509 14 1
73 1 78 509 14 1
74 1 79 509 14 1
75 1 80 509 14 1
76 1 81 509 14 1
77 1 82 509 14 1
78 1 83 509 14 1
79 1 84 509 14 1
80 1 85 509 14 1
81 1 86 509 14 1
82 1 87 509 14 1
83 1 88 509 14 1
84 1 89 509 14 1
85 1 90 509 14 1
86 1 91 509 14 1
87 1 92 509 14 1
88 1 93 509 14 1
89 1 94 509 14 1
90 1 95 509 14 1
91 1 96 509 14 1
92 1 97 509 14 1
93 1 98 509 14 1
94 1 99 509 14 1
95 1 100 509 14 1
96 1 101 509 14 1
97 1 102 509 14 1
98 1 103 509 14 1
99 1 104 509 14 1
100 1 105 509 14 1
101 1 106 509 14 1
102 1 107 509 14 1
103 1 108 509 14 1
104 1 109 509 14 1
105 1 110 509 14 1
106 1 111 509 14 1
107 1 112 509 14 1
108 1 113 509 14 1
109 1 114 509 14 1
110 1 115 509 14 1
111 1 118 509 14 1
112 1 119 509 14 1
113 1 120 509 14 1
114 1 123 509 14 1
115 1 124 509 14 1
116 1 125 509 14 1
117 1 126 509 14 1
118 2 64 509 14 1
119 2 65 509 14 1
120 2 66 509 14 1
121 2 67 509 14 1
122 2 68 509 14 1
123 2 69 509 14 1
124 2 70 509 14 1
125 2 71 509 14 1
126 2 72 509 14 1
127 2 73 509 14 1
128 2 74 509 14 1
129 2 75 509 14 1
130 2 76 509 14 1
131 2 77 509 14 1
132 2 80 509 14 1
133 2 81 509 14 1
134 2 82 509 14 1
135 2 83 509 14 1
136 2 84 509 14 1
137 2 85 509 14 1
138 2 86 509 14 1
139 2 87 509 14 1
140 2 88 509 14 1
141 2 89 509 14 1
142 2 90 509 14 1
143 2 91 509 14 1
144 2 92 509 14 1
145 2 93 509 14 1
146 2 94 509 14 1
147 2 95 509 14 1
148 2 96 509 14 1
149 2 97 509 14 1
150 2 98 509 14 1
151 2 99 509 14 1
152 2 100 509 14 1
153 2 101 509 14 1
154 2 102 509 14 1
155 2 103 509 14 1
156 2 104 509 14 1
157 2 105 509 14 1
158 2 106 509 14 1
159 2 107 509 14 1
160 2 108 509 14 1
161 2 109 509 14 1
162 2 110 509 14 1
163 2 111 509 14 1
164 2 112 509 14 1
165 2 113 509 14 1
166 2 114 509 14 1
167 2 115 509 14 1
168 2 116 509 14 1
169 2 117 509 14 1
170 2 118 509 14 1
171 2 119 509 14 1
172 2 120 509 14 1
173 2 121 509 14 1
174 2 122 509 14 1
175 2 123 509 14 1
176 2 124 509 14 1
177 2 125 509 14 1
178 2 126 509 14 1
179 3 64 509 14 1
180 3 65 509 14 1
181 3 66 509 14 1
182 3 67 509 14 1
183 3 68 509 14 1
184 3 69 509 14 1
185 3 70 509 14 1
186 3 71 509 14 1
187 3 72 509 14 1
188 3 73 509 14 1
189 3 74 509 14 1
190 3 75 509 14 1
191 3 76 509 14 1
192 3 77 509 14 1
193 3 80 509 14 1
194 3 81 509 14 1
195 3 82 509 14 1
196 3 83 509 14 1
197 3 84 509 14 1
198 3 85 509 14 1
199 3 86 509 14 1
200 3 87 509 14 1
201 3 88 509 14 1
202 3 89 509 14 1
203 3 90 509 14 1
204 3 91 509 14 1
205 3 92 509 14 1
206 3 93 509 14 1
207 3 94 509 14 1
208 3 95 509 14 1
209 3 96 509 14 1
210 3 97 509 14 1
211 3 98 509 14 1
212 3 99 509 14 1
213 3 100 509 14 1
214 3 101 509 14 1
215 3 102 509 14 1
216 3 103 509 14 1
217 3 104 509 14 1
218 3 105 509 14 1
219 3 106 509 14 1
220 3 107 509 14 1
221 3 108 509 14 1
222 3 109 509 14 1
223 3 110 509 14 1
224 3 111 509 14 1
225 3 112 509 14 1
226 3 113 509 14 1
227 3 114 509 14 1
228 3 115 509 14 1
229 3 116 509 14 1
230 3 117 509 14 1
231 3 118 509 14 1
232 3 119 509 14 1
233 3 120 509 14 1
234 3 121 509 14 1
235 3 122 509 14 1
236 3 123 509 14 1
237 3 124 509 14 1
238 3 125 509 14 1
239 3 126 509 14 1
240 4 64 509 14 1
241 4 65 509 14 1
242 4 66 509 14 1
243 4 67 509 14 1
244 4 68 509 14 1
245 4 69 509 14 1
246 4 70 509 14 1
247 4 71 509 14 1
248 4 72 509 14 1
249 4 73 509 14 1
250 4 74 509 14 1
251 4 75 509 14 1
252 4 76 509 14 1
253 4 77 509 14 1
254 4 80 509 14 1
255 4 81 509 14 1
256 4 82 509 14 1
257 4 83 509 14 1
258 4 84 509 14 1
259 4 85 509 14 1
260 4 86 509 14 1
261 4 87 509 14 1
262 4 88 509 14 1
263 4 89 509 14 1
264 4 90 509 14 1
265 4 91 509 14 1
266 4 92 509 14 1
267 4 93 509 14 1
268 4 94 509 14 1
269 4 95 509 14 1
270 4 96 509 14 1
271 4 97 509 14 1
272 4 98 509 14 1
273 4 99 509 14 1
274 4 100 509 14 1
275 4 101 509 14 1
276 4 102 509 14 1
277 4 103 509 14 1
278 4 104 509 14 1
279 4 105 509 14 1
280 4 106 509 14 1
281 4 107 509 14 1
282 4 108 509 14 1
283 4 109 509 14 1
284 4 110 509 14 1
285 4 111 509 14 1
286 4 112 509 14 1
287 4 113 509 14 1
288 4 114 509 14 1
289 4 115 509 14 1
290 4 116 509 14 1
291 4 117 509 14 1
292 4 118 509 14 1
293 4 119 509 14 1
294 4 120 509 14 1
295 4 121 509 14 1
296 4 122 509 14 1
297 4 123 509 14 1
298 4 124 509 14 1
299 4 125 509 14 1
300 4 126 509 14 1
301 5 64 509 14 1
302 5 65 509 14 1
303 5 66 509 14 1
304 5 67 509 14 1
305 5 68 509 14 1
306 5 69 509 14 1
307 5 70 509 14 1
308 5 71 509 14 1
309 5 72 509 14 1
310 5 73 509 14 1
311 5 74 509 14 1
312 5 75 509 14 1
313 5 76 509 14 1
314 5 77 509 14 1
315 5 80 509 14 1
316 5 81 509 14 1
317 5 82 509 14 1
318 5 83 509 14 1
319 5 84 509 14 1
320 5 85 509 14 1
321 5 86 509 14 1
322 5 87 509 14 1
323 5 88 509 14 1
324 5 89 509 14 1
325 5 90 509 14 1
326 5 91 509 14 1
327 5 92 509 14 1
328 5 93 509 14 1
329 5 94 509 14 1
330 5 95 509 14 1
331 5 96 509 14 1
332 5 97 509 14 1
333 5 98 509 14 1
334 5 99 509 14 1
335 5 100 509 14 1
336 5 101 509 14 1
337 5 102 509 14 1
338 5 103 509 14 1
339 5 104 509 14 1
340 5 105 509 14 1
341 5 106 509 14 1
342 5 107 509 14 1
343 5 108 509 14 1
344 5 109 509 14 1
345 5 110 509 14 1
346 5 111 509 14 1
347 5 112 509 14 1
348 5 113 509 14 1
349 5 114 509 14 1
350 5 115 509 14 1
351 5 116 509 14 1
352 5 117 509 14 1
353 5 118 509 14 1
354 5 119 509 14 1
355 5 120 509 14 1
356 5 121 509 14 1
357 5 122 509 14 1
358 5 123 509 14 1
359 5 124 509 14 1
360 5 125 509 14 1
361 5 126 509 14 1
362 6 64 509 14 1
363 6 65 509 14 1
364 6 66 509 14 1
365 6 67 509 14 1
366 6 68 509 14 1
367 6 69 509 14 1
368 6 70 509 14 1
369 6 71 509 14 1
370 6 72 509 14 1
371 6 73 509 14 1
372 6 74 509 14 1
373 6 75 509 14 1
374 6 76 509 14 1
375 6 77 509 14 1
376 6 80 509 14 1
377 6 81 509 14 1
378 6 82 509 14 1
379 6 83 509 14 1
380 6 84 509 14 1
381 6 85 509 14 1
382 6 86 509 14 1
383 6 87 509 14 1
384 6 88 509 14 1
385 6 89 509 14 1
386 6 90 509 14 1
387 6 91 509 14 1
388 6 92 509 14 1
389 6 93 509 14 1
390 6 94 509 14 1
391 6 95 509 14 1
392 6 96 509 14 1
393 6 97 509 14 1
394 6 98 509 14 1
395 6 99 509 14 1
396 6 100 509 14 1
397 6 101 509 14 1
398 6 102 509 14 1
399 6 103 509 14 1
400 6 104 509 14 1
401 6 105 509 14 1
402 6 106 509 14 1
403 6 107 509 14 1
404 6 108 509 14 1
405 6 109 509 14 1
406 6 110 509 14 1
407 6 111 509 14 1
408 6 112 509 14 1
409 6 113 509 14 1
410 6 114 509 14 1
411 6 115 509 14 1
412 6 116 509 14 1
413 6 117 509 14 1
414 6 118 509 14 1
415 6 119 509 14 1
416 6 120 509 14 1
417 6 121 509 14 1
418 6 122 509 14 1
419 6 123 509 14 1
420 6 124 509 14 1
421 6 125 509 14 1
422 6 126 509 14 1
423 7 64 509 14 1
424 7 65 509 14 1
425 7 66 509 14 1
426 7 67 509 14 1
427 7 68 509 14 1
428 7 69 509 14 1
429 7 70 509 14 1
430 7 71 509 14 1
431 7 72 509 14 1
432 7 73 509 14 1
433 7 74 509 14 1
434 7 75 509 14 1
435 7 76 509 14 1
436 7 77 509 14 1
437 7 80 509 14 1
438 7 81 509 14 1
439 7 82 509 14 1
440 7 83 509 14 1
441 7 84 509 14 1
442 7 85 509 14 1
443 7 86 509 14 1
444 7 87 509 14 1
445 7 88 509 14 1
446 7 89 509 14 1
447 7 90 509 14 1
448 7 91 509 14 1
449 7 92 509 14 1
450 7 93 509 14 1
451 7 94 509 14 1
452 7 95 509 14 1
453 7 96 509 14 1
454 7 97 509 14 1
455 7 98 509 14 1
456 7 99 509 14 1
457 7 100 509 14 1
458 7 101 509 14 1
459 7 102 509 14 1
460 7 103 509 14 1
461 7 104 509 14 1
462 7 105 509 14 1
463 7 106 509 14 1
464 7 107 509 14 1
465 7 108 509 14 1
466 7 109 509 14 1
467 7 110 509 14 1
468 7 111 509 14 1
469 7 112 509 14 1
470 7 113 509 14 1
471 7 114 509 14 1
472 7 115 509 14 1
473 7 116 509 14 1
474 7 117 509 14 1
475 7 118 509 14 1
476 7 119 509 14 1
477 7 120 509 14 1
478 7 121 509 14 1
479 7 122 509 14 1
480 7 123 509 14 1
481 7 124 509 14 1
482 7 125 509 14 1
483 7 126 509 14 1
484 8 64 509 14 1
485 8 65 509 14 1
486 8 66 509 14 1
487 8 67 509 14 1
488 8 68 509 14 1
489 8 69 509 14 1
490 8 70 509 14 1
491 8 71 509 14 1
492 8 72 509 14 1
493 8 73 509 14 1
494 8 74 509 14 1
495 8 75 509 14 1
496 8 76 509 14 1
497 8 77 509 14 1
498 8 80 509 14 1
499 8 81 509 14 1
500 8 82 509 14 1
501 8 83 509 14 1
502 8 84 509 14 1
503 8 85 509 14 1
504 8 86 509 14 1
505 8 87 509 14 1
506 8 88 509 14 1
507 8 89 509 14 1
508 8 90 509 14 1
509 8 91 509 14 1
510 8 92 509 14 1
511 8 93 509 14 1
512 8 94 509 14 1
513 8 95 509 14 1
514 8 96 509 14 1
515 8 97 509 14 1
516 8 98 509 14 1
517 8 99 509 14 1
518 8 100 509 14 1
519 8 101 509 14 1
520 8 102 509 14 1
521 8 103 509 14 1
522 8 104 509 14 1
523 8 105 509 14 1
524 8 106 509 14 1
525 8 107 509 14 1
526 8 108 509 14 1
527 8 109 509 14 1
528 8 110 509 14 1
529 8 111 509 14 1
530 8 112 509 14 1
531 8 113 509 14 1
532 8 114 509 14 1
533 8 115 509 14 1
534 8 116 509 14 1
535 8 117 509 14 1
536 8 118 509 14 1
537 8 119 509 14 1
538 8 120 509 14 1
539 8 121 509 14 1
540 8 122 509 14 1
541 8 123 509 14 1
542 8 124 509 14 1
543 8 125 509 14 1
544 8 126 509 14 1
545 9 64 509 14 1
546 9 65 509 14 1
547 9 66 509 14 1
548 9 67 509 14 1
549 9 68 509 14 1
550 9 69 509 14 1
551 9 70 509 14 1
552 9 71 509 14 1
553 9 72 509 14 1
554 9 73 509 14 1
555 9 74 509 14 1
556 9 75 509 14 1
557 9 76 509 14 1
558 9 77 509 14 1
559 9 80 509 14 1
560 9 81 509 14 1
561 9 82 509 14 1
562 9 83 509 14 1
563 9 84 509 14 1
564 9 85 509 14 1
565 9 86 509 14 1
566 9 87 509 14 1
567 9 88 509 14 1
568 9 89 509 14 1
569 9 90 509 14 1
570 9 91 509 14 1
571 9 92 509 14 1
572 9 93 509 14 1
573 9 94 509 14 1
574 9 95 509 14 1
575 9 96 509 14 1
576 9 97 509 14 1
577 9 98 509 14 1
578 9 99 509 14 1
579 9 100 509 14 1
580 9 101 509 14 1
581 9 102 509 14 1
582 9 103 509 14 1
583 9 104 509 14 1
584 9 105 509 14 1
585 9 106 509 14 1
586 9 107 509 14 1
587 9 108 509 14 1
588 9 109 509 14 1
589 9 110 509 14 1
590 9 111 509 14 1
591 9 112 509 14 1
592 9 113 509 14 1
593 9 114 509 14 1
594 9 115 509 14 1
595 9 116 509 14 1
596 9 117 509 14 1
597 9 118 509 14 1
598 9 119 509 14 1
599 9 120 509 14 1
600 9 121 509 14 1
601 9 122 509 14 1
602 9 123 509 14 1
603 9 124 509 14 1
604 9 125 509 14 1
605 9 126 509 14 1
606 10 64 509 14 1
607 10 65 509 14 1
608 10 66 509 14 1
609 10 67 509 14 1
610 10 68 509 14 1
611 10 69 509 14 1
612 10 70 509 14 1
613 10 71 509 14 1
614 10 72 509 14 1
615 10 73 509 14 1
616 10 74 509 14 1
617 10 75 509 14 1
618 10 76 509 14 1
619 10 77 509 14 1
620 10 80 509 14 1
621 10 81 509 14 1
622 10 82 509 14 1
623 10 83 509 14 1
624 10 84 509 14 1
625 10 85 509 14 1
626 10 86 509 14 1
627 10 87 509 14 1
628 10 88 509 14 1
629 10 89 509 14 1
630 10 90 509 14 1
631 10 91 509 14 1
632 10 92 509 14 1
633 10 93 509 14 1
634 10 94 509 14 1
635 10 95 509 14 1
636 10 96 509 14 1
637 10 97 509 14 1
638 10 98 509 14 1
639 10 99 509 14 1
640 10 100 509 14 1
641 10 101 509 14 1
642 10 102 509 14 1
643 10 103 509 14 1
644 10 104 509 14 1
645 10 105 509 14 1
646 10 106 509 14 1
647 10 107 509 14 1
648 10 108 509 14 1
649 10 109 509 14 1
650 10 110 509 14 1
651 10 111 509 14 1
652 10 112 509 14 1
653 10 113 509 14 1
654 10 114 509 14 1
655 10 115 509 14 1
656 10 116 509 14 1
657 10 117 509 14 1
658 10 118 509 14 1
659 10 119 509 14 1
660 10 120 509 14 1
661 10 121 509 14 1
662 10 122 509 14 1
663 10 123 509 14 1
664 10 124 509 14 1
665 10 125 509 14 1
666 10 126 509 14 1
667 11 64 509 14 1
668 11 65 509 14 1
669 11 66 509 14 1
670 11 67 509 14 1
671 11 68 509 14 1
672 11 69 509 14 1
673 11 70 509 14 1
674 11 71 509 14 1
675 11 72 509 14 1
676 11 73 509 14 1
677 11 74 509 14 1
678 11 75 509 14 1
679 11 76 509 14 1
680 11 77 509 14 1
681 11 80 509 14 1
682 11 81 509 14 1
683 11 82 509 14 1
684 11 83 509 14 1
685 11 84 509 14 1
686 11 85 509 14 1
687 11 86 509 14 1
688 11 87 509 14 1
689 11 88 509 14 1
690 11 89 509 14 1
691 11 90 509 14 1
692 11 91 509 14 1
693 11 92 509 14 1
694 11 93 509 14 1
695 11 94 509 14 1
696 11 95 509 14 1
697 11 96 509 14 1
698 11 97 509 14 1
699 11 98 509 14 1
700 11 99 509 14 1
701 11 100 509 14 1
702 11 101 509 14 1
703 11 102 509 14 1
704 11 103 509 14 1
705 11 104 509 14 1
706 11 105 509 14 1
707 11 106 509 14 1
708 11 107 509 14 1
709 11 108 509 14 1
710 11 109 509 14 1
711 11 110 509 14 1
712 11 111 509 14 1
713 11 112 509 14 1
714 11 113 509 14 1
715 11 114 509 14 1
716 11 115 509 14 1
717 11 116 509 14 1
718 11 117 509 14 1
719 11 118 509 14 1
720 11 119 509 14 1
721 11 120 509 14 1
722 11 121 509 14 1
723 11 122 509 14 1
724 11 123 509 14 1
725 11 124 509 14 1
726 11 125 509 14 1
727 11 126 509 14 1
728 12 64 509 14 1
729 12 65 509 14 1
730 12 66 509 14 1
731 12 67 509 14 1
732 12 68 509 14 1
733 12 69 509 14 1
734 12 70 509 14 1
735 12 71 509 14 1
736 12 72 509 14 1
737 12 73 509 14 1
738 12 74 509 14 1
739 12 75 509 14 1
740 12 76 509 14 1
741 12 77 509 14 1
742 12 80 509 14 1
743 12 81 509 14 1
744 12 82 509 14 1
745 12 83 509 14 1
746 12 84 509 14 1
747 12 85 509 14 1
748 12 86 509 14 1
749 12 87 509 14 1
750 12 88 509 14 1
751 12 89 509 14 1
752 12 90 509 14 1
753 12 91 509 14 1
754 12 92 509 14 1
755 12 93 509 14 1
756 12 94 509 14 1
757 12 95 509 14 1
758 12 96 509 14 1
759 12 97 509 14 1
760 12 98 509 14 1
761 12 99 509 14 1
762 12 100 509 14 1
763 12 101 509 14 1
764 12 102 509 14 1
765 12 103 509 14 1
766 12 104 509 14 1
767 12 105 509 14 1
768 12 106 509 14 1
769 12 107 509 14 1
770 12 108 509 14 1
771 12 109 509 14 1
772 12 110 509 14 1
773 12 111 509 14 1
774 12 112 509 14 1
775 12 113 509 14 1
776 12 114 509 14 1
777 12 115 509 14 1
778 12 116 509 14 1
779 12 117 509 14 1
780 12 118 509 14 1
781 12 119 509 14 1
782 12 120 509 14 1
783 12 121 509 14 1
784 12 122 509 14 1
785 12 123 509 14 1
786 12 124 509 14 1
787 12 125 509 14 1
788 12 126 509 14 1
789 13 64 509 14 1
790 13 65 509 14 1
791 13 66 509 14 1
792 13 67 509 14 1
793 13 68 509 14 1
794 13 69 509 14 1
795 13 70 509 14 1
796 13 71 509 14 1
797 13 72 509 14 1
798 13 73 509 14 1
799 13 74 509 14 1
800 13 75 509 14 1
801 13 76 509 14 1
802 13 77 509 14 1
803 13 80 509 14 1
804 13 81 509 14 1
805 13 82 509 14 1
806 13 83 509 14 1
807 13 84 509 14 1
808 13 85 509 14 1
809 13 86 509 14 1
810 13 87 509 14 1
811 13 88 509 14 1
812 13 89 509 14 1
813 13 90 509 14 1
814 13 91 509 14 1
815 13 92 509 14 1
816 13 93 509 14 1
817 13 94 509 14 1
818 13 95 509 14 1
819 13 96 509 14 1
820 13 97 509 14 1
821 13 98 509 14 1
822 13 99 509 14 1
823 13 100 509 14 1
824 13 101 509 14 1
825 13 102 509 14 1
826 13 103 509 14 1
827 13 104 509 14 1
828 13 105 509 14 1
829 13 106 509 14 1
830 13 107 509 14 1
831 13 108 509 14 1
832 13 109 509 14 1
833 13 110 509 14 1
834 13 111 509 14 1
835 13 112 509 14 1
836 13 113 509 14 1
837 13 114 509 14 1
838 13 115 509 14 1
839 13 116 509 14 1
840 13 117 509 14 1
841 13 118 509 14 1
842 13 119 509 14 1
843 13 120 509 14 1
844 13 121 509 14 1
845 13 122 509 14 1
846 13 123 509 14 1
847 13 124 509 14 1
848 13 125 509 14 1
849 13 126 509 14 1
850 14 64 509 14 1
851 14 65 509 14 1
852 14 66 509 14 1
853 14 67 509 14 1
854 14 68 509 14 1
855 14 69 509 14 1
856 14 70 509 14 1
857 14 71 509 14 1
858 14 72 509 14 1
859 14 73 509 14 1
860 14 74 509 14 1
861 14 75 509 14 1
862 14 76 509 14 1
863 14 77 509 14 1
864 14 80 509 14 1
865 14 81 509 14 1
866 14 82 509 14 1
867 14 83 509 14 1
868 14 84 509 14 1
869 14 85 509 14 1
870 14 86 509 14 1
871 14 87 509 14 1
872 14 88 509 14 1
873 14 89 509 14 1
874 14 90 509 14 1
875 14 91 509 14 1
876 14 92 509 14 1
877 14 93 509 14 1
878 14 94 509 14 1
879 14 95 509 14 1
880 14 96 509 14 1
881 14 97 509 14 1
882 14 98 509 14 1
883 14 99 509 14 1
884 14 100 509 14 1
885 14 101 509 14 1
886 14 102 509 14 1
887 14 103 509 14 1
888 14 104 509 14 1
889 14 105 509 14 1
890 14 106 509 14 1
891 14 107 509 14 1
892 14 108 509 14 1
893 14 109 509 14 1
894 14 110 509 14 1
895 14 111 509 14 1
896 14 112 509 14 1
897 14 113 509 14 1
898 14 114 509 14 1
899 14 115 509 14 1
900 14 116 509 14 1
901 14 117 509 14 1
902 14 118 509 14 1
903 14 119 509 14 1
904 14 120 509 14 1
905 14 121 509 14 1
906 14 122 509 14 1
907 14 123 509 14 1
908 14 124 509 14 1
909 14 125 509 14 1
910 14 126 509 14 1
911 15 64 509 14 1
912 15 65 509 14 1
913 15 66 509 14 1
914 15 67 509 14 1
915 15 68 509 14 1
916 15 69 509 14 1
917 15 70 509 14 1
918 15 71 509 14 1
919 15 72 509 14 1
920 15 73 509 14 1
921 15 74 509 14 1
922 15 75 509 14 1
923 15 76 509 14 1
924 15 77 509 14 1
925 15 80 509 14 1
926 15 81 509 14 1
927 15 82 509 14 1
928 15 83 509 14 1
929 15 84 509 14 1
930 15 85 509 14 1
931 15 86 509 14 1
932 15 87 509 14 1
933 15 88 509 14 1
934 15 89 509 14 1
935 15 90 509 14 1
936 15 91 509 14 1
937 15 92 509 14 1
938 15 93 509 14 1
939 15 94 509 14 1
940 15 95 509 14 1
941 15 96 509 14 1
942 15 97 509 14 1
943 15 98 509 14 1
944 15 99 509 14 1
945 15 100 509 14 1
946 15 101 509 14 1
947 15 102 509 14 1
948 15 103 509 14 1
949 15 104 509 14 1
950 15 105 509 14 1
951 15 106 509 14 1
952 15 107 509 14 1
953 15 108 509 14 1
954 15 109 509 14 1
955 15 110 509 14 1
956 15 111 509 14 1
957 15 112 509 14 1
958 15 113 509 14 1
959 15 114 509 14 1
960 15 115 509 14 1
961 15 116 509 14 1
962 15 117 509 14 1
963 15 118 509 14 1
964 15 119 509 14 1
965 15 120 509 14 1
966 15 121 509 14 1
967 15 122 509 14 1
968 15 123 509 14 1
969 15 124 509 14 1
970 15 125 509 14 1
971 15 126 509 14 1
972 16 64 509 14 1
973 16 65 509 14 1
974 16 66 509 14 1
975 16 67 509 14 1
976 16 68 509 14 1
977 16 69 509 14 1
978 16 70 509 14 1
979 16 71 509 14 1
980 16 72 509 14 1
981 16 73 509 14 1
982 16 74 509 14 1
983 16 75 509 14 1
984 16 76 509 14 1
985 16 77 509 14 1
986 16 80 509 14 1
987 16 81 509 14 1
988 16 82 509 14 1
989 16 83 509 14 1
990 16 84 509 14 1
991 16 85 509 14 1
992 16 86 509 14 1
993 16 87 509 14 1
994 16 88 509 14 1
995 16 89 509 14 1
996 16 90 509 14 1
997 16 91 509 14 1
998 16 92 509 14 1
999 16 93 509 14 1
1000 16 94 509 14 1
1001 16 95 509 14 1
1002 16 96 509 14 1
1003 16 97 509 14 1
1004 16 98 509 14 1
1005 16 99 509 14 1
1006 16 100 509 14 1
1007 16 101 509 14 1
1008 16 102 509 14 1
1009 16 103 509 14 1
1010 16 104 509 14 1
1011 16 105 509 14 1
1012 16 106 509 14 1
1013 16 107 509 14 1
1014 16 108 509 14 1
1015 16 109 509 14 1
1016 16 110 509 14 1
1017 16 111 509 14 1
1018 16 112 509 14 1
1019 16 113 509 14 1
1020 16 114 509 14 1
1021 16 115 509 14 1
1022 16 116 509 14 1
1023 16 117 509 14 1
1024 16 118 509 14 1
1025 16 119 509 14 1
1026 16 120 509 14 1
1027 16 121 509 14 1
1028 16 122 509 14 1
1029 16 123 509 14 1
1030 16 124 509 14 1
1031 16 125 509 14 1
1032 16 126 509 14 1
1033 17 64 509 14 1
1034 17 65 509 14 1
1035 17 66 509 14 1
1036 17 67 509 14 1
1037 17 68 509 14 1
1038 17 69 509 14 1
1039 17 70 509 14 1
1040 17 71 509 14 1
1041 17 72 509 14 1
1042 17 73 509 14 1
1043 17 74 509 14 1
1044 17 75 509 14 1
1045 17 76 509 14 1
1046 17 77 509 14 1
1047 17 80 509 14 1
1048 17 81 509 14 1
1049 17 82 509 14 1
1050 17 83 509 14 1
1051 17 84 509 14 1
1052 17 85 509 14 1
1053 17 86 509 14 1
1054 17 87 509 14 1
1055 17 88 509 14 1
1056 17 89 509 14 1
1057 17 90 509 14 1
1058 17 91 509 14 1
1059 17 92 509 14 1
1060 17 93 509 14 1
1061 17 94 509 14 1
1062 17 95 509 14 1
1063 17 96 509 14 1
1064 17 97 509 14 1
1065 17 98 509 14 1
1066 17 99 509 14 1
1067 17 100 509 14 1
1068 17 101 509 14 1
1069 17 102 509 14 1
1070 17 103 509 14 1
1071 17 104 509 14 1
1072 17 105 509 14 1
1073 17 106 509 14 1
1074 17 107 509 14 1
1075 17 108 509 14 1
1076 17 109 509 14 1
1077 17 110 509 14 1
1078 17 111 509 14 1
1079 17 112 509 14 1
1080 17 113 509 14 1
1081 17 114 509 14 1
1082 17 115 509 14 1
1083 17 116 509 14 1
1084 17 117 509 14 1
1085 17 118 509 14 1
1086 17 119 509 14 1
1087 17 120 509 14 1
1088 17 121 509 14 1
1089 17 122 509 14 1
1090 17 123 509 14 1
1091 17 124 509 14 1
1092 17 125 509 14 1
1093 17 126 509 14 1
1094 18 64 509 14 1
1095 18 65 509 14 1
1096 18 66 509 14 1
1097 18 67 509 14 1
1098 18 68 509 14 1
1099 18 69 509 14 1
1100 18 70 509 14 1
1101 18 71 509 14 1
1102 18 72 509 14 1
1103 18 73 509 14 1
1104 18 74 509 14 1
1105 18 75 509 14 1
1106 18 76 509 14 1
1107 18 77 509 14 1
1108 18 80 509 14 1
1109 18 81 509 14 1
1110 18 82 509 14 1
1111 18 83 509 14 1
1112 18 84 509 14 1
1113 18 85 509 14 1
1114 18 86 509 14 1
1115 18 87 509 14 1
1116 18 88 509 14 1
1117 18 89 509 14 1
1118 18 90 509 14 1
1119 18 91 509 14 1
1120 18 92 509 14 1
1121 18 93 509 14 1
1122 18 94 509 14 1
1123 18 95 509 14 1
1124 18 96 509 14 1
1125 18 97 509 14 1
1126 18 98 509 14 1
1127 18 99 509 14 1
1128 18 100 509 14 1
1129 18 101 509 14 1
1130 18 102 509 14 1
1131 18 103 509 14 1
1132 18 104 509 14 1
1133 18 105 509 14 1
1134 18 106 509 14 1
1135 18 107 509 14 1
1136 18 108 509 14 1
1137 18 109 509 14 1
1138 18 110 509 14 1
1139 18 111 509 14 1
1140 18 112 509 14 1
1141 18 113 509 14 1
1142 18 114 509 14 1
1143 18 115 509 14 1
1144 18 116 509 14 1
1145 18 117 509 14 1
1146 18 118 509 14 1
1147 18 119 509 14 1
1148 18 120 509 14 1
1149 18 121 509 14 1
1150 18 122 509 14 1
1151 18 123 509 14 1
1152 18 124 509 14 1
1153 18 125 509 14 1
1154 18 126 509 14 1
1155 19 64 509 14 1
1156 19 65 509 14 1
1157 19 66 509 14 1
1158 19 67 509 14 1
1159 19 68 509 14 1
1160 19 69 509 14 1
1161 19 70 509 14 1
1162 19 71 509 14 1
1163 19 72 509 14 1
1164 19 73 509 14 1
1165 19 74 509 14 1
1166 19 75 509 14 1
1167 19 76 509 14 1
1168 19 77 509 14 1
1169 19 80 509 14 1
1170 19 81 509 14 1
1171 19 82 509 14 1
1172 19 83 509 14 1
1173 19 84 509 14 1
1174 19 85 509 14 1
1175 19 86 509 14 1
1176 19 87 509 14 1
1177 19 88 509 14 1
1178 19 89 509 14 1
1179 19 90 509 14 1
1180 19 91 509 14 1
1181 19 92 509 14 1
1182 19 93 509 14 1
1183 19 94 509 14 1
1184 19 95 509 14 1
1185 19 96 509 14 1
1186 19 97 509 14 1
1187 19 98 509 14 1
1188 19 99 509 14 1
1189 19 100 509 14 1
1190 19 101 509 14 1
1191 19 102 509 14 1
1192 19 103 509 14 1
1193 19 104 509 14 1
1194 19 105 509 14 1
1195 19 106 509 14 1
1196 19 107 509 14 1
1197 19 108 509 14 1
1198 19 109 509 14 1
1199 19 110 509 14 1
1200 19 111 509 14 1
1201 19 112 509 14 1
1202 19 113 509 14 1
1203 19 114 509 14 1
1204 19 115 509 14 1
1205 19 116 509 14 1
1206 19 117 509 14 1
1207 19 118 509 14 1
1208 19 119 509 14 1
1209 19 120 509 14 1
1210 19 121 509 14 1
1211 19 122 509 14 1
1212 19 123 509 14 1
1213 19 124 509 14 1
1214 19 125 509 14 1
1215 19 126 509 14 1
1216 20 64 509 14 1
1217 20 65 509 14 1
1218 20 66 509 14 1
1219 20 67 509 14 1
1220 20 68 509 14 1
1221 20 69 509 14 1
1222 20 70 509 14 1
1223 20 71 509 14 1
1224 20 72 509 14 1
1225 20 73 509 14 1
1226 20 74 509 14 1
1227 20 75 509 14 1
1228 20 76 509 14 1
1229 20 77 509 14 1
1230 20 80 509 14 1
1231 20 81 509 14 1
1232 20 82 509 14 1
1233 20 83 509 14 1
1234 20 84 509 14 1
1235 20 85 509 14 1
1236 20 86 509 14 1
1237 20 87 509 14 1
1238 20 88 509 14 1
1239 20 89 509 14 1
1240 20 90 509 14 1
1241 20 91 509 14 1
1242 20 92 509 14 1
1243 20 93 509 14 1
1244 20 94 509 14 1
1245 20 95 509 14 1
1246 20 96 509 14 1
1247 20 97 509 14 1
1248 20 98 509 14 1
1249 20 99 509 14 1
1250 20 100 509 14 1
1251 20 101 509 14 1
1252 20 102 509 14 1
1253 20 103 509 14 1
1254 20 104 509 14 1
1255 20 105 509 14 1
1256 20 106 509 14 1
1257 20 107 509 14 1
1258 20 108 509 14 1
1259 20 109 509 14 1
1260 20 110 509 14 1
1261 20 111 509 14 1
1262 20 112 509 14 1
1263 20 113 509 14 1
1264 20 114 509 14 1
1265 20 115 509 14 1
1266 20 116 509 14 1
1267 20 117 509 14 1
1268 20 118 509 14 1
1269 20 119 509 14 1
1270 20 120 509 14 1
1271 20 121 509 14 1
1272 20 122 509 14 1
1273 20 123 509 14 1
1274 20 124 509 14 1
1275 20 125 509 14 1
1276 20 126 509 14 1
1277 21 64 509 14 1
1278 21 65 509 14 1
1279 21 66 509 14 1
1280 21 67 509 14 1
1281 21 68 509 14 1
1282 21 69 509 14 1
1283 21 70 509 14 1
1284 21 71 509 14 1
1285 21 72 509 14 1
1286 21 73 509 14 1
1287 21 74 509 14 1
1288 21 75 509 14 1
1289 21 76 509 14 1
1290 21 77 509 14 1
1291 21 80 509 14 1
1292 21 81 509 14 1
1293 21 82 509 14 1
1294 21 83 509 14 1
1295 21 84 509 14 1
1296 21 85 509 14 1
1297 21 86 509 14 1
1298 21 87 509 14 1
1299 21 88 509 14 1
1300 21 89 509 14 1
1301 21 90 509 14 1
1302 21 91 509 14 1
1303 21 92 509 14 1
1304 21 93 509 14 1
1305 21 94 509 14 1
1306 21 95 509 14 1
1307 21 96 509 14 1
1308 21 97 509 14 1
1309 21 98 509 14 1
1310 21 99 509 14 1
1311 21 100 509 14 1
1312 21 101 509 14 1
1313 21 102 509 14 1
1314 21 103 509 14 1
1315 21 104 509 14 1
1316 21 105 509 14 1
1317 21 106 509 14 1
1318 21 107 509 14 1
1319 21 108 509 14 1
1320 21 109 509 14 1
1321 21 110 509 14 1
1322 21 111 509 14 1
1323 21 112 509 14 1
1324 21 113 509 14 1
1325 21 114 509 14 1
1326 21 115 509 14 1
1327 21 116 509 14 1
1328 21 117 509 14 1
1329 21 118 509 14 1
1330 21 119 509 14 1
1331 21 120 509 14 1
1332 21 121 509 14 1
1333 21 122 509 14 1
1334 21 123 509 14 1
1335 21 124 509 14 1
1336 21 125 509 14 1
1337 21 126 509 14 1
1338 22 64 509 14 1
1339 22 65 509 14 1
1340 22 66 509 14 1
1341 22 67 509 14 1
1342 22 68 509 14 1
1343 22 69 509 14 1
1344 22 70 509 14 1
1345 22 71 509 14 1
1346 22 72 509 14 1
1347 22 73 509 14 1
1348 22 74 509 14 1
1349 22 75 509 14 1
1350 22 76 509 14 1
1351 22 77 509 14 1
1352 22 80 509 14 1
1353 22 81 509 14 1
1354 22 82 509 14 1
1355 22 83 509 14 1
1356 22 84 509 14 1
1357 22 85 509 14 1
1358 22 86 509 14 1
1359 22 87 509 14 1
1360 22 88 509 14 1
1361 22 89 509 14 1
1362 22 90 509 14 1
1363 22 91 509 14 1
1364 22 92 509 14 1
1365 22 93 509 14 1
1366 22 94 509 14 1
1367 22 95 509 14 1
1368 22 96 509 14 1
1369 22 97 509 14 1
1370 22 98 509 14 1
1371 22 99 509 14 1
1372 22 100 509 14 1
1373 22 101 509 14 1
1374 22 102 509 14 1
1375 22 103 509 14 1
1376 22 104 509 14 1
1377 22 105 509 14 1
1378 22 106 509 14 1
1379 22 107 509 14 1
1380 22 108 509 14 1
1381 22 109 509 14 1
1382 22 110 509 14 1
1383 22 111 509 14 1
1384 22 112 509 14 1
1385 22 113 509 14 1
1386 22 114 509 14 1
1387 22 115 509 14 1
1388 22 116 509 14 1
1389 22 117 509 14 1
1390 22 118 509 14 1
1391 22 119 509 14 1
1392 22 120 509 14 1
1393 22 121 509 14 1
1394 22 122 509 14 1
1395 22 123 509 14 1
1396 22 124 509 14 1
1397 22 125 509 14 1
1398 22 126 509 14 1
1399 23 64 509 14 1
1400 23 65 509 14 1
1401 23 66 509 14 1
1402 23 67 509 14 1
1403 23 68 509 14 1
1404 23 69 509 14 1
1405 23 70 509 14 1
1406 23 71 509 14 1
1407 23 72 509 14 1
1408 23 73 509 14 1
1409 23 74 509 14 1
1410 23 75 509 14 1
1411 23 76 509 14 1
1412 23 77 509 14 1
1413 23 80 509 14 1
1414 23 81 509 14 1
1415 23 82 509 14 1
1416 23 83 509 14 1
1417 23 84 509 14 1
1418 23 85 509 14 1
1419 23 86 509 14 1
1420 23 87 509 14 1
1421 23 88 509 14 1
1422 23 89 509 14 1
1423 23 90 509 14 1
1424 23 91 509 14 1
1425 23 92 509 14 1
1426 23 93 509 14 1
1427 23 94 509 14 1
1428 23 95 509 14 1
1429 23 96 509 14 1
1430 23 97 509 14 1
1431 23 98 509 14 1
1432 23 99 509 14 1
1433 23 100 509 14 1
1434 23 101 509 14 1
1435 23 102 509 14 1
1436 23 103 509 14 1
1437 23 104 509 14 1
1438 23 105 509 14 1
1439 23 106 509 14 1
1440 23 107 509 14 1
1441 23 108 509 14 1
1442 23 109 509 14 1
1443 23 110 509 14 1
1444 23 111 509 14 1
1445 23 112 509 14 1
1446 23 113 509 14 1
1447 23 114 509 14 1
1448 23 115 509 14 1
1449 23 116 509 14 1
1450 23 117 509 14 1
1451 23 118 509 14 1
1452 23 119 509 14 1
1453 23 120 509 14 1
1454 23 121 509 14 1
1455 23 122 509 14 1
1456 23 123 509 14 1
1457 23 124 509 14 1
1458 23 125 509 14 1
1459 23 126 509 14 1
1460 24 64 509 14 1
1461 24 65 509 14 1
1462 24 66 509 14 1
1463 24 67 509 14 1
1464 24 68 509 14 1
1465 24 69 509 14 1
1466 24 70 509 14 1
1467 24 71 509 14 1
1468 24 72 509 14 1
1469 24 73 509 14 1
1470 24 74 509 14 1
1471 24 75 509 14 1
1472 24 76 509 14 1
1473 24 77 509 14 1
1474 24 80 509 14 1
1475 24 81 509 14 1
1476 24 82 509 14 1
1477 24 83 509 14 1
1478 24 84 509 14 1
1479 24 85 509 14 1
1480 24 86 509 14 1
1481 24 87 509 14 1
1482 24 88 509 14 1
1483 24 89 509 14 1
1484 24 90 509 14 1
1485 24 91 509 14 1
1486 24 92 509 14 1
1487 24 93 509 14 1
1488 24 94 509 14 1
1489 24 95 509 14 1
1490 24 96 509 14 1
1491 24 97 509 14 1
1492 24 98 509 14 1
1493 24 99 509 14 1
1494 24 100 509 14 1
1495 24 101 509 14 1
1496 24 102 509 14 1
1497 24 103 509 14 1
1498 24 104 509 14 1
1499 24 105 509 14 1
1500 24 106 509 14 1
1501 24 107 509 14 1
1502 24 108 509 14 1
1503 24 109 509 14 1
1504 24 110 509 14 1
1505 24 111 509 14 1
1506 24 112 509 14 1
1507 24 113 509 14 1
1508 24 114 509 14 1
1509 24 115 509 14 1
1510 24 116 509 14 1
1511 24 117 509 14 1
1512 24 118 509 14 1
1513 24 119 509 14 1
1514 24 120 509 14 1
1515 24 121 509 14 1
1516 24 122 509 14 1
1517 24 123 509 14 1
1518 24 124 509 14 1
1519 24 125 509 14 1
1520 24 126 509 14 1
1521 25 64 509 14 1
1522 25 65 509 14 1
1523 25 66 509 14 1
1524 25 67 509 14 1
1525 25 68 509 14 1
1526 25 69 509 14 1
1527 25 70 509 14 1
1528 25 71 509 14 1
1529 25 72 509 14 1
1530 25 73 509 14 1
1531 25 74 509 14 1
1532 25 75 509 14 1
1533 25 76 509 14 1
1534 25 77 509 14 1
1535 25 80 509 14 1
1536 25 81 509 14 1
1537 25 82 509 14 1
1538 25 83 509 14 1
1539 25 84 509 14 1
1540 25 85 509 14 1
1541 25 86 509 14 1
1542 25 87 509 14 1
1543 25 88 509 14 1
1544 25 89 509 14 1
1545 25 90 509 14 1
1546 25 91 509 14 1
1547 25 92 509 14 1
1548 25 93 509 14 1
1549 25 94 509 14 1
1550 25 95 509 14 1
1551 25 96 509 14 1
1552 25 97 509 14 1
1553 25 98 509 14 1
1554 25 99 509 14 1
1555 25 100 509 14 1
1556 25 101 509 14 1
1557 25 102 509 14 1
1558 25 103 509 14 1
1559 25 104 509 14 1
1560 25 105 509 14 1
1561 25 106 509 14 1
1562 25 107 509 14 1
1563 25 108 509 14 1
1564 25 109 509 14 1
1565 25 110 509 14 1
1566 25 111 509 14 1
1567 25 112 509 14 1
1568 25 113 509 14 1
1569 25 114 509 14 1
1570 25 115 509 14 1
1571 25 116 509 14 1
1572 25 117 509 14 1
1573 25 118 509 14 1
1574 25 119 509 14 1
1575 25 120 509 14 1
1576 25 121 509 14 1
1577 25 122 509 14 1
1578 25 123 509 14 1
1579 25 124 509 14 1
1580 25 125 509 14 1
1581 25 126 509 14 1
1582 26 64 509 14 1
1583 26 65 509 14 1
1584 26 66 509 14 1
1585 26 67 509 14 1
1586 26 68 509 14 1
1587 26 69 509 14 1
1588 26 70 509 14 1
1589 26 71 509 14 1
1590 26 72 509 14 1
1591 26 73 509 14 1
1592 26 74 509 14 1
1593 26 75 509 14 1
1594 26 76 509 14 1
1595 26 77 509 14 1
1596 26 80 509 14 1
1597 26 81 509 14 1
1598 26 82 509 14 1
1599 26 83 509 14 1
1600 26 84 509 14 1
1601 26 85 509 14 1
1602 26 86 509 14 1
1603 26 87 509 14 1
1604 26 88 509 14 1
1605 26 89 509 14 1
1606 26 90 509 14 1
1607 26 91 509 14 1
1608 26 92 509 14 1
1609 26 93 509 14 1
1610 26 94 509 14 1
1611 26 95 509 14 1
1612 26 96 509 14 1
1613 26 97 509 14 1
1614 26 98 509 14 1
1615 26 99 509 14 1
1616 26 100 509 14 1
1617 26 101 509 14 1
1618 26 102 509 14 1
1619 26 103 509 14 1
1620 26 104 509 14 1
1621 26 105 509 14 1
1622 26 106 509 14 1
1623 26 107 509 14 1
1624 26 108 509 14 1
1625 26 109 509 14 1
1626 26 110 509 14 1
1627 26 111 509 14 1
1628 26 112 509 14 1
1629 26 113 509 14 1
1630 26 114 509 14 1
1631 26 115 509 14 1
1632 26 116 509 14 1
1633 26 117 509 14 1
1634 26 118 509 14 1
1635 26 119 509 14 1
1636 26 120 509 14 1
1637 26 121 509 14 1
1638 26 122 509 14 1
1639 26 123 509 14 1
1640 26 124 509 14 1
1641 26 125 509 14 1
1642 26 126 509 14 1
1643 27 64 509 14 1
1644 27 65 509 14 1
1645 27 66 509 14 1
1646 27 67 509 14 1
1647 27 68 509 14 1
1648 27 69 509 14 1
1649 27 70 509 14 1
1650 27 71 509 14 1
1651 27 72 509 14 1
1652 27 73 509 14 1
1653 27 74 509 14 1
1654 27 75 509 14 1
1655 27 76 509 14 1
1656 27 77 509 14 1
1657 27 80 509 14 1
1658 27 81 509 14 1
1659 27 82 509 14 1
1660 27 83 509 14 1
1661 27 84 509 14 1
1662 27 85 509 14 1
1663 27 86 509 14 1
1664 27 87 509 14 1
1665 27 88 509 14 1
1666 27 89 509 14 1
1667 27 90 509 14 1
1668 27 91 509 14 1
1669 27 92 509 14 1
1670 27 93 509 14 1
1671 27 94 509 14 1
1672 27 95 509 14 1
1673 27 96 509 14 1
1674 27 97 509 14 1
1675 27 98 509 14 1
1676 27 99 509 14 1
1677 27 100 509 14 1
1678 27 101 509 14 1
1679 27 102 509 14 1
1680 27 103 509 14 1
1681 27 104 509 14 1
1682 27 105 509 14 1
1683 27 106 509 14 1
1684 27 107 509 14 1
1685 27 108 509 14 1
1686 27 109 509 14 1
1687 27 110 509 14 1
1688 27 111 509 14 1
1689 27 112 509 14 1
1690 27 113 509 14 1
1691 27 114 509 14 1
1692 27 115 509 14 1
1693 27 116 509 14 1
1694 27 117 509 14 1
1695 27 118 509 14 1
1696 27 119 509 14 1
1697 27 120 509 14 1
1698 27 121 509 14 1
1699 27 122 509 14 1
1700 27 123 509 14 1
1701 27 124 509 14 1
1702 27 125 509 14 1
1703 27 126 509 14 1
1704 28 64 509 14 1
1705 28 65 509 14 1
1706 28 66 509 14 1
1707 28 67 509 14 1
1708 28 68 509 14 1
1709 28 69 509 14 1
1710 28 70 509 14 1
1711 28 71 509 14 1
1712 28 72 509 14 1
1713 28 73 509 14 1
1714 28 74 509 14 1
1715 28 75 509 14 1
1716 28 76 509 14 1
1717 28 77 509 14 1
1718 28 80 509 14 1
1719 28 81 509 14 1
1720 28 82 509 14 1
1721 28 83 509 14 1
1722 28 84 509 14 1
1723 28 85 509 14 1
1724 28 86 509 14 1
1725 28 87 509 14 1
1726 28 88 509 14 1
1727 28 89 509 14 1
1728 28 90 509 14 1
1729 28 91 509 14 1
1730 28 92 509 14 1
1731 28 93 509 14 1
1732 28 94 509 14 1
1733 28 95 509 14 1
1734 28 96 509 14 1
1735 28 97 509 14 1
1736 28 98 509 14 1
1737 28 99 509 14 1
1738 28 100 509 14 1
1739 28 101 509 14 1
1740 28 102 509 14 1
1741 28 103 509 14 1
1742 28 104 509 14 1
1743 28 105 509 14 1
1744 28 106 509 14 1
1745 28 107 509 14 1
1746 28 108 509 14 1
1747 28 109 509 14 1
1748 28 110 509 14 1
1749 28 111 509 14 1
1750 28 112 509 14 1
1751 28 113 509 14 1
1752 28 114 509 14 1
1753 28 115 509 14 1
1754 28 116 509 14 1
1755 28 117 509 14 1
1756 28 118 509 14 1
1757 28 119 509 14 1
1758 28 120 509 14 1
1759 28 121 509 14 1
1760 28 122 509 14 1
1761 28 123 509 14 1
1762 28 124 509 14 1
1763 28 125 509 14 1
1764 28 126 509 14 1
1765 29 64 509 14 1
1766 29 65 509 14 1
1767 29 66 509 14 1
1768 29 67 509 14 1
1769 29 68 509 14 1
1770 29 69 509 14 1
1771 29 70 509 14 1
1772 29 71 509 14 1
1773 29 72 509 14 1
1774 29 73 509 14 1
1775 29 74 509 14 1
1776 29 75 509 14 1
1777 29 76 509 14 1
1778 29 77 509 14 1
1779 29 80 509 14 1
1780 29 81 509 14 1
1781 29 82 509 14 1
1782 29 83 509 14 1
1783 29 84 509 14 1
1784 29 85 509 14 1
1785 29 86 509 14 1
1786 29 87 509 14 1
1787 29 88 509 14 1
1788 29 89 509 14 1
1789 29 90 509 14 1
1790 29 91 509 14 1
1791 29 92 509 14 1
1792 29 93 509 14 1
1793 29 94 509 14 1
1794 29 95 509 14 1
1795 29 96 509 14 1
1796 29 97 509 14 1
1797 29 98 509 14 1
1798 29 99 509 14 1
1799 29 100 509 14 1
1800 29 101 509 14 1
1801 29 102 509 14 1
1802 29 103 509 14 1
1803 29 104 509 14 1
1804 29 105 509 14 1
1805 29 106 509 14 1
1806 29 107 509 14 1
1807 29 108 509 14 1
1808 29 109 509 14 1
1809 29 110 509 14 1
1810 29 111 509 14 1
1811 29 112 509 14 1
1812 29 113 509 14 1
1813 29 114 509 14 1
1814 29 115 509 14 1
1815 29 116 509 14 1
1816 29 117 509 14 1
1817 29 118 509 14 1
1818 29 119 509 14 1
1819 29 120 509 14 1
1820 29 121 509 14 1
1821 29 122 509 14 1
1822 29 123 509 14 1
1823 29 124 509 14 1
1824 29 125 509 14 1
1825 29 126 509 14 1
1826 30 64 509 14 1
1827 30 65 509 14 1
1828 30 66 509 14 1
1829 30 67 509 14 1
1830 30 68 509 14 1
1831 30 69 509 14 1
1832 30 70 509 14 1
1833 30 71 509 14 1
1834 30 72 509 14 1
1835 30 73 509 14 1
1836 30 74 509 14 1
1837 30 75 509 14 1
1838 30 76 509 14 1
1839 30 77 509 14 1
1840 30 80 509 14 1
1841 30 81 509 14 1
1842 30 82 509 14 1
1843 30 83 509 14 1
1844 30 84 509 14 1
1845 30 85 509 14 1
1846 30 86 509 14 1
1847 30 87 509 14 1
1848 30 88 509 14 1
1849 30 89 509 14 1
1850 30 90 509 14 1
1851 30 91 509 14 1
1852 30 92 509 14 1
1853 30 93 509 14 1
1854 30 94 509 14 1
1855 30 95 509 14 1
1856 30 96 509 14 1
1857 30 97 509 14 1
1858 30 98 509 14 1
1859 30 99 509 14 1
1860 30 100 509 14 1
1861 30 101 509 14 1
1862 30 102 509 14 1
1863 30 103 509 14 1
1864 30 104 509 14 1
1865 30 105 509 14 1
1866 30 106 509 14 1
1867 30 107 509 14 1
1868 30 108 509 14 1
1869 30 109 509 14 1
1870 30 110 509 14 1
1871 30 111 509 14 1
1872 30 112 509 14 1
1873 30 113 509 14 1
1874 30 114 509 14 1
1875 30 115 509 14 1
1876 30 116 509 14 1
1877 30 117 509 14 1
1878 30 118 509 14 1
1879 30 119 509 14 1
1880 30 120 509 14 1
1881 30 121 509 14 1
1882 30 122 509 14 1
1883 30 123 509 14 1
1884 30 124 509 14 1
1885 30 125 509 14 1
1886 30 126 509 14 1
1887 31 64 509 14 1
1888 31 65 509 14 1
1889 31 66 509 14 1
1890 31 67 509 14 1
1891 31 68 509 14 1
1892 31 69 509 14 1
1893 31 70 509 14 1
1894 31 71 509 14 1
1895 31 72 509 14 1
1896 31 73 509 14 1
1897 31 74 509 14 1
1898 31 75 509 14 1
1899 31 76 509 14 1
1900 31 77 509 14 1
1901 31 80 509 14 1
1902 31 81 509 14 1
1903 31 82 509 14 1
1904 31 83 509 14 1
1905 31 84 509 14 1
1906 31 85 509 14 1
1907 31 86 509 14 1
1908 31 87 509 14 1
1909 31 88 509 14 1
1910 31 89 509 14 1
1911 31 90 509 14 1
1912 31 91 509 14 1
1913 31 92 509 14 1
1914 31 93 509 14 1
1915 31 94 509 14 1
1916 31 95 509 14 1
1917 31 96 509 14 1
1918 31 97 509 14 1
1919 31 98 509 14 1
1920 31 99 509 14 1
1921 31 100 509 14 1
1922 31 101 509 14 1
1923 31 102 509 14 1
1924 31 103 509 14 1
1925 31 104 509 14 1
1926 31 105 509 14 1
1927 31 106 509 14 1
1928 31 107 509 14 1
1929 31 108 509 14 1
1930 31 109 509 14 1
1931 31 110 509 14 1
1932 31 111 509 14 1
1933 31 112 509 14 1
1934 31 113 509 14 1
1935 31 114 509 14 1
1936 31 115 509 14 1
1937 31 116 509 14 1
1938 31 117 509 14 1
1939 31 118 509 14 1
1940 31 119 509 14 1
1941 31 120 509 14 1
1942 31 121 509 14 1
1943 31 122 509 14 1
1944 31 123 509 14 1
1945 31 124 509 14 1
1946 31 125 509 14 1
1947 31 126 509 14 1
1948 32 64 509 14 1
1949 32 65 509 14 1
1950 32 66 509 14 1
1951 32 67 509 14 1
1952 32 68 509 14 1
1953 32 69 509 14 1
1954 32 70 509 14 1
1955 32 71 509 14 1
1956 32 72 509 14 1
1957 32 73 509 14 1
1958 32 74 509 14 1
1959 32 75 509 14 1
1960 32 76 509 14 1
1961 32 77 509 14 1
1962 32 80 509 14 1
1963 32 81 509 14 1
1964 32 82 509 14 1
1965 32 83 509 14 1
1966 32 84 509 14 1
1967 32 85 509 14 1
1968 32 86 509 14 1
1969 32 87 509 14 1
1970 32 88 509 14 1
1971 32 89 509 14 1
1972 32 90 509 14 1
1973 32 91 509 14 1
1974 32 92 509 14 1
1975 32 93 509 14 1
1976 32 94 509 14 1
1977 32 95 509 14 1
1978 32 96 509 14 1
1979 32 97 509 14 1
1980 32 98 509 14 1
1981 32 99 509 14 1
1982 32 100 509 14 1
1983 32 101 509 14 1
1984 32 102 509 14 1
1985 32 103 509 14 1
1986 32 104 509 14 1
1987 32 105 509 14 1
1988 32 106 509 14 1
1989 32 107 509 14 1
1990 32 108 509 14 1
1991 32 109 509 14 1
1992 32 110 509 14 1
1993 32 111 509 14 1
1994 32 112 509 14 1
1995 32 113 509 14 1
1996 32 114 509 14 1
1997 32 115 509 14 1
1998 32 116 509 14 1
1999 32 117 509 14 1
2000 32 118 509 14 1
2001 32 119 509 14 1
2002 32 120 509 14 1
2003 32 121 509 14 1
2004 32 122 509 14 1
2005 32 123 509 14 1
2006 32 124 509 14 1
2007 32 125 509 14 1
2008 32 126 509 14 1
2009 33 64 509 14 1
2010 33 65 509 14 1
2011 33 66 509 14 1
2012 33 67 509 14 1
2013 33 68 509 14 1
2014 33 69 509 14 1
2015 33 70 509 14 1
2016 33 71 509 14 1
2017 33 72 509 14 1
2018 33 73 509 14 1
2019 33 74 509 14 1
2020 33 75 509 14 1
2021 33 76 509 14 1
2022 33 77 509 14 1
2023 33 80 509 14 1
2024 33 81 509 14 1
2025 33 82 509 14 1
2026 33 83 509 14 1
2027 33 84 509 14 1
2028 33 85 509 14 1
2029 33 86 509 14 1
2030 33 87 509 14 1
2031 33 88 509 14 1
2032 33 89 509 14 1
2033 33 90 509 14 1
2034 33 91 509 14 1
2035 33 92 509 14 1
2036 33 93 509 14 1
2037 33 94 509 14 1
2038 33 95 509 14 1
2039 33 96 509 14 1
2040 33 97 509 14 1
2041 33 98 509 14 1
2042 33 99 509 14 1
2043 33 100 509 14 1
2044 33 101 509 14 1
2045 33 102 509 14 1
2046 33 103 509 14 1
2047 33 104 509 14 1
2048 33 105 509 14 1
2049 33 106 509 14 1
2050 33 107 509 14 1
2051 33 108 509 14 1
2052 33 109 509 14 1
2053 33 110 509 14 1
2054 33 111 509 14 1
2055 33 112 509 14 1
2056 33 113 509 14 1
2057 33 114 509 14 1
2058 33 115 509 14 1
2059 33 116 509 14 1
2060 33 117 509 14 1
2061 33 118 509 14 1
2062 33 119 509 14 1
2063 33 120 509 14 1
2064 33 121 509 14 1
2065 33 122 509 14 1
2066 33 123 509 14 1
2067 33 124 509 14 1
2068 33 125 509 14 1
2069 33 126 509 14 1
2070 34 64 509 14 1
2071 34 65 509 14 1
2072 34 66 509 14 1
2073 34 67 509 14 1
2074 34 68 509 14 1
2075 34 69 509 14 1
2076 34 70 509 14 1
2077 34 71 509 14 1
2078 34 72 509 14 1
2079 34 73 509 14 1
2080 34 74 509 14 1
2081 34 75 509 14 1
2082 34 76 509 14 1
2083 34 77 509 14 1
2084 34 80 509 14 1
2085 34 81 509 14 1
2086 34 82 509 14 1
2087 34 83 509 14 1
2088 34 84 509 14 1
2089 34 85 509 14 1
2090 34 86 509 14 1
2091 34 87 509 14 1
2092 34 88 509 14 1
2093 34 89 509 14 1
2094 34 90 509 14 1
2095 34 91 509 14 1
2096 34 92 509 14 1
2097 34 93 509 14 1
2098 34 94 509 14 1
2099 34 95 509 14 1
2100 34 96 509 14 1
2101 34 97 509 14 1
2102 34 98 509 14 1
2103 34 99 509 14 1
2104 34 100 509 14 1
2105 34 101 509 14 1
2106 34 102 509 14 1
2107 34 103 509 14 1
2108 34 104 509 14 1
2109 34 105 509 14 1
2110 34 106 509 14 1
2111 34 107 509 14 1
2112 34 108 509 14 1
2113 34 109 509 14 1
2114 34 110 509 14 1
2115 34 111 509 14 1
2116 34 112 509 14 1
2117 34 113 509 14 1
2118 34 114 509 14 1
2119 34 115 509 14 1
2120 34 116 509 14 1
2121 34 117 509 14 1
2122 34 118 509 14 1
2123 34 119 509 14 1
2124 34 120 509 14 1
2125 34 121 509 14 1
2126 34 122 509 14 1
2127 34 123 509 14 1
2128 34 124 509 14 1
2129 34 125 509 14 1
2130 34 126 509 14 1
2131 35 64 509 14 1
2132 35 65 509 14 1
2133 35 66 509 14 1
2134 35 67 509 14 1
2135 35 68 509 14 1
2136 35 69 509 14 1
2137 35 70 509 14 1
2138 35 71 509 14 1
2139 35 72 509 14 1
2140 35 73 509 14 1
2141 35 74 509 14 1
2142 35 75 509 14 1
2143 35 76 509 14 1
2144 35 77 509 14 1
2145 35 80 509 14 1
2146 35 81 509 14 1
2147 35 82 509 14 1
2148 35 83 509 14 1
2149 35 84 509 14 1
2150 35 85 509 14 1
2151 35 86 509 14 1
2152 35 87 509 14 1
2153 35 88 509 14 1
2154 35 89 509 14 1
2155 35 90 509 14 1
2156 35 91 509 14 1
2157 35 92 509 14 1
2158 35 93 509 14 1
2159 35 94 509 14 1
2160 35 95 509 14 1
2161 35 96 509 14 1
2162 35 97 509 14 1
2163 35 98 509 14 1
2164 35 99 509 14 1
2165 35 100 509 14 1
2166 35 101 509 14 1
2167 35 102 509 14 1
2168 35 103 509 14 1
2169 35 104 509 14 1
2170 35 105 509 14 1
2171 35 106 509 14 1
2172 35 107 509 14 1
2173 35 108 509 14 1
2174 35 109 509 14 1
2175 35 110 509 14 1
2176 35 111 509 14 1
2177 35 112 509 14 1
2178 35 113 509 14 1
2179 35 114 509 14 1
2180 35 115 509 14 1
2181 35 116 509 14 1
2182 35 117 509 14 1
2183 35 118 509 14 1
2184 35 119 509 14 1
2185 35 120 509 14 1
2186 35 121 509 14 1
2187 35 122 509 14 1
2188 35 123 509 14 1
2189 35 124 509 14 1
2190 35 125 509 14 1
2191 35 126 509 14 1
2192 36 64 509 14 1
2193 36 65 509 14 1
2194 36 66 509 14 1
2195 36 67 509 14 1
2196 36 68 509 14 1
2197 36 69 509 14 1
2198 36 70 509 14 1
2199 36 71 509 14 1
2200 36 72 509 14 1
2201 36 73 509 14 1
2202 36 74 509 14 1
2203 36 75 509 14 1
2204 36 76 509 14 1
2205 36 77 509 14 1
2206 36 80 509 14 1
2207 36 81 509 14 1
2208 36 82 509 14 1
2209 36 83 509 14 1
2210 36 84 509 14 1
2211 36 85 509 14 1
2212 36 86 509 14 1
2213 36 87 509 14 1
2214 36 88 509 14 1
2215 36 89 509 14 1
2216 36 90 509 14 1
2217 36 91 509 14 1
2218 36 92 509 14 1
2219 36 93 509 14 1
2220 36 94 509 14 1
2221 36 95 509 14 1
2222 36 96 509 14 1
2223 36 97 509 14 1
2224 36 98 509 14 1
2225 36 99 509 14 1
2226 36 100 509 14 1
2227 36 101 509 14 1
2228 36 102 509 14 1
2229 36 103 509 14 1
2230 36 104 509 14 1
2231 36 105 509 14 1
2232 36 106 509 14 1
2233 36 107 509 14 1
2234 36 108 509 14 1
2235 36 109 509 14 1
2236 36 110 509 14 1
2237 36 111 509 14 1
2238 36 112 509 14 1
2239 36 113 509 14 1
2240 36 114 509 14 1
2241 36 115 509 14 1
2242 36 116 509 14 1
2243 36 117 509 14 1
2244 36 118 509 14 1
2245 36 119 509 14 1
2246 36 120 509 14 1
2247 36 121 509 14 1
2248 36 122 509 14 1
2249 36 123 509 14 1
2250 36 124 509 14 1
2251 36 125 509 14 1
2252 36 126 509 14 1
2253 37 64 509 14 1
2254 37 65 509 14 1
2255 37 66 509 14 1
2256 37 67 509 14 1
2257 37 68 509 14 1
2258 37 69 509 14 1
2259 37 70 509 14 1
2260 37 71 509 14 1
2261 37 72 509 14 1
2262 37 73 509 14 1
2263 37 74 509 14 1
2264 37 75 509 14 1
2265 37 76 509 14 1
2266 37 77 509 14 1
2267 37 80 509 14 1
2268 37 81 509 14 1
2269 37 82 509 14 1
2270 37 83 509 14 1
2271 37 84 509 14 1
2272 37 85 509 14 1
2273 37 86 509 14 1
2274 37 87 509 14 1
2275 37 88 509 14 1
2276 37 89 509 14 1
2277 37 90 509 14 1
2278 37 91 509 14 1
2279 37 92 509 14 1
2280 37 93 509 14 1
2281 37 94 509 14 1
2282 37 95 509 14 1
2283 37 96 509 14 1
2284 37 97 509 14 1
2285 37 98 509 14 1
2286 37 99 509 14 1
2287 37 100 509 14 1
2288 37 101 509 14 1
2289 37 102 509 14 1
2290 37 103 509 14 1
2291 37 104 509 14 1
2292 37 105 509 14 1
2293 37 106 509 14 1
2294 37 107 509 14 1
2295 37 108 509 14 1
2296 37 109 509 14 1
2297 37 110 509 14 1
2298 37 111 509 14 1
2299 37 112 509 14 1
2300 37 113 509 14 1
2301 37 114 509 14 1
2302 37 115 509 14 1
2303 37 116 509 14 1
2304 37 117 509 14 1
2305 37 118 509 14 1
2306 37 119 509 14 1
2307 37 120 509 14 1
2308 37 121 509 14 1
2309 37 122 509 14 1
2310 37 123 509 14 1
2311 37 124 509 14 1
2312 37 125 509 14 1
2313 37 126 509 14 1
2314 38 64 509 14 1
2315 38 65 509 14 1
2316 38 66 509 14 1
2317 38 67 509 14 1
2318 38 68 509 14 1
2319 38 69 509 14 1
2320 38 70 509 14 1
2321 38 71 509 14 1
2322 38 72 509 14 1
2323 38 73 509 14 1
2324 38 74 509 14 1
2325 38 75 509 14 1
2326 38 76 509 14 1
2327 38 77 509 14 1
2328 38 80 509 14 1
2329 38 81 509 14 1
2330 38 82 509 14 1
2331 38 83 509 14 1
2332 38 84 509 14 1
2333 38 85 509 14 1
2334 38 86 509 14 1
2335 38 87 509 14 1
2336 38 88 509 14 1
2337 38 89 509 14 1
2338 38 90 509 14 1
2339 38 91 509 14 1
2340 38 92 509 14 1
2341 38 93 509 14 1
2342 38 94 509 14 1
2343 38 95 509 14 1
2344 38 96 509 14 1
2345 38 97 509 14 1
2346 38 98 509 14 1
2347 38 99 509 14 1
2348 38 100 509 14 1
2349 38 101 509 14 1
2350 38 102 509 14 1
2351 38 103 509 14 1
2352 38 104 509 14 1
2353 38 105 509 14 1
2354 38 106 509 14 1
2355 38 107 509 14 1
2356 38 108 509 14 1
2357 38 109 509 14 1
2358 38 110 509 14 1
2359 38 111 509 14 1
2360 38 112 509 14 1
2361 38 113 509 14 1
2362 38 114 509 14 1
2363 38 115 509 14 1
2364 38 116 509 14 1
2365 38 117 509 14 1
2366 38 118 509 14 1
2367 38 119 509 14 1
2368 38 120 509 14 1
2369 38 121 509 14 1
2370 38 122 509 14 1
2371 38 123 509 14 1
2372 38 124 509 14 1
2373 38 125 509 14 1
2374 38 126 509 14 1
2375 39 64 509 14 1
2376 39 65 509 14 1
2377 39 66 509 14 1
2378 39 67 509 14 1
2379 39 68 509 14 1
2380 39 69 509 14 1
2381 39 70 509 14 1
2382 39 71 509 14 1
2383 39 72 509 14 1
2384 39 73 509 14 1
2385 39 74 509 14 1
2386 39 75 509 14 1
2387 39 76 509 14 1
2388 39 77 509 14 1
2389 39 80 509 14 1
2390 39 81 509 14 1
2391 39 82 509 14 1
2392 39 83 509 14 1
2393 39 84 509 14 1
2394 39 85 509 14 1
2395 39 86 509 14 1
2396 39 87 509 14 1
2397 39 88 509 14 1
2398 39 89 509 14 1
2399 39 90 509 14 1
2400 39 91 509 14 1
2401 39 92 509 14 1
2402 39 93 509 14 1
2403 39 94 509 14 1
2404 39 95 509 14 1
2405 39 96 509 14 1
2406 39 97 509 14 1
2407 39 98 509 14 1
2408 39 99 509 14 1
2409 39 100 509 14 1
2410 39 101 509 14 1
2411 39 102 509 14 1
2412 39 103 509 14 1
2413 39 104 509 14 1
2414 39 105 509 14 1
2415 39 106 509 14 1
2416 39 107 509 14 1
2417 39 108 509 14 1
2418 39 109 509 14 1
2419 39 110 509 14 1
2420 39 111 509 14 1
2421 39 112 509 14 1
2422 39 113 509 14 1
2423 39 114 509 14 1
2424 39 115 509 14 1
2425 39 116 509 14 1
2426 39 117 509 14 1
2427 39 118 509 14 1
2428 39 119 509 14 1
2429 39 120 509 14 1
2430 39 121 509 14 1
2431 39 122 509 14 1
2432 39 123 509 14 1
2433 39 124 509 14 1
2434 39 125 509 14 1
2435 39 126 509 14 1
2436 40 64 509 14 1
2437 40 65 509 14 1
2438 40 66 509 14 1
2439 40 67 509 14 1
2440 40 68 509 14 1
2441 40 69 509 14 1
2442 40 70 509 14 1
2443 40 71 509 14 1
2444 40 72 509 14 1
2445 40 73 509 14 1
2446 40 74 509 14 1
2447 40 75 509 14 1
2448 40 76 509 14 1
2449 40 77 509 14 1
2450 40 80 509 14 1
2451 40 81 509 14 1
2452 40 82 509 14 1
2453 40 83 509 14 1
2454 40 84 509 14 1
2455 40 85 509 14 1
2456 40 86 509 14 1
2457 40 87 509 14 1
2458 40 88 509 14 1
2459 40 89 509 14 1
2460 40 90 509 14 1
2461 40 91 509 14 1
2462 40 92 509 14 1
2463 40 93 509 14 1
2464 40 94 509 14 1
2465 40 95 509 14 1
2466 40 96 509 14 1
2467 40 97 509 14 1
2468 40 98 509 14 1
2469 40 99 509 14 1
2470 40 100 509 14 1
2471 40 101 509 14 1
2472 40 102 509 14 1
2473 40 103 509 14 1
2474 40 104 509 14 1
2475 40 105 509 14 1
2476 40 106 509 14 1
2477 40 107 509 14 1
2478 40 108 509 14 1
2479 40 109 509 14 1
2480 40 110 509 14 1
2481 40 111 509 14 1
2482 40 112 509 14 1
2483 40 113 509 14 1
2484 40 114 509 14 1
2485 40 115 509 14 1
2486 40 116 509 14 1
2487 40 117 509 14 1
2488 40 118 509 14 1
2489 40 119 509 14 1
2490 40 120 509 14 1
2491 40 121 509 14 1
2492 40 122 509 14 1
2493 40 123 509 14 1
2494 40 124 509 14 1
2495 40 125 509 14 1
2496 40 126 509 14 1
2497 41 64 509 14 1
2498 41 65 509 14 1
2499 41 66 509 14 1
2500 41 67 509 14 1
2501 41 68 509 14 1
2502 41 69 509 14 1
2503 41 70 509 14 1
2504 41 71 509 14 1
2505 41 72 509 14 1
2506 41 73 509 14 1
2507 41 74 509 14 1
2508 41 75 509 14 1
2509 41 76 509 14 1
2510 41 77 509 14 1
2511 41 80 509 14 1
2512 41 81 509 14 1
2513 41 82 509 14 1
2514 41 83 509 14 1
2515 41 84 509 14 1
2516 41 85 509 14 1
2517 41 86 509 14 1
2518 41 87 509 14 1
2519 41 88 509 14 1
2520 41 89 509 14 1
2521 41 90 509 14 1
2522 41 91 509 14 1
2523 41 92 509 14 1
2524 41 93 509 14 1
2525 41 94 509 14 1
2526 41 95 509 14 1
2527 41 96 509 14 1
2528 41 97 509 14 1
2529 41 98 509 14 1
2530 41 99 509 14 1
2531 41 100 509 14 1
2532 41 101 509 14 1
2533 41 102 509 14 1
2534 41 103 509 14 1
2535 41 104 509 14 1
2536 41 105 509 14 1
2537 41 106 509 14 1
2538 41 107 509 14 1
2539 41 108 509 14 1
2540 41 109 509 14 1
2541 41 110 509 14 1
2542 41 111 509 14 1
2543 41 112 509 14 1
2544 41 113 509 14 1
2545 41 114 509 14 1
2546 41 115 509 14 1
2547 41 116 509 14 1
2548 41 117 509 14 1
2549 41 118 509 14 1
2550 41 119 509 14 1
2551 41 120 509 14 1
2552 41 121 509 14 1
2553 41 122 509 14 1
2554 41 123 509 14 1
2555 41 124 509 14 1
2556 41 125 509 14 1
2557 41 126 509 14 1
2558 42 64 509 14 1
2559 42 65 509 14 1
2560 42 66 509 14 1
2561 42 67 509 14 1
2562 42 68 509 14 1
2563 42 69 509 14 1
2564 42 70 509 14 1
2565 42 71 509 14 1
2566 42 72 509 14 1
2567 42 73 509 14 1
2568 42 74 509 14 1
2569 42 75 509 14 1
2570 42 76 509 14 1
2571 42 77 509 14 1
2572 42 80 509 14 1
2573 42 81 509 14 1
2574 42 82 509 14 1
2575 42 83 509 14 1
2576 42 84 509 14 1
2577 42 85 509 14 1
2578 42 86 509 14 1
2579 42 87 509 14 1
2580 42 88 509 14 1
2581 42 89 509 14 1
2582 42 90 509 14 1
2583 42 91 509 14 1
2584 42 92 509 14 1
2585 42 93 509 14 1
2586 42 94 509 14 1
2587 42 95 509 14 1
2588 42 96 509 14 1
2589 42 97 509 14 1
2590 42 98 509 14 1
2591 42 99 509 14 1
2592 42 100 509 14 1
2593 42 101 509 14 1
2594 42 102 509 14 1
2595 42 103 509 14 1
2596 42 104 509 14 1
2597 42 105 509 14 1
2598 42 106 509 14 1
2599 42 107 509 14 1
2600 42 108 509 14 1
2601 42 109 509 14 1
2602 42 110 509 14 1
2603 42 111 509 14 1
2604 42 112 509 14 1
2605 42 113 509 14 1
2606 42 114 509 14 1
2607 42 115 509 14 1
2608 42 116 509 14 1
2609 42 117 509 14 1
2610 42 118 509 14 1
2611 42 119 509 14 1
2612 42 120 509 14 1
2613 42 121 509 14 1
2614 42 122 509 14 1
2615 42 123 509 14 1
2616 42 124 509 14 1
2617 42 125 509 14 1
2618 42 126 509 14 1
2619 43 64 509 14 1
2620 43 65 509 14 1
2621 43 66 509 14 1
2622 43 67 509 14 1
2623 43 68 509 14 1
2624 43 69 509 14 1
2625 43 70 509 14 1
2626 43 71 509 14 1
2627 43 72 509 14 1
2628 43 73 509 14 1
2629 43 74 509 14 1
2630 43 75 509 14 1
2631 43 76 509 14 1
2632 43 77 509 14 1
2633 43 80 509 14 1
2634 43 81 509 14 1
2635 43 82 509 14 1
2636 43 83 509 14 1
2637 43 84 509 14 1
2638 43 85 509 14 1
2639 43 86 509 14 1
2640 43 87 509 14 1
2641 43 88 509 14 1
2642 43 89 509 14 1
2643 43 90 509 14 1
2644 43 91 509 14 1
2645 43 92 509 14 1
2646 43 93 509 14 1
2647 43 94 509 14 1
2648 43 95 509 14 1
2649 43 96 509 14 1
2650 43 97 509 14 1
2651 43 98 509 14 1
2652 43 99 509 14 1
2653 43 100 509 14 1
2654 43 101 509 14 1
2655 43 102 509 14 1
2656 43 103 509 14 1
2657 43 104 509 14 1
2658 43 105 509 14 1
2659 43 106 509 14 1
2660 43 107 509 14 1
2661 43 108 509 14 1
2662 43 109 509 14 1
2663 43 110 509 14 1
2664 43 111 509 14 1
2665 43 112 509 14 1
2666 43 113 509 14 1
2667 43 114 509 14 1
2668 43 115 509 14 1
2669 43 116 509 14 1
2670 43 117 509 14 1
2671 43 118 509 14 1
2672 43 119 509 14 1
2673 43 120 509 14 1
2674 43 121 509 14 1
2675 43 122 509 14 1
2676 43 123 509 14 1
2677 43 124 509 14 1
2678 43 125 509 14 1
2679 43 126 509 14 1
2680 44 64 509 14 1
2681 44 65 509 14 1
2682 44 66 509 14 1
2683 44 67 509 14 1
2684 44 68 509 14 1
2685 44 69 509 14 1
2686 44 70 509 14 1
2687 44 71 509 14 1
2688 44 72 509 14 1
2689 44 73 509 14 1
2690 44 74 509 14 1
2691 44 75 509 14 1
2692 44 76 509 14 1
2693 44 77 509 14 1
2694 44 80 509 14 1
2695 44 81 509 14 1
2696 44 82 509 14 1
2697 44 83 509 14 1
2698 44 84 509 14 1
2699 44 85 509 14 1
2700 44 86 509 14 1
2701 44 87 509 14 1
2702 44 88 509 14 1
2703 44 89 509 14 1
2704 44 90 509 14 1
2705 44 91 509 14 1
2706 44 92 509 14 1
2707 44 93 509 14 1
2708 44 94 509 14 1
2709 44 95 509 14 1
2710 44 96 509 14 1
2711 44 97 509 14 1
2712 44 98 509 14 1
2713 44 99 509 14 1
2714 44 100 509 14 1
2715 44 101 509 14 1
2716 44 102 509 14 1
2717 44 103 509 14 1
2718 44 104 509 14 1
2719 44 105 509 14 1
2720 44 106 509 14 1
2721 44 107 509 14 1
2722 44 108 509 14 1
2723 44 109 509 14 1
2724 44 110 509 14 1
2725 44 111 509 14 1
2726 44 112 509 14 1
2727 44 113 509 14 1
2728 44 114 509 14 1
2729 44 115 509 14 1
2730 44 116 509 14 1
2731 44 117 509 14 1
2732 44 118 509 14 1
2733 44 119 509 14 1
2734 44 120 509 14 1
2735 44 121 509 14 1
2736 44 122 509 14 1
2737 44 123 509 14 1
2738 44 124 509 14 1
2739 44 125 509 14 1
2740 44 126 509 14 1
2741 45 64 509 14 1
2742 45 65 509 14 1
2743 45 66 509 14 1
2744 45 67 509 14 1
2745 45 68 509 14 1
2746 45 69 509 14 1
2747 45 70 509 14 1
2748 45 71 509 14 1
2749 45 72 509 14 1
2750 45 73 509 14 1
2751 45 74 509 14 1
2752 45 75 509 14 1
2753 45 76 509 14 1
2754 45 77 509 14 1
2755 45 80 509 14 1
2756 45 81 509 14 1
2757 45 82 509 14 1
2758 45 83 509 14 1
2759 45 84 509 14 1
2760 45 85 509 14 1
2761 45 86 509 14 1
2762 45 87 509 14 1
2763 45 88 509 14 1
2764 45 89 509 14 1
2765 45 90 509 14 1
2766 45 91 509 14 1
2767 45 92 509 14 1
2768 45 93 509 14 1
2769 45 94 509 14 1
2770 45 95 509 14 1
2771 45 96 509 14 1
2772 45 97 509 14 1
2773 45 98 509 14 1
2774 45 99 509 14 1
2775 45 100 509 14 1
2776 45 101 509 14 1
2777 45 102 509 14 1
2778 45 103 509 14 1
2779 45 104 509 14 1
2780 45 105 509 14 1
2781 45 106 509 14 1
2782 45 107 509 14 1
2783 45 108 509 14 1
2784 45 109 509 14 1
2785 45 110 509 14 1
2786 45 111 509 14 1
2787 45 112 509 14 1
2788 45 113 509 14 1
2789 45 114 509 14 1
2790 45 115 509 14 1
2791 45 116 509 14 1
2792 45 117 509 14 1
2793 45 118 509 14 1
2794 45 119 509 14 1
2795 45 120 509 14 1
2796 45 121 509 14 1
2797 45 122 509 14 1
2798 45 123 509 14 1
2799 45 124 509 14 1
2800 45 125 509 14 1
2801 45 126 509 14 1
2802 46 64 509 14 1
2803 46 65 509 14 1
2804 46 66 509 14 1
2805 46 67 509 14 1
2806 46 68 509 14 1
2807 46 69 509 14 1
2808 46 70 509 14 1
2809 46 71 509 14 1
2810 46 72 509 14 1
2811 46 73 509 14 1
2812 46 74 509 14 1
2813 46 75 509 14 1
2814 46 76 509 14 1
2815 46 77 509 14 1
2816 46 80 509 14 1
2817 46 81 509 14 1
2818 46 82 509 14 1
2819 46 83 509 14 1
2820 46 84 509 14 1
2821 46 85 509 14 1
2822 46 86 509 14 1
2823 46 87 509 14 1
2824 46 88 509 14 1
2825 46 89 509 14 1
2826 46 90 509 14 1
2827 46 91 509 14 1
2828 46 92 509 14 1
2829 46 93 509 14 1
2830 46 94 509 14 1
2831 46 95 509 14 1
2832 46 96 509 14 1
2833 46 97 509 14 1
2834 46 98 509 14 1
2835 46 99 509 14 1
2836 46 100 509 14 1
2837 46 101 509 14 1
2838 46 102 509 14 1
2839 46 103 509 14 1
2840 46 104 509 14 1
2841 46 105 509 14 1
2842 46 106 509 14 1
2843 46 107 509 14 1
2844 46 108 509 14 1
2845 46 109 509 14 1
2846 46 110 509 14 1
2847 46 111 509 14 1
2848 46 112 509 14 1
2849 46 113 509 14 1
2850 46 114 509 14 1
2851 46 115 509 14 1
2852 46 116 509 14 1
2853 46 117 509 14 1
2854 46 118 509 14 1
2855 46 119 509 14 1
2856 46 120 509 14 1
2857 46 121 509 14 1
2858 46 122 509 14 1
2859 46 123 509 14 1
2860 46 124 509 14 1
2861 46 125 509 14 1
2862 46 126 509 14 1
2863 47 64 509 14 1
2864 47 65 509 14 1
2865 47 66 509 14 1
2866 47 67 509 14 1
2867 47 68 509 14 1
2868 47 69 509 14 1
2869 47 70 509 14 1
2870 47 71 509 14 1
2871 47 72 509 14 1
2872 47 73 509 14 1
2873 47 74 509 14 1
2874 47 75 509 14 1
2875 47 76 509 14 1
2876 47 77 509 14 1
2877 47 80 509 14 1
2878 47 81 509 14 1
2879 47 82 509 14 1
2880 47 83 509 14 1
2881 47 84 509 14 1
2882 47 85 509 14 1
2883 47 86 509 14 1
2884 47 87 509 14 1
2885 47 88 509 14 1
2886 47 89 509 14 1
2887 47 90 509 14 1
2888 47 91 509 14 1
2889 47 92 509 14 1
2890 47 93 509 14 1
2891 47 94 509 14 1
2892 47 95 509 14 1
2893 47 96 509 14 1
2894 47 97 509 14 1
2895 47 98 509 14 1
2896 47 99 509 14 1
2897 47 100 509 14 1
2898 47 101 509 14 1
2899 47 102 509 14 1
2900 47 103 509 14 1
2901 47 104 509 14 1
2902 47 105 509 14 1
2903 47 106 509 14 1
2904 47 107 509 14 1
2905 47 108 509 14 1
2906 47 109 509 14 1
2907 47 110 509 14 1
2908 47 111 509 14 1
2909 47 112 509 14 1
2910 47 113 509 14 1
2911 47 114 509 14 1
2912 47 115 509 14 1
2913 47 116 509 14 1
2914 47 117 509 14 1
2915 47 118 509 14 1
2916 47 119 509 14 1
2917 47 120 509 14 1
2918 47 121 509 14 1
2919 47 122 509 14 1
2920 47 123 509 14 1
2921 47 124 509 14 1
2922 47 125 509 14 1
2923 47 126 509 14 1
2924 48 64 509 14 1
2925 48 65 509 14 1
2926 48 66 509 14 1
2927 48 67 509 14 1
2928 48 68 509 14 1
2929 48 69 509 14 1
2930 48 70 509 14 1
2931 48 71 509 14 1
2932 48 72 509 14 1
2933 48 73 509 14 1
2934 48 74 509 14 1
2935 48 75 509 14 1
2936 48 76 509 14 1
2937 48 77 509 14 1
2938 48 80 509 14 1
2939 48 81 509 14 1
2940 48 82 509 14 1
2941 48 83 509 14 1
2942 48 84 509 14 1
2943 48 85 509 14 1
2944 48 86 509 14 1
2945 48 87 509 14 1
2946 48 88 509 14 1
2947 48 89 509 14 1
2948 48 90 509 14 1
2949 48 91 509 14 1
2950 48 92 509 14 1
2951 48 93 509 14 1
2952 48 94 509 14 1
2953 48 95 509 14 1
2954 48 96 509 14 1
2955 48 97 509 14 1
2956 48 98 509 14 1
2957 48 99 509 14 1
2958 48 100 509 14 1
2959 48 101 509 14 1
2960 48 102 509 14 1
2961 48 103 509 14 1
2962 48 104 509 14 1
2963 48 105 509 14 1
2964 48 106 509 14 1
2965 48 107 509 14 1
2966 48 108 509 14 1
2967 48 109 509 14 1
2968 48 110 509 14 1
2969 48 111 509 14 1
2970 48 112 509 14 1
2971 48 113 509 14 1
2972 48 114 509 14 1
2973 48 115 509 14 1
2974 48 116 509 14 1
2975 48 117 509 14 1
2976 48 118 509 14 1
2977 48 119 509 14 1
2978 48 120 509 14 1
2979 48 121 509 14 1
2980 48 122 509 14 1
2981 48 123 509 14 1
2982 48 124 509 14 1
2983 48 125 509 14 1
2984 48 126 509 14 1
2985 49 64 509 14 1
2986 49 65 509 14 1
2987 49 66 509 14 1
2988 49 67 509 14 1
2989 49 68 509 14 1
2990 49 69 509 14 1
2991 49 70 509 14 1
2992 49 71 509 14 1
2993 49 72 509 14 1
2994 49 73 509 14 1
2995 49 74 509 14 1
2996 49 75 509 14 1
2997 49 76 509 14 1
2998 49 77 509 14 1
2999 49 80 509 14 1
3000 49 81 509 14 1
3001 49 82 509 14 1
3002 49 83 509 14 1
3003 49 84 509 14 1
3004 49 85 509 14 1
3005 49 86 509 14 1
3006 49 87 509 14 1
3007 49 88 509 14 1
3008 49 89 509 14 1
3009 49 90 509 14 1
3010 49 91 509 14 1
3011 49 92 509 14 1
3012 49 93 509 14 1
3013 49 94 509 14 1
3014 49 95 509 14 1
3015 49 96 509 14 1
3016 49 97 509 14 1
3017 49 98 509 14 1
3018 49 99 509 14 1
3019 49 100 509 14 1
3020 49 101 509 14 1
3021 49 102 509 14 1
3022 49 103 509 14 1
3023 49 104 509 14 1
3024 49 105 509 14 1
3025 49 106 509 14 1
3026 49 107 509 14 1
3027 49 108 509 14 1
3028 49 109 509 14 1
3029 49 110 509 14 1
3030 49 111 509 14 1
3031 49 112 509 14 1
3032 49 113 509 14 1
3033 49 114 509 14 1
3034 49 115 509 14 1
3035 49 116 509 14 1
3036 49 117 509 14 1
3037 49 118 509 14 1
3038 49 119 509 14 1
3039 49 120 509 14 1
3040 49 121 509 14 1
3041 49 122 509 14 1
3042 49 123 509 14 1
3043 49 124 509 14 1
3044 49 125 509 14 1
3045 49 126 509 14 1
3046 50 64 509 14 1
3047 50 65 509 14 1
3048 50 66 509 14 1
3049 50 67 509 14 1
3050 50 68 509 14 1
3051 50 69 509 14 1
3052 50 70 509 14 1
3053 50 71 509 14 1
3054 50 72 509 14 1
3055 50 73 509 14 1
3056 50 74 509 14 1
3057 50 75 509 14 1
3058 50 76 509 14 1
3059 50 77 509 14 1
3060 50 80 509 14 1
3061 50 81 509 14 1
3062 50 82 509 14 1
3063 50 83 509 14 1
3064 50 84 509 14 1
3065 50 85 509 14 1
3066 50 86 509 14 1
3067 50 87 509 14 1
3068 50 88 509 14 1
3069 50 89 509 14 1
3070 50 90 509 14 1
3071 50 91 509 14 1
3072 50 92 509 14 1
3073 50 93 509 14 1
3074 50 94 509 14 1
3075 50 95 509 14 1
3076 50 96 509 14 1
3077 50 97 509 14 1
3078 50 98 509 14 1
3079 50 99 509 14 1
3080 50 100 509 14 1
3081 50 101 509 14 1
3082 50 102 509 14 1
3083 50 103 509 14 1
3084 50 104 509 14 1
3085 50 105 509 14 1
3086 50 106 509 14 1
3087 50 107 509 14 1
3088 50 108 509 14 1
3089 50 109 509 14 1
3090 50 110 509 14 1
3091 50 111 509 14 1
3092 50 112 509 14 1
3093 50 113 509 14 1
3094 50 114 509 14 1
3095 50 115 509 14 1
3096 50 116 509 14 1
3097 50 117 509 14 1
3098 50 118 509 14 1
3099 50 119 509 14 1
3100 50 120 509 14 1
3101 50 121 509 14 1
3102 50 122 509 14 1
3103 50 123 509 14 1
3104 50 124 509 14 1
3105 50 125 509 14 1
3106 50 126 509 14 1
3107 51 64 509 14 1
3108 51 65 509 14 1
3109 51 66 509 14 1
3110 51 67 509 14 1
3111 51 68 509 14 1
3112 51 69 509 14 1
3113 51 70 509 14 1
3114 51 71 509 14 1
3115 51 72 509 14 1
3116 51 73 509 14 1
3117 51 74 509 14 1
3118 51 75 509 14 1
3119 51 76 509 14 1
3120 51 77 509 14 1
3121 51 80 509 14 1
3122 51 81 509 14 1
3123 51 82 509 14 1
3124 51 83 509 14 1
3125 51 84 509 14 1
3126 51 85 509 14 1
3127 51 86 509 14 1
3128 51 87 509 14 1
3129 51 88 509 14 1
3130 51 89 509 14 1
3131 51 90 509 14 1
3132 51 91 509 14 1
3133 51 92 509 14 1
3134 51 93 509 14 1
3135 51 94 509 14 1
3136 51 95 509 14 1
3137 51 96 509 14 1
3138 51 97 509 14 1
3139 51 98 509 14 1
3140 51 99 509 14 1
3141 51 100 509 14 1
3142 51 101 509 14 1
3143 51 102 509 14 1
3144 51 103 509 14 1
3145 51 104 509 14 1
3146 51 105 509 14 1
3147 51 106 509 14 1
3148 51 107 509 14 1
3149 51 108 509 14 1
3150 51 109 509 14 1
3151 51 110 509 14 1
3152 51 111 509 14 1
3153 51 112 509 14 1
3154 51 113 509 14 1
3155 51 114 509 14 1
3156 51 115 509 14 1
3157 51 116 509 14 1
3158 51 117 509 14 1
3159 51 118 509 14 1
3160 51 119 509 14 1
3161 51 120 509 14 1
3162 51 121 509 14 1
3163 51 122 509 14 1
3164 51 123 509 14 1
3165 51 124 509 14 1
3166 51 125 509 14 1
3167 51 126 509 14 1
3168 52 64 509 14 1
3169 52 65 509 14 1
3170 52 66 509 14 1
3171 52 67 509 14 1
3172 52 68 509 14 1
3173 52 69 509 14 1
3174 52 70 509 14 1
3175 52 71 509 14 1
3176 52 72 509 14 1
3177 52 73 509 14 1
3178 52 74 509 14 1
3179 52 75 509 14 1
3180 52 76 509 14 1
3181 52 77 509 14 1
3182 52 80 509 14 1
3183 52 81 509 14 1
3184 52 82 509 14 1
3185 52 83 509 14 1
3186 52 84 509 14 1
3187 52 85 509 14 1
3188 52 86 509 14 1
3189 52 87 509 14 1
3190 52 88 509 14 1
3191 52 89 509 14 1
3192 52 90 509 14 1
3193 52 91 509 14 1
3194 52 92 509 14 1
3195 52 93 509 14 1
3196 52 94 509 14 1
3197 52 95 509 14 1
3198 52 96 509 14 1
3199 52 97 509 14 1
3200 52 98 509 14 1
3201 52 99 509 14 1
3202 52 100 509 14 1
3203 52 101 509 14 1
3204 52 102 509 14 1
3205 52 103 509 14 1
3206 52 104 509 14 1
3207 52 105 509 14 1
3208 52 106 509 14 1
3209 52 107 509 14 1
3210 52 108 509 14 1
3211 52 109 509 14 1
3212 52 110 509 14 1
3213 52 111 509 14 1
3214 52 112 509 14 1
3215 52 113 509 14 1
3216 52 114 509 14 1
3217 52 115 509 14 1
3218 52 116 509 14 1
3219 52 117 509 14 1
3220 52 118 509 14 1
3221 52 119 509 14 1
3222 52 120 509 14 1
3223 52 121 509 14 1
3224 52 122 509 14 1
3225 52 123 509 14 1
3226 52 124 509 14 1
3227 52 125 509 14 1
3228 52 126 509 14 1
3229 53 64 509 14 1
3230 53 65 509 14 1
3231 53 66 509 14 1
3232 53 67 509 14 1
3233 53 68 509 14 1
3234 53 69 509 14 1
3235 53 70 509 14 1
3236 53 71 509 14 1
3237 53 72 509 14 1
3238 53 73 509 14 1
3239 53 74 509 14 1
3240 53 75 509 14 1
3241 53 76 509 14 1
3242 53 77 509 14 1
3243 53 80 509 14 1
3244 53 81 509 14 1
3245 53 82 509 14 1
3246 53 83 509 14 1
3247 53 84 509 14 1
3248 53 85 509 14 1
3249 53 86 509 14 1
3250 53 87 509 14 1
3251 53 88 509 14 1
3252 53 89 509 14 1
3253 53 90 509 14 1
3254 53 91 509 14 1
3255 53 92 509 14 1
3256 53 93 509 14 1
3257 53 94 509 14 1
3258 53 95 509 14 1
3259 53 96 509 14 1
3260 53 97 509 14 1
3261 53 98 509 14 1
3262 53 99 509 14 1
3263 53 100 509 14 1
3264 53 101 509 14 1
3265 53 102 509 14 1
3266 53 103 509 14 1
3267 53 104 509 14 1
3268 53 105 509 14 1
3269 53 106 509 14 1
3270 53 107 509 14 1
3271 53 108 509 14 1
3272 53 109 509 14 1
3273 53 110 509 14 1
3274 53 111 509 14 1
3275 53 112 509 14 1
3276 53 113 509 14 1
3277 53 114 509 14 1
3278 53 115 509 14 1
3279 53 116 509 14 1
3280 53 117 509 14 1
3281 53 118 509 14 1
3282 53 119 509 14 1
3283 53 120 509 14 1
3284 53 121 509 14 1
3285 53 122 509 14 1
3286 53 123 509 14 1
3287 53 124 509 14 1
3288 53 125 509 14 1
3289 53 126 509 14 1
3290 54 64 509 14 1
3291 54 65 509 14 1
3292 54 66 509 14 1
3293 54 67 509 14 1
3294 54 68 509 14 1
3295 54 69 509 14 1
3296 54 70 509 14 1
3297 54 71 509 14 1
3298 54 72 509 14 1
3299 54 73 509 14 1
3300 54 74 509 14 1
3301 54 75 509 14 1
3302 54 76 509 14 1
3303 54 77 509 14 1
3304 54 80 509 14 1
3305 54 81 509 14 1
3306 54 82 509 14 1
3307 54 83 509 14 1
3308 54 84 509 14 1
3309 54 85 509 14 1
3310 54 86 509 14 1
3311 54 87 509 14 1
3312 54 88 509 14 1
3313 54 89 509 14 1
3314 54 90 509 14 1
3315 54 91 509 14 1
3316 54 92 509 14 1
3317 54 93 509 14 1
3318 54 94 509 14 1
3319 54 95 509 14 1
3320 54 96 509 14 1
3321 54 97 509 14 1
3322 54 98 509 14 1
3323 54 99 509 14 1
3324 54 100 509 14 1
3325 54 101 509 14 1
3326 54 102 509 14 1
3327 54 103 509 14 1
3328 54 104 509 14 1
3329 54 105 509 14 1
3330 54 106 509 14 1
3331 54 107 509 14 1
3332 54 108 509 14 1
3333 54 109 509 14 1
3334 54 110 509 14 1
3335 54 111 509 14 1
3336 54 112 509 14 1
3337 54 113 509 14 1
3338 54 114 509 14 1
3339 54 115 509 14 1
3340 54 116 509 14 1
3341 54 117 509 14 1
3342 54 118 509 14 1
3343 54 119 509 14 1
3344 54 120 509 14 1
3345 54 121 509 14 1
3346 54 122 509 14 1
3347 54 123 509 14 1
3348 54 124 509 14 1
3349 54 125 509 14 1
3350 54 126 509 14 1
3351 55 64 509 14 1
3352 55 65 509 14 1
3353 55 66 509 14 1
3354 55 67 509 14 1
3355 55 68 509 14 1
3356 55 69 509 14 1
3357 55 70 509 14 1
3358 55 71 509 14 1
3359 55 72 509 14 1
3360 55 73 509 14 1
3361 55 74 509 14 1
3362 55 75 509 14 1
3363 55 76 509 14 1
3364 55 77 509 14 1
3365 55 80 509 14 1
3366 55 81 509 14 1
3367 55 82 509 14 1
3368 55 83 509 14 1
3369 55 84 509 14 1
3370 55 85 509 14 1
3371 55 86 509 14 1
3372 55 87 509 14 1
3373 55 88 509 14 1
3374 55 89 509 14 1
3375 55 90 509 14 1
3376 55 91 509 14 1
3377 55 92 509 14 1
3378 55 93 509 14 1
3379 55 94 509 14 1
3380 55 95 509 14 1
3381 55 96 509 14 1
3382 55 97 509 14 1
3383 55 98 509 14 1
3384 55 99 509 14 1
3385 55 100 509 14 1
3386 55 101 509 14 1
3387 55 102 509 14 1
3388 55 103 509 14 1
3389 55 104 509 14 1
3390 55 105 509 14 1
3391 55 106 509 14 1
3392 55 107 509 14 1
3393 55 108 509 14 1
3394 55 109 509 14 1
3395 55 110 509 14 1
3396 55 111 509 14 1
3397 55 112 509 14 1
3398 55 113 509 14 1
3399 55 114 509 14 1
3400 55 115 509 14 1
3401 55 116 509 14 1
3402 55 117 509 14 1
3403 55 118 509 14 1
3404 55 119 509 14 1
3405 55 120 509 14 1
3406 55 121 509 14 1
3407 55 122 509 14 1
3408 55 123 509 14 1
3409 55 124 509 14 1
3410 55 125 509 14 1
3411 55 126 509 14 1
3412 56 64 509 14 1
3413 56 65 509 14 1
3414 56 66 509 14 1
3415 56 67 509 14 1
3416 56 68 509 14 1
3417 56 69 509 14 1
3418 56 70 509 14 1
3419 56 71 509 14 1
3420 56 72 509 14 1
3421 56 73 509 14 1
3422 56 74 509 14 1
3423 56 75 509 14 1
3424 56 76 509 14 1
3425 56 77 509 14 1
3426 56 80 509 14 1
3427 56 81 509 14 1
3428 56 82 509 14 1
3429 56 83 509 14 1
3430 56 84 509 14 1
3431 56 85 509 14 1
3432 56 86 509 14 1
3433 56 87 509 14 1
3434 56 88 509 14 1
3435 56 89 509 14 1
3436 56 90 509 14 1
3437 56 91 509 14 1
3438 56 92 509 14 1
3439 56 93 509 14 1
3440 56 94 509 14 1
3441 56 95 509 14 1
3442 56 96 509 14 1
3443 56 97 509 14 1
3444 56 98 509 14 1
3445 56 99 509 14 1
3446 56 100 509 14 1
3447 56 101 509 14 1
3448 56 102 509 14 1
3449 56 103 509 14 1
3450 56 104 509 14 1
3451 56 105 509 14 1
3452 56 106 509 14 1
3453 56 107 509 14 1
3454 56 108 509 14 1
3455 56 109 509 14 1
3456 56 110 509 14 1
3457 56 111 509 14 1
3458 56 112 509 14 1
3459 56 113 509 14 1
3460 56 114 509 14 1
3461 56 115 509 14 1
3462 56 116 509 14 1
3463 56 117 509 14 1
3464 56 118 509 14 1
3465 56 119 509 14 1
3466 56 120 509 14 1
3467 56 121 509 14 1
3468 56 122 509 14 1
3469 56 123 509 14 1
3470 56 124 509 14 1
3471 56 125 509 14 1
3472 56 126 509 14 1
3473 57 64 509 14 1
3474 57 65 509 14 1
3475 57 66 509 14 1
3476 57 67 509 14 1
3477 57 68 509 14 1
3478 57 69 509 14 1
3479 57 70 509 14 1
3480 57 71 509 14 1
3481 57 72 509 14 1
3482 57 73 509 14 1
3483 57 74 509 14 1
3484 57 75 509 14 1
3485 57 76 509 14 1
3486 57 77 509 14 1
3487 57 80 509 14 1
3488 57 81 509 14 1
3489 57 82 509 14 1
3490 57 83 509 14 1
3491 57 84 509 14 1
3492 57 85 509 14 1
3493 57 86 509 14 1
3494 57 87 509 14 1
3495 57 88 509 14 1
3496 57 89 509 14 1
3497 57 90 509 14 1
3498 57 91 509 14 1
3499 57 92 509 14 1
3500 57 93 509 14 1
3501 57 94 509 14 1
3502 57 95 509 14 1
3503 57 96 509 14 1
3504 57 97 509 14 1
3505 57 98 509 14 1
3506 57 99 509 14 1
3507 57 100 509 14 1
3508 57 101 509 14 1
3509 57 102 509 14 1
3510 57 103 509 14 1
3511 57 104 509 14 1
3512 57 105 509 14 1
3513 57 106 509 14 1
3514 57 107 509 14 1
3515 57 108 509 14 1
3516 57 109 509 14 1
3517 57 110 509 14 1
3518 57 111 509 14 1
3519 57 112 509 14 1
3520 57 113 509 14 1
3521 57 114 509 14 1
3522 57 115 509 14 1
3523 57 116 509 14 1
3524 57 117 509 14 1
3525 57 118 509 14 1
3526 57 119 509 14 1
3527 57 120 509 14 1
3528 57 121 509 14 1
3529 57 122 509 14 1
3530 57 123 509 14 1
3531 57 124 509 14 1
3532 57 125 509 14 1
3533 57 126 509 14 1
3534 58 64 509 14 1
3535 58 65 509 14 1
3536 58 66 509 14 1
3537 58 67 509 14 1
3538 58 68 509 14 1
3539 58 69 509 14 1
3540 58 70 509 14 1
3541 58 71 509 14 1
3542 58 72 509 14 1
3543 58 73 509 14 1
3544 58 74 509 14 1
3545 58 75 509 14 1
3546 58 76 509 14 1
3547 58 77 509 14 1
3548 58 80 509 14 1
3549 58 81 509 14 1
3550 58 82 509 14 1
3551 58 83 509 14 1
3552 58 84 509 14 1
3553 58 85 509 14 1
3554 58 86 509 14 1
3555 58 87 509 14 1
3556 58 88 509 14 1
3557 58 89 509 14 1
3558 58 90 509 14 1
3559 58 91 509 14 1
3560 58 92 509 14 1
3561 58 93 509 14 1
3562 58 94 509 14 1
3563 58 95 509 14 1
3564 58 96 509 14 1
3565 58 97 509 14 1
3566 58 98 509 14 1
3567 58 99 509 14 1
3568 58 100 509 14 1
3569 58 101 509 14 1
3570 58 102 509 14 1
3571 58 103 509 14 1
3572 58 104 509 14 1
3573 58 105 509 14 1
3574 58 106 509 14 1
3575 58 107 509 14 1
3576 58 108 509 14 1
3577 58 109 509 14 1
3578 58 110 509 14 1
3579 58 111 509 14 1
3580 58 112 509 14 1
3581 58 113 509 14 1
3582 58 114 509 14 1
3583 58 115 509 14 1
3584 58 116 509 14 1
3585 58 117 509 14 1
3586 58 118 509 14 1
3587 58 119 509 14 1
3588 58 120 509 14 1
3589 58 121 509 14 1
3590 58 122 509 14 1
3591 58 123 509 14 1
3592 58 124 509 14 1
3593 58 125 509 14 1
3594 58 126 509 14 1
3595 59 64 509 14 1
3596 59 65 509 14 1
3597 59 66 509 14 1
3598 59 67 509 14 1
3599 59 68 509 14 1
3600 59 69 509 14 1
3601 59 70 509 14 1
3602 59 71 509 14 1
3603 59 72 509 14 1
3604 59 73 509 14 1
3605 59 74 509 14 1
3606 59 75 509 14 1
3607 59 76 509 14 1
3608 59 77 509 14 1
3609 59 80 509 14 1
3610 59 81 509 14 1
3611 59 82 509 14 1
3612 59 83 509 14 1
3613 59 84 509 14 1
3614 59 85 509 14 1
3615 59 86 509 14 1
3616 59 87 509 14 1
3617 59 88 509 14 1
3618 59 89 509 14 1
3619 59 90 509 14 1
3620 59 91 509 14 1
3621 59 92 509 14 1
3622 59 93 509 14 1
3623 59 94 509 14 1
3624 59 95 509 14 1
3625 59 96 509 14 1
3626 59 97 509 14 1
3627 59 98 509 14 1
3628 59 99 509 14 1
3629 59 100 509 14 1
3630 59 101 509 14 1
3631 59 102 509 14 1
3632 59 103 509 14 1
3633 59 104 509 14 1
3634 59 105 509 14 1
3635 59 106 509 14 1
3636 59 107 509 14 1
3637 59 108 509 14 1
3638 59 109 509 14 1
3639 59 110 509 14 1
3640 59 111 509 14 1
3641 59 112 509 14 1
3642 59 113 509 14 1
3643 59 114 509 14 1
3644 59 115 509 14 1
3645 59 116 509 14 1
3646 59 117 509 14 1
3647 59 118 509 14 1
3648 59 119 509 14 1
3649 59 120 509 14 1
3650 59 121 509 14 1
3651 59 122 509 14 1
3652 59 123 509 14 1
3653 59 124 509 14 1
3654 59 125 509 14 1
3655 59 126 509 14 1
3656 60 64 509 14 1
3657 60 65 509 14 1
3658 60 66 509 14 1
3659 60 67 509 14 1
3660 60 68 509 14 1
3661 60 69 509 14 1
3662 60 70 509 14 1
3663 60 71 509 14 1
3664 60 72 509 14 1
3665 60 73 509 14 1
3666 60 74 509 14 1
3667 60 75 509 14 1
3668 60 76 509 14 1
3669 60 77 509 14 1
3670 60 80 509 14 1
3671 60 81 509 14 1
3672 60 82 509 14 1
3673 60 83 509 14 1
3674 60 84 509 14 1
3675 60 85 509 14 1
3676 60 86 509 14 1
3677 60 87 509 14 1
3678 60 88 509 14 1
3679 60 89 509 14 1
3680 60 90 509 14 1
3681 60 91 509 14 1
3682 60 92 509 14 1
3683 60 93 509 14 1
3684 60 94 509 14 1
3685 60 95 509 14 1
3686 60 96 509 14 1
3687 60 97 509 14 1
3688 60 98 509 14 1
3689 60 99 509 14 1
3690 60 100 509 14 1
3691 60 101 509 14 1
3692 60 102 509 14 1
3693 60 103 509 14 1
3694 60 104 509 14 1
3695 60 105 509 14 1
3696 60 106 509 14 1
3697 60 107 509 14 1
3698 60 108 509 14 1
3699 60 109 509 14 1
3700 60 110 509 14 1
3701 60 111 509 14 1
3702 60 112 509 14 1
3703 60 113 509 14 1
3704 60 114 509 14 1
3705 60 115 509 14 1
3706 60 116 509 14 1
3707 60 117 509 14 1
3708 60 118 509 14 1
3709 60 119 509 14 1
3710 60 120 509 14 1
3711 60 121 509 14 1
3712 60 122 509 14 1
3713 60 123 509 14 1
3714 60 124 509 14 1
3715 60 125 509 14 1
3716 60 126 509 14 1
3717 61 64 509 14 1
3718 61 65 509 14 1
3719 61 66 509 14 1
3720 61 67 509 14 1
3721 61 68 509 14 1
3722 61 69 509 14 1
3723 61 70 509 14 1
3724 61 71 509 14 1
3725 61 72 509 14 1
3726 61 73 509 14 1
3727 61 74 509 14 1
3728 61 75 509 14 1
3729 61 76 509 14 1
3730 61 77 509 14 1
3731 61 80 509 14 1
3732 61 81 509 14 1
3733 61 82 509 14 1
3734 61 83 509 14 1
3735 61 84 509 14 1
3736 61 85 509 14 1
3737 61 86 509 14 1
3738 61 87 509 14 1
3739 61 88 509 14 1
3740 61 89 509 14 1
3741 61 90 509 14 1
3742 61 91 509 14 1
3743 61 92 509 14 1
3744 61 93 509 14 1
3745 61 94 509 14 1
3746 61 95 509 14 1
3747 61 96 509 14 1
3748 61 97 509 14 1
3749 61 98 509 14 1
3750 61 99 509 14 1
3751 61 100 509 14 1
3752 61 101 509 14 1
3753 61 102 509 14 1
3754 61 103 509 14 1
3755 61 104 509 14 1
3756 61 105 509 14 1
3757 61 106 509 14 1
3758 61 107 509 14 1
3759 61 108 509 14 1
3760 61 109 509 14 1
3761 61 110 509 14 1
3762 61 111 509 14 1
3763 61 112 509 14 1
3764 61 113 509 14 1
3765 61 114 509 14 1
3766 61 115 509 14 1
3767 61 116 509 14 1
3768 61 117 509 14 1
3769 61 118 509 14 1
3770 61 119 509 14 1
3771 61 120 509 14 1
3772 61 121 509 14 1
3773 61 122 509 14 1
3774 61 123 509 14 1
3775 61 124 509 14 1
3776 61 125 509 14 1
3777 61 126 509 14 1
3778 62 64 509 14 1
3779 62 65 509 14 1
3780 62 66 509 14 1
3781 62 67 509 14 1
3782 62 68 509 14 1
3783 62 69 509 14 1
3784 62 70 509 14 1
3785 62 71 509 14 1
3786 62 72 509 14 1
3787 62 73 509 14 1
3788 62 74 509 14 1
3789 62 75 509 14 1
3790 62 76 509 14 1
3791 62 77 509 14 1
3792 62 80 509 14 1
3793 62 81 509 14 1
3794 62 82 509 14 1
3795 62 83 509 14 1
3796 62 84 509 14 1
3797 62 85 509 14 1
3798 62 86 509 14 1
3799 62 87 509 14 1
3800 62 88 509 14 1
3801 62 89 509 14 1
3802 62 90 509 14 1
3803 62 91 509 14 1
3804 62 92 509 14 1
3805 62 93 509 14 1
3806 62 94 509 14 1
3807 62 95 509 14 1
3808 62 96 509 14 1
3809 62 97 509 14 1
3810 62 98 509 14 1
3811 62 99 509 14 1
3812 62 100 509 14 1
3813 62 101 509 14 1
3814 62 102 509 14 1
3815 62 103 509 14 1
3816 62 104 509 14 1
3817 62 105 509 14 1
3818 62 106 509 14 1
3819 62 107 509 14 1
3820 62 108 509 14 1
3821 62 109 509 14 1
3822 62 110 509 14 1
3823 62 111 509 14 1
3824 62 112 509 14 1
3825 62 113 509 14 1
3826 62 114 509 14 1
3827 62 115 509 14 1
3828 62 116 509 14 1
3829 62 117 509 14 1
3830 62 118 509 14 1
3831 62 119 509 14 1
3832 62 120 509 14 1
3833 62 121 509 14 1
3834 62 122 509 14 1
3835 62 123 509 14 1
3836 62 124 509 14 1
3837 62 125 509 14 1
3838 62 126 509 14 1
3839 63 64 509 14 1
3840 63 65 509 14 1
3841 63 66 509 14 1
3842 63 67 509 14 1
3843 63 68 509 14 1
3844 63 69 509 14 1
3845 63 70 509 14 1
3846 63 71 509 14 1
3847 63 72 509 14 1
3848 63 73 509 14 1
3849 63 74 509 14 1
3850 63 75 509 14 1
3851 63 76 509 14 1
3852 63 77 509 14 1
3853 63 80 509 14 1
3854 63 81 509 14 1
3855 63 82 509 14 1
3856 63 83 509 14 1
3857 63 84 509 14 1
3858 63 85 509 14 1
3859 63 86 509 14 1
3860 63 87 509 14 1
3861 63 88 509 14 1
3862 63 89 509 14 1
3863 63 90 509 14 1
3864 63 91 509 14 1
3865 63 92 509 14 1
3866 63 93 509 14 1
3867 63 94 509 14 1
3868 63 95 509 14 1
3869 63 96 509 14 1
3870 63 97 509 14 1
3871 63 98 509 14 1
3872 63 99 509 14 1
3873 63 100 509 14 1
3874 63 101 509 14 1
3875 63 102 509 14 1
3876 63 103 509 14 1
3877 63 104 509 14 1
3878 63 105 509 14 1
3879 63 106 509 14 1
3880 63 107 509 14 1
3881 63 108 509 14 1
3882 63 109 509 14 1
3883 63 110 509 14 1
3884 63 111 509 14 1
3885 63 112 509 14 1
3886 63 113 509 14 1
3887 63 114 509 14 1
3888 63 115 509 14 1
3889 63 116 509 14 1
3890 63 117 509 14 1
3891 63 118 509 14 1
3892 63 119 509 14 1
3893 63 120 509 14 1
3894 63 121 509 14 1
3895 63 122 509 14 1
3896 63 123 509 14 1
3897 63 124 509 14 1
3898 63 125 509 14 1
3899 63 126 509 14 1
3900 64 64 509 14 1
3901 64 65 509 14 1
3902 64 66 509 14 1
3903 64 67 509 14 1
3904 64 68 509 14 1
3905 64 69 509 14 1
3906 64 70 509 14 1
3907 64 71 509 14 1
3908 64 72 509 14 1
3909 64 73 509 14 1
3910 64 74 509 14 1
3911 64 75 509 14 1
3912 64 76 509 14 1
3913 64 77 509 14 1
3914 64 80 509 14 1
3915 64 81 509 14 1
3916 64 82 509 14 1
3917 64 83 509 14 1
3918 64 84 509 14 1
3919 64 85 509 14 1
3920 64 86 509 14 1
3921 64 87 509 14 1
3922 64 88 509 14 1
3923 64 89 509 14 1
3924 64 90 509 14 1
3925 64 91 509 14 1
3926 64 92 509 14 1
3927 64 93 509 14 1
3928 64 94 509 14 1
3929 64 95 509 14 1
3930 64 96 509 14 1
3931 64 97 509 14 1
3932 64 98 509 14 1
3933 64 99 509 14 1
3934 64 100 509 14 1
3935 64 101 509 14 1
3936 64 102 509 14 1
3937 64 103 509 14 1
3938 64 104 509 14 1
3939 64 105 509 14 1
3940 64 106 509 14 1
3941 64 107 509 14 1
3942 64 108 509 14 1
3943 64 109 509 14 1
3944 64 110 509 14 1
3945 64 111 509 14 1
3946 64 112 509 14 1
3947 64 113 509 14 1
3948 64 114 509 14 1
3949 64 115 509 14 1
3950 64 116 509 14 1
3951 64 117 509 14 1
3952 64 118 509 14 1
3953 64 119 509 14 1
3954 64 120 509 14 1
3955 64 121 509 14 1
3956 64 122 509 14 1
3957 64 123 509 14 1
3958 64 124 509 14 1
3959 64 125 509 14 1
3960 64 126 509 14 1
3961 65 64 509 14 1
3962 65 65 509 14 1
3963 65 66 509 14 1
3964 65 67 509 14 1
3965 65 68 509 14 1
3966 65 69 509 14 1
3967 65 70 509 14 1
3968 65 71 509 14 1
3969 65 72 509 14 1
3970 65 73 509 14 1
3971 65 74 509 14 1
3972 65 75 509 14 1
3973 65 76 509 14 1
3974 65 77 509 14 1
3975 65 80 509 14 1
3976 65 81 509 14 1
3977 65 82 509 14 1
3978 65 83 509 14 1
3979 65 84 509 14 1
3980 65 85 509 14 1
3981 65 86 509 14 1
3982 65 87 509 14 1
3983 65 88 509 14 1
3984 65 89 509 14 1
3985 65 90 509 14 1
3986 65 91 509 14 1
3987 65 92 509 14 1
3988 65 93 509 14 1
3989 65 94 509 14 1
3990 65 95 509 14 1
3991 65 96 509 14 1
3992 65 97 509 14 1
3993 65 98 509 14 1
3994 65 99 509 14 1
3995 65 100 509 14 1
3996 65 101 509 14 1
3997 65 102 509 14 1
3998 65 103 509 14 1
3999 65 104 509 14 1
4000 65 105 509 14 1
4001 65 106 509 14 1
4002 65 107 509 14 1
4003 65 108 509 14 1
4004 65 109 509 14 1
4005 65 110 509 14 1
4006 65 111 509 14 1
4007 65 112 509 14 1
4008 65 113 509 14 1
4009 65 114 509 14 1
4010 65 115 509 14 1
4011 65 116 509 14 1
4012 65 117 509 14 1
4013 65 118 509 14 1
4014 65 119 509 14 1
4015 65 120 509 14 1
4016 65 121 509 14 1
4017 65 122 509 14 1
4018 65 123 509 14 1
4019 65 124 509 14 1
4020 65 125 509 14 1
4021 65 126 509 14 1
4022 66 64 509 14 1
4023 66 65 509 14 1
4024 66 66 509 14 1
4025 66 67 509 14 1
4026 66 68 509 14 1
4027 66 69 509 14 1
4028 66 70 509 14 1
4029 66 71 509 14 1
4030 66 72 509 14 1
4031 66 73 509 14 1
4032 66 74 509 14 1
4033 66 75 509 14 1
4034 66 76 509 14 1
4035 66 77 509 14 1
4036 66 80 509 14 1
4037 66 81 509 14 1
4038 66 82 509 14 1
4039 66 83 509 14 1
4040 66 84 509 14 1
4041 66 85 509 14 1
4042 66 86 509 14 1
4043 66 87 509 14 1
4044 66 88 509 14 1
4045 66 89 509 14 1
4046 66 90 509 14 1
4047 66 91 509 14 1
4048 66 92 509 14 1
4049 66 93 509 14 1
4050 66 94 509 14 1
4051 66 95 509 14 1
4052 66 96 509 14 1
4053 66 97 509 14 1
4054 66 98 509 14 1
4055 66 99 509 14 1
4056 66 100 509 14 1
4057 66 101 509 14 1
4058 66 102 509 14 1
4059 66 103 509 14 1
4060 66 104 509 14 1
4061 66 105 509 14 1
4062 66 106 509 14 1
4063 66 107 509 14 1
4064 66 108 509 14 1
4065 66 109 509 14 1
4066 66 110 509 14 1
4067 66 111 509 14 1
4068 66 112 509 14 1
4069 66 113 509 14 1
4070 66 114 509 14 1
4071 66 115 509 14 1
4072 66 116 509 14 1
4073 66 117 509 14 1
4074 66 118 509 14 1
4075 66 119 509 14 1
4076 66 120 509 14 1
4077 66 121 509 14 1
4078 66 122 509 14 1
4079 66 123 509 14 1
4080 66 124 509 14 1
4081 66 125 509 14 1
4082 66 126 509 14 1
4083 67 64 509 14 1
4084 67 65 509 14 1
4085 67 66 509 14 1
4086 67 67 509 14 1
4087 67 68 509 14 1
4088 67 69 509 14 1
4089 67 70 509 14 1
4090 67 71 509 14 1
4091 67 72 509 14 1
4092 67 73 509 14 1
4093 67 74 509 14 1
4094 67 75 509 14 1
4095 67 76 509 14 1
4096 67 77 509 14 1
4097 67 80 509 14 1
4098 67 81 509 14 1
4099 67 82 509 14 1
4100 67 83 509 14 1
4101 67 84 509 14 1
4102 67 85 509 14 1
4103 67 86 509 14 1
4104 67 87 509 14 1
4105 67 88 509 14 1
4106 67 89 509 14 1
4107 67 90 509 14 1
4108 67 91 509 14 1
4109 67 92 509 14 1
4110 67 93 509 14 1
4111 67 94 509 14 1
4112 67 95 509 14 1
4113 67 96 509 14 1
4114 67 97 509 14 1
4115 67 98 509 14 1
4116 67 99 509 14 1
4117 67 100 509 14 1
4118 67 101 509 14 1
4119 67 102 509 14 1
4120 67 103 509 14 1
4121 67 104 509 14 1
4122 67 105 509 14 1
4123 67 106 509 14 1
4124 67 107 509 14 1
4125 67 108 509 14 1
4126 67 109 509 14 1
4127 67 110 509 14 1
4128 67 111 509 14 1
4129 67 112 509 14 1
4130 67 113 509 14 1
4131 67 114 509 14 1
4132 67 115 509 14 1
4133 67 116 509 14 1
4134 67 117 509 14 1
4135 67 118 509 14 1
4136 67 119 509 14 1
4137 67 120 509 14 1
4138 67 121 509 14 1
4139 67 122 509 14 1
4140 67 123 509 14 1
4141 67 124 509 14 1
4142 67 125 509 14 1
4143 67 126 509 14 1
4144 68 64 509 14 1
4145 68 65 509 14 1
4146 68 66 509 14 1
4147 68 67 509 14 1
4148 68 68 509 14 1
4149 68 69 509 14 1
4150 68 70 509 14 1
4151 68 71 509 14 1
4152 68 72 509 14 1
4153 68 73 509 14 1
4154 68 74 509 14 1
4155 68 75 509 14 1
4156 68 76 509 14 1
4157 68 77 509 14 1
4158 68 80 509 14 1
4159 68 81 509 14 1
4160 68 82 509 14 1
4161 68 83 509 14 1
4162 68 84 509 14 1
4163 68 85 509 14 1
4164 68 86 509 14 1
4165 68 87 509 14 1
4166 68 88 509 14 1
4167 68 89 509 14 1
4168 68 90 509 14 1
4169 68 91 509 14 1
4170 68 92 509 14 1
4171 68 93 509 14 1
4172 68 94 509 14 1
4173 68 95 509 14 1
4174 68 96 509 14 1
4175 68 97 509 14 1
4176 68 98 509 14 1
4177 68 99 509 14 1
4178 68 100 509 14 1
4179 68 101 509 14 1
4180 68 102 509 14 1
4181 68 103 509 14 1
4182 68 104 509 14 1
4183 68 105 509 14 1
4184 68 106 509 14 1
4185 68 107 509 14 1
4186 68 108 509 14 1
4187 68 109 509 14 1
4188 68 110 509 14 1
4189 68 111 509 14 1
4190 68 112 509 14 1
4191 68 113 509 14 1
4192 68 114 509 14 1
4193 68 115 509 14 1
4194 68 116 509 14 1
4195 68 117 509 14 1
4196 68 118 509 14 1
4197 68 119 509 14 1
4198 68 120 509 14 1
4199 68 121 509 14 1
4200 68 122 509 14 1
4201 68 123 509 14 1
4202 68 124 509 14 1
4203 68 125 509 14 1
4204 68 126 509 14 1
4205 69 64 509 14 1
4206 69 65 509 14 1
4207 69 66 509 14 1
4208 69 67 509 14 1
4209 69 68 509 14 1
4210 69 69 509 14 1
4211 69 70 509 14 1
4212 69 71 509 14 1
4213 69 72 509 14 1
4214 69 73 509 14 1
4215 69 74 509 14 1
4216 69 75 509 14 1
4217 69 76 509 14 1
4218 69 77 509 14 1
4219 69 80 509 14 1
4220 69 81 509 14 1
4221 69 82 509 14 1
4222 69 83 509 14 1
4223 69 84 509 14 1
4224 69 85 509 14 1
4225 69 86 509 14 1
4226 69 87 509 14 1
4227 69 88 509 14 1
4228 69 89 509 14 1
4229 69 90 509 14 1
4230 69 91 509 14 1
4231 69 92 509 14 1
4232 69 93 509 14 1
4233 69 94 509 14 1
4234 69 95 509 14 1
4235 69 96 509 14 1
4236 69 97 509 14 1
4237 69 98 509 14 1
4238 69 99 509 14 1
4239 69 100 509 14 1
4240 69 101 509 14 1
4241 69 102 509 14 1
4242 69 103 509 14 1
4243 69 104 509 14 1
4244 69 105 509 14 1
4245 69 106 509 14 1
4246 69 107 509 14 1
4247 69 108 509 14 1
4248 69 109 509 14 1
4249 69 110 509 14 1
4250 69 111 509 14 1
4251 69 112 509 14 1
4252 69 113 509 14 1
4253 69 114 509 14 1
4254 69 115 509 14 1
4255 69 116 509 14 1
4256 69 117 509 14 1
4257 69 118 509 14 1
4258 69 119 509 14 1
4259 69 120 509 14 1
4260 69 121 509 14 1
4261 69 122 509 14 1
4262 69 123 509 14 1
4263 69 124 509 14 1
4264 69 125 509 14 1
4265 69 126 509 14 1
4266 70 64 509 14 1
4267 70 65 509 14 1
4268 70 66 509 14 1
4269 70 67 509 14 1
4270 70 68 509 14 1
4271 70 69 509 14 1
4272 70 70 509 14 1
4273 70 71 509 14 1
4274 70 72 509 14 1
4275 70 73 509 14 1
4276 70 74 509 14 1
4277 70 75 509 14 1
4278 70 76 509 14 1
4279 70 77 509 14 1
4280 70 80 509 14 1
4281 70 81 509 14 1
4282 70 82 509 14 1
4283 70 83 509 14 1
4284 70 84 509 14 1
4285 70 85 509 14 1
4286 70 86 509 14 1
4287 70 87 509 14 1
4288 70 88 509 14 1
4289 70 89 509 14 1
4290 70 90 509 14 1
4291 70 91 509 14 1
4292 70 92 509 14 1
4293 70 93 509 14 1
4294 70 94 509 14 1
4295 70 95 509 14 1
4296 70 96 509 14 1
4297 70 97 509 14 1
4298 70 98 509 14 1
4299 70 99 509 14 1
4300 70 100 509 14 1
4301 70 101 509 14 1
4302 70 102 509 14 1
4303 70 103 509 14 1
4304 70 104 509 14 1
4305 70 105 509 14 1
4306 70 106 509 14 1
4307 70 107 509 14 1
4308 70 108 509 14 1
4309 70 109 509 14 1
4310 70 110 509 14 1
4311 70 111 509 14 1
4312 70 112 509 14 1
4313 70 113 509 14 1
4314 70 114 509 14 1
4315 70 115 509 14 1
4316 70 116 509 14 1
4317 70 117 509 14 1
4318 70 118 509 14 1
4319 70 119 509 14 1
4320 70 120 509 14 1
4321 70 121 509 14 1
4322 70 122 509 14 1
4323 70 123 509 14 1
4324 70 124 509 14 1
4325 70 125 509 14 1
4326 70 126 509 14 1
4327 71 64 509 14 1
4328 71 65 509 14 1
4329 71 66 509 14 1
4330 71 67 509 14 1
4331 71 68 509 14 1
4332 71 69 509 14 1
4333 71 70 509 14 1
4334 71 71 509 14 1
4335 71 72 509 14 1
4336 71 73 509 14 1
4337 71 74 509 14 1
4338 71 75 509 14 1
4339 71 76 509 14 1
4340 71 77 509 14 1
4341 71 80 509 14 1
4342 71 81 509 14 1
4343 71 82 509 14 1
4344 71 83 509 14 1
4345 71 84 509 14 1
4346 71 85 509 14 1
4347 71 86 509 14 1
4348 71 87 509 14 1
4349 71 88 509 14 1
4350 71 89 509 14 1
4351 71 90 509 14 1
4352 71 91 509 14 1
4353 71 92 509 14 1
4354 71 93 509 14 1
4355 71 94 509 14 1
4356 71 95 509 14 1
4357 71 96 509 14 1
4358 71 97 509 14 1
4359 71 98 509 14 1
4360 71 99 509 14 1
4361 71 100 509 14 1
4362 71 101 509 14 1
4363 71 102 509 14 1
4364 71 103 509 14 1
4365 71 104 509 14 1
4366 71 105 509 14 1
4367 71 106 509 14 1
4368 71 107 509 14 1
4369 71 108 509 14 1
4370 71 109 509 14 1
4371 71 110 509 14 1
4372 71 111 509 14 1
4373 71 112 509 14 1
4374 71 113 509 14 1
4375 71 114 509 14 1
4376 71 115 509 14 1
4377 71 116 509 14 1
4378 71 117 509 14 1
4379 71 118 509 14 1
4380 71 119 509 14 1
4381 71 120 509 14 1
4382 71 121 509 14 1
4383 71 122 509 14 1
4384 71 123 509 14 1
4385 71 124 509 14 1
4386 71 125 509 14 1
4387 71 126 509 14 1
4388 72 64 509 14 1
4389 72 65 509 14 1
4390 72 66 509 14 1
4391 72 67 509 14 1
4392 72 68 509 14 1
4393 72 69 509 14 1
4394 72 70 509 14 1
4395 72 71 509 14 1
4396 72 72 509 14 1
4397 72 73 509 14 1
4398 72 74 509 14 1
4399 72 75 509 14 1
4400 72 76 509 14 1
4401 72 77 509 14 1
4402 72 80 509 14 1
4403 72 81 509 14 1
4404 72 82 509 14 1
4405 72 83 509 14 1
4406 72 84 509 14 1
4407 72 85 509 14 1
4408 72 86 509 14 1
4409 72 87 509 14 1
4410 72 88 509 14 1
4411 72 89 509 14 1
4412 72 90 509 14 1
4413 72 91 509 14 1
4414 72 92 509 14 1
4415 72 93 509 14 1
4416 72 94 509 14 1
4417 72 95 509 14 1
4418 72 96 509 14 1
4419 72 97 509 14 1
4420 72 98 509 14 1
4421 72 99 509 14 1
4422 72 100 509 14 1
4423 72 101 509 14 1
4424 72 102 509 14 1
4425 72 103 509 14 1
4426 72 104 509 14 1
4427 72 105 509 14 1
4428 72 106 509 14 1
4429 72 107 509 14 1
4430 72 108 509 14 1
4431 72 109 509 14 1
4432 72 110 509 14 1
4433 72 111 509 14 1
4434 72 112 509 14 1
4435 72 113 509 14 1
4436 72 114 509 14 1
4437 72 115 509 14 1
4438 72 116 509 14 1
4439 72 117 509 14 1
4440 72 118 509 14 1
4441 72 119 509 14 1
4442 72 120 509 14 1
4443 72 121 509 14 1
4444 72 122 509 14 1
4445 72 123 509 14 1
4446 72 124 509 14 1
4447 72 125 509 14 1
4448 72 126 509 14 1
4449 73 64 509 14 1
4450 73 65 509 14 1
4451 73 66 509 14 1
4452 73 67 509 14 1
4453 73 68 509 14 1
4454 73 69 509 14 1
4455 73 70 509 14 1
4456 73 71 509 14 1
4457 73 72 509 14 1
4458 73 73 509 14 1
4459 73 74 509 14 1
4460 73 75 509 14 1
4461 73 76 509 14 1
4462 73 77 509 14 1
4463 73 80 509 14 1
4464 73 81 509 14 1
4465 73 82 509 14 1
4466 73 83 509 14 1
4467 73 84 509 14 1
4468 73 85 509 14 1
4469 73 86 509 14 1
4470 73 87 509 14 1
4471 73 88 509 14 1
4472 73 89 509 14 1
4473 73 90 509 14 1
4474 73 91 509 14 1
4475 73 92 509 14 1
4476 73 93 509 14 1
4477 73 94 509 14 1
4478 73 95 509 14 1
4479 73 96 509 14 1
4480 73 97 509 14 1
4481 73 98 509 14 1
4482 73 99 509 14 1
4483 73 100 509 14 1
4484 73 101 509 14 1
4485 73 102 509 14 1
4486 73 103 509 14 1
4487 73 104 509 14 1
4488 73 105 509 14 1
4489 73 106 509 14 1
4490 73 107 509 14 1
4491 73 108 509 14 1
4492 73 109 509 14 1
4493 73 110 509 14 1
4494 73 111 509 14 1
4495 73 112 509 14 1
4496 73 113 509 14 1
4497 73 114 509 14 1
4498 73 115 509 14 1
4499 73 116 509 14 1
4500 73 117 509 14 1
4501 73 118 509 14 1
4502 73 119 509 14 1
4503 73 120 509 14 1
4504 73 121 509 14 1
4505 73 122 509 14 1
4506 73 123 509 14 1
4507 73 124 509 14 1
4508 73 125 509 14 1
4509 73 126 509 14 1
4510 74 64 509 14 1
4511 74 65 509 14 1
4512 74 66 509 14 1
4513 74 67 509 14 1
4514 74 68 509 14 1
4515 74 69 509 14 1
4516 74 70 509 14 1
4517 74 71 509 14 1
4518 74 72 509 14 1
4519 74 73 509 14 1
4520 74 74 509 14 1
4521 74 75 509 14 1
4522 74 76 509 14 1
4523 74 77 509 14 1
4524 74 80 509 14 1
4525 74 81 509 14 1
4526 74 82 509 14 1
4527 74 83 509 14 1
4528 74 84 509 14 1
4529 74 85 509 14 1
4530 74 86 509 14 1
4531 74 87 509 14 1
4532 74 88 509 14 1
4533 74 89 509 14 1
4534 74 90 509 14 1
4535 74 91 509 14 1
4536 74 92 509 14 1
4537 74 93 509 14 1
4538 74 94 509 14 1
4539 74 95 509 14 1
4540 74 96 509 14 1
4541 74 97 509 14 1
4542 74 98 509 14 1
4543 74 99 509 14 1
4544 74 100 509 14 1
4545 74 101 509 14 1
4546 74 102 509 14 1
4547 74 103 509 14 1
4548 74 104 509 14 1
4549 74 105 509 14 1
4550 74 106 509 14 1
4551 74 107 509 14 1
4552 74 108 509 14 1
4553 74 109 509 14 1
4554 74 110 509 14 1
4555 74 111 509 14 1
4556 74 112 509 14 1
4557 74 113 509 14 1
4558 74 114 509 14 1
4559 74 115 509 14 1
4560 74 116 509 14 1
4561 74 117 509 14 1
4562 74 118 509 14 1
4563 74 119 509 14 1
4564 74 120 509 14 1
4565 74 121 509 14 1
4566 74 122 509 14 1
4567 74 123 509 14 1
4568 74 124 509 14 1
4569 74 125 509 14 1
4570 74 126 509 14 1
4571 75 64 509 14 1
4572 75 65 509 14 1
4573 75 66 509 14 1
4574 75 67 509 14 1
4575 75 68 509 14 1
4576 75 69 509 14 1
4577 75 70 509 14 1
4578 75 71 509 14 1
4579 75 72 509 14 1
4580 75 73 509 14 1
4581 75 74 509 14 1
4582 75 75 509 14 1
4583 75 76 509 14 1
4584 75 77 509 14 1
4585 75 80 509 14 1
4586 75 81 509 14 1
4587 75 82 509 14 1
4588 75 83 509 14 1
4589 75 84 509 14 1
4590 75 85 509 14 1
4591 75 86 509 14 1
4592 75 87 509 14 1
4593 75 88 509 14 1
4594 75 89 509 14 1
4595 75 90 509 14 1
4596 75 91 509 14 1
4597 75 92 509 14 1
4598 75 93 509 14 1
4599 75 94 509 14 1
4600 75 95 509 14 1
4601 75 96 509 14 1
4602 75 97 509 14 1
4603 75 98 509 14 1
4604 75 99 509 14 1
4605 75 100 509 14 1
4606 75 101 509 14 1
4607 75 102 509 14 1
4608 75 103 509 14 1
4609 75 104 509 14 1
4610 75 105 509 14 1
4611 75 106 509 14 1
4612 75 107 509 14 1
4613 75 108 509 14 1
4614 75 109 509 14 1
4615 75 110 509 14 1
4616 75 111 509 14 1
4617 75 112 509 14 1
4618 75 113 509 14 1
4619 75 114 509 14 1
4620 75 115 509 14 1
4621 75 116 509 14 1
4622 75 117 509 14 1
4623 75 118 509 14 1
4624 75 119 509 14 1
4625 75 120 509 14 1
4626 75 121 509 14 1
4627 75 122 509 14 1
4628 75 123 509 14 1
4629 75 124 509 14 1
4630 75 125 509 14 1
4631 75 126 509 14 1
4632 76 64 509 14 1
4633 76 65 509 14 1
4634 76 66 509 14 1
4635 76 67 509 14 1
4636 76 68 509 14 1
4637 76 69 509 14 1
4638 76 70 509 14 1
4639 76 71 509 14 1
4640 76 72 509 14 1
4641 76 73 509 14 1
4642 76 74 509 14 1
4643 76 75 509 14 1
4644 76 76 509 14 1
4645 76 77 509 14 1
4646 76 80 509 14 1
4647 76 81 509 14 1
4648 76 82 509 14 1
4649 76 83 509 14 1
4650 76 84 509 14 1
4651 76 85 509 14 1
4652 76 86 509 14 1
4653 76 87 509 14 1
4654 76 88 509 14 1
4655 76 89 509 14 1
4656 76 90 509 14 1
4657 76 91 509 14 1
4658 76 92 509 14 1
4659 76 93 509 14 1
4660 76 94 509 14 1
4661 76 95 509 14 1
4662 76 96 509 14 1
4663 76 97 509 14 1
4664 76 98 509 14 1
4665 76 99 509 14 1
4666 76 100 509 14 1
4667 76 101 509 14 1
4668 76 102 509 14 1
4669 76 103 509 14 1
4670 76 104 509 14 1
4671 76 105 509 14 1
4672 76 106 509 14 1
4673 76 107 509 14 1
4674 76 108 509 14 1
4675 76 109 509 14 1
4676 76 110 509 14 1
4677 76 111 509 14 1
4678 76 112 509 14 1
4679 76 113 509 14 1
4680 76 114 509 14 1
4681 76 115 509 14 1
4682 76 116 509 14 1
4683 76 117 509 14 1
4684 76 118 509 14 1
4685 76 119 509 14 1
4686 76 120 509 14 1
4687 76 121 509 14 1
4688 76 122 509 14 1
4689 76 123 509 14 1
4690 76 124 509 14 1
4691 76 125 509 14 1
4692 76 126 509 14 1
4693 77 64 509 14 1
4694 77 65 509 14 1
4695 77 66 509 14 1
4696 77 67 509 14 1
4697 77 68 509 14 1
4698 77 69 509 14 1
4699 77 70 509 14 1
4700 77 71 509 14 1
4701 77 72 509 14 1
4702 77 73 509 14 1
4703 77 74 509 14 1
4704 77 75 509 14 1
4705 77 76 509 14 1
4706 77 77 509 14 1
4707 77 80 509 14 1
4708 77 81 509 14 1
4709 77 82 509 14 1
4710 77 83 509 14 1
4711 77 84 509 14 1
4712 77 85 509 14 1
4713 77 86 509 14 1
4714 77 87 509 14 1
4715 77 88 509 14 1
4716 77 89 509 14 1
4717 77 90 509 14 1
4718 77 91 509 14 1
4719 77 92 509 14 1
4720 77 93 509 14 1
4721 77 94 509 14 1
4722 77 95 509 14 1
4723 77 96 509 14 1
4724 77 97 509 14 1
4725 77 98 509 14 1
4726 77 99 509 14 1
4727 77 100 509 14 1
4728 77 101 509 14 1
4729 77 102 509 14 1
4730 77 103 509 14 1
4731 77 104 509 14 1
4732 77 105 509 14 1
4733 77 106 509 14 1
4734 77 107 509 14 1
4735 77 108 509 14 1
4736 77 109 509 14 1
4737 77 110 509 14 1
4738 77 111 509 14 1
4739 77 112 509 14 1
4740 77 113 509 14 1
4741 77 114 509 14 1
4742 77 115 509 14 1
4743 77 116 509 14 1
4744 77 117 509 14 1
4745 77 118 509 14 1
4746 77 119 509 14 1
4747 77 120 509 14 1
4748 77 121 509 14 1
4749 77 122 509 14 1
4750 77 123 509 14 1
4751 77 124 509 14 1
4752 77 125 509 14 1
4753 77 126 509 14 1
4754 78 64 509 14 1
4755 78 65 509 14 1
4756 78 66 509 14 1
4757 78 67 509 14 1
4758 78 68 509 14 1
4759 78 69 509 14 1
4760 78 70 509 14 1
4761 78 71 509 14 1
4762 78 72 509 14 1
4763 78 73 509 14 1
4764 78 74 509 14 1
4765 78 75 509 14 1
4766 78 76 509 14 1
4767 78 77 509 14 1
4768 78 80 509 14 1
4769 78 81 509 14 1
4770 78 82 509 14 1
4771 78 83 509 14 1
4772 78 84 509 14 1
4773 78 85 509 14 1
4774 78 86 509 14 1
4775 78 87 509 14 1
4776 78 88 509 14 1
4777 78 89 509 14 1
4778 78 90 509 14 1
4779 78 91 509 14 1
4780 78 92 509 14 1
4781 78 93 509 14 1
4782 78 94 509 14 1
4783 78 95 509 14 1
4784 78 96 509 14 1
4785 78 97 509 14 1
4786 78 98 509 14 1
4787 78 99 509 14 1
4788 78 100 509 14 1
4789 78 101 509 14 1
4790 78 102 509 14 1
4791 78 103 509 14 1
4792 78 104 509 14 1
4793 78 105 509 14 1
4794 78 106 509 14 1
4795 78 107 509 14 1
4796 78 108 509 14 1
4797 78 109 509 14 1
4798 78 110 509 14 1
4799 78 111 509 14 1
4800 78 112 509 14 1
4801 78 113 509 14 1
4802 78 114 509 14 1
4803 78 115 509 14 1
4804 78 116 509 14 1
4805 78 117 509 14 1
4806 78 118 509 14 1
4807 78 119 509 14 1
4808 78 120 509 14 1
4809 78 121 509 14 1
4810 78 122 509 14 1
4811 78 123 509 14 1
4812 78 124 509 14 1
4813 78 125 509 14 1
4814 78 126 509 14 1
4815 79 64 509 14 1
4816 79 65 509 14 1
4817 79 66 509 14 1
4818 79 67 509 14 1
4819 79 68 509 14 1
4820 79 69 509 14 1
4821 79 70 509 14 1
4822 79 71 509 14 1
4823 79 72 509 14 1
4824 79 73 509 14 1
4825 79 74 509 14 1
4826 79 75 509 14 1
4827 79 76 509 14 1
4828 79 77 509 14 1
4829 79 80 509 14 1
4830 79 81 509 14 1
4831 79 82 509 14 1
4832 79 83 509 14 1
4833 79 84 509 14 1
4834 79 85 509 14 1
4835 79 86 509 14 1
4836 79 87 509 14 1
4837 79 88 509 14 1
4838 79 89 509 14 1
4839 79 90 509 14 1
4840 79 91 509 14 1
4841 79 92 509 14 1
4842 79 93 509 14 1
4843 79 94 509 14 1
4844 79 95 509 14 1
4845 79 96 509 14 1
4846 79 97 509 14 1
4847 79 98 509 14 1
4848 79 99 509 14 1
4849 79 100 509 14 1
4850 79 101 509 14 1
4851 79 102 509 14 1
4852 79 103 509 14 1
4853 79 104 509 14 1
4854 79 105 509 14 1
4855 79 106 509 14 1
4856 79 107 509 14 1
4857 79 108 509 14 1
4858 79 109 509 14 1
4859 79 110 509 14 1
4860 79 111 509 14 1
4861 79 112 509 14 1
4862 79 113 509 14 1
4863 79 114 509 14 1
4864 79 115 509 14 1
4865 79 116 509 14 1
4866 79 117 509 14 1
4867 79 118 509 14 1
4868 79 119 509 14 1
4869 79 120 509 14 1
4870 79 121 509 14 1
4871 79 122 509 14 1
4872 79 123 509 14 1
4873 79 124 509 14 1
4874 79 125 509 14 1
4875 79 126 509 14 1
4876 80 64 509 14 1
4877 80 65 509 14 1
4878 80 66 509 14 1
4879 80 67 509 14 1
4880 80 68 509 14 1
4881 80 69 509 14 1
4882 80 70 509 14 1
4883 80 71 509 14 1
4884 80 72 509 14 1
4885 80 73 509 14 1
4886 80 74 509 14 1
4887 80 75 509 14 1
4888 80 76 509 14 1
4889 80 77 509 14 1
4890 80 80 509 14 1
4891 80 81 509 14 1
4892 80 82 509 14 1
4893 80 83 509 14 1
4894 80 84 509 14 1
4895 80 85 509 14 1
4896 80 86 509 14 1
4897 80 87 509 14 1
4898 80 88 509 14 1
4899 80 89 509 14 1
4900 80 90 509 14 1
4901 80 91 509 14 1
4902 80 92 509 14 1
4903 80 93 509 14 1
4904 80 94 509 14 1
4905 80 95 509 14 1
4906 80 96 509 14 1
4907 80 97 509 14 1
4908 80 98 509 14 1
4909 80 99 509 14 1
4910 80 100 509 14 1
4911 80 101 509 14 1
4912 80 102 509 14 1
4913 80 103 509 14 1
4914 80 104 509 14 1
4915 80 105 509 14 1
4916 80 106 509 14 1
4917 80 107 509 14 1
4918 80 108 509 14 1
4919 80 109 509 14 1
4920 80 110 509 14 1
4921 80 111 509 14 1
4922 80 112 509 14 1
4923 80 113 509 14 1
4924 80 114 509 14 1
4925 80 115 509 14 1
4926 80 116 509 14 1
4927 80 117 509 14 1
4928 80 118 509 14 1
4929 80 119 509 14 1
4930 80 120 509 14 1
4931 80 121 509 14 1
4932 80 122 509 14 1
4933 80 123 509 14 1
4934 80 124 509 14 1
4935 80 125 509 14 1
4936 80 126 509 14 1
4937 81 64 509 14 1
4938 81 65 509 14 1
4939 81 66 509 14 1
4940 81 67 509 14 1
4941 81 68 509 14 1
4942 81 69 509 14 1
4943 81 70 509 14 1
4944 81 71 509 14 1
4945 81 72 509 14 1
4946 81 73 509 14 1
4947 81 74 509 14 1
4948 81 75 509 14 1
4949 81 76 509 14 1
4950 81 77 509 14 1
4951 81 80 509 14 1
4952 81 81 509 14 1
4953 81 82 509 14 1
4954 81 83 509 14 1
4955 81 84 509 14 1
4956 81 85 509 14 1
4957 81 86 509 14 1
4958 81 87 509 14 1
4959 81 88 509 14 1
4960 81 89 509 14 1
4961 81 90 509 14 1
4962 81 91 509 14 1
4963 81 92 509 14 1
4964 81 93 509 14 1
4965 81 94 509 14 1
4966 81 95 509 14 1
4967 81 96 509 14 1
4968 81 97 509 14 1
4969 81 98 509 14 1
4970 81 99 509 14 1
4971 81 100 509 14 1
4972 81 101 509 14 1
4973 81 102 509 14 1
4974 81 103 509 14 1
4975 81 104 509 14 1
4976 81 105 509 14 1
4977 81 106 509 14 1
4978 81 107 509 14 1
4979 81 108 509 14 1
4980 81 109 509 14 1
4981 81 110 509 14 1
4982 81 111 509 14 1
4983 81 112 509 14 1
4984 81 113 509 14 1
4985 81 114 509 14 1
4986 81 115 509 14 1
4987 81 116 509 14 1
4988 81 117 509 14 1
4989 81 118 509 14 1
4990 81 119 509 14 1
4991 81 120 509 14 1
4992 81 121 509 14 1
4993 81 122 509 14 1
4994 81 123 509 14 1
4995 81 124 509 14 1
4996 81 125 509 14 1
4997 81 126 509 14 1
4998 82 64 509 14 1
4999 82 65 509 14 1
5000 82 66 509 14 1
5001 82 67 509 14 1
5002 82 68 509 14 1
5003 82 69 509 14 1
5004 82 70 509 14 1
5005 82 71 509 14 1
5006 82 72 509 14 1
5007 82 73 509 14 1
5008 82 74 509 14 1
5009 82 75 509 14 1
5010 82 76 509 14 1
5011 82 77 509 14 1
5012 82 78 509 14 1
5013 82 79 509 14 1
5014 82 80 509 14 1
5015 82 81 509 14 1
5016 82 82 509 14 1
5017 82 83 509 14 1
5018 82 84 509 14 1
5019 82 85 509 14 1
5020 82 86 509 14 1
5021 82 87 509 14 1
5022 82 88 509 14 1
5023 82 89 509 14 1
5024 82 90 509 14 1
5025 82 91 509 14 1
5026 82 92 509 14 1
5027 82 93 509 14 1
5028 82 94 509 14 1
5029 82 95 509 14 1
5030 82 96 509 14 1
5031 82 97 509 14 1
5032 82 98 509 14 1
5033 82 99 509 14 1
5034 82 100 509 14 1
5035 82 101 509 14 1
5036 82 102 509 14 1
5037 82 103 509 14 1
5038 82 104 509 14 1
5039 82 105 509 14 1
5040 82 106 509 14 1
5041 82 107 509 14 1
5042 82 108 509 14 1
5043 82 109 509 14 1
5044 82 110 509 14 1
5045 82 111 509 14 1
5046 82 112 509 14 1
5047 82 113 509 14 1
5048 82 114 509 14 1
5049 82 115 509 14 1
5050 82 116 509 14 1
5051 82 117 509 14 1
5052 82 118 509 14 1
5053 82 119 509 14 1
5054 82 120 509 14 1
5055 82 121 509 14 1
5056 82 122 509 14 1
5057 82 123 509 14 1
5058 82 124 509 14 1
5059 82 125 509 14 1
5060 82 126 509 14 1
5061 83 64 509 14 1
5062 83 65 509 14 1
5063 83 66 509 14 1
5064 83 67 509 14 1
5065 83 68 509 14 1
5066 83 69 509 14 1
5067 83 70 509 14 1
5068 83 71 509 14 1
5069 83 72 509 14 1
5070 83 73 509 14 1
5071 83 74 509 14 1
5072 83 75 509 14 1
5073 83 76 509 14 1
5074 83 77 509 14 1
5075 83 78 509 14 1
5076 83 79 509 14 1
5077 83 80 509 14 1
5078 83 81 509 14 1
5079 83 82 509 14 1
5080 83 83 509 14 1
5081 83 84 509 14 1
5082 83 85 509 14 1
5083 83 86 509 14 1
5084 83 87 509 14 1
5085 83 88 509 14 1
5086 83 89 509 14 1
5087 83 90 509 14 1
5088 83 91 509 14 1
5089 83 92 509 14 1
5090 83 93 509 14 1
5091 83 94 509 14 1
5092 83 95 509 14 1
5093 83 96 509 14 1
5094 83 97 509 14 1
5095 83 98 509 14 1
5096 83 99 509 14 1
5097 83 100 509 14 1
5098 83 101 509 14 1
5099 83 102 509 14 1
5100 83 103 509 14 1
5101 83 104 509 14 1
5102 83 105 509 14 1
5103 83 106 509 14 1
5104 83 107 509 14 1
5105 83 108 509 14 1
5106 83 109 509 14 1
5107 83 110 509 14 1
5108 83 111 509 14 1
5109 83 112 509 14 1
5110 83 113 509 14 1
5111 83 114 509 14 1
5112 83 115 509 14 1
5113 83 116 509 14 1
5114 83 117 509 14 1
5115 83 118 509 14 1
5116 83 119 509 14 1
5117 83 120 509 14 1
5118 83 121 509 14 1
5119 83 122 509 14 1
5120 83 123 509 14 1
5121 83 124 509 14 1
5122 83 125 509 14 1
5123 83 126 509 14 1
5124 84 64 509 14 1
5125 84 65 509 14 1
5126 84 66 509 14 1
5127 84 67 509 14 1
5128 84 68 509 14 1
5129 84 69 509 14 1
5130 84 70 509 14 1
5131 84 71 509 14 1
5132 84 72 509 14 1
5133 84 73 509 14 1
5134 84 74 509 14 1
5135 84 75 509 14 1
5136 84 76 509 14 1
5137 84 77 509 14 1
5138 84 78 509 14 1
5139 84 79 509 14 1
5140 84 80 509 14 1
5141 84 81 509 14 1
5142 84 82 509 14 1
5143 84 83 509 14 1
5144 84 84 509 14 1
5145 84 85 509 14 1
5146 84 86 509 14 1
5147 84 87 509 14 1
5148 84 88 509 14 1
5149 84 89 509 14 1
5150 84 90 509 14 1
5151 84 91 509 14 1
5152 84 92 509 14 1
5153 84 93 509 14 1
5154 84 94 509 14 1
5155 84 95 509 14 1
5156 84 96 509 14 1
5157 84 97 509 14 1
5158 84 98 509 14 1
5159 84 99 509 14 1
5160 84 100 509 14 1
5161 84 101 509 14 1
5162 84 102 509 14 1
5163 84 103 509 14 1
5164 84 104 509 14 1
5165 84 105 509 14 1
5166 84 106 509 14 1
5167 84 107 509 14 1
5168 84 108 509 14 1
5169 84 109 509 14 1
5170 84 110 509 14 1
5171 84 111 509 14 1
5172 84 112 509 14 1
5173 84 113 509 14 1
5174 84 114 509 14 1
5175 84 115 509 14 1
5176 84 116 509 14 1
5177 84 117 509 14 1
5178 84 118 509 14 1
5179 84 119 509 14 1
5180 84 120 509 14 1
5181 84 121 509 14 1
5182 84 122 509 14 1
5183 84 123 509 14 1
5184 84 124 509 14 1
5185 84 125 509 14 1
5186 84 126 509 14 1
5187 85 64 509 14 1
5188 85 65 509 14 1
5189 85 66 509 14 1
5190 85 67 509 14 1
5191 85 68 509 14 1
5192 85 69 509 14 1
5193 85 70 509 14 1
5194 85 71 509 14 1
5195 85 72 509 14 1
5196 85 73 509 14 1
5197 85 74 509 14 1
5198 85 75 509 14 1
5199 85 76 509 14 1
5200 85 77 509 14 1
5201 85 78 509 14 1
5202 85 79 509 14 1
5203 85 80 509 14 1
5204 85 81 509 14 1
5205 85 82 509 14 1
5206 85 83 509 14 1
5207 85 84 509 14 1
5208 85 85 509 14 1
5209 85 86 509 14 1
5210 85 87 509 14 1
5211 85 88 509 14 1
5212 85 89 509 14 1
5213 85 90 509 14 1
5214 85 91 509 14 1
5215 85 92 509 14 1
5216 85 93 509 14 1
5217 85 94 509 14 1
5218 85 95 509 14 1
5219 85 96 509 14 1
5220 85 97 509 14 1
5221 85 98 509 14 1
5222 85 99 509 14 1
5223 85 100 509 14 1
5224 85 101 509 14 1
5225 85 102 509 14 1
5226 85 103 509 14 1
5227 85 104 509 14 1
5228 85 105 509 14 1
5229 85 106 509 14 1
5230 85 107 509 14 1
5231 85 108 509 14 1
5232 85 109 509 14 1
5233 85 110 509 14 1
5234 85 111 509 14 1
5235 85 112 509 14 1
5236 85 113 509 14 1
5237 85 114 509 14 1
5238 85 115 509 14 1
5239 85 116 509 14 1
5240 85 117 509 14 1
5241 85 118 509 14 1
5242 85 119 509 14 1
5243 85 120 509 14 1
5244 85 121 509 14 1
5245 85 122 509 14 1
5246 85 123 509 14 1
5247 85 124 509 14 1
5248 85 125 509 14 1
5249 85 126 509 14 1
5250 86 64 509 14 1
5251 86 65 509 14 1
5252 86 66 509 14 1
5253 86 67 509 14 1
5254 86 68 509 14 1
5255 86 69 509 14 1
5256 86 70 509 14 1
5257 86 71 509 14 1
5258 86 72 509 14 1
5259 86 73 509 14 1
5260 86 74 509 14 1
5261 86 75 509 14 1
5262 86 76 509 14 1
5263 86 77 509 14 1
5264 86 78 509 14 1
5265 86 79 509 14 1
5266 86 80 509 14 1
5267 86 81 509 14 1
5268 86 82 509 14 1
5269 86 83 509 14 1
5270 86 84 509 14 1
5271 86 85 509 14 1
5272 86 86 509 14 1
5273 86 87 509 14 1
5274 86 88 509 14 1
5275 86 89 509 14 1
5276 86 90 509 14 1
5277 86 91 509 14 1
5278 86 92 509 14 1
5279 86 93 509 14 1
5280 86 94 509 14 1
5281 86 95 509 14 1
5282 86 96 509 14 1
5283 86 97 509 14 1
5284 86 98 509 14 1
5285 86 99 509 14 1
5286 86 100 509 14 1
5287 86 101 509 14 1
5288 86 102 509 14 1
5289 86 103 509 14 1
5290 86 104 509 14 1
5291 86 105 509 14 1
5292 86 106 509 14 1
5293 86 107 509 14 1
5294 86 108 509 14 1
5295 86 109 509 14 1
5296 86 110 509 14 1
5297 86 111 509 14 1
5298 86 112 509 14 1
5299 86 113 509 14 1
5300 86 114 509 14 1
5301 86 115 509 14 1
5302 86 116 509 14 1
5303 86 117 509 14 1
5304 86 118 509 14 1
5305 86 119 509 14 1
5306 86 120 509 14 1
5307 86 121 509 14 1
5308 86 122 509 14 1
5309 86 123 509 14 1
5310 86 124 509 14 1
5311 86 125 509 14 1
5312 86 126 509 14 1
5313 87 64 509 14 1
5314 87 65 509 14 1
5315 87 66 509 14 1
5316 87 67 509 14 1
5317 87 68 509 14 1
5318 87 69 509 14 1
5319 87 70 509 14 1
5320 87 71 509 14 1
5321 87 72 509 14 1
5322 87 73 509 14 1
5323 87 74 509 14 1
5324 87 75 509 14 1
5325 87 76 509 14 1
5326 87 77 509 14 1
5327 87 78 509 14 1
5328 87 79 509 14 1
5329 87 80 509 14 1
5330 87 81 509 14 1
5331 87 82 509 14 1
5332 87 83 509 14 1
5333 87 84 509 14 1
5334 87 85 509 14 1
5335 87 86 509 14 1
5336 87 87 509 14 1
5337 87 88 509 14 1
5338 87 89 509 14 1
5339 87 90 509 14 1
5340 87 91 509 14 1
5341 87 92 509 14 1
5342 87 93 509 14 1
5343 87 94 509 14 1
5344 87 95 509 14 1
5345 87 96 509 14 1
5346 87 97 509 14 1
5347 87 98 509 14 1
5348 87 99 509 14 1
5349 87 100 509 14 1
5350 87 101 509 14 1
5351 87 102 509 14 1
5352 87 103 509 14 1
5353 87 104 509 14 1
5354 87 105 509 14 1
5355 87 106 509 14 1
5356 87 107 509 14 1
5357 87 108 509 14 1
5358 87 109 509 14 1
5359 87 110 509 14 1
5360 87 111 509 14 1
5361 87 112 509 14 1
5362 87 113 509 14 1
5363 87 114 509 14 1
5364 87 115 509 14 1
5365 87 116 509 14 1
5366 87 117 509 14 1
5367 87 118 509 14 1
5368 87 119 509 14 1
5369 87 120 509 14 1
5370 87 121 509 14 1
5371 87 122 509 14 1
5372 87 123 509 14 1
5373 87 124 509 14 1
5374 87 125 509 14 1
5375 87 126 509 14 1
5376 88 64 509 14 1
5377 88 65 509 14 1
5378 88 66 509 14 1
5379 88 67 509 14 1
5380 88 68 509 14 1
5381 88 69 509 14 1
5382 88 70 509 14 1
5383 88 71 509 14 1
5384 88 72 509 14 1
5385 88 73 509 14 1
5386 88 74 509 14 1
5387 88 75 509 14 1
5388 88 76 509 14 1
5389 88 77 509 14 1
5390 88 78 509 14 1
5391 88 79 509 14 1
5392 88 80 509 14 1
5393 88 81 509 14 1
5394 88 82 509 14 1
5395 88 83 509 14 1
5396 88 84 509 14 1
5397 88 85 509 14 1
5398 88 86 509 14 1
5399 88 87 509 14 1
5400 88 88 509 14 1
5401 88 89 509 14 1
5402 88 90 509 14 1
5403 88 91 509 14 1
5404 88 92 509 14 1
5405 88 93 509 14 1
5406 88 94 509 14 1
5407 88 95 509 14 1
5408 88 96 509 14 1
5409 88 97 509 14 1
5410 88 98 509 14 1
5411 88 99 509 14 1
5412 88 100 509 14 1
5413 88 101 509 14 1
5414 88 102 509 14 1
5415 88 103 509 14 1
5416 88 104 509 14 1
5417 88 105 509 14 1
5418 88 106 509 14 1
5419 88 107 509 14 1
5420 88 108 509 14 1
5421 88 109 509 14 1
5422 88 110 509 14 1
5423 88 111 509 14 1
5424 88 112 509 14 1
5425 88 113 509 14 1
5426 88 114 509 14 1
5427 88 115 509 14 1
5428 88 116 509 14 1
5429 88 117 509 14 1
5430 88 118 509 14 1
5431 88 119 509 14 1
5432 88 120 509 14 1
5433 88 121 509 14 1
5434 88 122 509 14 1
5435 88 123 509 14 1
5436 88 124 509 14 1
5437 88 125 509 14 1
5438 88 126 509 14 1
5439 89 64 509 14 1
5440 89 65 509 14 1
5441 89 66 509 14 1
5442 89 67 509 14 1
5443 89 68 509 14 1
5444 89 69 509 14 1
5445 89 70 509 14 1
5446 89 71 509 14 1
5447 89 72 509 14 1
5448 89 73 509 14 1
5449 89 74 509 14 1
5450 89 75 509 14 1
5451 89 76 509 14 1
5452 89 77 509 14 1
5453 89 78 509 14 1
5454 89 79 509 14 1
5455 89 80 509 14 1
5456 89 81 509 14 1
5457 89 82 509 14 1
5458 89 83 509 14 1
5459 89 84 509 14 1
5460 89 85 509 14 1
5461 89 86 509 14 1
5462 89 87 509 14 1
5463 89 88 509 14 1
5464 89 89 509 14 1
5465 89 90 509 14 1
5466 89 91 509 14 1
5467 89 92 509 14 1
5468 89 93 509 14 1
5469 89 94 509 14 1
5470 89 95 509 14 1
5471 89 96 509 14 1
5472 89 97 509 14 1
5473 89 98 509 14 1
5474 89 99 509 14 1
5475 89 100 509 14 1
5476 89 101 509 14 1
5477 89 102 509 14 1
5478 89 103 509 14 1
5479 89 104 509 14 1
5480 89 105 509 14 1
5481 89 106 509 14 1
5482 89 107 509 14 1
5483 89 108 509 14 1
5484 89 109 509 14 1
5485 89 110 509 14 1
5486 89 111 509 14 1
5487 89 112 509 14 1
5488 89 113 509 14 1
5489 89 114 509 14 1
5490 89 115 509 14 1
5491 89 116 509 14 1
5492 89 117 509 14 1
5493 89 118 509 14 1
5494 89 119 509 14 1
5495 89 120 509 14 1
5496 89 121 509 14 1
5497 89 122 509 14 1
5498 89 123 509 14 1
5499 89 124 509 14 1
5500 89 125 509 14 1
5501 89 126 509 14 1
5502 90 64 509 14 1
5503 90 65 509 14 1
5504 90 66 509 14 1
5505 90 67 509 14 1
5506 90 68 509 14 1
5507 90 69 509 14 1
5508 90 70 509 14 1
5509 90 71 509 14 1
5510 90 72 509 14 1
5511 90 73 509 14 1
5512 90 74 509 14 1
5513 90 75 509 14 1
5514 90 76 509 14 1
5515 90 77 509 14 1
5516 90 78 509 14 1
5517 90 79 509 14 1
5518 90 80 509 14 1
5519 90 81 509 14 1
5520 90 82 509 14 1
5521 90 83 509 14 1
5522 90 84 509 14 1
5523 90 85 509 14 1
5524 90 86 509 14 1
5525 90 87 509 14 1
5526 90 88 509 14 1
5527 90 89 509 14 1
5528 90 90 509 14 1
5529 90 91 509 14 1
5530 90 92 509 14 1
5531 90 93 509 14 1
5532 90 94 509 14 1
5533 90 95 509 14 1
5534 90 96 509 14 1
5535 90 97 509 14 1
5536 90 98 509 14 1
5537 90 99 509 14 1
5538 90 100 509 14 1
5539 90 101 509 14 1
5540 90 102 509 14 1
5541 90 103 509 14 1
5542 90 104 509 14 1
5543 90 105 509 14 1
5544 90 106 509 14 1
5545 90 107 509 14 1
5546 90 108 509 14 1
5547 90 109 509 14 1
5548 90 110 509 14 1
5549 90 111 509 14 1
5550 90 112 509 14 1
5551 90 113 509 14 1
5552 90 114 509 14 1
5553 90 115 509 14 1
5554 90 116 509 14 1
5555 90 117 509 14 1
5556 90 118 509 14 1
5557 90 119 509 14 1
5558 90 120 509 14 1
5559 90 121 509 14 1
5560 90 122 509 14 1
5561 90 123 509 14 1
5562 90 124 509 14 1
5563 90 125 509 14 1
5564 90 126 509 14 1
5565 91 64 509 14 1
5566 91 65 509 14 1
5567 91 66 509 14 1
5568 91 67 509 14 1
5569 91 68 509 14 1
5570 91 69 509 14 1
5571 91 70 509 14 1
5572 91 71 509 14 1
5573 91 72 509 14 1
5574 91 73 509 14 1
5575 91 74 509 14 1
5576 91 75 509 14 1
5577 91 76 509 14 1
5578 91 77 509 14 1
5579 91 78 509 14 1
5580 91 79 509 14 1
5581 91 80 509 14 1
5582 91 81 509 14 1
5583 91 82 509 14 1
5584 91 83 509 14 1
5585 91 84 509 14 1
5586 91 85 509 14 1
5587 91 86 509 14 1
5588 91 87 509 14 1
5589 91 88 509 14 1
5590 91 89 509 14 1
5591 91 90 509 14 1
5592 91 91 509 14 1
5593 91 92 509 14 1
5594 91 93 509 14 1
5595 91 94 509 14 1
5596 91 95 509 14 1
5597 91 96 509 14 1
5598 91 97 509 14 1
5599 91 98 509 14 1
5600 91 99 509 14 1
5601 91 100 509 14 1
5602 91 101 509 14 1
5603 91 102 509 14 1
5604 91 103 509 14 1
5605 91 104 509 14 1
5606 91 105 509 14 1
5607 91 106 509 14 1
5608 91 107 509 14 1
5609 91 108 509 14 1
5610 91 109 509 14 1
5611 91 110 509 14 1
5612 91 111 509 14 1
5613 91 112 509 14 1
5614 91 113 509 14 1
5615 91 114 509 14 1
5616 91 115 509 14 1
5617 91 116 509 14 1
5618 91 117 509 14 1
5619 91 118 509 14 1
5620 91 119 509 14 1
5621 91 120 509 14 1
5622 91 121 509 14 1
5623 91 122 509 14 1
5624 91 123 509 14 1
5625 91 124 509 14 1
5626 91 125 509 14 1
5627 91 126 509 14 1
5628 92 64 509 14 1
5629 92 65 509 14 1
5630 92 66 509 14 1
5631 92 67 509 14 1
5632 92 68 509 14 1
5633 92 69 509 14 1
5634 92 70 509 14 1
5635 92 71 509 14 1
5636 92 72 509 14 1
5637 92 73 509 14 1
5638 92 74 509 14 1
5639 92 75 509 14 1
5640 92 76 509 14 1
5641 92 77 509 14 1
5642 92 78 509 14 1
5643 92 79 509 14 1
5644 92 80 509 14 1
5645 92 81 509 14 1
5646 92 82 509 14 1
5647 92 83 509 14 1
5648 92 84 509 14 1
5649 92 85 509 14 1
5650 92 86 509 14 1
5651 92 87 509 14 1
5652 92 88 509 14 1
5653 92 89 509 14 1
5654 92 90 509 14 1
5655 92 91 509 14 1
5656 92 92 509 14 1
5657 92 93 509 14 1
5658 92 94 509 14 1
5659 92 95 509 14 1
5660 92 96 509 14 1
5661 92 97 509 14 1
5662 92 98 509 14 1
5663 92 99 509 14 1
5664 92 100 509 14 1
5665 92 101 509 14 1
5666 92 102 509 14 1
5667 92 103 509 14 1
5668 92 104 509 14 1
5669 92 105 509 14 1
5670 92 106 509 14 1
5671 92 107 509 14 1
5672 92 108 509 14 1
5673 92 109 509 14 1
5674 92 110 509 14 1
5675 92 111 509 14 1
5676 92 112 509 14 1
5677 92 113 509 14 1
5678 92 114 509 14 1
5679 92 115 509 14 1
5680 92 116 509 14 1
5681 92 117 509 14 1
5682 92 118 509 14 1
5683 92 119 509 14 1
5684 92 120 509 14 1
5685 92 121 509 14 1
5686 92 122 509 14 1
5687 92 123 509 14 1
5688 92 124 509 14 1
5689 92 125 509 14 1
5690 92 126 509 14 1
5691 93 64 509 14 1
5692 93 65 509 14 1
5693 93 66 509 14 1
5694 93 67 509 14 1
5695 93 68 509 14 1
5696 93 69 509 14 1
5697 93 70 509 14 1
5698 93 71 509 14 1
5699 93 72 509 14 1
5700 93 73 509 14 1
5701 93 74 509 14 1
5702 93 75 509 14 1
5703 93 76 509 14 1
5704 93 77 509 14 1
5705 93 78 509 14 1
5706 93 79 509 14 1
5707 93 80 509 14 1
5708 93 81 509 14 1
5709 93 82 509 14 1
5710 93 83 509 14 1
5711 93 84 509 14 1
5712 93 85 509 14 1
5713 93 86 509 14 1
5714 93 87 509 14 1
5715 93 88 509 14 1
5716 93 89 509 14 1
5717 93 90 509 14 1
5718 93 91 509 14 1
5719 93 92 509 14 1
5720 93 93 509 14 1
5721 93 94 509 14 1
5722 93 95 509 14 1
5723 93 96 509 14 1
5724 93 97 509 14 1
5725 93 98 509 14 1
5726 93 99 509 14 1
5727 93 100 509 14 1
5728 93 101 509 14 1
5729 93 102 509 14 1
5730 93 103 509 14 1
5731 93 104 509 14 1
5732 93 105 509 14 1
5733 93 106 509 14 1
5734 93 107 509 14 1
5735 93 108 509 14 1
5736 93 109 509 14 1
5737 93 110 509 14 1
5738 93 111 509 14 1
5739 93 112 509 14 1
5740 93 113 509 14 1
5741 93 114 509 14 1
5742 93 115 509 14 1
5743 93 116 509 14 1
5744 93 117 509 14 1
5745 93 118 509 14 1
5746 93 119 509 14 1
5747 93 120 509 14 1
5748 93 121 509 14 1
5749 93 122 509 14 1
5750 93 123 509 14 1
5751 93 124 509 14 1
5752 93 125 509 14 1
5753 93 126 509 14 1
5754 94 64 509 14 1
5755 94 65 509 14 1
5756 94 66 509 14 1
5757 94 67 509 14 1
5758 94 68 509 14 1
5759 94 69 509 14 1
5760 94 70 509 14 1
5761 94 71 509 14 1
5762 94 72 509 14 1
5763 94 73 509 14 1
5764 94 74 509 14 1
5765 94 75 509 14 1
5766 94 76 509 14 1
5767 94 77 509 14 1
5768 94 78 509 14 1
5769 94 79 509 14 1
5770 94 80 509 14 1
5771 94 81 509 14 1
5772 94 82 509 14 1
5773 94 83 509 14 1
5774 94 84 509 14 1
5775 94 85 509 14 1
5776 94 86 509 14 1
5777 94 87 509 14 1
5778 94 88 509 14 1
5779 94 89 509 14 1
5780 94 90 509 14 1
5781 94 91 509 14 1
5782 94 92 509 14 1
5783 94 93 509 14 1
5784 94 94 509 14 1
5785 94 95 509 14 1
5786 94 96 509 14 1
5787 94 97 509 14 1
5788 94 98 509 14 1
5789 94 99 509 14 1
5790 94 100 509 14 1
5791 94 101 509 14 1
5792 94 102 509 14 1
5793 94 103 509 14 1
5794 94 104 509 14 1
5795 94 105 509 14 1
5796 94 106 509 14 1
5797 94 107 509 14 1
5798 94 108 509 14 1
5799 94 109 509 14 1
5800 94 110 509 14 1
5801 94 111 509 14 1
5802 94 112 509 14 1
5803 94 113 509 14 1
5804 94 114 509 14 1
5805 94 115 509 14 1
5806 94 116 509 14 1
5807 94 117 509 14 1
5808 94 118 509 14 1
5809 94 119 509 14 1
5810 94 120 509 14 1
5811 94 121 509 14 1
5812 94 122 509 14 1
5813 94 123 509 14 1
5814 94 124 509 14 1
5815 94 125 509 14 1
5816 94 126 509 14 1
5817 95 64 509 14 1
5818 95 65 509 14 1
5819 95 66 509 14 1
5820 95 67 509 14 1
5821 95 68 509 14 1
5822 95 69 509 14 1
5823 95 70 509 14 1
5824 95 71 509 14 1
5825 95 72 509 14 1
5826 95 73 509 14 1
5827 95 74 509 14 1
5828 95 75 509 14 1
5829 95 76 509 14 1
5830 95 77 509 14 1
5831 95 78 509 14 1
5832 95 79 509 14 1
5833 95 80 509 14 1
5834 95 81 509 14 1
5835 95 82 509 14 1
5836 95 83 509 14 1
5837 95 84 509 14 1
5838 95 85 509 14 1
5839 95 86 509 14 1
5840 95 87 509 14 1
5841 95 88 509 14 1
5842 95 89 509 14 1
5843 95 90 509 14 1
5844 95 91 509 14 1
5845 95 92 509 14 1
5846 95 93 509 14 1
5847 95 94 509 14 1
5848 95 95 509 14 1
5849 95 96 509 14 1
5850 95 97 509 14 1
5851 95 98 509 14 1
5852 95 99 509 14 1
5853 95 100 509 14 1
5854 95 101 509 14 1
5855 95 102 509 14 1
5856 95 103 509 14 1
5857 95 104 509 14 1
5858 95 105 509 14 1
5859 95 106 509 14 1
5860 95 107 509 14 1
5861 95 108 509 14 1
5862 95 109 509 14 1
5863 95 110 509 14 1
5864 95 111 509 14 1
5865 95 112 509 14 1
5866 95 113 509 14 1
5867 95 114 509 14 1
5868 95 115 509 14 1
5869 95 116 509 14 1
5870 95 117 509 14 1
5871 95 118 509 14 1
5872 95 119 509 14 1
5873 95 120 509 14 1
5874 95 121 509 14 1
5875 95 122 509 14 1
5876 95 123 509 14 1
5877 95 124 509 14 1
5878 95 125 509 14 1
5879 95 126 509 14 1
5880 96 64 509 14 1
5881 96 65 509 14 1
5882 96 66 509 14 1
5883 96 67 509 14 1
5884 96 68 509 14 1
5885 96 69 509 14 1
5886 96 70 509 14 1
5887 96 71 509 14 1
5888 96 72 509 14 1
5889 96 73 509 14 1
5890 96 74 509 14 1
5891 96 75 509 14 1
5892 96 76 509 14 1
5893 96 77 509 14 1
5894 96 78 509 14 1
5895 96 79 509 14 1
5896 96 80 509 14 1
5897 96 81 509 14 1
5898 96 82 509 14 1
5899 96 83 509 14 1
5900 96 84 509 14 1
5901 96 85 509 14 1
5902 96 86 509 14 1
5903 96 87 509 14 1
5904 96 88 509 14 1
5905 96 89 509 14 1
5906 96 90 509 14 1
5907 96 91 509 14 1
5908 96 92 509 14 1
5909 96 93 509 14 1
5910 96 94 509 14 1
5911 96 95 509 14 1
5912 96 96 509 14 1
5913 96 97 509 14 1
5914 96 98 509 14 1
5915 96 99 509 14 1
5916 96 100 509 14 1
5917 96 101 509 14 1
5918 96 102 509 14 1
5919 96 103 509 14 1
5920 96 104 509 14 1
5921 96 105 509 14 1
5922 96 106 509 14 1
5923 96 107 509 14 1
5924 96 108 509 14 1
5925 96 109 509 14 1
5926 96 110 509 14 1
5927 96 111 509 14 1
5928 96 112 509 14 1
5929 96 113 509 14 1
5930 96 114 509 14 1
5931 96 115 509 14 1
5932 96 116 509 14 1
5933 96 117 509 14 1
5934 96 118 509 14 1
5935 96 119 509 14 1
5936 96 120 509 14 1
5937 96 121 509 14 1
5938 96 122 509 14 1
5939 96 123 509 14 1
5940 96 124 509 14 1
5941 96 125 509 14 1
5942 96 126 509 14 1
5943 97 64 509 14 1
5944 97 65 509 14 1
5945 97 66 509 14 1
5946 97 67 509 14 1
5947 97 68 509 14 1
5948 97 69 509 14 1
5949 97 70 509 14 1
5950 97 71 509 14 1
5951 97 72 509 14 1
5952 97 73 509 14 1
5953 97 74 509 14 1
5954 97 75 509 14 1
5955 97 76 509 14 1
5956 97 77 509 14 1
5957 97 78 509 14 1
5958 97 79 509 14 1
5959 97 80 509 14 1
5960 97 81 509 14 1
5961 97 82 509 14 1
5962 97 83 509 14 1
5963 97 84 509 14 1
5964 97 85 509 14 1
5965 97 86 509 14 1
5966 97 87 509 14 1
5967 97 88 509 14 1
5968 97 89 509 14 1
5969 97 90 509 14 1
5970 97 91 509 14 1
5971 97 92 509 14 1
5972 97 93 509 14 1
5973 97 94 509 14 1
5974 97 95 509 14 1
5975 97 96 509 14 1
5976 97 97 509 14 1
5977 97 98 509 14 1
5978 97 99 509 14 1
5979 97 100 509 14 1
5980 97 101 509 14 1
5981 97 102 509 14 1
5982 97 103 509 14 1
5983 97 104 509 14 1
5984 97 105 509 14 1
5985 97 106 509 14 1
5986 97 107 509 14 1
5987 97 108 509 14 1
5988 97 109 509 14 1
5989 97 110 509 14 1
5990 97 111 509 14 1
5991 97 112 509 14 1
5992 97 113 509 14 1
5993 97 114 509 14 1
5994 97 115 509 14 1
5995 97 116 509 14 1
5996 97 117 509 14 1
5997 97 118 509 14 1
5998 97 119 509 14 1
5999 97 120 509 14 1
6000 97 121 509 14 1
6001 97 122 509 14 1
6002 97 123 509 14 1
6003 97 124 509 14 1
6004 97 125 509 14 1
6005 97 126 509 14 1
6006 98 64 509 14 1
6007 98 65 509 14 1
6008 98 66 509 14 1
6009 98 67 509 14 1
6010 98 68 509 14 1
6011 98 69 509 14 1
6012 98 70 509 14 1
6013 98 71 509 14 1
6014 98 72 509 14 1
6015 98 73 509 14 1
6016 98 74 509 14 1
6017 98 75 509 14 1
6018 98 76 509 14 1
6019 98 77 509 14 1
6020 98 78 509 14 1
6021 98 79 509 14 1
6022 98 80 509 14 1
6023 98 81 509 14 1
6024 98 82 509 14 1
6025 98 83 509 14 1
6026 98 84 509 14 1
6027 98 85 509 14 1
6028 98 86 509 14 1
6029 98 87 509 14 1
6030 98 88 509 14 1
6031 98 89 509 14 1
6032 98 90 509 14 1
6033 98 91 509 14 1
6034 98 92 509 14 1
6035 98 93 509 14 1
6036 98 94 509 14 1
6037 98 95 509 14 1
6038 98 96 509 14 1
6039 98 97 509 14 1
6040 98 98 509 14 1
6041 98 99 509 14 1
6042 98 100 509 14 1
6043 98 101 509 14 1
6044 98 102 509 14 1
6045 98 103 509 14 1
6046 98 104 509 14 1
6047 98 105 509 14 1
6048 98 106 509 14 1
6049 98 107 509 14 1
6050 98 108 509 14 1
6051 98 109 509 14 1
6052 98 110 509 14 1
6053 98 111 509 14 1
6054 98 112 509 14 1
6055 98 113 509 14 1
6056 98 114 509 14 1
6057 98 115 509 14 1
6058 98 116 509 14 1
6059 98 117 509 14 1
6060 98 118 509 14 1
6061 98 119 509 14 1
6062 98 120 509 14 1
6063 98 121 509 14 1
6064 98 122 509 14 1
6065 98 123 509 14 1
6066 98 124 509 14 1
6067 98 125 509 14 1
6068 98 126 509 14 1
6069 99 64 509 14 1
6070 99 65 509 14 1
6071 99 66 509 14 1
6072 99 67 509 14 1
6073 99 68 509 14 1
6074 99 69 509 14 1
6075 99 70 509 14 1
6076 99 71 509 14 1
6077 99 72 509 14 1
6078 99 73 509 14 1
6079 99 74 509 14 1
6080 99 75 509 14 1
6081 99 76 509 14 1
6082 99 77 509 14 1
6083 99 78 509 14 1
6084 99 79 509 14 1
6085 99 80 509 14 1
6086 99 81 509 14 1
6087 99 82 509 14 1
6088 99 83 509 14 1
6089 99 84 509 14 1
6090 99 85 509 14 1
6091 99 86 509 14 1
6092 99 87 509 14 1
6093 99 88 509 14 1
6094 99 89 509 14 1
6095 99 90 509 14 1
6096 99 91 509 14 1
6097 99 92 509 14 1
6098 99 93 509 14 1
6099 99 94 509 14 1
6100 99 95 509 14 1
6101 99 96 509 14 1
6102 99 97 509 14 1
6103 99 98 509 14 1
6104 99 99 509 14 1
6105 99 100 509 14 1
6106 99 101 509 14 1
6107 99 102 509 14 1
6108 99 103 509 14 1
6109 99 104 509 14 1
6110 99 105 509 14 1
6111 99 106 509 14 1
6112 99 107 509 14 1
6113 99 108 509 14 1
6114 99 109 509 14 1
6115 99 110 509 14 1
6116 99 111 509 14 1
6117 99 112 509 14 1
6118 99 113 509 14 1
6119 99 114 509 14 1
6120 99 115 509 14 1
6121 99 116 509 14 1
6122 99 117 509 14 1
6123 99 118 509 14 1
6124 99 119 509 14 1
6125 99 120 509 14 1
6126 99 121 509 14 1
6127 99 122 509 14 1
6128 99 123 509 14 1
6129 99 124 509 14 1
6130 99 125 509 14 1
6131 99 126 509 14 1
6132 100 64 509 14 1
6133 100 65 509 14 1
6134 100 66 509 14 1
6135 100 67 509 14 1
6136 100 68 509 14 1
6137 100 69 509 14 1
6138 100 70 509 14 1
6139 100 71 509 14 1
6140 100 72 509 14 1
6141 100 73 509 14 1
6142 100 74 509 14 1
6143 100 75 509 14 1
6144 100 76 509 14 1
6145 100 77 509 14 1
6146 100 78 509 14 1
6147 100 79 509 14 1
6148 100 80 509 14 1
6149 100 81 509 14 1
6150 100 82 509 14 1
6151 100 83 509 14 1
6152 100 84 509 14 1
6153 100 85 509 14 1
6154 100 86 509 14 1
6155 100 87 509 14 1
6156 100 88 509 14 1
6157 100 89 509 14 1
6158 100 90 509 14 1
6159 100 91 509 14 1
6160 100 92 509 14 1
6161 100 93 509 14 1
6162 100 94 509 14 1
6163 100 95 509 14 1
6164 100 96 509 14 1
6165 100 97 509 14 1
6166 100 98 509 14 1
6167 100 99 509 14 1
6168 100 100 509 14 1
6169 100 101 509 14 1
6170 100 102 509 14 1
6171 100 103 509 14 1
6172 100 104 509 14 1
6173 100 105 509 14 1
6174 100 106 509 14 1
6175 100 107 509 14 1
6176 100 108 509 14 1
6177 100 109 509 14 1
6178 100 110 509 14 1
6179 100 111 509 14 1
6180 100 112 509 14 1
6181 100 113 509 14 1
6182 100 114 509 14 1
6183 100 115 509 14 1
6184 100 116 509 14 1
6185 100 117 509 14 1
6186 100 118 509 14 1
6187 100 119 509 14 1
6188 100 120 509 14 1
6189 100 121 509 14 1
6190 100 122 509 14 1
6191 100 123 509 14 1
6192 100 124 509 14 1
6193 100 125 509 14 1
6194 100 126 509 14 1
6195 101 64 509 14 1
6196 101 65 509 14 1
6197 101 66 509 14 1
6198 101 67 509 14 1
6199 101 68 509 14 1
6200 101 69 509 14 1
6201 101 70 509 14 1
6202 101 71 509 14 1
6203 101 72 509 14 1
6204 101 73 509 14 1
6205 101 74 509 14 1
6206 101 75 509 14 1
6207 101 76 509 14 1
6208 101 77 509 14 1
6209 101 78 509 14 1
6210 101 79 509 14 1
6211 101 80 509 14 1
6212 101 81 509 14 1
6213 101 82 509 14 1
6214 101 83 509 14 1
6215 101 84 509 14 1
6216 101 85 509 14 1
6217 101 86 509 14 1
6218 101 87 509 14 1
6219 101 88 509 14 1
6220 101 89 509 14 1
6221 101 90 509 14 1
6222 101 91 509 14 1
6223 101 92 509 14 1
6224 101 93 509 14 1
6225 101 94 509 14 1
6226 101 95 509 14 1
6227 101 96 509 14 1
6228 101 97 509 14 1
6229 101 98 509 14 1
6230 101 99 509 14 1
6231 101 100 509 14 1
6232 101 101 509 14 1
6233 101 102 509 14 1
6234 101 103 509 14 1
6235 101 104 509 14 1
6236 101 105 509 14 1
6237 101 106 509 14 1
6238 101 107 509 14 1
6239 101 108 509 14 1
6240 101 109 509 14 1
6241 101 110 509 14 1
6242 101 111 509 14 1
6243 101 112 509 14 1
6244 101 113 509 14 1
6245 101 114 509 14 1
6246 101 115 509 14 1
6247 101 116 509 14 1
6248 101 117 509 14 1
6249 101 118 509 14 1
6250 101 119 509 14 1
6251 101 120 509 14 1
6252 101 121 509 14 1
6253 101 122 509 14 1
6254 101 123 509 14 1
6255 101 124 509 14 1
6256 101 125 509 14 1
6257 101 126 509 14 1
6258 102 64 509 14 1
6259 102 65 509 14 1
6260 102 66 509 14 1
6261 102 67 509 14 1
6262 102 68 509 14 1
6263 102 69 509 14 1
6264 102 70 509 14 1
6265 102 71 509 14 1
6266 102 72 509 14 1
6267 102 73 509 14 1
6268 102 74 509 14 1
6269 102 75 509 14 1
6270 102 76 509 14 1
6271 102 77 509 14 1
6272 102 78 509 14 1
6273 102 79 509 14 1
6274 102 80 509 14 1
6275 102 81 509 14 1
6276 102 82 509 14 1
6277 102 83 509 14 1
6278 102 84 509 14 1
6279 102 85 509 14 1
6280 102 86 509 14 1
6281 102 87 509 14 1
6282 102 88 509 14 1
6283 102 89 509 14 1
6284 102 90 509 14 1
6285 102 91 509 14 1
6286 102 92 509 14 1
6287 102 93 509 14 1
6288 102 94 509 14 1
6289 102 95 509 14 1
6290 102 96 509 14 1
6291 102 97 509 14 1
6292 102 98 509 14 1
6293 102 99 509 14 1
6294 102 100 509 14 1
6295 102 101 509 14 1
6296 102 102 509 14 1
6297 102 103 509 14 1
6298 102 104 509 14 1
6299 102 105 509 14 1
6300 102 106 509 14 1
6301 102 107 509 14 1
6302 102 108 509 14 1
6303 102 109 509 14 1
6304 102 110 509 14 1
6305 102 111 509 14 1
6306 102 112 509 14 1
6307 102 113 509 14 1
6308 102 114 509 14 1
6309 102 115 509 14 1
6310 102 116 509 14 1
6311 102 117 509 14 1
6312 102 118 509 14 1
6313 102 119 509 14 1
6314 102 120 509 14 1
6315 102 121 509 14 1
6316 102 122 509 14 1
6317 102 123 509 14 1
6318 102 124 509 14 1
6319 102 125 509 14 1
6320 102 126 509 14 1
6321 103 64 509 14 1
6322 103 65 509 14 1
6323 103 66 509 14 1
6324 103 67 509 14 1
6325 103 68 509 14 1
6326 103 69 509 14 1
6327 103 70 509 14 1
6328 103 71 509 14 1
6329 103 72 509 14 1
6330 103 73 509 14 1
6331 103 74 509 14 1
6332 103 75 509 14 1
6333 103 76 509 14 1
6334 103 77 509 14 1
6335 103 78 509 14 1
6336 103 79 509 14 1
6337 103 80 509 14 1
6338 103 81 509 14 1
6339 103 82 509 14 1
6340 103 83 509 14 1
6341 103 84 509 14 1
6342 103 85 509 14 1
6343 103 86 509 14 1
6344 103 87 509 14 1
6345 103 88 509 14 1
6346 103 89 509 14 1
6347 103 90 509 14 1
6348 103 91 509 14 1
6349 103 92 509 14 1
6350 103 93 509 14 1
6351 103 94 509 14 1
6352 103 95 509 14 1
6353 103 96 509 14 1
6354 103 97 509 14 1
6355 103 98 509 14 1
6356 103 99 509 14 1
6357 103 100 509 14 1
6358 103 101 509 14 1
6359 103 102 509 14 1
6360 103 103 509 14 1
6361 103 104 509 14 1
6362 103 105 509 14 1
6363 103 106 509 14 1
6364 103 107 509 14 1
6365 103 108 509 14 1
6366 103 109 509 14 1
6367 103 110 509 14 1
6368 103 111 509 14 1
6369 103 112 509 14 1
6370 103 113 509 14 1
6371 103 114 509 14 1
6372 103 115 509 14 1
6373 103 116 509 14 1
6374 103 117 509 14 1
6375 103 118 509 14 1
6376 103 119 509 14 1
6377 103 120 509 14 1
6378 103 121 509 14 1
6379 103 122 509 14 1
6380 103 123 509 14 1
6381 103 124 509 14 1
6382 103 125 509 14 1
6383 103 126 509 14 1
6384 104 64 509 14 1
6385 104 65 509 14 1
6386 104 66 509 14 1
6387 104 67 509 14 1
6388 104 68 509 14 1
6389 104 69 509 14 1
6390 104 70 509 14 1
6391 104 71 509 14 1
6392 104 72 509 14 1
6393 104 73 509 14 1
6394 104 74 509 14 1
6395 104 75 509 14 1
6396 104 76 509 14 1
6397 104 77 509 14 1
6398 104 78 509 14 1
6399 104 79 509 14 1
6400 104 80 509 14 1
6401 104 81 509 14 1
6402 104 82 509 14 1
6403 104 83 509 14 1
6404 104 84 509 14 1
6405 104 85 509 14 1
6406 104 86 509 14 1
6407 104 87 509 14 1
6408 104 88 509 14 1
6409 104 89 509 14 1
6410 104 90 509 14 1
6411 104 91 509 14 1
6412 104 92 509 14 1
6413 104 93 509 14 1
6414 104 94 509 14 1
6415 104 95 509 14 1
6416 104 96 509 14 1
6417 104 97 509 14 1
6418 104 98 509 14 1
6419 104 99 509 14 1
6420 104 100 509 14 1
6421 104 101 509 14 1
6422 104 102 509 14 1
6423 104 103 509 14 1
6424 104 104 509 14 1
6425 104 105 509 14 1
6426 104 106 509 14 1
6427 104 107 509 14 1
6428 104 108 509 14 1
6429 104 109 509 14 1
6430 104 110 509 14 1
6431 104 111 509 14 1
6432 104 112 509 14 1
6433 104 113 509 14 1
6434 104 114 509 14 1
6435 104 115 509 14 1
6436 104 116 509 14 1
6437 104 117 509 14 1
6438 104 118 509 14 1
6439 104 119 509 14 1
6440 104 120 509 14 1
6441 104 121 509 14 1
6442 104 122 509 14 1
6443 104 123 509 14 1
6444 104 124 509 14 1
6445 104 125 509 14 1
6446 104 126 509 14 1
6447 105 64 509 14 1
6448 105 65 509 14 1
6449 105 66 509 14 1
6450 105 67 509 14 1
6451 105 68 509 14 1
6452 105 69 509 14 1
6453 105 70 509 14 1
6454 105 71 509 14 1
6455 105 72 509 14 1
6456 105 73 509 14 1
6457 105 74 509 14 1
6458 105 75 509 14 1
6459 105 76 509 14 1
6460 105 77 509 14 1
6461 105 78 509 14 1
6462 105 79 509 14 1
6463 105 80 509 14 1
6464 105 81 509 14 1
6465 105 82 509 14 1
6466 105 83 509 14 1
6467 105 84 509 14 1
6468 105 85 509 14 1
6469 105 86 509 14 1
6470 105 87 509 14 1
6471 105 88 509 14 1
6472 105 89 509 14 1
6473 105 90 509 14 1
6474 105 91 509 14 1
6475 105 92 509 14 1
6476 105 93 509 14 1
6477 105 94 509 14 1
6478 105 95 509 14 1
6479 105 96 509 14 1
6480 105 97 509 14 1
6481 105 98 509 14 1
6482 105 99 509 14 1
6483 105 100 509 14 1
6484 105 101 509 14 1
6485 105 102 509 14 1
6486 105 103 509 14 1
6487 105 104 509 14 1
6488 105 105 509 14 1
6489 105 106 509 14 1
6490 105 107 509 14 1
6491 105 108 509 14 1
6492 105 109 509 14 1
6493 105 110 509 14 1
6494 105 111 509 14 1
6495 105 112 509 14 1
6496 105 113 509 14 1
6497 105 114 509 14 1
6498 105 115 509 14 1
6499 105 116 509 14 1
6500 105 117 509 14 1
6501 105 118 509 14 1
6502 105 119 509 14 1
6503 105 120 509 14 1
6504 105 121 509 14 1
6505 105 122 509 14 1
6506 105 123 509 14 1
6507 105 124 509 14 1
6508 105 125 509 14 1
6509 105 126 509 14 1
6510 106 64 509 14 1
6511 106 65 509 14 1
6512 106 66 509 14 1
6513 106 67 509 14 1
6514 106 68 509 14 1
6515 106 69 509 14 1
6516 106 70 509 14 1
6517 106 71 509 14 1
6518 106 72 509 14 1
6519 106 73 509 14 1
6520 106 74 509 14 1
6521 106 75 509 14 1
6522 106 76 509 14 1
6523 106 77 509 14 1
6524 106 78 509 14 1
6525 106 79 509 14 1
6526 106 80 509 14 1
6527 106 81 509 14 1
6528 106 82 509 14 1
6529 106 83 509 14 1
6530 106 84 509 14 1
6531 106 85 509 14 1
6532 106 86 509 14 1
6533 106 87 509 14 1
6534 106 88 509 14 1
6535 106 89 509 14 1
6536 106 90 509 14 1
6537 106 91 509 14 1
6538 106 92 509 14 1
6539 106 93 509 14 1
6540 106 94 509 14 1
6541 106 95 509 14 1
6542 106 96 509 14 1
6543 106 97 509 14 1
6544 106 98 509 14 1
6545 106 99 509 14 1
6546 106 100 509 14 1
6547 106 101 509 14 1
6548 106 102 509 14 1
6549 106 103 509 14 1
6550 106 104 509 14 1
6551 106 105 509 14 1
6552 106 106 509 14 1
6553 106 107 509 14 1
6554 106 108 509 14 1
6555 106 109 509 14 1
6556 106 110 509 14 1
6557 106 111 509 14 1
6558 106 112 509 14 1
6559 106 113 509 14 1
6560 106 114 509 14 1
6561 106 115 509 14 1
6562 106 116 509 14 1
6563 106 117 509 14 1
6564 106 118 509 14 1
6565 106 119 509 14 1
6566 106 120 509 14 1
6567 106 121 509 14 1
6568 106 122 509 14 1
6569 106 123 509 14 1
6570 106 124 509 14 1
6571 106 125 509 14 1
6572 106 126 509 14 1
6573 107 64 509 14 1
6574 107 65 509 14 1
6575 107 66 509 14 1
6576 107 67 509 14 1
6577 107 68 509 14 1
6578 107 69 509 14 1
6579 107 70 509 14 1
6580 107 71 509 14 1
6581 107 72 509 14 1
6582 107 73 509 14 1
6583 107 74 509 14 1
6584 107 75 509 14 1
6585 107 76 509 14 1
6586 107 77 509 14 1
6587 107 78 509 14 1
6588 107 79 509 14 1
6589 107 80 509 14 1
6590 107 81 509 14 1
6591 107 82 509 14 1
6592 107 83 509 14 1
6593 107 84 509 14 1
6594 107 85 509 14 1
6595 107 86 509 14 1
6596 107 87 509 14 1
6597 107 88 509 14 1
6598 107 89 509 14 1
6599 107 90 509 14 1
6600 107 91 509 14 1
6601 107 92 509 14 1
6602 107 93 509 14 1
6603 107 94 509 14 1
6604 107 95 509 14 1
6605 107 96 509 14 1
6606 107 97 509 14 1
6607 107 98 509 14 1
6608 107 99 509 14 1
6609 107 100 509 14 1
6610 107 101 509 14 1
6611 107 102 509 14 1
6612 107 103 509 14 1
6613 107 104 509 14 1
6614 107 105 509 14 1
6615 107 106 509 14 1
6616 107 107 509 14 1
6617 107 108 509 14 1
6618 107 109 509 14 1
6619 107 110 509 14 1
6620 107 111 509 14 1
6621 107 112 509 14 1
6622 107 113 509 14 1
6623 107 114 509 14 1
6624 107 115 509 14 1
6625 107 116 509 14 1
6626 107 117 509 14 1
6627 107 118 509 14 1
6628 107 119 509 14 1
6629 107 120 509 14 1
6630 107 121 509 14 1
6631 107 122 509 14 1
6632 107 123 509 14 1
6633 107 124 509 14 1
6634 107 125 509 14 1
6635 107 126 509 14 1
6636 108 64 509 14 1
6637 108 65 509 14 1
6638 108 66 509 14 1
6639 108 67 509 14 1
6640 108 68 509 14 1
6641 108 69 509 14 1
6642 108 70 509 14 1
6643 108 71 509 14 1
6644 108 72 509 14 1
6645 108 73 509 14 1
6646 108 74 509 14 1
6647 108 75 509 14 1
6648 108 76 509 14 1
6649 108 77 509 14 1
6650 108 78 509 14 1
6651 108 79 509 14 1
6652 108 80 509 14 1
6653 108 81 509 14 1
6654 108 82 509 14 1
6655 108 83 509 14 1
6656 108 84 509 14 1
6657 108 85 509 14 1
6658 108 86 509 14 1
6659 108 87 509 14 1
6660 108 88 509 14 1
6661 108 89 509 14 1
6662 108 90 509 14 1
6663 108 91 509 14 1
6664 108 92 509 14 1
6665 108 93 509 14 1
6666 108 94 509 14 1
6667 108 95 509 14 1
6668 108 96 509 14 1
6669 108 97 509 14 1
6670 108 98 509 14 1
6671 108 99 509 14 1
6672 108 100 509 14 1
6673 108 101 509 14 1
6674 108 102 509 14 1
6675 108 103 509 14 1
6676 108 104 509 14 1
6677 108 105 509 14 1
6678 108 106 509 14 1
6679 108 107 509 14 1
6680 108 108 509 14 1
6681 108 109 509 14 1
6682 108 110 509 14 1
6683 108 111 509 14 1
6684 108 112 509 14 1
6685 108 113 509 14 1
6686 108 114 509 14 1
6687 108 115 509 14 1
6688 108 116 509 14 1
6689 108 117 509 14 1
6690 108 118 509 14 1
6691 108 119 509 14 1
6692 108 120 509 14 1
6693 108 121 509 14 1
6694 108 122 509 14 1
6695 108 123 509 14 1
6696 108 124 509 14 1
6697 108 125 509 14 1
6698 108 126 509 14 1
6699 109 64 509 14 1
6700 109 65 509 14 1
6701 109 66 509 14 1
6702 109 67 509 14 1
6703 109 68 509 14 1
6704 109 69 509 14 1
6705 109 70 509 14 1
6706 109 71 509 14 1
6707 109 72 509 14 1
6708 109 73 509 14 1
6709 109 74 509 14 1
6710 109 75 509 14 1
6711 109 76 509 14 1
6712 109 77 509 14 1
6713 109 78 509 14 1
6714 109 79 509 14 1
6715 109 80 509 14 1
6716 109 81 509 14 1
6717 109 82 509 14 1
6718 109 83 509 14 1
6719 109 84 509 14 1
6720 109 85 509 14 1
6721 109 86 509 14 1
6722 109 87 509 14 1
6723 109 88 509 14 1
6724 109 89 509 14 1
6725 109 90 509 14 1
6726 109 91 509 14 1
6727 109 92 509 14 1
6728 109 93 509 14 1
6729 109 94 509 14 1
6730 109 95 509 14 1
6731 109 96 509 14 1
6732 109 97 509 14 1
6733 109 98 509 14 1
6734 109 99 509 14 1
6735 109 100 509 14 1
6736 109 101 509 14 1
6737 109 102 509 14 1
6738 109 103 509 14 1
6739 109 104 509 14 1
6740 109 105 509 14 1
6741 109 106 509 14 1
6742 109 107 509 14 1
6743 109 108 509 14 1
6744 109 109 509 14 1
6745 109 110 509 14 1
6746 109 111 509 14 1
6747 109 112 509 14 1
6748 109 113 509 14 1
6749 109 114 509 14 1
6750 109 115 509 14 1
6751 109 116 509 14 1
6752 109 117 509 14 1
6753 109 118 509 14 1
6754 109 119 509 14 1
6755 109 120 509 14 1
6756 109 121 509 14 1
6757 109 122 509 14 1
6758 109 123 509 14 1
6759 109 124 509 14 1
6760 109 125 509 14 1
6761 109 126 509 14 1
6762 110 64 509 14 1
6763 110 65 509 14 1
6764 110 66 509 14 1
6765 110 67 509 14 1
6766 110 68 509 14 1
6767 110 69 509 14 1
6768 110 70 509 14 1
6769 110 71 509 14 1
6770 110 72 509 14 1
6771 110 73 509 14 1
6772 110 74 509 14 1
6773 110 75 509 14 1
6774 110 76 509 14 1
6775 110 77 509 14 1
6776 110 78 509 14 1
6777 110 79 509 14 1
6778 110 80 509 14 1
6779 110 81 509 14 1
6780 110 82 509 14 1
6781 110 83 509 14 1
6782 110 84 509 14 1
6783 110 85 509 14 1
6784 110 86 509 14 1
6785 110 87 509 14 1
6786 110 88 509 14 1
6787 110 89 509 14 1
6788 110 90 509 14 1
6789 110 91 509 14 1
6790 110 92 509 14 1
6791 110 93 509 14 1
6792 110 94 509 14 1
6793 110 95 509 14 1
6794 110 96 509 14 1
6795 110 97 509 14 1
6796 110 98 509 14 1
6797 110 99 509 14 1
6798 110 100 509 14 1
6799 110 101 509 14 1
6800 110 102 509 14 1
6801 110 103 509 14 1
6802 110 104 509 14 1
6803 110 105 509 14 1
6804 110 106 509 14 1
6805 110 107 509 14 1
6806 110 108 509 14 1
6807 110 109 509 14 1
6808 110 110 509 14 1
6809 110 111 509 14 1
6810 110 112 509 14 1
6811 110 113 509 14 1
6812 110 114 509 14 1
6813 110 115 509 14 1
6814 110 116 509 14 1
6815 110 117 509 14 1
6816 110 118 509 14 1
6817 110 119 509 14 1
6818 110 120 509 14 1
6819 110 121 509 14 1
6820 110 122 509 14 1
6821 110 123 509 14 1
6822 110 124 509 14 1
6823 110 125 509 14 1
6824 110 126 509 14 1
6825 111 64 509 14 1
6826 111 65 509 14 1
6827 111 66 509 14 1
6828 111 67 509 14 1
6829 111 68 509 14 1
6830 111 69 509 14 1
6831 111 70 509 14 1
6832 111 71 509 14 1
6833 111 72 509 14 1
6834 111 73 509 14 1
6835 111 74 509 14 1
6836 111 75 509 14 1
6837 111 76 509 14 1
6838 111 77 509 14 1
6839 111 78 509 14 1
6840 111 79 509 14 1
6841 111 80 509 14 1
6842 111 81 509 14 1
6843 111 82 509 14 1
6844 111 83 509 14 1
6845 111 84 509 14 1
6846 111 85 509 14 1
6847 111 86 509 14 1
6848 111 87 509 14 1
6849 111 88 509 14 1
6850 111 89 509 14 1
6851 111 90 509 14 1
6852 111 91 509 14 1
6853 111 92 509 14 1
6854 111 93 509 14 1
6855 111 94 509 14 1
6856 111 95 509 14 1
6857 111 96 509 14 1
6858 111 97 509 14 1
6859 111 98 509 14 1
6860 111 99 509 14 1
6861 111 100 509 14 1
6862 111 101 509 14 1
6863 111 102 509 14 1
6864 111 103 509 14 1
6865 111 104 509 14 1
6866 111 105 509 14 1
6867 111 106 509 14 1
6868 111 107 509 14 1
6869 111 108 509 14 1
6870 111 109 509 14 1
6871 111 110 509 14 1
6872 111 111 509 14 1
6873 111 112 509 14 1
6874 111 113 509 14 1
6875 111 114 509 14 1
6876 111 115 509 14 1
6877 111 116 509 14 1
6878 111 117 509 14 1
6879 111 118 509 14 1
6880 111 119 509 14 1
6881 111 120 509 14 1
6882 111 121 509 14 1
6883 111 122 509 14 1
6884 111 123 509 14 1
6885 111 124 509 14 1
6886 111 125 509 14 1
6887 111 126 509 14 1
6888 112 64 509 14 1
6889 112 65 509 14 1
6890 112 66 509 14 1
6891 112 67 509 14 1
6892 112 68 509 14 1
6893 112 69 509 14 1
6894 112 70 509 14 1
6895 112 71 509 14 1
6896 112 72 509 14 1
6897 112 73 509 14 1
6898 112 74 509 14 1
6899 112 75 509 14 1
6900 112 76 509 14 1
6901 112 77 509 14 1
6902 112 78 509 14 1
6903 112 79 509 14 1
6904 112 80 509 14 1
6905 112 81 509 14 1
6906 112 82 509 14 1
6907 112 83 509 14 1
6908 112 84 509 14 1
6909 112 85 509 14 1
6910 112 86 509 14 1
6911 112 87 509 14 1
6912 112 88 509 14 1
6913 112 89 509 14 1
6914 112 90 509 14 1
6915 112 91 509 14 1
6916 112 92 509 14 1
6917 112 93 509 14 1
6918 112 94 509 14 1
6919 112 95 509 14 1
6920 112 96 509 14 1
6921 112 97 509 14 1
6922 112 98 509 14 1
6923 112 99 509 14 1
6924 112 100 509 14 1
6925 112 101 509 14 1
6926 112 102 509 14 1
6927 112 103 509 14 1
6928 112 104 509 14 1
6929 112 105 509 14 1
6930 112 106 509 14 1
6931 112 107 509 14 1
6932 112 108 509 14 1
6933 112 109 509 14 1
6934 112 110 509 14 1
6935 112 111 509 14 1
6936 112 112 509 14 1
6937 112 113 509 14 1
6938 112 114 509 14 1
6939 112 115 509 14 1
6940 112 116 509 14 1
6941 112 117 509 14 1
6942 112 118 509 14 1
6943 112 119 509 14 1
6944 112 120 509 14 1
6945 112 121 509 14 1
6946 112 122 509 14 1
6947 112 123 509 14 1
6948 112 124 509 14 1
6949 112 125 509 14 1
6950 112 126 509 14 1
6951 113 64 509 14 1
6952 113 65 509 14 1
6953 113 66 509 14 1
6954 113 67 509 14 1
6955 113 68 509 14 1
6956 113 69 509 14 1
6957 113 70 509 14 1
6958 113 71 509 14 1
6959 113 72 509 14 1
6960 113 73 509 14 1
6961 113 74 509 14 1
6962 113 75 509 14 1
6963 113 76 509 14 1
6964 113 77 509 14 1
6965 113 78 509 14 1
6966 113 79 509 14 1
6967 113 80 509 14 1
6968 113 81 509 14 1
6969 113 82 509 14 1
6970 113 83 509 14 1
6971 113 84 509 14 1
6972 113 85 509 14 1
6973 113 86 509 14 1
6974 113 87 509 14 1
6975 113 88 509 14 1
6976 113 89 509 14 1
6977 113 90 509 14 1
6978 113 91 509 14 1
6979 113 92 509 14 1
6980 113 93 509 14 1
6981 113 94 509 14 1
6982 113 95 509 14 1
6983 113 96 509 14 1
6984 113 97 509 14 1
6985 113 98 509 14 1
6986 113 99 509 14 1
6987 113 100 509 14 1
6988 113 101 509 14 1
6989 113 102 509 14 1
6990 113 103 509 14 1
6991 113 104 509 14 1
6992 113 105 509 14 1
6993 113 106 509 14 1
6994 113 107 509 14 1
6995 113 108 509 14 1
6996 113 109 509 14 1
6997 113 110 509 14 1
6998 113 111 509 14 1
6999 113 112 509 14 1
7000 113 113 509 14 1
7001 113 114 509 14 1
7002 113 115 509 14 1
7003 113 116 509 14 1
7004 113 117 509 14 1
7005 113 118 509 14 1
7006 113 119 509 14 1
7007 113 120 509 14 1
7008 113 121 509 14 1
7009 113 122 509 14 1
7010 113 123 509 14 1
7011 113 124 509 14 1
7012 113 125 509 14 1
7013 113 126 509 14 1
7014 114 64 509 14 1
7015 114 65 509 14 1
7016 114 66 509 14 1
7017 114 67 509 14 1
7018 114 68 509 14 1
7019 114 69 509 14 1
7020 114 70 509 14 1
7021 114 71 509 14 1
7022 114 72 509 14 1
7023 114 73 509 14 1
7024 114 74 509 14 1
7025 114 75 509 14 1
7026 114 76 509 14 1
7027 114 77 509 14 1
7028 114 78 509 14 1
7029 114 79 509 14 1
7030 114 80 509 14 1
7031 114 81 509 14 1
7032 114 82 509 14 1
7033 114 83 509 14 1
7034 114 84 509 14 1
7035 114 85 509 14 1
7036 114 86 509 14 1
7037 114 87 509 14 1
7038 114 88 509 14 1
7039 114 89 509 14 1
7040 114 90 509 14 1
7041 114 91 509 14 1
7042 114 92 509 14 1
7043 114 93 509 14 1
7044 114 94 509 14 1
7045 114 95 509 14 1
7046 114 96 509 14 1
7047 114 97 509 14 1
7048 114 98 509 14 1
7049 114 99 509 14 1
7050 114 100 509 14 1
7051 114 101 509 14 1
7052 114 102 509 14 1
7053 114 103 509 14 1
7054 114 104 509 14 1
7055 114 105 509 14 1
7056 114 106 509 14 1
7057 114 107 509 14 1
7058 114 108 509 14 1
7059 114 109 509 14 1
7060 114 110 509 14 1
7061 114 111 509 14 1
7062 114 112 509 14 1
7063 114 113 509 14 1
7064 114 114 509 14 1
7065 114 115 509 14 1
7066 114 116 509 14 1
7067 114 117 509 14 1
7068 114 118 509 14 1
7069 114 119 509 14 1
7070 114 120 509 14 1
7071 114 121 509 14 1
7072 114 122 509 14 1
7073 114 123 509 14 1
7074 114 124 509 14 1
7075 114 125 509 14 1
7076 114 126 509 14 1
7077 115 64 509 14 1
7078 115 65 509 14 1
7079 115 66 509 14 1
7080 115 67 509 14 1
7081 115 68 509 14 1
7082 115 69 509 14 1
7083 115 70 509 14 1
7084 115 71 509 14 1
7085 115 72 509 14 1
7086 115 73 509 14 1
7087 115 74 509 14 1
7088 115 75 509 14 1
7089 115 76 509 14 1
7090 115 77 509 14 1
7091 115 78 509 14 1
7092 115 79 509 14 1
7093 115 80 509 14 1
7094 115 81 509 14 1
7095 115 82 509 14 1
7096 115 83 509 14 1
7097 115 84 509 14 1
7098 115 85 509 14 1
7099 115 86 509 14 1
7100 115 87 509 14 1
7101 115 88 509 14 1
7102 115 89 509 14 1
7103 115 90 509 14 1
7104 115 91 509 14 1
7105 115 92 509 14 1
7106 115 93 509 14 1
7107 115 94 509 14 1
7108 115 95 509 14 1
7109 115 96 509 14 1
7110 115 97 509 14 1
7111 115 98 509 14 1
7112 115 99 509 14 1
7113 115 100 509 14 1
7114 115 101 509 14 1
7115 115 102 509 14 1
7116 115 103 509 14 1
7117 115 104 509 14 1
7118 115 105 509 14 1
7119 115 106 509 14 1
7120 115 107 509 14 1
7121 115 108 509 14 1
7122 115 109 509 14 1
7123 115 110 509 14 1
7124 115 111 509 14 1
7125 115 112 509 14 1
7126 115 113 509 14 1
7127 115 114 509 14 1
7128 115 115 509 14 1
7129 115 116 509 14 1
7130 115 117 509 14 1
7131 115 118 509 14 1
7132 115 119 509 14 1
7133 115 120 509 14 1
7134 115 121 509 14 1
7135 115 122 509 14 1
7136 115 123 509 14 1
7137 115 124 509 14 1
7138 115 125 509 14 1
7139 115 126 509 14 1
7140 116 64 509 14 1
7141 116 65 509 14 1
7142 116 66 509 14 1
7143 116 67 509 14 1
7144 116 68 509 14 1
7145 116 69 509 14 1
7146 116 70 509 14 1
7147 116 71 509 14 1
7148 116 72 509 14 1
7149 116 73 509 14 1
7150 116 74 509 14 1
7151 116 75 509 14 1
7152 116 76 509 14 1
7153 116 77 509 14 1
7154 116 78 509 14 1
7155 116 79 509 14 1
7156 116 80 509 14 1
7157 116 81 509 14 1
7158 116 82 509 14 1
7159 116 83 509 14 1
7160 116 84 509 14 1
7161 116 85 509 14 1
7162 116 86 509 14 1
7163 116 87 509 14 1
7164 116 88 509 14 1
7165 116 89 509 14 1
7166 116 90 509 14 1
7167 116 91 509 14 1
7168 116 92 509 14 1
7169 116 93 509 14 1
7170 116 94 509 14 1
7171 116 95 509 14 1
7172 116 96 509 14 1
7173 116 97 509 14 1
7174 116 98 509 14 1
7175 116 99 509 14 1
7176 116 100 509 14 1
7177 116 101 509 14 1
7178 116 102 509 14 1
7179 116 103 509 14 1
7180 116 104 509 14 1
7181 116 105 509 14 1
7182 116 106 509 14 1
7183 116 107 509 14 1
7184 116 108 509 14 1
7185 116 109 509 14 1
7186 116 110 509 14 1
7187 116 111 509 14 1
7188 116 112 509 14 1
7189 116 113 509 14 1
7190 116 114 509 14 1
7191 116 115 509 14 1
7192 116 116 509 14 1
7193 116 117 509 14 1
7194 116 118 509 14 1
7195 116 119 509 14 1
7196 116 120 509 14 1
7197 116 121 509 14 1
7198 116 122 509 14 1
7199 116 123 509 14 1
7200 116 124 509 14 1
7201 116 125 509 14 1
7202 116 126 509 14 1
7203 117 64 509 14 1
7204 117 65 509 14 1
7205 117 66 509 14 1
7206 117 67 509 14 1
7207 117 68 509 14 1
7208 117 69 509 14 1
7209 117 70 509 14 1
7210 117 71 509 14 1
7211 117 72 509 14 1
7212 117 73 509 14 1
7213 117 74 509 14 1
7214 117 75 509 14 1
7215 117 76 509 14 1
7216 117 77 509 14 1
7217 117 78 509 14 1
7218 117 79 509 14 1
7219 117 80 509 14 1
7220 117 81 509 14 1
7221 117 82 509 14 1
7222 117 83 509 14 1
7223 117 84 509 14 1
7224 117 85 509 14 1
7225 117 86 509 14 1
7226 117 87 509 14 1
7227 117 88 509 14 1
7228 117 89 509 14 1
7229 117 90 509 14 1
7230 117 91 509 14 1
7231 117 92 509 14 1
7232 117 93 509 14 1
7233 117 94 509 14 1
7234 117 95 509 14 1
7235 117 96 509 14 1
7236 117 97 509 14 1
7237 117 98 509 14 1
7238 117 99 509 14 1
7239 117 100 509 14 1
7240 117 101 509 14 1
7241 117 102 509 14 1
7242 117 103 509 14 1
7243 117 104 509 14 1
7244 117 105 509 14 1
7245 117 106 509 14 1
7246 117 107 509 14 1
7247 117 108 509 14 1
7248 117 109 509 14 1
7249 117 110 509 14 1
7250 117 111 509 14 1
7251 117 112 509 14 1
7252 117 113 509 14 1
7253 117 114 509 14 1
7254 117 115 509 14 1
7255 117 116 509 14 1
7256 117 117 509 14 1
7257 117 118 509 14 1
7258 117 119 509 14 1
7259 117 120 509 14 1
7260 117 121 509 14 1
7261 117 122 509 14 1
7262 117 123 509 14 1
7263 117 124 509 14 1
7264 117 125 509 14 1
7265 117 126 509 14 1
7266 118 64 509 14 1
7267 118 65 509 14 1
7268 118 66 509 14 1
7269 118 67 509 14 1
7270 118 68 509 14 1
7271 118 69 509 14 1
7272 118 70 509 14 1
7273 118 71 509 14 1
7274 118 72 509 14 1
7275 118 73 509 14 1
7276 118 74 509 14 1
7277 118 75 509 14 1
7278 118 76 509 14 1
7279 118 77 509 14 1
7280 118 78 509 14 1
7281 118 79 509 14 1
7282 118 80 509 14 1
7283 118 81 509 14 1
7284 118 82 509 14 1
7285 118 83 509 14 1
7286 118 84 509 14 1
7287 118 85 509 14 1
7288 118 86 509 14 1
7289 118 87 509 14 1
7290 118 88 509 14 1
7291 118 89 509 14 1
7292 118 90 509 14 1
7293 118 91 509 14 1
7294 118 92 509 14 1
7295 118 93 509 14 1
7296 118 94 509 14 1
7297 118 95 509 14 1
7298 118 96 509 14 1
7299 118 97 509 14 1
7300 118 98 509 14 1
7301 118 99 509 14 1
7302 118 100 509 14 1
7303 118 101 509 14 1
7304 118 102 509 14 1
7305 118 103 509 14 1
7306 118 104 509 14 1
7307 118 105 509 14 1
7308 118 106 509 14 1
7309 118 107 509 14 1
7310 118 108 509 14 1
7311 118 109 509 14 1
7312 118 110 509 14 1
7313 118 111 509 14 1
7314 118 112 509 14 1
7315 118 113 509 14 1
7316 118 114 509 14 1
7317 118 115 509 14 1
7318 118 116 509 14 1
7319 118 117 509 14 1
7320 118 118 509 14 1
7321 118 119 509 14 1
7322 118 120 509 14 1
7323 118 121 509 14 1
7324 118 122 509 14 1
7325 118 123 509 14 1
7326 118 124 509 14 1
7327 118 125 509 14 1
7328 118 126 509 14 1
7329 119 64 509 14 1
7330 119 65 509 14 1
7331 119 66 509 14 1
7332 119 67 509 14 1
7333 119 68 509 14 1
7334 119 69 509 14 1
7335 119 70 509 14 1
7336 119 71 509 14 1
7337 119 72 509 14 1
7338 119 73 509 14 1
7339 119 74 509 14 1
7340 119 75 509 14 1
7341 119 76 509 14 1
7342 119 77 509 14 1
7343 119 78 509 14 1
7344 119 79 509 14 1
7345 119 80 509 14 1
7346 119 81 509 14 1
7347 119 82 509 14 1
7348 119 83 509 14 1
7349 119 84 509 14 1
7350 119 85 509 14 1
7351 119 86 509 14 1
7352 119 87 509 14 1
7353 119 88 509 14 1
7354 119 89 509 14 1
7355 119 90 509 14 1
7356 119 91 509 14 1
7357 119 92 509 14 1
7358 119 93 509 14 1
7359 119 94 509 14 1
7360 119 95 509 14 1
7361 119 96 509 14 1
7362 119 97 509 14 1
7363 119 98 509 14 1
7364 119 99 509 14 1
7365 119 100 509 14 1
7366 119 101 509 14 1
7367 119 102 509 14 1
7368 119 103 509 14 1
7369 119 104 509 14 1
7370 119 105 509 14 1
7371 119 106 509 14 1
7372 119 107 509 14 1
7373 119 108 509 14 1
7374 119 109 509 14 1
7375 119 110 509 14 1
7376 119 111 509 14 1
7377 119 112 509 14 1
7378 119 113 509 14 1
7379 119 114 509 14 1
7380 119 115 509 14 1
7381 119 116 509 14 1
7382 119 117 509 14 1
7383 119 118 509 14 1
7384 119 119 509 14 1
7385 119 120 509 14 1
7386 119 121 509 14 1
7387 119 122 509 14 1
7388 119 123 509 14 1
7389 119 124 509 14 1
7390 119 125 509 14 1
7391 119 126 509 14 1
7392 120 64 509 14 1
7393 120 65 509 14 1
7394 120 66 509 14 1
7395 120 67 509 14 1
7396 120 68 509 14 1
7397 120 69 509 14 1
7398 120 70 509 14 1
7399 120 71 509 14 1
7400 120 72 509 14 1
7401 120 73 509 14 1
7402 120 74 509 14 1
7403 120 75 509 14 1
7404 120 76 509 14 1
7405 120 77 509 14 1
7406 120 78 509 14 1
7407 120 79 509 14 1
7408 120 80 509 14 1
7409 120 81 509 14 1
7410 120 82 509 14 1
7411 120 83 509 14 1
7412 120 84 509 14 1
7413 120 85 509 14 1
7414 120 86 509 14 1
7415 120 87 509 14 1
7416 120 88 509 14 1
7417 120 89 509 14 1
7418 120 90 509 14 1
7419 120 91 509 14 1
7420 120 92 509 14 1
7421 120 93 509 14 1
7422 120 94 509 14 1
7423 120 95 509 14 1
7424 120 96 509 14 1
7425 120 97 509 14 1
7426 120 98 509 14 1
7427 120 99 509 14 1
7428 120 100 509 14 1
7429 120 101 509 14 1
7430 120 102 509 14 1
7431 120 103 509 14 1
7432 120 104 509 14 1
7433 120 105 509 14 1
7434 120 106 509 14 1
7435 120 107 509 14 1
7436 120 108 509 14 1
7437 120 109 509 14 1
7438 120 110 509 14 1
7439 120 111 509 14 1
7440 120 112 509 14 1
7441 120 113 509 14 1
7442 120 114 509 14 1
7443 120 115 509 14 1
7444 120 116 509 14 1
7445 120 117 509 14 1
7446 120 118 509 14 1
7447 120 119 509 14 1
7448 120 120 509 14 1
7449 120 121 509 14 1
7450 120 122 509 14 1
7451 120 123 509 14 1
7452 120 124 509 14 1
7453 120 125 509 14 1
7454 120 126 509 14 1
7455 121 64 509 14 1
7456 121 65 509 14 1
7457 121 66 509 14 1
7458 121 67 509 14 1
7459 121 68 509 14 1
7460 121 69 509 14 1
7461 121 70 509 14 1
7462 121 71 509 14 1
7463 121 72 509 14 1
7464 121 73 509 14 1
7465 121 74 509 14 1
7466 121 75 509 14 1
7467 121 76 509 14 1
7468 121 77 509 14 1
7469 121 78 509 14 1
7470 121 79 509 14 1
7471 121 80 509 14 1
7472 121 81 509 14 1
7473 121 82 509 14 1
7474 121 83 509 14 1
7475 121 84 509 14 1
7476 121 85 509 14 1
7477 121 86 509 14 1
7478 121 87 509 14 1
7479 121 88 509 14 1
7480 121 89 509 14 1
7481 121 90 509 14 1
7482 121 91 509 14 1
7483 121 92 509 14 1
7484 121 93 509 14 1
7485 121 94 509 14 1
7486 121 95 509 14 1
7487 121 96 509 14 1
7488 121 97 509 14 1
7489 121 98 509 14 1
7490 121 99 509 14 1
7491 121 100 509 14 1
7492 121 101 509 14 1
7493 121 102 509 14 1
7494 121 103 509 14 1
7495 121 104 509 14 1
7496 121 105 509 14 1
7497 121 106 509 14 1
7498 121 107 509 14 1
7499 121 108 509 14 1
7500 121 109 509 14 1
7501 121 110 509 14 1
7502 121 111 509 14 1
7503 121 112 509 14 1
7504 121 113 509 14 1
7505 121 114 509 14 1
7506 121 115 509 14 1
7507 121 116 509 14 1
7508 121 117 509 14 1
7509 121 118 509 14 1
7510 121 119 509 14 1
7511 121 120 509 14 1
7512 121 121 509 14 1
7513 121 122 509 14 1
7514 121 123 509 14 1
7515 121 124 509 14 1
7516 121 125 509 14 1
7517 121 126 509 14 1
7518 122 64 509 14 1
7519 122 65 509 14 1
7520 122 66 509 14 1
7521 122 67 509 14 1
7522 122 68 509 14 1
7523 122 69 509 14 1
7524 122 70 509 14 1
7525 122 71 509 14 1
7526 122 72 509 14 1
7527 122 73 509 14 1
7528 122 74 509 14 1
7529 122 75 509 14 1
7530 122 76 509 14 1
7531 122 77 509 14 1
7532 122 78 509 14 1
7533 122 79 509 14 1
7534 122 80 509 14 1
7535 122 81 509 14 1
7536 122 82 509 14 1
7537 122 83 509 14 1
7538 122 84 509 14 1
7539 122 85 509 14 1
7540 122 86 509 14 1
7541 122 87 509 14 1
7542 122 88 509 14 1
7543 122 89 509 14 1
7544 122 90 509 14 1
7545 122 91 509 14 1
7546 122 92 509 14 1
7547 122 93 509 14 1
7548 122 94 509 14 1
7549 122 95 509 14 1
7550 122 96 509 14 1
7551 122 97 509 14 1
7552 122 98 509 14 1
7553 122 99 509 14 1
7554 122 100 509 14 1
7555 122 101 509 14 1
7556 122 102 509 14 1
7557 122 103 509 14 1
7558 122 104 509 14 1
7559 122 105 509 14 1
7560 122 106 509 14 1
7561 122 107 509 14 1
7562 122 108 509 14 1
7563 122 109 509 14 1
7564 122 110 509 14 1
7565 122 111 509 14 1
7566 122 112 509 14 1
7567 122 113 509 14 1
7568 122 114 509 14 1
7569 122 115 509 14 1
7570 122 116 509 14 1
7571 122 117 509 14 1
7572 122 118 509 14 1
7573 122 119 509 14 1
7574 122 120 509 14 1
7575 122 121 509 14 1
7576 122 122 509 14 1
7577 122 123 509 14 1
7578 122 124 509 14 1
7579 122 125 509 14 1
7580 122 126 509 14 1
7581 123 64 509 14 1
7582 123 65 509 14 1
7583 123 66 509 14 1
7584 123 67 509 14 1
7585 123 68 509 14 1
7586 123 69 509 14 1
7587 123 70 509 14 1
7588 123 71 509 14 1
7589 123 72 509 14 1
7590 123 73 509 14 1
7591 123 74 509 14 1
7592 123 75 509 14 1
7593 123 76 509 14 1
7594 123 77 509 14 1
7595 123 78 509 14 1
7596 123 79 509 14 1
7597 123 80 509 14 1
7598 123 81 509 14 1
7599 123 82 509 14 1
7600 123 83 509 14 1
7601 123 84 509 14 1
7602 123 85 509 14 1
7603 123 86 509 14 1
7604 123 87 509 14 1
7605 123 88 509 14 1
7606 123 89 509 14 1
7607 123 90 509 14 1
7608 123 91 509 14 1
7609 123 92 509 14 1
7610 123 93 509 14 1
7611 123 94 509 14 1
7612 123 95 509 14 1
7613 123 96 509 14 1
7614 123 97 509 14 1
7615 123 98 509 14 1
7616 123 99 509 14 1
7617 123 100 509 14 1
7618 123 101 509 14 1
7619 123 102 509 14 1
7620 123 103 509 14 1
7621 123 104 509 14 1
7622 123 105 509 14 1
7623 123 106 509 14 1
7624 123 107 509 14 1
7625 123 108 509 14 1
7626 123 109 509 14 1
7627 123 110 509 14 1
7628 123 111 509 14 1
7629 123 112 509 14 1
7630 123 113 509 14 1
7631 123 114 509 14 1
7632 123 115 509 14 1
7633 123 116 509 14 1
7634 123 117 509 14 1
7635 123 118 509 14 1
7636 123 119 509 14 1
7637 123 120 509 14 1
7638 123 121 509 14 1
7639 123 122 509 14 1
7640 123 123 509 14 1
7641 123 124 509 14 1
7642 123 125 509 14 1
7643 123 126 509 14 1
7644 124 64 509 14 1
7645 124 65 509 14 1
7646 124 66 509 14 1
7647 124 67 509 14 1
7648 124 68 509 14 1
7649 124 69 509 14 1
7650 124 70 509 14 1
7651 124 71 509 14 1
7652 124 72 509 14 1
7653 124 73 509 14 1
7654 124 74 509 14 1
7655 124 75 509 14 1
7656 124 76 509 14 1
7657 124 77 509 14 1
7658 124 78 509 14 1
7659 124 79 509 14 1
7660 124 80 509 14 1
7661 124 81 509 14 1
7662 124 82 509 14 1
7663 124 83 509 14 1
7664 124 84 509 14 1
7665 124 85 509 14 1
7666 124 86 509 14 1
7667 124 87 509 14 1
7668 124 88 509 14 1
7669 124 89 509 14 1
7670 124 90 509 14 1
7671 124 91 509 14 1
7672 124 92 509 14 1
7673 124 93 509 14 1
7674 124 94 509 14 1
7675 124 95 509 14 1
7676 124 96 509 14 1
7677 124 97 509 14 1
7678 124 98 509 14 1
7679 124 99 509 14 1
7680 124 100 509 14 1
7681 124 101 509 14 1
7682 124 102 509 14 1
7683 124 103 509 14 1
7684 124 104 509 14 1
7685 124 105 509 14 1
7686 124 106 509 14 1
7687 124 107 509 14 1
7688 124 108 509 14 1
7689 124 109 509 14 1
7690 124 110 509 14 1
7691 124 111 509 14 1
7692 124 112 509 14 1
7693 124 113 509 14 1
7694 124 114 509 14 1
7695 124 115 509 14 1
7696 124 116 509 14 1
7697 124 117 509 14 1
7698 124 118 509 14 1
7699 124 119 509 14 1
7700 124 120 509 14 1
7701 124 121 509 14 1
7702 124 122 509 14 1
7703 124 123 509 14 1
7704 124 124 509 14 1
7705 124 125 509 14 1
7706 124 126 509 14 1
7707 125 64 509 14 1
7708 125 65 509 14 1
7709 125 66 509 14 1
7710 125 67 509 14 1
7711 125 68 509 14 1
7712 125 69 509 14 1
7713 125 70 509 14 1
7714 125 71 509 14 1
7715 125 72 509 14 1
7716 125 73 509 14 1
7717 125 74 509 14 1
7718 125 75 509 14 1
7719 125 76 509 14 1
7720 125 77 509 14 1
7721 125 78 509 14 1
7722 125 79 509 14 1
7723 125 80 509 14 1
7724 125 81 509 14 1
7725 125 82 509 14 1
7726 125 83 509 14 1
7727 125 84 509 14 1
7728 125 85 509 14 1
7729 125 86 509 14 1
7730 125 87 509 14 1
7731 125 88 509 14 1
7732 125 89 509 14 1
7733 125 90 509 14 1
7734 125 91 509 14 1
7735 125 92 509 14 1
7736 125 93 509 14 1
7737 125 94 509 14 1
7738 125 95 509 14 1
7739 125 96 509 14 1
7740 125 97 509 14 1
7741 125 98 509 14 1
7742 125 99 509 14 1
7743 125 100 509 14 1
7744 125 101 509 14 1
7745 125 102 509 14 1
7746 125 103 509 14 1
7747 125 104 509 14 1
7748 125 105 509 14 1
7749 125 106 509 14 1
7750 125 107 509 14 1
7751 125 108 509 14 1
7752 125 109 509 14 1
7753 125 110 509 14 1
7754 125 111 509 14 1
7755 125 112 509 14 1
7756 125 113 509 14 1
7757 125 114 509 14 1
7758 125 115 509 14 1
7759 125 116 509 14 1
7760 125 117 509 14 1
7761 125 118 509 14 1
7762 125 119 509 14 1
7763 125 120 509 14 1
7764 125 121 509 14 1
7765 125 122 509 14 1
7766 125 123 509 14 1
7767 125 124 509 14 1
7768 125 125 509 14 1
7769 125 126 509 14 1
7770 126 64 509 14 1
7771 126 65 509 14 1
7772 126 66 509 14 1
7773 126 67 509 14 1
7774 126 68 509 14 1
7775 126 69 509 14 1
7776 126 70 509 14 1
7777 126 71 509 14 1
7778 126 72 509 14 1
7779 126 73 509 14 1
7780 126 74 509 14 1
7781 126 75 509 14 1
7782 126 76 509 14 1
7783 126 77 509 14 1
7784 126 78 509 14 1
7785 126 79 509 14 1
7786 126 80 509 14 1
7787 126 81 509 14 1
7788 126 82 509 14 1
7789 126 83 509 14 1
7790 126 84 509 14 1
7791 126 85 509 14 1
7792 126 86 509 14 1
7793 126 87 509 14 1
7794 126 88 509 14 1
7795 126 89 509 14 1
7796 126 90 509 14 1
7797 126 91 509 14 1
7798 126 92 509 14 1
7799 126 93 509 14 1
7800 126 94 509 14 1
7801 126 95 509 14 1
7802 126 96 509 14 1
7803 126 97 509 14 1
7804 126 98 509 14 1
7805 126 99 509 14 1
7806 126 100 509 14 1
7807 126 101 509 14 1
7808 126 102 509 14 1
7809 126 103 509 14 1
7810 126 104 509 14 1
7811 126 105 509 14 1
7812 126 106 509 14 1
7813 126 107 509 14 1
7814 126 108 509 14 1
7815 126 109 509 14 1
7816 126 110 509 14 1
7817 126 111 509 14 1
7818 126 112 509 14 1
7819 126 113 509 14 1
7820 126 114 509 14 1
7821 126 115 509 14 1
7822 126 116 509 14 1
7823 126 117 509 14 1
7824 126 118 509 14 1
7825 126 119 509 14 1
7826 126 120 509 14 1
7827 126 121 509 14 1
7828 126 122 509 14 1
7829 126 123 509 14 1
7830 126 124 509 14 1
7831 126 125 509 14 1
7832 126 126 509 14 1
7833 127 64 509 14 1
7834 127 65 509 14 1
7835 127 66 509 14 1
7836 127 67 509 14 1
7837 127 68 509 14 1
7838 127 69 509 14 1
7839 127 70 509 14 1
7840 127 71 509 14 1
7841 127 72 509 14 1
7842 127 73 509 14 1
7843 127 74 509 14 1
7844 127 75 509 14 1
7845 127 76 509 14 1
7846 127 77 509 14 1
7847 127 78 509 14 1
7848 127 79 509 14 1
7849 127 80 509 14 1
7850 127 81 509 14 1
7851 127 82 509 14 1
7852 127 83 509 14 1
7853 127 84 509 14 1
7854 127 85 509 14 1
7855 127 86 509 14 1
7856 127 87 509 14 1
7857 127 88 509 14 1
7858 127 89 509 14 1
7859 127 90 509 14 1
7860 127 91 509 14 1
7861 127 92 509 14 1
7862 127 93 509 14 1
7863 127 94 509 14 1
7864 127 95 509 14 1
7865 127 96 509 14 1
7866 127 97 509 14 1
7867 127 98 509 14 1
7868 127 99 509 14 1
7869 127 100 509 14 1
7870 127 101 509 14 1
7871 127 102 509 14 1
7872 127 103 509 14 1
7873 127 104 509 14 1
7874 127 105 509 14 1
7875 127 106 509 14 1
7876 127 107 509 14 1
7877 127 108 509 14 1
7878 127 109 509 14 1
7879 127 110 509 14 1
7880 127 111 509 14 1
7881 127 112 509 14 1
7882 127 113 509 14 1
7883 127 114 509 14 1
7884 127 115 509 14 1
7885 127 116 509 14 1
7886 127 117 509 14 1
7887 127 118 509 14 1
7888 127 119 509 14 1
7889 127 120 509 14 1
7890 127 121 509 14 1
7891 127 122 509 14 1
7892 127 123 509 14 1
7893 127 124 509 14 1
7894 127 125 509 14 1
7895 127 126 509 14 1
7896 128 64 509 14 1
7897 128 65 509 14 1
7898 128 66 509 14 1
7899 128 67 509 14 1
7900 128 68 509 14 1
7901 128 69 509 14 1
7902 128 70 509 14 1
7903 128 71 509 14 1
7904 128 72 509 14 1
7905 128 73 509 14 1
7906 128 74 509 14 1
7907 128 75 509 14 1
7908 128 76 509 14 1
7909 128 77 509 14 1
7910 128 78 509 14 1
7911 128 79 509 14 1
7912 128 80 509 14 1
7913 128 81 509 14 1
7914 128 82 509 14 1
7915 128 83 509 14 1
7916 128 84 509 14 1
7917 128 85 509 14 1
7918 128 86 509 14 1
7919 128 87 509 14 1
7920 128 88 509 14 1
7921 128 89 509 14 1
7922 128 90 509 14 1
7923 128 91 509 14 1
7924 128 92 509 14 1
7925 128 93 509 14 1
7926 128 94 509 14 1
7927 128 95 509 14 1
7928 128 96 509 14 1
7929 128 97 509 14 1
7930 128 98 509 14 1
7931 128 99 509 14 1
7932 128 100 509 14 1
7933 128 101 509 14 1
7934 128 102 509 14 1
7935 128 103 509 14 1
7936 128 104 509 14 1
7937 128 105 509 14 1
7938 128 106 509 14 1
7939 128 107 509 14 1
7940 128 108 509 14 1
7941 128 109 509 14 1
7942 128 110 509 14 1
7943 128 111 509 14 1
7944 128 112 509 14 1
7945 128 113 509 14 1
7946 128 114 509 14 1
7947 128 115 509 14 1
7948 128 116 509 14 1
7949 128 117 509 14 1
7950 128 118 509 14 1
7951 128 119 509 14 1
7952 128 120 509 14 1
7953 128 121 509 14 1
7954 128 122 509 14 1
7955 128 123 509 14 1
7956 128 124 509 14 1
7957 128 125 509 14 1
7958 128 126 509 14 1
7959 129 64 509 14 1
7960 129 65 509 14 1
7961 129 66 509 14 1
7962 129 67 509 14 1
7963 129 68 509 14 1
7964 129 69 509 14 1
7965 129 70 509 14 1
7966 129 71 509 14 1
7967 129 72 509 14 1
7968 129 73 509 14 1
7969 129 74 509 14 1
7970 129 75 509 14 1
7971 129 76 509 14 1
7972 129 77 509 14 1
7973 129 78 509 14 1
7974 129 79 509 14 1
7975 129 80 509 14 1
7976 129 81 509 14 1
7977 129 82 509 14 1
7978 129 83 509 14 1
7979 129 84 509 14 1
7980 129 85 509 14 1
7981 129 86 509 14 1
7982 129 87 509 14 1
7983 129 88 509 14 1
7984 129 89 509 14 1
7985 129 90 509 14 1
7986 129 91 509 14 1
7987 129 92 509 14 1
7988 129 93 509 14 1
7989 129 94 509 14 1
7990 129 95 509 14 1
7991 129 96 509 14 1
7992 129 97 509 14 1
7993 129 98 509 14 1
7994 129 99 509 14 1
7995 129 100 509 14 1
7996 129 101 509 14 1
7997 129 102 509 14 1
7998 129 103 509 14 1
7999 129 104 509 14 1
8000 129 105 509 14 1
8001 129 106 509 14 1
8002 129 107 509 14 1
8003 129 108 509 14 1
8004 129 109 509 14 1
8005 129 110 509 14 1
8006 129 111 509 14 1
8007 129 112 509 14 1
8008 129 113 509 14 1
8009 129 114 509 14 1
8010 129 115 509 14 1
8011 129 116 509 14 1
8012 129 117 509 14 1
8013 129 118 509 14 1
8014 129 119 509 14 1
8015 129 120 509 14 1
8016 129 121 509 14 1
8017 129 122 509 14 1
8018 129 123 509 14 1
8019 129 124 509 14 1
8020 129 125 509 14 1
8021 129 126 509 14 1
8022 130 64 509 14 1
8023 130 65 509 14 1
8024 130 66 509 14 1
8025 130 67 509 14 1
8026 130 68 509 14 1
8027 130 69 509 14 1
8028 130 70 509 14 1
8029 130 71 509 14 1
8030 130 72 509 14 1
8031 130 73 509 14 1
8032 130 74 509 14 1
8033 130 75 509 14 1
8034 130 76 509 14 1
8035 130 77 509 14 1
8036 130 78 509 14 1
8037 130 79 509 14 1
8038 130 80 509 14 1
8039 130 81 509 14 1
8040 130 82 509 14 1
8041 130 83 509 14 1
8042 130 84 509 14 1
8043 130 85 509 14 1
8044 130 86 509 14 1
8045 130 87 509 14 1
8046 130 88 509 14 1
8047 130 89 509 14 1
8048 130 90 509 14 1
8049 130 91 509 14 1
8050 130 92 509 14 1
8051 130 93 509 14 1
8052 130 94 509 14 1
8053 130 95 509 14 1
8054 130 96 509 14 1
8055 130 97 509 14 1
8056 130 98 509 14 1
8057 130 99 509 14 1
8058 130 100 509 14 1
8059 130 101 509 14 1
8060 130 102 509 14 1
8061 130 103 509 14 1
8062 130 104 509 14 1
8063 130 105 509 14 1
8064 130 106 509 14 1
8065 130 107 509 14 1
8066 130 108 509 14 1
8067 130 109 509 14 1
8068 130 110 509 14 1
8069 130 111 509 14 1
8070 130 112 509 14 1
8071 130 113 509 14 1
8072 130 114 509 14 1
8073 130 115 509 14 1
8074 130 116 509 14 1
8075 130 117 509 14 1
8076 130 118 509 14 1
8077 130 119 509 14 1
8078 130 120 509 14 1
8079 130 121 509 14 1
8080 130 122 509 14 1
8081 130 123 509 14 1
8082 130 124 509 14 1
8083 130 125 509 14 1
8084 130 126 509 14 1
8085 131 64 509 14 1
8086 131 65 509 14 1
8087 131 66 509 14 1
8088 131 67 509 14 1
8089 131 68 509 14 1
8090 131 69 509 14 1
8091 131 70 509 14 1
8092 131 71 509 14 1
8093 131 72 509 14 1
8094 131 73 509 14 1
8095 131 74 509 14 1
8096 131 75 509 14 1
8097 131 76 509 14 1
8098 131 77 509 14 1
8099 131 78 509 14 1
8100 131 79 509 14 1
8101 131 80 509 14 1
8102 131 81 509 14 1
8103 131 82 509 14 1
8104 131 83 509 14 1
8105 131 84 509 14 1
8106 131 85 509 14 1
8107 131 86 509 14 1
8108 131 87 509 14 1
8109 131 88 509 14 1
8110 131 89 509 14 1
8111 131 90 509 14 1
8112 131 91 509 14 1
8113 131 92 509 14 1
8114 131 93 509 14 1
8115 131 94 509 14 1
8116 131 95 509 14 1
8117 131 96 509 14 1
8118 131 97 509 14 1
8119 131 98 509 14 1
8120 131 99 509 14 1
8121 131 100 509 14 1
8122 131 101 509 14 1
8123 131 102 509 14 1
8124 131 103 509 14 1
8125 131 104 509 14 1
8126 131 105 509 14 1
8127 131 106 509 14 1
8128 131 107 509 14 1
8129 131 108 509 14 1
8130 131 109 509 14 1
8131 131 110 509 14 1
8132 131 111 509 14 1
8133 131 112 509 14 1
8134 131 113 509 14 1
8135 131 114 509 14 1
8136 131 115 509 14 1
8137 131 116 509 14 1
8138 131 117 509 14 1
8139 131 118 509 14 1
8140 131 119 509 14 1
8141 131 120 509 14 1
8142 131 121 509 14 1
8143 131 122 509 14 1
8144 131 123 509 14 1
8145 131 124 509 14 1
8146 131 125 509 14 1
8147 131 126 509 14 1
8148 132 64 509 14 1
8149 132 65 509 14 1
8150 132 66 509 14 1
8151 132 67 509 14 1
8152 132 68 509 14 1
8153 132 69 509 14 1
8154 132 70 509 14 1
8155 132 71 509 14 1
8156 132 72 509 14 1
8157 132 73 509 14 1
8158 132 74 509 14 1
8159 132 75 509 14 1
8160 132 76 509 14 1
8161 132 77 509 14 1
8162 132 78 509 14 1
8163 132 79 509 14 1
8164 132 80 509 14 1
8165 132 81 509 14 1
8166 132 82 509 14 1
8167 132 83 509 14 1
8168 132 84 509 14 1
8169 132 85 509 14 1
8170 132 86 509 14 1
8171 132 87 509 14 1
8172 132 88 509 14 1
8173 132 89 509 14 1
8174 132 90 509 14 1
8175 132 91 509 14 1
8176 132 92 509 14 1
8177 132 93 509 14 1
8178 132 94 509 14 1
8179 132 95 509 14 1
8180 132 96 509 14 1
8181 132 97 509 14 1
8182 132 98 509 14 1
8183 132 99 509 14 1
8184 132 100 509 14 1
8185 132 101 509 14 1
8186 132 102 509 14 1
8187 132 103 509 14 1
8188 132 104 509 14 1
8189 132 105 509 14 1
8190 132 106 509 14 1
8191 132 107 509 14 1
8192 132 108 509 14 1
8193 132 109 509 14 1
8194 132 110 509 14 1
8195 132 111 509 14 1
8196 132 112 509 14 1
8197 132 113 509 14 1
8198 132 114 509 14 1
8199 132 115 509 14 1
8200 132 116 509 14 1
8201 132 117 509 14 1
8202 132 118 509 14 1
8203 132 119 509 14 1
8204 132 120 509 14 1
8205 132 121 509 14 1
8206 132 122 509 14 1
8207 132 123 509 14 1
8208 132 124 509 14 1
8209 132 125 509 14 1
8210 132 126 509 14 1
8211 133 64 509 14 1
8212 133 65 509 14 1
8213 133 66 509 14 1
8214 133 67 509 14 1
8215 133 68 509 14 1
8216 133 69 509 14 1
8217 133 70 509 14 1
8218 133 71 509 14 1
8219 133 72 509 14 1
8220 133 73 509 14 1
8221 133 74 509 14 1
8222 133 75 509 14 1
8223 133 76 509 14 1
8224 133 77 509 14 1
8225 133 78 509 14 1
8226 133 79 509 14 1
8227 133 80 509 14 1
8228 133 81 509 14 1
8229 133 82 509 14 1
8230 133 83 509 14 1
8231 133 84 509 14 1
8232 133 85 509 14 1
8233 133 86 509 14 1
8234 133 87 509 14 1
8235 133 88 509 14 1
8236 133 89 509 14 1
8237 133 90 509 14 1
8238 133 91 509 14 1
8239 133 92 509 14 1
8240 133 93 509 14 1
8241 133 94 509 14 1
8242 133 95 509 14 1
8243 133 96 509 14 1
8244 133 97 509 14 1
8245 133 98 509 14 1
8246 133 99 509 14 1
8247 133 100 509 14 1
8248 133 101 509 14 1
8249 133 102 509 14 1
8250 133 103 509 14 1
8251 133 104 509 14 1
8252 133 105 509 14 1
8253 133 106 509 14 1
8254 133 107 509 14 1
8255 133 108 509 14 1
8256 133 109 509 14 1
8257 133 110 509 14 1
8258 133 111 509 14 1
8259 133 112 509 14 1
8260 133 113 509 14 1
8261 133 114 509 14 1
8262 133 115 509 14 1
8263 133 116 509 14 1
8264 133 117 509 14 1
8265 133 118 509 14 1
8266 133 119 509 14 1
8267 133 120 509 14 1
8268 133 121 509 14 1
8269 133 122 509 14 1
8270 133 123 509 14 1
8271 133 124 509 14 1
8272 133 125 509 14 1
8273 133 126 509 14 1
8274 134 64 509 14 1
8275 134 65 509 14 1
8276 134 66 509 14 1
8277 134 67 509 14 1
8278 134 68 509 14 1
8279 134 69 509 14 1
8280 134 70 509 14 1
8281 134 71 509 14 1
8282 134 72 509 14 1
8283 134 73 509 14 1
8284 134 74 509 14 1
8285 134 75 509 14 1
8286 134 76 509 14 1
8287 134 77 509 14 1
8288 134 78 509 14 1
8289 134 79 509 14 1
8290 134 80 509 14 1
8291 134 81 509 14 1
8292 134 82 509 14 1
8293 134 83 509 14 1
8294 134 84 509 14 1
8295 134 85 509 14 1
8296 134 86 509 14 1
8297 134 87 509 14 1
8298 134 88 509 14 1
8299 134 89 509 14 1
8300 134 90 509 14 1
8301 134 91 509 14 1
8302 134 92 509 14 1
8303 134 93 509 14 1
8304 134 94 509 14 1
8305 134 95 509 14 1
8306 134 96 509 14 1
8307 134 97 509 14 1
8308 134 98 509 14 1
8309 134 99 509 14 1
8310 134 100 509 14 1
8311 134 101 509 14 1
8312 134 102 509 14 1
8313 134 103 509 14 1
8314 134 104 509 14 1
8315 134 105 509 14 1
8316 134 106 509 14 1
8317 134 107 509 14 1
8318 134 108 509 14 1
8319 134 109 509 14 1
8320 134 110 509 14 1
8321 134 111 509 14 1
8322 134 112 509 14 1
8323 134 113 509 14 1
8324 134 114 509 14 1
8325 134 115 509 14 1
8326 134 116 509 14 1
8327 134 117 509 14 1
8328 134 118 509 14 1
8329 134 119 509 14 1
8330 134 120 509 14 1
8331 134 121 509 14 1
8332 134 122 509 14 1
8333 134 123 509 14 1
8334 134 124 509 14 1
8335 134 125 509 14 1
8336 134 126 509 14 1
8337 135 64 509 14 1
8338 135 65 509 14 1
8339 135 66 509 14 1
8340 135 67 509 14 1
8341 135 68 509 14 1
8342 135 69 509 14 1
8343 135 70 509 14 1
8344 135 71 509 14 1
8345 135 72 509 14 1
8346 135 73 509 14 1
8347 135 74 509 14 1
8348 135 75 509 14 1
8349 135 76 509 14 1
8350 135 77 509 14 1
8351 135 78 509 14 1
8352 135 79 509 14 1
8353 135 80 509 14 1
8354 135 81 509 14 1
8355 135 82 509 14 1
8356 135 83 509 14 1
8357 135 84 509 14 1
8358 135 85 509 14 1
8359 135 86 509 14 1
8360 135 87 509 14 1
8361 135 88 509 14 1
8362 135 89 509 14 1
8363 135 90 509 14 1
8364 135 91 509 14 1
8365 135 92 509 14 1
8366 135 93 509 14 1
8367 135 94 509 14 1
8368 135 95 509 14 1
8369 135 96 509 14 1
8370 135 97 509 14 1
8371 135 98 509 14 1
8372 135 99 509 14 1
8373 135 100 509 14 1
8374 135 101 509 14 1
8375 135 102 509 14 1
8376 135 103 509 14 1
8377 135 104 509 14 1
8378 135 105 509 14 1
8379 135 106 509 14 1
8380 135 107 509 14 1
8381 135 108 509 14 1
8382 135 109 509 14 1
8383 135 110 509 14 1
8384 135 111 509 14 1
8385 135 112 509 14 1
8386 135 113 509 14 1
8387 135 114 509 14 1
8388 135 115 509 14 1
8389 135 116 509 14 1
8390 135 117 509 14 1
8391 135 118 509 14 1
8392 135 119 509 14 1
8393 135 120 509 14 1
8394 135 121 509 14 1
8395 135 122 509 14 1
8396 135 123 509 14 1
8397 135 124 509 14 1
8398 135 125 509 14 1
8399 135 126 509 14 1
8400 136 64 509 14 1
8401 136 65 509 14 1
8402 136 66 509 14 1
8403 136 67 509 14 1
8404 136 68 509 14 1
8405 136 69 509 14 1
8406 136 70 509 14 1
8407 136 71 509 14 1
8408 136 72 509 14 1
8409 136 73 509 14 1
8410 136 74 509 14 1
8411 136 75 509 14 1
8412 136 76 509 14 1
8413 136 77 509 14 1
8414 136 78 509 14 1
8415 136 79 509 14 1
8416 136 80 509 14 1
8417 136 81 509 14 1
8418 136 82 509 14 1
8419 136 83 509 14 1
8420 136 84 509 14 1
8421 136 85 509 14 1
8422 136 86 509 14 1
8423 136 87 509 14 1
8424 136 88 509 14 1
8425 136 89 509 14 1
8426 136 90 509 14 1
8427 136 91 509 14 1
8428 136 92 509 14 1
8429 136 93 509 14 1
8430 136 94 509 14 1
8431 136 95 509 14 1
8432 136 96 509 14 1
8433 136 97 509 14 1
8434 136 98 509 14 1
8435 136 99 509 14 1
8436 136 100 509 14 1
8437 136 101 509 14 1
8438 136 102 509 14 1
8439 136 103 509 14 1
8440 136 104 509 14 1
8441 136 105 509 14 1
8442 136 106 509 14 1
8443 136 107 509 14 1
8444 136 108 509 14 1
8445 136 109 509 14 1
8446 136 110 509 14 1
8447 136 111 509 14 1
8448 136 112 509 14 1
8449 136 113 509 14 1
8450 136 114 509 14 1
8451 136 115 509 14 1
8452 136 116 509 14 1
8453 136 117 509 14 1
8454 136 118 509 14 1
8455 136 119 509 14 1
8456 136 120 509 14 1
8457 136 121 509 14 1
8458 136 122 509 14 1
8459 136 123 509 14 1
8460 136 124 509 14 1
8461 136 125 509 14 1
8462 136 126 509 14 1
8463 137 64 509 14 1
8464 137 65 509 14 1
8465 137 66 509 14 1
8466 137 67 509 14 1
8467 137 68 509 14 1
8468 137 69 509 14 1
8469 137 70 509 14 1
8470 137 71 509 14 1
8471 137 72 509 14 1
8472 137 73 509 14 1
8473 137 74 509 14 1
8474 137 75 509 14 1
8475 137 76 509 14 1
8476 137 77 509 14 1
8477 137 78 509 14 1
8478 137 79 509 14 1
8479 137 80 509 14 1
8480 137 81 509 14 1
8481 137 82 509 14 1
8482 137 83 509 14 1
8483 137 84 509 14 1
8484 137 85 509 14 1
8485 137 86 509 14 1
8486 137 87 509 14 1
8487 137 88 509 14 1
8488 137 89 509 14 1
8489 137 90 509 14 1
8490 137 91 509 14 1
8491 137 92 509 14 1
8492 137 93 509 14 1
8493 137 94 509 14 1
8494 137 95 509 14 1
8495 137 96 509 14 1
8496 137 97 509 14 1
8497 137 98 509 14 1
8498 137 99 509 14 1
8499 137 100 509 14 1
8500 137 101 509 14 1
8501 137 102 509 14 1
8502 137 103 509 14 1
8503 137 104 509 14 1
8504 137 105 509 14 1
8505 137 106 509 14 1
8506 137 107 509 14 1
8507 137 108 509 14 1
8508 137 109 509 14 1
8509 137 110 509 14 1
8510 137 111 509 14 1
8511 137 112 509 14 1
8512 137 113 509 14 1
8513 137 114 509 14 1
8514 137 115 509 14 1
8515 137 116 509 14 1
8516 137 117 509 14 1
8517 137 118 509 14 1
8518 137 119 509 14 1
8519 137 120 509 14 1
8520 137 121 509 14 1
8521 137 122 509 14 1
8522 137 123 509 14 1
8523 137 124 509 14 1
8524 137 125 509 14 1
8525 137 126 509 14 1
8526 138 64 509 14 1
8527 138 65 509 14 1
8528 138 66 509 14 1
8529 138 67 509 14 1
8530 138 68 509 14 1
8531 138 69 509 14 1
8532 138 70 509 14 1
8533 138 71 509 14 1
8534 138 72 509 14 1
8535 138 73 509 14 1
8536 138 74 509 14 1
8537 138 75 509 14 1
8538 138 76 509 14 1
8539 138 77 509 14 1
8540 138 78 509 14 1
8541 138 79 509 14 1
8542 138 80 509 14 1
8543 138 81 509 14 1
8544 138 82 509 14 1
8545 138 83 509 14 1
8546 138 84 509 14 1
8547 138 85 509 14 1
8548 138 86 509 14 1
8549 138 87 509 14 1
8550 138 88 509 14 1
8551 138 89 509 14 1
8552 138 90 509 14 1
8553 138 91 509 14 1
8554 138 92 509 14 1
8555 138 93 509 14 1
8556 138 94 509 14 1
8557 138 95 509 14 1
8558 138 96 509 14 1
8559 138 97 509 14 1
8560 138 98 509 14 1
8561 138 99 509 14 1
8562 138 100 509 14 1
8563 138 101 509 14 1
8564 138 102 509 14 1
8565 138 103 509 14 1
8566 138 104 509 14 1
8567 138 105 509 14 1
8568 138 106 509 14 1
8569 138 107 509 14 1
8570 138 108 509 14 1
8571 138 109 509 14 1
8572 138 110 509 14 1
8573 138 111 509 14 1
8574 138 112 509 14 1
8575 138 113 509 14 1
8576 138 114 509 14 1
8577 138 115 509 14 1
8578 138 116 509 14 1
8579 138 117 509 14 1
8580 138 118 509 14 1
8581 138 119 509 14 1
8582 138 120 509 14 1
8583 138 121 509 14 1
8584 138 122 509 14 1
8585 138 123 509 14 1
8586 138 124 509 14 1
8587 138 125 509 14 1
8588 138 126 509 14 1
8589 139 64 509 14 1
8590 139 65 509 14 1
8591 139 66 509 14 1
8592 139 67 509 14 1
8593 139 68 509 14 1
8594 139 69 509 14 1
8595 139 70 509 14 1
8596 139 71 509 14 1
8597 139 72 509 14 1
8598 139 73 509 14 1
8599 139 74 509 14 1
8600 139 75 509 14 1
8601 139 76 509 14 1
8602 139 77 509 14 1
8603 139 78 509 14 1
8604 139 79 509 14 1
8605 139 80 509 14 1
8606 139 81 509 14 1
8607 139 82 509 14 1
8608 139 83 509 14 1
8609 139 84 509 14 1
8610 139 85 509 14 1
8611 139 86 509 14 1
8612 139 87 509 14 1
8613 139 88 509 14 1
8614 139 89 509 14 1
8615 139 90 509 14 1
8616 139 91 509 14 1
8617 139 92 509 14 1
8618 139 93 509 14 1
8619 139 94 509 14 1
8620 139 95 509 14 1
8621 139 96 509 14 1
8622 139 97 509 14 1
8623 139 98 509 14 1
8624 139 99 509 14 1
8625 139 100 509 14 1
8626 139 101 509 14 1
8627 139 102 509 14 1
8628 139 103 509 14 1
8629 139 104 509 14 1
8630 139 105 509 14 1
8631 139 106 509 14 1
8632 139 107 509 14 1
8633 139 108 509 14 1
8634 139 109 509 14 1
8635 139 110 509 14 1
8636 139 111 509 14 1
8637 139 112 509 14 1
8638 139 113 509 14 1
8639 139 114 509 14 1
8640 139 115 509 14 1
8641 139 116 509 14 1
8642 139 117 509 14 1
8643 139 118 509 14 1
8644 139 119 509 14 1
8645 139 120 509 14 1
8646 139 121 509 14 1
8647 139 122 509 14 1
8648 139 123 509 14 1
8649 139 124 509 14 1
8650 139 125 509 14 1
8651 139 126 509 14 1
8652 140 64 509 14 1
8653 140 65 509 14 1
8654 140 66 509 14 1
8655 140 67 509 14 1
8656 140 68 509 14 1
8657 140 69 509 14 1
8658 140 70 509 14 1
8659 140 71 509 14 1
8660 140 72 509 14 1
8661 140 73 509 14 1
8662 140 74 509 14 1
8663 140 75 509 14 1
8664 140 76 509 14 1
8665 140 77 509 14 1
8666 140 78 509 14 1
8667 140 79 509 14 1
8668 140 80 509 14 1
8669 140 81 509 14 1
8670 140 82 509 14 1
8671 140 83 509 14 1
8672 140 84 509 14 1
8673 140 85 509 14 1
8674 140 86 509 14 1
8675 140 87 509 14 1
8676 140 88 509 14 1
8677 140 89 509 14 1
8678 140 90 509 14 1
8679 140 91 509 14 1
8680 140 92 509 14 1
8681 140 93 509 14 1
8682 140 94 509 14 1
8683 140 95 509 14 1
8684 140 96 509 14 1
8685 140 97 509 14 1
8686 140 98 509 14 1
8687 140 99 509 14 1
8688 140 100 509 14 1
8689 140 101 509 14 1
8690 140 102 509 14 1
8691 140 103 509 14 1
8692 140 104 509 14 1
8693 140 105 509 14 1
8694 140 106 509 14 1
8695 140 107 509 14 1
8696 140 108 509 14 1
8697 140 109 509 14 1
8698 140 110 509 14 1
8699 140 111 509 14 1
8700 140 112 509 14 1
8701 140 113 509 14 1
8702 140 114 509 14 1
8703 140 115 509 14 1
8704 140 116 509 14 1
8705 140 117 509 14 1
8706 140 118 509 14 1
8707 140 119 509 14 1
8708 140 120 509 14 1
8709 140 121 509 14 1
8710 140 122 509 14 1
8711 140 123 509 14 1
8712 140 124 509 14 1
8713 140 125 509 14 1
8714 140 126 509 14 1
8715 141 64 509 14 1
8716 141 65 509 14 1
8717 141 66 509 14 1
8718 141 67 509 14 1
8719 141 68 509 14 1
8720 141 69 509 14 1
8721 141 70 509 14 1
8722 141 71 509 14 1
8723 141 72 509 14 1
8724 141 73 509 14 1
8725 141 74 509 14 1
8726 141 75 509 14 1
8727 141 76 509 14 1
8728 141 77 509 14 1
8729 141 78 509 14 1
8730 141 79 509 14 1
8731 141 80 509 14 1
8732 141 81 509 14 1
8733 141 82 509 14 1
8734 141 83 509 14 1
8735 141 84 509 14 1
8736 141 85 509 14 1
8737 141 86 509 14 1
8738 141 87 509 14 1
8739 141 88 509 14 1
8740 141 89 509 14 1
8741 141 90 509 14 1
8742 141 91 509 14 1
8743 141 92 509 14 1
8744 141 93 509 14 1
8745 141 94 509 14 1
8746 141 95 509 14 1
8747 141 96 509 14 1
8748 141 97 509 14 1
8749 141 98 509 14 1
8750 141 99 509 14 1
8751 141 100 509 14 1
8752 141 101 509 14 1
8753 141 102 509 14 1
8754 141 103 509 14 1
8755 141 104 509 14 1
8756 141 105 509 14 1
8757 141 106 509 14 1
8758 141 107 509 14 1
8759 141 108 509 14 1
8760 141 109 509 14 1
8761 141 110 509 14 1
8762 141 111 509 14 1
8763 141 112 509 14 1
8764 141 113 509 14 1
8765 141 114 509 14 1
8766 141 115 509 14 1
8767 141 116 509 14 1
8768 141 117 509 14 1
8769 141 118 509 14 1
8770 141 119 509 14 1
8771 141 120 509 14 1
8772 141 121 509 14 1
8773 141 122 509 14 1
8774 141 123 509 14 1
8775 141 124 509 14 1
8776 141 125 509 14 1
8777 141 126 509 14 1
8778 142 64 509 14 1
8779 142 65 509 14 1
8780 142 66 509 14 1
8781 142 67 509 14 1
8782 142 68 509 14 1
8783 142 69 509 14 1
8784 142 70 509 14 1
8785 142 71 509 14 1
8786 142 72 509 14 1
8787 142 73 509 14 1
8788 142 74 509 14 1
8789 142 75 509 14 1
8790 142 76 509 14 1
8791 142 77 509 14 1
8792 142 78 509 14 1
8793 142 79 509 14 1
8794 142 80 509 14 1
8795 142 81 509 14 1
8796 142 82 509 14 1
8797 142 83 509 14 1
8798 142 84 509 14 1
8799 142 85 509 14 1
8800 142 86 509 14 1
8801 142 87 509 14 1
8802 142 88 509 14 1
8803 142 89 509 14 1
8804 142 90 509 14 1
8805 142 91 509 14 1
8806 142 92 509 14 1
8807 142 93 509 14 1
8808 142 94 509 14 1
8809 142 95 509 14 1
8810 142 96 509 14 1
8811 142 97 509 14 1
8812 142 98 509 14 1
8813 142 99 509 14 1
8814 142 100 509 14 1
8815 142 101 509 14 1
8816 142 102 509 14 1
8817 142 103 509 14 1
8818 142 104 509 14 1
8819 142 105 509 14 1
8820 142 106 509 14 1
8821 142 107 509 14 1
8822 142 108 509 14 1
8823 142 109 509 14 1
8824 142 110 509 14 1
8825 142 111 509 14 1
8826 142 112 509 14 1
8827 142 113 509 14 1
8828 142 114 509 14 1
8829 142 115 509 14 1
8830 142 116 509 14 1
8831 142 117 509 14 1
8832 142 118 509 14 1
8833 142 119 509 14 1
8834 142 120 509 14 1
8835 142 121 509 14 1
8836 142 122 509 14 1
8837 142 123 509 14 1
8838 142 124 509 14 1
8839 142 125 509 14 1
8840 142 126 509 14 1
8841 143 64 509 14 1
8842 143 65 509 14 1
8843 143 66 509 14 1
8844 143 67 509 14 1
8845 143 68 509 14 1
8846 143 69 509 14 1
8847 143 70 509 14 1
8848 143 71 509 14 1
8849 143 72 509 14 1
8850 143 73 509 14 1
8851 143 74 509 14 1
8852 143 75 509 14 1
8853 143 76 509 14 1
8854 143 77 509 14 1
8855 143 78 509 14 1
8856 143 79 509 14 1
8857 143 80 509 14 1
8858 143 81 509 14 1
8859 143 82 509 14 1
8860 143 83 509 14 1
8861 143 84 509 14 1
8862 143 85 509 14 1
8863 143 86 509 14 1
8864 143 87 509 14 1
8865 143 88 509 14 1
8866 143 89 509 14 1
8867 143 90 509 14 1
8868 143 91 509 14 1
8869 143 92 509 14 1
8870 143 93 509 14 1
8871 143 94 509 14 1
8872 143 95 509 14 1
8873 143 96 509 14 1
8874 143 97 509 14 1
8875 143 98 509 14 1
8876 143 99 509 14 1
8877 143 100 509 14 1
8878 143 101 509 14 1
8879 143 102 509 14 1
8880 143 103 509 14 1
8881 143 104 509 14 1
8882 143 105 509 14 1
8883 143 106 509 14 1
8884 143 107 509 14 1
8885 143 108 509 14 1
8886 143 109 509 14 1
8887 143 110 509 14 1
8888 143 111 509 14 1
8889 143 112 509 14 1
8890 143 113 509 14 1
8891 143 114 509 14 1
8892 143 115 509 14 1
8893 143 116 509 14 1
8894 143 117 509 14 1
8895 143 118 509 14 1
8896 143 119 509 14 1
8897 143 120 509 14 1
8898 143 121 509 14 1
8899 143 122 509 14 1
8900 143 123 509 14 1
8901 143 124 509 14 1
8902 143 125 509 14 1
8903 143 126 509 14 1
8904 144 64 509 14 1
8905 144 65 509 14 1
8906 144 66 509 14 1
8907 144 67 509 14 1
8908 144 68 509 14 1
8909 144 69 509 14 1
8910 144 70 509 14 1
8911 144 71 509 14 1
8912 144 72 509 14 1
8913 144 73 509 14 1
8914 144 74 509 14 1
8915 144 75 509 14 1
8916 144 76 509 14 1
8917 144 77 509 14 1
8918 144 78 509 14 1
8919 144 79 509 14 1
8920 144 80 509 14 1
8921 144 81 509 14 1
8922 144 82 509 14 1
8923 144 83 509 14 1
8924 144 84 509 14 1
8925 144 85 509 14 1
8926 144 86 509 14 1
8927 144 87 509 14 1
8928 144 88 509 14 1
8929 144 89 509 14 1
8930 144 90 509 14 1
8931 144 91 509 14 1
8932 144 92 509 14 1
8933 144 93 509 14 1
8934 144 94 509 14 1
8935 144 95 509 14 1
8936 144 96 509 14 1
8937 144 97 509 14 1
8938 144 98 509 14 1
8939 144 99 509 14 1
8940 144 100 509 14 1
8941 144 101 509 14 1
8942 144 102 509 14 1
8943 144 103 509 14 1
8944 144 104 509 14 1
8945 144 105 509 14 1
8946 144 106 509 14 1
8947 144 107 509 14 1
8948 144 108 509 14 1
8949 144 109 509 14 1
8950 144 110 509 14 1
8951 144 111 509 14 1
8952 144 112 509 14 1
8953 144 113 509 14 1
8954 144 114 509 14 1
8955 144 115 509 14 1
8956 144 116 509 14 1
8957 144 117 509 14 1
8958 144 118 509 14 1
8959 144 119 509 14 1
8960 144 120 509 14 1
8961 144 121 509 14 1
8962 144 122 509 14 1
8963 144 123 509 14 1
8964 144 124 509 14 1
8965 144 125 509 14 1
8966 144 126 509 14 1
8967 145 64 509 14 1
8968 145 65 509 14 1
8969 145 66 509 14 1
8970 145 67 509 14 1
8971 145 68 509 14 1
8972 145 69 509 14 1
8973 145 70 509 14 1
8974 145 71 509 14 1
8975 145 72 509 14 1
8976 145 73 509 14 1
8977 145 74 509 14 1
8978 145 75 509 14 1
8979 145 76 509 14 1
8980 145 77 509 14 1
8981 145 78 509 14 1
8982 145 79 509 14 1
8983 145 80 509 14 1
8984 145 81 509 14 1
8985 145 82 509 14 1
8986 145 83 509 14 1
8987 145 84 509 14 1
8988 145 85 509 14 1
8989 145 86 509 14 1
8990 145 87 509 14 1
8991 145 88 509 14 1
8992 145 89 509 14 1
8993 145 90 509 14 1
8994 145 91 509 14 1
8995 145 92 509 14 1
8996 145 93 509 14 1
8997 145 94 509 14 1
8998 145 95 509 14 1
8999 145 96 509 14 1
9000 145 97 509 14 1
9001 145 98 509 14 1
9002 145 99 509 14 1
9003 145 100 509 14 1
9004 145 101 509 14 1
9005 145 102 509 14 1
9006 145 103 509 14 1
9007 145 104 509 14 1
9008 145 105 509 14 1
9009 145 106 509 14 1
9010 145 107 509 14 1
9011 145 108 509 14 1
9012 145 109 509 14 1
9013 145 110 509 14 1
9014 145 111 509 14 1
9015 145 112 509 14 1
9016 145 113 509 14 1
9017 145 114 509 14 1
9018 145 115 509 14 1
9019 145 116 509 14 1
9020 145 117 509 14 1
9021 145 118 509 14 1
9022 145 119 509 14 1
9023 145 120 509 14 1
9024 145 121 509 14 1
9025 145 122 509 14 1
9026 145 123 509 14 1
9027 145 124 509 14 1
9028 145 125 509 14 1
9029 145 126 509 14 1
9030 146 64 509 14 1
9031 146 65 509 14 1
9032 146 66 509 14 1
9033 146 67 509 14 1
9034 146 68 509 14 1
9035 146 69 509 14 1
9036 146 70 509 14 1
9037 146 71 509 14 1
9038 146 72 509 14 1
9039 146 73 509 14 1
9040 146 74 509 14 1
9041 146 75 509 14 1
9042 146 76 509 14 1
9043 146 77 509 14 1
9044 146 78 509 14 1
9045 146 79 509 14 1
9046 146 80 509 14 1
9047 146 81 509 14 1
9048 146 82 509 14 1
9049 146 83 509 14 1
9050 146 84 509 14 1
9051 146 85 509 14 1
9052 146 86 509 14 1
9053 146 87 509 14 1
9054 146 88 509 14 1
9055 146 89 509 14 1
9056 146 90 509 14 1
9057 146 91 509 14 1
9058 146 92 509 14 1
9059 146 93 509 14 1
9060 146 94 509 14 1
9061 146 95 509 14 1
9062 146 96 509 14 1
9063 146 97 509 14 1
9064 146 98 509 14 1
9065 146 99 509 14 1
9066 146 100 509 14 1
9067 146 101 509 14 1
9068 146 102 509 14 1
9069 146 103 509 14 1
9070 146 104 509 14 1
9071 146 105 509 14 1
9072 146 106 509 14 1
9073 146 107 509 14 1
9074 146 108 509 14 1
9075 146 109 509 14 1
9076 146 110 509 14 1
9077 146 111 509 14 1
9078 146 112 509 14 1
9079 146 113 509 14 1
9080 146 114 509 14 1
9081 146 115 509 14 1
9082 146 116 509 14 1
9083 146 117 509 14 1
9084 146 118 509 14 1
9085 146 119 509 14 1
9086 146 120 509 14 1
9087 146 121 509 14 1
9088 146 122 509 14 1
9089 146 123 509 14 1
9090 146 124 509 14 1
9091 146 125 509 14 1
9092 146 126 509 14 1
9093 147 64 509 14 1
9094 147 65 509 14 1
9095 147 66 509 14 1
9096 147 67 509 14 1
9097 147 68 509 14 1
9098 147 69 509 14 1
9099 147 70 509 14 1
9100 147 71 509 14 1
9101 147 72 509 14 1
9102 147 73 509 14 1
9103 147 74 509 14 1
9104 147 75 509 14 1
9105 147 76 509 14 1
9106 147 77 509 14 1
9107 147 78 509 14 1
9108 147 79 509 14 1
9109 147 80 509 14 1
9110 147 81 509 14 1
9111 147 82 509 14 1
9112 147 83 509 14 1
9113 147 84 509 14 1
9114 147 85 509 14 1
9115 147 86 509 14 1
9116 147 87 509 14 1
9117 147 88 509 14 1
9118 147 89 509 14 1
9119 147 90 509 14 1
9120 147 91 509 14 1
9121 147 92 509 14 1
9122 147 93 509 14 1
9123 147 94 509 14 1
9124 147 95 509 14 1
9125 147 96 509 14 1
9126 147 97 509 14 1
9127 147 98 509 14 1
9128 147 99 509 14 1
9129 147 100 509 14 1
9130 147 101 509 14 1
9131 147 102 509 14 1
9132 147 103 509 14 1
9133 147 104 509 14 1
9134 147 105 509 14 1
9135 147 106 509 14 1
9136 147 107 509 14 1
9137 147 108 509 14 1
9138 147 109 509 14 1
9139 147 110 509 14 1
9140 147 111 509 14 1
9141 147 112 509 14 1
9142 147 113 509 14 1
9143 147 114 509 14 1
9144 147 115 509 14 1
9145 147 116 509 14 1
9146 147 117 509 14 1
9147 147 118 509 14 1
9148 147 119 509 14 1
9149 147 120 509 14 1
9150 147 121 509 14 1
9151 147 122 509 14 1
9152 147 123 509 14 1
9153 147 124 509 14 1
9154 147 125 509 14 1
9155 147 126 509 14 1
9156 148 64 509 14 1
9157 148 65 509 14 1
9158 148 66 509 14 1
9159 148 67 509 14 1
9160 148 68 509 14 1
9161 148 69 509 14 1
9162 148 70 509 14 1
9163 148 71 509 14 1
9164 148 72 509 14 1
9165 148 73 509 14 1
9166 148 74 509 14 1
9167 148 75 509 14 1
9168 148 76 509 14 1
9169 148 77 509 14 1
9170 148 78 509 14 1
9171 148 79 509 14 1
9172 148 80 509 14 1
9173 148 81 509 14 1
9174 148 82 509 14 1
9175 148 83 509 14 1
9176 148 84 509 14 1
9177 148 85 509 14 1
9178 148 86 509 14 1
9179 148 87 509 14 1
9180 148 88 509 14 1
9181 148 89 509 14 1
9182 148 90 509 14 1
9183 148 91 509 14 1
9184 148 92 509 14 1
9185 148 93 509 14 1
9186 148 94 509 14 1
9187 148 95 509 14 1
9188 148 96 509 14 1
9189 148 97 509 14 1
9190 148 98 509 14 1
9191 148 99 509 14 1
9192 148 100 509 14 1
9193 148 101 509 14 1
9194 148 102 509 14 1
9195 148 103 509 14 1
9196 148 104 509 14 1
9197 148 105 509 14 1
9198 148 106 509 14 1
9199 148 107 509 14 1
9200 148 108 509 14 1
9201 148 109 509 14 1
9202 148 110 509 14 1
9203 148 111 509 14 1
9204 148 112 509 14 1
9205 148 113 509 14 1
9206 148 114 509 14 1
9207 148 115 509 14 1
9208 148 116 509 14 1
9209 148 117 509 14 1
9210 148 118 509 14 1
9211 148 119 509 14 1
9212 148 120 509 14 1
9213 148 121 509 14 1
9214 148 122 509 14 1
9215 148 123 509 14 1
9216 148 124 509 14 1
9217 148 125 509 14 1
9218 148 126 509 14 1
9219 149 64 509 14 1
9220 149 65 509 14 1
9221 149 66 509 14 1
9222 149 67 509 14 1
9223 149 68 509 14 1
9224 149 69 509 14 1
9225 149 70 509 14 1
9226 149 71 509 14 1
9227 149 72 509 14 1
9228 149 73 509 14 1
9229 149 74 509 14 1
9230 149 75 509 14 1
9231 149 76 509 14 1
9232 149 77 509 14 1
9233 149 78 509 14 1
9234 149 79 509 14 1
9235 149 80 509 14 1
9236 149 81 509 14 1
9237 149 82 509 14 1
9238 149 83 509 14 1
9239 149 84 509 14 1
9240 149 85 509 14 1
9241 149 86 509 14 1
9242 149 87 509 14 1
9243 149 88 509 14 1
9244 149 89 509 14 1
9245 149 90 509 14 1
9246 149 91 509 14 1
9247 149 92 509 14 1
9248 149 93 509 14 1
9249 149 94 509 14 1
9250 149 95 509 14 1
9251 149 96 509 14 1
9252 149 97 509 14 1
9253 149 98 509 14 1
9254 149 99 509 14 1
9255 149 100 509 14 1
9256 149 101 509 14 1
9257 149 102 509 14 1
9258 149 103 509 14 1
9259 149 104 509 14 1
9260 149 105 509 14 1
9261 149 106 509 14 1
9262 149 107 509 14 1
9263 149 108 509 14 1
9264 149 109 509 14 1
9265 149 110 509 14 1
9266 149 111 509 14 1
9267 149 112 509 14 1
9268 149 113 509 14 1
9269 149 114 509 14 1
9270 149 115 509 14 1
9271 149 116 509 14 1
9272 149 117 509 14 1
9273 149 118 509 14 1
9274 149 119 509 14 1
9275 149 120 509 14 1
9276 149 121 509 14 1
9277 149 122 509 14 1
9278 149 123 509 14 1
9279 149 124 509 14 1
9280 149 125 509 14 1
9281 149 126 509 14 1
9282 150 64 509 14 1
9283 150 65 509 14 1
9284 150 66 509 14 1
9285 150 67 509 14 1
9286 150 68 509 14 1
9287 150 69 509 14 1
9288 150 70 509 14 1
9289 150 71 509 14 1
9290 150 72 509 14 1
9291 150 73 509 14 1
9292 150 74 509 14 1
9293 150 75 509 14 1
9294 150 76 509 14 1
9295 150 77 509 14 1
9296 150 78 509 14 1
9297 150 79 509 14 1
9298 150 80 509 14 1
9299 150 81 509 14 1
9300 150 82 509 14 1
9301 150 83 509 14 1
9302 150 84 509 14 1
9303 150 85 509 14 1
9304 150 86 509 14 1
9305 150 87 509 14 1
9306 150 88 509 14 1
9307 150 89 509 14 1
9308 150 90 509 14 1
9309 150 91 509 14 1
9310 150 92 509 14 1
9311 150 93 509 14 1
9312 150 94 509 14 1
9313 150 95 509 14 1
9314 150 96 509 14 1
9315 150 97 509 14 1
9316 150 98 509 14 1
9317 150 99 509 14 1
9318 150 100 509 14 1
9319 150 101 509 14 1
9320 150 102 509 14 1
9321 150 103 509 14 1
9322 150 104 509 14 1
9323 150 105 509 14 1
9324 150 106 509 14 1
9325 150 107 509 14 1
9326 150 108 509 14 1
9327 150 109 509 14 1
9328 150 110 509 14 1
9329 150 111 509 14 1
9330 150 112 509 14 1
9331 150 113 509 14 1
9332 150 114 509 14 1
9333 150 115 509 14 1
9334 150 116 509 14 1
9335 150 117 509 14 1
9336 150 118 509 14 1
9337 150 119 509 14 1
9338 150 120 509 14 1
9339 150 121 509 14 1
9340 150 122 509 14 1
9341 150 123 509 14 1
9342 150 124 509 14 1
9343 150 125 509 14 1
9344 150 126 509 14 1
9345 151 64 509 14 1
9346 151 65 509 14 1
9347 151 66 509 14 1
9348 151 67 509 14 1
9349 151 68 509 14 1
9350 151 69 509 14 1
9351 151 70 509 14 1
9352 151 71 509 14 1
9353 151 72 509 14 1
9354 151 73 509 14 1
9355 151 74 509 14 1
9356 151 75 509 14 1
9357 151 76 509 14 1
9358 151 77 509 14 1
9359 151 78 509 14 1
9360 151 79 509 14 1
9361 151 80 509 14 1
9362 151 81 509 14 1
9363 151 82 509 14 1
9364 151 83 509 14 1
9365 151 84 509 14 1
9366 151 85 509 14 1
9367 151 86 509 14 1
9368 151 87 509 14 1
9369 151 88 509 14 1
9370 151 89 509 14 1
9371 151 90 509 14 1
9372 151 91 509 14 1
9373 151 92 509 14 1
9374 151 93 509 14 1
9375 151 94 509 14 1
9376 151 95 509 14 1
9377 151 96 509 14 1
9378 151 97 509 14 1
9379 151 98 509 14 1
9380 151 99 509 14 1
9381 151 100 509 14 1
9382 151 101 509 14 1
9383 151 102 509 14 1
9384 151 103 509 14 1
9385 151 104 509 14 1
9386 151 105 509 14 1
9387 151 106 509 14 1
9388 151 107 509 14 1
9389 151 108 509 14 1
9390 151 109 509 14 1
9391 151 110 509 14 1
9392 151 111 509 14 1
9393 151 112 509 14 1
9394 151 113 509 14 1
9395 151 114 509 14 1
9396 151 115 509 14 1
9397 151 116 509 14 1
9398 151 117 509 14 1
9399 151 118 509 14 1
9400 151 119 509 14 1
9401 151 120 509 14 1
9402 151 121 509 14 1
9403 151 122 509 14 1
9404 151 123 509 14 1
9405 151 124 509 14 1
9406 151 125 509 14 1
9407 151 126 509 14 1
9408 152 64 509 14 1
9409 152 65 509 14 1
9410 152 66 509 14 1
9411 152 67 509 14 1
9412 152 68 509 14 1
9413 152 69 509 14 1
9414 152 70 509 14 1
9415 152 71 509 14 1
9416 152 72 509 14 1
9417 152 73 509 14 1
9418 152 74 509 14 1
9419 152 75 509 14 1
9420 152 76 509 14 1
9421 152 77 509 14 1
9422 152 78 509 14 1
9423 152 79 509 14 1
9424 152 80 509 14 1
9425 152 81 509 14 1
9426 152 82 509 14 1
9427 152 83 509 14 1
9428 152 84 509 14 1
9429 152 85 509 14 1
9430 152 86 509 14 1
9431 152 87 509 14 1
9432 152 88 509 14 1
9433 152 89 509 14 1
9434 152 90 509 14 1
9435 152 91 509 14 1
9436 152 92 509 14 1
9437 152 93 509 14 1
9438 152 94 509 14 1
9439 152 95 509 14 1
9440 152 96 509 14 1
9441 152 97 509 14 1
9442 152 98 509 14 1
9443 152 99 509 14 1
9444 152 100 509 14 1
9445 152 101 509 14 1
9446 152 102 509 14 1
9447 152 103 509 14 1
9448 152 104 509 14 1
9449 152 105 509 14 1
9450 152 106 509 14 1
9451 152 107 509 14 1
9452 152 108 509 14 1
9453 152 109 509 14 1
9454 152 110 509 14 1
9455 152 111 509 14 1
9456 152 112 509 14 1
9457 152 113 509 14 1
9458 152 114 509 14 1
9459 152 115 509 14 1
9460 152 116 509 14 1
9461 152 117 509 14 1
9462 152 118 509 14 1
9463 152 119 509 14 1
9464 152 120 509 14 1
9465 152 121 509 14 1
9466 152 122 509 14 1
9467 152 123 509 14 1
9468 152 124 509 14 1
9469 152 125 509 14 1
9470 152 126 509 14 1
9471 153 64 509 14 1
9472 153 65 509 14 1
9473 153 66 509 14 1
9474 153 67 509 14 1
9475 153 68 509 14 1
9476 153 69 509 14 1
9477 153 70 509 14 1
9478 153 71 509 14 1
9479 153 72 509 14 1
9480 153 73 509 14 1
9481 153 74 509 14 1
9482 153 75 509 14 1
9483 153 76 509 14 1
9484 153 77 509 14 1
9485 153 78 509 14 1
9486 153 79 509 14 1
9487 153 80 509 14 1
9488 153 81 509 14 1
9489 153 82 509 14 1
9490 153 83 509 14 1
9491 153 84 509 14 1
9492 153 85 509 14 1
9493 153 86 509 14 1
9494 153 87 509 14 1
9495 153 88 509 14 1
9496 153 89 509 14 1
9497 153 90 509 14 1
9498 153 91 509 14 1
9499 153 92 509 14 1
9500 153 93 509 14 1
9501 153 94 509 14 1
9502 153 95 509 14 1
9503 153 96 509 14 1
9504 153 97 509 14 1
9505 153 98 509 14 1
9506 153 99 509 14 1
9507 153 100 509 14 1
9508 153 101 509 14 1
9509 153 102 509 14 1
9510 153 103 509 14 1
9511 153 104 509 14 1
9512 153 105 509 14 1
9513 153 106 509 14 1
9514 153 107 509 14 1
9515 153 108 509 14 1
9516 153 109 509 14 1
9517 153 110 509 14 1
9518 153 111 509 14 1
9519 153 112 509 14 1
9520 153 113 509 14 1
9521 153 114 509 14 1
9522 153 115 509 14 1
9523 153 116 509 14 1
9524 153 117 509 14 1
9525 153 118 509 14 1
9526 153 119 509 14 1
9527 153 120 509 14 1
9528 153 121 509 14 1
9529 153 122 509 14 1
9530 153 123 509 14 1
9531 153 124 509 14 1
9532 153 125 509 14 1
9533 153 126 509 14 1
9534 154 64 509 14 1
9535 154 65 509 14 1
9536 154 66 509 14 1
9537 154 67 509 14 1
9538 154 68 509 14 1
9539 154 69 509 14 1
9540 154 70 509 14 1
9541 154 71 509 14 1
9542 154 72 509 14 1
9543 154 73 509 14 1
9544 154 74 509 14 1
9545 154 75 509 14 1
9546 154 76 509 14 1
9547 154 77 509 14 1
9548 154 78 509 14 1
9549 154 79 509 14 1
9550 154 80 509 14 1
9551 154 81 509 14 1
9552 154 82 509 14 1
9553 154 83 509 14 1
9554 154 84 509 14 1
9555 154 85 509 14 1
9556 154 86 509 14 1
9557 154 87 509 14 1
9558 154 88 509 14 1
9559 154 89 509 14 1
9560 154 90 509 14 1
9561 154 91 509 14 1
9562 154 92 509 14 1
9563 154 93 509 14 1
9564 154 94 509 14 1
9565 154 95 509 14 1
9566 154 96 509 14 1
9567 154 97 509 14 1
9568 154 98 509 14 1
9569 154 99 509 14 1
9570 154 100 509 14 1
9571 154 101 509 14 1
9572 154 102 509 14 1
9573 154 103 509 14 1
9574 154 104 509 14 1
9575 154 105 509 14 1
9576 154 106 509 14 1
9577 154 107 509 14 1
9578 154 108 509 14 1
9579 154 109 509 14 1
9580 154 110 509 14 1
9581 154 111 509 14 1
9582 154 112 509 14 1
9583 154 113 509 14 1
9584 154 114 509 14 1
9585 154 115 509 14 1
9586 154 116 509 14 1
9587 154 117 509 14 1
9588 154 118 509 14 1
9589 154 119 509 14 1
9590 154 120 509 14 1
9591 154 121 509 14 1
9592 154 122 509 14 1
9593 154 123 509 14 1
9594 154 124 509 14 1
9595 154 125 509 14 1
9596 154 126 509 14 1
9597 155 64 509 14 1
9598 155 65 509 14 1
9599 155 66 509 14 1
9600 155 67 509 14 1
9601 155 68 509 14 1
9602 155 69 509 14 1
9603 155 70 509 14 1
9604 155 71 509 14 1
9605 155 72 509 14 1
9606 155 73 509 14 1
9607 155 74 509 14 1
9608 155 75 509 14 1
9609 155 76 509 14 1
9610 155 77 509 14 1
9611 155 78 509 14 1
9612 155 79 509 14 1
9613 155 80 509 14 1
9614 155 81 509 14 1
9615 155 82 509 14 1
9616 155 83 509 14 1
9617 155 84 509 14 1
9618 155 85 509 14 1
9619 155 86 509 14 1
9620 155 87 509 14 1
9621 155 88 509 14 1
9622 155 89 509 14 1
9623 155 90 509 14 1
9624 155 91 509 14 1
9625 155 92 509 14 1
9626 155 93 509 14 1
9627 155 94 509 14 1
9628 155 95 509 14 1
9629 155 96 509 14 1
9630 155 97 509 14 1
9631 155 98 509 14 1
9632 155 99 509 14 1
9633 155 100 509 14 1
9634 155 101 509 14 1
9635 155 102 509 14 1
9636 155 103 509 14 1
9637 155 104 509 14 1
9638 155 105 509 14 1
9639 155 106 509 14 1
9640 155 107 509 14 1
9641 155 108 509 14 1
9642 155 109 509 14 1
9643 155 110 509 14 1
9644 155 111 509 14 1
9645 155 112 509 14 1
9646 155 113 509 14 1
9647 155 114 509 14 1
9648 155 115 509 14 1
9649 155 116 509 14 1
9650 155 117 509 14 1
9651 155 118 509 14 1
9652 155 119 509 14 1
9653 155 120 509 14 1
9654 155 121 509 14 1
9655 155 122 509 14 1
9656 155 123 509 14 1
9657 155 124 509 14 1
9658 155 125 509 14 1
9659 155 126 509 14 1
9660 156 64 509 14 1
9661 156 65 509 14 1
9662 156 66 509 14 1
9663 156 67 509 14 1
9664 156 68 509 14 1
9665 156 69 509 14 1
9666 156 70 509 14 1
9667 156 71 509 14 1
9668 156 72 509 14 1
9669 156 73 509 14 1
9670 156 74 509 14 1
9671 156 75 509 14 1
9672 156 76 509 14 1
9673 156 77 509 14 1
9674 156 78 509 14 1
9675 156 79 509 14 1
9676 156 80 509 14 1
9677 156 81 509 14 1
9678 156 82 509 14 1
9679 156 83 509 14 1
9680 156 84 509 14 1
9681 156 85 509 14 1
9682 156 86 509 14 1
9683 156 87 509 14 1
9684 156 88 509 14 1
9685 156 89 509 14 1
9686 156 90 509 14 1
9687 156 91 509 14 1
9688 156 92 509 14 1
9689 156 93 509 14 1
9690 156 94 509 14 1
9691 156 95 509 14 1
9692 156 96 509 14 1
9693 156 97 509 14 1
9694 156 98 509 14 1
9695 156 99 509 14 1
9696 156 100 509 14 1
9697 156 101 509 14 1
9698 156 102 509 14 1
9699 156 103 509 14 1
9700 156 104 509 14 1
9701 156 105 509 14 1
9702 156 106 509 14 1
9703 156 107 509 14 1
9704 156 108 509 14 1
9705 156 109 509 14 1
9706 156 110 509 14 1
9707 156 111 509 14 1
9708 156 112 509 14 1
9709 156 113 509 14 1
9710 156 114 509 14 1
9711 156 115 509 14 1
9712 156 116 509 14 1
9713 156 117 509 14 1
9714 156 118 509 14 1
9715 156 119 509 14 1
9716 156 120 509 14 1
9717 156 121 509 14 1
9718 156 122 509 14 1
9719 156 123 509 14 1
9720 156 124 509 14 1
9721 156 125 509 14 1
9722 156 126 509 14 1
9723 157 64 509 14 1
9724 157 65 509 14 1
9725 157 66 509 14 1
9726 157 67 509 14 1
9727 157 68 509 14 1
9728 157 69 509 14 1
9729 157 70 509 14 1
9730 157 71 509 14 1
9731 157 72 509 14 1
9732 157 73 509 14 1
9733 157 74 509 14 1
9734 157 75 509 14 1
9735 157 76 509 14 1
9736 157 77 509 14 1
9737 157 78 509 14 1
9738 157 79 509 14 1
9739 157 80 509 14 1
9740 157 81 509 14 1
9741 157 82 509 14 1
9742 157 83 509 14 1
9743 157 84 509 14 1
9744 157 85 509 14 1
9745 157 86 509 14 1
9746 157 87 509 14 1
9747 157 88 509 14 1
9748 157 89 509 14 1
9749 157 90 509 14 1
9750 157 91 509 14 1
9751 157 92 509 14 1
9752 157 93 509 14 1
9753 157 94 509 14 1
9754 157 95 509 14 1
9755 157 96 509 14 1
9756 157 97 509 14 1
9757 157 98 509 14 1
9758 157 99 509 14 1
9759 157 100 509 14 1
9760 157 101 509 14 1
9761 157 102 509 14 1
9762 157 103 509 14 1
9763 157 104 509 14 1
9764 157 105 509 14 1
9765 157 106 509 14 1
9766 157 107 509 14 1
9767 157 108 509 14 1
9768 157 109 509 14 1
9769 157 110 509 14 1
9770 157 111 509 14 1
9771 157 112 509 14 1
9772 157 113 509 14 1
9773 157 114 509 14 1
9774 157 115 509 14 1
9775 157 116 509 14 1
9776 157 117 509 14 1
9777 157 118 509 14 1
9778 157 119 509 14 1
9779 157 120 509 14 1
9780 157 121 509 14 1
9781 157 122 509 14 1
9782 157 123 509 14 1
9783 157 124 509 14 1
9784 157 125 509 14 1
9785 157 126 509 14 1
9786 158 64 509 14 1
9787 158 65 509 14 1
9788 158 66 509 14 1
9789 158 67 509 14 1
9790 158 68 509 14 1
9791 158 69 509 14 1
9792 158 70 509 14 1
9793 158 71 509 14 1
9794 158 72 509 14 1
9795 158 73 509 14 1
9796 158 74 509 14 1
9797 158 75 509 14 1
9798 158 76 509 14 1
9799 158 77 509 14 1
9800 158 78 509 14 1
9801 158 79 509 14 1
9802 158 80 509 14 1
9803 158 81 509 14 1
9804 158 82 509 14 1
9805 158 83 509 14 1
9806 158 84 509 14 1
9807 158 85 509 14 1
9808 158 86 509 14 1
9809 158 87 509 14 1
9810 158 88 509 14 1
9811 158 89 509 14 1
9812 158 90 509 14 1
9813 158 91 509 14 1
9814 158 92 509 14 1
9815 158 93 509 14 1
9816 158 94 509 14 1
9817 158 95 509 14 1
9818 158 96 509 14 1
9819 158 97 509 14 1
9820 158 98 509 14 1
9821 158 99 509 14 1
9822 158 100 509 14 1
9823 158 101 509 14 1
9824 158 102 509 14 1
9825 158 103 509 14 1
9826 158 104 509 14 1
9827 158 105 509 14 1
9828 158 106 509 14 1
9829 158 107 509 14 1
9830 158 108 509 14 1
9831 158 109 509 14 1
9832 158 110 509 14 1
9833 158 111 509 14 1
9834 158 112 509 14 1
9835 158 113 509 14 1
9836 158 114 509 14 1
9837 158 115 509 14 1
9838 158 116 509 14 1
9839 158 117 509 14 1
9840 158 118 509 14 1
9841 158 119 509 14 1
9842 158 120 509 14 1
9843 158 121 509 14 1
9844 158 122 509 14 1
9845 158 123 509 14 1
9846 158 124 509 14 1
9847 158 125 509 14 1
9848 158 126 509 14 1
9849 159 64 509 14 1
9850 159 65 509 14 1
9851 159 66 509 14 1
9852 159 67 509 14 1
9853 159 68 509 14 1
9854 159 69 509 14 1
9855 159 70 509 14 1
9856 159 71 509 14 1
9857 159 72 509 14 1
9858 159 73 509 14 1
9859 159 74 509 14 1
9860 159 75 509 14 1
9861 159 76 509 14 1
9862 159 77 509 14 1
9863 159 78 509 14 1
9864 159 79 509 14 1
9865 159 80 509 14 1
9866 159 81 509 14 1
9867 159 82 509 14 1
9868 159 83 509 14 1
9869 159 84 509 14 1
9870 159 85 509 14 1
9871 159 86 509 14 1
9872 159 87 509 14 1
9873 159 88 509 14 1
9874 159 89 509 14 1
9875 159 90 509 14 1
9876 159 91 509 14 1
9877 159 92 509 14 1
9878 159 93 509 14 1
9879 159 94 509 14 1
9880 159 95 509 14 1
9881 159 96 509 14 1
9882 159 97 509 14 1
9883 159 98 509 14 1
9884 159 99 509 14 1
9885 159 100 509 14 1
9886 159 101 509 14 1
9887 159 102 509 14 1
9888 159 103 509 14 1
9889 159 104 509 14 1
9890 159 105 509 14 1
9891 159 106 509 14 1
9892 159 107 509 14 1
9893 159 108 509 14 1
9894 159 109 509 14 1
9895 159 110 509 14 1
9896 159 111 509 14 1
9897 159 112 509 14 1
9898 159 113 509 14 1
9899 159 114 509 14 1
9900 159 115 509 14 1
9901 159 116 509 14 1
9902 159 117 509 14 1
9903 159 118 509 14 1
9904 159 119 509 14 1
9905 159 120 509 14 1
9906 159 121 509 14 1
9907 159 122 509 14 1
9908 159 123 509 14 1
9909 159 124 509 14 1
9910 159 125 509 14 1
9911 159 126 509 14 1
9912 160 64 509 14 1
9913 160 65 509 14 1
9914 160 66 509 14 1
9915 160 67 509 14 1
9916 160 68 509 14 1
9917 160 69 509 14 1
9918 160 70 509 14 1
9919 160 71 509 14 1
9920 160 72 509 14 1
9921 160 73 509 14 1
9922 160 74 509 14 1
9923 160 75 509 14 1
9924 160 76 509 14 1
9925 160 77 509 14 1
9926 160 78 509 14 1
9927 160 79 509 14 1
9928 160 80 509 14 1
9929 160 81 509 14 1
9930 160 82 509 14 1
9931 160 83 509 14 1
9932 160 84 509 14 1
9933 160 85 509 14 1
9934 160 86 509 14 1
9935 160 87 509 14 1
9936 160 88 509 14 1
9937 160 89 509 14 1
9938 160 90 509 14 1
9939 160 91 509 14 1
9940 160 92 509 14 1
9941 160 93 509 14 1
9942 160 94 509 14 1
9943 160 95 509 14 1
9944 160 96 509 14 1
9945 160 97 509 14 1
9946 160 98 509 14 1
9947 160 99 509 14 1
9948 160 100 509 14 1
9949 160 101 509 14 1
9950 160 102 509 14 1
9951 160 103 509 14 1
9952 160 104 509 14 1
9953 160 105 509 14 1
9954 160 106 509 14 1
9955 160 107 509 14 1
9956 160 108 509 14 1
9957 160 109 509 14 1
9958 160 110 509 14 1
9959 160 111 509 14 1
9960 160 112 509 14 1
9961 160 113 509 14 1
9962 160 114 509 14 1
9963 160 115 509 14 1
9964 160 116 509 14 1
9965 160 117 509 14 1
9966 160 118 509 14 1
9967 160 119 509 14 1
9968 160 120 509 14 1
9969 160 121 509 14 1
9970 160 122 509 14 1
9971 160 123 509 14 1
9972 160 124 509 14 1
9973 160 125 509 14 1
9974 160 126 509 14 1
9975 161 64 509 14 1
9976 161 65 509 14 1
9977 161 66 509 14 1
9978 161 67 509 14 1
9979 161 68 509 14 1
9980 161 69 509 14 1
9981 161 70 509 14 1
9982 161 71 509 14 1
9983 161 72 509 14 1
9984 161 73 509 14 1
9985 161 74 509 14 1
9986 161 75 509 14 1
9987 161 76 509 14 1
9988 161 77 509 14 1
9989 161 78 509 14 1
9990 161 79 509 14 1
9991 161 80 509 14 1
9992 161 81 509 14 1
9993 161 82 509 14 1
9994 161 83 509 14 1
9995 161 84 509 14 1
9996 161 85 509 14 1
9997 161 86 509 14 1
9998 161 87 509 14 1
9999 161 88 509 14 1
10000 161 89 509 14 1
10001 161 90 509 14 1
10002 161 91 509 14 1
10003 161 92 509 14 1
10004 161 93 509 14 1
10005 161 94 509 14 1
10006 161 95 509 14 1
10007 161 96 509 14 1
10008 161 97 509 14 1
10009 161 98 509 14 1
10010 161 99 509 14 1
10011 161 100 509 14 1
10012 161 101 509 14 1
10013 161 102 509 14 1
10014 161 103 509 14 1
10015 161 104 509 14 1
10016 161 105 509 14 1
10017 161 106 509 14 1
10018 161 107 509 14 1
10019 161 108 509 14 1
10020 161 109 509 14 1
10021 161 110 509 14 1
10022 161 111 509 14 1
10023 161 112 509 14 1
10024 161 113 509 14 1
10025 161 114 509 14 1
10026 161 115 509 14 1
10027 161 116 509 14 1
10028 161 117 509 14 1
10029 161 118 509 14 1
10030 161 119 509 14 1
10031 161 120 509 14 1
10032 161 121 509 14 1
10033 161 122 509 14 1
10034 161 123 509 14 1
10035 161 124 509 14 1
10036 161 125 509 14 1
10037 161 126 509 14 1
10038 162 64 509 14 1
10039 162 65 509 14 1
10040 162 66 509 14 1
10041 162 67 509 14 1
10042 162 68 509 14 1
10043 162 69 509 14 1
10044 162 70 509 14 1
10045 162 71 509 14 1
10046 162 72 509 14 1
10047 162 73 509 14 1
10048 162 74 509 14 1
10049 162 75 509 14 1
10050 162 76 509 14 1
10051 162 77 509 14 1
10052 162 78 509 14 1
10053 162 79 509 14 1
10054 162 80 509 14 1
10055 162 81 509 14 1
10056 162 82 509 14 1
10057 162 83 509 14 1
10058 162 84 509 14 1
10059 162 85 509 14 1
10060 162 86 509 14 1
10061 162 87 509 14 1
10062 162 88 509 14 1
10063 162 89 509 14 1
10064 162 90 509 14 1
10065 162 91 509 14 1
10066 162 92 509 14 1
10067 162 93 509 14 1
10068 162 94 509 14 1
10069 162 95 509 14 1
10070 162 96 509 14 1
10071 162 97 509 14 1
10072 162 98 509 14 1
10073 162 99 509 14 1
10074 162 100 509 14 1
10075 162 101 509 14 1
10076 162 102 509 14 1
10077 162 103 509 14 1
10078 162 104 509 14 1
10079 162 105 509 14 1
10080 162 106 509 14 1
10081 162 107 509 14 1
10082 162 108 509 14 1
10083 162 109 509 14 1
10084 162 110 509 14 1
10085 162 111 509 14 1
10086 162 112 509 14 1
10087 162 113 509 14 1
10088 162 114 509 14 1
10089 162 115 509 14 1
10090 162 116 509 14 1
10091 162 117 509 14 1
10092 162 118 509 14 1
10093 162 119 509 14 1
10094 162 120 509 14 1
10095 162 121 509 14 1
10096 162 122 509 14 1
10097 162 123 509 14 1
10098 162 124 509 14 1
10099 162 125 509 14 1
10100 162 126 509 14 1
10101 163 64 509 14 1
10102 163 65 509 14 1
10103 163 66 509 14 1
10104 163 67 509 14 1
10105 163 68 509 14 1
10106 163 69 509 14 1
10107 163 70 509 14 1
10108 163 71 509 14 1
10109 163 72 509 14 1
10110 163 73 509 14 1
10111 163 74 509 14 1
10112 163 75 509 14 1
10113 163 76 509 14 1
10114 163 77 509 14 1
10115 163 78 509 14 1
10116 163 79 509 14 1
10117 163 80 509 14 1
10118 163 81 509 14 1
10119 163 82 509 14 1
10120 163 83 509 14 1
10121 163 84 509 14 1
10122 163 85 509 14 1
10123 163 86 509 14 1
10124 163 87 509 14 1
10125 163 88 509 14 1
10126 163 89 509 14 1
10127 163 90 509 14 1
10128 163 91 509 14 1
10129 163 92 509 14 1
10130 163 93 509 14 1
10131 163 94 509 14 1
10132 163 95 509 14 1
10133 163 96 509 14 1
10134 163 97 509 14 1
10135 163 98 509 14 1
10136 163 99 509 14 1
10137 163 100 509 14 1
10138 163 101 509 14 1
10139 163 102 509 14 1
10140 163 103 509 14 1
10141 163 104 509 14 1
10142 163 105 509 14 1
10143 163 106 509 14 1
10144 163 107 509 14 1
10145 163 108 509 14 1
10146 163 109 509 14 1
10147 163 110 509 14 1
10148 163 111 509 14 1
10149 163 112 509 14 1
10150 163 113 509 14 1
10151 163 114 509 14 1
10152 163 115 509 14 1
10153 163 116 509 14 1
10154 163 117 509 14 1
10155 163 118 509 14 1
10156 163 119 509 14 1
10157 163 120 509 14 1
10158 163 121 509 14 1
10159 163 122 509 14 1
10160 163 123 509 14 1
10161 163 124 509 14 1
10162 163 125 509 14 1
10163 163 126 509 14 1
10164 164 64 509 14 1
10165 164 65 509 14 1
10166 164 66 509 14 1
10167 164 67 509 14 1
10168 164 68 509 14 1
10169 164 69 509 14 1
10170 164 70 509 14 1
10171 164 71 509 14 1
10172 164 72 509 14 1
10173 164 73 509 14 1
10174 164 74 509 14 1
10175 164 75 509 14 1
10176 164 76 509 14 1
10177 164 77 509 14 1
10178 164 78 509 14 1
10179 164 79 509 14 1
10180 164 80 509 14 1
10181 164 81 509 14 1
10182 164 82 509 14 1
10183 164 83 509 14 1
10184 164 84 509 14 1
10185 164 85 509 14 1
10186 164 86 509 14 1
10187 164 87 509 14 1
10188 164 88 509 14 1
10189 164 89 509 14 1
10190 164 90 509 14 1
10191 164 91 509 14 1
10192 164 92 509 14 1
10193 164 93 509 14 1
10194 164 94 509 14 1
10195 164 95 509 14 1
10196 164 96 509 14 1
10197 164 97 509 14 1
10198 164 98 509 14 1
10199 164 99 509 14 1
10200 164 100 509 14 1
10201 164 101 509 14 1
10202 164 102 509 14 1
10203 164 103 509 14 1
10204 164 104 509 14 1
10205 164 105 509 14 1
10206 164 106 509 14 1
10207 164 107 509 14 1
10208 164 108 509 14 1
10209 164 109 509 14 1
10210 164 110 509 14 1
10211 164 111 509 14 1
10212 164 112 509 14 1
10213 164 113 509 14 1
10214 164 114 509 14 1
10215 164 115 509 14 1
10216 164 116 509 14 1
10217 164 117 509 14 1
10218 164 118 509 14 1
10219 164 119 509 14 1
10220 164 120 509 14 1
10221 164 121 509 14 1
10222 164 122 509 14 1
10223 164 123 509 14 1
10224 164 124 509 14 1
10225 164 125 509 14 1
10226 164 126 509 14 1
10227 165 64 509 14 1
10228 165 65 509 14 1
10229 165 66 509 14 1
10230 165 67 509 14 1
10231 165 68 509 14 1
10232 165 69 509 14 1
10233 165 70 509 14 1
10234 165 71 509 14 1
10235 165 72 509 14 1
10236 165 73 509 14 1
10237 165 74 509 14 1
10238 165 75 509 14 1
10239 165 76 509 14 1
10240 165 77 509 14 1
10241 165 78 509 14 1
10242 165 79 509 14 1
10243 165 80 509 14 1
10244 165 81 509 14 1
10245 165 82 509 14 1
10246 165 83 509 14 1
10247 165 84 509 14 1
10248 165 85 509 14 1
10249 165 86 509 14 1
10250 165 87 509 14 1
10251 165 88 509 14 1
10252 165 89 509 14 1
10253 165 90 509 14 1
10254 165 91 509 14 1
10255 165 92 509 14 1
10256 165 93 509 14 1
10257 165 94 509 14 1
10258 165 95 509 14 1
10259 165 96 509 14 1
10260 165 97 509 14 1
10261 165 98 509 14 1
10262 165 99 509 14 1
10263 165 100 509 14 1
10264 165 101 509 14 1
10265 165 102 509 14 1
10266 165 103 509 14 1
10267 165 104 509 14 1
10268 165 105 509 14 1
10269 165 106 509 14 1
10270 165 107 509 14 1
10271 165 108 509 14 1
10272 165 109 509 14 1
10273 165 110 509 14 1
10274 165 111 509 14 1
10275 165 112 509 14 1
10276 165 113 509 14 1
10277 165 114 509 14 1
10278 165 115 509 14 1
10279 165 116 509 14 1
10280 165 117 509 14 1
10281 165 118 509 14 1
10282 165 119 509 14 1
10283 165 120 509 14 1
10284 165 121 509 14 1
10285 165 122 509 14 1
10286 165 123 509 14 1
10287 165 124 509 14 1
10288 165 125 509 14 1
10289 165 126 509 14 1
10290 166 64 509 14 1
10291 166 65 509 14 1
10292 166 66 509 14 1
10293 166 67 509 14 1
10294 166 68 509 14 1
10295 166 69 509 14 1
10296 166 70 509 14 1
10297 166 71 509 14 1
10298 166 72 509 14 1
10299 166 73 509 14 1
10300 166 74 509 14 1
10301 166 75 509 14 1
10302 166 76 509 14 1
10303 166 77 509 14 1
10304 166 78 509 14 1
10305 166 79 509 14 1
10306 166 80 509 14 1
10307 166 81 509 14 1
10308 166 82 509 14 1
10309 166 83 509 14 1
10310 166 84 509 14 1
10311 166 85 509 14 1
10312 166 86 509 14 1
10313 166 87 509 14 1
10314 166 88 509 14 1
10315 166 89 509 14 1
10316 166 90 509 14 1
10317 166 91 509 14 1
10318 166 92 509 14 1
10319 166 93 509 14 1
10320 166 94 509 14 1
10321 166 95 509 14 1
10322 166 96 509 14 1
10323 166 97 509 14 1
10324 166 98 509 14 1
10325 166 99 509 14 1
10326 166 100 509 14 1
10327 166 101 509 14 1
10328 166 102 509 14 1
10329 166 103 509 14 1
10330 166 104 509 14 1
10331 166 105 509 14 1
10332 166 106 509 14 1
10333 166 107 509 14 1
10334 166 108 509 14 1
10335 166 109 509 14 1
10336 166 110 509 14 1
10337 166 111 509 14 1
10338 166 112 509 14 1
10339 166 113 509 14 1
10340 166 114 509 14 1
10341 166 115 509 14 1
10342 166 116 509 14 1
10343 166 117 509 14 1
10344 166 118 509 14 1
10345 166 119 509 14 1
10346 166 120 509 14 1
10347 166 121 509 14 1
10348 166 122 509 14 1
10349 166 123 509 14 1
10350 166 124 509 14 1
10351 166 125 509 14 1
10352 166 126 509 14 1
10353 167 64 509 14 1
10354 167 65 509 14 1
10355 167 66 509 14 1
10356 167 67 509 14 1
10357 167 68 509 14 1
10358 167 69 509 14 1
10359 167 70 509 14 1
10360 167 71 509 14 1
10361 167 72 509 14 1
10362 167 73 509 14 1
10363 167 74 509 14 1
10364 167 75 509 14 1
10365 167 76 509 14 1
10366 167 77 509 14 1
10367 167 78 509 14 1
10368 167 79 509 14 1
10369 167 80 509 14 1
10370 167 81 509 14 1
10371 167 82 509 14 1
10372 167 83 509 14 1
10373 167 84 509 14 1
10374 167 85 509 14 1
10375 167 86 509 14 1
10376 167 87 509 14 1
10377 167 88 509 14 1
10378 167 89 509 14 1
10379 167 90 509 14 1
10380 167 91 509 14 1
10381 167 92 509 14 1
10382 167 93 509 14 1
10383 167 94 509 14 1
10384 167 95 509 14 1
10385 167 96 509 14 1
10386 167 97 509 14 1
10387 167 98 509 14 1
10388 167 99 509 14 1
10389 167 100 509 14 1
10390 167 101 509 14 1
10391 167 102 509 14 1
10392 167 103 509 14 1
10393 167 104 509 14 1
10394 167 105 509 14 1
10395 167 106 509 14 1
10396 167 107 509 14 1
10397 167 108 509 14 1
10398 167 109 509 14 1
10399 167 110 509 14 1
10400 167 111 509 14 1
10401 167 112 509 14 1
10402 167 113 509 14 1
10403 167 114 509 14 1
10404 167 115 509 14 1
10405 167 116 509 14 1
10406 167 117 509 14 1
10407 167 118 509 14 1
10408 167 119 509 14 1
10409 167 120 509 14 1
10410 167 121 509 14 1
10411 167 122 509 14 1
10412 167 123 509 14 1
10413 167 124 509 14 1
10414 167 125 509 14 1
10415 167 126 509 14 1
10416 168 64 509 14 1
10417 168 65 509 14 1
10418 168 66 509 14 1
10419 168 67 509 14 1
10420 168 68 509 14 1
10421 168 69 509 14 1
10422 168 70 509 14 1
10423 168 71 509 14 1
10424 168 72 509 14 1
10425 168 73 509 14 1
10426 168 74 509 14 1
10427 168 75 509 14 1
10428 168 76 509 14 1
10429 168 77 509 14 1
10430 168 78 509 14 1
10431 168 79 509 14 1
10432 168 80 509 14 1
10433 168 81 509 14 1
10434 168 82 509 14 1
10435 168 83 509 14 1
10436 168 84 509 14 1
10437 168 85 509 14 1
10438 168 86 509 14 1
10439 168 87 509 14 1
10440 168 88 509 14 1
10441 168 89 509 14 1
10442 168 90 509 14 1
10443 168 91 509 14 1
10444 168 92 509 14 1
10445 168 93 509 14 1
10446 168 94 509 14 1
10447 168 95 509 14 1
10448 168 96 509 14 1
10449 168 97 509 14 1
10450 168 98 509 14 1
10451 168 99 509 14 1
10452 168 100 509 14 1
10453 168 101 509 14 1
10454 168 102 509 14 1
10455 168 103 509 14 1
10456 168 104 509 14 1
10457 168 105 509 14 1
10458 168 106 509 14 1
10459 168 107 509 14 1
10460 168 108 509 14 1
10461 168 109 509 14 1
10462 168 110 509 14 1
10463 168 111 509 14 1
10464 168 112 509 14 1
10465 168 113 509 14 1
10466 168 114 509 14 1
10467 168 115 509 14 1
10468 168 116 509 14 1
10469 168 117 509 14 1
10470 168 118 509 14 1
10471 168 119 509 14 1
10472 168 120 509 14 1
10473 168 121 509 14 1
10474 168 122 509 14 1
10475 168 123 509 14 1
10476 168 124 509 14 1
10477 168 125 509 14 1
10478 168 126 509 14 1
10479 169 64 509 14 1
10480 169 65 509 14 1
10481 169 66 509 14 1
10482 169 67 509 14 1
10483 169 68 509 14 1
10484 169 69 509 14 1
10485 169 70 509 14 1
10486 169 71 509 14 1
10487 169 72 509 14 1
10488 169 73 509 14 1
10489 169 74 509 14 1
10490 169 75 509 14 1
10491 169 76 509 14 1
10492 169 77 509 14 1
10493 169 78 509 14 1
10494 169 79 509 14 1
10495 169 80 509 14 1
10496 169 81 509 14 1
10497 169 82 509 14 1
10498 169 83 509 14 1
10499 169 84 509 14 1
10500 169 85 509 14 1
10501 169 86 509 14 1
10502 169 87 509 14 1
10503 169 88 509 14 1
10504 169 89 509 14 1
10505 169 90 509 14 1
10506 169 91 509 14 1
10507 169 92 509 14 1
10508 169 93 509 14 1
10509 169 94 509 14 1
10510 169 95 509 14 1
10511 169 96 509 14 1
10512 169 97 509 14 1
10513 169 98 509 14 1
10514 169 99 509 14 1
10515 169 100 509 14 1
10516 169 101 509 14 1
10517 169 102 509 14 1
10518 169 103 509 14 1
10519 169 104 509 14 1
10520 169 105 509 14 1
10521 169 106 509 14 1
10522 169 107 509 14 1
10523 169 108 509 14 1
10524 169 109 509 14 1
10525 169 110 509 14 1
10526 169 111 509 14 1
10527 169 112 509 14 1
10528 169 113 509 14 1
10529 169 114 509 14 1
10530 169 115 509 14 1
10531 169 116 509 14 1
10532 169 117 509 14 1
10533 169 118 509 14 1
10534 169 119 509 14 1
10535 169 120 509 14 1
10536 169 121 509 14 1
10537 169 122 509 14 1
10538 169 123 509 14 1
10539 169 124 509 14 1
10540 169 125 509 14 1
10541 169 126 509 14 1
10542 170 64 509 14 1
10543 170 65 509 14 1
10544 170 66 509 14 1
10545 170 67 509 14 1
10546 170 68 509 14 1
10547 170 69 509 14 1
10548 170 70 509 14 1
10549 170 71 509 14 1
10550 170 72 509 14 1
10551 170 73 509 14 1
10552 170 74 509 14 1
10553 170 75 509 14 1
10554 170 76 509 14 1
10555 170 77 509 14 1
10556 170 78 509 14 1
10557 170 79 509 14 1
10558 170 80 509 14 1
10559 170 81 509 14 1
10560 170 82 509 14 1
10561 170 83 509 14 1
10562 170 84 509 14 1
10563 170 85 509 14 1
10564 170 86 509 14 1
10565 170 87 509 14 1
10566 170 88 509 14 1
10567 170 89 509 14 1
10568 170 90 509 14 1
10569 170 91 509 14 1
10570 170 92 509 14 1
10571 170 93 509 14 1
10572 170 94 509 14 1
10573 170 95 509 14 1
10574 170 96 509 14 1
10575 170 97 509 14 1
10576 170 98 509 14 1
10577 170 99 509 14 1
10578 170 100 509 14 1
10579 170 101 509 14 1
10580 170 102 509 14 1
10581 170 103 509 14 1
10582 170 104 509 14 1
10583 170 105 509 14 1
10584 170 106 509 14 1
10585 170 107 509 14 1
10586 170 108 509 14 1
10587 170 109 509 14 1
10588 170 110 509 14 1
10589 170 111 509 14 1
10590 170 112 509 14 1
10591 170 113 509 14 1
10592 170 114 509 14 1
10593 170 115 509 14 1
10594 170 116 509 14 1
10595 170 117 509 14 1
10596 170 118 509 14 1
10597 170 119 509 14 1
10598 170 120 509 14 1
10599 170 121 509 14 1
10600 170 122 509 14 1
10601 170 123 509 14 1
10602 170 124 509 14 1
10603 170 125 509 14 1
10604 170 126 509 14 1
10605 171 64 509 14 1
10606 171 65 509 14 1
10607 171 66 509 14 1
10608 171 67 509 14 1
10609 171 68 509 14 1
10610 171 69 509 14 1
10611 171 70 509 14 1
10612 171 71 509 14 1
10613 171 72 509 14 1
10614 171 73 509 14 1
10615 171 74 509 14 1
10616 171 75 509 14 1
10617 171 76 509 14 1
10618 171 77 509 14 1
10619 171 78 509 14 1
10620 171 79 509 14 1
10621 171 80 509 14 1
10622 171 81 509 14 1
10623 171 82 509 14 1
10624 171 83 509 14 1
10625 171 84 509 14 1
10626 171 85 509 14 1
10627 171 86 509 14 1
10628 171 87 509 14 1
10629 171 88 509 14 1
10630 171 89 509 14 1
10631 171 90 509 14 1
10632 171 91 509 14 1
10633 171 92 509 14 1
10634 171 93 509 14 1
10635 171 94 509 14 1
10636 171 95 509 14 1
10637 171 96 509 14 1
10638 171 97 509 14 1
10639 171 98 509 14 1
10640 171 99 509 14 1
10641 171 100 509 14 1
10642 171 101 509 14 1
10643 171 102 509 14 1
10644 171 103 509 14 1
10645 171 104 509 14 1
10646 171 105 509 14 1
10647 171 106 509 14 1
10648 171 107 509 14 1
10649 171 108 509 14 1
10650 171 109 509 14 1
10651 171 110 509 14 1
10652 171 111 509 14 1
10653 171 112 509 14 1
10654 171 113 509 14 1
10655 171 114 509 14 1
10656 171 115 509 14 1
10657 171 116 509 14 1
10658 171 117 509 14 1
10659 171 118 509 14 1
10660 171 119 509 14 1
10661 171 120 509 14 1
10662 171 121 509 14 1
10663 171 122 509 14 1
10664 171 123 509 14 1
10665 171 124 509 14 1
10666 171 125 509 14 1
10667 171 126 509 14 1
10668 172 64 509 14 1
10669 172 65 509 14 1
10670 172 66 509 14 1
10671 172 67 509 14 1
10672 172 68 509 14 1
10673 172 69 509 14 1
10674 172 70 509 14 1
10675 172 71 509 14 1
10676 172 72 509 14 1
10677 172 73 509 14 1
10678 172 74 509 14 1
10679 172 75 509 14 1
10680 172 76 509 14 1
10681 172 77 509 14 1
10682 172 78 509 14 1
10683 172 79 509 14 1
10684 172 80 509 14 1
10685 172 81 509 14 1
10686 172 82 509 14 1
10687 172 83 509 14 1
10688 172 84 509 14 1
10689 172 85 509 14 1
10690 172 86 509 14 1
10691 172 87 509 14 1
10692 172 88 509 14 1
10693 172 89 509 14 1
10694 172 90 509 14 1
10695 172 91 509 14 1
10696 172 92 509 14 1
10697 172 93 509 14 1
10698 172 94 509 14 1
10699 172 95 509 14 1
10700 172 96 509 14 1
10701 172 97 509 14 1
10702 172 98 509 14 1
10703 172 99 509 14 1
10704 172 100 509 14 1
10705 172 101 509 14 1
10706 172 102 509 14 1
10707 172 103 509 14 1
10708 172 104 509 14 1
10709 172 105 509 14 1
10710 172 106 509 14 1
10711 172 107 509 14 1
10712 172 108 509 14 1
10713 172 109 509 14 1
10714 172 110 509 14 1
10715 172 111 509 14 1
10716 172 112 509 14 1
10717 172 113 509 14 1
10718 172 114 509 14 1
10719 172 115 509 14 1
10720 172 116 509 14 1
10721 172 117 509 14 1
10722 172 118 509 14 1
10723 172 119 509 14 1
10724 172 120 509 14 1
10725 172 121 509 14 1
10726 172 122 509 14 1
10727 172 123 509 14 1
10728 172 124 509 14 1
10729 172 125 509 14 1
10730 172 126 509 14 1
10731 173 64 509 14 1
10732 173 65 509 14 1
10733 173 66 509 14 1
10734 173 67 509 14 1
10735 173 68 509 14 1
10736 173 69 509 14 1
10737 173 70 509 14 1
10738 173 71 509 14 1
10739 173 72 509 14 1
10740 173 73 509 14 1
10741 173 74 509 14 1
10742 173 75 509 14 1
10743 173 76 509 14 1
10744 173 77 509 14 1
10745 173 78 509 14 1
10746 173 79 509 14 1
10747 173 80 509 14 1
10748 173 81 509 14 1
10749 173 82 509 14 1
10750 173 83 509 14 1
10751 173 84 509 14 1
10752 173 85 509 14 1
10753 173 86 509 14 1
10754 173 87 509 14 1
10755 173 88 509 14 1
10756 173 89 509 14 1
10757 173 90 509 14 1
10758 173 91 509 14 1
10759 173 92 509 14 1
10760 173 93 509 14 1
10761 173 94 509 14 1
10762 173 95 509 14 1
10763 173 96 509 14 1
10764 173 97 509 14 1
10765 173 98 509 14 1
10766 173 99 509 14 1
10767 173 100 509 14 1
10768 173 101 509 14 1
10769 173 102 509 14 1
10770 173 103 509 14 1
10771 173 104 509 14 1
10772 173 105 509 14 1
10773 173 106 509 14 1
10774 173 107 509 14 1
10775 173 108 509 14 1
10776 173 109 509 14 1
10777 173 110 509 14 1
10778 173 111 509 14 1
10779 173 112 509 14 1
10780 173 113 509 14 1
10781 173 114 509 14 1
10782 173 115 509 14 1
10783 173 116 509 14 1
10784 173 117 509 14 1
10785 173 118 509 14 1
10786 173 119 509 14 1
10787 173 120 509 14 1
10788 173 121 509 14 1
10789 173 122 509 14 1
10790 173 123 509 14 1
10791 173 124 509 14 1
10792 173 125 509 14 1
10793 173 126 509 14 1
10794 174 64 509 14 1
10795 174 65 509 14 1
10796 174 66 509 14 1
10797 174 67 509 14 1
10798 174 68 509 14 1
10799 174 69 509 14 1
10800 174 70 509 14 1
10801 174 71 509 14 1
10802 174 72 509 14 1
10803 174 73 509 14 1
10804 174 74 509 14 1
10805 174 75 509 14 1
10806 174 76 509 14 1
10807 174 77 509 14 1
10808 174 78 509 14 1
10809 174 79 509 14 1
10810 174 80 509 14 1
10811 174 81 509 14 1
10812 174 82 509 14 1
10813 174 83 509 14 1
10814 174 84 509 14 1
10815 174 85 509 14 1
10816 174 86 509 14 1
10817 174 87 509 14 1
10818 174 88 509 14 1
10819 174 89 509 14 1
10820 174 90 509 14 1
10821 174 91 509 14 1
10822 174 92 509 14 1
10823 174 93 509 14 1
10824 174 94 509 14 1
10825 174 95 509 14 1
10826 174 96 509 14 1
10827 174 97 509 14 1
10828 174 98 509 14 1
10829 174 99 509 14 1
10830 174 100 509 14 1
10831 174 101 509 14 1
10832 174 102 509 14 1
10833 174 103 509 14 1
10834 174 104 509 14 1
10835 174 105 509 14 1
10836 174 106 509 14 1
10837 174 107 509 14 1
10838 174 108 509 14 1
10839 174 109 509 14 1
10840 174 110 509 14 1
10841 174 111 509 14 1
10842 174 112 509 14 1
10843 174 113 509 14 1
10844 174 114 509 14 1
10845 174 115 509 14 1
10846 174 116 509 14 1
10847 174 117 509 14 1
10848 174 118 509 14 1
10849 174 119 509 14 1
10850 174 120 509 14 1
10851 174 121 509 14 1
10852 174 122 509 14 1
10853 174 123 509 14 1
10854 174 124 509 14 1
10855 174 125 509 14 1
10856 174 126 509 14 1
10857 175 64 509 14 1
10858 175 65 509 14 1
10859 175 66 509 14 1
10860 175 67 509 14 1
10861 175 68 509 14 1
10862 175 69 509 14 1
10863 175 70 509 14 1
10864 175 71 509 14 1
10865 175 72 509 14 1
10866 175 73 509 14 1
10867 175 74 509 14 1
10868 175 75 509 14 1
10869 175 76 509 14 1
10870 175 77 509 14 1
10871 175 78 509 14 1
10872 175 79 509 14 1
10873 175 80 509 14 1
10874 175 81 509 14 1
10875 175 82 509 14 1
10876 175 83 509 14 1
10877 175 84 509 14 1
10878 175 85 509 14 1
10879 175 86 509 14 1
10880 175 87 509 14 1
10881 175 88 509 14 1
10882 175 89 509 14 1
10883 175 90 509 14 1
10884 175 91 509 14 1
10885 175 92 509 14 1
10886 175 93 509 14 1
10887 175 94 509 14 1
10888 175 95 509 14 1
10889 175 96 509 14 1
10890 175 97 509 14 1
10891 175 98 509 14 1
10892 175 99 509 14 1
10893 175 100 509 14 1
10894 175 101 509 14 1
10895 175 102 509 14 1
10896 175 103 509 14 1
10897 175 104 509 14 1
10898 175 105 509 14 1
10899 175 106 509 14 1
10900 175 107 509 14 1
10901 175 108 509 14 1
10902 175 109 509 14 1
10903 175 110 509 14 1
10904 175 111 509 14 1
10905 175 112 509 14 1
10906 175 113 509 14 1
10907 175 114 509 14 1
10908 175 115 509 14 1
10909 175 116 509 14 1
10910 175 117 509 14 1
10911 175 118 509 14 1
10912 175 119 509 14 1
10913 175 120 509 14 1
10914 175 121 509 14 1
10915 175 122 509 14 1
10916 175 123 509 14 1
10917 175 124 509 14 1
10918 175 125 509 14 1
10919 175 126 509 14 1
10920 176 64 509 14 1
10921 176 65 509 14 1
10922 176 66 509 14 1
10923 176 67 509 14 1
10924 176 68 509 14 1
10925 176 69 509 14 1
10926 176 70 509 14 1
10927 176 71 509 14 1
10928 176 72 509 14 1
10929 176 73 509 14 1
10930 176 74 509 14 1
10931 176 75 509 14 1
10932 176 76 509 14 1
10933 176 77 509 14 1
10934 176 78 509 14 1
10935 176 79 509 14 1
10936 176 80 509 14 1
10937 176 81 509 14 1
10938 176 82 509 14 1
10939 176 83 509 14 1
10940 176 84 509 14 1
10941 176 85 509 14 1
10942 176 86 509 14 1
10943 176 87 509 14 1
10944 176 88 509 14 1
10945 176 89 509 14 1
10946 176 90 509 14 1
10947 176 91 509 14 1
10948 176 92 509 14 1
10949 176 93 509 14 1
10950 176 94 509 14 1
10951 176 95 509 14 1
10952 176 96 509 14 1
10953 176 97 509 14 1
10954 176 98 509 14 1
10955 176 99 509 14 1
10956 176 100 509 14 1
10957 176 101 509 14 1
10958 176 102 509 14 1
10959 176 103 509 14 1
10960 176 104 509 14 1
10961 176 105 509 14 1
10962 176 106 509 14 1
10963 176 107 509 14 1
10964 176 108 509 14 1
10965 176 109 509 14 1
10966 176 110 509 14 1
10967 176 111 509 14 1
10968 176 112 509 14 1
10969 176 113 509 14 1
10970 176 114 509 14 1
10971 176 115 509 14 1
10972 176 116 509 14 1
10973 176 117 509 14 1
10974 176 118 509 14 1
10975 176 119 509 14 1
10976 176 120 509 14 1
10977 176 121 509 14 1
10978 176 122 509 14 1
10979 176 123 509 14 1
10980 176 124 509 14 1
10981 176 125 509 14 1
10982 176 126 509 14 1
10983 177 64 509 14 1
10984 177 65 509 14 1
10985 177 66 509 14 1
10986 177 67 509 14 1
10987 177 68 509 14 1
10988 177 69 509 14 1
10989 177 70 509 14 1
10990 177 71 509 14 1
10991 177 72 509 14 1
10992 177 73 509 14 1
10993 177 74 509 14 1
10994 177 75 509 14 1
10995 177 76 509 14 1
10996 177 77 509 14 1
10997 177 78 509 14 1
10998 177 79 509 14 1
10999 177 80 509 14 1
11000 177 81 509 14 1
11001 177 82 509 14 1
11002 177 83 509 14 1
11003 177 84 509 14 1
11004 177 85 509 14 1
11005 177 86 509 14 1
11006 177 87 509 14 1
11007 177 88 509 14 1
11008 177 89 509 14 1
11009 177 90 509 14 1
11010 177 91 509 14 1
11011 177 92 509 14 1
11012 177 93 509 14 1
11013 177 94 509 14 1
11014 177 95 509 14 1
11015 177 96 509 14 1
11016 177 97 509 14 1
11017 177 98 509 14 1
11018 177 99 509 14 1
11019 177 100 509 14 1
11020 177 101 509 14 1
11021 177 102 509 14 1
11022 177 103 509 14 1
11023 177 104 509 14 1
11024 177 105 509 14 1
11025 177 106 509 14 1
11026 177 107 509 14 1
11027 177 108 509 14 1
11028 177 109 509 14 1
11029 177 110 509 14 1
11030 177 111 509 14 1
11031 177 112 509 14 1
11032 177 113 509 14 1
11033 177 114 509 14 1
11034 177 115 509 14 1
11035 177 116 509 14 1
11036 177 117 509 14 1
11037 177 118 509 14 1
11038 177 119 509 14 1
11039 177 120 509 14 1
11040 177 121 509 14 1
11041 177 122 509 14 1
11042 177 123 509 14 1
11043 177 124 509 14 1
11044 177 125 509 14 1
11045 177 126 509 14 1
11046 178 64 509 14 1
11047 178 65 509 14 1
11048 178 66 509 14 1
11049 178 67 509 14 1
11050 178 68 509 14 1
11051 178 69 509 14 1
11052 178 70 509 14 1
11053 178 71 509 14 1
11054 178 72 509 14 1
11055 178 73 509 14 1
11056 178 74 509 14 1
11057 178 75 509 14 1
11058 178 76 509 14 1
11059 178 77 509 14 1
11060 178 78 509 14 1
11061 178 79 509 14 1
11062 178 80 509 14 1
11063 178 81 509 14 1
11064 178 82 509 14 1
11065 178 83 509 14 1
11066 178 84 509 14 1
11067 178 85 509 14 1
11068 178 86 509 14 1
11069 178 87 509 14 1
11070 178 88 509 14 1
11071 178 89 509 14 1
11072 178 90 509 14 1
11073 178 91 509 14 1
11074 178 92 509 14 1
11075 178 93 509 14 1
11076 178 94 509 14 1
11077 178 95 509 14 1
11078 178 96 509 14 1
11079 178 97 509 14 1
11080 178 98 509 14 1
11081 178 99 509 14 1
11082 178 100 509 14 1
11083 178 101 509 14 1
11084 178 102 509 14 1
11085 178 103 509 14 1
11086 178 104 509 14 1
11087 178 105 509 14 1
11088 178 106 509 14 1
11089 178 107 509 14 1
11090 178 108 509 14 1
11091 178 109 509 14 1
11092 178 110 509 14 1
11093 178 111 509 14 1
11094 178 112 509 14 1
11095 178 113 509 14 1
11096 178 114 509 14 1
11097 178 115 509 14 1
11098 178 116 509 14 1
11099 178 117 509 14 1
11100 178 118 509 14 1
11101 178 119 509 14 1
11102 178 120 509 14 1
11103 178 121 509 14 1
11104 178 122 509 14 1
11105 178 123 509 14 1
11106 178 124 509 14 1
11107 178 125 509 14 1
11108 178 126 509 14 1
11109 179 64 509 14 1
11110 179 65 509 14 1
11111 179 66 509 14 1
11112 179 67 509 14 1
11113 179 68 509 14 1
11114 179 69 509 14 1
11115 179 70 509 14 1
11116 179 71 509 14 1
11117 179 72 509 14 1
11118 179 73 509 14 1
11119 179 74 509 14 1
11120 179 75 509 14 1
11121 179 76 509 14 1
11122 179 77 509 14 1
11123 179 78 509 14 1
11124 179 79 509 14 1
11125 179 80 509 14 1
11126 179 81 509 14 1
11127 179 82 509 14 1
11128 179 83 509 14 1
11129 179 84 509 14 1
11130 179 85 509 14 1
11131 179 86 509 14 1
11132 179 87 509 14 1
11133 179 88 509 14 1
11134 179 89 509 14 1
11135 179 90 509 14 1
11136 179 91 509 14 1
11137 179 92 509 14 1
11138 179 93 509 14 1
11139 179 94 509 14 1
11140 179 95 509 14 1
11141 179 96 509 14 1
11142 179 97 509 14 1
11143 179 98 509 14 1
11144 179 99 509 14 1
11145 179 100 509 14 1
11146 179 101 509 14 1
11147 179 102 509 14 1
11148 179 103 509 14 1
11149 179 104 509 14 1
11150 179 105 509 14 1
11151 179 106 509 14 1
11152 179 107 509 14 1
11153 179 108 509 14 1
11154 179 109 509 14 1
11155 179 110 509 14 1
11156 179 111 509 14 1
11157 179 112 509 14 1
11158 179 113 509 14 1
11159 179 114 509 14 1
11160 179 115 509 14 1
11161 179 116 509 14 1
11162 179 117 509 14 1
11163 179 118 509 14 1
11164 179 119 509 14 1
11165 179 120 509 14 1
11166 179 121 509 14 1
11167 179 122 509 14 1
11168 179 123 509 14 1
11169 179 124 509 14 1
11170 179 125 509 14 1
11171 179 126 509 14 1
11172 180 64 509 14 1
11173 180 65 509 14 1
11174 180 66 509 14 1
11175 180 67 509 14 1
11176 180 68 509 14 1
11177 180 69 509 14 1
11178 180 70 509 14 1
11179 180 71 509 14 1
11180 180 72 509 14 1
11181 180 73 509 14 1
11182 180 74 509 14 1
11183 180 75 509 14 1
11184 180 76 509 14 1
11185 180 77 509 14 1
11186 180 78 509 14 1
11187 180 79 509 14 1
11188 180 80 509 14 1
11189 180 81 509 14 1
11190 180 82 509 14 1
11191 180 83 509 14 1
11192 180 84 509 14 1
11193 180 85 509 14 1
11194 180 86 509 14 1
11195 180 87 509 14 1
11196 180 88 509 14 1
11197 180 89 509 14 1
11198 180 90 509 14 1
11199 180 91 509 14 1
11200 180 92 509 14 1
11201 180 93 509 14 1
11202 180 94 509 14 1
11203 180 95 509 14 1
11204 180 96 509 14 1
11205 180 97 509 14 1
11206 180 98 509 14 1
11207 180 99 509 14 1
11208 180 100 509 14 1
11209 180 101 509 14 1
11210 180 102 509 14 1
11211 180 103 509 14 1
11212 180 104 509 14 1
11213 180 105 509 14 1
11214 180 106 509 14 1
11215 180 107 509 14 1
11216 180 108 509 14 1
11217 180 109 509 14 1
11218 180 110 509 14 1
11219 180 111 509 14 1
11220 180 112 509 14 1
11221 180 113 509 14 1
11222 180 114 509 14 1
11223 180 115 509 14 1
11224 180 116 509 14 1
11225 180 117 509 14 1
11226 180 118 509 14 1
11227 180 119 509 14 1
11228 180 120 509 14 1
11229 180 121 509 14 1
11230 180 122 509 14 1
11231 180 123 509 14 1
11232 180 124 509 14 1
11233 180 125 509 14 1
11234 180 126 509 14 1
11235 181 64 509 14 1
11236 181 65 509 14 1
11237 181 66 509 14 1
11238 181 67 509 14 1
11239 181 68 509 14 1
11240 181 69 509 14 1
11241 181 70 509 14 1
11242 181 71 509 14 1
11243 181 72 509 14 1
11244 181 73 509 14 1
11245 181 74 509 14 1
11246 181 75 509 14 1
11247 181 76 509 14 1
11248 181 77 509 14 1
11249 181 78 509 14 1
11250 181 79 509 14 1
11251 181 80 509 14 1
11252 181 81 509 14 1
11253 181 82 509 14 1
11254 181 83 509 14 1
11255 181 84 509 14 1
11256 181 85 509 14 1
11257 181 86 509 14 1
11258 181 87 509 14 1
11259 181 88 509 14 1
11260 181 89 509 14 1
11261 181 90 509 14 1
11262 181 91 509 14 1
11263 181 92 509 14 1
11264 181 93 509 14 1
11265 181 94 509 14 1
11266 181 95 509 14 1
11267 181 96 509 14 1
11268 181 97 509 14 1
11269 181 98 509 14 1
11270 181 99 509 14 1
11271 181 100 509 14 1
11272 181 101 509 14 1
11273 181 102 509 14 1
11274 181 103 509 14 1
11275 181 104 509 14 1
11276 181 105 509 14 1
11277 181 106 509 14 1
11278 181 107 509 14 1
11279 181 108 509 14 1
11280 181 109 509 14 1
11281 181 110 509 14 1
11282 181 111 509 14 1
11283 181 112 509 14 1
11284 181 113 509 14 1
11285 181 114 509 14 1
11286 181 115 509 14 1
11287 181 116 509 14 1
11288 181 117 509 14 1
11289 181 118 509 14 1
11290 181 119 509 14 1
11291 181 120 509 14 1
11292 181 121 509 14 1
11293 181 122 509 14 1
11294 181 123 509 14 1
11295 181 124 509 14 1
11296 181 125 509 14 1
11297 181 126 509 14 1
11298 182 64 509 14 1
11299 182 65 509 14 1
11300 182 66 509 14 1
11301 182 67 509 14 1
11302 182 68 509 14 1
11303 182 69 509 14 1
11304 182 70 509 14 1
11305 182 71 509 14 1
11306 182 72 509 14 1
11307 182 73 509 14 1
11308 182 74 509 14 1
11309 182 75 509 14 1
11310 182 76 509 14 1
11311 182 77 509 14 1
11312 182 78 509 14 1
11313 182 79 509 14 1
11314 182 80 509 14 1
11315 182 81 509 14 1
11316 182 82 509 14 1
11317 182 83 509 14 1
11318 182 84 509 14 1
11319 182 85 509 14 1
11320 182 86 509 14 1
11321 182 87 509 14 1
11322 182 88 509 14 1
11323 182 89 509 14 1
11324 182 90 509 14 1
11325 182 91 509 14 1
11326 182 92 509 14 1
11327 182 93 509 14 1
11328 182 94 509 14 1
11329 182 95 509 14 1
11330 182 96 509 14 1
11331 182 97 509 14 1
11332 182 98 509 14 1
11333 182 99 509 14 1
11334 182 100 509 14 1
11335 182 101 509 14 1
11336 182 102 509 14 1
11337 182 103 509 14 1
11338 182 104 509 14 1
11339 182 105 509 14 1
11340 182 106 509 14 1
11341 182 107 509 14 1
11342 182 108 509 14 1
11343 182 109 509 14 1
11344 182 110 509 14 1
11345 182 111 509 14 1
11346 182 112 509 14 1
11347 182 113 509 14 1
11348 182 114 509 14 1
11349 182 115 509 14 1
11350 182 116 509 14 1
11351 182 117 509 14 1
11352 182 118 509 14 1
11353 182 119 509 14 1
11354 182 120 509 14 1
11355 182 121 509 14 1
11356 182 122 509 14 1
11357 182 123 509 14 1
11358 182 124 509 14 1
11359 182 125 509 14 1
11360 182 126 509 14 1
11361 183 64 509 14 1
11362 183 65 509 14 1
11363 183 66 509 14 1
11364 183 67 509 14 1
11365 183 68 509 14 1
11366 183 69 509 14 1
11367 183 70 509 14 1
11368 183 71 509 14 1
11369 183 72 509 14 1
11370 183 73 509 14 1
11371 183 74 509 14 1
11372 183 75 509 14 1
11373 183 76 509 14 1
11374 183 77 509 14 1
11375 183 78 509 14 1
11376 183 79 509 14 1
11377 183 80 509 14 1
11378 183 81 509 14 1
11379 183 82 509 14 1
11380 183 83 509 14 1
11381 183 84 509 14 1
11382 183 85 509 14 1
11383 183 86 509 14 1
11384 183 87 509 14 1
11385 183 88 509 14 1
11386 183 89 509 14 1
11387 183 90 509 14 1
11388 183 91 509 14 1
11389 183 92 509 14 1
11390 183 93 509 14 1
11391 183 94 509 14 1
11392 183 95 509 14 1
11393 183 96 509 14 1
11394 183 97 509 14 1
11395 183 98 509 14 1
11396 183 99 509 14 1
11397 183 100 509 14 1
11398 183 101 509 14 1
11399 183 102 509 14 1
11400 183 103 509 14 1
11401 183 104 509 14 1
11402 183 105 509 14 1
11403 183 106 509 14 1
11404 183 107 509 14 1
11405 183 108 509 14 1
11406 183 109 509 14 1
11407 183 110 509 14 1
11408 183 111 509 14 1
11409 183 112 509 14 1
11410 183 113 509 14 1
11411 183 114 509 14 1
11412 183 115 509 14 1
11413 183 116 509 14 1
11414 183 117 509 14 1
11415 183 118 509 14 1
11416 183 119 509 14 1
11417 183 120 509 14 1
11418 183 121 509 14 1
11419 183 122 509 14 1
11420 183 123 509 14 1
11421 183 124 509 14 1
11422 183 125 509 14 1
11423 183 126 509 14 1
11424 184 64 509 14 1
11425 184 65 509 14 1
11426 184 66 509 14 1
11427 184 67 509 14 1
11428 184 68 509 14 1
11429 184 69 509 14 1
11430 184 70 509 14 1
11431 184 71 509 14 1
11432 184 72 509 14 1
11433 184 73 509 14 1
11434 184 74 509 14 1
11435 184 75 509 14 1
11436 184 76 509 14 1
11437 184 77 509 14 1
11438 184 78 509 14 1
11439 184 79 509 14 1
11440 184 80 509 14 1
11441 184 81 509 14 1
11442 184 82 509 14 1
11443 184 83 509 14 1
11444 184 84 509 14 1
11445 184 85 509 14 1
11446 184 86 509 14 1
11447 184 87 509 14 1
11448 184 88 509 14 1
11449 184 89 509 14 1
11450 184 90 509 14 1
11451 184 91 509 14 1
11452 184 92 509 14 1
11453 184 93 509 14 1
11454 184 94 509 14 1
11455 184 95 509 14 1
11456 184 96 509 14 1
11457 184 97 509 14 1
11458 184 98 509 14 1
11459 184 99 509 14 1
11460 184 100 509 14 1
11461 184 101 509 14 1
11462 184 102 509 14 1
11463 184 103 509 14 1
11464 184 104 509 14 1
11465 184 105 509 14 1
11466 184 106 509 14 1
11467 184 107 509 14 1
11468 184 108 509 14 1
11469 184 109 509 14 1
11470 184 110 509 14 1
11471 184 111 509 14 1
11472 184 112 509 14 1
11473 184 113 509 14 1
11474 184 114 509 14 1
11475 184 115 509 14 1
11476 184 116 509 14 1
11477 184 117 509 14 1
11478 184 118 509 14 1
11479 184 119 509 14 1
11480 184 120 509 14 1
11481 184 121 509 14 1
11482 184 122 509 14 1
11483 184 123 509 14 1
11484 184 124 509 14 1
11485 184 125 509 14 1
11486 184 126 509 14 1
11487 185 64 509 14 1
11488 185 65 509 14 1
11489 185 66 509 14 1
11490 185 67 509 14 1
11491 185 68 509 14 1
11492 185 69 509 14 1
11493 185 70 509 14 1
11494 185 71 509 14 1
11495 185 72 509 14 1
11496 185 73 509 14 1
11497 185 74 509 14 1
11498 185 75 509 14 1
11499 185 76 509 14 1
11500 185 77 509 14 1
11501 185 78 509 14 1
11502 185 79 509 14 1
11503 185 80 509 14 1
11504 185 81 509 14 1
11505 185 82 509 14 1
11506 185 83 509 14 1
11507 185 84 509 14 1
11508 185 85 509 14 1
11509 185 86 509 14 1
11510 185 87 509 14 1
11511 185 88 509 14 1
11512 185 89 509 14 1
11513 185 90 509 14 1
11514 185 91 509 14 1
11515 185 92 509 14 1
11516 185 93 509 14 1
11517 185 94 509 14 1
11518 185 95 509 14 1
11519 185 96 509 14 1
11520 185 97 509 14 1
11521 185 98 509 14 1
11522 185 99 509 14 1
11523 185 100 509 14 1
11524 185 101 509 14 1
11525 185 102 509 14 1
11526 185 103 509 14 1
11527 185 104 509 14 1
11528 185 105 509 14 1
11529 185 106 509 14 1
11530 185 107 509 14 1
11531 185 108 509 14 1
11532 185 109 509 14 1
11533 185 110 509 14 1
11534 185 111 509 14 1
11535 185 112 509 14 1
11536 185 113 509 14 1
11537 185 114 509 14 1
11538 185 115 509 14 1
11539 185 116 509 14 1
11540 185 117 509 14 1
11541 185 118 509 14 1
11542 185 119 509 14 1
11543 185 120 509 14 1
11544 185 121 509 14 1
11545 185 122 509 14 1
11546 185 123 509 14 1
11547 185 124 509 14 1
11548 185 125 509 14 1
11549 185 126 509 14 1
11550 186 64 509 14 1
11551 186 65 509 14 1
11552 186 66 509 14 1
11553 186 67 509 14 1
11554 186 68 509 14 1
11555 186 69 509 14 1
11556 186 70 509 14 1
11557 186 71 509 14 1
11558 186 72 509 14 1
11559 186 73 509 14 1
11560 186 74 509 14 1
11561 186 75 509 14 1
11562 186 76 509 14 1
11563 186 77 509 14 1
11564 186 78 509 14 1
11565 186 79 509 14 1
11566 186 80 509 14 1
11567 186 81 509 14 1
11568 186 82 509 14 1
11569 186 83 509 14 1
11570 186 84 509 14 1
11571 186 85 509 14 1
11572 186 86 509 14 1
11573 186 87 509 14 1
11574 186 88 509 14 1
11575 186 89 509 14 1
11576 186 90 509 14 1
11577 186 91 509 14 1
11578 186 92 509 14 1
11579 186 93 509 14 1
11580 186 94 509 14 1
11581 186 95 509 14 1
11582 186 96 509 14 1
11583 186 97 509 14 1
11584 186 98 509 14 1
11585 186 99 509 14 1
11586 186 100 509 14 1
11587 186 101 509 14 1
11588 186 102 509 14 1
11589 186 103 509 14 1
11590 186 104 509 14 1
11591 186 105 509 14 1
11592 186 106 509 14 1
11593 186 107 509 14 1
11594 186 108 509 14 1
11595 186 109 509 14 1
11596 186 110 509 14 1
11597 186 111 509 14 1
11598 186 112 509 14 1
11599 186 113 509 14 1
11600 186 114 509 14 1
11601 186 115 509 14 1
11602 186 116 509 14 1
11603 186 117 509 14 1
11604 186 118 509 14 1
11605 186 119 509 14 1
11606 186 120 509 14 1
11607 186 121 509 14 1
11608 186 122 509 14 1
11609 186 123 509 14 1
11610 186 124 509 14 1
11611 186 125 509 14 1
11612 186 126 509 14 1
11613 187 64 509 14 1
11614 187 65 509 14 1
11615 187 66 509 14 1
11616 187 67 509 14 1
11617 187 68 509 14 1
11618 187 69 509 14 1
11619 187 70 509 14 1
11620 187 71 509 14 1
11621 187 72 509 14 1
11622 187 73 509 14 1
11623 187 74 509 14 1
11624 187 75 509 14 1
11625 187 76 509 14 1
11626 187 77 509 14 1
11627 187 78 509 14 1
11628 187 79 509 14 1
11629 187 80 509 14 1
11630 187 81 509 14 1
11631 187 82 509 14 1
11632 187 83 509 14 1
11633 187 84 509 14 1
11634 187 85 509 14 1
11635 187 86 509 14 1
11636 187 87 509 14 1
11637 187 88 509 14 1
11638 187 89 509 14 1
11639 187 90 509 14 1
11640 187 91 509 14 1
11641 187 92 509 14 1
11642 187 93 509 14 1
11643 187 94 509 14 1
11644 187 95 509 14 1
11645 187 96 509 14 1
11646 187 97 509 14 1
11647 187 98 509 14 1
11648 187 99 509 14 1
11649 187 100 509 14 1
11650 187 101 509 14 1
11651 187 102 509 14 1
11652 187 103 509 14 1
11653 187 104 509 14 1
11654 187 105 509 14 1
11655 187 106 509 14 1
11656 187 107 509 14 1
11657 187 108 509 14 1
11658 187 109 509 14 1
11659 187 110 509 14 1
11660 187 111 509 14 1
11661 187 112 509 14 1
11662 187 113 509 14 1
11663 187 114 509 14 1
11664 187 115 509 14 1
11665 187 116 509 14 1
11666 187 117 509 14 1
11667 187 118 509 14 1
11668 187 119 509 14 1
11669 187 120 509 14 1
11670 187 121 509 14 1
11671 187 122 509 14 1
11672 187 123 509 14 1
11673 187 124 509 14 1
11674 187 125 509 14 1
11675 187 126 509 14 1
11676 188 64 509 14 1
11677 188 65 509 14 1
11678 188 66 509 14 1
11679 188 67 509 14 1
11680 188 68 509 14 1
11681 188 69 509 14 1
11682 188 70 509 14 1
11683 188 71 509 14 1
11684 188 72 509 14 1
11685 188 73 509 14 1
11686 188 74 509 14 1
11687 188 75 509 14 1
11688 188 76 509 14 1
11689 188 77 509 14 1
11690 188 78 509 14 1
11691 188 79 509 14 1
11692 188 80 509 14 1
11693 188 81 509 14 1
11694 188 82 509 14 1
11695 188 83 509 14 1
11696 188 84 509 14 1
11697 188 85 509 14 1
11698 188 86 509 14 1
11699 188 87 509 14 1
11700 188 88 509 14 1
11701 188 89 509 14 1
11702 188 90 509 14 1
11703 188 91 509 14 1
11704 188 92 509 14 1
11705 188 93 509 14 1
11706 188 94 509 14 1
11707 188 95 509 14 1
11708 188 96 509 14 1
11709 188 97 509 14 1
11710 188 98 509 14 1
11711 188 99 509 14 1
11712 188 100 509 14 1
11713 188 101 509 14 1
11714 188 102 509 14 1
11715 188 103 509 14 1
11716 188 104 509 14 1
11717 188 105 509 14 1
11718 188 106 509 14 1
11719 188 107 509 14 1
11720 188 108 509 14 1
11721 188 109 509 14 1
11722 188 110 509 14 1
11723 188 111 509 14 1
11724 188 112 509 14 1
11725 188 113 509 14 1
11726 188 114 509 14 1
11727 188 115 509 14 1
11728 188 116 509 14 1
11729 188 117 509 14 1
11730 188 118 509 14 1
11731 188 119 509 14 1
11732 188 120 509 14 1
11733 188 121 509 14 1
11734 188 122 509 14 1
11735 188 123 509 14 1
11736 188 124 509 14 1
11737 188 125 509 14 1
11738 188 126 509 14 1
11739 189 64 509 14 1
11740 189 65 509 14 1
11741 189 66 509 14 1
11742 189 67 509 14 1
11743 189 68 509 14 1
11744 189 69 509 14 1
11745 189 70 509 14 1
11746 189 71 509 14 1
11747 189 72 509 14 1
11748 189 73 509 14 1
11749 189 74 509 14 1
11750 189 75 509 14 1
11751 189 76 509 14 1
11752 189 77 509 14 1
11753 189 78 509 14 1
11754 189 79 509 14 1
11755 189 80 509 14 1
11756 189 81 509 14 1
11757 189 82 509 14 1
11758 189 83 509 14 1
11759 189 84 509 14 1
11760 189 85 509 14 1
11761 189 86 509 14 1
11762 189 87 509 14 1
11763 189 88 509 14 1
11764 189 89 509 14 1
11765 189 90 509 14 1
11766 189 91 509 14 1
11767 189 92 509 14 1
11768 189 93 509 14 1
11769 189 94 509 14 1
11770 189 95 509 14 1
11771 189 96 509 14 1
11772 189 97 509 14 1
11773 189 98 509 14 1
11774 189 99 509 14 1
11775 189 100 509 14 1
11776 189 101 509 14 1
11777 189 102 509 14 1
11778 189 103 509 14 1
11779 189 104 509 14 1
11780 189 105 509 14 1
11781 189 106 509 14 1
11782 189 107 509 14 1
11783 189 108 509 14 1
11784 189 109 509 14 1
11785 189 110 509 14 1
11786 189 111 509 14 1
11787 189 112 509 14 1
11788 189 113 509 14 1
11789 189 114 509 14 1
11790 189 115 509 14 1
11791 189 116 509 14 1
11792 189 117 509 14 1
11793 189 118 509 14 1
11794 189 119 509 14 1
11795 189 120 509 14 1
11796 189 121 509 14 1
11797 189 122 509 14 1
11798 189 123 509 14 1
11799 189 124 509 14 1
11800 189 125 509 14 1
11801 189 126 509 14 1
11802 190 64 509 14 1
11803 190 65 509 14 1
11804 190 66 509 14 1
11805 190 67 509 14 1
11806 190 68 509 14 1
11807 190 69 509 14 1
11808 190 70 509 14 1
11809 190 71 509 14 1
11810 190 72 509 14 1
11811 190 73 509 14 1
11812 190 74 509 14 1
11813 190 75 509 14 1
11814 190 76 509 14 1
11815 190 77 509 14 1
11816 190 78 509 14 1
11817 190 79 509 14 1
11818 190 80 509 14 1
11819 190 81 509 14 1
11820 190 82 509 14 1
11821 190 83 509 14 1
11822 190 84 509 14 1
11823 190 85 509 14 1
11824 190 86 509 14 1
11825 190 87 509 14 1
11826 190 88 509 14 1
11827 190 89 509 14 1
11828 190 90 509 14 1
11829 190 91 509 14 1
11830 190 92 509 14 1
11831 190 93 509 14 1
11832 190 94 509 14 1
11833 190 95 509 14 1
11834 190 96 509 14 1
11835 190 97 509 14 1
11836 190 98 509 14 1
11837 190 99 509 14 1
11838 190 100 509 14 1
11839 190 101 509 14 1
11840 190 102 509 14 1
11841 190 103 509 14 1
11842 190 104 509 14 1
11843 190 105 509 14 1
11844 190 106 509 14 1
11845 190 107 509 14 1
11846 190 108 509 14 1
11847 190 109 509 14 1
11848 190 110 509 14 1
11849 190 111 509 14 1
11850 190 112 509 14 1
11851 190 113 509 14 1
11852 190 114 509 14 1
11853 190 115 509 14 1
11854 190 116 509 14 1
11855 190 117 509 14 1
11856 190 118 509 14 1
11857 190 119 509 14 1
11858 190 120 509 14 1
11859 190 121 509 14 1
11860 190 122 509 14 1
11861 190 123 509 14 1
11862 190 124 509 14 1
11863 190 125 509 14 1
11864 190 126 509 14 1
11865 191 64 509 14 1
11866 191 65 509 14 1
11867 191 66 509 14 1
11868 191 67 509 14 1
11869 191 68 509 14 1
11870 191 69 509 14 1
11871 191 70 509 14 1
11872 191 71 509 14 1
11873 191 72 509 14 1
11874 191 73 509 14 1
11875 191 74 509 14 1
11876 191 75 509 14 1
11877 191 76 509 14 1
11878 191 77 509 14 1
11879 191 78 509 14 1
11880 191 79 509 14 1
11881 191 80 509 14 1
11882 191 81 509 14 1
11883 191 82 509 14 1
11884 191 83 509 14 1
11885 191 84 509 14 1
11886 191 85 509 14 1
11887 191 86 509 14 1
11888 191 87 509 14 1
11889 191 88 509 14 1
11890 191 89 509 14 1
11891 191 90 509 14 1
11892 191 91 509 14 1
11893 191 92 509 14 1
11894 191 93 509 14 1
11895 191 94 509 14 1
11896 191 95 509 14 1
11897 191 96 509 14 1
11898 191 97 509 14 1
11899 191 98 509 14 1
11900 191 99 509 14 1
11901 191 100 509 14 1
11902 191 101 509 14 1
11903 191 102 509 14 1
11904 191 103 509 14 1
11905 191 104 509 14 1
11906 191 105 509 14 1
11907 191 106 509 14 1
11908 191 107 509 14 1
11909 191 108 509 14 1
11910 191 109 509 14 1
11911 191 110 509 14 1
11912 191 111 509 14 1
11913 191 112 509 14 1
11914 191 113 509 14 1
11915 191 114 509 14 1
11916 191 115 509 14 1
11917 191 116 509 14 1
11918 191 117 509 14 1
11919 191 118 509 14 1
11920 191 119 509 14 1
11921 191 120 509 14 1
11922 191 121 509 14 1
11923 191 122 509 14 1
11924 191 123 509 14 1
11925 191 124 509 14 1
11926 191 125 509 14 1
11927 191 126 509 14 1
11928 192 64 509 14 1
11929 192 65 509 14 1
11930 192 66 509 14 1
11931 192 67 509 14 1
11932 192 68 509 14 1
11933 192 69 509 14 1
11934 192 70 509 14 1
11935 192 71 509 14 1
11936 192 72 509 14 1
11937 192 73 509 14 1
11938 192 74 509 14 1
11939 192 75 509 14 1
11940 192 76 509 14 1
11941 192 77 509 14 1
11942 192 78 509 14 1
11943 192 79 509 14 1
11944 192 80 509 14 1
11945 192 81 509 14 1
11946 192 82 509 14 1
11947 192 83 509 14 1
11948 192 84 509 14 1
11949 192 85 509 14 1
11950 192 86 509 14 1
11951 192 87 509 14 1
11952 192 88 509 14 1
11953 192 89 509 14 1
11954 192 90 509 14 1
11955 192 91 509 14 1
11956 192 92 509 14 1
11957 192 93 509 14 1
11958 192 94 509 14 1
11959 192 95 509 14 1
11960 192 96 509 14 1
11961 192 97 509 14 1
11962 192 98 509 14 1
11963 192 99 509 14 1
11964 192 100 509 14 1
11965 192 101 509 14 1
11966 192 102 509 14 1
11967 192 103 509 14 1
11968 192 104 509 14 1
11969 192 105 509 14 1
11970 192 106 509 14 1
11971 192 107 509 14 1
11972 192 108 509 14 1
11973 192 109 509 14 1
11974 192 110 509 14 1
11975 192 111 509 14 1
11976 192 112 509 14 1
11977 192 113 509 14 1
11978 192 114 509 14 1
11979 192 115 509 14 1
11980 192 116 509 14 1
11981 192 117 509 14 1
11982 192 118 509 14 1
11983 192 119 509 14 1
11984 192 120 509 14 1
11985 192 121 509 14 1
11986 192 122 509 14 1
11987 192 123 509 14 1
11988 192 124 509 14 1
11989 192 125 509 14 1
11990 192 126 509 14 1
11991 193 64 509 14 1
11992 193 65 509 14 1
11993 193 66 509 14 1
11994 193 67 509 14 1
11995 193 68 509 14 1
11996 193 69 509 14 1
11997 193 70 509 14 1
11998 193 71 509 14 1
11999 193 72 509 14 1
12000 193 73 509 14 1
12001 193 74 509 14 1
12002 193 75 509 14 1
12003 193 76 509 14 1
12004 193 77 509 14 1
12005 193 78 509 14 1
12006 193 79 509 14 1
12007 193 80 509 14 1
12008 193 81 509 14 1
12009 193 82 509 14 1
12010 193 83 509 14 1
12011 193 84 509 14 1
12012 193 85 509 14 1
12013 193 86 509 14 1
12014 193 87 509 14 1
12015 193 88 509 14 1
12016 193 89 509 14 1
12017 193 90 509 14 1
12018 193 91 509 14 1
12019 193 92 509 14 1
12020 193 93 509 14 1
12021 193 94 509 14 1
12022 193 95 509 14 1
12023 193 96 509 14 1
12024 193 97 509 14 1
12025 193 98 509 14 1
12026 193 99 509 14 1
12027 193 100 509 14 1
12028 193 101 509 14 1
12029 193 102 509 14 1
12030 193 103 509 14 1
12031 193 104 509 14 1
12032 193 105 509 14 1
12033 193 106 509 14 1
12034 193 107 509 14 1
12035 193 108 509 14 1
12036 193 109 509 14 1
12037 193 110 509 14 1
12038 193 111 509 14 1
12039 193 112 509 14 1
12040 193 113 509 14 1
12041 193 114 509 14 1
12042 193 115 509 14 1
12043 193 116 509 14 1
12044 193 117 509 14 1
12045 193 118 509 14 1
12046 193 119 509 14 1
12047 193 120 509 14 1
12048 193 121 509 14 1
12049 193 122 509 14 1
12050 193 123 509 14 1
12051 193 124 509 14 1
12052 193 125 509 14 1
12053 193 126 509 14 1
12054 194 64 509 14 1
12055 194 65 509 14 1
12056 194 66 509 14 1
12057 194 67 509 14 1
12058 194 68 509 14 1
12059 194 69 509 14 1
12060 194 70 509 14 1
12061 194 71 509 14 1
12062 194 72 509 14 1
12063 194 73 509 14 1
12064 194 74 509 14 1
12065 194 75 509 14 1
12066 194 76 509 14 1
12067 194 77 509 14 1
12068 194 78 509 14 1
12069 194 79 509 14 1
12070 194 80 509 14 1
12071 194 81 509 14 1
12072 194 82 509 14 1
12073 194 83 509 14 1
12074 194 84 509 14 1
12075 194 85 509 14 1
12076 194 86 509 14 1
12077 194 87 509 14 1
12078 194 88 509 14 1
12079 194 89 509 14 1
12080 194 90 509 14 1
12081 194 91 509 14 1
12082 194 92 509 14 1
12083 194 93 509 14 1
12084 194 94 509 14 1
12085 194 95 509 14 1
12086 194 96 509 14 1
12087 194 97 509 14 1
12088 194 98 509 14 1
12089 194 99 509 14 1
12090 194 100 509 14 1
12091 194 101 509 14 1
12092 194 102 509 14 1
12093 194 103 509 14 1
12094 194 104 509 14 1
12095 194 105 509 14 1
12096 194 106 509 14 1
12097 194 107 509 14 1
12098 194 108 509 14 1
12099 194 109 509 14 1
12100 194 110 509 14 1
12101 194 111 509 14 1
12102 194 112 509 14 1
12103 194 113 509 14 1
12104 194 114 509 14 1
12105 194 115 509 14 1
12106 194 116 509 14 1
12107 194 117 509 14 1
12108 194 118 509 14 1
12109 194 119 509 14 1
12110 194 120 509 14 1
12111 194 121 509 14 1
12112 194 122 509 14 1
12113 194 123 509 14 1
12114 194 124 509 14 1
12115 194 125 509 14 1
12116 194 126 509 14 1
12117 195 64 509 14 1
12118 195 65 509 14 1
12119 195 66 509 14 1
12120 195 67 509 14 1
12121 195 68 509 14 1
12122 195 69 509 14 1
12123 195 70 509 14 1
12124 195 71 509 14 1
12125 195 72 509 14 1
12126 195 73 509 14 1
12127 195 74 509 14 1
12128 195 75 509 14 1
12129 195 76 509 14 1
12130 195 77 509 14 1
12131 195 78 509 14 1
12132 195 79 509 14 1
12133 195 80 509 14 1
12134 195 81 509 14 1
12135 195 82 509 14 1
12136 195 83 509 14 1
12137 195 84 509 14 1
12138 195 85 509 14 1
12139 195 86 509 14 1
12140 195 87 509 14 1
12141 195 88 509 14 1
12142 195 89 509 14 1
12143 195 90 509 14 1
12144 195 91 509 14 1
12145 195 92 509 14 1
12146 195 93 509 14 1
12147 195 94 509 14 1
12148 195 95 509 14 1
12149 195 96 509 14 1
12150 195 97 509 14 1
12151 195 98 509 14 1
12152 195 99 509 14 1
12153 195 100 509 14 1
12154 195 101 509 14 1
12155 195 102 509 14 1
12156 195 103 509 14 1
12157 195 104 509 14 1
12158 195 105 509 14 1
12159 195 106 509 14 1
12160 195 107 509 14 1
12161 195 108 509 14 1
12162 195 109 509 14 1
12163 195 110 509 14 1
12164 195 111 509 14 1
12165 195 112 509 14 1
12166 195 113 509 14 1
12167 195 114 509 14 1
12168 195 115 509 14 1
12169 195 116 509 14 1
12170 195 117 509 14 1
12171 195 118 509 14 1
12172 195 119 509 14 1
12173 195 120 509 14 1
12174 195 121 509 14 1
12175 195 122 509 14 1
12176 195 123 509 14 1
12177 195 124 509 14 1
12178 195 125 509 14 1
12179 195 126 509 14 1
12180 196 64 509 14 1
12181 196 65 509 14 1
12182 196 66 509 14 1
12183 196 67 509 14 1
12184 196 68 509 14 1
12185 196 69 509 14 1
12186 196 70 509 14 1
12187 196 71 509 14 1
12188 196 72 509 14 1
12189 196 73 509 14 1
12190 196 74 509 14 1
12191 196 75 509 14 1
12192 196 76 509 14 1
12193 196 77 509 14 1
12194 196 78 509 14 1
12195 196 79 509 14 1
12196 196 80 509 14 1
12197 196 81 509 14 1
12198 196 82 509 14 1
12199 196 83 509 14 1
12200 196 84 509 14 1
12201 196 85 509 14 1
12202 196 86 509 14 1
12203 196 87 509 14 1
12204 196 88 509 14 1
12205 196 89 509 14 1
12206 196 90 509 14 1
12207 196 91 509 14 1
12208 196 92 509 14 1
12209 196 93 509 14 1
12210 196 94 509 14 1
12211 196 95 509 14 1
12212 196 96 509 14 1
12213 196 97 509 14 1
12214 196 98 509 14 1
12215 196 99 509 14 1
12216 196 100 509 14 1
12217 196 101 509 14 1
12218 196 102 509 14 1
12219 196 103 509 14 1
12220 196 104 509 14 1
12221 196 105 509 14 1
12222 196 106 509 14 1
12223 196 107 509 14 1
12224 196 108 509 14 1
12225 196 109 509 14 1
12226 196 110 509 14 1
12227 196 111 509 14 1
12228 196 112 509 14 1
12229 196 113 509 14 1
12230 196 114 509 14 1
12231 196 115 509 14 1
12232 196 116 509 14 1
12233 196 117 509 14 1
12234 196 118 509 14 1
12235 196 119 509 14 1
12236 196 120 509 14 1
12237 196 121 509 14 1
12238 196 122 509 14 1
12239 196 123 509 14 1
12240 196 124 509 14 1
12241 196 125 509 14 1
12242 196 126 509 14 1
12243 197 64 509 14 1
12244 197 65 509 14 1
12245 197 66 509 14 1
12246 197 67 509 14 1
12247 197 68 509 14 1
12248 197 69 509 14 1
12249 197 70 509 14 1
12250 197 71 509 14 1
12251 197 72 509 14 1
12252 197 73 509 14 1
12253 197 74 509 14 1
12254 197 75 509 14 1
12255 197 76 509 14 1
12256 197 77 509 14 1
12257 197 78 509 14 1
12258 197 79 509 14 1
12259 197 80 509 14 1
12260 197 81 509 14 1
12261 197 82 509 14 1
12262 197 83 509 14 1
12263 197 84 509 14 1
12264 197 85 509 14 1
12265 197 86 509 14 1
12266 197 87 509 14 1
12267 197 88 509 14 1
12268 197 89 509 14 1
12269 197 90 509 14 1
12270 197 91 509 14 1
12271 197 92 509 14 1
12272 197 93 509 14 1
12273 197 94 509 14 1
12274 197 95 509 14 1
12275 197 96 509 14 1
12276 197 97 509 14 1
12277 197 98 509 14 1
12278 197 99 509 14 1
12279 197 100 509 14 1
12280 197 101 509 14 1
12281 197 102 509 14 1
12282 197 103 509 14 1
12283 197 104 509 14 1
12284 197 105 509 14 1
12285 197 106 509 14 1
12286 197 107 509 14 1
12287 197 108 509 14 1
12288 197 109 509 14 1
12289 197 110 509 14 1
12290 197 111 509 14 1
12291 197 112 509 14 1
12292 197 113 509 14 1
12293 197 114 509 14 1
12294 197 115 509 14 1
12295 197 116 509 14 1
12296 197 117 509 14 1
12297 197 118 509 14 1
12298 197 119 509 14 1
12299 197 120 509 14 1
12300 197 121 509 14 1
12301 197 122 509 14 1
12302 197 123 509 14 1
12303 197 124 509 14 1
12304 197 125 509 14 1
12305 197 126 509 14 1
12306 198 64 509 14 1
12307 198 65 509 14 1
12308 198 66 509 14 1
12309 198 67 509 14 1
12310 198 68 509 14 1
12311 198 69 509 14 1
12312 198 70 509 14 1
12313 198 71 509 14 1
12314 198 72 509 14 1
12315 198 73 509 14 1
12316 198 74 509 14 1
12317 198 75 509 14 1
12318 198 76 509 14 1
12319 198 77 509 14 1
12320 198 78 509 14 1
12321 198 79 509 14 1
12322 198 80 509 14 1
12323 198 81 509 14 1
12324 198 82 509 14 1
12325 198 83 509 14 1
12326 198 84 509 14 1
12327 198 85 509 14 1
12328 198 86 509 14 1
12329 198 87 509 14 1
12330 198 88 509 14 1
12331 198 89 509 14 1
12332 198 90 509 14 1
12333 198 91 509 14 1
12334 198 92 509 14 1
12335 198 93 509 14 1
12336 198 94 509 14 1
12337 198 95 509 14 1
12338 198 96 509 14 1
12339 198 97 509 14 1
12340 198 98 509 14 1
12341 198 99 509 14 1
12342 198 100 509 14 1
12343 198 101 509 14 1
12344 198 102 509 14 1
12345 198 103 509 14 1
12346 198 104 509 14 1
12347 198 105 509 14 1
12348 198 106 509 14 1
12349 198 107 509 14 1
12350 198 108 509 14 1
12351 198 109 509 14 1
12352 198 110 509 14 1
12353 198 111 509 14 1
12354 198 112 509 14 1
12355 198 113 509 14 1
12356 198 114 509 14 1
12357 198 115 509 14 1
12358 198 116 509 14 1
12359 198 117 509 14 1
12360 198 118 509 14 1
12361 198 119 509 14 1
12362 198 120 509 14 1
12363 198 121 509 14 1
12364 198 122 509 14 1
12365 198 123 509 14 1
12366 198 124 509 14 1
12367 198 125 509 14 1
12368 198 126 509 14 1
12369 199 64 509 14 1
12370 199 65 509 14 1
12371 199 66 509 14 1
12372 199 67 509 14 1
12373 199 68 509 14 1
12374 199 69 509 14 1
12375 199 70 509 14 1
12376 199 71 509 14 1
12377 199 72 509 14 1
12378 199 73 509 14 1
12379 199 74 509 14 1
12380 199 75 509 14 1
12381 199 76 509 14 1
12382 199 77 509 14 1
12383 199 78 509 14 1
12384 199 79 509 14 1
12385 199 80 509 14 1
12386 199 81 509 14 1
12387 199 82 509 14 1
12388 199 83 509 14 1
12389 199 84 509 14 1
12390 199 85 509 14 1
12391 199 86 509 14 1
12392 199 87 509 14 1
12393 199 88 509 14 1
12394 199 89 509 14 1
12395 199 90 509 14 1
12396 199 91 509 14 1
12397 199 92 509 14 1
12398 199 93 509 14 1
12399 199 94 509 14 1
12400 199 95 509 14 1
12401 199 96 509 14 1
12402 199 97 509 14 1
12403 199 98 509 14 1
12404 199 99 509 14 1
12405 199 100 509 14 1
12406 199 101 509 14 1
12407 199 102 509 14 1
12408 199 103 509 14 1
12409 199 104 509 14 1
12410 199 105 509 14 1
12411 199 106 509 14 1
12412 199 107 509 14 1
12413 199 108 509 14 1
12414 199 109 509 14 1
12415 199 110 509 14 1
12416 199 111 509 14 1
12417 199 112 509 14 1
12418 199 113 509 14 1
12419 199 114 509 14 1
12420 199 115 509 14 1
12421 199 116 509 14 1
12422 199 117 509 14 1
12423 199 118 509 14 1
12424 199 119 509 14 1
12425 199 120 509 14 1
12426 199 121 509 14 1
12427 199 122 509 14 1
12428 199 123 509 14 1
12429 199 124 509 14 1
12430 199 125 509 14 1
12431 199 126 509 14 1
12432 200 64 509 14 1
12433 200 65 509 14 1
12434 200 66 509 14 1
12435 200 67 509 14 1
12436 200 68 509 14 1
12437 200 69 509 14 1
12438 200 70 509 14 1
12439 200 71 509 14 1
12440 200 72 509 14 1
12441 200 73 509 14 1
12442 200 74 509 14 1
12443 200 75 509 14 1
12444 200 76 509 14 1
12445 200 77 509 14 1
12446 200 78 509 14 1
12447 200 79 509 14 1
12448 200 80 509 14 1
12449 200 81 509 14 1
12450 200 82 509 14 1
12451 200 83 509 14 1
12452 200 84 509 14 1
12453 200 85 509 14 1
12454 200 86 509 14 1
12455 200 87 509 14 1
12456 200 88 509 14 1
12457 200 89 509 14 1
12458 200 90 509 14 1
12459 200 91 509 14 1
12460 200 92 509 14 1
12461 200 93 509 14 1
12462 200 94 509 14 1
12463 200 95 509 14 1
12464 200 96 509 14 1
12465 200 97 509 14 1
12466 200 98 509 14 1
12467 200 99 509 14 1
12468 200 100 509 14 1
12469 200 101 509 14 1
12470 200 102 509 14 1
12471 200 103 509 14 1
12472 200 104 509 14 1
12473 200 105 509 14 1
12474 200 106 509 14 1
12475 200 107 509 14 1
12476 200 108 509 14 1
12477 200 109 509 14 1
12478 200 110 509 14 1
12479 200 111 509 14 1
12480 200 112 509 14 1
12481 200 113 509 14 1
12482 200 114 509 14 1
12483 200 115 509 14 1
12484 200 116 509 14 1
12485 200 117 509 14 1
12486 200 118 509 14 1
12487 200 119 509 14 1
12488 200 120 509 14 1
12489 200 121 509 14 1
12490 200 122 509 14 1
12491 200 123 509 14 1
12492 200 124 509 14 1
12493 200 125 509 14 1
12494 200 126 509 14 1
12495 201 64 509 14 1
12496 201 65 509 14 1
12497 201 66 509 14 1
12498 201 67 509 14 1
12499 201 68 509 14 1
12500 201 69 509 14 1
12501 201 70 509 14 1
12502 201 71 509 14 1
12503 201 72 509 14 1
12504 201 73 509 14 1
12505 201 74 509 14 1
12506 201 75 509 14 1
12507 201 76 509 14 1
12508 201 77 509 14 1
12509 201 78 509 14 1
12510 201 79 509 14 1
12511 201 80 509 14 1
12512 201 81 509 14 1
12513 201 82 509 14 1
12514 201 83 509 14 1
12515 201 84 509 14 1
12516 201 85 509 14 1
12517 201 86 509 14 1
12518 201 87 509 14 1
12519 201 88 509 14 1
12520 201 89 509 14 1
12521 201 90 509 14 1
12522 201 91 509 14 1
12523 201 92 509 14 1
12524 201 93 509 14 1
12525 201 94 509 14 1
12526 201 95 509 14 1
12527 201 96 509 14 1
12528 201 97 509 14 1
12529 201 98 509 14 1
12530 201 99 509 14 1
12531 201 100 509 14 1
12532 201 101 509 14 1
12533 201 102 509 14 1
12534 201 103 509 14 1
12535 201 104 509 14 1
12536 201 105 509 14 1
12537 201 106 509 14 1
12538 201 107 509 14 1
12539 201 108 509 14 1
12540 201 109 509 14 1
12541 201 110 509 14 1
12542 201 111 509 14 1
12543 201 112 509 14 1
12544 201 113 509 14 1
12545 201 114 509 14 1
12546 201 115 509 14 1
12547 201 116 509 14 1
12548 201 117 509 14 1
12549 201 118 509 14 1
12550 201 119 509 14 1
12551 201 120 509 14 1
12552 201 121 509 14 1
12553 201 122 509 14 1
12554 201 123 509 14 1
12555 201 124 509 14 1
12556 201 125 509 14 1
12557 201 126 509 14 1
12558 202 64 509 14 1
12559 202 65 509 14 1
12560 202 66 509 14 1
12561 202 67 509 14 1
12562 202 68 509 14 1
12563 202 69 509 14 1
12564 202 70 509 14 1
12565 202 71 509 14 1
12566 202 72 509 14 1
12567 202 73 509 14 1
12568 202 74 509 14 1
12569 202 75 509 14 1
12570 202 76 509 14 1
12571 202 77 509 14 1
12572 202 78 509 14 1
12573 202 79 509 14 1
12574 202 80 509 14 1
12575 202 81 509 14 1
12576 202 82 509 14 1
12577 202 83 509 14 1
12578 202 84 509 14 1
12579 202 85 509 14 1
12580 202 86 509 14 1
12581 202 87 509 14 1
12582 202 88 509 14 1
12583 202 89 509 14 1
12584 202 90 509 14 1
12585 202 91 509 14 1
12586 202 92 509 14 1
12587 202 93 509 14 1
12588 202 94 509 14 1
12589 202 95 509 14 1
12590 202 96 509 14 1
12591 202 97 509 14 1
12592 202 98 509 14 1
12593 202 99 509 14 1
12594 202 100 509 14 1
12595 202 101 509 14 1
12596 202 102 509 14 1
12597 202 103 509 14 1
12598 202 104 509 14 1
12599 202 105 509 14 1
12600 202 106 509 14 1
12601 202 107 509 14 1
12602 202 108 509 14 1
12603 202 109 509 14 1
12604 202 110 509 14 1
12605 202 111 509 14 1
12606 202 112 509 14 1
12607 202 113 509 14 1
12608 202 114 509 14 1
12609 202 115 509 14 1
12610 202 116 509 14 1
12611 202 117 509 14 1
12612 202 118 509 14 1
12613 202 119 509 14 1
12614 202 120 509 14 1
12615 202 121 509 14 1
12616 202 122 509 14 1
12617 202 123 509 14 1
12618 202 124 509 14 1
12619 202 125 509 14 1
12620 202 126 509 14 1
12621 203 64 509 14 1
12622 203 65 509 14 1
12623 203 66 509 14 1
12624 203 67 509 14 1
12625 203 68 509 14 1
12626 203 69 509 14 1
12627 203 70 509 14 1
12628 203 71 509 14 1
12629 203 72 509 14 1
12630 203 73 509 14 1
12631 203 74 509 14 1
12632 203 75 509 14 1
12633 203 76 509 14 1
12634 203 77 509 14 1
12635 203 78 509 14 1
12636 203 79 509 14 1
12637 203 80 509 14 1
12638 203 81 509 14 1
12639 203 82 509 14 1
12640 203 83 509 14 1
12641 203 84 509 14 1
12642 203 85 509 14 1
12643 203 86 509 14 1
12644 203 87 509 14 1
12645 203 88 509 14 1
12646 203 89 509 14 1
12647 203 90 509 14 1
12648 203 91 509 14 1
12649 203 92 509 14 1
12650 203 93 509 14 1
12651 203 94 509 14 1
12652 203 95 509 14 1
12653 203 96 509 14 1
12654 203 97 509 14 1
12655 203 98 509 14 1
12656 203 99 509 14 1
12657 203 100 509 14 1
12658 203 101 509 14 1
12659 203 102 509 14 1
12660 203 103 509 14 1
12661 203 104 509 14 1
12662 203 105 509 14 1
12663 203 106 509 14 1
12664 203 107 509 14 1
12665 203 108 509 14 1
12666 203 109 509 14 1
12667 203 110 509 14 1
12668 203 111 509 14 1
12669 203 112 509 14 1
12670 203 113 509 14 1
12671 203 114 509 14 1
12672 203 115 509 14 1
12673 203 116 509 14 1
12674 203 117 509 14 1
12675 203 118 509 14 1
12676 203 119 509 14 1
12677 203 120 509 14 1
12678 203 121 509 14 1
12679 203 122 509 14 1
12680 203 123 509 14 1
12681 203 124 509 14 1
12682 203 125 509 14 1
12683 203 126 509 14 1
12684 204 64 509 14 1
12685 204 65 509 14 1
12686 204 66 509 14 1
12687 204 67 509 14 1
12688 204 68 509 14 1
12689 204 69 509 14 1
12690 204 70 509 14 1
12691 204 71 509 14 1
12692 204 72 509 14 1
12693 204 73 509 14 1
12694 204 74 509 14 1
12695 204 75 509 14 1
12696 204 76 509 14 1
12697 204 77 509 14 1
12698 204 78 509 14 1
12699 204 79 509 14 1
12700 204 80 509 14 1
12701 204 81 509 14 1
12702 204 82 509 14 1
12703 204 83 509 14 1
12704 204 84 509 14 1
12705 204 85 509 14 1
12706 204 86 509 14 1
12707 204 87 509 14 1
12708 204 88 509 14 1
12709 204 89 509 14 1
12710 204 90 509 14 1
12711 204 91 509 14 1
12712 204 92 509 14 1
12713 204 93 509 14 1
12714 204 94 509 14 1
12715 204 95 509 14 1
12716 204 96 509 14 1
12717 204 97 509 14 1
12718 204 98 509 14 1
12719 204 99 509 14 1
12720 204 100 509 14 1
12721 204 101 509 14 1
12722 204 102 509 14 1
12723 204 103 509 14 1
12724 204 104 509 14 1
12725 204 105 509 14 1
12726 204 106 509 14 1
12727 204 107 509 14 1
12728 204 108 509 14 1
12729 204 109 509 14 1
12730 204 110 509 14 1
12731 204 111 509 14 1
12732 204 112 509 14 1
12733 204 113 509 14 1
12734 204 114 509 14 1
12735 204 115 509 14 1
12736 204 116 509 14 1
12737 204 117 509 14 1
12738 204 118 509 14 1
12739 204 119 509 14 1
12740 204 120 509 14 1
12741 204 121 509 14 1
12742 204 122 509 14 1
12743 204 123 509 14 1
12744 204 124 509 14 1
12745 204 125 509 14 1
12746 204 126 509 14 1
12747 205 64 509 14 1
12748 205 65 509 14 1
12749 205 66 509 14 1
12750 205 67 509 14 1
12751 205 68 509 14 1
12752 205 69 509 14 1
12753 205 70 509 14 1
12754 205 71 509 14 1
12755 205 72 509 14 1
12756 205 73 509 14 1
12757 205 74 509 14 1
12758 205 75 509 14 1
12759 205 76 509 14 1
12760 205 77 509 14 1
12761 205 78 509 14 1
12762 205 79 509 14 1
12763 205 80 509 14 1
12764 205 81 509 14 1
12765 205 82 509 14 1
12766 205 83 509 14 1
12767 205 84 509 14 1
12768 205 85 509 14 1
12769 205 86 509 14 1
12770 205 87 509 14 1
12771 205 88 509 14 1
12772 205 89 509 14 1
12773 205 90 509 14 1
12774 205 91 509 14 1
12775 205 92 509 14 1
12776 205 93 509 14 1
12777 205 94 509 14 1
12778 205 95 509 14 1
12779 205 96 509 14 1
12780 205 97 509 14 1
12781 205 98 509 14 1
12782 205 99 509 14 1
12783 205 100 509 14 1
12784 205 101 509 14 1
12785 205 102 509 14 1
12786 205 103 509 14 1
12787 205 104 509 14 1
12788 205 105 509 14 1
12789 205 106 509 14 1
12790 205 107 509 14 1
12791 205 108 509 14 1
12792 205 109 509 14 1
12793 205 110 509 14 1
12794 205 111 509 14 1
12795 205 112 509 14 1
12796 205 113 509 14 1
12797 205 114 509 14 1
12798 205 115 509 14 1
12799 205 116 509 14 1
12800 205 117 509 14 1
12801 205 118 509 14 1
12802 205 119 509 14 1
12803 205 120 509 14 1
12804 205 121 509 14 1
12805 205 122 509 14 1
12806 205 123 509 14 1
12807 205 124 509 14 1
12808 205 125 509 14 1
12809 205 126 509 14 1
12810 206 64 509 14 1
12811 206 65 509 14 1
12812 206 66 509 14 1
12813 206 67 509 14 1
12814 206 68 509 14 1
12815 206 69 509 14 1
12816 206 70 509 14 1
12817 206 71 509 14 1
12818 206 72 509 14 1
12819 206 73 509 14 1
12820 206 74 509 14 1
12821 206 75 509 14 1
12822 206 76 509 14 1
12823 206 77 509 14 1
12824 206 78 509 14 1
12825 206 79 509 14 1
12826 206 80 509 14 1
12827 206 81 509 14 1
12828 206 82 509 14 1
12829 206 83 509 14 1
12830 206 84 509 14 1
12831 206 85 509 14 1
12832 206 86 509 14 1
12833 206 87 509 14 1
12834 206 88 509 14 1
12835 206 89 509 14 1
12836 206 90 509 14 1
12837 206 91 509 14 1
12838 206 92 509 14 1
12839 206 93 509 14 1
12840 206 94 509 14 1
12841 206 95 509 14 1
12842 206 96 509 14 1
12843 206 97 509 14 1
12844 206 98 509 14 1
12845 206 99 509 14 1
12846 206 100 509 14 1
12847 206 101 509 14 1
12848 206 102 509 14 1
12849 206 103 509 14 1
12850 206 104 509 14 1
12851 206 105 509 14 1
12852 206 106 509 14 1
12853 206 107 509 14 1
12854 206 108 509 14 1
12855 206 109 509 14 1
12856 206 110 509 14 1
12857 206 111 509 14 1
12858 206 112 509 14 1
12859 206 113 509 14 1
12860 206 114 509 14 1
12861 206 115 509 14 1
12862 206 116 509 14 1
12863 206 117 509 14 1
12864 206 118 509 14 1
12865 206 119 509 14 1
12866 206 120 509 14 1
12867 206 121 509 14 1
12868 206 122 509 14 1
12869 206 123 509 14 1
12870 206 124 509 14 1
12871 206 125 509 14 1
12872 206 126 509 14 1
12873 207 64 509 14 1
12874 207 65 509 14 1
12875 207 66 509 14 1
12876 207 67 509 14 1
12877 207 68 509 14 1
12878 207 69 509 14 1
12879 207 70 509 14 1
12880 207 71 509 14 1
12881 207 72 509 14 1
12882 207 73 509 14 1
12883 207 74 509 14 1
12884 207 75 509 14 1
12885 207 76 509 14 1
12886 207 77 509 14 1
12887 207 78 509 14 1
12888 207 79 509 14 1
12889 207 80 509 14 1
12890 207 81 509 14 1
12891 207 82 509 14 1
12892 207 83 509 14 1
12893 207 84 509 14 1
12894 207 85 509 14 1
12895 207 86 509 14 1
12896 207 87 509 14 1
12897 207 88 509 14 1
12898 207 89 509 14 1
12899 207 90 509 14 1
12900 207 91 509 14 1
12901 207 92 509 14 1
12902 207 93 509 14 1
12903 207 94 509 14 1
12904 207 95 509 14 1
12905 207 96 509 14 1
12906 207 97 509 14 1
12907 207 98 509 14 1
12908 207 99 509 14 1
12909 207 100 509 14 1
12910 207 101 509 14 1
12911 207 102 509 14 1
12912 207 103 509 14 1
12913 207 104 509 14 1
12914 207 105 509 14 1
12915 207 106 509 14 1
12916 207 107 509 14 1
12917 207 108 509 14 1
12918 207 109 509 14 1
12919 207 110 509 14 1
12920 207 111 509 14 1
12921 207 112 509 14 1
12922 207 113 509 14 1
12923 207 114 509 14 1
12924 207 115 509 14 1
12925 207 116 509 14 1
12926 207 117 509 14 1
12927 207 118 509 14 1
12928 207 119 509 14 1
12929 207 120 509 14 1
12930 207 121 509 14 1
12931 207 122 509 14 1
12932 207 123 509 14 1
12933 207 124 509 14 1
12934 207 125 509 14 1
12935 207 126 509 14 1
12936 208 64 509 14 1
12937 208 65 509 14 1
12938 208 66 509 14 1
12939 208 67 509 14 1
12940 208 68 509 14 1
12941 208 69 509 14 1
12942 208 70 509 14 1
12943 208 71 509 14 1
12944 208 72 509 14 1
12945 208 73 509 14 1
12946 208 74 509 14 1
12947 208 75 509 14 1
12948 208 76 509 14 1
12949 208 77 509 14 1
12950 208 78 509 14 1
12951 208 79 509 14 1
12952 208 80 509 14 1
12953 208 81 509 14 1
12954 208 82 509 14 1
12955 208 83 509 14 1
12956 208 84 509 14 1
12957 208 85 509 14 1
12958 208 86 509 14 1
12959 208 87 509 14 1
12960 208 88 509 14 1
12961 208 89 509 14 1
12962 208 90 509 14 1
12963 208 91 509 14 1
12964 208 92 509 14 1
12965 208 93 509 14 1
12966 208 94 509 14 1
12967 208 95 509 14 1
12968 208 96 509 14 1
12969 208 97 509 14 1
12970 208 98 509 14 1
12971 208 99 509 14 1
12972 208 100 509 14 1
12973 208 101 509 14 1
12974 208 102 509 14 1
12975 208 103 509 14 1
12976 208 104 509 14 1
12977 208 105 509 14 1
12978 208 106 509 14 1
12979 208 107 509 14 1
12980 208 108 509 14 1
12981 208 109 509 14 1
12982 208 110 509 14 1
12983 208 111 509 14 1
12984 208 112 509 14 1
12985 208 113 509 14 1
12986 208 114 509 14 1
12987 208 115 509 14 1
12988 208 116 509 14 1
12989 208 117 509 14 1
12990 208 118 509 14 1
12991 208 119 509 14 1
12992 208 120 509 14 1
12993 208 121 509 14 1
12994 208 122 509 14 1
12995 208 123 509 14 1
12996 208 124 509 14 1
12997 208 125 509 14 1
12998 208 126 509 14 1
12999 209 64 509 14 1
13000 209 65 509 14 1
13001 209 66 509 14 1
13002 209 67 509 14 1
13003 209 68 509 14 1
13004 209 69 509 14 1
13005 209 70 509 14 1
13006 209 71 509 14 1
13007 209 72 509 14 1
13008 209 73 509 14 1
13009 209 74 509 14 1
13010 209 75 509 14 1
13011 209 76 509 14 1
13012 209 77 509 14 1
13013 209 78 509 14 1
13014 209 79 509 14 1
13015 209 80 509 14 1
13016 209 81 509 14 1
13017 209 82 509 14 1
13018 209 83 509 14 1
13019 209 84 509 14 1
13020 209 85 509 14 1
13021 209 86 509 14 1
13022 209 87 509 14 1
13023 209 88 509 14 1
13024 209 89 509 14 1
13025 209 90 509 14 1
13026 209 91 509 14 1
13027 209 92 509 14 1
13028 209 93 509 14 1
13029 209 94 509 14 1
13030 209 95 509 14 1
13031 209 96 509 14 1
13032 209 97 509 14 1
13033 209 98 509 14 1
13034 209 99 509 14 1
13035 209 100 509 14 1
13036 209 101 509 14 1
13037 209 102 509 14 1
13038 209 103 509 14 1
13039 209 104 509 14 1
13040 209 105 509 14 1
13041 209 106 509 14 1
13042 209 107 509 14 1
13043 209 108 509 14 1
13044 209 109 509 14 1
13045 209 110 509 14 1
13046 209 111 509 14 1
13047 209 112 509 14 1
13048 209 113 509 14 1
13049 209 114 509 14 1
13050 209 115 509 14 1
13051 209 116 509 14 1
13052 209 117 509 14 1
13053 209 118 509 14 1
13054 209 119 509 14 1
13055 209 120 509 14 1
13056 209 121 509 14 1
13057 209 122 509 14 1
13058 209 123 509 14 1
13059 209 124 509 14 1
13060 209 125 509 14 1
13061 209 126 509 14 1
13062 210 64 509 14 1
13063 210 65 509 14 1
13064 210 66 509 14 1
13065 210 67 509 14 1
13066 210 68 509 14 1
13067 210 69 509 14 1
13068 210 70 509 14 1
13069 210 71 509 14 1
13070 210 72 509 14 1
13071 210 73 509 14 1
13072 210 74 509 14 1
13073 210 75 509 14 1
13074 210 76 509 14 1
13075 210 77 509 14 1
13076 210 78 509 14 1
13077 210 79 509 14 1
13078 210 80 509 14 1
13079 210 81 509 14 1
13080 210 82 509 14 1
13081 210 83 509 14 1
13082 210 84 509 14 1
13083 210 85 509 14 1
13084 210 86 509 14 1
13085 210 87 509 14 1
13086 210 88 509 14 1
13087 210 89 509 14 1
13088 210 90 509 14 1
13089 210 91 509 14 1
13090 210 92 509 14 1
13091 210 93 509 14 1
13092 210 94 509 14 1
13093 210 95 509 14 1
13094 210 96 509 14 1
13095 210 97 509 14 1
13096 210 98 509 14 1
13097 210 99 509 14 1
13098 210 100 509 14 1
13099 210 101 509 14 1
13100 210 102 509 14 1
13101 210 103 509 14 1
13102 210 104 509 14 1
13103 210 105 509 14 1
13104 210 106 509 14 1
13105 210 107 509 14 1
13106 210 108 509 14 1
13107 210 109 509 14 1
13108 210 110 509 14 1
13109 210 111 509 14 1
13110 210 112 509 14 1
13111 210 113 509 14 1
13112 210 114 509 14 1
13113 210 115 509 14 1
13114 210 116 509 14 1
13115 210 117 509 14 1
13116 210 118 509 14 1
13117 210 119 509 14 1
13118 210 120 509 14 1
13119 210 121 509 14 1
13120 210 122 509 14 1
13121 210 123 509 14 1
13122 210 124 509 14 1
13123 210 125 509 14 1
13124 210 126 509 14 1
13125 211 64 509 14 1
13126 211 65 509 14 1
13127 211 66 509 14 1
13128 211 67 509 14 1
13129 211 68 509 14 1
13130 211 69 509 14 1
13131 211 70 509 14 1
13132 211 71 509 14 1
13133 211 72 509 14 1
13134 211 73 509 14 1
13135 211 74 509 14 1
13136 211 75 509 14 1
13137 211 76 509 14 1
13138 211 77 509 14 1
13139 211 78 509 14 1
13140 211 79 509 14 1
13141 211 80 509 14 1
13142 211 81 509 14 1
13143 211 82 509 14 1
13144 211 83 509 14 1
13145 211 84 509 14 1
13146 211 85 509 14 1
13147 211 86 509 14 1
13148 211 87 509 14 1
13149 211 88 509 14 1
13150 211 89 509 14 1
13151 211 90 509 14 1
13152 211 91 509 14 1
13153 211 92 509 14 1
13154 211 93 509 14 1
13155 211 94 509 14 1
13156 211 95 509 14 1
13157 211 96 509 14 1
13158 211 97 509 14 1
13159 211 98 509 14 1
13160 211 99 509 14 1
13161 211 100 509 14 1
13162 211 101 509 14 1
13163 211 102 509 14 1
13164 211 103 509 14 1
13165 211 104 509 14 1
13166 211 105 509 14 1
13167 211 106 509 14 1
13168 211 107 509 14 1
13169 211 108 509 14 1
13170 211 109 509 14 1
13171 211 110 509 14 1
13172 211 111 509 14 1
13173 211 112 509 14 1
13174 211 113 509 14 1
13175 211 114 509 14 1
13176 211 115 509 14 1
13177 211 116 509 14 1
13178 211 117 509 14 1
13179 211 118 509 14 1
13180 211 119 509 14 1
13181 211 120 509 14 1
13182 211 121 509 14 1
13183 211 122 509 14 1
13184 211 123 509 14 1
13185 211 124 509 14 1
13186 211 125 509 14 1
13187 211 126 509 14 1
13188 212 64 509 14 1
13189 212 65 509 14 1
13190 212 66 509 14 1
13191 212 67 509 14 1
13192 212 68 509 14 1
13193 212 69 509 14 1
13194 212 70 509 14 1
13195 212 71 509 14 1
13196 212 72 509 14 1
13197 212 73 509 14 1
13198 212 74 509 14 1
13199 212 75 509 14 1
13200 212 76 509 14 1
13201 212 77 509 14 1
13202 212 78 509 14 1
13203 212 79 509 14 1
13204 212 80 509 14 1
13205 212 81 509 14 1
13206 212 82 509 14 1
13207 212 83 509 14 1
13208 212 84 509 14 1
13209 212 85 509 14 1
13210 212 86 509 14 1
13211 212 87 509 14 1
13212 212 88 509 14 1
13213 212 89 509 14 1
13214 212 90 509 14 1
13215 212 91 509 14 1
13216 212 92 509 14 1
13217 212 93 509 14 1
13218 212 94 509 14 1
13219 212 95 509 14 1
13220 212 96 509 14 1
13221 212 97 509 14 1
13222 212 98 509 14 1
13223 212 99 509 14 1
13224 212 100 509 14 1
13225 212 101 509 14 1
13226 212 102 509 14 1
13227 212 103 509 14 1
13228 212 104 509 14 1
13229 212 105 509 14 1
13230 212 106 509 14 1
13231 212 107 509 14 1
13232 212 108 509 14 1
13233 212 109 509 14 1
13234 212 110 509 14 1
13235 212 111 509 14 1
13236 212 112 509 14 1
13237 212 113 509 14 1
13238 212 114 509 14 1
13239 212 115 509 14 1
13240 212 116 509 14 1
13241 212 117 509 14 1
13242 212 118 509 14 1
13243 212 119 509 14 1
13244 212 120 509 14 1
13245 212 121 509 14 1
13246 212 122 509 14 1
13247 212 123 509 14 1
13248 212 124 509 14 1
13249 212 125 509 14 1
13250 212 126 509 14 1
13251 213 64 509 14 1
13252 213 65 509 14 1
13253 213 66 509 14 1
13254 213 67 509 14 1
13255 213 68 509 14 1
13256 213 69 509 14 1
13257 213 70 509 14 1
13258 213 71 509 14 1
13259 213 72 509 14 1
13260 213 73 509 14 1
13261 213 74 509 14 1
13262 213 75 509 14 1
13263 213 76 509 14 1
13264 213 77 509 14 1
13265 213 78 509 14 1
13266 213 79 509 14 1
13267 213 80 509 14 1
13268 213 81 509 14 1
13269 213 82 509 14 1
13270 213 83 509 14 1
13271 213 84 509 14 1
13272 213 85 509 14 1
13273 213 86 509 14 1
13274 213 87 509 14 1
13275 213 88 509 14 1
13276 213 89 509 14 1
13277 213 90 509 14 1
13278 213 91 509 14 1
13279 213 92 509 14 1
13280 213 93 509 14 1
13281 213 94 509 14 1
13282 213 95 509 14 1
13283 213 96 509 14 1
13284 213 97 509 14 1
13285 213 98 509 14 1
13286 213 99 509 14 1
13287 213 100 509 14 1
13288 213 101 509 14 1
13289 213 102 509 14 1
13290 213 103 509 14 1
13291 213 104 509 14 1
13292 213 105 509 14 1
13293 213 106 509 14 1
13294 213 107 509 14 1
13295 213 108 509 14 1
13296 213 109 509 14 1
13297 213 110 509 14 1
13298 213 111 509 14 1
13299 213 112 509 14 1
13300 213 113 509 14 1
13301 213 114 509 14 1
13302 213 115 509 14 1
13303 213 116 509 14 1
13304 213 117 509 14 1
13305 213 118 509 14 1
13306 213 119 509 14 1
13307 213 120 509 14 1
13308 213 121 509 14 1
13309 213 122 509 14 1
13310 213 123 509 14 1
13311 213 124 509 14 1
13312 213 125 509 14 1
13313 213 126 509 14 1
13314 214 64 509 14 1
13315 214 65 509 14 1
13316 214 66 509 14 1
13317 214 67 509 14 1
13318 214 68 509 14 1
13319 214 69 509 14 1
13320 214 70 509 14 1
13321 214 71 509 14 1
13322 214 72 509 14 1
13323 214 73 509 14 1
13324 214 74 509 14 1
13325 214 75 509 14 1
13326 214 76 509 14 1
13327 214 77 509 14 1
13328 214 78 509 14 1
13329 214 79 509 14 1
13330 214 80 509 14 1
13331 214 81 509 14 1
13332 214 82 509 14 1
13333 214 83 509 14 1
13334 214 84 509 14 1
13335 214 85 509 14 1
13336 214 86 509 14 1
13337 214 87 509 14 1
13338 214 88 509 14 1
13339 214 89 509 14 1
13340 214 90 509 14 1
13341 214 91 509 14 1
13342 214 92 509 14 1
13343 214 93 509 14 1
13344 214 94 509 14 1
13345 214 95 509 14 1
13346 214 96 509 14 1
13347 214 97 509 14 1
13348 214 98 509 14 1
13349 214 99 509 14 1
13350 214 100 509 14 1
13351 214 101 509 14 1
13352 214 102 509 14 1
13353 214 103 509 14 1
13354 214 104 509 14 1
13355 214 105 509 14 1
13356 214 106 509 14 1
13357 214 107 509 14 1
13358 214 108 509 14 1
13359 214 109 509 14 1
13360 214 110 509 14 1
13361 214 111 509 14 1
13362 214 112 509 14 1
13363 214 113 509 14 1
13364 214 114 509 14 1
13365 214 115 509 14 1
13366 214 116 509 14 1
13367 214 117 509 14 1
13368 214 118 509 14 1
13369 214 119 509 14 1
13370 214 120 509 14 1
13371 214 121 509 14 1
13372 214 122 509 14 1
13373 214 123 509 14 1
13374 214 124 509 14 1
13375 214 125 509 14 1
13376 214 126 509 14 1
13377 215 64 509 14 1
13378 215 65 509 14 1
13379 215 66 509 14 1
13380 215 67 509 14 1
13381 215 68 509 14 1
13382 215 69 509 14 1
13383 215 70 509 14 1
13384 215 71 509 14 1
13385 215 72 509 14 1
13386 215 73 509 14 1
13387 215 74 509 14 1
13388 215 75 509 14 1
13389 215 76 509 14 1
13390 215 77 509 14 1
13391 215 78 509 14 1
13392 215 79 509 14 1
13393 215 80 509 14 1
13394 215 81 509 14 1
13395 215 82 509 14 1
13396 215 83 509 14 1
13397 215 84 509 14 1
13398 215 85 509 14 1
13399 215 86 509 14 1
13400 215 87 509 14 1
13401 215 88 509 14 1
13402 215 89 509 14 1
13403 215 90 509 14 1
13404 215 91 509 14 1
13405 215 92 509 14 1
13406 215 93 509 14 1
13407 215 94 509 14 1
13408 215 95 509 14 1
13409 215 96 509 14 1
13410 215 97 509 14 1
13411 215 98 509 14 1
13412 215 99 509 14 1
13413 215 100 509 14 1
13414 215 101 509 14 1
13415 215 102 509 14 1
13416 215 103 509 14 1
13417 215 104 509 14 1
13418 215 105 509 14 1
13419 215 106 509 14 1
13420 215 107 509 14 1
13421 215 108 509 14 1
13422 215 109 509 14 1
13423 215 110 509 14 1
13424 215 111 509 14 1
13425 215 112 509 14 1
13426 215 113 509 14 1
13427 215 114 509 14 1
13428 215 115 509 14 1
13429 215 116 509 14 1
13430 215 117 509 14 1
13431 215 118 509 14 1
13432 215 119 509 14 1
13433 215 120 509 14 1
13434 215 121 509 14 1
13435 215 122 509 14 1
13436 215 123 509 14 1
13437 215 124 509 14 1
13438 215 125 509 14 1
13439 215 126 509 14 1
13440 216 64 509 14 1
13441 216 65 509 14 1
13442 216 66 509 14 1
13443 216 67 509 14 1
13444 216 68 509 14 1
13445 216 69 509 14 1
13446 216 70 509 14 1
13447 216 71 509 14 1
13448 216 72 509 14 1
13449 216 73 509 14 1
13450 216 74 509 14 1
13451 216 75 509 14 1
13452 216 76 509 14 1
13453 216 77 509 14 1
13454 216 78 509 14 1
13455 216 79 509 14 1
13456 216 80 509 14 1
13457 216 81 509 14 1
13458 216 82 509 14 1
13459 216 83 509 14 1
13460 216 84 509 14 1
13461 216 85 509 14 1
13462 216 86 509 14 1
13463 216 87 509 14 1
13464 216 88 509 14 1
13465 216 89 509 14 1
13466 216 90 509 14 1
13467 216 91 509 14 1
13468 216 92 509 14 1
13469 216 93 509 14 1
13470 216 94 509 14 1
13471 216 95 509 14 1
13472 216 96 509 14 1
13473 216 97 509 14 1
13474 216 98 509 14 1
13475 216 99 509 14 1
13476 216 100 509 14 1
13477 216 101 509 14 1
13478 216 102 509 14 1
13479 216 103 509 14 1
13480 216 104 509 14 1
13481 216 105 509 14 1
13482 216 106 509 14 1
13483 216 107 509 14 1
13484 216 108 509 14 1
13485 216 109 509 14 1
13486 216 110 509 14 1
13487 216 111 509 14 1
13488 216 112 509 14 1
13489 216 113 509 14 1
13490 216 114 509 14 1
13491 216 115 509 14 1
13492 216 116 509 14 1
13493 216 117 509 14 1
13494 216 118 509 14 1
13495 216 119 509 14 1
13496 216 120 509 14 1
13497 216 121 509 14 1
13498 216 122 509 14 1
13499 216 123 509 14 1
13500 216 124 509 14 1
13501 216 125 509 14 1
13502 216 126 509 14 1
13503 217 64 509 14 1
13504 217 65 509 14 1
13505 217 66 509 14 1
13506 217 67 509 14 1
13507 217 68 509 14 1
13508 217 69 509 14 1
13509 217 70 509 14 1
13510 217 71 509 14 1
13511 217 72 509 14 1
13512 217 73 509 14 1
13513 217 74 509 14 1
13514 217 75 509 14 1
13515 217 76 509 14 1
13516 217 77 509 14 1
13517 217 78 509 14 1
13518 217 79 509 14 1
13519 217 80 509 14 1
13520 217 81 509 14 1
13521 217 82 509 14 1
13522 217 83 509 14 1
13523 217 84 509 14 1
13524 217 85 509 14 1
13525 217 86 509 14 1
13526 217 87 509 14 1
13527 217 88 509 14 1
13528 217 89 509 14 1
13529 217 90 509 14 1
13530 217 91 509 14 1
13531 217 92 509 14 1
13532 217 93 509 14 1
13533 217 94 509 14 1
13534 217 95 509 14 1
13535 217 96 509 14 1
13536 217 97 509 14 1
13537 217 98 509 14 1
13538 217 99 509 14 1
13539 217 100 509 14 1
13540 217 101 509 14 1
13541 217 102 509 14 1
13542 217 103 509 14 1
13543 217 104 509 14 1
13544 217 105 509 14 1
13545 217 106 509 14 1
13546 217 107 509 14 1
13547 217 108 509 14 1
13548 217 109 509 14 1
13549 217 110 509 14 1
13550 217 111 509 14 1
13551 217 112 509 14 1
13552 217 113 509 14 1
13553 217 114 509 14 1
13554 217 115 509 14 1
13555 217 116 509 14 1
13556 217 117 509 14 1
13557 217 118 509 14 1
13558 217 119 509 14 1
13559 217 120 509 14 1
13560 217 121 509 14 1
13561 217 122 509 14 1
13562 217 123 509 14 1
13563 217 124 509 14 1
13564 217 125 509 14 1
13565 217 126 509 14 1
13566 218 64 509 14 1
13567 218 65 509 14 1
13568 218 66 509 14 1
13569 218 67 509 14 1
13570 218 68 509 14 1
13571 218 69 509 14 1
13572 218 70 509 14 1
13573 218 71 509 14 1
13574 218 72 509 14 1
13575 218 73 509 14 1
13576 218 74 509 14 1
13577 218 75 509 14 1
13578 218 76 509 14 1
13579 218 77 509 14 1
13580 218 78 509 14 1
13581 218 79 509 14 1
13582 218 80 509 14 1
13583 218 81 509 14 1
13584 218 82 509 14 1
13585 218 83 509 14 1
13586 218 84 509 14 1
13587 218 85 509 14 1
13588 218 86 509 14 1
13589 218 87 509 14 1
13590 218 88 509 14 1
13591 218 89 509 14 1
13592 218 90 509 14 1
13593 218 91 509 14 1
13594 218 92 509 14 1
13595 218 93 509 14 1
13596 218 94 509 14 1
13597 218 95 509 14 1
13598 218 96 509 14 1
13599 218 97 509 14 1
13600 218 98 509 14 1
13601 218 99 509 14 1
13602 218 100 509 14 1
13603 218 101 509 14 1
13604 218 102 509 14 1
13605 218 103 509 14 1
13606 218 104 509 14 1
13607 218 105 509 14 1
13608 218 106 509 14 1
13609 218 107 509 14 1
13610 218 108 509 14 1
13611 218 109 509 14 1
13612 218 110 509 14 1
13613 218 111 509 14 1
13614 218 112 509 14 1
13615 218 113 509 14 1
13616 218 114 509 14 1
13617 218 115 509 14 1
13618 218 116 509 14 1
13619 218 117 509 14 1
13620 218 118 509 14 1
13621 218 119 509 14 1
13622 218 120 509 14 1
13623 218 121 509 14 1
13624 218 122 509 14 1
13625 218 123 509 14 1
13626 218 124 509 14 1
13627 218 125 509 14 1
13628 218 126 509 14 1
13629 219 64 509 14 1
13630 219 65 509 14 1
13631 219 66 509 14 1
13632 219 67 509 14 1
13633 219 68 509 14 1
13634 219 69 509 14 1
13635 219 70 509 14 1
13636 219 71 509 14 1
13637 219 72 509 14 1
13638 219 73 509 14 1
13639 219 74 509 14 1
13640 219 75 509 14 1
13641 219 76 509 14 1
13642 219 77 509 14 1
13643 219 78 509 14 1
13644 219 79 509 14 1
13645 219 80 509 14 1
13646 219 81 509 14 1
13647 219 82 509 14 1
13648 219 83 509 14 1
13649 219 84 509 14 1
13650 219 85 509 14 1
13651 219 86 509 14 1
13652 219 87 509 14 1
13653 219 88 509 14 1
13654 219 89 509 14 1
13655 219 90 509 14 1
13656 219 91 509 14 1
13657 219 92 509 14 1
13658 219 93 509 14 1
13659 219 94 509 14 1
13660 219 95 509 14 1
13661 219 96 509 14 1
13662 219 97 509 14 1
13663 219 98 509 14 1
13664 219 99 509 14 1
13665 219 100 509 14 1
13666 219 101 509 14 1
13667 219 102 509 14 1
13668 219 103 509 14 1
13669 219 104 509 14 1
13670 219 105 509 14 1
13671 219 106 509 14 1
13672 219 107 509 14 1
13673 219 108 509 14 1
13674 219 109 509 14 1
13675 219 110 509 14 1
13676 219 111 509 14 1
13677 219 112 509 14 1
13678 219 113 509 14 1
13679 219 114 509 14 1
13680 219 115 509 14 1
13681 219 116 509 14 1
13682 219 117 509 14 1
13683 219 118 509 14 1
13684 219 119 509 14 1
13685 219 120 509 14 1
13686 219 121 509 14 1
13687 219 122 509 14 1
13688 219 123 509 14 1
13689 219 124 509 14 1
13690 219 125 509 14 1
13691 219 126 509 14 1
13692 220 64 509 14 1
13693 220 65 509 14 1
13694 220 66 509 14 1
13695 220 67 509 14 1
13696 220 68 509 14 1
13697 220 69 509 14 1
13698 220 70 509 14 1
13699 220 71 509 14 1
13700 220 72 509 14 1
13701 220 73 509 14 1
13702 220 74 509 14 1
13703 220 75 509 14 1
13704 220 76 509 14 1
13705 220 77 509 14 1
13706 220 78 509 14 1
13707 220 79 509 14 1
13708 220 80 509 14 1
13709 220 81 509 14 1
13710 220 82 509 14 1
13711 220 83 509 14 1
13712 220 84 509 14 1
13713 220 85 509 14 1
13714 220 86 509 14 1
13715 220 87 509 14 1
13716 220 88 509 14 1
13717 220 89 509 14 1
13718 220 90 509 14 1
13719 220 91 509 14 1
13720 220 92 509 14 1
13721 220 93 509 14 1
13722 220 94 509 14 1
13723 220 95 509 14 1
13724 220 96 509 14 1
13725 220 97 509 14 1
13726 220 98 509 14 1
13727 220 99 509 14 1
13728 220 100 509 14 1
13729 220 101 509 14 1
13730 220 102 509 14 1
13731 220 103 509 14 1
13732 220 104 509 14 1
13733 220 105 509 14 1
13734 220 106 509 14 1
13735 220 107 509 14 1
13736 220 108 509 14 1
13737 220 109 509 14 1
13738 220 110 509 14 1
13739 220 111 509 14 1
13740 220 112 509 14 1
13741 220 113 509 14 1
13742 220 114 509 14 1
13743 220 115 509 14 1
13744 220 116 509 14 1
13745 220 117 509 14 1
13746 220 118 509 14 1
13747 220 119 509 14 1
13748 220 120 509 14 1
13749 220 121 509 14 1
13750 220 122 509 14 1
13751 220 123 509 14 1
13752 220 124 509 14 1
13753 220 125 509 14 1
13754 220 126 509 14 1
13755 221 64 509 14 1
13756 221 65 509 14 1
13757 221 66 509 14 1
13758 221 67 509 14 1
13759 221 68 509 14 1
13760 221 69 509 14 1
13761 221 70 509 14 1
13762 221 71 509 14 1
13763 221 72 509 14 1
13764 221 73 509 14 1
13765 221 74 509 14 1
13766 221 75 509 14 1
13767 221 76 509 14 1
13768 221 77 509 14 1
13769 221 78 509 14 1
13770 221 79 509 14 1
13771 221 80 509 14 1
13772 221 81 509 14 1
13773 221 82 509 14 1
13774 221 83 509 14 1
13775 221 84 509 14 1
13776 221 85 509 14 1
13777 221 86 509 14 1
13778 221 87 509 14 1
13779 221 88 509 14 1
13780 221 89 509 14 1
13781 221 90 509 14 1
13782 221 91 509 14 1
13783 221 92 509 14 1
13784 221 93 509 14 1
13785 221 94 509 14 1
13786 221 95 509 14 1
13787 221 96 509 14 1
13788 221 97 509 14 1
13789 221 98 509 14 1
13790 221 99 509 14 1
13791 221 100 509 14 1
13792 221 101 509 14 1
13793 221 102 509 14 1
13794 221 103 509 14 1
13795 221 104 509 14 1
13796 221 105 509 14 1
13797 221 106 509 14 1
13798 221 107 509 14 1
13799 221 108 509 14 1
13800 221 109 509 14 1
13801 221 110 509 14 1
13802 221 111 509 14 1
13803 221 112 509 14 1
13804 221 113 509 14 1
13805 221 114 509 14 1
13806 221 115 509 14 1
13807 221 116 509 14 1
13808 221 117 509 14 1
13809 221 118 509 14 1
13810 221 119 509 14 1
13811 221 120 509 14 1
13812 221 121 509 14 1
13813 221 122 509 14 1
13814 221 123 509 14 1
13815 221 124 509 14 1
13816 221 125 509 14 1
13817 221 126 509 14 1
13818 222 64 509 14 1
13819 222 65 509 14 1
13820 222 66 509 14 1
13821 222 67 509 14 1
13822 222 68 509 14 1
13823 222 69 509 14 1
13824 222 70 509 14 1
13825 222 71 509 14 1
13826 222 72 509 14 1
13827 222 73 509 14 1
13828 222 74 509 14 1
13829 222 75 509 14 1
13830 222 76 509 14 1
13831 222 77 509 14 1
13832 222 78 509 14 1
13833 222 79 509 14 1
13834 222 80 509 14 1
13835 222 81 509 14 1
13836 222 82 509 14 1
13837 222 83 509 14 1
13838 222 84 509 14 1
13839 222 85 509 14 1
13840 222 86 509 14 1
13841 222 87 509 14 1
13842 222 88 509 14 1
13843 222 89 509 14 1
13844 222 90 509 14 1
13845 222 91 509 14 1
13846 222 92 509 14 1
13847 222 93 509 14 1
13848 222 94 509 14 1
13849 222 95 509 14 1
13850 222 96 509 14 1
13851 222 97 509 14 1
13852 222 98 509 14 1
13853 222 99 509 14 1
13854 222 100 509 14 1
13855 222 101 509 14 1
13856 222 102 509 14 1
13857 222 103 509 14 1
13858 222 104 509 14 1
13859 222 105 509 14 1
13860 222 106 509 14 1
13861 222 107 509 14 1
13862 222 108 509 14 1
13863 222 109 509 14 1
13864 222 110 509 14 1
13865 222 111 509 14 1
13866 222 112 509 14 1
13867 222 113 509 14 1
13868 222 114 509 14 1
13869 222 115 509 14 1
13870 222 116 509 14 1
13871 222 117 509 14 1
13872 222 118 509 14 1
13873 222 119 509 14 1
13874 222 120 509 14 1
13875 222 121 509 14 1
13876 222 122 509 14 1
13877 222 123 509 14 1
13878 222 124 509 14 1
13879 222 125 509 14 1
13880 222 126 509 14 1
13881 223 64 509 14 1
13882 223 65 509 14 1
13883 223 66 509 14 1
13884 223 67 509 14 1
13885 223 68 509 14 1
13886 223 69 509 14 1
13887 223 70 509 14 1
13888 223 71 509 14 1
13889 223 72 509 14 1
13890 223 73 509 14 1
13891 223 74 509 14 1
13892 223 75 509 14 1
13893 223 76 509 14 1
13894 223 77 509 14 1
13895 223 78 509 14 1
13896 223 79 509 14 1
13897 223 80 509 14 1
13898 223 81 509 14 1
13899 223 82 509 14 1
13900 223 83 509 14 1
13901 223 84 509 14 1
13902 223 85 509 14 1
13903 223 86 509 14 1
13904 223 87 509 14 1
13905 223 88 509 14 1
13906 223 89 509 14 1
13907 223 90 509 14 1
13908 223 91 509 14 1
13909 223 92 509 14 1
13910 223 93 509 14 1
13911 223 94 509 14 1
13912 223 95 509 14 1
13913 223 96 509 14 1
13914 223 97 509 14 1
13915 223 98 509 14 1
13916 223 99 509 14 1
13917 223 100 509 14 1
13918 223 101 509 14 1
13919 223 102 509 14 1
13920 223 103 509 14 1
13921 223 104 509 14 1
13922 223 105 509 14 1
13923 223 106 509 14 1
13924 223 107 509 14 1
13925 223 108 509 14 1
13926 223 109 509 14 1
13927 223 110 509 14 1
13928 223 111 509 14 1
13929 223 112 509 14 1
13930 223 113 509 14 1
13931 223 114 509 14 1
13932 223 115 509 14 1
13933 223 116 509 14 1
13934 223 117 509 14 1
13935 223 118 509 14 1
13936 223 119 509 14 1
13937 223 120 509 14 1
13938 223 121 509 14 1
13939 223 122 509 14 1
13940 223 123 509 14 1
13941 223 124 509 14 1
13942 223 125 509 14 1
13943 223 126 509 14 1
13944 224 64 509 14 1
13945 224 65 509 14 1
13946 224 66 509 14 1
13947 224 67 509 14 1
13948 224 68 509 14 1
13949 224 69 509 14 1
13950 224 70 509 14 1
13951 224 71 509 14 1
13952 224 72 509 14 1
13953 224 73 509 14 1
13954 224 74 509 14 1
13955 224 75 509 14 1
13956 224 76 509 14 1
13957 224 77 509 14 1
13958 224 78 509 14 1
13959 224 79 509 14 1
13960 224 80 509 14 1
13961 224 81 509 14 1
13962 224 82 509 14 1
13963 224 83 509 14 1
13964 224 84 509 14 1
13965 224 85 509 14 1
13966 224 86 509 14 1
13967 224 87 509 14 1
13968 224 88 509 14 1
13969 224 89 509 14 1
13970 224 90 509 14 1
13971 224 91 509 14 1
13972 224 92 509 14 1
13973 224 93 509 14 1
13974 224 94 509 14 1
13975 224 95 509 14 1
13976 224 96 509 14 1
13977 224 97 509 14 1
13978 224 98 509 14 1
13979 224 99 509 14 1
13980 224 100 509 14 1
13981 224 101 509 14 1
13982 224 102 509 14 1
13983 224 103 509 14 1
13984 224 104 509 14 1
13985 224 105 509 14 1
13986 224 106 509 14 1
13987 224 107 509 14 1
13988 224 108 509 14 1
13989 224 109 509 14 1
13990 224 110 509 14 1
13991 224 111 509 14 1
13992 224 112 509 14 1
13993 224 113 509 14 1
13994 224 114 509 14 1
13995 224 115 509 14 1
13996 224 116 509 14 1
13997 224 117 509 14 1
13998 224 118 509 14 1
13999 224 119 509 14 1
14000 224 120 509 14 1
14001 224 121 509 14 1
14002 224 122 509 14 1
14003 224 123 509 14 1
14004 224 124 509 14 1
14005 224 125 509 14 1
14006 224 126 509 14 1
14007 225 64 509 14 1
14008 225 65 509 14 1
14009 225 66 509 14 1
14010 225 67 509 14 1
14011 225 68 509 14 1
14012 225 69 509 14 1
14013 225 70 509 14 1
14014 225 71 509 14 1
14015 225 72 509 14 1
14016 225 73 509 14 1
14017 225 74 509 14 1
14018 225 75 509 14 1
14019 225 76 509 14 1
14020 225 77 509 14 1
14021 225 78 509 14 1
14022 225 79 509 14 1
14023 225 80 509 14 1
14024 225 81 509 14 1
14025 225 82 509 14 1
14026 225 83 509 14 1
14027 225 84 509 14 1
14028 225 85 509 14 1
14029 225 86 509 14 1
14030 225 87 509 14 1
14031 225 88 509 14 1
14032 225 89 509 14 1
14033 225 90 509 14 1
14034 225 91 509 14 1
14035 225 92 509 14 1
14036 225 93 509 14 1
14037 225 94 509 14 1
14038 225 95 509 14 1
14039 225 96 509 14 1
14040 225 97 509 14 1
14041 225 98 509 14 1
14042 225 99 509 14 1
14043 225 100 509 14 1
14044 225 101 509 14 1
14045 225 102 509 14 1
14046 225 103 509 14 1
14047 225 104 509 14 1
14048 225 105 509 14 1
14049 225 106 509 14 1
14050 225 107 509 14 1
14051 225 108 509 14 1
14052 225 109 509 14 1
14053 225 110 509 14 1
14054 225 111 509 14 1
14055 225 112 509 14 1
14056 225 113 509 14 1
14057 225 114 509 14 1
14058 225 115 509 14 1
14059 225 116 509 14 1
14060 225 117 509 14 1
14061 225 118 509 14 1
14062 225 119 509 14 1
14063 225 120 509 14 1
14064 225 121 509 14 1
14065 225 122 509 14 1
14066 225 123 509 14 1
14067 225 124 509 14 1
14068 225 125 509 14 1
14069 225 126 509 14 1
14070 226 64 509 14 1
14071 226 65 509 14 1
14072 226 66 509 14 1
14073 226 67 509 14 1
14074 226 68 509 14 1
14075 226 69 509 14 1
14076 226 70 509 14 1
14077 226 71 509 14 1
14078 226 72 509 14 1
14079 226 73 509 14 1
14080 226 74 509 14 1
14081 226 75 509 14 1
14082 226 76 509 14 1
14083 226 77 509 14 1
14084 226 78 509 14 1
14085 226 79 509 14 1
14086 226 80 509 14 1
14087 226 81 509 14 1
14088 226 82 509 14 1
14089 226 83 509 14 1
14090 226 84 509 14 1
14091 226 85 509 14 1
14092 226 86 509 14 1
14093 226 87 509 14 1
14094 226 88 509 14 1
14095 226 89 509 14 1
14096 226 90 509 14 1
14097 226 91 509 14 1
14098 226 92 509 14 1
14099 226 93 509 14 1
14100 226 94 509 14 1
14101 226 95 509 14 1
14102 226 96 509 14 1
14103 226 97 509 14 1
14104 226 98 509 14 1
14105 226 99 509 14 1
14106 226 100 509 14 1
14107 226 101 509 14 1
14108 226 102 509 14 1
14109 226 103 509 14 1
14110 226 104 509 14 1
14111 226 105 509 14 1
14112 226 106 509 14 1
14113 226 107 509 14 1
14114 226 108 509 14 1
14115 226 109 509 14 1
14116 226 110 509 14 1
14117 226 111 509 14 1
14118 226 112 509 14 1
14119 226 113 509 14 1
14120 226 114 509 14 1
14121 226 115 509 14 1
14122 226 116 509 14 1
14123 226 117 509 14 1
14124 226 118 509 14 1
14125 226 119 509 14 1
14126 226 120 509 14 1
14127 226 121 509 14 1
14128 226 122 509 14 1
14129 226 123 509 14 1
14130 226 124 509 14 1
14131 226 125 509 14 1
14132 226 126 509 14 1
14133 227 64 509 14 1
14134 227 65 509 14 1
14135 227 66 509 14 1
14136 227 67 509 14 1
14137 227 68 509 14 1
14138 227 69 509 14 1
14139 227 70 509 14 1
14140 227 71 509 14 1
14141 227 72 509 14 1
14142 227 73 509 14 1
14143 227 74 509 14 1
14144 227 75 509 14 1
14145 227 76 509 14 1
14146 227 77 509 14 1
14147 227 78 509 14 1
14148 227 79 509 14 1
14149 227 80 509 14 1
14150 227 81 509 14 1
14151 227 82 509 14 1
14152 227 83 509 14 1
14153 227 84 509 14 1
14154 227 85 509 14 1
14155 227 86 509 14 1
14156 227 87 509 14 1
14157 227 88 509 14 1
14158 227 89 509 14 1
14159 227 90 509 14 1
14160 227 91 509 14 1
14161 227 92 509 14 1
14162 227 93 509 14 1
14163 227 94 509 14 1
14164 227 95 509 14 1
14165 227 96 509 14 1
14166 227 97 509 14 1
14167 227 98 509 14 1
14168 227 99 509 14 1
14169 227 100 509 14 1
14170 227 101 509 14 1
14171 227 102 509 14 1
14172 227 103 509 14 1
14173 227 104 509 14 1
14174 227 105 509 14 1
14175 227 106 509 14 1
14176 227 107 509 14 1
14177 227 108 509 14 1
14178 227 109 509 14 1
14179 227 110 509 14 1
14180 227 111 509 14 1
14181 227 112 509 14 1
14182 227 113 509 14 1
14183 227 114 509 14 1
14184 227 115 509 14 1
14185 227 116 509 14 1
14186 227 117 509 14 1
14187 227 118 509 14 1
14188 227 119 509 14 1
14189 227 120 509 14 1
14190 227 121 509 14 1
14191 227 122 509 14 1
14192 227 123 509 14 1
14193 227 124 509 14 1
14194 227 125 509 14 1
14195 227 126 509 14 1
14196 228 64 509 14 1
14197 228 65 509 14 1
14198 228 66 509 14 1
14199 228 67 509 14 1
14200 228 68 509 14 1
14201 228 69 509 14 1
14202 228 70 509 14 1
14203 228 71 509 14 1
14204 228 72 509 14 1
14205 228 73 509 14 1
14206 228 74 509 14 1
14207 228 75 509 14 1
14208 228 76 509 14 1
14209 228 77 509 14 1
14210 228 78 509 14 1
14211 228 79 509 14 1
14212 228 80 509 14 1
14213 228 81 509 14 1
14214 228 82 509 14 1
14215 228 83 509 14 1
14216 228 84 509 14 1
14217 228 85 509 14 1
14218 228 86 509 14 1
14219 228 87 509 14 1
14220 228 88 509 14 1
14221 228 89 509 14 1
14222 228 90 509 14 1
14223 228 91 509 14 1
14224 228 92 509 14 1
14225 228 93 509 14 1
14226 228 94 509 14 1
14227 228 95 509 14 1
14228 228 96 509 14 1
14229 228 97 509 14 1
14230 228 98 509 14 1
14231 228 99 509 14 1
14232 228 100 509 14 1
14233 228 101 509 14 1
14234 228 102 509 14 1
14235 228 103 509 14 1
14236 228 104 509 14 1
14237 228 105 509 14 1
14238 228 106 509 14 1
14239 228 107 509 14 1
14240 228 108 509 14 1
14241 228 109 509 14 1
14242 228 110 509 14 1
14243 228 111 509 14 1
14244 228 112 509 14 1
14245 228 113 509 14 1
14246 228 114 509 14 1
14247 228 115 509 14 1
14248 228 116 509 14 1
14249 228 117 509 14 1
14250 228 118 509 14 1
14251 228 119 509 14 1
14252 228 120 509 14 1
14253 228 121 509 14 1
14254 228 122 509 14 1
14255 228 123 509 14 1
14256 228 124 509 14 1
14257 228 125 509 14 1
14258 228 126 509 14 1
14259 229 64 509 14 1
14260 229 65 509 14 1
14261 229 66 509 14 1
14262 229 67 509 14 1
14263 229 68 509 14 1
14264 229 69 509 14 1
14265 229 70 509 14 1
14266 229 71 509 14 1
14267 229 72 509 14 1
14268 229 73 509 14 1
14269 229 74 509 14 1
14270 229 75 509 14 1
14271 229 76 509 14 1
14272 229 77 509 14 1
14273 229 78 509 14 1
14274 229 79 509 14 1
14275 229 80 509 14 1
14276 229 81 509 14 1
14277 229 82 509 14 1
14278 229 83 509 14 1
14279 229 84 509 14 1
14280 229 85 509 14 1
14281 229 86 509 14 1
14282 229 87 509 14 1
14283 229 88 509 14 1
14284 229 89 509 14 1
14285 229 90 509 14 1
14286 229 91 509 14 1
14287 229 92 509 14 1
14288 229 93 509 14 1
14289 229 94 509 14 1
14290 229 95 509 14 1
14291 229 96 509 14 1
14292 229 97 509 14 1
14293 229 98 509 14 1
14294 229 99 509 14 1
14295 229 100 509 14 1
14296 229 101 509 14 1
14297 229 102 509 14 1
14298 229 103 509 14 1
14299 229 104 509 14 1
14300 229 105 509 14 1
14301 229 106 509 14 1
14302 229 107 509 14 1
14303 229 108 509 14 1
14304 229 109 509 14 1
14305 229 110 509 14 1
14306 229 111 509 14 1
14307 229 112 509 14 1
14308 229 113 509 14 1
14309 229 114 509 14 1
14310 229 115 509 14 1
14311 229 116 509 14 1
14312 229 117 509 14 1
14313 229 118 509 14 1
14314 229 119 509 14 1
14315 229 120 509 14 1
14316 229 121 509 14 1
14317 229 122 509 14 1
14318 229 123 509 14 1
14319 229 124 509 14 1
14320 229 125 509 14 1
14321 229 126 509 14 1
14322 230 64 509 14 1
14323 230 65 509 14 1
14324 230 66 509 14 1
14325 230 67 509 14 1
14326 230 68 509 14 1
14327 230 69 509 14 1
14328 230 70 509 14 1
14329 230 71 509 14 1
14330 230 72 509 14 1
14331 230 73 509 14 1
14332 230 74 509 14 1
14333 230 75 509 14 1
14334 230 76 509 14 1
14335 230 77 509 14 1
14336 230 78 509 14 1
14337 230 79 509 14 1
14338 230 80 509 14 1
14339 230 81 509 14 1
14340 230 82 509 14 1
14341 230 83 509 14 1
14342 230 84 509 14 1
14343 230 85 509 14 1
14344 230 86 509 14 1
14345 230 87 509 14 1
14346 230 88 509 14 1
14347 230 89 509 14 1
14348 230 90 509 14 1
14349 230 91 509 14 1
14350 230 92 509 14 1
14351 230 93 509 14 1
14352 230 94 509 14 1
14353 230 95 509 14 1
14354 230 96 509 14 1
14355 230 97 509 14 1
14356 230 98 509 14 1
14357 230 99 509 14 1
14358 230 100 509 14 1
14359 230 101 509 14 1
14360 230 102 509 14 1
14361 230 103 509 14 1
14362 230 104 509 14 1
14363 230 105 509 14 1
14364 230 106 509 14 1
14365 230 107 509 14 1
14366 230 108 509 14 1
14367 230 109 509 14 1
14368 230 110 509 14 1
14369 230 111 509 14 1
14370 230 112 509 14 1
14371 230 113 509 14 1
14372 230 114 509 14 1
14373 230 115 509 14 1
14374 230 116 509 14 1
14375 230 117 509 14 1
14376 230 118 509 14 1
14377 230 119 509 14 1
14378 230 120 509 14 1
14379 230 121 509 14 1
14380 230 122 509 14 1
14381 230 123 509 14 1
14382 230 124 509 14 1
14383 230 125 509 14 1
14384 230 126 509 14 1
14385 231 64 509 14 1
14386 231 65 509 14 1
14387 231 66 509 14 1
14388 231 67 509 14 1
14389 231 68 509 14 1
14390 231 69 509 14 1
14391 231 70 509 14 1
14392 231 71 509 14 1
14393 231 72 509 14 1
14394 231 73 509 14 1
14395 231 74 509 14 1
14396 231 75 509 14 1
14397 231 76 509 14 1
14398 231 77 509 14 1
14399 231 78 509 14 1
14400 231 79 509 14 1
14401 231 80 509 14 1
14402 231 81 509 14 1
14403 231 82 509 14 1
14404 231 83 509 14 1
14405 231 84 509 14 1
14406 231 85 509 14 1
14407 231 86 509 14 1
14408 231 87 509 14 1
14409 231 88 509 14 1
14410 231 89 509 14 1
14411 231 90 509 14 1
14412 231 91 509 14 1
14413 231 92 509 14 1
14414 231 93 509 14 1
14415 231 94 509 14 1
14416 231 95 509 14 1
14417 231 96 509 14 1
14418 231 97 509 14 1
14419 231 98 509 14 1
14420 231 99 509 14 1
14421 231 100 509 14 1
14422 231 101 509 14 1
14423 231 102 509 14 1
14424 231 103 509 14 1
14425 231 104 509 14 1
14426 231 105 509 14 1
14427 231 106 509 14 1
14428 231 107 509 14 1
14429 231 108 509 14 1
14430 231 109 509 14 1
14431 231 110 509 14 1
14432 231 111 509 14 1
14433 231 112 509 14 1
14434 231 113 509 14 1
14435 231 114 509 14 1
14436 231 115 509 14 1
14437 231 116 509 14 1
14438 231 117 509 14 1
14439 231 118 509 14 1
14440 231 119 509 14 1
14441 231 120 509 14 1
14442 231 121 509 14 1
14443 231 122 509 14 1
14444 231 123 509 14 1
14445 231 124 509 14 1
14446 231 125 509 14 1
14447 231 126 509 14 1
14448 232 64 509 14 1
14449 232 65 509 14 1
14450 232 66 509 14 1
14451 232 67 509 14 1
14452 232 68 509 14 1
14453 232 69 509 14 1
14454 232 70 509 14 1
14455 232 71 509 14 1
14456 232 72 509 14 1
14457 232 73 509 14 1
14458 232 74 509 14 1
14459 232 75 509 14 1
14460 232 76 509 14 1
14461 232 77 509 14 1
14462 232 78 509 14 1
14463 232 79 509 14 1
14464 232 80 509 14 1
14465 232 81 509 14 1
14466 232 82 509 14 1
14467 232 83 509 14 1
14468 232 84 509 14 1
14469 232 85 509 14 1
14470 232 86 509 14 1
14471 232 87 509 14 1
14472 232 88 509 14 1
14473 232 89 509 14 1
14474 232 90 509 14 1
14475 232 91 509 14 1
14476 232 92 509 14 1
14477 232 93 509 14 1
14478 232 94 509 14 1
14479 232 95 509 14 1
14480 232 96 509 14 1
14481 232 97 509 14 1
14482 232 98 509 14 1
14483 232 99 509 14 1
14484 232 100 509 14 1
14485 232 101 509 14 1
14486 232 102 509 14 1
14487 232 103 509 14 1
14488 232 104 509 14 1
14489 232 105 509 14 1
14490 232 106 509 14 1
14491 232 107 509 14 1
14492 232 108 509 14 1
14493 232 109 509 14 1
14494 232 110 509 14 1
14495 232 111 509 14 1
14496 232 112 509 14 1
14497 232 113 509 14 1
14498 232 114 509 14 1
14499 232 115 509 14 1
14500 232 116 509 14 1
14501 232 117 509 14 1
14502 232 118 509 14 1
14503 232 119 509 14 1
14504 232 120 509 14 1
14505 232 121 509 14 1
14506 232 122 509 14 1
14507 232 123 509 14 1
14508 232 124 509 14 1
14509 232 125 509 14 1
14510 232 126 509 14 1
14511 233 64 509 14 1
14512 233 65 509 14 1
14513 233 66 509 14 1
14514 233 67 509 14 1
14515 233 68 509 14 1
14516 233 69 509 14 1
14517 233 70 509 14 1
14518 233 71 509 14 1
14519 233 72 509 14 1
14520 233 73 509 14 1
14521 233 74 509 14 1
14522 233 75 509 14 1
14523 233 76 509 14 1
14524 233 77 509 14 1
14525 233 78 509 14 1
14526 233 79 509 14 1
14527 233 80 509 14 1
14528 233 81 509 14 1
14529 233 82 509 14 1
14530 233 83 509 14 1
14531 233 84 509 14 1
14532 233 85 509 14 1
14533 233 86 509 14 1
14534 233 87 509 14 1
14535 233 88 509 14 1
14536 233 89 509 14 1
14537 233 90 509 14 1
14538 233 91 509 14 1
14539 233 92 509 14 1
14540 233 93 509 14 1
14541 233 94 509 14 1
14542 233 95 509 14 1
14543 233 96 509 14 1
14544 233 97 509 14 1
14545 233 98 509 14 1
14546 233 99 509 14 1
14547 233 100 509 14 1
14548 233 101 509 14 1
14549 233 102 509 14 1
14550 233 103 509 14 1
14551 233 104 509 14 1
14552 233 105 509 14 1
14553 233 106 509 14 1
14554 233 107 509 14 1
14555 233 108 509 14 1
14556 233 109 509 14 1
14557 233 110 509 14 1
14558 233 111 509 14 1
14559 233 112 509 14 1
14560 233 113 509 14 1
14561 233 114 509 14 1
14562 233 115 509 14 1
14563 233 116 509 14 1
14564 233 117 509 14 1
14565 233 118 509 14 1
14566 233 119 509 14 1
14567 233 120 509 14 1
14568 233 121 509 14 1
14569 233 122 509 14 1
14570 233 123 509 14 1
14571 233 124 509 14 1
14572 233 125 509 14 1
14573 233 126 509 14 1
14574 234 64 509 14 1
14575 234 65 509 14 1
14576 234 66 509 14 1
14577 234 67 509 14 1
14578 234 68 509 14 1
14579 234 69 509 14 1
14580 234 70 509 14 1
14581 234 71 509 14 1
14582 234 72 509 14 1
14583 234 73 509 14 1
14584 234 74 509 14 1
14585 234 75 509 14 1
14586 234 76 509 14 1
14587 234 77 509 14 1
14588 234 78 509 14 1
14589 234 79 509 14 1
14590 234 80 509 14 1
14591 234 81 509 14 1
14592 234 82 509 14 1
14593 234 83 509 14 1
14594 234 84 509 14 1
14595 234 85 509 14 1
14596 234 86 509 14 1
14597 234 87 509 14 1
14598 234 88 509 14 1
14599 234 89 509 14 1
14600 234 90 509 14 1
14601 234 91 509 14 1
14602 234 92 509 14 1
14603 234 93 509 14 1
14604 234 94 509 14 1
14605 234 95 509 14 1
14606 234 96 509 14 1
14607 234 97 509 14 1
14608 234 98 509 14 1
14609 234 99 509 14 1
14610 234 100 509 14 1
14611 234 101 509 14 1
14612 234 102 509 14 1
14613 234 103 509 14 1
14614 234 104 509 14 1
14615 234 105 509 14 1
14616 234 106 509 14 1
14617 234 107 509 14 1
14618 234 108 509 14 1
14619 234 109 509 14 1
14620 234 110 509 14 1
14621 234 111 509 14 1
14622 234 112 509 14 1
14623 234 113 509 14 1
14624 234 114 509 14 1
14625 234 115 509 14 1
14626 234 116 509 14 1
14627 234 117 509 14 1
14628 234 118 509 14 1
14629 234 119 509 14 1
14630 234 120 509 14 1
14631 234 121 509 14 1
14632 234 122 509 14 1
14633 234 123 509 14 1
14634 234 124 509 14 1
14635 234 125 509 14 1
14636 234 126 509 14 1
14637 235 64 509 14 1
14638 235 65 509 14 1
14639 235 66 509 14 1
14640 235 67 509 14 1
14641 235 68 509 14 1
14642 235 69 509 14 1
14643 235 70 509 14 1
14644 235 71 509 14 1
14645 235 72 509 14 1
14646 235 73 509 14 1
14647 235 74 509 14 1
14648 235 75 509 14 1
14649 235 76 509 14 1
14650 235 77 509 14 1
14651 235 78 509 14 1
14652 235 79 509 14 1
14653 235 80 509 14 1
14654 235 81 509 14 1
14655 235 82 509 14 1
14656 235 83 509 14 1
14657 235 84 509 14 1
14658 235 85 509 14 1
14659 235 86 509 14 1
14660 235 87 509 14 1
14661 235 88 509 14 1
14662 235 89 509 14 1
14663 235 90 509 14 1
14664 235 91 509 14 1
14665 235 92 509 14 1
14666 235 93 509 14 1
14667 235 94 509 14 1
14668 235 95 509 14 1
14669 235 96 509 14 1
14670 235 97 509 14 1
14671 235 98 509 14 1
14672 235 99 509 14 1
14673 235 100 509 14 1
14674 235 101 509 14 1
14675 235 102 509 14 1
14676 235 103 509 14 1
14677 235 104 509 14 1
14678 235 105 509 14 1
14679 235 106 509 14 1
14680 235 107 509 14 1
14681 235 108 509 14 1
14682 235 109 509 14 1
14683 235 110 509 14 1
14684 235 111 509 14 1
14685 235 112 509 14 1
14686 235 113 509 14 1
14687 235 114 509 14 1
14688 235 115 509 14 1
14689 235 116 509 14 1
14690 235 117 509 14 1
14691 235 118 509 14 1
14692 235 119 509 14 1
14693 235 120 509 14 1
14694 235 121 509 14 1
14695 235 122 509 14 1
14696 235 123 509 14 1
14697 235 124 509 14 1
14698 235 125 509 14 1
14699 235 126 509 14 1
14700 236 64 509 14 1
14701 236 65 509 14 1
14702 236 66 509 14 1
14703 236 67 509 14 1
14704 236 68 509 14 1
14705 236 69 509 14 1
14706 236 70 509 14 1
14707 236 71 509 14 1
14708 236 72 509 14 1
14709 236 73 509 14 1
14710 236 74 509 14 1
14711 236 75 509 14 1
14712 236 76 509 14 1
14713 236 77 509 14 1
14714 236 78 509 14 1
14715 236 79 509 14 1
14716 236 80 509 14 1
14717 236 81 509 14 1
14718 236 82 509 14 1
14719 236 83 509 14 1
14720 236 84 509 14 1
14721 236 85 509 14 1
14722 236 86 509 14 1
14723 236 87 509 14 1
14724 236 88 509 14 1
14725 236 89 509 14 1
14726 236 90 509 14 1
14727 236 91 509 14 1
14728 236 92 509 14 1
14729 236 93 509 14 1
14730 236 94 509 14 1
14731 236 95 509 14 1
14732 236 96 509 14 1
14733 236 97 509 14 1
14734 236 98 509 14 1
14735 236 99 509 14 1
14736 236 100 509 14 1
14737 236 101 509 14 1
14738 236 102 509 14 1
14739 236 103 509 14 1
14740 236 104 509 14 1
14741 236 105 509 14 1
14742 236 106 509 14 1
14743 236 107 509 14 1
14744 236 108 509 14 1
14745 236 109 509 14 1
14746 236 110 509 14 1
14747 236 111 509 14 1
14748 236 112 509 14 1
14749 236 113 509 14 1
14750 236 114 509 14 1
14751 236 115 509 14 1
14752 236 116 509 14 1
14753 236 117 509 14 1
14754 236 118 509 14 1
14755 236 119 509 14 1
14756 236 120 509 14 1
14757 236 121 509 14 1
14758 236 122 509 14 1
14759 236 123 509 14 1
14760 236 124 509 14 1
14761 236 125 509 14 1
14762 236 126 509 14 1
14763 237 64 509 14 1
14764 237 65 509 14 1
14765 237 66 509 14 1
14766 237 67 509 14 1
14767 237 68 509 14 1
14768 237 69 509 14 1
14769 237 70 509 14 1
14770 237 71 509 14 1
14771 237 72 509 14 1
14772 237 73 509 14 1
14773 237 74 509 14 1
14774 237 75 509 14 1
14775 237 76 509 14 1
14776 237 77 509 14 1
14777 237 78 509 14 1
14778 237 79 509 14 1
14779 237 80 509 14 1
14780 237 81 509 14 1
14781 237 82 509 14 1
14782 237 83 509 14 1
14783 237 84 509 14 1
14784 237 85 509 14 1
14785 237 86 509 14 1
14786 237 87 509 14 1
14787 237 88 509 14 1
14788 237 89 509 14 1
14789 237 90 509 14 1
14790 237 91 509 14 1
14791 237 92 509 14 1
14792 237 93 509 14 1
14793 237 94 509 14 1
14794 237 95 509 14 1
14795 237 96 509 14 1
14796 237 97 509 14 1
14797 237 98 509 14 1
14798 237 99 509 14 1
14799 237 100 509 14 1
14800 237 101 509 14 1
14801 237 102 509 14 1
14802 237 103 509 14 1
14803 237 104 509 14 1
14804 237 105 509 14 1
14805 237 106 509 14 1
14806 237 107 509 14 1
14807 237 108 509 14 1
14808 237 109 509 14 1
14809 237 110 509 14 1
14810 237 111 509 14 1
14811 237 112 509 14 1
14812 237 113 509 14 1
14813 237 114 509 14 1
14814 237 115 509 14 1
14815 237 116 509 14 1
14816 237 117 509 14 1
14817 237 118 509 14 1
14818 237 119 509 14 1
14819 237 120 509 14 1
14820 237 121 509 14 1
14821 237 122 509 14 1
14822 237 123 509 14 1
14823 237 124 509 14 1
14824 237 125 509 14 1
14825 237 126 509 14 1
14826 238 64 509 14 1
14827 238 65 509 14 1
14828 238 66 509 14 1
14829 238 67 509 14 1
14830 238 68 509 14 1
14831 238 69 509 14 1
14832 238 70 509 14 1
14833 238 71 509 14 1
14834 238 72 509 14 1
14835 238 73 509 14 1
14836 238 74 509 14 1
14837 238 75 509 14 1
14838 238 76 509 14 1
14839 238 77 509 14 1
14840 238 78 509 14 1
14841 238 79 509 14 1
14842 238 80 509 14 1
14843 238 81 509 14 1
14844 238 82 509 14 1
14845 238 83 509 14 1
14846 238 84 509 14 1
14847 238 85 509 14 1
14848 238 86 509 14 1
14849 238 87 509 14 1
14850 238 88 509 14 1
14851 238 89 509 14 1
14852 238 90 509 14 1
14853 238 91 509 14 1
14854 238 92 509 14 1
14855 238 93 509 14 1
14856 238 94 509 14 1
14857 238 95 509 14 1
14858 238 96 509 14 1
14859 238 97 509 14 1
14860 238 98 509 14 1
14861 238 99 509 14 1
14862 238 100 509 14 1
14863 238 101 509 14 1
14864 238 102 509 14 1
14865 238 103 509 14 1
14866 238 104 509 14 1
14867 238 105 509 14 1
14868 238 106 509 14 1
14869 238 107 509 14 1
14870 238 108 509 14 1
14871 238 109 509 14 1
14872 238 110 509 14 1
14873 238 111 509 14 1
14874 238 112 509 14 1
14875 238 113 509 14 1
14876 238 114 509 14 1
14877 238 115 509 14 1
14878 238 116 509 14 1
14879 238 117 509 14 1
14880 238 118 509 14 1
14881 238 119 509 14 1
14882 238 120 509 14 1
14883 238 121 509 14 1
14884 238 122 509 14 1
14885 238 123 509 14 1
14886 238 124 509 14 1
14887 238 125 509 14 1
14888 238 126 509 14 1
14889 239 64 509 14 1
14890 239 65 509 14 1
14891 239 66 509 14 1
14892 239 67 509 14 1
14893 239 68 509 14 1
14894 239 69 509 14 1
14895 239 70 509 14 1
14896 239 71 509 14 1
14897 239 72 509 14 1
14898 239 73 509 14 1
14899 239 74 509 14 1
14900 239 75 509 14 1
14901 239 76 509 14 1
14902 239 77 509 14 1
14903 239 78 509 14 1
14904 239 79 509 14 1
14905 239 80 509 14 1
14906 239 81 509 14 1
14907 239 82 509 14 1
14908 239 83 509 14 1
14909 239 84 509 14 1
14910 239 85 509 14 1
14911 239 86 509 14 1
14912 239 87 509 14 1
14913 239 88 509 14 1
14914 239 89 509 14 1
14915 239 90 509 14 1
14916 239 91 509 14 1
14917 239 92 509 14 1
14918 239 93 509 14 1
14919 239 94 509 14 1
14920 239 95 509 14 1
14921 239 96 509 14 1
14922 239 97 509 14 1
14923 239 98 509 14 1
14924 239 99 509 14 1
14925 239 100 509 14 1
14926 239 101 509 14 1
14927 239 102 509 14 1
14928 239 103 509 14 1
14929 239 104 509 14 1
14930 239 105 509 14 1
14931 239 106 509 14 1
14932 239 107 509 14 1
14933 239 108 509 14 1
14934 239 109 509 14 1
14935 239 110 509 14 1
14936 239 111 509 14 1
14937 239 112 509 14 1
14938 239 113 509 14 1
14939 239 114 509 14 1
14940 239 115 509 14 1
14941 239 116 509 14 1
14942 239 117 509 14 1
14943 239 118 509 14 1
14944 239 119 509 14 1
14945 239 120 509 14 1
14946 239 121 509 14 1
14947 239 122 509 14 1
14948 239 123 509 14 1
14949 239 124 509 14 1
14950 239 125 509 14 1
14951 239 126 509 14 1
14952 240 64 509 14 1
14953 240 65 509 14 1
14954 240 66 509 14 1
14955 240 67 509 14 1
14956 240 68 509 14 1
14957 240 69 509 14 1
14958 240 70 509 14 1
14959 240 71 509 14 1
14960 240 72 509 14 1
14961 240 73 509 14 1
14962 240 74 509 14 1
14963 240 75 509 14 1
14964 240 76 509 14 1
14965 240 77 509 14 1
14966 240 78 509 14 1
14967 240 79 509 14 1
14968 240 80 509 14 1
14969 240 81 509 14 1
14970 240 82 509 14 1
14971 240 83 509 14 1
14972 240 84 509 14 1
14973 240 85 509 14 1
14974 240 86 509 14 1
14975 240 87 509 14 1
14976 240 88 509 14 1
14977 240 89 509 14 1
14978 240 90 509 14 1
14979 240 91 509 14 1
14980 240 92 509 14 1
14981 240 93 509 14 1
14982 240 94 509 14 1
14983 240 95 509 14 1
14984 240 96 509 14 1
14985 240 97 509 14 1
14986 240 98 509 14 1
14987 240 99 509 14 1
14988 240 100 509 14 1
14989 240 101 509 14 1
14990 240 102 509 14 1
14991 240 103 509 14 1
14992 240 104 509 14 1
14993 240 105 509 14 1
14994 240 106 509 14 1
14995 240 107 509 14 1
14996 240 108 509 14 1
14997 240 109 509 14 1
14998 240 110 509 14 1
14999 240 111 509 14 1
15000 240 112 509 14 1
15001 240 113 509 14 1
15002 240 114 509 14 1
15003 240 115 509 14 1
15004 240 116 509 14 1
15005 240 117 509 14 1
15006 240 118 509 14 1
15007 240 119 509 14 1
15008 240 120 509 14 1
15009 240 121 509 14 1
15010 240 122 509 14 1
15011 240 123 509 14 1
15012 240 124 509 14 1
15013 240 125 509 14 1
15014 240 126 509 14 1
15015 241 64 509 14 1
15016 241 65 509 14 1
15017 241 66 509 14 1
15018 241 67 509 14 1
15019 241 68 509 14 1
15020 241 69 509 14 1
15021 241 70 509 14 1
15022 241 71 509 14 1
15023 241 72 509 14 1
15024 241 73 509 14 1
15025 241 74 509 14 1
15026 241 75 509 14 1
15027 241 76 509 14 1
15028 241 77 509 14 1
15029 241 78 509 14 1
15030 241 79 509 14 1
15031 241 80 509 14 1
15032 241 81 509 14 1
15033 241 82 509 14 1
15034 241 83 509 14 1
15035 241 84 509 14 1
15036 241 85 509 14 1
15037 241 86 509 14 1
15038 241 87 509 14 1
15039 241 88 509 14 1
15040 241 89 509 14 1
15041 241 90 509 14 1
15042 241 91 509 14 1
15043 241 92 509 14 1
15044 241 93 509 14 1
15045 241 94 509 14 1
15046 241 95 509 14 1
15047 241 96 509 14 1
15048 241 97 509 14 1
15049 241 98 509 14 1
15050 241 99 509 14 1
15051 241 100 509 14 1
15052 241 101 509 14 1
15053 241 102 509 14 1
15054 241 103 509 14 1
15055 241 104 509 14 1
15056 241 105 509 14 1
15057 241 106 509 14 1
15058 241 107 509 14 1
15059 241 108 509 14 1
15060 241 109 509 14 1
15061 241 110 509 14 1
15062 241 111 509 14 1
15063 241 112 509 14 1
15064 241 113 509 14 1
15065 241 114 509 14 1
15066 241 115 509 14 1
15067 241 116 509 14 1
15068 241 117 509 14 1
15069 241 118 509 14 1
15070 241 119 509 14 1
15071 241 120 509 14 1
15072 241 121 509 14 1
15073 241 122 509 14 1
15074 241 123 509 14 1
15075 241 124 509 14 1
15076 241 125 509 14 1
15077 241 126 509 14 1
15078 242 64 509 14 1
15079 242 65 509 14 1
15080 242 66 509 14 1
15081 242 67 509 14 1
15082 242 68 509 14 1
15083 242 69 509 14 1
15084 242 70 509 14 1
15085 242 71 509 14 1
15086 242 72 509 14 1
15087 242 73 509 14 1
15088 242 74 509 14 1
15089 242 75 509 14 1
15090 242 76 509 14 1
15091 242 77 509 14 1
15092 242 78 509 14 1
15093 242 79 509 14 1
15094 242 80 509 14 1
15095 242 81 509 14 1
15096 242 82 509 14 1
15097 242 83 509 14 1
15098 242 84 509 14 1
15099 242 85 509 14 1
15100 242 86 509 14 1
15101 242 87 509 14 1
15102 242 88 509 14 1
15103 242 89 509 14 1
15104 242 90 509 14 1
15105 242 91 509 14 1
15106 242 92 509 14 1
15107 242 93 509 14 1
15108 242 94 509 14 1
15109 242 95 509 14 1
15110 242 96 509 14 1
15111 242 97 509 14 1
15112 242 98 509 14 1
15113 242 99 509 14 1
15114 242 100 509 14 1
15115 242 101 509 14 1
15116 242 102 509 14 1
15117 242 103 509 14 1
15118 242 104 509 14 1
15119 242 105 509 14 1
15120 242 106 509 14 1
15121 242 107 509 14 1
15122 242 108 509 14 1
15123 242 109 509 14 1
15124 242 110 509 14 1
15125 242 111 509 14 1
15126 242 112 509 14 1
15127 242 113 509 14 1
15128 242 114 509 14 1
15129 242 115 509 14 1
15130 242 116 509 14 1
15131 242 117 509 14 1
15132 242 118 509 14 1
15133 242 119 509 14 1
15134 242 120 509 14 1
15135 242 121 509 14 1
15136 242 122 509 14 1
15137 242 123 509 14 1
15138 242 124 509 14 1
15139 242 125 509 14 1
15140 242 126 509 14 1
15141 243 64 509 14 1
15142 243 65 509 14 1
15143 243 66 509 14 1
15144 243 67 509 14 1
15145 243 68 509 14 1
15146 243 69 509 14 1
15147 243 70 509 14 1
15148 243 71 509 14 1
15149 243 72 509 14 1
15150 243 73 509 14 1
15151 243 74 509 14 1
15152 243 75 509 14 1
15153 243 76 509 14 1
15154 243 77 509 14 1
15155 243 78 509 14 1
15156 243 79 509 14 1
15157 243 80 509 14 1
15158 243 81 509 14 1
15159 243 82 509 14 1
15160 243 83 509 14 1
15161 243 84 509 14 1
15162 243 85 509 14 1
15163 243 86 509 14 1
15164 243 87 509 14 1
15165 243 88 509 14 1
15166 243 89 509 14 1
15167 243 90 509 14 1
15168 243 91 509 14 1
15169 243 92 509 14 1
15170 243 93 509 14 1
15171 243 94 509 14 1
15172 243 95 509 14 1
15173 243 96 509 14 1
15174 243 97 509 14 1
15175 243 98 509 14 1
15176 243 99 509 14 1
15177 243 100 509 14 1
15178 243 101 509 14 1
15179 243 102 509 14 1
15180 243 103 509 14 1
15181 243 104 509 14 1
15182 243 105 509 14 1
15183 243 106 509 14 1
15184 243 107 509 14 1
15185 243 108 509 14 1
15186 243 109 509 14 1
15187 243 110 509 14 1
15188 243 111 509 14 1
15189 243 112 509 14 1
15190 243 113 509 14 1
15191 243 114 509 14 1
15192 243 115 509 14 1
15193 243 116 509 14 1
15194 243 117 509 14 1
15195 243 118 509 14 1
15196 243 119 509 14 1
15197 243 120 509 14 1
15198 243 121 509 14 1
15199 243 122 509 14 1
15200 243 123 509 14 1
15201 243 124 509 14 1
15202 243 125 509 14 1
15203 243 126 509 14 1
15204 244 64 509 14 1
15205 244 65 509 14 1
15206 244 66 509 14 1
15207 244 67 509 14 1
15208 244 68 509 14 1
15209 244 69 509 14 1
15210 244 70 509 14 1
15211 244 71 509 14 1
15212 244 72 509 14 1
15213 244 73 509 14 1
15214 244 74 509 14 1
15215 244 75 509 14 1
15216 244 76 509 14 1
15217 244 77 509 14 1
15218 244 78 509 14 1
15219 244 79 509 14 1
15220 244 80 509 14 1
15221 244 81 509 14 1
15222 244 82 509 14 1
15223 244 83 509 14 1
15224 244 84 509 14 1
15225 244 85 509 14 1
15226 244 86 509 14 1
15227 244 87 509 14 1
15228 244 88 509 14 1
15229 244 89 509 14 1
15230 244 90 509 14 1
15231 244 91 509 14 1
15232 244 92 509 14 1
15233 244 93 509 14 1
15234 244 94 509 14 1
15235 244 95 509 14 1
15236 244 96 509 14 1
15237 244 97 509 14 1
15238 244 98 509 14 1
15239 244 99 509 14 1
15240 244 100 509 14 1
15241 244 101 509 14 1
15242 244 102 509 14 1
15243 244 103 509 14 1
15244 244 104 509 14 1
15245 244 105 509 14 1
15246 244 106 509 14 1
15247 244 107 509 14 1
15248 244 108 509 14 1
15249 244 109 509 14 1
15250 244 110 509 14 1
15251 244 111 509 14 1
15252 244 112 509 14 1
15253 244 113 509 14 1
15254 244 114 509 14 1
15255 244 115 509 14 1
15256 244 116 509 14 1
15257 244 117 509 14 1
15258 244 118 509 14 1
15259 244 119 509 14 1
15260 244 120 509 14 1
15261 244 121 509 14 1
15262 244 122 509 14 1
15263 244 123 509 14 1
15264 244 124 509 14 1
15265 244 125 509 14 1
15266 244 126 509 14 1
15267 245 64 509 14 1
15268 245 65 509 14 1
15269 245 66 509 14 1
15270 245 67 509 14 1
15271 245 68 509 14 1
15272 245 69 509 14 1
15273 245 70 509 14 1
15274 245 71 509 14 1
15275 245 72 509 14 1
15276 245 73 509 14 1
15277 245 74 509 14 1
15278 245 75 509 14 1
15279 245 76 509 14 1
15280 245 77 509 14 1
15281 245 78 509 14 1
15282 245 79 509 14 1
15283 245 80 509 14 1
15284 245 81 509 14 1
15285 245 82 509 14 1
15286 245 83 509 14 1
15287 245 84 509 14 1
15288 245 85 509 14 1
15289 245 86 509 14 1
15290 245 87 509 14 1
15291 245 88 509 14 1
15292 245 89 509 14 1
15293 245 90 509 14 1
15294 245 91 509 14 1
15295 245 92 509 14 1
15296 245 93 509 14 1
15297 245 94 509 14 1
15298 245 95 509 14 1
15299 245 96 509 14 1
15300 245 97 509 14 1
15301 245 98 509 14 1
15302 245 99 509 14 1
15303 245 100 509 14 1
15304 245 101 509 14 1
15305 245 102 509 14 1
15306 245 103 509 14 1
15307 245 104 509 14 1
15308 245 105 509 14 1
15309 245 106 509 14 1
15310 245 107 509 14 1
15311 245 108 509 14 1
15312 245 109 509 14 1
15313 245 110 509 14 1
15314 245 111 509 14 1
15315 245 112 509 14 1
15316 245 113 509 14 1
15317 245 114 509 14 1
15318 245 115 509 14 1
15319 245 116 509 14 1
15320 245 117 509 14 1
15321 245 118 509 14 1
15322 245 119 509 14 1
15323 245 120 509 14 1
15324 245 121 509 14 1
15325 245 122 509 14 1
15326 245 123 509 14 1
15327 245 124 509 14 1
15328 245 125 509 14 1
15329 245 126 509 14 1
15330 246 64 509 14 1
15331 246 65 509 14 1
15332 246 66 509 14 1
15333 246 67 509 14 1
15334 246 68 509 14 1
15335 246 69 509 14 1
15336 246 70 509 14 1
15337 246 71 509 14 1
15338 246 72 509 14 1
15339 246 73 509 14 1
15340 246 74 509 14 1
15341 246 75 509 14 1
15342 246 76 509 14 1
15343 246 77 509 14 1
15344 246 78 509 14 1
15345 246 79 509 14 1
15346 246 80 509 14 1
15347 246 81 509 14 1
15348 246 82 509 14 1
15349 246 83 509 14 1
15350 246 84 509 14 1
15351 246 85 509 14 1
15352 246 86 509 14 1
15353 246 87 509 14 1
15354 246 88 509 14 1
15355 246 89 509 14 1
15356 246 90 509 14 1
15357 246 91 509 14 1
15358 246 92 509 14 1
15359 246 93 509 14 1
15360 246 94 509 14 1
15361 246 95 509 14 1
15362 246 96 509 14 1
15363 246 97 509 14 1
15364 246 98 509 14 1
15365 246 99 509 14 1
15366 246 100 509 14 1
15367 246 101 509 14 1
15368 246 102 509 14 1
15369 246 103 509 14 1
15370 246 104 509 14 1
15371 246 105 509 14 1
15372 246 106 509 14 1
15373 246 107 509 14 1
15374 246 108 509 14 1
15375 246 109 509 14 1
15376 246 110 509 14 1
15377 246 111 509 14 1
15378 246 112 509 14 1
15379 246 113 509 14 1
15380 246 114 509 14 1
15381 246 115 509 14 1
15382 246 116 509 14 1
15383 246 117 509 14 1
15384 246 118 509 14 1
15385 246 119 509 14 1
15386 246 120 509 14 1
15387 246 121 509 14 1
15388 246 122 509 14 1
15389 246 123 509 14 1
15390 246 124 509 14 1
15391 246 125 509 14 1
15392 246 126 509 14 1
15393 247 64 509 14 1
15394 247 65 509 14 1
15395 247 66 509 14 1
15396 247 67 509 14 1
15397 247 68 509 14 1
15398 247 69 509 14 1
15399 247 70 509 14 1
15400 247 71 509 14 1
15401 247 72 509 14 1
15402 247 73 509 14 1
15403 247 74 509 14 1
15404 247 75 509 14 1
15405 247 76 509 14 1
15406 247 77 509 14 1
15407 247 78 509 14 1
15408 247 79 509 14 1
15409 247 80 509 14 1
15410 247 81 509 14 1
15411 247 82 509 14 1
15412 247 83 509 14 1
15413 247 84 509 14 1
15414 247 85 509 14 1
15415 247 86 509 14 1
15416 247 87 509 14 1
15417 247 88 509 14 1
15418 247 89 509 14 1
15419 247 90 509 14 1
15420 247 91 509 14 1
15421 247 92 509 14 1
15422 247 93 509 14 1
15423 247 94 509 14 1
15424 247 95 509 14 1
15425 247 96 509 14 1
15426 247 97 509 14 1
15427 247 98 509 14 1
15428 247 99 509 14 1
15429 247 100 509 14 1
15430 247 101 509 14 1
15431 247 102 509 14 1
15432 247 103 509 14 1
15433 247 104 509 14 1
15434 247 105 509 14 1
15435 247 106 509 14 1
15436 247 107 509 14 1
15437 247 108 509 14 1
15438 247 109 509 14 1
15439 247 110 509 14 1
15440 247 111 509 14 1
15441 247 112 509 14 1
15442 247 113 509 14 1
15443 247 114 509 14 1
15444 247 115 509 14 1
15445 247 116 509 14 1
15446 247 117 509 14 1
15447 247 118 509 14 1
15448 247 119 509 14 1
15449 247 120 509 14 1
15450 247 121 509 14 1
15451 247 122 509 14 1
15452 247 123 509 14 1
15453 247 124 509 14 1
15454 247 125 509 14 1
15455 247 126 509 14 1
15456 248 64 509 14 1
15457 248 65 509 14 1
15458 248 66 509 14 1
15459 248 67 509 14 1
15460 248 68 509 14 1
15461 248 69 509 14 1
15462 248 70 509 14 1
15463 248 71 509 14 1
15464 248 72 509 14 1
15465 248 73 509 14 1
15466 248 74 509 14 1
15467 248 75 509 14 1
15468 248 76 509 14 1
15469 248 77 509 14 1
15470 248 78 509 14 1
15471 248 79 509 14 1
15472 248 80 509 14 1
15473 248 81 509 14 1
15474 248 82 509 14 1
15475 248 83 509 14 1
15476 248 84 509 14 1
15477 248 85 509 14 1
15478 248 86 509 14 1
15479 248 87 509 14 1
15480 248 88 509 14 1
15481 248 89 509 14 1
15482 248 90 509 14 1
15483 248 91 509 14 1
15484 248 92 509 14 1
15485 248 93 509 14 1
15486 248 94 509 14 1
15487 248 95 509 14 1
15488 248 96 509 14 1
15489 248 97 509 14 1
15490 248 98 509 14 1
15491 248 99 509 14 1
15492 248 100 509 14 1
15493 248 101 509 14 1
15494 248 102 509 14 1
15495 248 103 509 14 1
15496 248 104 509 14 1
15497 248 105 509 14 1
15498 248 106 509 14 1
15499 248 107 509 14 1
15500 248 108 509 14 1
15501 248 109 509 14 1
15502 248 110 509 14 1
15503 248 111 509 14 1
15504 248 112 509 14 1
15505 248 113 509 14 1
15506 248 114 509 14 1
15507 248 115 509 14 1
15508 248 116 509 14 1
15509 248 117 509 14 1
15510 248 118 509 14 1
15511 248 119 509 14 1
15512 248 120 509 14 1
15513 248 121 509 14 1
15514 248 122 509 14 1
15515 248 123 509 14 1
15516 248 124 509 14 1
15517 248 125 509 14 1
15518 248 126 509 14 1
15519 249 64 509 14 1
15520 249 65 509 14 1
15521 249 66 509 14 1
15522 249 67 509 14 1
15523 249 68 509 14 1
15524 249 69 509 14 1
15525 249 70 509 14 1
15526 249 71 509 14 1
15527 249 72 509 14 1
15528 249 73 509 14 1
15529 249 74 509 14 1
15530 249 75 509 14 1
15531 249 76 509 14 1
15532 249 77 509 14 1
15533 249 78 509 14 1
15534 249 79 509 14 1
15535 249 80 509 14 1
15536 249 81 509 14 1
15537 249 82 509 14 1
15538 249 83 509 14 1
15539 249 84 509 14 1
15540 249 85 509 14 1
15541 249 86 509 14 1
15542 249 87 509 14 1
15543 249 88 509 14 1
15544 249 89 509 14 1
15545 249 90 509 14 1
15546 249 91 509 14 1
15547 249 92 509 14 1
15548 249 93 509 14 1
15549 249 94 509 14 1
15550 249 95 509 14 1
15551 249 96 509 14 1
15552 249 97 509 14 1
15553 249 98 509 14 1
15554 249 99 509 14 1
15555 249 100 509 14 1
15556 249 101 509 14 1
15557 249 102 509 14 1
15558 249 103 509 14 1
15559 249 104 509 14 1
15560 249 105 509 14 1
15561 249 106 509 14 1
15562 249 107 509 14 1
15563 249 108 509 14 1
15564 249 109 509 14 1
15565 249 110 509 14 1
15566 249 111 509 14 1
15567 249 112 509 14 1
15568 249 113 509 14 1
15569 249 114 509 14 1
15570 249 115 509 14 1
15571 249 116 509 14 1
15572 249 117 509 14 1
15573 249 118 509 14 1
15574 249 119 509 14 1
15575 249 120 509 14 1
15576 249 121 509 14 1
15577 249 122 509 14 1
15578 249 123 509 14 1
15579 249 124 509 14 1
15580 249 125 509 14 1
15581 249 126 509 14 1
15582 250 64 509 14 1
15583 250 65 509 14 1
15584 250 66 509 14 1
15585 250 67 509 14 1
15586 250 68 509 14 1
15587 250 69 509 14 1
15588 250 70 509 14 1
15589 250 71 509 14 1
15590 250 72 509 14 1
15591 250 73 509 14 1
15592 250 74 509 14 1
15593 250 75 509 14 1
15594 250 76 509 14 1
15595 250 77 509 14 1
15596 250 78 509 14 1
15597 250 79 509 14 1
15598 250 80 509 14 1
15599 250 81 509 14 1
15600 250 82 509 14 1
15601 250 83 509 14 1
15602 250 84 509 14 1
15603 250 85 509 14 1
15604 250 86 509 14 1
15605 250 87 509 14 1
15606 250 88 509 14 1
15607 250 89 509 14 1
15608 250 90 509 14 1
15609 250 91 509 14 1
15610 250 92 509 14 1
15611 250 93 509 14 1
15612 250 94 509 14 1
15613 250 95 509 14 1
15614 250 96 509 14 1
15615 250 97 509 14 1
15616 250 98 509 14 1
15617 250 99 509 14 1
15618 250 100 509 14 1
15619 250 101 509 14 1
15620 250 102 509 14 1
15621 250 103 509 14 1
15622 250 104 509 14 1
15623 250 105 509 14 1
15624 250 106 509 14 1
15625 250 107 509 14 1
15626 250 108 509 14 1
15627 250 109 509 14 1
15628 250 110 509 14 1
15629 250 111 509 14 1
15630 250 112 509 14 1
15631 250 113 509 14 1
15632 250 114 509 14 1
15633 250 115 509 14 1
15634 250 116 509 14 1
15635 250 117 509 14 1
15636 250 118 509 14 1
15637 250 119 509 14 1
15638 250 120 509 14 1
15639 250 121 509 14 1
15640 250 122 509 14 1
15641 250 123 509 14 1
15642 250 124 509 14 1
15643 250 125 509 14 1
15644 250 126 509 14 1
15645 251 64 509 14 1
15646 251 65 509 14 1
15647 251 66 509 14 1
15648 251 67 509 14 1
15649 251 68 509 14 1
15650 251 69 509 14 1
15651 251 70 509 14 1
15652 251 71 509 14 1
15653 251 72 509 14 1
15654 251 73 509 14 1
15655 251 74 509 14 1
15656 251 75 509 14 1
15657 251 76 509 14 1
15658 251 77 509 14 1
15659 251 78 509 14 1
15660 251 79 509 14 1
15661 251 80 509 14 1
15662 251 81 509 14 1
15663 251 82 509 14 1
15664 251 83 509 14 1
15665 251 84 509 14 1
15666 251 85 509 14 1
15667 251 86 509 14 1
15668 251 87 509 14 1
15669 251 88 509 14 1
15670 251 89 509 14 1
15671 251 90 509 14 1
15672 251 91 509 14 1
15673 251 92 509 14 1
15674 251 93 509 14 1
15675 251 94 509 14 1
15676 251 95 509 14 1
15677 251 96 509 14 1
15678 251 97 509 14 1
15679 251 98 509 14 1
15680 251 99 509 14 1
15681 251 100 509 14 1
15682 251 101 509 14 1
15683 251 102 509 14 1
15684 251 103 509 14 1
15685 251 104 509 14 1
15686 251 105 509 14 1
15687 251 106 509 14 1
15688 251 107 509 14 1
15689 251 108 509 14 1
15690 251 109 509 14 1
15691 251 110 509 14 1
15692 251 111 509 14 1
15693 251 112 509 14 1
15694 251 113 509 14 1
15695 251 114 509 14 1
15696 251 115 509 14 1
15697 251 116 509 14 1
15698 251 117 509 14 1
15699 251 118 509 14 1
15700 251 119 509 14 1
15701 251 120 509 14 1
15702 251 121 509 14 1
15703 251 122 509 14 1
15704 251 123 509 14 1
15705 251 124 509 14 1
15706 251 125 509 14 1
15707 251 126 509 14 1
15708 252 64 509 14 1
15709 252 65 509 14 1
15710 252 66 509 14 1
15711 252 67 509 14 1
15712 252 68 509 14 1
15713 252 69 509 14 1
15714 252 70 509 14 1
15715 252 71 509 14 1
15716 252 72 509 14 1
15717 252 73 509 14 1
15718 252 74 509 14 1
15719 252 75 509 14 1
15720 252 76 509 14 1
15721 252 77 509 14 1
15722 252 78 509 14 1
15723 252 79 509 14 1
15724 252 80 509 14 1
15725 252 81 509 14 1
15726 252 82 509 14 1
15727 252 83 509 14 1
15728 252 84 509 14 1
15729 252 85 509 14 1
15730 252 86 509 14 1
15731 252 87 509 14 1
15732 252 88 509 14 1
15733 252 89 509 14 1
15734 252 90 509 14 1
15735 252 91 509 14 1
15736 252 92 509 14 1
15737 252 93 509 14 1
15738 252 94 509 14 1
15739 252 95 509 14 1
15740 252 96 509 14 1
15741 252 97 509 14 1
15742 252 98 509 14 1
15743 252 99 509 14 1
15744 252 100 509 14 1
15745 252 101 509 14 1
15746 252 102 509 14 1
15747 252 103 509 14 1
15748 252 104 509 14 1
15749 252 105 509 14 1
15750 252 106 509 14 1
15751 252 107 509 14 1
15752 252 108 509 14 1
15753 252 109 509 14 1
15754 252 110 509 14 1
15755 252 111 509 14 1
15756 252 112 509 14 1
15757 252 113 509 14 1
15758 252 114 509 14 1
15759 252 115 509 14 1
15760 252 116 509 14 1
15761 252 117 509 14 1
15762 252 118 509 14 1
15763 252 119 509 14 1
15764 252 120 509 14 1
15765 252 121 509 14 1
15766 252 122 509 14 1
15767 252 123 509 14 1
15768 252 124 509 14 1
15769 252 125 509 14 1
15770 252 126 509 14 1
15771 253 64 509 14 1
15772 253 65 509 14 1
15773 253 66 509 14 1
15774 253 67 509 14 1
15775 253 68 509 14 1
15776 253 69 509 14 1
15777 253 70 509 14 1
15778 253 71 509 14 1
15779 253 72 509 14 1
15780 253 73 509 14 1
15781 253 74 509 14 1
15782 253 75 509 14 1
15783 253 76 509 14 1
15784 253 77 509 14 1
15785 253 78 509 14 1
15786 253 79 509 14 1
15787 253 80 509 14 1
15788 253 81 509 14 1
15789 253 82 509 14 1
15790 253 83 509 14 1
15791 253 84 509 14 1
15792 253 85 509 14 1
15793 253 86 509 14 1
15794 253 87 509 14 1
15795 253 88 509 14 1
15796 253 89 509 14 1
15797 253 90 509 14 1
15798 253 91 509 14 1
15799 253 92 509 14 1
15800 253 93 509 14 1
15801 253 94 509 14 1
15802 253 95 509 14 1
15803 253 96 509 14 1
15804 253 97 509 14 1
15805 253 98 509 14 1
15806 253 99 509 14 1
15807 253 100 509 14 1
15808 253 101 509 14 1
15809 253 102 509 14 1
15810 253 103 509 14 1
15811 253 104 509 14 1
15812 253 105 509 14 1
15813 253 106 509 14 1
15814 253 107 509 14 1
15815 253 108 509 14 1
15816 253 109 509 14 1
15817 253 110 509 14 1
15818 253 111 509 14 1
15819 253 112 509 14 1
15820 253 113 509 14 1
15821 253 114 509 14 1
15822 253 115 509 14 1
15823 253 116 509 14 1
15824 253 117 509 14 1
15825 253 118 509 14 1
15826 253 119 509 14 1
15827 253 120 509 14 1
15828 253 121 509 14 1
15829 253 122 509 14 1
15830 253 123 509 14 1
15831 253 124 509 14 1
15832 253 125 509 14 1
15833 253 126 509 14 1
15834 254 64 509 14 1
15835 254 65 509 14 1
15836 254 66 509 14 1
15837 254 67 509 14 1
15838 254 68 509 14 1
15839 254 69 509 14 1
15840 254 70 509 14 1
15841 254 71 509 14 1
15842 254 72 509 14 1
15843 254 73 509 14 1
15844 254 74 509 14 1
15845 254 75 509 14 1
15846 254 76 509 14 1
15847 254 77 509 14 1
15848 254 78 509 14 1
15849 254 79 509 14 1
15850 254 80 509 14 1
15851 254 81 509 14 1
15852 254 82 509 14 1
15853 254 83 509 14 1
15854 254 84 509 14 1
15855 254 85 509 14 1
15856 254 86 509 14 1
15857 254 87 509 14 1
15858 254 88 509 14 1
15859 254 89 509 14 1
15860 254 90 509 14 1
15861 254 91 509 14 1
15862 254 92 509 14 1
15863 254 93 509 14 1
15864 254 94 509 14 1
15865 254 95 509 14 1
15866 254 96 509 14 1
15867 254 97 509 14 1
15868 254 98 509 14 1
15869 254 99 509 14 1
15870 254 100 509 14 1
15871 254 101 509 14 1
15872 254 102 509 14 1
15873 254 103 509 14 1
15874 254 104 509 14 1
15875 254 105 509 14 1
15876 254 106 509 14 1
15877 254 107 509 14 1
15878 254 108 509 14 1
15879 254 109 509 14 1
15880 254 110 509 14 1
15881 254 111 509 14 1
15882 254 112 509 14 1
15883 254 113 509 14 1
15884 254 114 509 14 1
15885 254 115 509 14 1
15886 254 116 509 14 1
15887 254 117 509 14 1
15888 254 118 509 14 1
15889 254 119 509 14 1
15890 254 120 509 14 1
15891 254 121 509 14 1
15892 254 122 509 14 1
15893 254 123 509 14 1
15894 254 124 509 14 1
15895 254 125 509 14 1
15896 254 126 509 14 1
15897 255 64 509 14 1
15898 255 65 509 14 1
15899 255 66 509 14 1
15900 255 67 509 14 1
15901 255 68 509 14 1
15902 255 69 509 14 1
15903 255 70 509 14 1
15904 255 71 509 14 1
15905 255 72 509 14 1
15906 255 73 509 14 1
15907 255 74 509 14 1
15908 255 75 509 14 1
15909 255 76 509 14 1
15910 255 77 509 14 1
15911 255 78 509 14 1
15912 255 79 509 14 1
15913 255 80 509 14 1
15914 255 81 509 14 1
15915 255 82 509 14 1
15916 255 83 509 14 1
15917 255 84 509 14 1
15918 255 85 509 14 1
15919 255 86 509 14 1
15920 255 87 509 14 1
15921 255 88 509 14 1
15922 255 89 509 14 1
15923 255 90 509 14 1
15924 255 91 509 14 1
15925 255 92 509 14 1
15926 255 93 509 14 1
15927 255 94 509 14 1
15928 255 95 509 14 1
15929 255 96 509 14 1
15930 255 97 509 14 1
15931 255 98 509 14 1
15932 255 99 509 14 1
15933 255 100 509 14 1
15934 255 101 509 14 1
15935 255 102 509 14 1
15936 255 103 509 14 1
15937 255 104 509 14 1
15938 255 105 509 14 1
15939 255 106 509 14 1
15940 255 107 509 14 1
15941 255 108 509 14 1
15942 255 109 509 14 1
15943 255 110 509 14 1
15944 255 111 509 14 1
15945 255 112 509 14 1
15946 255 113 509 14 1
15947 255 114 509 14 1
15948 255 115 509 14 1
15949 255 116 509 14 1
15950 255 117 509 14 1
15951 255 118 509 14 1
15952 255 119 509 14 1
15953 255 120 509 14 1
15954 255 121 509 14 1
15955 255 122 509 14 1
15956 255 123 509 14 1
15957 255 124 509 14 1
15958 255 125 509 14 1
15959 255 126 509 14 1
15960 256 64 509 14 1
15961 256 65 509 14 1
15962 256 66 509 14 1
15963 256 67 509 14 1
15964 256 68 509 14 1
15965 256 69 509 14 1
15966 256 70 509 14 1
15967 256 71 509 14 1
15968 256 72 509 14 1
15969 256 73 509 14 1
15970 256 74 509 14 1
15971 256 75 509 14 1
15972 256 76 509 14 1
15973 256 77 509 14 1
15974 256 78 509 14 1
15975 256 79 509 14 1
15976 256 80 509 14 1
15977 256 81 509 14 1
15978 256 82 509 14 1
15979 256 83 509 14 1
15980 256 84 509 14 1
15981 256 85 509 14 1
15982 256 86 509 14 1
15983 256 87 509 14 1
15984 256 88 509 14 1
15985 256 89 509 14 1
15986 256 90 509 14 1
15987 256 91 509 14 1
15988 256 92 509 14 1
15989 256 93 509 14 1
15990 256 94 509 14 1
15991 256 95 509 14 1
15992 256 96 509 14 1
15993 256 97 509 14 1
15994 256 98 509 14 1
15995 256 99 509 14 1
15996 256 100 509 14 1
15997 256 101 509 14 1
15998 256 102 509 14 1
15999 256 103 509 14 1
16000 256 104 509 14 1
16001 256 105 509 14 1
16002 256 106 509 14 1
16003 256 107 509 14 1
16004 256 108 509 14 1
16005 256 109 509 14 1
16006 256 110 509 14 1
16007 256 111 509 14 1
16008 256 112 509 14 1
16009 256 113 509 14 1
16010 256 114 509 14 1
16011 256 115 509 14 1
16012 256 116 509 14 1
16013 256 117 509 14 1
16014 256 118 509 14 1
16015 256 119 509 14 1
16016 256 120 509 14 1
16017 256 121 509 14 1
16018 256 122 509 14 1
16019 256 123 509 14 1
16020 256 124 509 14 1
16021 256 125 509 14 1
16022 256 126 509 14 1
16023 257 64 509 14 1
16024 257 65 509 14 1
16025 257 66 509 14 1
16026 257 67 509 14 1
16027 257 68 509 14 1
16028 257 69 509 14 1
16029 257 70 509 14 1
16030 257 71 509 14 1
16031 257 72 509 14 1
16032 257 73 509 14 1
16033 257 74 509 14 1
16034 257 75 509 14 1
16035 257 76 509 14 1
16036 257 77 509 14 1
16037 257 78 509 14 1
16038 257 79 509 14 1
16039 257 80 509 14 1
16040 257 81 509 14 1
16041 257 82 509 14 1
16042 257 83 509 14 1
16043 257 84 509 14 1
16044 257 85 509 14 1
16045 257 86 509 14 1
16046 257 87 509 14 1
16047 257 88 509 14 1
16048 257 89 509 14 1
16049 257 90 509 14 1
16050 257 91 509 14 1
16051 257 92 509 14 1
16052 257 93 509 14 1
16053 257 94 509 14 1
16054 257 95 509 14 1
16055 257 96 509 14 1
16056 257 97 509 14 1
16057 257 98 509 14 1
16058 257 99 509 14 1
16059 257 100 509 14 1
16060 257 101 509 14 1
16061 257 102 509 14 1
16062 257 103 509 14 1
16063 257 104 509 14 1
16064 257 105 509 14 1
16065 257 106 509 14 1
16066 257 107 509 14 1
16067 257 108 509 14 1
16068 257 109 509 14 1
16069 257 110 509 14 1
16070 257 111 509 14 1
16071 257 112 509 14 1
16072 257 113 509 14 1
16073 257 114 509 14 1
16074 257 115 509 14 1
16075 257 116 509 14 1
16076 257 117 509 14 1
16077 257 118 509 14 1
16078 257 119 509 14 1
16079 257 120 509 14 1
16080 257 121 509 14 1
16081 257 122 509 14 1
16082 257 123 509 14 1
16083 257 124 509 14 1
16084 257 125 509 14 1
16085 257 126 509 14 1
16086 258 64 509 14 1
16087 258 65 509 14 1
16088 258 66 509 14 1
16089 258 67 509 14 1
16090 258 68 509 14 1
16091 258 69 509 14 1
16092 258 70 509 14 1
16093 258 71 509 14 1
16094 258 72 509 14 1
16095 258 73 509 14 1
16096 258 74 509 14 1
16097 258 75 509 14 1
16098 258 76 509 14 1
16099 258 77 509 14 1
16100 258 78 509 14 1
16101 258 79 509 14 1
16102 258 80 509 14 1
16103 258 81 509 14 1
16104 258 82 509 14 1
16105 258 83 509 14 1
16106 258 84 509 14 1
16107 258 85 509 14 1
16108 258 86 509 14 1
16109 258 87 509 14 1
16110 258 88 509 14 1
16111 258 89 509 14 1
16112 258 90 509 14 1
16113 258 91 509 14 1
16114 258 92 509 14 1
16115 258 93 509 14 1
16116 258 94 509 14 1
16117 258 95 509 14 1
16118 258 96 509 14 1
16119 258 97 509 14 1
16120 258 98 509 14 1
16121 258 99 509 14 1
16122 258 100 509 14 1
16123 258 101 509 14 1
16124 258 102 509 14 1
16125 258 103 509 14 1
16126 258 104 509 14 1
16127 258 105 509 14 1
16128 258 106 509 14 1
16129 258 107 509 14 1
16130 258 108 509 14 1
16131 258 109 509 14 1
16132 258 110 509 14 1
16133 258 111 509 14 1
16134 258 112 509 14 1
16135 258 113 509 14 1
16136 258 114 509 14 1
16137 258 115 509 14 1
16138 258 116 509 14 1
16139 258 117 509 14 1
16140 258 118 509 14 1
16141 258 119 509 14 1
16142 258 120 509 14 1
16143 258 121 509 14 1
16144 258 122 509 14 1
16145 258 123 509 14 1
16146 258 124 509 14 1
16147 258 125 509 14 1
16148 258 126 509 14 1
16149 259 64 509 14 1
16150 259 65 509 14 1
16151 259 66 509 14 1
16152 259 67 509 14 1
16153 259 68 509 14 1
16154 259 69 509 14 1
16155 259 70 509 14 1
16156 259 71 509 14 1
16157 259 72 509 14 1
16158 259 73 509 14 1
16159 259 74 509 14 1
16160 259 75 509 14 1
16161 259 76 509 14 1
16162 259 77 509 14 1
16163 259 78 509 14 1
16164 259 79 509 14 1
16165 259 80 509 14 1
16166 259 81 509 14 1
16167 259 82 509 14 1
16168 259 83 509 14 1
16169 259 84 509 14 1
16170 259 85 509 14 1
16171 259 86 509 14 1
16172 259 87 509 14 1
16173 259 88 509 14 1
16174 259 89 509 14 1
16175 259 90 509 14 1
16176 259 91 509 14 1
16177 259 92 509 14 1
16178 259 93 509 14 1
16179 259 94 509 14 1
16180 259 95 509 14 1
16181 259 96 509 14 1
16182 259 97 509 14 1
16183 259 98 509 14 1
16184 259 99 509 14 1
16185 259 100 509 14 1
16186 259 101 509 14 1
16187 259 102 509 14 1
16188 259 103 509 14 1
16189 259 104 509 14 1
16190 259 105 509 14 1
16191 259 106 509 14 1
16192 259 107 509 14 1
16193 259 108 509 14 1
16194 259 109 509 14 1
16195 259 110 509 14 1
16196 259 111 509 14 1
16197 259 112 509 14 1
16198 259 113 509 14 1
16199 259 114 509 14 1
16200 259 115 509 14 1
16201 259 116 509 14 1
16202 259 117 509 14 1
16203 259 118 509 14 1
16204 259 119 509 14 1
16205 259 120 509 14 1
16206 259 121 509 14 1
16207 259 122 509 14 1
16208 259 123 509 14 1
16209 259 124 509 14 1
16210 259 125 509 14 1
16211 259 126 509 14 1
16212 260 64 509 14 1
16213 260 65 509 14 1
16214 260 66 509 14 1
16215 260 67 509 14 1
16216 260 68 509 14 1
16217 260 69 509 14 1
16218 260 70 509 14 1
16219 260 71 509 14 1
16220 260 72 509 14 1
16221 260 73 509 14 1
16222 260 74 509 14 1
16223 260 75 509 14 1
16224 260 76 509 14 1
16225 260 77 509 14 1
16226 260 78 509 14 1
16227 260 79 509 14 1
16228 260 80 509 14 1
16229 260 81 509 14 1
16230 260 82 509 14 1
16231 260 83 509 14 1
16232 260 84 509 14 1
16233 260 85 509 14 1
16234 260 86 509 14 1
16235 260 87 509 14 1
16236 260 88 509 14 1
16237 260 89 509 14 1
16238 260 90 509 14 1
16239 260 91 509 14 1
16240 260 92 509 14 1
16241 260 93 509 14 1
16242 260 94 509 14 1
16243 260 95 509 14 1
16244 260 96 509 14 1
16245 260 97 509 14 1
16246 260 98 509 14 1
16247 260 99 509 14 1
16248 260 100 509 14 1
16249 260 101 509 14 1
16250 260 102 509 14 1
16251 260 103 509 14 1
16252 260 104 509 14 1
16253 260 105 509 14 1
16254 260 106 509 14 1
16255 260 107 509 14 1
16256 260 108 509 14 1
16257 260 109 509 14 1
16258 260 110 509 14 1
16259 260 111 509 14 1
16260 260 112 509 14 1
16261 260 113 509 14 1
16262 260 114 509 14 1
16263 260 115 509 14 1
16264 260 116 509 14 1
16265 260 117 509 14 1
16266 260 118 509 14 1
16267 260 119 509 14 1
16268 260 120 509 14 1
16269 260 121 509 14 1
16270 260 122 509 14 1
16271 260 123 509 14 1
16272 260 124 509 14 1
16273 260 125 509 14 1
16274 260 126 509 14 1
16275 261 64 509 14 1
16276 261 65 509 14 1
16277 261 66 509 14 1
16278 261 67 509 14 1
16279 261 68 509 14 1
16280 261 69 509 14 1
16281 261 70 509 14 1
16282 261 71 509 14 1
16283 261 72 509 14 1
16284 261 73 509 14 1
16285 261 74 509 14 1
16286 261 75 509 14 1
16287 261 76 509 14 1
16288 261 77 509 14 1
16289 261 78 509 14 1
16290 261 79 509 14 1
16291 261 80 509 14 1
16292 261 81 509 14 1
16293 261 82 509 14 1
16294 261 83 509 14 1
16295 261 84 509 14 1
16296 261 85 509 14 1
16297 261 86 509 14 1
16298 261 87 509 14 1
16299 261 88 509 14 1
16300 261 89 509 14 1
16301 261 90 509 14 1
16302 261 91 509 14 1
16303 261 92 509 14 1
16304 261 93 509 14 1
16305 261 94 509 14 1
16306 261 95 509 14 1
16307 261 96 509 14 1
16308 261 97 509 14 1
16309 261 98 509 14 1
16310 261 99 509 14 1
16311 261 100 509 14 1
16312 261 101 509 14 1
16313 261 102 509 14 1
16314 261 103 509 14 1
16315 261 104 509 14 1
16316 261 105 509 14 1
16317 261 106 509 14 1
16318 261 107 509 14 1
16319 261 108 509 14 1
16320 261 109 509 14 1
16321 261 110 509 14 1
16322 261 111 509 14 1
16323 261 112 509 14 1
16324 261 113 509 14 1
16325 261 114 509 14 1
16326 261 115 509 14 1
16327 261 116 509 14 1
16328 261 117 509 14 1
16329 261 118 509 14 1
16330 261 119 509 14 1
16331 261 120 509 14 1
16332 261 121 509 14 1
16333 261 122 509 14 1
16334 261 123 509 14 1
16335 261 124 509 14 1
16336 261 125 509 14 1
16337 261 126 509 14 1
16338 262 64 509 14 1
16339 262 65 509 14 1
16340 262 66 509 14 1
16341 262 67 509 14 1
16342 262 68 509 14 1
16343 262 69 509 14 1
16344 262 70 509 14 1
16345 262 71 509 14 1
16346 262 72 509 14 1
16347 262 73 509 14 1
16348 262 74 509 14 1
16349 262 75 509 14 1
16350 262 76 509 14 1
16351 262 77 509 14 1
16352 262 78 509 14 1
16353 262 79 509 14 1
16354 262 80 509 14 1
16355 262 81 509 14 1
16356 262 82 509 14 1
16357 262 83 509 14 1
16358 262 84 509 14 1
16359 262 85 509 14 1
16360 262 86 509 14 1
16361 262 87 509 14 1
16362 262 88 509 14 1
16363 262 89 509 14 1
16364 262 90 509 14 1
16365 262 91 509 14 1
16366 262 92 509 14 1
16367 262 93 509 14 1
16368 262 94 509 14 1
16369 262 95 509 14 1
16370 262 96 509 14 1
16371 262 97 509 14 1
16372 262 98 509 14 1
16373 262 99 509 14 1
16374 262 100 509 14 1
16375 262 101 509 14 1
16376 262 102 509 14 1
16377 262 103 509 14 1
16378 262 104 509 14 1
16379 262 105 509 14 1
16380 262 106 509 14 1
16381 262 107 509 14 1
16382 262 108 509 14 1
16383 262 109 509 14 1
16384 262 110 509 14 1
16385 262 111 509 14 1
16386 262 112 509 14 1
16387 262 113 509 14 1
16388 262 114 509 14 1
16389 262 115 509 14 1
16390 262 116 509 14 1
16391 262 117 509 14 1
16392 262 118 509 14 1
16393 262 119 509 14 1
16394 262 120 509 14 1
16395 262 121 509 14 1
16396 262 122 509 14 1
16397 262 123 509 14 1
16398 262 124 509 14 1
16399 262 125 509 14 1
16400 262 126 509 14 1
16401 263 64 509 14 1
16402 263 65 509 14 1
16403 263 66 509 14 1
16404 263 67 509 14 1
16405 263 68 509 14 1
16406 263 69 509 14 1
16407 263 70 509 14 1
16408 263 71 509 14 1
16409 263 72 509 14 1
16410 263 73 509 14 1
16411 263 74 509 14 1
16412 263 75 509 14 1
16413 263 76 509 14 1
16414 263 77 509 14 1
16415 263 78 509 14 1
16416 263 79 509 14 1
16417 263 80 509 14 1
16418 263 81 509 14 1
16419 263 82 509 14 1
16420 263 83 509 14 1
16421 263 84 509 14 1
16422 263 85 509 14 1
16423 263 86 509 14 1
16424 263 87 509 14 1
16425 263 88 509 14 1
16426 263 89 509 14 1
16427 263 90 509 14 1
16428 263 91 509 14 1
16429 263 92 509 14 1
16430 263 93 509 14 1
16431 263 94 509 14 1
16432 263 95 509 14 1
16433 263 96 509 14 1
16434 263 97 509 14 1
16435 263 98 509 14 1
16436 263 99 509 14 1
16437 263 100 509 14 1
16438 263 101 509 14 1
16439 263 102 509 14 1
16440 263 103 509 14 1
16441 263 104 509 14 1
16442 263 105 509 14 1
16443 263 106 509 14 1
16444 263 107 509 14 1
16445 263 108 509 14 1
16446 263 109 509 14 1
16447 263 110 509 14 1
16448 263 111 509 14 1
16449 263 112 509 14 1
16450 263 113 509 14 1
16451 263 114 509 14 1
16452 263 115 509 14 1
16453 263 116 509 14 1
16454 263 117 509 14 1
16455 263 118 509 14 1
16456 263 119 509 14 1
16457 263 120 509 14 1
16458 263 121 509 14 1
16459 263 122 509 14 1
16460 263 123 509 14 1
16461 263 124 509 14 1
16462 263 125 509 14 1
16463 263 126 509 14 1
16464 264 64 509 14 1
16465 264 65 509 14 1
16466 264 66 509 14 1
16467 264 67 509 14 1
16468 264 68 509 14 1
16469 264 69 509 14 1
16470 264 70 509 14 1
16471 264 71 509 14 1
16472 264 72 509 14 1
16473 264 73 509 14 1
16474 264 74 509 14 1
16475 264 75 509 14 1
16476 264 76 509 14 1
16477 264 77 509 14 1
16478 264 78 509 14 1
16479 264 79 509 14 1
16480 264 80 509 14 1
16481 264 81 509 14 1
16482 264 82 509 14 1
16483 264 83 509 14 1
16484 264 84 509 14 1
16485 264 85 509 14 1
16486 264 86 509 14 1
16487 264 87 509 14 1
16488 264 88 509 14 1
16489 264 89 509 14 1
16490 264 90 509 14 1
16491 264 91 509 14 1
16492 264 92 509 14 1
16493 264 93 509 14 1
16494 264 94 509 14 1
16495 264 95 509 14 1
16496 264 96 509 14 1
16497 264 97 509 14 1
16498 264 98 509 14 1
16499 264 99 509 14 1
16500 264 100 509 14 1
16501 264 101 509 14 1
16502 264 102 509 14 1
16503 264 103 509 14 1
16504 264 104 509 14 1
16505 264 105 509 14 1
16506 264 106 509 14 1
16507 264 107 509 14 1
16508 264 108 509 14 1
16509 264 109 509 14 1
16510 264 110 509 14 1
16511 264 111 509 14 1
16512 264 112 509 14 1
16513 264 113 509 14 1
16514 264 114 509 14 1
16515 264 115 509 14 1
16516 264 116 509 14 1
16517 264 117 509 14 1
16518 264 118 509 14 1
16519 264 119 509 14 1
16520 264 120 509 14 1
16521 264 121 509 14 1
16522 264 122 509 14 1
16523 264 123 509 14 1
16524 264 124 509 14 1
16525 264 125 509 14 1
16526 264 126 509 14 1
16527 265 64 509 14 1
16528 265 65 509 14 1
16529 265 66 509 14 1
16530 265 67 509 14 1
16531 265 68 509 14 1
16532 265 69 509 14 1
16533 265 70 509 14 1
16534 265 71 509 14 1
16535 265 72 509 14 1
16536 265 73 509 14 1
16537 265 74 509 14 1
16538 265 75 509 14 1
16539 265 76 509 14 1
16540 265 77 509 14 1
16541 265 78 509 14 1
16542 265 79 509 14 1
16543 265 80 509 14 1
16544 265 81 509 14 1
16545 265 82 509 14 1
16546 265 83 509 14 1
16547 265 84 509 14 1
16548 265 85 509 14 1
16549 265 86 509 14 1
16550 265 87 509 14 1
16551 265 88 509 14 1
16552 265 89 509 14 1
16553 265 90 509 14 1
16554 265 91 509 14 1
16555 265 92 509 14 1
16556 265 93 509 14 1
16557 265 94 509 14 1
16558 265 95 509 14 1
16559 265 96 509 14 1
16560 265 97 509 14 1
16561 265 98 509 14 1
16562 265 99 509 14 1
16563 265 100 509 14 1
16564 265 101 509 14 1
16565 265 102 509 14 1
16566 265 103 509 14 1
16567 265 104 509 14 1
16568 265 105 509 14 1
16569 265 106 509 14 1
16570 265 107 509 14 1
16571 265 108 509 14 1
16572 265 109 509 14 1
16573 265 110 509 14 1
16574 265 111 509 14 1
16575 265 112 509 14 1
16576 265 113 509 14 1
16577 265 114 509 14 1
16578 265 115 509 14 1
16579 265 116 509 14 1
16580 265 117 509 14 1
16581 265 118 509 14 1
16582 265 119 509 14 1
16583 265 120 509 14 1
16584 265 121 509 14 1
16585 265 122 509 14 1
16586 265 123 509 14 1
16587 265 124 509 14 1
16588 265 125 509 14 1
16589 265 126 509 14 1
16590 266 64 509 14 1
16591 266 65 509 14 1
16592 266 66 509 14 1
16593 266 67 509 14 1
16594 266 68 509 14 1
16595 266 69 509 14 1
16596 266 70 509 14 1
16597 266 71 509 14 1
16598 266 72 509 14 1
16599 266 73 509 14 1
16600 266 74 509 14 1
16601 266 75 509 14 1
16602 266 76 509 14 1
16603 266 77 509 14 1
16604 266 78 509 14 1
16605 266 79 509 14 1
16606 266 80 509 14 1
16607 266 81 509 14 1
16608 266 82 509 14 1
16609 266 83 509 14 1
16610 266 84 509 14 1
16611 266 85 509 14 1
16612 266 86 509 14 1
16613 266 87 509 14 1
16614 266 88 509 14 1
16615 266 89 509 14 1
16616 266 90 509 14 1
16617 266 91 509 14 1
16618 266 92 509 14 1
16619 266 93 509 14 1
16620 266 94 509 14 1
16621 266 95 509 14 1
16622 266 96 509 14 1
16623 266 97 509 14 1
16624 266 98 509 14 1
16625 266 99 509 14 1
16626 266 100 509 14 1
16627 266 101 509 14 1
16628 266 102 509 14 1
16629 266 103 509 14 1
16630 266 104 509 14 1
16631 266 105 509 14 1
16632 266 106 509 14 1
16633 266 107 509 14 1
16634 266 108 509 14 1
16635 266 109 509 14 1
16636 266 110 509 14 1
16637 266 111 509 14 1
16638 266 112 509 14 1
16639 266 113 509 14 1
16640 266 114 509 14 1
16641 266 115 509 14 1
16642 266 116 509 14 1
16643 266 117 509 14 1
16644 266 118 509 14 1
16645 266 119 509 14 1
16646 266 120 509 14 1
16647 266 121 509 14 1
16648 266 122 509 14 1
16649 266 123 509 14 1
16650 266 124 509 14 1
16651 266 125 509 14 1
16652 266 126 509 14 1
16653 267 64 509 14 1
16654 267 65 509 14 1
16655 267 66 509 14 1
16656 267 67 509 14 1
16657 267 68 509 14 1
16658 267 69 509 14 1
16659 267 70 509 14 1
16660 267 71 509 14 1
16661 267 72 509 14 1
16662 267 73 509 14 1
16663 267 74 509 14 1
16664 267 75 509 14 1
16665 267 76 509 14 1
16666 267 77 509 14 1
16667 267 78 509 14 1
16668 267 79 509 14 1
16669 267 80 509 14 1
16670 267 81 509 14 1
16671 267 82 509 14 1
16672 267 83 509 14 1
16673 267 84 509 14 1
16674 267 85 509 14 1
16675 267 86 509 14 1
16676 267 87 509 14 1
16677 267 88 509 14 1
16678 267 89 509 14 1
16679 267 90 509 14 1
16680 267 91 509 14 1
16681 267 92 509 14 1
16682 267 93 509 14 1
16683 267 94 509 14 1
16684 267 95 509 14 1
16685 267 96 509 14 1
16686 267 97 509 14 1
16687 267 98 509 14 1
16688 267 99 509 14 1
16689 267 100 509 14 1
16690 267 101 509 14 1
16691 267 102 509 14 1
16692 267 103 509 14 1
16693 267 104 509 14 1
16694 267 105 509 14 1
16695 267 106 509 14 1
16696 267 107 509 14 1
16697 267 108 509 14 1
16698 267 109 509 14 1
16699 267 110 509 14 1
16700 267 111 509 14 1
16701 267 112 509 14 1
16702 267 113 509 14 1
16703 267 114 509 14 1
16704 267 115 509 14 1
16705 267 116 509 14 1
16706 267 117 509 14 1
16707 267 118 509 14 1
16708 267 119 509 14 1
16709 267 120 509 14 1
16710 267 121 509 14 1
16711 267 122 509 14 1
16712 267 123 509 14 1
16713 267 124 509 14 1
16714 267 125 509 14 1
16715 267 126 509 14 1
16716 268 64 509 14 1
16717 268 65 509 14 1
16718 268 66 509 14 1
16719 268 67 509 14 1
16720 268 68 509 14 1
16721 268 69 509 14 1
16722 268 70 509 14 1
16723 268 71 509 14 1
16724 268 72 509 14 1
16725 268 73 509 14 1
16726 268 74 509 14 1
16727 268 75 509 14 1
16728 268 76 509 14 1
16729 268 77 509 14 1
16730 268 78 509 14 1
16731 268 79 509 14 1
16732 268 80 509 14 1
16733 268 81 509 14 1
16734 268 82 509 14 1
16735 268 83 509 14 1
16736 268 84 509 14 1
16737 268 85 509 14 1
16738 268 86 509 14 1
16739 268 87 509 14 1
16740 268 88 509 14 1
16741 268 89 509 14 1
16742 268 90 509 14 1
16743 268 91 509 14 1
16744 268 92 509 14 1
16745 268 93 509 14 1
16746 268 94 509 14 1
16747 268 95 509 14 1
16748 268 96 509 14 1
16749 268 97 509 14 1
16750 268 98 509 14 1
16751 268 99 509 14 1
16752 268 100 509 14 1
16753 268 101 509 14 1
16754 268 102 509 14 1
16755 268 103 509 14 1
16756 268 104 509 14 1
16757 268 105 509 14 1
16758 268 106 509 14 1
16759 268 107 509 14 1
16760 268 108 509 14 1
16761 268 109 509 14 1
16762 268 110 509 14 1
16763 268 111 509 14 1
16764 268 112 509 14 1
16765 268 113 509 14 1
16766 268 114 509 14 1
16767 268 115 509 14 1
16768 268 116 509 14 1
16769 268 117 509 14 1
16770 268 118 509 14 1
16771 268 119 509 14 1
16772 268 120 509 14 1
16773 268 121 509 14 1
16774 268 122 509 14 1
16775 268 123 509 14 1
16776 268 124 509 14 1
16777 268 125 509 14 1
16778 268 126 509 14 1
16779 269 64 509 14 1
16780 269 65 509 14 1
16781 269 66 509 14 1
16782 269 67 509 14 1
16783 269 68 509 14 1
16784 269 69 509 14 1
16785 269 70 509 14 1
16786 269 71 509 14 1
16787 269 72 509 14 1
16788 269 73 509 14 1
16789 269 74 509 14 1
16790 269 75 509 14 1
16791 269 76 509 14 1
16792 269 77 509 14 1
16793 269 78 509 14 1
16794 269 79 509 14 1
16795 269 80 509 14 1
16796 269 81 509 14 1
16797 269 82 509 14 1
16798 269 83 509 14 1
16799 269 84 509 14 1
16800 269 85 509 14 1
16801 269 86 509 14 1
16802 269 87 509 14 1
16803 269 88 509 14 1
16804 269 89 509 14 1
16805 269 90 509 14 1
16806 269 91 509 14 1
16807 269 92 509 14 1
16808 269 93 509 14 1
16809 269 94 509 14 1
16810 269 95 509 14 1
16811 269 96 509 14 1
16812 269 97 509 14 1
16813 269 98 509 14 1
16814 269 99 509 14 1
16815 269 100 509 14 1
16816 269 101 509 14 1
16817 269 102 509 14 1
16818 269 103 509 14 1
16819 269 104 509 14 1
16820 269 105 509 14 1
16821 269 106 509 14 1
16822 269 107 509 14 1
16823 269 108 509 14 1
16824 269 109 509 14 1
16825 269 110 509 14 1
16826 269 111 509 14 1
16827 269 112 509 14 1
16828 269 113 509 14 1
16829 269 114 509 14 1
16830 269 115 509 14 1
16831 269 116 509 14 1
16832 269 117 509 14 1
16833 269 118 509 14 1
16834 269 119 509 14 1
16835 269 120 509 14 1
16836 269 121 509 14 1
16837 269 122 509 14 1
16838 269 123 509 14 1
16839 269 124 509 14 1
16840 269 125 509 14 1
16841 269 126 509 14 1
16842 270 64 509 14 1
16843 270 65 509 14 1
16844 270 66 509 14 1
16845 270 67 509 14 1
16846 270 68 509 14 1
16847 270 69 509 14 1
16848 270 70 509 14 1
16849 270 71 509 14 1
16850 270 72 509 14 1
16851 270 73 509 14 1
16852 270 74 509 14 1
16853 270 75 509 14 1
16854 270 76 509 14 1
16855 270 77 509 14 1
16856 270 78 509 14 1
16857 270 79 509 14 1
16858 270 80 509 14 1
16859 270 81 509 14 1
16860 270 82 509 14 1
16861 270 83 509 14 1
16862 270 84 509 14 1
16863 270 85 509 14 1
16864 270 86 509 14 1
16865 270 87 509 14 1
16866 270 88 509 14 1
16867 270 89 509 14 1
16868 270 90 509 14 1
16869 270 91 509 14 1
16870 270 92 509 14 1
16871 270 93 509 14 1
16872 270 94 509 14 1
16873 270 95 509 14 1
16874 270 96 509 14 1
16875 270 97 509 14 1
16876 270 98 509 14 1
16877 270 99 509 14 1
16878 270 100 509 14 1
16879 270 101 509 14 1
16880 270 102 509 14 1
16881 270 103 509 14 1
16882 270 104 509 14 1
16883 270 105 509 14 1
16884 270 106 509 14 1
16885 270 107 509 14 1
16886 270 108 509 14 1
16887 270 109 509 14 1
16888 270 110 509 14 1
16889 270 111 509 14 1
16890 270 112 509 14 1
16891 270 113 509 14 1
16892 270 114 509 14 1
16893 270 115 509 14 1
16894 270 116 509 14 1
16895 270 117 509 14 1
16896 270 118 509 14 1
16897 270 119 509 14 1
16898 270 120 509 14 1
16899 270 121 509 14 1
16900 270 122 509 14 1
16901 270 123 509 14 1
16902 270 124 509 14 1
16903 270 125 509 14 1
16904 270 126 509 14 1
16905 271 64 509 14 1
16906 271 65 509 14 1
16907 271 66 509 14 1
16908 271 67 509 14 1
16909 271 68 509 14 1
16910 271 69 509 14 1
16911 271 70 509 14 1
16912 271 71 509 14 1
16913 271 72 509 14 1
16914 271 73 509 14 1
16915 271 74 509 14 1
16916 271 75 509 14 1
16917 271 76 509 14 1
16918 271 77 509 14 1
16919 271 78 509 14 1
16920 271 79 509 14 1
16921 271 80 509 14 1
16922 271 81 509 14 1
16923 271 82 509 14 1
16924 271 83 509 14 1
16925 271 84 509 14 1
16926 271 85 509 14 1
16927 271 86 509 14 1
16928 271 87 509 14 1
16929 271 88 509 14 1
16930 271 89 509 14 1
16931 271 90 509 14 1
16932 271 91 509 14 1
16933 271 92 509 14 1
16934 271 93 509 14 1
16935 271 94 509 14 1
16936 271 95 509 14 1
16937 271 96 509 14 1
16938 271 97 509 14 1
16939 271 98 509 14 1
16940 271 99 509 14 1
16941 271 100 509 14 1
16942 271 101 509 14 1
16943 271 102 509 14 1
16944 271 103 509 14 1
16945 271 104 509 14 1
16946 271 105 509 14 1
16947 271 106 509 14 1
16948 271 107 509 14 1
16949 271 108 509 14 1
16950 271 109 509 14 1
16951 271 110 509 14 1
16952 271 111 509 14 1
16953 271 112 509 14 1
16954 271 113 509 14 1
16955 271 114 509 14 1
16956 271 115 509 14 1
16957 271 116 509 14 1
16958 271 117 509 14 1
16959 271 118 509 14 1
16960 271 119 509 14 1
16961 271 120 509 14 1
16962 271 121 509 14 1
16963 271 122 509 14 1
16964 271 123 509 14 1
16965 271 124 509 14 1
16966 271 125 509 14 1
16967 271 126 509 14 1
16968 272 64 509 14 1
16969 272 65 509 14 1
16970 272 66 509 14 1
16971 272 67 509 14 1
16972 272 68 509 14 1
16973 272 69 509 14 1
16974 272 70 509 14 1
16975 272 71 509 14 1
16976 272 72 509 14 1
16977 272 73 509 14 1
16978 272 74 509 14 1
16979 272 75 509 14 1
16980 272 76 509 14 1
16981 272 77 509 14 1
16982 272 78 509 14 1
16983 272 79 509 14 1
16984 272 80 509 14 1
16985 272 81 509 14 1
16986 272 82 509 14 1
16987 272 83 509 14 1
16988 272 84 509 14 1
16989 272 85 509 14 1
16990 272 86 509 14 1
16991 272 87 509 14 1
16992 272 88 509 14 1
16993 272 89 509 14 1
16994 272 90 509 14 1
16995 272 91 509 14 1
16996 272 92 509 14 1
16997 272 93 509 14 1
16998 272 94 509 14 1
16999 272 95 509 14 1
17000 272 96 509 14 1
17001 272 97 509 14 1
17002 272 98 509 14 1
17003 272 99 509 14 1
17004 272 100 509 14 1
17005 272 101 509 14 1
17006 272 102 509 14 1
17007 272 103 509 14 1
17008 272 104 509 14 1
17009 272 105 509 14 1
17010 272 106 509 14 1
17011 272 107 509 14 1
17012 272 108 509 14 1
17013 272 109 509 14 1
17014 272 110 509 14 1
17015 272 111 509 14 1
17016 272 112 509 14 1
17017 272 113 509 14 1
17018 272 114 509 14 1
17019 272 115 509 14 1
17020 272 116 509 14 1
17021 272 117 509 14 1
17022 272 118 509 14 1
17023 272 119 509 14 1
17024 272 120 509 14 1
17025 272 121 509 14 1
17026 272 122 509 14 1
17027 272 123 509 14 1
17028 272 124 509 14 1
17029 272 125 509 14 1
17030 272 126 509 14 1
17031 273 64 509 14 1
17032 273 65 509 14 1
17033 273 66 509 14 1
17034 273 67 509 14 1
17035 273 68 509 14 1
17036 273 69 509 14 1
17037 273 70 509 14 1
17038 273 71 509 14 1
17039 273 72 509 14 1
17040 273 73 509 14 1
17041 273 74 509 14 1
17042 273 75 509 14 1
17043 273 76 509 14 1
17044 273 77 509 14 1
17045 273 78 509 14 1
17046 273 79 509 14 1
17047 273 80 509 14 1
17048 273 81 509 14 1
17049 273 82 509 14 1
17050 273 83 509 14 1
17051 273 84 509 14 1
17052 273 85 509 14 1
17053 273 86 509 14 1
17054 273 87 509 14 1
17055 273 88 509 14 1
17056 273 89 509 14 1
17057 273 90 509 14 1
17058 273 91 509 14 1
17059 273 92 509 14 1
17060 273 93 509 14 1
17061 273 94 509 14 1
17062 273 95 509 14 1
17063 273 96 509 14 1
17064 273 97 509 14 1
17065 273 98 509 14 1
17066 273 99 509 14 1
17067 273 100 509 14 1
17068 273 101 509 14 1
17069 273 102 509 14 1
17070 273 103 509 14 1
17071 273 104 509 14 1
17072 273 105 509 14 1
17073 273 106 509 14 1
17074 273 107 509 14 1
17075 273 108 509 14 1
17076 273 109 509 14 1
17077 273 110 509 14 1
17078 273 111 509 14 1
17079 273 112 509 14 1
17080 273 113 509 14 1
17081 273 114 509 14 1
17082 273 115 509 14 1
17083 273 116 509 14 1
17084 273 117 509 14 1
17085 273 118 509 14 1
17086 273 119 509 14 1
17087 273 120 509 14 1
17088 273 121 509 14 1
17089 273 122 509 14 1
17090 273 123 509 14 1
17091 273 124 509 14 1
17092 273 125 509 14 1
17093 273 126 509 14 1
17094 274 64 509 14 1
17095 274 65 509 14 1
17096 274 66 509 14 1
17097 274 67 509 14 1
17098 274 68 509 14 1
17099 274 69 509 14 1
17100 274 70 509 14 1
17101 274 71 509 14 1
17102 274 72 509 14 1
17103 274 73 509 14 1
17104 274 74 509 14 1
17105 274 75 509 14 1
17106 274 76 509 14 1
17107 274 77 509 14 1
17108 274 78 509 14 1
17109 274 79 509 14 1
17110 274 80 509 14 1
17111 274 81 509 14 1
17112 274 82 509 14 1
17113 274 83 509 14 1
17114 274 84 509 14 1
17115 274 85 509 14 1
17116 274 86 509 14 1
17117 274 87 509 14 1
17118 274 88 509 14 1
17119 274 89 509 14 1
17120 274 90 509 14 1
17121 274 91 509 14 1
17122 274 92 509 14 1
17123 274 93 509 14 1
17124 274 94 509 14 1
17125 274 95 509 14 1
17126 274 96 509 14 1
17127 274 97 509 14 1
17128 274 98 509 14 1
17129 274 99 509 14 1
17130 274 100 509 14 1
17131 274 101 509 14 1
17132 274 102 509 14 1
17133 274 103 509 14 1
17134 274 104 509 14 1
17135 274 105 509 14 1
17136 274 106 509 14 1
17137 274 107 509 14 1
17138 274 108 509 14 1
17139 274 109 509 14 1
17140 274 110 509 14 1
17141 274 111 509 14 1
17142 274 112 509 14 1
17143 274 113 509 14 1
17144 274 114 509 14 1
17145 274 115 509 14 1
17146 274 116 509 14 1
17147 274 117 509 14 1
17148 274 118 509 14 1
17149 274 119 509 14 1
17150 274 120 509 14 1
17151 274 121 509 14 1
17152 274 122 509 14 1
17153 274 123 509 14 1
17154 274 124 509 14 1
17155 274 125 509 14 1
17156 274 126 509 14 1
17157 275 64 509 14 1
17158 275 65 509 14 1
17159 275 66 509 14 1
17160 275 67 509 14 1
17161 275 68 509 14 1
17162 275 69 509 14 1
17163 275 70 509 14 1
17164 275 71 509 14 1
17165 275 72 509 14 1
17166 275 73 509 14 1
17167 275 74 509 14 1
17168 275 75 509 14 1
17169 275 76 509 14 1
17170 275 77 509 14 1
17171 275 78 509 14 1
17172 275 79 509 14 1
17173 275 80 509 14 1
17174 275 81 509 14 1
17175 275 82 509 14 1
17176 275 83 509 14 1
17177 275 84 509 14 1
17178 275 85 509 14 1
17179 275 86 509 14 1
17180 275 87 509 14 1
17181 275 88 509 14 1
17182 275 89 509 14 1
17183 275 90 509 14 1
17184 275 91 509 14 1
17185 275 92 509 14 1
17186 275 93 509 14 1
17187 275 94 509 14 1
17188 275 95 509 14 1
17189 275 96 509 14 1
17190 275 97 509 14 1
17191 275 98 509 14 1
17192 275 99 509 14 1
17193 275 100 509 14 1
17194 275 101 509 14 1
17195 275 102 509 14 1
17196 275 103 509 14 1
17197 275 104 509 14 1
17198 275 105 509 14 1
17199 275 106 509 14 1
17200 275 107 509 14 1
17201 275 108 509 14 1
17202 275 109 509 14 1
17203 275 110 509 14 1
17204 275 111 509 14 1
17205 275 112 509 14 1
17206 275 113 509 14 1
17207 275 114 509 14 1
17208 275 115 509 14 1
17209 275 116 509 14 1
17210 275 117 509 14 1
17211 275 118 509 14 1
17212 275 119 509 14 1
17213 275 120 509 14 1
17214 275 121 509 14 1
17215 275 122 509 14 1
17216 275 123 509 14 1
17217 275 124 509 14 1
17218 275 125 509 14 1
17219 275 126 509 14 1
17220 276 64 509 14 1
17221 276 65 509 14 1
17222 276 66 509 14 1
17223 276 67 509 14 1
17224 276 68 509 14 1
17225 276 69 509 14 1
17226 276 70 509 14 1
17227 276 71 509 14 1
17228 276 72 509 14 1
17229 276 73 509 14 1
17230 276 74 509 14 1
17231 276 75 509 14 1
17232 276 76 509 14 1
17233 276 77 509 14 1
17234 276 78 509 14 1
17235 276 79 509 14 1
17236 276 80 509 14 1
17237 276 81 509 14 1
17238 276 82 509 14 1
17239 276 83 509 14 1
17240 276 84 509 14 1
17241 276 85 509 14 1
17242 276 86 509 14 1
17243 276 87 509 14 1
17244 276 88 509 14 1
17245 276 89 509 14 1
17246 276 90 509 14 1
17247 276 91 509 14 1
17248 276 92 509 14 1
17249 276 93 509 14 1
17250 276 94 509 14 1
17251 276 95 509 14 1
17252 276 96 509 14 1
17253 276 97 509 14 1
17254 276 98 509 14 1
17255 276 99 509 14 1
17256 276 100 509 14 1
17257 276 101 509 14 1
17258 276 102 509 14 1
17259 276 103 509 14 1
17260 276 104 509 14 1
17261 276 105 509 14 1
17262 276 106 509 14 1
17263 276 107 509 14 1
17264 276 108 509 14 1
17265 276 109 509 14 1
17266 276 110 509 14 1
17267 276 111 509 14 1
17268 276 112 509 14 1
17269 276 113 509 14 1
17270 276 114 509 14 1
17271 276 115 509 14 1
17272 276 116 509 14 1
17273 276 117 509 14 1
17274 276 118 509 14 1
17275 276 119 509 14 1
17276 276 120 509 14 1
17277 276 121 509 14 1
17278 276 122 509 14 1
17279 276 123 509 14 1
17280 276 124 509 14 1
17281 276 125 509 14 1
17282 276 126 509 14 1
17283 277 64 509 14 1
17284 277 65 509 14 1
17285 277 66 509 14 1
17286 277 67 509 14 1
17287 277 68 509 14 1
17288 277 69 509 14 1
17289 277 70 509 14 1
17290 277 71 509 14 1
17291 277 72 509 14 1
17292 277 73 509 14 1
17293 277 74 509 14 1
17294 277 75 509 14 1
17295 277 76 509 14 1
17296 277 77 509 14 1
17297 277 78 509 14 1
17298 277 79 509 14 1
17299 277 80 509 14 1
17300 277 81 509 14 1
17301 277 82 509 14 1
17302 277 83 509 14 1
17303 277 84 509 14 1
17304 277 85 509 14 1
17305 277 86 509 14 1
17306 277 87 509 14 1
17307 277 88 509 14 1
17308 277 89 509 14 1
17309 277 90 509 14 1
17310 277 91 509 14 1
17311 277 92 509 14 1
17312 277 93 509 14 1
17313 277 94 509 14 1
17314 277 95 509 14 1
17315 277 96 509 14 1
17316 277 97 509 14 1
17317 277 98 509 14 1
17318 277 99 509 14 1
17319 277 100 509 14 1
17320 277 101 509 14 1
17321 277 102 509 14 1
17322 277 103 509 14 1
17323 277 104 509 14 1
17324 277 105 509 14 1
17325 277 106 509 14 1
17326 277 107 509 14 1
17327 277 108 509 14 1
17328 277 109 509 14 1
17329 277 110 509 14 1
17330 277 111 509 14 1
17331 277 112 509 14 1
17332 277 113 509 14 1
17333 277 114 509 14 1
17334 277 115 509 14 1
17335 277 116 509 14 1
17336 277 117 509 14 1
17337 277 118 509 14 1
17338 277 119 509 14 1
17339 277 120 509 14 1
17340 277 121 509 14 1
17341 277 122 509 14 1
17342 277 123 509 14 1
17343 277 124 509 14 1
17344 277 125 509 14 1
17345 277 126 509 14 1
17346 278 64 509 14 1
17347 278 65 509 14 1
17348 278 66 509 14 1
17349 278 67 509 14 1
17350 278 68 509 14 1
17351 278 69 509 14 1
17352 278 70 509 14 1
17353 278 71 509 14 1
17354 278 72 509 14 1
17355 278 73 509 14 1
17356 278 74 509 14 1
17357 278 75 509 14 1
17358 278 76 509 14 1
17359 278 77 509 14 1
17360 278 78 509 14 1
17361 278 79 509 14 1
17362 278 80 509 14 1
17363 278 81 509 14 1
17364 278 82 509 14 1
17365 278 83 509 14 1
17366 278 84 509 14 1
17367 278 85 509 14 1
17368 278 86 509 14 1
17369 278 87 509 14 1
17370 278 88 509 14 1
17371 278 89 509 14 1
17372 278 90 509 14 1
17373 278 91 509 14 1
17374 278 92 509 14 1
17375 278 93 509 14 1
17376 278 94 509 14 1
17377 278 95 509 14 1
17378 278 96 509 14 1
17379 278 97 509 14 1
17380 278 98 509 14 1
17381 278 99 509 14 1
17382 278 100 509 14 1
17383 278 101 509 14 1
17384 278 102 509 14 1
17385 278 103 509 14 1
17386 278 104 509 14 1
17387 278 105 509 14 1
17388 278 106 509 14 1
17389 278 107 509 14 1
17390 278 108 509 14 1
17391 278 109 509 14 1
17392 278 110 509 14 1
17393 278 111 509 14 1
17394 278 112 509 14 1
17395 278 113 509 14 1
17396 278 114 509 14 1
17397 278 115 509 14 1
17398 278 116 509 14 1
17399 278 117 509 14 1
17400 278 118 509 14 1
17401 278 119 509 14 1
17402 278 120 509 14 1
17403 278 121 509 14 1
17404 278 122 509 14 1
17405 278 123 509 14 1
17406 278 124 509 14 1
17407 278 125 509 14 1
17408 278 126 509 14 1
17409 279 64 509 14 1
17410 279 65 509 14 1
17411 279 66 509 14 1
17412 279 67 509 14 1
17413 279 68 509 14 1
17414 279 69 509 14 1
17415 279 70 509 14 1
17416 279 71 509 14 1
17417 279 72 509 14 1
17418 279 73 509 14 1
17419 279 74 509 14 1
17420 279 75 509 14 1
17421 279 76 509 14 1
17422 279 77 509 14 1
17423 279 78 509 14 1
17424 279 79 509 14 1
17425 279 80 509 14 1
17426 279 81 509 14 1
17427 279 82 509 14 1
17428 279 83 509 14 1
17429 279 84 509 14 1
17430 279 85 509 14 1
17431 279 86 509 14 1
17432 279 87 509 14 1
17433 279 88 509 14 1
17434 279 89 509 14 1
17435 279 90 509 14 1
17436 279 91 509 14 1
17437 279 92 509 14 1
17438 279 93 509 14 1
17439 279 94 509 14 1
17440 279 95 509 14 1
17441 279 96 509 14 1
17442 279 97 509 14 1
17443 279 98 509 14 1
17444 279 99 509 14 1
17445 279 100 509 14 1
17446 279 101 509 14 1
17447 279 102 509 14 1
17448 279 103 509 14 1
17449 279 104 509 14 1
17450 279 105 509 14 1
17451 279 106 509 14 1
17452 279 107 509 14 1
17453 279 108 509 14 1
17454 279 109 509 14 1
17455 279 110 509 14 1
17456 279 111 509 14 1
17457 279 112 509 14 1
17458 279 113 509 14 1
17459 279 114 509 14 1
17460 279 115 509 14 1
17461 279 116 509 14 1
17462 279 117 509 14 1
17463 279 118 509 14 1
17464 279 119 509 14 1
17465 279 120 509 14 1
17466 279 121 509 14 1
17467 279 122 509 14 1
17468 279 123 509 14 1
17469 279 124 509 14 1
17470 279 125 509 14 1
17471 279 126 509 14 1
17472 280 64 509 14 1
17473 280 65 509 14 1
17474 280 66 509 14 1
17475 280 67 509 14 1
17476 280 68 509 14 1
17477 280 69 509 14 1
17478 280 70 509 14 1
17479 280 71 509 14 1
17480 280 72 509 14 1
17481 280 73 509 14 1
17482 280 74 509 14 1
17483 280 75 509 14 1
17484 280 76 509 14 1
17485 280 77 509 14 1
17486 280 78 509 14 1
17487 280 79 509 14 1
17488 280 80 509 14 1
17489 280 81 509 14 1
17490 280 82 509 14 1
17491 280 83 509 14 1
17492 280 84 509 14 1
17493 280 85 509 14 1
17494 280 86 509 14 1
17495 280 87 509 14 1
17496 280 88 509 14 1
17497 280 89 509 14 1
17498 280 90 509 14 1
17499 280 91 509 14 1
17500 280 92 509 14 1
17501 280 93 509 14 1
17502 280 94 509 14 1
17503 280 95 509 14 1
17504 280 96 509 14 1
17505 280 97 509 14 1
17506 280 98 509 14 1
17507 280 99 509 14 1
17508 280 100 509 14 1
17509 280 101 509 14 1
17510 280 102 509 14 1
17511 280 103 509 14 1
17512 280 104 509 14 1
17513 280 105 509 14 1
17514 280 106 509 14 1
17515 280 107 509 14 1
17516 280 108 509 14 1
17517 280 109 509 14 1
17518 280 110 509 14 1
17519 280 111 509 14 1
17520 280 112 509 14 1
17521 280 113 509 14 1
17522 280 114 509 14 1
17523 280 115 509 14 1
17524 280 116 509 14 1
17525 280 117 509 14 1
17526 280 118 509 14 1
17527 280 119 509 14 1
17528 280 120 509 14 1
17529 280 121 509 14 1
17530 280 122 509 14 1
17531 280 123 509 14 1
17532 280 124 509 14 1
17533 280 125 509 14 1
17534 280 126 509 14 1
17535 281 64 509 14 1
17536 281 65 509 14 1
17537 281 66 509 14 1
17538 281 67 509 14 1
17539 281 68 509 14 1
17540 281 69 509 14 1
17541 281 70 509 14 1
17542 281 71 509 14 1
17543 281 72 509 14 1
17544 281 73 509 14 1
17545 281 74 509 14 1
17546 281 75 509 14 1
17547 281 76 509 14 1
17548 281 77 509 14 1
17549 281 78 509 14 1
17550 281 79 509 14 1
17551 281 80 509 14 1
17552 281 81 509 14 1
17553 281 82 509 14 1
17554 281 83 509 14 1
17555 281 84 509 14 1
17556 281 85 509 14 1
17557 281 86 509 14 1
17558 281 87 509 14 1
17559 281 88 509 14 1
17560 281 89 509 14 1
17561 281 90 509 14 1
17562 281 91 509 14 1
17563 281 92 509 14 1
17564 281 93 509 14 1
17565 281 94 509 14 1
17566 281 95 509 14 1
17567 281 96 509 14 1
17568 281 97 509 14 1
17569 281 98 509 14 1
17570 281 99 509 14 1
17571 281 100 509 14 1
17572 281 101 509 14 1
17573 281 102 509 14 1
17574 281 103 509 14 1
17575 281 104 509 14 1
17576 281 105 509 14 1
17577 281 106 509 14 1
17578 281 107 509 14 1
17579 281 108 509 14 1
17580 281 109 509 14 1
17581 281 110 509 14 1
17582 281 111 509 14 1
17583 281 112 509 14 1
17584 281 113 509 14 1
17585 281 114 509 14 1
17586 281 115 509 14 1
17587 281 116 509 14 1
17588 281 117 509 14 1
17589 281 118 509 14 1
17590 281 119 509 14 1
17591 281 120 509 14 1
17592 281 121 509 14 1
17593 281 122 509 14 1
17594 281 123 509 14 1
17595 281 124 509 14 1
17596 281 125 509 14 1
17597 281 126 509 14 1
17598 282 64 509 14 1
17599 282 65 509 14 1
17600 282 66 509 14 1
17601 282 67 509 14 1
17602 282 68 509 14 1
17603 282 69 509 14 1
17604 282 70 509 14 1
17605 282 71 509 14 1
17606 282 72 509 14 1
17607 282 73 509 14 1
17608 282 74 509 14 1
17609 282 75 509 14 1
17610 282 76 509 14 1
17611 282 77 509 14 1
17612 282 78 509 14 1
17613 282 79 509 14 1
17614 282 80 509 14 1
17615 282 81 509 14 1
17616 282 82 509 14 1
17617 282 83 509 14 1
17618 282 84 509 14 1
17619 282 85 509 14 1
17620 282 86 509 14 1
17621 282 87 509 14 1
17622 282 88 509 14 1
17623 282 89 509 14 1
17624 282 90 509 14 1
17625 282 91 509 14 1
17626 282 92 509 14 1
17627 282 93 509 14 1
17628 282 94 509 14 1
17629 282 95 509 14 1
17630 282 96 509 14 1
17631 282 97 509 14 1
17632 282 98 509 14 1
17633 282 99 509 14 1
17634 282 100 509 14 1
17635 282 101 509 14 1
17636 282 102 509 14 1
17637 282 103 509 14 1
17638 282 104 509 14 1
17639 282 105 509 14 1
17640 282 106 509 14 1
17641 282 107 509 14 1
17642 282 108 509 14 1
17643 282 109 509 14 1
17644 282 110 509 14 1
17645 282 111 509 14 1
17646 282 112 509 14 1
17647 282 113 509 14 1
17648 282 114 509 14 1
17649 282 115 509 14 1
17650 282 116 509 14 1
17651 282 117 509 14 1
17652 282 118 509 14 1
17653 282 119 509 14 1
17654 282 120 509 14 1
17655 282 121 509 14 1
17656 282 122 509 14 1
17657 282 123 509 14 1
17658 282 124 509 14 1
17659 282 125 509 14 1
17660 282 126 509 14 1
17661 283 64 509 14 1
17662 283 65 509 14 1
17663 283 66 509 14 1
17664 283 67 509 14 1
17665 283 68 509 14 1
17666 283 69 509 14 1
17667 283 70 509 14 1
17668 283 71 509 14 1
17669 283 72 509 14 1
17670 283 73 509 14 1
17671 283 74 509 14 1
17672 283 75 509 14 1
17673 283 76 509 14 1
17674 283 77 509 14 1
17675 283 78 509 14 1
17676 283 79 509 14 1
17677 283 80 509 14 1
17678 283 81 509 14 1
17679 283 82 509 14 1
17680 283 83 509 14 1
17681 283 84 509 14 1
17682 283 85 509 14 1
17683 283 86 509 14 1
17684 283 87 509 14 1
17685 283 88 509 14 1
17686 283 89 509 14 1
17687 283 90 509 14 1
17688 283 91 509 14 1
17689 283 92 509 14 1
17690 283 93 509 14 1
17691 283 94 509 14 1
17692 283 95 509 14 1
17693 283 96 509 14 1
17694 283 97 509 14 1
17695 283 98 509 14 1
17696 283 99 509 14 1
17697 283 100 509 14 1
17698 283 101 509 14 1
17699 283 102 509 14 1
17700 283 103 509 14 1
17701 283 104 509 14 1
17702 283 105 509 14 1
17703 283 106 509 14 1
17704 283 107 509 14 1
17705 283 108 509 14 1
17706 283 109 509 14 1
17707 283 110 509 14 1
17708 283 111 509 14 1
17709 283 112 509 14 1
17710 283 113 509 14 1
17711 283 114 509 14 1
17712 283 115 509 14 1
17713 283 116 509 14 1
17714 283 117 509 14 1
17715 283 118 509 14 1
17716 283 119 509 14 1
17717 283 120 509 14 1
17718 283 121 509 14 1
17719 283 122 509 14 1
17720 283 123 509 14 1
17721 283 124 509 14 1
17722 283 125 509 14 1
17723 283 126 509 14 1
17724 284 64 509 14 1
17725 284 65 509 14 1
17726 284 66 509 14 1
17727 284 67 509 14 1
17728 284 68 509 14 1
17729 284 69 509 14 1
17730 284 70 509 14 1
17731 284 71 509 14 1
17732 284 72 509 14 1
17733 284 73 509 14 1
17734 284 74 509 14 1
17735 284 75 509 14 1
17736 284 76 509 14 1
17737 284 77 509 14 1
17738 284 78 509 14 1
17739 284 79 509 14 1
17740 284 80 509 14 1
17741 284 81 509 14 1
17742 284 82 509 14 1
17743 284 83 509 14 1
17744 284 84 509 14 1
17745 284 85 509 14 1
17746 284 86 509 14 1
17747 284 87 509 14 1
17748 284 88 509 14 1
17749 284 89 509 14 1
17750 284 90 509 14 1
17751 284 91 509 14 1
17752 284 92 509 14 1
17753 284 93 509 14 1
17754 284 94 509 14 1
17755 284 95 509 14 1
17756 284 96 509 14 1
17757 284 97 509 14 1
17758 284 98 509 14 1
17759 284 99 509 14 1
17760 284 100 509 14 1
17761 284 101 509 14 1
17762 284 102 509 14 1
17763 284 103 509 14 1
17764 284 104 509 14 1
17765 284 105 509 14 1
17766 284 106 509 14 1
17767 284 107 509 14 1
17768 284 108 509 14 1
17769 284 109 509 14 1
17770 284 110 509 14 1
17771 284 111 509 14 1
17772 284 112 509 14 1
17773 284 113 509 14 1
17774 284 114 509 14 1
17775 284 115 509 14 1
17776 284 116 509 14 1
17777 284 117 509 14 1
17778 284 118 509 14 1
17779 284 119 509 14 1
17780 284 120 509 14 1
17781 284 121 509 14 1
17782 284 122 509 14 1
17783 284 123 509 14 1
17784 284 124 509 14 1
17785 284 125 509 14 1
17786 284 126 509 14 1
17787 285 64 509 14 1
17788 285 65 509 14 1
17789 285 66 509 14 1
17790 285 67 509 14 1
17791 285 68 509 14 1
17792 285 69 509 14 1
17793 285 70 509 14 1
17794 285 71 509 14 1
17795 285 72 509 14 1
17796 285 73 509 14 1
17797 285 74 509 14 1
17798 285 75 509 14 1
17799 285 76 509 14 1
17800 285 77 509 14 1
17801 285 78 509 14 1
17802 285 79 509 14 1
17803 285 80 509 14 1
17804 285 81 509 14 1
17805 285 82 509 14 1
17806 285 83 509 14 1
17807 285 84 509 14 1
17808 285 85 509 14 1
17809 285 86 509 14 1
17810 285 87 509 14 1
17811 285 88 509 14 1
17812 285 89 509 14 1
17813 285 90 509 14 1
17814 285 91 509 14 1
17815 285 92 509 14 1
17816 285 93 509 14 1
17817 285 94 509 14 1
17818 285 95 509 14 1
17819 285 96 509 14 1
17820 285 97 509 14 1
17821 285 98 509 14 1
17822 285 99 509 14 1
17823 285 100 509 14 1
17824 285 101 509 14 1
17825 285 102 509 14 1
17826 285 103 509 14 1
17827 285 104 509 14 1
17828 285 105 509 14 1
17829 285 106 509 14 1
17830 285 107 509 14 1
17831 285 108 509 14 1
17832 285 109 509 14 1
17833 285 110 509 14 1
17834 285 111 509 14 1
17835 285 112 509 14 1
17836 285 113 509 14 1
17837 285 114 509 14 1
17838 285 115 509 14 1
17839 285 116 509 14 1
17840 285 117 509 14 1
17841 285 118 509 14 1
17842 285 119 509 14 1
17843 285 120 509 14 1
17844 285 121 509 14 1
17845 285 122 509 14 1
17846 285 123 509 14 1
17847 285 124 509 14 1
17848 285 125 509 14 1
17849 285 126 509 14 1
17850 286 64 509 14 1
17851 286 65 509 14 1
17852 286 66 509 14 1
17853 286 67 509 14 1
17854 286 68 509 14 1
17855 286 69 509 14 1
17856 286 70 509 14 1
17857 286 71 509 14 1
17858 286 72 509 14 1
17859 286 73 509 14 1
17860 286 74 509 14 1
17861 286 75 509 14 1
17862 286 76 509 14 1
17863 286 77 509 14 1
17864 286 78 509 14 1
17865 286 79 509 14 1
17866 286 80 509 14 1
17867 286 81 509 14 1
17868 286 82 509 14 1
17869 286 83 509 14 1
17870 286 84 509 14 1
17871 286 85 509 14 1
17872 286 86 509 14 1
17873 286 87 509 14 1
17874 286 88 509 14 1
17875 286 89 509 14 1
17876 286 90 509 14 1
17877 286 91 509 14 1
17878 286 92 509 14 1
17879 286 93 509 14 1
17880 286 94 509 14 1
17881 286 95 509 14 1
17882 286 96 509 14 1
17883 286 97 509 14 1
17884 286 98 509 14 1
17885 286 99 509 14 1
17886 286 100 509 14 1
17887 286 101 509 14 1
17888 286 102 509 14 1
17889 286 103 509 14 1
17890 286 104 509 14 1
17891 286 105 509 14 1
17892 286 106 509 14 1
17893 286 107 509 14 1
17894 286 108 509 14 1
17895 286 109 509 14 1
17896 286 110 509 14 1
17897 286 111 509 14 1
17898 286 112 509 14 1
17899 286 113 509 14 1
17900 286 114 509 14 1
17901 286 115 509 14 1
17902 286 116 509 14 1
17903 286 117 509 14 1
17904 286 118 509 14 1
17905 286 119 509 14 1
17906 286 120 509 14 1
17907 286 121 509 14 1
17908 286 122 509 14 1
17909 286 123 509 14 1
17910 286 124 509 14 1
17911 286 125 509 14 1
17912 286 126 509 14 1
17913 287 64 509 14 1
17914 287 65 509 14 1
17915 287 66 509 14 1
17916 287 67 509 14 1
17917 287 68 509 14 1
17918 287 69 509 14 1
17919 287 70 509 14 1
17920 287 71 509 14 1
17921 287 72 509 14 1
17922 287 73 509 14 1
17923 287 74 509 14 1
17924 287 75 509 14 1
17925 287 76 509 14 1
17926 287 77 509 14 1
17927 287 78 509 14 1
17928 287 79 509 14 1
17929 287 80 509 14 1
17930 287 81 509 14 1
17931 287 82 509 14 1
17932 287 83 509 14 1
17933 287 84 509 14 1
17934 287 85 509 14 1
17935 287 86 509 14 1
17936 287 87 509 14 1
17937 287 88 509 14 1
17938 287 89 509 14 1
17939 287 90 509 14 1
17940 287 91 509 14 1
17941 287 92 509 14 1
17942 287 93 509 14 1
17943 287 94 509 14 1
17944 287 95 509 14 1
17945 287 96 509 14 1
17946 287 97 509 14 1
17947 287 98 509 14 1
17948 287 99 509 14 1
17949 287 100 509 14 1
17950 287 101 509 14 1
17951 287 102 509 14 1
17952 287 103 509 14 1
17953 287 104 509 14 1
17954 287 105 509 14 1
17955 287 106 509 14 1
17956 287 107 509 14 1
17957 287 108 509 14 1
17958 287 109 509 14 1
17959 287 110 509 14 1
17960 287 111 509 14 1
17961 287 112 509 14 1
17962 287 113 509 14 1
17963 287 114 509 14 1
17964 287 115 509 14 1
17965 287 116 509 14 1
17966 287 117 509 14 1
17967 287 118 509 14 1
17968 287 119 509 14 1
17969 287 120 509 14 1
17970 287 121 509 14 1
17971 287 122 509 14 1
17972 287 123 509 14 1
17973 287 124 509 14 1
17974 287 125 509 14 1
17975 287 126 509 14 1
17976 288 64 509 14 1
17977 288 65 509 14 1
17978 288 66 509 14 1
17979 288 67 509 14 1
17980 288 68 509 14 1
17981 288 69 509 14 1
17982 288 70 509 14 1
17983 288 71 509 14 1
17984 288 72 509 14 1
17985 288 73 509 14 1
17986 288 74 509 14 1
17987 288 75 509 14 1
17988 288 76 509 14 1
17989 288 77 509 14 1
17990 288 78 509 14 1
17991 288 79 509 14 1
17992 288 80 509 14 1
17993 288 81 509 14 1
17994 288 82 509 14 1
17995 288 83 509 14 1
17996 288 84 509 14 1
17997 288 85 509 14 1
17998 288 86 509 14 1
17999 288 87 509 14 1
18000 288 88 509 14 1
18001 288 89 509 14 1
18002 288 90 509 14 1
18003 288 91 509 14 1
18004 288 92 509 14 1
18005 288 93 509 14 1
18006 288 94 509 14 1
18007 288 95 509 14 1
18008 288 96 509 14 1
18009 288 97 509 14 1
18010 288 98 509 14 1
18011 288 99 509 14 1
18012 288 100 509 14 1
18013 288 101 509 14 1
18014 288 102 509 14 1
18015 288 103 509 14 1
18016 288 104 509 14 1
18017 288 105 509 14 1
18018 288 106 509 14 1
18019 288 107 509 14 1
18020 288 108 509 14 1
18021 288 109 509 14 1
18022 288 110 509 14 1
18023 288 111 509 14 1
18024 288 112 509 14 1
18025 288 113 509 14 1
18026 288 114 509 14 1
18027 288 115 509 14 1
18028 288 116 509 14 1
18029 288 117 509 14 1
18030 288 118 509 14 1
18031 288 119 509 14 1
18032 288 120 509 14 1
18033 288 121 509 14 1
18034 288 122 509 14 1
18035 288 123 509 14 1
18036 288 124 509 14 1
18037 288 125 509 14 1
18038 288 126 509 14 1
18039 289 64 509 14 1
18040 289 65 509 14 1
18041 289 66 509 14 1
18042 289 67 509 14 1
18043 289 68 509 14 1
18044 289 69 509 14 1
18045 289 70 509 14 1
18046 289 71 509 14 1
18047 289 72 509 14 1
18048 289 73 509 14 1
18049 289 74 509 14 1
18050 289 75 509 14 1
18051 289 76 509 14 1
18052 289 77 509 14 1
18053 289 78 509 14 1
18054 289 79 509 14 1
18055 289 80 509 14 1
18056 289 81 509 14 1
18057 289 82 509 14 1
18058 289 83 509 14 1
18059 289 84 509 14 1
18060 289 85 509 14 1
18061 289 86 509 14 1
18062 289 87 509 14 1
18063 289 88 509 14 1
18064 289 89 509 14 1
18065 289 90 509 14 1
18066 289 91 509 14 1
18067 289 92 509 14 1
18068 289 93 509 14 1
18069 289 94 509 14 1
18070 289 95 509 14 1
18071 289 96 509 14 1
18072 289 97 509 14 1
18073 289 98 509 14 1
18074 289 99 509 14 1
18075 289 100 509 14 1
18076 289 101 509 14 1
18077 289 102 509 14 1
18078 289 103 509 14 1
18079 289 104 509 14 1
18080 289 105 509 14 1
18081 289 106 509 14 1
18082 289 107 509 14 1
18083 289 108 509 14 1
18084 289 109 509 14 1
18085 289 110 509 14 1
18086 289 111 509 14 1
18087 289 112 509 14 1
18088 289 113 509 14 1
18089 289 114 509 14 1
18090 289 115 509 14 1
18091 289 116 509 14 1
18092 289 117 509 14 1
18093 289 118 509 14 1
18094 289 119 509 14 1
18095 289 120 509 14 1
18096 289 121 509 14 1
18097 289 122 509 14 1
18098 289 123 509 14 1
18099 289 124 509 14 1
18100 289 125 509 14 1
18101 289 126 509 14 1
18102 290 64 509 14 1
18103 290 65 509 14 1
18104 290 66 509 14 1
18105 290 67 509 14 1
18106 290 68 509 14 1
18107 290 69 509 14 1
18108 290 70 509 14 1
18109 290 71 509 14 1
18110 290 72 509 14 1
18111 290 73 509 14 1
18112 290 74 509 14 1
18113 290 75 509 14 1
18114 290 76 509 14 1
18115 290 77 509 14 1
18116 290 78 509 14 1
18117 290 79 509 14 1
18118 290 80 509 14 1
18119 290 81 509 14 1
18120 290 82 509 14 1
18121 290 83 509 14 1
18122 290 84 509 14 1
18123 290 85 509 14 1
18124 290 86 509 14 1
18125 290 87 509 14 1
18126 290 88 509 14 1
18127 290 89 509 14 1
18128 290 90 509 14 1
18129 290 91 509 14 1
18130 290 92 509 14 1
18131 290 93 509 14 1
18132 290 94 509 14 1
18133 290 95 509 14 1
18134 290 96 509 14 1
18135 290 97 509 14 1
18136 290 98 509 14 1
18137 290 99 509 14 1
18138 290 100 509 14 1
18139 290 101 509 14 1
18140 290 102 509 14 1
18141 290 103 509 14 1
18142 290 104 509 14 1
18143 290 105 509 14 1
18144 290 106 509 14 1
18145 290 107 509 14 1
18146 290 108 509 14 1
18147 290 109 509 14 1
18148 290 110 509 14 1
18149 290 111 509 14 1
18150 290 112 509 14 1
18151 290 113 509 14 1
18152 290 114 509 14 1
18153 290 115 509 14 1
18154 290 116 509 14 1
18155 290 117 509 14 1
18156 290 118 509 14 1
18157 290 119 509 14 1
18158 290 120 509 14 1
18159 290 121 509 14 1
18160 290 122 509 14 1
18161 290 123 509 14 1
18162 290 124 509 14 1
18163 290 125 509 14 1
18164 290 126 509 14 1
18165 291 64 509 14 1
18166 291 65 509 14 1
18167 291 66 509 14 1
18168 291 67 509 14 1
18169 291 68 509 14 1
18170 291 69 509 14 1
18171 291 70 509 14 1
18172 291 71 509 14 1
18173 291 72 509 14 1
18174 291 73 509 14 1
18175 291 74 509 14 1
18176 291 75 509 14 1
18177 291 76 509 14 1
18178 291 77 509 14 1
18179 291 78 509 14 1
18180 291 79 509 14 1
18181 291 80 509 14 1
18182 291 81 509 14 1
18183 291 82 509 14 1
18184 291 83 509 14 1
18185 291 84 509 14 1
18186 291 85 509 14 1
18187 291 86 509 14 1
18188 291 87 509 14 1
18189 291 88 509 14 1
18190 291 89 509 14 1
18191 291 90 509 14 1
18192 291 91 509 14 1
18193 291 92 509 14 1
18194 291 93 509 14 1
18195 291 94 509 14 1
18196 291 95 509 14 1
18197 291 96 509 14 1
18198 291 97 509 14 1
18199 291 98 509 14 1
18200 291 99 509 14 1
18201 291 100 509 14 1
18202 291 101 509 14 1
18203 291 102 509 14 1
18204 291 103 509 14 1
18205 291 104 509 14 1
18206 291 105 509 14 1
18207 291 106 509 14 1
18208 291 107 509 14 1
18209 291 108 509 14 1
18210 291 109 509 14 1
18211 291 110 509 14 1
18212 291 111 509 14 1
18213 291 112 509 14 1
18214 291 113 509 14 1
18215 291 114 509 14 1
18216 291 115 509 14 1
18217 291 116 509 14 1
18218 291 117 509 14 1
18219 291 118 509 14 1
18220 291 119 509 14 1
18221 291 120 509 14 1
18222 291 121 509 14 1
18223 291 122 509 14 1
18224 291 123 509 14 1
18225 291 124 509 14 1
18226 291 125 509 14 1
18227 291 126 509 14 1
18228 292 64 509 14 1
18229 292 65 509 14 1
18230 292 66 509 14 1
18231 292 67 509 14 1
18232 292 68 509 14 1
18233 292 69 509 14 1
18234 292 70 509 14 1
18235 292 71 509 14 1
18236 292 72 509 14 1
18237 292 73 509 14 1
18238 292 74 509 14 1
18239 292 75 509 14 1
18240 292 76 509 14 1
18241 292 77 509 14 1
18242 292 78 509 14 1
18243 292 79 509 14 1
18244 292 80 509 14 1
18245 292 81 509 14 1
18246 292 82 509 14 1
18247 292 83 509 14 1
18248 292 84 509 14 1
18249 292 85 509 14 1
18250 292 86 509 14 1
18251 292 87 509 14 1
18252 292 88 509 14 1
18253 292 89 509 14 1
18254 292 90 509 14 1
18255 292 91 509 14 1
18256 292 92 509 14 1
18257 292 93 509 14 1
18258 292 94 509 14 1
18259 292 95 509 14 1
18260 292 96 509 14 1
18261 292 97 509 14 1
18262 292 98 509 14 1
18263 292 99 509 14 1
18264 292 100 509 14 1
18265 292 101 509 14 1
18266 292 102 509 14 1
18267 292 103 509 14 1
18268 292 104 509 14 1
18269 292 105 509 14 1
18270 292 106 509 14 1
18271 292 107 509 14 1
18272 292 108 509 14 1
18273 292 109 509 14 1
18274 292 110 509 14 1
18275 292 111 509 14 1
18276 292 112 509 14 1
18277 292 113 509 14 1
18278 292 114 509 14 1
18279 292 115 509 14 1
18280 292 116 509 14 1
18281 292 117 509 14 1
18282 292 118 509 14 1
18283 292 119 509 14 1
18284 292 120 509 14 1
18285 292 121 509 14 1
18286 292 122 509 14 1
18287 292 123 509 14 1
18288 292 124 509 14 1
18289 292 125 509 14 1
18290 292 126 509 14 1
18291 293 64 509 14 1
18292 293 65 509 14 1
18293 293 66 509 14 1
18294 293 67 509 14 1
18295 293 68 509 14 1
18296 293 69 509 14 1
18297 293 70 509 14 1
18298 293 71 509 14 1
18299 293 72 509 14 1
18300 293 73 509 14 1
18301 293 74 509 14 1
18302 293 75 509 14 1
18303 293 76 509 14 1
18304 293 77 509 14 1
18305 293 78 509 14 1
18306 293 79 509 14 1
18307 293 80 509 14 1
18308 293 81 509 14 1
18309 293 82 509 14 1
18310 293 83 509 14 1
18311 293 84 509 14 1
18312 293 85 509 14 1
18313 293 86 509 14 1
18314 293 87 509 14 1
18315 293 88 509 14 1
18316 293 89 509 14 1
18317 293 90 509 14 1
18318 293 91 509 14 1
18319 293 92 509 14 1
18320 293 93 509 14 1
18321 293 94 509 14 1
18322 293 95 509 14 1
18323 293 96 509 14 1
18324 293 97 509 14 1
18325 293 98 509 14 1
18326 293 99 509 14 1
18327 293 100 509 14 1
18328 293 101 509 14 1
18329 293 102 509 14 1
18330 293 103 509 14 1
18331 293 104 509 14 1
18332 293 105 509 14 1
18333 293 106 509 14 1
18334 293 107 509 14 1
18335 293 108 509 14 1
18336 293 109 509 14 1
18337 293 110 509 14 1
18338 293 111 509 14 1
18339 293 112 509 14 1
18340 293 113 509 14 1
18341 293 114 509 14 1
18342 293 115 509 14 1
18343 293 116 509 14 1
18344 293 117 509 14 1
18345 293 118 509 14 1
18346 293 119 509 14 1
18347 293 120 509 14 1
18348 293 121 509 14 1
18349 293 122 509 14 1
18350 293 123 509 14 1
18351 293 124 509 14 1
18352 293 125 509 14 1
18353 293 126 509 14 1
18354 294 64 509 14 1
18355 294 65 509 14 1
18356 294 66 509 14 1
18357 294 67 509 14 1
18358 294 68 509 14 1
18359 294 69 509 14 1
18360 294 70 509 14 1
18361 294 71 509 14 1
18362 294 72 509 14 1
18363 294 73 509 14 1
18364 294 74 509 14 1
18365 294 75 509 14 1
18366 294 76 509 14 1
18367 294 77 509 14 1
18368 294 78 509 14 1
18369 294 79 509 14 1
18370 294 80 509 14 1
18371 294 81 509 14 1
18372 294 82 509 14 1
18373 294 83 509 14 1
18374 294 84 509 14 1
18375 294 85 509 14 1
18376 294 86 509 14 1
18377 294 87 509 14 1
18378 294 88 509 14 1
18379 294 89 509 14 1
18380 294 90 509 14 1
18381 294 91 509 14 1
18382 294 92 509 14 1
18383 294 93 509 14 1
18384 294 94 509 14 1
18385 294 95 509 14 1
18386 294 96 509 14 1
18387 294 97 509 14 1
18388 294 98 509 14 1
18389 294 99 509 14 1
18390 294 100 509 14 1
18391 294 101 509 14 1
18392 294 102 509 14 1
18393 294 103 509 14 1
18394 294 104 509 14 1
18395 294 105 509 14 1
18396 294 106 509 14 1
18397 294 107 509 14 1
18398 294 108 509 14 1
18399 294 109 509 14 1
18400 294 110 509 14 1
18401 294 111 509 14 1
18402 294 112 509 14 1
18403 294 113 509 14 1
18404 294 114 509 14 1
18405 294 115 509 14 1
18406 294 116 509 14 1
18407 294 117 509 14 1
18408 294 118 509 14 1
18409 294 119 509 14 1
18410 294 120 509 14 1
18411 294 121 509 14 1
18412 294 122 509 14 1
18413 294 123 509 14 1
18414 294 124 509 14 1
18415 294 125 509 14 1
18416 294 126 509 14 1
18417 295 64 509 14 1
18418 295 65 509 14 1
18419 295 66 509 14 1
18420 295 67 509 14 1
18421 295 68 509 14 1
18422 295 69 509 14 1
18423 295 70 509 14 1
18424 295 71 509 14 1
18425 295 72 509 14 1
18426 295 73 509 14 1
18427 295 74 509 14 1
18428 295 75 509 14 1
18429 295 76 509 14 1
18430 295 77 509 14 1
18431 295 78 509 14 1
18432 295 79 509 14 1
18433 295 80 509 14 1
18434 295 81 509 14 1
18435 295 82 509 14 1
18436 295 83 509 14 1
18437 295 84 509 14 1
18438 295 85 509 14 1
18439 295 86 509 14 1
18440 295 87 509 14 1
18441 295 88 509 14 1
18442 295 89 509 14 1
18443 295 90 509 14 1
18444 295 91 509 14 1
18445 295 92 509 14 1
18446 295 93 509 14 1
18447 295 94 509 14 1
18448 295 95 509 14 1
18449 295 96 509 14 1
18450 295 97 509 14 1
18451 295 98 509 14 1
18452 295 99 509 14 1
18453 295 100 509 14 1
18454 295 101 509 14 1
18455 295 102 509 14 1
18456 295 103 509 14 1
18457 295 104 509 14 1
18458 295 105 509 14 1
18459 295 106 509 14 1
18460 295 107 509 14 1
18461 295 108 509 14 1
18462 295 109 509 14 1
18463 295 110 509 14 1
18464 295 111 509 14 1
18465 295 112 509 14 1
18466 295 113 509 14 1
18467 295 114 509 14 1
18468 295 115 509 14 1
18469 295 116 509 14 1
18470 295 117 509 14 1
18471 295 118 509 14 1
18472 295 119 509 14 1
18473 295 120 509 14 1
18474 295 121 509 14 1
18475 295 122 509 14 1
18476 295 123 509 14 1
18477 295 124 509 14 1
18478 295 125 509 14 1
18479 295 126 509 14 1
18480 296 64 509 14 1
18481 296 65 509 14 1
18482 296 66 509 14 1
18483 296 67 509 14 1
18484 296 68 509 14 1
18485 296 69 509 14 1
18486 296 70 509 14 1
18487 296 71 509 14 1
18488 296 72 509 14 1
18489 296 73 509 14 1
18490 296 74 509 14 1
18491 296 75 509 14 1
18492 296 76 509 14 1
18493 296 77 509 14 1
18494 296 78 509 14 1
18495 296 79 509 14 1
18496 296 80 509 14 1
18497 296 81 509 14 1
18498 296 82 509 14 1
18499 296 83 509 14 1
18500 296 84 509 14 1
18501 296 85 509 14 1
18502 296 86 509 14 1
18503 296 87 509 14 1
18504 296 88 509 14 1
18505 296 89 509 14 1
18506 296 90 509 14 1
18507 296 91 509 14 1
18508 296 92 509 14 1
18509 296 93 509 14 1
18510 296 94 509 14 1
18511 296 95 509 14 1
18512 296 96 509 14 1
18513 296 97 509 14 1
18514 296 98 509 14 1
18515 296 99 509 14 1
18516 296 100 509 14 1
18517 296 101 509 14 1
18518 296 102 509 14 1
18519 296 103 509 14 1
18520 296 104 509 14 1
18521 296 105 509 14 1
18522 296 106 509 14 1
18523 296 107 509 14 1
18524 296 108 509 14 1
18525 296 109 509 14 1
18526 296 110 509 14 1
18527 296 111 509 14 1
18528 296 112 509 14 1
18529 296 113 509 14 1
18530 296 114 509 14 1
18531 296 115 509 14 1
18532 296 116 509 14 1
18533 296 117 509 14 1
18534 296 118 509 14 1
18535 296 119 509 14 1
18536 296 120 509 14 1
18537 296 121 509 14 1
18538 296 122 509 14 1
18539 296 123 509 14 1
18540 296 124 509 14 1
18541 296 125 509 14 1
18542 296 126 509 14 1
18543 297 64 509 14 1
18544 297 65 509 14 1
18545 297 66 509 14 1
18546 297 67 509 14 1
18547 297 68 509 14 1
18548 297 69 509 14 1
18549 297 70 509 14 1
18550 297 71 509 14 1
18551 297 72 509 14 1
18552 297 73 509 14 1
18553 297 74 509 14 1
18554 297 75 509 14 1
18555 297 76 509 14 1
18556 297 77 509 14 1
18557 297 78 509 14 1
18558 297 79 509 14 1
18559 297 80 509 14 1
18560 297 81 509 14 1
18561 297 82 509 14 1
18562 297 83 509 14 1
18563 297 84 509 14 1
18564 297 85 509 14 1
18565 297 86 509 14 1
18566 297 87 509 14 1
18567 297 88 509 14 1
18568 297 89 509 14 1
18569 297 90 509 14 1
18570 297 91 509 14 1
18571 297 92 509 14 1
18572 297 93 509 14 1
18573 297 94 509 14 1
18574 297 95 509 14 1
18575 297 96 509 14 1
18576 297 97 509 14 1
18577 297 98 509 14 1
18578 297 99 509 14 1
18579 297 100 509 14 1
18580 297 101 509 14 1
18581 297 102 509 14 1
18582 297 103 509 14 1
18583 297 104 509 14 1
18584 297 105 509 14 1
18585 297 106 509 14 1
18586 297 107 509 14 1
18587 297 108 509 14 1
18588 297 109 509 14 1
18589 297 110 509 14 1
18590 297 111 509 14 1
18591 297 112 509 14 1
18592 297 113 509 14 1
18593 297 114 509 14 1
18594 297 115 509 14 1
18595 297 116 509 14 1
18596 297 117 509 14 1
18597 297 118 509 14 1
18598 297 119 509 14 1
18599 297 120 509 14 1
18600 297 121 509 14 1
18601 297 122 509 14 1
18602 297 123 509 14 1
18603 297 124 509 14 1
18604 297 125 509 14 1
18605 297 126 509 14 1
18606 298 64 509 14 1
18607 298 65 509 14 1
18608 298 66 509 14 1
18609 298 67 509 14 1
18610 298 68 509 14 1
18611 298 69 509 14 1
18612 298 70 509 14 1
18613 298 71 509 14 1
18614 298 72 509 14 1
18615 298 73 509 14 1
18616 298 74 509 14 1
18617 298 75 509 14 1
18618 298 76 509 14 1
18619 298 77 509 14 1
18620 298 78 509 14 1
18621 298 79 509 14 1
18622 298 80 509 14 1
18623 298 81 509 14 1
18624 298 82 509 14 1
18625 298 83 509 14 1
18626 298 84 509 14 1
18627 298 85 509 14 1
18628 298 86 509 14 1
18629 298 87 509 14 1
18630 298 88 509 14 1
18631 298 89 509 14 1
18632 298 90 509 14 1
18633 298 91 509 14 1
18634 298 92 509 14 1
18635 298 93 509 14 1
18636 298 94 509 14 1
18637 298 95 509 14 1
18638 298 96 509 14 1
18639 298 97 509 14 1
18640 298 98 509 14 1
18641 298 99 509 14 1
18642 298 100 509 14 1
18643 298 101 509 14 1
18644 298 102 509 14 1
18645 298 103 509 14 1
18646 298 104 509 14 1
18647 298 105 509 14 1
18648 298 106 509 14 1
18649 298 107 509 14 1
18650 298 108 509 14 1
18651 298 109 509 14 1
18652 298 110 509 14 1
18653 298 111 509 14 1
18654 298 112 509 14 1
18655 298 113 509 14 1
18656 298 114 509 14 1
18657 298 115 509 14 1
18658 298 116 509 14 1
18659 298 117 509 14 1
18660 298 118 509 14 1
18661 298 119 509 14 1
18662 298 120 509 14 1
18663 298 121 509 14 1
18664 298 122 509 14 1
18665 298 123 509 14 1
18666 298 124 509 14 1
18667 298 125 509 14 1
18668 298 126 509 14 1
18669 299 64 509 14 1
18670 299 65 509 14 1
18671 299 66 509 14 1
18672 299 67 509 14 1
18673 299 68 509 14 1
18674 299 69 509 14 1
18675 299 70 509 14 1
18676 299 71 509 14 1
18677 299 72 509 14 1
18678 299 73 509 14 1
18679 299 74 509 14 1
18680 299 75 509 14 1
18681 299 76 509 14 1
18682 299 77 509 14 1
18683 299 78 509 14 1
18684 299 79 509 14 1
18685 299 80 509 14 1
18686 299 81 509 14 1
18687 299 82 509 14 1
18688 299 83 509 14 1
18689 299 84 509 14 1
18690 299 85 509 14 1
18691 299 86 509 14 1
18692 299 87 509 14 1
18693 299 88 509 14 1
18694 299 89 509 14 1
18695 299 90 509 14 1
18696 299 91 509 14 1
18697 299 92 509 14 1
18698 299 93 509 14 1
18699 299 94 509 14 1
18700 299 95 509 14 1
18701 299 96 509 14 1
18702 299 97 509 14 1
18703 299 98 509 14 1
18704 299 99 509 14 1
18705 299 100 509 14 1
18706 299 101 509 14 1
18707 299 102 509 14 1
18708 299 103 509 14 1
18709 299 104 509 14 1
18710 299 105 509 14 1
18711 299 106 509 14 1
18712 299 107 509 14 1
18713 299 108 509 14 1
18714 299 109 509 14 1
18715 299 110 509 14 1
18716 299 111 509 14 1
18717 299 112 509 14 1
18718 299 113 509 14 1
18719 299 114 509 14 1
18720 299 115 509 14 1
18721 299 116 509 14 1
18722 299 117 509 14 1
18723 299 118 509 14 1
18724 299 119 509 14 1
18725 299 120 509 14 1
18726 299 121 509 14 1
18727 299 122 509 14 1
18728 299 123 509 14 1
18729 299 124 509 14 1
18730 299 125 509 14 1
18731 299 126 509 14 1
18732 300 64 509 14 1
18733 300 65 509 14 1
18734 300 66 509 14 1
18735 300 67 509 14 1
18736 300 68 509 14 1
18737 300 69 509 14 1
18738 300 70 509 14 1
18739 300 71 509 14 1
18740 300 72 509 14 1
18741 300 73 509 14 1
18742 300 74 509 14 1
18743 300 75 509 14 1
18744 300 76 509 14 1
18745 300 77 509 14 1
18746 300 78 509 14 1
18747 300 79 509 14 1
18748 300 80 509 14 1
18749 300 81 509 14 1
18750 300 82 509 14 1
18751 300 83 509 14 1
18752 300 84 509 14 1
18753 300 85 509 14 1
18754 300 86 509 14 1
18755 300 87 509 14 1
18756 300 88 509 14 1
18757 300 89 509 14 1
18758 300 90 509 14 1
18759 300 91 509 14 1
18760 300 92 509 14 1
18761 300 93 509 14 1
18762 300 94 509 14 1
18763 300 95 509 14 1
18764 300 96 509 14 1
18765 300 97 509 14 1
18766 300 98 509 14 1
18767 300 99 509 14 1
18768 300 100 509 14 1
18769 300 101 509 14 1
18770 300 102 509 14 1
18771 300 103 509 14 1
18772 300 104 509 14 1
18773 300 105 509 14 1
18774 300 106 509 14 1
18775 300 107 509 14 1
18776 300 108 509 14 1
18777 300 109 509 14 1
18778 300 110 509 14 1
18779 300 111 509 14 1
18780 300 112 509 14 1
18781 300 113 509 14 1
18782 300 114 509 14 1
18783 300 115 509 14 1
18784 300 116 509 14 1
18785 300 117 509 14 1
18786 300 118 509 14 1
18787 300 119 509 14 1
18788 300 120 509 14 1
18789 300 121 509 14 1
18790 300 122 509 14 1
18791 300 123 509 14 1
18792 300 124 509 14 1
18793 300 125 509 14 1
18794 300 126 509 14 1
18795 301 64 509 14 1
18796 301 65 509 14 1
18797 301 66 509 14 1
18798 301 67 509 14 1
18799 301 68 509 14 1
18800 301 69 509 14 1
18801 301 70 509 14 1
18802 301 71 509 14 1
18803 301 72 509 14 1
18804 301 73 509 14 1
18805 301 74 509 14 1
18806 301 75 509 14 1
18807 301 76 509 14 1
18808 301 77 509 14 1
18809 301 78 509 14 1
18810 301 79 509 14 1
18811 301 80 509 14 1
18812 301 81 509 14 1
18813 301 82 509 14 1
18814 301 83 509 14 1
18815 301 84 509 14 1
18816 301 85 509 14 1
18817 301 86 509 14 1
18818 301 87 509 14 1
18819 301 88 509 14 1
18820 301 89 509 14 1
18821 301 90 509 14 1
18822 301 91 509 14 1
18823 301 92 509 14 1
18824 301 93 509 14 1
18825 301 94 509 14 1
18826 301 95 509 14 1
18827 301 96 509 14 1
18828 301 97 509 14 1
18829 301 98 509 14 1
18830 301 99 509 14 1
18831 301 100 509 14 1
18832 301 101 509 14 1
18833 301 102 509 14 1
18834 301 103 509 14 1
18835 301 104 509 14 1
18836 301 105 509 14 1
18837 301 106 509 14 1
18838 301 107 509 14 1
18839 301 108 509 14 1
18840 301 109 509 14 1
18841 301 110 509 14 1
18842 301 111 509 14 1
18843 301 112 509 14 1
18844 301 113 509 14 1
18845 301 114 509 14 1
18846 301 115 509 14 1
18847 301 116 509 14 1
18848 301 117 509 14 1
18849 301 118 509 14 1
18850 301 119 509 14 1
18851 301 120 509 14 1
18852 301 121 509 14 1
18853 301 122 509 14 1
18854 301 123 509 14 1
18855 301 124 509 14 1
18856 301 125 509 14 1
18857 301 126 509 14 1
18858 302 64 509 14 1
18859 302 65 509 14 1
18860 302 66 509 14 1
18861 302 67 509 14 1
18862 302 68 509 14 1
18863 302 69 509 14 1
18864 302 70 509 14 1
18865 302 71 509 14 1
18866 302 72 509 14 1
18867 302 73 509 14 1
18868 302 74 509 14 1
18869 302 75 509 14 1
18870 302 76 509 14 1
18871 302 79 509 14 1
18872 302 80 509 14 1
18873 302 81 509 14 1
18874 302 82 509 14 1
18875 302 83 509 14 1
18876 302 84 509 14 1
18877 302 85 509 14 1
18878 302 86 509 14 1
18879 302 87 509 14 1
18880 302 88 509 14 1
18881 302 89 509 14 1
18882 302 90 509 14 1
18883 302 91 509 14 1
18884 302 92 509 14 1
18885 302 93 509 14 1
18886 302 94 509 14 1
18887 302 95 509 14 1
18888 302 96 509 14 1
18889 302 97 509 14 1
18890 302 98 509 14 1
18891 302 99 509 14 1
18892 302 100 509 14 1
18893 302 101 509 14 1
18894 302 102 509 14 1
18895 302 103 509 14 1
18896 302 104 509 14 1
18897 302 105 509 14 1
18898 302 106 509 14 1
18899 302 107 509 14 1
18900 302 108 509 14 1
18901 302 109 509 14 1
18902 302 110 509 14 1
18903 302 111 509 14 1
18904 302 112 509 14 1
18905 302 113 509 14 1
18906 302 114 509 14 1
18907 302 115 509 14 1
18908 302 116 509 14 1
18909 302 117 509 14 1
18910 302 118 509 14 1
18911 302 119 509 14 1
18912 302 120 509 14 1
18913 302 121 509 14 1
18914 302 122 509 14 1
18915 302 123 509 14 1
18916 302 124 509 14 1
18917 302 125 509 14 1
18918 302 126 509 14 1
18919 303 64 509 14 1
18920 303 65 509 14 1
18921 303 66 509 14 1
18922 303 67 509 14 1
18923 303 68 509 14 1
18924 303 69 509 14 1
18925 303 70 509 14 1
18926 303 71 509 14 1
18927 303 72 509 14 1
18928 303 73 509 14 1
18929 303 74 509 14 1
18930 303 75 509 14 1
18931 303 76 509 14 1
18932 303 79 509 14 1
18933 303 80 509 14 1
18934 303 81 509 14 1
18935 303 82 509 14 1
18936 303 83 509 14 1
18937 303 84 509 14 1
18938 303 85 509 14 1
18939 303 86 509 14 1
18940 303 87 509 14 1
18941 303 88 509 14 1
18942 303 89 509 14 1
18943 303 90 509 14 1
18944 303 91 509 14 1
18945 303 92 509 14 1
18946 303 93 509 14 1
18947 303 94 509 14 1
18948 303 95 509 14 1
18949 303 96 509 14 1
18950 303 97 509 14 1
18951 303 98 509 14 1
18952 303 99 509 14 1
18953 303 100 509 14 1
18954 303 101 509 14 1
18955 303 102 509 14 1
18956 303 103 509 14 1
18957 303 104 509 14 1
18958 303 105 509 14 1
18959 303 106 509 14 1
18960 303 107 509 14 1
18961 303 108 509 14 1
18962 303 109 509 14 1
18963 303 110 509 14 1
18964 303 111 509 14 1
18965 303 112 509 14 1
18966 303 113 509 14 1
18967 303 114 509 14 1
18968 303 115 509 14 1
18969 303 116 509 14 1
18970 303 117 509 14 1
18971 303 118 509 14 1
18972 303 119 509 14 1
18973 303 120 509 14 1
18974 303 121 509 14 1
18975 303 122 509 14 1
18976 303 123 509 14 1
18977 303 124 509 14 1
18978 303 125 509 14 1
18979 303 126 509 14 1
18980 304 64 509 14 1
18981 304 65 509 14 1
18982 304 66 509 14 1
18983 304 67 509 14 1
18984 304 68 509 14 1
18985 304 69 509 14 1
18986 304 70 509 14 1
18987 304 71 509 14 1
18988 304 72 509 14 1
18989 304 73 509 14 1
18990 304 74 509 14 1
18991 304 75 509 14 1
18992 304 76 509 14 1
18993 304 77 509 14 1
18994 304 78 509 14 1
18995 304 79 509 14 1
18996 304 80 509 14 1
18997 304 81 509 14 1
18998 304 82 509 14 1
18999 304 83 509 14 1
19000 304 84 509 14 1
19001 304 85 509 14 1
19002 304 86 509 14 1
19003 304 87 509 14 1
19004 304 88 509 14 1
19005 304 91 509 14 1
19006 304 92 509 14 1
19007 304 93 509 14 1
19008 304 94 509 14 1
19009 304 95 509 14 1
19010 304 96 509 14 1
19011 304 97 509 14 1
19012 304 98 509 14 1
19013 304 99 509 14 1
19014 304 100 509 14 1
19015 304 101 509 14 1
19016 304 102 509 14 1
19017 304 103 509 14 1
19018 304 104 509 14 1
19019 304 105 509 14 1
19020 304 106 509 14 1
19021 304 107 509 14 1
19022 304 108 509 14 1
19023 304 109 509 14 1
19024 304 110 509 14 1
19025 304 111 509 14 1
19026 304 112 509 14 1
19027 304 113 509 14 1
19028 304 114 509 14 1
19029 304 115 509 14 1
19030 304 116 509 14 1
19031 304 117 509 14 1
19032 304 118 509 14 1
19033 304 119 509 14 1
19034 304 120 509 14 1
19035 304 121 509 14 1
19036 304 122 509 14 1
19037 304 123 509 14 1
19038 304 124 509 14 1
19039 304 125 509 14 1
19040 304 126 509 14 1
19041 305 64 509 14 1
19042 305 65 509 14 1
19043 305 66 509 14 1
19044 305 67 509 14 1
19045 305 68 509 14 1
19046 305 69 509 14 1
19047 305 70 509 14 1
19048 305 71 509 14 1
19049 305 72 509 14 1
19050 305 73 509 14 1
19051 305 74 509 14 1
19052 305 75 509 14 1
19053 305 76 509 14 1
19054 305 77 509 14 1
19055 305 78 509 14 1
19056 305 79 509 14 1
19057 305 80 509 14 1
19058 305 81 509 14 1
19059 305 82 509 14 1
19060 305 83 509 14 1
19061 305 84 509 14 1
19062 305 85 509 14 1
19063 305 86 509 14 1
19064 305 87 509 14 1
19065 305 88 509 14 1
19066 305 91 509 14 1
19067 305 92 509 14 1
19068 305 93 509 14 1
19069 305 94 509 14 1
19070 305 95 509 14 1
19071 305 96 509 14 1
19072 305 97 509 14 1
19073 305 98 509 14 1
19074 305 99 509 14 1
19075 305 100 509 14 1
19076 305 101 509 14 1
19077 305 102 509 14 1
19078 305 103 509 14 1
19079 305 104 509 14 1
19080 305 105 509 14 1
19081 305 106 509 14 1
19082 305 107 509 14 1
19083 305 108 509 14 1
19084 305 109 509 14 1
19085 305 110 509 14 1
19086 305 111 509 14 1
19087 305 112 509 14 1
19088 305 113 509 14 1
19089 305 114 509 14 1
19090 305 115 509 14 1
19091 305 116 509 14 1
19092 305 117 509 14 1
19093 305 118 509 14 1
19094 305 119 509 14 1
19095 305 120 509 14 1
19096 305 121 509 14 1
19097 305 122 509 14 1
19098 305 123 509 14 1
19099 305 124 509 14 1
19100 305 125 509 14 1
19101 305 126 509 14 1
19102 306 64 509 14 1
19103 306 65 509 14 1
19104 306 66 509 14 1
19105 306 67 509 14 1
19106 306 68 509 14 1
19107 306 69 509 14 1
19108 306 70 509 14 1
19109 306 71 509 14 1
19110 306 72 509 14 1
19111 306 73 509 14 1
19112 306 74 509 14 1
19113 306 75 509 14 1
19114 306 76 509 14 1
19115 306 77 509 14 1
19116 306 78 509 14 1
19117 306 79 509 14 1
19118 306 80 509 14 1
19119 306 81 509 14 1
19120 306 82 509 14 1
19121 306 83 509 14 1
19122 306 84 509 14 1
19123 306 85 509 14 1
19124 306 86 509 14 1
19125 306 87 509 14 1
19126 306 88 509 14 1
19127 306 89 509 14 1
19128 306 90 509 14 1
19129 306 91 509 14 1
19130 306 92 509 14 1
19131 306 93 509 14 1
19132 306 94 509 14 1
19133 306 95 509 14 1
19134 306 98 509 14 1
19135 306 99 509 14 1
19136 306 100 509 14 1
19137 306 101 509 14 1
19138 306 102 509 14 1
19139 306 103 509 14 1
19140 306 104 509 14 1
19141 306 105 509 14 1
19142 306 106 509 14 1
19143 306 107 509 14 1
19144 306 108 509 14 1
19145 306 109 509 14 1
19146 306 110 509 14 1
19147 306 111 509 14 1
19148 306 112 509 14 1
19149 306 113 509 14 1
19150 306 114 509 14 1
19151 306 115 509 14 1
19152 306 116 509 14 1
19153 306 117 509 14 1
19154 306 118 509 14 1
19155 306 119 509 14 1
19156 306 120 509 14 1
19157 306 121 509 14 1
19158 306 122 509 14 1
19159 306 123 509 14 1
19160 306 124 509 14 1
19161 306 125 509 14 1
19162 306 126 509 14 1
19163 307 64 509 14 1
19164 307 65 509 14 1
19165 307 66 509 14 1
19166 307 67 509 14 1
19167 307 68 509 14 1
19168 307 69 509 14 1
19169 307 70 509 14 1
19170 307 71 509 14 1
19171 307 72 509 14 1
19172 307 73 509 14 1
19173 307 74 509 14 1
19174 307 75 509 14 1
19175 307 76 509 14 1
19176 307 77 509 14 1
19177 307 78 509 14 1
19178 307 79 509 14 1
19179 307 80 509 14 1
19180 307 81 509 14 1
19181 307 82 509 14 1
19182 307 83 509 14 1
19183 307 84 509 14 1
19184 307 85 509 14 1
19185 307 86 509 14 1
19186 307 87 509 14 1
19187 307 88 509 14 1
19188 307 89 509 14 1
19189 307 90 509 14 1
19190 307 91 509 14 1
19191 307 92 509 14 1
19192 307 93 509 14 1
19193 307 94 509 14 1
19194 307 95 509 14 1
19195 307 98 509 14 1
19196 307 99 509 14 1
19197 307 100 509 14 1
19198 307 101 509 14 1
19199 307 102 509 14 1
19200 307 103 509 14 1
19201 307 104 509 14 1
19202 307 105 509 14 1
19203 307 106 509 14 1
19204 307 107 509 14 1
19205 307 108 509 14 1
19206 307 109 509 14 1
19207 307 110 509 14 1
19208 307 111 509 14 1
19209 307 112 509 14 1
19210 307 113 509 14 1
19211 307 114 509 14 1
19212 307 115 509 14 1
19213 307 116 509 14 1
19214 307 117 509 14 1
19215 307 118 509 14 1
19216 307 119 509 14 1
19217 307 120 509 14 1
19218 307 121 509 14 1
19219 307 122 509 14 1
19220 307 123 509 14 1
19221 307 124 509 14 1
19222 307 125 509 14 1
19223 307 126 509 14 1
19224 308 64 509 14 1
19225 308 65 509 14 1
19226 308 66 509 14 1
19227 308 67 509 14 1
19228 308 68 509 14 1
19229 308 69 509 14 1
19230 308 70 509 14 1
19231 308 71 509 14 1
19232 308 72 509 14 1
19233 308 73 509 14 1
19234 308 74 509 14 1
19235 308 75 509 14 1
19236 308 76 509 14 1
19237 308 77 509 14 1
19238 308 78 509 14 1
19239 308 79 509 14 1
19240 308 80 509 14 1
19241 308 81 509 14 1
19242 308 82 509 14 1
19243 308 83 509 14 1
19244 308 84 509 14 1
19245 308 85 509 14 1
19246 308 86 509 14 1
19247 308 87 509 14 1
19248 308 88 509 14 1
19249 308 89 509 14 1
19250 308 90 509 14 1
19251 308 91 509 14 1
19252 308 92 509 14 1
19253 308 93 509 14 1
19254 308 94 509 14 1
19255 308 95 509 14 1
19256 308 96 509 14 1
19257 308 97 509 14 1
19258 308 98 509 14 1
19259 308 99 509 14 1
19260 308 100 509 14 1
19261 308 101 509 14 1
19262 308 102 509 14 1
19263 308 103 509 14 1
19264 308 104 509 14 1
19265 308 105 509 14 1
19266 308 106 509 14 1
19267 308 107 509 14 1
19268 308 108 509 14 1
19269 308 109 509 14 1
19270 308 110 509 14 1
19271 308 111 509 14 1
19272 308 112 509 14 1
19273 308 113 509 14 1
19274 308 114 509 14 1
19275 308 115 509 14 1
19276 308 116 509 14 1
19277 308 117 509 14 1
19278 308 118 509 14 1
19279 308 119 509 14 1
19280 308 120 509 14 1
19281 308 121 509 14 1
19282 308 122 509 14 1
19283 308 123 509 14 1
19284 308 124 509 14 1
19285 308 125 509 14 1
19286 308 126 509 14 1
19287 309 64 509 14 1
19288 309 65 509 14 1
19289 309 66 509 14 1
19290 309 67 509 14 1
19291 309 68 509 14 1
19292 309 69 509 14 1
19293 309 70 509 14 1
19294 309 71 509 14 1
19295 309 72 509 14 1
19296 309 73 509 14 1
19297 309 74 509 14 1
19298 309 75 509 14 1
19299 309 76 509 14 1
19300 309 77 509 14 1
19301 309 78 509 14 1
19302 309 79 509 14 1
19303 309 80 509 14 1
19304 309 81 509 14 1
19305 309 82 509 14 1
19306 309 83 509 14 1
19307 309 84 509 14 1
19308 309 85 509 14 1
19309 309 86 509 14 1
19310 309 87 509 14 1
19311 309 88 509 14 1
19312 309 89 509 14 1
19313 309 90 509 14 1
19314 309 91 509 14 1
19315 309 92 509 14 1
19316 309 93 509 14 1
19317 309 94 509 14 1
19318 309 95 509 14 1
19319 309 96 509 14 1
19320 309 97 509 14 1
19321 309 98 509 14 1
19322 309 99 509 14 1
19323 309 100 509 14 1
19324 309 101 509 14 1
19325 309 102 509 14 1
19326 309 103 509 14 1
19327 309 104 509 14 1
19328 309 105 509 14 1
19329 309 106 509 14 1
19330 309 107 509 14 1
19331 309 108 509 14 1
19332 309 109 509 14 1
19333 309 110 509 14 1
19334 309 111 509 14 1
19335 309 112 509 14 1
19336 309 113 509 14 1
19337 309 114 509 14 1
19338 309 115 509 14 1
19339 309 116 509 14 1
19340 309 117 509 14 1
19341 309 118 509 14 1
19342 309 119 509 14 1
19343 309 120 509 14 1
19344 309 121 509 14 1
19345 309 122 509 14 1
19346 309 123 509 14 1
19347 309 124 509 14 1
19348 309 125 509 14 1
19349 309 126 509 14 1
19350 310 64 509 14 1
19351 310 65 509 14 1
19352 310 66 509 14 1
19353 310 67 509 14 1
19354 310 68 509 14 1
19355 310 69 509 14 1
19356 310 70 509 14 1
19357 310 71 509 14 1
19358 310 72 509 14 1
19359 310 73 509 14 1
19360 310 74 509 14 1
19361 310 75 509 14 1
19362 310 76 509 14 1
19363 310 77 509 14 1
19364 310 78 509 14 1
19365 310 79 509 14 1
19366 310 80 509 14 1
19367 310 81 509 14 1
19368 310 82 509 14 1
19369 310 83 509 14 1
19370 310 84 509 14 1
19371 310 85 509 14 1
19372 310 86 509 14 1
19373 310 87 509 14 1
19374 310 88 509 14 1
19375 310 89 509 14 1
19376 310 90 509 14 1
19377 310 91 509 14 1
19378 310 92 509 14 1
19379 310 93 509 14 1
19380 310 94 509 14 1
19381 310 95 509 14 1
19382 310 96 509 14 1
19383 310 97 509 14 1
19384 310 98 509 14 1
19385 310 99 509 14 1
19386 310 100 509 14 1
19387 310 101 509 14 1
19388 310 102 509 14 1
19389 310 103 509 14 1
19390 310 104 509 14 1
19391 310 105 509 14 1
19392 310 106 509 14 1
19393 310 107 509 14 1
19394 310 108 509 14 1
19395 310 109 509 14 1
19396 310 110 509 14 1
19397 310 111 509 14 1
19398 310 112 509 14 1
19399 310 113 509 14 1
19400 310 114 509 14 1
19401 310 115 509 14 1
19402 310 116 509 14 1
19403 310 117 509 14 1
19404 310 118 509 14 1
19405 310 119 509 14 1
19406 310 120 509 14 1
19407 310 121 509 14 1
19408 310 122 509 14 1
19409 310 123 509 14 1
19410 310 124 509 14 1
19411 310 125 509 14 1
19412 310 126 509 14 1
19413 311 64 509 14 1
19414 311 65 509 14 1
19415 311 66 509 14 1
19416 311 67 509 14 1
19417 311 68 509 14 1
19418 311 69 509 14 1
19419 311 70 509 14 1
19420 311 71 509 14 1
19421 311 72 509 14 1
19422 311 73 509 14 1
19423 311 74 509 14 1
19424 311 75 509 14 1
19425 311 76 509 14 1
19426 311 77 509 14 1
19427 311 78 509 14 1
19428 311 79 509 14 1
19429 311 80 509 14 1
19430 311 81 509 14 1
19431 311 82 509 14 1
19432 311 83 509 14 1
19433 311 84 509 14 1
19434 311 85 509 14 1
19435 311 86 509 14 1
19436 311 87 509 14 1
19437 311 88 509 14 1
19438 311 89 509 14 1
19439 311 90 509 14 1
19440 311 91 509 14 1
19441 311 92 509 14 1
19442 311 93 509 14 1
19443 311 94 509 14 1
19444 311 95 509 14 1
19445 311 96 509 14 1
19446 311 97 509 14 1
19447 311 98 509 14 1
19448 311 99 509 14 1
19449 311 100 509 14 1
19450 311 101 509 14 1
19451 311 102 509 14 1
19452 311 103 509 14 1
19453 311 104 509 14 1
19454 311 105 509 14 1
19455 311 106 509 14 1
19456 311 107 509 14 1
19457 311 108 509 14 1
19458 311 109 509 14 1
19459 311 110 509 14 1
19460 311 111 509 14 1
19461 311 112 509 14 1
19462 311 113 509 14 1
19463 311 114 509 14 1
19464 311 115 509 14 1
19465 311 116 509 14 1
19466 311 117 509 14 1
19467 311 118 509 14 1
19468 311 119 509 14 1
19469 311 120 509 14 1
19470 311 121 509 14 1
19471 311 122 509 14 1
19472 311 123 509 14 1
19473 311 124 509 14 1
19474 311 125 509 14 1
19475 311 126 509 14 1
19476 312 64 509 14 1
19477 312 65 509 14 1
19478 312 66 509 14 1
19479 312 67 509 14 1
19480 312 68 509 14 1
19481 312 69 509 14 1
19482 312 70 509 14 1
19483 312 71 509 14 1
19484 312 72 509 14 1
19485 312 73 509 14 1
19486 312 74 509 14 1
19487 312 75 509 14 1
19488 312 76 509 14 1
19489 312 77 509 14 1
19490 312 78 509 14 1
19491 312 79 509 14 1
19492 312 80 509 14 1
19493 312 81 509 14 1
19494 312 82 509 14 1
19495 312 83 509 14 1
19496 312 84 509 14 1
19497 312 85 509 14 1
19498 312 86 509 14 1
19499 312 87 509 14 1
19500 312 88 509 14 1
19501 312 89 509 14 1
19502 312 90 509 14 1
19503 312 91 509 14 1
19504 312 92 509 14 1
19505 312 93 509 14 1
19506 312 94 509 14 1
19507 312 95 509 14 1
19508 312 96 509 14 1
19509 312 97 509 14 1
19510 312 98 509 14 1
19511 312 99 509 14 1
19512 312 100 509 14 1
19513 312 101 509 14 1
19514 312 102 509 14 1
19515 312 103 509 14 1
19516 312 104 509 14 1
19517 312 105 509 14 1
19518 312 106 509 14 1
19519 312 107 509 14 1
19520 312 108 509 14 1
19521 312 109 509 14 1
19522 312 110 509 14 1
19523 312 111 509 14 1
19524 312 112 509 14 1
19525 312 113 509 14 1
19526 312 114 509 14 1
19527 312 115 509 14 1
19528 312 116 509 14 1
19529 312 117 509 14 1
19530 312 118 509 14 1
19531 312 119 509 14 1
19532 312 120 509 14 1
19533 312 121 509 14 1
19534 312 122 509 14 1
19535 312 123 509 14 1
19536 312 124 509 14 1
19537 312 125 509 14 1
19538 312 126 509 14 1
19539 313 64 509 14 1
19540 313 65 509 14 1
19541 313 66 509 14 1
19542 313 67 509 14 1
19543 313 68 509 14 1
19544 313 69 509 14 1
19545 313 70 509 14 1
19546 313 71 509 14 1
19547 313 72 509 14 1
19548 313 73 509 14 1
19549 313 74 509 14 1
19550 313 75 509 14 1
19551 313 76 509 14 1
19552 313 77 509 14 1
19553 313 78 509 14 1
19554 313 79 509 14 1
19555 313 80 509 14 1
19556 313 81 509 14 1
19557 313 82 509 14 1
19558 313 83 509 14 1
19559 313 84 509 14 1
19560 313 85 509 14 1
19561 313 86 509 14 1
19562 313 87 509 14 1
19563 313 88 509 14 1
19564 313 89 509 14 1
19565 313 90 509 14 1
19566 313 91 509 14 1
19567 313 92 509 14 1
19568 313 93 509 14 1
19569 313 94 509 14 1
19570 313 95 509 14 1
19571 313 96 509 14 1
19572 313 97 509 14 1
19573 313 98 509 14 1
19574 313 99 509 14 1
19575 313 100 509 14 1
19576 313 101 509 14 1
19577 313 102 509 14 1
19578 313 103 509 14 1
19579 313 104 509 14 1
19580 313 105 509 14 1
19581 313 106 509 14 1
19582 313 107 509 14 1
19583 313 108 509 14 1
19584 313 109 509 14 1
19585 313 110 509 14 1
19586 313 111 509 14 1
19587 313 112 509 14 1
19588 313 113 509 14 1
19589 313 114 509 14 1
19590 313 115 509 14 1
19591 313 116 509 14 1
19592 313 117 509 14 1
19593 313 118 509 14 1
19594 313 119 509 14 1
19595 313 120 509 14 1
19596 313 121 509 14 1
19597 313 122 509 14 1
19598 313 123 509 14 1
19599 313 124 509 14 1
19600 313 125 509 14 1
19601 313 126 509 14 1
19602 314 64 509 14 1
19603 314 65 509 14 1
19604 314 66 509 14 1
19605 314 67 509 14 1
19606 314 68 509 14 1
19607 314 69 509 14 1
19608 314 70 509 14 1
19609 314 71 509 14 1
19610 314 72 509 14 1
19611 314 73 509 14 1
19612 314 74 509 14 1
19613 314 75 509 14 1
19614 314 76 509 14 1
19615 314 77 509 14 1
19616 314 78 509 14 1
19617 314 79 509 14 1
19618 314 80 509 14 1
19619 314 81 509 14 1
19620 314 82 509 14 1
19621 314 83 509 14 1
19622 314 84 509 14 1
19623 314 85 509 14 1
19624 314 86 509 14 1
19625 314 87 509 14 1
19626 314 88 509 14 1
19627 314 89 509 14 1
19628 314 90 509 14 1
19629 314 91 509 14 1
19630 314 92 509 14 1
19631 314 93 509 14 1
19632 314 94 509 14 1
19633 314 95 509 14 1
19634 314 96 509 14 1
19635 314 97 509 14 1
19636 314 98 509 14 1
19637 314 99 509 14 1
19638 314 100 509 14 1
19639 314 101 509 14 1
19640 314 102 509 14 1
19641 314 103 509 14 1
19642 314 104 509 14 1
19643 314 105 509 14 1
19644 314 106 509 14 1
19645 314 107 509 14 1
19646 314 108 509 14 1
19647 314 109 509 14 1
19648 314 110 509 14 1
19649 314 111 509 14 1
19650 314 112 509 14 1
19651 314 113 509 14 1
19652 314 114 509 14 1
19653 314 115 509 14 1
19654 314 116 509 14 1
19655 314 117 509 14 1
19656 314 118 509 14 1
19657 314 119 509 14 1
19658 314 120 509 14 1
19659 314 121 509 14 1
19660 314 122 509 14 1
19661 314 123 509 14 1
19662 314 124 509 14 1
19663 314 125 509 14 1
19664 314 126 509 14 1
19665 315 64 509 14 1
19666 315 65 509 14 1
19667 315 66 509 14 1
19668 315 67 509 14 1
19669 315 68 509 14 1
19670 315 69 509 14 1
19671 315 70 509 14 1
19672 315 71 509 14 1
19673 315 72 509 14 1
19674 315 73 509 14 1
19675 315 74 509 14 1
19676 315 75 509 14 1
19677 315 76 509 14 1
19678 315 77 509 14 1
19679 315 78 509 14 1
19680 315 79 509 14 1
19681 315 80 509 14 1
19682 315 81 509 14 1
19683 315 82 509 14 1
19684 315 83 509 14 1
19685 315 84 509 14 1
19686 315 85 509 14 1
19687 315 86 509 14 1
19688 315 87 509 14 1
19689 315 88 509 14 1
19690 315 89 509 14 1
19691 315 90 509 14 1
19692 315 91 509 14 1
19693 315 92 509 14 1
19694 315 93 509 14 1
19695 315 94 509 14 1
19696 315 95 509 14 1
19697 315 96 509 14 1
19698 315 97 509 14 1
19699 315 98 509 14 1
19700 315 99 509 14 1
19701 315 100 509 14 1
19702 315 101 509 14 1
19703 315 102 509 14 1
19704 315 103 509 14 1
19705 315 104 509 14 1
19706 315 105 509 14 1
19707 315 106 509 14 1
19708 315 107 509 14 1
19709 315 108 509 14 1
19710 315 109 509 14 1
19711 315 110 509 14 1
19712 315 111 509 14 1
19713 315 112 509 14 1
19714 315 113 509 14 1
19715 315 114 509 14 1
19716 315 115 509 14 1
19717 315 116 509 14 1
19718 315 117 509 14 1
19719 315 118 509 14 1
19720 315 119 509 14 1
19721 315 120 509 14 1
19722 315 121 509 14 1
19723 315 122 509 14 1
19724 315 123 509 14 1
19725 315 124 509 14 1
19726 315 125 509 14 1
19727 315 126 509 14 1
19728 316 64 509 14 1
19729 316 65 509 14 1
19730 316 66 509 14 1
19731 316 67 509 14 1
19732 316 68 509 14 1
19733 316 69 509 14 1
19734 316 70 509 14 1
19735 316 71 509 14 1
19736 316 72 509 14 1
19737 316 73 509 14 1
19738 316 74 509 14 1
19739 316 75 509 14 1
19740 316 76 509 14 1
19741 316 77 509 14 1
19742 316 78 509 14 1
19743 316 79 509 14 1
19744 316 80 509 14 1
19745 316 81 509 14 1
19746 316 82 509 14 1
19747 316 83 509 14 1
19748 316 84 509 14 1
19749 316 85 509 14 1
19750 316 86 509 14 1
19751 316 87 509 14 1
19752 316 88 509 14 1
19753 316 89 509 14 1
19754 316 90 509 14 1
19755 316 91 509 14 1
19756 316 92 509 14 1
19757 316 93 509 14 1
19758 316 94 509 14 1
19759 316 95 509 14 1
19760 316 96 509 14 1
19761 316 97 509 14 1
19762 316 98 509 14 1
19763 316 99 509 14 1
19764 316 100 509 14 1
19765 316 101 509 14 1
19766 316 102 509 14 1
19767 316 103 509 14 1
19768 316 104 509 14 1
19769 316 105 509 14 1
19770 316 106 509 14 1
19771 316 107 509 14 1
19772 316 108 509 14 1
19773 316 109 509 14 1
19774 316 110 509 14 1
19775 316 111 509 14 1
19776 316 112 509 14 1
19777 316 113 509 14 1
19778 316 114 509 14 1
19779 316 115 509 14 1
19780 316 116 509 14 1
19781 316 117 509 14 1
19782 316 118 509 14 1
19783 316 119 509 14 1
19784 316 120 509 14 1
19785 316 121 509 14 1
19786 316 122 509 14 1
19787 316 123 509 14 1
19788 316 124 509 14 1
19789 316 125 509 14 1
19790 316 126 509 14 1
19791 317 64 509 14 1
19792 317 65 509 14 1
19793 317 66 509 14 1
19794 317 67 509 14 1
19795 317 68 509 14 1
19796 317 69 509 14 1
19797 317 70 509 14 1
19798 317 71 509 14 1
19799 317 72 509 14 1
19800 317 73 509 14 1
19801 317 74 509 14 1
19802 317 75 509 14 1
19803 317 76 509 14 1
19804 317 77 509 14 1
19805 317 78 509 14 1
19806 317 79 509 14 1
19807 317 80 509 14 1
19808 317 81 509 14 1
19809 317 82 509 14 1
19810 317 83 509 14 1
19811 317 84 509 14 1
19812 317 85 509 14 1
19813 317 86 509 14 1
19814 317 87 509 14 1
19815 317 88 509 14 1
19816 317 89 509 14 1
19817 317 90 509 14 1
19818 317 91 509 14 1
19819 317 92 509 14 1
19820 317 93 509 14 1
19821 317 94 509 14 1
19822 317 95 509 14 1
19823 317 96 509 14 1
19824 317 97 509 14 1
19825 317 98 509 14 1
19826 317 99 509 14 1
19827 317 100 509 14 1
19828 317 101 509 14 1
19829 317 102 509 14 1
19830 317 103 509 14 1
19831 317 104 509 14 1
19832 317 105 509 14 1
19833 317 106 509 14 1
19834 317 107 509 14 1
19835 317 108 509 14 1
19836 317 109 509 14 1
19837 317 110 509 14 1
19838 317 111 509 14 1
19839 317 112 509 14 1
19840 317 113 509 14 1
19841 317 114 509 14 1
19842 317 115 509 14 1
19843 317 116 509 14 1
19844 317 117 509 14 1
19845 317 118 509 14 1
19846 317 119 509 14 1
19847 317 120 509 14 1
19848 317 121 509 14 1
19849 317 122 509 14 1
19850 317 123 509 14 1
19851 317 124 509 14 1
19852 317 125 509 14 1
19853 317 126 509 14 1
19854 318 64 509 14 1
19855 318 65 509 14 1
19856 318 66 509 14 1
19857 318 67 509 14 1
19858 318 68 509 14 1
19859 318 69 509 14 1
19860 318 70 509 14 1
19861 318 71 509 14 1
19862 318 72 509 14 1
19863 318 73 509 14 1
19864 318 74 509 14 1
19865 318 75 509 14 1
19866 318 76 509 14 1
19867 318 77 509 14 1
19868 318 78 509 14 1
19869 318 79 509 14 1
19870 318 80 509 14 1
19871 318 81 509 14 1
19872 318 82 509 14 1
19873 318 83 509 14 1
19874 318 84 509 14 1
19875 318 85 509 14 1
19876 318 86 509 14 1
19877 318 87 509 14 1
19878 318 88 509 14 1
19879 318 89 509 14 1
19880 318 90 509 14 1
19881 318 91 509 14 1
19882 318 92 509 14 1
19883 318 93 509 14 1
19884 318 94 509 14 1
19885 318 95 509 14 1
19886 318 96 509 14 1
19887 318 97 509 14 1
19888 318 98 509 14 1
19889 318 99 509 14 1
19890 318 100 509 14 1
19891 318 101 509 14 1
19892 318 102 509 14 1
19893 318 103 509 14 1
19894 318 104 509 14 1
19895 318 105 509 14 1
19896 318 106 509 14 1
19897 318 107 509 14 1
19898 318 108 509 14 1
19899 318 109 509 14 1
19900 318 110 509 14 1
19901 318 111 509 14 1
19902 318 112 509 14 1
19903 318 113 509 14 1
19904 318 114 509 14 1
19905 318 115 509 14 1
19906 318 116 509 14 1
19907 318 117 509 14 1
19908 318 118 509 14 1
19909 318 119 509 14 1
19910 318 120 509 14 1
19911 318 121 509 14 1
19912 318 122 509 14 1
19913 318 123 509 14 1
19914 318 124 509 14 1
19915 318 125 509 14 1
19916 318 126 509 14 1
19917 319 64 509 14 1
19918 319 65 509 14 1
19919 319 66 509 14 1
19920 319 67 509 14 1
19921 319 68 509 14 1
19922 319 69 509 14 1
19923 319 70 509 14 1
19924 319 71 509 14 1
19925 319 72 509 14 1
19926 319 73 509 14 1
19927 319 74 509 14 1
19928 319 75 509 14 1
19929 319 76 509 14 1
19930 319 77 509 14 1
19931 319 78 509 14 1
19932 319 79 509 14 1
19933 319 80 509 14 1
19934 319 81 509 14 1
19935 319 82 509 14 1
19936 319 83 509 14 1
19937 319 84 509 14 1
19938 319 85 509 14 1
19939 319 86 509 14 1
19940 319 87 509 14 1
19941 319 88 509 14 1
19942 319 89 509 14 1
19943 319 90 509 14 1
19944 319 91 509 14 1
19945 319 92 509 14 1
19946 319 93 509 14 1
19947 319 94 509 14 1
19948 319 95 509 14 1
19949 319 96 509 14 1
19950 319 97 509 14 1
19951 319 98 509 14 1
19952 319 99 509 14 1
19953 319 100 509 14 1
19954 319 101 509 14 1
19955 319 102 509 14 1
19956 319 103 509 14 1
19957 319 104 509 14 1
19958 319 105 509 14 1
19959 319 106 509 14 1
19960 319 107 509 14 1
19961 319 108 509 14 1
19962 319 109 509 14 1
19963 319 110 509 14 1
19964 319 111 509 14 1
19965 319 112 509 14 1
19966 319 113 509 14 1
19967 319 114 509 14 1
19968 319 115 509 14 1
19969 319 116 509 14 1
19970 319 117 509 14 1
19971 319 118 509 14 1
19972 319 119 509 14 1
19973 319 120 509 14 1
19974 319 121 509 14 1
19975 319 122 509 14 1
19976 319 123 509 14 1
19977 319 124 509 14 1
19978 319 125 509 14 1
19979 319 126 509 14 1
19980 320 64 509 14 1
19981 320 65 509 14 1
19982 320 66 509 14 1
19983 320 67 509 14 1
19984 320 68 509 14 1
19985 320 69 509 14 1
19986 320 70 509 14 1
19987 320 71 509 14 1
19988 320 72 509 14 1
19989 320 73 509 14 1
19990 320 74 509 14 1
19991 320 75 509 14 1
19992 320 76 509 14 1
19993 320 77 509 14 1
19994 320 78 509 14 1
19995 320 79 509 14 1
19996 320 80 509 14 1
19997 320 81 509 14 1
19998 320 82 509 14 1
19999 320 83 509 14 1
20000 320 84 509 14 1
20001 320 85 509 14 1
20002 320 86 509 14 1
20003 320 87 509 14 1
20004 320 88 509 14 1
20005 320 89 509 14 1
20006 320 90 509 14 1
20007 320 91 509 14 1
20008 320 92 509 14 1
20009 320 93 509 14 1
20010 320 94 509 14 1
20011 320 95 509 14 1
20012 320 96 509 14 1
20013 320 97 509 14 1
20014 320 98 509 14 1
20015 320 99 509 14 1
20016 320 100 509 14 1
20017 320 101 509 14 1
20018 320 102 509 14 1
20019 320 103 509 14 1
20020 320 104 509 14 1
20021 320 105 509 14 1
20022 320 106 509 14 1
20023 320 107 509 14 1
20024 320 108 509 14 1
20025 320 109 509 14 1
20026 320 110 509 14 1
20027 320 111 509 14 1
20028 320 112 509 14 1
20029 320 113 509 14 1
20030 320 114 509 14 1
20031 320 115 509 14 1
20032 320 116 509 14 1
20033 320 117 509 14 1
20034 320 118 509 14 1
20035 320 119 509 14 1
20036 320 120 509 14 1
20037 320 121 509 14 1
20038 320 122 509 14 1
20039 320 123 509 14 1
20040 320 124 509 14 1
20041 320 125 509 14 1
20042 320 126 509 14 1
20043 321 64 509 14 1
20044 321 65 509 14 1
20045 321 66 509 14 1
20046 321 67 509 14 1
20047 321 68 509 14 1
20048 321 69 509 14 1
20049 321 70 509 14 1
20050 321 71 509 14 1
20051 321 72 509 14 1
20052 321 73 509 14 1
20053 321 74 509 14 1
20054 321 75 509 14 1
20055 321 76 509 14 1
20056 321 77 509 14 1
20057 321 78 509 14 1
20058 321 79 509 14 1
20059 321 80 509 14 1
20060 321 81 509 14 1
20061 321 82 509 14 1
20062 321 83 509 14 1
20063 321 84 509 14 1
20064 321 85 509 14 1
20065 321 86 509 14 1
20066 321 87 509 14 1
20067 321 88 509 14 1
20068 321 89 509 14 1
20069 321 90 509 14 1
20070 321 91 509 14 1
20071 321 92 509 14 1
20072 321 93 509 14 1
20073 321 94 509 14 1
20074 321 95 509 14 1
20075 321 96 509 14 1
20076 321 97 509 14 1
20077 321 98 509 14 1
20078 321 99 509 14 1
20079 321 100 509 14 1
20080 321 101 509 14 1
20081 321 102 509 14 1
20082 321 103 509 14 1
20083 321 104 509 14 1
20084 321 105 509 14 1
20085 321 106 509 14 1
20086 321 107 509 14 1
20087 321 108 509 14 1
20088 321 109 509 14 1
20089 321 110 509 14 1
20090 321 111 509 14 1
20091 321 112 509 14 1
20092 321 113 509 14 1
20093 321 114 509 14 1
20094 321 115 509 14 1
20095 321 116 509 14 1
20096 321 117 509 14 1
20097 321 118 509 14 1
20098 321 119 509 14 1
20099 321 120 509 14 1
20100 321 121 509 14 1
20101 321 122 509 14 1
20102 321 123 509 14 1
20103 321 124 509 14 1
20104 321 125 509 14 1
20105 321 126 509 14 1
20106 322 64 509 14 1
20107 322 65 509 14 1
20108 322 66 509 14 1
20109 322 67 509 14 1
20110 322 68 509 14 1
20111 322 69 509 14 1
20112 322 70 509 14 1
20113 322 71 509 14 1
20114 322 72 509 14 1
20115 322 73 509 14 1
20116 322 74 509 14 1
20117 322 75 509 14 1
20118 322 76 509 14 1
20119 322 77 509 14 1
20120 322 78 509 14 1
20121 322 79 509 14 1
20122 322 80 509 14 1
20123 322 81 509 14 1
20124 322 82 509 14 1
20125 322 83 509 14 1
20126 322 84 509 14 1
20127 322 85 509 14 1
20128 322 86 509 14 1
20129 322 87 509 14 1
20130 322 88 509 14 1
20131 322 89 509 14 1
20132 322 90 509 14 1
20133 322 91 509 14 1
20134 322 92 509 14 1
20135 322 93 509 14 1
20136 322 94 509 14 1
20137 322 95 509 14 1
20138 322 96 509 14 1
20139 322 97 509 14 1
20140 322 98 509 14 1
20141 322 99 509 14 1
20142 322 100 509 14 1
20143 322 101 509 14 1
20144 322 102 509 14 1
20145 322 103 509 14 1
20146 322 104 509 14 1
20147 322 105 509 14 1
20148 322 106 509 14 1
20149 322 107 509 14 1
20150 322 108 509 14 1
20151 322 109 509 14 1
20152 322 110 509 14 1
20153 322 111 509 14 1
20154 322 112 509 14 1
20155 322 113 509 14 1
20156 322 114 509 14 1
20157 322 115 509 14 1
20158 322 116 509 14 1
20159 322 117 509 14 1
20160 322 118 509 14 1
20161 322 119 509 14 1
20162 322 120 509 14 1
20163 322 121 509 14 1
20164 322 122 509 14 1
20165 322 123 509 14 1
20166 322 124 509 14 1
20167 322 125 509 14 1
20168 322 126 509 14 1
20169 323 64 509 14 1
20170 323 65 509 14 1
20171 323 66 509 14 1
20172 323 67 509 14 1
20173 323 68 509 14 1
20174 323 69 509 14 1
20175 323 70 509 14 1
20176 323 71 509 14 1
20177 323 72 509 14 1
20178 323 73 509 14 1
20179 323 74 509 14 1
20180 323 75 509 14 1
20181 323 76 509 14 1
20182 323 77 509 14 1
20183 323 78 509 14 1
20184 323 79 509 14 1
20185 323 80 509 14 1
20186 323 81 509 14 1
20187 323 82 509 14 1
20188 323 83 509 14 1
20189 323 84 509 14 1
20190 323 85 509 14 1
20191 323 86 509 14 1
20192 323 87 509 14 1
20193 323 88 509 14 1
20194 323 89 509 14 1
20195 323 90 509 14 1
20196 323 91 509 14 1
20197 323 92 509 14 1
20198 323 93 509 14 1
20199 323 94 509 14 1
20200 323 95 509 14 1
20201 323 96 509 14 1
20202 323 97 509 14 1
20203 323 98 509 14 1
20204 323 99 509 14 1
20205 323 100 509 14 1
20206 323 101 509 14 1
20207 323 102 509 14 1
20208 323 103 509 14 1
20209 323 104 509 14 1
20210 323 105 509 14 1
20211 323 106 509 14 1
20212 323 107 509 14 1
20213 323 108 509 14 1
20214 323 109 509 14 1
20215 323 110 509 14 1
20216 323 111 509 14 1
20217 323 112 509 14 1
20218 323 113 509 14 1
20219 323 114 509 14 1
20220 323 115 509 14 1
20221 323 116 509 14 1
20222 323 117 509 14 1
20223 323 118 509 14 1
20224 323 119 509 14 1
20225 323 120 509 14 1
20226 323 121 509 14 1
20227 323 122 509 14 1
20228 323 123 509 14 1
20229 323 124 509 14 1
20230 323 125 509 14 1
20231 323 126 509 14 1
20232 324 64 509 14 1
20233 324 65 509 14 1
20234 324 66 509 14 1
20235 324 67 509 14 1
20236 324 68 509 14 1
20237 324 69 509 14 1
20238 324 70 509 14 1
20239 324 71 509 14 1
20240 324 72 509 14 1
20241 324 73 509 14 1
20242 324 74 509 14 1
20243 324 75 509 14 1
20244 324 76 509 14 1
20245 324 77 509 14 1
20246 324 78 509 14 1
20247 324 79 509 14 1
20248 324 80 509 14 1
20249 324 81 509 14 1
20250 324 82 509 14 1
20251 324 83 509 14 1
20252 324 84 509 14 1
20253 324 85 509 14 1
20254 324 86 509 14 1
20255 324 87 509 14 1
20256 324 88 509 14 1
20257 324 89 509 14 1
20258 324 90 509 14 1
20259 324 91 509 14 1
20260 324 92 509 14 1
20261 324 93 509 14 1
20262 324 94 509 14 1
20263 324 95 509 14 1
20264 324 96 509 14 1
20265 324 97 509 14 1
20266 324 98 509 14 1
20267 324 99 509 14 1
20268 324 100 509 14 1
20269 324 101 509 14 1
20270 324 102 509 14 1
20271 324 103 509 14 1
20272 324 104 509 14 1
20273 324 105 509 14 1
20274 324 106 509 14 1
20275 324 107 509 14 1
20276 324 108 509 14 1
20277 324 109 509 14 1
20278 324 110 509 14 1
20279 324 111 509 14 1
20280 324 112 509 14 1
20281 324 113 509 14 1
20282 324 114 509 14 1
20283 324 115 509 14 1
20284 324 116 509 14 1
20285 324 117 509 14 1
20286 324 118 509 14 1
20287 324 119 509 14 1
20288 324 120 509 14 1
20289 324 121 509 14 1
20290 324 122 509 14 1
20291 324 123 509 14 1
20292 324 124 509 14 1
20293 324 125 509 14 1
20294 324 126 509 14 1
20295 325 64 509 14 1
20296 325 65 509 14 1
20297 325 66 509 14 1
20298 325 67 509 14 1
20299 325 68 509 14 1
20300 325 69 509 14 1
20301 325 70 509 14 1
20302 325 71 509 14 1
20303 325 72 509 14 1
20304 325 73 509 14 1
20305 325 74 509 14 1
20306 325 75 509 14 1
20307 325 76 509 14 1
20308 325 77 509 14 1
20309 325 78 509 14 1
20310 325 79 509 14 1
20311 325 80 509 14 1
20312 325 81 509 14 1
20313 325 82 509 14 1
20314 325 83 509 14 1
20315 325 84 509 14 1
20316 325 85 509 14 1
20317 325 86 509 14 1
20318 325 87 509 14 1
20319 325 88 509 14 1
20320 325 89 509 14 1
20321 325 90 509 14 1
20322 325 91 509 14 1
20323 325 92 509 14 1
20324 325 93 509 14 1
20325 325 94 509 14 1
20326 325 95 509 14 1
20327 325 96 509 14 1
20328 325 97 509 14 1
20329 325 98 509 14 1
20330 325 99 509 14 1
20331 325 100 509 14 1
20332 325 101 509 14 1
20333 325 102 509 14 1
20334 325 103 509 14 1
20335 325 104 509 14 1
20336 325 105 509 14 1
20337 325 106 509 14 1
20338 325 107 509 14 1
20339 325 108 509 14 1
20340 325 109 509 14 1
20341 325 110 509 14 1
20342 325 111 509 14 1
20343 325 112 509 14 1
20344 325 113 509 14 1
20345 325 114 509 14 1
20346 325 115 509 14 1
20347 325 116 509 14 1
20348 325 117 509 14 1
20349 325 118 509 14 1
20350 325 119 509 14 1
20351 325 120 509 14 1
20352 325 121 509 14 1
20353 325 122 509 14 1
20354 325 123 509 14 1
20355 325 124 509 14 1
20356 325 125 509 14 1
20357 325 126 509 14 1
20358 326 64 509 14 1
20359 326 65 509 14 1
20360 326 66 509 14 1
20361 326 67 509 14 1
20362 326 68 509 14 1
20363 326 69 509 14 1
20364 326 70 509 14 1
20365 326 71 509 14 1
20366 326 72 509 14 1
20367 326 73 509 14 1
20368 326 74 509 14 1
20369 326 75 509 14 1
20370 326 76 509 14 1
20371 326 77 509 14 1
20372 326 78 509 14 1
20373 326 79 509 14 1
20374 326 80 509 14 1
20375 326 81 509 14 1
20376 326 82 509 14 1
20377 326 83 509 14 1
20378 326 84 509 14 1
20379 326 85 509 14 1
20380 326 86 509 14 1
20381 326 87 509 14 1
20382 326 88 509 14 1
20383 326 89 509 14 1
20384 326 90 509 14 1
20385 326 91 509 14 1
20386 326 92 509 14 1
20387 326 93 509 14 1
20388 326 94 509 14 1
20389 326 95 509 14 1
20390 326 96 509 14 1
20391 326 97 509 14 1
20392 326 98 509 14 1
20393 326 99 509 14 1
20394 326 100 509 14 1
20395 326 101 509 14 1
20396 326 102 509 14 1
20397 326 103 509 14 1
20398 326 104 509 14 1
20399 326 105 509 14 1
20400 326 106 509 14 1
20401 326 107 509 14 1
20402 326 108 509 14 1
20403 326 109 509 14 1
20404 326 110 509 14 1
20405 326 111 509 14 1
20406 326 112 509 14 1
20407 326 113 509 14 1
20408 326 114 509 14 1
20409 326 115 509 14 1
20410 326 116 509 14 1
20411 326 117 509 14 1
20412 326 118 509 14 1
20413 326 119 509 14 1
20414 326 120 509 14 1
20415 326 121 509 14 1
20416 326 122 509 14 1
20417 326 123 509 14 1
20418 326 124 509 14 1
20419 326 125 509 14 1
20420 326 126 509 14 1
20421 327 64 509 14 1
20422 327 65 509 14 1
20423 327 66 509 14 1
20424 327 67 509 14 1
20425 327 68 509 14 1
20426 327 69 509 14 1
20427 327 70 509 14 1
20428 327 71 509 14 1
20429 327 72 509 14 1
20430 327 73 509 14 1
20431 327 74 509 14 1
20432 327 75 509 14 1
20433 327 76 509 14 1
20434 327 77 509 14 1
20435 327 78 509 14 1
20436 327 79 509 14 1
20437 327 80 509 14 1
20438 327 81 509 14 1
20439 327 82 509 14 1
20440 327 83 509 14 1
20441 327 84 509 14 1
20442 327 85 509 14 1
20443 327 86 509 14 1
20444 327 87 509 14 1
20445 327 88 509 14 1
20446 327 89 509 14 1
20447 327 90 509 14 1
20448 327 91 509 14 1
20449 327 92 509 14 1
20450 327 93 509 14 1
20451 327 94 509 14 1
20452 327 95 509 14 1
20453 327 96 509 14 1
20454 327 97 509 14 1
20455 327 98 509 14 1
20456 327 99 509 14 1
20457 327 100 509 14 1
20458 327 101 509 14 1
20459 327 102 509 14 1
20460 327 103 509 14 1
20461 327 104 509 14 1
20462 327 105 509 14 1
20463 327 106 509 14 1
20464 327 107 509 14 1
20465 327 108 509 14 1
20466 327 109 509 14 1
20467 327 110 509 14 1
20468 327 111 509 14 1
20469 327 112 509 14 1
20470 327 113 509 14 1
20471 327 114 509 14 1
20472 327 115 509 14 1
20473 327 116 509 14 1
20474 327 117 509 14 1
20475 327 118 509 14 1
20476 327 119 509 14 1
20477 327 120 509 14 1
20478 327 121 509 14 1
20479 327 122 509 14 1
20480 327 123 509 14 1
20481 327 124 509 14 1
20482 327 125 509 14 1
20483 327 126 509 14 1
20484 328 64 509 14 1
20485 328 65 509 14 1
20486 328 66 509 14 1
20487 328 67 509 14 1
20488 328 68 509 14 1
20489 328 69 509 14 1
20490 328 70 509 14 1
20491 328 71 509 14 1
20492 328 72 509 14 1
20493 328 73 509 14 1
20494 328 74 509 14 1
20495 328 75 509 14 1
20496 328 76 509 14 1
20497 328 77 509 14 1
20498 328 78 509 14 1
20499 328 79 509 14 1
20500 328 80 509 14 1
20501 328 81 509 14 1
20502 328 82 509 14 1
20503 328 83 509 14 1
20504 328 84 509 14 1
20505 328 85 509 14 1
20506 328 86 509 14 1
20507 328 87 509 14 1
20508 328 88 509 14 1
20509 328 89 509 14 1
20510 328 90 509 14 1
20511 328 91 509 14 1
20512 328 92 509 14 1
20513 328 93 509 14 1
20514 328 94 509 14 1
20515 328 95 509 14 1
20516 328 96 509 14 1
20517 328 97 509 14 1
20518 328 98 509 14 1
20519 328 99 509 14 1
20520 328 100 509 14 1
20521 328 101 509 14 1
20522 328 102 509 14 1
20523 328 103 509 14 1
20524 328 104 509 14 1
20525 328 105 509 14 1
20526 328 106 509 14 1
20527 328 107 509 14 1
20528 328 108 509 14 1
20529 328 109 509 14 1
20530 328 110 509 14 1
20531 328 111 509 14 1
20532 328 112 509 14 1
20533 328 113 509 14 1
20534 328 114 509 14 1
20535 328 115 509 14 1
20536 328 116 509 14 1
20537 328 117 509 14 1
20538 328 118 509 14 1
20539 328 119 509 14 1
20540 328 120 509 14 1
20541 328 121 509 14 1
20542 328 122 509 14 1
20543 328 123 509 14 1
20544 328 124 509 14 1
20545 328 125 509 14 1
20546 328 126 509 14 1
20547 329 64 509 14 1
20548 329 65 509 14 1
20549 329 66 509 14 1
20550 329 67 509 14 1
20551 329 68 509 14 1
20552 329 69 509 14 1
20553 329 70 509 14 1
20554 329 71 509 14 1
20555 329 72 509 14 1
20556 329 73 509 14 1
20557 329 74 509 14 1
20558 329 75 509 14 1
20559 329 76 509 14 1
20560 329 77 509 14 1
20561 329 78 509 14 1
20562 329 79 509 14 1
20563 329 80 509 14 1
20564 329 81 509 14 1
20565 329 82 509 14 1
20566 329 83 509 14 1
20567 329 84 509 14 1
20568 329 85 509 14 1
20569 329 86 509 14 1
20570 329 87 509 14 1
20571 329 88 509 14 1
20572 329 89 509 14 1
20573 329 90 509 14 1
20574 329 91 509 14 1
20575 329 92 509 14 1
20576 329 93 509 14 1
20577 329 94 509 14 1
20578 329 95 509 14 1
20579 329 96 509 14 1
20580 329 97 509 14 1
20581 329 98 509 14 1
20582 329 99 509 14 1
20583 329 100 509 14 1
20584 329 101 509 14 1
20585 329 102 509 14 1
20586 329 103 509 14 1
20587 329 104 509 14 1
20588 329 105 509 14 1
20589 329 106 509 14 1
20590 329 107 509 14 1
20591 329 108 509 14 1
20592 329 109 509 14 1
20593 329 110 509 14 1
20594 329 111 509 14 1
20595 329 112 509 14 1
20596 329 113 509 14 1
20597 329 114 509 14 1
20598 329 115 509 14 1
20599 329 116 509 14 1
20600 329 117 509 14 1
20601 329 118 509 14 1
20602 329 119 509 14 1
20603 329 120 509 14 1
20604 329 121 509 14 1
20605 329 122 509 14 1
20606 329 123 509 14 1
20607 329 124 509 14 1
20608 329 125 509 14 1
20609 329 126 509 14 1
20610 330 64 509 14 1
20611 330 65 509 14 1
20612 330 66 509 14 1
20613 330 67 509 14 1
20614 330 68 509 14 1
20615 330 69 509 14 1
20616 330 70 509 14 1
20617 330 71 509 14 1
20618 330 72 509 14 1
20619 330 73 509 14 1
20620 330 74 509 14 1
20621 330 75 509 14 1
20622 330 76 509 14 1
20623 330 77 509 14 1
20624 330 78 509 14 1
20625 330 79 509 14 1
20626 330 80 509 14 1
20627 330 81 509 14 1
20628 330 82 509 14 1
20629 330 83 509 14 1
20630 330 84 509 14 1
20631 330 85 509 14 1
20632 330 86 509 14 1
20633 330 87 509 14 1
20634 330 88 509 14 1
20635 330 89 509 14 1
20636 330 90 509 14 1
20637 330 91 509 14 1
20638 330 92 509 14 1
20639 330 93 509 14 1
20640 330 94 509 14 1
20641 330 95 509 14 1
20642 330 96 509 14 1
20643 330 97 509 14 1
20644 330 98 509 14 1
20645 330 99 509 14 1
20646 330 100 509 14 1
20647 330 101 509 14 1
20648 330 102 509 14 1
20649 330 103 509 14 1
20650 330 104 509 14 1
20651 330 105 509 14 1
20652 330 106 509 14 1
20653 330 107 509 14 1
20654 330 108 509 14 1
20655 330 109 509 14 1
20656 330 110 509 14 1
20657 330 111 509 14 1
20658 330 112 509 14 1
20659 330 113 509 14 1
20660 330 114 509 14 1
20661 330 115 509 14 1
20662 330 116 509 14 1
20663 330 117 509 14 1
20664 330 118 509 14 1
20665 330 119 509 14 1
20666 330 120 509 14 1
20667 330 121 509 14 1
20668 330 122 509 14 1
20669 330 123 509 14 1
20670 330 124 509 14 1
20671 330 125 509 14 1
20672 330 126 509 14 1
20673 331 64 509 14 1
20674 331 65 509 14 1
20675 331 66 509 14 1
20676 331 67 509 14 1
20677 331 68 509 14 1
20678 331 69 509 14 1
20679 331 70 509 14 1
20680 331 71 509 14 1
20681 331 72 509 14 1
20682 331 73 509 14 1
20683 331 74 509 14 1
20684 331 75 509 14 1
20685 331 76 509 14 1
20686 331 77 509 14 1
20687 331 78 509 14 1
20688 331 79 509 14 1
20689 331 80 509 14 1
20690 331 81 509 14 1
20691 331 82 509 14 1
20692 331 83 509 14 1
20693 331 84 509 14 1
20694 331 85 509 14 1
20695 331 86 509 14 1
20696 331 87 509 14 1
20697 331 88 509 14 1
20698 331 89 509 14 1
20699 331 90 509 14 1
20700 331 91 509 14 1
20701 331 92 509 14 1
20702 331 93 509 14 1
20703 331 94 509 14 1
20704 331 95 509 14 1
20705 331 96 509 14 1
20706 331 97 509 14 1
20707 331 98 509 14 1
20708 331 99 509 14 1
20709 331 100 509 14 1
20710 331 101 509 14 1
20711 331 102 509 14 1
20712 331 103 509 14 1
20713 331 104 509 14 1
20714 331 105 509 14 1
20715 331 106 509 14 1
20716 331 107 509 14 1
20717 331 108 509 14 1
20718 331 109 509 14 1
20719 331 110 509 14 1
20720 331 111 509 14 1
20721 331 112 509 14 1
20722 331 113 509 14 1
20723 331 114 509 14 1
20724 331 115 509 14 1
20725 331 116 509 14 1
20726 331 117 509 14 1
20727 331 118 509 14 1
20728 331 119 509 14 1
20729 331 120 509 14 1
20730 331 121 509 14 1
20731 331 122 509 14 1
20732 331 123 509 14 1
20733 331 124 509 14 1
20734 331 125 509 14 1
20735 331 126 509 14 1
20736 332 64 509 14 1
20737 332 65 509 14 1
20738 332 66 509 14 1
20739 332 67 509 14 1
20740 332 68 509 14 1
20741 332 69 509 14 1
20742 332 70 509 14 1
20743 332 71 509 14 1
20744 332 72 509 14 1
20745 332 73 509 14 1
20746 332 74 509 14 1
20747 332 75 509 14 1
20748 332 76 509 14 1
20749 332 77 509 14 1
20750 332 78 509 14 1
20751 332 79 509 14 1
20752 332 80 509 14 1
20753 332 81 509 14 1
20754 332 82 509 14 1
20755 332 83 509 14 1
20756 332 84 509 14 1
20757 332 85 509 14 1
20758 332 86 509 14 1
20759 332 87 509 14 1
20760 332 88 509 14 1
20761 332 89 509 14 1
20762 332 90 509 14 1
20763 332 91 509 14 1
20764 332 92 509 14 1
20765 332 93 509 14 1
20766 332 94 509 14 1
20767 332 95 509 14 1
20768 332 96 509 14 1
20769 332 97 509 14 1
20770 332 98 509 14 1
20771 332 99 509 14 1
20772 332 100 509 14 1
20773 332 101 509 14 1
20774 332 102 509 14 1
20775 332 103 509 14 1
20776 332 104 509 14 1
20777 332 105 509 14 1
20778 332 106 509 14 1
20779 332 107 509 14 1
20780 332 108 509 14 1
20781 332 109 509 14 1
20782 332 110 509 14 1
20783 332 111 509 14 1
20784 332 112 509 14 1
20785 332 113 509 14 1
20786 332 114 509 14 1
20787 332 115 509 14 1
20788 332 116 509 14 1
20789 332 117 509 14 1
20790 332 118 509 14 1
20791 332 119 509 14 1
20792 332 120 509 14 1
20793 332 121 509 14 1
20794 332 122 509 14 1
20795 332 123 509 14 1
20796 332 124 509 14 1
20797 332 125 509 14 1
20798 332 126 509 14 1
20799 333 64 509 14 1
20800 333 65 509 14 1
20801 333 66 509 14 1
20802 333 67 509 14 1
20803 333 68 509 14 1
20804 333 69 509 14 1
20805 333 70 509 14 1
20806 333 71 509 14 1
20807 333 72 509 14 1
20808 333 73 509 14 1
20809 333 74 509 14 1
20810 333 75 509 14 1
20811 333 76 509 14 1
20812 333 77 509 14 1
20813 333 78 509 14 1
20814 333 79 509 14 1
20815 333 80 509 14 1
20816 333 81 509 14 1
20817 333 82 509 14 1
20818 333 83 509 14 1
20819 333 84 509 14 1
20820 333 85 509 14 1
20821 333 86 509 14 1
20822 333 87 509 14 1
20823 333 88 509 14 1
20824 333 89 509 14 1
20825 333 90 509 14 1
20826 333 91 509 14 1
20827 333 92 509 14 1
20828 333 93 509 14 1
20829 333 94 509 14 1
20830 333 95 509 14 1
20831 333 96 509 14 1
20832 333 97 509 14 1
20833 333 98 509 14 1
20834 333 99 509 14 1
20835 333 100 509 14 1
20836 333 101 509 14 1
20837 333 102 509 14 1
20838 333 103 509 14 1
20839 333 104 509 14 1
20840 333 105 509 14 1
20841 333 106 509 14 1
20842 333 107 509 14 1
20843 333 108 509 14 1
20844 333 109 509 14 1
20845 333 110 509 14 1
20846 333 111 509 14 1
20847 333 112 509 14 1
20848 333 113 509 14 1
20849 333 114 509 14 1
20850 333 115 509 14 1
20851 333 116 509 14 1
20852 333 117 509 14 1
20853 333 118 509 14 1
20854 333 119 509 14 1
20855 333 120 509 14 1
20856 333 121 509 14 1
20857 333 122 509 14 1
20858 333 123 509 14 1
20859 333 124 509 14 1
20860 333 125 509 14 1
20861 333 126 509 14 1
20862 334 64 509 14 1
20863 334 65 509 14 1
20864 334 66 509 14 1
20865 334 67 509 14 1
20866 334 68 509 14 1
20867 334 69 509 14 1
20868 334 70 509 14 1
20869 334 71 509 14 1
20870 334 72 509 14 1
20871 334 73 509 14 1
20872 334 74 509 14 1
20873 334 75 509 14 1
20874 334 76 509 14 1
20875 334 77 509 14 1
20876 334 78 509 14 1
20877 334 79 509 14 1
20878 334 80 509 14 1
20879 334 81 509 14 1
20880 334 82 509 14 1
20881 334 83 509 14 1
20882 334 84 509 14 1
20883 334 85 509 14 1
20884 334 86 509 14 1
20885 334 87 509 14 1
20886 334 88 509 14 1
20887 334 89 509 14 1
20888 334 90 509 14 1
20889 334 91 509 14 1
20890 334 92 509 14 1
20891 334 93 509 14 1
20892 334 94 509 14 1
20893 334 95 509 14 1
20894 334 96 509 14 1
20895 334 97 509 14 1
20896 334 98 509 14 1
20897 334 99 509 14 1
20898 334 100 509 14 1
20899 334 101 509 14 1
20900 334 102 509 14 1
20901 334 103 509 14 1
20902 334 104 509 14 1
20903 334 105 509 14 1
20904 334 106 509 14 1
20905 334 107 509 14 1
20906 334 108 509 14 1
20907 334 109 509 14 1
20908 334 110 509 14 1
20909 334 111 509 14 1
20910 334 112 509 14 1
20911 334 113 509 14 1
20912 334 114 509 14 1
20913 334 115 509 14 1
20914 334 116 509 14 1
20915 334 117 509 14 1
20916 334 118 509 14 1
20917 334 119 509 14 1
20918 334 120 509 14 1
20919 334 121 509 14 1
20920 334 122 509 14 1
20921 334 123 509 14 1
20922 334 124 509 14 1
20923 334 125 509 14 1
20924 334 126 509 14 1
20925 335 64 509 14 1
20926 335 65 509 14 1
20927 335 66 509 14 1
20928 335 67 509 14 1
20929 335 68 509 14 1
20930 335 69 509 14 1
20931 335 70 509 14 1
20932 335 71 509 14 1
20933 335 72 509 14 1
20934 335 73 509 14 1
20935 335 74 509 14 1
20936 335 75 509 14 1
20937 335 76 509 14 1
20938 335 77 509 14 1
20939 335 78 509 14 1
20940 335 79 509 14 1
20941 335 80 509 14 1
20942 335 81 509 14 1
20943 335 82 509 14 1
20944 335 83 509 14 1
20945 335 84 509 14 1
20946 335 85 509 14 1
20947 335 86 509 14 1
20948 335 87 509 14 1
20949 335 88 509 14 1
20950 335 89 509 14 1
20951 335 90 509 14 1
20952 335 91 509 14 1
20953 335 92 509 14 1
20954 335 93 509 14 1
20955 335 94 509 14 1
20956 335 95 509 14 1
20957 335 96 509 14 1
20958 335 97 509 14 1
20959 335 98 509 14 1
20960 335 99 509 14 1
20961 335 100 509 14 1
20962 335 101 509 14 1
20963 335 102 509 14 1
20964 335 103 509 14 1
20965 335 104 509 14 1
20966 335 105 509 14 1
20967 335 106 509 14 1
20968 335 107 509 14 1
20969 335 108 509 14 1
20970 335 109 509 14 1
20971 335 110 509 14 1
20972 335 111 509 14 1
20973 335 112 509 14 1
20974 335 113 509 14 1
20975 335 114 509 14 1
20976 335 115 509 14 1
20977 335 116 509 14 1
20978 335 117 509 14 1
20979 335 118 509 14 1
20980 335 119 509 14 1
20981 335 120 509 14 1
20982 335 121 509 14 1
20983 335 122 509 14 1
20984 335 123 509 14 1
20985 335 124 509 14 1
20986 335 125 509 14 1
20987 335 126 509 14 1
20988 336 64 509 14 1
20989 336 65 509 14 1
20990 336 66 509 14 1
20991 336 67 509 14 1
20992 336 68 509 14 1
20993 336 69 509 14 1
20994 336 70 509 14 1
20995 336 71 509 14 1
20996 336 72 509 14 1
20997 336 73 509 14 1
20998 336 74 509 14 1
20999 336 75 509 14 1
21000 336 76 509 14 1
21001 336 77 509 14 1
21002 336 78 509 14 1
21003 336 79 509 14 1
21004 336 80 509 14 1
21005 336 81 509 14 1
21006 336 82 509 14 1
21007 336 83 509 14 1
21008 336 84 509 14 1
21009 336 85 509 14 1
21010 336 86 509 14 1
21011 336 87 509 14 1
21012 336 88 509 14 1
21013 336 89 509 14 1
21014 336 90 509 14 1
21015 336 91 509 14 1
21016 336 92 509 14 1
21017 336 93 509 14 1
21018 336 94 509 14 1
21019 336 95 509 14 1
21020 336 96 509 14 1
21021 336 97 509 14 1
21022 336 98 509 14 1
21023 336 99 509 14 1
21024 336 100 509 14 1
21025 336 101 509 14 1
21026 336 102 509 14 1
21027 336 103 509 14 1
21028 336 104 509 14 1
21029 336 105 509 14 1
21030 336 106 509 14 1
21031 336 107 509 14 1
21032 336 108 509 14 1
21033 336 109 509 14 1
21034 336 110 509 14 1
21035 336 111 509 14 1
21036 336 112 509 14 1
21037 336 113 509 14 1
21038 336 114 509 14 1
21039 336 115 509 14 1
21040 336 116 509 14 1
21041 336 117 509 14 1
21042 336 118 509 14 1
21043 336 119 509 14 1
21044 336 120 509 14 1
21045 336 121 509 14 1
21046 336 122 509 14 1
21047 336 123 509 14 1
21048 336 124 509 14 1
21049 336 125 509 14 1
21050 336 126 509 14 1
21051 337 64 509 14 1
21052 337 65 509 14 1
21053 337 66 509 14 1
21054 337 67 509 14 1
21055 337 68 509 14 1
21056 337 69 509 14 1
21057 337 70 509 14 1
21058 337 71 509 14 1
21059 337 72 509 14 1
21060 337 73 509 14 1
21061 337 74 509 14 1
21062 337 75 509 14 1
21063 337 76 509 14 1
21064 337 77 509 14 1
21065 337 78 509 14 1
21066 337 79 509 14 1
21067 337 80 509 14 1
21068 337 81 509 14 1
21069 337 82 509 14 1
21070 337 83 509 14 1
21071 337 84 509 14 1
21072 337 85 509 14 1
21073 337 86 509 14 1
21074 337 87 509 14 1
21075 337 88 509 14 1
21076 337 89 509 14 1
21077 337 90 509 14 1
21078 337 91 509 14 1
21079 337 92 509 14 1
21080 337 93 509 14 1
21081 337 94 509 14 1
21082 337 95 509 14 1
21083 337 96 509 14 1
21084 337 97 509 14 1
21085 337 98 509 14 1
21086 337 99 509 14 1
21087 337 100 509 14 1
21088 337 101 509 14 1
21089 337 102 509 14 1
21090 337 103 509 14 1
21091 337 104 509 14 1
21092 337 105 509 14 1
21093 337 106 509 14 1
21094 337 107 509 14 1
21095 337 108 509 14 1
21096 337 109 509 14 1
21097 337 110 509 14 1
21098 337 111 509 14 1
21099 337 112 509 14 1
21100 337 113 509 14 1
21101 337 114 509 14 1
21102 337 115 509 14 1
21103 337 116 509 14 1
21104 337 117 509 14 1
21105 337 118 509 14 1
21106 337 119 509 14 1
21107 337 120 509 14 1
21108 337 121 509 14 1
21109 337 122 509 14 1
21110 337 123 509 14 1
21111 337 124 509 14 1
21112 337 125 509 14 1
21113 337 126 509 14 1
21114 338 64 509 14 1
21115 338 65 509 14 1
21116 338 66 509 14 1
21117 338 67 509 14 1
21118 338 68 509 14 1
21119 338 69 509 14 1
21120 338 70 509 14 1
21121 338 71 509 14 1
21122 338 72 509 14 1
21123 338 73 509 14 1
21124 338 74 509 14 1
21125 338 75 509 14 1
21126 338 76 509 14 1
21127 338 77 509 14 1
21128 338 78 509 14 1
21129 338 79 509 14 1
21130 338 80 509 14 1
21131 338 81 509 14 1
21132 338 82 509 14 1
21133 338 83 509 14 1
21134 338 84 509 14 1
21135 338 85 509 14 1
21136 338 86 509 14 1
21137 338 87 509 14 1
21138 338 88 509 14 1
21139 338 89 509 14 1
21140 338 90 509 14 1
21141 338 91 509 14 1
21142 338 92 509 14 1
21143 338 93 509 14 1
21144 338 94 509 14 1
21145 338 95 509 14 1
21146 338 96 509 14 1
21147 338 97 509 14 1
21148 338 98 509 14 1
21149 338 99 509 14 1
21150 338 100 509 14 1
21151 338 101 509 14 1
21152 338 102 509 14 1
21153 338 103 509 14 1
21154 338 104 509 14 1
21155 338 105 509 14 1
21156 338 106 509 14 1
21157 338 107 509 14 1
21158 338 108 509 14 1
21159 338 109 509 14 1
21160 338 110 509 14 1
21161 338 111 509 14 1
21162 338 112 509 14 1
21163 338 113 509 14 1
21164 338 114 509 14 1
21165 338 115 509 14 1
21166 338 116 509 14 1
21167 338 117 509 14 1
21168 338 118 509 14 1
21169 338 119 509 14 1
21170 338 120 509 14 1
21171 338 121 509 14 1
21172 338 122 509 14 1
21173 338 123 509 14 1
21174 338 124 509 14 1
21175 338 125 509 14 1
21176 338 126 509 14 1
21177 339 64 509 14 1
21178 339 65 509 14 1
21179 339 66 509 14 1
21180 339 67 509 14 1
21181 339 68 509 14 1
21182 339 69 509 14 1
21183 339 70 509 14 1
21184 339 71 509 14 1
21185 339 72 509 14 1
21186 339 73 509 14 1
21187 339 74 509 14 1
21188 339 75 509 14 1
21189 339 76 509 14 1
21190 339 77 509 14 1
21191 339 78 509 14 1
21192 339 79 509 14 1
21193 339 80 509 14 1
21194 339 81 509 14 1
21195 339 82 509 14 1
21196 339 83 509 14 1
21197 339 84 509 14 1
21198 339 85 509 14 1
21199 339 86 509 14 1
21200 339 87 509 14 1
21201 339 88 509 14 1
21202 339 89 509 14 1
21203 339 90 509 14 1
21204 339 91 509 14 1
21205 339 92 509 14 1
21206 339 93 509 14 1
21207 339 94 509 14 1
21208 339 95 509 14 1
21209 339 96 509 14 1
21210 339 97 509 14 1
21211 339 98 509 14 1
21212 339 99 509 14 1
21213 339 100 509 14 1
21214 339 101 509 14 1
21215 339 102 509 14 1
21216 339 103 509 14 1
21217 339 104 509 14 1
21218 339 105 509 14 1
21219 339 106 509 14 1
21220 339 107 509 14 1
21221 339 108 509 14 1
21222 339 109 509 14 1
21223 339 110 509 14 1
21224 339 111 509 14 1
21225 339 112 509 14 1
21226 339 113 509 14 1
21227 339 114 509 14 1
21228 339 115 509 14 1
21229 339 116 509 14 1
21230 339 117 509 14 1
21231 339 118 509 14 1
21232 339 119 509 14 1
21233 339 120 509 14 1
21234 339 121 509 14 1
21235 339 122 509 14 1
21236 339 123 509 14 1
21237 339 124 509 14 1
21238 339 125 509 14 1
21239 339 126 509 14 1
21240 340 64 509 14 1
21241 340 65 509 14 1
21242 340 66 509 14 1
21243 340 67 509 14 1
21244 340 68 509 14 1
21245 340 69 509 14 1
21246 340 70 509 14 1
21247 340 71 509 14 1
21248 340 72 509 14 1
21249 340 73 509 14 1
21250 340 74 509 14 1
21251 340 75 509 14 1
21252 340 76 509 14 1
21253 340 77 509 14 1
21254 340 78 509 14 1
21255 340 79 509 14 1
21256 340 80 509 14 1
21257 340 81 509 14 1
21258 340 82 509 14 1
21259 340 83 509 14 1
21260 340 84 509 14 1
21261 340 85 509 14 1
21262 340 86 509 14 1
21263 340 87 509 14 1
21264 340 88 509 14 1
21265 340 89 509 14 1
21266 340 90 509 14 1
21267 340 91 509 14 1
21268 340 92 509 14 1
21269 340 93 509 14 1
21270 340 94 509 14 1
21271 340 95 509 14 1
21272 340 96 509 14 1
21273 340 97 509 14 1
21274 340 98 509 14 1
21275 340 99 509 14 1
21276 340 100 509 14 1
21277 340 101 509 14 1
21278 340 102 509 14 1
21279 340 103 509 14 1
21280 340 104 509 14 1
21281 340 105 509 14 1
21282 340 106 509 14 1
21283 340 107 509 14 1
21284 340 108 509 14 1
21285 340 109 509 14 1
21286 340 110 509 14 1
21287 340 111 509 14 1
21288 340 112 509 14 1
21289 340 113 509 14 1
21290 340 114 509 14 1
21291 340 115 509 14 1
21292 340 116 509 14 1
21293 340 117 509 14 1
21294 340 118 509 14 1
21295 340 119 509 14 1
21296 340 120 509 14 1
21297 340 121 509 14 1
21298 340 122 509 14 1
21299 340 123 509 14 1
21300 340 124 509 14 1
21301 340 125 509 14 1
21302 340 126 509 14 1
21303 341 64 509 14 1
21304 341 65 509 14 1
21305 341 66 509 14 1
21306 341 67 509 14 1
21307 341 68 509 14 1
21308 341 69 509 14 1
21309 341 70 509 14 1
21310 341 71 509 14 1
21311 341 72 509 14 1
21312 341 73 509 14 1
21313 341 74 509 14 1
21314 341 75 509 14 1
21315 341 76 509 14 1
21316 341 77 509 14 1
21317 341 78 509 14 1
21318 341 79 509 14 1
21319 341 80 509 14 1
21320 341 81 509 14 1
21321 341 82 509 14 1
21322 341 83 509 14 1
21323 341 84 509 14 1
21324 341 85 509 14 1
21325 341 86 509 14 1
21326 341 87 509 14 1
21327 341 88 509 14 1
21328 341 89 509 14 1
21329 341 90 509 14 1
21330 341 91 509 14 1
21331 341 92 509 14 1
21332 341 93 509 14 1
21333 341 94 509 14 1
21334 341 95 509 14 1
21335 341 96 509 14 1
21336 341 97 509 14 1
21337 341 98 509 14 1
21338 341 99 509 14 1
21339 341 100 509 14 1
21340 341 101 509 14 1
21341 341 102 509 14 1
21342 341 103 509 14 1
21343 341 104 509 14 1
21344 341 105 509 14 1
21345 341 106 509 14 1
21346 341 107 509 14 1
21347 341 108 509 14 1
21348 341 109 509 14 1
21349 341 110 509 14 1
21350 341 111 509 14 1
21351 341 112 509 14 1
21352 341 113 509 14 1
21353 341 114 509 14 1
21354 341 115 509 14 1
21355 341 116 509 14 1
21356 341 117 509 14 1
21357 341 118 509 14 1
21358 341 119 509 14 1
21359 341 120 509 14 1
21360 341 121 509 14 1
21361 341 122 509 14 1
21362 341 123 509 14 1
21363 341 124 509 14 1
21364 341 125 509 14 1
21365 341 126 509 14 1
21366 342 64 509 14 1
21367 342 65 509 14 1
21368 342 66 509 14 1
21369 342 67 509 14 1
21370 342 68 509 14 1
21371 342 69 509 14 1
21372 342 70 509 14 1
21373 342 71 509 14 1
21374 342 72 509 14 1
21375 342 73 509 14 1
21376 342 74 509 14 1
21377 342 75 509 14 1
21378 342 76 509 14 1
21379 342 77 509 14 1
21380 342 78 509 14 1
21381 342 79 509 14 1
21382 342 80 509 14 1
21383 342 81 509 14 1
21384 342 82 509 14 1
21385 342 83 509 14 1
21386 342 84 509 14 1
21387 342 85 509 14 1
21388 342 86 509 14 1
21389 342 87 509 14 1
21390 342 88 509 14 1
21391 342 89 509 14 1
21392 342 90 509 14 1
21393 342 91 509 14 1
21394 342 92 509 14 1
21395 342 93 509 14 1
21396 342 94 509 14 1
21397 342 95 509 14 1
21398 342 96 509 14 1
21399 342 97 509 14 1
21400 342 98 509 14 1
21401 342 99 509 14 1
21402 342 100 509 14 1
21403 342 101 509 14 1
21404 342 102 509 14 1
21405 342 103 509 14 1
21406 342 104 509 14 1
21407 342 105 509 14 1
21408 342 106 509 14 1
21409 342 107 509 14 1
21410 342 108 509 14 1
21411 342 109 509 14 1
21412 342 110 509 14 1
21413 342 111 509 14 1
21414 342 112 509 14 1
21415 342 113 509 14 1
21416 342 114 509 14 1
21417 342 115 509 14 1
21418 342 116 509 14 1
21419 342 117 509 14 1
21420 342 118 509 14 1
21421 342 119 509 14 1
21422 342 120 509 14 1
21423 342 121 509 14 1
21424 342 122 509 14 1
21425 342 123 509 14 1
21426 342 124 509 14 1
21427 342 125 509 14 1
21428 342 126 509 14 1
21429 343 64 509 14 1
21430 343 65 509 14 1
21431 343 66 509 14 1
21432 343 67 509 14 1
21433 343 68 509 14 1
21434 343 69 509 14 1
21435 343 70 509 14 1
21436 343 71 509 14 1
21437 343 72 509 14 1
21438 343 73 509 14 1
21439 343 74 509 14 1
21440 343 75 509 14 1
21441 343 76 509 14 1
21442 343 77 509 14 1
21443 343 78 509 14 1
21444 343 79 509 14 1
21445 343 80 509 14 1
21446 343 81 509 14 1
21447 343 82 509 14 1
21448 343 83 509 14 1
21449 343 84 509 14 1
21450 343 85 509 14 1
21451 343 86 509 14 1
21452 343 87 509 14 1
21453 343 88 509 14 1
21454 343 89 509 14 1
21455 343 90 509 14 1
21456 343 91 509 14 1
21457 343 92 509 14 1
21458 343 93 509 14 1
21459 343 94 509 14 1
21460 343 95 509 14 1
21461 343 96 509 14 1
21462 343 97 509 14 1
21463 343 98 509 14 1
21464 343 99 509 14 1
21465 343 100 509 14 1
21466 343 101 509 14 1
21467 343 102 509 14 1
21468 343 103 509 14 1
21469 343 104 509 14 1
21470 343 105 509 14 1
21471 343 106 509 14 1
21472 343 107 509 14 1
21473 343 108 509 14 1
21474 343 109 509 14 1
21475 343 110 509 14 1
21476 343 111 509 14 1
21477 343 112 509 14 1
21478 343 113 509 14 1
21479 343 114 509 14 1
21480 343 115 509 14 1
21481 343 116 509 14 1
21482 343 117 509 14 1
21483 343 118 509 14 1
21484 343 119 509 14 1
21485 343 120 509 14 1
21486 343 121 509 14 1
21487 343 122 509 14 1
21488 343 123 509 14 1
21489 343 124 509 14 1
21490 343 125 509 14 1
21491 343 126 509 14 1
21492 344 64 509 14 1
21493 344 65 509 14 1
21494 344 66 509 14 1
21495 344 67 509 14 1
21496 344 68 509 14 1
21497 344 69 509 14 1
21498 344 70 509 14 1
21499 344 71 509 14 1
21500 344 72 509 14 1
21501 344 73 509 14 1
21502 344 74 509 14 1
21503 344 75 509 14 1
21504 344 76 509 14 1
21505 344 77 509 14 1
21506 344 78 509 14 1
21507 344 79 509 14 1
21508 344 80 509 14 1
21509 344 81 509 14 1
21510 344 82 509 14 1
21511 344 83 509 14 1
21512 344 84 509 14 1
21513 344 85 509 14 1
21514 344 86 509 14 1
21515 344 87 509 14 1
21516 344 88 509 14 1
21517 344 89 509 14 1
21518 344 90 509 14 1
21519 344 91 509 14 1
21520 344 92 509 14 1
21521 344 93 509 14 1
21522 344 94 509 14 1
21523 344 95 509 14 1
21524 344 96 509 14 1
21525 344 97 509 14 1
21526 344 98 509 14 1
21527 344 99 509 14 1
21528 344 100 509 14 1
21529 344 101 509 14 1
21530 344 102 509 14 1
21531 344 103 509 14 1
21532 344 104 509 14 1
21533 344 105 509 14 1
21534 344 106 509 14 1
21535 344 107 509 14 1
21536 344 108 509 14 1
21537 344 109 509 14 1
21538 344 110 509 14 1
21539 344 111 509 14 1
21540 344 112 509 14 1
21541 344 113 509 14 1
21542 344 114 509 14 1
21543 344 115 509 14 1
21544 344 116 509 14 1
21545 344 117 509 14 1
21546 344 118 509 14 1
21547 344 119 509 14 1
21548 344 120 509 14 1
21549 344 121 509 14 1
21550 344 122 509 14 1
21551 344 123 509 14 1
21552 344 124 509 14 1
21553 344 125 509 14 1
21554 344 126 509 14 1
21555 345 64 509 14 1
21556 345 65 509 14 1
21557 345 66 509 14 1
21558 345 67 509 14 1
21559 345 68 509 14 1
21560 345 69 509 14 1
21561 345 70 509 14 1
21562 345 71 509 14 1
21563 345 72 509 14 1
21564 345 73 509 14 1
21565 345 74 509 14 1
21566 345 75 509 14 1
21567 345 76 509 14 1
21568 345 77 509 14 1
21569 345 78 509 14 1
21570 345 79 509 14 1
21571 345 80 509 14 1
21572 345 81 509 14 1
21573 345 82 509 14 1
21574 345 83 509 14 1
21575 345 84 509 14 1
21576 345 85 509 14 1
21577 345 86 509 14 1
21578 345 87 509 14 1
21579 345 88 509 14 1
21580 345 89 509 14 1
21581 345 90 509 14 1
21582 345 91 509 14 1
21583 345 92 509 14 1
21584 345 93 509 14 1
21585 345 94 509 14 1
21586 345 95 509 14 1
21587 345 96 509 14 1
21588 345 97 509 14 1
21589 345 98 509 14 1
21590 345 99 509 14 1
21591 345 100 509 14 1
21592 345 101 509 14 1
21593 345 102 509 14 1
21594 345 103 509 14 1
21595 345 104 509 14 1
21596 345 105 509 14 1
21597 345 106 509 14 1
21598 345 107 509 14 1
21599 345 108 509 14 1
21600 345 109 509 14 1
21601 345 110 509 14 1
21602 345 111 509 14 1
21603 345 112 509 14 1
21604 345 113 509 14 1
21605 345 114 509 14 1
21606 345 115 509 14 1
21607 345 116 509 14 1
21608 345 117 509 14 1
21609 345 118 509 14 1
21610 345 119 509 14 1
21611 345 120 509 14 1
21612 345 121 509 14 1
21613 345 122 509 14 1
21614 345 123 509 14 1
21615 345 124 509 14 1
21616 345 125 509 14 1
21617 345 126 509 14 1
21618 346 64 509 14 1
21619 346 65 509 14 1
21620 346 66 509 14 1
21621 346 67 509 14 1
21622 346 68 509 14 1
21623 346 69 509 14 1
21624 346 70 509 14 1
21625 346 71 509 14 1
21626 346 72 509 14 1
21627 346 73 509 14 1
21628 346 74 509 14 1
21629 346 75 509 14 1
21630 346 76 509 14 1
21631 346 77 509 14 1
21632 346 78 509 14 1
21633 346 79 509 14 1
21634 346 80 509 14 1
21635 346 81 509 14 1
21636 346 82 509 14 1
21637 346 83 509 14 1
21638 346 84 509 14 1
21639 346 85 509 14 1
21640 346 86 509 14 1
21641 346 87 509 14 1
21642 346 88 509 14 1
21643 346 89 509 14 1
21644 346 90 509 14 1
21645 346 91 509 14 1
21646 346 92 509 14 1
21647 346 93 509 14 1
21648 346 94 509 14 1
21649 346 95 509 14 1
21650 346 96 509 14 1
21651 346 97 509 14 1
21652 346 98 509 14 1
21653 346 99 509 14 1
21654 346 100 509 14 1
21655 346 101 509 14 1
21656 346 102 509 14 1
21657 346 103 509 14 1
21658 346 104 509 14 1
21659 346 105 509 14 1
21660 346 106 509 14 1
21661 346 107 509 14 1
21662 346 108 509 14 1
21663 346 109 509 14 1
21664 346 110 509 14 1
21665 346 111 509 14 1
21666 346 112 509 14 1
21667 346 113 509 14 1
21668 346 114 509 14 1
21669 346 115 509 14 1
21670 346 116 509 14 1
21671 346 117 509 14 1
21672 346 118 509 14 1
21673 346 119 509 14 1
21674 346 120 509 14 1
21675 346 121 509 14 1
21676 346 122 509 14 1
21677 346 123 509 14 1
21678 346 124 509 14 1
21679 346 125 509 14 1
21680 346 126 509 14 1
21681 347 64 509 14 1
21682 347 65 509 14 1
21683 347 66 509 14 1
21684 347 67 509 14 1
21685 347 68 509 14 1
21686 347 69 509 14 1
21687 347 70 509 14 1
21688 347 71 509 14 1
21689 347 72 509 14 1
21690 347 73 509 14 1
21691 347 74 509 14 1
21692 347 75 509 14 1
21693 347 76 509 14 1
21694 347 77 509 14 1
21695 347 78 509 14 1
21696 347 79 509 14 1
21697 347 80 509 14 1
21698 347 81 509 14 1
21699 347 82 509 14 1
21700 347 83 509 14 1
21701 347 84 509 14 1
21702 347 85 509 14 1
21703 347 86 509 14 1
21704 347 87 509 14 1
21705 347 88 509 14 1
21706 347 89 509 14 1
21707 347 90 509 14 1
21708 347 91 509 14 1
21709 347 92 509 14 1
21710 347 93 509 14 1
21711 347 94 509 14 1
21712 347 95 509 14 1
21713 347 96 509 14 1
21714 347 97 509 14 1
21715 347 98 509 14 1
21716 347 99 509 14 1
21717 347 100 509 14 1
21718 347 101 509 14 1
21719 347 102 509 14 1
21720 347 103 509 14 1
21721 347 104 509 14 1
21722 347 105 509 14 1
21723 347 106 509 14 1
21724 347 107 509 14 1
21725 347 108 509 14 1
21726 347 109 509 14 1
21727 347 110 509 14 1
21728 347 111 509 14 1
21729 347 112 509 14 1
21730 347 113 509 14 1
21731 347 114 509 14 1
21732 347 115 509 14 1
21733 347 116 509 14 1
21734 347 117 509 14 1
21735 347 118 509 14 1
21736 347 119 509 14 1
21737 347 120 509 14 1
21738 347 121 509 14 1
21739 347 122 509 14 1
21740 347 123 509 14 1
21741 347 124 509 14 1
21742 347 125 509 14 1
21743 347 126 509 14 1
21744 348 64 509 14 1
21745 348 65 509 14 1
21746 348 66 509 14 1
21747 348 67 509 14 1
21748 348 68 509 14 1
21749 348 69 509 14 1
21750 348 70 509 14 1
21751 348 71 509 14 1
21752 348 72 509 14 1
21753 348 73 509 14 1
21754 348 74 509 14 1
21755 348 75 509 14 1
21756 348 76 509 14 1
21757 348 77 509 14 1
21758 348 78 509 14 1
21759 348 79 509 14 1
21760 348 80 509 14 1
21761 348 81 509 14 1
21762 348 82 509 14 1
21763 348 83 509 14 1
21764 348 84 509 14 1
21765 348 85 509 14 1
21766 348 86 509 14 1
21767 348 87 509 14 1
21768 348 88 509 14 1
21769 348 89 509 14 1
21770 348 90 509 14 1
21771 348 91 509 14 1
21772 348 92 509 14 1
21773 348 93 509 14 1
21774 348 94 509 14 1
21775 348 95 509 14 1
21776 348 96 509 14 1
21777 348 97 509 14 1
21778 348 98 509 14 1
21779 348 99 509 14 1
21780 348 100 509 14 1
21781 348 101 509 14 1
21782 348 102 509 14 1
21783 348 103 509 14 1
21784 348 104 509 14 1
21785 348 105 509 14 1
21786 348 106 509 14 1
21787 348 107 509 14 1
21788 348 108 509 14 1
21789 348 109 509 14 1
21790 348 110 509 14 1
21791 348 111 509 14 1
21792 348 112 509 14 1
21793 348 113 509 14 1
21794 348 114 509 14 1
21795 348 115 509 14 1
21796 348 116 509 14 1
21797 348 117 509 14 1
21798 348 118 509 14 1
21799 348 119 509 14 1
21800 348 120 509 14 1
21801 348 121 509 14 1
21802 348 122 509 14 1
21803 348 123 509 14 1
21804 348 124 509 14 1
21805 348 125 509 14 1
21806 348 126 509 14 1
21807 349 64 509 14 1
21808 349 65 509 14 1
21809 349 66 509 14 1
21810 349 67 509 14 1
21811 349 68 509 14 1
21812 349 69 509 14 1
21813 349 70 509 14 1
21814 349 71 509 14 1
21815 349 72 509 14 1
21816 349 73 509 14 1
21817 349 74 509 14 1
21818 349 75 509 14 1
21819 349 76 509 14 1
21820 349 77 509 14 1
21821 349 78 509 14 1
21822 349 79 509 14 1
21823 349 80 509 14 1
21824 349 81 509 14 1
21825 349 82 509 14 1
21826 349 83 509 14 1
21827 349 84 509 14 1
21828 349 85 509 14 1
21829 349 86 509 14 1
21830 349 87 509 14 1
21831 349 88 509 14 1
21832 349 89 509 14 1
21833 349 90 509 14 1
21834 349 91 509 14 1
21835 349 92 509 14 1
21836 349 93 509 14 1
21837 349 94 509 14 1
21838 349 95 509 14 1
21839 349 96 509 14 1
21840 349 97 509 14 1
21841 349 98 509 14 1
21842 349 99 509 14 1
21843 349 100 509 14 1
21844 349 101 509 14 1
21845 349 102 509 14 1
21846 349 103 509 14 1
21847 349 104 509 14 1
21848 349 105 509 14 1
21849 349 106 509 14 1
21850 349 107 509 14 1
21851 349 108 509 14 1
21852 349 109 509 14 1
21853 349 110 509 14 1
21854 349 111 509 14 1
21855 349 112 509 14 1
21856 349 113 509 14 1
21857 349 114 509 14 1
21858 349 115 509 14 1
21859 349 116 509 14 1
21860 349 117 509 14 1
21861 349 118 509 14 1
21862 349 119 509 14 1
21863 349 120 509 14 1
21864 349 121 509 14 1
21865 349 122 509 14 1
21866 349 123 509 14 1
21867 349 124 509 14 1
21868 349 125 509 14 1
21869 349 126 509 14 1
21870 350 64 509 14 1
21871 350 65 509 14 1
21872 350 66 509 14 1
21873 350 67 509 14 1
21874 350 68 509 14 1
21875 350 69 509 14 1
21876 350 70 509 14 1
21877 350 71 509 14 1
21878 350 72 509 14 1
21879 350 73 509 14 1
21880 350 74 509 14 1
21881 350 75 509 14 1
21882 350 76 509 14 1
21883 350 77 509 14 1
21884 350 78 509 14 1
21885 350 79 509 14 1
21886 350 80 509 14 1
21887 350 81 509 14 1
21888 350 82 509 14 1
21889 350 83 509 14 1
21890 350 84 509 14 1
21891 350 85 509 14 1
21892 350 86 509 14 1
21893 350 87 509 14 1
21894 350 88 509 14 1
21895 350 89 509 14 1
21896 350 90 509 14 1
21897 350 91 509 14 1
21898 350 92 509 14 1
21899 350 93 509 14 1
21900 350 94 509 14 1
21901 350 95 509 14 1
21902 350 96 509 14 1
21903 350 97 509 14 1
21904 350 98 509 14 1
21905 350 99 509 14 1
21906 350 100 509 14 1
21907 350 101 509 14 1
21908 350 102 509 14 1
21909 350 103 509 14 1
21910 350 104 509 14 1
21911 350 105 509 14 1
21912 350 106 509 14 1
21913 350 107 509 14 1
21914 350 108 509 14 1
21915 350 109 509 14 1
21916 350 110 509 14 1
21917 350 111 509 14 1
21918 350 112 509 14 1
21919 350 113 509 14 1
21920 350 114 509 14 1
21921 350 115 509 14 1
21922 350 116 509 14 1
21923 350 117 509 14 1
21924 350 118 509 14 1
21925 350 119 509 14 1
21926 350 120 509 14 1
21927 350 121 509 14 1
21928 350 122 509 14 1
21929 350 123 509 14 1
21930 350 124 509 14 1
21931 350 125 509 14 1
21932 350 126 509 14 1
21933 351 64 509 14 1
21934 351 65 509 14 1
21935 351 66 509 14 1
21936 351 67 509 14 1
21937 351 68 509 14 1
21938 351 69 509 14 1
21939 351 70 509 14 1
21940 351 71 509 14 1
21941 351 72 509 14 1
21942 351 73 509 14 1
21943 351 74 509 14 1
21944 351 75 509 14 1
21945 351 76 509 14 1
21946 351 77 509 14 1
21947 351 78 509 14 1
21948 351 79 509 14 1
21949 351 80 509 14 1
21950 351 81 509 14 1
21951 351 82 509 14 1
21952 351 83 509 14 1
21953 351 84 509 14 1
21954 351 85 509 14 1
21955 351 86 509 14 1
21956 351 87 509 14 1
21957 351 88 509 14 1
21958 351 89 509 14 1
21959 351 90 509 14 1
21960 351 91 509 14 1
21961 351 92 509 14 1
21962 351 93 509 14 1
21963 351 94 509 14 1
21964 351 95 509 14 1
21965 351 96 509 14 1
21966 351 97 509 14 1
21967 351 98 509 14 1
21968 351 99 509 14 1
21969 351 100 509 14 1
21970 351 101 509 14 1
21971 351 102 509 14 1
21972 351 103 509 14 1
21973 351 104 509 14 1
21974 351 105 509 14 1
21975 351 106 509 14 1
21976 351 107 509 14 1
21977 351 108 509 14 1
21978 351 109 509 14 1
21979 351 110 509 14 1
21980 351 111 509 14 1
21981 351 112 509 14 1
21982 351 113 509 14 1
21983 351 114 509 14 1
21984 351 115 509 14 1
21985 351 116 509 14 1
21986 351 117 509 14 1
21987 351 118 509 14 1
21988 351 119 509 14 1
21989 351 120 509 14 1
21990 351 121 509 14 1
21991 351 122 509 14 1
21992 351 123 509 14 1
21993 351 124 509 14 1
21994 351 125 509 14 1
21995 351 126 509 14 1
21996 352 64 509 14 1
21997 352 65 509 14 1
21998 352 66 509 14 1
21999 352 67 509 14 1
22000 352 68 509 14 1
22001 352 69 509 14 1
22002 352 70 509 14 1
22003 352 71 509 14 1
22004 352 72 509 14 1
22005 352 73 509 14 1
22006 352 74 509 14 1
22007 352 75 509 14 1
22008 352 76 509 14 1
22009 352 77 509 14 1
22010 352 78 509 14 1
22011 352 79 509 14 1
22012 352 80 509 14 1
22013 352 81 509 14 1
22014 352 82 509 14 1
22015 352 83 509 14 1
22016 352 84 509 14 1
22017 352 85 509 14 1
22018 352 86 509 14 1
22019 352 87 509 14 1
22020 352 88 509 14 1
22021 352 89 509 14 1
22022 352 90 509 14 1
22023 352 91 509 14 1
22024 352 92 509 14 1
22025 352 93 509 14 1
22026 352 94 509 14 1
22027 352 95 509 14 1
22028 352 96 509 14 1
22029 352 97 509 14 1
22030 352 98 509 14 1
22031 352 99 509 14 1
22032 352 100 509 14 1
22033 352 101 509 14 1
22034 352 102 509 14 1
22035 352 103 509 14 1
22036 352 104 509 14 1
22037 352 105 509 14 1
22038 352 106 509 14 1
22039 352 107 509 14 1
22040 352 108 509 14 1
22041 352 109 509 14 1
22042 352 110 509 14 1
22043 352 111 509 14 1
22044 352 112 509 14 1
22045 352 113 509 14 1
22046 352 114 509 14 1
22047 352 115 509 14 1
22048 352 116 509 14 1
22049 352 117 509 14 1
22050 352 118 509 14 1
22051 352 119 509 14 1
22052 352 120 509 14 1
22053 352 121 509 14 1
22054 352 122 509 14 1
22055 352 123 509 14 1
22056 352 124 509 14 1
22057 352 125 509 14 1
22058 352 126 509 14 1
22059 353 64 509 14 1
22060 353 65 509 14 1
22061 353 66 509 14 1
22062 353 67 509 14 1
22063 353 68 509 14 1
22064 353 69 509 14 1
22065 353 70 509 14 1
22066 353 71 509 14 1
22067 353 72 509 14 1
22068 353 73 509 14 1
22069 353 74 509 14 1
22070 353 75 509 14 1
22071 353 76 509 14 1
22072 353 77 509 14 1
22073 353 78 509 14 1
22074 353 79 509 14 1
22075 353 80 509 14 1
22076 353 81 509 14 1
22077 353 82 509 14 1
22078 353 83 509 14 1
22079 353 84 509 14 1
22080 353 85 509 14 1
22081 353 86 509 14 1
22082 353 87 509 14 1
22083 353 88 509 14 1
22084 353 89 509 14 1
22085 353 90 509 14 1
22086 353 91 509 14 1
22087 353 92 509 14 1
22088 353 93 509 14 1
22089 353 94 509 14 1
22090 353 95 509 14 1
22091 353 96 509 14 1
22092 353 97 509 14 1
22093 353 98 509 14 1
22094 353 99 509 14 1
22095 353 100 509 14 1
22096 353 101 509 14 1
22097 353 102 509 14 1
22098 353 103 509 14 1
22099 353 104 509 14 1
22100 353 105 509 14 1
22101 353 106 509 14 1
22102 353 107 509 14 1
22103 353 108 509 14 1
22104 353 109 509 14 1
22105 353 110 509 14 1
22106 353 111 509 14 1
22107 353 112 509 14 1
22108 353 113 509 14 1
22109 353 114 509 14 1
22110 353 115 509 14 1
22111 353 116 509 14 1
22112 353 117 509 14 1
22113 353 118 509 14 1
22114 353 119 509 14 1
22115 353 120 509 14 1
22116 353 121 509 14 1
22117 353 122 509 14 1
22118 353 123 509 14 1
22119 353 124 509 14 1
22120 353 125 509 14 1
22121 353 126 509 14 1
22122 354 64 509 14 1
22123 354 65 509 14 1
22124 354 66 509 14 1
22125 354 67 509 14 1
22126 354 68 509 14 1
22127 354 69 509 14 1
22128 354 70 509 14 1
22129 354 71 509 14 1
22130 354 72 509 14 1
22131 354 73 509 14 1
22132 354 74 509 14 1
22133 354 75 509 14 1
22134 354 76 509 14 1
22135 354 77 509 14 1
22136 354 78 509 14 1
22137 354 79 509 14 1
22138 354 80 509 14 1
22139 354 81 509 14 1
22140 354 82 509 14 1
22141 354 83 509 14 1
22142 354 84 509 14 1
22143 354 85 509 14 1
22144 354 86 509 14 1
22145 354 87 509 14 1
22146 354 88 509 14 1
22147 354 89 509 14 1
22148 354 90 509 14 1
22149 354 91 509 14 1
22150 354 92 509 14 1
22151 354 93 509 14 1
22152 354 94 509 14 1
22153 354 95 509 14 1
22154 354 96 509 14 1
22155 354 97 509 14 1
22156 354 98 509 14 1
22157 354 99 509 14 1
22158 354 100 509 14 1
22159 354 101 509 14 1
22160 354 102 509 14 1
22161 354 103 509 14 1
22162 354 104 509 14 1
22163 354 105 509 14 1
22164 354 106 509 14 1
22165 354 107 509 14 1
22166 354 108 509 14 1
22167 354 109 509 14 1
22168 354 110 509 14 1
22169 354 111 509 14 1
22170 354 112 509 14 1
22171 354 113 509 14 1
22172 354 114 509 14 1
22173 354 115 509 14 1
22174 354 116 509 14 1
22175 354 117 509 14 1
22176 354 118 509 14 1
22177 354 119 509 14 1
22178 354 120 509 14 1
22179 354 121 509 14 1
22180 354 122 509 14 1
22181 354 123 509 14 1
22182 354 124 509 14 1
22183 354 125 509 14 1
22184 354 126 509 14 1
22185 355 64 509 14 1
22186 355 65 509 14 1
22187 355 66 509 14 1
22188 355 67 509 14 1
22189 355 68 509 14 1
22190 355 69 509 14 1
22191 355 70 509 14 1
22192 355 71 509 14 1
22193 355 72 509 14 1
22194 355 73 509 14 1
22195 355 74 509 14 1
22196 355 75 509 14 1
22197 355 76 509 14 1
22198 355 77 509 14 1
22199 355 78 509 14 1
22200 355 79 509 14 1
22201 355 80 509 14 1
22202 355 81 509 14 1
22203 355 82 509 14 1
22204 355 83 509 14 1
22205 355 84 509 14 1
22206 355 85 509 14 1
22207 355 86 509 14 1
22208 355 87 509 14 1
22209 355 88 509 14 1
22210 355 89 509 14 1
22211 355 90 509 14 1
22212 355 91 509 14 1
22213 355 92 509 14 1
22214 355 93 509 14 1
22215 355 94 509 14 1
22216 355 95 509 14 1
22217 355 96 509 14 1
22218 355 97 509 14 1
22219 355 98 509 14 1
22220 355 99 509 14 1
22221 355 100 509 14 1
22222 355 101 509 14 1
22223 355 102 509 14 1
22224 355 103 509 14 1
22225 355 104 509 14 1
22226 355 105 509 14 1
22227 355 106 509 14 1
22228 355 107 509 14 1
22229 355 108 509 14 1
22230 355 109 509 14 1
22231 355 110 509 14 1
22232 355 111 509 14 1
22233 355 112 509 14 1
22234 355 113 509 14 1
22235 355 114 509 14 1
22236 355 115 509 14 1
22237 355 116 509 14 1
22238 355 117 509 14 1
22239 355 118 509 14 1
22240 355 119 509 14 1
22241 355 120 509 14 1
22242 355 121 509 14 1
22243 355 122 509 14 1
22244 355 123 509 14 1
22245 355 124 509 14 1
22246 355 125 509 14 1
22247 355 126 509 14 1
22248 356 64 509 14 1
22249 356 65 509 14 1
22250 356 66 509 14 1
22251 356 67 509 14 1
22252 356 68 509 14 1
22253 356 69 509 14 1
22254 356 70 509 14 1
22255 356 71 509 14 1
22256 356 72 509 14 1
22257 356 73 509 14 1
22258 356 74 509 14 1
22259 356 75 509 14 1
22260 356 76 509 14 1
22261 356 77 509 14 1
22262 356 78 509 14 1
22263 356 79 509 14 1
22264 356 80 509 14 1
22265 356 81 509 14 1
22266 356 82 509 14 1
22267 356 83 509 14 1
22268 356 84 509 14 1
22269 356 85 509 14 1
22270 356 86 509 14 1
22271 356 87 509 14 1
22272 356 88 509 14 1
22273 356 89 509 14 1
22274 356 90 509 14 1
22275 356 91 509 14 1
22276 356 92 509 14 1
22277 356 93 509 14 1
22278 356 94 509 14 1
22279 356 95 509 14 1
22280 356 96 509 14 1
22281 356 97 509 14 1
22282 356 98 509 14 1
22283 356 99 509 14 1
22284 356 100 509 14 1
22285 356 101 509 14 1
22286 356 102 509 14 1
22287 356 103 509 14 1
22288 356 104 509 14 1
22289 356 105 509 14 1
22290 356 106 509 14 1
22291 356 107 509 14 1
22292 356 108 509 14 1
22293 356 109 509 14 1
22294 356 110 509 14 1
22295 356 111 509 14 1
22296 356 112 509 14 1
22297 356 113 509 14 1
22298 356 114 509 14 1
22299 356 115 509 14 1
22300 356 116 509 14 1
22301 356 117 509 14 1
22302 356 118 509 14 1
22303 356 119 509 14 1
22304 356 120 509 14 1
22305 356 121 509 14 1
22306 356 122 509 14 1
22307 356 123 509 14 1
22308 356 124 509 14 1
22309 356 125 509 14 1
22310 356 126 509 14 1
22311 357 64 509 14 1
22312 357 65 509 14 1
22313 357 66 509 14 1
22314 357 67 509 14 1
22315 357 68 509 14 1
22316 357 69 509 14 1
22317 357 70 509 14 1
22318 357 71 509 14 1
22319 357 72 509 14 1
22320 357 73 509 14 1
22321 357 74 509 14 1
22322 357 75 509 14 1
22323 357 76 509 14 1
22324 357 77 509 14 1
22325 357 78 509 14 1
22326 357 79 509 14 1
22327 357 80 509 14 1
22328 357 81 509 14 1
22329 357 82 509 14 1
22330 357 83 509 14 1
22331 357 84 509 14 1
22332 357 85 509 14 1
22333 357 86 509 14 1
22334 357 87 509 14 1
22335 357 88 509 14 1
22336 357 89 509 14 1
22337 357 90 509 14 1
22338 357 91 509 14 1
22339 357 92 509 14 1
22340 357 93 509 14 1
22341 357 94 509 14 1
22342 357 95 509 14 1
22343 357 96 509 14 1
22344 357 97 509 14 1
22345 357 98 509 14 1
22346 357 99 509 14 1
22347 357 100 509 14 1
22348 357 101 509 14 1
22349 357 102 509 14 1
22350 357 103 509 14 1
22351 357 104 509 14 1
22352 357 105 509 14 1
22353 357 106 509 14 1
22354 357 107 509 14 1
22355 357 108 509 14 1
22356 357 109 509 14 1
22357 357 110 509 14 1
22358 357 111 509 14 1
22359 357 112 509 14 1
22360 357 113 509 14 1
22361 357 114 509 14 1
22362 357 115 509 14 1
22363 357 116 509 14 1
22364 357 117 509 14 1
22365 357 118 509 14 1
22366 357 119 509 14 1
22367 357 120 509 14 1
22368 357 121 509 14 1
22369 357 122 509 14 1
22370 357 123 509 14 1
22371 357 124 509 14 1
22372 357 125 509 14 1
22373 357 126 509 14 1
22374 358 64 509 14 1
22375 358 65 509 14 1
22376 358 66 509 14 1
22377 358 67 509 14 1
22378 358 68 509 14 1
22379 358 69 509 14 1
22380 358 70 509 14 1
22381 358 71 509 14 1
22382 358 72 509 14 1
22383 358 73 509 14 1
22384 358 74 509 14 1
22385 358 75 509 14 1
22386 358 76 509 14 1
22387 358 77 509 14 1
22388 358 78 509 14 1
22389 358 79 509 14 1
22390 358 80 509 14 1
22391 358 81 509 14 1
22392 358 82 509 14 1
22393 358 83 509 14 1
22394 358 84 509 14 1
22395 358 85 509 14 1
22396 358 86 509 14 1
22397 358 87 509 14 1
22398 358 88 509 14 1
22399 358 89 509 14 1
22400 358 90 509 14 1
22401 358 91 509 14 1
22402 358 92 509 14 1
22403 358 93 509 14 1
22404 358 94 509 14 1
22405 358 95 509 14 1
22406 358 96 509 14 1
22407 358 97 509 14 1
22408 358 98 509 14 1
22409 358 99 509 14 1
22410 358 100 509 14 1
22411 358 101 509 14 1
22412 358 102 509 14 1
22413 358 103 509 14 1
22414 358 104 509 14 1
22415 358 105 509 14 1
22416 358 106 509 14 1
22417 358 107 509 14 1
22418 358 108 509 14 1
22419 358 109 509 14 1
22420 358 110 509 14 1
22421 358 111 509 14 1
22422 358 112 509 14 1
22423 358 113 509 14 1
22424 358 114 509 14 1
22425 358 115 509 14 1
22426 358 116 509 14 1
22427 358 117 509 14 1
22428 358 118 509 14 1
22429 358 119 509 14 1
22430 358 120 509 14 1
22431 358 121 509 14 1
22432 358 122 509 14 1
22433 358 123 509 14 1
22434 358 124 509 14 1
22435 358 125 509 14 1
22436 358 126 509 14 1
22437 359 64 509 14 1
22438 359 65 509 14 1
22439 359 66 509 14 1
22440 359 67 509 14 1
22441 359 68 509 14 1
22442 359 69 509 14 1
22443 359 70 509 14 1
22444 359 71 509 14 1
22445 359 72 509 14 1
22446 359 73 509 14 1
22447 359 74 509 14 1
22448 359 75 509 14 1
22449 359 76 509 14 1
22450 359 77 509 14 1
22451 359 78 509 14 1
22452 359 79 509 14 1
22453 359 80 509 14 1
22454 359 81 509 14 1
22455 359 82 509 14 1
22456 359 83 509 14 1
22457 359 84 509 14 1
22458 359 85 509 14 1
22459 359 86 509 14 1
22460 359 87 509 14 1
22461 359 88 509 14 1
22462 359 89 509 14 1
22463 359 90 509 14 1
22464 359 91 509 14 1
22465 359 92 509 14 1
22466 359 93 509 14 1
22467 359 94 509 14 1
22468 359 95 509 14 1
22469 359 96 509 14 1
22470 359 97 509 14 1
22471 359 98 509 14 1
22472 359 99 509 14 1
22473 359 100 509 14 1
22474 359 101 509 14 1
22475 359 102 509 14 1
22476 359 103 509 14 1
22477 359 104 509 14 1
22478 359 105 509 14 1
22479 359 106 509 14 1
22480 359 107 509 14 1
22481 359 108 509 14 1
22482 359 109 509 14 1
22483 359 110 509 14 1
22484 359 111 509 14 1
22485 359 112 509 14 1
22486 359 113 509 14 1
22487 359 114 509 14 1
22488 359 115 509 14 1
22489 359 116 509 14 1
22490 359 117 509 14 1
22491 359 118 509 14 1
22492 359 119 509 14 1
22493 359 120 509 14 1
22494 359 121 509 14 1
22495 359 122 509 14 1
22496 359 123 509 14 1
22497 359 124 509 14 1
22498 359 125 509 14 1
22499 359 126 509 14 1
22500 360 64 509 14 1
22501 360 65 509 14 1
22502 360 66 509 14 1
22503 360 67 509 14 1
22504 360 68 509 14 1
22505 360 69 509 14 1
22506 360 70 509 14 1
22507 360 71 509 14 1
22508 360 72 509 14 1
22509 360 73 509 14 1
22510 360 74 509 14 1
22511 360 75 509 14 1
22512 360 76 509 14 1
22513 360 77 509 14 1
22514 360 78 509 14 1
22515 360 79 509 14 1
22516 360 80 509 14 1
22517 360 81 509 14 1
22518 360 82 509 14 1
22519 360 83 509 14 1
22520 360 84 509 14 1
22521 360 85 509 14 1
22522 360 86 509 14 1
22523 360 87 509 14 1
22524 360 88 509 14 1
22525 360 89 509 14 1
22526 360 90 509 14 1
22527 360 91 509 14 1
22528 360 92 509 14 1
22529 360 93 509 14 1
22530 360 94 509 14 1
22531 360 95 509 14 1
22532 360 96 509 14 1
22533 360 97 509 14 1
22534 360 98 509 14 1
22535 360 99 509 14 1
22536 360 100 509 14 1
22537 360 101 509 14 1
22538 360 102 509 14 1
22539 360 103 509 14 1
22540 360 104 509 14 1
22541 360 105 509 14 1
22542 360 106 509 14 1
22543 360 107 509 14 1
22544 360 108 509 14 1
22545 360 109 509 14 1
22546 360 110 509 14 1
22547 360 111 509 14 1
22548 360 112 509 14 1
22549 360 113 509 14 1
22550 360 114 509 14 1
22551 360 115 509 14 1
22552 360 116 509 14 1
22553 360 117 509 14 1
22554 360 118 509 14 1
22555 360 119 509 14 1
22556 360 120 509 14 1
22557 360 121 509 14 1
22558 360 122 509 14 1
22559 360 123 509 14 1
22560 360 124 509 14 1
22561 360 125 509 14 1
22562 360 126 509 14 1
22563 361 64 509 14 1
22564 361 65 509 14 1
22565 361 66 509 14 1
22566 361 67 509 14 1
22567 361 68 509 14 1
22568 361 69 509 14 1
22569 361 70 509 14 1
22570 361 71 509 14 1
22571 361 72 509 14 1
22572 361 73 509 14 1
22573 361 74 509 14 1
22574 361 75 509 14 1
22575 361 76 509 14 1
22576 361 77 509 14 1
22577 361 78 509 14 1
22578 361 79 509 14 1
22579 361 80 509 14 1
22580 361 81 509 14 1
22581 361 82 509 14 1
22582 361 83 509 14 1
22583 361 84 509 14 1
22584 361 85 509 14 1
22585 361 86 509 14 1
22586 361 87 509 14 1
22587 361 88 509 14 1
22588 361 89 509 14 1
22589 361 90 509 14 1
22590 361 91 509 14 1
22591 361 92 509 14 1
22592 361 93 509 14 1
22593 361 94 509 14 1
22594 361 95 509 14 1
22595 361 96 509 14 1
22596 361 97 509 14 1
22597 361 98 509 14 1
22598 361 99 509 14 1
22599 361 100 509 14 1
22600 361 101 509 14 1
22601 361 102 509 14 1
22602 361 103 509 14 1
22603 361 104 509 14 1
22604 361 105 509 14 1
22605 361 106 509 14 1
22606 361 107 509 14 1
22607 361 108 509 14 1
22608 361 109 509 14 1
22609 361 110 509 14 1
22610 361 111 509 14 1
22611 361 112 509 14 1
22612 361 113 509 14 1
22613 361 114 509 14 1
22614 361 115 509 14 1
22615 361 116 509 14 1
22616 361 117 509 14 1
22617 361 118 509 14 1
22618 361 119 509 14 1
22619 361 120 509 14 1
22620 361 121 509 14 1
22621 361 122 509 14 1
22622 361 123 509 14 1
22623 361 124 509 14 1
22624 361 125 509 14 1
22625 361 126 509 14 1
22626 362 64 509 14 1
22627 362 65 509 14 1
22628 362 66 509 14 1
22629 362 67 509 14 1
22630 362 68 509 14 1
22631 362 69 509 14 1
22632 362 70 509 14 1
22633 362 71 509 14 1
22634 362 72 509 14 1
22635 362 73 509 14 1
22636 362 74 509 14 1
22637 362 75 509 14 1
22638 362 76 509 14 1
22639 362 77 509 14 1
22640 362 78 509 14 1
22641 362 79 509 14 1
22642 362 80 509 14 1
22643 362 81 509 14 1
22644 362 82 509 14 1
22645 362 83 509 14 1
22646 362 84 509 14 1
22647 362 85 509 14 1
22648 362 86 509 14 1
22649 362 87 509 14 1
22650 362 88 509 14 1
22651 362 89 509 14 1
22652 362 90 509 14 1
22653 362 91 509 14 1
22654 362 92 509 14 1
22655 362 93 509 14 1
22656 362 94 509 14 1
22657 362 95 509 14 1
22658 362 96 509 14 1
22659 362 97 509 14 1
22660 362 98 509 14 1
22661 362 99 509 14 1
22662 362 100 509 14 1
22663 362 101 509 14 1
22664 362 102 509 14 1
22665 362 103 509 14 1
22666 362 104 509 14 1
22667 362 105 509 14 1
22668 362 106 509 14 1
22669 362 107 509 14 1
22670 362 108 509 14 1
22671 362 109 509 14 1
22672 362 110 509 14 1
22673 362 111 509 14 1
22674 362 112 509 14 1
22675 362 113 509 14 1
22676 362 114 509 14 1
22677 362 115 509 14 1
22678 362 116 509 14 1
22679 362 117 509 14 1
22680 362 118 509 14 1
22681 362 119 509 14 1
22682 362 120 509 14 1
22683 362 121 509 14 1
22684 362 122 509 14 1
22685 362 123 509 14 1
22686 362 124 509 14 1
22687 362 125 509 14 1
22688 362 126 509 14 1
22689 363 64 509 14 1
22690 363 65 509 14 1
22691 363 66 509 14 1
22692 363 67 509 14 1
22693 363 68 509 14 1
22694 363 69 509 14 1
22695 363 70 509 14 1
22696 363 71 509 14 1
22697 363 72 509 14 1
22698 363 73 509 14 1
22699 363 74 509 14 1
22700 363 75 509 14 1
22701 363 76 509 14 1
22702 363 77 509 14 1
22703 363 78 509 14 1
22704 363 79 509 14 1
22705 363 80 509 14 1
22706 363 81 509 14 1
22707 363 82 509 14 1
22708 363 83 509 14 1
22709 363 84 509 14 1
22710 363 85 509 14 1
22711 363 86 509 14 1
22712 363 87 509 14 1
22713 363 88 509 14 1
22714 363 89 509 14 1
22715 363 90 509 14 1
22716 363 91 509 14 1
22717 363 92 509 14 1
22718 363 93 509 14 1
22719 363 94 509 14 1
22720 363 95 509 14 1
22721 363 96 509 14 1
22722 363 97 509 14 1
22723 363 98 509 14 1
22724 363 99 509 14 1
22725 363 100 509 14 1
22726 363 101 509 14 1
22727 363 102 509 14 1
22728 363 103 509 14 1
22729 363 104 509 14 1
22730 363 105 509 14 1
22731 363 106 509 14 1
22732 363 107 509 14 1
22733 363 108 509 14 1
22734 363 109 509 14 1
22735 363 110 509 14 1
22736 363 111 509 14 1
22737 363 112 509 14 1
22738 363 113 509 14 1
22739 363 114 509 14 1
22740 363 115 509 14 1
22741 363 116 509 14 1
22742 363 117 509 14 1
22743 363 118 509 14 1
22744 363 119 509 14 1
22745 363 120 509 14 1
22746 363 121 509 14 1
22747 363 122 509 14 1
22748 363 123 509 14 1
22749 363 124 509 14 1
22750 363 125 509 14 1
22751 363 126 509 14 1
22752 364 64 509 14 1
22753 364 65 509 14 1
22754 364 66 509 14 1
22755 364 67 509 14 1
22756 364 68 509 14 1
22757 364 69 509 14 1
22758 364 70 509 14 1
22759 364 71 509 14 1
22760 364 72 509 14 1
22761 364 73 509 14 1
22762 364 74 509 14 1
22763 364 75 509 14 1
22764 364 76 509 14 1
22765 364 77 509 14 1
22766 364 78 509 14 1
22767 364 79 509 14 1
22768 364 80 509 14 1
22769 364 81 509 14 1
22770 364 82 509 14 1
22771 364 83 509 14 1
22772 364 84 509 14 1
22773 364 85 509 14 1
22774 364 86 509 14 1
22775 364 87 509 14 1
22776 364 88 509 14 1
22777 364 89 509 14 1
22778 364 90 509 14 1
22779 364 91 509 14 1
22780 364 92 509 14 1
22781 364 93 509 14 1
22782 364 94 509 14 1
22783 364 95 509 14 1
22784 364 96 509 14 1
22785 364 97 509 14 1
22786 364 98 509 14 1
22787 364 99 509 14 1
22788 364 100 509 14 1
22789 364 101 509 14 1
22790 364 102 509 14 1
22791 364 103 509 14 1
22792 364 104 509 14 1
22793 364 105 509 14 1
22794 364 106 509 14 1
22795 364 107 509 14 1
22796 364 108 509 14 1
22797 364 109 509 14 1
22798 364 110 509 14 1
22799 364 111 509 14 1
22800 364 112 509 14 1
22801 364 113 509 14 1
22802 364 114 509 14 1
22803 364 115 509 14 1
22804 364 116 509 14 1
22805 364 117 509 14 1
22806 364 118 509 14 1
22807 364 119 509 14 1
22808 364 120 509 14 1
22809 364 121 509 14 1
22810 364 122 509 14 1
22811 364 123 509 14 1
22812 364 124 509 14 1
22813 364 125 509 14 1
22814 364 126 509 14 1
22815 365 64 509 14 1
22816 365 65 509 14 1
22817 365 66 509 14 1
22818 365 67 509 14 1
22819 365 68 509 14 1
22820 365 69 509 14 1
22821 365 70 509 14 1
22822 365 71 509 14 1
22823 365 72 509 14 1
22824 365 73 509 14 1
22825 365 74 509 14 1
22826 365 75 509 14 1
22827 365 76 509 14 1
22828 365 77 509 14 1
22829 365 78 509 14 1
22830 365 79 509 14 1
22831 365 80 509 14 1
22832 365 81 509 14 1
22833 365 82 509 14 1
22834 365 83 509 14 1
22835 365 84 509 14 1
22836 365 85 509 14 1
22837 365 86 509 14 1
22838 365 87 509 14 1
22839 365 88 509 14 1
22840 365 89 509 14 1
22841 365 90 509 14 1
22842 365 91 509 14 1
22843 365 92 509 14 1
22844 365 93 509 14 1
22845 365 94 509 14 1
22846 365 95 509 14 1
22847 365 96 509 14 1
22848 365 97 509 14 1
22849 365 98 509 14 1
22850 365 99 509 14 1
22851 365 100 509 14 1
22852 365 101 509 14 1
22853 365 102 509 14 1
22854 365 103 509 14 1
22855 365 104 509 14 1
22856 365 105 509 14 1
22857 365 106 509 14 1
22858 365 107 509 14 1
22859 365 108 509 14 1
22860 365 109 509 14 1
22861 365 110 509 14 1
22862 365 111 509 14 1
22863 365 112 509 14 1
22864 365 113 509 14 1
22865 365 114 509 14 1
22866 365 115 509 14 1
22867 365 116 509 14 1
22868 365 117 509 14 1
22869 365 118 509 14 1
22870 365 119 509 14 1
22871 365 120 509 14 1
22872 365 121 509 14 1
22873 365 122 509 14 1
22874 365 123 509 14 1
22875 365 124 509 14 1
22876 365 125 509 14 1
22877 365 126 509 14 1
22878 366 64 509 14 1
22879 366 65 509 14 1
22880 366 66 509 14 1
22881 366 67 509 14 1
22882 366 68 509 14 1
22883 366 69 509 14 1
22884 366 70 509 14 1
22885 366 71 509 14 1
22886 366 72 509 14 1
22887 366 73 509 14 1
22888 366 74 509 14 1
22889 366 75 509 14 1
22890 366 76 509 14 1
22891 366 77 509 14 1
22892 366 78 509 14 1
22893 366 79 509 14 1
22894 366 80 509 14 1
22895 366 81 509 14 1
22896 366 82 509 14 1
22897 366 83 509 14 1
22898 366 84 509 14 1
22899 366 85 509 14 1
22900 366 86 509 14 1
22901 366 87 509 14 1
22902 366 88 509 14 1
22903 366 89 509 14 1
22904 366 90 509 14 1
22905 366 91 509 14 1
22906 366 92 509 14 1
22907 366 93 509 14 1
22908 366 94 509 14 1
22909 366 95 509 14 1
22910 366 96 509 14 1
22911 366 97 509 14 1
22912 366 98 509 14 1
22913 366 99 509 14 1
22914 366 100 509 14 1
22915 366 101 509 14 1
22916 366 102 509 14 1
22917 366 103 509 14 1
22918 366 104 509 14 1
22919 366 105 509 14 1
22920 366 106 509 14 1
22921 366 107 509 14 1
22922 366 108 509 14 1
22923 366 109 509 14 1
22924 366 110 509 14 1
22925 366 111 509 14 1
22926 366 112 509 14 1
22927 366 113 509 14 1
22928 366 114 509 14 1
22929 366 115 509 14 1
22930 366 116 509 14 1
22931 366 117 509 14 1
22932 366 118 509 14 1
22933 366 119 509 14 1
22934 366 120 509 14 1
22935 366 121 509 14 1
22936 366 122 509 14 1
22937 366 123 509 14 1
22938 366 124 509 14 1
22939 366 125 509 14 1
22940 366 126 509 14 1
22941 367 64 509 14 1
22942 367 65 509 14 1
22943 367 66 509 14 1
22944 367 67 509 14 1
22945 367 68 509 14 1
22946 367 69 509 14 1
22947 367 70 509 14 1
22948 367 71 509 14 1
22949 367 72 509 14 1
22950 367 73 509 14 1
22951 367 74 509 14 1
22952 367 75 509 14 1
22953 367 76 509 14 1
22954 367 77 509 14 1
22955 367 78 509 14 1
22956 367 79 509 14 1
22957 367 80 509 14 1
22958 367 81 509 14 1
22959 367 82 509 14 1
22960 367 83 509 14 1
22961 367 84 509 14 1
22962 367 85 509 14 1
22963 367 86 509 14 1
22964 367 87 509 14 1
22965 367 88 509 14 1
22966 367 89 509 14 1
22967 367 90 509 14 1
22968 367 91 509 14 1
22969 367 92 509 14 1
22970 367 93 509 14 1
22971 367 94 509 14 1
22972 367 95 509 14 1
22973 367 96 509 14 1
22974 367 97 509 14 1
22975 367 98 509 14 1
22976 367 99 509 14 1
22977 367 100 509 14 1
22978 367 101 509 14 1
22979 367 102 509 14 1
22980 367 103 509 14 1
22981 367 104 509 14 1
22982 367 105 509 14 1
22983 367 106 509 14 1
22984 367 107 509 14 1
22985 367 108 509 14 1
22986 367 109 509 14 1
22987 367 110 509 14 1
22988 367 111 509 14 1
22989 367 112 509 14 1
22990 367 113 509 14 1
22991 367 114 509 14 1
22992 367 115 509 14 1
22993 367 116 509 14 1
22994 367 117 509 14 1
22995 367 118 509 14 1
22996 367 119 509 14 1
22997 367 120 509 14 1
22998 367 121 509 14 1
22999 367 122 509 14 1
23000 367 123 509 14 1
23001 367 124 509 14 1
23002 367 125 509 14 1
23003 367 126 509 14 1
23004 368 64 509 14 1
23005 368 65 509 14 1
23006 368 66 509 14 1
23007 368 67 509 14 1
23008 368 68 509 14 1
23009 368 69 509 14 1
23010 368 70 509 14 1
23011 368 71 509 14 1
23012 368 72 509 14 1
23013 368 73 509 14 1
23014 368 74 509 14 1
23015 368 75 509 14 1
23016 368 76 509 14 1
23017 368 77 509 14 1
23018 368 78 509 14 1
23019 368 79 509 14 1
23020 368 80 509 14 1
23021 368 81 509 14 1
23022 368 82 509 14 1
23023 368 83 509 14 1
23024 368 84 509 14 1
23025 368 85 509 14 1
23026 368 86 509 14 1
23027 368 87 509 14 1
23028 368 88 509 14 1
23029 368 89 509 14 1
23030 368 90 509 14 1
23031 368 91 509 14 1
23032 368 92 509 14 1
23033 368 93 509 14 1
23034 368 94 509 14 1
23035 368 95 509 14 1
23036 368 96 509 14 1
23037 368 97 509 14 1
23038 368 98 509 14 1
23039 368 99 509 14 1
23040 368 100 509 14 1
23041 368 101 509 14 1
23042 368 102 509 14 1
23043 368 103 509 14 1
23044 368 104 509 14 1
23045 368 105 509 14 1
23046 368 106 509 14 1
23047 368 107 509 14 1
23048 368 108 509 14 1
23049 368 109 509 14 1
23050 368 110 509 14 1
23051 368 111 509 14 1
23052 368 112 509 14 1
23053 368 113 509 14 1
23054 368 114 509 14 1
23055 368 115 509 14 1
23056 368 116 509 14 1
23057 368 117 509 14 1
23058 368 118 509 14 1
23059 368 119 509 14 1
23060 368 120 509 14 1
23061 368 121 509 14 1
23062 368 122 509 14 1
23063 368 123 509 14 1
23064 368 124 509 14 1
23065 368 125 509 14 1
23066 368 126 509 14 1
23067 369 64 509 14 1
23068 369 65 509 14 1
23069 369 66 509 14 1
23070 369 67 509 14 1
23071 369 68 509 14 1
23072 369 69 509 14 1
23073 369 70 509 14 1
23074 369 71 509 14 1
23075 369 72 509 14 1
23076 369 73 509 14 1
23077 369 74 509 14 1
23078 369 75 509 14 1
23079 369 76 509 14 1
23080 369 77 509 14 1
23081 369 78 509 14 1
23082 369 79 509 14 1
23083 369 80 509 14 1
23084 369 81 509 14 1
23085 369 82 509 14 1
23086 369 83 509 14 1
23087 369 84 509 14 1
23088 369 85 509 14 1
23089 369 86 509 14 1
23090 369 87 509 14 1
23091 369 88 509 14 1
23092 369 89 509 14 1
23093 369 90 509 14 1
23094 369 91 509 14 1
23095 369 92 509 14 1
23096 369 93 509 14 1
23097 369 94 509 14 1
23098 369 95 509 14 1
23099 369 96 509 14 1
23100 369 97 509 14 1
23101 369 98 509 14 1
23102 369 99 509 14 1
23103 369 100 509 14 1
23104 369 101 509 14 1
23105 369 102 509 14 1
23106 369 103 509 14 1
23107 369 104 509 14 1
23108 369 105 509 14 1
23109 369 106 509 14 1
23110 369 107 509 14 1
23111 369 108 509 14 1
23112 369 109 509 14 1
23113 369 110 509 14 1
23114 369 111 509 14 1
23115 369 112 509 14 1
23116 369 113 509 14 1
23117 369 114 509 14 1
23118 369 115 509 14 1
23119 369 116 509 14 1
23120 369 117 509 14 1
23121 369 118 509 14 1
23122 369 119 509 14 1
23123 369 120 509 14 1
23124 369 121 509 14 1
23125 369 122 509 14 1
23126 369 123 509 14 1
23127 369 124 509 14 1
23128 369 125 509 14 1
23129 369 126 509 14 1
23130 370 64 509 14 1
23131 370 65 509 14 1
23132 370 66 509 14 1
23133 370 67 509 14 1
23134 370 68 509 14 1
23135 370 69 509 14 1
23136 370 70 509 14 1
23137 370 71 509 14 1
23138 370 72 509 14 1
23139 370 73 509 14 1
23140 370 74 509 14 1
23141 370 75 509 14 1
23142 370 76 509 14 1
23143 370 77 509 14 1
23144 370 78 509 14 1
23145 370 79 509 14 1
23146 370 80 509 14 1
23147 370 81 509 14 1
23148 370 82 509 14 1
23149 370 83 509 14 1
23150 370 84 509 14 1
23151 370 85 509 14 1
23152 370 86 509 14 1
23153 370 87 509 14 1
23154 370 88 509 14 1
23155 370 89 509 14 1
23156 370 90 509 14 1
23157 370 91 509 14 1
23158 370 92 509 14 1
23159 370 93 509 14 1
23160 370 94 509 14 1
23161 370 95 509 14 1
23162 370 96 509 14 1
23163 370 97 509 14 1
23164 370 98 509 14 1
23165 370 99 509 14 1
23166 370 100 509 14 1
23167 370 101 509 14 1
23168 370 102 509 14 1
23169 370 103 509 14 1
23170 370 104 509 14 1
23171 370 105 509 14 1
23172 370 106 509 14 1
23173 370 107 509 14 1
23174 370 108 509 14 1
23175 370 109 509 14 1
23176 370 110 509 14 1
23177 370 111 509 14 1
23178 370 112 509 14 1
23179 370 113 509 14 1
23180 370 114 509 14 1
23181 370 115 509 14 1
23182 370 116 509 14 1
23183 370 117 509 14 1
23184 370 118 509 14 1
23185 370 119 509 14 1
23186 370 120 509 14 1
23187 370 121 509 14 1
23188 370 122 509 14 1
23189 370 123 509 14 1
23190 370 124 509 14 1
23191 370 125 509 14 1
23192 370 126 509 14 1
23193 371 64 509 14 1
23194 371 65 509 14 1
23195 371 66 509 14 1
23196 371 67 509 14 1
23197 371 68 509 14 1
23198 371 69 509 14 1
23199 371 70 509 14 1
23200 371 71 509 14 1
23201 371 72 509 14 1
23202 371 73 509 14 1
23203 371 74 509 14 1
23204 371 75 509 14 1
23205 371 76 509 14 1
23206 371 77 509 14 1
23207 371 78 509 14 1
23208 371 79 509 14 1
23209 371 80 509 14 1
23210 371 81 509 14 1
23211 371 82 509 14 1
23212 371 83 509 14 1
23213 371 84 509 14 1
23214 371 85 509 14 1
23215 371 86 509 14 1
23216 371 87 509 14 1
23217 371 88 509 14 1
23218 371 89 509 14 1
23219 371 90 509 14 1
23220 371 91 509 14 1
23221 371 92 509 14 1
23222 371 93 509 14 1
23223 371 94 509 14 1
23224 371 95 509 14 1
23225 371 96 509 14 1
23226 371 97 509 14 1
23227 371 98 509 14 1
23228 371 99 509 14 1
23229 371 100 509 14 1
23230 371 101 509 14 1
23231 371 102 509 14 1
23232 371 103 509 14 1
23233 371 104 509 14 1
23234 371 105 509 14 1
23235 371 106 509 14 1
23236 371 107 509 14 1
23237 371 108 509 14 1
23238 371 109 509 14 1
23239 371 110 509 14 1
23240 371 111 509 14 1
23241 371 112 509 14 1
23242 371 113 509 14 1
23243 371 114 509 14 1
23244 371 115 509 14 1
23245 371 116 509 14 1
23246 371 117 509 14 1
23247 371 118 509 14 1
23248 371 119 509 14 1
23249 371 120 509 14 1
23250 371 121 509 14 1
23251 371 122 509 14 1
23252 371 123 509 14 1
23253 371 124 509 14 1
23254 371 125 509 14 1
23255 371 126 509 14 1
23256 372 64 509 14 1
23257 372 65 509 14 1
23258 372 66 509 14 1
23259 372 67 509 14 1
23260 372 68 509 14 1
23261 372 69 509 14 1
23262 372 70 509 14 1
23263 372 71 509 14 1
23264 372 72 509 14 1
23265 372 73 509 14 1
23266 372 74 509 14 1
23267 372 75 509 14 1
23268 372 76 509 14 1
23269 372 77 509 14 1
23270 372 78 509 14 1
23271 372 79 509 14 1
23272 372 80 509 14 1
23273 372 81 509 14 1
23274 372 82 509 14 1
23275 372 83 509 14 1
23276 372 84 509 14 1
23277 372 85 509 14 1
23278 372 86 509 14 1
23279 372 87 509 14 1
23280 372 88 509 14 1
23281 372 89 509 14 1
23282 372 90 509 14 1
23283 372 91 509 14 1
23284 372 92 509 14 1
23285 372 93 509 14 1
23286 372 94 509 14 1
23287 372 95 509 14 1
23288 372 96 509 14 1
23289 372 97 509 14 1
23290 372 98 509 14 1
23291 372 99 509 14 1
23292 372 100 509 14 1
23293 372 101 509 14 1
23294 372 102 509 14 1
23295 372 103 509 14 1
23296 372 104 509 14 1
23297 372 105 509 14 1
23298 372 106 509 14 1
23299 372 107 509 14 1
23300 372 108 509 14 1
23301 372 109 509 14 1
23302 372 110 509 14 1
23303 372 111 509 14 1
23304 372 112 509 14 1
23305 372 113 509 14 1
23306 372 114 509 14 1
23307 372 115 509 14 1
23308 372 116 509 14 1
23309 372 117 509 14 1
23310 372 118 509 14 1
23311 372 119 509 14 1
23312 372 120 509 14 1
23313 372 121 509 14 1
23314 372 122 509 14 1
23315 372 123 509 14 1
23316 372 124 509 14 1
23317 372 125 509 14 1
23318 372 126 509 14 1
23319 373 64 509 14 1
23320 373 65 509 14 1
23321 373 66 509 14 1
23322 373 67 509 14 1
23323 373 68 509 14 1
23324 373 69 509 14 1
23325 373 70 509 14 1
23326 373 71 509 14 1
23327 373 72 509 14 1
23328 373 73 509 14 1
23329 373 74 509 14 1
23330 373 75 509 14 1
23331 373 76 509 14 1
23332 373 77 509 14 1
23333 373 78 509 14 1
23334 373 79 509 14 1
23335 373 80 509 14 1
23336 373 81 509 14 1
23337 373 82 509 14 1
23338 373 83 509 14 1
23339 373 84 509 14 1
23340 373 85 509 14 1
23341 373 86 509 14 1
23342 373 87 509 14 1
23343 373 88 509 14 1
23344 373 89 509 14 1
23345 373 90 509 14 1
23346 373 91 509 14 1
23347 373 92 509 14 1
23348 373 93 509 14 1
23349 373 94 509 14 1
23350 373 95 509 14 1
23351 373 96 509 14 1
23352 373 97 509 14 1
23353 373 98 509 14 1
23354 373 99 509 14 1
23355 373 100 509 14 1
23356 373 101 509 14 1
23357 373 102 509 14 1
23358 373 103 509 14 1
23359 373 104 509 14 1
23360 373 105 509 14 1
23361 373 106 509 14 1
23362 373 107 509 14 1
23363 373 108 509 14 1
23364 373 109 509 14 1
23365 373 110 509 14 1
23366 373 111 509 14 1
23367 373 112 509 14 1
23368 373 113 509 14 1
23369 373 114 509 14 1
23370 373 115 509 14 1
23371 373 116 509 14 1
23372 373 117 509 14 1
23373 373 118 509 14 1
23374 373 119 509 14 1
23375 373 120 509 14 1
23376 373 121 509 14 1
23377 373 122 509 14 1
23378 373 123 509 14 1
23379 373 124 509 14 1
23380 373 125 509 14 1
23381 373 126 509 14 1
23382 374 64 509 14 1
23383 374 65 509 14 1
23384 374 66 509 14 1
23385 374 67 509 14 1
23386 374 68 509 14 1
23387 374 69 509 14 1
23388 374 70 509 14 1
23389 374 71 509 14 1
23390 374 72 509 14 1
23391 374 73 509 14 1
23392 374 74 509 14 1
23393 374 75 509 14 1
23394 374 76 509 14 1
23395 374 77 509 14 1
23396 374 78 509 14 1
23397 374 79 509 14 1
23398 374 80 509 14 1
23399 374 81 509 14 1
23400 374 82 509 14 1
23401 374 83 509 14 1
23402 374 84 509 14 1
23403 374 85 509 14 1
23404 374 86 509 14 1
23405 374 87 509 14 1
23406 374 88 509 14 1
23407 374 89 509 14 1
23408 374 90 509 14 1
23409 374 91 509 14 1
23410 374 92 509 14 1
23411 374 93 509 14 1
23412 374 94 509 14 1
23413 374 95 509 14 1
23414 374 96 509 14 1
23415 374 97 509 14 1
23416 374 98 509 14 1
23417 374 99 509 14 1
23418 374 100 509 14 1
23419 374 101 509 14 1
23420 374 102 509 14 1
23421 374 103 509 14 1
23422 374 104 509 14 1
23423 374 105 509 14 1
23424 374 106 509 14 1
23425 374 107 509 14 1
23426 374 108 509 14 1
23427 374 109 509 14 1
23428 374 110 509 14 1
23429 374 111 509 14 1
23430 374 112 509 14 1
23431 374 113 509 14 1
23432 374 114 509 14 1
23433 374 115 509 14 1
23434 374 116 509 14 1
23435 374 117 509 14 1
23436 374 118 509 14 1
23437 374 119 509 14 1
23438 374 120 509 14 1
23439 374 121 509 14 1
23440 374 122 509 14 1
23441 374 123 509 14 1
23442 374 124 509 14 1
23443 374 125 509 14 1
23444 374 126 509 14 1
23445 375 64 509 14 1
23446 375 65 509 14 1
23447 375 66 509 14 1
23448 375 67 509 14 1
23449 375 68 509 14 1
23450 375 69 509 14 1
23451 375 70 509 14 1
23452 375 71 509 14 1
23453 375 72 509 14 1
23454 375 73 509 14 1
23455 375 74 509 14 1
23456 375 75 509 14 1
23457 375 76 509 14 1
23458 375 77 509 14 1
23459 375 78 509 14 1
23460 375 79 509 14 1
23461 375 80 509 14 1
23462 375 81 509 14 1
23463 375 82 509 14 1
23464 375 83 509 14 1
23465 375 84 509 14 1
23466 375 85 509 14 1
23467 375 86 509 14 1
23468 375 87 509 14 1
23469 375 88 509 14 1
23470 375 89 509 14 1
23471 375 90 509 14 1
23472 375 91 509 14 1
23473 375 92 509 14 1
23474 375 93 509 14 1
23475 375 94 509 14 1
23476 375 95 509 14 1
23477 375 96 509 14 1
23478 375 97 509 14 1
23479 375 98 509 14 1
23480 375 99 509 14 1
23481 375 100 509 14 1
23482 375 101 509 14 1
23483 375 102 509 14 1
23484 375 103 509 14 1
23485 375 104 509 14 1
23486 375 105 509 14 1
23487 375 106 509 14 1
23488 375 107 509 14 1
23489 375 108 509 14 1
23490 375 109 509 14 1
23491 375 110 509 14 1
23492 375 111 509 14 1
23493 375 112 509 14 1
23494 375 113 509 14 1
23495 375 114 509 14 1
23496 375 115 509 14 1
23497 375 116 509 14 1
23498 375 117 509 14 1
23499 375 118 509 14 1
23500 375 119 509 14 1
23501 375 120 509 14 1
23502 375 121 509 14 1
23503 375 122 509 14 1
23504 375 123 509 14 1
23505 375 124 509 14 1
23506 375 125 509 14 1
23507 375 126 509 14 1
23508 376 64 509 14 1
23509 376 65 509 14 1
23510 376 66 509 14 1
23511 376 67 509 14 1
23512 376 68 509 14 1
23513 376 69 509 14 1
23514 376 70 509 14 1
23515 376 71 509 14 1
23516 376 72 509 14 1
23517 376 73 509 14 1
23518 376 74 509 14 1
23519 376 75 509 14 1
23520 376 76 509 14 1
23521 376 77 509 14 1
23522 376 78 509 14 1
23523 376 79 509 14 1
23524 376 80 509 14 1
23525 376 81 509 14 1
23526 376 82 509 14 1
23527 376 83 509 14 1
23528 376 84 509 14 1
23529 376 85 509 14 1
23530 376 86 509 14 1
23531 376 87 509 14 1
23532 376 88 509 14 1
23533 376 89 509 14 1
23534 376 90 509 14 1
23535 376 91 509 14 1
23536 376 92 509 14 1
23537 376 93 509 14 1
23538 376 94 509 14 1
23539 376 95 509 14 1
23540 376 96 509 14 1
23541 376 97 509 14 1
23542 376 98 509 14 1
23543 376 99 509 14 1
23544 376 100 509 14 1
23545 376 101 509 14 1
23546 376 102 509 14 1
23547 376 103 509 14 1
23548 376 104 509 14 1
23549 376 105 509 14 1
23550 376 106 509 14 1
23551 376 107 509 14 1
23552 376 108 509 14 1
23553 376 109 509 14 1
23554 376 110 509 14 1
23555 376 111 509 14 1
23556 376 112 509 14 1
23557 376 113 509 14 1
23558 376 114 509 14 1
23559 376 115 509 14 1
23560 376 116 509 14 1
23561 376 117 509 14 1
23562 376 118 509 14 1
23563 376 119 509 14 1
23564 376 120 509 14 1
23565 376 121 509 14 1
23566 376 122 509 14 1
23567 376 123 509 14 1
23568 376 124 509 14 1
23569 376 125 509 14 1
23570 376 126 509 14 1
23571 377 64 509 14 1
23572 377 65 509 14 1
23573 377 66 509 14 1
23574 377 67 509 14 1
23575 377 68 509 14 1
23576 377 69 509 14 1
23577 377 70 509 14 1
23578 377 71 509 14 1
23579 377 72 509 14 1
23580 377 73 509 14 1
23581 377 74 509 14 1
23582 377 75 509 14 1
23583 377 76 509 14 1
23584 377 77 509 14 1
23585 377 78 509 14 1
23586 377 79 509 14 1
23587 377 80 509 14 1
23588 377 81 509 14 1
23589 377 82 509 14 1
23590 377 83 509 14 1
23591 377 84 509 14 1
23592 377 85 509 14 1
23593 377 86 509 14 1
23594 377 87 509 14 1
23595 377 88 509 14 1
23596 377 89 509 14 1
23597 377 90 509 14 1
23598 377 91 509 14 1
23599 377 92 509 14 1
23600 377 93 509 14 1
23601 377 94 509 14 1
23602 377 95 509 14 1
23603 377 96 509 14 1
23604 377 97 509 14 1
23605 377 98 509 14 1
23606 377 99 509 14 1
23607 377 100 509 14 1
23608 377 101 509 14 1
23609 377 102 509 14 1
23610 377 103 509 14 1
23611 377 104 509 14 1
23612 377 105 509 14 1
23613 377 106 509 14 1
23614 377 107 509 14 1
23615 377 108 509 14 1
23616 377 109 509 14 1
23617 377 110 509 14 1
23618 377 111 509 14 1
23619 377 112 509 14 1
23620 377 113 509 14 1
23621 377 114 509 14 1
23622 377 115 509 14 1
23623 377 116 509 14 1
23624 377 117 509 14 1
23625 377 118 509 14 1
23626 377 119 509 14 1
23627 377 120 509 14 1
23628 377 121 509 14 1
23629 377 122 509 14 1
23630 377 123 509 14 1
23631 377 124 509 14 1
23632 377 125 509 14 1
23633 377 126 509 14 1
23634 378 64 509 14 1
23635 378 65 509 14 1
23636 378 66 509 14 1
23637 378 67 509 14 1
23638 378 68 509 14 1
23639 378 69 509 14 1
23640 378 70 509 14 1
23641 378 71 509 14 1
23642 378 72 509 14 1
23643 378 73 509 14 1
23644 378 74 509 14 1
23645 378 75 509 14 1
23646 378 76 509 14 1
23647 378 77 509 14 1
23648 378 78 509 14 1
23649 378 79 509 14 1
23650 378 80 509 14 1
23651 378 81 509 14 1
23652 378 82 509 14 1
23653 378 83 509 14 1
23654 378 84 509 14 1
23655 378 85 509 14 1
23656 378 86 509 14 1
23657 378 87 509 14 1
23658 378 88 509 14 1
23659 378 89 509 14 1
23660 378 90 509 14 1
23661 378 91 509 14 1
23662 378 92 509 14 1
23663 378 93 509 14 1
23664 378 94 509 14 1
23665 378 95 509 14 1
23666 378 96 509 14 1
23667 378 97 509 14 1
23668 378 98 509 14 1
23669 378 99 509 14 1
23670 378 100 509 14 1
23671 378 101 509 14 1
23672 378 102 509 14 1
23673 378 103 509 14 1
23674 378 104 509 14 1
23675 378 105 509 14 1
23676 378 106 509 14 1
23677 378 107 509 14 1
23678 378 108 509 14 1
23679 378 109 509 14 1
23680 378 110 509 14 1
23681 378 111 509 14 1
23682 378 112 509 14 1
23683 378 113 509 14 1
23684 378 114 509 14 1
23685 378 115 509 14 1
23686 378 116 509 14 1
23687 378 117 509 14 1
23688 378 118 509 14 1
23689 378 119 509 14 1
23690 378 120 509 14 1
23691 378 121 509 14 1
23692 378 122 509 14 1
23693 378 123 509 14 1
23694 378 124 509 14 1
23695 378 125 509 14 1
23696 378 126 509 14 1
23697 379 64 509 14 1
23698 379 65 509 14 1
23699 379 66 509 14 1
23700 379 67 509 14 1
23701 379 68 509 14 1
23702 379 69 509 14 1
23703 379 70 509 14 1
23704 379 71 509 14 1
23705 379 72 509 14 1
23706 379 73 509 14 1
23707 379 74 509 14 1
23708 379 75 509 14 1
23709 379 76 509 14 1
23710 379 77 509 14 1
23711 379 78 509 14 1
23712 379 79 509 14 1
23713 379 80 509 14 1
23714 379 81 509 14 1
23715 379 82 509 14 1
23716 379 83 509 14 1
23717 379 84 509 14 1
23718 379 85 509 14 1
23719 379 86 509 14 1
23720 379 87 509 14 1
23721 379 88 509 14 1
23722 379 89 509 14 1
23723 379 90 509 14 1
23724 379 91 509 14 1
23725 379 92 509 14 1
23726 379 93 509 14 1
23727 379 94 509 14 1
23728 379 95 509 14 1
23729 379 96 509 14 1
23730 379 97 509 14 1
23731 379 98 509 14 1
23732 379 99 509 14 1
23733 379 100 509 14 1
23734 379 101 509 14 1
23735 379 102 509 14 1
23736 379 103 509 14 1
23737 379 104 509 14 1
23738 379 105 509 14 1
23739 379 106 509 14 1
23740 379 107 509 14 1
23741 379 108 509 14 1
23742 379 109 509 14 1
23743 379 110 509 14 1
23744 379 111 509 14 1
23745 379 112 509 14 1
23746 379 113 509 14 1
23747 379 114 509 14 1
23748 379 115 509 14 1
23749 379 116 509 14 1
23750 379 117 509 14 1
23751 379 118 509 14 1
23752 379 119 509 14 1
23753 379 120 509 14 1
23754 379 121 509 14 1
23755 379 122 509 14 1
23756 379 123 509 14 1
23757 379 124 509 14 1
23758 379 125 509 14 1
23759 379 126 509 14 1
23760 380 64 509 14 1
23761 380 65 509 14 1
23762 380 66 509 14 1
23763 380 67 509 14 1
23764 380 68 509 14 1
23765 380 69 509 14 1
23766 380 70 509 14 1
23767 380 71 509 14 1
23768 380 72 509 14 1
23769 380 73 509 14 1
23770 380 74 509 14 1
23771 380 75 509 14 1
23772 380 76 509 14 1
23773 380 77 509 14 1
23774 380 78 509 14 1
23775 380 79 509 14 1
23776 380 80 509 14 1
23777 380 81 509 14 1
23778 380 82 509 14 1
23779 380 83 509 14 1
23780 380 84 509 14 1
23781 380 85 509 14 1
23782 380 86 509 14 1
23783 380 87 509 14 1
23784 380 88 509 14 1
23785 380 89 509 14 1
23786 380 90 509 14 1
23787 380 91 509 14 1
23788 380 92 509 14 1
23789 380 93 509 14 1
23790 380 94 509 14 1
23791 380 95 509 14 1
23792 380 96 509 14 1
23793 380 97 509 14 1
23794 380 98 509 14 1
23795 380 99 509 14 1
23796 380 100 509 14 1
23797 380 101 509 14 1
23798 380 102 509 14 1
23799 380 103 509 14 1
23800 380 104 509 14 1
23801 380 105 509 14 1
23802 380 106 509 14 1
23803 380 107 509 14 1
23804 380 108 509 14 1
23805 380 109 509 14 1
23806 380 110 509 14 1
23807 380 111 509 14 1
23808 380 112 509 14 1
23809 380 113 509 14 1
23810 380 114 509 14 1
23811 380 115 509 14 1
23812 380 116 509 14 1
23813 380 117 509 14 1
23814 380 118 509 14 1
23815 380 119 509 14 1
23816 380 120 509 14 1
23817 380 121 509 14 1
23818 380 122 509 14 1
23819 380 123 509 14 1
23820 380 124 509 14 1
23821 380 125 509 14 1
23822 380 126 509 14 1
23823 381 64 509 14 1
23824 381 65 509 14 1
23825 381 66 509 14 1
23826 381 67 509 14 1
23827 381 68 509 14 1
23828 381 69 509 14 1
23829 381 70 509 14 1
23830 381 71 509 14 1
23831 381 72 509 14 1
23832 381 73 509 14 1
23833 381 74 509 14 1
23834 381 75 509 14 1
23835 381 76 509 14 1
23836 381 77 509 14 1
23837 381 78 509 14 1
23838 381 79 509 14 1
23839 381 80 509 14 1
23840 381 81 509 14 1
23841 381 82 509 14 1
23842 381 83 509 14 1
23843 381 84 509 14 1
23844 381 85 509 14 1
23845 381 86 509 14 1
23846 381 87 509 14 1
23847 381 88 509 14 1
23848 381 89 509 14 1
23849 381 90 509 14 1
23850 381 91 509 14 1
23851 381 92 509 14 1
23852 381 93 509 14 1
23853 381 94 509 14 1
23854 381 95 509 14 1
23855 381 96 509 14 1
23856 381 97 509 14 1
23857 381 98 509 14 1
23858 381 99 509 14 1
23859 381 100 509 14 1
23860 381 101 509 14 1
23861 381 102 509 14 1
23862 381 103 509 14 1
23863 381 104 509 14 1
23864 381 105 509 14 1
23865 381 106 509 14 1
23866 381 107 509 14 1
23867 381 108 509 14 1
23868 381 109 509 14 1
23869 381 110 509 14 1
23870 381 111 509 14 1
23871 381 112 509 14 1
23872 381 113 509 14 1
23873 381 114 509 14 1
23874 381 115 509 14 1
23875 381 116 509 14 1
23876 381 117 509 14 1
23877 381 118 509 14 1
23878 381 119 509 14 1
23879 381 120 509 14 1
23880 381 121 509 14 1
23881 381 122 509 14 1
23882 381 123 509 14 1
23883 381 124 509 14 1
23884 381 125 509 14 1
23885 381 126 509 14 1
23886 382 64 509 14 1
23887 382 65 509 14 1
23888 382 66 509 14 1
23889 382 67 509 14 1
23890 382 68 509 14 1
23891 382 69 509 14 1
23892 382 70 509 14 1
23893 382 71 509 14 1
23894 382 72 509 14 1
23895 382 73 509 14 1
23896 382 74 509 14 1
23897 382 75 509 14 1
23898 382 76 509 14 1
23899 382 77 509 14 1
23900 382 78 509 14 1
23901 382 79 509 14 1
23902 382 80 509 14 1
23903 382 81 509 14 1
23904 382 82 509 14 1
23905 382 83 509 14 1
23906 382 84 509 14 1
23907 382 85 509 14 1
23908 382 86 509 14 1
23909 382 87 509 14 1
23910 382 88 509 14 1
23911 382 89 509 14 1
23912 382 90 509 14 1
23913 382 91 509 14 1
23914 382 92 509 14 1
23915 382 93 509 14 1
23916 382 94 509 14 1
23917 382 95 509 14 1
23918 382 96 509 14 1
23919 382 97 509 14 1
23920 382 98 509 14 1
23921 382 99 509 14 1
23922 382 100 509 14 1
23923 382 101 509 14 1
23924 382 102 509 14 1
23925 382 103 509 14 1
23926 382 104 509 14 1
23927 382 105 509 14 1
23928 382 106 509 14 1
23929 382 107 509 14 1
23930 382 108 509 14 1
23931 382 109 509 14 1
23932 382 110 509 14 1
23933 382 111 509 14 1
23934 382 112 509 14 1
23935 382 113 509 14 1
23936 382 114 509 14 1
23937 382 115 509 14 1
23938 382 116 509 14 1
23939 382 117 509 14 1
23940 382 118 509 14 1
23941 382 119 509 14 1
23942 382 120 509 14 1
23943 382 121 509 14 1
23944 382 122 509 14 1
23945 382 123 509 14 1
23946 382 124 509 14 1
23947 382 125 509 14 1
23948 382 126 509 14 1
23949 383 64 509 14 1
23950 383 65 509 14 1
23951 383 66 509 14 1
23952 383 67 509 14 1
23953 383 68 509 14 1
23954 383 69 509 14 1
23955 383 70 509 14 1
23956 383 71 509 14 1
23957 383 72 509 14 1
23958 383 73 509 14 1
23959 383 74 509 14 1
23960 383 75 509 14 1
23961 383 76 509 14 1
23962 383 77 509 14 1
23963 383 78 509 14 1
23964 383 79 509 14 1
23965 383 80 509 14 1
23966 383 81 509 14 1
23967 383 82 509 14 1
23968 383 83 509 14 1
23969 383 84 509 14 1
23970 383 85 509 14 1
23971 383 86 509 14 1
23972 383 87 509 14 1
23973 383 88 509 14 1
23974 383 89 509 14 1
23975 383 90 509 14 1
23976 383 91 509 14 1
23977 383 92 509 14 1
23978 383 93 509 14 1
23979 383 94 509 14 1
23980 383 95 509 14 1
23981 383 96 509 14 1
23982 383 97 509 14 1
23983 383 98 509 14 1
23984 383 99 509 14 1
23985 383 100 509 14 1
23986 383 101 509 14 1
23987 383 102 509 14 1
23988 383 103 509 14 1
23989 383 104 509 14 1
23990 383 105 509 14 1
23991 383 106 509 14 1
23992 383 107 509 14 1
23993 383 108 509 14 1
23994 383 109 509 14 1
23995 383 110 509 14 1
23996 383 111 509 14 1
23997 383 112 509 14 1
23998 383 113 509 14 1
23999 383 114 509 14 1
24000 383 115 509 14 1
24001 383 116 509 14 1
24002 383 117 509 14 1
24003 383 118 509 14 1
24004 383 119 509 14 1
24005 383 120 509 14 1
24006 383 121 509 14 1
24007 383 122 509 14 1
24008 383 123 509 14 1
24009 383 124 509 14 1
24010 383 125 509 14 1
24011 383 126 509 14 1
24012 384 64 509 14 1
24013 384 65 509 14 1
24014 384 66 509 14 1
24015 384 67 509 14 1
24016 384 68 509 14 1
24017 384 69 509 14 1
24018 384 70 509 14 1
24019 384 71 509 14 1
24020 384 72 509 14 1
24021 384 73 509 14 1
24022 384 74 509 14 1
24023 384 75 509 14 1
24024 384 76 509 14 1
24025 384 77 509 14 1
24026 384 78 509 14 1
24027 384 79 509 14 1
24028 384 80 509 14 1
24029 384 81 509 14 1
24030 384 82 509 14 1
24031 384 83 509 14 1
24032 384 84 509 14 1
24033 384 85 509 14 1
24034 384 86 509 14 1
24035 384 87 509 14 1
24036 384 88 509 14 1
24037 384 89 509 14 1
24038 384 90 509 14 1
24039 384 91 509 14 1
24040 384 92 509 14 1
24041 384 93 509 14 1
24042 384 94 509 14 1
24043 384 95 509 14 1
24044 384 96 509 14 1
24045 384 97 509 14 1
24046 384 98 509 14 1
24047 384 99 509 14 1
24048 384 100 509 14 1
24049 384 101 509 14 1
24050 384 102 509 14 1
24051 384 103 509 14 1
24052 384 104 509 14 1
24053 384 105 509 14 1
24054 384 106 509 14 1
24055 384 107 509 14 1
24056 384 108 509 14 1
24057 384 109 509 14 1
24058 384 110 509 14 1
24059 384 111 509 14 1
24060 384 112 509 14 1
24061 384 113 509 14 1
24062 384 114 509 14 1
24063 384 115 509 14 1
24064 384 116 509 14 1
24065 384 117 509 14 1
24066 384 118 509 14 1
24067 384 119 509 14 1
24068 384 120 509 14 1
24069 384 121 509 14 1
24070 384 122 509 14 1
24071 384 123 509 14 1
24072 384 124 509 14 1
24073 384 125 509 14 1
24074 384 126 509 14 1
24075 385 64 509 14 1
24076 385 65 509 14 1
24077 385 66 509 14 1
24078 385 67 509 14 1
24079 385 68 509 14 1
24080 385 69 509 14 1
24081 385 70 509 14 1
24082 385 71 509 14 1
24083 385 72 509 14 1
24084 385 73 509 14 1
24085 385 74 509 14 1
24086 385 75 509 14 1
24087 385 76 509 14 1
24088 385 77 509 14 1
24089 385 78 509 14 1
24090 385 79 509 14 1
24091 385 80 509 14 1
24092 385 81 509 14 1
24093 385 82 509 14 1
24094 385 83 509 14 1
24095 385 84 509 14 1
24096 385 85 509 14 1
24097 385 86 509 14 1
24098 385 87 509 14 1
24099 385 88 509 14 1
24100 385 89 509 14 1
24101 385 90 509 14 1
24102 385 91 509 14 1
24103 385 92 509 14 1
24104 385 93 509 14 1
24105 385 94 509 14 1
24106 385 95 509 14 1
24107 385 96 509 14 1
24108 385 97 509 14 1
24109 385 98 509 14 1
24110 385 99 509 14 1
24111 385 100 509 14 1
24112 385 101 509 14 1
24113 385 102 509 14 1
24114 385 103 509 14 1
24115 385 104 509 14 1
24116 385 105 509 14 1
24117 385 106 509 14 1
24118 385 107 509 14 1
24119 385 108 509 14 1
24120 385 109 509 14 1
24121 385 110 509 14 1
24122 385 111 509 14 1
24123 385 112 509 14 1
24124 385 113 509 14 1
24125 385 114 509 14 1
24126 385 115 509 14 1
24127 385 116 509 14 1
24128 385 117 509 14 1
24129 385 118 509 14 1
24130 385 119 509 14 1
24131 385 120 509 14 1
24132 385 121 509 14 1
24133 385 122 509 14 1
24134 385 123 509 14 1
24135 385 124 509 14 1
24136 385 125 509 14 1
24137 385 126 509 14 1
24138 386 64 509 14 1
24139 386 65 509 14 1
24140 386 66 509 14 1
24141 386 67 509 14 1
24142 386 68 509 14 1
24143 386 69 509 14 1
24144 386 70 509 14 1
24145 386 71 509 14 1
24146 386 72 509 14 1
24147 386 73 509 14 1
24148 386 74 509 14 1
24149 386 75 509 14 1
24150 386 76 509 14 1
24151 386 77 509 14 1
24152 386 78 509 14 1
24153 386 79 509 14 1
24154 386 80 509 14 1
24155 386 81 509 14 1
24156 386 82 509 14 1
24157 386 83 509 14 1
24158 386 84 509 14 1
24159 386 85 509 14 1
24160 386 86 509 14 1
24161 386 87 509 14 1
24162 386 88 509 14 1
24163 386 89 509 14 1
24164 386 90 509 14 1
24165 386 91 509 14 1
24166 386 92 509 14 1
24167 386 93 509 14 1
24168 386 94 509 14 1
24169 386 95 509 14 1
24170 386 96 509 14 1
24171 386 97 509 14 1
24172 386 98 509 14 1
24173 386 99 509 14 1
24174 386 100 509 14 1
24175 386 101 509 14 1
24176 386 102 509 14 1
24177 386 103 509 14 1
24178 386 104 509 14 1
24179 386 105 509 14 1
24180 386 106 509 14 1
24181 386 107 509 14 1
24182 386 108 509 14 1
24183 386 109 509 14 1
24184 386 110 509 14 1
24185 386 111 509 14 1
24186 386 112 509 14 1
24187 386 113 509 14 1
24188 386 114 509 14 1
24189 386 115 509 14 1
24190 386 116 509 14 1
24191 386 117 509 14 1
24192 386 118 509 14 1
24193 386 119 509 14 1
24194 386 120 509 14 1
24195 386 121 509 14 1
24196 386 122 509 14 1
24197 386 123 509 14 1
24198 386 124 509 14 1
24199 386 125 509 14 1
24200 386 126 509 14 1
24201 387 64 509 14 1
24202 387 65 509 14 1
24203 387 66 509 14 1
24204 387 67 509 14 1
24205 387 68 509 14 1
24206 387 69 509 14 1
24207 387 70 509 14 1
24208 387 71 509 14 1
24209 387 72 509 14 1
24210 387 73 509 14 1
24211 387 74 509 14 1
24212 387 75 509 14 1
24213 387 76 509 14 1
24214 387 77 509 14 1
24215 387 78 509 14 1
24216 387 79 509 14 1
24217 387 80 509 14 1
24218 387 81 509 14 1
24219 387 82 509 14 1
24220 387 83 509 14 1
24221 387 84 509 14 1
24222 387 85 509 14 1
24223 387 86 509 14 1
24224 387 87 509 14 1
24225 387 88 509 14 1
24226 387 89 509 14 1
24227 387 90 509 14 1
24228 387 91 509 14 1
24229 387 92 509 14 1
24230 387 93 509 14 1
24231 387 94 509 14 1
24232 387 95 509 14 1
24233 387 96 509 14 1
24234 387 97 509 14 1
24235 387 98 509 14 1
24236 387 99 509 14 1
24237 387 100 509 14 1
24238 387 101 509 14 1
24239 387 102 509 14 1
24240 387 103 509 14 1
24241 387 104 509 14 1
24242 387 105 509 14 1
24243 387 106 509 14 1
24244 387 107 509 14 1
24245 387 108 509 14 1
24246 387 109 509 14 1
24247 387 110 509 14 1
24248 387 111 509 14 1
24249 387 112 509 14 1
24250 387 113 509 14 1
24251 387 114 509 14 1
24252 387 115 509 14 1
24253 387 116 509 14 1
24254 387 117 509 14 1
24255 387 118 509 14 1
24256 387 119 509 14 1
24257 387 120 509 14 1
24258 387 121 509 14 1
24259 387 122 509 14 1
24260 387 123 509 14 1
24261 387 124 509 14 1
24262 387 125 509 14 1
24263 387 126 509 14 1
24264 388 64 509 14 1
24265 388 65 509 14 1
24266 388 66 509 14 1
24267 388 67 509 14 1
24268 388 68 509 14 1
24269 388 69 509 14 1
24270 388 70 509 14 1
24271 388 71 509 14 1
24272 388 72 509 14 1
24273 388 73 509 14 1
24274 388 74 509 14 1
24275 388 75 509 14 1
24276 388 76 509 14 1
24277 388 77 509 14 1
24278 388 78 509 14 1
24279 388 79 509 14 1
24280 388 80 509 14 1
24281 388 81 509 14 1
24282 388 82 509 14 1
24283 388 83 509 14 1
24284 388 84 509 14 1
24285 388 85 509 14 1
24286 388 86 509 14 1
24287 388 87 509 14 1
24288 388 88 509 14 1
24289 388 89 509 14 1
24290 388 90 509 14 1
24291 388 91 509 14 1
24292 388 92 509 14 1
24293 388 93 509 14 1
24294 388 94 509 14 1
24295 388 95 509 14 1
24296 388 96 509 14 1
24297 388 97 509 14 1
24298 388 98 509 14 1
24299 388 99 509 14 1
24300 388 100 509 14 1
24301 388 101 509 14 1
24302 388 102 509 14 1
24303 388 103 509 14 1
24304 388 104 509 14 1
24305 388 105 509 14 1
24306 388 106 509 14 1
24307 388 107 509 14 1
24308 388 108 509 14 1
24309 388 109 509 14 1
24310 388 110 509 14 1
24311 388 111 509 14 1
24312 388 112 509 14 1
24313 388 113 509 14 1
24314 388 114 509 14 1
24315 388 115 509 14 1
24316 388 116 509 14 1
24317 388 117 509 14 1
24318 388 118 509 14 1
24319 388 119 509 14 1
24320 388 120 509 14 1
24321 388 121 509 14 1
24322 388 122 509 14 1
24323 388 123 509 14 1
24324 388 124 509 14 1
24325 388 125 509 14 1
24326 388 126 509 14 1
24327 389 64 509 14 1
24328 389 65 509 14 1
24329 389 66 509 14 1
24330 389 67 509 14 1
24331 389 68 509 14 1
24332 389 69 509 14 1
24333 389 70 509 14 1
24334 389 71 509 14 1
24335 389 72 509 14 1
24336 389 73 509 14 1
24337 389 74 509 14 1
24338 389 75 509 14 1
24339 389 76 509 14 1
24340 389 77 509 14 1
24341 389 78 509 14 1
24342 389 79 509 14 1
24343 389 80 509 14 1
24344 389 81 509 14 1
24345 389 82 509 14 1
24346 389 83 509 14 1
24347 389 84 509 14 1
24348 389 85 509 14 1
24349 389 86 509 14 1
24350 389 87 509 14 1
24351 389 88 509 14 1
24352 389 89 509 14 1
24353 389 90 509 14 1
24354 389 91 509 14 1
24355 389 92 509 14 1
24356 389 93 509 14 1
24357 389 94 509 14 1
24358 389 95 509 14 1
24359 389 96 509 14 1
24360 389 97 509 14 1
24361 389 98 509 14 1
24362 389 99 509 14 1
24363 389 100 509 14 1
24364 389 101 509 14 1
24365 389 102 509 14 1
24366 389 103 509 14 1
24367 389 104 509 14 1
24368 389 105 509 14 1
24369 389 106 509 14 1
24370 389 107 509 14 1
24371 389 108 509 14 1
24372 389 109 509 14 1
24373 389 110 509 14 1
24374 389 111 509 14 1
24375 389 112 509 14 1
24376 389 113 509 14 1
24377 389 114 509 14 1
24378 389 115 509 14 1
24379 389 116 509 14 1
24380 389 117 509 14 1
24381 389 118 509 14 1
24382 389 119 509 14 1
24383 389 120 509 14 1
24384 389 121 509 14 1
24385 389 122 509 14 1
24386 389 123 509 14 1
24387 389 124 509 14 1
24388 389 125 509 14 1
24389 389 126 509 14 1
24390 390 64 509 14 1
24391 390 65 509 14 1
24392 390 66 509 14 1
24393 390 67 509 14 1
24394 390 68 509 14 1
24395 390 69 509 14 1
24396 390 70 509 14 1
24397 390 71 509 14 1
24398 390 72 509 14 1
24399 390 73 509 14 1
24400 390 74 509 14 1
24401 390 75 509 14 1
24402 390 76 509 14 1
24403 390 77 509 14 1
24404 390 78 509 14 1
24405 390 79 509 14 1
24406 390 80 509 14 1
24407 390 81 509 14 1
24408 390 82 509 14 1
24409 390 83 509 14 1
24410 390 84 509 14 1
24411 390 85 509 14 1
24412 390 86 509 14 1
24413 390 87 509 14 1
24414 390 88 509 14 1
24415 390 89 509 14 1
24416 390 90 509 14 1
24417 390 91 509 14 1
24418 390 92 509 14 1
24419 390 93 509 14 1
24420 390 94 509 14 1
24421 390 95 509 14 1
24422 390 96 509 14 1
24423 390 97 509 14 1
24424 390 98 509 14 1
24425 390 99 509 14 1
24426 390 100 509 14 1
24427 390 101 509 14 1
24428 390 102 509 14 1
24429 390 103 509 14 1
24430 390 104 509 14 1
24431 390 105 509 14 1
24432 390 106 509 14 1
24433 390 107 509 14 1
24434 390 108 509 14 1
24435 390 109 509 14 1
24436 390 110 509 14 1
24437 390 111 509 14 1
24438 390 112 509 14 1
24439 390 113 509 14 1
24440 390 114 509 14 1
24441 390 115 509 14 1
24442 390 116 509 14 1
24443 390 117 509 14 1
24444 390 118 509 14 1
24445 390 119 509 14 1
24446 390 120 509 14 1
24447 390 121 509 14 1
24448 390 122 509 14 1
24449 390 123 509 14 1
24450 390 124 509 14 1
24451 390 125 509 14 1
24452 390 126 509 14 1
24453 391 64 509 14 1
24454 391 65 509 14 1
24455 391 66 509 14 1
24456 391 67 509 14 1
24457 391 68 509 14 1
24458 391 69 509 14 1
24459 391 70 509 14 1
24460 391 71 509 14 1
24461 391 72 509 14 1
24462 391 73 509 14 1
24463 391 74 509 14 1
24464 391 75 509 14 1
24465 391 76 509 14 1
24466 391 77 509 14 1
24467 391 78 509 14 1
24468 391 79 509 14 1
24469 391 80 509 14 1
24470 391 81 509 14 1
24471 391 82 509 14 1
24472 391 83 509 14 1
24473 391 84 509 14 1
24474 391 85 509 14 1
24475 391 86 509 14 1
24476 391 87 509 14 1
24477 391 88 509 14 1
24478 391 89 509 14 1
24479 391 90 509 14 1
24480 391 91 509 14 1
24481 391 92 509 14 1
24482 391 93 509 14 1
24483 391 94 509 14 1
24484 391 95 509 14 1
24485 391 96 509 14 1
24486 391 97 509 14 1
24487 391 98 509 14 1
24488 391 99 509 14 1
24489 391 100 509 14 1
24490 391 101 509 14 1
24491 391 102 509 14 1
24492 391 103 509 14 1
24493 391 104 509 14 1
24494 391 105 509 14 1
24495 391 106 509 14 1
24496 391 107 509 14 1
24497 391 108 509 14 1
24498 391 109 509 14 1
24499 391 110 509 14 1
24500 391 111 509 14 1
24501 391 112 509 14 1
24502 391 113 509 14 1
24503 391 114 509 14 1
24504 391 115 509 14 1
24505 391 116 509 14 1
24506 391 117 509 14 1
24507 391 118 509 14 1
24508 391 119 509 14 1
24509 391 120 509 14 1
24510 391 121 509 14 1
24511 391 122 509 14 1
24512 391 123 509 14 1
24513 391 124 509 14 1
24514 391 125 509 14 1
24515 391 126 509 14 1
24516 392 64 509 14 1
24517 392 65 509 14 1
24518 392 66 509 14 1
24519 392 67 509 14 1
24520 392 68 509 14 1
24521 392 69 509 14 1
24522 392 70 509 14 1
24523 392 71 509 14 1
24524 392 72 509 14 1
24525 392 73 509 14 1
24526 392 74 509 14 1
24527 392 75 509 14 1
24528 392 76 509 14 1
24529 392 77 509 14 1
24530 392 78 509 14 1
24531 392 79 509 14 1
24532 392 80 509 14 1
24533 392 81 509 14 1
24534 392 82 509 14 1
24535 392 83 509 14 1
24536 392 84 509 14 1
24537 392 85 509 14 1
24538 392 86 509 14 1
24539 392 87 509 14 1
24540 392 88 509 14 1
24541 392 89 509 14 1
24542 392 90 509 14 1
24543 392 91 509 14 1
24544 392 92 509 14 1
24545 392 93 509 14 1
24546 392 94 509 14 1
24547 392 95 509 14 1
24548 392 96 509 14 1
24549 392 97 509 14 1
24550 392 98 509 14 1
24551 392 99 509 14 1
24552 392 100 509 14 1
24553 392 101 509 14 1
24554 392 102 509 14 1
24555 392 103 509 14 1
24556 392 104 509 14 1
24557 392 105 509 14 1
24558 392 106 509 14 1
24559 392 107 509 14 1
24560 392 108 509 14 1
24561 392 109 509 14 1
24562 392 110 509 14 1
24563 392 111 509 14 1
24564 392 112 509 14 1
24565 392 113 509 14 1
24566 392 114 509 14 1
24567 392 115 509 14 1
24568 392 116 509 14 1
24569 392 117 509 14 1
24570 392 118 509 14 1
24571 392 119 509 14 1
24572 392 120 509 14 1
24573 392 121 509 14 1
24574 392 122 509 14 1
24575 392 123 509 14 1
24576 392 124 509 14 1
24577 392 125 509 14 1
24578 392 126 509 14 1
24579 393 64 509 14 1
24580 393 65 509 14 1
24581 393 66 509 14 1
24582 393 67 509 14 1
24583 393 68 509 14 1
24584 393 69 509 14 1
24585 393 70 509 14 1
24586 393 71 509 14 1
24587 393 72 509 14 1
24588 393 73 509 14 1
24589 393 74 509 14 1
24590 393 75 509 14 1
24591 393 76 509 14 1
24592 393 77 509 14 1
24593 393 78 509 14 1
24594 393 79 509 14 1
24595 393 80 509 14 1
24596 393 81 509 14 1
24597 393 82 509 14 1
24598 393 83 509 14 1
24599 393 84 509 14 1
24600 393 85 509 14 1
24601 393 86 509 14 1
24602 393 87 509 14 1
24603 393 88 509 14 1
24604 393 89 509 14 1
24605 393 90 509 14 1
24606 393 91 509 14 1
24607 393 92 509 14 1
24608 393 93 509 14 1
24609 393 94 509 14 1
24610 393 95 509 14 1
24611 393 96 509 14 1
24612 393 97 509 14 1
24613 393 98 509 14 1
24614 393 99 509 14 1
24615 393 100 509 14 1
24616 393 101 509 14 1
24617 393 102 509 14 1
24618 393 103 509 14 1
24619 393 104 509 14 1
24620 393 105 509 14 1
24621 393 106 509 14 1
24622 393 107 509 14 1
24623 393 108 509 14 1
24624 393 109 509 14 1
24625 393 110 509 14 1
24626 393 111 509 14 1
24627 393 112 509 14 1
24628 393 113 509 14 1
24629 393 114 509 14 1
24630 393 115 509 14 1
24631 393 116 509 14 1
24632 393 117 509 14 1
24633 393 118 509 14 1
24634 393 119 509 14 1
24635 393 120 509 14 1
24636 393 121 509 14 1
24637 393 122 509 14 1
24638 393 123 509 14 1
24639 393 124 509 14 1
24640 393 125 509 14 1
24641 393 126 509 14 1
24642 394 64 509 14 1
24643 394 65 509 14 1
24644 394 66 509 14 1
24645 394 67 509 14 1
24646 394 68 509 14 1
24647 394 69 509 14 1
24648 394 70 509 14 1
24649 394 71 509 14 1
24650 394 72 509 14 1
24651 394 73 509 14 1
24652 394 74 509 14 1
24653 394 75 509 14 1
24654 394 76 509 14 1
24655 394 77 509 14 1
24656 394 78 509 14 1
24657 394 79 509 14 1
24658 394 80 509 14 1
24659 394 81 509 14 1
24660 394 82 509 14 1
24661 394 83 509 14 1
24662 394 84 509 14 1
24663 394 85 509 14 1
24664 394 86 509 14 1
24665 394 87 509 14 1
24666 394 88 509 14 1
24667 394 89 509 14 1
24668 394 90 509 14 1
24669 394 91 509 14 1
24670 394 92 509 14 1
24671 394 93 509 14 1
24672 394 94 509 14 1
24673 394 95 509 14 1
24674 394 96 509 14 1
24675 394 97 509 14 1
24676 394 98 509 14 1
24677 394 99 509 14 1
24678 394 100 509 14 1
24679 394 101 509 14 1
24680 394 102 509 14 1
24681 394 103 509 14 1
24682 394 104 509 14 1
24683 394 105 509 14 1
24684 394 106 509 14 1
24685 394 107 509 14 1
24686 394 108 509 14 1
24687 394 109 509 14 1
24688 394 110 509 14 1
24689 394 111 509 14 1
24690 394 112 509 14 1
24691 394 113 509 14 1
24692 394 114 509 14 1
24693 394 115 509 14 1
24694 394 116 509 14 1
24695 394 117 509 14 1
24696 394 118 509 14 1
24697 394 119 509 14 1
24698 394 120 509 14 1
24699 394 121 509 14 1
24700 394 122 509 14 1
24701 394 123 509 14 1
24702 394 124 509 14 1
24703 394 125 509 14 1
24704 394 126 509 14 1
24705 395 64 509 14 1
24706 395 65 509 14 1
24707 395 66 509 14 1
24708 395 67 509 14 1
24709 395 68 509 14 1
24710 395 69 509 14 1
24711 395 70 509 14 1
24712 395 71 509 14 1
24713 395 72 509 14 1
24714 395 73 509 14 1
24715 395 74 509 14 1
24716 395 75 509 14 1
24717 395 76 509 14 1
24718 395 77 509 14 1
24719 395 78 509 14 1
24720 395 79 509 14 1
24721 395 80 509 14 1
24722 395 81 509 14 1
24723 395 82 509 14 1
24724 395 83 509 14 1
24725 395 84 509 14 1
24726 395 85 509 14 1
24727 395 86 509 14 1
24728 395 87 509 14 1
24729 395 88 509 14 1
24730 395 89 509 14 1
24731 395 90 509 14 1
24732 395 91 509 14 1
24733 395 92 509 14 1
24734 395 93 509 14 1
24735 395 94 509 14 1
24736 395 95 509 14 1
24737 395 96 509 14 1
24738 395 97 509 14 1
24739 395 98 509 14 1
24740 395 99 509 14 1
24741 395 100 509 14 1
24742 395 101 509 14 1
24743 395 102 509 14 1
24744 395 103 509 14 1
24745 395 104 509 14 1
24746 395 105 509 14 1
24747 395 106 509 14 1
24748 395 107 509 14 1
24749 395 108 509 14 1
24750 395 109 509 14 1
24751 395 110 509 14 1
24752 395 111 509 14 1
24753 395 112 509 14 1
24754 395 113 509 14 1
24755 395 114 509 14 1
24756 395 115 509 14 1
24757 395 116 509 14 1
24758 395 117 509 14 1
24759 395 118 509 14 1
24760 395 119 509 14 1
24761 395 120 509 14 1
24762 395 121 509 14 1
24763 395 122 509 14 1
24764 395 123 509 14 1
24765 395 124 509 14 1
24766 395 125 509 14 1
24767 395 126 509 14 1
24768 396 64 509 14 1
24769 396 65 509 14 1
24770 396 66 509 14 1
24771 396 67 509 14 1
24772 396 68 509 14 1
24773 396 69 509 14 1
24774 396 70 509 14 1
24775 396 71 509 14 1
24776 396 72 509 14 1
24777 396 73 509 14 1
24778 396 74 509 14 1
24779 396 75 509 14 1
24780 396 76 509 14 1
24781 396 77 509 14 1
24782 396 78 509 14 1
24783 396 79 509 14 1
24784 396 80 509 14 1
24785 396 81 509 14 1
24786 396 82 509 14 1
24787 396 83 509 14 1
24788 396 84 509 14 1
24789 396 85 509 14 1
24790 396 86 509 14 1
24791 396 87 509 14 1
24792 396 88 509 14 1
24793 396 89 509 14 1
24794 396 90 509 14 1
24795 396 91 509 14 1
24796 396 92 509 14 1
24797 396 93 509 14 1
24798 396 94 509 14 1
24799 396 95 509 14 1
24800 396 96 509 14 1
24801 396 97 509 14 1
24802 396 98 509 14 1
24803 396 99 509 14 1
24804 396 100 509 14 1
24805 396 101 509 14 1
24806 396 102 509 14 1
24807 396 103 509 14 1
24808 396 104 509 14 1
24809 396 105 509 14 1
24810 396 106 509 14 1
24811 396 107 509 14 1
24812 396 108 509 14 1
24813 396 109 509 14 1
24814 396 110 509 14 1
24815 396 111 509 14 1
24816 396 112 509 14 1
24817 396 113 509 14 1
24818 396 114 509 14 1
24819 396 115 509 14 1
24820 396 116 509 14 1
24821 396 117 509 14 1
24822 396 118 509 14 1
24823 396 119 509 14 1
24824 396 120 509 14 1
24825 396 121 509 14 1
24826 396 122 509 14 1
24827 396 123 509 14 1
24828 396 124 509 14 1
24829 396 125 509 14 1
24830 396 126 509 14 1
24831 397 64 509 14 1
24832 397 65 509 14 1
24833 397 66 509 14 1
24834 397 67 509 14 1
24835 397 68 509 14 1
24836 397 69 509 14 1
24837 397 70 509 14 1
24838 397 71 509 14 1
24839 397 72 509 14 1
24840 397 73 509 14 1
24841 397 74 509 14 1
24842 397 75 509 14 1
24843 397 76 509 14 1
24844 397 77 509 14 1
24845 397 78 509 14 1
24846 397 79 509 14 1
24847 397 80 509 14 1
24848 397 81 509 14 1
24849 397 82 509 14 1
24850 397 83 509 14 1
24851 397 84 509 14 1
24852 397 85 509 14 1
24853 397 86 509 14 1
24854 397 87 509 14 1
24855 397 88 509 14 1
24856 397 89 509 14 1
24857 397 90 509 14 1
24858 397 91 509 14 1
24859 397 92 509 14 1
24860 397 93 509 14 1
24861 397 94 509 14 1
24862 397 95 509 14 1
24863 397 96 509 14 1
24864 397 97 509 14 1
24865 397 98 509 14 1
24866 397 99 509 14 1
24867 397 100 509 14 1
24868 397 101 509 14 1
24869 397 102 509 14 1
24870 397 103 509 14 1
24871 397 104 509 14 1
24872 397 105 509 14 1
24873 397 106 509 14 1
24874 397 107 509 14 1
24875 397 108 509 14 1
24876 397 109 509 14 1
24877 397 110 509 14 1
24878 397 111 509 14 1
24879 397 112 509 14 1
24880 397 113 509 14 1
24881 397 114 509 14 1
24882 397 115 509 14 1
24883 397 116 509 14 1
24884 397 117 509 14 1
24885 397 118 509 14 1
24886 397 119 509 14 1
24887 397 120 509 14 1
24888 397 121 509 14 1
24889 397 122 509 14 1
24890 397 123 509 14 1
24891 397 124 509 14 1
24892 397 125 509 14 1
24893 397 126 509 14 1
24894 398 64 509 14 1
24895 398 65 509 14 1
24896 398 66 509 14 1
24897 398 67 509 14 1
24898 398 68 509 14 1
24899 398 69 509 14 1
24900 398 70 509 14 1
24901 398 71 509 14 1
24902 398 72 509 14 1
24903 398 73 509 14 1
24904 398 74 509 14 1
24905 398 75 509 14 1
24906 398 76 509 14 1
24907 398 77 509 14 1
24908 398 78 509 14 1
24909 398 79 509 14 1
24910 398 80 509 14 1
24911 398 81 509 14 1
24912 398 82 509 14 1
24913 398 83 509 14 1
24914 398 84 509 14 1
24915 398 85 509 14 1
24916 398 86 509 14 1
24917 398 87 509 14 1
24918 398 88 509 14 1
24919 398 89 509 14 1
24920 398 90 509 14 1
24921 398 91 509 14 1
24922 398 92 509 14 1
24923 398 93 509 14 1
24924 398 94 509 14 1
24925 398 95 509 14 1
24926 398 96 509 14 1
24927 398 97 509 14 1
24928 398 98 509 14 1
24929 398 99 509 14 1
24930 398 100 509 14 1
24931 398 101 509 14 1
24932 398 102 509 14 1
24933 398 103 509 14 1
24934 398 104 509 14 1
24935 398 105 509 14 1
24936 398 106 509 14 1
24937 398 107 509 14 1
24938 398 108 509 14 1
24939 398 109 509 14 1
24940 398 110 509 14 1
24941 398 111 509 14 1
24942 398 112 509 14 1
24943 398 113 509 14 1
24944 398 114 509 14 1
24945 398 115 509 14 1
24946 398 116 509 14 1
24947 398 117 509 14 1
24948 398 118 509 14 1
24949 398 119 509 14 1
24950 398 120 509 14 1
24951 398 121 509 14 1
24952 398 122 509 14 1
24953 398 123 509 14 1
24954 398 124 509 14 1
24955 398 125 509 14 1
24956 398 126 509 14 1
24957 399 64 509 14 1
24958 399 65 509 14 1
24959 399 66 509 14 1
24960 399 67 509 14 1
24961 399 68 509 14 1
24962 399 69 509 14 1
24963 399 70 509 14 1
24964 399 71 509 14 1
24965 399 72 509 14 1
24966 399 73 509 14 1
24967 399 74 509 14 1
24968 399 75 509 14 1
24969 399 76 509 14 1
24970 399 77 509 14 1
24971 399 78 509 14 1
24972 399 79 509 14 1
24973 399 80 509 14 1
24974 399 81 509 14 1
24975 399 82 509 14 1
24976 399 83 509 14 1
24977 399 84 509 14 1
24978 399 85 509 14 1
24979 399 86 509 14 1
24980 399 87 509 14 1
24981 399 88 509 14 1
24982 399 89 509 14 1
24983 399 90 509 14 1
24984 399 91 509 14 1
24985 399 92 509 14 1
24986 399 93 509 14 1
24987 399 94 509 14 1
24988 399 95 509 14 1
24989 399 96 509 14 1
24990 399 97 509 14 1
24991 399 98 509 14 1
24992 399 99 509 14 1
24993 399 100 509 14 1
24994 399 101 509 14 1
24995 399 102 509 14 1
24996 399 103 509 14 1
24997 399 104 509 14 1
24998 399 105 509 14 1
24999 399 106 509 14 1
25000 399 107 509 14 1
25001 399 108 509 14 1
25002 399 109 509 14 1
25003 399 110 509 14 1
25004 399 111 509 14 1
25005 399 112 509 14 1
25006 399 113 509 14 1
25007 399 114 509 14 1
25008 399 115 509 14 1
25009 399 116 509 14 1
25010 399 117 509 14 1
25011 399 118 509 14 1
25012 399 119 509 14 1
25013 399 120 509 14 1
25014 399 121 509 14 1
25015 399 122 509 14 1
25016 399 123 509 14 1
25017 399 124 509 14 1
25018 399 125 509 14 1
25019 399 126 509 14 1
25020 400 64 509 14 1
25021 400 65 509 14 1
25022 400 66 509 14 1
25023 400 67 509 14 1
25024 400 68 509 14 1
25025 400 69 509 14 1
25026 400 70 509 14 1
25027 400 71 509 14 1
25028 400 72 509 14 1
25029 400 73 509 14 1
25030 400 74 509 14 1
25031 400 75 509 14 1
25032 400 76 509 14 1
25033 400 77 509 14 1
25034 400 78 509 14 1
25035 400 79 509 14 1
25036 400 80 509 14 1
25037 400 81 509 14 1
25038 400 82 509 14 1
25039 400 83 509 14 1
25040 400 84 509 14 1
25041 400 85 509 14 1
25042 400 86 509 14 1
25043 400 87 509 14 1
25044 400 88 509 14 1
25045 400 89 509 14 1
25046 400 90 509 14 1
25047 400 91 509 14 1
25048 400 92 509 14 1
25049 400 93 509 14 1
25050 400 94 509 14 1
25051 400 95 509 14 1
25052 400 96 509 14 1
25053 400 97 509 14 1
25054 400 98 509 14 1
25055 400 99 509 14 1
25056 400 100 509 14 1
25057 400 101 509 14 1
25058 400 102 509 14 1
25059 400 103 509 14 1
25060 400 104 509 14 1
25061 400 105 509 14 1
25062 400 106 509 14 1
25063 400 107 509 14 1
25064 400 108 509 14 1
25065 400 109 509 14 1
25066 400 110 509 14 1
25067 400 111 509 14 1
25068 400 112 509 14 1
25069 400 113 509 14 1
25070 400 114 509 14 1
25071 400 115 509 14 1
25072 400 116 509 14 1
25073 400 117 509 14 1
25074 400 118 509 14 1
25075 400 119 509 14 1
25076 400 120 509 14 1
25077 400 121 509 14 1
25078 400 122 509 14 1
25079 400 123 509 14 1
25080 400 124 509 14 1
25081 400 125 509 14 1
25082 400 126 509 14 1
25083 401 64 509 14 1
25084 401 65 509 14 1
25085 401 66 509 14 1
25086 401 67 509 14 1
25087 401 68 509 14 1
25088 401 69 509 14 1
25089 401 70 509 14 1
25090 401 71 509 14 1
25091 401 72 509 14 1
25092 401 73 509 14 1
25093 401 74 509 14 1
25094 401 75 509 14 1
25095 401 76 509 14 1
25096 401 77 509 14 1
25097 401 78 509 14 1
25098 401 79 509 14 1
25099 401 80 509 14 1
25100 401 81 509 14 1
25101 401 82 509 14 1
25102 401 83 509 14 1
25103 401 84 509 14 1
25104 401 85 509 14 1
25105 401 86 509 14 1
25106 401 87 509 14 1
25107 401 88 509 14 1
25108 401 89 509 14 1
25109 401 90 509 14 1
25110 401 91 509 14 1
25111 401 92 509 14 1
25112 401 93 509 14 1
25113 401 94 509 14 1
25114 401 95 509 14 1
25115 401 96 509 14 1
25116 401 97 509 14 1
25117 401 98 509 14 1
25118 401 99 509 14 1
25119 401 100 509 14 1
25120 401 101 509 14 1
25121 401 102 509 14 1
25122 401 103 509 14 1
25123 401 104 509 14 1
25124 401 105 509 14 1
25125 401 106 509 14 1
25126 401 107 509 14 1
25127 401 108 509 14 1
25128 401 109 509 14 1
25129 401 110 509 14 1
25130 401 111 509 14 1
25131 401 112 509 14 1
25132 401 113 509 14 1
25133 401 114 509 14 1
25134 401 115 509 14 1
25135 401 116 509 14 1
25136 401 117 509 14 1
25137 401 118 509 14 1
25138 401 119 509 14 1
25139 401 120 509 14 1
25140 401 121 509 14 1
25141 401 122 509 14 1
25142 401 123 509 14 1
25143 401 124 509 14 1
25144 401 125 509 14 1
25145 401 126 509 14 1
25146 402 64 509 14 1
25147 402 65 509 14 1
25148 402 66 509 14 1
25149 402 67 509 14 1
25150 402 68 509 14 1
25151 402 69 509 14 1
25152 402 70 509 14 1
25153 402 71 509 14 1
25154 402 72 509 14 1
25155 402 73 509 14 1
25156 402 74 509 14 1
25157 402 75 509 14 1
25158 402 76 509 14 1
25159 402 77 509 14 1
25160 402 78 509 14 1
25161 402 79 509 14 1
25162 402 80 509 14 1
25163 402 81 509 14 1
25164 402 82 509 14 1
25165 402 83 509 14 1
25166 402 84 509 14 1
25167 402 85 509 14 1
25168 402 86 509 14 1
25169 402 87 509 14 1
25170 402 88 509 14 1
25171 402 89 509 14 1
25172 402 90 509 14 1
25173 402 91 509 14 1
25174 402 92 509 14 1
25175 402 93 509 14 1
25176 402 94 509 14 1
25177 402 95 509 14 1
25178 402 96 509 14 1
25179 402 97 509 14 1
25180 402 98 509 14 1
25181 402 99 509 14 1
25182 402 100 509 14 1
25183 402 101 509 14 1
25184 402 102 509 14 1
25185 402 103 509 14 1
25186 402 104 509 14 1
25187 402 105 509 14 1
25188 402 106 509 14 1
25189 402 107 509 14 1
25190 402 108 509 14 1
25191 402 109 509 14 1
25192 402 110 509 14 1
25193 402 111 509 14 1
25194 402 112 509 14 1
25195 402 113 509 14 1
25196 402 114 509 14 1
25197 402 115 509 14 1
25198 402 116 509 14 1
25199 402 117 509 14 1
25200 402 118 509 14 1
25201 402 119 509 14 1
25202 402 120 509 14 1
25203 402 121 509 14 1
25204 402 122 509 14 1
25205 402 123 509 14 1
25206 402 124 509 14 1
25207 402 125 509 14 1
25208 402 126 509 14 1
25209 403 64 509 14 1
25210 403 65 509 14 1
25211 403 66 509 14 1
25212 403 67 509 14 1
25213 403 68 509 14 1
25214 403 69 509 14 1
25215 403 70 509 14 1
25216 403 71 509 14 1
25217 403 72 509 14 1
25218 403 73 509 14 1
25219 403 74 509 14 1
25220 403 75 509 14 1
25221 403 76 509 14 1
25222 403 77 509 14 1
25223 403 78 509 14 1
25224 403 79 509 14 1
25225 403 80 509 14 1
25226 403 81 509 14 1
25227 403 82 509 14 1
25228 403 83 509 14 1
25229 403 84 509 14 1
25230 403 85 509 14 1
25231 403 86 509 14 1
25232 403 87 509 14 1
25233 403 88 509 14 1
25234 403 89 509 14 1
25235 403 90 509 14 1
25236 403 91 509 14 1
25237 403 92 509 14 1
25238 403 93 509 14 1
25239 403 94 509 14 1
25240 403 95 509 14 1
25241 403 96 509 14 1
25242 403 97 509 14 1
25243 403 98 509 14 1
25244 403 99 509 14 1
25245 403 100 509 14 1
25246 403 101 509 14 1
25247 403 102 509 14 1
25248 403 103 509 14 1
25249 403 104 509 14 1
25250 403 105 509 14 1
25251 403 106 509 14 1
25252 403 107 509 14 1
25253 403 108 509 14 1
25254 403 109 509 14 1
25255 403 110 509 14 1
25256 403 111 509 14 1
25257 403 112 509 14 1
25258 403 113 509 14 1
25259 403 114 509 14 1
25260 403 115 509 14 1
25261 403 116 509 14 1
25262 403 117 509 14 1
25263 403 118 509 14 1
25264 403 119 509 14 1
25265 403 120 509 14 1
25266 403 121 509 14 1
25267 403 122 509 14 1
25268 403 123 509 14 1
25269 403 124 509 14 1
25270 403 125 509 14 1
25271 403 126 509 14 1
25272 404 64 509 14 1
25273 404 65 509 14 1
25274 404 66 509 14 1
25275 404 67 509 14 1
25276 404 68 509 14 1
25277 404 69 509 14 1
25278 404 70 509 14 1
25279 404 71 509 14 1
25280 404 72 509 14 1
25281 404 73 509 14 1
25282 404 74 509 14 1
25283 404 75 509 14 1
25284 404 76 509 14 1
25285 404 77 509 14 1
25286 404 78 509 14 1
25287 404 79 509 14 1
25288 404 80 509 14 1
25289 404 81 509 14 1
25290 404 82 509 14 1
25291 404 83 509 14 1
25292 404 84 509 14 1
25293 404 85 509 14 1
25294 404 86 509 14 1
25295 404 87 509 14 1
25296 404 88 509 14 1
25297 404 89 509 14 1
25298 404 90 509 14 1
25299 404 91 509 14 1
25300 404 92 509 14 1
25301 404 93 509 14 1
25302 404 94 509 14 1
25303 404 95 509 14 1
25304 404 96 509 14 1
25305 404 97 509 14 1
25306 404 98 509 14 1
25307 404 99 509 14 1
25308 404 100 509 14 1
25309 404 101 509 14 1
25310 404 102 509 14 1
25311 404 103 509 14 1
25312 404 104 509 14 1
25313 404 105 509 14 1
25314 404 106 509 14 1
25315 404 107 509 14 1
25316 404 108 509 14 1
25317 404 109 509 14 1
25318 404 110 509 14 1
25319 404 111 509 14 1
25320 404 112 509 14 1
25321 404 113 509 14 1
25322 404 114 509 14 1
25323 404 115 509 14 1
25324 404 116 509 14 1
25325 404 117 509 14 1
25326 404 118 509 14 1
25327 404 119 509 14 1
25328 404 120 509 14 1
25329 404 121 509 14 1
25330 404 122 509 14 1
25331 404 123 509 14 1
25332 404 124 509 14 1
25333 404 125 509 14 1
25334 404 126 509 14 1
25335 405 64 509 14 1
25336 405 65 509 14 1
25337 405 66 509 14 1
25338 405 67 509 14 1
25339 405 68 509 14 1
25340 405 69 509 14 1
25341 405 70 509 14 1
25342 405 71 509 14 1
25343 405 72 509 14 1
25344 405 73 509 14 1
25345 405 74 509 14 1
25346 405 75 509 14 1
25347 405 76 509 14 1
25348 405 77 509 14 1
25349 405 78 509 14 1
25350 405 79 509 14 1
25351 405 80 509 14 1
25352 405 81 509 14 1
25353 405 82 509 14 1
25354 405 83 509 14 1
25355 405 84 509 14 1
25356 405 85 509 14 1
25357 405 86 509 14 1
25358 405 87 509 14 1
25359 405 88 509 14 1
25360 405 89 509 14 1
25361 405 90 509 14 1
25362 405 91 509 14 1
25363 405 92 509 14 1
25364 405 93 509 14 1
25365 405 94 509 14 1
25366 405 95 509 14 1
25367 405 96 509 14 1
25368 405 97 509 14 1
25369 405 98 509 14 1
25370 405 99 509 14 1
25371 405 100 509 14 1
25372 405 101 509 14 1
25373 405 102 509 14 1
25374 405 103 509 14 1
25375 405 104 509 14 1
25376 405 105 509 14 1
25377 405 106 509 14 1
25378 405 107 509 14 1
25379 405 108 509 14 1
25380 405 109 509 14 1
25381 405 110 509 14 1
25382 405 111 509 14 1
25383 405 112 509 14 1
25384 405 113 509 14 1
25385 405 114 509 14 1
25386 405 115 509 14 1
25387 405 116 509 14 1
25388 405 117 509 14 1
25389 405 118 509 14 1
25390 405 119 509 14 1
25391 405 120 509 14 1
25392 405 121 509 14 1
25393 405 122 509 14 1
25394 405 123 509 14 1
25395 405 124 509 14 1
25396 405 125 509 14 1
25397 405 126 509 14 1
25398 406 64 509 14 1
25399 406 65 509 14 1
25400 406 66 509 14 1
25401 406 67 509 14 1
25402 406 68 509 14 1
25403 406 69 509 14 1
25404 406 70 509 14 1
25405 406 71 509 14 1
25406 406 72 509 14 1
25407 406 73 509 14 1
25408 406 74 509 14 1
25409 406 75 509 14 1
25410 406 76 509 14 1
25411 406 77 509 14 1
25412 406 78 509 14 1
25413 406 79 509 14 1
25414 406 80 509 14 1
25415 406 81 509 14 1
25416 406 82 509 14 1
25417 406 83 509 14 1
25418 406 84 509 14 1
25419 406 85 509 14 1
25420 406 86 509 14 1
25421 406 87 509 14 1
25422 406 88 509 14 1
25423 406 89 509 14 1
25424 406 90 509 14 1
25425 406 91 509 14 1
25426 406 92 509 14 1
25427 406 93 509 14 1
25428 406 94 509 14 1
25429 406 95 509 14 1
25430 406 96 509 14 1
25431 406 97 509 14 1
25432 406 98 509 14 1
25433 406 99 509 14 1
25434 406 100 509 14 1
25435 406 101 509 14 1
25436 406 102 509 14 1
25437 406 103 509 14 1
25438 406 104 509 14 1
25439 406 105 509 14 1
25440 406 106 509 14 1
25441 406 107 509 14 1
25442 406 108 509 14 1
25443 406 109 509 14 1
25444 406 110 509 14 1
25445 406 111 509 14 1
25446 406 112 509 14 1
25447 406 113 509 14 1
25448 406 114 509 14 1
25449 406 115 509 14 1
25450 406 116 509 14 1
25451 406 117 509 14 1
25452 406 118 509 14 1
25453 406 119 509 14 1
25454 406 120 509 14 1
25455 406 121 509 14 1
25456 406 122 509 14 1
25457 406 123 509 14 1
25458 406 124 509 14 1
25459 406 125 509 14 1
25460 406 126 509 14 1
25461 407 64 509 14 1
25462 407 65 509 14 1
25463 407 66 509 14 1
25464 407 67 509 14 1
25465 407 68 509 14 1
25466 407 69 509 14 1
25467 407 70 509 14 1
25468 407 71 509 14 1
25469 407 72 509 14 1
25470 407 73 509 14 1
25471 407 74 509 14 1
25472 407 75 509 14 1
25473 407 76 509 14 1
25474 407 77 509 14 1
25475 407 78 509 14 1
25476 407 79 509 14 1
25477 407 80 509 14 1
25478 407 81 509 14 1
25479 407 82 509 14 1
25480 407 83 509 14 1
25481 407 84 509 14 1
25482 407 85 509 14 1
25483 407 86 509 14 1
25484 407 87 509 14 1
25485 407 88 509 14 1
25486 407 89 509 14 1
25487 407 90 509 14 1
25488 407 91 509 14 1
25489 407 92 509 14 1
25490 407 93 509 14 1
25491 407 94 509 14 1
25492 407 95 509 14 1
25493 407 96 509 14 1
25494 407 97 509 14 1
25495 407 98 509 14 1
25496 407 99 509 14 1
25497 407 100 509 14 1
25498 407 101 509 14 1
25499 407 102 509 14 1
25500 407 103 509 14 1
25501 407 104 509 14 1
25502 407 105 509 14 1
25503 407 106 509 14 1
25504 407 107 509 14 1
25505 407 108 509 14 1
25506 407 109 509 14 1
25507 407 110 509 14 1
25508 407 111 509 14 1
25509 407 112 509 14 1
25510 407 113 509 14 1
25511 407 114 509 14 1
25512 407 115 509 14 1
25513 407 116 509 14 1
25514 407 117 509 14 1
25515 407 118 509 14 1
25516 407 119 509 14 1
25517 407 120 509 14 1
25518 407 121 509 14 1
25519 407 122 509 14 1
25520 407 123 509 14 1
25521 407 124 509 14 1
25522 407 125 509 14 1
25523 407 126 509 14 1
25524 408 64 509 14 1
25525 408 65 509 14 1
25526 408 66 509 14 1
25527 408 67 509 14 1
25528 408 68 509 14 1
25529 408 69 509 14 1
25530 408 70 509 14 1
25531 408 71 509 14 1
25532 408 72 509 14 1
25533 408 73 509 14 1
25534 408 74 509 14 1
25535 408 75 509 14 1
25536 408 76 509 14 1
25537 408 77 509 14 1
25538 408 78 509 14 1
25539 408 79 509 14 1
25540 408 80 509 14 1
25541 408 81 509 14 1
25542 408 82 509 14 1
25543 408 83 509 14 1
25544 408 84 509 14 1
25545 408 85 509 14 1
25546 408 86 509 14 1
25547 408 87 509 14 1
25548 408 88 509 14 1
25549 408 89 509 14 1
25550 408 90 509 14 1
25551 408 91 509 14 1
25552 408 92 509 14 1
25553 408 93 509 14 1
25554 408 94 509 14 1
25555 408 95 509 14 1
25556 408 96 509 14 1
25557 408 97 509 14 1
25558 408 98 509 14 1
25559 408 99 509 14 1
25560 408 100 509 14 1
25561 408 101 509 14 1
25562 408 102 509 14 1
25563 408 103 509 14 1
25564 408 104 509 14 1
25565 408 105 509 14 1
25566 408 106 509 14 1
25567 408 107 509 14 1
25568 408 108 509 14 1
25569 408 109 509 14 1
25570 408 110 509 14 1
25571 408 111 509 14 1
25572 408 112 509 14 1
25573 408 113 509 14 1
25574 408 114 509 14 1
25575 408 115 509 14 1
25576 408 116 509 14 1
25577 408 117 509 14 1
25578 408 118 509 14 1
25579 408 119 509 14 1
25580 408 120 509 14 1
25581 408 121 509 14 1
25582 408 122 509 14 1
25583 408 123 509 14 1
25584 408 124 509 14 1
25585 408 125 509 14 1
25586 408 126 509 14 1
25587 409 64 509 14 1
25588 409 65 509 14 1
25589 409 66 509 14 1
25590 409 67 509 14 1
25591 409 68 509 14 1
25592 409 69 509 14 1
25593 409 70 509 14 1
25594 409 71 509 14 1
25595 409 72 509 14 1
25596 409 73 509 14 1
25597 409 74 509 14 1
25598 409 75 509 14 1
25599 409 76 509 14 1
25600 409 77 509 14 1
25601 409 78 509 14 1
25602 409 79 509 14 1
25603 409 80 509 14 1
25604 409 81 509 14 1
25605 409 82 509 14 1
25606 409 83 509 14 1
25607 409 84 509 14 1
25608 409 85 509 14 1
25609 409 86 509 14 1
25610 409 87 509 14 1
25611 409 88 509 14 1
25612 409 89 509 14 1
25613 409 90 509 14 1
25614 409 91 509 14 1
25615 409 92 509 14 1
25616 409 93 509 14 1
25617 409 94 509 14 1
25618 409 95 509 14 1
25619 409 96 509 14 1
25620 409 97 509 14 1
25621 409 98 509 14 1
25622 409 99 509 14 1
25623 409 100 509 14 1
25624 409 101 509 14 1
25625 409 102 509 14 1
25626 409 103 509 14 1
25627 409 104 509 14 1
25628 409 105 509 14 1
25629 409 106 509 14 1
25630 409 107 509 14 1
25631 409 108 509 14 1
25632 409 109 509 14 1
25633 409 110 509 14 1
25634 409 111 509 14 1
25635 409 112 509 14 1
25636 409 113 509 14 1
25637 409 114 509 14 1
25638 409 115 509 14 1
25639 409 116 509 14 1
25640 409 117 509 14 1
25641 409 118 509 14 1
25642 409 119 509 14 1
25643 409 120 509 14 1
25644 409 121 509 14 1
25645 409 122 509 14 1
25646 409 123 509 14 1
25647 409 124 509 14 1
25648 409 125 509 14 1
25649 409 126 509 14 1
25650 410 64 509 14 1
25651 410 65 509 14 1
25652 410 66 509 14 1
25653 410 67 509 14 1
25654 410 68 509 14 1
25655 410 69 509 14 1
25656 410 70 509 14 1
25657 410 71 509 14 1
25658 410 72 509 14 1
25659 410 73 509 14 1
25660 410 74 509 14 1
25661 410 75 509 14 1
25662 410 76 509 14 1
25663 410 77 509 14 1
25664 410 78 509 14 1
25665 410 79 509 14 1
25666 410 80 509 14 1
25667 410 81 509 14 1
25668 410 82 509 14 1
25669 410 83 509 14 1
25670 410 84 509 14 1
25671 410 85 509 14 1
25672 410 86 509 14 1
25673 410 87 509 14 1
25674 410 88 509 14 1
25675 410 89 509 14 1
25676 410 90 509 14 1
25677 410 91 509 14 1
25678 410 92 509 14 1
25679 410 93 509 14 1
25680 410 94 509 14 1
25681 410 95 509 14 1
25682 410 96 509 14 1
25683 410 97 509 14 1
25684 410 98 509 14 1
25685 410 99 509 14 1
25686 410 100 509 14 1
25687 410 101 509 14 1
25688 410 102 509 14 1
25689 410 103 509 14 1
25690 410 104 509 14 1
25691 410 105 509 14 1
25692 410 106 509 14 1
25693 410 107 509 14 1
25694 410 108 509 14 1
25695 410 109 509 14 1
25696 410 110 509 14 1
25697 410 111 509 14 1
25698 410 112 509 14 1
25699 410 113 509 14 1
25700 410 114 509 14 1
25701 410 115 509 14 1
25702 410 116 509 14 1
25703 410 117 509 14 1
25704 410 118 509 14 1
25705 410 119 509 14 1
25706 410 120 509 14 1
25707 410 121 509 14 1
25708 410 122 509 14 1
25709 410 123 509 14 1
25710 410 124 509 14 1
25711 410 125 509 14 1
25712 410 126 509 14 1
25713 411 64 509 14 1
25714 411 65 509 14 1
25715 411 66 509 14 1
25716 411 67 509 14 1
25717 411 68 509 14 1
25718 411 69 509 14 1
25719 411 70 509 14 1
25720 411 71 509 14 1
25721 411 72 509 14 1
25722 411 73 509 14 1
25723 411 74 509 14 1
25724 411 75 509 14 1
25725 411 76 509 14 1
25726 411 77 509 14 1
25727 411 78 509 14 1
25728 411 79 509 14 1
25729 411 80 509 14 1
25730 411 81 509 14 1
25731 411 82 509 14 1
25732 411 83 509 14 1
25733 411 84 509 14 1
25734 411 85 509 14 1
25735 411 86 509 14 1
25736 411 87 509 14 1
25737 411 88 509 14 1
25738 411 89 509 14 1
25739 411 90 509 14 1
25740 411 91 509 14 1
25741 411 92 509 14 1
25742 411 93 509 14 1
25743 411 94 509 14 1
25744 411 95 509 14 1
25745 411 96 509 14 1
25746 411 97 509 14 1
25747 411 98 509 14 1
25748 411 99 509 14 1
25749 411 100 509 14 1
25750 411 101 509 14 1
25751 411 102 509 14 1
25752 411 103 509 14 1
25753 411 104 509 14 1
25754 411 105 509 14 1
25755 411 106 509 14 1
25756 411 107 509 14 1
25757 411 108 509 14 1
25758 411 109 509 14 1
25759 411 110 509 14 1
25760 411 111 509 14 1
25761 411 112 509 14 1
25762 411 113 509 14 1
25763 411 114 509 14 1
25764 411 115 509 14 1
25765 411 116 509 14 1
25766 411 117 509 14 1
25767 411 118 509 14 1
25768 411 119 509 14 1
25769 411 120 509 14 1
25770 411 121 509 14 1
25771 411 122 509 14 1
25772 411 123 509 14 1
25773 411 124 509 14 1
25774 411 125 509 14 1
25775 411 126 509 14 1
25776 412 64 509 14 1
25777 412 65 509 14 1
25778 412 66 509 14 1
25779 412 67 509 14 1
25780 412 68 509 14 1
25781 412 69 509 14 1
25782 412 70 509 14 1
25783 412 71 509 14 1
25784 412 72 509 14 1
25785 412 73 509 14 1
25786 412 74 509 14 1
25787 412 75 509 14 1
25788 412 76 509 14 1
25789 412 77 509 14 1
25790 412 78 509 14 1
25791 412 79 509 14 1
25792 412 80 509 14 1
25793 412 81 509 14 1
25794 412 82 509 14 1
25795 412 83 509 14 1
25796 412 84 509 14 1
25797 412 85 509 14 1
25798 412 86 509 14 1
25799 412 87 509 14 1
25800 412 88 509 14 1
25801 412 89 509 14 1
25802 412 90 509 14 1
25803 412 91 509 14 1
25804 412 92 509 14 1
25805 412 93 509 14 1
25806 412 94 509 14 1
25807 412 95 509 14 1
25808 412 96 509 14 1
25809 412 97 509 14 1
25810 412 98 509 14 1
25811 412 99 509 14 1
25812 412 100 509 14 1
25813 412 101 509 14 1
25814 412 102 509 14 1
25815 412 103 509 14 1
25816 412 104 509 14 1
25817 412 105 509 14 1
25818 412 106 509 14 1
25819 412 107 509 14 1
25820 412 108 509 14 1
25821 412 109 509 14 1
25822 412 110 509 14 1
25823 412 111 509 14 1
25824 412 112 509 14 1
25825 412 113 509 14 1
25826 412 114 509 14 1
25827 412 115 509 14 1
25828 412 116 509 14 1
25829 412 117 509 14 1
25830 412 118 509 14 1
25831 412 119 509 14 1
25832 412 120 509 14 1
25833 412 121 509 14 1
25834 412 122 509 14 1
25835 412 123 509 14 1
25836 412 124 509 14 1
25837 412 125 509 14 1
25838 412 126 509 14 1
25839 413 64 509 14 1
25840 413 65 509 14 1
25841 413 66 509 14 1
25842 413 67 509 14 1
25843 413 68 509 14 1
25844 413 69 509 14 1
25845 413 70 509 14 1
25846 413 71 509 14 1
25847 413 72 509 14 1
25848 413 73 509 14 1
25849 413 74 509 14 1
25850 413 75 509 14 1
25851 413 76 509 14 1
25852 413 77 509 14 1
25853 413 78 509 14 1
25854 413 79 509 14 1
25855 413 80 509 14 1
25856 413 81 509 14 1
25857 413 82 509 14 1
25858 413 83 509 14 1
25859 413 84 509 14 1
25860 413 85 509 14 1
25861 413 86 509 14 1
25862 413 87 509 14 1
25863 413 88 509 14 1
25864 413 89 509 14 1
25865 413 90 509 14 1
25866 413 91 509 14 1
25867 413 92 509 14 1
25868 413 93 509 14 1
25869 413 94 509 14 1
25870 413 95 509 14 1
25871 413 96 509 14 1
25872 413 97 509 14 1
25873 413 98 509 14 1
25874 413 99 509 14 1
25875 413 100 509 14 1
25876 413 101 509 14 1
25877 413 102 509 14 1
25878 413 103 509 14 1
25879 413 104 509 14 1
25880 413 105 509 14 1
25881 413 106 509 14 1
25882 413 107 509 14 1
25883 413 108 509 14 1
25884 413 109 509 14 1
25885 413 110 509 14 1
25886 413 111 509 14 1
25887 413 112 509 14 1
25888 413 113 509 14 1
25889 413 114 509 14 1
25890 413 115 509 14 1
25891 413 116 509 14 1
25892 413 117 509 14 1
25893 413 118 509 14 1
25894 413 119 509 14 1
25895 413 120 509 14 1
25896 413 121 509 14 1
25897 413 122 509 14 1
25898 413 123 509 14 1
25899 413 124 509 14 1
25900 413 125 509 14 1
25901 413 126 509 14 1
25902 414 64 509 14 1
25903 414 65 509 14 1
25904 414 66 509 14 1
25905 414 67 509 14 1
25906 414 68 509 14 1
25907 414 69 509 14 1
25908 414 70 509 14 1
25909 414 71 509 14 1
25910 414 72 509 14 1
25911 414 73 509 14 1
25912 414 74 509 14 1
25913 414 75 509 14 1
25914 414 76 509 14 1
25915 414 77 509 14 1
25916 414 78 509 14 1
25917 414 79 509 14 1
25918 414 80 509 14 1
25919 414 81 509 14 1
25920 414 82 509 14 1
25921 414 83 509 14 1
25922 414 84 509 14 1
25923 414 85 509 14 1
25924 414 86 509 14 1
25925 414 87 509 14 1
25926 414 88 509 14 1
25927 414 89 509 14 1
25928 414 90 509 14 1
25929 414 91 509 14 1
25930 414 92 509 14 1
25931 414 93 509 14 1
25932 414 94 509 14 1
25933 414 95 509 14 1
25934 414 96 509 14 1
25935 414 97 509 14 1
25936 414 98 509 14 1
25937 414 99 509 14 1
25938 414 100 509 14 1
25939 414 101 509 14 1
25940 414 102 509 14 1
25941 414 103 509 14 1
25942 414 104 509 14 1
25943 414 105 509 14 1
25944 414 106 509 14 1
25945 414 107 509 14 1
25946 414 108 509 14 1
25947 414 109 509 14 1
25948 414 110 509 14 1
25949 414 111 509 14 1
25950 414 112 509 14 1
25951 414 113 509 14 1
25952 414 114 509 14 1
25953 414 115 509 14 1
25954 414 116 509 14 1
25955 414 117 509 14 1
25956 414 118 509 14 1
25957 414 119 509 14 1
25958 414 120 509 14 1
25959 414 121 509 14 1
25960 414 122 509 14 1
25961 414 123 509 14 1
25962 414 124 509 14 1
25963 414 125 509 14 1
25964 414 126 509 14 1
25965 415 64 509 14 1
25966 415 65 509 14 1
25967 415 66 509 14 1
25968 415 67 509 14 1
25969 415 68 509 14 1
25970 415 69 509 14 1
25971 415 70 509 14 1
25972 415 71 509 14 1
25973 415 72 509 14 1
25974 415 73 509 14 1
25975 415 74 509 14 1
25976 415 75 509 14 1
25977 415 76 509 14 1
25978 415 77 509 14 1
25979 415 78 509 14 1
25980 415 79 509 14 1
25981 415 80 509 14 1
25982 415 81 509 14 1
25983 415 82 509 14 1
25984 415 83 509 14 1
25985 415 84 509 14 1
25986 415 85 509 14 1
25987 415 86 509 14 1
25988 415 87 509 14 1
25989 415 88 509 14 1
25990 415 89 509 14 1
25991 415 90 509 14 1
25992 415 91 509 14 1
25993 415 92 509 14 1
25994 415 93 509 14 1
25995 415 94 509 14 1
25996 415 95 509 14 1
25997 415 96 509 14 1
25998 415 97 509 14 1
25999 415 98 509 14 1
26000 415 99 509 14 1
26001 415 100 509 14 1
26002 415 101 509 14 1
26003 415 102 509 14 1
26004 415 103 509 14 1
26005 415 104 509 14 1
26006 415 105 509 14 1
26007 415 106 509 14 1
26008 415 107 509 14 1
26009 415 108 509 14 1
26010 415 109 509 14 1
26011 415 110 509 14 1
26012 415 111 509 14 1
26013 415 112 509 14 1
26014 415 113 509 14 1
26015 415 114 509 14 1
26016 415 115 509 14 1
26017 415 116 509 14 1
26018 415 117 509 14 1
26019 415 118 509 14 1
26020 415 119 509 14 1
26021 415 120 509 14 1
26022 415 121 509 14 1
26023 415 122 509 14 1
26024 415 123 509 14 1
26025 415 124 509 14 1
26026 415 125 509 14 1
26027 415 126 509 14 1
26028 416 64 509 14 1
26029 416 65 509 14 1
26030 416 66 509 14 1
26031 416 67 509 14 1
26032 416 68 509 14 1
26033 416 69 509 14 1
26034 416 70 509 14 1
26035 416 71 509 14 1
26036 416 72 509 14 1
26037 416 73 509 14 1
26038 416 74 509 14 1
26039 416 75 509 14 1
26040 416 76 509 14 1
26041 416 77 509 14 1
26042 416 78 509 14 1
26043 416 79 509 14 1
26044 416 80 509 14 1
26045 416 81 509 14 1
26046 416 82 509 14 1
26047 416 83 509 14 1
26048 416 84 509 14 1
26049 416 85 509 14 1
26050 416 86 509 14 1
26051 416 87 509 14 1
26052 416 88 509 14 1
26053 416 89 509 14 1
26054 416 90 509 14 1
26055 416 91 509 14 1
26056 416 92 509 14 1
26057 416 93 509 14 1
26058 416 94 509 14 1
26059 416 95 509 14 1
26060 416 96 509 14 1
26061 416 97 509 14 1
26062 416 98 509 14 1
26063 416 99 509 14 1
26064 416 100 509 14 1
26065 416 101 509 14 1
26066 416 102 509 14 1
26067 416 103 509 14 1
26068 416 104 509 14 1
26069 416 105 509 14 1
26070 416 106 509 14 1
26071 416 107 509 14 1
26072 416 108 509 14 1
26073 416 109 509 14 1
26074 416 110 509 14 1
26075 416 111 509 14 1
26076 416 112 509 14 1
26077 416 113 509 14 1
26078 416 114 509 14 1
26079 416 115 509 14 1
26080 416 116 509 14 1
26081 416 117 509 14 1
26082 416 118 509 14 1
26083 416 119 509 14 1
26084 416 120 509 14 1
26085 416 121 509 14 1
26086 416 122 509 14 1
26087 416 123 509 14 1
26088 416 124 509 14 1
26089 416 125 509 14 1
26090 416 126 509 14 1
26091 417 64 509 14 1
26092 417 65 509 14 1
26093 417 66 509 14 1
26094 417 67 509 14 1
26095 417 68 509 14 1
26096 417 69 509 14 1
26097 417 70 509 14 1
26098 417 71 509 14 1
26099 417 72 509 14 1
26100 417 73 509 14 1
26101 417 74 509 14 1
26102 417 75 509 14 1
26103 417 76 509 14 1
26104 417 77 509 14 1
26105 417 78 509 14 1
26106 417 79 509 14 1
26107 417 80 509 14 1
26108 417 81 509 14 1
26109 417 82 509 14 1
26110 417 83 509 14 1
26111 417 84 509 14 1
26112 417 85 509 14 1
26113 417 86 509 14 1
26114 417 87 509 14 1
26115 417 88 509 14 1
26116 417 89 509 14 1
26117 417 90 509 14 1
26118 417 91 509 14 1
26119 417 92 509 14 1
26120 417 93 509 14 1
26121 417 94 509 14 1
26122 417 95 509 14 1
26123 417 96 509 14 1
26124 417 97 509 14 1
26125 417 98 509 14 1
26126 417 99 509 14 1
26127 417 100 509 14 1
26128 417 101 509 14 1
26129 417 102 509 14 1
26130 417 103 509 14 1
26131 417 104 509 14 1
26132 417 105 509 14 1
26133 417 106 509 14 1
26134 417 107 509 14 1
26135 417 108 509 14 1
26136 417 109 509 14 1
26137 417 110 509 14 1
26138 417 111 509 14 1
26139 417 112 509 14 1
26140 417 113 509 14 1
26141 417 114 509 14 1
26142 417 115 509 14 1
26143 417 116 509 14 1
26144 417 117 509 14 1
26145 417 118 509 14 1
26146 417 119 509 14 1
26147 417 120 509 14 1
26148 417 121 509 14 1
26149 417 122 509 14 1
26150 417 123 509 14 1
26151 417 124 509 14 1
26152 417 125 509 14 1
26153 417 126 509 14 1
26154 418 64 509 14 1
26155 418 65 509 14 1
26156 418 66 509 14 1
26157 418 67 509 14 1
26158 418 68 509 14 1
26159 418 69 509 14 1
26160 418 70 509 14 1
26161 418 71 509 14 1
26162 418 72 509 14 1
26163 418 73 509 14 1
26164 418 74 509 14 1
26165 418 75 509 14 1
26166 418 76 509 14 1
26167 418 77 509 14 1
26168 418 78 509 14 1
26169 418 79 509 14 1
26170 418 80 509 14 1
26171 418 81 509 14 1
26172 418 82 509 14 1
26173 418 83 509 14 1
26174 418 84 509 14 1
26175 418 85 509 14 1
26176 418 86 509 14 1
26177 418 87 509 14 1
26178 418 88 509 14 1
26179 418 89 509 14 1
26180 418 90 509 14 1
26181 418 91 509 14 1
26182 418 92 509 14 1
26183 418 93 509 14 1
26184 418 94 509 14 1
26185 418 95 509 14 1
26186 418 96 509 14 1
26187 418 97 509 14 1
26188 418 98 509 14 1
26189 418 99 509 14 1
26190 418 100 509 14 1
26191 418 101 509 14 1
26192 418 102 509 14 1
26193 418 103 509 14 1
26194 418 104 509 14 1
26195 418 105 509 14 1
26196 418 106 509 14 1
26197 418 107 509 14 1
26198 418 108 509 14 1
26199 418 109 509 14 1
26200 418 110 509 14 1
26201 418 111 509 14 1
26202 418 112 509 14 1
26203 418 113 509 14 1
26204 418 114 509 14 1
26205 418 115 509 14 1
26206 418 116 509 14 1
26207 418 117 509 14 1
26208 418 118 509 14 1
26209 418 119 509 14 1
26210 418 120 509 14 1
26211 418 121 509 14 1
26212 418 122 509 14 1
26213 418 123 509 14 1
26214 418 124 509 14 1
26215 418 125 509 14 1
26216 418 126 509 14 1
26217 419 64 509 14 1
26218 419 65 509 14 1
26219 419 66 509 14 1
26220 419 67 509 14 1
26221 419 68 509 14 1
26222 419 69 509 14 1
26223 419 70 509 14 1
26224 419 71 509 14 1
26225 419 72 509 14 1
26226 419 73 509 14 1
26227 419 74 509 14 1
26228 419 75 509 14 1
26229 419 76 509 14 1
26230 419 77 509 14 1
26231 419 78 509 14 1
26232 419 79 509 14 1
26233 419 80 509 14 1
26234 419 81 509 14 1
26235 419 82 509 14 1
26236 419 83 509 14 1
26237 419 84 509 14 1
26238 419 85 509 14 1
26239 419 86 509 14 1
26240 419 87 509 14 1
26241 419 88 509 14 1
26242 419 89 509 14 1
26243 419 90 509 14 1
26244 419 91 509 14 1
26245 419 92 509 14 1
26246 419 93 509 14 1
26247 419 94 509 14 1
26248 419 95 509 14 1
26249 419 96 509 14 1
26250 419 97 509 14 1
26251 419 98 509 14 1
26252 419 99 509 14 1
26253 419 100 509 14 1
26254 419 101 509 14 1
26255 419 102 509 14 1
26256 419 103 509 14 1
26257 419 104 509 14 1
26258 419 105 509 14 1
26259 419 106 509 14 1
26260 419 107 509 14 1
26261 419 108 509 14 1
26262 419 109 509 14 1
26263 419 110 509 14 1
26264 419 111 509 14 1
26265 419 112 509 14 1
26266 419 113 509 14 1
26267 419 114 509 14 1
26268 419 115 509 14 1
26269 419 116 509 14 1
26270 419 117 509 14 1
26271 419 118 509 14 1
26272 419 119 509 14 1
26273 419 120 509 14 1
26274 419 121 509 14 1
26275 419 122 509 14 1
26276 419 123 509 14 1
26277 419 124 509 14 1
26278 419 125 509 14 1
26279 419 126 509 14 1
26280 420 64 509 14 1
26281 420 65 509 14 1
26282 420 66 509 14 1
26283 420 67 509 14 1
26284 420 68 509 14 1
26285 420 69 509 14 1
26286 420 70 509 14 1
26287 420 71 509 14 1
26288 420 72 509 14 1
26289 420 73 509 14 1
26290 420 74 509 14 1
26291 420 75 509 14 1
26292 420 76 509 14 1
26293 420 77 509 14 1
26294 420 78 509 14 1
26295 420 79 509 14 1
26296 420 80 509 14 1
26297 420 81 509 14 1
26298 420 82 509 14 1
26299 420 83 509 14 1
26300 420 84 509 14 1
26301 420 85 509 14 1
26302 420 86 509 14 1
26303 420 87 509 14 1
26304 420 88 509 14 1
26305 420 89 509 14 1
26306 420 90 509 14 1
26307 420 91 509 14 1
26308 420 92 509 14 1
26309 420 93 509 14 1
26310 420 94 509 14 1
26311 420 95 509 14 1
26312 420 96 509 14 1
26313 420 97 509 14 1
26314 420 98 509 14 1
26315 420 99 509 14 1
26316 420 100 509 14 1
26317 420 101 509 14 1
26318 420 102 509 14 1
26319 420 103 509 14 1
26320 420 104 509 14 1
26321 420 105 509 14 1
26322 420 106 509 14 1
26323 420 107 509 14 1
26324 420 108 509 14 1
26325 420 109 509 14 1
26326 420 110 509 14 1
26327 420 111 509 14 1
26328 420 112 509 14 1
26329 420 113 509 14 1
26330 420 114 509 14 1
26331 420 115 509 14 1
26332 420 116 509 14 1
26333 420 117 509 14 1
26334 420 118 509 14 1
26335 420 119 509 14 1
26336 420 120 509 14 1
26337 420 121 509 14 1
26338 420 122 509 14 1
26339 420 123 509 14 1
26340 420 124 509 14 1
26341 420 125 509 14 1
26342 420 126 509 14 1
26343 421 64 509 14 1
26344 421 65 509 14 1
26345 421 66 509 14 1
26346 421 67 509 14 1
26347 421 68 509 14 1
26348 421 69 509 14 1
26349 421 70 509 14 1
26350 421 71 509 14 1
26351 421 72 509 14 1
26352 421 73 509 14 1
26353 421 74 509 14 1
26354 421 75 509 14 1
26355 421 76 509 14 1
26356 421 77 509 14 1
26357 421 78 509 14 1
26358 421 79 509 14 1
26359 421 80 509 14 1
26360 421 81 509 14 1
26361 421 82 509 14 1
26362 421 83 509 14 1
26363 421 84 509 14 1
26364 421 85 509 14 1
26365 421 86 509 14 1
26366 421 87 509 14 1
26367 421 88 509 14 1
26368 421 89 509 14 1
26369 421 90 509 14 1
26370 421 91 509 14 1
26371 421 92 509 14 1
26372 421 93 509 14 1
26373 421 94 509 14 1
26374 421 95 509 14 1
26375 421 96 509 14 1
26376 421 97 509 14 1
26377 421 98 509 14 1
26378 421 99 509 14 1
26379 421 100 509 14 1
26380 421 101 509 14 1
26381 421 102 509 14 1
26382 421 103 509 14 1
26383 421 104 509 14 1
26384 421 105 509 14 1
26385 421 106 509 14 1
26386 421 107 509 14 1
26387 421 108 509 14 1
26388 421 109 509 14 1
26389 421 110 509 14 1
26390 421 111 509 14 1
26391 421 112 509 14 1
26392 421 113 509 14 1
26393 421 114 509 14 1
26394 421 115 509 14 1
26395 421 116 509 14 1
26396 421 117 509 14 1
26397 421 118 509 14 1
26398 421 119 509 14 1
26399 421 120 509 14 1
26400 421 121 509 14 1
26401 421 122 509 14 1
26402 421 123 509 14 1
26403 421 124 509 14 1
26404 421 125 509 14 1
26405 421 126 509 14 1
26406 422 64 509 14 1
26407 422 65 509 14 1
26408 422 66 509 14 1
26409 422 67 509 14 1
26410 422 68 509 14 1
26411 422 69 509 14 1
26412 422 70 509 14 1
26413 422 71 509 14 1
26414 422 72 509 14 1
26415 422 73 509 14 1
26416 422 74 509 14 1
26417 422 75 509 14 1
26418 422 76 509 14 1
26419 422 77 509 14 1
26420 422 78 509 14 1
26421 422 79 509 14 1
26422 422 80 509 14 1
26423 422 81 509 14 1
26424 422 82 509 14 1
26425 422 83 509 14 1
26426 422 84 509 14 1
26427 422 85 509 14 1
26428 422 86 509 14 1
26429 422 87 509 14 1
26430 422 88 509 14 1
26431 422 89 509 14 1
26432 422 90 509 14 1
26433 422 91 509 14 1
26434 422 92 509 14 1
26435 422 93 509 14 1
26436 422 94 509 14 1
26437 422 95 509 14 1
26438 422 96 509 14 1
26439 422 97 509 14 1
26440 422 98 509 14 1
26441 422 99 509 14 1
26442 422 100 509 14 1
26443 422 101 509 14 1
26444 422 102 509 14 1
26445 422 103 509 14 1
26446 422 104 509 14 1
26447 422 105 509 14 1
26448 422 106 509 14 1
26449 422 107 509 14 1
26450 422 108 509 14 1
26451 422 109 509 14 1
26452 422 110 509 14 1
26453 422 111 509 14 1
26454 422 112 509 14 1
26455 422 113 509 14 1
26456 422 114 509 14 1
26457 422 115 509 14 1
26458 422 116 509 14 1
26459 422 117 509 14 1
26460 422 118 509 14 1
26461 422 119 509 14 1
26462 422 120 509 14 1
26463 422 121 509 14 1
26464 422 122 509 14 1
26465 422 123 509 14 1
26466 422 124 509 14 1
26467 422 125 509 14 1
26468 422 126 509 14 1
26469 423 64 509 14 1
26470 423 65 509 14 1
26471 423 66 509 14 1
26472 423 67 509 14 1
26473 423 68 509 14 1
26474 423 69 509 14 1
26475 423 70 509 14 1
26476 423 71 509 14 1
26477 423 72 509 14 1
26478 423 73 509 14 1
26479 423 74 509 14 1
26480 423 75 509 14 1
26481 423 76 509 14 1
26482 423 77 509 14 1
26483 423 78 509 14 1
26484 423 79 509 14 1
26485 423 80 509 14 1
26486 423 81 509 14 1
26487 423 82 509 14 1
26488 423 83 509 14 1
26489 423 84 509 14 1
26490 423 85 509 14 1
26491 423 86 509 14 1
26492 423 87 509 14 1
26493 423 88 509 14 1
26494 423 89 509 14 1
26495 423 90 509 14 1
26496 423 91 509 14 1
26497 423 92 509 14 1
26498 423 93 509 14 1
26499 423 94 509 14 1
26500 423 95 509 14 1
26501 423 96 509 14 1
26502 423 97 509 14 1
26503 423 98 509 14 1
26504 423 99 509 14 1
26505 423 100 509 14 1
26506 423 101 509 14 1
26507 423 102 509 14 1
26508 423 103 509 14 1
26509 423 104 509 14 1
26510 423 105 509 14 1
26511 423 106 509 14 1
26512 423 107 509 14 1
26513 423 108 509 14 1
26514 423 109 509 14 1
26515 423 110 509 14 1
26516 423 111 509 14 1
26517 423 112 509 14 1
26518 423 113 509 14 1
26519 423 114 509 14 1
26520 423 115 509 14 1
26521 423 116 509 14 1
26522 423 117 509 14 1
26523 423 118 509 14 1
26524 423 119 509 14 1
26525 423 120 509 14 1
26526 423 121 509 14 1
26527 423 122 509 14 1
26528 423 123 509 14 1
26529 423 124 509 14 1
26530 423 125 509 14 1
26531 423 126 509 14 1
26532 424 64 509 14 1
26533 424 65 509 14 1
26534 424 66 509 14 1
26535 424 67 509 14 1
26536 424 68 509 14 1
26537 424 69 509 14 1
26538 424 70 509 14 1
26539 424 71 509 14 1
26540 424 72 509 14 1
26541 424 73 509 14 1
26542 424 74 509 14 1
26543 424 75 509 14 1
26544 424 76 509 14 1
26545 424 77 509 14 1
26546 424 78 509 14 1
26547 424 79 509 14 1
26548 424 80 509 14 1
26549 424 81 509 14 1
26550 424 82 509 14 1
26551 424 83 509 14 1
26552 424 84 509 14 1
26553 424 85 509 14 1
26554 424 86 509 14 1
26555 424 87 509 14 1
26556 424 88 509 14 1
26557 424 89 509 14 1
26558 424 90 509 14 1
26559 424 91 509 14 1
26560 424 92 509 14 1
26561 424 93 509 14 1
26562 424 94 509 14 1
26563 424 95 509 14 1
26564 424 96 509 14 1
26565 424 97 509 14 1
26566 424 98 509 14 1
26567 424 99 509 14 1
26568 424 100 509 14 1
26569 424 101 509 14 1
26570 424 102 509 14 1
26571 424 103 509 14 1
26572 424 104 509 14 1
26573 424 105 509 14 1
26574 424 106 509 14 1
26575 424 107 509 14 1
26576 424 108 509 14 1
26577 424 109 509 14 1
26578 424 110 509 14 1
26579 424 111 509 14 1
26580 424 112 509 14 1
26581 424 113 509 14 1
26582 424 114 509 14 1
26583 424 115 509 14 1
26584 424 116 509 14 1
26585 424 117 509 14 1
26586 424 118 509 14 1
26587 424 119 509 14 1
26588 424 120 509 14 1
26589 424 121 509 14 1
26590 424 122 509 14 1
26591 424 123 509 14 1
26592 424 124 509 14 1
26593 424 125 509 14 1
26594 424 126 509 14 1
26595 425 64 509 14 1
26596 425 65 509 14 1
26597 425 66 509 14 1
26598 425 67 509 14 1
26599 425 68 509 14 1
26600 425 69 509 14 1
26601 425 70 509 14 1
26602 425 71 509 14 1
26603 425 72 509 14 1
26604 425 73 509 14 1
26605 425 74 509 14 1
26606 425 75 509 14 1
26607 425 76 509 14 1
26608 425 77 509 14 1
26609 425 78 509 14 1
26610 425 79 509 14 1
26611 425 80 509 14 1
26612 425 81 509 14 1
26613 425 82 509 14 1
26614 425 83 509 14 1
26615 425 84 509 14 1
26616 425 85 509 14 1
26617 425 86 509 14 1
26618 425 87 509 14 1
26619 425 88 509 14 1
26620 425 89 509 14 1
26621 425 90 509 14 1
26622 425 91 509 14 1
26623 425 92 509 14 1
26624 425 93 509 14 1
26625 425 94 509 14 1
26626 425 95 509 14 1
26627 425 96 509 14 1
26628 425 97 509 14 1
26629 425 98 509 14 1
26630 425 99 509 14 1
26631 425 100 509 14 1
26632 425 101 509 14 1
26633 425 102 509 14 1
26634 425 103 509 14 1
26635 425 104 509 14 1
26636 425 105 509 14 1
26637 425 106 509 14 1
26638 425 107 509 14 1
26639 425 108 509 14 1
26640 425 109 509 14 1
26641 425 110 509 14 1
26642 425 111 509 14 1
26643 425 112 509 14 1
26644 425 113 509 14 1
26645 425 114 509 14 1
26646 425 115 509 14 1
26647 425 116 509 14 1
26648 425 117 509 14 1
26649 425 118 509 14 1
26650 425 119 509 14 1
26651 425 120 509 14 1
26652 425 121 509 14 1
26653 425 122 509 14 1
26654 425 123 509 14 1
26655 425 124 509 14 1
26656 425 125 509 14 1
26657 425 126 509 14 1
26658 426 64 509 14 1
26659 426 65 509 14 1
26660 426 66 509 14 1
26661 426 67 509 14 1
26662 426 68 509 14 1
26663 426 69 509 14 1
26664 426 70 509 14 1
26665 426 71 509 14 1
26666 426 72 509 14 1
26667 426 73 509 14 1
26668 426 74 509 14 1
26669 426 75 509 14 1
26670 426 76 509 14 1
26671 426 77 509 14 1
26672 426 78 509 14 1
26673 426 79 509 14 1
26674 426 80 509 14 1
26675 426 81 509 14 1
26676 426 82 509 14 1
26677 426 83 509 14 1
26678 426 84 509 14 1
26679 426 85 509 14 1
26680 426 86 509 14 1
26681 426 87 509 14 1
26682 426 88 509 14 1
26683 426 89 509 14 1
26684 426 90 509 14 1
26685 426 91 509 14 1
26686 426 92 509 14 1
26687 426 93 509 14 1
26688 426 94 509 14 1
26689 426 95 509 14 1
26690 426 96 509 14 1
26691 426 97 509 14 1
26692 426 98 509 14 1
26693 426 99 509 14 1
26694 426 100 509 14 1
26695 426 101 509 14 1
26696 426 102 509 14 1
26697 426 103 509 14 1
26698 426 104 509 14 1
26699 426 105 509 14 1
26700 426 106 509 14 1
26701 426 107 509 14 1
26702 426 108 509 14 1
26703 426 109 509 14 1
26704 426 110 509 14 1
26705 426 111 509 14 1
26706 426 112 509 14 1
26707 426 113 509 14 1
26708 426 114 509 14 1
26709 426 115 509 14 1
26710 426 116 509 14 1
26711 426 117 509 14 1
26712 426 118 509 14 1
26713 426 119 509 14 1
26714 426 120 509 14 1
26715 426 121 509 14 1
26716 426 122 509 14 1
26717 426 123 509 14 1
26718 426 124 509 14 1
26719 426 125 509 14 1
26720 426 126 509 14 1
26721 427 64 509 14 1
26722 427 65 509 14 1
26723 427 66 509 14 1
26724 427 67 509 14 1
26725 427 68 509 14 1
26726 427 69 509 14 1
26727 427 70 509 14 1
26728 427 71 509 14 1
26729 427 72 509 14 1
26730 427 73 509 14 1
26731 427 74 509 14 1
26732 427 75 509 14 1
26733 427 76 509 14 1
26734 427 77 509 14 1
26735 427 78 509 14 1
26736 427 79 509 14 1
26737 427 80 509 14 1
26738 427 81 509 14 1
26739 427 82 509 14 1
26740 427 83 509 14 1
26741 427 84 509 14 1
26742 427 85 509 14 1
26743 427 86 509 14 1
26744 427 87 509 14 1
26745 427 88 509 14 1
26746 427 89 509 14 1
26747 427 90 509 14 1
26748 427 91 509 14 1
26749 427 92 509 14 1
26750 427 93 509 14 1
26751 427 94 509 14 1
26752 427 95 509 14 1
26753 427 96 509 14 1
26754 427 97 509 14 1
26755 427 98 509 14 1
26756 427 99 509 14 1
26757 427 100 509 14 1
26758 427 101 509 14 1
26759 427 102 509 14 1
26760 427 103 509 14 1
26761 427 104 509 14 1
26762 427 105 509 14 1
26763 427 106 509 14 1
26764 427 107 509 14 1
26765 427 108 509 14 1
26766 427 109 509 14 1
26767 427 110 509 14 1
26768 427 111 509 14 1
26769 427 112 509 14 1
26770 427 113 509 14 1
26771 427 114 509 14 1
26772 427 115 509 14 1
26773 427 116 509 14 1
26774 427 117 509 14 1
26775 427 118 509 14 1
26776 427 119 509 14 1
26777 427 120 509 14 1
26778 427 121 509 14 1
26779 427 122 509 14 1
26780 427 123 509 14 1
26781 427 124 509 14 1
26782 427 125 509 14 1
26783 427 126 509 14 1
26784 428 64 509 14 1
26785 428 65 509 14 1
26786 428 66 509 14 1
26787 428 67 509 14 1
26788 428 68 509 14 1
26789 428 69 509 14 1
26790 428 70 509 14 1
26791 428 71 509 14 1
26792 428 72 509 14 1
26793 428 73 509 14 1
26794 428 74 509 14 1
26795 428 75 509 14 1
26796 428 76 509 14 1
26797 428 77 509 14 1
26798 428 78 509 14 1
26799 428 79 509 14 1
26800 428 80 509 14 1
26801 428 81 509 14 1
26802 428 82 509 14 1
26803 428 83 509 14 1
26804 428 84 509 14 1
26805 428 85 509 14 1
26806 428 86 509 14 1
26807 428 87 509 14 1
26808 428 88 509 14 1
26809 428 89 509 14 1
26810 428 90 509 14 1
26811 428 91 509 14 1
26812 428 92 509 14 1
26813 428 93 509 14 1
26814 428 94 509 14 1
26815 428 95 509 14 1
26816 428 96 509 14 1
26817 428 97 509 14 1
26818 428 98 509 14 1
26819 428 99 509 14 1
26820 428 100 509 14 1
26821 428 101 509 14 1
26822 428 102 509 14 1
26823 428 103 509 14 1
26824 428 104 509 14 1
26825 428 105 509 14 1
26826 428 106 509 14 1
26827 428 107 509 14 1
26828 428 108 509 14 1
26829 428 109 509 14 1
26830 428 110 509 14 1
26831 428 111 509 14 1
26832 428 112 509 14 1
26833 428 113 509 14 1
26834 428 114 509 14 1
26835 428 115 509 14 1
26836 428 116 509 14 1
26837 428 117 509 14 1
26838 428 118 509 14 1
26839 428 119 509 14 1
26840 428 120 509 14 1
26841 428 121 509 14 1
26842 428 122 509 14 1
26843 428 123 509 14 1
26844 428 124 509 14 1
26845 428 125 509 14 1
26846 428 126 509 14 1
26847 429 64 509 14 1
26848 429 65 509 14 1
26849 429 66 509 14 1
26850 429 67 509 14 1
26851 429 68 509 14 1
26852 429 69 509 14 1
26853 429 70 509 14 1
26854 429 71 509 14 1
26855 429 72 509 14 1
26856 429 73 509 14 1
26857 429 74 509 14 1
26858 429 75 509 14 1
26859 429 76 509 14 1
26860 429 77 509 14 1
26861 429 78 509 14 1
26862 429 79 509 14 1
26863 429 80 509 14 1
26864 429 81 509 14 1
26865 429 82 509 14 1
26866 429 83 509 14 1
26867 429 84 509 14 1
26868 429 85 509 14 1
26869 429 86 509 14 1
26870 429 87 509 14 1
26871 429 88 509 14 1
26872 429 89 509 14 1
26873 429 90 509 14 1
26874 429 91 509 14 1
26875 429 92 509 14 1
26876 429 93 509 14 1
26877 429 94 509 14 1
26878 429 95 509 14 1
26879 429 96 509 14 1
26880 429 97 509 14 1
26881 429 98 509 14 1
26882 429 99 509 14 1
26883 429 100 509 14 1
26884 429 101 509 14 1
26885 429 102 509 14 1
26886 429 103 509 14 1
26887 429 104 509 14 1
26888 429 105 509 14 1
26889 429 106 509 14 1
26890 429 107 509 14 1
26891 429 108 509 14 1
26892 429 109 509 14 1
26893 429 110 509 14 1
26894 429 111 509 14 1
26895 429 112 509 14 1
26896 429 113 509 14 1
26897 429 114 509 14 1
26898 429 115 509 14 1
26899 429 116 509 14 1
26900 429 117 509 14 1
26901 429 118 509 14 1
26902 429 119 509 14 1
26903 429 120 509 14 1
26904 429 121 509 14 1
26905 429 122 509 14 1
26906 429 123 509 14 1
26907 429 124 509 14 1
26908 429 125 509 14 1
26909 429 126 509 14 1
26910 430 64 509 14 1
26911 430 65 509 14 1
26912 430 66 509 14 1
26913 430 67 509 14 1
26914 430 68 509 14 1
26915 430 69 509 14 1
26916 430 70 509 14 1
26917 430 71 509 14 1
26918 430 72 509 14 1
26919 430 73 509 14 1
26920 430 74 509 14 1
26921 430 75 509 14 1
26922 430 76 509 14 1
26923 430 77 509 14 1
26924 430 78 509 14 1
26925 430 79 509 14 1
26926 430 80 509 14 1
26927 430 81 509 14 1
26928 430 82 509 14 1
26929 430 83 509 14 1
26930 430 84 509 14 1
26931 430 85 509 14 1
26932 430 86 509 14 1
26933 430 87 509 14 1
26934 430 88 509 14 1
26935 430 89 509 14 1
26936 430 90 509 14 1
26937 430 91 509 14 1
26938 430 92 509 14 1
26939 430 93 509 14 1
26940 430 94 509 14 1
26941 430 95 509 14 1
26942 430 96 509 14 1
26943 430 97 509 14 1
26944 430 98 509 14 1
26945 430 99 509 14 1
26946 430 100 509 14 1
26947 430 101 509 14 1
26948 430 102 509 14 1
26949 430 103 509 14 1
26950 430 104 509 14 1
26951 430 105 509 14 1
26952 430 106 509 14 1
26953 430 107 509 14 1
26954 430 108 509 14 1
26955 430 109 509 14 1
26956 430 110 509 14 1
26957 430 111 509 14 1
26958 430 112 509 14 1
26959 430 113 509 14 1
26960 430 114 509 14 1
26961 430 115 509 14 1
26962 430 116 509 14 1
26963 430 117 509 14 1
26964 430 118 509 14 1
26965 430 119 509 14 1
26966 430 120 509 14 1
26967 430 121 509 14 1
26968 430 122 509 14 1
26969 430 123 509 14 1
26970 430 124 509 14 1
26971 430 125 509 14 1
26972 430 126 509 14 1
26973 431 64 509 14 1
26974 431 65 509 14 1
26975 431 66 509 14 1
26976 431 67 509 14 1
26977 431 68 509 14 1
26978 431 69 509 14 1
26979 431 70 509 14 1
26980 431 71 509 14 1
26981 431 72 509 14 1
26982 431 73 509 14 1
26983 431 74 509 14 1
26984 431 75 509 14 1
26985 431 76 509 14 1
26986 431 77 509 14 1
26987 431 78 509 14 1
26988 431 79 509 14 1
26989 431 80 509 14 1
26990 431 81 509 14 1
26991 431 82 509 14 1
26992 431 83 509 14 1
26993 431 84 509 14 1
26994 431 85 509 14 1
26995 431 86 509 14 1
26996 431 87 509 14 1
26997 431 88 509 14 1
26998 431 89 509 14 1
26999 431 90 509 14 1
27000 431 91 509 14 1
27001 431 92 509 14 1
27002 431 93 509 14 1
27003 431 94 509 14 1
27004 431 95 509 14 1
27005 431 96 509 14 1
27006 431 97 509 14 1
27007 431 98 509 14 1
27008 431 99 509 14 1
27009 431 100 509 14 1
27010 431 101 509 14 1
27011 431 102 509 14 1
27012 431 103 509 14 1
27013 431 104 509 14 1
27014 431 105 509 14 1
27015 431 106 509 14 1
27016 431 107 509 14 1
27017 431 108 509 14 1
27018 431 109 509 14 1
27019 431 110 509 14 1
27020 431 111 509 14 1
27021 431 112 509 14 1
27022 431 113 509 14 1
27023 431 114 509 14 1
27024 431 115 509 14 1
27025 431 116 509 14 1
27026 431 117 509 14 1
27027 431 118 509 14 1
27028 431 119 509 14 1
27029 431 120 509 14 1
27030 431 121 509 14 1
27031 431 122 509 14 1
27032 431 123 509 14 1
27033 431 124 509 14 1
27034 431 125 509 14 1
27035 431 126 509 14 1
27036 432 64 509 14 1
27037 432 65 509 14 1
27038 432 66 509 14 1
27039 432 67 509 14 1
27040 432 68 509 14 1
27041 432 69 509 14 1
27042 432 70 509 14 1
27043 432 71 509 14 1
27044 432 72 509 14 1
27045 432 73 509 14 1
27046 432 74 509 14 1
27047 432 75 509 14 1
27048 432 76 509 14 1
27049 432 77 509 14 1
27050 432 78 509 14 1
27051 432 79 509 14 1
27052 432 80 509 14 1
27053 432 81 509 14 1
27054 432 82 509 14 1
27055 432 83 509 14 1
27056 432 84 509 14 1
27057 432 85 509 14 1
27058 432 86 509 14 1
27059 432 87 509 14 1
27060 432 88 509 14 1
27061 432 89 509 14 1
27062 432 90 509 14 1
27063 432 91 509 14 1
27064 432 92 509 14 1
27065 432 93 509 14 1
27066 432 94 509 14 1
27067 432 95 509 14 1
27068 432 96 509 14 1
27069 432 97 509 14 1
27070 432 98 509 14 1
27071 432 99 509 14 1
27072 432 100 509 14 1
27073 432 101 509 14 1
27074 432 102 509 14 1
27075 432 103 509 14 1
27076 432 104 509 14 1
27077 432 105 509 14 1
27078 432 106 509 14 1
27079 432 107 509 14 1
27080 432 108 509 14 1
27081 432 109 509 14 1
27082 432 110 509 14 1
27083 432 111 509 14 1
27084 432 112 509 14 1
27085 432 113 509 14 1
27086 432 114 509 14 1
27087 432 115 509 14 1
27088 432 116 509 14 1
27089 432 117 509 14 1
27090 432 118 509 14 1
27091 432 119 509 14 1
27092 432 120 509 14 1
27093 432 121 509 14 1
27094 432 122 509 14 1
27095 432 123 509 14 1
27096 432 124 509 14 1
27097 432 125 509 14 1
27098 432 126 509 14 1
27099 433 64 509 14 1
27100 433 65 509 14 1
27101 433 66 509 14 1
27102 433 67 509 14 1
27103 433 68 509 14 1
27104 433 69 509 14 1
27105 433 70 509 14 1
27106 433 71 509 14 1
27107 433 72 509 14 1
27108 433 73 509 14 1
27109 433 74 509 14 1
27110 433 75 509 14 1
27111 433 76 509 14 1
27112 433 77 509 14 1
27113 433 78 509 14 1
27114 433 79 509 14 1
27115 433 80 509 14 1
27116 433 81 509 14 1
27117 433 82 509 14 1
27118 433 83 509 14 1
27119 433 84 509 14 1
27120 433 85 509 14 1
27121 433 86 509 14 1
27122 433 87 509 14 1
27123 433 88 509 14 1
27124 433 89 509 14 1
27125 433 90 509 14 1
27126 433 91 509 14 1
27127 433 92 509 14 1
27128 433 93 509 14 1
27129 433 94 509 14 1
27130 433 95 509 14 1
27131 433 96 509 14 1
27132 433 97 509 14 1
27133 433 98 509 14 1
27134 433 99 509 14 1
27135 433 100 509 14 1
27136 433 101 509 14 1
27137 433 102 509 14 1
27138 433 103 509 14 1
27139 433 104 509 14 1
27140 433 105 509 14 1
27141 433 106 509 14 1
27142 433 107 509 14 1
27143 433 108 509 14 1
27144 433 109 509 14 1
27145 433 110 509 14 1
27146 433 111 509 14 1
27147 433 112 509 14 1
27148 433 113 509 14 1
27149 433 114 509 14 1
27150 433 115 509 14 1
27151 433 116 509 14 1
27152 433 117 509 14 1
27153 433 118 509 14 1
27154 433 119 509 14 1
27155 433 120 509 14 1
27156 433 121 509 14 1
27157 433 122 509 14 1
27158 433 123 509 14 1
27159 433 124 509 14 1
27160 433 125 509 14 1
27161 433 126 509 14 1
27162 434 64 509 14 1
27163 434 65 509 14 1
27164 434 66 509 14 1
27165 434 67 509 14 1
27166 434 68 509 14 1
27167 434 69 509 14 1
27168 434 70 509 14 1
27169 434 71 509 14 1
27170 434 72 509 14 1
27171 434 73 509 14 1
27172 434 74 509 14 1
27173 434 75 509 14 1
27174 434 76 509 14 1
27175 434 77 509 14 1
27176 434 78 509 14 1
27177 434 79 509 14 1
27178 434 80 509 14 1
27179 434 81 509 14 1
27180 434 82 509 14 1
27181 434 83 509 14 1
27182 434 84 509 14 1
27183 434 85 509 14 1
27184 434 86 509 14 1
27185 434 87 509 14 1
27186 434 88 509 14 1
27187 434 89 509 14 1
27188 434 90 509 14 1
27189 434 91 509 14 1
27190 434 92 509 14 1
27191 434 93 509 14 1
27192 434 94 509 14 1
27193 434 95 509 14 1
27194 434 96 509 14 1
27195 434 97 509 14 1
27196 434 98 509 14 1
27197 434 99 509 14 1
27198 434 100 509 14 1
27199 434 101 509 14 1
27200 434 102 509 14 1
27201 434 103 509 14 1
27202 434 104 509 14 1
27203 434 105 509 14 1
27204 434 106 509 14 1
27205 434 107 509 14 1
27206 434 108 509 14 1
27207 434 109 509 14 1
27208 434 110 509 14 1
27209 434 111 509 14 1
27210 434 112 509 14 1
27211 434 113 509 14 1
27212 434 114 509 14 1
27213 434 115 509 14 1
27214 434 116 509 14 1
27215 434 117 509 14 1
27216 434 118 509 14 1
27217 434 119 509 14 1
27218 434 120 509 14 1
27219 434 121 509 14 1
27220 434 122 509 14 1
27221 434 123 509 14 1
27222 434 124 509 14 1
27223 434 125 509 14 1
27224 434 126 509 14 1
27225 435 64 509 14 1
27226 435 65 509 14 1
27227 435 66 509 14 1
27228 435 67 509 14 1
27229 435 68 509 14 1
27230 435 69 509 14 1
27231 435 70 509 14 1
27232 435 71 509 14 1
27233 435 72 509 14 1
27234 435 73 509 14 1
27235 435 74 509 14 1
27236 435 75 509 14 1
27237 435 76 509 14 1
27238 435 77 509 14 1
27239 435 78 509 14 1
27240 435 79 509 14 1
27241 435 80 509 14 1
27242 435 81 509 14 1
27243 435 82 509 14 1
27244 435 83 509 14 1
27245 435 84 509 14 1
27246 435 85 509 14 1
27247 435 86 509 14 1
27248 435 87 509 14 1
27249 435 88 509 14 1
27250 435 89 509 14 1
27251 435 90 509 14 1
27252 435 91 509 14 1
27253 435 92 509 14 1
27254 435 93 509 14 1
27255 435 94 509 14 1
27256 435 95 509 14 1
27257 435 96 509 14 1
27258 435 97 509 14 1
27259 435 98 509 14 1
27260 435 99 509 14 1
27261 435 100 509 14 1
27262 435 101 509 14 1
27263 435 102 509 14 1
27264 435 103 509 14 1
27265 435 104 509 14 1
27266 435 105 509 14 1
27267 435 106 509 14 1
27268 435 107 509 14 1
27269 435 108 509 14 1
27270 435 109 509 14 1
27271 435 110 509 14 1
27272 435 111 509 14 1
27273 435 112 509 14 1
27274 435 113 509 14 1
27275 435 114 509 14 1
27276 435 115 509 14 1
27277 435 116 509 14 1
27278 435 117 509 14 1
27279 435 118 509 14 1
27280 435 119 509 14 1
27281 435 120 509 14 1
27282 435 121 509 14 1
27283 435 122 509 14 1
27284 435 123 509 14 1
27285 435 124 509 14 1
27286 435 125 509 14 1
27287 435 126 509 14 1
27288 436 64 509 14 1
27289 436 65 509 14 1
27290 436 66 509 14 1
27291 436 67 509 14 1
27292 436 68 509 14 1
27293 436 69 509 14 1
27294 436 70 509 14 1
27295 436 71 509 14 1
27296 436 72 509 14 1
27297 436 73 509 14 1
27298 436 74 509 14 1
27299 436 75 509 14 1
27300 436 76 509 14 1
27301 436 77 509 14 1
27302 436 78 509 14 1
27303 436 79 509 14 1
27304 436 80 509 14 1
27305 436 81 509 14 1
27306 436 82 509 14 1
27307 436 83 509 14 1
27308 436 84 509 14 1
27309 436 85 509 14 1
27310 436 86 509 14 1
27311 436 87 509 14 1
27312 436 88 509 14 1
27313 436 89 509 14 1
27314 436 90 509 14 1
27315 436 91 509 14 1
27316 436 92 509 14 1
27317 436 93 509 14 1
27318 436 94 509 14 1
27319 436 95 509 14 1
27320 436 96 509 14 1
27321 436 97 509 14 1
27322 436 98 509 14 1
27323 436 99 509 14 1
27324 436 100 509 14 1
27325 436 101 509 14 1
27326 436 102 509 14 1
27327 436 103 509 14 1
27328 436 104 509 14 1
27329 436 105 509 14 1
27330 436 106 509 14 1
27331 436 107 509 14 1
27332 436 108 509 14 1
27333 436 109 509 14 1
27334 436 110 509 14 1
27335 436 111 509 14 1
27336 436 112 509 14 1
27337 436 113 509 14 1
27338 436 114 509 14 1
27339 436 115 509 14 1
27340 436 116 509 14 1
27341 436 117 509 14 1
27342 436 118 509 14 1
27343 436 119 509 14 1
27344 436 120 509 14 1
27345 436 121 509 14 1
27346 436 122 509 14 1
27347 436 123 509 14 1
27348 436 124 509 14 1
27349 436 125 509 14 1
27350 436 126 509 14 1
27351 437 64 509 14 1
27352 437 65 509 14 1
27353 437 66 509 14 1
27354 437 67 509 14 1
27355 437 68 509 14 1
27356 437 69 509 14 1
27357 437 70 509 14 1
27358 437 71 509 14 1
27359 437 72 509 14 1
27360 437 73 509 14 1
27361 437 74 509 14 1
27362 437 75 509 14 1
27363 437 76 509 14 1
27364 437 77 509 14 1
27365 437 78 509 14 1
27366 437 79 509 14 1
27367 437 80 509 14 1
27368 437 81 509 14 1
27369 437 82 509 14 1
27370 437 83 509 14 1
27371 437 84 509 14 1
27372 437 85 509 14 1
27373 437 86 509 14 1
27374 437 87 509 14 1
27375 437 88 509 14 1
27376 437 89 509 14 1
27377 437 90 509 14 1
27378 437 91 509 14 1
27379 437 92 509 14 1
27380 437 93 509 14 1
27381 437 94 509 14 1
27382 437 95 509 14 1
27383 437 96 509 14 1
27384 437 97 509 14 1
27385 437 98 509 14 1
27386 437 99 509 14 1
27387 437 100 509 14 1
27388 437 101 509 14 1
27389 437 102 509 14 1
27390 437 103 509 14 1
27391 437 104 509 14 1
27392 437 105 509 14 1
27393 437 106 509 14 1
27394 437 107 509 14 1
27395 437 108 509 14 1
27396 437 109 509 14 1
27397 437 110 509 14 1
27398 437 111 509 14 1
27399 437 112 509 14 1
27400 437 113 509 14 1
27401 437 114 509 14 1
27402 437 115 509 14 1
27403 437 116 509 14 1
27404 437 117 509 14 1
27405 437 118 509 14 1
27406 437 119 509 14 1
27407 437 120 509 14 1
27408 437 121 509 14 1
27409 437 122 509 14 1
27410 437 123 509 14 1
27411 437 124 509 14 1
27412 437 125 509 14 1
27413 437 126 509 14 1
27414 438 64 509 14 1
27415 438 65 509 14 1
27416 438 66 509 14 1
27417 438 67 509 14 1
27418 438 68 509 14 1
27419 438 69 509 14 1
27420 438 70 509 14 1
27421 438 71 509 14 1
27422 438 72 509 14 1
27423 438 73 509 14 1
27424 438 74 509 14 1
27425 438 75 509 14 1
27426 438 76 509 14 1
27427 438 77 509 14 1
27428 438 78 509 14 1
27429 438 79 509 14 1
27430 438 80 509 14 1
27431 438 81 509 14 1
27432 438 82 509 14 1
27433 438 83 509 14 1
27434 438 84 509 14 1
27435 438 85 509 14 1
27436 438 86 509 14 1
27437 438 87 509 14 1
27438 438 88 509 14 1
27439 438 89 509 14 1
27440 438 90 509 14 1
27441 438 91 509 14 1
27442 438 92 509 14 1
27443 438 93 509 14 1
27444 438 94 509 14 1
27445 438 95 509 14 1
27446 438 96 509 14 1
27447 438 97 509 14 1
27448 438 98 509 14 1
27449 438 99 509 14 1
27450 438 100 509 14 1
27451 438 101 509 14 1
27452 438 102 509 14 1
27453 438 103 509 14 1
27454 438 104 509 14 1
27455 438 105 509 14 1
27456 438 106 509 14 1
27457 438 107 509 14 1
27458 438 108 509 14 1
27459 438 109 509 14 1
27460 438 110 509 14 1
27461 438 111 509 14 1
27462 438 112 509 14 1
27463 438 113 509 14 1
27464 438 114 509 14 1
27465 438 115 509 14 1
27466 438 116 509 14 1
27467 438 117 509 14 1
27468 438 118 509 14 1
27469 438 119 509 14 1
27470 438 120 509 14 1
27471 438 121 509 14 1
27472 438 122 509 14 1
27473 438 123 509 14 1
27474 438 124 509 14 1
27475 438 125 509 14 1
27476 438 126 509 14 1
27477 439 64 509 14 1
27478 439 65 509 14 1
27479 439 66 509 14 1
27480 439 67 509 14 1
27481 439 68 509 14 1
27482 439 69 509 14 1
27483 439 70 509 14 1
27484 439 71 509 14 1
27485 439 72 509 14 1
27486 439 73 509 14 1
27487 439 74 509 14 1
27488 439 75 509 14 1
27489 439 76 509 14 1
27490 439 77 509 14 1
27491 439 78 509 14 1
27492 439 79 509 14 1
27493 439 80 509 14 1
27494 439 81 509 14 1
27495 439 82 509 14 1
27496 439 83 509 14 1
27497 439 84 509 14 1
27498 439 85 509 14 1
27499 439 86 509 14 1
27500 439 87 509 14 1
27501 439 88 509 14 1
27502 439 89 509 14 1
27503 439 90 509 14 1
27504 439 91 509 14 1
27505 439 92 509 14 1
27506 439 93 509 14 1
27507 439 94 509 14 1
27508 439 95 509 14 1
27509 439 96 509 14 1
27510 439 97 509 14 1
27511 439 98 509 14 1
27512 439 99 509 14 1
27513 439 100 509 14 1
27514 439 101 509 14 1
27515 439 102 509 14 1
27516 439 103 509 14 1
27517 439 104 509 14 1
27518 439 105 509 14 1
27519 439 106 509 14 1
27520 439 107 509 14 1
27521 439 108 509 14 1
27522 439 109 509 14 1
27523 439 110 509 14 1
27524 439 111 509 14 1
27525 439 112 509 14 1
27526 439 113 509 14 1
27527 439 114 509 14 1
27528 439 115 509 14 1
27529 439 116 509 14 1
27530 439 117 509 14 1
27531 439 118 509 14 1
27532 439 119 509 14 1
27533 439 120 509 14 1
27534 439 121 509 14 1
27535 439 122 509 14 1
27536 439 123 509 14 1
27537 439 124 509 14 1
27538 439 125 509 14 1
27539 439 126 509 14 1
27540 440 64 509 14 1
27541 440 65 509 14 1
27542 440 66 509 14 1
27543 440 67 509 14 1
27544 440 68 509 14 1
27545 440 69 509 14 1
27546 440 70 509 14 1
27547 440 71 509 14 1
27548 440 72 509 14 1
27549 440 73 509 14 1
27550 440 74 509 14 1
27551 440 75 509 14 1
27552 440 76 509 14 1
27553 440 77 509 14 1
27554 440 78 509 14 1
27555 440 79 509 14 1
27556 440 80 509 14 1
27557 440 81 509 14 1
27558 440 82 509 14 1
27559 440 83 509 14 1
27560 440 84 509 14 1
27561 440 85 509 14 1
27562 440 86 509 14 1
27563 440 87 509 14 1
27564 440 88 509 14 1
27565 440 89 509 14 1
27566 440 90 509 14 1
27567 440 91 509 14 1
27568 440 92 509 14 1
27569 440 93 509 14 1
27570 440 94 509 14 1
27571 440 95 509 14 1
27572 440 96 509 14 1
27573 440 97 509 14 1
27574 440 98 509 14 1
27575 440 99 509 14 1
27576 440 100 509 14 1
27577 440 101 509 14 1
27578 440 102 509 14 1
27579 440 103 509 14 1
27580 440 104 509 14 1
27581 440 105 509 14 1
27582 440 106 509 14 1
27583 440 107 509 14 1
27584 440 108 509 14 1
27585 440 109 509 14 1
27586 440 110 509 14 1
27587 440 111 509 14 1
27588 440 112 509 14 1
27589 440 113 509 14 1
27590 440 114 509 14 1
27591 440 115 509 14 1
27592 440 116 509 14 1
27593 440 117 509 14 1
27594 440 118 509 14 1
27595 440 119 509 14 1
27596 440 120 509 14 1
27597 440 121 509 14 1
27598 440 122 509 14 1
27599 440 123 509 14 1
27600 440 124 509 14 1
27601 440 125 509 14 1
27602 440 126 509 14 1
27603 441 64 509 14 1
27604 441 65 509 14 1
27605 441 66 509 14 1
27606 441 67 509 14 1
27607 441 68 509 14 1
27608 441 69 509 14 1
27609 441 70 509 14 1
27610 441 71 509 14 1
27611 441 72 509 14 1
27612 441 73 509 14 1
27613 441 74 509 14 1
27614 441 75 509 14 1
27615 441 76 509 14 1
27616 441 77 509 14 1
27617 441 78 509 14 1
27618 441 79 509 14 1
27619 441 80 509 14 1
27620 441 81 509 14 1
27621 441 82 509 14 1
27622 441 83 509 14 1
27623 441 84 509 14 1
27624 441 85 509 14 1
27625 441 86 509 14 1
27626 441 87 509 14 1
27627 441 88 509 14 1
27628 441 89 509 14 1
27629 441 90 509 14 1
27630 441 91 509 14 1
27631 441 92 509 14 1
27632 441 93 509 14 1
27633 441 94 509 14 1
27634 441 95 509 14 1
27635 441 96 509 14 1
27636 441 97 509 14 1
27637 441 98 509 14 1
27638 441 99 509 14 1
27639 441 100 509 14 1
27640 441 101 509 14 1
27641 441 102 509 14 1
27642 441 103 509 14 1
27643 441 104 509 14 1
27644 441 105 509 14 1
27645 441 106 509 14 1
27646 441 107 509 14 1
27647 441 108 509 14 1
27648 441 109 509 14 1
27649 441 110 509 14 1
27650 441 111 509 14 1
27651 441 112 509 14 1
27652 441 113 509 14 1
27653 441 114 509 14 1
27654 441 115 509 14 1
27655 441 116 509 14 1
27656 441 117 509 14 1
27657 441 118 509 14 1
27658 441 119 509 14 1
27659 441 120 509 14 1
27660 441 121 509 14 1
27661 441 122 509 14 1
27662 441 123 509 14 1
27663 441 124 509 14 1
27664 441 125 509 14 1
27665 441 126 509 14 1
27666 442 64 509 14 1
27667 442 65 509 14 1
27668 442 66 509 14 1
27669 442 67 509 14 1
27670 442 68 509 14 1
27671 442 69 509 14 1
27672 442 70 509 14 1
27673 442 71 509 14 1
27674 442 72 509 14 1
27675 442 73 509 14 1
27676 442 74 509 14 1
27677 442 75 509 14 1
27678 442 76 509 14 1
27679 442 77 509 14 1
27680 442 78 509 14 1
27681 442 79 509 14 1
27682 442 80 509 14 1
27683 442 81 509 14 1
27684 442 82 509 14 1
27685 442 83 509 14 1
27686 442 84 509 14 1
27687 442 85 509 14 1
27688 442 86 509 14 1
27689 442 87 509 14 1
27690 442 88 509 14 1
27691 442 89 509 14 1
27692 442 90 509 14 1
27693 442 91 509 14 1
27694 442 92 509 14 1
27695 442 93 509 14 1
27696 442 94 509 14 1
27697 442 95 509 14 1
27698 442 96 509 14 1
27699 442 97 509 14 1
27700 442 98 509 14 1
27701 442 99 509 14 1
27702 442 100 509 14 1
27703 442 101 509 14 1
27704 442 102 509 14 1
27705 442 103 509 14 1
27706 442 104 509 14 1
27707 442 105 509 14 1
27708 442 106 509 14 1
27709 442 107 509 14 1
27710 442 108 509 14 1
27711 442 109 509 14 1
27712 442 110 509 14 1
27713 442 111 509 14 1
27714 442 112 509 14 1
27715 442 113 509 14 1
27716 442 114 509 14 1
27717 442 115 509 14 1
27718 442 116 509 14 1
27719 442 117 509 14 1
27720 442 118 509 14 1
27721 442 119 509 14 1
27722 442 120 509 14 1
27723 442 121 509 14 1
27724 442 122 509 14 1
27725 442 123 509 14 1
27726 442 124 509 14 1
27727 442 125 509 14 1
27728 442 126 509 14 1
27729 443 64 509 14 1
27730 443 65 509 14 1
27731 443 66 509 14 1
27732 443 67 509 14 1
27733 443 68 509 14 1
27734 443 69 509 14 1
27735 443 70 509 14 1
27736 443 71 509 14 1
27737 443 72 509 14 1
27738 443 73 509 14 1
27739 443 74 509 14 1
27740 443 75 509 14 1
27741 443 76 509 14 1
27742 443 77 509 14 1
27743 443 78 509 14 1
27744 443 79 509 14 1
27745 443 80 509 14 1
27746 443 81 509 14 1
27747 443 82 509 14 1
27748 443 83 509 14 1
27749 443 84 509 14 1
27750 443 85 509 14 1
27751 443 86 509 14 1
27752 443 87 509 14 1
27753 443 88 509 14 1
27754 443 89 509 14 1
27755 443 90 509 14 1
27756 443 91 509 14 1
27757 443 92 509 14 1
27758 443 93 509 14 1
27759 443 94 509 14 1
27760 443 95 509 14 1
27761 443 96 509 14 1
27762 443 97 509 14 1
27763 443 98 509 14 1
27764 443 99 509 14 1
27765 443 100 509 14 1
27766 443 101 509 14 1
27767 443 102 509 14 1
27768 443 103 509 14 1
27769 443 104 509 14 1
27770 443 105 509 14 1
27771 443 106 509 14 1
27772 443 107 509 14 1
27773 443 108 509 14 1
27774 443 109 509 14 1
27775 443 110 509 14 1
27776 443 111 509 14 1
27777 443 112 509 14 1
27778 443 113 509 14 1
27779 443 114 509 14 1
27780 443 115 509 14 1
27781 443 116 509 14 1
27782 443 117 509 14 1
27783 443 118 509 14 1
27784 443 119 509 14 1
27785 443 120 509 14 1
27786 443 121 509 14 1
27787 443 122 509 14 1
27788 443 123 509 14 1
27789 443 124 509 14 1
27790 443 125 509 14 1
27791 443 126 509 14 1
27792 444 64 509 14 1
27793 444 65 509 14 1
27794 444 66 509 14 1
27795 444 67 509 14 1
27796 444 68 509 14 1
27797 444 69 509 14 1
27798 444 70 509 14 1
27799 444 71 509 14 1
27800 444 72 509 14 1
27801 444 73 509 14 1
27802 444 74 509 14 1
27803 444 75 509 14 1
27804 444 76 509 14 1
27805 444 77 509 14 1
27806 444 78 509 14 1
27807 444 79 509 14 1
27808 444 80 509 14 1
27809 444 81 509 14 1
27810 444 82 509 14 1
27811 444 83 509 14 1
27812 444 84 509 14 1
27813 444 85 509 14 1
27814 444 86 509 14 1
27815 444 87 509 14 1
27816 444 88 509 14 1
27817 444 89 509 14 1
27818 444 90 509 14 1
27819 444 91 509 14 1
27820 444 92 509 14 1
27821 444 93 509 14 1
27822 444 94 509 14 1
27823 444 95 509 14 1
27824 444 96 509 14 1
27825 444 97 509 14 1
27826 444 98 509 14 1
27827 444 99 509 14 1
27828 444 100 509 14 1
27829 444 101 509 14 1
27830 444 102 509 14 1
27831 444 103 509 14 1
27832 444 104 509 14 1
27833 444 105 509 14 1
27834 444 106 509 14 1
27835 444 107 509 14 1
27836 444 108 509 14 1
27837 444 109 509 14 1
27838 444 110 509 14 1
27839 444 111 509 14 1
27840 444 112 509 14 1
27841 444 113 509 14 1
27842 444 114 509 14 1
27843 444 115 509 14 1
27844 444 116 509 14 1
27845 444 117 509 14 1
27846 444 118 509 14 1
27847 444 119 509 14 1
27848 444 120 509 14 1
27849 444 121 509 14 1
27850 444 122 509 14 1
27851 444 123 509 14 1
27852 444 124 509 14 1
27853 444 125 509 14 1
27854 444 126 509 14 1
27855 445 64 509 14 1
27856 445 65 509 14 1
27857 445 66 509 14 1
27858 445 67 509 14 1
27859 445 68 509 14 1
27860 445 69 509 14 1
27861 445 70 509 14 1
27862 445 71 509 14 1
27863 445 72 509 14 1
27864 445 73 509 14 1
27865 445 74 509 14 1
27866 445 75 509 14 1
27867 445 76 509 14 1
27868 445 77 509 14 1
27869 445 78 509 14 1
27870 445 79 509 14 1
27871 445 80 509 14 1
27872 445 81 509 14 1
27873 445 82 509 14 1
27874 445 83 509 14 1
27875 445 84 509 14 1
27876 445 85 509 14 1
27877 445 86 509 14 1
27878 445 87 509 14 1
27879 445 88 509 14 1
27880 445 89 509 14 1
27881 445 90 509 14 1
27882 445 91 509 14 1
27883 445 92 509 14 1
27884 445 93 509 14 1
27885 445 94 509 14 1
27886 445 95 509 14 1
27887 445 96 509 14 1
27888 445 97 509 14 1
27889 445 98 509 14 1
27890 445 99 509 14 1
27891 445 100 509 14 1
27892 445 101 509 14 1
27893 445 102 509 14 1
27894 445 103 509 14 1
27895 445 104 509 14 1
27896 445 105 509 14 1
27897 445 106 509 14 1
27898 445 107 509 14 1
27899 445 108 509 14 1
27900 445 109 509 14 1
27901 445 110 509 14 1
27902 445 111 509 14 1
27903 445 112 509 14 1
27904 445 113 509 14 1
27905 445 114 509 14 1
27906 445 115 509 14 1
27907 445 116 509 14 1
27908 445 117 509 14 1
27909 445 118 509 14 1
27910 445 119 509 14 1
27911 445 120 509 14 1
27912 445 121 509 14 1
27913 445 122 509 14 1
27914 445 123 509 14 1
27915 445 124 509 14 1
27916 445 125 509 14 1
27917 445 126 509 14 1
27918 446 64 509 14 1
27919 446 65 509 14 1
27920 446 66 509 14 1
27921 446 67 509 14 1
27922 446 68 509 14 1
27923 446 69 509 14 1
27924 446 70 509 14 1
27925 446 71 509 14 1
27926 446 72 509 14 1
27927 446 73 509 14 1
27928 446 74 509 14 1
27929 446 75 509 14 1
27930 446 76 509 14 1
27931 446 77 509 14 1
27932 446 78 509 14 1
27933 446 79 509 14 1
27934 446 80 509 14 1
27935 446 81 509 14 1
27936 446 82 509 14 1
27937 446 83 509 14 1
27938 446 84 509 14 1
27939 446 85 509 14 1
27940 446 86 509 14 1
27941 446 87 509 14 1
27942 446 88 509 14 1
27943 446 89 509 14 1
27944 446 90 509 14 1
27945 446 91 509 14 1
27946 446 92 509 14 1
27947 446 93 509 14 1
27948 446 94 509 14 1
27949 446 95 509 14 1
27950 446 96 509 14 1
27951 446 97 509 14 1
27952 446 98 509 14 1
27953 446 99 509 14 1
27954 446 100 509 14 1
27955 446 101 509 14 1
27956 446 102 509 14 1
27957 446 103 509 14 1
27958 446 104 509 14 1
27959 446 105 509 14 1
27960 446 106 509 14 1
27961 446 107 509 14 1
27962 446 108 509 14 1
27963 446 109 509 14 1
27964 446 110 509 14 1
27965 446 111 509 14 1
27966 446 112 509 14 1
27967 446 113 509 14 1
27968 446 114 509 14 1
27969 446 115 509 14 1
27970 446 116 509 14 1
27971 446 117 509 14 1
27972 446 118 509 14 1
27973 446 119 509 14 1
27974 446 120 509 14 1
27975 446 121 509 14 1
27976 446 122 509 14 1
27977 446 123 509 14 1
27978 446 124 509 14 1
27979 446 125 509 14 1
27980 446 126 509 14 1
27981 447 64 509 14 1
27982 447 65 509 14 1
27983 447 66 509 14 1
27984 447 67 509 14 1
27985 447 68 509 14 1
27986 447 69 509 14 1
27987 447 70 509 14 1
27988 447 71 509 14 1
27989 447 72 509 14 1
27990 447 73 509 14 1
27991 447 74 509 14 1
27992 447 75 509 14 1
27993 447 76 509 14 1
27994 447 77 509 14 1
27995 447 78 509 14 1
27996 447 79 509 14 1
27997 447 80 509 14 1
27998 447 81 509 14 1
27999 447 82 509 14 1
28000 447 83 509 14 1
28001 447 84 509 14 1
28002 447 85 509 14 1
28003 447 86 509 14 1
28004 447 87 509 14 1
28005 447 88 509 14 1
28006 447 89 509 14 1
28007 447 90 509 14 1
28008 447 91 509 14 1
28009 447 92 509 14 1
28010 447 93 509 14 1
28011 447 94 509 14 1
28012 447 95 509 14 1
28013 447 96 509 14 1
28014 447 97 509 14 1
28015 447 98 509 14 1
28016 447 99 509 14 1
28017 447 100 509 14 1
28018 447 101 509 14 1
28019 447 102 509 14 1
28020 447 103 509 14 1
28021 447 104 509 14 1
28022 447 105 509 14 1
28023 447 106 509 14 1
28024 447 107 509 14 1
28025 447 108 509 14 1
28026 447 109 509 14 1
28027 447 110 509 14 1
28028 447 111 509 14 1
28029 447 112 509 14 1
28030 447 113 509 14 1
28031 447 114 509 14 1
28032 447 115 509 14 1
28033 447 116 509 14 1
28034 447 117 509 14 1
28035 447 118 509 14 1
28036 447 119 509 14 1
28037 447 120 509 14 1
28038 447 121 509 14 1
28039 447 122 509 14 1
28040 447 123 509 14 1
28041 447 124 509 14 1
28042 447 125 509 14 1
28043 447 126 509 14 1
28044 448 64 509 14 1
28045 448 65 509 14 1
28046 448 66 509 14 1
28047 448 67 509 14 1
28048 448 68 509 14 1
28049 448 69 509 14 1
28050 448 70 509 14 1
28051 448 71 509 14 1
28052 448 72 509 14 1
28053 448 73 509 14 1
28054 448 74 509 14 1
28055 448 75 509 14 1
28056 448 76 509 14 1
28057 448 77 509 14 1
28058 448 78 509 14 1
28059 448 79 509 14 1
28060 448 80 509 14 1
28061 448 81 509 14 1
28062 448 82 509 14 1
28063 448 83 509 14 1
28064 448 84 509 14 1
28065 448 85 509 14 1
28066 448 86 509 14 1
28067 448 87 509 14 1
28068 448 88 509 14 1
28069 448 89 509 14 1
28070 448 90 509 14 1
28071 448 91 509 14 1
28072 448 92 509 14 1
28073 448 93 509 14 1
28074 448 94 509 14 1
28075 448 95 509 14 1
28076 448 96 509 14 1
28077 448 97 509 14 1
28078 448 98 509 14 1
28079 448 99 509 14 1
28080 448 100 509 14 1
28081 448 101 509 14 1
28082 448 102 509 14 1
28083 448 103 509 14 1
28084 448 104 509 14 1
28085 448 105 509 14 1
28086 448 106 509 14 1
28087 448 107 509 14 1
28088 448 108 509 14 1
28089 448 109 509 14 1
28090 448 110 509 14 1
28091 448 111 509 14 1
28092 448 112 509 14 1
28093 448 113 509 14 1
28094 448 114 509 14 1
28095 448 115 509 14 1
28096 448 116 509 14 1
28097 448 117 509 14 1
28098 448 118 509 14 1
28099 448 119 509 14 1
28100 448 120 509 14 1
28101 448 121 509 14 1
28102 448 122 509 14 1
28103 448 123 509 14 1
28104 448 124 509 14 1
28105 448 125 509 14 1
28106 448 126 509 14 1
28107 449 64 509 14 1
28108 449 65 509 14 1
28109 449 66 509 14 1
28110 449 67 509 14 1
28111 449 68 509 14 1
28112 449 69 509 14 1
28113 449 70 509 14 1
28114 449 71 509 14 1
28115 449 72 509 14 1
28116 449 73 509 14 1
28117 449 74 509 14 1
28118 449 75 509 14 1
28119 449 76 509 14 1
28120 449 77 509 14 1
28121 449 78 509 14 1
28122 449 79 509 14 1
28123 449 80 509 14 1
28124 449 81 509 14 1
28125 449 82 509 14 1
28126 449 83 509 14 1
28127 449 84 509 14 1
28128 449 85 509 14 1
28129 449 86 509 14 1
28130 449 87 509 14 1
28131 449 88 509 14 1
28132 449 89 509 14 1
28133 449 90 509 14 1
28134 449 91 509 14 1
28135 449 92 509 14 1
28136 449 93 509 14 1
28137 449 94 509 14 1
28138 449 95 509 14 1
28139 449 96 509 14 1
28140 449 97 509 14 1
28141 449 98 509 14 1
28142 449 99 509 14 1
28143 449 100 509 14 1
28144 449 101 509 14 1
28145 449 102 509 14 1
28146 449 103 509 14 1
28147 449 104 509 14 1
28148 449 105 509 14 1
28149 449 106 509 14 1
28150 449 107 509 14 1
28151 449 108 509 14 1
28152 449 109 509 14 1
28153 449 110 509 14 1
28154 449 111 509 14 1
28155 449 112 509 14 1
28156 449 113 509 14 1
28157 449 114 509 14 1
28158 449 115 509 14 1
28159 449 116 509 14 1
28160 449 117 509 14 1
28161 449 118 509 14 1
28162 449 119 509 14 1
28163 449 120 509 14 1
28164 449 121 509 14 1
28165 449 122 509 14 1
28166 449 123 509 14 1
28167 449 124 509 14 1
28168 449 125 509 14 1
28169 449 126 509 14 1
28170 450 64 509 14 1
28171 450 65 509 14 1
28172 450 66 509 14 1
28173 450 67 509 14 1
28174 450 68 509 14 1
28175 450 69 509 14 1
28176 450 70 509 14 1
28177 450 71 509 14 1
28178 450 72 509 14 1
28179 450 73 509 14 1
28180 450 74 509 14 1
28181 450 75 509 14 1
28182 450 76 509 14 1
28183 450 77 509 14 1
28184 450 78 509 14 1
28185 450 79 509 14 1
28186 450 80 509 14 1
28187 450 81 509 14 1
28188 450 82 509 14 1
28189 450 83 509 14 1
28190 450 84 509 14 1
28191 450 85 509 14 1
28192 450 86 509 14 1
28193 450 87 509 14 1
28194 450 88 509 14 1
28195 450 89 509 14 1
28196 450 90 509 14 1
28197 450 91 509 14 1
28198 450 92 509 14 1
28199 450 93 509 14 1
28200 450 94 509 14 1
28201 450 95 509 14 1
28202 450 96 509 14 1
28203 450 97 509 14 1
28204 450 98 509 14 1
28205 450 99 509 14 1
28206 450 100 509 14 1
28207 450 101 509 14 1
28208 450 102 509 14 1
28209 450 103 509 14 1
28210 450 104 509 14 1
28211 450 105 509 14 1
28212 450 106 509 14 1
28213 450 107 509 14 1
28214 450 108 509 14 1
28215 450 109 509 14 1
28216 450 110 509 14 1
28217 450 111 509 14 1
28218 450 112 509 14 1
28219 450 113 509 14 1
28220 450 114 509 14 1
28221 450 115 509 14 1
28222 450 116 509 14 1
28223 450 117 509 14 1
28224 450 118 509 14 1
28225 450 119 509 14 1
28226 450 120 509 14 1
28227 450 121 509 14 1
28228 450 122 509 14 1
28229 450 123 509 14 1
28230 450 124 509 14 1
28231 450 125 509 14 1
28232 450 126 509 14 1
28233 451 64 509 14 1
28234 451 65 509 14 1
28235 451 66 509 14 1
28236 451 67 509 14 1
28237 451 68 509 14 1
28238 451 69 509 14 1
28239 451 70 509 14 1
28240 451 71 509 14 1
28241 451 72 509 14 1
28242 451 73 509 14 1
28243 451 74 509 14 1
28244 451 75 509 14 1
28245 451 76 509 14 1
28246 451 77 509 14 1
28247 451 78 509 14 1
28248 451 79 509 14 1
28249 451 80 509 14 1
28250 451 81 509 14 1
28251 451 82 509 14 1
28252 451 83 509 14 1
28253 451 84 509 14 1
28254 451 85 509 14 1
28255 451 86 509 14 1
28256 451 87 509 14 1
28257 451 88 509 14 1
28258 451 89 509 14 1
28259 451 90 509 14 1
28260 451 91 509 14 1
28261 451 92 509 14 1
28262 451 93 509 14 1
28263 451 94 509 14 1
28264 451 95 509 14 1
28265 451 96 509 14 1
28266 451 97 509 14 1
28267 451 98 509 14 1
28268 451 99 509 14 1
28269 451 100 509 14 1
28270 451 101 509 14 1
28271 451 102 509 14 1
28272 451 103 509 14 1
28273 451 104 509 14 1
28274 451 105 509 14 1
28275 451 106 509 14 1
28276 451 107 509 14 1
28277 451 108 509 14 1
28278 451 109 509 14 1
28279 451 110 509 14 1
28280 451 111 509 14 1
28281 451 112 509 14 1
28282 451 113 509 14 1
28283 451 114 509 14 1
28284 451 115 509 14 1
28285 451 116 509 14 1
28286 451 117 509 14 1
28287 451 118 509 14 1
28288 451 119 509 14 1
28289 451 120 509 14 1
28290 451 121 509 14 1
28291 451 122 509 14 1
28292 451 123 509 14 1
28293 451 124 509 14 1
28294 451 125 509 14 1
28295 451 126 509 14 1
28296 452 64 509 14 1
28297 452 65 509 14 1
28298 452 66 509 14 1
28299 452 67 509 14 1
28300 452 68 509 14 1
28301 452 69 509 14 1
28302 452 70 509 14 1
28303 452 71 509 14 1
28304 452 72 509 14 1
28305 452 73 509 14 1
28306 452 74 509 14 1
28307 452 75 509 14 1
28308 452 76 509 14 1
28309 452 77 509 14 1
28310 452 78 509 14 1
28311 452 79 509 14 1
28312 452 80 509 14 1
28313 452 81 509 14 1
28314 452 82 509 14 1
28315 452 83 509 14 1
28316 452 84 509 14 1
28317 452 85 509 14 1
28318 452 86 509 14 1
28319 452 87 509 14 1
28320 452 88 509 14 1
28321 452 89 509 14 1
28322 452 90 509 14 1
28323 452 91 509 14 1
28324 452 92 509 14 1
28325 452 93 509 14 1
28326 452 94 509 14 1
28327 452 95 509 14 1
28328 452 96 509 14 1
28329 452 97 509 14 1
28330 452 98 509 14 1
28331 452 99 509 14 1
28332 452 100 509 14 1
28333 452 101 509 14 1
28334 452 102 509 14 1
28335 452 103 509 14 1
28336 452 104 509 14 1
28337 452 105 509 14 1
28338 452 106 509 14 1
28339 452 107 509 14 1
28340 452 108 509 14 1
28341 452 109 509 14 1
28342 452 110 509 14 1
28343 452 111 509 14 1
28344 452 112 509 14 1
28345 452 113 509 14 1
28346 452 114 509 14 1
28347 452 115 509 14 1
28348 452 116 509 14 1
28349 452 117 509 14 1
28350 452 118 509 14 1
28351 452 119 509 14 1
28352 452 120 509 14 1
28353 452 121 509 14 1
28354 452 122 509 14 1
28355 452 123 509 14 1
28356 452 124 509 14 1
28357 452 125 509 14 1
28358 452 126 509 14 1
28359 453 64 509 14 1
28360 453 65 509 14 1
28361 453 66 509 14 1
28362 453 67 509 14 1
28363 453 68 509 14 1
28364 453 69 509 14 1
28365 453 70 509 14 1
28366 453 71 509 14 1
28367 453 72 509 14 1
28368 453 73 509 14 1
28369 453 74 509 14 1
28370 453 75 509 14 1
28371 453 76 509 14 1
28372 453 77 509 14 1
28373 453 78 509 14 1
28374 453 79 509 14 1
28375 453 80 509 14 1
28376 453 81 509 14 1
28377 453 82 509 14 1
28378 453 83 509 14 1
28379 453 84 509 14 1
28380 453 85 509 14 1
28381 453 86 509 14 1
28382 453 87 509 14 1
28383 453 88 509 14 1
28384 453 89 509 14 1
28385 453 90 509 14 1
28386 453 91 509 14 1
28387 453 92 509 14 1
28388 453 93 509 14 1
28389 453 94 509 14 1
28390 453 95 509 14 1
28391 453 96 509 14 1
28392 453 97 509 14 1
28393 453 98 509 14 1
28394 453 99 509 14 1
28395 453 100 509 14 1
28396 453 101 509 14 1
28397 453 102 509 14 1
28398 453 103 509 14 1
28399 453 104 509 14 1
28400 453 105 509 14 1
28401 453 106 509 14 1
28402 453 107 509 14 1
28403 453 108 509 14 1
28404 453 109 509 14 1
28405 453 110 509 14 1
28406 453 111 509 14 1
28407 453 112 509 14 1
28408 453 113 509 14 1
28409 453 114 509 14 1
28410 453 115 509 14 1
28411 453 116 509 14 1
28412 453 117 509 14 1
28413 453 118 509 14 1
28414 453 119 509 14 1
28415 453 120 509 14 1
28416 453 121 509 14 1
28417 453 122 509 14 1
28418 453 123 509 14 1
28419 453 124 509 14 1
28420 453 125 509 14 1
28421 453 126 509 14 1
28422 454 64 509 14 1
28423 454 65 509 14 1
28424 454 66 509 14 1
28425 454 67 509 14 1
28426 454 68 509 14 1
28427 454 69 509 14 1
28428 454 70 509 14 1
28429 454 71 509 14 1
28430 454 72 509 14 1
28431 454 73 509 14 1
28432 454 74 509 14 1
28433 454 75 509 14 1
28434 454 76 509 14 1
28435 454 77 509 14 1
28436 454 78 509 14 1
28437 454 79 509 14 1
28438 454 80 509 14 1
28439 454 81 509 14 1
28440 454 82 509 14 1
28441 454 83 509 14 1
28442 454 84 509 14 1
28443 454 85 509 14 1
28444 454 86 509 14 1
28445 454 87 509 14 1
28446 454 88 509 14 1
28447 454 89 509 14 1
28448 454 90 509 14 1
28449 454 91 509 14 1
28450 454 92 509 14 1
28451 454 93 509 14 1
28452 454 94 509 14 1
28453 454 95 509 14 1
28454 454 96 509 14 1
28455 454 97 509 14 1
28456 454 98 509 14 1
28457 454 99 509 14 1
28458 454 100 509 14 1
28459 454 101 509 14 1
28460 454 102 509 14 1
28461 454 103 509 14 1
28462 454 104 509 14 1
28463 454 105 509 14 1
28464 454 106 509 14 1
28465 454 107 509 14 1
28466 454 108 509 14 1
28467 454 109 509 14 1
28468 454 110 509 14 1
28469 454 111 509 14 1
28470 454 112 509 14 1
28471 454 113 509 14 1
28472 454 114 509 14 1
28473 454 115 509 14 1
28474 454 116 509 14 1
28475 454 117 509 14 1
28476 454 118 509 14 1
28477 454 119 509 14 1
28478 454 120 509 14 1
28479 454 121 509 14 1
28480 454 122 509 14 1
28481 454 123 509 14 1
28482 454 124 509 14 1
28483 454 125 509 14 1
28484 454 126 509 14 1
28485 455 64 509 14 1
28486 455 65 509 14 1
28487 455 66 509 14 1
28488 455 67 509 14 1
28489 455 68 509 14 1
28490 455 69 509 14 1
28491 455 70 509 14 1
28492 455 71 509 14 1
28493 455 72 509 14 1
28494 455 73 509 14 1
28495 455 74 509 14 1
28496 455 75 509 14 1
28497 455 76 509 14 1
28498 455 77 509 14 1
28499 455 78 509 14 1
28500 455 79 509 14 1
28501 455 80 509 14 1
28502 455 81 509 14 1
28503 455 82 509 14 1
28504 455 83 509 14 1
28505 455 84 509 14 1
28506 455 85 509 14 1
28507 455 86 509 14 1
28508 455 87 509 14 1
28509 455 88 509 14 1
28510 455 89 509 14 1
28511 455 90 509 14 1
28512 455 91 509 14 1
28513 455 92 509 14 1
28514 455 93 509 14 1
28515 455 94 509 14 1
28516 455 95 509 14 1
28517 455 96 509 14 1
28518 455 97 509 14 1
28519 455 98 509 14 1
28520 455 99 509 14 1
28521 455 100 509 14 1
28522 455 101 509 14 1
28523 455 102 509 14 1
28524 455 103 509 14 1
28525 455 104 509 14 1
28526 455 105 509 14 1
28527 455 106 509 14 1
28528 455 107 509 14 1
28529 455 108 509 14 1
28530 455 109 509 14 1
28531 455 110 509 14 1
28532 455 111 509 14 1
28533 455 112 509 14 1
28534 455 113 509 14 1
28535 455 114 509 14 1
28536 455 115 509 14 1
28537 455 116 509 14 1
28538 455 117 509 14 1
28539 455 118 509 14 1
28540 455 119 509 14 1
28541 455 120 509 14 1
28542 455 121 509 14 1
28543 455 122 509 14 1
28544 455 123 509 14 1
28545 455 124 509 14 1
28546 455 125 509 14 1
28547 455 126 509 14 1
28548 456 64 509 14 1
28549 456 65 509 14 1
28550 456 66 509 14 1
28551 456 67 509 14 1
28552 456 68 509 14 1
28553 456 69 509 14 1
28554 456 70 509 14 1
28555 456 71 509 14 1
28556 456 72 509 14 1
28557 456 73 509 14 1
28558 456 74 509 14 1
28559 456 75 509 14 1
28560 456 76 509 14 1
28561 456 77 509 14 1
28562 456 78 509 14 1
28563 456 79 509 14 1
28564 456 80 509 14 1
28565 456 81 509 14 1
28566 456 82 509 14 1
28567 456 83 509 14 1
28568 456 84 509 14 1
28569 456 85 509 14 1
28570 456 86 509 14 1
28571 456 87 509 14 1
28572 456 88 509 14 1
28573 456 89 509 14 1
28574 456 90 509 14 1
28575 456 91 509 14 1
28576 456 92 509 14 1
28577 456 93 509 14 1
28578 456 94 509 14 1
28579 456 95 509 14 1
28580 456 96 509 14 1
28581 456 97 509 14 1
28582 456 98 509 14 1
28583 456 99 509 14 1
28584 456 100 509 14 1
28585 456 101 509 14 1
28586 456 102 509 14 1
28587 456 103 509 14 1
28588 456 104 509 14 1
28589 456 105 509 14 1
28590 456 106 509 14 1
28591 456 107 509 14 1
28592 456 108 509 14 1
28593 456 109 509 14 1
28594 456 110 509 14 1
28595 456 111 509 14 1
28596 456 112 509 14 1
28597 456 113 509 14 1
28598 456 114 509 14 1
28599 456 115 509 14 1
28600 456 116 509 14 1
28601 456 117 509 14 1
28602 456 118 509 14 1
28603 456 119 509 14 1
28604 456 120 509 14 1
28605 456 121 509 14 1
28606 456 122 509 14 1
28607 456 123 509 14 1
28608 456 124 509 14 1
28609 456 125 509 14 1
28610 456 126 509 14 1
28611 457 64 509 14 1
28612 457 65 509 14 1
28613 457 66 509 14 1
28614 457 67 509 14 1
28615 457 68 509 14 1
28616 457 69 509 14 1
28617 457 70 509 14 1
28618 457 71 509 14 1
28619 457 72 509 14 1
28620 457 73 509 14 1
28621 457 74 509 14 1
28622 457 75 509 14 1
28623 457 76 509 14 1
28624 457 77 509 14 1
28625 457 78 509 14 1
28626 457 79 509 14 1
28627 457 80 509 14 1
28628 457 81 509 14 1
28629 457 82 509 14 1
28630 457 83 509 14 1
28631 457 84 509 14 1
28632 457 85 509 14 1
28633 457 86 509 14 1
28634 457 87 509 14 1
28635 457 88 509 14 1
28636 457 89 509 14 1
28637 457 90 509 14 1
28638 457 91 509 14 1
28639 457 92 509 14 1
28640 457 93 509 14 1
28641 457 94 509 14 1
28642 457 95 509 14 1
28643 457 96 509 14 1
28644 457 97 509 14 1
28645 457 98 509 14 1
28646 457 99 509 14 1
28647 457 100 509 14 1
28648 457 101 509 14 1
28649 457 102 509 14 1
28650 457 103 509 14 1
28651 457 104 509 14 1
28652 457 105 509 14 1
28653 457 106 509 14 1
28654 457 107 509 14 1
28655 457 108 509 14 1
28656 457 109 509 14 1
28657 457 110 509 14 1
28658 457 111 509 14 1
28659 457 112 509 14 1
28660 457 113 509 14 1
28661 457 114 509 14 1
28662 457 115 509 14 1
28663 457 116 509 14 1
28664 457 117 509 14 1
28665 457 118 509 14 1
28666 457 119 509 14 1
28667 457 120 509 14 1
28668 457 121 509 14 1
28669 457 122 509 14 1
28670 457 123 509 14 1
28671 457 124 509 14 1
28672 457 125 509 14 1
28673 457 126 509 14 1
28674 458 64 509 14 1
28675 458 65 509 14 1
28676 458 66 509 14 1
28677 458 67 509 14 1
28678 458 68 509 14 1
28679 458 69 509 14 1
28680 458 70 509 14 1
28681 458 71 509 14 1
28682 458 72 509 14 1
28683 458 73 509 14 1
28684 458 74 509 14 1
28685 458 75 509 14 1
28686 458 76 509 14 1
28687 458 77 509 14 1
28688 458 78 509 14 1
28689 458 79 509 14 1
28690 458 80 509 14 1
28691 458 81 509 14 1
28692 458 82 509 14 1
28693 458 83 509 14 1
28694 458 84 509 14 1
28695 458 85 509 14 1
28696 458 86 509 14 1
28697 458 87 509 14 1
28698 458 88 509 14 1
28699 458 89 509 14 1
28700 458 90 509 14 1
28701 458 91 509 14 1
28702 458 92 509 14 1
28703 458 93 509 14 1
28704 458 94 509 14 1
28705 458 95 509 14 1
28706 458 96 509 14 1
28707 458 97 509 14 1
28708 458 98 509 14 1
28709 458 99 509 14 1
28710 458 100 509 14 1
28711 458 101 509 14 1
28712 458 102 509 14 1
28713 458 103 509 14 1
28714 458 104 509 14 1
28715 458 105 509 14 1
28716 458 106 509 14 1
28717 458 107 509 14 1
28718 458 108 509 14 1
28719 458 109 509 14 1
28720 458 110 509 14 1
28721 458 111 509 14 1
28722 458 112 509 14 1
28723 458 113 509 14 1
28724 458 114 509 14 1
28725 458 115 509 14 1
28726 458 116 509 14 1
28727 458 117 509 14 1
28728 458 118 509 14 1
28729 458 119 509 14 1
28730 458 120 509 14 1
28731 458 121 509 14 1
28732 458 122 509 14 1
28733 458 123 509 14 1
28734 458 124 509 14 1
28735 458 125 509 14 1
28736 458 126 509 14 1
28737 459 64 509 14 1
28738 459 65 509 14 1
28739 459 66 509 14 1
28740 459 67 509 14 1
28741 459 68 509 14 1
28742 459 69 509 14 1
28743 459 70 509 14 1
28744 459 71 509 14 1
28745 459 72 509 14 1
28746 459 73 509 14 1
28747 459 74 509 14 1
28748 459 75 509 14 1
28749 459 76 509 14 1
28750 459 77 509 14 1
28751 459 78 509 14 1
28752 459 79 509 14 1
28753 459 80 509 14 1
28754 459 81 509 14 1
28755 459 82 509 14 1
28756 459 83 509 14 1
28757 459 84 509 14 1
28758 459 85 509 14 1
28759 459 86 509 14 1
28760 459 87 509 14 1
28761 459 88 509 14 1
28762 459 89 509 14 1
28763 459 90 509 14 1
28764 459 91 509 14 1
28765 459 92 509 14 1
28766 459 93 509 14 1
28767 459 94 509 14 1
28768 459 95 509 14 1
28769 459 96 509 14 1
28770 459 97 509 14 1
28771 459 98 509 14 1
28772 459 99 509 14 1
28773 459 100 509 14 1
28774 459 101 509 14 1
28775 459 102 509 14 1
28776 459 103 509 14 1
28777 459 104 509 14 1
28778 459 105 509 14 1
28779 459 106 509 14 1
28780 459 107 509 14 1
28781 459 108 509 14 1
28782 459 109 509 14 1
28783 459 110 509 14 1
28784 459 111 509 14 1
28785 459 112 509 14 1
28786 459 113 509 14 1
28787 459 114 509 14 1
28788 459 115 509 14 1
28789 459 116 509 14 1
28790 459 117 509 14 1
28791 459 118 509 14 1
28792 459 119 509 14 1
28793 459 120 509 14 1
28794 459 121 509 14 1
28795 459 122 509 14 1
28796 459 123 509 14 1
28797 459 124 509 14 1
28798 459 125 509 14 1
28799 459 126 509 14 1
28800 460 64 509 14 1
28801 460 65 509 14 1
28802 460 66 509 14 1
28803 460 67 509 14 1
28804 460 68 509 14 1
28805 460 69 509 14 1
28806 460 70 509 14 1
28807 460 71 509 14 1
28808 460 72 509 14 1
28809 460 73 509 14 1
28810 460 74 509 14 1
28811 460 75 509 14 1
28812 460 76 509 14 1
28813 460 77 509 14 1
28814 460 78 509 14 1
28815 460 79 509 14 1
28816 460 80 509 14 1
28817 460 81 509 14 1
28818 460 82 509 14 1
28819 460 83 509 14 1
28820 460 84 509 14 1
28821 460 85 509 14 1
28822 460 86 509 14 1
28823 460 87 509 14 1
28824 460 88 509 14 1
28825 460 89 509 14 1
28826 460 90 509 14 1
28827 460 91 509 14 1
28828 460 92 509 14 1
28829 460 93 509 14 1
28830 460 94 509 14 1
28831 460 95 509 14 1
28832 460 96 509 14 1
28833 460 97 509 14 1
28834 460 98 509 14 1
28835 460 99 509 14 1
28836 460 100 509 14 1
28837 460 101 509 14 1
28838 460 102 509 14 1
28839 460 103 509 14 1
28840 460 104 509 14 1
28841 460 105 509 14 1
28842 460 106 509 14 1
28843 460 107 509 14 1
28844 460 108 509 14 1
28845 460 109 509 14 1
28846 460 110 509 14 1
28847 460 111 509 14 1
28848 460 112 509 14 1
28849 460 113 509 14 1
28850 460 114 509 14 1
28851 460 115 509 14 1
28852 460 116 509 14 1
28853 460 117 509 14 1
28854 460 118 509 14 1
28855 460 119 509 14 1
28856 460 120 509 14 1
28857 460 121 509 14 1
28858 460 122 509 14 1
28859 460 123 509 14 1
28860 460 124 509 14 1
28861 460 125 509 14 1
28862 460 126 509 14 1
28863 461 64 509 14 1
28864 461 65 509 14 1
28865 461 66 509 14 1
28866 461 67 509 14 1
28867 461 68 509 14 1
28868 461 69 509 14 1
28869 461 70 509 14 1
28870 461 71 509 14 1
28871 461 72 509 14 1
28872 461 73 509 14 1
28873 461 74 509 14 1
28874 461 75 509 14 1
28875 461 76 509 14 1
28876 461 77 509 14 1
28877 461 78 509 14 1
28878 461 79 509 14 1
28879 461 80 509 14 1
28880 461 81 509 14 1
28881 461 82 509 14 1
28882 461 83 509 14 1
28883 461 84 509 14 1
28884 461 85 509 14 1
28885 461 86 509 14 1
28886 461 87 509 14 1
28887 461 88 509 14 1
28888 461 89 509 14 1
28889 461 90 509 14 1
28890 461 91 509 14 1
28891 461 92 509 14 1
28892 461 93 509 14 1
28893 461 94 509 14 1
28894 461 95 509 14 1
28895 461 96 509 14 1
28896 461 97 509 14 1
28897 461 98 509 14 1
28898 461 99 509 14 1
28899 461 100 509 14 1
28900 461 101 509 14 1
28901 461 102 509 14 1
28902 461 103 509 14 1
28903 461 104 509 14 1
28904 461 105 509 14 1
28905 461 106 509 14 1
28906 461 107 509 14 1
28907 461 108 509 14 1
28908 461 109 509 14 1
28909 461 110 509 14 1
28910 461 111 509 14 1
28911 461 112 509 14 1
28912 461 113 509 14 1
28913 461 114 509 14 1
28914 461 115 509 14 1
28915 461 116 509 14 1
28916 461 117 509 14 1
28917 461 118 509 14 1
28918 461 119 509 14 1
28919 461 120 509 14 1
28920 461 121 509 14 1
28921 461 122 509 14 1
28922 461 123 509 14 1
28923 461 124 509 14 1
28924 461 125 509 14 1
28925 461 126 509 14 1
28926 462 64 509 14 1
28927 462 65 509 14 1
28928 462 66 509 14 1
28929 462 67 509 14 1
28930 462 68 509 14 1
28931 462 69 509 14 1
28932 462 70 509 14 1
28933 462 71 509 14 1
28934 462 72 509 14 1
28935 462 73 509 14 1
28936 462 74 509 14 1
28937 462 75 509 14 1
28938 462 76 509 14 1
28939 462 77 509 14 1
28940 462 78 509 14 1
28941 462 79 509 14 1
28942 462 80 509 14 1
28943 462 81 509 14 1
28944 462 82 509 14 1
28945 462 83 509 14 1
28946 462 84 509 14 1
28947 462 85 509 14 1
28948 462 86 509 14 1
28949 462 87 509 14 1
28950 462 88 509 14 1
28951 462 89 509 14 1
28952 462 90 509 14 1
28953 462 91 509 14 1
28954 462 92 509 14 1
28955 462 93 509 14 1
28956 462 94 509 14 1
28957 462 95 509 14 1
28958 462 96 509 14 1
28959 462 97 509 14 1
28960 462 98 509 14 1
28961 462 99 509 14 1
28962 462 100 509 14 1
28963 462 101 509 14 1
28964 462 102 509 14 1
28965 462 103 509 14 1
28966 462 104 509 14 1
28967 462 105 509 14 1
28968 462 106 509 14 1
28969 462 107 509 14 1
28970 462 108 509 14 1
28971 462 109 509 14 1
28972 462 110 509 14 1
28973 462 111 509 14 1
28974 462 112 509 14 1
28975 462 113 509 14 1
28976 462 114 509 14 1
28977 462 115 509 14 1
28978 462 116 509 14 1
28979 462 117 509 14 1
28980 462 118 509 14 1
28981 462 119 509 14 1
28982 462 120 509 14 1
28983 462 121 509 14 1
28984 462 122 509 14 1
28985 462 123 509 14 1
28986 462 124 509 14 1
28987 462 125 509 14 1
28988 462 126 509 14 1
28989 463 64 509 14 1
28990 463 65 509 14 1
28991 463 66 509 14 1
28992 463 67 509 14 1
28993 463 68 509 14 1
28994 463 69 509 14 1
28995 463 70 509 14 1
28996 463 71 509 14 1
28997 463 72 509 14 1
28998 463 73 509 14 1
28999 463 74 509 14 1
29000 463 75 509 14 1
29001 463 76 509 14 1
29002 463 77 509 14 1
29003 463 78 509 14 1
29004 463 79 509 14 1
29005 463 80 509 14 1
29006 463 81 509 14 1
29007 463 82 509 14 1
29008 463 83 509 14 1
29009 463 84 509 14 1
29010 463 85 509 14 1
29011 463 86 509 14 1
29012 463 87 509 14 1
29013 463 88 509 14 1
29014 463 89 509 14 1
29015 463 90 509 14 1
29016 463 91 509 14 1
29017 463 92 509 14 1
29018 463 93 509 14 1
29019 463 94 509 14 1
29020 463 95 509 14 1
29021 463 96 509 14 1
29022 463 97 509 14 1
29023 463 98 509 14 1
29024 463 99 509 14 1
29025 463 100 509 14 1
29026 463 101 509 14 1
29027 463 102 509 14 1
29028 463 103 509 14 1
29029 463 104 509 14 1
29030 463 105 509 14 1
29031 463 106 509 14 1
29032 463 107 509 14 1
29033 463 108 509 14 1
29034 463 109 509 14 1
29035 463 110 509 14 1
29036 463 111 509 14 1
29037 463 112 509 14 1
29038 463 113 509 14 1
29039 463 114 509 14 1
29040 463 115 509 14 1
29041 463 116 509 14 1
29042 463 117 509 14 1
29043 463 118 509 14 1
29044 463 119 509 14 1
29045 463 120 509 14 1
29046 463 121 509 14 1
29047 463 122 509 14 1
29048 463 123 509 14 1
29049 463 124 509 14 1
29050 463 125 509 14 1
29051 463 126 509 14 1
29052 464 64 509 14 1
29053 464 65 509 14 1
29054 464 66 509 14 1
29055 464 67 509 14 1
29056 464 68 509 14 1
29057 464 69 509 14 1
29058 464 70 509 14 1
29059 464 71 509 14 1
29060 464 72 509 14 1
29061 464 73 509 14 1
29062 464 74 509 14 1
29063 464 75 509 14 1
29064 464 76 509 14 1
29065 464 77 509 14 1
29066 464 78 509 14 1
29067 464 79 509 14 1
29068 464 80 509 14 1
29069 464 81 509 14 1
29070 464 82 509 14 1
29071 464 83 509 14 1
29072 464 84 509 14 1
29073 464 85 509 14 1
29074 464 86 509 14 1
29075 464 87 509 14 1
29076 464 88 509 14 1
29077 464 89 509 14 1
29078 464 90 509 14 1
29079 464 91 509 14 1
29080 464 92 509 14 1
29081 464 93 509 14 1
29082 464 94 509 14 1
29083 464 95 509 14 1
29084 464 96 509 14 1
29085 464 97 509 14 1
29086 464 98 509 14 1
29087 464 99 509 14 1
29088 464 100 509 14 1
29089 464 101 509 14 1
29090 464 102 509 14 1
29091 464 103 509 14 1
29092 464 104 509 14 1
29093 464 105 509 14 1
29094 464 106 509 14 1
29095 464 107 509 14 1
29096 464 108 509 14 1
29097 464 109 509 14 1
29098 464 110 509 14 1
29099 464 111 509 14 1
29100 464 112 509 14 1
29101 464 113 509 14 1
29102 464 114 509 14 1
29103 464 115 509 14 1
29104 464 116 509 14 1
29105 464 117 509 14 1
29106 464 118 509 14 1
29107 464 119 509 14 1
29108 464 120 509 14 1
29109 464 121 509 14 1
29110 464 122 509 14 1
29111 464 123 509 14 1
29112 464 124 509 14 1
29113 464 125 509 14 1
29114 464 126 509 14 1
29115 465 64 509 14 1
29116 465 65 509 14 1
29117 465 66 509 14 1
29118 465 67 509 14 1
29119 465 68 509 14 1
29120 465 69 509 14 1
29121 465 70 509 14 1
29122 465 71 509 14 1
29123 465 72 509 14 1
29124 465 73 509 14 1
29125 465 74 509 14 1
29126 465 75 509 14 1
29127 465 76 509 14 1
29128 465 77 509 14 1
29129 465 78 509 14 1
29130 465 79 509 14 1
29131 465 80 509 14 1
29132 465 81 509 14 1
29133 465 82 509 14 1
29134 465 83 509 14 1
29135 465 84 509 14 1
29136 465 85 509 14 1
29137 465 86 509 14 1
29138 465 87 509 14 1
29139 465 88 509 14 1
29140 465 89 509 14 1
29141 465 90 509 14 1
29142 465 91 509 14 1
29143 465 92 509 14 1
29144 465 93 509 14 1
29145 465 94 509 14 1
29146 465 95 509 14 1
29147 465 96 509 14 1
29148 465 97 509 14 1
29149 465 98 509 14 1
29150 465 99 509 14 1
29151 465 100 509 14 1
29152 465 101 509 14 1
29153 465 102 509 14 1
29154 465 103 509 14 1
29155 465 104 509 14 1
29156 465 105 509 14 1
29157 465 106 509 14 1
29158 465 107 509 14 1
29159 465 108 509 14 1
29160 465 109 509 14 1
29161 465 110 509 14 1
29162 465 111 509 14 1
29163 465 112 509 14 1
29164 465 113 509 14 1
29165 465 114 509 14 1
29166 465 115 509 14 1
29167 465 116 509 14 1
29168 465 117 509 14 1
29169 465 118 509 14 1
29170 465 119 509 14 1
29171 465 120 509 14 1
29172 465 121 509 14 1
29173 465 122 509 14 1
29174 465 123 509 14 1
29175 465 124 509 14 1
29176 465 125 509 14 1
29177 465 126 509 14 1
29178 466 64 509 14 1
29179 466 65 509 14 1
29180 466 66 509 14 1
29181 466 67 509 14 1
29182 466 68 509 14 1
29183 466 69 509 14 1
29184 466 70 509 14 1
29185 466 71 509 14 1
29186 466 72 509 14 1
29187 466 73 509 14 1
29188 466 74 509 14 1
29189 466 75 509 14 1
29190 466 76 509 14 1
29191 466 77 509 14 1
29192 466 78 509 14 1
29193 466 79 509 14 1
29194 466 80 509 14 1
29195 466 81 509 14 1
29196 466 82 509 14 1
29197 466 83 509 14 1
29198 466 84 509 14 1
29199 466 85 509 14 1
29200 466 86 509 14 1
29201 466 87 509 14 1
29202 466 88 509 14 1
29203 466 89 509 14 1
29204 466 90 509 14 1
29205 466 91 509 14 1
29206 466 92 509 14 1
29207 466 93 509 14 1
29208 466 94 509 14 1
29209 466 95 509 14 1
29210 466 96 509 14 1
29211 466 97 509 14 1
29212 466 98 509 14 1
29213 466 99 509 14 1
29214 466 100 509 14 1
29215 466 101 509 14 1
29216 466 102 509 14 1
29217 466 103 509 14 1
29218 466 104 509 14 1
29219 466 105 509 14 1
29220 466 106 509 14 1
29221 466 107 509 14 1
29222 466 108 509 14 1
29223 466 109 509 14 1
29224 466 110 509 14 1
29225 466 111 509 14 1
29226 466 112 509 14 1
29227 466 113 509 14 1
29228 466 114 509 14 1
29229 466 115 509 14 1
29230 466 116 509 14 1
29231 466 117 509 14 1
29232 466 118 509 14 1
29233 466 119 509 14 1
29234 466 120 509 14 1
29235 466 121 509 14 1
29236 466 122 509 14 1
29237 466 123 509 14 1
29238 466 124 509 14 1
29239 466 125 509 14 1
29240 466 126 509 14 1
29241 467 64 509 14 1
29242 467 65 509 14 1
29243 467 66 509 14 1
29244 467 67 509 14 1
29245 467 68 509 14 1
29246 467 69 509 14 1
29247 467 70 509 14 1
29248 467 71 509 14 1
29249 467 72 509 14 1
29250 467 73 509 14 1
29251 467 74 509 14 1
29252 467 75 509 14 1
29253 467 76 509 14 1
29254 467 77 509 14 1
29255 467 78 509 14 1
29256 467 79 509 14 1
29257 467 80 509 14 1
29258 467 81 509 14 1
29259 467 82 509 14 1
29260 467 83 509 14 1
29261 467 84 509 14 1
29262 467 85 509 14 1
29263 467 86 509 14 1
29264 467 87 509 14 1
29265 467 88 509 14 1
29266 467 89 509 14 1
29267 467 90 509 14 1
29268 467 91 509 14 1
29269 467 92 509 14 1
29270 467 93 509 14 1
29271 467 94 509 14 1
29272 467 95 509 14 1
29273 467 96 509 14 1
29274 467 97 509 14 1
29275 467 98 509 14 1
29276 467 99 509 14 1
29277 467 100 509 14 1
29278 467 101 509 14 1
29279 467 102 509 14 1
29280 467 103 509 14 1
29281 467 104 509 14 1
29282 467 105 509 14 1
29283 467 106 509 14 1
29284 467 107 509 14 1
29285 467 108 509 14 1
29286 467 109 509 14 1
29287 467 110 509 14 1
29288 467 111 509 14 1
29289 467 112 509 14 1
29290 467 113 509 14 1
29291 467 114 509 14 1
29292 467 115 509 14 1
29293 467 116 509 14 1
29294 467 117 509 14 1
29295 467 118 509 14 1
29296 467 119 509 14 1
29297 467 120 509 14 1
29298 467 121 509 14 1
29299 467 122 509 14 1
29300 467 123 509 14 1
29301 467 124 509 14 1
29302 467 125 509 14 1
29303 467 126 509 14 1
29304 468 64 509 14 1
29305 468 65 509 14 1
29306 468 66 509 14 1
29307 468 67 509 14 1
29308 468 68 509 14 1
29309 468 69 509 14 1
29310 468 70 509 14 1
29311 468 71 509 14 1
29312 468 72 509 14 1
29313 468 73 509 14 1
29314 468 74 509 14 1
29315 468 75 509 14 1
29316 468 76 509 14 1
29317 468 77 509 14 1
29318 468 78 509 14 1
29319 468 79 509 14 1
29320 468 80 509 14 1
29321 468 81 509 14 1
29322 468 82 509 14 1
29323 468 83 509 14 1
29324 468 84 509 14 1
29325 468 85 509 14 1
29326 468 86 509 14 1
29327 468 87 509 14 1
29328 468 88 509 14 1
29329 468 89 509 14 1
29330 468 90 509 14 1
29331 468 91 509 14 1
29332 468 92 509 14 1
29333 468 93 509 14 1
29334 468 94 509 14 1
29335 468 95 509 14 1
29336 468 96 509 14 1
29337 468 97 509 14 1
29338 468 98 509 14 1
29339 468 99 509 14 1
29340 468 100 509 14 1
29341 468 101 509 14 1
29342 468 102 509 14 1
29343 468 103 509 14 1
29344 468 104 509 14 1
29345 468 105 509 14 1
29346 468 106 509 14 1
29347 468 107 509 14 1
29348 468 108 509 14 1
29349 468 109 509 14 1
29350 468 110 509 14 1
29351 468 111 509 14 1
29352 468 112 509 14 1
29353 468 113 509 14 1
29354 468 114 509 14 1
29355 468 115 509 14 1
29356 468 116 509 14 1
29357 468 117 509 14 1
29358 468 118 509 14 1
29359 468 119 509 14 1
29360 468 120 509 14 1
29361 468 121 509 14 1
29362 468 122 509 14 1
29363 468 123 509 14 1
29364 468 124 509 14 1
29365 468 125 509 14 1
29366 468 126 509 14 1
29367 469 64 509 14 1
29368 469 65 509 14 1
29369 469 66 509 14 1
29370 469 67 509 14 1
29371 469 68 509 14 1
29372 469 69 509 14 1
29373 469 70 509 14 1
29374 469 71 509 14 1
29375 469 72 509 14 1
29376 469 73 509 14 1
29377 469 74 509 14 1
29378 469 75 509 14 1
29379 469 76 509 14 1
29380 469 77 509 14 1
29381 469 78 509 14 1
29382 469 79 509 14 1
29383 469 80 509 14 1
29384 469 81 509 14 1
29385 469 82 509 14 1
29386 469 83 509 14 1
29387 469 84 509 14 1
29388 469 85 509 14 1
29389 469 86 509 14 1
29390 469 87 509 14 1
29391 469 88 509 14 1
29392 469 89 509 14 1
29393 469 90 509 14 1
29394 469 91 509 14 1
29395 469 92 509 14 1
29396 469 93 509 14 1
29397 469 94 509 14 1
29398 469 95 509 14 1
29399 469 96 509 14 1
29400 469 97 509 14 1
29401 469 98 509 14 1
29402 469 99 509 14 1
29403 469 100 509 14 1
29404 469 101 509 14 1
29405 469 102 509 14 1
29406 469 103 509 14 1
29407 469 104 509 14 1
29408 469 105 509 14 1
29409 469 106 509 14 1
29410 469 107 509 14 1
29411 469 108 509 14 1
29412 469 109 509 14 1
29413 469 110 509 14 1
29414 469 111 509 14 1
29415 469 112 509 14 1
29416 469 113 509 14 1
29417 469 114 509 14 1
29418 469 115 509 14 1
29419 469 116 509 14 1
29420 469 117 509 14 1
29421 469 118 509 14 1
29422 469 119 509 14 1
29423 469 120 509 14 1
29424 469 121 509 14 1
29425 469 122 509 14 1
29426 469 123 509 14 1
29427 469 124 509 14 1
29428 469 125 509 14 1
29429 469 126 509 14 1
29430 470 64 509 14 1
29431 470 65 509 14 1
29432 470 66 509 14 1
29433 470 67 509 14 1
29434 470 68 509 14 1
29435 470 69 509 14 1
29436 470 70 509 14 1
29437 470 71 509 14 1
29438 470 72 509 14 1
29439 470 73 509 14 1
29440 470 74 509 14 1
29441 470 75 509 14 1
29442 470 76 509 14 1
29443 470 77 509 14 1
29444 470 78 509 14 1
29445 470 79 509 14 1
29446 470 80 509 14 1
29447 470 81 509 14 1
29448 470 82 509 14 1
29449 470 83 509 14 1
29450 470 84 509 14 1
29451 470 85 509 14 1
29452 470 86 509 14 1
29453 470 87 509 14 1
29454 470 88 509 14 1
29455 470 89 509 14 1
29456 470 90 509 14 1
29457 470 91 509 14 1
29458 470 92 509 14 1
29459 470 93 509 14 1
29460 470 94 509 14 1
29461 470 95 509 14 1
29462 470 96 509 14 1
29463 470 97 509 14 1
29464 470 98 509 14 1
29465 470 99 509 14 1
29466 470 100 509 14 1
29467 470 101 509 14 1
29468 470 102 509 14 1
29469 470 103 509 14 1
29470 470 104 509 14 1
29471 470 105 509 14 1
29472 470 106 509 14 1
29473 470 107 509 14 1
29474 470 108 509 14 1
29475 470 109 509 14 1
29476 470 110 509 14 1
29477 470 111 509 14 1
29478 470 112 509 14 1
29479 470 113 509 14 1
29480 470 114 509 14 1
29481 470 115 509 14 1
29482 470 116 509 14 1
29483 470 117 509 14 1
29484 470 118 509 14 1
29485 470 119 509 14 1
29486 470 120 509 14 1
29487 470 121 509 14 1
29488 470 122 509 14 1
29489 470 123 509 14 1
29490 470 124 509 14 1
29491 470 125 509 14 1
29492 470 126 509 14 1
29493 471 64 509 14 1
29494 471 65 509 14 1
29495 471 66 509 14 1
29496 471 67 509 14 1
29497 471 68 509 14 1
29498 471 69 509 14 1
29499 471 70 509 14 1
29500 471 71 509 14 1
29501 471 72 509 14 1
29502 471 73 509 14 1
29503 471 74 509 14 1
29504 471 75 509 14 1
29505 471 76 509 14 1
29506 471 77 509 14 1
29507 471 78 509 14 1
29508 471 79 509 14 1
29509 471 80 509 14 1
29510 471 81 509 14 1
29511 471 82 509 14 1
29512 471 83 509 14 1
29513 471 84 509 14 1
29514 471 85 509 14 1
29515 471 86 509 14 1
29516 471 87 509 14 1
29517 471 88 509 14 1
29518 471 89 509 14 1
29519 471 90 509 14 1
29520 471 91 509 14 1
29521 471 92 509 14 1
29522 471 93 509 14 1
29523 471 94 509 14 1
29524 471 95 509 14 1
29525 471 96 509 14 1
29526 471 97 509 14 1
29527 471 98 509 14 1
29528 471 99 509 14 1
29529 471 100 509 14 1
29530 471 101 509 14 1
29531 471 102 509 14 1
29532 471 103 509 14 1
29533 471 104 509 14 1
29534 471 105 509 14 1
29535 471 106 509 14 1
29536 471 107 509 14 1
29537 471 108 509 14 1
29538 471 109 509 14 1
29539 471 110 509 14 1
29540 471 111 509 14 1
29541 471 112 509 14 1
29542 471 113 509 14 1
29543 471 114 509 14 1
29544 471 115 509 14 1
29545 471 116 509 14 1
29546 471 117 509 14 1
29547 471 118 509 14 1
29548 471 119 509 14 1
29549 471 120 509 14 1
29550 471 121 509 14 1
29551 471 122 509 14 1
29552 471 123 509 14 1
29553 471 124 509 14 1
29554 471 125 509 14 1
29555 471 126 509 14 1
29556 472 64 509 14 1
29557 472 65 509 14 1
29558 472 66 509 14 1
29559 472 67 509 14 1
29560 472 68 509 14 1
29561 472 69 509 14 1
29562 472 70 509 14 1
29563 472 71 509 14 1
29564 472 72 509 14 1
29565 472 73 509 14 1
29566 472 74 509 14 1
29567 472 75 509 14 1
29568 472 76 509 14 1
29569 472 77 509 14 1
29570 472 78 509 14 1
29571 472 79 509 14 1
29572 472 80 509 14 1
29573 472 81 509 14 1
29574 472 82 509 14 1
29575 472 83 509 14 1
29576 472 84 509 14 1
29577 472 85 509 14 1
29578 472 86 509 14 1
29579 472 87 509 14 1
29580 472 88 509 14 1
29581 472 89 509 14 1
29582 472 90 509 14 1
29583 472 91 509 14 1
29584 472 92 509 14 1
29585 472 93 509 14 1
29586 472 94 509 14 1
29587 472 95 509 14 1
29588 472 96 509 14 1
29589 472 97 509 14 1
29590 472 98 509 14 1
29591 472 99 509 14 1
29592 472 100 509 14 1
29593 472 101 509 14 1
29594 472 102 509 14 1
29595 472 103 509 14 1
29596 472 104 509 14 1
29597 472 105 509 14 1
29598 472 106 509 14 1
29599 472 107 509 14 1
29600 472 108 509 14 1
29601 472 109 509 14 1
29602 472 110 509 14 1
29603 472 111 509 14 1
29604 472 112 509 14 1
29605 472 113 509 14 1
29606 472 114 509 14 1
29607 472 115 509 14 1
29608 472 116 509 14 1
29609 472 117 509 14 1
29610 472 118 509 14 1
29611 472 119 509 14 1
29612 472 120 509 14 1
29613 472 121 509 14 1
29614 472 122 509 14 1
29615 472 123 509 14 1
29616 472 124 509 14 1
29617 472 125 509 14 1
29618 472 126 509 14 1
29619 473 64 509 14 1
29620 473 65 509 14 1
29621 473 66 509 14 1
29622 473 67 509 14 1
29623 473 68 509 14 1
29624 473 69 509 14 1
29625 473 70 509 14 1
29626 473 71 509 14 1
29627 473 72 509 14 1
29628 473 73 509 14 1
29629 473 74 509 14 1
29630 473 75 509 14 1
29631 473 76 509 14 1
29632 473 77 509 14 1
29633 473 78 509 14 1
29634 473 79 509 14 1
29635 473 80 509 14 1
29636 473 81 509 14 1
29637 473 82 509 14 1
29638 473 83 509 14 1
29639 473 84 509 14 1
29640 473 85 509 14 1
29641 473 86 509 14 1
29642 473 87 509 14 1
29643 473 88 509 14 1
29644 473 89 509 14 1
29645 473 90 509 14 1
29646 473 91 509 14 1
29647 473 92 509 14 1
29648 473 93 509 14 1
29649 473 94 509 14 1
29650 473 95 509 14 1
29651 473 96 509 14 1
29652 473 97 509 14 1
29653 473 98 509 14 1
29654 473 99 509 14 1
29655 473 100 509 14 1
29656 473 101 509 14 1
29657 473 102 509 14 1
29658 473 103 509 14 1
29659 473 104 509 14 1
29660 473 105 509 14 1
29661 473 106 509 14 1
29662 473 107 509 14 1
29663 473 108 509 14 1
29664 473 109 509 14 1
29665 473 110 509 14 1
29666 473 111 509 14 1
29667 473 112 509 14 1
29668 473 113 509 14 1
29669 473 114 509 14 1
29670 473 115 509 14 1
29671 473 116 509 14 1
29672 473 117 509 14 1
29673 473 118 509 14 1
29674 473 119 509 14 1
29675 473 120 509 14 1
29676 473 121 509 14 1
29677 473 122 509 14 1
29678 473 123 509 14 1
29679 473 124 509 14 1
29680 473 125 509 14 1
29681 473 126 509 14 1
29682 474 64 509 14 1
29683 474 65 509 14 1
29684 474 66 509 14 1
29685 474 67 509 14 1
29686 474 68 509 14 1
29687 474 69 509 14 1
29688 474 70 509 14 1
29689 474 71 509 14 1
29690 474 72 509 14 1
29691 474 73 509 14 1
29692 474 74 509 14 1
29693 474 75 509 14 1
29694 474 76 509 14 1
29695 474 77 509 14 1
29696 474 78 509 14 1
29697 474 79 509 14 1
29698 474 80 509 14 1
29699 474 81 509 14 1
29700 474 82 509 14 1
29701 474 83 509 14 1
29702 474 84 509 14 1
29703 474 85 509 14 1
29704 474 86 509 14 1
29705 474 87 509 14 1
29706 474 88 509 14 1
29707 474 89 509 14 1
29708 474 90 509 14 1
29709 474 91 509 14 1
29710 474 92 509 14 1
29711 474 93 509 14 1
29712 474 94 509 14 1
29713 474 95 509 14 1
29714 474 96 509 14 1
29715 474 97 509 14 1
29716 474 98 509 14 1
29717 474 99 509 14 1
29718 474 100 509 14 1
29719 474 101 509 14 1
29720 474 102 509 14 1
29721 474 103 509 14 1
29722 474 104 509 14 1
29723 474 105 509 14 1
29724 474 106 509 14 1
29725 474 107 509 14 1
29726 474 108 509 14 1
29727 474 109 509 14 1
29728 474 110 509 14 1
29729 474 111 509 14 1
29730 474 112 509 14 1
29731 474 113 509 14 1
29732 474 114 509 14 1
29733 474 115 509 14 1
29734 474 116 509 14 1
29735 474 117 509 14 1
29736 474 118 509 14 1
29737 474 119 509 14 1
29738 474 120 509 14 1
29739 474 121 509 14 1
29740 474 122 509 14 1
29741 474 123 509 14 1
29742 474 124 509 14 1
29743 474 125 509 14 1
29744 474 126 509 14 1
29745 475 64 509 14 1
29746 475 65 509 14 1
29747 475 66 509 14 1
29748 475 67 509 14 1
29749 475 68 509 14 1
29750 475 69 509 14 1
29751 475 70 509 14 1
29752 475 71 509 14 1
29753 475 72 509 14 1
29754 475 73 509 14 1
29755 475 74 509 14 1
29756 475 75 509 14 1
29757 475 76 509 14 1
29758 475 77 509 14 1
29759 475 78 509 14 1
29760 475 79 509 14 1
29761 475 80 509 14 1
29762 475 81 509 14 1
29763 475 82 509 14 1
29764 475 83 509 14 1
29765 475 84 509 14 1
29766 475 85 509 14 1
29767 475 86 509 14 1
29768 475 87 509 14 1
29769 475 88 509 14 1
29770 475 89 509 14 1
29771 475 90 509 14 1
29772 475 91 509 14 1
29773 475 92 509 14 1
29774 475 93 509 14 1
29775 475 94 509 14 1
29776 475 95 509 14 1
29777 475 96 509 14 1
29778 475 97 509 14 1
29779 475 98 509 14 1
29780 475 99 509 14 1
29781 475 100 509 14 1
29782 475 101 509 14 1
29783 475 102 509 14 1
29784 475 103 509 14 1
29785 475 104 509 14 1
29786 475 105 509 14 1
29787 475 106 509 14 1
29788 475 107 509 14 1
29789 475 108 509 14 1
29790 475 109 509 14 1
29791 475 110 509 14 1
29792 475 111 509 14 1
29793 475 112 509 14 1
29794 475 113 509 14 1
29795 475 114 509 14 1
29796 475 115 509 14 1
29797 475 116 509 14 1
29798 475 117 509 14 1
29799 475 118 509 14 1
29800 475 119 509 14 1
29801 475 120 509 14 1
29802 475 121 509 14 1
29803 475 122 509 14 1
29804 475 123 509 14 1
29805 475 124 509 14 1
29806 475 125 509 14 1
29807 475 126 509 14 1
29808 476 64 509 14 1
29809 476 65 509 14 1
29810 476 66 509 14 1
29811 476 67 509 14 1
29812 476 68 509 14 1
29813 476 69 509 14 1
29814 476 70 509 14 1
29815 476 71 509 14 1
29816 476 72 509 14 1
29817 476 73 509 14 1
29818 476 74 509 14 1
29819 476 75 509 14 1
29820 476 76 509 14 1
29821 476 77 509 14 1
29822 476 78 509 14 1
29823 476 79 509 14 1
29824 476 80 509 14 1
29825 476 81 509 14 1
29826 476 82 509 14 1
29827 476 83 509 14 1
29828 476 84 509 14 1
29829 476 85 509 14 1
29830 476 86 509 14 1
29831 476 87 509 14 1
29832 476 88 509 14 1
29833 476 89 509 14 1
29834 476 90 509 14 1
29835 476 91 509 14 1
29836 476 92 509 14 1
29837 476 93 509 14 1
29838 476 94 509 14 1
29839 476 95 509 14 1
29840 476 96 509 14 1
29841 476 97 509 14 1
29842 476 98 509 14 1
29843 476 99 509 14 1
29844 476 100 509 14 1
29845 476 101 509 14 1
29846 476 102 509 14 1
29847 476 103 509 14 1
29848 476 104 509 14 1
29849 476 105 509 14 1
29850 476 106 509 14 1
29851 476 107 509 14 1
29852 476 108 509 14 1
29853 476 109 509 14 1
29854 476 110 509 14 1
29855 476 111 509 14 1
29856 476 112 509 14 1
29857 476 113 509 14 1
29858 476 114 509 14 1
29859 476 115 509 14 1
29860 476 116 509 14 1
29861 476 117 509 14 1
29862 476 118 509 14 1
29863 476 119 509 14 1
29864 476 120 509 14 1
29865 476 121 509 14 1
29866 476 122 509 14 1
29867 476 123 509 14 1
29868 476 124 509 14 1
29869 476 125 509 14 1
29870 476 126 509 14 1
29871 477 64 509 14 1
29872 477 65 509 14 1
29873 477 66 509 14 1
29874 477 67 509 14 1
29875 477 68 509 14 1
29876 477 69 509 14 1
29877 477 70 509 14 1
29878 477 71 509 14 1
29879 477 72 509 14 1
29880 477 73 509 14 1
29881 477 74 509 14 1
29882 477 75 509 14 1
29883 477 76 509 14 1
29884 477 77 509 14 1
29885 477 78 509 14 1
29886 477 79 509 14 1
29887 477 80 509 14 1
29888 477 81 509 14 1
29889 477 82 509 14 1
29890 477 83 509 14 1
29891 477 84 509 14 1
29892 477 85 509 14 1
29893 477 86 509 14 1
29894 477 87 509 14 1
29895 477 88 509 14 1
29896 477 89 509 14 1
29897 477 90 509 14 1
29898 477 91 509 14 1
29899 477 92 509 14 1
29900 477 93 509 14 1
29901 477 94 509 14 1
29902 477 95 509 14 1
29903 477 96 509 14 1
29904 477 97 509 14 1
29905 477 98 509 14 1
29906 477 99 509 14 1
29907 477 100 509 14 1
29908 477 101 509 14 1
29909 477 102 509 14 1
29910 477 103 509 14 1
29911 477 104 509 14 1
29912 477 105 509 14 1
29913 477 106 509 14 1
29914 477 107 509 14 1
29915 477 108 509 14 1
29916 477 109 509 14 1
29917 477 110 509 14 1
29918 477 111 509 14 1
29919 477 112 509 14 1
29920 477 113 509 14 1
29921 477 114 509 14 1
29922 477 115 509 14 1
29923 477 116 509 14 1
29924 477 117 509 14 1
29925 477 118 509 14 1
29926 477 119 509 14 1
29927 477 120 509 14 1
29928 477 121 509 14 1
29929 477 122 509 14 1
29930 477 123 509 14 1
29931 477 124 509 14 1
29932 477 125 509 14 1
29933 477 126 509 14 1
29934 478 64 509 14 1
29935 478 65 509 14 1
29936 478 66 509 14 1
29937 478 67 509 14 1
29938 478 68 509 14 1
29939 478 69 509 14 1
29940 478 70 509 14 1
29941 478 71 509 14 1
29942 478 72 509 14 1
29943 478 73 509 14 1
29944 478 74 509 14 1
29945 478 75 509 14 1
29946 478 76 509 14 1
29947 478 77 509 14 1
29948 478 78 509 14 1
29949 478 79 509 14 1
29950 478 80 509 14 1
29951 478 81 509 14 1
29952 478 82 509 14 1
29953 478 83 509 14 1
29954 478 84 509 14 1
29955 478 85 509 14 1
29956 478 86 509 14 1
29957 478 87 509 14 1
29958 478 88 509 14 1
29959 478 89 509 14 1
29960 478 90 509 14 1
29961 478 91 509 14 1
29962 478 92 509 14 1
29963 478 93 509 14 1
29964 478 94 509 14 1
29965 478 95 509 14 1
29966 478 96 509 14 1
29967 478 97 509 14 1
29968 478 98 509 14 1
29969 478 99 509 14 1
29970 478 100 509 14 1
29971 478 101 509 14 1
29972 478 102 509 14 1
29973 478 103 509 14 1
29974 478 104 509 14 1
29975 478 105 509 14 1
29976 478 106 509 14 1
29977 478 107 509 14 1
29978 478 108 509 14 1
29979 478 109 509 14 1
29980 478 110 509 14 1
29981 478 111 509 14 1
29982 478 112 509 14 1
29983 478 113 509 14 1
29984 478 114 509 14 1
29985 478 115 509 14 1
29986 478 116 509 14 1
29987 478 117 509 14 1
29988 478 118 509 14 1
29989 478 119 509 14 1
29990 478 120 509 14 1
29991 478 121 509 14 1
29992 478 122 509 14 1
29993 478 123 509 14 1
29994 478 124 509 14 1
29995 478 125 509 14 1
29996 478 126 509 14 1
29997 479 64 509 14 1
29998 479 65 509 14 1
29999 479 66 509 14 1
30000 479 67 509 14 1
30001 479 68 509 14 1
30002 479 69 509 14 1
30003 479 70 509 14 1
30004 479 71 509 14 1
30005 479 72 509 14 1
30006 479 73 509 14 1
30007 479 74 509 14 1
30008 479 75 509 14 1
30009 479 76 509 14 1
30010 479 77 509 14 1
30011 479 78 509 14 1
30012 479 79 509 14 1
30013 479 80 509 14 1
30014 479 81 509 14 1
30015 479 82 509 14 1
30016 479 83 509 14 1
30017 479 84 509 14 1
30018 479 85 509 14 1
30019 479 86 509 14 1
30020 479 87 509 14 1
30021 479 88 509 14 1
30022 479 89 509 14 1
30023 479 90 509 14 1
30024 479 91 509 14 1
30025 479 92 509 14 1
30026 479 93 509 14 1
30027 479 94 509 14 1
30028 479 95 509 14 1
30029 479 96 509 14 1
30030 479 97 509 14 1
30031 479 98 509 14 1
30032 479 99 509 14 1
30033 479 100 509 14 1
30034 479 101 509 14 1
30035 479 102 509 14 1
30036 479 103 509 14 1
30037 479 104 509 14 1
30038 479 105 509 14 1
30039 479 106 509 14 1
30040 479 107 509 14 1
30041 479 108 509 14 1
30042 479 109 509 14 1
30043 479 110 509 14 1
30044 479 111 509 14 1
30045 479 112 509 14 1
30046 479 113 509 14 1
30047 479 114 509 14 1
30048 479 115 509 14 1
30049 479 116 509 14 1
30050 479 117 509 14 1
30051 479 118 509 14 1
30052 479 119 509 14 1
30053 479 120 509 14 1
30054 479 121 509 14 1
30055 479 122 509 14 1
30056 479 123 509 14 1
30057 479 124 509 14 1
30058 479 125 509 14 1
30059 479 126 509 14 1
30060 480 64 509 14 1
30061 480 65 509 14 1
30062 480 66 509 14 1
30063 480 67 509 14 1
30064 480 68 509 14 1
30065 480 69 509 14 1
30066 480 70 509 14 1
30067 480 71 509 14 1
30068 480 72 509 14 1
30069 480 73 509 14 1
30070 480 74 509 14 1
30071 480 75 509 14 1
30072 480 76 509 14 1
30073 480 77 509 14 1
30074 480 78 509 14 1
30075 480 79 509 14 1
30076 480 80 509 14 1
30077 480 81 509 14 1
30078 480 82 509 14 1
30079 480 83 509 14 1
30080 480 84 509 14 1
30081 480 85 509 14 1
30082 480 86 509 14 1
30083 480 87 509 14 1
30084 480 88 509 14 1
30085 480 89 509 14 1
30086 480 90 509 14 1
30087 480 91 509 14 1
30088 480 92 509 14 1
30089 480 93 509 14 1
30090 480 94 509 14 1
30091 480 95 509 14 1
30092 480 96 509 14 1
30093 480 97 509 14 1
30094 480 98 509 14 1
30095 480 99 509 14 1
30096 480 100 509 14 1
30097 480 101 509 14 1
30098 480 102 509 14 1
30099 480 103 509 14 1
30100 480 104 509 14 1
30101 480 105 509 14 1
30102 480 106 509 14 1
30103 480 107 509 14 1
30104 480 108 509 14 1
30105 480 109 509 14 1
30106 480 110 509 14 1
30107 480 111 509 14 1
30108 480 112 509 14 1
30109 480 113 509 14 1
30110 480 114 509 14 1
30111 480 115 509 14 1
30112 480 116 509 14 1
30113 480 117 509 14 1
30114 480 118 509 14 1
30115 480 119 509 14 1
30116 480 120 509 14 1
30117 480 121 509 14 1
30118 480 122 509 14 1
30119 480 123 509 14 1
30120 480 124 509 14 1
30121 480 125 509 14 1
30122 480 126 509 14 1
30123 481 64 509 14 1
30124 481 65 509 14 1
30125 481 66 509 14 1
30126 481 67 509 14 1
30127 481 68 509 14 1
30128 481 69 509 14 1
30129 481 70 509 14 1
30130 481 71 509 14 1
30131 481 72 509 14 1
30132 481 73 509 14 1
30133 481 74 509 14 1
30134 481 75 509 14 1
30135 481 76 509 14 1
30136 481 77 509 14 1
30137 481 78 509 14 1
30138 481 79 509 14 1
30139 481 80 509 14 1
30140 481 81 509 14 1
30141 481 82 509 14 1
30142 481 83 509 14 1
30143 481 84 509 14 1
30144 481 85 509 14 1
30145 481 86 509 14 1
30146 481 87 509 14 1
30147 481 88 509 14 1
30148 481 89 509 14 1
30149 481 90 509 14 1
30150 481 91 509 14 1
30151 481 92 509 14 1
30152 481 93 509 14 1
30153 481 94 509 14 1
30154 481 95 509 14 1
30155 481 96 509 14 1
30156 481 97 509 14 1
30157 481 98 509 14 1
30158 481 99 509 14 1
30159 481 100 509 14 1
30160 481 101 509 14 1
30161 481 102 509 14 1
30162 481 103 509 14 1
30163 481 104 509 14 1
30164 481 105 509 14 1
30165 481 106 509 14 1
30166 481 107 509 14 1
30167 481 108 509 14 1
30168 481 109 509 14 1
30169 481 110 509 14 1
30170 481 111 509 14 1
30171 481 112 509 14 1
30172 481 113 509 14 1
30173 481 114 509 14 1
30174 481 115 509 14 1
30175 481 116 509 14 1
30176 481 117 509 14 1
30177 481 118 509 14 1
30178 481 119 509 14 1
30179 481 120 509 14 1
30180 481 121 509 14 1
30181 481 122 509 14 1
30182 481 123 509 14 1
30183 481 124 509 14 1
30184 481 125 509 14 1
30185 481 126 509 14 1
30186 482 64 509 14 1
30187 482 65 509 14 1
30188 482 66 509 14 1
30189 482 67 509 14 1
30190 482 68 509 14 1
30191 482 69 509 14 1
30192 482 70 509 14 1
30193 482 71 509 14 1
30194 482 72 509 14 1
30195 482 73 509 14 1
30196 482 74 509 14 1
30197 482 75 509 14 1
30198 482 76 509 14 1
30199 482 77 509 14 1
30200 482 78 509 14 1
30201 482 79 509 14 1
30202 482 80 509 14 1
30203 482 81 509 14 1
30204 482 82 509 14 1
30205 482 83 509 14 1
30206 482 84 509 14 1
30207 482 85 509 14 1
30208 482 86 509 14 1
30209 482 87 509 14 1
30210 482 88 509 14 1
30211 482 89 509 14 1
30212 482 90 509 14 1
30213 482 91 509 14 1
30214 482 92 509 14 1
30215 482 93 509 14 1
30216 482 94 509 14 1
30217 482 95 509 14 1
30218 482 96 509 14 1
30219 482 97 509 14 1
30220 482 98 509 14 1
30221 482 99 509 14 1
30222 482 100 509 14 1
30223 482 101 509 14 1
30224 482 102 509 14 1
30225 482 103 509 14 1
30226 482 104 509 14 1
30227 482 105 509 14 1
30228 482 106 509 14 1
30229 482 107 509 14 1
30230 482 108 509 14 1
30231 482 109 509 14 1
30232 482 110 509 14 1
30233 482 111 509 14 1
30234 482 112 509 14 1
30235 482 113 509 14 1
30236 482 114 509 14 1
30237 482 115 509 14 1
30238 482 116 509 14 1
30239 482 117 509 14 1
30240 482 118 509 14 1
30241 482 119 509 14 1
30242 482 120 509 14 1
30243 482 121 509 14 1
30244 482 122 509 14 1
30245 482 123 509 14 1
30246 482 124 509 14 1
30247 482 125 509 14 1
30248 482 126 509 14 1
30249 483 64 509 14 1
30250 483 65 509 14 1
30251 483 66 509 14 1
30252 483 67 509 14 1
30253 483 68 509 14 1
30254 483 69 509 14 1
30255 483 70 509 14 1
30256 483 71 509 14 1
30257 483 72 509 14 1
30258 483 73 509 14 1
30259 483 74 509 14 1
30260 483 75 509 14 1
30261 483 76 509 14 1
30262 483 77 509 14 1
30263 483 78 509 14 1
30264 483 79 509 14 1
30265 483 80 509 14 1
30266 483 81 509 14 1
30267 483 82 509 14 1
30268 483 83 509 14 1
30269 483 84 509 14 1
30270 483 85 509 14 1
30271 483 86 509 14 1
30272 483 87 509 14 1
30273 483 88 509 14 1
30274 483 89 509 14 1
30275 483 90 509 14 1
30276 483 91 509 14 1
30277 483 92 509 14 1
30278 483 93 509 14 1
30279 483 94 509 14 1
30280 483 95 509 14 1
30281 483 96 509 14 1
30282 483 97 509 14 1
30283 483 98 509 14 1
30284 483 99 509 14 1
30285 483 100 509 14 1
30286 483 101 509 14 1
30287 483 102 509 14 1
30288 483 103 509 14 1
30289 483 104 509 14 1
30290 483 105 509 14 1
30291 483 106 509 14 1
30292 483 107 509 14 1
30293 483 108 509 14 1
30294 483 109 509 14 1
30295 483 110 509 14 1
30296 483 111 509 14 1
30297 483 112 509 14 1
30298 483 113 509 14 1
30299 483 114 509 14 1
30300 483 115 509 14 1
30301 483 116 509 14 1
30302 483 117 509 14 1
30303 483 118 509 14 1
30304 483 119 509 14 1
30305 483 120 509 14 1
30306 483 121 509 14 1
30307 483 122 509 14 1
30308 483 123 509 14 1
30309 483 124 509 14 1
30310 483 125 509 14 1
30311 483 126 509 14 1
30312 484 64 509 14 1
30313 484 65 509 14 1
30314 484 66 509 14 1
30315 484 67 509 14 1
30316 484 68 509 14 1
30317 484 69 509 14 1
30318 484 70 509 14 1
30319 484 71 509 14 1
30320 484 72 509 14 1
30321 484 73 509 14 1
30322 484 74 509 14 1
30323 484 75 509 14 1
30324 484 76 509 14 1
30325 484 77 509 14 1
30326 484 78 509 14 1
30327 484 79 509 14 1
30328 484 80 509 14 1
30329 484 81 509 14 1
30330 484 82 509 14 1
30331 484 83 509 14 1
30332 484 84 509 14 1
30333 484 85 509 14 1
30334 484 86 509 14 1
30335 484 87 509 14 1
30336 484 88 509 14 1
30337 484 89 509 14 1
30338 484 90 509 14 1
30339 484 91 509 14 1
30340 484 92 509 14 1
30341 484 93 509 14 1
30342 484 94 509 14 1
30343 484 95 509 14 1
30344 484 96 509 14 1
30345 484 97 509 14 1
30346 484 98 509 14 1
30347 484 99 509 14 1
30348 484 100 509 14 1
30349 484 101 509 14 1
30350 484 102 509 14 1
30351 484 103 509 14 1
30352 484 104 509 14 1
30353 484 105 509 14 1
30354 484 106 509 14 1
30355 484 107 509 14 1
30356 484 108 509 14 1
30357 484 109 509 14 1
30358 484 110 509 14 1
30359 484 111 509 14 1
30360 484 112 509 14 1
30361 484 113 509 14 1
30362 484 114 509 14 1
30363 484 115 509 14 1
30364 484 116 509 14 1
30365 484 117 509 14 1
30366 484 118 509 14 1
30367 484 119 509 14 1
30368 484 120 509 14 1
30369 484 121 509 14 1
30370 484 122 509 14 1
30371 484 123 509 14 1
30372 484 124 509 14 1
30373 484 125 509 14 1
30374 484 126 509 14 1
30375 485 64 509 14 1
30376 485 65 509 14 1
30377 485 66 509 14 1
30378 485 67 509 14 1
30379 485 68 509 14 1
30380 485 69 509 14 1
30381 485 70 509 14 1
30382 485 71 509 14 1
30383 485 72 509 14 1
30384 485 73 509 14 1
30385 485 74 509 14 1
30386 485 75 509 14 1
30387 485 76 509 14 1
30388 485 77 509 14 1
30389 485 78 509 14 1
30390 485 79 509 14 1
30391 485 80 509 14 1
30392 485 81 509 14 1
30393 485 82 509 14 1
30394 485 83 509 14 1
30395 485 84 509 14 1
30396 485 85 509 14 1
30397 485 86 509 14 1
30398 485 87 509 14 1
30399 485 88 509 14 1
30400 485 89 509 14 1
30401 485 90 509 14 1
30402 485 91 509 14 1
30403 485 92 509 14 1
30404 485 93 509 14 1
30405 485 94 509 14 1
30406 485 95 509 14 1
30407 485 96 509 14 1
30408 485 97 509 14 1
30409 485 98 509 14 1
30410 485 99 509 14 1
30411 485 100 509 14 1
30412 485 101 509 14 1
30413 485 102 509 14 1
30414 485 103 509 14 1
30415 485 104 509 14 1
30416 485 105 509 14 1
30417 485 106 509 14 1
30418 485 107 509 14 1
30419 485 108 509 14 1
30420 485 109 509 14 1
30421 485 110 509 14 1
30422 485 111 509 14 1
30423 485 112 509 14 1
30424 485 113 509 14 1
30425 485 114 509 14 1
30426 485 115 509 14 1
30427 485 116 509 14 1
30428 485 117 509 14 1
30429 485 118 509 14 1
30430 485 119 509 14 1
30431 485 120 509 14 1
30432 485 121 509 14 1
30433 485 122 509 14 1
30434 485 123 509 14 1
30435 485 124 509 14 1
30436 485 125 509 14 1
30437 485 126 509 14 1
30438 486 64 509 14 1
30439 486 65 509 14 1
30440 486 66 509 14 1
30441 486 67 509 14 1
30442 486 68 509 14 1
30443 486 69 509 14 1
30444 486 70 509 14 1
30445 486 71 509 14 1
30446 486 72 509 14 1
30447 486 73 509 14 1
30448 486 74 509 14 1
30449 486 75 509 14 1
30450 486 76 509 14 1
30451 486 77 509 14 1
30452 486 78 509 14 1
30453 486 79 509 14 1
30454 486 80 509 14 1
30455 486 81 509 14 1
30456 486 82 509 14 1
30457 486 83 509 14 1
30458 486 84 509 14 1
30459 486 85 509 14 1
30460 486 86 509 14 1
30461 486 87 509 14 1
30462 486 88 509 14 1
30463 486 89 509 14 1
30464 486 90 509 14 1
30465 486 91 509 14 1
30466 486 92 509 14 1
30467 486 93 509 14 1
30468 486 94 509 14 1
30469 486 95 509 14 1
30470 486 96 509 14 1
30471 486 97 509 14 1
30472 486 98 509 14 1
30473 486 99 509 14 1
30474 486 100 509 14 1
30475 486 101 509 14 1
30476 486 102 509 14 1
30477 486 103 509 14 1
30478 486 104 509 14 1
30479 486 105 509 14 1
30480 486 106 509 14 1
30481 486 107 509 14 1
30482 486 108 509 14 1
30483 486 109 509 14 1
30484 486 110 509 14 1
30485 486 111 509 14 1
30486 486 112 509 14 1
30487 486 113 509 14 1
30488 486 114 509 14 1
30489 486 115 509 14 1
30490 486 116 509 14 1
30491 486 117 509 14 1
30492 486 118 509 14 1
30493 486 119 509 14 1
30494 486 120 509 14 1
30495 486 121 509 14 1
30496 486 122 509 14 1
30497 486 123 509 14 1
30498 486 124 509 14 1
30499 486 125 509 14 1
30500 486 126 509 14 1
30501 487 64 509 14 1
30502 487 65 509 14 1
30503 487 66 509 14 1
30504 487 67 509 14 1
30505 487 68 509 14 1
30506 487 69 509 14 1
30507 487 70 509 14 1
30508 487 71 509 14 1
30509 487 72 509 14 1
30510 487 73 509 14 1
30511 487 74 509 14 1
30512 487 75 509 14 1
30513 487 76 509 14 1
30514 487 77 509 14 1
30515 487 78 509 14 1
30516 487 79 509 14 1
30517 487 80 509 14 1
30518 487 81 509 14 1
30519 487 82 509 14 1
30520 487 83 509 14 1
30521 487 84 509 14 1
30522 487 85 509 14 1
30523 487 86 509 14 1
30524 487 87 509 14 1
30525 487 88 509 14 1
30526 487 89 509 14 1
30527 487 90 509 14 1
30528 487 91 509 14 1
30529 487 92 509 14 1
30530 487 93 509 14 1
30531 487 94 509 14 1
30532 487 95 509 14 1
30533 487 96 509 14 1
30534 487 97 509 14 1
30535 487 98 509 14 1
30536 487 99 509 14 1
30537 487 100 509 14 1
30538 487 101 509 14 1
30539 487 102 509 14 1
30540 487 103 509 14 1
30541 487 104 509 14 1
30542 487 105 509 14 1
30543 487 106 509 14 1
30544 487 107 509 14 1
30545 487 108 509 14 1
30546 487 109 509 14 1
30547 487 110 509 14 1
30548 487 111 509 14 1
30549 487 112 509 14 1
30550 487 113 509 14 1
30551 487 114 509 14 1
30552 487 115 509 14 1
30553 487 116 509 14 1
30554 487 117 509 14 1
30555 487 118 509 14 1
30556 487 119 509 14 1
30557 487 120 509 14 1
30558 487 121 509 14 1
30559 487 122 509 14 1
30560 487 123 509 14 1
30561 487 124 509 14 1
30562 487 125 509 14 1
30563 487 126 509 14 1
30564 488 64 509 14 1
30565 488 65 509 14 1
30566 488 66 509 14 1
30567 488 67 509 14 1
30568 488 68 509 14 1
30569 488 69 509 14 1
30570 488 70 509 14 1
30571 488 71 509 14 1
30572 488 72 509 14 1
30573 488 73 509 14 1
30574 488 74 509 14 1
30575 488 75 509 14 1
30576 488 76 509 14 1
30577 488 77 509 14 1
30578 488 78 509 14 1
30579 488 79 509 14 1
30580 488 80 509 14 1
30581 488 81 509 14 1
30582 488 82 509 14 1
30583 488 83 509 14 1
30584 488 84 509 14 1
30585 488 85 509 14 1
30586 488 86 509 14 1
30587 488 87 509 14 1
30588 488 88 509 14 1
30589 488 89 509 14 1
30590 488 90 509 14 1
30591 488 91 509 14 1
30592 488 92 509 14 1
30593 488 93 509 14 1
30594 488 94 509 14 1
30595 488 95 509 14 1
30596 488 96 509 14 1
30597 488 97 509 14 1
30598 488 98 509 14 1
30599 488 99 509 14 1
30600 488 100 509 14 1
30601 488 101 509 14 1
30602 488 102 509 14 1
30603 488 103 509 14 1
30604 488 104 509 14 1
30605 488 105 509 14 1
30606 488 106 509 14 1
30607 488 107 509 14 1
30608 488 108 509 14 1
30609 488 109 509 14 1
30610 488 110 509 14 1
30611 488 111 509 14 1
30612 488 112 509 14 1
30613 488 113 509 14 1
30614 488 114 509 14 1
30615 488 115 509 14 1
30616 488 116 509 14 1
30617 488 117 509 14 1
30618 488 118 509 14 1
30619 488 119 509 14 1
30620 488 120 509 14 1
30621 488 121 509 14 1
30622 488 122 509 14 1
30623 488 123 509 14 1
30624 488 124 509 14 1
30625 488 125 509 14 1
30626 488 126 509 14 1
30627 489 64 509 14 1
30628 489 65 509 14 1
30629 489 66 509 14 1
30630 489 67 509 14 1
30631 489 68 509 14 1
30632 489 69 509 14 1
30633 489 70 509 14 1
30634 489 71 509 14 1
30635 489 72 509 14 1
30636 489 73 509 14 1
30637 489 74 509 14 1
30638 489 75 509 14 1
30639 489 76 509 14 1
30640 489 77 509 14 1
30641 489 78 509 14 1
30642 489 79 509 14 1
30643 489 80 509 14 1
30644 489 81 509 14 1
30645 489 82 509 14 1
30646 489 83 509 14 1
30647 489 84 509 14 1
30648 489 85 509 14 1
30649 489 86 509 14 1
30650 489 87 509 14 1
30651 489 88 509 14 1
30652 489 89 509 14 1
30653 489 90 509 14 1
30654 489 91 509 14 1
30655 489 92 509 14 1
30656 489 93 509 14 1
30657 489 94 509 14 1
30658 489 95 509 14 1
30659 489 96 509 14 1
30660 489 97 509 14 1
30661 489 98 509 14 1
30662 489 99 509 14 1
30663 489 100 509 14 1
30664 489 101 509 14 1
30665 489 102 509 14 1
30666 489 103 509 14 1
30667 489 104 509 14 1
30668 489 105 509 14 1
30669 489 106 509 14 1
30670 489 107 509 14 1
30671 489 108 509 14 1
30672 489 109 509 14 1
30673 489 110 509 14 1
30674 489 111 509 14 1
30675 489 112 509 14 1
30676 489 113 509 14 1
30677 489 114 509 14 1
30678 489 115 509 14 1
30679 489 116 509 14 1
30680 489 117 509 14 1
30681 489 118 509 14 1
30682 489 119 509 14 1
30683 489 120 509 14 1
30684 489 121 509 14 1
30685 489 122 509 14 1
30686 489 123 509 14 1
30687 489 124 509 14 1
30688 489 125 509 14 1
30689 489 126 509 14 1
30690 490 64 509 14 1
30691 490 65 509 14 1
30692 490 66 509 14 1
30693 490 67 509 14 1
30694 490 68 509 14 1
30695 490 69 509 14 1
30696 490 70 509 14 1
30697 490 71 509 14 1
30698 490 72 509 14 1
30699 490 73 509 14 1
30700 490 74 509 14 1
30701 490 75 509 14 1
30702 490 76 509 14 1
30703 490 77 509 14 1
30704 490 78 509 14 1
30705 490 79 509 14 1
30706 490 80 509 14 1
30707 490 81 509 14 1
30708 490 82 509 14 1
30709 490 83 509 14 1
30710 490 84 509 14 1
30711 490 85 509 14 1
30712 490 86 509 14 1
30713 490 87 509 14 1
30714 490 88 509 14 1
30715 490 89 509 14 1
30716 490 90 509 14 1
30717 490 91 509 14 1
30718 490 92 509 14 1
30719 490 93 509 14 1
30720 490 94 509 14 1
30721 490 95 509 14 1
30722 490 96 509 14 1
30723 490 97 509 14 1
30724 490 98 509 14 1
30725 490 99 509 14 1
30726 490 100 509 14 1
30727 490 101 509 14 1
30728 490 102 509 14 1
30729 490 103 509 14 1
30730 490 104 509 14 1
30731 490 105 509 14 1
30732 490 106 509 14 1
30733 490 107 509 14 1
30734 490 108 509 14 1
30735 490 109 509 14 1
30736 490 110 509 14 1
30737 490 111 509 14 1
30738 490 112 509 14 1
30739 490 113 509 14 1
30740 490 114 509 14 1
30741 490 115 509 14 1
30742 490 116 509 14 1
30743 490 117 509 14 1
30744 490 118 509 14 1
30745 490 119 509 14 1
30746 490 120 509 14 1
30747 490 121 509 14 1
30748 490 122 509 14 1
30749 490 123 509 14 1
30750 490 124 509 14 1
30751 490 125 509 14 1
30752 490 126 509 14 1
30753 491 64 509 14 1
30754 491 65 509 14 1
30755 491 66 509 14 1
30756 491 67 509 14 1
30757 491 68 509 14 1
30758 491 69 509 14 1
30759 491 70 509 14 1
30760 491 71 509 14 1
30761 491 72 509 14 1
30762 491 73 509 14 1
30763 491 74 509 14 1
30764 491 75 509 14 1
30765 491 76 509 14 1
30766 491 77 509 14 1
30767 491 78 509 14 1
30768 491 79 509 14 1
30769 491 80 509 14 1
30770 491 81 509 14 1
30771 491 82 509 14 1
30772 491 83 509 14 1
30773 491 84 509 14 1
30774 491 85 509 14 1
30775 491 86 509 14 1
30776 491 87 509 14 1
30777 491 88 509 14 1
30778 491 89 509 14 1
30779 491 90 509 14 1
30780 491 91 509 14 1
30781 491 92 509 14 1
30782 491 93 509 14 1
30783 491 94 509 14 1
30784 491 95 509 14 1
30785 491 96 509 14 1
30786 491 97 509 14 1
30787 491 98 509 14 1
30788 491 99 509 14 1
30789 491 100 509 14 1
30790 491 101 509 14 1
30791 491 102 509 14 1
30792 491 103 509 14 1
30793 491 104 509 14 1
30794 491 105 509 14 1
30795 491 106 509 14 1
30796 491 107 509 14 1
30797 491 108 509 14 1
30798 491 109 509 14 1
30799 491 110 509 14 1
30800 491 111 509 14 1
30801 491 112 509 14 1
30802 491 113 509 14 1
30803 491 114 509 14 1
30804 491 115 509 14 1
30805 491 116 509 14 1
30806 491 117 509 14 1
30807 491 118 509 14 1
30808 491 119 509 14 1
30809 491 120 509 14 1
30810 491 121 509 14 1
30811 491 122 509 14 1
30812 491 123 509 14 1
30813 491 124 509 14 1
30814 491 125 509 14 1
30815 491 126 509 14 1
30816 492 64 509 14 1
30817 492 65 509 14 1
30818 492 66 509 14 1
30819 492 67 509 14 1
30820 492 68 509 14 1
30821 492 69 509 14 1
30822 492 70 509 14 1
30823 492 71 509 14 1
30824 492 72 509 14 1
30825 492 73 509 14 1
30826 492 74 509 14 1
30827 492 75 509 14 1
30828 492 76 509 14 1
30829 492 77 509 14 1
30830 492 78 509 14 1
30831 492 79 509 14 1
30832 492 80 509 14 1
30833 492 81 509 14 1
30834 492 82 509 14 1
30835 492 83 509 14 1
30836 492 84 509 14 1
30837 492 85 509 14 1
30838 492 86 509 14 1
30839 492 87 509 14 1
30840 492 88 509 14 1
30841 492 89 509 14 1
30842 492 90 509 14 1
30843 492 91 509 14 1
30844 492 92 509 14 1
30845 492 93 509 14 1
30846 492 94 509 14 1
30847 492 95 509 14 1
30848 492 96 509 14 1
30849 492 97 509 14 1
30850 492 98 509 14 1
30851 492 99 509 14 1
30852 492 100 509 14 1
30853 492 101 509 14 1
30854 492 102 509 14 1
30855 492 103 509 14 1
30856 492 104 509 14 1
30857 492 105 509 14 1
30858 492 106 509 14 1
30859 492 107 509 14 1
30860 492 108 509 14 1
30861 492 109 509 14 1
30862 492 110 509 14 1
30863 492 111 509 14 1
30864 492 112 509 14 1
30865 492 113 509 14 1
30866 492 114 509 14 1
30867 492 115 509 14 1
30868 492 116 509 14 1
30869 492 117 509 14 1
30870 492 118 509 14 1
30871 492 119 509 14 1
30872 492 120 509 14 1
30873 492 121 509 14 1
30874 492 122 509 14 1
30875 492 123 509 14 1
30876 492 124 509 14 1
30877 492 125 509 14 1
30878 492 126 509 14 1
30879 493 64 509 14 1
30880 493 65 509 14 1
30881 493 66 509 14 1
30882 493 67 509 14 1
30883 493 68 509 14 1
30884 493 69 509 14 1
30885 493 70 509 14 1
30886 493 71 509 14 1
30887 493 72 509 14 1
30888 493 73 509 14 1
30889 493 74 509 14 1
30890 493 75 509 14 1
30891 493 76 509 14 1
30892 493 77 509 14 1
30893 493 78 509 14 1
30894 493 79 509 14 1
30895 493 80 509 14 1
30896 493 81 509 14 1
30897 493 82 509 14 1
30898 493 83 509 14 1
30899 493 84 509 14 1
30900 493 85 509 14 1
30901 493 86 509 14 1
30902 493 87 509 14 1
30903 493 88 509 14 1
30904 493 89 509 14 1
30905 493 90 509 14 1
30906 493 91 509 14 1
30907 493 92 509 14 1
30908 493 93 509 14 1
30909 493 94 509 14 1
30910 493 95 509 14 1
30911 493 96 509 14 1
30912 493 97 509 14 1
30913 493 98 509 14 1
30914 493 99 509 14 1
30915 493 100 509 14 1
30916 493 101 509 14 1
30917 493 102 509 14 1
30918 493 103 509 14 1
30919 493 104 509 14 1
30920 493 105 509 14 1
30921 493 106 509 14 1
30922 493 107 509 14 1
30923 493 108 509 14 1
30924 493 109 509 14 1
30925 493 110 509 14 1
30926 493 111 509 14 1
30927 493 112 509 14 1
30928 493 113 509 14 1
30929 493 114 509 14 1
30930 493 115 509 14 1
30931 493 116 509 14 1
30932 493 117 509 14 1
30933 493 118 509 14 1
30934 493 119 509 14 1
30935 493 120 509 14 1
30936 493 121 509 14 1
30937 493 122 509 14 1
30938 493 123 509 14 1
30939 493 124 509 14 1
30940 493 125 509 14 1
30941 493 126 509 14 1
30942 494 64 509 14 1
30943 494 65 509 14 1
30944 494 66 509 14 1
30945 494 67 509 14 1
30946 494 68 509 14 1
30947 494 69 509 14 1
30948 494 70 509 14 1
30949 494 71 509 14 1
30950 494 72 509 14 1
30951 494 73 509 14 1
30952 494 74 509 14 1
30953 494 75 509 14 1
30954 494 76 509 14 1
30955 494 77 509 14 1
30956 494 78 509 14 1
30957 494 79 509 14 1
30958 494 80 509 14 1
30959 494 81 509 14 1
30960 494 82 509 14 1
30961 494 83 509 14 1
30962 494 84 509 14 1
30963 494 85 509 14 1
30964 494 86 509 14 1
30965 494 87 509 14 1
30966 494 88 509 14 1
30967 494 89 509 14 1
30968 494 90 509 14 1
30969 494 91 509 14 1
30970 494 92 509 14 1
30971 494 93 509 14 1
30972 494 94 509 14 1
30973 494 95 509 14 1
30974 494 96 509 14 1
30975 494 97 509 14 1
30976 494 98 509 14 1
30977 494 99 509 14 1
30978 494 100 509 14 1
30979 494 101 509 14 1
30980 494 102 509 14 1
30981 494 103 509 14 1
30982 494 104 509 14 1
30983 494 105 509 14 1
30984 494 106 509 14 1
30985 494 107 509 14 1
30986 494 108 509 14 1
30987 494 109 509 14 1
30988 494 110 509 14 1
30989 494 111 509 14 1
30990 494 112 509 14 1
30991 494 113 509 14 1
30992 494 114 509 14 1
30993 494 115 509 14 1
30994 494 116 509 14 1
30995 494 117 509 14 1
30996 494 118 509 14 1
30997 494 119 509 14 1
30998 494 120 509 14 1
30999 494 121 509 14 1
31000 494 122 509 14 1
31001 494 123 509 14 1
31002 494 124 509 14 1
31003 494 125 509 14 1
31004 494 126 509 14 1
31005 495 64 509 14 1
31006 495 65 509 14 1
31007 495 66 509 14 1
31008 495 67 509 14 1
31009 495 68 509 14 1
31010 495 69 509 14 1
31011 495 70 509 14 1
31012 495 71 509 14 1
31013 495 72 509 14 1
31014 495 73 509 14 1
31015 495 74 509 14 1
31016 495 75 509 14 1
31017 495 76 509 14 1
31018 495 77 509 14 1
31019 495 78 509 14 1
31020 495 79 509 14 1
31021 495 80 509 14 1
31022 495 81 509 14 1
31023 495 82 509 14 1
31024 495 83 509 14 1
31025 495 84 509 14 1
31026 495 85 509 14 1
31027 495 86 509 14 1
31028 495 87 509 14 1
31029 495 88 509 14 1
31030 495 89 509 14 1
31031 495 90 509 14 1
31032 495 91 509 14 1
31033 495 92 509 14 1
31034 495 93 509 14 1
31035 495 94 509 14 1
31036 495 95 509 14 1
31037 495 96 509 14 1
31038 495 97 509 14 1
31039 495 98 509 14 1
31040 495 99 509 14 1
31041 495 100 509 14 1
31042 495 101 509 14 1
31043 495 102 509 14 1
31044 495 103 509 14 1
31045 495 104 509 14 1
31046 495 105 509 14 1
31047 495 106 509 14 1
31048 495 107 509 14 1
31049 495 108 509 14 1
31050 495 109 509 14 1
31051 495 110 509 14 1
31052 495 111 509 14 1
31053 495 112 509 14 1
31054 495 113 509 14 1
31055 495 114 509 14 1
31056 495 115 509 14 1
31057 495 116 509 14 1
31058 495 117 509 14 1
31059 495 118 509 14 1
31060 495 119 509 14 1
31061 495 120 509 14 1
31062 495 121 509 14 1
31063 495 122 509 14 1
31064 495 123 509 14 1
31065 495 124 509 14 1
31066 495 125 509 14 1
31067 495 126 509 14 1
31068 496 64 509 14 1
31069 496 65 509 14 1
31070 496 66 509 14 1
31071 496 67 509 14 1
31072 496 68 509 14 1
31073 496 69 509 14 1
31074 496 70 509 14 1
31075 496 71 509 14 1
31076 496 72 509 14 1
31077 496 73 509 14 1
31078 496 74 509 14 1
31079 496 75 509 14 1
31080 496 76 509 14 1
31081 496 77 509 14 1
31082 496 78 509 14 1
31083 496 79 509 14 1
31084 496 80 509 14 1
31085 496 81 509 14 1
31086 496 82 509 14 1
31087 496 83 509 14 1
31088 496 84 509 14 1
31089 496 85 509 14 1
31090 496 86 509 14 1
31091 496 87 509 14 1
31092 496 88 509 14 1
31093 496 89 509 14 1
31094 496 90 509 14 1
31095 496 91 509 14 1
31096 496 92 509 14 1
31097 496 93 509 14 1
31098 496 94 509 14 1
31099 496 95 509 14 1
31100 496 96 509 14 1
31101 496 97 509 14 1
31102 496 98 509 14 1
31103 496 99 509 14 1
31104 496 100 509 14 1
31105 496 101 509 14 1
31106 496 102 509 14 1
31107 496 103 509 14 1
31108 496 104 509 14 1
31109 496 105 509 14 1
31110 496 106 509 14 1
31111 496 107 509 14 1
31112 496 108 509 14 1
31113 496 109 509 14 1
31114 496 110 509 14 1
31115 496 111 509 14 1
31116 496 112 509 14 1
31117 496 113 509 14 1
31118 496 114 509 14 1
31119 496 115 509 14 1
31120 496 116 509 14 1
31121 496 117 509 14 1
31122 496 118 509 14 1
31123 496 119 509 14 1
31124 496 120 509 14 1
31125 496 121 509 14 1
31126 496 122 509 14 1
31127 496 123 509 14 1
31128 496 124 509 14 1
31129 496 125 509 14 1
31130 496 126 509 14 1
31131 497 64 509 14 1
31132 497 65 509 14 1
31133 497 66 509 14 1
31134 497 67 509 14 1
31135 497 68 509 14 1
31136 497 69 509 14 1
31137 497 70 509 14 1
31138 497 71 509 14 1
31139 497 72 509 14 1
31140 497 73 509 14 1
31141 497 74 509 14 1
31142 497 75 509 14 1
31143 497 76 509 14 1
31144 497 77 509 14 1
31145 497 78 509 14 1
31146 497 79 509 14 1
31147 497 80 509 14 1
31148 497 81 509 14 1
31149 497 82 509 14 1
31150 497 83 509 14 1
31151 497 84 509 14 1
31152 497 85 509 14 1
31153 497 86 509 14 1
31154 497 87 509 14 1
31155 497 88 509 14 1
31156 497 89 509 14 1
31157 497 90 509 14 1
31158 497 91 509 14 1
31159 497 92 509 14 1
31160 497 93 509 14 1
31161 497 94 509 14 1
31162 497 95 509 14 1
31163 497 96 509 14 1
31164 497 97 509 14 1
31165 497 98 509 14 1
31166 497 99 509 14 1
31167 497 100 509 14 1
31168 497 101 509 14 1
31169 497 102 509 14 1
31170 497 103 509 14 1
31171 497 104 509 14 1
31172 497 105 509 14 1
31173 497 106 509 14 1
31174 497 107 509 14 1
31175 497 108 509 14 1
31176 497 109 509 14 1
31177 497 110 509 14 1
31178 497 111 509 14 1
31179 497 112 509 14 1
31180 497 113 509 14 1
31181 497 114 509 14 1
31182 497 115 509 14 1
31183 497 116 509 14 1
31184 497 117 509 14 1
31185 497 118 509 14 1
31186 497 119 509 14 1
31187 497 120 509 14 1
31188 497 121 509 14 1
31189 497 122 509 14 1
31190 497 123 509 14 1
31191 497 124 509 14 1
31192 497 125 509 14 1
31193 497 126 509 14 1
31194 498 64 509 14 1
31195 498 65 509 14 1
31196 498 66 509 14 1
31197 498 67 509 14 1
31198 498 68 509 14 1
31199 498 69 509 14 1
31200 498 70 509 14 1
31201 498 71 509 14 1
31202 498 72 509 14 1
31203 498 73 509 14 1
31204 498 74 509 14 1
31205 498 75 509 14 1
31206 498 76 509 14 1
31207 498 77 509 14 1
31208 498 78 509 14 1
31209 498 79 509 14 1
31210 498 80 509 14 1
31211 498 81 509 14 1
31212 498 82 509 14 1
31213 498 83 509 14 1
31214 498 84 509 14 1
31215 498 85 509 14 1
31216 498 86 509 14 1
31217 498 87 509 14 1
31218 498 88 509 14 1
31219 498 89 509 14 1
31220 498 90 509 14 1
31221 498 91 509 14 1
31222 498 92 509 14 1
31223 498 93 509 14 1
31224 498 94 509 14 1
31225 498 95 509 14 1
31226 498 96 509 14 1
31227 498 97 509 14 1
31228 498 98 509 14 1
31229 498 99 509 14 1
31230 498 100 509 14 1
31231 498 101 509 14 1
31232 498 102 509 14 1
31233 498 103 509 14 1
31234 498 104 509 14 1
31235 498 105 509 14 1
31236 498 106 509 14 1
31237 498 107 509 14 1
31238 498 108 509 14 1
31239 498 109 509 14 1
31240 498 110 509 14 1
31241 498 111 509 14 1
31242 498 112 509 14 1
31243 498 113 509 14 1
31244 498 114 509 14 1
31245 498 115 509 14 1
31246 498 116 509 14 1
31247 498 117 509 14 1
31248 498 118 509 14 1
31249 498 119 509 14 1
31250 498 120 509 14 1
31251 498 121 509 14 1
31252 498 122 509 14 1
31253 498 123 509 14 1
31254 498 124 509 14 1
31255 498 125 509 14 1
31256 498 126 509 14 1
31257 499 64 509 14 1
31258 499 65 509 14 1
31259 499 66 509 14 1
31260 499 67 509 14 1
31261 499 68 509 14 1
31262 499 69 509 14 1
31263 499 70 509 14 1
31264 499 71 509 14 1
31265 499 72 509 14 1
31266 499 73 509 14 1
31267 499 74 509 14 1
31268 499 75 509 14 1
31269 499 76 509 14 1
31270 499 77 509 14 1
31271 499 78 509 14 1
31272 499 79 509 14 1
31273 499 80 509 14 1
31274 499 81 509 14 1
31275 499 82 509 14 1
31276 499 83 509 14 1
31277 499 84 509 14 1
31278 499 85 509 14 1
31279 499 86 509 14 1
31280 499 87 509 14 1
31281 499 88 509 14 1
31282 499 89 509 14 1
31283 499 90 509 14 1
31284 499 91 509 14 1
31285 499 92 509 14 1
31286 499 93 509 14 1
31287 499 94 509 14 1
31288 499 95 509 14 1
31289 499 96 509 14 1
31290 499 97 509 14 1
31291 499 98 509 14 1
31292 499 99 509 14 1
31293 499 100 509 14 1
31294 499 101 509 14 1
31295 499 102 509 14 1
31296 499 103 509 14 1
31297 499 104 509 14 1
31298 499 105 509 14 1
31299 499 106 509 14 1
31300 499 107 509 14 1
31301 499 108 509 14 1
31302 499 109 509 14 1
31303 499 110 509 14 1
31304 499 111 509 14 1
31305 499 112 509 14 1
31306 499 113 509 14 1
31307 499 114 509 14 1
31308 499 115 509 14 1
31309 499 116 509 14 1
31310 499 117 509 14 1
31311 499 118 509 14 1
31312 499 119 509 14 1
31313 499 120 509 14 1
31314 499 121 509 14 1
31315 499 122 509 14 1
31316 499 123 509 14 1
31317 499 124 509 14 1
31318 499 125 509 14 1
31319 499 126 509 14 1
31320 500 64 509 14 1
31321 500 65 509 14 1
31322 500 66 509 14 1
31323 500 67 509 14 1
31324 500 68 509 14 1
31325 500 69 509 14 1
31326 500 70 509 14 1
31327 500 71 509 14 1
31328 500 72 509 14 1
31329 500 73 509 14 1
31330 500 74 509 14 1
31331 500 75 509 14 1
31332 500 76 509 14 1
31333 500 77 509 14 1
31334 500 78 509 14 1
31335 500 79 509 14 1
31336 500 80 509 14 1
31337 500 81 509 14 1
31338 500 82 509 14 1
31339 500 83 509 14 1
31340 500 84 509 14 1
31341 500 85 509 14 1
31342 500 86 509 14 1
31343 500 87 509 14 1
31344 500 88 509 14 1
31345 500 89 509 14 1
31346 500 90 509 14 1
31347 500 91 509 14 1
31348 500 92 509 14 1
31349 500 93 509 14 1
31350 500 94 509 14 1
31351 500 95 509 14 1
31352 500 96 509 14 1
31353 500 97 509 14 1
31354 500 98 509 14 1
31355 500 99 509 14 1
31356 500 100 509 14 1
31357 500 101 509 14 1
31358 500 102 509 14 1
31359 500 103 509 14 1
31360 500 104 509 14 1
31361 500 105 509 14 1
31362 500 106 509 14 1
31363 500 107 509 14 1
31364 500 108 509 14 1
31365 500 109 509 14 1
31366 500 110 509 14 1
31367 500 111 509 14 1
31368 500 112 509 14 1
31369 500 113 509 14 1
31370 500 114 509 14 1
31371 500 115 509 14 1
31372 500 116 509 14 1
31373 500 117 509 14 1
31374 500 118 509 14 1
31375 500 119 509 14 1
31376 500 120 509 14 1
31377 500 121 509 14 1
31378 500 122 509 14 1
31379 500 123 509 14 1
31380 500 124 509 14 1
31381 500 125 509 14 1
31382 500 126 509 14 1
31383 501 64 509 14 1
31384 501 65 509 14 1
31385 501 66 509 14 1
31386 501 67 509 14 1
31387 501 68 509 14 1
31388 501 69 509 14 1
31389 501 70 509 14 1
31390 501 71 509 14 1
31391 501 72 509 14 1
31392 501 73 509 14 1
31393 501 74 509 14 1
31394 501 75 509 14 1
31395 501 76 509 14 1
31396 501 77 509 14 1
31397 501 78 509 14 1
31398 501 79 509 14 1
31399 501 80 509 14 1
31400 501 81 509 14 1
31401 501 82 509 14 1
31402 501 83 509 14 1
31403 501 84 509 14 1
31404 501 85 509 14 1
31405 501 86 509 14 1
31406 501 87 509 14 1
31407 501 88 509 14 1
31408 501 89 509 14 1
31409 501 90 509 14 1
31410 501 91 509 14 1
31411 501 92 509 14 1
31412 501 93 509 14 1
31413 501 94 509 14 1
31414 501 95 509 14 1
31415 501 96 509 14 1
31416 501 97 509 14 1
31417 501 98 509 14 1
31418 501 99 509 14 1
31419 501 100 509 14 1
31420 501 101 509 14 1
31421 501 102 509 14 1
31422 501 103 509 14 1
31423 501 104 509 14 1
31424 501 105 509 14 1
31425 501 106 509 14 1
31426 501 107 509 14 1
31427 501 108 509 14 1
31428 501 109 509 14 1
31429 501 110 509 14 1
31430 501 111 509 14 1
31431 501 112 509 14 1
31432 501 113 509 14 1
31433 501 114 509 14 1
31434 501 115 509 14 1
31435 501 116 509 14 1
31436 501 117 509 14 1
31437 501 118 509 14 1
31438 501 119 509 14 1
31439 501 120 509 14 1
31440 501 121 509 14 1
31441 501 122 509 14 1
31442 501 123 509 14 1
31443 501 124 509 14 1
31444 501 125 509 14 1
31445 501 126 509 14 1
31446 502 64 509 14 1
31447 502 65 509 14 1
31448 502 66 509 14 1
31449 502 67 509 14 1
31450 502 68 509 14 1
31451 502 69 509 14 1
31452 502 70 509 14 1
31453 502 71 509 14 1
31454 502 72 509 14 1
31455 502 73 509 14 1
31456 502 74 509 14 1
31457 502 75 509 14 1
31458 502 76 509 14 1
31459 502 77 509 14 1
31460 502 78 509 14 1
31461 502 79 509 14 1
31462 502 80 509 14 1
31463 502 81 509 14 1
31464 502 82 509 14 1
31465 502 83 509 14 1
31466 502 84 509 14 1
31467 502 85 509 14 1
31468 502 86 509 14 1
31469 502 87 509 14 1
31470 502 88 509 14 1
31471 502 89 509 14 1
31472 502 90 509 14 1
31473 502 91 509 14 1
31474 502 92 509 14 1
31475 502 93 509 14 1
31476 502 94 509 14 1
31477 502 95 509 14 1
31478 502 96 509 14 1
31479 502 97 509 14 1
31480 502 98 509 14 1
31481 502 99 509 14 1
31482 502 100 509 14 1
31483 502 101 509 14 1
31484 502 102 509 14 1
31485 502 103 509 14 1
31486 502 104 509 14 1
31487 502 105 509 14 1
31488 502 106 509 14 1
31489 502 107 509 14 1
31490 502 108 509 14 1
31491 502 109 509 14 1
31492 502 110 509 14 1
31493 502 111 509 14 1
31494 502 112 509 14 1
31495 502 113 509 14 1
31496 502 114 509 14 1
31497 502 115 509 14 1
31498 502 116 509 14 1
31499 502 117 509 14 1
31500 502 118 509 14 1
31501 502 119 509 14 1
31502 502 120 509 14 1
31503 502 121 509 14 1
31504 502 122 509 14 1
31505 502 123 509 14 1
31506 502 124 509 14 1
31507 502 125 509 14 1
31508 502 126 509 14 1
31509 503 64 509 14 1
31510 503 65 509 14 1
31511 503 66 509 14 1
31512 503 67 509 14 1
31513 503 68 509 14 1
31514 503 69 509 14 1
31515 503 70 509 14 1
31516 503 71 509 14 1
31517 503 72 509 14 1
31518 503 73 509 14 1
31519 503 74 509 14 1
31520 503 75 509 14 1
31521 503 76 509 14 1
31522 503 77 509 14 1
31523 503 78 509 14 1
31524 503 79 509 14 1
31525 503 80 509 14 1
31526 503 81 509 14 1
31527 503 82 509 14 1
31528 503 83 509 14 1
31529 503 84 509 14 1
31530 503 85 509 14 1
31531 503 86 509 14 1
31532 503 87 509 14 1
31533 503 88 509 14 1
31534 503 89 509 14 1
31535 503 90 509 14 1
31536 503 91 509 14 1
31537 503 92 509 14 1
31538 503 93 509 14 1
31539 503 94 509 14 1
31540 503 95 509 14 1
31541 503 96 509 14 1
31542 503 97 509 14 1
31543 503 98 509 14 1
31544 503 99 509 14 1
31545 503 100 509 14 1
31546 503 101 509 14 1
31547 503 102 509 14 1
31548 503 103 509 14 1
31549 503 104 509 14 1
31550 503 105 509 14 1
31551 503 106 509 14 1
31552 503 107 509 14 1
31553 503 108 509 14 1
31554 503 109 509 14 1
31555 503 110 509 14 1
31556 503 111 509 14 1
31557 503 112 509 14 1
31558 503 113 509 14 1
31559 503 114 509 14 1
31560 503 115 509 14 1
31561 503 116 509 14 1
31562 503 117 509 14 1
31563 503 118 509 14 1
31564 503 119 509 14 1
31565 503 120 509 14 1
31566 503 121 509 14 1
31567 503 122 509 14 1
31568 503 123 509 14 1
31569 503 124 509 14 1
31570 503 125 509 14 1
31571 503 126 509 14 1
31572 504 64 509 14 1
31573 504 65 509 14 1
31574 504 66 509 14 1
31575 504 67 509 14 1
31576 504 68 509 14 1
31577 504 69 509 14 1
31578 504 70 509 14 1
31579 504 71 509 14 1
31580 504 72 509 14 1
31581 504 73 509 14 1
31582 504 74 509 14 1
31583 504 75 509 14 1
31584 504 76 509 14 1
31585 504 77 509 14 1
31586 504 78 509 14 1
31587 504 79 509 14 1
31588 504 80 509 14 1
31589 504 81 509 14 1
31590 504 82 509 14 1
31591 504 83 509 14 1
31592 504 84 509 14 1
31593 504 85 509 14 1
31594 504 86 509 14 1
31595 504 87 509 14 1
31596 504 88 509 14 1
31597 504 89 509 14 1
31598 504 90 509 14 1
31599 504 91 509 14 1
31600 504 92 509 14 1
31601 504 93 509 14 1
31602 504 94 509 14 1
31603 504 95 509 14 1
31604 504 96 509 14 1
31605 504 97 509 14 1
31606 504 98 509 14 1
31607 504 99 509 14 1
31608 504 100 509 14 1
31609 504 101 509 14 1
31610 504 102 509 14 1
31611 504 103 509 14 1
31612 504 104 509 14 1
31613 504 105 509 14 1
31614 504 106 509 14 1
31615 504 107 509 14 1
31616 504 108 509 14 1
31617 504 109 509 14 1
31618 504 110 509 14 1
31619 504 111 509 14 1
31620 504 112 509 14 1
31621 504 113 509 14 1
31622 504 114 509 14 1
31623 504 115 509 14 1
31624 504 116 509 14 1
31625 504 117 509 14 1
31626 504 118 509 14 1
31627 504 119 509 14 1
31628 504 120 509 14 1
31629 504 121 509 14 1
31630 504 122 509 14 1
31631 504 123 509 14 1
31632 504 124 509 14 1
31633 504 125 509 14 1
31634 504 126 509 14 1
31635 505 64 509 14 1
31636 505 65 509 14 1
31637 505 66 509 14 1
31638 505 67 509 14 1
31639 505 68 509 14 1
31640 505 69 509 14 1
31641 505 70 509 14 1
31642 505 71 509 14 1
31643 505 72 509 14 1
31644 505 73 509 14 1
31645 505 74 509 14 1
31646 505 75 509 14 1
31647 505 76 509 14 1
31648 505 77 509 14 1
31649 505 78 509 14 1
31650 505 79 509 14 1
31651 505 80 509 14 1
31652 505 81 509 14 1
31653 505 82 509 14 1
31654 505 83 509 14 1
31655 505 84 509 14 1
31656 505 85 509 14 1
31657 505 86 509 14 1
31658 505 87 509 14 1
31659 505 88 509 14 1
31660 505 89 509 14 1
31661 505 90 509 14 1
31662 505 91 509 14 1
31663 505 92 509 14 1
31664 505 93 509 14 1
31665 505 94 509 14 1
31666 505 95 509 14 1
31667 505 96 509 14 1
31668 505 97 509 14 1
31669 505 98 509 14 1
31670 505 99 509 14 1
31671 505 100 509 14 1
31672 505 101 509 14 1
31673 505 102 509 14 1
31674 505 103 509 14 1
31675 505 104 509 14 1
31676 505 105 509 14 1
31677 505 106 509 14 1
31678 505 107 509 14 1
31679 505 108 509 14 1
31680 505 109 509 14 1
31681 505 110 509 14 1
31682 505 111 509 14 1
31683 505 112 509 14 1
31684 505 113 509 14 1
31685 505 114 509 14 1
31686 505 115 509 14 1
31687 505 116 509 14 1
31688 505 117 509 14 1
31689 505 118 509 14 1
31690 505 119 509 14 1
31691 505 120 509 14 1
31692 505 121 509 14 1
31693 505 122 509 14 1
31694 505 123 509 14 1
31695 505 124 509 14 1
31696 505 125 509 14 1
31697 505 126 509 14 1
31698 506 64 509 14 1
31699 506 65 509 14 1
31700 506 66 509 14 1
31701 506 67 509 14 1
31702 506 68 509 14 1
31703 506 69 509 14 1
31704 506 70 509 14 1
31705 506 71 509 14 1
31706 506 72 509 14 1
31707 506 73 509 14 1
31708 506 74 509 14 1
31709 506 75 509 14 1
31710 506 76 509 14 1
31711 506 77 509 14 1
31712 506 78 509 14 1
31713 506 79 509 14 1
31714 506 80 509 14 1
31715 506 81 509 14 1
31716 506 82 509 14 1
31717 506 83 509 14 1
31718 506 84 509 14 1
31719 506 85 509 14 1
31720 506 86 509 14 1
31721 506 87 509 14 1
31722 506 88 509 14 1
31723 506 89 509 14 1
31724 506 90 509 14 1
31725 506 91 509 14 1
31726 506 92 509 14 1
31727 506 93 509 14 1
31728 506 94 509 14 1
31729 506 95 509 14 1
31730 506 96 509 14 1
31731 506 97 509 14 1
31732 506 98 509 14 1
31733 506 99 509 14 1
31734 506 100 509 14 1
31735 506 101 509 14 1
31736 506 102 509 14 1
31737 506 103 509 14 1
31738 506 104 509 14 1
31739 506 105 509 14 1
31740 506 106 509 14 1
31741 506 107 509 14 1
31742 506 108 509 14 1
31743 506 109 509 14 1
31744 506 110 509 14 1
31745 506 111 509 14 1
31746 506 112 509 14 1
31747 506 113 509 14 1
31748 506 114 509 14 1
31749 506 115 509 14 1
31750 506 116 509 14 1
31751 506 117 509 14 1
31752 506 118 509 14 1
31753 506 119 509 14 1
31754 506 120 509 14 1
31755 506 121 509 14 1
31756 506 122 509 14 1
31757 506 123 509 14 1
31758 506 124 509 14 1
31759 506 125 509 14 1
31760 506 126 509 14 1
31761 507 64 509 14 1
31762 507 65 509 14 1
31763 507 66 509 14 1
31764 507 67 509 14 1
31765 507 68 509 14 1
31766 507 69 509 14 1
31767 507 70 509 14 1
31768 507 71 509 14 1
31769 507 72 509 14 1
31770 507 73 509 14 1
31771 507 74 509 14 1
31772 507 75 509 14 1
31773 507 76 509 14 1
31774 507 77 509 14 1
31775 507 78 509 14 1
31776 507 79 509 14 1
31777 507 80 509 14 1
31778 507 81 509 14 1
31779 507 82 509 14 1
31780 507 83 509 14 1
31781 507 84 509 14 1
31782 507 85 509 14 1
31783 507 86 509 14 1
31784 507 87 509 14 1
31785 507 88 509 14 1
31786 507 89 509 14 1
31787 507 90 509 14 1
31788 507 91 509 14 1
31789 507 92 509 14 1
31790 507 93 509 14 1
31791 507 94 509 14 1
31792 507 95 509 14 1
31793 507 96 509 14 1
31794 507 97 509 14 1
31795 507 98 509 14 1
31796 507 99 509 14 1
31797 507 100 509 14 1
31798 507 101 509 14 1
31799 507 102 509 14 1
31800 507 103 509 14 1
31801 507 104 509 14 1
31802 507 105 509 14 1
31803 507 106 509 14 1
31804 507 107 509 14 1
31805 507 108 509 14 1
31806 507 109 509 14 1
31807 507 110 509 14 1
31808 507 111 509 14 1
31809 507 112 509 14 1
31810 507 113 509 14 1
31811 507 114 509 14 1
31812 507 115 509 14 1
31813 507 116 509 14 1
31814 507 117 509 14 1
31815 507 118 509 14 1
31816 507 119 509 14 1
31817 507 120 509 14 1
31818 507 121 509 14 1
31819 507 122 509 14 1
31820 507 123 509 14 1
31821 507 124 509 14 1
31822 507 125 509 14 1
31823 507 126 509 14 1
31824 508 64 509 14 1
31825 508 65 509 14 1
31826 508 66 509 14 1
31827 508 67 509 14 1
31828 508 68 509 14 1
31829 508 69 509 14 1
31830 508 70 509 14 1
31831 508 71 509 14 1
31832 508 72 509 14 1
31833 508 73 509 14 1
31834 508 74 509 14 1
31835 508 75 509 14 1
31836 508 76 509 14 1
31837 508 77 509 14 1
31838 508 78 509 14 1
31839 508 79 509 14 1
31840 508 80 509 14 1
31841 508 81 509 14 1
31842 508 82 509 14 1
31843 508 83 509 14 1
31844 508 84 509 14 1
31845 508 85 509 14 1
31846 508 86 509 14 1
31847 508 87 509 14 1
31848 508 88 509 14 1
31849 508 89 509 14 1
31850 508 90 509 14 1
31851 508 91 509 14 1
31852 508 92 509 14 1
31853 508 93 509 14 1
31854 508 94 509 14 1
31855 508 95 509 14 1
31856 508 96 509 14 1
31857 508 97 509 14 1
31858 508 98 509 14 1
31859 508 99 509 14 1
31860 508 100 509 14 1
31861 508 101 509 14 1
31862 508 102 509 14 1
31863 508 103 509 14 1
31864 508 104 509 14 1
31865 508 105 509 14 1
31866 508 106 509 14 1
31867 508 107 509 14 1
31868 508 108 509 14 1
31869 508 109 509 14 1
31870 508 110 509 14 1
31871 508 111 509 14 1
31872 508 112 509 14 1
31873 508 113 509 14 1
31874 508 114 509 14 1
31875 508 115 509 14 1
31876 508 116 509 14 1
31877 508 117 509 14 1
31878 508 118 509 14 1
31879 508 119 509 14 1
31880 508 120 509 14 1
31881 508 121 509 14 1
31882 508 122 509 14 1
31883 508 123 509 14 1
31884 508 124 509 14 1
31885 508 125 509 14 1
31886 508 126 509 14 1
31887 509 64 509 14 1
31888 509 65 509 14 1
31889 509 66 509 14 1
31890 509 67 509 14 1
31891 509 68 509 14 1
31892 509 69 509 14 1
31893 509 70 509 14 1
31894 509 71 509 14 1
31895 509 72 509 14 1
31896 509 73 509 14 1
31897 509 74 509 14 1
31898 509 75 509 14 1
31899 509 76 509 14 1
31900 509 77 509 14 1
31901 509 78 509 14 1
31902 509 79 509 14 1
31903 509 80 509 14 1
31904 509 81 509 14 1
31905 509 82 509 14 1
31906 509 83 509 14 1
31907 509 84 509 14 1
31908 509 85 509 14 1
31909 509 86 509 14 1
31910 509 87 509 14 1
31911 509 88 509 14 1
31912 509 89 509 14 1
31913 509 90 509 14 1
31914 509 91 509 14 1
31915 509 92 509 14 1
31916 509 93 509 14 1
31917 509 94 509 14 1
31918 509 95 509 14 1
31919 509 96 509 14 1
31920 509 97 509 14 1
31921 509 98 509 14 1
31922 509 99 509 14 1
31923 509 100 509 14 1
31924 509 101 509 14 1
31925 509 102 509 14 1
31926 509 103 509 14 1
31927 509 104 509 14 1
31928 509 105 509 14 1
31929 509 106 509 14 1
31930 509 107 509 14 1
31931 509 108 509 14 1
31932 509 109 509 14 1
31933 509 110 509 14 1
31934 509 111 509 14 1
31935 509 112 509 14 1
31936 509 113 509 14 1
31937 509 114 509 14 1
31938 509 115 509 14 1
31939 509 116 509 14 1
31940 509 117 509 14 1
31941 509 118 509 14 1
31942 509 119 509 14 1
31943 509 120 509 14 1
31944 509 121 509 14 1
31945 509 122 509 14 1
31946 509 123 509 14 1
31947 509 124 509 14 1
31948 509 125 509 14 1
31949 509 126 509 14 1
31950 510 64 509 14 1
31951 510 65 509 14 1
31952 510 66 509 14 1
31953 510 67 509 14 1
31954 510 68 509 14 1
31955 510 69 509 14 1
31956 510 70 509 14 1
31957 510 71 509 14 1
31958 510 72 509 14 1
31959 510 73 509 14 1
31960 510 74 509 14 1
31961 510 75 509 14 1
31962 510 76 509 14 1
31963 510 77 509 14 1
31964 510 78 509 14 1
31965 510 79 509 14 1
31966 510 80 509 14 1
31967 510 81 509 14 1
31968 510 82 509 14 1
31969 510 83 509 14 1
31970 510 84 509 14 1
31971 510 85 509 14 1
31972 510 86 509 14 1
31973 510 87 509 14 1
31974 510 88 509 14 1
31975 510 89 509 14 1
31976 510 90 509 14 1
31977 510 91 509 14 1
31978 510 92 509 14 1
31979 510 93 509 14 1
31980 510 94 509 14 1
31981 510 95 509 14 1
31982 510 96 509 14 1
31983 510 97 509 14 1
31984 510 98 509 14 1
31985 510 99 509 14 1
31986 510 100 509 14 1
31987 510 101 509 14 1
31988 510 102 509 14 1
31989 510 103 509 14 1
31990 510 104 509 14 1
31991 510 105 509 14 1
31992 510 106 509 14 1
31993 510 107 509 14 1
31994 510 108 509 14 1
31995 510 109 509 14 1
31996 510 110 509 14 1
31997 510 111 509 14 1
31998 510 112 509 14 1
31999 510 113 509 14 1
32000 510 114 509 14 1
32001 510 115 509 14 1
32002 510 116 509 14 1
32003 510 117 509 14 1
32004 510 118 509 14 1
32005 510 119 509 14 1
32006 510 120 509 14 1
32007 510 121 509 14 1
32008 510 122 509 14 1
32009 510 123 509 14 1
32010 510 124 509 14 1
32011 510 125 509 14 1
32012 510 126 509 14 1
32013 511 64 509 14 1
32014 511 65 509 14 1
32015 511 66 509 14 1
32016 511 67 509 14 1
32017 511 68 509 14 1
32018 511 69 509 14 1
32019 511 70 509 14 1
32020 511 71 509 14 1
32021 511 72 509 14 1
32022 511 73 509 14 1
32023 511 74 509 14 1
32024 511 75 509 14 1
32025 511 76 509 14 1
32026 511 77 509 14 1
32027 511 78 509 14 1
32028 511 79 509 14 1
32029 511 80 509 14 1
32030 511 81 509 14 1
32031 511 82 509 14 1
32032 511 83 509 14 1
32033 511 84 509 14 1
32034 511 85 509 14 1
32035 511 86 509 14 1
32036 511 87 509 14 1
32037 511 88 509 14 1
32038 511 89 509 14 1
32039 511 90 509 14 1
32040 511 91 509 14 1
32041 511 92 509 14 1
32042 511 93 509 14 1
32043 511 94 509 14 1
32044 511 95 509 14 1
32045 511 96 509 14 1
32046 511 97 509 14 1
32047 511 98 509 14 1
32048 511 99 509 14 1
32049 511 100 509 14 1
32050 511 101 509 14 1
32051 511 102 509 14 1
32052 511 103 509 14 1
32053 511 104 509 14 1
32054 511 105 509 14 1
32055 511 106 509 14 1
32056 511 107 509 14 1
32057 511 108 509 14 1
32058 511 109 509 14 1
32059 511 110 509 14 1
32060 511 111 509 14 1
32061 511 112 509 14 1
32062 511 113 509 14 1
32063 511 114 509 14 1
32064 511 115 509 14 1
32065 511 116 509 14 1
32066 511 117 509 14 1
32067 511 118 509 14 1
32068 511 119 509 14 1
32069 511 120 509 14 1
32070 511 121 509 14 1
32071 511 122 509 14 1
32072 511 123 509 14 1
32073 511 124 509 14 1
32074 511 125 509 14 1
32075 511 126 509 14 1
32076 512 64 509 14 1
32077 512 65 509 14 1
32078 512 66 509 14 1
32079 512 67 509 14 1
32080 512 68 509 14 1
32081 512 69 509 14 1
32082 512 70 509 14 1
32083 512 71 509 14 1
32084 512 72 509 14 1
32085 512 73 509 14 1
32086 512 74 509 14 1
32087 512 75 509 14 1
32088 512 76 509 14 1
32089 512 77 509 14 1
32090 512 78 509 14 1
32091 512 79 509 14 1
32092 512 80 509 14 1
32093 512 81 509 14 1
32094 512 82 509 14 1
32095 512 83 509 14 1
32096 512 84 509 14 1
32097 512 85 509 14 1
32098 512 86 509 14 1
32099 512 87 509 14 1
32100 512 88 509 14 1
32101 512 89 509 14 1
32102 512 90 509 14 1
32103 512 91 509 14 1
32104 512 92 509 14 1
32105 512 93 509 14 1
32106 512 94 509 14 1
32107 512 95 509 14 1
32108 512 96 509 14 1
32109 512 97 509 14 1
32110 512 98 509 14 1
32111 512 99 509 14 1
32112 512 100 509 14 1
32113 512 101 509 14 1
32114 512 102 509 14 1
32115 512 103 509 14 1
32116 512 104 509 14 1
32117 512 105 509 14 1
32118 512 106 509 14 1
32119 512 107 509 14 1
32120 512 108 509 14 1
32121 512 109 509 14 1
32122 512 110 509 14 1
32123 512 111 509 14 1
32124 512 112 509 14 1
32125 512 113 509 14 1
32126 512 114 509 14 1
32127 512 115 509 14 1
32128 512 116 509 14 1
32129 512 117 509 14 1
32130 512 118 509 14 1
32131 512 119 509 14 1
32132 512 120 509 14 1
32133 512 121 509 14 1
32134 512 122 509 14 1
32135 512 123 509 14 1
32136 512 124 509 14 1
32137 512 125 509 14 1
32138 512 126 509 14 1
32139 513 64 509 14 1
32140 513 65 509 14 1
32141 513 66 509 14 1
32142 513 67 509 14 1
32143 513 68 509 14 1
32144 513 69 509 14 1
32145 513 70 509 14 1
32146 513 71 509 14 1
32147 513 72 509 14 1
32148 513 73 509 14 1
32149 513 74 509 14 1
32150 513 75 509 14 1
32151 513 76 509 14 1
32152 513 77 509 14 1
32153 513 78 509 14 1
32154 513 79 509 14 1
32155 513 80 509 14 1
32156 513 81 509 14 1
32157 513 82 509 14 1
32158 513 83 509 14 1
32159 513 84 509 14 1
32160 513 85 509 14 1
32161 513 86 509 14 1
32162 513 87 509 14 1
32163 513 88 509 14 1
32164 513 89 509 14 1
32165 513 90 509 14 1
32166 513 91 509 14 1
32167 513 92 509 14 1
32168 513 93 509 14 1
32169 513 94 509 14 1
32170 513 95 509 14 1
32171 513 96 509 14 1
32172 513 97 509 14 1
32173 513 98 509 14 1
32174 513 99 509 14 1
32175 513 100 509 14 1
32176 513 101 509 14 1
32177 513 102 509 14 1
32178 513 103 509 14 1
32179 513 104 509 14 1
32180 513 105 509 14 1
32181 513 106 509 14 1
32182 513 107 509 14 1
32183 513 108 509 14 1
32184 513 109 509 14 1
32185 513 110 509 14 1
32186 513 111 509 14 1
32187 513 112 509 14 1
32188 513 113 509 14 1
32189 513 114 509 14 1
32190 513 115 509 14 1
32191 513 116 509 14 1
32192 513 117 509 14 1
32193 513 118 509 14 1
32194 513 119 509 14 1
32195 513 120 509 14 1
32196 513 121 509 14 1
32197 513 122 509 14 1
32198 513 123 509 14 1
32199 513 124 509 14 1
32200 513 125 509 14 1
32201 513 126 509 14 1
32202 514 64 509 14 1
32203 514 65 509 14 1
32204 514 66 509 14 1
32205 514 67 509 14 1
32206 514 68 509 14 1
32207 514 69 509 14 1
32208 514 70 509 14 1
32209 514 71 509 14 1
32210 514 72 509 14 1
32211 514 73 509 14 1
32212 514 74 509 14 1
32213 514 75 509 14 1
32214 514 76 509 14 1
32215 514 77 509 14 1
32216 514 78 509 14 1
32217 514 79 509 14 1
32218 514 80 509 14 1
32219 514 81 509 14 1
32220 514 82 509 14 1
32221 514 83 509 14 1
32222 514 84 509 14 1
32223 514 85 509 14 1
32224 514 86 509 14 1
32225 514 87 509 14 1
32226 514 88 509 14 1
32227 514 89 509 14 1
32228 514 90 509 14 1
32229 514 91 509 14 1
32230 514 92 509 14 1
32231 514 93 509 14 1
32232 514 94 509 14 1
32233 514 95 509 14 1
32234 514 96 509 14 1
32235 514 97 509 14 1
32236 514 98 509 14 1
32237 514 99 509 14 1
32238 514 100 509 14 1
32239 514 101 509 14 1
32240 514 102 509 14 1
32241 514 103 509 14 1
32242 514 104 509 14 1
32243 514 105 509 14 1
32244 514 106 509 14 1
32245 514 107 509 14 1
32246 514 108 509 14 1
32247 514 109 509 14 1
32248 514 110 509 14 1
32249 514 111 509 14 1
32250 514 112 509 14 1
32251 514 113 509 14 1
32252 514 114 509 14 1
32253 514 115 509 14 1
32254 514 116 509 14 1
32255 514 117 509 14 1
32256 514 118 509 14 1
32257 514 119 509 14 1
32258 514 120 509 14 1
32259 514 121 509 14 1
32260 514 122 509 14 1
32261 514 123 509 14 1
32262 514 124 509 14 1
32263 514 125 509 14 1
32264 514 126 509 14 1
32265 515 64 509 14 1
32266 515 65 509 14 1
32267 515 66 509 14 1
32268 515 67 509 14 1
32269 515 68 509 14 1
32270 515 69 509 14 1
32271 515 70 509 14 1
32272 515 71 509 14 1
32273 515 72 509 14 1
32274 515 73 509 14 1
32275 515 74 509 14 1
32276 515 75 509 14 1
32277 515 76 509 14 1
32278 515 77 509 14 1
32279 515 78 509 14 1
32280 515 79 509 14 1
32281 515 80 509 14 1
32282 515 81 509 14 1
32283 515 82 509 14 1
32284 515 83 509 14 1
32285 515 84 509 14 1
32286 515 85 509 14 1
32287 515 86 509 14 1
32288 515 87 509 14 1
32289 515 88 509 14 1
32290 515 89 509 14 1
32291 515 90 509 14 1
32292 515 91 509 14 1
32293 515 92 509 14 1
32294 515 93 509 14 1
32295 515 94 509 14 1
32296 515 95 509 14 1
32297 515 96 509 14 1
32298 515 97 509 14 1
32299 515 98 509 14 1
32300 515 99 509 14 1
32301 515 100 509 14 1
32302 515 101 509 14 1
32303 515 102 509 14 1
32304 515 103 509 14 1
32305 515 104 509 14 1
32306 515 105 509 14 1
32307 515 106 509 14 1
32308 515 107 509 14 1
32309 515 108 509 14 1
32310 515 109 509 14 1
32311 515 110 509 14 1
32312 515 111 509 14 1
32313 515 112 509 14 1
32314 515 113 509 14 1
32315 515 114 509 14 1
32316 515 115 509 14 1
32317 515 116 509 14 1
32318 515 117 509 14 1
32319 515 118 509 14 1
32320 515 119 509 14 1
32321 515 120 509 14 1
32322 515 121 509 14 1
32323 515 122 509 14 1
32324 515 123 509 14 1
32325 515 124 509 14 1
32326 515 125 509 14 1
32327 515 126 509 14 1
32328 516 64 509 14 1
32329 516 65 509 14 1
32330 516 66 509 14 1
32331 516 67 509 14 1
32332 516 68 509 14 1
32333 516 69 509 14 1
32334 516 70 509 14 1
32335 516 71 509 14 1
32336 516 72 509 14 1
32337 516 73 509 14 1
32338 516 74 509 14 1
32339 516 75 509 14 1
32340 516 76 509 14 1
32341 516 77 509 14 1
32342 516 78 509 14 1
32343 516 79 509 14 1
32344 516 80 509 14 1
32345 516 81 509 14 1
32346 516 82 509 14 1
32347 516 83 509 14 1
32348 516 84 509 14 1
32349 516 85 509 14 1
32350 516 86 509 14 1
32351 516 87 509 14 1
32352 516 88 509 14 1
32353 516 89 509 14 1
32354 516 90 509 14 1
32355 516 91 509 14 1
32356 516 92 509 14 1
32357 516 93 509 14 1
32358 516 94 509 14 1
32359 516 95 509 14 1
32360 516 96 509 14 1
32361 516 97 509 14 1
32362 516 98 509 14 1
32363 516 99 509 14 1
32364 516 100 509 14 1
32365 516 101 509 14 1
32366 516 102 509 14 1
32367 516 103 509 14 1
32368 516 104 509 14 1
32369 516 105 509 14 1
32370 516 106 509 14 1
32371 516 107 509 14 1
32372 516 108 509 14 1
32373 516 109 509 14 1
32374 516 110 509 14 1
32375 516 111 509 14 1
32376 516 112 509 14 1
32377 516 113 509 14 1
32378 516 114 509 14 1
32379 516 115 509 14 1
32380 516 116 509 14 1
32381 516 117 509 14 1
32382 516 118 509 14 1
32383 516 119 509 14 1
32384 516 120 509 14 1
32385 516 121 509 14 1
32386 516 122 509 14 1
32387 516 123 509 14 1
32388 516 124 509 14 1
32389 516 125 509 14 1
32390 516 126 509 14 1
32391 517 64 509 14 1
32392 517 65 509 14 1
32393 517 66 509 14 1
32394 517 67 509 14 1
32395 517 68 509 14 1
32396 517 69 509 14 1
32397 517 70 509 14 1
32398 517 71 509 14 1
32399 517 72 509 14 1
32400 517 73 509 14 1
32401 517 74 509 14 1
32402 517 75 509 14 1
32403 517 76 509 14 1
32404 517 77 509 14 1
32405 517 78 509 14 1
32406 517 79 509 14 1
32407 517 80 509 14 1
32408 517 81 509 14 1
32409 517 82 509 14 1
32410 517 83 509 14 1
32411 517 84 509 14 1
32412 517 85 509 14 1
32413 517 86 509 14 1
32414 517 87 509 14 1
32415 517 88 509 14 1
32416 517 89 509 14 1
32417 517 90 509 14 1
32418 517 91 509 14 1
32419 517 92 509 14 1
32420 517 93 509 14 1
32421 517 94 509 14 1
32422 517 95 509 14 1
32423 517 96 509 14 1
32424 517 97 509 14 1
32425 517 98 509 14 1
32426 517 99 509 14 1
32427 517 100 509 14 1
32428 517 101 509 14 1
32429 517 102 509 14 1
32430 517 103 509 14 1
32431 517 104 509 14 1
32432 517 105 509 14 1
32433 517 106 509 14 1
32434 517 107 509 14 1
32435 517 108 509 14 1
32436 517 109 509 14 1
32437 517 110 509 14 1
32438 517 111 509 14 1
32439 517 112 509 14 1
32440 517 113 509 14 1
32441 517 114 509 14 1
32442 517 115 509 14 1
32443 517 116 509 14 1
32444 517 117 509 14 1
32445 517 118 509 14 1
32446 517 119 509 14 1
32447 517 120 509 14 1
32448 517 121 509 14 1
32449 517 122 509 14 1
32450 517 123 509 14 1
32451 517 124 509 14 1
32452 517 125 509 14 1
32453 517 126 509 14 1
32454 518 64 509 14 1
32455 518 65 509 14 1
32456 518 66 509 14 1
32457 518 67 509 14 1
32458 518 68 509 14 1
32459 518 69 509 14 1
32460 518 70 509 14 1
32461 518 71 509 14 1
32462 518 72 509 14 1
32463 518 73 509 14 1
32464 518 74 509 14 1
32465 518 75 509 14 1
32466 518 76 509 14 1
32467 518 77 509 14 1
32468 518 78 509 14 1
32469 518 79 509 14 1
32470 518 80 509 14 1
32471 518 81 509 14 1
32472 518 82 509 14 1
32473 518 83 509 14 1
32474 518 84 509 14 1
32475 518 85 509 14 1
32476 518 86 509 14 1
32477 518 87 509 14 1
32478 518 88 509 14 1
32479 518 89 509 14 1
32480 518 90 509 14 1
32481 518 91 509 14 1
32482 518 92 509 14 1
32483 518 93 509 14 1
32484 518 94 509 14 1
32485 518 95 509 14 1
32486 518 96 509 14 1
32487 518 97 509 14 1
32488 518 98 509 14 1
32489 518 99 509 14 1
32490 518 100 509 14 1
32491 518 101 509 14 1
32492 518 102 509 14 1
32493 518 103 509 14 1
32494 518 104 509 14 1
32495 518 105 509 14 1
32496 518 106 509 14 1
32497 518 107 509 14 1
32498 518 108 509 14 1
32499 518 109 509 14 1
32500 518 110 509 14 1
32501 518 111 509 14 1
32502 518 112 509 14 1
32503 518 113 509 14 1
32504 518 114 509 14 1
32505 518 115 509 14 1
32506 518 116 509 14 1
32507 518 117 509 14 1
32508 518 118 509 14 1
32509 518 119 509 14 1
32510 518 120 509 14 1
32511 518 121 509 14 1
32512 518 122 509 14 1
32513 518 123 509 14 1
32514 518 124 509 14 1
32515 518 125 509 14 1
32516 518 126 509 14 1
32517 519 64 509 14 1
32518 519 65 509 14 1
32519 519 66 509 14 1
32520 519 67 509 14 1
32521 519 68 509 14 1
32522 519 69 509 14 1
32523 519 70 509 14 1
32524 519 71 509 14 1
32525 519 72 509 14 1
32526 519 73 509 14 1
32527 519 74 509 14 1
32528 519 75 509 14 1
32529 519 76 509 14 1
32530 519 77 509 14 1
32531 519 78 509 14 1
32532 519 79 509 14 1
32533 519 80 509 14 1
32534 519 81 509 14 1
32535 519 82 509 14 1
32536 519 83 509 14 1
32537 519 84 509 14 1
32538 519 85 509 14 1
32539 519 86 509 14 1
32540 519 87 509 14 1
32541 519 88 509 14 1
32542 519 89 509 14 1
32543 519 90 509 14 1
32544 519 91 509 14 1
32545 519 92 509 14 1
32546 519 93 509 14 1
32547 519 94 509 14 1
32548 519 95 509 14 1
32549 519 96 509 14 1
32550 519 97 509 14 1
32551 519 98 509 14 1
32552 519 99 509 14 1
32553 519 100 509 14 1
32554 519 101 509 14 1
32555 519 102 509 14 1
32556 519 103 509 14 1
32557 519 104 509 14 1
32558 519 105 509 14 1
32559 519 106 509 14 1
32560 519 107 509 14 1
32561 519 108 509 14 1
32562 519 109 509 14 1
32563 519 110 509 14 1
32564 519 111 509 14 1
32565 519 112 509 14 1
32566 519 113 509 14 1
32567 519 114 509 14 1
32568 519 115 509 14 1
32569 519 116 509 14 1
32570 519 117 509 14 1
32571 519 118 509 14 1
32572 519 119 509 14 1
32573 519 120 509 14 1
32574 519 121 509 14 1
32575 519 122 509 14 1
32576 519 123 509 14 1
32577 519 124 509 14 1
32578 519 125 509 14 1
32579 519 126 509 14 1
32580 520 64 509 14 1
32581 520 65 509 14 1
32582 520 66 509 14 1
32583 520 67 509 14 1
32584 520 68 509 14 1
32585 520 69 509 14 1
32586 520 70 509 14 1
32587 520 71 509 14 1
32588 520 72 509 14 1
32589 520 73 509 14 1
32590 520 74 509 14 1
32591 520 75 509 14 1
32592 520 76 509 14 1
32593 520 77 509 14 1
32594 520 78 509 14 1
32595 520 79 509 14 1
32596 520 80 509 14 1
32597 520 81 509 14 1
32598 520 82 509 14 1
32599 520 83 509 14 1
32600 520 84 509 14 1
32601 520 85 509 14 1
32602 520 86 509 14 1
32603 520 87 509 14 1
32604 520 88 509 14 1
32605 520 89 509 14 1
32606 520 90 509 14 1
32607 520 91 509 14 1
32608 520 92 509 14 1
32609 520 93 509 14 1
32610 520 94 509 14 1
32611 520 95 509 14 1
32612 520 96 509 14 1
32613 520 97 509 14 1
32614 520 98 509 14 1
32615 520 99 509 14 1
32616 520 100 509 14 1
32617 520 101 509 14 1
32618 520 102 509 14 1
32619 520 103 509 14 1
32620 520 104 509 14 1
32621 520 105 509 14 1
32622 520 106 509 14 1
32623 520 107 509 14 1
32624 520 108 509 14 1
32625 520 109 509 14 1
32626 520 110 509 14 1
32627 520 111 509 14 1
32628 520 112 509 14 1
32629 520 113 509 14 1
32630 520 114 509 14 1
32631 520 115 509 14 1
32632 520 116 509 14 1
32633 520 117 509 14 1
32634 520 118 509 14 1
32635 520 119 509 14 1
32636 520 120 509 14 1
32637 520 121 509 14 1
32638 520 122 509 14 1
32639 520 123 509 14 1
32640 520 124 509 14 1
32641 520 125 509 14 1
32642 520 126 509 14 1
32643 521 64 509 14 1
32644 521 65 509 14 1
32645 521 66 509 14 1
32646 521 67 509 14 1
32647 521 68 509 14 1
32648 521 69 509 14 1
32649 521 70 509 14 1
32650 521 71 509 14 1
32651 521 72 509 14 1
32652 521 73 509 14 1
32653 521 74 509 14 1
32654 521 75 509 14 1
32655 521 76 509 14 1
32656 521 77 509 14 1
32657 521 78 509 14 1
32658 521 79 509 14 1
32659 521 80 509 14 1
32660 521 81 509 14 1
32661 521 82 509 14 1
32662 521 83 509 14 1
32663 521 84 509 14 1
32664 521 85 509 14 1
32665 521 86 509 14 1
32666 521 87 509 14 1
32667 521 88 509 14 1
32668 521 89 509 14 1
32669 521 90 509 14 1
32670 521 91 509 14 1
32671 521 92 509 14 1
32672 521 93 509 14 1
32673 521 94 509 14 1
32674 521 95 509 14 1
32675 521 96 509 14 1
32676 521 97 509 14 1
32677 521 98 509 14 1
32678 521 99 509 14 1
32679 521 100 509 14 1
32680 521 101 509 14 1
32681 521 102 509 14 1
32682 521 103 509 14 1
32683 521 104 509 14 1
32684 521 105 509 14 1
32685 521 106 509 14 1
32686 521 107 509 14 1
32687 521 108 509 14 1
32688 521 109 509 14 1
32689 521 110 509 14 1
32690 521 111 509 14 1
32691 521 112 509 14 1
32692 521 113 509 14 1
32693 521 114 509 14 1
32694 521 115 509 14 1
32695 521 116 509 14 1
32696 521 117 509 14 1
32697 521 118 509 14 1
32698 521 119 509 14 1
32699 521 120 509 14 1
32700 521 121 509 14 1
32701 521 122 509 14 1
32702 521 123 509 14 1
32703 521 124 509 14 1
32704 521 125 509 14 1
32705 521 126 509 14 1
32706 522 64 509 14 1
32707 522 65 509 14 1
32708 522 66 509 14 1
32709 522 67 509 14 1
32710 522 68 509 14 1
32711 522 69 509 14 1
32712 522 70 509 14 1
32713 522 71 509 14 1
32714 522 72 509 14 1
32715 522 73 509 14 1
32716 522 74 509 14 1
32717 522 75 509 14 1
32718 522 76 509 14 1
32719 522 77 509 14 1
32720 522 78 509 14 1
32721 522 79 509 14 1
32722 522 80 509 14 1
32723 522 81 509 14 1
32724 522 82 509 14 1
32725 522 83 509 14 1
32726 522 84 509 14 1
32727 522 85 509 14 1
32728 522 86 509 14 1
32729 522 87 509 14 1
32730 522 88 509 14 1
32731 522 89 509 14 1
32732 522 90 509 14 1
32733 522 91 509 14 1
32734 522 92 509 14 1
32735 522 93 509 14 1
32736 522 94 509 14 1
32737 522 95 509 14 1
32738 522 96 509 14 1
32739 522 97 509 14 1
32740 522 98 509 14 1
32741 522 99 509 14 1
32742 522 100 509 14 1
32743 522 101 509 14 1
32744 522 102 509 14 1
32745 522 103 509 14 1
32746 522 104 509 14 1
32747 522 105 509 14 1
32748 522 106 509 14 1
32749 522 107 509 14 1
32750 522 108 509 14 1
32751 522 109 509 14 1
32752 522 110 509 14 1
32753 522 111 509 14 1
32754 522 112 509 14 1
32755 522 113 509 14 1
32756 522 114 509 14 1
32757 522 115 509 14 1
32758 522 116 509 14 1
32759 522 117 509 14 1
32760 522 118 509 14 1
32761 522 119 509 14 1
32762 522 120 509 14 1
32763 522 121 509 14 1
32764 522 122 509 14 1
32765 522 123 509 14 1
32766 522 124 509 14 1
32767 522 125 509 14 1
32768 522 126 509 14 1
32769 523 64 509 14 1
32770 523 65 509 14 1
32771 523 66 509 14 1
32772 523 67 509 14 1
32773 523 68 509 14 1
32774 523 69 509 14 1
32775 523 70 509 14 1
32776 523 71 509 14 1
32777 523 72 509 14 1
32778 523 73 509 14 1
32779 523 74 509 14 1
32780 523 75 509 14 1
32781 523 76 509 14 1
32782 523 77 509 14 1
32783 523 78 509 14 1
32784 523 79 509 14 1
32785 523 80 509 14 1
32786 523 81 509 14 1
32787 523 82 509 14 1
32788 523 83 509 14 1
32789 523 84 509 14 1
32790 523 85 509 14 1
32791 523 86 509 14 1
32792 523 87 509 14 1
32793 523 88 509 14 1
32794 523 89 509 14 1
32795 523 90 509 14 1
32796 523 91 509 14 1
32797 523 92 509 14 1
32798 523 93 509 14 1
32799 523 94 509 14 1
32800 523 95 509 14 1
32801 523 96 509 14 1
32802 523 97 509 14 1
32803 523 98 509 14 1
32804 523 99 509 14 1
32805 523 100 509 14 1
32806 523 101 509 14 1
32807 523 102 509 14 1
32808 523 103 509 14 1
32809 523 104 509 14 1
32810 523 105 509 14 1
32811 523 106 509 14 1
32812 523 107 509 14 1
32813 523 108 509 14 1
32814 523 109 509 14 1
32815 523 110 509 14 1
32816 523 111 509 14 1
32817 523 112 509 14 1
32818 523 113 509 14 1
32819 523 114 509 14 1
32820 523 115 509 14 1
32821 523 116 509 14 1
32822 523 117 509 14 1
32823 523 118 509 14 1
32824 523 119 509 14 1
32825 523 120 509 14 1
32826 523 121 509 14 1
32827 523 122 509 14 1
32828 523 123 509 14 1
32829 523 124 509 14 1
32830 523 125 509 14 1
32831 523 126 509 14 1
32832 524 64 509 14 1
32833 524 65 509 14 1
32834 524 66 509 14 1
32835 524 67 509 14 1
32836 524 68 509 14 1
32837 524 69 509 14 1
32838 524 70 509 14 1
32839 524 71 509 14 1
32840 524 72 509 14 1
32841 524 73 509 14 1
32842 524 74 509 14 1
32843 524 75 509 14 1
32844 524 76 509 14 1
32845 524 77 509 14 1
32846 524 78 509 14 1
32847 524 79 509 14 1
32848 524 80 509 14 1
32849 524 81 509 14 1
32850 524 82 509 14 1
32851 524 83 509 14 1
32852 524 84 509 14 1
32853 524 85 509 14 1
32854 524 86 509 14 1
32855 524 87 509 14 1
32856 524 88 509 14 1
32857 524 89 509 14 1
32858 524 90 509 14 1
32859 524 91 509 14 1
32860 524 92 509 14 1
32861 524 93 509 14 1
32862 524 94 509 14 1
32863 524 95 509 14 1
32864 524 96 509 14 1
32865 524 97 509 14 1
32866 524 98 509 14 1
32867 524 99 509 14 1
32868 524 100 509 14 1
32869 524 101 509 14 1
32870 524 102 509 14 1
32871 524 103 509 14 1
32872 524 104 509 14 1
32873 524 105 509 14 1
32874 524 106 509 14 1
32875 524 107 509 14 1
32876 524 108 509 14 1
32877 524 109 509 14 1
32878 524 110 509 14 1
32879 524 111 509 14 1
32880 524 112 509 14 1
32881 524 113 509 14 1
32882 524 114 509 14 1
32883 524 115 509 14 1
32884 524 116 509 14 1
32885 524 117 509 14 1
32886 524 118 509 14 1
32887 524 119 509 14 1
32888 524 120 509 14 1
32889 524 121 509 14 1
32890 524 122 509 14 1
32891 524 123 509 14 1
32892 524 124 509 14 1
32893 524 125 509 14 1
32894 524 126 509 14 1
32895 525 64 509 14 1
32896 525 65 509 14 1
32897 525 66 509 14 1
32898 525 67 509 14 1
32899 525 68 509 14 1
32900 525 69 509 14 1
32901 525 70 509 14 1
32902 525 71 509 14 1
32903 525 72 509 14 1
32904 525 73 509 14 1
32905 525 74 509 14 1
32906 525 75 509 14 1
32907 525 76 509 14 1
32908 525 77 509 14 1
32909 525 78 509 14 1
32910 525 79 509 14 1
32911 525 80 509 14 1
32912 525 81 509 14 1
32913 525 82 509 14 1
32914 525 83 509 14 1
32915 525 84 509 14 1
32916 525 85 509 14 1
32917 525 86 509 14 1
32918 525 87 509 14 1
32919 525 88 509 14 1
32920 525 89 509 14 1
32921 525 90 509 14 1
32922 525 91 509 14 1
32923 525 92 509 14 1
32924 525 93 509 14 1
32925 525 94 509 14 1
32926 525 95 509 14 1
32927 525 96 509 14 1
32928 525 97 509 14 1
32929 525 98 509 14 1
32930 525 99 509 14 1
32931 525 100 509 14 1
32932 525 101 509 14 1
32933 525 102 509 14 1
32934 525 103 509 14 1
32935 525 104 509 14 1
32936 525 105 509 14 1
32937 525 106 509 14 1
32938 525 107 509 14 1
32939 525 108 509 14 1
32940 525 109 509 14 1
32941 525 110 509 14 1
32942 525 111 509 14 1
32943 525 112 509 14 1
32944 525 113 509 14 1
32945 525 114 509 14 1
32946 525 115 509 14 1
32947 525 116 509 14 1
32948 525 117 509 14 1
32949 525 118 509 14 1
32950 525 119 509 14 1
32951 525 120 509 14 1
32952 525 121 509 14 1
32953 525 122 509 14 1
32954 525 123 509 14 1
32955 525 124 509 14 1
32956 525 125 509 14 1
32957 525 126 509 14 1
32958 526 64 509 14 1
32959 526 65 509 14 1
32960 526 66 509 14 1
32961 526 67 509 14 1
32962 526 68 509 14 1
32963 526 69 509 14 1
32964 526 70 509 14 1
32965 526 71 509 14 1
32966 526 72 509 14 1
32967 526 73 509 14 1
32968 526 74 509 14 1
32969 526 75 509 14 1
32970 526 76 509 14 1
32971 526 77 509 14 1
32972 526 78 509 14 1
32973 526 79 509 14 1
32974 526 80 509 14 1
32975 526 81 509 14 1
32976 526 82 509 14 1
32977 526 83 509 14 1
32978 526 84 509 14 1
32979 526 85 509 14 1
32980 526 86 509 14 1
32981 526 87 509 14 1
32982 526 88 509 14 1
32983 526 89 509 14 1
32984 526 90 509 14 1
32985 526 91 509 14 1
32986 526 92 509 14 1
32987 526 93 509 14 1
32988 526 94 509 14 1
32989 526 95 509 14 1
32990 526 96 509 14 1
32991 526 97 509 14 1
32992 526 98 509 14 1
32993 526 99 509 14 1
32994 526 100 509 14 1
32995 526 101 509 14 1
32996 526 102 509 14 1
32997 526 103 509 14 1
32998 526 104 509 14 1
32999 526 105 509 14 1
33000 526 106 509 14 1
33001 526 107 509 14 1
33002 526 108 509 14 1
33003 526 109 509 14 1
33004 526 110 509 14 1
33005 526 111 509 14 1
33006 526 112 509 14 1
33007 526 113 509 14 1
33008 526 114 509 14 1
33009 526 115 509 14 1
33010 526 116 509 14 1
33011 526 117 509 14 1
33012 526 118 509 14 1
33013 526 119 509 14 1
33014 526 120 509 14 1
33015 526 121 509 14 1
33016 526 122 509 14 1
33017 526 123 509 14 1
33018 526 124 509 14 1
33019 526 125 509 14 1
33020 526 126 509 14 1
33021 527 64 509 14 1
33022 527 65 509 14 1
33023 527 66 509 14 1
33024 527 67 509 14 1
33025 527 68 509 14 1
33026 527 69 509 14 1
33027 527 70 509 14 1
33028 527 71 509 14 1
33029 527 72 509 14 1
33030 527 73 509 14 1
33031 527 74 509 14 1
33032 527 75 509 14 1
33033 527 76 509 14 1
33034 527 77 509 14 1
33035 527 78 509 14 1
33036 527 79 509 14 1
33037 527 80 509 14 1
33038 527 81 509 14 1
33039 527 82 509 14 1
33040 527 83 509 14 1
33041 527 84 509 14 1
33042 527 85 509 14 1
33043 527 86 509 14 1
33044 527 87 509 14 1
33045 527 88 509 14 1
33046 527 89 509 14 1
33047 527 90 509 14 1
33048 527 91 509 14 1
33049 527 92 509 14 1
33050 527 93 509 14 1
33051 527 94 509 14 1
33052 527 95 509 14 1
33053 527 96 509 14 1
33054 527 97 509 14 1
33055 527 98 509 14 1
33056 527 99 509 14 1
33057 527 100 509 14 1
33058 527 101 509 14 1
33059 527 102 509 14 1
33060 527 103 509 14 1
33061 527 104 509 14 1
33062 527 105 509 14 1
33063 527 106 509 14 1
33064 527 107 509 14 1
33065 527 108 509 14 1
33066 527 109 509 14 1
33067 527 110 509 14 1
33068 527 111 509 14 1
33069 527 112 509 14 1
33070 527 113 509 14 1
33071 527 114 509 14 1
33072 527 115 509 14 1
33073 527 116 509 14 1
33074 527 117 509 14 1
33075 527 118 509 14 1
33076 527 119 509 14 1
33077 527 120 509 14 1
33078 527 121 509 14 1
33079 527 122 509 14 1
33080 527 123 509 14 1
33081 527 124 509 14 1
33082 527 125 509 14 1
33083 527 126 509 14 1
33084 528 64 509 14 1
33085 528 65 509 14 1
33086 528 66 509 14 1
33087 528 67 509 14 1
33088 528 68 509 14 1
33089 528 69 509 14 1
33090 528 70 509 14 1
33091 528 71 509 14 1
33092 528 72 509 14 1
33093 528 73 509 14 1
33094 528 74 509 14 1
33095 528 75 509 14 1
33096 528 76 509 14 1
33097 528 77 509 14 1
33098 528 78 509 14 1
33099 528 79 509 14 1
33100 528 80 509 14 1
33101 528 81 509 14 1
33102 528 82 509 14 1
33103 528 83 509 14 1
33104 528 84 509 14 1
33105 528 85 509 14 1
33106 528 86 509 14 1
33107 528 87 509 14 1
33108 528 88 509 14 1
33109 528 89 509 14 1
33110 528 90 509 14 1
33111 528 91 509 14 1
33112 528 92 509 14 1
33113 528 93 509 14 1
33114 528 94 509 14 1
33115 528 95 509 14 1
33116 528 96 509 14 1
33117 528 97 509 14 1
33118 528 98 509 14 1
33119 528 99 509 14 1
33120 528 100 509 14 1
33121 528 101 509 14 1
33122 528 102 509 14 1
33123 528 103 509 14 1
33124 528 104 509 14 1
33125 528 105 509 14 1
33126 528 106 509 14 1
33127 528 107 509 14 1
33128 528 108 509 14 1
33129 528 109 509 14 1
33130 528 110 509 14 1
33131 528 111 509 14 1
33132 528 112 509 14 1
33133 528 113 509 14 1
33134 528 114 509 14 1
33135 528 115 509 14 1
33136 528 116 509 14 1
33137 528 117 509 14 1
33138 528 118 509 14 1
33139 528 119 509 14 1
33140 528 120 509 14 1
33141 528 121 509 14 1
33142 528 122 509 14 1
33143 528 123 509 14 1
33144 528 124 509 14 1
33145 528 125 509 14 1
33146 528 126 509 14 1
33147 529 64 509 14 1
33148 529 65 509 14 1
33149 529 66 509 14 1
33150 529 67 509 14 1
33151 529 68 509 14 1
33152 529 69 509 14 1
33153 529 70 509 14 1
33154 529 71 509 14 1
33155 529 72 509 14 1
33156 529 73 509 14 1
33157 529 74 509 14 1
33158 529 75 509 14 1
33159 529 76 509 14 1
33160 529 77 509 14 1
33161 529 78 509 14 1
33162 529 79 509 14 1
33163 529 80 509 14 1
33164 529 81 509 14 1
33165 529 82 509 14 1
33166 529 83 509 14 1
33167 529 84 509 14 1
33168 529 85 509 14 1
33169 529 86 509 14 1
33170 529 87 509 14 1
33171 529 88 509 14 1
33172 529 89 509 14 1
33173 529 90 509 14 1
33174 529 91 509 14 1
33175 529 92 509 14 1
33176 529 93 509 14 1
33177 529 94 509 14 1
33178 529 95 509 14 1
33179 529 96 509 14 1
33180 529 97 509 14 1
33181 529 98 509 14 1
33182 529 99 509 14 1
33183 529 100 509 14 1
33184 529 101 509 14 1
33185 529 102 509 14 1
33186 529 103 509 14 1
33187 529 104 509 14 1
33188 529 105 509 14 1
33189 529 106 509 14 1
33190 529 107 509 14 1
33191 529 108 509 14 1
33192 529 109 509 14 1
33193 529 110 509 14 1
33194 529 111 509 14 1
33195 529 112 509 14 1
33196 529 113 509 14 1
33197 529 114 509 14 1
33198 529 115 509 14 1
33199 529 116 509 14 1
33200 529 117 509 14 1
33201 529 118 509 14 1
33202 529 119 509 14 1
33203 529 120 509 14 1
33204 529 121 509 14 1
33205 529 122 509 14 1
33206 529 123 509 14 1
33207 529 124 509 14 1
33208 529 125 509 14 1
33209 529 126 509 14 1
33210 530 64 509 14 1
33211 530 65 509 14 1
33212 530 66 509 14 1
33213 530 67 509 14 1
33214 530 68 509 14 1
33215 530 69 509 14 1
33216 530 70 509 14 1
33217 530 71 509 14 1
33218 530 72 509 14 1
33219 530 73 509 14 1
33220 530 74 509 14 1
33221 530 75 509 14 1
33222 530 76 509 14 1
33223 530 77 509 14 1
33224 530 78 509 14 1
33225 530 79 509 14 1
33226 530 80 509 14 1
33227 530 81 509 14 1
33228 530 82 509 14 1
33229 530 83 509 14 1
33230 530 84 509 14 1
33231 530 85 509 14 1
33232 530 86 509 14 1
33233 530 87 509 14 1
33234 530 88 509 14 1
33235 530 89 509 14 1
33236 530 90 509 14 1
33237 530 91 509 14 1
33238 530 92 509 14 1
33239 530 93 509 14 1
33240 530 94 509 14 1
33241 530 95 509 14 1
33242 530 96 509 14 1
33243 530 97 509 14 1
33244 530 98 509 14 1
33245 530 99 509 14 1
33246 530 100 509 14 1
33247 530 101 509 14 1
33248 530 102 509 14 1
33249 530 103 509 14 1
33250 530 104 509 14 1
33251 530 105 509 14 1
33252 530 106 509 14 1
33253 530 107 509 14 1
33254 530 108 509 14 1
33255 530 109 509 14 1
33256 530 110 509 14 1
33257 530 111 509 14 1
33258 530 112 509 14 1
33259 530 113 509 14 1
33260 530 114 509 14 1
33261 530 115 509 14 1
33262 530 116 509 14 1
33263 530 117 509 14 1
33264 530 118 509 14 1
33265 530 119 509 14 1
33266 530 120 509 14 1
33267 530 121 509 14 1
33268 530 122 509 14 1
33269 530 123 509 14 1
33270 530 124 509 14 1
33271 530 125 509 14 1
33272 530 126 509 14 1
33273 531 64 509 14 1
33274 531 65 509 14 1
33275 531 66 509 14 1
33276 531 67 509 14 1
33277 531 68 509 14 1
33278 531 69 509 14 1
33279 531 70 509 14 1
33280 531 71 509 14 1
33281 531 72 509 14 1
33282 531 73 509 14 1
33283 531 74 509 14 1
33284 531 75 509 14 1
33285 531 76 509 14 1
33286 531 77 509 14 1
33287 531 78 509 14 1
33288 531 79 509 14 1
33289 531 80 509 14 1
33290 531 81 509 14 1
33291 531 82 509 14 1
33292 531 83 509 14 1
33293 531 84 509 14 1
33294 531 85 509 14 1
33295 531 86 509 14 1
33296 531 87 509 14 1
33297 531 88 509 14 1
33298 531 89 509 14 1
33299 531 90 509 14 1
33300 531 91 509 14 1
33301 531 92 509 14 1
33302 531 93 509 14 1
33303 531 94 509 14 1
33304 531 95 509 14 1
33305 531 96 509 14 1
33306 531 97 509 14 1
33307 531 98 509 14 1
33308 531 99 509 14 1
33309 531 100 509 14 1
33310 531 101 509 14 1
33311 531 102 509 14 1
33312 531 103 509 14 1
33313 531 104 509 14 1
33314 531 105 509 14 1
33315 531 106 509 14 1
33316 531 107 509 14 1
33317 531 108 509 14 1
33318 531 109 509 14 1
33319 531 110 509 14 1
33320 531 111 509 14 1
33321 531 112 509 14 1
33322 531 113 509 14 1
33323 531 114 509 14 1
33324 531 115 509 14 1
33325 531 116 509 14 1
33326 531 117 509 14 1
33327 531 118 509 14 1
33328 531 119 509 14 1
33329 531 120 509 14 1
33330 531 121 509 14 1
33331 531 122 509 14 1
33332 531 123 509 14 1
33333 531 124 509 14 1
33334 531 125 509 14 1
33335 531 126 509 14 1
33336 532 64 509 14 1
33337 532 65 509 14 1
33338 532 66 509 14 1
33339 532 67 509 14 1
33340 532 68 509 14 1
33341 532 69 509 14 1
33342 532 70 509 14 1
33343 532 71 509 14 1
33344 532 72 509 14 1
33345 532 73 509 14 1
33346 532 74 509 14 1
33347 532 75 509 14 1
33348 532 76 509 14 1
33349 532 77 509 14 1
33350 532 78 509 14 1
33351 532 79 509 14 1
33352 532 80 509 14 1
33353 532 81 509 14 1
33354 532 82 509 14 1
33355 532 83 509 14 1
33356 532 84 509 14 1
33357 532 85 509 14 1
33358 532 86 509 14 1
33359 532 87 509 14 1
33360 532 88 509 14 1
33361 532 89 509 14 1
33362 532 90 509 14 1
33363 532 91 509 14 1
33364 532 92 509 14 1
33365 532 93 509 14 1
33366 532 94 509 14 1
33367 532 95 509 14 1
33368 532 96 509 14 1
33369 532 97 509 14 1
33370 532 98 509 14 1
33371 532 99 509 14 1
33372 532 100 509 14 1
33373 532 101 509 14 1
33374 532 102 509 14 1
33375 532 103 509 14 1
33376 532 104 509 14 1
33377 532 105 509 14 1
33378 532 106 509 14 1
33379 532 107 509 14 1
33380 532 108 509 14 1
33381 532 109 509 14 1
33382 532 110 509 14 1
33383 532 111 509 14 1
33384 532 112 509 14 1
33385 532 113 509 14 1
33386 532 114 509 14 1
33387 532 115 509 14 1
33388 532 116 509 14 1
33389 532 117 509 14 1
33390 532 118 509 14 1
33391 532 119 509 14 1
33392 532 120 509 14 1
33393 532 121 509 14 1
33394 532 122 509 14 1
33395 532 123 509 14 1
33396 532 124 509 14 1
33397 532 125 509 14 1
33398 532 126 509 14 1
33399 533 64 509 14 1
33400 533 65 509 14 1
33401 533 66 509 14 1
33402 533 67 509 14 1
33403 533 68 509 14 1
33404 533 69 509 14 1
33405 533 70 509 14 1
33406 533 71 509 14 1
33407 533 72 509 14 1
33408 533 73 509 14 1
33409 533 74 509 14 1
33410 533 75 509 14 1
33411 533 76 509 14 1
33412 533 77 509 14 1
33413 533 78 509 14 1
33414 533 79 509 14 1
33415 533 80 509 14 1
33416 533 81 509 14 1
33417 533 82 509 14 1
33418 533 83 509 14 1
33419 533 84 509 14 1
33420 533 85 509 14 1
33421 533 86 509 14 1
33422 533 87 509 14 1
33423 533 88 509 14 1
33424 533 89 509 14 1
33425 533 90 509 14 1
33426 533 91 509 14 1
33427 533 92 509 14 1
33428 533 93 509 14 1
33429 533 94 509 14 1
33430 533 95 509 14 1
33431 533 96 509 14 1
33432 533 97 509 14 1
33433 533 98 509 14 1
33434 533 99 509 14 1
33435 533 100 509 14 1
33436 533 101 509 14 1
33437 533 102 509 14 1
33438 533 103 509 14 1
33439 533 104 509 14 1
33440 533 105 509 14 1
33441 533 106 509 14 1
33442 533 107 509 14 1
33443 533 108 509 14 1
33444 533 109 509 14 1
33445 533 110 509 14 1
33446 533 111 509 14 1
33447 533 112 509 14 1
33448 533 113 509 14 1
33449 533 114 509 14 1
33450 533 115 509 14 1
33451 533 116 509 14 1
33452 533 117 509 14 1
33453 533 118 509 14 1
33454 533 119 509 14 1
33455 533 120 509 14 1
33456 533 121 509 14 1
33457 533 122 509 14 1
33458 533 123 509 14 1
33459 533 124 509 14 1
33460 533 125 509 14 1
33461 533 126 509 14 1
33462 534 64 509 14 1
33463 534 65 509 14 1
33464 534 66 509 14 1
33465 534 67 509 14 1
33466 534 68 509 14 1
33467 534 69 509 14 1
33468 534 70 509 14 1
33469 534 71 509 14 1
33470 534 72 509 14 1
33471 534 73 509 14 1
33472 534 74 509 14 1
33473 534 75 509 14 1
33474 534 76 509 14 1
33475 534 77 509 14 1
33476 534 78 509 14 1
33477 534 79 509 14 1
33478 534 80 509 14 1
33479 534 81 509 14 1
33480 534 82 509 14 1
33481 534 83 509 14 1
33482 534 84 509 14 1
33483 534 85 509 14 1
33484 534 86 509 14 1
33485 534 87 509 14 1
33486 534 88 509 14 1
33487 534 89 509 14 1
33488 534 90 509 14 1
33489 534 91 509 14 1
33490 534 92 509 14 1
33491 534 93 509 14 1
33492 534 94 509 14 1
33493 534 95 509 14 1
33494 534 96 509 14 1
33495 534 97 509 14 1
33496 534 98 509 14 1
33497 534 99 509 14 1
33498 534 100 509 14 1
33499 534 101 509 14 1
33500 534 102 509 14 1
33501 534 103 509 14 1
33502 534 104 509 14 1
33503 534 105 509 14 1
33504 534 106 509 14 1
33505 534 107 509 14 1
33506 534 108 509 14 1
33507 534 109 509 14 1
33508 534 110 509 14 1
33509 534 111 509 14 1
33510 534 112 509 14 1
33511 534 113 509 14 1
33512 534 114 509 14 1
33513 534 115 509 14 1
33514 534 116 509 14 1
33515 534 117 509 14 1
33516 534 118 509 14 1
33517 534 119 509 14 1
33518 534 120 509 14 1
33519 534 121 509 14 1
33520 534 122 509 14 1
33521 534 123 509 14 1
33522 534 124 509 14 1
33523 534 125 509 14 1
33524 534 126 509 14 1
33525 535 64 509 14 1
33526 535 65 509 14 1
33527 535 66 509 14 1
33528 535 67 509 14 1
33529 535 68 509 14 1
33530 535 69 509 14 1
33531 535 70 509 14 1
33532 535 71 509 14 1
33533 535 72 509 14 1
33534 535 73 509 14 1
33535 535 74 509 14 1
33536 535 75 509 14 1
33537 535 76 509 14 1
33538 535 77 509 14 1
33539 535 78 509 14 1
33540 535 79 509 14 1
33541 535 80 509 14 1
33542 535 81 509 14 1
33543 535 82 509 14 1
33544 535 83 509 14 1
33545 535 84 509 14 1
33546 535 85 509 14 1
33547 535 86 509 14 1
33548 535 87 509 14 1
33549 535 88 509 14 1
33550 535 89 509 14 1
33551 535 90 509 14 1
33552 535 91 509 14 1
33553 535 92 509 14 1
33554 535 93 509 14 1
33555 535 94 509 14 1
33556 535 95 509 14 1
33557 535 96 509 14 1
33558 535 97 509 14 1
33559 535 98 509 14 1
33560 535 99 509 14 1
33561 535 100 509 14 1
33562 535 101 509 14 1
33563 535 102 509 14 1
33564 535 103 509 14 1
33565 535 104 509 14 1
33566 535 105 509 14 1
33567 535 106 509 14 1
33568 535 107 509 14 1
33569 535 108 509 14 1
33570 535 109 509 14 1
33571 535 110 509 14 1
33572 535 111 509 14 1
33573 535 112 509 14 1
33574 535 113 509 14 1
33575 535 114 509 14 1
33576 535 115 509 14 1
33577 535 116 509 14 1
33578 535 117 509 14 1
33579 535 118 509 14 1
33580 535 119 509 14 1
33581 535 120 509 14 1
33582 535 121 509 14 1
33583 535 122 509 14 1
33584 535 123 509 14 1
33585 535 124 509 14 1
33586 535 125 509 14 1
33587 535 126 509 14 1
33588 536 64 509 14 1
33589 536 65 509 14 1
33590 536 66 509 14 1
33591 536 67 509 14 1
33592 536 68 509 14 1
33593 536 69 509 14 1
33594 536 70 509 14 1
33595 536 71 509 14 1
33596 536 72 509 14 1
33597 536 73 509 14 1
33598 536 74 509 14 1
33599 536 75 509 14 1
33600 536 76 509 14 1
33601 536 77 509 14 1
33602 536 78 509 14 1
33603 536 79 509 14 1
33604 536 80 509 14 1
33605 536 81 509 14 1
33606 536 82 509 14 1
33607 536 83 509 14 1
33608 536 84 509 14 1
33609 536 85 509 14 1
33610 536 86 509 14 1
33611 536 87 509 14 1
33612 536 88 509 14 1
33613 536 89 509 14 1
33614 536 90 509 14 1
33615 536 91 509 14 1
33616 536 92 509 14 1
33617 536 93 509 14 1
33618 536 94 509 14 1
33619 536 95 509 14 1
33620 536 96 509 14 1
33621 536 97 509 14 1
33622 536 98 509 14 1
33623 536 99 509 14 1
33624 536 100 509 14 1
33625 536 101 509 14 1
33626 536 102 509 14 1
33627 536 103 509 14 1
33628 536 104 509 14 1
33629 536 105 509 14 1
33630 536 106 509 14 1
33631 536 107 509 14 1
33632 536 108 509 14 1
33633 536 109 509 14 1
33634 536 110 509 14 1
33635 536 111 509 14 1
33636 536 112 509 14 1
33637 536 113 509 14 1
33638 536 114 509 14 1
33639 536 115 509 14 1
33640 536 116 509 14 1
33641 536 117 509 14 1
33642 536 118 509 14 1
33643 536 119 509 14 1
33644 536 120 509 14 1
33645 536 121 509 14 1
33646 536 122 509 14 1
33647 536 123 509 14 1
33648 536 124 509 14 1
33649 536 125 509 14 1
33650 536 126 509 14 1
33651 537 64 509 14 1
33652 537 65 509 14 1
33653 537 66 509 14 1
33654 537 67 509 14 1
33655 537 68 509 14 1
33656 537 69 509 14 1
33657 537 70 509 14 1
33658 537 71 509 14 1
33659 537 72 509 14 1
33660 537 73 509 14 1
33661 537 74 509 14 1
33662 537 75 509 14 1
33663 537 76 509 14 1
33664 537 77 509 14 1
33665 537 78 509 14 1
33666 537 79 509 14 1
33667 537 80 509 14 1
33668 537 81 509 14 1
33669 537 82 509 14 1
33670 537 83 509 14 1
33671 537 84 509 14 1
33672 537 85 509 14 1
33673 537 86 509 14 1
33674 537 87 509 14 1
33675 537 88 509 14 1
33676 537 89 509 14 1
33677 537 90 509 14 1
33678 537 91 509 14 1
33679 537 92 509 14 1
33680 537 93 509 14 1
33681 537 94 509 14 1
33682 537 95 509 14 1
33683 537 96 509 14 1
33684 537 97 509 14 1
33685 537 98 509 14 1
33686 537 99 509 14 1
33687 537 100 509 14 1
33688 537 101 509 14 1
33689 537 102 509 14 1
33690 537 103 509 14 1
33691 537 104 509 14 1
33692 537 105 509 14 1
33693 537 106 509 14 1
33694 537 107 509 14 1
33695 537 108 509 14 1
33696 537 109 509 14 1
33697 537 110 509 14 1
33698 537 111 509 14 1
33699 537 112 509 14 1
33700 537 113 509 14 1
33701 537 114 509 14 1
33702 537 115 509 14 1
33703 537 116 509 14 1
33704 537 117 509 14 1
33705 537 118 509 14 1
33706 537 119 509 14 1
33707 537 120 509 14 1
33708 537 121 509 14 1
33709 537 122 509 14 1
33710 537 123 509 14 1
33711 537 124 509 14 1
33712 537 125 509 14 1
33713 537 126 509 14 1
33714 538 64 509 14 1
33715 538 65 509 14 1
33716 538 66 509 14 1
33717 538 67 509 14 1
33718 538 68 509 14 1
33719 538 69 509 14 1
33720 538 70 509 14 1
33721 538 71 509 14 1
33722 538 72 509 14 1
33723 538 73 509 14 1
33724 538 74 509 14 1
33725 538 75 509 14 1
33726 538 76 509 14 1
33727 538 77 509 14 1
33728 538 78 509 14 1
33729 538 79 509 14 1
33730 538 80 509 14 1
33731 538 81 509 14 1
33732 538 82 509 14 1
33733 538 83 509 14 1
33734 538 84 509 14 1
33735 538 85 509 14 1
33736 538 86 509 14 1
33737 538 87 509 14 1
33738 538 88 509 14 1
33739 538 89 509 14 1
33740 538 90 509 14 1
33741 538 91 509 14 1
33742 538 92 509 14 1
33743 538 93 509 14 1
33744 538 94 509 14 1
33745 538 95 509 14 1
33746 538 96 509 14 1
33747 538 97 509 14 1
33748 538 98 509 14 1
33749 538 99 509 14 1
33750 538 100 509 14 1
33751 538 101 509 14 1
33752 538 102 509 14 1
33753 538 103 509 14 1
33754 538 104 509 14 1
33755 538 105 509 14 1
33756 538 106 509 14 1
33757 538 107 509 14 1
33758 538 108 509 14 1
33759 538 109 509 14 1
33760 538 110 509 14 1
33761 538 111 509 14 1
33762 538 112 509 14 1
33763 538 113 509 14 1
33764 538 114 509 14 1
33765 538 115 509 14 1
33766 538 116 509 14 1
33767 538 117 509 14 1
33768 538 118 509 14 1
33769 538 119 509 14 1
33770 538 120 509 14 1
33771 538 121 509 14 1
33772 538 122 509 14 1
33773 538 123 509 14 1
33774 538 124 509 14 1
33775 538 125 509 14 1
33776 538 126 509 14 1
33777 539 64 509 14 1
33778 539 65 509 14 1
33779 539 66 509 14 1
33780 539 67 509 14 1
33781 539 68 509 14 1
33782 539 69 509 14 1
33783 539 70 509 14 1
33784 539 71 509 14 1
33785 539 72 509 14 1
33786 539 73 509 14 1
33787 539 74 509 14 1
33788 539 75 509 14 1
33789 539 76 509 14 1
33790 539 77 509 14 1
33791 539 78 509 14 1
33792 539 79 509 14 1
33793 539 80 509 14 1
33794 539 81 509 14 1
33795 539 82 509 14 1
33796 539 83 509 14 1
33797 539 84 509 14 1
33798 539 85 509 14 1
33799 539 86 509 14 1
33800 539 87 509 14 1
33801 539 88 509 14 1
33802 539 89 509 14 1
33803 539 90 509 14 1
33804 539 91 509 14 1
33805 539 92 509 14 1
33806 539 93 509 14 1
33807 539 94 509 14 1
33808 539 95 509 14 1
33809 539 96 509 14 1
33810 539 97 509 14 1
33811 539 98 509 14 1
33812 539 99 509 14 1
33813 539 100 509 14 1
33814 539 101 509 14 1
33815 539 102 509 14 1
33816 539 103 509 14 1
33817 539 104 509 14 1
33818 539 105 509 14 1
33819 539 106 509 14 1
33820 539 107 509 14 1
33821 539 108 509 14 1
33822 539 109 509 14 1
33823 539 110 509 14 1
33824 539 111 509 14 1
33825 539 112 509 14 1
33826 539 113 509 14 1
33827 539 114 509 14 1
33828 539 115 509 14 1
33829 539 116 509 14 1
33830 539 117 509 14 1
33831 539 118 509 14 1
33832 539 119 509 14 1
33833 539 120 509 14 1
33834 539 121 509 14 1
33835 539 122 509 14 1
33836 539 123 509 14 1
33837 539 124 509 14 1
33838 539 125 509 14 1
33839 539 126 509 14 1
33840 540 64 509 14 1
33841 540 65 509 14 1
33842 540 66 509 14 1
33843 540 67 509 14 1
33844 540 68 509 14 1
33845 540 69 509 14 1
33846 540 70 509 14 1
33847 540 71 509 14 1
33848 540 72 509 14 1
33849 540 73 509 14 1
33850 540 74 509 14 1
33851 540 75 509 14 1
33852 540 76 509 14 1
33853 540 77 509 14 1
33854 540 78 509 14 1
33855 540 79 509 14 1
33856 540 80 509 14 1
33857 540 81 509 14 1
33858 540 82 509 14 1
33859 540 83 509 14 1
33860 540 84 509 14 1
33861 540 85 509 14 1
33862 540 86 509 14 1
33863 540 87 509 14 1
33864 540 88 509 14 1
33865 540 89 509 14 1
33866 540 90 509 14 1
33867 540 91 509 14 1
33868 540 92 509 14 1
33869 540 93 509 14 1
33870 540 94 509 14 1
33871 540 95 509 14 1
33872 540 96 509 14 1
33873 540 97 509 14 1
33874 540 98 509 14 1
33875 540 99 509 14 1
33876 540 100 509 14 1
33877 540 101 509 14 1
33878 540 102 509 14 1
33879 540 103 509 14 1
33880 540 104 509 14 1
33881 540 105 509 14 1
33882 540 106 509 14 1
33883 540 107 509 14 1
33884 540 108 509 14 1
33885 540 109 509 14 1
33886 540 110 509 14 1
33887 540 111 509 14 1
33888 540 112 509 14 1
33889 540 113 509 14 1
33890 540 114 509 14 1
33891 540 115 509 14 1
33892 540 116 509 14 1
33893 540 117 509 14 1
33894 540 118 509 14 1
33895 540 119 509 14 1
33896 540 120 509 14 1
33897 540 121 509 14 1
33898 540 122 509 14 1
33899 540 123 509 14 1
33900 540 124 509 14 1
33901 540 125 509 14 1
33902 540 126 509 14 1
33903 541 64 509 14 1
33904 541 65 509 14 1
33905 541 66 509 14 1
33906 541 67 509 14 1
33907 541 68 509 14 1
33908 541 69 509 14 1
33909 541 70 509 14 1
33910 541 71 509 14 1
33911 541 72 509 14 1
33912 541 73 509 14 1
33913 541 74 509 14 1
33914 541 75 509 14 1
33915 541 76 509 14 1
33916 541 77 509 14 1
33917 541 78 509 14 1
33918 541 79 509 14 1
33919 541 80 509 14 1
33920 541 81 509 14 1
33921 541 82 509 14 1
33922 541 83 509 14 1
33923 541 84 509 14 1
33924 541 85 509 14 1
33925 541 86 509 14 1
33926 541 87 509 14 1
33927 541 88 509 14 1
33928 541 89 509 14 1
33929 541 90 509 14 1
33930 541 91 509 14 1
33931 541 92 509 14 1
33932 541 93 509 14 1
33933 541 94 509 14 1
33934 541 95 509 14 1
33935 541 96 509 14 1
33936 541 97 509 14 1
33937 541 98 509 14 1
33938 541 99 509 14 1
33939 541 100 509 14 1
33940 541 101 509 14 1
33941 541 102 509 14 1
33942 541 103 509 14 1
33943 541 104 509 14 1
33944 541 105 509 14 1
33945 541 106 509 14 1
33946 541 107 509 14 1
33947 541 108 509 14 1
33948 541 109 509 14 1
33949 541 110 509 14 1
33950 541 111 509 14 1
33951 541 112 509 14 1
33952 541 113 509 14 1
33953 541 114 509 14 1
33954 541 115 509 14 1
33955 541 116 509 14 1
33956 541 117 509 14 1
33957 541 118 509 14 1
33958 541 119 509 14 1
33959 541 120 509 14 1
33960 541 121 509 14 1
33961 541 122 509 14 1
33962 541 123 509 14 1
33963 541 124 509 14 1
33964 541 125 509 14 1
33965 541 126 509 14 1
33966 542 64 509 14 1
33967 542 65 509 14 1
33968 542 66 509 14 1
33969 542 67 509 14 1
33970 542 68 509 14 1
33971 542 69 509 14 1
33972 542 70 509 14 1
33973 542 71 509 14 1
33974 542 72 509 14 1
33975 542 73 509 14 1
33976 542 74 509 14 1
33977 542 75 509 14 1
33978 542 76 509 14 1
33979 542 77 509 14 1
33980 542 78 509 14 1
33981 542 79 509 14 1
33982 542 80 509 14 1
33983 542 81 509 14 1
33984 542 82 509 14 1
33985 542 83 509 14 1
33986 542 84 509 14 1
33987 542 85 509 14 1
33988 542 86 509 14 1
33989 542 87 509 14 1
33990 542 88 509 14 1
33991 542 89 509 14 1
33992 542 90 509 14 1
33993 542 91 509 14 1
33994 542 92 509 14 1
33995 542 93 509 14 1
33996 542 94 509 14 1
33997 542 95 509 14 1
33998 542 96 509 14 1
33999 542 97 509 14 1
34000 542 98 509 14 1
34001 542 99 509 14 1
34002 542 100 509 14 1
34003 542 101 509 14 1
34004 542 102 509 14 1
34005 542 103 509 14 1
34006 542 104 509 14 1
34007 542 105 509 14 1
34008 542 106 509 14 1
34009 542 107 509 14 1
34010 542 108 509 14 1
34011 542 109 509 14 1
34012 542 110 509 14 1
34013 542 111 509 14 1
34014 542 112 509 14 1
34015 542 113 509 14 1
34016 542 114 509 14 1
34017 542 115 509 14 1
34018 542 116 509 14 1
34019 542 117 509 14 1
34020 542 118 509 14 1
34021 542 119 509 14 1
34022 542 120 509 14 1
34023 542 121 509 14 1
34024 542 122 509 14 1
34025 542 123 509 14 1
34026 542 124 509 14 1
34027 542 125 509 14 1
34028 542 126 509 14 1
34029 543 64 509 14 1
34030 543 65 509 14 1
34031 543 66 509 14 1
34032 543 67 509 14 1
34033 543 68 509 14 1
34034 543 69 509 14 1
34035 543 70 509 14 1
34036 543 71 509 14 1
34037 543 72 509 14 1
34038 543 73 509 14 1
34039 543 74 509 14 1
34040 543 75 509 14 1
34041 543 76 509 14 1
34042 543 77 509 14 1
34043 543 78 509 14 1
34044 543 79 509 14 1
34045 543 80 509 14 1
34046 543 81 509 14 1
34047 543 82 509 14 1
34048 543 83 509 14 1
34049 543 84 509 14 1
34050 543 85 509 14 1
34051 543 86 509 14 1
34052 543 87 509 14 1
34053 543 88 509 14 1
34054 543 89 509 14 1
34055 543 90 509 14 1
34056 543 91 509 14 1
34057 543 92 509 14 1
34058 543 93 509 14 1
34059 543 94 509 14 1
34060 543 95 509 14 1
34061 543 96 509 14 1
34062 543 97 509 14 1
34063 543 98 509 14 1
34064 543 99 509 14 1
34065 543 100 509 14 1
34066 543 101 509 14 1
34067 543 102 509 14 1
34068 543 103 509 14 1
34069 543 104 509 14 1
34070 543 105 509 14 1
34071 543 106 509 14 1
34072 543 107 509 14 1
34073 543 108 509 14 1
34074 543 109 509 14 1
34075 543 110 509 14 1
34076 543 111 509 14 1
34077 543 112 509 14 1
34078 543 113 509 14 1
34079 543 114 509 14 1
34080 543 115 509 14 1
34081 543 116 509 14 1
34082 543 117 509 14 1
34083 543 118 509 14 1
34084 543 119 509 14 1
34085 543 120 509 14 1
34086 543 121 509 14 1
34087 543 122 509 14 1
34088 543 123 509 14 1
34089 543 124 509 14 1
34090 543 125 509 14 1
34091 543 126 509 14 1
34092 544 64 509 14 1
34093 544 65 509 14 1
34094 544 66 509 14 1
34095 544 67 509 14 1
34096 544 68 509 14 1
34097 544 69 509 14 1
34098 544 70 509 14 1
34099 544 71 509 14 1
34100 544 72 509 14 1
34101 544 73 509 14 1
34102 544 74 509 14 1
34103 544 75 509 14 1
34104 544 76 509 14 1
34105 544 77 509 14 1
34106 544 78 509 14 1
34107 544 79 509 14 1
34108 544 80 509 14 1
34109 544 81 509 14 1
34110 544 82 509 14 1
34111 544 83 509 14 1
34112 544 84 509 14 1
34113 544 85 509 14 1
34114 544 86 509 14 1
34115 544 87 509 14 1
34116 544 88 509 14 1
34117 544 89 509 14 1
34118 544 90 509 14 1
34119 544 91 509 14 1
34120 544 92 509 14 1
34121 544 93 509 14 1
34122 544 94 509 14 1
34123 544 95 509 14 1
34124 544 96 509 14 1
34125 544 97 509 14 1
34126 544 98 509 14 1
34127 544 99 509 14 1
34128 544 100 509 14 1
34129 544 101 509 14 1
34130 544 102 509 14 1
34131 544 103 509 14 1
34132 544 104 509 14 1
34133 544 105 509 14 1
34134 544 106 509 14 1
34135 544 107 509 14 1
34136 544 108 509 14 1
34137 544 109 509 14 1
34138 544 110 509 14 1
34139 544 111 509 14 1
34140 544 112 509 14 1
34141 544 113 509 14 1
34142 544 114 509 14 1
34143 544 115 509 14 1
34144 544 116 509 14 1
34145 544 117 509 14 1
34146 544 118 509 14 1
34147 544 119 509 14 1
34148 544 120 509 14 1
34149 544 121 509 14 1
34150 544 122 509 14 1
34151 544 123 509 14 1
34152 544 124 509 14 1
34153 544 125 509 14 1
34154 544 126 509 14 1
34155 545 64 509 14 1
34156 545 65 509 14 1
34157 545 66 509 14 1
34158 545 67 509 14 1
34159 545 68 509 14 1
34160 545 69 509 14 1
34161 545 70 509 14 1
34162 545 71 509 14 1
34163 545 72 509 14 1
34164 545 73 509 14 1
34165 545 74 509 14 1
34166 545 75 509 14 1
34167 545 76 509 14 1
34168 545 77 509 14 1
34169 545 78 509 14 1
34170 545 79 509 14 1
34171 545 80 509 14 1
34172 545 81 509 14 1
34173 545 82 509 14 1
34174 545 83 509 14 1
34175 545 84 509 14 1
34176 545 85 509 14 1
34177 545 86 509 14 1
34178 545 87 509 14 1
34179 545 88 509 14 1
34180 545 89 509 14 1
34181 545 90 509 14 1
34182 545 91 509 14 1
34183 545 92 509 14 1
34184 545 93 509 14 1
34185 545 94 509 14 1
34186 545 95 509 14 1
34187 545 96 509 14 1
34188 545 97 509 14 1
34189 545 98 509 14 1
34190 545 99 509 14 1
34191 545 100 509 14 1
34192 545 101 509 14 1
34193 545 102 509 14 1
34194 545 103 509 14 1
34195 545 104 509 14 1
34196 545 105 509 14 1
34197 545 106 509 14 1
34198 545 107 509 14 1
34199 545 108 509 14 1
34200 545 109 509 14 1
34201 545 110 509 14 1
34202 545 111 509 14 1
34203 545 112 509 14 1
34204 545 113 509 14 1
34205 545 114 509 14 1
34206 545 115 509 14 1
34207 545 116 509 14 1
34208 545 117 509 14 1
34209 545 118 509 14 1
34210 545 119 509 14 1
34211 545 120 509 14 1
34212 545 121 509 14 1
34213 545 122 509 14 1
34214 545 123 509 14 1
34215 545 124 509 14 1
34216 545 125 509 14 1
34217 545 126 509 14 1
34218 546 64 509 14 1
34219 546 65 509 14 1
34220 546 66 509 14 1
34221 546 67 509 14 1
34222 546 68 509 14 1
34223 546 69 509 14 1
34224 546 70 509 14 1
34225 546 71 509 14 1
34226 546 72 509 14 1
34227 546 73 509 14 1
34228 546 74 509 14 1
34229 546 75 509 14 1
34230 546 76 509 14 1
34231 546 77 509 14 1
34232 546 78 509 14 1
34233 546 79 509 14 1
34234 546 80 509 14 1
34235 546 81 509 14 1
34236 546 82 509 14 1
34237 546 83 509 14 1
34238 546 84 509 14 1
34239 546 85 509 14 1
34240 546 86 509 14 1
34241 546 87 509 14 1
34242 546 88 509 14 1
34243 546 89 509 14 1
34244 546 90 509 14 1
34245 546 91 509 14 1
34246 546 92 509 14 1
34247 546 93 509 14 1
34248 546 94 509 14 1
34249 546 95 509 14 1
34250 546 96 509 14 1
34251 546 97 509 14 1
34252 546 98 509 14 1
34253 546 99 509 14 1
34254 546 100 509 14 1
34255 546 101 509 14 1
34256 546 102 509 14 1
34257 546 103 509 14 1
34258 546 104 509 14 1
34259 546 105 509 14 1
34260 546 106 509 14 1
34261 546 107 509 14 1
34262 546 108 509 14 1
34263 546 109 509 14 1
34264 546 110 509 14 1
34265 546 111 509 14 1
34266 546 112 509 14 1
34267 546 113 509 14 1
34268 546 114 509 14 1
34269 546 115 509 14 1
34270 546 116 509 14 1
34271 546 117 509 14 1
34272 546 118 509 14 1
34273 546 119 509 14 1
34274 546 120 509 14 1
34275 546 121 509 14 1
34276 546 122 509 14 1
34277 546 123 509 14 1
34278 546 124 509 14 1
34279 546 125 509 14 1
34280 546 126 509 14 1
34281 547 64 509 14 1
34282 547 65 509 14 1
34283 547 66 509 14 1
34284 547 67 509 14 1
34285 547 68 509 14 1
34286 547 69 509 14 1
34287 547 70 509 14 1
34288 547 71 509 14 1
34289 547 72 509 14 1
34290 547 73 509 14 1
34291 547 74 509 14 1
34292 547 75 509 14 1
34293 547 76 509 14 1
34294 547 77 509 14 1
34295 547 78 509 14 1
34296 547 79 509 14 1
34297 547 80 509 14 1
34298 547 81 509 14 1
34299 547 82 509 14 1
34300 547 83 509 14 1
34301 547 84 509 14 1
34302 547 85 509 14 1
34303 547 86 509 14 1
34304 547 87 509 14 1
34305 547 88 509 14 1
34306 547 89 509 14 1
34307 547 90 509 14 1
34308 547 91 509 14 1
34309 547 92 509 14 1
34310 547 93 509 14 1
34311 547 94 509 14 1
34312 547 95 509 14 1
34313 547 96 509 14 1
34314 547 97 509 14 1
34315 547 98 509 14 1
34316 547 99 509 14 1
34317 547 100 509 14 1
34318 547 101 509 14 1
34319 547 102 509 14 1
34320 547 103 509 14 1
34321 547 104 509 14 1
34322 547 105 509 14 1
34323 547 106 509 14 1
34324 547 107 509 14 1
34325 547 108 509 14 1
34326 547 109 509 14 1
34327 547 110 509 14 1
34328 547 111 509 14 1
34329 547 112 509 14 1
34330 547 113 509 14 1
34331 547 114 509 14 1
34332 547 115 509 14 1
34333 547 116 509 14 1
34334 547 117 509 14 1
34335 547 118 509 14 1
34336 547 119 509 14 1
34337 547 120 509 14 1
34338 547 121 509 14 1
34339 547 122 509 14 1
34340 547 123 509 14 1
34341 547 124 509 14 1
34342 547 125 509 14 1
34343 547 126 509 14 1
34344 548 64 509 14 1
34345 548 65 509 14 1
34346 548 66 509 14 1
34347 548 67 509 14 1
34348 548 68 509 14 1
34349 548 69 509 14 1
34350 548 70 509 14 1
34351 548 71 509 14 1
34352 548 72 509 14 1
34353 548 73 509 14 1
34354 548 74 509 14 1
34355 548 75 509 14 1
34356 548 76 509 14 1
34357 548 77 509 14 1
34358 548 78 509 14 1
34359 548 79 509 14 1
34360 548 80 509 14 1
34361 548 81 509 14 1
34362 548 82 509 14 1
34363 548 83 509 14 1
34364 548 84 509 14 1
34365 548 85 509 14 1
34366 548 86 509 14 1
34367 548 87 509 14 1
34368 548 88 509 14 1
34369 548 89 509 14 1
34370 548 90 509 14 1
34371 548 91 509 14 1
34372 548 92 509 14 1
34373 548 93 509 14 1
34374 548 94 509 14 1
34375 548 95 509 14 1
34376 548 96 509 14 1
34377 548 97 509 14 1
34378 548 98 509 14 1
34379 548 99 509 14 1
34380 548 100 509 14 1
34381 548 101 509 14 1
34382 548 102 509 14 1
34383 548 103 509 14 1
34384 548 104 509 14 1
34385 548 105 509 14 1
34386 548 106 509 14 1
34387 548 107 509 14 1
34388 548 108 509 14 1
34389 548 109 509 14 1
34390 548 110 509 14 1
34391 548 111 509 14 1
34392 548 112 509 14 1
34393 548 113 509 14 1
34394 548 114 509 14 1
34395 548 115 509 14 1
34396 548 116 509 14 1
34397 548 117 509 14 1
34398 548 118 509 14 1
34399 548 119 509 14 1
34400 548 120 509 14 1
34401 548 121 509 14 1
34402 548 122 509 14 1
34403 548 123 509 14 1
34404 548 124 509 14 1
34405 548 125 509 14 1
34406 548 126 509 14 1
34407 549 64 509 14 1
34408 549 65 509 14 1
34409 549 66 509 14 1
34410 549 67 509 14 1
34411 549 68 509 14 1
34412 549 69 509 14 1
34413 549 70 509 14 1
34414 549 71 509 14 1
34415 549 72 509 14 1
34416 549 73 509 14 1
34417 549 74 509 14 1
34418 549 75 509 14 1
34419 549 76 509 14 1
34420 549 77 509 14 1
34421 549 78 509 14 1
34422 549 79 509 14 1
34423 549 80 509 14 1
34424 549 81 509 14 1
34425 549 82 509 14 1
34426 549 83 509 14 1
34427 549 84 509 14 1
34428 549 85 509 14 1
34429 549 86 509 14 1
34430 549 87 509 14 1
34431 549 88 509 14 1
34432 549 89 509 14 1
34433 549 90 509 14 1
34434 549 91 509 14 1
34435 549 92 509 14 1
34436 549 93 509 14 1
34437 549 94 509 14 1
34438 549 95 509 14 1
34439 549 96 509 14 1
34440 549 97 509 14 1
34441 549 98 509 14 1
34442 549 99 509 14 1
34443 549 100 509 14 1
34444 549 101 509 14 1
34445 549 102 509 14 1
34446 549 103 509 14 1
34447 549 104 509 14 1
34448 549 105 509 14 1
34449 549 106 509 14 1
34450 549 107 509 14 1
34451 549 108 509 14 1
34452 549 109 509 14 1
34453 549 110 509 14 1
34454 549 111 509 14 1
34455 549 112 509 14 1
34456 549 113 509 14 1
34457 549 114 509 14 1
34458 549 115 509 14 1
34459 549 116 509 14 1
34460 549 117 509 14 1
34461 549 118 509 14 1
34462 549 119 509 14 1
34463 549 120 509 14 1
34464 549 121 509 14 1
34465 549 122 509 14 1
34466 549 123 509 14 1
34467 549 124 509 14 1
34468 549 125 509 14 1
34469 549 126 509 14 1
34470 550 64 509 14 1
34471 550 65 509 14 1
34472 550 66 509 14 1
34473 550 67 509 14 1
34474 550 68 509 14 1
34475 550 69 509 14 1
34476 550 70 509 14 1
34477 550 71 509 14 1
34478 550 72 509 14 1
34479 550 73 509 14 1
34480 550 74 509 14 1
34481 550 75 509 14 1
34482 550 76 509 14 1
34483 550 77 509 14 1
34484 550 78 509 14 1
34485 550 79 509 14 1
34486 550 80 509 14 1
34487 550 81 509 14 1
34488 550 82 509 14 1
34489 550 83 509 14 1
34490 550 84 509 14 1
34491 550 85 509 14 1
34492 550 86 509 14 1
34493 550 87 509 14 1
34494 550 88 509 14 1
34495 550 89 509 14 1
34496 550 90 509 14 1
34497 550 91 509 14 1
34498 550 92 509 14 1
34499 550 93 509 14 1
34500 550 94 509 14 1
34501 550 95 509 14 1
34502 550 96 509 14 1
34503 550 97 509 14 1
34504 550 98 509 14 1
34505 550 99 509 14 1
34506 550 100 509 14 1
34507 550 101 509 14 1
34508 550 102 509 14 1
34509 550 103 509 14 1
34510 550 104 509 14 1
34511 550 105 509 14 1
34512 550 106 509 14 1
34513 550 107 509 14 1
34514 550 108 509 14 1
34515 550 109 509 14 1
34516 550 110 509 14 1
34517 550 111 509 14 1
34518 550 112 509 14 1
34519 550 113 509 14 1
34520 550 114 509 14 1
34521 550 115 509 14 1
34522 550 116 509 14 1
34523 550 117 509 14 1
34524 550 118 509 14 1
34525 550 119 509 14 1
34526 550 120 509 14 1
34527 550 121 509 14 1
34528 550 122 509 14 1
34529 550 123 509 14 1
34530 550 124 509 14 1
34531 550 125 509 14 1
34532 550 126 509 14 1
34533 551 64 509 14 1
34534 551 65 509 14 1
34535 551 66 509 14 1
34536 551 67 509 14 1
34537 551 68 509 14 1
34538 551 69 509 14 1
34539 551 70 509 14 1
34540 551 71 509 14 1
34541 551 72 509 14 1
34542 551 73 509 14 1
34543 551 74 509 14 1
34544 551 75 509 14 1
34545 551 76 509 14 1
34546 551 77 509 14 1
34547 551 78 509 14 1
34548 551 79 509 14 1
34549 551 80 509 14 1
34550 551 81 509 14 1
34551 551 82 509 14 1
34552 551 83 509 14 1
34553 551 84 509 14 1
34554 551 85 509 14 1
34555 551 86 509 14 1
34556 551 87 509 14 1
34557 551 88 509 14 1
34558 551 89 509 14 1
34559 551 90 509 14 1
34560 551 91 509 14 1
34561 551 92 509 14 1
34562 551 93 509 14 1
34563 551 94 509 14 1
34564 551 95 509 14 1
34565 551 96 509 14 1
34566 551 97 509 14 1
34567 551 98 509 14 1
34568 551 99 509 14 1
34569 551 100 509 14 1
34570 551 101 509 14 1
34571 551 102 509 14 1
34572 551 103 509 14 1
34573 551 104 509 14 1
34574 551 105 509 14 1
34575 551 106 509 14 1
34576 551 107 509 14 1
34577 551 108 509 14 1
34578 551 109 509 14 1
34579 551 110 509 14 1
34580 551 111 509 14 1
34581 551 112 509 14 1
34582 551 113 509 14 1
34583 551 114 509 14 1
34584 551 115 509 14 1
34585 551 116 509 14 1
34586 551 117 509 14 1
34587 551 118 509 14 1
34588 551 119 509 14 1
34589 551 120 509 14 1
34590 551 121 509 14 1
34591 551 122 509 14 1
34592 551 123 509 14 1
34593 551 124 509 14 1
34594 551 125 509 14 1
34595 551 126 509 14 1
34596 552 64 509 14 1
34597 552 65 509 14 1
34598 552 66 509 14 1
34599 552 67 509 14 1
34600 552 68 509 14 1
34601 552 69 509 14 1
34602 552 70 509 14 1
34603 552 71 509 14 1
34604 552 72 509 14 1
34605 552 73 509 14 1
34606 552 74 509 14 1
34607 552 75 509 14 1
34608 552 76 509 14 1
34609 552 77 509 14 1
34610 552 78 509 14 1
34611 552 79 509 14 1
34612 552 80 509 14 1
34613 552 81 509 14 1
34614 552 82 509 14 1
34615 552 83 509 14 1
34616 552 84 509 14 1
34617 552 85 509 14 1
34618 552 86 509 14 1
34619 552 87 509 14 1
34620 552 88 509 14 1
34621 552 89 509 14 1
34622 552 90 509 14 1
34623 552 91 509 14 1
34624 552 92 509 14 1
34625 552 93 509 14 1
34626 552 94 509 14 1
34627 552 95 509 14 1
34628 552 96 509 14 1
34629 552 97 509 14 1
34630 552 98 509 14 1
34631 552 99 509 14 1
34632 552 100 509 14 1
34633 552 101 509 14 1
34634 552 102 509 14 1
34635 552 103 509 14 1
34636 552 104 509 14 1
34637 552 105 509 14 1
34638 552 106 509 14 1
34639 552 107 509 14 1
34640 552 108 509 14 1
34641 552 109 509 14 1
34642 552 110 509 14 1
34643 552 111 509 14 1
34644 552 112 509 14 1
34645 552 113 509 14 1
34646 552 114 509 14 1
34647 552 115 509 14 1
34648 552 116 509 14 1
34649 552 117 509 14 1
34650 552 118 509 14 1
34651 552 119 509 14 1
34652 552 120 509 14 1
34653 552 121 509 14 1
34654 552 122 509 14 1
34655 552 123 509 14 1
34656 552 124 509 14 1
34657 552 125 509 14 1
34658 552 126 509 14 1
34659 553 64 509 14 1
34660 553 65 509 14 1
34661 553 66 509 14 1
34662 553 67 509 14 1
34663 553 68 509 14 1
34664 553 69 509 14 1
34665 553 70 509 14 1
34666 553 71 509 14 1
34667 553 72 509 14 1
34668 553 73 509 14 1
34669 553 74 509 14 1
34670 553 75 509 14 1
34671 553 76 509 14 1
34672 553 77 509 14 1
34673 553 78 509 14 1
34674 553 79 509 14 1
34675 553 80 509 14 1
34676 553 81 509 14 1
34677 553 82 509 14 1
34678 553 83 509 14 1
34679 553 84 509 14 1
34680 553 85 509 14 1
34681 553 86 509 14 1
34682 553 87 509 14 1
34683 553 88 509 14 1
34684 553 89 509 14 1
34685 553 90 509 14 1
34686 553 91 509 14 1
34687 553 92 509 14 1
34688 553 93 509 14 1
34689 553 94 509 14 1
34690 553 95 509 14 1
34691 553 96 509 14 1
34692 553 97 509 14 1
34693 553 98 509 14 1
34694 553 99 509 14 1
34695 553 100 509 14 1
34696 553 101 509 14 1
34697 553 102 509 14 1
34698 553 103 509 14 1
34699 553 104 509 14 1
34700 553 105 509 14 1
34701 553 106 509 14 1
34702 553 107 509 14 1
34703 553 108 509 14 1
34704 553 109 509 14 1
34705 553 110 509 14 1
34706 553 111 509 14 1
34707 553 112 509 14 1
34708 553 113 509 14 1
34709 553 114 509 14 1
34710 553 115 509 14 1
34711 553 116 509 14 1
34712 553 117 509 14 1
34713 553 118 509 14 1
34714 553 119 509 14 1
34715 553 120 509 14 1
34716 553 121 509 14 1
34717 553 122 509 14 1
34718 553 123 509 14 1
34719 553 124 509 14 1
34720 553 125 509 14 1
34721 553 126 509 14 1
34722 554 64 509 14 1
34723 554 65 509 14 1
34724 554 66 509 14 1
34725 554 67 509 14 1
34726 554 68 509 14 1
34727 554 69 509 14 1
34728 554 70 509 14 1
34729 554 71 509 14 1
34730 554 72 509 14 1
34731 554 73 509 14 1
34732 554 74 509 14 1
34733 554 75 509 14 1
34734 554 76 509 14 1
34735 554 77 509 14 1
34736 554 78 509 14 1
34737 554 79 509 14 1
34738 554 80 509 14 1
34739 554 81 509 14 1
34740 554 82 509 14 1
34741 554 83 509 14 1
34742 554 84 509 14 1
34743 554 85 509 14 1
34744 554 86 509 14 1
34745 554 87 509 14 1
34746 554 88 509 14 1
34747 554 89 509 14 1
34748 554 90 509 14 1
34749 554 91 509 14 1
34750 554 92 509 14 1
34751 554 93 509 14 1
34752 554 94 509 14 1
34753 554 95 509 14 1
34754 554 96 509 14 1
34755 554 97 509 14 1
34756 554 98 509 14 1
34757 554 99 509 14 1
34758 554 100 509 14 1
34759 554 101 509 14 1
34760 554 102 509 14 1
34761 554 103 509 14 1
34762 554 104 509 14 1
34763 554 105 509 14 1
34764 554 106 509 14 1
34765 554 107 509 14 1
34766 554 108 509 14 1
34767 554 109 509 14 1
34768 554 110 509 14 1
34769 554 111 509 14 1
34770 554 112 509 14 1
34771 554 113 509 14 1
34772 554 114 509 14 1
34773 554 115 509 14 1
34774 554 116 509 14 1
34775 554 117 509 14 1
34776 554 118 509 14 1
34777 554 119 509 14 1
34778 554 120 509 14 1
34779 554 121 509 14 1
34780 554 122 509 14 1
34781 554 123 509 14 1
34782 554 124 509 14 1
34783 554 125 509 14 1
34784 554 126 509 14 1
34785 555 64 509 14 1
34786 555 65 509 14 1
34787 555 66 509 14 1
34788 555 67 509 14 1
34789 555 68 509 14 1
34790 555 69 509 14 1
34791 555 70 509 14 1
34792 555 71 509 14 1
34793 555 72 509 14 1
34794 555 73 509 14 1
34795 555 74 509 14 1
34796 555 75 509 14 1
34797 555 76 509 14 1
34798 555 77 509 14 1
34799 555 78 509 14 1
34800 555 79 509 14 1
34801 555 80 509 14 1
34802 555 81 509 14 1
34803 555 82 509 14 1
34804 555 83 509 14 1
34805 555 84 509 14 1
34806 555 85 509 14 1
34807 555 86 509 14 1
34808 555 87 509 14 1
34809 555 88 509 14 1
34810 555 89 509 14 1
34811 555 90 509 14 1
34812 555 91 509 14 1
34813 555 92 509 14 1
34814 555 93 509 14 1
34815 555 94 509 14 1
34816 555 95 509 14 1
34817 555 96 509 14 1
34818 555 97 509 14 1
34819 555 98 509 14 1
34820 555 99 509 14 1
34821 555 100 509 14 1
34822 555 101 509 14 1
34823 555 102 509 14 1
34824 555 103 509 14 1
34825 555 104 509 14 1
34826 555 105 509 14 1
34827 555 106 509 14 1
34828 555 107 509 14 1
34829 555 108 509 14 1
34830 555 109 509 14 1
34831 555 110 509 14 1
34832 555 111 509 14 1
34833 555 112 509 14 1
34834 555 113 509 14 1
34835 555 114 509 14 1
34836 555 115 509 14 1
34837 555 116 509 14 1
34838 555 117 509 14 1
34839 555 118 509 14 1
34840 555 119 509 14 1
34841 555 120 509 14 1
34842 555 121 509 14 1
34843 555 122 509 14 1
34844 555 123 509 14 1
34845 555 124 509 14 1
34846 555 125 509 14 1
34847 555 126 509 14 1
34848 0 116 2287 8 1
34849 0 117 2287 8 1
34850 0 121 2287 8 1
34851 0 122 2287 8 1
34852 1 116 2287 8 1
34853 1 117 2287 8 1
34854 1 121 2287 8 1
34855 1 122 2287 8 1
34856 2 78 2287 8 1
34857 2 79 2287 8 1
34858 3 78 2287 8 1
34859 3 79 2287 8 1
34860 4 78 2287 8 1
34861 4 79 2287 8 1
34862 5 78 2287 8 1
34863 5 79 2287 8 1
34864 6 78 2287 8 1
34865 6 79 2287 8 1
34866 7 78 2287 8 1
34867 7 79 2287 8 1
34868 8 78 2287 8 1
34869 8 79 2287 8 1
34870 9 78 2287 8 1
34871 9 79 2287 8 1
34872 10 78 2287 8 1
34873 10 79 2287 8 1
34874 11 78 2287 8 1
34875 11 79 2287 8 1
34876 12 78 2287 8 1
34877 12 79 2287 8 1
34878 13 78 2287 8 1
34879 13 79 2287 8 1
34880 14 78 2287 8 1
34881 14 79 2287 8 1
34882 15 78 2287 8 1
34883 15 79 2287 8 1
34884 16 78 2287 8 1
34885 16 79 2287 8 1
34886 17 78 2287 8 1
34887 17 79 2287 8 1
34888 18 78 2287 8 1
34889 18 79 2287 8 1
34890 19 78 2287 8 1
34891 19 79 2287 8 1
34892 20 78 2287 8 1
34893 20 79 2287 8 1
34894 21 78 2287 8 1
34895 21 79 2287 8 1
34896 22 78 2287 8 1
34897 22 79 2287 8 1
34898 23 78 2287 8 1
34899 23 79 2287 8 1
34900 24 78 2287 8 1
34901 24 79 2287 8 1
34902 25 78 2287 8 1
34903 25 79 2287 8 1
34904 26 78 2287 8 1
34905 26 79 2287 8 1
34906 27 78 2287 8 1
34907 27 79 2287 8 1
34908 28 78 2287 8 1
34909 28 79 2287 8 1
34910 29 78 2287 8 1
34911 29 79 2287 8 1
34912 30 78 2287 8 1
34913 30 79 2287 8 1
34914 31 78 2287 8 1
34915 31 79 2287 8 1
34916 32 78 2287 8 1
34917 32 79 2287 8 1
34918 33 78 2287 8 1
34919 33 79 2287 8 1
34920 34 78 2287 8 1
34921 34 79 2287 8 1
34922 35 78 2287 8 1
34923 35 79 2287 8 1
34924 36 78 2287 8 1
34925 36 79 2287 8 1
34926 37 78 2287 8 1
34927 37 79 2287 8 1
34928 38 78 2287 8 1
34929 38 79 2287 8 1
34930 39 78 2287 8 1
34931 39 79 2287 8 1
34932 40 78 2287 8 1
34933 40 79 2287 8 1
34934 41 78 2287 8 1
34935 41 79 2287 8 1
34936 42 78 2287 8 1
34937 42 79 2287 8 1
34938 43 78 2287 8 1
34939 43 79 2287 8 1
34940 44 78 2287 8 1
34941 44 79 2287 8 1
34942 45 78 2287 8 1
34943 45 79 2287 8 1
34944 46 78 2287 8 1
34945 46 79 2287 8 1
34946 47 78 2287 8 1
34947 47 79 2287 8 1
34948 48 78 2287 8 1
34949 48 79 2287 8 1
34950 49 78 2287 8 1
34951 49 79 2287 8 1
34952 50 78 2287 8 1
34953 50 79 2287 8 1
34954 51 78 2287 8 1
34955 51 79 2287 8 1
34956 52 78 2287 8 1
34957 52 79 2287 8 1
34958 53 78 2287 8 1
34959 53 79 2287 8 1
34960 54 78 2287 8 1
34961 54 79 2287 8 1
34962 55 78 2287 8 1
34963 55 79 2287 8 1
34964 56 78 2287 8 1
34965 56 79 2287 8 1
34966 57 78 2287 8 1
34967 57 79 2287 8 1
34968 58 78 2287 8 1
34969 58 79 2287 8 1
34970 59 78 2287 8 1
34971 59 79 2287 8 1
34972 60 78 2287 8 1
34973 60 79 2287 8 1
34974 61 78 2287 8 1
34975 61 79 2287 8 1
34976 62 78 2287 8 1
34977 62 79 2287 8 1
34978 63 78 2287 8 1
34979 63 79 2287 8 1
34980 64 78 2287 8 1
34981 64 79 2287 8 1
34982 65 78 2287 8 1
34983 65 79 2287 8 1
34984 66 78 2287 8 1
34985 66 79 2287 8 1
34986 67 78 2287 8 1
34987 67 79 2287 8 1
34988 68 78 2287 8 1
34989 68 79 2287 8 1
34990 69 78 2287 8 1
34991 69 79 2287 8 1
34992 70 78 2287 8 1
34993 70 79 2287 8 1
34994 71 78 2287 8 1
34995 71 79 2287 8 1
34996 72 78 2287 8 1
34997 72 79 2287 8 1
34998 73 78 2287 8 1
34999 73 79 2287 8 1
35000 74 78 2287 8 1
35001 74 79 2287 8 1
35002 75 78 2287 8 1
35003 75 79 2287 8 1
35004 76 78 2287 8 1
35005 76 79 2287 8 1
35006 77 78 2287 8 1
35007 77 79 2287 8 1
35008 78 78 2287 8 1
35009 78 79 2287 8 1
35010 79 78 2287 8 1
35011 79 79 2287 8 1
35012 80 78 2287 8 1
35013 80 79 2287 8 1
35014 81 78 2287 8 1
35015 81 79 2287 8 1
35016 302 77 2287 8 1
35017 302 78 2287 8 1
35018 303 77 2287 8 1
35019 303 78 2287 8 1
35020 304 89 2287 8 1
35021 304 90 2287 8 1
35022 305 89 2287 8 1
35023 305 90 2287 8 1
35024 306 96 2287 8 1
35025 306 97 2287 8 1
35026 307 96 2287 8 1
35027 307 97 2287 8 1
