23 2226 2336 25696
12 2 4 6 11 12 15 17 18 19 20 21 22
11 0 1 2 3 6 8 11 12 14 15 19
11 0 1 3 4 7 9 12 13 14 15 19
12 1 4 5 10 12 14 17 18 19 20 21 22
12 1 3 4 11 12 13 16 17 19 20 21 22
11 0 1 3 4 6 7 11 13 15 17 18
11 0 1 3 5 7 11 12 14 15 17 18
12 1 2 5 6 7 14 15 17 19 20 21 22
12 3 5 7 12 13 15 16 17 19 20 21 22
11 0 1 2 4 5 7 10 12 13 16 17
11 0 1 4 5 7 10 12 13 15 16 17
12 1 2 3 5 6 11 13 15 19 20 21 22
12 1 5 6 8 14 15 16 18 19 20 21 22
11 0 1 3 6 7 11 12 14 15 17 19
11 0 2 4 5 7 8 12 13 16 18 19
12 1 2 3 9 11 12 16 18 19 20 21 22
12 4 5 10 12 13 14 16 17 18 20 21 22
11 0 1 2 4 5 8 11 13 14 16 18
11 0 2 4 5 7 10 13 14 16 17 18
11 0 2 3 5 7 10 13 14 15 16 19
11 0 3 4 5 6 9 12 14 16 17 19
12 1 6 7 12 13 14 16 17 18 20 21 22
12 2 3 4 6 11 14 16 18 19 20 21 22
11 0 1 3 4 6 10 12 13 14 17 18
11 0 1 4 5 6 8 12 14 15 17 18
12 1 3 6 11 13 14 15 18 19 20 21 22
12 1 6 8 12 13 14 16 17 19 20 21 22
12 1 2 4 5 6 10 12 17 19 20 21 22
12 4 6 10 12 13 15 16 17 19 20 21 22
11 0 1 3 4 6 10 11 14 15 16 18
11 0 1 2 4 5 9 12 13 15 17 18
11 0 2 3 4 7 8 12 14 15 17 18
11 0 1 3 5 6 9 13 14 16 17 18
12 1 2 3 5 6 8 12 14 19 20 21 22
12 1 4 6 11 12 15 16 18 19 20 21 22
11 0 1 2 3 6 8 12 14 15 16 19
11 0 2 5 6 7 8 12 15 16 17 19
12 1 2 5 6 11 13 16 18 19 20 21 22
12 3 4 8 12 13 15 16 18 19 20 21 22
11 0 1 2 4 6 8 11 13 14 16 17
11 0 1 3 4 6 9 11 13 15 16 17
11 0 1 2 3 5 8 11 12 14 16 18
11 0 2 4 6 7 10 13 15 16 17 18
12 1 2 4 5 9 13 14 18 19 20 21 22
12 2 4 10 11 12 15 16 18 19 20 21 22
11 0 2 3 4 6 9 11 14 15 16 19
11 0 3 4 5 8 10 13 15 16 17 19
12 1 2 5 6 7 13 15 18 19 20 21 22
12 1 2 7 8 13 14 16 17 18 20 21 22
11 0 1 2 3 5 7 10 13 14 16 18
11 0 2 4 5 8 11 13 15 16 17 18
12 5 8 9 12 13 14 15 17 19 20 21 22
11 0 1 3 5 6 9 12 13 14 16 18
11 0 2 4 5 6 9 12 13 15 17 18
12 2 3 6 12 13 14 15 17 19 20 21 22
12 2 3 4 6 10 13 16 18 19 20 21 22
11 0 1 2 4 5 6 10 13 15 17 18
11 0 1 3 5 8 12 13 14 16 17 18
12 1 4 7 11 13 14 15 18 19 20 21 22
12 3 6 9 12 13 14 15 17 19 20 21 22
11 0 3 4 5 6 8 10 14 15 16 19
11 0 3 4 5 9 11 13 14 15 16 19
12 2 5 8 12 13 14 15 17 19 20 21 22
12 1 6 7 11 13 14 15 17 18 20 21 22
11 0 1 2 4 5 6 10 12 13 15 18
11 0 3 5 6 8 12 13 14 16 17 18
12 1 5 6 11 13 14 15 17 18 20 21 22
12 2 6 8 12 13 14 16 17 19 20 21 22
11 0 1 2 3 5 7 10 12 13 16 17
11 0 1 4 5 7 10 12 14 15 16 17
12 1 2 4 5 6 10 12 16 19 20 21 22
12 4 6 9 12 13 14 16 17 18 20 21 22
11 0 1 2 3 7 9 10 12 13 15 19
11 0 2 3 5 6 8 12 13 14 15 19
12 2 5 7 12 13 14 16 17 18 20 21 22
12 3 6 7 12 14 15 16 18 19 20 21 22
11 0 1 2 4 6 7 11 13 14 16 19
11 0 1 3 5 6 7 11 14 16 17 19
12 1 2 3 5 10 11 14 18 19 20 21 22
12 5 7 10 11 13 14 15 17 19 20 21 22
11 0 2 3 5 6 7 11 12 15 16 18
11 0 2 3 6 7 11 12 13 15 16 18
12 1 3 4 5 7 8 11 13 19 20 21 22
12 1 5 6 10 13 14 16 18 19 20 21 22
11 0 1 2 3 4 7 9 13 14 16 19
11 0 2 5 6 7 8 9 13 16 18 19
12 1 3 4 7 11 12 16 18 19 20 21 22
12 1 3 4 10 12 13 16 17 19 20 21 22
11 0 1 3 5 6 7 11 13 14 15 18
11 0 3 4 5 7 11 12 13 15 17 18
12 1 2 5 6 8 14 15 17 19 20 21 22
12 1 6 7 11 13 15 16 18 19 20 21 22
11 0 1 2 3 6 7 10 13 14 16 18
11 0 2 4 5 8 11 12 15 16 17 18
12 1 2 4 6 10 11 16 18 19 20 21 22
12 2 5 6 11 13 15 16 17 19 20 21 22
11 0 1 3 6 8 12 13 14 15 16 19
11 0 3 4 5 6 7 11 13 16 18 19
12 1 2 3 5 7 12 13 16 19 20 21 22
12 2 3 5 11 12 14 16 17 18 20 21 22
12 1 3 4 10 12 13 16 17 18 20 21 22
12 4 6 9 12 13 15 17 18 19 20 21 22
11 0 1 2 6 8 11 12 13 15 16 19
11 0 1 2 6 9 10 12 13 14 17 19
12 1 3 4 7 10 12 17 18 19 20 21 22
12 1 4 6 7 13 15 16 17 19 20 21 22
12 1 2 3 5 11 12 14 17 19 20 21 22
12 4 7 9 12 13 14 16 18 19 20 21 22
11 0 2 3 4 5 8 9 13 15 16 19
11 0 1 4 5 6 7 9 13 16 17 19
12 1 3 4 5 8 10 13 18 19 20 21 22
12 2 3 4 8 11 13 16 18 19 20 21 22
11 0 1 2 4 5 6 8 12 15 16 18
11 0 2 3 6 10 12 13 14 16 17 18
12 1 4 6 9 13 14 15 18 19 20 21 22
12 2 5 10 11 12 14 16 18 19 20 21 22
11 0 1 3 4 6 8 11 12 13 16 17
11 0 1 4 5 6 9 11 13 14 16 17
12 1 3 5 6 7 12 15 18 19 20 21 22
12 3 4 8 11 12 15 17 18 19 20 21 22
11 0 1 2 4 6 7 10 12 13 15 17
11 0 2 4 5 7 10 11 13 15 16 17
11 0 1 2 3 5 7 9 12 13 15 18
11 0 3 5 6 9 11 13 15 16 17 18
12 1 4 5 8 12 13 17 18 19 20 21 22
12 2 3 5 10 12 13 16 17 19 20 21 22
11 0 1 2 3 4 6 8 12 13 16 18
11 0 2 5 6 10 12 14 15 16 17 18
12 1 2 5 6 8 13 15 16 19 20 21 22
12 1 3 4 6 12 13 14 17 18 20 21 22
11 0 1 2 4 5 6 8 12 13 15 18
11 0 3 5 6 10 12 13 14 16 17 18
12 1 2 5 6 7 13 15 16 18 20 21 22
12 2 4 8 11 12 13 16 18 19 20 21 22
11 0 1 3 4 5 6 9 11 13 16 17
11 0 1 4 6 8 11 12 13 14 16 17
12 1 4 5 6 9 13 15 18 19 20 21 22
12 4 5 9 12 14 15 16 18 19 20 21 22
11 0 1 2 4 7 10 12 14 15 16 19
11 0 3 4 5 7 9 12 15 17 18 19
12 1 2 3 5 8 12 13 18 19 20 21 22
12 2 3 5 10 11 15 16 18 19 20 21 22
11 0 2 3 4 5 8 11 12 14 16 18
11 0 2 4 6 7 10 13 14 15 16 18
12 1 2 6 7 12 14 15 18 19 20 21 22
12 2 4 5 11 12 15 16 17 19 20 21 22
12 1 2 3 6 7 13 14 16 19 20 21 22
12 2 4 5 10 12 15 16 18 19 20 21 22
11 0 1 2 5 9 10 12 13 14 16 18
11 0 2 4 5 6 8 9 13 16 17 18
12 1 2 5 7 12 13 15 18 19 20 21 22
12 1 2 4 6 7 14 15 17 18 20 21 22
11 0 1 2 4 6 10 11 12 15 16 18
11 0 2 3 6 7 8 12 14 16 17 18
12 1 2 4 5 12 13 15 17 18 20 21 22
12 2 3 9 10 12 15 17 18 19 20 21 22
11 0 1 2 4 6 7 11 13 15 16 19
11 0 1 3 5 6 7 11 14 15 17 19
12 1 4 6 7 13 14 17 18 19 20 21 22
12 5 6 9 12 14 15 16 17 19 20 21 22
12 1 4 7 8 14 15 16 17 19 20 21 22
12 2 3 4 5 9 12 16 17 19 20 21 22
11 0 1 3 5 9 11 12 14 15 16 18
11 0 2 3 4 6 7 9 13 15 17 18
12 1 2 6 9 13 14 15 16 19 20 21 22
12 4 6 10 11 13 14 16 17 19 20 21 22
11 0 1 2 4 5 6 9 13 15 17 18
11 0 1 3 5 9 12 13 14 16 17 18
12 1 2 4 5 7 8 12 14 19 20 21 22
12 3 5 10 11 12 15 16 18 19 20 21 22
11 0 1 3 4 5 7 10 12 14 15 18
11 0 2 3 5 6 9 11 13 14 15 18
11 0 3 4 5 7 9 12 13 15 16 18
11 0 3 4 6 8 11 13 14 15 17 18
12 1 2 5 6 7 12 14 18 19 20 21 22
12 6 8 9 12 13 14 16 17 19 20 21 22
11 0 1 2 5 6 8 12 14 15 17 19
11 0 2 3 6 7 8 12 14 16 17 19
12 1 2 4 5 6 9 10 12 19 20 21 22
12 4 7 8 12 14 15 16 17 19 20 21 22
11 0 1 2 4 6 7 10 13 14 16 18
11 0 2 4 5 8 11 12 14 16 17 18
12 1 5 6 9 14 15 16 17 19 20 21 22
12 1 4 5 9 13 14 15 17 19 20 21 22
11 0 1 2 3 4 6 9 12 13 16 18
11 0 2 5 6 9 12 14 15 16 17 18
12 1 3 4 5 9 13 14 17 19 20 21 22
12 2 5 7 11 13 14 15 17 18 20 21 22
11 0 1 2 3 5 6 10 11 12 15 17
11 0 2 5 6 7 11 12 14 15 16 17
12 1 5 7 10 13 14 15 17 18 20 21 22
12 3 7 10 11 13 15 16 17 19 20 21 22
11 0 1 2 3 7 10 12 14 15 17 18
11 0 1 3 4 6 8 11 15 16 17 18
12 1 2 3 5 7 8 11 15 19 20 21 22
12 2 7 8 12 13 15 16 18 19 20 21 22
11 0 1 3 5 7 8 12 14 15 16 18
11 0 2 3 4 6 10 11 13 15 17 18
12 1 2 4 5 9 10 15 18 19 20 21 22
12 2 3 4 7 13 14 16 17 19 20 21 22
12 1 2 4 5 11 14 15 16 19 20 21 22
12 2 3 6 7 13 15 16 18 19 20 21 22
11 0 1 2 4 6 9 12 14 16 17 18
12 1 2 4 10 11 14 15 18 19 20 21 22
12 2 6 8 11 14 15 16 18 19 20 21 22
11 0 1 2 4 6 9 11 12 15 16 17
11 0 1 2 5 6 8 11 13 15 16 17
12 1 2 3 6 9 11 15 18 19 20 21 22
12 1 3 6 8 12 15 16 18 19 20 21 22
11 0 1 2 3 7 9 10 13 14 15 18
11 0 3 4 5 8 9 11 15 16 17 18
12 1 2 5 9 11 14 16 18 19 20 21 22
12 1 3 6 9 12 15 16 17 19 20 21 22
11 0 1 2 3 4 8 10 14 15 16 19
11 0 1 2 3 4 8 11 12 13 17 19
12 1 2 3 6 9 12 15 17 19 20 21 22
12 1 3 7 8 13 14 16 17 19 20 21 22
11 0 1 2 3 5 8 9 12 13 15 17
11 0 2 4 5 8 9 12 14 15 16 17
12 1 2 4 5 10 11 15 17 19 20 21 22
12 2 4 5 6 11 15 17 18 19 20 21 22
11 0 1 2 4 7 10 12 14 15 18 19
11 0 1 4 5 7 9 12 15 17 18 19
12 1 5 10 11 12 14 17 18 19 20 21 22
12 2 3 4 5 8 12 15 17 19 20 21 22
11 0 1 2 3 5 6 9 13 15 17 18
11 0 1 3 5 9 12 13 15 16 17 18
12 1 3 6 10 13 14 15 16 19 20 21 22
12 4 5 9 11 13 14 15 17 18 20 21 22
11 0 1 2 4 5 8 10 11 13 15 16
11 0 1 3 5 6 8 11 12 14 15 16
12 1 3 7 8 13 14 15 17 18 20 21 22
12 2 6 10 11 12 15 17 18 19 20 21 22
11 0 1 2 4 6 7 10 13 15 17 18
11 0 1 3 5 8 11 12 14 16 17 18
12 1 4 5 6 10 14 17 18 19 20 21 22
12 5 8 9 12 13 14 16 18 19 20 21 22
11 0 2 3 4 8 9 11 13 14 16 19
11 0 3 5 6 8 10 11 15 16 17 19
12 1 3 4 5 8 9 12 18 19 20 21 22
12 1 3 5 6 7 13 16 17 19 20 21 22
11 0 1 2 3 5 8 9 13 14 16 19
11 0 1 4 6 7 8 9 13 16 18 19
12 1 2 5 11 12 13 15 17 19 20 21 22
12 2 4 5 7 12 15 16 18 19 20 21 22
11 0 1 2 3 5 7 9 13 14 17 18
11 0 1 4 5 9 11 13 15 16 17 18
12 1 2 5 10 12 13 15 18 19 20 21 22
12 2 3 4 11 12 14 15 17 18 20 21 22
11 0 2 3 5 6 10 11 12 14 16 18
11 0 2 4 6 7 8 12 13 15 16 18
12 1 2 4 5 7 8 15 16 17 20 21 22
12 2 5 10 11 12 14 15 17 19 20 21 22
11 0 1 2 6 9 10 12 13 14 16 18
11 0 2 4 5 6 8 9 12 16 17 18
12 1 3 4 6 7 8 13 16 19 20 21 22
12 1 4 5 7 11 14 16 18 19 20 21 22
11 0 1 2 3 5 7 8 12 13 16 17
11 0 1 4 5 9 10 12 14 15 16 17
12 1 3 6 10 12 13 16 18 19 20 21 22
12 3 4 5 9 12 15 17 18 19 20 21 22
11 0 1 3 5 7 10 11 12 14 15 18
11 0 3 4 6 7 8 11 13 15 17 18
12 1 4 7 11 12 13 17 18 19 20 21 22
12 3 5 6 11 13 15 16 17 19 20 21 22
11 0 1 3 4 5 7 8 12 15 17 18
11 0 1 3 6 10 11 13 14 15 17 18
12 1 2 3 5 7 12 13 15 19 20 21 22
12 1 6 7 11 12 14 15 17 18 20 21 22
11 0 2 3 4 5 6 10 11 14 16 18
11 0 2 4 7 8 12 13 14 15 16 18
12 1 2 4 5 7 8 12 13 18 20 21 22
12 2 3 4 6 10 11 16 17 19 20 21 22
11 0 1 3 4 6 8 10 12 13 15 16
12 1 2 7 8 12 14 15 16 19 20 21 22
12 2 3 4 9 11 13 16 17 19 20 21 22
11 0 1 2 3 4 6 8 11 14 15 18
11 0 3 4 7 10 12 14 15 16 17 18
12 1 2 5 7 9 14 15 16 19 20 21 22
12 1 5 6 8 13 15 16 18 19 20 21 22
11 0 1 3 5 6 7 9 13 14 17 18
11 0 1 4 5 9 11 12 13 15 17 18
12 1 2 4 9 11 12 16 18 19 20 21 22
12 5 7 10 11 12 14 15 17 19 20 21 22
11 0 1 2 4 5 6 10 12 13 16 19
11 0 1 2 4 5 6 10 13 16 17 19
12 1 3 4 6 7 8 11 13 19 20 21 22
12 5 7 9 11 12 14 15 16 19 20 21 22
11 0 1 3 4 5 6 9 12 13 16 18
11 0 2 5 6 9 12 13 14 15 17 18
12 2 3 4 6 7 9 11 13 19 20 21 22
12 2 4 6 11 12 14 15 17 18 20 21 22
11 0 1 2 3 5 6 10 11 12 14 18
11 0 4 6 7 8 12 13 15 16 17 18
12 1 2 4 5 7 8 13 15 17 20 21 22
12 4 7 8 11 13 14 15 17 19 20 21 22
11 0 1 2 3 5 6 9 11 13 14 18
11 0 4 5 7 9 12 13 15 16 17 18
12 1 3 4 5 7 10 11 14 19 20 21 22
12 2 3 5 9 11 13 16 18 19 20 21 22
11 0 1 2 4 5 7 10 11 12 15 16
11 0 1 4 5 6 9 11 12 14 15 16
12 1 4 6 8 12 14 15 18 19 20 21 22
12 4 7 10 11 12 13 15 17 19 20 21 22
11 0 1 3 6 7 10 11 12 13 15 19
11 0 2 3 4 5 8 9 12 14 15 19
12 2 5 10 11 12 13 15 17 19 20 21 22
12 2 3 5 6 10 11 16 18 19 20 21 22
11 0 1 2 3 5 6 8 12 14 16 19
11 0 2 3 5 6 7 8 12 15 17 19
12 1 6 7 11 12 14 15 18 19 20 21 22
12 1 4 7 11 12 13 15 17 19 20 21 22
11 0 1 2 3 6 7 10 11 12 14 17
11 0 3 5 6 7 10 11 14 15 16 17
12 1 3 5 6 7 11 14 17 19 20 21 22
12 3 6 8 11 12 14 15 16 19 20 21 22
11 0 1 4 6 8 11 12 13 14 15 17
11 0 2 3 4 5 6 9 11 13 16 17
12 2 3 4 6 7 10 12 15 19 20 21 22
12 2 4 5 6 11 15 16 18 19 20 21 22
11 0 1 2 4 5 8 10 12 13 16 18
11 0 2 5 6 8 10 13 14 16 17 18
12 1 2 6 11 12 13 15 18 19 20 21 22
12 1 2 8 10 11 15 16 18 19 20 21 22
11 0 1 4 6 7 8 12 14 15 17 19
11 0 1 2 4 7 8 12 14 16 17 19
12 1 2 6 7 9 15 16 18 19 20 21 22
12 1 2 7 9 11 15 16 18 19 20 21 22
11 0 1 2 3 6 7 10 13 15 17 18
11 0 1 3 5 8 11 12 15 16 17 18
12 1 2 6 8 10 15 16 18 19 20 21 22
12 2 8 9 11 12 14 16 17 18 20 21 22
11 0 1 2 3 7 8 10 12 14 15 18
11 0 3 4 6 8 10 11 15 16 17 18
12 1 3 4 6 7 13 16 17 18 20 21 22
12 3 4 5 8 13 15 17 18 19 20 21 22
11 0 2 3 4 7 8 10 13 15 16 19
11 0 3 4 6 9 11 12 15 16 17 19
12 1 3 8 11 12 13 17 18 19 20 21 22
12 4 8 10 11 13 14 17 18 19 20 21 22
11 0 1 3 5 7 10 11 12 15 16 18
11 0 2 3 6 7 8 11 13 15 17 18
11 0 1 5 6 8 11 13 15 16 17 19
11 0 2 3 4 6 8 11 13 14 18 19
12 2 3 5 6 8 12 17 18 19 20 21 22
12 2 3 4 7 9 12 16 18 19 20 21 22
11 0 1 2 3 5 6 9 11 13 16 17
11 0 1 4 6 8 11 12 14 15 16 17
12 1 5 8 10 13 14 15 18 19 20 21 22
12 1 3 7 8 12 14 15 17 18 20 21 22
11 0 2 3 5 6 10 11 12 13 14 18
11 0 4 5 6 7 8 12 13 15 16 18
12 1 2 4 5 7 11 12 16 18 20 21 22
12 2 4 6 7 13 15 16 17 19 20 21 22
11 0 1 2 4 6 7 9 12 13 16 17
11 0 1 4 5 8 10 11 13 15 16 17
12 1 2 3 5 11 12 14 16 19 20 21 22
12 1 5 6 7 12 15 16 18 19 20 21 22
11 0 1 3 5 6 8 11 12 13 15 19
11 0 2 3 4 7 9 10 12 14 15 19
12 1 2 5 10 11 12 16 18 19 20 21 22
12 1 3 4 10 12 13 14 17 18 20 21 22
11 0 1 3 7 8 10 12 13 14 15 18
11 0 3 4 5 6 8 10 11 15 17 18
12 1 2 5 6 7 9 15 16 18 20 21 22
12 2 3 5 9 11 12 16 17 19 20 21 22
11 0 1 3 5 7 8 11 12 13 14 16
11 0 2 3 4 5 8 9 11 13 15 16
12 1 2 6 7 9 13 15 16 19 20 21 22
12 2 3 4 9 11 12 15 17 18 20 21 22
11 0 1 3 4 5 8 10 11 12 14 16
11 0 2 4 5 6 8 11 12 13 15 16
12 1 2 4 7 8 10 15 16 17 20 21 22
12 2 4 6 10 12 13 15 16 19 20 21 22
11 0 1 4 5 6 9 11 12 13 14 16
11 0 2 3 4 5 7 10 11 12 15 16
12 2 3 5 6 8 12 14 16 19 20 21 22
12 3 7 10 11 12 13 16 18 19 20 21 22
11 0 1 2 4 5 7 8 12 14 17 19
11 0 1 3 4 6 7 8 12 14 17 19
12 1 4 5 6 7 10 14 18 19 20 21 22
12 2 5 6 7 13 15 16 17 19 20 21 22
12 1 2 3 5 11 12 13 16 19 20 21 22
12 6 7 8 10 12 13 15 16 18 20 21 22
11 0 1 4 7 8 11 12 13 14 16 18
11 0 2 4 5 6 7 10 11 14 17 18
12 2 4 8 11 12 13 14 17 19 20 21 22
11 0 1 4 5 8 10 11 12 13 15 17
11 0 2 4 5 6 7 9 12 13 16 17
11 0 2 4 7 8 11 12 13 14 15 18
11 0 3 4 5 6 7 10 11 14 16 18
12 2 6 8 11 12 13 14 16 19 20 21 22
12 3 4 8 10 12 13 16 18 19 20 21 22
11 0 2 3 5 6 7 10 12 13 14 17
11 0 3 4 5 7 10 11 12 14 15 17
12 1 4 5 7 9 13 14 18 19 20 21 22
12 2 5 6 7 12 14 16 17 19 20 21 22
11 0 1 2 4 5 6 8 11 12 15 17
11 0 2 5 6 9 11 12 13 15 16 17
12 1 2 4 6 11 12 13 16 19 20 21 22
12 1 3 6 7 8 13 15 16 18 20 21 22
11 0 2 3 6 7 10 11 12 13 14 17
11 0 3 4 5 6 7 10 11 14 15 17
11 0 1 2 3 4 6 7 10 13 14 18
11 0 4 5 8 11 12 14 15 16 17 18
12 1 3 4 6 11 12 13 16 18 20 21 22
12 1 8 9 11 12 14 16 17 18 20 21 22
11 0 1 2 4 7 9 12 13 16 17 18
11 0 1 2 5 6 9 11 14 16 17 18
12 1 3 4 6 7 14 16 17 18 20 21 22
12 1 3 4 7 9 13 16 17 19 20 21 22
11 0 1 2 5 9 10 11 12 14 16 17
11 0 1 3 5 6 7 8 12 15 16 17
12 1 2 5 9 11 14 15 17 19 20 21 22
12 4 7 8 12 14 15 17 18 19 20 21 22
11 0 1 2 3 6 8 11 12 15 17 19
11 0 2 4 7 8 11 13 16 17 18 19
12 1 2 4 8 9 12 17 18 19 20 21 22
12 1 6 8 9 14 15 16 18 19 20 21 22
11 0 2 4 5 8 9 11 14 15 16 19
11 0 3 4 5 8 10 11 14 15 17 19
12 1 2 3 8 9 11 16 18 19 20 21 22
12 2 4 5 6 12 15 16 17 19 20 21 22
11 0 1 3 4 7 9 11 12 13 16 18
11 0 2 5 6 7 9 11 14 15 17 18
12 1 2 3 6 12 13 14 16 19 20 21 22
12 2 3 4 6 12 14 15 16 19 20 21 22
11 0 1 3 4 5 7 10 12 13 15 19
11 0 2 3 5 8 10 11 12 14 15 19
12 1 3 9 11 12 13 16 17 19 20 21 22
11 0 1 2 5 7 8 11 12 14 16 17
11 0 1 3 5 6 9 10 12 15 16 17
12 1 2 5 6 7 9 15 17 19 20 21 22
12 2 3 5 9 12 13 15 17 18 20 21 22
11 0 1 2 3 4 7 9 11 12 13 18
11 0 1 2 4 6 9 10 11 12 13 18
12 1 2 4 6 7 10 14 16 17 20 21 22
12 1 7 10 11 12 14 16 17 19 20 21 22
11 0 1 2 3 7 8 11 14 15 17 19
11 0 1 2 3 7 9 11 12 15 18 19
12 1 2 4 6 7 8 11 17 19 20 21 22
12 3 4 7 10 12 14 16 17 19 20 21 22
11 0 1 2 3 5 8 9 11 12 13 17
11 0 4 5 6 8 9 12 14 15 16 17
12 1 2 4 6 8 11 14 15 19 20 21 22
12 4 5 7 11 12 14 16 17 18 20 21 22
11 0 3 4 5 6 7 10 12 14 15 18
11 0 3 4 6 8 11 12 13 14 15 18
12 1 3 4 8 10 11 16 17 18 20 21 22
12 2 7 8 9 12 14 15 16 18 20 21 22
12 1 4 5 6 11 14 15 16 18 20 21 22
12 2 7 9 11 12 13 15 17 18 20 21 22
11 0 1 2 3 5 6 9 12 16 17 18
11 0 1 2 6 9 12 13 15 16 17 18
12 1 3 8 11 12 13 15 16 18 20 21 22
12 3 6 9 11 12 16 17 18 19 20 21 22
11 0 1 2 4 6 8 9 12 13 16 18
11 0 2 5 6 9 10 12 14 16 17 18
12 3 4 6 9 12 16 17 18 19 20 21 22
12 5 7 8 12 13 15 17 18 19 20 21 22
11 0 1 5 6 8 9 11 12 15 17 19
11 0 2 4 7 8 10 11 13 14 18 19
12 1 3 4 8 9 11 17 18 19 20 21 22
12 5 6 8 11 14 15 16 18 19 20 21 22
11 0 2 3 6 7 8 11 12 14 16 18
11 0 2 4 6 7 10 11 12 15 16 18
12 1 2 3 6 9 11 12 18 19 20 21 22
12 4 6 7 11 12 14 16 17 18 20 21 22
11 0 1 2 3 4 6 8 11 12 15 18
11 0 3 6 7 10 12 14 15 16 17 18
12 1 3 4 8 9 11 16 17 18 20 21 22
12 5 6 9 11 12 14 16 18 19 20 21 22
11 0 1 4 5 6 9 10 12 13 15 17
11 0 2 4 5 7 8 11 12 13 16 17
11 0 1 5 7 10 11 12 13 15 16 19
11 0 1 5 8 9 11 12 13 14 17 19
12 1 3 5 6 8 11 12 18 19 20 21 22
12 2 4 5 6 8 12 15 17 19 20 21 22
11 0 1 2 5 6 9 10 11 12 14 17
11 0 3 5 6 7 8 11 12 15 16 17
12 1 3 6 10 12 13 14 16 19 20 21 22
12 2 4 5 7 11 13 15 17 18 20 21 22
11 0 1 2 3 6 7 8 11 12 14 15
11 0 1 3 4 7 8 9 12 13 14 15
12 1 2 4 6 8 12 14 15 17 20 21 22
12 4 5 8 10 12 14 15 18 19 20 21 22
11 0 1 5 8 10 11 12 13 14 16 19
12 2 3 5 7 9 12 13 18 19 20 21 22
12 3 5 6 10 11 13 15 16 19 20 21 22
11 0 1 3 4 5 7 9 11 12 14 15
11 0 1 3 4 6 8 10 11 12 14 15
12 3 4 7 9 12 13 14 16 19 20 21 22
12 2 4 5 6 9 11 14 15 19 20 21 22
12 2 3 5 7 8 12 13 15 19 20 21 22
12 5 7 8 10 12 13 14 17 18 20 21 22
11 0 1 3 5 6 7 9 12 13 14 17
11 0 3 4 5 8 10 11 12 14 16 17
12 1 3 4 6 12 13 14 16 17 20 21 22
12 3 4 5 7 12 14 15 17 18 20 21 22
11 0 1 5 7 9 10 11 12 13 16 19
11 0 1 5 8 11 12 13 14 15 17 19
12 3 4 5 7 8 10 11 13 18 20 21 22
12 4 5 7 9 13 14 15 17 18 20 21 22
11 0 2 3 5 6 7 9 12 13 14 17
11 0 3 4 5 8 10 11 12 14 15 17
12 3 5 7 8 13 14 15 17 18 20 21 22
12 3 4 5 7 10 12 14 17 18 20 21 22
11 0 1 3 4 5 6 7 10 12 15 16
11 0 1 4 6 9 10 11 12 13 15 16
12 3 4 5 7 8 11 13 15 18 20 21 22
12 2 3 5 6 10 11 12 15 18 20 21 22
11 0 1 2 4 6 7 9 11 12 13 15
11 0 2 3 4 6 8 9 11 13 14 15
12 1 4 7 8 9 13 14 16 17 20 21 22
12 1 5 7 10 11 14 15 17 19 20 21 22
11 0 3 4 5 6 7 11 12 13 15 18
11 0 3 5 6 7 11 12 13 14 15 18
12 1 3 4 7 8 11 13 17 19 20 21 22
12 5 6 9 10 12 14 15 18 19 20 21 22
11 0 2 4 6 7 10 11 12 13 15 18
11 0 3 5 6 7 8 11 12 14 16 18
12 2 3 5 7 8 11 12 18 19 20 21 22
12 4 5 7 9 11 13 14 17 18 20 21 22
11 0 1 2 5 7 8 10 11 12 13 16
11 0 3 4 5 6 8 9 11 14 15 16
12 2 3 5 9 11 12 13 16 18 20 21 22
12 1 3 6 7 8 10 14 16 17 20 21 22
12 1 2 5 6 8 10 12 14 15 20 21 22
12 2 4 5 7 8 11 12 17 19 20 21 22
11 0 1 3 4 5 6 8 10 12 16 17
11 0 1 5 7 9 11 12 13 14 16 17
11 0 2 4 6 7 10 11 12 13 14 18
11 0 4 5 6 7 8 11 12 14 16 18
12 1 6 7 10 11 13 14 16 19 20 21 22
12 2 5 6 7 8 12 15 17 19 20 21 22
11 0 1 5 6 8 9 11 12 13 15 17
11 0 2 4 5 6 8 9 11 12 16 17
12 1 3 6 10 11 12 13 16 19 20 21 22
12 1 3 4 5 10 13 16 17 19 20 21 22
11 0 1 3 4 5 8 10 14 15 16 18
11 0 2 3 4 8 10 13 14 15 17 18
12 1 2 5 8 13 14 15 17 19 20 21 22
12 2 3 5 7 13 14 16 18 19 20 21 22
11 0 1 4 5 6 8 11 14 15 16 18
11 0 2 3 4 7 10 12 13 14 17 18
12 1 3 4 10 12 14 15 18 19 20 21 22
12 3 5 6 11 14 15 17 18 19 20 21 22
11 0 2 3 4 7 9 12 13 14 17 19
11 0 2 5 6 7 10 12 15 16 17 19
12 1 2 5 10 11 13 17 18 19 20 21 22
12 2 3 9 11 13 14 16 18 19 20 21 22
11 0 1 2 3 7 10 11 13 15 16 19
12 1 3 4 6 8 14 15 18 19 20 21 22
12 4 7 9 12 14 15 16 18 19 20 21 22
11 0 1 2 4 6 10 11 14 15 17 18
11 0 1 3 4 7 8 12 14 16 17 18
11 0 1 2 5 6 8 12 14 15 16 19
11 0 2 3 6 7 8 12 15 16 17 19
12 1 2 3 5 8 10 13 18 19 20 21 22
12 1 2 5 9 10 15 16 17 19 20 21 22
11 0 1 2 4 8 10 11 13 14 16 18
11 0 2 4 5 7 8 10 14 16 17 18
12 1 2 3 8 9 13 16 17 19 20 21 22
12 2 4 10 11 13 14 15 17 19 20 21 22
11 0 2 3 4 8 9 12 13 15 16 18
11 0 2 3 5 6 9 10 14 15 16 18
12 1 3 4 5 7 8 14 16 19 20 21 22
12 2 3 4 8 11 14 16 18 19 20 21 22
11 0 1 2 3 5 7 10 11 14 15 17
11 0 2 3 6 7 10 12 14 15 16 17
12 1 3 6 9 13 14 15 18 19 20 21 22
12 2 3 4 6 13 14 15 17 19 20 21 22
11 0 1 3 4 5 8 11 13 14 17 19
11 0 2 5 6 8 11 14 15 16 18 19
12 1 3 4 5 12 14 15 16 19 20 21 22
12 4 5 8 12 14 15 16 17 19 20 21 22
11 0 2 3 5 6 8 10 14 15 16 19
11 0 3 4 5 9 11 13 14 16 17 19
12 1 5 8 9 14 15 16 17 19 20 21 22
12 2 3 4 5 7 10 14 17 19 20 21 22
11 0 1 2 5 9 11 13 14 15 17 18
11 0 1 3 4 5 7 9 13 16 17 18
12 1 4 5 10 12 14 16 17 19 20 21 22
11 0 1 2 4 5 8 10 11 14 15 16
11 0 1 2 5 6 8 11 12 14 15 16
12 1 3 6 9 13 14 15 17 19 20 21 22
12 1 3 4 5 9 12 15 17 19 20 21 22
12 1 2 4 6 8 13 14 17 19 20 21 22
12 1 4 5 7 12 15 16 17 19 20 21 22
11 0 1 2 3 4 8 10 13 14 17 19
12 1 2 3 6 11 13 14 17 19 20 21 22
12 2 3 4 6 11 14 15 17 19 20 21 22
11 0 1 4 5 6 8 11 13 14 15 17
11 0 2 3 4 6 9 11 12 13 16 17
12 1 3 4 7 12 14 15 16 19 20 21 22
12 2 4 6 10 13 14 16 17 19 20 21 22
11 0 1 2 3 4 8 9 11 13 14 18
11 0 4 5 7 9 10 14 15 16 17 18
12 1 2 4 5 8 12 14 16 19 20 21 22
12 3 6 9 11 13 14 15 18 19 20 21 22
11 0 1 3 4 5 7 10 12 13 14 18
11 0 4 5 6 8 11 13 14 15 17 18
12 2 3 4 6 8 11 14 18 19 20 21 22
12 5 7 10 11 14 15 16 17 19 20 21 22
11 0 2 3 4 7 9 12 15 16 17 19
11 0 2 3 4 7 10 12 15 16 17 19
12 2 3 6 8 14 15 16 17 19 20 21 22
12 3 8 9 11 13 14 15 17 18 20 21 22
11 0 1 2 3 5 9 10 12 13 16 18
11 0 2 5 6 8 9 13 15 16 17 18
12 1 3 4 9 13 14 15 17 18 20 21 22
12 2 7 8 11 14 15 16 18 19 20 21 22
11 0 1 2 4 8 10 12 13 15 17 18
11 0 1 3 5 6 8 10 14 16 17 18
12 4 8 9 12 13 15 16 18 19 20 21 22
12 1 2 3 6 9 10 15 18 19 20 21 22
12 1 2 4 5 8 9 13 18 19 20 21 22
12 1 5 10 11 12 14 16 17 19 20 21 22
11 0 1 2 4 6 7 10 14 15 17 18
11 0 1 3 4 8 11 12 14 16 17 18
12 1 2 4 6 7 8 13 17 19 20 21 22
12 2 3 8 11 13 14 15 17 18 20 21 22
11 0 1 2 4 6 7 9 13 14 15 17
11 0 2 3 4 8 10 11 13 15 16 17
12 1 4 9 10 13 14 15 17 18 20 21 22
12 3 4 8 11 13 15 16 17 19 20 21 22
11 0 1 2 4 8 9 11 12 14 15 17
11 0 2 3 5 6 8 9 13 15 16 17
12 1 2 3 5 7 10 14 15 19 20 21 22
12 1 3 4 10 12 14 15 17 18 20 21 22
11 0 1 2 5 6 7 10 13 14 15 17
11 0 2 3 4 7 10 11 12 15 16 17
12 1 2 4 5 7 9 15 16 18 20 21 22
12 2 3 4 5 8 13 15 17 19 20 21 22
11 0 1 2 4 5 8 9 12 14 15 17
11 0 2 3 5 8 9 12 13 15 16 17
12 1 3 5 10 13 14 15 16 19 20 21 22
12 1 6 9 10 13 15 16 17 19 20 21 22
11 0 1 2 4 6 7 10 12 15 16 17
11 0 1 2 5 7 10 11 13 15 16 17
12 1 2 3 5 8 9 12 17 19 20 21 22
12 4 5 9 11 13 15 16 18 19 20 21 22
11 0 1 4 6 9 12 13 14 15 16 19
11 0 3 4 5 6 7 10 13 15 18 19
12 1 2 4 6 8 12 13 18 19 20 21 22
12 1 7 8 11 13 15 16 18 19 20 21 22
11 0 1 5 6 7 9 13 14 16 17 19
11 0 2 3 5 6 10 12 13 14 18 19
12 1 2 4 6 9 10 16 18 19 20 21 22
12 5 7 10 11 14 15 16 18 19 20 21 22
11 0 1 3 4 6 10 11 12 14 17 19
11 0 2 5 7 8 9 13 15 16 18 19
12 1 2 3 6 7 10 12 18 19 20 21 22
12 1 3 7 8 12 15 16 18 19 20 21 22
11 0 2 3 4 5 9 10 12 15 16 18
11 0 2 3 6 8 9 13 14 15 16 18
12 1 2 5 9 10 14 16 18 19 20 21 22
12 2 5 7 10 14 15 16 18 19 20 21 22
11 0 1 2 3 6 8 10 12 13 16 17
11 0 1 4 5 7 9 11 14 15 16 17
12 1 2 3 7 10 12 15 18 19 20 21 22
12 3 5 8 11 13 15 16 17 19 20 21 22
11 0 1 4 5 7 8 12 13 14 15 17
11 0 2 3 4 5 9 10 12 13 16 17
11 0 1 3 4 8 10 11 12 13 16 17
11 0 1 4 5 6 7 9 13 14 16 17
12 1 2 3 5 7 10 13 15 19 20 21 22
12 3 8 10 11 13 14 17 18 19 20 21 22
11 0 1 2 3 6 9 11 13 15 18 19
11 0 1 4 6 8 10 13 16 17 18 19
12 2 3 5 6 8 13 17 18 19 20 21 22
12 2 3 4 6 11 14 16 17 18 20 21 22
11 0 1 2 3 5 7 10 11 13 16 17
11 0 1 4 6 7 10 12 14 15 16 17
12 1 4 9 11 12 13 16 17 18 20 21 22
12 1 3 7 10 12 14 15 17 18 20 21 22
11 0 1 2 3 6 7 8 12 13 15 16
11 0 1 3 4 8 9 10 13 14 15 16
12 1 2 4 5 7 9 12 16 18 20 21 22
12 2 6 8 11 13 14 16 18 19 20 21 22
11 0 1 2 6 7 10 11 13 14 15 17
11 0 2 3 4 6 7 10 11 15 16 17
12 1 3 4 6 9 11 15 18 19 20 21 22
12 4 6 10 11 12 15 16 18 19 20 21 22
11 0 1 3 5 8 10 11 12 14 15 18
11 0 3 4 6 7 8 10 13 15 17 18
12 1 2 5 6 7 11 13 18 19 20 21 22
12 2 5 6 11 12 14 16 17 18 20 21 22
11 0 1 2 3 4 6 8 11 13 16 17
11 0 1 4 6 9 11 13 14 15 16 17
12 1 3 4 9 10 13 16 17 18 20 21 22
12 6 8 10 11 13 14 15 18 19 20 21 22
11 0 2 3 6 7 8 11 13 16 17 19
11 0 2 3 6 8 11 12 13 16 17 19
12 2 3 4 6 7 9 11 18 19 20 21 22
12 4 5 7 11 14 15 16 18 19 20 21 22
11 0 1 2 5 7 9 10 12 13 15 19
11 0 2 3 5 6 8 10 13 14 15 19
12 1 2 3 6 10 12 13 18 19 20 21 22
12 4 5 8 11 13 15 16 18 19 20 21 22
11 0 2 4 5 6 10 11 12 14 15 18
11 0 3 4 6 7 8 12 13 14 16 18
12 1 2 4 6 9 12 13 18 19 20 21 22
12 2 3 4 10 11 13 15 17 19 20 21 22
11 0 1 3 4 5 6 8 11 14 15 18
11 0 3 4 7 10 12 13 14 15 17 18
12 1 3 5 7 8 14 15 16 19 20 21 22
12 3 4 5 7 13 15 16 18 19 20 21 22
11 0 1 3 6 7 10 11 12 14 16 19
11 0 3 5 7 8 9 12 13 16 18 19
12 1 5 10 11 12 13 16 18 19 20 21 22
12 1 4 5 6 7 12 16 18 19 20 21 22
12 1 2 4 10 12 13 14 18 19 20 21 22
12 2 3 8 10 11 14 16 17 18 20 21 22
11 0 1 2 3 6 7 9 11 13 14 16
11 0 2 3 5 7 9 10 13 14 15 16
12 1 4 5 7 12 13 16 17 18 20 21 22
12 1 4 9 11 12 13 16 18 19 20 21 22
11 0 2 5 6 7 11 12 13 15 16 19
11 0 3 4 6 7 8 12 13 14 17 19
12 1 4 5 6 8 13 16 18 19 20 21 22
12 2 3 5 6 7 14 15 17 19 20 21 22
11 0 2 3 6 8 9 12 13 14 16 18
11 0 2 4 5 6 9 10 12 15 16 18
12 1 3 4 11 12 13 15 16 19 20 21 22
12 3 4 7 10 12 15 17 18 19 20 21 22
11 0 1 2 6 8 9 10 12 13 15 19
11 0 2 3 5 6 7 9 13 14 15 19
12 3 6 8 11 13 14 17 18 19 20 21 22
12 1 4 6 9 12 13 17 18 19 20 21 22
12 2 3 5 8 10 13 17 18 19 20 21 22
12 1 4 5 6 7 13 16 17 19 20 21 22
11 0 1 2 5 6 8 10 12 13 15 19
11 0 2 3 5 7 9 10 13 14 15 19
12 1 2 5 11 12 13 14 17 19 20 21 22
12 1 4 6 8 12 13 16 18 19 20 21 22
11 0 1 3 4 5 6 9 10 14 16 17
11 0 1 3 7 8 11 12 13 14 16 17
12 1 4 5 9 11 13 16 18 19 20 21 22
12 2 5 6 10 12 14 16 17 19 20 21 22
11 0 2 3 4 5 6 9 10 15 16 18
11 0 2 3 8 9 12 13 14 15 16 18
12 1 2 4 6 8 12 13 16 19 20 21 22
12 2 3 4 6 10 12 15 17 18 20 21 22
11 0 1 2 4 5 6 7 10 14 16 17
11 0 1 3 7 10 11 12 13 15 16 17
12 2 3 4 6 7 9 12 14 18 20 21 22
12 2 4 5 6 10 13 15 17 19 20 21 22
11 0 1 3 4 5 6 9 10 13 15 16
11 0 1 3 6 7 10 11 12 13 15 16
12 1 3 5 8 12 13 14 16 19 20 21 22
12 3 8 10 11 12 14 16 17 19 20 21 22
11 0 1 2 3 5 8 9 13 15 16 19
11 0 1 4 6 7 8 9 13 16 17 19
12 1 2 4 6 7 8 10 15 19 20 21 22
12 1 3 4 6 7 11 15 17 18 20 21 22
11 0 1 2 4 5 9 10 11 12 15 17
11 0 2 5 6 7 8 12 13 15 16 17
11 0 1 5 6 8 12 13 14 15 16 18
11 0 2 3 4 5 6 10 12 13 17 18
12 1 2 4 8 12 13 15 16 18 20 21 22
12 1 6 7 11 12 13 15 17 18 20 21 22
11 0 1 3 7 10 11 13 14 15 16 18
11 0 2 3 4 5 7 8 11 15 17 18
12 3 4 9 11 12 13 15 16 18 20 21 22
12 2 7 10 11 12 14 16 18 19 20 21 22
11 0 1 2 3 6 8 9 12 13 16 18
11 0 2 5 6 9 10 12 15 16 17 18
12 1 3 5 6 7 10 15 18 19 20 21 22
12 1 3 5 7 8 13 16 17 19 20 21 22
11 0 1 2 7 8 10 11 13 14 15 18
11 0 1 2 7 10 11 12 14 15 17 18
12 1 2 5 10 11 13 15 17 19 20 21 22
12 2 4 5 7 13 14 16 17 18 20 21 22
11 0 1 2 3 4 7 9 12 13 17 19
11 0 1 4 6 9 10 11 12 13 17 19
12 1 2 8 10 11 13 16 17 18 20 21 22
12 3 5 8 10 13 14 17 18 19 20 21 22
11 0 1 2 3 4 6 9 12 13 17 19
11 0 1 4 7 9 10 11 12 13 17 19
12 2 3 6 8 11 13 17 18 19 20 21 22
12 3 4 6 7 13 15 16 18 19 20 21 22
11 0 1 3 5 6 7 10 11 14 16 18
11 0 2 4 7 8 11 12 13 15 17 18
12 1 2 4 10 11 13 14 18 19 20 21 22
12 2 3 4 6 8 10 11 17 19 20 21 22
11 0 1 4 6 9 10 11 12 13 16 19
11 0 3 6 7 8 9 10 13 15 18 19
12 1 7 8 10 12 14 15 16 19 20 21 22
12 2 3 4 6 8 11 14 17 18 20 21 22
11 0 1 2 7 8 10 11 12 13 15 17
11 0 2 4 5 6 7 9 10 15 16 17
12 2 3 4 6 7 10 13 16 18 20 21 22
12 1 5 8 11 12 13 14 17 19 20 21 22
11 0 2 3 4 7 8 10 12 13 14 18
11 0 4 5 6 8 10 11 14 15 16 18
12 1 4 5 6 7 10 13 17 19 20 21 22
12 2 3 5 7 10 11 16 18 19 20 21 22
11 0 1 4 5 6 7 8 11 14 16 18
11 0 2 4 7 10 11 12 13 14 17 18
12 1 6 7 10 12 14 15 18 19 20 21 22
12 3 6 7 10 12 13 15 17 18 20 21 22
11 0 1 2 3 4 5 7 11 13 17 18
11 0 1 5 7 11 13 14 15 16 17 18
12 2 3 5 6 8 11 13 17 18 20 21 22
12 1 2 6 8 11 13 14 16 17 20 21 22
12 1 2 4 6 7 9 12 13 16 20 21 22
12 3 4 6 8 11 12 14 15 18 20 21 22
11 0 1 2 5 6 8 10 11 12 13 15
11 0 2 3 4 5 7 9 10 13 14 15
12 1 4 5 7 8 11 13 15 16 20 21 22
12 3 5 6 8 12 14 17 18 19 20 21 22
11 0 1 3 5 6 7 10 11 13 14 18
11 0 4 5 7 8 11 12 13 15 17 18
12 2 4 8 10 11 13 17 18 19 20 21 22
12 3 5 7 8 11 12 14 16 19 20 21 22
11 0 1 3 5 6 9 10 11 12 13 16
11 0 3 4 5 6 7 10 11 13 15 16
12 2 4 6 7 10 11 13 15 19 20 21 22
12 1 3 4 7 9 15 16 17 19 20 21 22
11 0 1 2 4 7 10 11 14 15 16 18
11 0 2 3 4 7 8 11 14 16 17 18
12 1 2 3 9 11 14 15 17 19 20 21 22
12 1 3 5 6 9 15 16 17 19 20 21 22
11 0 1 2 4 5 9 10 12 15 16 18
11 0 2 3 6 8 9 13 14 16 17 18
12 1 2 3 9 12 13 15 17 19 20 21 22
12 1 3 4 5 7 10 15 17 18 20 21 22
11 0 1 2 3 4 8 9 12 13 16 18
11 0 2 5 6 9 10 14 15 16 17 18
12 1 2 4 9 12 14 15 16 18 20 21 22
12 1 4 5 9 11 15 16 18 19 20 21 22
11 0 1 2 3 6 9 10 11 13 15 18
11 0 3 5 7 8 9 12 15 16 17 18
12 1 2 6 8 12 13 16 18 19 20 21 22
12 4 8 10 11 12 14 15 17 19 20 21 22
11 0 1 3 4 5 9 10 12 13 16 18
11 0 2 5 6 8 9 13 14 15 17 18
12 1 3 4 6 7 8 10 14 19 20 21 22
12 2 4 8 10 13 14 15 17 18 20 21 22
11 0 1 2 3 4 6 9 10 14 15 17
11 0 2 3 7 8 11 13 14 15 16 17
12 2 3 5 9 12 14 15 17 19 20 21 22
11 0 1 2 6 9 10 11 13 14 15 17
11 0 2 3 4 6 7 8 11 15 16 17
11 0 1 2 3 4 6 10 11 12 15 19
11 0 3 4 5 9 11 12 13 14 15 19
12 1 3 4 6 9 13 15 16 19 20 21 22
12 6 7 10 11 12 14 16 17 18 20 21 22
11 0 2 3 4 7 9 10 13 15 16 18
11 0 2 3 5 8 9 11 14 15 16 18
12 1 3 4 5 8 9 16 17 18 20 21 22
12 2 3 5 7 10 15 16 18 19 20 21 22
11 0 2 5 6 7 8 12 14 15 16 19
11 0 3 4 5 7 11 12 13 14 17 19
12 1 2 7 10 12 14 15 18 19 20 21 22
12 1 7 8 11 13 14 16 18 19 20 21 22
11 0 1 3 5 9 10 11 12 15 16 19
11 0 3 4 7 8 9 10 14 16 18 19
12 1 3 4 6 9 10 16 18 19 20 21 22
12 1 3 9 10 11 15 16 18 19 20 21 22
11 0 1 3 4 5 8 10 13 16 17 19
11 0 2 3 6 9 11 14 15 16 18 19
12 1 2 6 7 8 14 16 18 19 20 21 22
12 1 4 5 7 11 15 16 17 19 20 21 22
11 0 2 3 4 7 10 11 12 13 16 18
11 0 2 5 6 7 8 11 14 15 16 18
12 1 2 3 7 11 13 14 17 19 20 21 22
12 2 4 7 9 13 15 16 17 19 20 21 22
11 0 1 2 4 5 8 9 11 14 15 16
11 0 1 2 5 7 8 11 12 14 15 16
12 1 2 3 5 9 11 14 16 19 20 21 22
12 5 7 10 11 14 15 17 18 19 20 21 22
11 0 1 3 6 8 9 13 14 15 17 19
11 0 2 4 5 6 10 11 13 16 18 19
12 1 2 5 6 9 11 17 18 19 20 21 22
12 2 4 5 6 10 15 17 18 19 20 21 22
11 0 1 2 4 6 9 11 12 15 18 19
11 0 1 4 7 8 10 13 15 17 18 19
12 1 6 10 11 12 14 17 18 19 20 21 22
12 4 9 10 11 12 14 16 18 19 20 21 22
11 0 1 3 5 8 9 10 13 14 17 20
11 0 1 4 5 6 9 11 13 14 17 20
12 1 3 5 6 7 8 13 18 19 20 21 22
12 4 9 10 11 12 14 15 18 19 20 21 22
11 0 1 4 5 7 8 10 13 15 17 19
11 0 2 4 6 9 11 12 14 15 18 19
12 2 3 5 6 7 8 13 18 19 20 21 22
12 4 7 8 11 14 15 16 17 19 20 21 22
11 0 1 2 5 6 8 10 12 14 15 17
11 0 2 3 5 7 9 11 12 15 16 17
12 2 5 6 9 14 15 16 17 19 20 21 22
12 4 7 9 10 13 14 15 17 18 20 21 22
11 0 1 2 6 8 10 11 13 14 15 17
11 0 2 3 4 6 7 9 11 15 16 17
12 2 3 5 8 13 14 15 17 18 20 21 22
12 2 3 8 10 12 14 15 17 18 20 21 22
11 0 1 2 3 4 8 9 11 12 14 18
11 0 4 6 7 9 10 14 15 16 17 18
12 1 2 4 5 7 9 11 16 17 20 21 22
12 4 5 7 11 14 15 16 17 19 20 21 22
11 0 3 4 5 8 10 12 13 14 16 19
11 0 3 5 6 7 9 11 14 15 16 19
12 2 6 8 9 14 15 16 17 19 20 21 22
12 3 5 9 10 13 14 16 18 19 20 21 22
11 0 2 3 5 9 10 11 12 14 15 18
11 0 3 4 6 7 8 9 13 15 16 18
12 1 3 4 7 8 12 14 18 19 20 21 22
12 2 5 8 10 13 14 15 18 19 20 21 22
11 0 1 2 3 5 7 9 11 12 15 16
11 0 1 4 5 7 9 11 13 14 15 16
12 2 3 4 7 9 12 15 18 19 20 21 22
12 3 5 6 10 13 16 17 18 19 20 21 22
11 0 1 5 6 8 11 13 14 15 17 19
11 0 2 4 5 6 8 11 13 14 18 19
12 2 5 9 10 12 16 17 18 19 20 21 22
12 4 6 8 11 14 15 16 18 19 20 21 22
11 0 1 2 3 5 8 9 11 14 15 19
11 0 1 4 6 7 10 12 13 14 15 19
12 1 2 3 6 9 11 13 18 19 20 21 22
12 1 3 4 9 10 12 16 17 19 20 21 22
11 0 2 3 4 6 9 10 12 13 14 18
11 0 4 5 6 8 9 12 14 15 16 18
12 1 2 6 8 9 14 15 17 19 20 21 22
12 4 6 9 10 13 14 15 17 19 20 21 22
11 0 1 3 6 9 10 11 13 14 15 17
11 0 2 3 4 6 7 8 11 14 16 17
12 1 3 4 5 8 9 12 14 19 20 21 22
12 1 2 8 9 10 14 15 17 18 20 21 22
11 0 1 3 4 5 6 9 11 13 15 18
11 0 3 5 7 9 12 13 14 15 17 18
12 1 2 4 5 9 10 11 17 18 20 21 22
12 3 5 8 10 13 14 16 17 18 20 21 22
11 0 1 2 3 7 8 10 11 12 14 17
11 0 3 5 6 7 9 10 14 15 16 17
12 1 2 5 7 10 12 16 17 18 20 21 22
12 2 4 6 10 11 14 16 17 19 20 21 22
11 0 1 2 3 5 6 7 10 14 16 17
11 0 1 3 7 10 11 12 14 15 16 17
12 1 2 4 7 8 12 14 16 19 20 21 22
12 2 4 7 10 11 15 17 18 19 20 21 22
11 0 1 2 4 5 6 9 11 15 17 18
11 0 1 3 7 9 12 13 14 16 17 18
12 1 5 6 9 12 14 17 18 19 20 21 22
12 2 6 7 11 12 14 17 18 19 20 21 22
11 0 1 3 4 6 9 10 11 13 15 17
11 0 2 4 6 7 8 11 13 14 16 17
11 0 1 3 7 9 10 12 13 14 16 18
11 0 2 4 5 6 8 9 11 15 17 18
12 2 4 5 9 10 14 17 18 19 20 21 22
12 1 6 7 9 13 14 16 18 19 20 21 22
11 0 1 3 5 6 7 10 11 14 15 17
11 0 2 3 6 7 10 11 12 14 16 17
12 1 3 4 8 10 11 16 18 19 20 21 22
12 5 7 9 10 13 14 15 17 19 20 21 22
11 0 2 3 4 5 8 9 11 14 15 18
11 0 3 4 7 9 10 13 14 15 16 18
12 1 3 4 5 8 9 11 13 19 20 21 22
12 2 3 4 7 10 11 15 17 19 20 21 22
11 0 1 3 7 9 10 12 13 14 15 17
11 0 2 3 4 5 7 8 10 14 16 17
12 1 3 7 8 11 14 15 16 19 20 21 22
12 3 4 6 10 11 13 14 16 18 20 21 22
11 0 2 3 4 5 6 8 9 14 15 18
11 0 3 4 9 10 12 13 14 15 16 18
12 1 3 5 6 8 9 13 15 16 20 21 22
12 1 5 9 11 12 13 14 17 19 20 21 22
11 0 1 5 6 7 8 10 11 14 17 19
11 0 2 5 8 9 11 12 13 14 18 19
12 1 4 5 6 7 9 13 17 19 20 21 22
12 3 5 6 10 11 14 16 18 19 20 21 22
11 0 2 5 6 9 11 12 13 14 15 18
11 0 3 4 5 6 7 9 12 13 16 18
12 1 3 6 7 11 12 14 18 19 20 21 22
12 2 3 4 6 7 8 15 17 19 20 21 22
11 0 1 2 4 7 8 11 14 16 17 19
11 0 2 3 5 8 11 12 15 17 18 19
12 1 3 10 11 12 14 15 16 19 20 21 22
12 2 8 10 11 12 14 15 17 19 20 21 22
11 0 1 2 5 6 8 9 13 15 17 18
11 0 1 3 5 9 10 12 13 16 17 18
12 1 3 4 6 7 8 10 16 19 20 21 22
12 1 2 9 11 12 13 15 17 18 20 21 22
11 0 1 2 3 6 8 11 12 16 17 19
11 0 1 4 6 9 10 11 12 16 18 19
12 1 2 4 6 7 8 10 17 18 20 21 22
12 1 5 8 9 13 15 17 18 19 20 21 22
11 0 1 2 4 7 9 10 12 13 17 18
11 0 1 5 6 8 9 11 14 16 17 18
12 1 3 7 8 11 15 17 18 19 20 21 22
12 5 8 10 11 13 15 17 18 19 20 21 22
11 0 1 4 5 9 10 11 13 16 17 19
11 0 2 3 6 8 9 10 14 15 18 19
12 1 3 5 6 8 11 17 18 19 20 21 22
12 1 5 7 8 13 15 17 18 19 20 21 22
11 0 1 2 5 6 8 9 13 14 16 19
11 0 1 3 4 7 8 9 13 16 18 19
12 1 3 8 9 11 15 17 18 19 20 21 22
12 1 5 8 10 12 15 16 18 19 20 21 22
11 0 1 2 3 5 6 10 11 15 17 18
11 0 1 3 7 8 12 13 15 16 17 18
12 1 2 5 7 9 12 16 18 19 20 21 22
12 1 2 8 9 10 15 16 18 19 20 21 22
11 0 1 4 6 8 10 11 13 15 16 19
11 0 3 4 6 8 9 11 13 15 18 19
12 1 2 7 8 9 15 16 18 19 20 21 22
12 3 4 8 10 12 14 15 17 18 20 21 22
11 0 1 2 3 4 5 8 10 13 16 17
11 0 1 4 7 9 12 13 14 15 16 17
12 2 3 7 9 12 14 15 16 18 20 21 22
12 1 4 6 10 11 14 15 16 18 20 21 22
12 1 2 4 5 7 9 11 15 16 20 21 22
12 2 5 8 10 12 14 15 16 19 20 21 22
11 0 2 3 4 5 6 10 11 13 14 18
11 0 4 5 7 8 12 13 14 15 16 18
12 2 3 4 6 8 10 13 16 19 20 21 22
12 4 6 8 11 14 15 17 18 19 20 21 22
11 0 1 3 5 8 9 11 12 13 17 18
11 0 1 5 6 7 9 10 13 15 17 18
12 2 5 6 8 13 15 17 18 19 20 21 22
12 1 3 8 10 11 14 17 18 19 20 21 22
12 1 2 5 8 10 12 17 18 19 20 21 22
12 6 8 9 11 13 14 15 18 19 20 21 22
11 0 2 4 5 8 9 10 13 15 16 19
11 0 3 4 6 9 10 11 14 15 17 19
12 2 3 4 6 8 9 11 18 19 20 21 22
12 2 6 7 9 14 15 16 18 19 20 21 22
11 0 2 5 6 7 8 11 13 15 16 19
11 0 3 4 6 8 11 12 13 14 17 19
12 1 2 3 8 10 11 15 18 19 20 21 22
12 3 6 7 10 14 15 16 17 19 20 21 22
11 0 1 3 6 9 10 11 12 14 16 18
11 0 2 4 6 7 8 9 12 15 17 18
12 1 2 8 9 12 13 15 17 18 20 21 22
11 0 1 2 4 6 9 10 11 12 15 17
11 0 2 3 4 8 9 10 12 14 15 17
11 0 2 3 5 7 8 9 13 14 15 17
11 0 2 5 6 7 8 11 13 15 16 17
12 1 2 4 6 7 10 11 17 18 20 21 22
12 3 5 9 10 12 16 17 18 19 20 21 22
11 0 1 3 4 6 8 9 12 13 16 18
11 0 2 5 6 9 10 12 14 15 17 18
12 3 5 6 10 12 16 17 18 19 20 21 22
12 2 6 8 9 13 15 16 17 19 20 21 22
11 0 2 3 4 7 8 9 12 14 15 17
11 0 2 3 5 8 9 10 13 14 15 17
12 1 2 3 5 9 10 12 16 19 20 21 22
12 3 6 8 10 13 14 16 17 19 20 21 22
11 0 1 2 3 4 6 8 11 12 16 17
11 0 1 5 6 9 11 13 14 15 16 17
12 1 2 4 5 8 10 12 15 19 20 21 22
12 1 3 7 8 11 14 15 17 19 20 21 22
11 0 1 4 5 6 7 8 10 15 16 18
11 0 2 3 8 10 11 12 13 14 17 18
12 1 3 4 7 10 11 15 17 19 20 21 22
12 1 3 4 8 10 11 16 17 19 20 21 22
11 0 1 3 7 9 10 11 13 14 15 18
11 0 3 4 5 7 8 9 11 15 17 18
12 1 2 7 8 10 14 15 17 19 20 21 22
12 2 4 5 7 11 15 16 17 19 20 21 22
11 0 1 2 3 4 7 8 11 14 16 18
11 0 2 4 7 10 11 14 15 16 17 18
12 1 2 3 7 11 13 14 16 19 20 21 22
12 5 6 9 11 14 15 17 18 19 20 21 22
11 0 1 3 5 7 8 9 13 14 16 19
11 0 1 2 4 6 8 9 13 16 18 19
12 1 2 5 7 10 11 17 18 19 20 21 22
12 1 6 10 11 12 13 16 18 19 20 21 22
11 0 1 2 5 6 8 9 12 14 16 19
11 0 3 5 7 10 11 13 14 17 18 19
12 1 4 5 6 7 11 16 18 19 20 21 22
12 5 8 9 11 13 14 16 18 19 20 21 22
11 0 2 4 5 9 10 11 12 15 16 19
11 0 3 4 7 8 9 10 14 15 17 19
12 1 3 4 6 8 9 12 18 19 20 21 22
12 3 7 8 11 13 14 17 18 19 20 21 22
11 0 1 2 3 5 7 8 11 14 16 18
11 0 2 4 7 10 11 13 15 16 17 18
12 2 3 5 8 9 13 17 18 19 20 21 22
12 1 4 5 7 8 14 16 18 19 20 21 22
11 0 1 2 5 6 9 10 11 13 16 18
11 0 2 5 7 8 9 12 13 16 17 18
12 1 3 9 10 12 13 16 18 19 20 21 22
12 2 7 8 9 13 15 16 17 19 20 21 22
11 0 1 4 7 10 12 14 15 16 17 19
11 0 2 3 4 5 7 9 12 15 18 19
12 1 2 3 5 9 10 11 16 19 20 21 22
12 2 3 4 10 12 13 15 16 18 20 21 22
11 0 1 2 3 5 7 9 10 13 14 17
11 0 3 4 7 8 10 12 14 15 16 17
12 1 3 4 6 7 9 15 16 17 20 21 22
12 2 5 6 10 11 15 17 18 19 20 21 22
11 0 1 3 5 6 7 9 11 14 16 17
11 0 1 3 6 8 10 11 12 14 16 17
12 1 5 6 10 11 14 17 18 19 20 21 22
12 4 6 8 11 12 15 16 17 19 20 21 22
11 0 1 2 3 4 6 8 11 14 17 18
11 0 1 4 7 10 12 14 15 16 17 18
12 1 2 3 6 7 10 12 14 19 20 21 22
12 3 4 6 9 13 14 16 17 18 20 21 22
11 0 1 3 7 9 10 11 12 13 16 18
11 0 2 5 6 7 8 9 11 15 17 18
12 1 2 6 9 11 12 16 17 18 20 21 22
12 5 7 8 11 14 15 16 18 19 20 21 22
11 0 2 3 4 7 8 9 12 14 17 19
11 0 2 5 7 10 11 12 15 16 17 19
12 1 2 3 6 9 10 12 18 19 20 21 22
12 2 5 8 10 12 14 17 18 19 20 21 22
11 0 1 2 3 4 7 9 10 14 15 19
11 0 1 5 6 8 11 12 13 14 15 19
12 2 4 6 8 11 14 17 18 19 20 21 22
12 4 6 9 10 13 14 16 18 19 20 21 22
11 0 1 2 3 5 7 8 11 12 15 17
11 0 2 5 6 9 10 12 14 15 16 17
12 1 3 4 7 8 11 13 18 19 20 21 22
12 5 6 8 11 12 13 16 17 18 20 21 22
11 0 1 3 4 6 7 9 11 13 15 16
11 0 1 3 5 7 9 10 12 13 15 16
12 2 3 4 7 9 10 16 17 18 20 21 22
12 1 5 6 10 11 13 15 16 18 20 21 22
11 0 1 2 3 4 6 9 10 12 13 17
11 0 4 5 7 8 11 13 14 15 16 17
12 1 3 4 6 8 9 13 14 18 20 21 22
12 2 4 5 6 8 14 15 17 19 20 21 22
11 0 1 2 5 7 8 10 11 12 15 19
11 0 3 4 5 7 8 10 13 14 15 19
12 1 3 4 10 12 13 14 16 19 20 21 22
12 5 7 9 10 12 13 15 16 19 20 21 22
11 0 1 2 3 5 7 9 10 13 14 18
11 0 4 5 8 9 11 13 15 16 17 18
12 2 3 5 6 8 9 11 13 19 20 21 22
12 2 4 8 10 12 13 15 18 19 20 21 22
11 0 1 3 4 7 8 9 12 13 14 16
11 0 2 3 4 7 8 9 12 13 15 16
12 2 4 5 7 9 13 15 18 19 20 21 22
12 4 6 8 11 12 15 16 18 19 20 21 22
11 0 1 5 6 7 8 9 11 14 17 19
11 0 2 5 8 10 11 12 13 14 18 19
12 1 2 5 6 9 11 13 18 19 20 21 22
12 2 3 5 6 8 9 11 13 18 20 21 22
11 0 1 3 4 5 6 10 11 12 14 18
11 0 4 6 7 8 12 13 14 15 17 18
12 1 6 8 10 11 13 14 16 17 20 21 22
12 3 4 7 8 12 14 15 17 19 20 21 22
11 0 2 3 6 9 10 11 12 13 15 17
11 0 2 4 5 6 7 8 11 14 15 17
12 1 3 4 6 10 11 14 15 19 20 21 22
12 4 6 9 10 12 13 15 17 19 20 21 22
11 0 1 2 4 5 6 9 10 12 15 16
11 0 1 4 6 7 10 11 12 14 15 16
12 1 3 5 6 8 9 12 14 19 20 21 22
12 1 3 6 7 8 13 14 17 18 20 21 22
11 0 1 2 3 4 6 7 10 12 15 17
11 0 2 5 7 10 11 13 14 15 16 17
12 1 2 5 6 11 12 13 16 18 20 21 22
12 3 4 7 10 11 13 15 17 18 20 21 22
11 0 2 3 4 5 7 8 9 14 15 17
11 0 2 3 8 9 10 12 13 14 15 17
12 1 2 4 6 8 9 12 15 16 20 21 22
12 2 4 6 10 11 12 15 17 18 20 21 22
11 0 1 2 3 4 7 8 10 12 13 16
11 0 3 4 6 8 9 12 13 14 15 16
12 3 5 7 10 11 12 14 15 17 20 21 22
12 5 6 9 10 12 13 15 17 19 20 21 22
11 0 1 3 6 8 9 10 12 13 14 18
11 0 4 5 6 8 9 10 12 15 17 18
12 1 3 5 6 8 9 12 13 19 20 21 22
12 2 4 5 6 8 12 16 17 19 20 21 22
11 0 2 5 6 7 9 12 13 14 15 18
11 0 3 4 5 6 9 11 12 13 16 18
12 1 2 6 10 12 13 14 16 19 20 21 22
12 2 3 9 11 12 13 14 17 19 20 21 22
11 0 2 4 5 6 9 10 12 13 16 18
11 0 2 5 6 8 9 12 13 14 16 18
12 1 4 5 6 7 9 15 16 19 20 21 22
12 5 7 9 10 13 14 15 18 19 20 21 22
11 0 1 2 4 5 7 9 11 12 15 18
11 0 3 6 7 9 11 13 14 16 17 18
12 2 3 4 7 8 10 12 18 19 20 21 22
12 1 5 6 10 11 13 16 18 19 20 21 22
11 0 1 3 4 5 7 10 11 12 14 18
11 0 4 6 7 8 11 13 14 15 17 18
12 1 4 6 7 11 12 16 18 19 20 21 22
12 2 5 7 10 11 14 15 17 19 20 21 22
11 0 1 2 4 6 7 8 11 13 14 15
11 0 1 2 4 7 8 9 11 13 14 15
12 1 3 4 7 8 11 13 16 19 20 21 22
12 3 5 7 8 13 14 16 18 19 20 21 22
11 0 3 4 5 6 7 10 11 14 16 19
11 0 3 5 8 9 12 13 14 15 16 19
12 1 5 6 7 11 13 16 18 19 20 21 22
12 1 4 6 10 11 12 16 18 19 20 21 22
12 1 3 4 9 10 12 14 18 19 20 21 22
12 2 4 5 7 8 13 15 17 19 20 21 22
11 0 1 2 4 5 8 9 11 12 13 18
12 1 3 5 10 11 13 14 16 19 20 21 22
12 1 3 4 9 10 12 14 17 18 20 21 22
11 0 1 3 4 5 8 10 11 12 13 17
11 0 4 5 6 7 9 12 13 14 16 17
12 1 2 5 7 9 10 15 16 18 20 21 22
12 1 3 6 7 11 12 14 17 18 20 21 22
11 0 1 2 3 4 5 7 10 12 16 17
11 0 1 5 7 10 12 13 14 15 16 17
12 1 2 5 7 8 12 13 16 18 20 21 22
12 2 4 6 7 10 14 15 16 19 20 21 22
11 0 1 2 3 5 7 9 10 12 13 16
11 0 1 3 4 7 9 10 11 12 14 16
11 0 2 4 5 6 7 9 12 13 15 16
11 0 3 4 6 7 9 11 13 14 15 16
12 2 3 4 8 11 12 14 16 19 20 21 22
12 1 7 8 9 12 15 16 17 19 20 21 22
11 0 1 3 4 6 7 9 11 13 17 18
11 0 1 5 7 9 11 12 14 15 17 18
12 1 2 3 6 9 10 11 17 19 20 21 22
12 6 7 9 11 12 14 15 18 19 20 21 22
11 0 1 2 5 6 7 9 11 13 16 19
11 0 1 4 5 6 8 10 11 13 17 19
11 0 2 3 5 7 8 9 12 13 17 19
11 0 3 6 8 10 12 13 14 17 18 19
12 2 3 5 6 8 10 11 18 19 20 21 22
12 2 3 5 7 9 12 14 17 18 20 21 22
11 0 3 4 5 6 7 11 12 13 14 17
11 0 3 4 5 6 10 11 12 13 14 17
12 1 2 5 7 10 12 14 16 17 20 21 22
12 4 7 8 9 12 13 14 16 19 20 21 22
11 0 2 3 4 6 7 9 11 13 14 17
11 0 3 4 6 8 10 11 13 14 15 17
12 2 4 5 6 9 10 11 14 19 20 21 22
12 3 4 7 10 11 12 15 17 18 20 21 22
11 0 2 3 4 6 9 10 11 12 14 16
11 0 2 4 5 6 7 10 12 13 14 16
12 2 5 6 10 11 12 14 15 17 20 21 22
12 2 3 6 7 8 12 14 15 18 20 21 22
11 0 1 2 3 4 6 7 9 12 14 16
11 0 2 4 7 9 10 12 13 14 15 16
12 1 4 5 7 11 12 13 16 17 20 21 22
12 3 5 6 8 11 14 15 16 19 20 21 22
11 0 2 3 4 6 7 10 11 12 14 16
11 0 2 4 5 6 9 10 12 13 14 16
12 2 3 4 7 10 12 13 15 19 20 21 22
12 4 5 7 9 10 13 14 15 18 20 21 22
11 0 3 4 5 6 7 8 10 14 16 19
11 0 3 5 9 11 12 13 14 15 16 19
12 2 3 5 7 8 13 14 15 17 20 21 22
12 3 4 7 10 11 12 14 16 19 20 21 22
11 0 1 3 4 5 6 7 9 13 16 18
11 0 2 5 9 11 12 13 14 15 17 18
12 2 4 6 7 8 11 14 15 19 20 21 22
12 3 5 6 9 10 12 13 15 18 20 21 22
11 0 1 5 9 10 11 12 13 14 16 18
11 0 2 4 5 6 7 8 9 13 17 18
12 1 4 6 7 9 10 13 14 16 20 21 22
12 1 3 4 7 8 10 16 17 19 20 21 22
11 0 1 2 4 7 8 9 12 13 15 17
11 0 2 4 5 8 9 10 13 15 16 17
12 1 2 8 10 11 14 15 17 19 20 21 22
12 2 3 4 9 12 13 15 16 18 20 21 22
11 0 2 3 4 6 7 8 10 15 16 18
11 0 2 3 8 10 11 12 14 15 16 18
12 1 3 4 6 7 10 15 16 17 20 21 22
12 1 7 10 11 12 13 16 17 19 20 21 22
11 0 1 2 5 7 8 9 12 15 17 19
11 0 2 4 7 10 11 12 14 17 18 19
12 1 2 5 6 7 8 11 17 19 20 21 22
12 2 4 5 6 8 11 16 18 19 20 21 22
11 0 1 5 6 8 9 12 13 14 16 18
11 0 2 4 5 6 9 10 12 13 17 18
12 1 6 9 11 12 13 15 18 19 20 21 22
12 1 6 7 10 12 13 16 17 19 20 21 22
11 0 1 2 3 4 6 8 11 12 16 18
11 0 2 6 7 10 12 14 15 16 17 18
12 1 2 5 6 8 11 12 17 19 20 21 22
12 2 4 8 9 12 13 16 18 19 20 21 22
11 0 2 3 4 5 8 10 11 12 15 17
11 0 2 5 6 7 9 12 13 14 15 17
12 1 4 5 8 9 13 15 18 19 20 21 22
12 2 5 7 8 12 14 16 18 19 20 21 22
11 0 1 3 4 5 8 9 10 13 15 16
11 0 1 3 6 7 8 11 12 13 15 16
12 1 3 5 9 10 12 15 18 19 20 21 22
12 2 4 5 6 8 11 15 17 19 20 21 22
12 1 3 7 10 12 13 14 16 19 20 21 22
12 3 7 8 10 12 13 14 16 19 20 21 22
11 0 1 3 5 6 8 9 12 13 14 16
11 0 2 3 4 7 8 10 11 13 15 16
12 2 4 5 6 8 10 11 15 19 20 21 22
12 4 8 9 11 12 13 15 18 19 20 21 22
11 0 1 3 5 7 8 9 12 13 15 18
11 0 3 5 6 9 10 11 13 15 17 18
12 2 4 5 6 8 9 13 18 19 20 21 22
12 4 5 6 9 13 15 16 18 19 20 21 22
11 0 1 2 4 6 7 9 11 12 15 19
11 0 3 4 6 8 9 11 13 14 15 19
12 1 2 4 8 11 12 13 18 19 20 21 22
12 2 7 8 10 12 14 16 17 19 20 21 22
11 0 3 4 5 6 7 11 12 13 16 19
11 0 3 6 7 8 12 13 14 15 16 19
12 1 2 4 6 8 10 11 16 19 20 21 22
12 2 4 5 7 8 12 16 18 19 20 21 22
11 0 1 2 3 5 7 8 11 12 16 18
11 0 2 6 7 10 11 13 15 16 17 18
12 1 5 9 10 12 13 15 18 19 20 21 22
12 1 5 7 8 11 15 16 17 19 20 21 22
11 0 2 5 6 7 8 11 13 14 15 18
11 0 3 4 5 7 10 11 12 13 16 18
12 1 2 3 7 10 11 13 17 19 20 21 22
12 4 6 7 10 12 13 16 17 18 20 21 22
11 0 1 2 3 5 7 9 10 12 13 17
11 0 4 5 7 8 10 12 14 15 16 17
12 2 3 5 8 9 11 16 17 18 20 21 22
12 2 3 4 7 9 10 12 16 18 20 21 22
11 0 1 2 4 7 8 9 11 12 14 15
11 0 1 3 4 6 7 8 11 13 14 15
12 1 3 7 9 10 12 15 16 17 20 21 22
12 4 6 8 10 13 14 17 18 19 20 21 22
11 0 1 3 4 6 7 9 11 12 16 17
11 0 1 5 6 8 10 11 13 14 16 17
12 2 3 6 8 10 12 17 18 19 20 21 22
12 1 4 6 7 8 13 16 17 19 20 21 22
11 0 1 2 4 6 7 8 11 12 15 17
11 0 2 5 6 9 10 11 13 15 16 17
12 1 2 5 10 11 12 14 17 19 20 21 22
12 1 2 6 7 9 11 15 17 18 20 21 22
11 0 1 2 3 6 8 9 10 12 13 18
11 0 1 3 4 5 7 10 11 12 13 18
12 1 2 4 8 10 12 13 17 18 20 21 22
12 5 6 7 10 13 15 16 17 19 20 21 22
11 0 1 4 5 6 7 9 11 13 16 19
11 0 3 6 8 10 12 13 14 15 18 19
12 1 2 3 5 8 11 12 13 19 20 21 22
12 3 4 5 7 9 12 16 18 19 20 21 22
11 0 1 2 3 5 6 8 11 12 16 19
11 0 1 4 6 7 9 10 11 12 16 19
12 1 5 8 10 12 13 14 18 19 20 21 22
12 3 4 7 9 11 13 16 18 19 20 21 22
11 0 1 2 3 5 6 9 10 12 13 18
11 0 1 3 4 7 8 10 11 12 13 18
12 1 4 6 8 10 13 14 18 19 20 21 22
12 2 3 6 9 11 12 14 16 18 20 21 22
11 0 1 2 3 5 6 7 8 13 16 17
11 0 1 4 9 10 11 12 14 15 16 17
12 1 3 5 7 8 10 13 16 17 20 21 22
12 2 4 6 7 11 12 15 16 18 19 21 22
11 0 1 2 3 5 6 7 8 13 15 17
11 0 2 4 9 10 11 12 14 15 16 17
12 2 3 7 8 10 12 15 16 18 19 21 22
12 3 5 7 8 10 13 14 16 17 20 21 22
11 0 1 3 7 8 9 11 12 13 14 16
11 0 2 3 4 5 7 8 9 13 15 16
12 2 3 5 6 9 11 12 14 16 20 21 22
12 2 4 5 7 10 11 12 16 18 20 21 22
11 0 1 2 3 4 6 8 9 12 13 16
11 0 3 4 7 8 10 12 13 14 15 16
12 1 3 7 8 9 12 14 15 17 20 21 22
12 3 6 7 10 12 13 17 18 19 20 21 22
11 0 1 3 5 6 8 10 11 12 14 18
11 0 4 6 7 8 10 12 13 15 17 18
12 3 4 6 9 10 13 17 18 19 20 21 22
12 1 5 6 8 9 14 15 17 19 20 21 22
11 0 2 3 6 8 9 10 12 13 14 18
11 0 4 5 6 8 9 10 12 15 16 18
12 1 3 4 9 10 12 13 17 19 20 21 22
12 2 6 7 9 11 12 14 15 18 20 21 22
11 0 2 4 5 6 7 8 12 13 14 17
11 0 3 4 5 9 10 11 12 13 15 17
12 1 4 5 7 8 10 12 13 17 20 21 22
12 2 4 6 7 8 13 14 17 18 20 21 22
11 0 2 3 4 5 6 9 10 12 15 17
11 0 2 5 7 8 11 12 13 14 15 17
12 1 2 5 6 11 12 13 15 17 20 21 22
12 1 3 4 9 10 11 13 17 18 20 21 22
11 0 1 4 6 8 9 11 12 13 14 17
11 0 3 4 5 6 8 9 11 13 16 17
12 1 2 6 8 9 10 15 16 18 20 21 22
12 1 5 6 8 11 12 14 17 19 20 21 22
11 0 1 2 3 4 5 8 9 13 15 19
11 0 2 6 7 10 11 12 13 14 15 19
12 1 4 6 7 10 12 13 17 19 20 21 22
12 3 4 5 7 8 12 16 18 19 20 21 22
11 0 1 4 6 7 8 10 11 13 16 18
11 0 2 5 7 8 10 11 12 14 17 18
12 1 5 9 10 12 13 14 18 19 20 21 22
12 5 7 8 9 13 14 16 17 18 20 21 22
12 1 2 6 7 8 10 16 17 18 20 21 22
12 5 7 8 11 12 13 16 18 19 20 21 22
11 0 1 3 5 6 7 9 11 12 16 19
12 1 4 5 6 9 10 12 18 19 20 21 22
12 2 6 7 8 11 14 15 17 19 20 21 22
11 0 1 2 3 5 6 7 9 13 16 18
11 0 2 5 9 11 12 13 15 16 17 18
12 1 3 4 7 10 11 12 16 19 20 21 22
12 4 5 7 8 12 14 16 17 19 20 21 22
11 0 2 3 6 7 8 10 12 13 14 17
11 0 3 4 5 7 9 10 11 14 15 17
12 1 2 4 6 10 11 13 14 19 20 21 22
12 5 6 7 10 11 14 15 17 19 20 21 22
11 0 2 6 8 9 11 12 13 14 16 19
11 0 3 5 6 7 8 10 11 13 17 19
12 1 3 4 7 8 11 12 13 19 20 21 22
12 3 6 7 8 11 13 14 17 19 20 21 22
11 0 2 4 7 8 10 11 12 13 14 18
11 0 4 5 6 7 8 10 11 14 16 18
12 1 4 5 7 10 11 12 15 19 20 21 22
12 3 5 6 8 9 12 13 17 19 20 21 22
11 0 2 5 6 8 10 11 12 13 14 18
11 0 4 5 6 7 8 10 12 13 16 18
12 1 5 6 9 10 12 13 15 19 20 21 22
12 2 4 7 8 14 15 17 18 19 20 21 22
11 0 1 2 4 6 9 10 13 15 17 18
11 0 1 3 5 8 9 12 14 16 17 18
12 1 2 8 9 12 14 17 18 19 20 21 22
12 2 4 8 9 12 15 16 17 19 20 21 22
11 0 1 2 4 7 9 10 11 13 15 16
11 0 1 3 5 6 7 9 12 14 15 16
12 1 2 3 6 9 10 14 16 19 20 21 22
12 3 4 7 9 14 16 17 18 19 20 21 22
11 0 1 2 5 7 9 10 13 16 17 19
11 0 2 3 6 9 10 12 14 17 18 19
12 1 6 8 11 12 16 17 18 19 20 21 22
12 6 8 9 10 12 14 15 16 19 20 21 22
11 0 1 2 4 5 8 9 11 14 16 19
11 0 1 4 7 9 10 12 14 15 16 19
11 0 3 4 5 7 9 10 12 15 18 19
11 0 3 5 8 10 11 14 15 17 18 19
12 2 3 4 6 8 9 10 12 19 20 21 22
12 2 3 9 10 12 13 15 17 19 20 21 22
11 0 1 4 6 8 9 12 13 14 15 17
11 0 2 3 4 5 8 9 11 13 16 17
12 1 3 5 6 8 9 15 16 19 20 21 22
12 1 5 6 9 11 15 16 17 19 20 21 22
11 0 2 3 4 6 7 9 10 15 16 18
11 0 2 3 8 9 11 12 14 15 16 18
12 1 2 3 7 9 12 13 17 19 20 21 22
12 3 4 5 6 9 14 16 18 19 20 21 22
11 0 1 5 7 9 10 12 13 15 16 19
11 0 1 5 8 9 11 12 14 15 17 19
12 1 3 8 11 12 13 14 18 19 20 21 22
12 2 3 5 7 8 14 15 17 18 20 21 22
11 0 1 5 7 9 12 13 14 15 16 18
11 0 2 3 4 5 6 9 11 13 17 18
12 1 2 4 5 11 12 14 16 17 20 21 22
12 2 4 8 9 12 13 15 17 19 20 21 22
11 0 1 2 5 8 9 10 11 12 14 17
11 0 3 5 6 7 8 9 12 15 16 17
12 1 3 5 6 9 10 14 16 19 20 21 22
12 5 7 8 10 11 14 15 16 18 20 21 22
11 0 1 2 4 6 7 9 11 12 15 16
11 0 1 4 5 7 9 10 12 14 15 16
12 2 3 5 6 8 14 15 16 18 20 21 22
12 5 6 8 10 11 14 15 16 18 20 21 22
11 0 1 3 6 8 9 10 11 12 15 19
11 0 3 4 5 6 7 9 12 14 15 19
12 2 3 5 7 8 14 15 16 18 20 21 22
12 3 4 5 6 9 12 16 17 19 20 21 22
11 0 2 4 6 9 10 11 12 14 15 18
11 0 3 4 6 7 8 9 12 14 16 18
12 3 4 5 6 8 9 13 16 19 20 21 22
12 4 5 7 10 11 14 15 17 19 20 21 22
11 0 1 3 4 5 6 8 9 13 15 17
11 0 2 4 8 9 11 12 13 14 16 17
12 1 3 4 7 8 11 13 14 19 20 21 22
12 2 4 5 6 8 9 12 17 19 20 21 22
11 0 2 3 4 5 8 9 10 14 16 19
11 0 1 2 5 6 7 8 10 14 17 19
12 1 6 9 10 12 13 14 16 19 20 21 22
12 3 6 7 8 13 14 16 18 19 20 21 22
11 0 2 5 8 9 10 12 13 14 16 19
11 0 3 5 6 7 9 10 11 14 17 19
12 1 3 4 9 10 11 14 18 19 20 21 22
12 2 3 4 7 9 10 11 17 19 20 21 22
12 1 7 8 9 11 14 15 16 19 20 21 22
12 4 6 7 10 11 12 14 17 18 20 21 22
11 0 1 2 4 5 6 7 9 13 15 18
11 0 3 5 9 11 12 13 14 16 17 18
12 2 3 5 10 11 12 14 15 18 20 21 22
12 2 7 8 11 12 14 17 18 19 20 21 22
11 0 1 3 7 8 9 11 12 14 16 18
11 0 2 4 6 7 9 10 11 15 17 18
12 2 4 5 8 9 14 17 18 19 20 21 22
12 3 8 9 11 12 13 15 18 19 20 21 22
11 0 1 5 7 8 9 11 13 14 16 19
11 0 1 5 8 10 11 13 15 16 17 19
12 2 4 5 6 8 9 14 18 19 20 21 22
12 1 7 8 11 12 13 14 17 19 20 21 22
11 0 1 3 4 7 8 9 11 13 15 18
11 0 3 5 7 9 10 11 14 15 17 18
12 1 4 5 6 7 10 11 17 19 20 21 22
12 2 7 8 11 12 13 15 18 19 20 21 22
11 0 2 3 5 7 9 10 11 14 15 17
11 0 2 3 6 7 8 10 12 14 15 17
12 2 4 5 6 9 10 15 18 19 20 21 22
12 3 4 7 9 11 14 16 17 18 20 21 22
11 0 2 3 8 9 10 11 12 14 15 18
11 0 3 4 6 7 8 9 10 15 16 18
12 1 4 6 8 11 12 16 17 18 20 21 22
12 3 4 5 7 11 14 16 17 18 20 21 22
11 0 1 2 5 6 8 9 11 13 14 16
11 0 1 2 4 5 7 9 10 12 15 16
11 0 2 3 5 7 8 10 11 14 15 16
11 0 1 4 6 7 9 11 12 14 15 16
12 1 4 8 10 11 12 16 17 18 20 21 22
12 1 4 5 7 10 11 15 17 19 20 21 22
11 0 1 4 8 9 10 11 12 13 16 18
11 0 2 5 6 7 8 9 10 14 17 18
12 1 3 7 8 11 13 14 17 19 20 21 22
12 1 3 4 8 9 10 14 17 18 20 21 22
11 0 2 3 5 6 7 8 10 14 15 17
11 0 2 3 7 9 10 11 12 14 15 17
12 1 2 5 9 10 11 15 16 18 20 21 22
12 4 5 8 10 12 15 17 18 19 20 21 22
11 0 1 4 5 6 7 9 12 13 15 19
11 0 2 3 6 8 9 10 11 14 15 19
12 1 4 6 8 11 12 17 18 19 20 21 22
12 2 4 5 8 9 13 15 17 18 20 21 22
11 0 1 2 6 8 9 10 11 12 14 17
11 0 2 3 4 6 7 8 9 14 15 17
11 0 2 3 8 9 10 11 13 14 15 17
11 0 3 5 6 7 8 9 11 15 16 17
12 1 2 4 6 10 11 14 15 17 20 21 22
12 2 7 9 10 12 13 16 17 19 20 21 22
11 0 1 5 6 7 8 9 12 14 16 18
11 0 2 4 6 9 10 11 12 13 17 18
12 1 2 5 6 8 9 11 16 19 20 21 22
12 1 3 7 8 9 13 16 17 19 20 21 22
11 0 1 2 3 6 7 9 10 12 14 17
11 0 3 5 7 8 10 11 14 15 16 17
12 1 2 5 9 10 11 15 17 19 20 21 22
12 3 4 6 8 11 14 16 17 18 20 21 22
11 0 1 2 3 6 8 9 10 12 13 17
11 0 4 5 7 8 9 11 14 15 16 17
12 1 4 7 9 11 12 16 17 18 20 21 22
12 1 4 5 9 10 12 14 15 18 20 21 22
11 0 1 2 3 4 5 7 9 12 16 17
11 0 1 5 8 10 12 13 14 15 16 17
12 1 4 5 7 9 10 14 15 18 20 21 22
12 5 7 9 10 12 14 15 18 19 20 21 22
11 0 1 3 4 7 8 9 10 13 15 19
11 0 2 5 6 7 8 11 12 14 15 19
12 2 3 5 7 8 10 12 18 19 20 21 22
12 2 4 6 7 9 13 16 17 19 20 21 22
11 0 1 2 3 5 7 8 9 13 14 17
11 0 3 4 8 9 10 12 14 15 16 17
12 1 2 5 9 11 12 14 16 19 20 21 22
12 3 4 5 8 9 12 16 18 19 20 21 22
11 0 1 3 4 5 7 9 10 12 15 17
11 0 2 5 7 8 10 12 13 14 16 17
12 1 5 8 9 12 13 14 18 19 20 21 22
12 4 5 9 10 11 14 17 18 19 20 21 22
11 0 2 4 5 6 8 9 11 13 16 19
11 0 3 6 8 10 11 13 14 15 17 19
12 2 5 6 7 11 12 17 18 19 20 21 22
12 4 6 8 9 12 14 15 18 19 20 21 22
11 0 1 5 7 8 9 10 12 13 15 19
11 0 2 3 5 6 7 8 10 14 15 19
12 2 3 5 8 9 11 13 18 19 20 21 22
12 4 5 7 8 10 12 14 16 17 20 21 22
11 0 1 2 4 5 6 7 9 12 15 16
11 0 1 4 7 9 10 11 12 14 15 16
12 2 3 5 7 9 11 12 14 15 20 21 22
12 2 3 6 9 10 11 16 18 19 20 21 22
11 0 1 2 4 6 7 9 10 12 14 18
11 0 4 6 8 9 11 12 14 16 17 18
12 1 6 7 8 11 14 15 18 19 20 21 22
12 2 5 6 7 9 14 15 18 19 20 21 22
12 2 3 8 10 11 12 15 18 19 20 21 22
12 4 5 7 9 11 14 15 18 19 20 21 22
11 0 1 3 4 6 8 9 11 12 13 17
11 0 4 5 6 8 9 11 13 14 16 17
12 2 3 6 8 10 12 13 18 19 20 21 22
12 1 6 7 8 11 13 14 17 19 20 21 22
11 0 2 4 5 6 9 10 11 13 14 17
11 0 3 4 6 7 8 11 12 13 15 17
12 1 4 5 7 10 11 12 17 19 20 21 22
12 2 5 7 8 9 13 15 16 18 20 21 22
11 0 1 2 3 4 6 8 9 12 13 17
11 0 4 5 8 9 11 13 14 15 16 17
12 1 3 4 6 10 11 12 14 17 20 21 22
12 2 3 4 8 10 11 12 15 18 20 21 22
11 0 2 3 4 5 6 9 10 12 14 17
11 0 3 5 7 8 11 12 13 14 15 17
12 1 4 7 8 9 11 15 16 17 20 21 22
12 2 3 5 7 8 10 11 17 18 20 21 22
11 0 1 2 3 6 7 8 10 12 14 17
11 0 3 5 7 9 10 11 14 15 16 17
12 1 2 8 9 11 12 14 16 17 20 21 22
12 3 5 8 9 11 13 14 18 19 20 21 22
11 0 2 3 4 5 7 8 11 12 14 18
11 0 4 6 7 10 11 13 14 15 16 18
12 3 4 6 8 9 12 14 18 19 20 21 22
12 3 6 7 10 11 13 16 18 19 20 21 22
11 0 1 6 7 9 10 11 12 14 16 18
11 0 2 4 6 7 8 9 11 12 17 18
12 1 4 6 7 10 11 14 18 19 20 21 22
12 3 4 8 9 11 12 16 18 19 20 21 22
11 0 2 5 6 7 8 9 11 13 16 19
11 0 3 6 8 10 11 12 13 14 17 19
12 1 5 6 8 9 13 14 18 19 20 21 22
12 3 5 6 7 10 13 16 18 19 20 21 22
11 0 1 2 5 6 7 9 10 12 14 18
11 0 4 6 8 9 11 12 13 16 17 18
12 1 4 7 10 11 12 14 18 19 20 21 22
12 3 5 8 10 11 12 16 18 19 20 21 22
11 0 1 4 5 6 7 9 10 12 16 19
11 0 2 3 5 6 7 8 11 12 16 19
12 1 5 6 7 9 12 14 18 19 20 21 22
12 3 5 8 9 11 12 13 16 19 20 21 22
11 0 2 3 4 6 7 8 9 13 15 18
11 0 3 5 9 10 11 12 14 15 16 18
12 2 5 6 7 9 10 13 15 19 20 21 22
12 3 5 6 7 9 11 14 16 19 20 21 22
11 0 1 3 4 5 6 9 10 12 13 17
11 0 1 2 3 5 6 7 10 11 14 17
11 0 4 5 7 8 11 12 13 14 16 17
11 0 3 6 7 10 11 12 14 15 16 17
12 2 4 7 9 11 12 13 15 19 20 21 22
12 4 6 7 8 11 14 15 17 19 20 21 22
11 0 1 2 4 5 6 7 10 12 16 19
11 0 2 5 6 7 8 10 11 12 16 19
12 1 3 4 7 10 11 12 14 19 20 21 22
12 1 5 6 8 10 11 13 14 18 20 21 22
11 0 1 2 3 4 6 8 9 12 13 18
11 0 1 4 5 7 9 10 11 12 13 18
12 1 5 6 8 9 11 13 14 18 20 21 22
12 2 6 8 9 11 15 16 17 19 20 21 22
11 0 1 2 4 5 7 8 10 12 16 17
11 0 1 5 7 9 10 12 13 15 16 17
12 1 2 3 7 9 10 12 16 19 20 21 22
12 5 6 7 10 12 15 16 17 19 20 21 22
11 0 1 3 5 7 8 9 11 12 15 18
11 0 3 6 7 9 10 11 13 15 17 18
12 1 2 3 6 8 11 12 13 19 20 21 22
12 2 3 7 9 10 12 16 18 19 20 21 22
11 0 1 5 7 8 9 10 12 13 16 18
11 0 2 5 6 8 9 10 11 13 17 18
12 1 5 7 8 10 14 15 18 19 20 21 22
12 5 6 7 9 11 12 15 16 18 20 21 22
11 0 2 3 6 8 9 10 11 13 14 18
11 0 4 5 7 8 9 10 12 15 16 18
12 3 6 7 9 12 13 17 18 19 20 21 22
11 0 2 3 6 7 8 9 11 13 15 18
11 0 2 4 5 7 8 10 11 12 16 18
11 0 2 6 7 8 10 11 13 14 16 18
11 0 3 5 7 9 10 11 12 15 16 18
12 3 4 7 9 10 13 17 18 19 20 21 22
12 3 4 6 7 8 10 12 16 19 20 21 22
11 0 1 6 8 9 11 12 13 15 16 18
12 2 6 8 10 11 12 14 15 19 20 21 22
12 1 4 7 9 11 12 13 17 18 20 21 22
11 0 1 2 3 6 7 9 10 11 13 18
11 0 2 3 4 6 7 10 11 12 13 18
12 1 2 6 7 8 10 12 15 18 20 21 22
12 2 6 7 9 10 12 15 16 18 20 21 22
11 0 1 5 7 8 9 10 11 12 16 18
11 0 2 6 7 8 9 10 11 13 17 18
12 1 3 4 7 9 10 12 13 17 20 21 22
12 4 6 8 9 12 13 16 18 19 20 21 22
11 0 1 5 6 7 9 10 12 13 15 17
11 0 2 4 5 7 8 10 11 12 16 17
12 1 4 5 8 9 11 13 18 19 20 21 22
12 1 5 6 7 10 11 14 17 19 20 21 22
11 0 1 3 5 6 7 8 9 12 16 18
11 0 2 6 9 10 11 12 13 15 17 18
12 1 4 7 8 11 12 13 17 19 20 21 22
12 3 5 6 7 9 12 15 17 19 20 21 22
11 0 3 4 6 7 8 11 12 13 14 18
11 0 4 5 6 7 10 11 12 14 15 18
12 1 3 6 9 11 12 13 15 19 20 21 22
12 3 5 7 8 9 12 13 16 19 20 21 22
11 0 1 2 3 5 6 8 10 11 13 17
11 0 4 6 7 9 11 12 14 15 16 17
12 2 5 6 9 10 11 13 15 19 20 21 22
12 3 4 7 9 10 11 13 17 18 20 21 22
12 1 4 5 9 10 11 13 14 18 20 21 22
12 4 5 6 8 9 12 14 17 18 20 21 22
11 0 1 4 5 6 7 8 10 12 15 17
11 0 2 5 7 9 10 11 12 13 16 17
12 1 5 6 8 10 11 15 16 18 20 21 22
11 0 1 2 4 7 8 9 10 12 13 16
11 0 3 4 6 7 8 9 12 14 15 16
12 1 3 4 8 9 11 13 14 18 20 21 22
12 2 3 7 9 10 12 13 17 19 20 21 22
11 0 1 4 6 8 9 10 11 12 15 17
11 0 2 5 6 7 8 9 11 13 16 17
12 1 5 6 8 9 11 15 16 19 20 21 22
12 2 6 7 9 11 12 13 17 19 20 21 22
11 0 2 6 7 8 9 11 12 14 15 18
11 0 3 4 6 7 9 10 11 12 16 18
12 1 5 6 7 9 11 12 16 19 20 21 22
12 2 3 4 7 10 14 16 18 19 20 21 22
11 0 1 3 4 9 10 11 13 14 16 18
11 0 2 4 5 7 8 9 14 15 17 18
12 1 3 7 10 13 14 15 18 19 20 21 22
12 2 7 9 11 13 14 15 18 19 20 21 22
11 0 1 3 6 9 10 13 14 15 16 18
11 0 2 3 4 5 8 9 12 15 17 18
12 2 3 4 6 8 10 15 18 19 20 21 22
12 1 3 5 8 9 15 16 17 19 20 21 22
12 1 2 3 9 10 13 15 17 19 20 21 22
12 3 4 6 9 14 15 17 18 19 20 21 22
11 0 1 2 3 6 8 10 12 15 16 19
11 0 1 4 6 7 8 10 14 15 17 19
11 0 2 4 5 9 11 12 13 15 18 19
11 0 3 4 7 9 11 13 16 17 18 19
12 1 2 7 10 12 13 17 18 19 20 21 22
12 1 3 5 8 9 14 16 17 19 20 21 22
11 0 1 2 3 4 7 8 11 13 16 17
11 0 1 4 6 9 10 13 14 15 16 17
12 1 2 4 9 10 13 15 17 19 20 21 22
12 1 2 8 9 10 14 16 17 19 20 21 22
11 0 2 3 4 6 8 9 12 13 16 18
11 0 2 5 6 9 10 12 14 15 16 18
12 1 2 4 8 9 10 16 17 19 20 21 22
12 3 5 8 10 14 16 17 18 19 20 21 22
11 0 1 4 7 8 9 13 14 16 17 19
11 0 2 3 5 6 10 11 12 15 18 19
12 1 5 7 10 12 16 17 18 19 20 21 22
12 2 8 9 11 13 14 17 18 19 20 21 22
11 0 1 2 6 8 9 11 13 15 16 19
11 0 1 2 6 9 10 12 14 16 17 19
12 2 3 5 7 8 14 17 18 19 20 21 22
12 1 4 8 10 11 15 16 18 19 20 21 22
11 0 1 2 3 6 8 10 11 12 16 19
11 0 1 2 4 6 9 10 11 12 16 19
12 1 2 6 7 9 13 16 18 19 20 21 22
12 2 3 4 6 8 14 15 17 18 20 21 22
11 0 1 2 6 8 9 10 11 13 16 19
11 0 1 2 6 9 12 14 15 16 17 19
12 2 3 4 6 7 9 10 16 18 20 21 22
12 2 4 8 10 11 15 16 18 19 20 21 22
11 0 1 2 3 4 6 9 11 15 16 19
11 0 2 5 7 8 9 10 11 15 18 19
12 1 2 6 7 9 13 15 18 19 20 21 22
12 2 6 8 10 13 16 17 18 19 20 21 22
11 0 1 2 4 7 8 9 12 14 17 18
11 0 1 2 5 6 8 10 11 15 17 18
11 0 1 3 7 8 10 12 13 16 17 18
11 0 1 4 6 9 10 11 14 16 17 18
12 2 5 7 9 13 16 17 18 19 20 21 22
12 2 3 4 6 7 9 15 17 18 20 21 22
11 0 1 2 3 6 7 9 11 13 16 17
11 0 1 4 6 8 10 11 14 15 16 17
12 4 5 9 10 13 16 17 18 19 20 21 22
11 0 1 3 6 8 9 10 12 14 16 19
11 0 3 5 7 9 10 11 13 16 18 19
12 2 5 6 10 11 16 17 18 19 20 21 22
12 3 4 7 8 13 15 16 18 19 20 21 22
11 0 1 3 7 9 10 11 13 14 16 18
11 0 2 4 5 7 8 9 11 15 17 18
12 1 2 4 9 10 13 14 18 19 20 21 22
12 2 3 7 8 11 14 16 18 19 20 21 22
11 0 1 2 3 4 7 8 10 13 15 17
11 0 2 4 7 9 10 13 14 15 16 17
12 1 3 6 9 10 14 15 18 19 20 21 22
12 2 3 4 6 8 9 14 17 18 20 21 22
12 2 3 4 6 7 10 15 16 18 20 21 22
12 5 7 9 10 13 14 16 17 19 20 21 22
11 0 1 2 3 5 8 9 10 13 15 19
11 0 2 5 6 7 10 12 13 14 15 19
12 1 2 4 5 8 9 11 13 19 20 21 22
12 1 4 5 9 10 13 15 17 19 20 21 22
11 0 1 2 3 4 7 9 10 12 13 17
11 0 4 5 7 8 10 13 14 15 16 17
12 1 3 5 8 9 13 14 17 19 20 21 22
12 2 3 4 7 10 13 14 16 18 20 21 22
11 0 1 2 3 4 6 9 10 11 14 16
11 0 2 5 6 7 10 12 13 14 15 16
12 1 3 5 6 9 12 15 16 17 20 21 22
12 3 5 7 10 11 14 15 17 19 20 21 22
11 0 1 2 4 5 7 8 10 13 14 15
11 0 1 2 5 7 8 10 11 13 14 15
12 1 3 4 7 8 11 13 15 19 20 21 22
12 4 7 8 10 11 13 14 15 19 20 21 22
11 0 1 3 4 5 6 8 10 14 16 19
11 0 2 4 5 6 7 9 10 14 17 19
12 3 4 5 7 8 10 11 14 19 20 21 22
12 1 2 8 9 11 13 16 17 19 20 21 22
11 0 1 2 3 6 8 9 10 13 15 19
11 0 2 5 6 7 9 12 13 14 15 19
11 0 1 3 4 5 6 10 11 13 17 19
11 0 2 3 7 8 9 10 12 13 17 19
12 1 2 5 7 9 10 16 17 19 20 21 22
12 4 6 7 10 14 15 16 18 19 20 21 22
11 0 1 2 5 6 8 9 11 13 15 18
11 0 3 5 7 9 10 12 13 16 17 18
12 1 2 3 7 10 11 13 18 19 20 21 22
12 4 5 6 9 10 12 13 16 18 20 21 22
11 0 2 3 4 5 6 8 9 13 15 18
11 0 3 5 9 10 12 13 14 15 16 18
12 4 5 6 8 10 13 14 16 17 20 21 22
12 5 6 8 10 14 15 16 17 19 20 21 22
11 0 1 4 6 7 8 10 11 14 16 19
11 0 3 5 8 9 11 12 13 15 18 19
12 3 5 7 8 14 15 16 17 19 20 21 22
12 3 4 6 9 10 13 15 18 19 20 21 22
11 0 2 4 5 6 7 8 10 14 15 18
11 0 3 4 8 10 11 12 13 14 16 18
12 2 4 7 8 11 13 14 18 19 20 21 22
12 2 6 8 9 11 14 16 17 18 20 21 22
11 0 1 5 7 8 9 10 11 13 17 18
12 1 4 6 7 9 13 16 17 18 20 21 22
12 2 5 6 8 10 14 15 17 19 20 21 22
11 0 1 3 7 8 9 10 11 13 14 18
11 0 4 5 7 8 9 10 11 15 17 18
12 1 3 4 8 10 12 13 16 19 20 21 22
12 1 3 6 7 10 12 13 17 18 20 21 22
11 0 2 3 4 5 7 10 11 12 13 17
11 0 4 5 6 7 10 12 13 14 15 17
12 1 2 6 7 9 12 13 16 18 20 21 22
12 4 5 7 9 10 13 14 16 18 20 21 22
11 0 1 2 3 5 6 9 10 11 13 16
11 0 3 5 6 7 10 11 13 14 15 16
12 1 3 5 6 9 10 12 14 15 20 21 22
12 3 4 6 7 8 13 15 18 19 20 21 22
11 0 2 5 6 8 10 11 12 14 15 18
11 0 3 4 6 7 8 10 12 13 16 18
12 2 4 9 10 11 13 14 18 19 20 21 22
12 3 5 6 8 10 11 14 15 19 20 21 22
11 0 2 3 4 5 6 7 10 13 15 19
11 0 2 5 8 9 10 11 12 13 15 19
12 3 4 7 8 10 12 13 15 19 20 21 22
12 1 4 5 8 9 15 16 18 19 20 21 22
11 0 2 4 5 9 10 11 12 14 17 19
11 0 2 5 7 8 9 10 14 15 17 19
12 1 2 8 9 12 13 16 18 19 20 21 22
12 5 8 9 11 12 15 16 17 19 20 21 22
12 1 2 3 6 7 9 10 13 19 20 21 22
12 3 7 9 10 13 14 16 18 19 20 21 22
11 0 1 3 4 8 9 10 11 13 15 18
11 0 3 5 7 8 9 10 14 15 17 18
12 1 3 4 7 8 10 14 18 19 20 21 22
12 1 4 8 9 11 15 16 18 19 20 21 22
11 0 1 2 5 6 7 9 11 14 15 17
11 0 2 3 6 8 10 11 12 15 16 17
12 1 2 6 8 9 13 16 18 19 20 21 22
12 2 3 6 7 9 14 16 18 19 20 21 22
11 0 1 3 5 6 7 9 10 15 16 18
11 0 1 3 4 5 7 9 10 15 17 18
12 1 3 8 10 11 14 15 18 19 20 21 22
12 1 3 5 6 9 10 16 17 19 20 21 22
12 1 2 8 9 12 13 15 17 19 20 21 22
12 2 3 5 6 9 10 15 17 19 20 21 22
11 0 1 2 3 4 5 9 11 14 17 19
12 1 3 8 9 12 13 15 16 19 20 21 22
12 3 6 9 10 11 13 15 16 18 20 21 22
11 0 1 2 4 5 6 8 9 14 15 17
11 0 2 3 8 9 11 12 13 15 16 17
11 0 1 3 4 8 9 10 11 12 14 18
11 0 4 6 7 8 9 10 14 15 17 18
12 2 5 9 10 11 13 15 16 18 20 21 22
12 2 3 7 8 10 15 17 18 19 20 21 22
11 0 1 3 5 7 8 9 11 14 17 18
11 0 1 4 7 9 10 11 13 15 17 18
12 1 6 8 9 13 14 17 18 19 20 21 22
12 2 6 7 9 13 15 17 18 19 20 21 22
11 0 1 5 6 7 8 10 13 14 16 19
11 0 3 5 6 9 11 12 13 14 18 19
12 1 3 7 9 10 14 17 18 19 20 21 22
12 2 4 6 9 10 15 17 18 19 20 21 22
11 0 1 4 6 7 8 10 13 14 15 18
11 0 3 4 5 8 10 11 12 14 17 18
12 1 6 7 10 12 14 17 18 19 20 21 22
12 2 4 5 6 9 11 16 17 19 20 21 22
11 0 2 5 6 7 8 9 11 15 16 19
11 0 3 4 8 10 11 12 13 14 17 19
12 1 2 7 9 12 13 14 16 19 20 21 22
12 2 4 7 9 10 14 16 17 18 20 21 22
11 0 2 3 4 8 9 10 11 13 14 17
11 0 3 4 6 7 8 9 13 14 15 17
12 1 5 6 8 11 13 16 17 18 20 21 22
12 3 5 8 10 11 14 15 18 19 20 21 22
11 0 1 3 5 8 9 10 11 12 14 18
11 0 4 6 7 8 9 10 13 15 17 18
12 2 3 6 7 9 12 14 18 19 20 21 22
12 1 4 7 8 9 15 16 17 19 20 21 22
11 0 2 4 5 6 9 10 11 13 16 19
11 0 3 6 8 9 10 13 14 15 17 19
12 1 2 3 9 10 11 14 17 19 20 21 22
12 4 7 8 10 12 14 15 18 19 20 21 22
11 0 1 5 6 8 10 11 13 14 15 17
11 0 2 3 4 6 7 9 11 12 16 17
12 2 3 5 7 9 10 13 18 19 20 21 22
12 2 4 6 8 9 13 14 17 19 20 21 22
11 0 1 2 3 5 6 7 9 12 15 16
11 0 1 4 7 9 10 11 13 14 15 16
12 1 4 5 9 10 12 14 16 19 20 21 22
12 2 3 4 7 9 10 12 14 18 20 21 22
12 1 5 7 9 10 12 15 16 17 20 21 22
12 1 5 6 9 11 12 14 17 18 20 21 22
11 0 1 2 6 7 9 10 11 12 14 16
11 0 2 4 5 6 7 9 10 14 15 16
12 1 2 5 7 8 10 13 14 18 20 21 22
12 4 5 6 9 11 13 16 17 19 20 21 22
11 0 1 3 4 5 6 7 10 13 15 19
11 0 2 5 8 9 10 11 12 14 15 19
12 1 2 5 7 9 12 13 14 19 20 21 22
12 4 5 8 9 11 12 14 16 19 20 21 22
11 0 3 4 5 6 8 10 12 13 14 17
11 0 3 4 5 7 9 11 12 13 14 17
12 2 4 6 7 9 10 13 14 19 20 21 22
12 2 3 5 9 10 11 13 16 18 20 21 22
11 0 3 4 5 6 7 9 12 13 14 17
11 0 3 4 5 8 10 11 12 13 14 17
12 3 5 6 9 10 11 13 15 18 20 21 22
12 3 6 7 9 11 14 15 17 19 20 21 22
11 0 1 3 7 8 9 10 12 13 14 17
11 0 3 4 5 7 8 9 10 14 16 17
12 1 3 4 7 9 11 12 15 19 20 21 22
12 2 3 5 7 9 10 16 18 19 20 21 22
11 0 1 2 4 5 7 9 10 13 17 18
11 0 1 5 8 9 11 13 14 16 17 18
12 1 7 8 10 12 14 15 18 19 20 21 22
12 4 5 8 9 13 15 16 18 19 20 21 22
11 0 2 3 5 6 8 9 10 14 16 18
11 0 2 4 8 9 10 12 13 15 16 18
12 1 2 4 8 9 12 13 18 19 20 21 22
12 4 7 9 10 11 13 15 17 18 20 21 22
11 0 1 4 7 8 9 12 13 14 15 17
11 0 2 3 4 5 8 9 10 13 16 17
12 1 4 9 10 11 13 14 16 18 20 21 22
12 2 4 5 8 9 14 16 17 18 20 21 22
11 0 1 2 3 5 6 8 9 14 16 18
11 0 1 3 4 6 7 8 9 14 16 18
12 1 6 7 10 11 13 16 17 18 20 21 22
12 3 6 8 9 13 14 17 18 19 20 21 22
11 0 1 4 6 7 8 10 12 14 15 17
11 0 2 3 5 7 9 10 11 13 16 17
12 2 3 7 8 10 13 17 18 19 20 21 22
12 4 7 8 10 12 15 16 17 19 20 21 22
11 0 1 2 3 5 6 9 10 12 16 18
11 0 2 6 8 9 12 13 15 16 17 18
12 1 2 3 6 8 10 11 14 19 20 21 22
12 4 7 8 9 13 15 16 17 19 20 21 22
11 0 1 3 5 7 8 9 10 13 16 19
11 0 3 6 9 10 11 12 14 16 18 19
12 1 2 3 5 9 10 11 14 19 20 21 22
12 2 7 8 10 11 14 15 17 19 20 21 22
11 0 1 2 3 4 6 8 10 13 17 18
11 0 1 5 8 10 12 14 15 16 17 18
12 1 3 4 7 8 10 11 16 19 20 21 22
12 3 7 8 9 11 14 15 17 18 20 21 22
11 0 1 2 3 4 6 8 9 13 16 18
11 0 2 5 9 10 12 14 15 16 17 18
12 3 7 8 9 11 12 14 15 18 20 21 22
12 2 4 8 10 11 12 15 16 19 20 21 22
11 0 2 3 4 7 9 10 11 12 14 17
11 0 3 5 6 7 8 10 13 14 15 17
12 2 3 6 7 8 10 14 16 19 20 21 22
12 5 7 9 10 12 13 16 17 19 20 21 22
11 0 1 5 6 7 8 10 12 14 15 18
11 0 3 4 6 8 10 11 12 13 17 18
12 1 2 5 6 8 9 11 13 19 20 21 22
12 2 5 7 9 11 14 17 18 19 20 21 22
11 0 1 5 7 8 9 12 13 14 15 18
11 0 3 4 5 6 9 10 11 13 17 18
12 1 7 8 9 12 13 15 17 19 20 21 22
11 0 2 3 4 5 8 9 10 13 16 19
11 0 3 6 9 10 11 14 15 16 17 19
12 1 3 5 6 9 10 11 17 19 20 21 22
12 2 6 9 10 11 13 14 16 19 20 21 22
11 0 1 2 4 7 8 9 10 12 14 18
11 0 4 6 8 9 10 11 14 16 17 18
12 2 4 5 7 8 9 12 16 19 20 21 22
12 2 4 6 8 9 13 16 17 19 20 21 22
11 0 1 2 6 7 8 10 11 13 14 16
11 0 2 3 5 6 8 9 10 14 15 16
12 1 2 5 9 10 12 14 16 19 20 21 22
12 4 6 9 10 11 14 15 18 19 20 21 22
11 0 2 3 6 8 9 10 12 13 15 17
11 0 2 4 5 7 8 9 11 14 15 17
12 2 3 6 7 8 11 13 18 19 20 21 22
12 3 4 5 7 8 11 15 17 19 20 21 22
11 0 1 3 4 6 7 8 9 13 16 18
11 0 2 5 9 10 11 12 14 15 17 18
12 1 3 7 10 11 13 14 15 19 20 21 22
12 1 4 7 8 9 13 15 17 19 20 21 22
11 0 1 5 6 7 8 9 10 13 16 19
11 0 3 6 9 10 11 12 13 14 18 19
12 1 3 5 9 10 11 14 17 19 20 21 22
12 4 6 8 10 11 12 15 16 19 20 21 22
11 0 1 3 6 8 9 10 11 13 14 17
11 0 3 4 6 7 8 9 11 14 16 17
12 2 3 6 7 8 10 12 14 19 20 21 22
12 4 6 7 10 11 12 15 17 18 20 21 22
11 0 2 4 8 9 10 11 12 14 15 18
11 0 3 4 6 7 8 9 10 14 16 18
12 2 3 5 10 11 12 14 15 17 20 21 22
12 1 5 6 7 10 12 15 17 18 20 21 22
11 0 1 2 3 4 6 7 10 11 15 17
11 0 2 6 7 10 11 13 14 15 16 17
12 1 2 4 7 9 12 13 14 18 20 21 22
12 3 5 8 9 11 12 14 16 19 20 21 22
11 0 1 3 4 5 7 8 9 13 14 16
11 0 2 3 7 8 9 11 12 13 15 16
12 2 4 6 7 9 10 13 15 19 20 21 22
12 3 6 7 9 12 14 17 18 19 20 21 22
11 0 1 2 3 6 7 8 10 12 16 19
11 0 2 4 5 6 9 10 11 12 16 19
12 2 4 7 9 10 13 17 18 19 20 21 22
12 4 7 8 10 11 12 14 16 19 20 21 22
11 0 1 6 7 9 10 11 13 14 16 18
11 0 2 4 5 7 8 9 11 12 17 18
12 2 4 6 7 8 10 11 14 19 20 21 22
12 3 5 6 8 9 11 13 16 17 20 21 22
11 0 1 3 7 8 9 10 12 13 14 16
11 0 2 3 4 6 7 8 9 13 15 16
12 2 3 6 8 10 11 13 14 16 20 21 22
12 4 6 7 10 11 14 16 18 19 20 21 22
11 0 2 4 5 6 9 10 11 12 15 18
11 0 3 6 7 8 9 12 13 14 16 18
12 1 3 6 7 10 11 13 18 19 20 21 22
12 5 6 7 9 11 12 13 17 18 20 21 22
11 0 2 4 5 7 8 10 11 13 14 18
11 0 4 5 7 8 10 11 13 14 16 18
12 5 6 7 9 10 14 15 16 18 20 21 22
12 4 5 6 8 11 12 16 17 19 20 21 22
11 0 2 4 5 7 9 10 11 13 14 17
11 0 3 4 6 7 8 10 12 13 15 17
12 1 2 6 7 10 12 13 14 19 20 21 22
12 3 5 7 8 10 13 14 18 19 20 21 22
11 0 1 3 4 5 7 9 10 12 13 17
11 0 4 5 7 8 10 12 13 14 16 17
12 3 4 7 9 10 12 14 18 19 20 21 22
12 3 5 7 8 10 11 13 15 19 20 21 22
11 0 1 4 5 8 9 10 11 12 14 17
11 0 3 5 6 7 8 9 12 13 16 17
12 2 4 6 9 10 11 13 17 19 20 21 22
11 0 1 3 4 5 6 9 10 11 14 17
11 0 3 6 7 8 11 12 13 14 16 17
11 0 1 5 6 8 9 10 11 12 15 18
11 0 3 6 7 8 9 10 12 13 17 18
12 1 5 7 8 9 12 14 16 19 20 21 22
12 4 5 6 8 9 11 13 16 19 20 21 22
11 0 1 2 4 5 6 8 9 12 14 18
11 0 4 6 9 10 12 13 14 16 17 18
12 2 5 7 9 10 12 13 14 19 20 21 22
12 4 7 8 9 13 14 16 18 19 20 21 22
11 0 1 3 4 6 8 9 10 12 16 19
11 0 2 3 4 6 8 9 11 12 16 19
12 1 3 4 8 9 10 13 18 19 20 21 22
12 5 7 8 10 11 14 15 17 19 20 21 22
11 0 2 3 6 7 8 10 11 12 16 18
11 0 2 6 7 8 10 11 12 15 16 18
12 1 3 4 7 8 10 11 13 19 20 21 22
12 3 5 8 9 11 12 15 17 19 20 21 22
11 0 1 2 3 5 6 9 10 11 13 18
11 0 2 3 4 7 8 10 11 12 13 18
12 1 3 6 7 9 10 13 15 19 20 21 22
12 3 4 7 9 10 11 13 16 18 20 21 22
11 0 1 2 3 4 5 7 10 11 15 18
11 0 3 7 8 11 13 14 15 16 17 18
12 1 4 5 9 10 11 13 15 18 20 21 22
12 2 6 8 9 11 13 16 17 19 20 21 22
11 0 1 2 4 6 7 8 9 13 14 17
11 0 3 4 8 9 10 11 13 15 16 17
12 1 4 7 8 10 12 16 17 19 20 21 22
12 1 2 6 8 10 11 14 17 19 20 21 22
12 1 2 5 7 9 10 12 16 19 20 21 22
12 3 7 8 10 11 12 14 16 19 20 21 22
11 0 1 2 3 5 7 8 9 12 15 18
11 0 3 6 9 10 11 13 15 16 17 18
12 2 4 6 7 8 10 11 15 19 20 21 22
12 2 4 6 7 8 10 13 17 19 20 21 22
11 0 1 6 7 8 10 11 13 14 15 18
11 0 3 4 5 7 8 10 11 12 17 18
12 1 5 8 10 11 12 14 16 19 20 21 22
12 3 5 8 9 10 12 14 17 18 20 21 22
11 0 1 4 5 6 7 8 11 13 14 16
11 0 2 3 5 8 9 10 11 12 15 16
11 0 1 2 3 4 7 8 10 11 13 18
11 0 2 3 5 6 9 10 11 12 13 18
12 2 4 8 9 10 12 13 16 18 20 21 22
12 3 5 7 8 9 13 14 17 19 20 21 22
11 0 3 5 8 9 10 11 12 13 16 19
11 0 3 6 7 8 9 10 11 14 16 19
12 1 4 5 9 10 11 13 15 19 20 21 22
12 3 4 6 7 8 11 15 17 19 20 21 22
11 0 1 3 6 7 8 9 11 13 14 17
11 0 3 4 6 8 9 10 11 14 16 17
12 1 3 7 10 11 12 14 15 19 20 21 22
12 1 6 7 9 10 13 15 17 19 20 21 22
11 0 1 4 6 7 8 9 12 13 14 17
11 0 3 4 5 8 9 10 11 13 16 17
11 0 1 3 6 7 8 9 10 13 14 18
11 0 4 5 8 9 10 11 12 15 17 18
12 1 3 5 8 9 11 12 17 19 20 21 22
12 3 5 6 8 9 11 13 17 18 20 21 22
11 0 1 2 3 6 7 8 10 11 13 17
11 0 4 6 7 9 10 11 14 15 16 17
12 1 2 6 8 10 11 13 14 16 20 21 22
12 2 7 8 10 12 14 15 18 19 20 21 22
11 0 1 3 5 6 7 9 10 14 15 17
11 0 2 3 7 8 10 11 12 14 16 17
12 2 3 5 7 9 10 15 18 19 20 21 22
12 3 7 9 10 11 14 16 17 19 20 21 22
11 0 2 5 7 8 9 10 11 15 16 19
11 0 3 4 8 9 10 11 12 14 17 19
12 1 2 4 7 8 9 11 15 19 20 21 22
12 5 7 9 10 11 14 15 17 19 20 21 22
11 0 1 4 6 7 8 9 11 14 15 18
11 0 3 4 7 9 10 11 12 14 17 18
12 1 3 4 7 8 9 11 13 19 20 21 22
12 3 5 8 9 11 14 16 18 19 20 21 22
11 0 1 2 5 6 7 9 10 13 14 16
11 0 2 3 6 7 9 10 11 14 15 16
12 1 3 6 8 9 12 14 18 19 20 21 22
12 4 6 8 10 11 14 16 17 19 20 21 22
12 1 2 4 7 8 10 12 14 19 20 21 22
12 2 5 7 9 10 14 15 18 19 20 21 22
11 0 1 3 4 6 7 8 9 13 15 17
11 0 2 4 8 9 10 11 13 14 16 17
12 2 3 7 8 10 12 15 18 19 20 21 22
12 3 7 9 10 11 13 14 17 19 20 21 22
11 0 1 5 6 7 9 10 12 14 15 17
11 0 2 3 5 7 8 10 11 12 16 17
12 1 4 5 7 8 9 11 15 19 20 21 22
12 1 6 7 10 11 12 14 17 18 20 21 22
11 0 1 2 3 5 6 8 10 11 15 17
11 0 2 6 7 9 11 12 14 15 16 17
12 2 3 8 10 11 12 14 15 18 20 21 22
12 3 4 5 7 9 10 14 17 18 20 21 22
11 0 1 2 3 5 7 8 10 11 14 16
11 0 2 5 6 8 9 11 13 14 15 16
11 0 2 3 5 8 9 10 11 12 14 18
11 0 4 6 7 8 9 10 13 15 16 18
12 3 4 5 7 8 11 15 16 18 20 21 22
12 2 4 5 7 9 10 11 17 18 20 21 22
11 0 1 3 4 7 8 9 10 12 14 18
11 0 4 6 8 9 10 11 14 15 17 18
11 0 1 4 6 7 8 9 10 13 15 19
11 0 2 5 6 7 8 9 11 14 15 19
12 1 2 8 9 10 12 14 15 17 20 21 22
12 4 5 8 9 11 12 15 17 19 20 21 22
11 0 2 3 4 5 8 9 10 12 14 17
11 0 3 5 7 8 9 12 13 14 15 17
12 1 3 6 7 9 10 13 14 19 20 21 22
12 2 4 8 9 10 12 16 17 19 20 21 22
11 0 2 5 6 7 8 9 11 14 15 18
11 0 3 4 7 9 10 11 12 13 16 18
12 1 2 6 8 9 10 14 16 19 20 21 22
12 5 6 8 10 11 12 15 17 18 20 21 22
11 0 2 3 4 7 8 9 11 12 15 17
11 0 2 5 6 8 9 10 13 14 15 17
12 1 3 4 10 11 12 14 15 17 20 21 22
12 1 4 8 9 10 13 14 17 19 20 21 22
11 0 1 2 3 4 6 8 9 12 16 18
11 0 2 6 9 10 12 14 15 16 17 18
12 1 4 5 8 9 10 14 17 19 20 21 22
12 3 5 8 9 10 12 15 17 18 20 21 22
11 0 1 2 4 5 8 9 10 11 13 17
11 0 4 6 7 8 9 12 13 15 16 17
12 2 4 8 9 10 12 13 15 18 20 21 22
12 4 5 6 8 11 14 16 17 18 20 21 22
11 0 1 2 3 5 7 8 10 11 15 19
11 0 1 3 4 6 8 9 10 11 15 19
12 1 4 7 9 10 11 16 17 18 20 21 22
12 4 6 8 9 11 14 15 18 19 20 21 22
11 0 1 3 4 5 7 9 10 11 15 18
11 0 3 7 8 9 11 13 14 15 17 18
12 2 3 6 8 9 11 13 18 19 20 21 22
12 3 7 8 9 11 14 16 17 19 20 21 22
11 0 2 3 4 5 8 9 10 12 16 19
11 0 2 3 4 7 8 9 10 12 16 19
12 1 2 4 7 9 10 11 15 19 20 21 22
12 1 2 7 9 11 12 13 17 18 20 21 22
11 0 1 2 4 5 7 8 10 11 16 18
11 0 1 3 4 6 7 9 10 11 16 18
12 1 2 6 7 8 10 12 17 18 20 21 22
12 3 7 8 9 11 12 14 16 19 20 21 22
11 0 1 5 7 8 9 11 12 14 15 17
11 0 2 3 5 6 8 9 10 12 16 17
12 2 4 6 7 9 10 11 15 19 20 21 22
12 2 4 7 8 10 11 15 17 19 20 21 22
11 0 1 2 3 4 6 7 10 11 16 18
11 0 1 4 5 7 8 9 10 11 16 18
12 1 3 7 8 10 11 14 16 19 20 21 22
12 4 6 8 9 11 12 15 17 19 20 21 22
11 0 3 4 5 6 9 10 11 12 15 19
12 1 3 6 7 9 10 12 14 19 20 21 22
12 1 5 7 8 10 12 13 17 18 20 21 22
11 0 1 3 5 6 7 8 9 13 14 17
11 0 3 4 8 9 10 11 12 14 16 17
12 1 2 6 7 9 11 12 14 18 20 21 22
12 3 5 7 9 10 12 15 18 19 20 21 22
11 0 1 2 5 6 7 9 10 11 14 17
11 0 3 6 7 8 10 11 12 15 16 17
12 2 5 7 8 10 12 14 18 19 20 21 22
12 4 6 7 9 10 13 15 17 19 20 21 22
12 1 3 5 8 9 11 12 14 19 20 21 22
12 4 5 7 9 10 11 13 17 18 20 21 22
11 0 2 3 5 7 8 9 10 13 14 17
11 0 3 4 7 8 9 10 12 14 15 17
12 1 3 4 9 10 11 13 14 18 20 21 22
12 2 5 7 8 9 12 13 17 19 20 21 22
11 0 1 2 3 5 7 8 9 11 14 18
11 0 4 7 9 10 11 13 15 16 17 18
12 3 6 7 8 10 11 14 16 19 20 21 22
12 1 5 6 9 10 11 13 16 19 20 21 22
12 2 4 7 8 10 11 12 15 19 20 21 22
12 2 5 7 8 9 11 15 16 19 20 21 22
11 0 1 5 7 8 9 10 12 13 15 17
11 0 2 4 5 7 8 9 10 12 16 17
11 0 2 3 4 5 7 9 10 11 15 18
11 0 3 7 8 9 11 13 14 15 16 18
12 2 3 7 9 10 11 13 16 19 20 21 22
12 3 6 7 9 10 12 15 17 19 20 21 22
11 0 1 2 3 6 7 8 9 11 15 19
11 0 2 3 4 5 8 9 10 11 15 19
12 1 3 6 8 9 11 12 15 19 20 21 22
12 1 4 6 8 9 11 12 17 18 20 21 22
12 1 2 7 8 10 11 13 15 18 20 21 22
12 2 4 5 8 9 10 13 16 18 20 21 22
11 0 2 3 4 7 9 10 11 12 13 17
11 0 4 5 6 7 8 10 13 14 15 17
12 1 3 6 9 10 11 14 15 17 20 21 22
12 3 6 8 9 11 14 15 18 19 20 21 22
11 0 1 2 4 6 8 9 10 11 14 18
11 0 4 7 8 9 10 12 14 16 17 18
12 2 3 6 8 9 11 14 18 19 20 21 22
12 2 5 8 9 10 12 14 16 19 20 21 22
11 0 2 5 6 7 8 9 10 14 15 18
11 0 3 4 8 9 10 11 12 13 16 18
12 2 4 6 8 9 10 13 16 19 20 21 22
12 4 5 7 9 10 13 16 17 18 20 21 22
11 0 1 3 5 7 8 9 10 13 14 16
11 0 2 3 6 7 8 9 11 13 15 16
12 2 5 6 8 10 11 16 17 18 20 21 22
0 1
0 2
3 1
3 2
4 5
4 6
7 5
7 6
8 9
8 10
11 9
11 10
12 13
12 14
15 13
15 14
16 17
16 18
16 19
16 20
21 17
21 18
21 19
21 20
22 23
22 24
25 23
25 24
26 23
26 24
27 23
27 24
28 29
28 30
28 31
28 32
33 29
33 30
33 31
33 32
34 35
34 36
37 35
37 36
38 39
38 40
38 41
38 42
43 39
43 40
43 41
43 42
44 45
44 46
47 45
47 46
48 49
48 50
51 52
51 53
54 52
54 53
55 56
55 57
58 56
58 57
59 60
59 61
62 60
62 61
63 64
63 65
66 64
66 65
67 68
67 69
70 68
70 69
71 72
71 73
74 72
74 73
75 76
75 77
78 76
78 77
79 80
79 81
82 80
82 81
83 84
83 85
86 84
86 85
87 88
87 89
90 88
90 89
91 92
91 93
94 92
94 93
95 96
95 97
98 96
98 97
99 96
99 97
100 96
100 97
101 102
101 103
104 102
104 103
105 102
105 103
106 102
106 103
107 108
107 109
110 108
110 109
111 112
111 113
114 112
114 113
115 116
115 117
118 116
118 117
119 120
119 121
119 122
119 123
124 120
124 121
124 122
124 123
125 126
125 127
128 126
128 127
129 130
129 131
132 130
132 131
133 134
133 135
136 134
136 135
137 138
137 139
140 138
140 139
141 142
141 143
144 142
144 143
145 142
145 143
146 142
146 143
147 148
147 149
150 148
150 149
151 152
151 153
154 152
154 153
155 156
155 157
158 156
158 157
159 156
159 157
160 156
160 157
161 162
161 163
164 162
164 163
165 166
165 167
168 166
168 167
169 170
169 171
169 172
169 173
174 170
174 171
174 172
174 173
175 176
175 177
178 176
178 177
179 180
179 181
182 180
182 181
183 184
183 185
186 184
186 185
187 188
187 189
190 188
190 189
191 192
191 193
194 192
194 193
195 196
195 197
198 196
198 197
199 196
199 197
200 196
200 197
201 202
203 202
204 205
204 206
207 205
207 206
208 209
208 210
211 209
211 210
212 213
212 214
215 213
215 214
216 217
216 218
219 217
219 218
220 221
220 222
223 221
223 222
224 225
224 226
227 225
227 226
228 229
228 230
231 229
231 230
232 233
232 234
235 233
235 234
236 237
236 238
239 237
239 238
240 241
240 242
243 241
243 242
244 245
244 246
247 245
247 246
248 249
248 250
251 249
251 250
252 253
252 254
255 253
255 254
256 257
256 258
259 257
259 258
260 261
260 262
263 261
263 262
264 265
264 266
267 265
267 266
268 269
268 270
271 269
271 270
272 273
274 273
275 276
275 277
278 276
278 277
279 280
279 281
282 280
282 281
283 284
283 285
286 284
286 285
287 288
287 289
290 288
290 289
291 292
291 293
294 292
294 293
295 296
295 297
298 296
298 297
299 300
299 301
302 300
302 301
303 304
303 305
306 304
306 305
307 308
307 309
310 308
310 309
311 312
311 313
314 312
314 313
315 316
315 317
318 316
318 317
319 320
319 321
322 320
322 321
323 324
323 325
326 324
326 325
327 328
327 329
330 328
330 329
331 332
331 333
334 332
334 333
335 336
335 337
338 336
338 337
339 340
339 341
339 342
339 343
344 340
344 341
344 342
344 343
345 346
345 347
348 346
348 347
349 350
349 351
352 350
352 351
353 354
353 355
356 354
356 355
357 358
357 359
360 358
360 359
361 362
361 363
364 362
364 363
365 366
365 367
368 366
368 367
369 370
369 371
372 370
372 371
373 374
373 375
376 374
376 375
377 378
377 379
380 378
380 379
381 378
381 379
382 378
382 379
383 384
383 385
386 387
386 388
386 389
386 390
391 387
391 388
391 389
391 390
392 393
392 394
395 393
395 394
396 397
396 398
399 397
399 398
400 401
400 402
400 403
400 404
405 401
405 402
405 403
405 404
406 407
406 408
409 407
409 408
410 411
410 412
413 411
413 412
414 415
414 416
417 415
417 416
418 419
418 420
421 419
421 420
422 423
422 424
425 423
425 424
426 427
426 428
429 430
429 431
432 430
432 431
433 434
433 435
436 434
436 435
437 438
437 439
440 438
440 439
441 442
441 443
444 442
444 443
445 446
445 447
448 446
448 447
449 446
449 447
450 446
450 447
451 452
451 453
454 452
454 453
455 456
455 457
458 456
458 457
459 460
459 461
462 460
462 461
463 464
463 465
466 464
466 465
467 468
467 469
470 468
470 469
471 472
471 473
471 474
471 475
476 472
476 473
476 474
476 475
477 478
477 479
480 478
480 479
481 482
481 483
484 482
484 483
485 486
487 486
488 489
488 490
491 489
491 490
492 489
492 490
493 489
493 490
494 495
494 496
497 495
497 496
498 499
498 500
501 499
501 500
502 503
502 504
505 503
505 504
506 507
506 508
509 507
509 508
510 511
510 512
513 511
513 512
514 515
514 516
517 515
517 516
518 519
518 520
521 519
521 520
522 523
522 524
525 523
525 524
526 523
526 524
527 523
527 524
528 529
528 530
528 531
528 532
533 529
533 530
533 531
533 532
534 535
534 536
537 535
537 536
538 539
538 540
541 539
541 540
542 543
542 544
545 543
545 544
546 547
546 548
549 547
549 548
550 551
552 551
553 554
553 555
553 556
553 557
558 554
558 555
558 556
558 557
559 560
559 561
562 560
562 561
563 564
563 565
566 564
566 565
567 568
567 569
570 568
570 569
571 572
571 573
574 572
574 573
575 576
575 577
578 576
578 577
579 580
579 581
582 583
582 584
585 583
585 584
586 583
586 584
587 583
587 584
588 589
590 589
591 592
591 593
594 592
594 593
595 596
595 597
598 596
598 597
599 600
599 601
602 600
602 601
603 604
603 605
606 604
606 605
607 608
607 609
610 608
610 609
611 612
611 613
614 612
614 613
615 612
615 613
616 612
616 613
617 618
617 619
620 618
620 619
621 622
621 623
624 622
624 623
625 626
625 627
628 626
628 627
629 630
629 631
632 630
632 631
633 634
633 635
636 634
636 635
637 638
637 639
640 638
640 639
641 642
641 643
644 642
644 643
645 646
645 647
648 646
648 647
649 650
649 651
652 650
652 651
653 654
653 655
656 654
656 655
657 658
657 659
660 658
660 659
661 662
661 663
661 664
661 665
666 662
666 663
666 664
666 665
667 668
667 669
670 668
670 669
671 672
671 673
674 672
674 673
675 676
675 677
678 676
678 677
679 680
679 681
682 680
682 681
683 684
683 685
686 684
686 685
687 688
687 689
690 688
690 689
691 692
691 693
694 692
694 693
695 696
695 697
698 696
698 697
699 700
699 701
702 700
702 701
703 704
703 705
706 704
706 705
707 708
707 709
710 708
710 709
711 708
711 709
712 708
712 709
713 714
713 715
716 714
716 715
717 718
717 719
720 718
720 719
721 722
721 723
724 722
724 723
725 726
725 727
728 726
728 727
729 726
729 727
730 726
730 727
731 732
731 733
734 732
734 733
735 736
735 737
738 736
738 737
739 740
739 741
742 740
742 741
743 744
743 745
746 744
746 745
747 748
747 749
750 748
750 749
751 752
751 753
754 752
754 753
755 756
755 757
755 758
755 759
760 756
760 757
760 758
760 759
761 762
761 763
764 762
764 763
765 766
765 767
768 766
768 767
769 770
769 771
772 770
772 771
773 774
773 775
776 774
776 775
777 778
777 779
780 778
780 779
781 782
781 783
784 782
784 783
785 786
785 787
788 786
788 787
789 790
789 791
792 790
792 791
793 794
793 795
796 794
796 795
797 798
797 799
800 798
800 799
801 802
801 803
804 802
804 803
805 802
805 803
806 802
806 803
807 808
807 809
810 808
810 809
811 812
811 813
814 812
814 813
815 816
815 817
818 816
818 817
819 820
819 821
822 820
822 821
823 824
823 825
826 824
826 825
827 828
827 829
830 828
830 829
831 832
831 833
834 832
834 833
835 836
835 837
838 836
838 837
839 840
839 841
842 843
842 844
842 845
842 846
847 843
847 844
847 845
847 846
848 849
848 850
851 849
851 850
852 853
852 854
855 853
855 854
856 857
856 858
859 857
859 858
860 861
860 862
863 861
863 862
864 865
864 866
867 865
867 866
868 869
868 870
871 869
871 870
872 873
872 874
875 873
875 874
876 877
876 878
879 877
879 878
880 881
880 882
883 881
883 882
884 885
884 886
887 885
887 886
888 889
888 890
891 889
891 890
892 893
892 894
895 893
895 894
896 897
896 898
899 897
899 898
900 901
900 902
903 901
903 902
904 905
904 906
907 905
907 906
908 909
908 910
911 909
911 910
912 913
912 914
915 913
915 914
916 917
916 918
919 917
919 918
920 921
920 922
923 921
923 922
924 925
924 926
927 925
927 926
928 929
928 930
931 929
931 930
932 933
932 934
935 933
935 934
936 937
936 938
939 937
939 938
940 941
940 942
943 941
943 942
944 945
944 946
944 947
944 948
949 945
949 946
949 947
949 948
950 951
950 952
953 951
953 952
954 955
954 956
957 955
957 956
958 959
958 960
961 959
961 960
962 963
962 964
965 963
965 964
966 967
966 968
969 967
969 968
970 971
970 972
973 971
973 972
974 975
974 976
977 975
977 976
978 979
978 980
981 979
981 980
982 983
982 984
985 983
985 984
986 987
986 988
989 987
989 988
990 991
990 992
993 991
993 992
994 995
994 996
997 995
997 996
998 999
998 1000
1001 999
1001 1000
1002 1003
1002 1004
1005 1003
1005 1004
1006 1007
1006 1008
1009 1007
1009 1008
1010 1007
1010 1008
1011 1007
1011 1008
1012 1013
1012 1014
1015 1013
1015 1014
1016 1017
1016 1018
1019 1017
1019 1018
1020 1017
1020 1018
1021 1017
1021 1018
1022 1023
1022 1024
1025 1023
1025 1024
1026 1027
1026 1028
1029 1027
1029 1028
1030 1031
1030 1032
1033 1034
1033 1035
1033 1036
1033 1037
1038 1034
1038 1035
1038 1036
1038 1037
1039 1040
1039 1041
1042 1040
1042 1041
1043 1044
1043 1045
1046 1044
1046 1045
1047 1048
1047 1049
1050 1048
1050 1049
1051 1052
1051 1053
1054 1052
1054 1053
1055 1056
1055 1057
1058 1056
1058 1057
1059 1060
1059 1061
1062 1060
1062 1061
1063 1064
1063 1065
1066 1064
1066 1065
1067 1068
1067 1069
1070 1068
1070 1069
1071 1072
1071 1073
1074 1072
1074 1073
1075 1076
1075 1077
1078 1076
1078 1077
1079 1080
1079 1081
1082 1080
1082 1081
1083 1084
1083 1085
1086 1084
1086 1085
1087 1088
1087 1089
1090 1088
1090 1089
1091 1092
1091 1093
1094 1092
1094 1093
1095 1096
1095 1097
1098 1096
1098 1097
1099 1100
1099 1101
1102 1100
1102 1101
1103 1104
1103 1105
1106 1104
1106 1105
1107 1108
1107 1109
1110 1108
1110 1109
1111 1112
1111 1113
1114 1112
1114 1113
1115 1116
1115 1117
1118 1116
1118 1117
1119 1120
1119 1121
1122 1120
1122 1121
1123 1124
1123 1125
1126 1124
1126 1125
1127 1128
1127 1129
1130 1128
1130 1129
1131 1132
1131 1133
1134 1132
1134 1133
1135 1136
1135 1137
1138 1136
1138 1137
1139 1140
1139 1141
1142 1140
1142 1141
1143 1144
1143 1145
1146 1144
1146 1145
1147 1148
1147 1149
1150 1148
1150 1149
1151 1152
1151 1153
1154 1152
1154 1153
1155 1156
1155 1157
1158 1156
1158 1157
1159 1160
1159 1161
1162 1160
1162 1161
1163 1164
1163 1165
1166 1164
1166 1165
1167 1168
1167 1169
1170 1168
1170 1169
1171 1172
1171 1173
1174 1172
1174 1173
1175 1176
1175 1177
1178 1176
1178 1177
1179 1180
1179 1181
1182 1180
1182 1181
1183 1184
1183 1185
1186 1184
1186 1185
1187 1188
1187 1189
1190 1188
1190 1189
1191 1188
1191 1189
1192 1188
1192 1189
1193 1194
1195 1194
1196 1197
1196 1198
1199 1197
1199 1198
1200 1201
1200 1202
1203 1201
1203 1202
1204 1205
1204 1206
1204 1207
1204 1208
1209 1205
1209 1206
1209 1207
1209 1208
1210 1211
1210 1212
1213 1211
1213 1212
1214 1215
1214 1216
1214 1217
1214 1218
1219 1215
1219 1216
1219 1217
1219 1218
1220 1221
1220 1222
1223 1221
1223 1222
1224 1225
1224 1226
1227 1225
1227 1226
1228 1229
1228 1230
1231 1229
1231 1230
1232 1233
1232 1234
1235 1233
1235 1234
1236 1237
1236 1238
1239 1237
1239 1238
1240 1241
1240 1242
1243 1241
1243 1242
1244 1245
1244 1246
1247 1245
1247 1246
1248 1249
1248 1250
1251 1249
1251 1250
1252 1253
1252 1254
1255 1253
1255 1254
1256 1257
1256 1258
1259 1257
1259 1258
1260 1261
1260 1262
1263 1261
1263 1262
1264 1265
1264 1266
1267 1265
1267 1266
1268 1269
1268 1270
1271 1269
1271 1270
1272 1273
1272 1274
1275 1273
1275 1274
1276 1277
1276 1278
1279 1277
1279 1278
1280 1277
1280 1278
1281 1277
1281 1278
1282 1283
1282 1284
1285 1283
1285 1284
1286 1287
1286 1288
1289 1287
1289 1288
1290 1291
1290 1292
1293 1291
1293 1292
1294 1295
1294 1296
1297 1295
1297 1296
1298 1299
1298 1300
1301 1299
1301 1300
1302 1303
1302 1304
1305 1303
1305 1304
1306 1307
1306 1308
1309 1307
1309 1308
1310 1311
1310 1312
1313 1311
1313 1312
1314 1315
1314 1316
1317 1315
1317 1316
1318 1319
1318 1320
1321 1319
1321 1320
1322 1323
1322 1324
1325 1323
1325 1324
1326 1327
1326 1328
1329 1327
1329 1328
1330 1331
1330 1332
1333 1331
1333 1332
1334 1335
1334 1336
1337 1335
1337 1336
1338 1339
1338 1340
1341 1339
1341 1340
1342 1343
1342 1344
1345 1343
1345 1344
1346 1347
1346 1348
1349 1347
1349 1348
1350 1351
1350 1352
1353 1351
1353 1352
1354 1355
1354 1356
1357 1355
1357 1356
1358 1359
1358 1360
1361 1359
1361 1360
1362 1363
1362 1364
1365 1363
1365 1364
1366 1367
1366 1368
1369 1367
1369 1368
1370 1371
1370 1372
1373 1371
1373 1372
1374 1375
1374 1376
1377 1375
1377 1376
1378 1379
1378 1380
1381 1379
1381 1380
1382 1379
1382 1380
1383 1379
1383 1380
1384 1385
1386 1385
1387 1388
1387 1389
1390 1388
1390 1389
1391 1392
1391 1393
1394 1392
1394 1393
1395 1396
1395 1397
1398 1396
1398 1397
1399 1400
1399 1401
1402 1400
1402 1401
1403 1404
1403 1405
1406 1404
1406 1405
1407 1408
1407 1409
1410 1408
1410 1409
1411 1412
1411 1413
1414 1412
1414 1413
1415 1416
1415 1417
1418 1416
1418 1417
1419 1420
1419 1421
1419 1422
1419 1423
1424 1420
1424 1421
1424 1422
1424 1423
1425 1426
1425 1427
1428 1426
1428 1427
1429 1430
1429 1431
1432 1430
1432 1431
1433 1434
1433 1435
1436 1434
1436 1435
1437 1438
1437 1439
1440 1438
1440 1439
1441 1442
1441 1443
1444 1442
1444 1443
1445 1446
1445 1447
1448 1446
1448 1447
1449 1450
1449 1451
1452 1450
1452 1451
1453 1454
1453 1455
1456 1454
1456 1455
1457 1458
1457 1459
1460 1458
1460 1459
1461 1462
1461 1463
1464 1462
1464 1463
1465 1466
1465 1467
1468 1466
1468 1467
1469 1466
1469 1467
1470 1466
1470 1467
1471 1472
1471 1473
1474 1472
1474 1473
1475 1476
1475 1477
1478 1476
1478 1477
1479 1480
1479 1481
1482 1480
1482 1481
1483 1484
1483 1485
1486 1484
1486 1485
1487 1488
1487 1489
1490 1488
1490 1489
1491 1492
1491 1493
1494 1492
1494 1493
1495 1496
1495 1497
1495 1498
1495 1499
1500 1496
1500 1497
1500 1498
1500 1499
1501 1502
1501 1503
1504 1502
1504 1503
1505 1506
1505 1507
1508 1506
1508 1507
1509 1510
1509 1511
1512 1510
1512 1511
1513 1514
1513 1515
1513 1516
1513 1517
1518 1514
1518 1515
1518 1516
1518 1517
1519 1520
1519 1521
1522 1520
1522 1521
1523 1524
1523 1525
1526 1524
1526 1525
1527 1528
1527 1529
1530 1528
1530 1529
1531 1532
1531 1533
1534 1532
1534 1533
1535 1536
1535 1537
1538 1536
1538 1537
1539 1540
1539 1541
1542 1540
1542 1541
1543 1544
1543 1545
1546 1544
1546 1545
1547 1548
1547 1549
1550 1548
1550 1549
1551 1552
1551 1553
1554 1552
1554 1553
1555 1556
1555 1557
1558 1556
1558 1557
1559 1560
1559 1561
1562 1560
1562 1561
1563 1560
1563 1561
1564 1560
1564 1561
1565 1566
1565 1567
1568 1566
1568 1567
1569 1570
1569 1571
1572 1570
1572 1571
1573 1574
1573 1575
1576 1574
1576 1575
1577 1578
1577 1579
1580 1578
1580 1579
1581 1582
1581 1583
1584 1582
1584 1583
1585 1586
1585 1587
1588 1586
1588 1587
1589 1590
1589 1591
1592 1590
1592 1591
1593 1594
1593 1595
1596 1594
1596 1595
1597 1598
1597 1599
1600 1598
1600 1599
1601 1602
1601 1603
1604 1602
1604 1603
1605 1606
1605 1607
1608 1606
1608 1607
1609 1610
1609 1611
1609 1612
1609 1613
1614 1610
1614 1611
1614 1612
1614 1613
1615 1616
1615 1617
1618 1616
1618 1617
1619 1620
1619 1621
1622 1620
1622 1621
1623 1624
1623 1625
1626 1624
1626 1625
1627 1628
1627 1629
1630 1628
1630 1629
1631 1632
1631 1633
1634 1632
1634 1633
1635 1636
1635 1637
1638 1639
1638 1640
1638 1641
1638 1642
1643 1639
1643 1640
1643 1641
1643 1642
1644 1645
1646 1645
1647 1648
1647 1649
1650 1648
1650 1649
1651 1652
1651 1653
1654 1652
1654 1653
1655 1656
1655 1657
1658 1656
1658 1657
1659 1660
1659 1661
1662 1660
1662 1661
1663 1664
1663 1665
1666 1664
1666 1665
1667 1668
1667 1669
1670 1668
1670 1669
1671 1668
1671 1669
1672 1668
1672 1669
1673 1674
1673 1675
1676 1677
1676 1678
1679 1677
1679 1678
1680 1681
1680 1682
1683 1681
1683 1682
1684 1685
1684 1686
1687 1685
1687 1686
1688 1689
1688 1690
1691 1689
1691 1690
1692 1693
1692 1694
1695 1693
1695 1694
1696 1693
1696 1694
1697 1693
1697 1694
1698 1699
1698 1700
1698 1701
1698 1702
1703 1699
1703 1700
1703 1701
1703 1702
1704 1705
1704 1706
1707 1705
1707 1706
1708 1709
1708 1710
1711 1709
1711 1710
1712 1713
1712 1714
1715 1713
1715 1714
1716 1717
1716 1718
1719 1717
1719 1718
1720 1721
1720 1722
1723 1721
1723 1722
1724 1725
1724 1726
1727 1725
1727 1726
1728 1729
1728 1730
1731 1729
1731 1730
1732 1733
1732 1734
1732 1735
1732 1736
1737 1733
1737 1734
1737 1735
1737 1736
1738 1739
1738 1740
1741 1742
1741 1743
1744 1742
1744 1743
1745 1746
1745 1747
1748 1746
1748 1747
1749 1750
1749 1751
1752 1750
1752 1751
1753 1750
1753 1751
1754 1750
1754 1751
1755 1756
1755 1757
1758 1756
1758 1757
1759 1760
1759 1761
1762 1760
1762 1761
1763 1764
1763 1765
1766 1764
1766 1765
1767 1768
1767 1769
1770 1768
1770 1769
1771 1772
1771 1773
1774 1772
1774 1773
1775 1776
1775 1777
1775 1778
1775 1779
1780 1776
1780 1777
1780 1778
1780 1779
1781 1782
1781 1783
1784 1782
1784 1783
1785 1786
1785 1787
1788 1786
1788 1787
1789 1790
1789 1791
1792 1790
1792 1791
1793 1794
1793 1795
1796 1794
1796 1795
1797 1798
1799 1798
1800 1801
1800 1802
1803 1801
1803 1802
1804 1805
1804 1806
1807 1805
1807 1806
1808 1809
1808 1810
1811 1809
1811 1810
1812 1813
1812 1814
1815 1813
1815 1814
1816 1817
1816 1818
1819 1817
1819 1818
1820 1821
1820 1822
1823 1821
1823 1822
1824 1821
1824 1822
1825 1821
1825 1822
1826 1827
1826 1828
1829 1827
1829 1828
1830 1831
1830 1832
1833 1831
1833 1832
1834 1835
1834 1836
1837 1835
1837 1836
1838 1835
1838 1836
1839 1835
1839 1836
1840 1841
1842 1841
1843 1844
1843 1845
1843 1846
1843 1847
1848 1844
1848 1845
1848 1846
1848 1847
1849 1850
1849 1851
1852 1850
1852 1851
1853 1854
1853 1855
1856 1854
1856 1855
1857 1858
1857 1859
1860 1858
1860 1859
1861 1862
1861 1863
1864 1862
1864 1863
1865 1866
1865 1867
1868 1866
1868 1867
1869 1870
1869 1871
1872 1870
1872 1871
1873 1874
1873 1875
1876 1874
1876 1875
1877 1878
1877 1879
1880 1878
1880 1879
1881 1882
1881 1883
1884 1882
1884 1883
1885 1882
1885 1883
1886 1882
1886 1883
1887 1888
1887 1889
1890 1888
1890 1889
1891 1892
1891 1893
1894 1892
1894 1893
1895 1896
1895 1897
1898 1896
1898 1897
1899 1900
1899 1901
1902 1900
1902 1901
1903 1904
1903 1905
1906 1904
1906 1905
1907 1908
1907 1909
1910 1908
1910 1909
1911 1912
1911 1913
1914 1912
1914 1913
1915 1916
1915 1917
1918 1916
1918 1917
1919 1920
1919 1921
1922 1920
1922 1921
1923 1924
1923 1925
1926 1924
1926 1925
1927 1928
1927 1929
1930 1928
1930 1929
1931 1932
1931 1933
1934 1932
1934 1933
1935 1936
1935 1937
1938 1936
1938 1937
1939 1940
1939 1941
1942 1940
1942 1941
1943 1944
1943 1945
1946 1944
1946 1945
1947 1948
1947 1949
1950 1948
1950 1949
1951 1952
1951 1953
1954 1955
1954 1956
1957 1955
1957 1956
1958 1959
1958 1960
1961 1959
1961 1960
1962 1963
1962 1964
1965 1963
1965 1964
1966 1967
1966 1968
1969 1967
1969 1968
1970 1971
1970 1972
1973 1971
1973 1972
1974 1975
1974 1976
1977 1975
1977 1976
1978 1979
1978 1980
1981 1979
1981 1980
1982 1983
1982 1984
1985 1983
1985 1984
1986 1987
1986 1988
1989 1987
1989 1988
1990 1991
1990 1992
1993 1991
1993 1992
1994 1995
1994 1996
1997 1995
1997 1996
1998 1999
1998 2000
2001 1999
2001 2000
2002 2003
2002 2004
2005 2003
2005 2004
2006 2007
2006 2008
2009 2007
2009 2008
2010 2011
2010 2012
2013 2011
2013 2012
2014 2015
2014 2016
2017 2015
2017 2016
2018 2019
2018 2020
2021 2019
2021 2020
2022 2023
2022 2024
2025 2026
2025 2027
2025 2028
2025 2029
2030 2026
2030 2027
2030 2028
2030 2029
2031 2032
2031 2033
2034 2032
2034 2033
2035 2036
2035 2037
2038 2036
2038 2037
2039 2040
2039 2041
2042 2040
2042 2041
2043 2044
2043 2045
2046 2044
2046 2045
2047 2048
2047 2049
2050 2048
2050 2049
2051 2052
2051 2053
2054 2052
2054 2053
2055 2052
2055 2053
2056 2052
2056 2053
2057 2058
2057 2059
2060 2058
2060 2059
2061 2062
2061 2063
2064 2062
2064 2063
2065 2066
2065 2067
2065 2068
2065 2069
2070 2066
2070 2067
2070 2068
2070 2069
2071 2072
2071 2073
2074 2072
2074 2073
2075 2076
2075 2077
2078 2076
2078 2077
2079 2080
2079 2081
2079 2082
2079 2083
2084 2080
2084 2081
2084 2082
2084 2083
2085 2086
2085 2087
2088 2086
2088 2087
2089 2090
2089 2091
2092 2090
2092 2091
2093 2094
2093 2095
2096 2094
2096 2095
2097 2098
2097 2099
2100 2098
2100 2099
2101 2102
2101 2103
2104 2102
2104 2103
2105 2102
2105 2103
2106 2102
2106 2103
2107 2108
2107 2109
2110 2108
2110 2109
2111 2112
2111 2113
2114 2112
2114 2113
2115 2116
2115 2117
2118 2116
2118 2117
2119 2120
2119 2121
2119 2122
2119 2123
2124 2120
2124 2121
2124 2122
2124 2123
2125 2126
2125 2127
2125 2128
2125 2129
2130 2126
2130 2127
2130 2128
2130 2129
2131 2132
2131 2133
2134 2132
2134 2133
2135 2136
2135 2137
2138 2136
2138 2137
2139 2140
2139 2141
2142 2140
2142 2141
2143 2144
2143 2145
2146 2144
2146 2145
2147 2148
2147 2149
2150 2148
2150 2149
2151 2152
2151 2153
2154 2152
2154 2153
2155 2156
2155 2157
2158 2156
2158 2157
2159 2160
2159 2161
2162 2160
2162 2161
2163 2164
2163 2165
2166 2164
2166 2165
2167 2168
2167 2169
2170 2168
2170 2169
2171 2172
2171 2173
2174 2172
2174 2173
2175 2176
2177 2176
2178 2179
2178 2180
2181 2179
2181 2180
2182 2183
2182 2184
2185 2183
2185 2184
2186 2183
2186 2184
2187 2183
2187 2184
2188 2189
2188 2190
2191 2189
2191 2190
2192 2193
2192 2194
2195 2193
2195 2194
2196 2193
2196 2194
2197 2193
2197 2194
2198 2199
2198 2200
2198 2201
2198 2202
2203 2199
2203 2200
2203 2201
2203 2202
2204 2205
2204 2206
2207 2205
2207 2206
2208 2205
2208 2206
2209 2205
2209 2206
2210 2211
2210 2212
2213 2211
2213 2212
2214 2215
2214 2216
2217 2215
2217 2216
2218 2219
2218 2220
2221 2219
2221 2220
2222 2223
2222 2224
2225 2223
2225 2224
0 0 12 47 2 1
1 0 13 47 2 1
2 0 14 47 2 1
3 0 15 47 2 1
4 0 16 47 2 1
5 0 17 47 2 1
6 0 18 47 2 1
7 0 19 47 2 1
8 0 20 47 2 1
9 0 21 47 2 1
10 0 22 47 2 1
11 1 12 47 2 1
12 1 13 47 2 1
13 1 14 47 2 1
14 1 15 47 2 1
15 1 16 47 2 1
16 1 17 47 2 1
17 1 18 47 2 1
18 1 19 47 2 1
19 1 20 47 2 1
20 1 21 47 2 1
21 1 22 47 2 1
22 2 12 47 2 1
23 2 13 47 2 1
24 2 14 47 2 1
25 2 15 47 2 1
26 2 16 47 2 1
27 2 17 47 2 1
28 2 18 47 2 1
29 2 19 47 2 1
30 2 20 47 2 1
31 2 21 47 2 1
32 2 22 47 2 1
33 3 12 47 2 1
34 3 13 47 2 1
35 3 14 47 2 1
36 3 15 47 2 1
37 3 16 47 2 1
38 3 17 47 2 1
39 3 18 47 2 1
40 3 19 47 2 1
41 3 20 47 2 1
42 3 21 47 2 1
43 3 22 47 2 1
44 4 12 47 2 1
45 4 13 47 2 1
46 4 14 47 2 1
47 4 15 47 2 1
48 4 18 47 2 1
49 4 19 47 2 1
50 4 20 47 2 1
51 4 21 47 2 1
52 4 22 47 2 1
53 5 12 47 2 1
54 5 13 47 2 1
55 5 14 47 2 1
56 5 15 47 2 1
57 5 18 47 2 1
58 5 19 47 2 1
59 5 20 47 2 1
60 5 21 47 2 1
61 5 22 47 2 1
62 6 12 47 2 1
63 6 13 47 2 1
64 6 14 47 2 1
65 6 15 47 2 1
66 6 16 47 2 1
67 6 19 47 2 1
68 6 20 47 2 1
69 6 21 47 2 1
70 6 22 47 2 1
71 7 12 47 2 1
72 7 13 47 2 1
73 7 14 47 2 1
74 7 15 47 2 1
75 7 16 47 2 1
76 7 19 47 2 1
77 7 20 47 2 1
78 7 21 47 2 1
79 7 22 47 2 1
80 8 12 47 2 1
81 8 13 47 2 1
82 8 14 47 2 1
83 8 15 47 2 1
84 8 16 47 2 1
85 8 17 47 2 1
86 8 18 47 2 1
87 8 19 47 2 1
88 8 20 47 2 1
89 8 21 47 2 1
90 8 22 47 2 1
91 9 12 47 2 1
92 9 13 47 2 1
93 9 14 47 2 1
94 9 15 47 2 1
95 9 16 47 2 1
96 9 17 47 2 1
97 9 18 47 2 1
98 9 19 47 2 1
99 9 20 47 2 1
100 9 21 47 2 1
101 9 22 47 2 1
102 10 12 47 2 1
103 10 13 47 2 1
104 10 14 47 2 1
105 10 15 47 2 1
106 10 16 47 2 1
107 10 17 47 2 1
108 10 18 47 2 1
109 10 19 47 2 1
110 10 20 47 2 1
111 10 21 47 2 1
112 10 22 47 2 1
113 11 12 47 2 1
114 11 13 47 2 1
115 11 14 47 2 1
116 11 15 47 2 1
117 11 16 47 2 1
118 11 17 47 2 1
119 11 18 47 2 1
120 11 19 47 2 1
121 11 20 47 2 1
122 11 21 47 2 1
123 11 22 47 2 1
124 12 12 47 2 1
125 12 15 47 2 1
126 12 16 47 2 1
127 12 17 47 2 1
128 12 18 47 2 1
129 12 19 47 2 1
130 12 20 47 2 1
131 12 21 47 2 1
132 12 22 47 2 1
133 13 12 47 2 1
134 13 15 47 2 1
135 13 16 47 2 1
136 13 17 47 2 1
137 13 18 47 2 1
138 13 19 47 2 1
139 13 20 47 2 1
140 13 21 47 2 1
141 13 22 47 2 1
142 14 12 47 2 1
143 14 13 47 2 1
144 14 14 47 2 1
145 14 15 47 2 1
146 14 16 47 2 1
147 14 17 47 2 1
148 14 18 47 2 1
149 14 19 47 2 1
150 14 22 47 2 1
151 15 12 47 2 1
152 15 13 47 2 1
153 15 14 47 2 1
154 15 15 47 2 1
155 15 16 47 2 1
156 15 17 47 2 1
157 15 18 47 2 1
158 15 19 47 2 1
159 15 22 47 2 1
160 16 12 47 2 1
161 16 13 47 2 1
162 16 14 47 2 1
163 16 15 47 2 1
164 16 16 47 2 1
165 16 17 47 2 1
166 16 18 47 2 1
167 16 19 47 2 1
168 16 20 47 2 1
169 16 21 47 2 1
170 16 22 47 2 1
171 17 12 47 2 1
172 17 13 47 2 1
173 17 14 47 2 1
174 17 15 47 2 1
175 17 16 47 2 1
176 17 17 47 2 1
177 17 18 47 2 1
178 17 19 47 2 1
179 17 20 47 2 1
180 17 21 47 2 1
181 17 22 47 2 1
182 18 12 47 2 1
183 18 13 47 2 1
184 18 14 47 2 1
185 18 15 47 2 1
186 18 16 47 2 1
187 18 17 47 2 1
188 18 18 47 2 1
189 18 19 47 2 1
190 18 20 47 2 1
191 18 21 47 2 1
192 18 22 47 2 1
193 19 12 47 2 1
194 19 13 47 2 1
195 19 14 47 2 1
196 19 15 47 2 1
197 19 16 47 2 1
198 19 17 47 2 1
199 19 18 47 2 1
200 19 19 47 2 1
201 19 20 47 2 1
202 19 21 47 2 1
203 19 22 47 2 1
204 20 12 47 2 1
205 20 13 47 2 1
206 20 14 47 2 1
207 20 15 47 2 1
208 20 16 47 2 1
209 20 17 47 2 1
210 20 18 47 2 1
211 20 19 47 2 1
212 20 20 47 2 1
213 20 21 47 2 1
214 20 22 47 2 1
215 21 12 47 2 1
216 21 13 47 2 1
217 21 14 47 2 1
218 21 15 47 2 1
219 21 16 47 2 1
220 21 17 47 2 1
221 21 18 47 2 1
222 21 19 47 2 1
223 21 20 47 2 1
224 21 21 47 2 1
225 21 22 47 2 1
226 22 12 47 2 1
227 22 13 47 2 1
228 22 14 47 2 1
229 22 15 47 2 1
230 22 16 47 2 1
231 22 17 47 2 1
232 22 18 47 2 1
233 22 19 47 2 1
234 22 20 47 2 1
235 22 21 47 2 1
236 22 22 47 2 1
237 23 12 47 2 1
238 23 13 47 2 1
239 23 14 47 2 1
240 23 15 47 2 1
241 23 16 47 2 1
242 23 17 47 2 1
243 23 18 47 2 1
244 23 19 47 2 1
245 23 20 47 2 1
246 23 21 47 2 1
247 23 22 47 2 1
248 24 14 47 2 1
249 24 15 47 2 1
250 24 16 47 2 1
251 24 17 47 2 1
252 24 18 47 2 1
253 24 21 47 2 1
254 24 22 47 2 1
255 25 14 47 2 1
256 25 15 47 2 1
257 25 16 47 2 1
258 25 17 47 2 1
259 25 18 47 2 1
260 25 21 47 2 1
261 25 22 47 2 1
262 26 12 47 2 1
263 26 13 47 2 1
264 26 16 47 2 1
265 26 17 47 2 1
266 26 18 47 2 1
267 26 19 47 2 1
268 26 20 47 2 1
269 27 12 47 2 1
270 27 13 47 2 1
271 27 16 47 2 1
272 27 17 47 2 1
273 27 18 47 2 1
274 27 19 47 2 1
275 27 20 47 2 1
276 28 14 47 2 1
277 28 15 47 2 1
278 28 16 47 2 1
279 28 17 47 2 1
280 28 18 47 2 1
281 28 19 47 2 1
282 28 20 47 2 1
283 28 21 47 2 1
284 28 22 47 2 1
285 29 14 47 2 1
286 29 15 47 2 1
287 29 16 47 2 1
288 29 17 47 2 1
289 29 18 47 2 1
290 29 19 47 2 1
291 29 20 47 2 1
292 29 21 47 2 1
293 29 22 47 2 1
294 30 12 47 2 1
295 30 13 47 2 1
296 30 14 47 2 1
297 30 15 47 2 1
298 30 16 47 2 1
299 30 17 47 2 1
300 30 18 47 2 1
301 30 19 47 2 1
302 30 20 47 2 1
303 31 12 47 2 1
304 31 13 47 2 1
305 31 14 47 2 1
306 31 15 47 2 1
307 31 16 47 2 1
308 31 17 47 2 1
309 31 18 47 2 1
310 31 19 47 2 1
311 31 20 47 2 1
312 32 12 47 2 1
313 32 13 47 2 1
314 32 14 47 2 1
315 32 15 47 2 1
316 32 16 47 2 1
317 32 17 47 2 1
318 32 18 47 2 1
319 32 19 47 2 1
320 32 20 47 2 1
321 32 21 47 2 1
322 32 22 47 2 1
323 33 12 47 2 1
324 33 13 47 2 1
325 33 14 47 2 1
326 33 15 47 2 1
327 33 16 47 2 1
328 33 17 47 2 1
329 33 18 47 2 1
330 33 19 47 2 1
331 33 20 47 2 1
332 33 21 47 2 1
333 33 22 47 2 1
334 34 12 47 2 1
335 34 13 47 2 1
336 34 14 47 2 1
337 34 15 47 2 1
338 34 16 47 2 1
339 34 17 47 2 1
340 34 18 47 2 1
341 34 19 47 2 1
342 34 20 47 2 1
343 34 21 47 2 1
344 34 22 47 2 1
345 35 12 47 2 1
346 35 13 47 2 1
347 35 14 47 2 1
348 35 15 47 2 1
349 35 16 47 2 1
350 35 17 47 2 1
351 35 18 47 2 1
352 35 19 47 2 1
353 35 20 47 2 1
354 35 21 47 2 1
355 35 22 47 2 1
356 36 12 47 2 1
357 36 13 47 2 1
358 36 14 47 2 1
359 36 15 47 2 1
360 36 16 47 2 1
361 36 17 47 2 1
362 36 18 47 2 1
363 36 19 47 2 1
364 36 20 47 2 1
365 36 21 47 2 1
366 36 22 47 2 1
367 37 12 47 2 1
368 37 13 47 2 1
369 37 14 47 2 1
370 37 15 47 2 1
371 37 16 47 2 1
372 37 17 47 2 1
373 37 18 47 2 1
374 37 19 47 2 1
375 37 20 47 2 1
376 37 21 47 2 1
377 37 22 47 2 1
378 38 12 47 2 1
379 38 13 47 2 1
380 38 14 47 2 1
381 38 15 47 2 1
382 38 16 47 2 1
383 38 17 47 2 1
384 38 18 47 2 1
385 38 19 47 2 1
386 38 20 47 2 1
387 38 21 47 2 1
388 38 22 47 2 1
389 39 12 47 2 1
390 39 13 47 2 1
391 39 14 47 2 1
392 39 15 47 2 1
393 39 16 47 2 1
394 39 17 47 2 1
395 39 18 47 2 1
396 39 19 47 2 1
397 39 20 47 2 1
398 39 21 47 2 1
399 39 22 47 2 1
400 40 12 47 2 1
401 40 13 47 2 1
402 40 14 47 2 1
403 40 15 47 2 1
404 40 16 47 2 1
405 40 17 47 2 1
406 40 18 47 2 1
407 40 19 47 2 1
408 40 20 47 2 1
409 40 21 47 2 1
410 40 22 47 2 1
411 41 12 47 2 1
412 41 13 47 2 1
413 41 14 47 2 1
414 41 15 47 2 1
415 41 16 47 2 1
416 41 17 47 2 1
417 41 18 47 2 1
418 41 19 47 2 1
419 41 20 47 2 1
420 41 21 47 2 1
421 41 22 47 2 1
422 42 12 47 2 1
423 42 13 47 2 1
424 42 14 47 2 1
425 42 15 47 2 1
426 42 16 47 2 1
427 42 17 47 2 1
428 42 18 47 2 1
429 42 19 47 2 1
430 42 20 47 2 1
431 42 21 47 2 1
432 42 22 47 2 1
433 43 12 47 2 1
434 43 13 47 2 1
435 43 14 47 2 1
436 43 15 47 2 1
437 43 16 47 2 1
438 43 17 47 2 1
439 43 18 47 2 1
440 43 19 47 2 1
441 43 20 47 2 1
442 43 21 47 2 1
443 43 22 47 2 1
444 44 12 47 2 1
445 44 13 47 2 1
446 44 14 47 2 1
447 44 15 47 2 1
448 44 16 47 2 1
449 44 17 47 2 1
450 44 18 47 2 1
451 44 19 47 2 1
452 44 20 47 2 1
453 44 21 47 2 1
454 44 22 47 2 1
455 45 12 47 2 1
456 45 13 47 2 1
457 45 14 47 2 1
458 45 15 47 2 1
459 45 16 47 2 1
460 45 17 47 2 1
461 45 18 47 2 1
462 45 19 47 2 1
463 45 20 47 2 1
464 45 21 47 2 1
465 45 22 47 2 1
466 46 12 47 2 1
467 46 13 47 2 1
468 46 14 47 2 1
469 46 15 47 2 1
470 46 16 47 2 1
471 46 17 47 2 1
472 46 18 47 2 1
473 46 19 47 2 1
474 46 20 47 2 1
475 46 21 47 2 1
476 46 22 47 2 1
477 47 12 47 2 1
478 47 13 47 2 1
479 47 14 47 2 1
480 47 15 47 2 1
481 47 16 47 2 1
482 47 17 47 2 1
483 47 18 47 2 1
484 47 19 47 2 1
485 47 20 47 2 1
486 47 21 47 2 1
487 47 22 47 2 1
488 48 12 47 2 1
489 48 13 47 2 1
490 48 14 47 2 1
491 48 15 47 2 1
492 48 16 47 2 1
493 48 17 47 2 1
494 48 18 47 2 1
495 48 19 47 2 1
496 48 20 47 2 1
497 48 21 47 2 1
498 48 22 47 2 1
499 49 12 47 2 1
500 49 13 47 2 1
501 49 14 47 2 1
502 49 15 47 2 1
503 49 16 47 2 1
504 49 17 47 2 1
505 49 18 47 2 1
506 49 19 47 2 1
507 49 20 47 2 1
508 49 21 47 2 1
509 49 22 47 2 1
510 50 12 47 2 1
511 50 13 47 2 1
512 50 14 47 2 1
513 50 15 47 2 1
514 50 16 47 2 1
515 50 17 47 2 1
516 50 18 47 2 1
517 50 19 47 2 1
518 50 20 47 2 1
519 50 21 47 2 1
520 50 22 47 2 1
521 51 12 47 2 1
522 51 13 47 2 1
523 51 14 47 2 1
524 51 15 47 2 1
525 51 16 47 2 1
526 51 17 47 2 1
527 51 18 47 2 1
528 51 19 47 2 1
529 51 20 47 2 1
530 51 21 47 2 1
531 51 22 47 2 1
532 52 14 47 2 1
533 52 15 47 2 1
534 52 16 47 2 1
535 52 17 47 2 1
536 52 18 47 2 1
537 52 19 47 2 1
538 52 20 47 2 1
539 52 21 47 2 1
540 52 22 47 2 1
541 53 14 47 2 1
542 53 15 47 2 1
543 53 16 47 2 1
544 53 17 47 2 1
545 53 18 47 2 1
546 53 19 47 2 1
547 53 20 47 2 1
548 53 21 47 2 1
549 53 22 47 2 1
550 54 12 47 2 1
551 54 13 47 2 1
552 54 14 47 2 1
553 54 15 47 2 1
554 54 16 47 2 1
555 54 17 47 2 1
556 54 18 47 2 1
557 54 19 47 2 1
558 54 20 47 2 1
559 55 12 47 2 1
560 55 13 47 2 1
561 55 14 47 2 1
562 55 15 47 2 1
563 55 16 47 2 1
564 55 17 47 2 1
565 55 18 47 2 1
566 55 19 47 2 1
567 55 20 47 2 1
568 56 12 47 2 1
569 56 13 47 2 1
570 56 14 47 2 1
571 56 15 47 2 1
572 56 16 47 2 1
573 56 17 47 2 1
574 56 18 47 2 1
575 56 19 47 2 1
576 56 20 47 2 1
577 56 21 47 2 1
578 56 22 47 2 1
579 57 12 47 2 1
580 57 13 47 2 1
581 57 14 47 2 1
582 57 15 47 2 1
583 57 16 47 2 1
584 57 17 47 2 1
585 57 18 47 2 1
586 57 19 47 2 1
587 57 20 47 2 1
588 57 21 47 2 1
589 57 22 47 2 1
590 58 12 47 2 1
591 58 13 47 2 1
592 58 14 47 2 1
593 58 15 47 2 1
594 58 19 47 2 1
595 58 20 47 2 1
596 58 21 47 2 1
597 58 22 47 2 1
598 59 12 47 2 1
599 59 13 47 2 1
600 59 14 47 2 1
601 59 15 47 2 1
602 59 19 47 2 1
603 59 20 47 2 1
604 59 21 47 2 1
605 59 22 47 2 1
606 60 12 47 2 1
607 60 13 47 2 1
608 60 14 47 2 1
609 60 15 47 2 1
610 60 19 47 2 1
611 60 20 47 2 1
612 60 21 47 2 1
613 60 22 47 2 1
614 61 12 47 2 1
615 61 13 47 2 1
616 61 14 47 2 1
617 61 15 47 2 1
618 61 19 47 2 1
619 61 20 47 2 1
620 61 21 47 2 1
621 61 22 47 2 1
622 62 12 47 2 1
623 62 13 47 2 1
624 62 14 47 2 1
625 62 15 47 2 1
626 62 16 47 2 1
627 62 17 47 2 1
628 62 18 47 2 1
629 62 19 47 2 1
630 62 20 47 2 1
631 62 21 47 2 1
632 62 22 47 2 1
633 63 12 47 2 1
634 63 13 47 2 1
635 63 14 47 2 1
636 63 15 47 2 1
637 63 16 47 2 1
638 63 17 47 2 1
639 63 18 47 2 1
640 63 19 47 2 1
641 63 20 47 2 1
642 63 21 47 2 1
643 63 22 47 2 1
644 64 12 47 2 1
645 64 13 47 2 1
646 64 14 47 2 1
647 64 15 47 2 1
648 64 16 47 2 1
649 64 17 47 2 1
650 64 18 47 2 1
651 64 19 47 2 1
652 64 20 47 2 1
653 64 21 47 2 1
654 64 22 47 2 1
655 65 12 47 2 1
656 65 13 47 2 1
657 65 14 47 2 1
658 65 15 47 2 1
659 65 16 47 2 1
660 65 17 47 2 1
661 65 18 47 2 1
662 65 19 47 2 1
663 65 20 47 2 1
664 65 21 47 2 1
665 65 22 47 2 1
666 66 12 47 2 1
667 66 13 47 2 1
668 66 14 47 2 1
669 66 15 47 2 1
670 66 16 47 2 1
671 66 17 47 2 1
672 66 18 47 2 1
673 66 19 47 2 1
674 66 20 47 2 1
675 66 21 47 2 1
676 66 22 47 2 1
677 67 12 47 2 1
678 67 13 47 2 1
679 67 14 47 2 1
680 67 15 47 2 1
681 67 16 47 2 1
682 67 17 47 2 1
683 67 18 47 2 1
684 67 19 47 2 1
685 67 20 47 2 1
686 67 21 47 2 1
687 67 22 47 2 1
688 68 12 47 2 1
689 68 13 47 2 1
690 68 14 47 2 1
691 68 15 47 2 1
692 68 16 47 2 1
693 68 17 47 2 1
694 68 18 47 2 1
695 68 19 47 2 1
696 68 20 47 2 1
697 68 21 47 2 1
698 68 22 47 2 1
699 69 12 47 2 1
700 69 13 47 2 1
701 69 14 47 2 1
702 69 15 47 2 1
703 69 16 47 2 1
704 69 17 47 2 1
705 69 18 47 2 1
706 69 19 47 2 1
707 69 20 47 2 1
708 69 21 47 2 1
709 69 22 47 2 1
710 70 12 47 2 1
711 70 13 47 2 1
712 70 16 47 2 1
713 70 17 47 2 1
714 70 18 47 2 1
715 70 19 47 2 1
716 70 20 47 2 1
717 70 21 47 2 1
718 70 22 47 2 1
719 71 12 47 2 1
720 71 13 47 2 1
721 71 16 47 2 1
722 71 17 47 2 1
723 71 18 47 2 1
724 71 19 47 2 1
725 71 20 47 2 1
726 71 21 47 2 1
727 71 22 47 2 1
728 72 12 47 2 1
729 72 13 47 2 1
730 72 14 47 2 1
731 72 15 47 2 1
732 72 16 47 2 1
733 72 17 47 2 1
734 72 18 47 2 1
735 72 21 47 2 1
736 72 22 47 2 1
737 73 12 47 2 1
738 73 13 47 2 1
739 73 14 47 2 1
740 73 15 47 2 1
741 73 16 47 2 1
742 73 17 47 2 1
743 73 18 47 2 1
744 73 21 47 2 1
745 73 22 47 2 1
746 74 12 47 2 1
747 74 13 47 2 1
748 74 14 47 2 1
749 74 15 47 2 1
750 74 16 47 2 1
751 74 17 47 2 1
752 74 18 47 2 1
753 74 19 47 2 1
754 74 20 47 2 1
755 74 21 47 2 1
756 74 22 47 2 1
757 75 12 47 2 1
758 75 13 47 2 1
759 75 14 47 2 1
760 75 15 47 2 1
761 75 16 47 2 1
762 75 17 47 2 1
763 75 18 47 2 1
764 75 19 47 2 1
765 75 20 47 2 1
766 75 21 47 2 1
767 75 22 47 2 1
768 76 12 47 2 1
769 76 13 47 2 1
770 76 14 47 2 1
771 76 15 47 2 1
772 76 16 47 2 1
773 76 17 47 2 1
774 76 18 47 2 1
775 76 19 47 2 1
776 76 20 47 2 1
777 76 21 47 2 1
778 76 22 47 2 1
779 77 12 47 2 1
780 77 13 47 2 1
781 77 14 47 2 1
782 77 15 47 2 1
783 77 16 47 2 1
784 77 17 47 2 1
785 77 18 47 2 1
786 77 19 47 2 1
787 77 20 47 2 1
788 77 21 47 2 1
789 77 22 47 2 1
790 78 12 47 2 1
791 78 15 47 2 1
792 78 16 47 2 1
793 78 17 47 2 1
794 78 18 47 2 1
795 78 19 47 2 1
796 78 22 47 2 1
797 79 12 47 2 1
798 79 15 47 2 1
799 79 16 47 2 1
800 79 17 47 2 1
801 79 18 47 2 1
802 79 19 47 2 1
803 79 22 47 2 1
804 80 12 47 2 1
805 80 15 47 2 1
806 80 16 47 2 1
807 80 17 47 2 1
808 80 18 47 2 1
809 80 19 47 2 1
810 80 22 47 2 1
811 81 12 47 2 1
812 81 15 47 2 1
813 81 16 47 2 1
814 81 17 47 2 1
815 81 18 47 2 1
816 81 19 47 2 1
817 81 22 47 2 1
818 82 12 47 2 1
819 82 13 47 2 1
820 82 14 47 2 1
821 82 15 47 2 1
822 82 16 47 2 1
823 82 17 47 2 1
824 82 18 47 2 1
825 82 19 47 2 1
826 82 20 47 2 1
827 82 21 47 2 1
828 82 22 47 2 1
829 83 12 47 2 1
830 83 13 47 2 1
831 83 14 47 2 1
832 83 15 47 2 1
833 83 16 47 2 1
834 83 17 47 2 1
835 83 18 47 2 1
836 83 19 47 2 1
837 83 20 47 2 1
838 83 21 47 2 1
839 83 22 47 2 1
840 84 12 47 2 1
841 84 13 47 2 1
842 84 14 47 2 1
843 84 15 47 2 1
844 84 16 47 2 1
845 84 17 47 2 1
846 84 18 47 2 1
847 84 19 47 2 1
848 84 20 47 2 1
849 84 21 47 2 1
850 84 22 47 2 1
851 85 12 47 2 1
852 85 13 47 2 1
853 85 14 47 2 1
854 85 15 47 2 1
855 85 16 47 2 1
856 85 17 47 2 1
857 85 18 47 2 1
858 85 19 47 2 1
859 85 20 47 2 1
860 85 21 47 2 1
861 85 22 47 2 1
862 86 12 47 2 1
863 86 13 47 2 1
864 86 14 47 2 1
865 86 15 47 2 1
866 86 16 47 2 1
867 86 17 47 2 1
868 86 20 47 2 1
869 86 21 47 2 1
870 86 22 47 2 1
871 87 12 47 2 1
872 87 13 47 2 1
873 87 14 47 2 1
874 87 15 47 2 1
875 87 16 47 2 1
876 87 17 47 2 1
877 87 20 47 2 1
878 87 21 47 2 1
879 87 22 47 2 1
880 88 12 47 2 1
881 88 13 47 2 1
882 88 14 47 2 1
883 88 17 47 2 1
884 88 18 47 2 1
885 88 19 47 2 1
886 88 20 47 2 1
887 88 21 47 2 1
888 88 22 47 2 1
889 89 12 47 2 1
890 89 13 47 2 1
891 89 14 47 2 1
892 89 17 47 2 1
893 89 18 47 2 1
894 89 19 47 2 1
895 89 20 47 2 1
896 89 21 47 2 1
897 89 22 47 2 1
898 90 12 47 2 1
899 90 13 47 2 1
900 90 14 47 2 1
901 90 15 47 2 1
902 90 16 47 2 1
903 90 17 47 2 1
904 90 18 47 2 1
905 90 19 47 2 1
906 90 20 47 2 1
907 90 21 47 2 1
908 90 22 47 2 1
909 91 12 47 2 1
910 91 13 47 2 1
911 91 14 47 2 1
912 91 15 47 2 1
913 91 16 47 2 1
914 91 17 47 2 1
915 91 18 47 2 1
916 91 19 47 2 1
917 91 20 47 2 1
918 91 21 47 2 1
919 91 22 47 2 1
920 92 12 47 2 1
921 92 13 47 2 1
922 92 14 47 2 1
923 92 15 47 2 1
924 92 16 47 2 1
925 92 17 47 2 1
926 92 18 47 2 1
927 92 19 47 2 1
928 92 20 47 2 1
929 92 21 47 2 1
930 92 22 47 2 1
931 93 12 47 2 1
932 93 13 47 2 1
933 93 14 47 2 1
934 93 15 47 2 1
935 93 16 47 2 1
936 93 17 47 2 1
937 93 18 47 2 1
938 93 19 47 2 1
939 93 20 47 2 1
940 93 21 47 2 1
941 93 22 47 2 1
942 94 12 47 2 1
943 94 13 47 2 1
944 94 14 47 2 1
945 94 15 47 2 1
946 94 16 47 2 1
947 94 17 47 2 1
948 94 18 47 2 1
949 94 19 47 2 1
950 94 20 47 2 1
951 94 21 47 2 1
952 94 22 47 2 1
953 95 12 47 2 1
954 95 13 47 2 1
955 95 14 47 2 1
956 95 15 47 2 1
957 95 16 47 2 1
958 95 17 47 2 1
959 95 18 47 2 1
960 95 19 47 2 1
961 95 20 47 2 1
962 95 21 47 2 1
963 95 22 47 2 1
964 96 12 47 2 1
965 96 13 47 2 1
966 96 14 47 2 1
967 96 15 47 2 1
968 96 16 47 2 1
969 96 17 47 2 1
970 96 18 47 2 1
971 96 19 47 2 1
972 96 20 47 2 1
973 96 21 47 2 1
974 96 22 47 2 1
975 97 12 47 2 1
976 97 13 47 2 1
977 97 14 47 2 1
978 97 15 47 2 1
979 97 16 47 2 1
980 97 17 47 2 1
981 97 18 47 2 1
982 97 19 47 2 1
983 97 20 47 2 1
984 97 21 47 2 1
985 97 22 47 2 1
986 98 12 47 2 1
987 98 13 47 2 1
988 98 14 47 2 1
989 98 15 47 2 1
990 98 16 47 2 1
991 98 17 47 2 1
992 98 18 47 2 1
993 98 19 47 2 1
994 98 20 47 2 1
995 98 21 47 2 1
996 98 22 47 2 1
997 99 12 47 2 1
998 99 13 47 2 1
999 99 14 47 2 1
1000 99 15 47 2 1
1001 99 16 47 2 1
1002 99 17 47 2 1
1003 99 18 47 2 1
1004 99 19 47 2 1
1005 99 20 47 2 1
1006 99 21 47 2 1
1007 99 22 47 2 1
1008 100 12 47 2 1
1009 100 13 47 2 1
1010 100 14 47 2 1
1011 100 15 47 2 1
1012 100 16 47 2 1
1013 100 17 47 2 1
1014 100 18 47 2 1
1015 100 19 47 2 1
1016 100 20 47 2 1
1017 100 21 47 2 1
1018 100 22 47 2 1
1019 101 12 47 2 1
1020 101 13 47 2 1
1021 101 14 47 2 1
1022 101 15 47 2 1
1023 101 16 47 2 1
1024 101 17 47 2 1
1025 101 18 47 2 1
1026 101 19 47 2 1
1027 101 20 47 2 1
1028 101 21 47 2 1
1029 101 22 47 2 1
1030 102 12 47 2 1
1031 102 13 47 2 1
1032 102 14 47 2 1
1033 102 15 47 2 1
1034 102 16 47 2 1
1035 102 17 47 2 1
1036 102 18 47 2 1
1037 102 19 47 2 1
1038 102 20 47 2 1
1039 102 21 47 2 1
1040 102 22 47 2 1
1041 103 12 47 2 1
1042 103 13 47 2 1
1043 103 14 47 2 1
1044 103 15 47 2 1
1045 103 16 47 2 1
1046 103 17 47 2 1
1047 103 18 47 2 1
1048 103 19 47 2 1
1049 103 20 47 2 1
1050 103 21 47 2 1
1051 103 22 47 2 1
1052 104 12 47 2 1
1053 104 13 47 2 1
1054 104 14 47 2 1
1055 104 15 47 2 1
1056 104 16 47 2 1
1057 104 17 47 2 1
1058 104 18 47 2 1
1059 104 19 47 2 1
1060 104 20 47 2 1
1061 104 21 47 2 1
1062 104 22 47 2 1
1063 105 12 47 2 1
1064 105 13 47 2 1
1065 105 14 47 2 1
1066 105 15 47 2 1
1067 105 16 47 2 1
1068 105 17 47 2 1
1069 105 18 47 2 1
1070 105 19 47 2 1
1071 105 20 47 2 1
1072 105 21 47 2 1
1073 105 22 47 2 1
1074 106 12 47 2 1
1075 106 13 47 2 1
1076 106 14 47 2 1
1077 106 15 47 2 1
1078 106 16 47 2 1
1079 106 17 47 2 1
1080 106 18 47 2 1
1081 106 19 47 2 1
1082 106 20 47 2 1
1083 106 21 47 2 1
1084 106 22 47 2 1
1085 107 12 47 2 1
1086 107 13 47 2 1
1087 107 14 47 2 1
1088 107 15 47 2 1
1089 107 16 47 2 1
1090 107 17 47 2 1
1091 107 18 47 2 1
1092 107 19 47 2 1
1093 107 20 47 2 1
1094 107 21 47 2 1
1095 107 22 47 2 1
1096 108 12 47 2 1
1097 108 13 47 2 1
1098 108 14 47 2 1
1099 108 15 47 2 1
1100 108 16 47 2 1
1101 108 17 47 2 1
1102 108 18 47 2 1
1103 108 19 47 2 1
1104 108 20 47 2 1
1105 108 21 47 2 1
1106 108 22 47 2 1
1107 109 12 47 2 1
1108 109 13 47 2 1
1109 109 14 47 2 1
1110 109 15 47 2 1
1111 109 16 47 2 1
1112 109 17 47 2 1
1113 109 18 47 2 1
1114 109 19 47 2 1
1115 109 20 47 2 1
1116 109 21 47 2 1
1117 109 22 47 2 1
1118 110 12 47 2 1
1119 110 13 47 2 1
1120 110 14 47 2 1
1121 110 15 47 2 1
1122 110 16 47 2 1
1123 110 17 47 2 1
1124 110 18 47 2 1
1125 110 19 47 2 1
1126 110 20 47 2 1
1127 110 21 47 2 1
1128 110 22 47 2 1
1129 111 12 47 2 1
1130 111 13 47 2 1
1131 111 14 47 2 1
1132 111 15 47 2 1
1133 111 16 47 2 1
1134 111 17 47 2 1
1135 111 18 47 2 1
1136 111 19 47 2 1
1137 111 20 47 2 1
1138 111 21 47 2 1
1139 111 22 47 2 1
1140 112 12 47 2 1
1141 112 13 47 2 1
1142 112 14 47 2 1
1143 112 15 47 2 1
1144 112 16 47 2 1
1145 112 17 47 2 1
1146 112 18 47 2 1
1147 112 19 47 2 1
1148 112 20 47 2 1
1149 112 21 47 2 1
1150 112 22 47 2 1
1151 113 12 47 2 1
1152 113 13 47 2 1
1153 113 14 47 2 1
1154 113 15 47 2 1
1155 113 16 47 2 1
1156 113 17 47 2 1
1157 113 18 47 2 1
1158 113 19 47 2 1
1159 113 20 47 2 1
1160 113 21 47 2 1
1161 113 22 47 2 1
1162 114 12 47 2 1
1163 114 13 47 2 1
1164 114 14 47 2 1
1165 114 15 47 2 1
1166 114 16 47 2 1
1167 114 17 47 2 1
1168 114 18 47 2 1
1169 114 19 47 2 1
1170 114 20 47 2 1
1171 114 21 47 2 1
1172 114 22 47 2 1
1173 115 12 47 2 1
1174 115 13 47 2 1
1175 115 14 47 2 1
1176 115 15 47 2 1
1177 115 16 47 2 1
1178 115 17 47 2 1
1179 115 18 47 2 1
1180 115 19 47 2 1
1181 115 20 47 2 1
1182 115 21 47 2 1
1183 115 22 47 2 1
1184 116 12 47 2 1
1185 116 13 47 2 1
1186 116 14 47 2 1
1187 116 15 47 2 1
1188 116 16 47 2 1
1189 116 17 47 2 1
1190 116 18 47 2 1
1191 116 19 47 2 1
1192 116 20 47 2 1
1193 116 21 47 2 1
1194 116 22 47 2 1
1195 117 12 47 2 1
1196 117 13 47 2 1
1197 117 14 47 2 1
1198 117 15 47 2 1
1199 117 16 47 2 1
1200 117 17 47 2 1
1201 117 18 47 2 1
1202 117 19 47 2 1
1203 117 20 47 2 1
1204 117 21 47 2 1
1205 117 22 47 2 1
1206 118 12 47 2 1
1207 118 13 47 2 1
1208 118 14 47 2 1
1209 118 15 47 2 1
1210 118 16 47 2 1
1211 118 17 47 2 1
1212 118 18 47 2 1
1213 118 19 47 2 1
1214 118 22 47 2 1
1215 119 12 47 2 1
1216 119 13 47 2 1
1217 119 14 47 2 1
1218 119 15 47 2 1
1219 119 16 47 2 1
1220 119 17 47 2 1
1221 119 18 47 2 1
1222 119 19 47 2 1
1223 119 22 47 2 1
1224 120 12 47 2 1
1225 120 15 47 2 1
1226 120 16 47 2 1
1227 120 17 47 2 1
1228 120 18 47 2 1
1229 120 19 47 2 1
1230 120 20 47 2 1
1231 120 21 47 2 1
1232 120 22 47 2 1
1233 121 12 47 2 1
1234 121 15 47 2 1
1235 121 16 47 2 1
1236 121 17 47 2 1
1237 121 18 47 2 1
1238 121 19 47 2 1
1239 121 20 47 2 1
1240 121 21 47 2 1
1241 121 22 47 2 1
1242 122 12 47 2 1
1243 122 13 47 2 1
1244 122 14 47 2 1
1245 122 15 47 2 1
1246 122 16 47 2 1
1247 122 17 47 2 1
1248 122 18 47 2 1
1249 122 19 47 2 1
1250 122 20 47 2 1
1251 122 21 47 2 1
1252 122 22 47 2 1
1253 123 12 47 2 1
1254 123 13 47 2 1
1255 123 14 47 2 1
1256 123 15 47 2 1
1257 123 16 47 2 1
1258 123 17 47 2 1
1259 123 18 47 2 1
1260 123 19 47 2 1
1261 123 20 47 2 1
1262 123 21 47 2 1
1263 123 22 47 2 1
1264 124 12 47 2 1
1265 124 13 47 2 1
1266 124 14 47 2 1
1267 124 15 47 2 1
1268 124 16 47 2 1
1269 124 17 47 2 1
1270 124 18 47 2 1
1271 124 19 47 2 1
1272 124 20 47 2 1
1273 124 21 47 2 1
1274 124 22 47 2 1
1275 125 12 47 2 1
1276 125 13 47 2 1
1277 125 14 47 2 1
1278 125 15 47 2 1
1279 125 16 47 2 1
1280 125 17 47 2 1
1281 125 18 47 2 1
1282 125 19 47 2 1
1283 125 20 47 2 1
1284 125 21 47 2 1
1285 125 22 47 2 1
1286 126 12 47 2 1
1287 126 13 47 2 1
1288 126 14 47 2 1
1289 126 15 47 2 1
1290 126 16 47 2 1
1291 126 17 47 2 1
1292 126 18 47 2 1
1293 126 19 47 2 1
1294 126 20 47 2 1
1295 126 21 47 2 1
1296 126 22 47 2 1
1297 127 12 47 2 1
1298 127 13 47 2 1
1299 127 14 47 2 1
1300 127 15 47 2 1
1301 127 16 47 2 1
1302 127 17 47 2 1
1303 127 18 47 2 1
1304 127 19 47 2 1
1305 127 20 47 2 1
1306 127 21 47 2 1
1307 127 22 47 2 1
1308 128 12 47 2 1
1309 128 13 47 2 1
1310 128 14 47 2 1
1311 128 15 47 2 1
1312 128 16 47 2 1
1313 128 17 47 2 1
1314 128 18 47 2 1
1315 128 19 47 2 1
1316 128 20 47 2 1
1317 128 21 47 2 1
1318 128 22 47 2 1
1319 129 12 47 2 1
1320 129 13 47 2 1
1321 129 14 47 2 1
1322 129 15 47 2 1
1323 129 16 47 2 1
1324 129 17 47 2 1
1325 129 18 47 2 1
1326 129 19 47 2 1
1327 129 20 47 2 1
1328 129 21 47 2 1
1329 129 22 47 2 1
1330 130 12 47 2 1
1331 130 13 47 2 1
1332 130 14 47 2 1
1333 130 15 47 2 1
1334 130 16 47 2 1
1335 130 17 47 2 1
1336 130 18 47 2 1
1337 130 19 47 2 1
1338 130 20 47 2 1
1339 130 21 47 2 1
1340 130 22 47 2 1
1341 131 12 47 2 1
1342 131 13 47 2 1
1343 131 14 47 2 1
1344 131 15 47 2 1
1345 131 16 47 2 1
1346 131 17 47 2 1
1347 131 18 47 2 1
1348 131 19 47 2 1
1349 131 20 47 2 1
1350 131 21 47 2 1
1351 131 22 47 2 1
1352 132 12 47 2 1
1353 132 13 47 2 1
1354 132 14 47 2 1
1355 132 15 47 2 1
1356 132 16 47 2 1
1357 132 17 47 2 1
1358 132 18 47 2 1
1359 132 19 47 2 1
1360 132 20 47 2 1
1361 132 21 47 2 1
1362 132 22 47 2 1
1363 133 12 47 2 1
1364 133 13 47 2 1
1365 133 14 47 2 1
1366 133 15 47 2 1
1367 133 16 47 2 1
1368 133 17 47 2 1
1369 133 18 47 2 1
1370 133 19 47 2 1
1371 133 20 47 2 1
1372 133 21 47 2 1
1373 133 22 47 2 1
1374 134 12 47 2 1
1375 134 13 47 2 1
1376 134 14 47 2 1
1377 134 15 47 2 1
1378 134 16 47 2 1
1379 134 17 47 2 1
1380 134 18 47 2 1
1381 134 19 47 2 1
1382 134 20 47 2 1
1383 134 21 47 2 1
1384 134 22 47 2 1
1385 135 12 47 2 1
1386 135 13 47 2 1
1387 135 14 47 2 1
1388 135 15 47 2 1
1389 135 16 47 2 1
1390 135 17 47 2 1
1391 135 18 47 2 1
1392 135 19 47 2 1
1393 135 20 47 2 1
1394 135 21 47 2 1
1395 135 22 47 2 1
1396 136 12 47 2 1
1397 136 13 47 2 1
1398 136 14 47 2 1
1399 136 15 47 2 1
1400 136 16 47 2 1
1401 136 17 47 2 1
1402 136 18 47 2 1
1403 136 19 47 2 1
1404 136 20 47 2 1
1405 136 21 47 2 1
1406 136 22 47 2 1
1407 137 12 47 2 1
1408 137 13 47 2 1
1409 137 14 47 2 1
1410 137 15 47 2 1
1411 137 16 47 2 1
1412 137 17 47 2 1
1413 137 18 47 2 1
1414 137 19 47 2 1
1415 137 20 47 2 1
1416 137 21 47 2 1
1417 137 22 47 2 1
1418 138 12 47 2 1
1419 138 13 47 2 1
1420 138 14 47 2 1
1421 138 15 47 2 1
1422 138 16 47 2 1
1423 138 17 47 2 1
1424 138 18 47 2 1
1425 138 19 47 2 1
1426 138 20 47 2 1
1427 138 21 47 2 1
1428 138 22 47 2 1
1429 139 12 47 2 1
1430 139 13 47 2 1
1431 139 14 47 2 1
1432 139 15 47 2 1
1433 139 16 47 2 1
1434 139 17 47 2 1
1435 139 18 47 2 1
1436 139 19 47 2 1
1437 139 20 47 2 1
1438 139 21 47 2 1
1439 139 22 47 2 1
1440 140 12 47 2 1
1441 140 13 47 2 1
1442 140 14 47 2 1
1443 140 15 47 2 1
1444 140 16 47 2 1
1445 140 17 47 2 1
1446 140 18 47 2 1
1447 140 19 47 2 1
1448 140 20 47 2 1
1449 140 21 47 2 1
1450 140 22 47 2 1
1451 141 12 47 2 1
1452 141 13 47 2 1
1453 141 14 47 2 1
1454 141 15 47 2 1
1455 141 16 47 2 1
1456 141 17 47 2 1
1457 141 18 47 2 1
1458 141 19 47 2 1
1459 141 20 47 2 1
1460 141 21 47 2 1
1461 141 22 47 2 1
1462 142 12 47 2 1
1463 142 13 47 2 1
1464 142 14 47 2 1
1465 142 15 47 2 1
1466 142 16 47 2 1
1467 142 17 47 2 1
1468 142 18 47 2 1
1469 142 19 47 2 1
1470 142 20 47 2 1
1471 142 21 47 2 1
1472 142 22 47 2 1
1473 143 12 47 2 1
1474 143 13 47 2 1
1475 143 14 47 2 1
1476 143 15 47 2 1
1477 143 16 47 2 1
1478 143 17 47 2 1
1479 143 18 47 2 1
1480 143 19 47 2 1
1481 143 20 47 2 1
1482 143 21 47 2 1
1483 143 22 47 2 1
1484 144 12 47 2 1
1485 144 13 47 2 1
1486 144 14 47 2 1
1487 144 15 47 2 1
1488 144 16 47 2 1
1489 144 17 47 2 1
1490 144 18 47 2 1
1491 144 19 47 2 1
1492 144 20 47 2 1
1493 144 21 47 2 1
1494 144 22 47 2 1
1495 145 12 47 2 1
1496 145 13 47 2 1
1497 145 14 47 2 1
1498 145 15 47 2 1
1499 145 16 47 2 1
1500 145 17 47 2 1
1501 145 18 47 2 1
1502 145 19 47 2 1
1503 145 20 47 2 1
1504 145 21 47 2 1
1505 145 22 47 2 1
1506 146 12 47 2 1
1507 146 13 47 2 1
1508 146 14 47 2 1
1509 146 15 47 2 1
1510 146 16 47 2 1
1511 146 17 47 2 1
1512 146 18 47 2 1
1513 146 19 47 2 1
1514 146 20 47 2 1
1515 146 21 47 2 1
1516 146 22 47 2 1
1517 147 12 47 2 1
1518 147 13 47 2 1
1519 147 14 47 2 1
1520 147 15 47 2 1
1521 147 16 47 2 1
1522 147 17 47 2 1
1523 147 18 47 2 1
1524 147 19 47 2 1
1525 147 20 47 2 1
1526 147 21 47 2 1
1527 147 22 47 2 1
1528 148 12 47 2 1
1529 148 13 47 2 1
1530 148 14 47 2 1
1531 148 15 47 2 1
1532 148 16 47 2 1
1533 148 17 47 2 1
1534 148 18 47 2 1
1535 148 19 47 2 1
1536 148 20 47 2 1
1537 148 21 47 2 1
1538 148 22 47 2 1
1539 149 12 47 2 1
1540 149 13 47 2 1
1541 149 14 47 2 1
1542 149 15 47 2 1
1543 149 16 47 2 1
1544 149 17 47 2 1
1545 149 18 47 2 1
1546 149 19 47 2 1
1547 149 20 47 2 1
1548 149 21 47 2 1
1549 149 22 47 2 1
1550 150 12 47 2 1
1551 150 13 47 2 1
1552 150 16 47 2 1
1553 150 17 47 2 1
1554 150 18 47 2 1
1555 150 19 47 2 1
1556 150 20 47 2 1
1557 150 21 47 2 1
1558 150 22 47 2 1
1559 151 12 47 2 1
1560 151 13 47 2 1
1561 151 16 47 2 1
1562 151 17 47 2 1
1563 151 18 47 2 1
1564 151 19 47 2 1
1565 151 20 47 2 1
1566 151 21 47 2 1
1567 151 22 47 2 1
1568 152 12 47 2 1
1569 152 13 47 2 1
1570 152 14 47 2 1
1571 152 15 47 2 1
1572 152 16 47 2 1
1573 152 17 47 2 1
1574 152 18 47 2 1
1575 152 21 47 2 1
1576 152 22 47 2 1
1577 153 12 47 2 1
1578 153 13 47 2 1
1579 153 14 47 2 1
1580 153 15 47 2 1
1581 153 16 47 2 1
1582 153 17 47 2 1
1583 153 18 47 2 1
1584 153 21 47 2 1
1585 153 22 47 2 1
1586 154 12 47 2 1
1587 154 13 47 2 1
1588 154 14 47 2 1
1589 154 15 47 2 1
1590 154 16 47 2 1
1591 154 17 47 2 1
1592 154 18 47 2 1
1593 154 19 47 2 1
1594 154 20 47 2 1
1595 154 21 47 2 1
1596 154 22 47 2 1
1597 155 12 47 2 1
1598 155 13 47 2 1
1599 155 14 47 2 1
1600 155 15 47 2 1
1601 155 16 47 2 1
1602 155 17 47 2 1
1603 155 18 47 2 1
1604 155 19 47 2 1
1605 155 20 47 2 1
1606 155 21 47 2 1
1607 155 22 47 2 1
1608 156 12 47 2 1
1609 156 13 47 2 1
1610 156 14 47 2 1
1611 156 15 47 2 1
1612 156 16 47 2 1
1613 156 17 47 2 1
1614 156 18 47 2 1
1615 156 19 47 2 1
1616 156 20 47 2 1
1617 156 21 47 2 1
1618 156 22 47 2 1
1619 157 12 47 2 1
1620 157 13 47 2 1
1621 157 14 47 2 1
1622 157 15 47 2 1
1623 157 16 47 2 1
1624 157 17 47 2 1
1625 157 18 47 2 1
1626 157 19 47 2 1
1627 157 20 47 2 1
1628 157 21 47 2 1
1629 157 22 47 2 1
1630 158 12 47 2 1
1631 158 13 47 2 1
1632 158 14 47 2 1
1633 158 15 47 2 1
1634 158 16 47 2 1
1635 158 17 47 2 1
1636 158 18 47 2 1
1637 158 19 47 2 1
1638 158 20 47 2 1
1639 158 21 47 2 1
1640 158 22 47 2 1
1641 159 12 47 2 1
1642 159 13 47 2 1
1643 159 14 47 2 1
1644 159 15 47 2 1
1645 159 16 47 2 1
1646 159 17 47 2 1
1647 159 18 47 2 1
1648 159 19 47 2 1
1649 159 20 47 2 1
1650 159 21 47 2 1
1651 159 22 47 2 1
1652 160 12 47 2 1
1653 160 13 47 2 1
1654 160 14 47 2 1
1655 160 15 47 2 1
1656 160 16 47 2 1
1657 160 17 47 2 1
1658 160 18 47 2 1
1659 160 19 47 2 1
1660 160 20 47 2 1
1661 160 21 47 2 1
1662 160 22 47 2 1
1663 161 12 47 2 1
1664 161 13 47 2 1
1665 161 14 47 2 1
1666 161 15 47 2 1
1667 161 16 47 2 1
1668 161 17 47 2 1
1669 161 18 47 2 1
1670 161 19 47 2 1
1671 161 20 47 2 1
1672 161 21 47 2 1
1673 161 22 47 2 1
1674 162 12 47 2 1
1675 162 13 47 2 1
1676 162 14 47 2 1
1677 162 15 47 2 1
1678 162 16 47 2 1
1679 162 17 47 2 1
1680 162 18 47 2 1
1681 162 19 47 2 1
1682 162 20 47 2 1
1683 162 21 47 2 1
1684 162 22 47 2 1
1685 163 12 47 2 1
1686 163 13 47 2 1
1687 163 14 47 2 1
1688 163 15 47 2 1
1689 163 16 47 2 1
1690 163 17 47 2 1
1691 163 18 47 2 1
1692 163 19 47 2 1
1693 163 20 47 2 1
1694 163 21 47 2 1
1695 163 22 47 2 1
1696 164 12 47 2 1
1697 164 13 47 2 1
1698 164 14 47 2 1
1699 164 15 47 2 1
1700 164 16 47 2 1
1701 164 17 47 2 1
1702 164 18 47 2 1
1703 164 19 47 2 1
1704 164 20 47 2 1
1705 164 21 47 2 1
1706 164 22 47 2 1
1707 165 12 47 2 1
1708 165 13 47 2 1
1709 165 14 47 2 1
1710 165 15 47 2 1
1711 165 16 47 2 1
1712 165 17 47 2 1
1713 165 18 47 2 1
1714 165 19 47 2 1
1715 165 20 47 2 1
1716 165 21 47 2 1
1717 165 22 47 2 1
1718 166 12 47 2 1
1719 166 13 47 2 1
1720 166 14 47 2 1
1721 166 15 47 2 1
1722 166 16 47 2 1
1723 166 17 47 2 1
1724 166 18 47 2 1
1725 166 19 47 2 1
1726 166 20 47 2 1
1727 166 21 47 2 1
1728 166 22 47 2 1
1729 167 12 47 2 1
1730 167 13 47 2 1
1731 167 14 47 2 1
1732 167 15 47 2 1
1733 167 16 47 2 1
1734 167 17 47 2 1
1735 167 18 47 2 1
1736 167 19 47 2 1
1737 167 20 47 2 1
1738 167 21 47 2 1
1739 167 22 47 2 1
1740 168 12 47 2 1
1741 168 13 47 2 1
1742 168 14 47 2 1
1743 168 15 47 2 1
1744 168 16 47 2 1
1745 168 17 47 2 1
1746 168 18 47 2 1
1747 168 19 47 2 1
1748 168 20 47 2 1
1749 168 21 47 2 1
1750 168 22 47 2 1
1751 169 12 47 2 1
1752 169 13 47 2 1
1753 169 14 47 2 1
1754 169 15 47 2 1
1755 169 16 47 2 1
1756 169 17 47 2 1
1757 169 18 47 2 1
1758 169 19 47 2 1
1759 169 20 47 2 1
1760 169 21 47 2 1
1761 169 22 47 2 1
1762 170 12 47 2 1
1763 170 13 47 2 1
1764 170 14 47 2 1
1765 170 15 47 2 1
1766 170 16 47 2 1
1767 170 17 47 2 1
1768 170 18 47 2 1
1769 170 19 47 2 1
1770 170 20 47 2 1
1771 170 21 47 2 1
1772 170 22 47 2 1
1773 171 12 47 2 1
1774 171 13 47 2 1
1775 171 14 47 2 1
1776 171 15 47 2 1
1777 171 16 47 2 1
1778 171 17 47 2 1
1779 171 18 47 2 1
1780 171 19 47 2 1
1781 171 20 47 2 1
1782 171 21 47 2 1
1783 171 22 47 2 1
1784 172 12 47 2 1
1785 172 13 47 2 1
1786 172 14 47 2 1
1787 172 15 47 2 1
1788 172 16 47 2 1
1789 172 17 47 2 1
1790 172 18 47 2 1
1791 172 19 47 2 1
1792 172 20 47 2 1
1793 172 21 47 2 1
1794 172 22 47 2 1
1795 173 12 47 2 1
1796 173 13 47 2 1
1797 173 14 47 2 1
1798 173 15 47 2 1
1799 173 16 47 2 1
1800 173 17 47 2 1
1801 173 18 47 2 1
1802 173 19 47 2 1
1803 173 20 47 2 1
1804 173 21 47 2 1
1805 173 22 47 2 1
1806 174 12 47 2 1
1807 174 13 47 2 1
1808 174 14 47 2 1
1809 174 15 47 2 1
1810 174 16 47 2 1
1811 174 17 47 2 1
1812 174 18 47 2 1
1813 174 19 47 2 1
1814 174 20 47 2 1
1815 174 21 47 2 1
1816 174 22 47 2 1
1817 175 12 47 2 1
1818 175 13 47 2 1
1819 175 14 47 2 1
1820 175 15 47 2 1
1821 175 16 47 2 1
1822 175 17 47 2 1
1823 175 18 47 2 1
1824 175 19 47 2 1
1825 175 20 47 2 1
1826 175 21 47 2 1
1827 175 22 47 2 1
1828 176 12 47 2 1
1829 176 13 47 2 1
1830 176 14 47 2 1
1831 176 15 47 2 1
1832 176 16 47 2 1
1833 176 17 47 2 1
1834 176 18 47 2 1
1835 176 19 47 2 1
1836 176 20 47 2 1
1837 176 21 47 2 1
1838 176 22 47 2 1
1839 177 12 47 2 1
1840 177 13 47 2 1
1841 177 14 47 2 1
1842 177 15 47 2 1
1843 177 16 47 2 1
1844 177 17 47 2 1
1845 177 18 47 2 1
1846 177 19 47 2 1
1847 177 20 47 2 1
1848 177 21 47 2 1
1849 177 22 47 2 1
1850 178 12 47 2 1
1851 178 13 47 2 1
1852 178 14 47 2 1
1853 178 15 47 2 1
1854 178 16 47 2 1
1855 178 17 47 2 1
1856 178 18 47 2 1
1857 178 19 47 2 1
1858 178 20 47 2 1
1859 178 21 47 2 1
1860 178 22 47 2 1
1861 179 12 47 2 1
1862 179 13 47 2 1
1863 179 14 47 2 1
1864 179 15 47 2 1
1865 179 16 47 2 1
1866 179 17 47 2 1
1867 179 18 47 2 1
1868 179 19 47 2 1
1869 179 20 47 2 1
1870 179 21 47 2 1
1871 179 22 47 2 1
1872 180 12 47 2 1
1873 180 13 47 2 1
1874 180 14 47 2 1
1875 180 15 47 2 1
1876 180 16 47 2 1
1877 180 17 47 2 1
1878 180 18 47 2 1
1879 180 19 47 2 1
1880 180 20 47 2 1
1881 180 21 47 2 1
1882 180 22 47 2 1
1883 181 12 47 2 1
1884 181 13 47 2 1
1885 181 14 47 2 1
1886 181 15 47 2 1
1887 181 16 47 2 1
1888 181 17 47 2 1
1889 181 18 47 2 1
1890 181 19 47 2 1
1891 181 20 47 2 1
1892 181 21 47 2 1
1893 181 22 47 2 1
1894 182 12 47 2 1
1895 182 13 47 2 1
1896 182 14 47 2 1
1897 182 17 47 2 1
1898 182 18 47 2 1
1899 182 19 47 2 1
1900 182 20 47 2 1
1901 182 21 47 2 1
1902 182 22 47 2 1
1903 183 12 47 2 1
1904 183 13 47 2 1
1905 183 14 47 2 1
1906 183 17 47 2 1
1907 183 18 47 2 1
1908 183 19 47 2 1
1909 183 20 47 2 1
1910 183 21 47 2 1
1911 183 22 47 2 1
1912 184 12 47 2 1
1913 184 13 47 2 1
1914 184 14 47 2 1
1915 184 15 47 2 1
1916 184 16 47 2 1
1917 184 17 47 2 1
1918 184 20 47 2 1
1919 184 21 47 2 1
1920 184 22 47 2 1
1921 185 12 47 2 1
1922 185 13 47 2 1
1923 185 14 47 2 1
1924 185 15 47 2 1
1925 185 16 47 2 1
1926 185 17 47 2 1
1927 185 20 47 2 1
1928 185 21 47 2 1
1929 185 22 47 2 1
1930 186 12 47 2 1
1931 186 13 47 2 1
1932 186 14 47 2 1
1933 186 15 47 2 1
1934 186 16 47 2 1
1935 186 17 47 2 1
1936 186 18 47 2 1
1937 186 19 47 2 1
1938 186 20 47 2 1
1939 186 21 47 2 1
1940 186 22 47 2 1
1941 187 12 47 2 1
1942 187 13 47 2 1
1943 187 14 47 2 1
1944 187 15 47 2 1
1945 187 16 47 2 1
1946 187 17 47 2 1
1947 187 18 47 2 1
1948 187 19 47 2 1
1949 187 20 47 2 1
1950 187 21 47 2 1
1951 187 22 47 2 1
1952 188 12 47 2 1
1953 188 13 47 2 1
1954 188 14 47 2 1
1955 188 15 47 2 1
1956 188 16 47 2 1
1957 188 17 47 2 1
1958 188 18 47 2 1
1959 188 19 47 2 1
1960 188 20 47 2 1
1961 188 21 47 2 1
1962 188 22 47 2 1
1963 189 12 47 2 1
1964 189 13 47 2 1
1965 189 14 47 2 1
1966 189 15 47 2 1
1967 189 16 47 2 1
1968 189 17 47 2 1
1969 189 18 47 2 1
1970 189 19 47 2 1
1971 189 20 47 2 1
1972 189 21 47 2 1
1973 189 22 47 2 1
1974 190 12 47 2 1
1975 190 13 47 2 1
1976 190 14 47 2 1
1977 190 15 47 2 1
1978 190 16 47 2 1
1979 190 17 47 2 1
1980 190 18 47 2 1
1981 190 19 47 2 1
1982 190 20 47 2 1
1983 190 21 47 2 1
1984 190 22 47 2 1
1985 191 12 47 2 1
1986 191 13 47 2 1
1987 191 14 47 2 1
1988 191 15 47 2 1
1989 191 16 47 2 1
1990 191 17 47 2 1
1991 191 18 47 2 1
1992 191 19 47 2 1
1993 191 20 47 2 1
1994 191 21 47 2 1
1995 191 22 47 2 1
1996 192 12 47 2 1
1997 192 13 47 2 1
1998 192 14 47 2 1
1999 192 15 47 2 1
2000 192 16 47 2 1
2001 192 17 47 2 1
2002 192 18 47 2 1
2003 192 19 47 2 1
2004 192 20 47 2 1
2005 192 21 47 2 1
2006 192 22 47 2 1
2007 193 12 47 2 1
2008 193 13 47 2 1
2009 193 14 47 2 1
2010 193 15 47 2 1
2011 193 16 47 2 1
2012 193 17 47 2 1
2013 193 18 47 2 1
2014 193 19 47 2 1
2015 193 20 47 2 1
2016 193 21 47 2 1
2017 193 22 47 2 1
2018 194 12 47 2 1
2019 194 13 47 2 1
2020 194 14 47 2 1
2021 194 17 47 2 1
2022 194 18 47 2 1
2023 194 19 47 2 1
2024 194 20 47 2 1
2025 194 21 47 2 1
2026 194 22 47 2 1
2027 195 12 47 2 1
2028 195 13 47 2 1
2029 195 14 47 2 1
2030 195 17 47 2 1
2031 195 18 47 2 1
2032 195 19 47 2 1
2033 195 20 47 2 1
2034 195 21 47 2 1
2035 195 22 47 2 1
2036 196 12 47 2 1
2037 196 13 47 2 1
2038 196 14 47 2 1
2039 196 15 47 2 1
2040 196 16 47 2 1
2041 196 17 47 2 1
2042 196 20 47 2 1
2043 196 21 47 2 1
2044 196 22 47 2 1
2045 197 12 47 2 1
2046 197 13 47 2 1
2047 197 14 47 2 1
2048 197 15 47 2 1
2049 197 16 47 2 1
2050 197 17 47 2 1
2051 197 20 47 2 1
2052 197 21 47 2 1
2053 197 22 47 2 1
2054 198 12 47 2 1
2055 198 15 47 2 1
2056 198 16 47 2 1
2057 198 17 47 2 1
2058 198 18 47 2 1
2059 198 19 47 2 1
2060 198 20 47 2 1
2061 198 21 47 2 1
2062 198 22 47 2 1
2063 199 12 47 2 1
2064 199 15 47 2 1
2065 199 16 47 2 1
2066 199 17 47 2 1
2067 199 18 47 2 1
2068 199 19 47 2 1
2069 199 20 47 2 1
2070 199 21 47 2 1
2071 199 22 47 2 1
2072 200 12 47 2 1
2073 200 13 47 2 1
2074 200 14 47 2 1
2075 200 15 47 2 1
2076 200 16 47 2 1
2077 200 17 47 2 1
2078 200 18 47 2 1
2079 200 19 47 2 1
2080 200 22 47 2 1
2081 201 12 47 2 1
2082 201 13 47 2 1
2083 201 14 47 2 1
2084 201 15 47 2 1
2085 201 16 47 2 1
2086 201 17 47 2 1
2087 201 18 47 2 1
2088 201 19 47 2 1
2089 201 22 47 2 1
2090 202 12 47 2 1
2091 202 13 47 2 1
2092 202 14 47 2 1
2093 202 15 47 2 1
2094 202 16 47 2 1
2095 202 17 47 2 1
2096 202 18 47 2 1
2097 202 19 47 2 1
2098 202 20 47 2 1
2099 202 21 47 2 1
2100 202 22 47 2 1
2101 203 12 47 2 1
2102 203 13 47 2 1
2103 203 14 47 2 1
2104 203 15 47 2 1
2105 203 16 47 2 1
2106 203 17 47 2 1
2107 203 18 47 2 1
2108 203 19 47 2 1
2109 203 20 47 2 1
2110 203 21 47 2 1
2111 203 22 47 2 1
2112 204 12 47 2 1
2113 204 13 47 2 1
2114 204 14 47 2 1
2115 204 15 47 2 1
2116 204 16 47 2 1
2117 204 17 47 2 1
2118 204 18 47 2 1
2119 204 19 47 2 1
2120 204 20 47 2 1
2121 204 21 47 2 1
2122 204 22 47 2 1
2123 205 12 47 2 1
2124 205 13 47 2 1
2125 205 14 47 2 1
2126 205 15 47 2 1
2127 205 16 47 2 1
2128 205 17 47 2 1
2129 205 18 47 2 1
2130 205 19 47 2 1
2131 205 20 47 2 1
2132 205 21 47 2 1
2133 205 22 47 2 1
2134 206 12 47 2 1
2135 206 13 47 2 1
2136 206 14 47 2 1
2137 206 17 47 2 1
2138 206 18 47 2 1
2139 206 19 47 2 1
2140 206 20 47 2 1
2141 206 21 47 2 1
2142 206 22 47 2 1
2143 207 12 47 2 1
2144 207 13 47 2 1
2145 207 14 47 2 1
2146 207 17 47 2 1
2147 207 18 47 2 1
2148 207 19 47 2 1
2149 207 20 47 2 1
2150 207 21 47 2 1
2151 207 22 47 2 1
2152 208 12 47 2 1
2153 208 13 47 2 1
2154 208 14 47 2 1
2155 208 15 47 2 1
2156 208 16 47 2 1
2157 208 17 47 2 1
2158 208 20 47 2 1
2159 208 21 47 2 1
2160 208 22 47 2 1
2161 209 12 47 2 1
2162 209 13 47 2 1
2163 209 14 47 2 1
2164 209 15 47 2 1
2165 209 16 47 2 1
2166 209 17 47 2 1
2167 209 20 47 2 1
2168 209 21 47 2 1
2169 209 22 47 2 1
2170 210 12 47 2 1
2171 210 13 47 2 1
2172 210 14 47 2 1
2173 210 15 47 2 1
2174 210 16 47 2 1
2175 210 17 47 2 1
2176 210 18 47 2 1
2177 210 19 47 2 1
2178 210 20 47 2 1
2179 210 21 47 2 1
2180 210 22 47 2 1
2181 211 12 47 2 1
2182 211 13 47 2 1
2183 211 14 47 2 1
2184 211 15 47 2 1
2185 211 16 47 2 1
2186 211 17 47 2 1
2187 211 18 47 2 1
2188 211 19 47 2 1
2189 211 20 47 2 1
2190 211 21 47 2 1
2191 211 22 47 2 1
2192 212 12 47 2 1
2193 212 13 47 2 1
2194 212 14 47 2 1
2195 212 15 47 2 1
2196 212 16 47 2 1
2197 212 17 47 2 1
2198 212 18 47 2 1
2199 212 19 47 2 1
2200 212 20 47 2 1
2201 212 21 47 2 1
2202 212 22 47 2 1
2203 213 12 47 2 1
2204 213 13 47 2 1
2205 213 14 47 2 1
2206 213 15 47 2 1
2207 213 16 47 2 1
2208 213 17 47 2 1
2209 213 18 47 2 1
2210 213 19 47 2 1
2211 213 20 47 2 1
2212 213 21 47 2 1
2213 213 22 47 2 1
2214 214 12 47 2 1
2215 214 13 47 2 1
2216 214 14 47 2 1
2217 214 15 47 2 1
2218 214 16 47 2 1
2219 214 17 47 2 1
2220 214 18 47 2 1
2221 214 19 47 2 1
2222 214 20 47 2 1
2223 214 21 47 2 1
2224 214 22 47 2 1
2225 215 12 47 2 1
2226 215 13 47 2 1
2227 215 14 47 2 1
2228 215 15 47 2 1
2229 215 16 47 2 1
2230 215 17 47 2 1
2231 215 18 47 2 1
2232 215 19 47 2 1
2233 215 20 47 2 1
2234 215 21 47 2 1
2235 215 22 47 2 1
2236 216 12 47 2 1
2237 216 13 47 2 1
2238 216 14 47 2 1
2239 216 15 47 2 1
2240 216 16 47 2 1
2241 216 17 47 2 1
2242 216 18 47 2 1
2243 216 19 47 2 1
2244 216 20 47 2 1
2245 216 21 47 2 1
2246 216 22 47 2 1
2247 217 12 47 2 1
2248 217 13 47 2 1
2249 217 14 47 2 1
2250 217 15 47 2 1
2251 217 16 47 2 1
2252 217 17 47 2 1
2253 217 18 47 2 1
2254 217 19 47 2 1
2255 217 20 47 2 1
2256 217 21 47 2 1
2257 217 22 47 2 1
2258 218 12 47 2 1
2259 218 13 47 2 1
2260 218 16 47 2 1
2261 218 17 47 2 1
2262 218 18 47 2 1
2263 218 19 47 2 1
2264 218 20 47 2 1
2265 218 21 47 2 1
2266 218 22 47 2 1
2267 219 12 47 2 1
2268 219 13 47 2 1
2269 219 16 47 2 1
2270 219 17 47 2 1
2271 219 18 47 2 1
2272 219 19 47 2 1
2273 219 20 47 2 1
2274 219 21 47 2 1
2275 219 22 47 2 1
2276 220 12 47 2 1
2277 220 13 47 2 1
2278 220 14 47 2 1
2279 220 15 47 2 1
2280 220 16 47 2 1
2281 220 17 47 2 1
2282 220 18 47 2 1
2283 220 21 47 2 1
2284 220 22 47 2 1
2285 221 12 47 2 1
2286 221 13 47 2 1
2287 221 14 47 2 1
2288 221 15 47 2 1
2289 221 16 47 2 1
2290 221 17 47 2 1
2291 221 18 47 2 1
2292 221 21 47 2 1
2293 221 22 47 2 1
2294 222 12 47 2 1
2295 222 13 47 2 1
2296 222 14 47 2 1
2297 222 15 47 2 1
2298 222 16 47 2 1
2299 222 17 47 2 1
2300 222 18 47 2 1
2301 222 19 47 2 1
2302 222 20 47 2 1
2303 222 21 47 2 1
2304 222 22 47 2 1
2305 223 12 47 2 1
2306 223 13 47 2 1
2307 223 14 47 2 1
2308 223 15 47 2 1
2309 223 16 47 2 1
2310 223 17 47 2 1
2311 223 18 47 2 1
2312 223 19 47 2 1
2313 223 20 47 2 1
2314 223 21 47 2 1
2315 223 22 47 2 1
2316 224 12 47 2 1
2317 224 13 47 2 1
2318 224 14 47 2 1
2319 224 15 47 2 1
2320 224 16 47 2 1
2321 224 17 47 2 1
2322 224 18 47 2 1
2323 224 19 47 2 1
2324 224 22 47 2 1
2325 225 12 47 2 1
2326 225 13 47 2 1
2327 225 14 47 2 1
2328 225 15 47 2 1
2329 225 16 47 2 1
2330 225 17 47 2 1
2331 225 18 47 2 1
2332 225 19 47 2 1
2333 225 22 47 2 1
2334 226 12 47 2 1
2335 226 15 47 2 1
2336 226 16 47 2 1
2337 226 17 47 2 1
2338 226 18 47 2 1
2339 226 19 47 2 1
2340 226 20 47 2 1
2341 226 21 47 2 1
2342 226 22 47 2 1
2343 227 12 47 2 1
2344 227 15 47 2 1
2345 227 16 47 2 1
2346 227 17 47 2 1
2347 227 18 47 2 1
2348 227 19 47 2 1
2349 227 20 47 2 1
2350 227 21 47 2 1
2351 227 22 47 2 1
2352 228 12 47 2 1
2353 228 13 47 2 1
2354 228 14 47 2 1
2355 228 15 47 2 1
2356 228 16 47 2 1
2357 228 17 47 2 1
2358 228 18 47 2 1
2359 228 19 47 2 1
2360 228 20 47 2 1
2361 228 21 47 2 1
2362 228 22 47 2 1
2363 229 12 47 2 1
2364 229 13 47 2 1
2365 229 14 47 2 1
2366 229 15 47 2 1
2367 229 16 47 2 1
2368 229 17 47 2 1
2369 229 18 47 2 1
2370 229 19 47 2 1
2371 229 20 47 2 1
2372 229 21 47 2 1
2373 229 22 47 2 1
2374 230 12 47 2 1
2375 230 13 47 2 1
2376 230 14 47 2 1
2377 230 15 47 2 1
2378 230 16 47 2 1
2379 230 17 47 2 1
2380 230 18 47 2 1
2381 230 19 47 2 1
2382 230 20 47 2 1
2383 230 21 47 2 1
2384 230 22 47 2 1
2385 231 12 47 2 1
2386 231 13 47 2 1
2387 231 14 47 2 1
2388 231 15 47 2 1
2389 231 16 47 2 1
2390 231 17 47 2 1
2391 231 18 47 2 1
2392 231 19 47 2 1
2393 231 20 47 2 1
2394 231 21 47 2 1
2395 231 22 47 2 1
2396 232 12 47 2 1
2397 232 13 47 2 1
2398 232 14 47 2 1
2399 232 15 47 2 1
2400 232 16 47 2 1
2401 232 17 47 2 1
2402 232 18 47 2 1
2403 232 19 47 2 1
2404 232 20 47 2 1
2405 232 21 47 2 1
2406 232 22 47 2 1
2407 233 12 47 2 1
2408 233 13 47 2 1
2409 233 14 47 2 1
2410 233 15 47 2 1
2411 233 16 47 2 1
2412 233 17 47 2 1
2413 233 18 47 2 1
2414 233 19 47 2 1
2415 233 20 47 2 1
2416 233 21 47 2 1
2417 233 22 47 2 1
2418 234 12 47 2 1
2419 234 13 47 2 1
2420 234 14 47 2 1
2421 234 15 47 2 1
2422 234 16 47 2 1
2423 234 17 47 2 1
2424 234 18 47 2 1
2425 234 19 47 2 1
2426 234 20 47 2 1
2427 234 21 47 2 1
2428 234 22 47 2 1
2429 235 12 47 2 1
2430 235 13 47 2 1
2431 235 14 47 2 1
2432 235 15 47 2 1
2433 235 16 47 2 1
2434 235 17 47 2 1
2435 235 18 47 2 1
2436 235 19 47 2 1
2437 235 20 47 2 1
2438 235 21 47 2 1
2439 235 22 47 2 1
2440 236 12 47 2 1
2441 236 13 47 2 1
2442 236 14 47 2 1
2443 236 15 47 2 1
2444 236 16 47 2 1
2445 236 17 47 2 1
2446 236 18 47 2 1
2447 236 19 47 2 1
2448 236 20 47 2 1
2449 236 21 47 2 1
2450 236 22 47 2 1
2451 237 12 47 2 1
2452 237 13 47 2 1
2453 237 14 47 2 1
2454 237 15 47 2 1
2455 237 16 47 2 1
2456 237 17 47 2 1
2457 237 18 47 2 1
2458 237 19 47 2 1
2459 237 20 47 2 1
2460 237 21 47 2 1
2461 237 22 47 2 1
2462 238 12 47 2 1
2463 238 13 47 2 1
2464 238 14 47 2 1
2465 238 15 47 2 1
2466 238 16 47 2 1
2467 238 17 47 2 1
2468 238 18 47 2 1
2469 238 19 47 2 1
2470 238 20 47 2 1
2471 238 21 47 2 1
2472 238 22 47 2 1
2473 239 12 47 2 1
2474 239 13 47 2 1
2475 239 14 47 2 1
2476 239 15 47 2 1
2477 239 16 47 2 1
2478 239 17 47 2 1
2479 239 18 47 2 1
2480 239 19 47 2 1
2481 239 20 47 2 1
2482 239 21 47 2 1
2483 239 22 47 2 1
2484 240 12 47 2 1
2485 240 13 47 2 1
2486 240 14 47 2 1
2487 240 15 47 2 1
2488 240 16 47 2 1
2489 240 17 47 2 1
2490 240 18 47 2 1
2491 240 19 47 2 1
2492 240 20 47 2 1
2493 240 21 47 2 1
2494 240 22 47 2 1
2495 241 12 47 2 1
2496 241 13 47 2 1
2497 241 14 47 2 1
2498 241 15 47 2 1
2499 241 16 47 2 1
2500 241 17 47 2 1
2501 241 18 47 2 1
2502 241 19 47 2 1
2503 241 20 47 2 1
2504 241 21 47 2 1
2505 241 22 47 2 1
2506 242 12 47 2 1
2507 242 13 47 2 1
2508 242 14 47 2 1
2509 242 15 47 2 1
2510 242 16 47 2 1
2511 242 17 47 2 1
2512 242 18 47 2 1
2513 242 19 47 2 1
2514 242 20 47 2 1
2515 242 21 47 2 1
2516 242 22 47 2 1
2517 243 12 47 2 1
2518 243 13 47 2 1
2519 243 14 47 2 1
2520 243 15 47 2 1
2521 243 16 47 2 1
2522 243 17 47 2 1
2523 243 18 47 2 1
2524 243 19 47 2 1
2525 243 20 47 2 1
2526 243 21 47 2 1
2527 243 22 47 2 1
2528 244 12 47 2 1
2529 244 13 47 2 1
2530 244 14 47 2 1
2531 244 15 47 2 1
2532 244 16 47 2 1
2533 244 17 47 2 1
2534 244 18 47 2 1
2535 244 19 47 2 1
2536 244 20 47 2 1
2537 244 21 47 2 1
2538 244 22 47 2 1
2539 245 12 47 2 1
2540 245 13 47 2 1
2541 245 14 47 2 1
2542 245 15 47 2 1
2543 245 16 47 2 1
2544 245 17 47 2 1
2545 245 18 47 2 1
2546 245 19 47 2 1
2547 245 20 47 2 1
2548 245 21 47 2 1
2549 245 22 47 2 1
2550 246 12 47 2 1
2551 246 13 47 2 1
2552 246 14 47 2 1
2553 246 15 47 2 1
2554 246 16 47 2 1
2555 246 17 47 2 1
2556 246 18 47 2 1
2557 246 19 47 2 1
2558 246 20 47 2 1
2559 246 21 47 2 1
2560 246 22 47 2 1
2561 247 12 47 2 1
2562 247 13 47 2 1
2563 247 14 47 2 1
2564 247 15 47 2 1
2565 247 16 47 2 1
2566 247 17 47 2 1
2567 247 18 47 2 1
2568 247 19 47 2 1
2569 247 20 47 2 1
2570 247 21 47 2 1
2571 247 22 47 2 1
2572 248 12 47 2 1
2573 248 13 47 2 1
2574 248 14 47 2 1
2575 248 15 47 2 1
2576 248 16 47 2 1
2577 248 17 47 2 1
2578 248 18 47 2 1
2579 248 19 47 2 1
2580 248 20 47 2 1
2581 248 21 47 2 1
2582 248 22 47 2 1
2583 249 12 47 2 1
2584 249 13 47 2 1
2585 249 14 47 2 1
2586 249 15 47 2 1
2587 249 16 47 2 1
2588 249 17 47 2 1
2589 249 18 47 2 1
2590 249 19 47 2 1
2591 249 20 47 2 1
2592 249 21 47 2 1
2593 249 22 47 2 1
2594 250 12 47 2 1
2595 250 13 47 2 1
2596 250 14 47 2 1
2597 250 15 47 2 1
2598 250 16 47 2 1
2599 250 17 47 2 1
2600 250 18 47 2 1
2601 250 19 47 2 1
2602 250 20 47 2 1
2603 250 21 47 2 1
2604 250 22 47 2 1
2605 251 12 47 2 1
2606 251 13 47 2 1
2607 251 14 47 2 1
2608 251 15 47 2 1
2609 251 16 47 2 1
2610 251 17 47 2 1
2611 251 18 47 2 1
2612 251 19 47 2 1
2613 251 20 47 2 1
2614 251 21 47 2 1
2615 251 22 47 2 1
2616 252 12 47 2 1
2617 252 13 47 2 1
2618 252 14 47 2 1
2619 252 15 47 2 1
2620 252 16 47 2 1
2621 252 17 47 2 1
2622 252 18 47 2 1
2623 252 19 47 2 1
2624 252 20 47 2 1
2625 252 21 47 2 1
2626 252 22 47 2 1
2627 253 12 47 2 1
2628 253 13 47 2 1
2629 253 14 47 2 1
2630 253 15 47 2 1
2631 253 16 47 2 1
2632 253 17 47 2 1
2633 253 18 47 2 1
2634 253 19 47 2 1
2635 253 20 47 2 1
2636 253 21 47 2 1
2637 253 22 47 2 1
2638 254 12 47 2 1
2639 254 13 47 2 1
2640 254 14 47 2 1
2641 254 15 47 2 1
2642 254 16 47 2 1
2643 254 17 47 2 1
2644 254 18 47 2 1
2645 254 19 47 2 1
2646 254 20 47 2 1
2647 254 21 47 2 1
2648 254 22 47 2 1
2649 255 12 47 2 1
2650 255 13 47 2 1
2651 255 14 47 2 1
2652 255 15 47 2 1
2653 255 16 47 2 1
2654 255 17 47 2 1
2655 255 18 47 2 1
2656 255 19 47 2 1
2657 255 20 47 2 1
2658 255 21 47 2 1
2659 255 22 47 2 1
2660 256 12 47 2 1
2661 256 13 47 2 1
2662 256 14 47 2 1
2663 256 15 47 2 1
2664 256 16 47 2 1
2665 256 17 47 2 1
2666 256 18 47 2 1
2667 256 19 47 2 1
2668 256 20 47 2 1
2669 256 21 47 2 1
2670 256 22 47 2 1
2671 257 12 47 2 1
2672 257 13 47 2 1
2673 257 14 47 2 1
2674 257 15 47 2 1
2675 257 16 47 2 1
2676 257 17 47 2 1
2677 257 18 47 2 1
2678 257 19 47 2 1
2679 257 20 47 2 1
2680 257 21 47 2 1
2681 257 22 47 2 1
2682 258 12 47 2 1
2683 258 13 47 2 1
2684 258 14 47 2 1
2685 258 15 47 2 1
2686 258 16 47 2 1
2687 258 17 47 2 1
2688 258 18 47 2 1
2689 258 19 47 2 1
2690 258 20 47 2 1
2691 258 21 47 2 1
2692 258 22 47 2 1
2693 259 12 47 2 1
2694 259 13 47 2 1
2695 259 14 47 2 1
2696 259 15 47 2 1
2697 259 16 47 2 1
2698 259 17 47 2 1
2699 259 18 47 2 1
2700 259 19 47 2 1
2701 259 20 47 2 1
2702 259 21 47 2 1
2703 259 22 47 2 1
2704 260 12 47 2 1
2705 260 13 47 2 1
2706 260 14 47 2 1
2707 260 15 47 2 1
2708 260 16 47 2 1
2709 260 17 47 2 1
2710 260 18 47 2 1
2711 260 19 47 2 1
2712 260 20 47 2 1
2713 260 21 47 2 1
2714 260 22 47 2 1
2715 261 12 47 2 1
2716 261 13 47 2 1
2717 261 14 47 2 1
2718 261 15 47 2 1
2719 261 16 47 2 1
2720 261 17 47 2 1
2721 261 18 47 2 1
2722 261 19 47 2 1
2723 261 20 47 2 1
2724 261 21 47 2 1
2725 261 22 47 2 1
2726 262 12 47 2 1
2727 262 13 47 2 1
2728 262 14 47 2 1
2729 262 15 47 2 1
2730 262 16 47 2 1
2731 262 17 47 2 1
2732 262 18 47 2 1
2733 262 19 47 2 1
2734 262 20 47 2 1
2735 262 21 47 2 1
2736 262 22 47 2 1
2737 263 12 47 2 1
2738 263 13 47 2 1
2739 263 14 47 2 1
2740 263 15 47 2 1
2741 263 16 47 2 1
2742 263 17 47 2 1
2743 263 18 47 2 1
2744 263 19 47 2 1
2745 263 20 47 2 1
2746 263 21 47 2 1
2747 263 22 47 2 1
2748 264 12 47 2 1
2749 264 13 47 2 1
2750 264 14 47 2 1
2751 264 15 47 2 1
2752 264 16 47 2 1
2753 264 17 47 2 1
2754 264 18 47 2 1
2755 264 19 47 2 1
2756 264 20 47 2 1
2757 264 21 47 2 1
2758 264 22 47 2 1
2759 265 12 47 2 1
2760 265 13 47 2 1
2761 265 14 47 2 1
2762 265 15 47 2 1
2763 265 16 47 2 1
2764 265 17 47 2 1
2765 265 18 47 2 1
2766 265 19 47 2 1
2767 265 20 47 2 1
2768 265 21 47 2 1
2769 265 22 47 2 1
2770 266 12 47 2 1
2771 266 13 47 2 1
2772 266 14 47 2 1
2773 266 15 47 2 1
2774 266 16 47 2 1
2775 266 17 47 2 1
2776 266 18 47 2 1
2777 266 19 47 2 1
2778 266 20 47 2 1
2779 266 21 47 2 1
2780 266 22 47 2 1
2781 267 12 47 2 1
2782 267 13 47 2 1
2783 267 14 47 2 1
2784 267 15 47 2 1
2785 267 16 47 2 1
2786 267 17 47 2 1
2787 267 18 47 2 1
2788 267 19 47 2 1
2789 267 20 47 2 1
2790 267 21 47 2 1
2791 267 22 47 2 1
2792 268 12 47 2 1
2793 268 13 47 2 1
2794 268 14 47 2 1
2795 268 15 47 2 1
2796 268 16 47 2 1
2797 268 17 47 2 1
2798 268 18 47 2 1
2799 268 19 47 2 1
2800 268 20 47 2 1
2801 268 21 47 2 1
2802 268 22 47 2 1
2803 269 12 47 2 1
2804 269 13 47 2 1
2805 269 14 47 2 1
2806 269 15 47 2 1
2807 269 16 47 2 1
2808 269 17 47 2 1
2809 269 18 47 2 1
2810 269 19 47 2 1
2811 269 20 47 2 1
2812 269 21 47 2 1
2813 269 22 47 2 1
2814 270 12 47 2 1
2815 270 13 47 2 1
2816 270 14 47 2 1
2817 270 15 47 2 1
2818 270 16 47 2 1
2819 270 17 47 2 1
2820 270 18 47 2 1
2821 270 19 47 2 1
2822 270 20 47 2 1
2823 270 21 47 2 1
2824 270 22 47 2 1
2825 271 12 47 2 1
2826 271 13 47 2 1
2827 271 14 47 2 1
2828 271 15 47 2 1
2829 271 16 47 2 1
2830 271 17 47 2 1
2831 271 18 47 2 1
2832 271 19 47 2 1
2833 271 20 47 2 1
2834 271 21 47 2 1
2835 271 22 47 2 1
2836 272 12 47 2 1
2837 272 13 47 2 1
2838 272 14 47 2 1
2839 272 15 47 2 1
2840 272 16 47 2 1
2841 272 17 47 2 1
2842 272 18 47 2 1
2843 272 19 47 2 1
2844 272 20 47 2 1
2845 272 21 47 2 1
2846 272 22 47 2 1
2847 273 12 47 2 1
2848 273 13 47 2 1
2849 273 14 47 2 1
2850 273 15 47 2 1
2851 273 16 47 2 1
2852 273 17 47 2 1
2853 273 18 47 2 1
2854 273 19 47 2 1
2855 273 20 47 2 1
2856 273 21 47 2 1
2857 273 22 47 2 1
2858 274 12 47 2 1
2859 274 13 47 2 1
2860 274 14 47 2 1
2861 274 15 47 2 1
2862 274 16 47 2 1
2863 274 17 47 2 1
2864 274 18 47 2 1
2865 274 19 47 2 1
2866 274 20 47 2 1
2867 274 21 47 2 1
2868 274 22 47 2 1
2869 275 12 47 2 1
2870 275 13 47 2 1
2871 275 14 47 2 1
2872 275 15 47 2 1
2873 275 16 47 2 1
2874 275 17 47 2 1
2875 275 18 47 2 1
2876 275 19 47 2 1
2877 275 20 47 2 1
2878 275 21 47 2 1
2879 275 22 47 2 1
2880 276 12 47 2 1
2881 276 13 47 2 1
2882 276 14 47 2 1
2883 276 15 47 2 1
2884 276 16 47 2 1
2885 276 17 47 2 1
2886 276 18 47 2 1
2887 276 19 47 2 1
2888 276 20 47 2 1
2889 276 21 47 2 1
2890 276 22 47 2 1
2891 277 12 47 2 1
2892 277 13 47 2 1
2893 277 14 47 2 1
2894 277 15 47 2 1
2895 277 16 47 2 1
2896 277 17 47 2 1
2897 277 18 47 2 1
2898 277 19 47 2 1
2899 277 20 47 2 1
2900 277 21 47 2 1
2901 277 22 47 2 1
2902 278 12 47 2 1
2903 278 13 47 2 1
2904 278 14 47 2 1
2905 278 15 47 2 1
2906 278 16 47 2 1
2907 278 17 47 2 1
2908 278 18 47 2 1
2909 278 19 47 2 1
2910 278 20 47 2 1
2911 278 21 47 2 1
2912 278 22 47 2 1
2913 279 12 47 2 1
2914 279 13 47 2 1
2915 279 14 47 2 1
2916 279 15 47 2 1
2917 279 16 47 2 1
2918 279 17 47 2 1
2919 279 18 47 2 1
2920 279 19 47 2 1
2921 279 20 47 2 1
2922 279 21 47 2 1
2923 279 22 47 2 1
2924 280 12 47 2 1
2925 280 13 47 2 1
2926 280 14 47 2 1
2927 280 15 47 2 1
2928 280 16 47 2 1
2929 280 17 47 2 1
2930 280 18 47 2 1
2931 280 19 47 2 1
2932 280 20 47 2 1
2933 280 21 47 2 1
2934 280 22 47 2 1
2935 281 12 47 2 1
2936 281 13 47 2 1
2937 281 14 47 2 1
2938 281 15 47 2 1
2939 281 16 47 2 1
2940 281 17 47 2 1
2941 281 18 47 2 1
2942 281 19 47 2 1
2943 281 20 47 2 1
2944 281 21 47 2 1
2945 281 22 47 2 1
2946 282 12 47 2 1
2947 282 13 47 2 1
2948 282 14 47 2 1
2949 282 15 47 2 1
2950 282 16 47 2 1
2951 282 17 47 2 1
2952 282 18 47 2 1
2953 282 19 47 2 1
2954 282 20 47 2 1
2955 282 21 47 2 1
2956 282 22 47 2 1
2957 283 12 47 2 1
2958 283 13 47 2 1
2959 283 14 47 2 1
2960 283 15 47 2 1
2961 283 16 47 2 1
2962 283 17 47 2 1
2963 283 18 47 2 1
2964 283 19 47 2 1
2965 283 20 47 2 1
2966 283 21 47 2 1
2967 283 22 47 2 1
2968 284 12 47 2 1
2969 284 13 47 2 1
2970 284 14 47 2 1
2971 284 15 47 2 1
2972 284 18 47 2 1
2973 284 19 47 2 1
2974 284 20 47 2 1
2975 284 21 47 2 1
2976 284 22 47 2 1
2977 285 12 47 2 1
2978 285 13 47 2 1
2979 285 14 47 2 1
2980 285 15 47 2 1
2981 285 18 47 2 1
2982 285 19 47 2 1
2983 285 20 47 2 1
2984 285 21 47 2 1
2985 285 22 47 2 1
2986 286 12 47 2 1
2987 286 13 47 2 1
2988 286 14 47 2 1
2989 286 15 47 2 1
2990 286 16 47 2 1
2991 286 19 47 2 1
2992 286 20 47 2 1
2993 286 21 47 2 1
2994 286 22 47 2 1
2995 287 12 47 2 1
2996 287 13 47 2 1
2997 287 14 47 2 1
2998 287 15 47 2 1
2999 287 16 47 2 1
3000 287 19 47 2 1
3001 287 20 47 2 1
3002 287 21 47 2 1
3003 287 22 47 2 1
3004 288 12 47 2 1
3005 288 13 47 2 1
3006 288 14 47 2 1
3007 288 15 47 2 1
3008 288 16 47 2 1
3009 288 17 47 2 1
3010 288 18 47 2 1
3011 288 19 47 2 1
3012 288 20 47 2 1
3013 288 21 47 2 1
3014 288 22 47 2 1
3015 289 12 47 2 1
3016 289 13 47 2 1
3017 289 14 47 2 1
3018 289 15 47 2 1
3019 289 16 47 2 1
3020 289 17 47 2 1
3021 289 18 47 2 1
3022 289 19 47 2 1
3023 289 20 47 2 1
3024 289 21 47 2 1
3025 289 22 47 2 1
3026 290 12 47 2 1
3027 290 13 47 2 1
3028 290 14 47 2 1
3029 290 15 47 2 1
3030 290 16 47 2 1
3031 290 17 47 2 1
3032 290 18 47 2 1
3033 290 19 47 2 1
3034 290 20 47 2 1
3035 290 21 47 2 1
3036 290 22 47 2 1
3037 291 12 47 2 1
3038 291 13 47 2 1
3039 291 14 47 2 1
3040 291 15 47 2 1
3041 291 16 47 2 1
3042 291 17 47 2 1
3043 291 18 47 2 1
3044 291 19 47 2 1
3045 291 20 47 2 1
3046 291 21 47 2 1
3047 291 22 47 2 1
3048 292 12 47 2 1
3049 292 13 47 2 1
3050 292 14 47 2 1
3051 292 15 47 2 1
3052 292 16 47 2 1
3053 292 17 47 2 1
3054 292 18 47 2 1
3055 292 19 47 2 1
3056 292 20 47 2 1
3057 292 21 47 2 1
3058 292 22 47 2 1
3059 293 12 47 2 1
3060 293 13 47 2 1
3061 293 14 47 2 1
3062 293 15 47 2 1
3063 293 16 47 2 1
3064 293 17 47 2 1
3065 293 18 47 2 1
3066 293 19 47 2 1
3067 293 20 47 2 1
3068 293 21 47 2 1
3069 293 22 47 2 1
3070 294 12 47 2 1
3071 294 13 47 2 1
3072 294 14 47 2 1
3073 294 15 47 2 1
3074 294 16 47 2 1
3075 294 17 47 2 1
3076 294 18 47 2 1
3077 294 19 47 2 1
3078 294 20 47 2 1
3079 294 21 47 2 1
3080 294 22 47 2 1
3081 295 12 47 2 1
3082 295 13 47 2 1
3083 295 14 47 2 1
3084 295 15 47 2 1
3085 295 16 47 2 1
3086 295 17 47 2 1
3087 295 18 47 2 1
3088 295 19 47 2 1
3089 295 20 47 2 1
3090 295 21 47 2 1
3091 295 22 47 2 1
3092 296 12 47 2 1
3093 296 13 47 2 1
3094 296 14 47 2 1
3095 296 15 47 2 1
3096 296 16 47 2 1
3097 296 17 47 2 1
3098 296 18 47 2 1
3099 296 19 47 2 1
3100 296 20 47 2 1
3101 296 21 47 2 1
3102 296 22 47 2 1
3103 297 12 47 2 1
3104 297 13 47 2 1
3105 297 14 47 2 1
3106 297 15 47 2 1
3107 297 16 47 2 1
3108 297 17 47 2 1
3109 297 18 47 2 1
3110 297 19 47 2 1
3111 297 20 47 2 1
3112 297 21 47 2 1
3113 297 22 47 2 1
3114 298 12 47 2 1
3115 298 13 47 2 1
3116 298 14 47 2 1
3117 298 15 47 2 1
3118 298 16 47 2 1
3119 298 17 47 2 1
3120 298 18 47 2 1
3121 298 19 47 2 1
3122 298 20 47 2 1
3123 298 21 47 2 1
3124 298 22 47 2 1
3125 299 12 47 2 1
3126 299 13 47 2 1
3127 299 14 47 2 1
3128 299 15 47 2 1
3129 299 16 47 2 1
3130 299 17 47 2 1
3131 299 18 47 2 1
3132 299 19 47 2 1
3133 299 20 47 2 1
3134 299 21 47 2 1
3135 299 22 47 2 1
3136 300 12 47 2 1
3137 300 13 47 2 1
3138 300 14 47 2 1
3139 300 15 47 2 1
3140 300 16 47 2 1
3141 300 17 47 2 1
3142 300 18 47 2 1
3143 300 19 47 2 1
3144 300 20 47 2 1
3145 300 21 47 2 1
3146 300 22 47 2 1
3147 301 12 47 2 1
3148 301 13 47 2 1
3149 301 14 47 2 1
3150 301 15 47 2 1
3151 301 16 47 2 1
3152 301 17 47 2 1
3153 301 18 47 2 1
3154 301 19 47 2 1
3155 301 20 47 2 1
3156 301 21 47 2 1
3157 301 22 47 2 1
3158 302 12 47 2 1
3159 302 13 47 2 1
3160 302 14 47 2 1
3161 302 15 47 2 1
3162 302 16 47 2 1
3163 302 17 47 2 1
3164 302 18 47 2 1
3165 302 19 47 2 1
3166 302 20 47 2 1
3167 302 21 47 2 1
3168 302 22 47 2 1
3169 303 12 47 2 1
3170 303 13 47 2 1
3171 303 14 47 2 1
3172 303 15 47 2 1
3173 303 16 47 2 1
3174 303 17 47 2 1
3175 303 18 47 2 1
3176 303 19 47 2 1
3177 303 20 47 2 1
3178 303 21 47 2 1
3179 303 22 47 2 1
3180 304 12 47 2 1
3181 304 13 47 2 1
3182 304 14 47 2 1
3183 304 15 47 2 1
3184 304 16 47 2 1
3185 304 17 47 2 1
3186 304 18 47 2 1
3187 304 19 47 2 1
3188 304 20 47 2 1
3189 304 21 47 2 1
3190 304 22 47 2 1
3191 305 12 47 2 1
3192 305 13 47 2 1
3193 305 14 47 2 1
3194 305 15 47 2 1
3195 305 16 47 2 1
3196 305 17 47 2 1
3197 305 18 47 2 1
3198 305 19 47 2 1
3199 305 20 47 2 1
3200 305 21 47 2 1
3201 305 22 47 2 1
3202 306 12 47 2 1
3203 306 13 47 2 1
3204 306 14 47 2 1
3205 306 15 47 2 1
3206 306 16 47 2 1
3207 306 17 47 2 1
3208 306 18 47 2 1
3209 306 19 47 2 1
3210 306 20 47 2 1
3211 306 21 47 2 1
3212 306 22 47 2 1
3213 307 12 47 2 1
3214 307 13 47 2 1
3215 307 14 47 2 1
3216 307 15 47 2 1
3217 307 16 47 2 1
3218 307 17 47 2 1
3219 307 18 47 2 1
3220 307 19 47 2 1
3221 307 20 47 2 1
3222 307 21 47 2 1
3223 307 22 47 2 1
3224 308 12 47 2 1
3225 308 13 47 2 1
3226 308 14 47 2 1
3227 308 15 47 2 1
3228 308 16 47 2 1
3229 308 17 47 2 1
3230 308 18 47 2 1
3231 308 19 47 2 1
3232 308 20 47 2 1
3233 308 21 47 2 1
3234 308 22 47 2 1
3235 309 12 47 2 1
3236 309 13 47 2 1
3237 309 14 47 2 1
3238 309 15 47 2 1
3239 309 16 47 2 1
3240 309 17 47 2 1
3241 309 18 47 2 1
3242 309 19 47 2 1
3243 309 20 47 2 1
3244 309 21 47 2 1
3245 309 22 47 2 1
3246 310 12 47 2 1
3247 310 13 47 2 1
3248 310 14 47 2 1
3249 310 15 47 2 1
3250 310 16 47 2 1
3251 310 17 47 2 1
3252 310 18 47 2 1
3253 310 19 47 2 1
3254 310 20 47 2 1
3255 310 21 47 2 1
3256 310 22 47 2 1
3257 311 12 47 2 1
3258 311 13 47 2 1
3259 311 14 47 2 1
3260 311 15 47 2 1
3261 311 16 47 2 1
3262 311 17 47 2 1
3263 311 18 47 2 1
3264 311 19 47 2 1
3265 311 20 47 2 1
3266 311 21 47 2 1
3267 311 22 47 2 1
3268 312 12 47 2 1
3269 312 13 47 2 1
3270 312 14 47 2 1
3271 312 15 47 2 1
3272 312 16 47 2 1
3273 312 17 47 2 1
3274 312 18 47 2 1
3275 312 19 47 2 1
3276 312 20 47 2 1
3277 312 21 47 2 1
3278 312 22 47 2 1
3279 313 12 47 2 1
3280 313 13 47 2 1
3281 313 14 47 2 1
3282 313 15 47 2 1
3283 313 16 47 2 1
3284 313 17 47 2 1
3285 313 18 47 2 1
3286 313 19 47 2 1
3287 313 20 47 2 1
3288 313 21 47 2 1
3289 313 22 47 2 1
3290 314 12 47 2 1
3291 314 13 47 2 1
3292 314 14 47 2 1
3293 314 15 47 2 1
3294 314 16 47 2 1
3295 314 17 47 2 1
3296 314 18 47 2 1
3297 314 19 47 2 1
3298 314 20 47 2 1
3299 314 21 47 2 1
3300 314 22 47 2 1
3301 315 12 47 2 1
3302 315 13 47 2 1
3303 315 14 47 2 1
3304 315 15 47 2 1
3305 315 16 47 2 1
3306 315 17 47 2 1
3307 315 18 47 2 1
3308 315 19 47 2 1
3309 315 20 47 2 1
3310 315 21 47 2 1
3311 315 22 47 2 1
3312 316 12 47 2 1
3313 316 13 47 2 1
3314 316 14 47 2 1
3315 316 15 47 2 1
3316 316 16 47 2 1
3317 316 17 47 2 1
3318 316 18 47 2 1
3319 316 19 47 2 1
3320 316 20 47 2 1
3321 316 21 47 2 1
3322 316 22 47 2 1
3323 317 12 47 2 1
3324 317 13 47 2 1
3325 317 14 47 2 1
3326 317 15 47 2 1
3327 317 16 47 2 1
3328 317 17 47 2 1
3329 317 18 47 2 1
3330 317 19 47 2 1
3331 317 20 47 2 1
3332 317 21 47 2 1
3333 317 22 47 2 1
3334 318 12 47 2 1
3335 318 13 47 2 1
3336 318 14 47 2 1
3337 318 15 47 2 1
3338 318 16 47 2 1
3339 318 19 47 2 1
3340 318 20 47 2 1
3341 318 21 47 2 1
3342 318 22 47 2 1
3343 319 12 47 2 1
3344 319 13 47 2 1
3345 319 14 47 2 1
3346 319 15 47 2 1
3347 319 16 47 2 1
3348 319 19 47 2 1
3349 319 20 47 2 1
3350 319 21 47 2 1
3351 319 22 47 2 1
3352 320 12 47 2 1
3353 320 13 47 2 1
3354 320 14 47 2 1
3355 320 15 47 2 1
3356 320 18 47 2 1
3357 320 19 47 2 1
3358 320 20 47 2 1
3359 320 21 47 2 1
3360 320 22 47 2 1
3361 321 12 47 2 1
3362 321 13 47 2 1
3363 321 14 47 2 1
3364 321 15 47 2 1
3365 321 18 47 2 1
3366 321 19 47 2 1
3367 321 20 47 2 1
3368 321 21 47 2 1
3369 321 22 47 2 1
3370 322 12 47 2 1
3371 322 13 47 2 1
3372 322 14 47 2 1
3373 322 15 47 2 1
3374 322 16 47 2 1
3375 322 17 47 2 1
3376 322 18 47 2 1
3377 322 19 47 2 1
3378 322 20 47 2 1
3379 322 21 47 2 1
3380 322 22 47 2 1
3381 323 12 47 2 1
3382 323 13 47 2 1
3383 323 14 47 2 1
3384 323 15 47 2 1
3385 323 16 47 2 1
3386 323 17 47 2 1
3387 323 18 47 2 1
3388 323 19 47 2 1
3389 323 20 47 2 1
3390 323 21 47 2 1
3391 323 22 47 2 1
3392 324 12 47 2 1
3393 324 13 47 2 1
3394 324 14 47 2 1
3395 324 15 47 2 1
3396 324 16 47 2 1
3397 324 17 47 2 1
3398 324 18 47 2 1
3399 324 19 47 2 1
3400 324 20 47 2 1
3401 324 21 47 2 1
3402 324 22 47 2 1
3403 325 12 47 2 1
3404 325 13 47 2 1
3405 325 14 47 2 1
3406 325 15 47 2 1
3407 325 16 47 2 1
3408 325 17 47 2 1
3409 325 18 47 2 1
3410 325 19 47 2 1
3411 325 20 47 2 1
3412 325 21 47 2 1
3413 325 22 47 2 1
3414 326 12 47 2 1
3415 326 13 47 2 1
3416 326 14 47 2 1
3417 326 15 47 2 1
3418 326 16 47 2 1
3419 326 17 47 2 1
3420 326 18 47 2 1
3421 326 19 47 2 1
3422 326 20 47 2 1
3423 326 21 47 2 1
3424 326 22 47 2 1
3425 327 12 47 2 1
3426 327 13 47 2 1
3427 327 14 47 2 1
3428 327 15 47 2 1
3429 327 16 47 2 1
3430 327 17 47 2 1
3431 327 18 47 2 1
3432 327 19 47 2 1
3433 327 20 47 2 1
3434 327 21 47 2 1
3435 327 22 47 2 1
3436 328 12 47 2 1
3437 328 13 47 2 1
3438 328 14 47 2 1
3439 328 15 47 2 1
3440 328 16 47 2 1
3441 328 17 47 2 1
3442 328 18 47 2 1
3443 328 19 47 2 1
3444 328 20 47 2 1
3445 328 21 47 2 1
3446 328 22 47 2 1
3447 329 12 47 2 1
3448 329 13 47 2 1
3449 329 14 47 2 1
3450 329 15 47 2 1
3451 329 16 47 2 1
3452 329 17 47 2 1
3453 329 18 47 2 1
3454 329 19 47 2 1
3455 329 20 47 2 1
3456 329 21 47 2 1
3457 329 22 47 2 1
3458 330 12 47 2 1
3459 330 13 47 2 1
3460 330 14 47 2 1
3461 330 15 47 2 1
3462 330 16 47 2 1
3463 330 17 47 2 1
3464 330 18 47 2 1
3465 330 19 47 2 1
3466 330 20 47 2 1
3467 330 21 47 2 1
3468 330 22 47 2 1
3469 331 12 47 2 1
3470 331 13 47 2 1
3471 331 14 47 2 1
3472 331 15 47 2 1
3473 331 16 47 2 1
3474 331 17 47 2 1
3475 331 18 47 2 1
3476 331 19 47 2 1
3477 331 20 47 2 1
3478 331 21 47 2 1
3479 331 22 47 2 1
3480 332 12 47 2 1
3481 332 13 47 2 1
3482 332 14 47 2 1
3483 332 15 47 2 1
3484 332 16 47 2 1
3485 332 17 47 2 1
3486 332 18 47 2 1
3487 332 19 47 2 1
3488 332 20 47 2 1
3489 332 21 47 2 1
3490 332 22 47 2 1
3491 333 12 47 2 1
3492 333 13 47 2 1
3493 333 14 47 2 1
3494 333 15 47 2 1
3495 333 16 47 2 1
3496 333 17 47 2 1
3497 333 18 47 2 1
3498 333 19 47 2 1
3499 333 20 47 2 1
3500 333 21 47 2 1
3501 333 22 47 2 1
3502 334 12 47 2 1
3503 334 13 47 2 1
3504 334 14 47 2 1
3505 334 15 47 2 1
3506 334 16 47 2 1
3507 334 17 47 2 1
3508 334 18 47 2 1
3509 334 19 47 2 1
3510 334 20 47 2 1
3511 334 21 47 2 1
3512 334 22 47 2 1
3513 335 12 47 2 1
3514 335 13 47 2 1
3515 335 14 47 2 1
3516 335 15 47 2 1
3517 335 16 47 2 1
3518 335 17 47 2 1
3519 335 18 47 2 1
3520 335 19 47 2 1
3521 335 20 47 2 1
3522 335 21 47 2 1
3523 335 22 47 2 1
3524 336 12 47 2 1
3525 336 13 47 2 1
3526 336 14 47 2 1
3527 336 15 47 2 1
3528 336 16 47 2 1
3529 336 17 47 2 1
3530 336 18 47 2 1
3531 336 19 47 2 1
3532 336 20 47 2 1
3533 336 21 47 2 1
3534 336 22 47 2 1
3535 337 12 47 2 1
3536 337 13 47 2 1
3537 337 14 47 2 1
3538 337 15 47 2 1
3539 337 16 47 2 1
3540 337 17 47 2 1
3541 337 18 47 2 1
3542 337 19 47 2 1
3543 337 20 47 2 1
3544 337 21 47 2 1
3545 337 22 47 2 1
3546 338 12 47 2 1
3547 338 13 47 2 1
3548 338 14 47 2 1
3549 338 15 47 2 1
3550 338 16 47 2 1
3551 338 17 47 2 1
3552 338 18 47 2 1
3553 338 19 47 2 1
3554 338 20 47 2 1
3555 338 21 47 2 1
3556 338 22 47 2 1
3557 339 12 47 2 1
3558 339 13 47 2 1
3559 339 14 47 2 1
3560 339 15 47 2 1
3561 339 16 47 2 1
3562 339 17 47 2 1
3563 339 18 47 2 1
3564 339 19 47 2 1
3565 339 20 47 2 1
3566 339 21 47 2 1
3567 339 22 47 2 1
3568 340 12 47 2 1
3569 340 13 47 2 1
3570 340 14 47 2 1
3571 340 15 47 2 1
3572 340 16 47 2 1
3573 340 17 47 2 1
3574 340 18 47 2 1
3575 340 19 47 2 1
3576 340 20 47 2 1
3577 340 21 47 2 1
3578 340 22 47 2 1
3579 341 12 47 2 1
3580 341 13 47 2 1
3581 341 14 47 2 1
3582 341 15 47 2 1
3583 341 16 47 2 1
3584 341 17 47 2 1
3585 341 18 47 2 1
3586 341 19 47 2 1
3587 341 20 47 2 1
3588 341 21 47 2 1
3589 341 22 47 2 1
3590 342 14 47 2 1
3591 342 15 47 2 1
3592 342 16 47 2 1
3593 342 17 47 2 1
3594 342 18 47 2 1
3595 342 19 47 2 1
3596 342 20 47 2 1
3597 342 21 47 2 1
3598 342 22 47 2 1
3599 343 14 47 2 1
3600 343 15 47 2 1
3601 343 16 47 2 1
3602 343 17 47 2 1
3603 343 18 47 2 1
3604 343 19 47 2 1
3605 343 20 47 2 1
3606 343 21 47 2 1
3607 343 22 47 2 1
3608 344 12 47 2 1
3609 344 13 47 2 1
3610 344 14 47 2 1
3611 344 15 47 2 1
3612 344 16 47 2 1
3613 344 17 47 2 1
3614 344 18 47 2 1
3615 344 19 47 2 1
3616 344 20 47 2 1
3617 345 12 47 2 1
3618 345 13 47 2 1
3619 345 14 47 2 1
3620 345 15 47 2 1
3621 345 16 47 2 1
3622 345 17 47 2 1
3623 345 18 47 2 1
3624 345 19 47 2 1
3625 345 20 47 2 1
3626 346 12 47 2 1
3627 346 13 47 2 1
3628 346 14 47 2 1
3629 346 15 47 2 1
3630 346 16 47 2 1
3631 346 17 47 2 1
3632 346 18 47 2 1
3633 346 19 47 2 1
3634 346 20 47 2 1
3635 346 21 47 2 1
3636 346 22 47 2 1
3637 347 12 47 2 1
3638 347 13 47 2 1
3639 347 14 47 2 1
3640 347 15 47 2 1
3641 347 16 47 2 1
3642 347 17 47 2 1
3643 347 18 47 2 1
3644 347 19 47 2 1
3645 347 20 47 2 1
3646 347 21 47 2 1
3647 347 22 47 2 1
3648 348 12 47 2 1
3649 348 13 47 2 1
3650 348 14 47 2 1
3651 348 15 47 2 1
3652 348 16 47 2 1
3653 348 17 47 2 1
3654 348 18 47 2 1
3655 348 19 47 2 1
3656 348 20 47 2 1
3657 348 21 47 2 1
3658 348 22 47 2 1
3659 349 12 47 2 1
3660 349 13 47 2 1
3661 349 14 47 2 1
3662 349 15 47 2 1
3663 349 16 47 2 1
3664 349 17 47 2 1
3665 349 18 47 2 1
3666 349 19 47 2 1
3667 349 20 47 2 1
3668 349 21 47 2 1
3669 349 22 47 2 1
3670 350 12 47 2 1
3671 350 13 47 2 1
3672 350 14 47 2 1
3673 350 15 47 2 1
3674 350 16 47 2 1
3675 350 17 47 2 1
3676 350 18 47 2 1
3677 350 19 47 2 1
3678 350 20 47 2 1
3679 350 21 47 2 1
3680 350 22 47 2 1
3681 351 12 47 2 1
3682 351 13 47 2 1
3683 351 14 47 2 1
3684 351 15 47 2 1
3685 351 16 47 2 1
3686 351 17 47 2 1
3687 351 18 47 2 1
3688 351 19 47 2 1
3689 351 20 47 2 1
3690 351 21 47 2 1
3691 351 22 47 2 1
3692 352 12 47 2 1
3693 352 13 47 2 1
3694 352 14 47 2 1
3695 352 15 47 2 1
3696 352 16 47 2 1
3697 352 17 47 2 1
3698 352 18 47 2 1
3699 352 19 47 2 1
3700 352 20 47 2 1
3701 352 21 47 2 1
3702 352 22 47 2 1
3703 353 12 47 2 1
3704 353 13 47 2 1
3705 353 14 47 2 1
3706 353 15 47 2 1
3707 353 16 47 2 1
3708 353 17 47 2 1
3709 353 18 47 2 1
3710 353 19 47 2 1
3711 353 20 47 2 1
3712 353 21 47 2 1
3713 353 22 47 2 1
3714 354 12 47 2 1
3715 354 13 47 2 1
3716 354 14 47 2 1
3717 354 15 47 2 1
3718 354 16 47 2 1
3719 354 17 47 2 1
3720 354 18 47 2 1
3721 354 19 47 2 1
3722 354 20 47 2 1
3723 354 21 47 2 1
3724 354 22 47 2 1
3725 355 12 47 2 1
3726 355 13 47 2 1
3727 355 14 47 2 1
3728 355 15 47 2 1
3729 355 16 47 2 1
3730 355 17 47 2 1
3731 355 18 47 2 1
3732 355 19 47 2 1
3733 355 20 47 2 1
3734 355 21 47 2 1
3735 355 22 47 2 1
3736 356 12 47 2 1
3737 356 13 47 2 1
3738 356 14 47 2 1
3739 356 15 47 2 1
3740 356 16 47 2 1
3741 356 17 47 2 1
3742 356 18 47 2 1
3743 356 19 47 2 1
3744 356 20 47 2 1
3745 356 21 47 2 1
3746 356 22 47 2 1
3747 357 12 47 2 1
3748 357 13 47 2 1
3749 357 14 47 2 1
3750 357 15 47 2 1
3751 357 16 47 2 1
3752 357 17 47 2 1
3753 357 18 47 2 1
3754 357 19 47 2 1
3755 357 20 47 2 1
3756 357 21 47 2 1
3757 357 22 47 2 1
3758 358 12 47 2 1
3759 358 13 47 2 1
3760 358 14 47 2 1
3761 358 15 47 2 1
3762 358 16 47 2 1
3763 358 17 47 2 1
3764 358 18 47 2 1
3765 358 19 47 2 1
3766 358 20 47 2 1
3767 358 21 47 2 1
3768 358 22 47 2 1
3769 359 12 47 2 1
3770 359 13 47 2 1
3771 359 14 47 2 1
3772 359 15 47 2 1
3773 359 16 47 2 1
3774 359 17 47 2 1
3775 359 18 47 2 1
3776 359 19 47 2 1
3777 359 20 47 2 1
3778 359 21 47 2 1
3779 359 22 47 2 1
3780 360 12 47 2 1
3781 360 13 47 2 1
3782 360 14 47 2 1
3783 360 15 47 2 1
3784 360 16 47 2 1
3785 360 17 47 2 1
3786 360 18 47 2 1
3787 360 19 47 2 1
3788 360 20 47 2 1
3789 360 21 47 2 1
3790 360 22 47 2 1
3791 361 12 47 2 1
3792 361 13 47 2 1
3793 361 14 47 2 1
3794 361 15 47 2 1
3795 361 16 47 2 1
3796 361 17 47 2 1
3797 361 18 47 2 1
3798 361 19 47 2 1
3799 361 20 47 2 1
3800 361 21 47 2 1
3801 361 22 47 2 1
3802 362 12 47 2 1
3803 362 13 47 2 1
3804 362 14 47 2 1
3805 362 15 47 2 1
3806 362 16 47 2 1
3807 362 17 47 2 1
3808 362 18 47 2 1
3809 362 19 47 2 1
3810 362 20 47 2 1
3811 362 21 47 2 1
3812 362 22 47 2 1
3813 363 12 47 2 1
3814 363 13 47 2 1
3815 363 14 47 2 1
3816 363 15 47 2 1
3817 363 16 47 2 1
3818 363 17 47 2 1
3819 363 18 47 2 1
3820 363 19 47 2 1
3821 363 20 47 2 1
3822 363 21 47 2 1
3823 363 22 47 2 1
3824 364 12 47 2 1
3825 364 13 47 2 1
3826 364 14 47 2 1
3827 364 15 47 2 1
3828 364 16 47 2 1
3829 364 17 47 2 1
3830 364 18 47 2 1
3831 364 19 47 2 1
3832 364 20 47 2 1
3833 364 21 47 2 1
3834 364 22 47 2 1
3835 365 12 47 2 1
3836 365 13 47 2 1
3837 365 14 47 2 1
3838 365 15 47 2 1
3839 365 16 47 2 1
3840 365 17 47 2 1
3841 365 18 47 2 1
3842 365 19 47 2 1
3843 365 20 47 2 1
3844 365 21 47 2 1
3845 365 22 47 2 1
3846 366 12 47 2 1
3847 366 13 47 2 1
3848 366 14 47 2 1
3849 366 15 47 2 1
3850 366 16 47 2 1
3851 366 17 47 2 1
3852 366 18 47 2 1
3853 366 19 47 2 1
3854 366 20 47 2 1
3855 366 21 47 2 1
3856 366 22 47 2 1
3857 367 12 47 2 1
3858 367 13 47 2 1
3859 367 14 47 2 1
3860 367 15 47 2 1
3861 367 16 47 2 1
3862 367 17 47 2 1
3863 367 18 47 2 1
3864 367 19 47 2 1
3865 367 20 47 2 1
3866 367 21 47 2 1
3867 367 22 47 2 1
3868 368 12 47 2 1
3869 368 13 47 2 1
3870 368 14 47 2 1
3871 368 15 47 2 1
3872 368 16 47 2 1
3873 368 17 47 2 1
3874 368 18 47 2 1
3875 368 19 47 2 1
3876 368 20 47 2 1
3877 368 21 47 2 1
3878 368 22 47 2 1
3879 369 12 47 2 1
3880 369 13 47 2 1
3881 369 14 47 2 1
3882 369 15 47 2 1
3883 369 16 47 2 1
3884 369 17 47 2 1
3885 369 18 47 2 1
3886 369 19 47 2 1
3887 369 20 47 2 1
3888 369 21 47 2 1
3889 369 22 47 2 1
3890 370 12 47 2 1
3891 370 13 47 2 1
3892 370 14 47 2 1
3893 370 15 47 2 1
3894 370 16 47 2 1
3895 370 17 47 2 1
3896 370 18 47 2 1
3897 370 19 47 2 1
3898 370 20 47 2 1
3899 370 21 47 2 1
3900 370 22 47 2 1
3901 371 12 47 2 1
3902 371 13 47 2 1
3903 371 14 47 2 1
3904 371 15 47 2 1
3905 371 16 47 2 1
3906 371 17 47 2 1
3907 371 18 47 2 1
3908 371 19 47 2 1
3909 371 20 47 2 1
3910 371 21 47 2 1
3911 371 22 47 2 1
3912 372 12 47 2 1
3913 372 13 47 2 1
3914 372 14 47 2 1
3915 372 15 47 2 1
3916 372 16 47 2 1
3917 372 17 47 2 1
3918 372 18 47 2 1
3919 372 19 47 2 1
3920 372 20 47 2 1
3921 372 21 47 2 1
3922 372 22 47 2 1
3923 373 12 47 2 1
3924 373 13 47 2 1
3925 373 14 47 2 1
3926 373 15 47 2 1
3927 373 16 47 2 1
3928 373 17 47 2 1
3929 373 18 47 2 1
3930 373 19 47 2 1
3931 373 20 47 2 1
3932 373 21 47 2 1
3933 373 22 47 2 1
3934 374 12 47 2 1
3935 374 13 47 2 1
3936 374 14 47 2 1
3937 374 15 47 2 1
3938 374 16 47 2 1
3939 374 17 47 2 1
3940 374 18 47 2 1
3941 374 19 47 2 1
3942 374 20 47 2 1
3943 374 21 47 2 1
3944 374 22 47 2 1
3945 375 12 47 2 1
3946 375 13 47 2 1
3947 375 14 47 2 1
3948 375 15 47 2 1
3949 375 16 47 2 1
3950 375 17 47 2 1
3951 375 18 47 2 1
3952 375 19 47 2 1
3953 375 20 47 2 1
3954 375 21 47 2 1
3955 375 22 47 2 1
3956 376 12 47 2 1
3957 376 13 47 2 1
3958 376 14 47 2 1
3959 376 15 47 2 1
3960 376 16 47 2 1
3961 376 17 47 2 1
3962 376 18 47 2 1
3963 376 19 47 2 1
3964 376 20 47 2 1
3965 376 21 47 2 1
3966 376 22 47 2 1
3967 377 12 47 2 1
3968 377 13 47 2 1
3969 377 14 47 2 1
3970 377 15 47 2 1
3971 377 16 47 2 1
3972 377 17 47 2 1
3973 377 18 47 2 1
3974 377 19 47 2 1
3975 377 20 47 2 1
3976 377 21 47 2 1
3977 377 22 47 2 1
3978 378 12 47 2 1
3979 378 13 47 2 1
3980 378 14 47 2 1
3981 378 15 47 2 1
3982 378 16 47 2 1
3983 378 19 47 2 1
3984 378 20 47 2 1
3985 378 21 47 2 1
3986 378 22 47 2 1
3987 379 12 47 2 1
3988 379 13 47 2 1
3989 379 14 47 2 1
3990 379 15 47 2 1
3991 379 16 47 2 1
3992 379 19 47 2 1
3993 379 20 47 2 1
3994 379 21 47 2 1
3995 379 22 47 2 1
3996 380 12 47 2 1
3997 380 13 47 2 1
3998 380 14 47 2 1
3999 380 15 47 2 1
4000 380 18 47 2 1
4001 380 19 47 2 1
4002 380 20 47 2 1
4003 380 21 47 2 1
4004 380 22 47 2 1
4005 381 12 47 2 1
4006 381 13 47 2 1
4007 381 14 47 2 1
4008 381 15 47 2 1
4009 381 18 47 2 1
4010 381 19 47 2 1
4011 381 20 47 2 1
4012 381 21 47 2 1
4013 381 22 47 2 1
4014 382 12 47 2 1
4015 382 13 47 2 1
4016 382 14 47 2 1
4017 382 15 47 2 1
4018 382 16 47 2 1
4019 382 17 47 2 1
4020 382 18 47 2 1
4021 382 19 47 2 1
4022 382 20 47 2 1
4023 382 21 47 2 1
4024 382 22 47 2 1
4025 383 12 47 2 1
4026 383 13 47 2 1
4027 383 14 47 2 1
4028 383 15 47 2 1
4029 383 16 47 2 1
4030 383 17 47 2 1
4031 383 18 47 2 1
4032 383 19 47 2 1
4033 383 20 47 2 1
4034 383 21 47 2 1
4035 383 22 47 2 1
4036 384 12 47 2 1
4037 384 13 47 2 1
4038 384 14 47 2 1
4039 384 15 47 2 1
4040 384 16 47 2 1
4041 384 17 47 2 1
4042 384 18 47 2 1
4043 384 19 47 2 1
4044 384 20 47 2 1
4045 384 21 47 2 1
4046 384 22 47 2 1
4047 385 12 47 2 1
4048 385 13 47 2 1
4049 385 14 47 2 1
4050 385 15 47 2 1
4051 385 16 47 2 1
4052 385 17 47 2 1
4053 385 18 47 2 1
4054 385 19 47 2 1
4055 385 20 47 2 1
4056 385 21 47 2 1
4057 385 22 47 2 1
4058 386 12 47 2 1
4059 386 13 47 2 1
4060 386 14 47 2 1
4061 386 15 47 2 1
4062 386 16 47 2 1
4063 386 17 47 2 1
4064 386 18 47 2 1
4065 386 19 47 2 1
4066 386 20 47 2 1
4067 386 21 47 2 1
4068 386 22 47 2 1
4069 387 12 47 2 1
4070 387 13 47 2 1
4071 387 14 47 2 1
4072 387 15 47 2 1
4073 387 16 47 2 1
4074 387 17 47 2 1
4075 387 18 47 2 1
4076 387 19 47 2 1
4077 387 20 47 2 1
4078 387 21 47 2 1
4079 387 22 47 2 1
4080 388 12 47 2 1
4081 388 13 47 2 1
4082 388 14 47 2 1
4083 388 15 47 2 1
4084 388 16 47 2 1
4085 388 17 47 2 1
4086 388 18 47 2 1
4087 388 19 47 2 1
4088 388 20 47 2 1
4089 388 21 47 2 1
4090 388 22 47 2 1
4091 389 12 47 2 1
4092 389 13 47 2 1
4093 389 14 47 2 1
4094 389 15 47 2 1
4095 389 16 47 2 1
4096 389 17 47 2 1
4097 389 18 47 2 1
4098 389 19 47 2 1
4099 389 20 47 2 1
4100 389 21 47 2 1
4101 389 22 47 2 1
4102 390 12 47 2 1
4103 390 13 47 2 1
4104 390 14 47 2 1
4105 390 15 47 2 1
4106 390 16 47 2 1
4107 390 17 47 2 1
4108 390 18 47 2 1
4109 390 19 47 2 1
4110 390 20 47 2 1
4111 390 21 47 2 1
4112 390 22 47 2 1
4113 391 12 47 2 1
4114 391 13 47 2 1
4115 391 14 47 2 1
4116 391 15 47 2 1
4117 391 16 47 2 1
4118 391 17 47 2 1
4119 391 18 47 2 1
4120 391 19 47 2 1
4121 391 20 47 2 1
4122 391 21 47 2 1
4123 391 22 47 2 1
4124 392 12 47 2 1
4125 392 13 47 2 1
4126 392 14 47 2 1
4127 392 15 47 2 1
4128 392 16 47 2 1
4129 392 17 47 2 1
4130 392 18 47 2 1
4131 392 19 47 2 1
4132 392 20 47 2 1
4133 392 21 47 2 1
4134 392 22 47 2 1
4135 393 12 47 2 1
4136 393 13 47 2 1
4137 393 14 47 2 1
4138 393 15 47 2 1
4139 393 16 47 2 1
4140 393 17 47 2 1
4141 393 18 47 2 1
4142 393 19 47 2 1
4143 393 20 47 2 1
4144 393 21 47 2 1
4145 393 22 47 2 1
4146 394 12 47 2 1
4147 394 13 47 2 1
4148 394 14 47 2 1
4149 394 15 47 2 1
4150 394 16 47 2 1
4151 394 17 47 2 1
4152 394 18 47 2 1
4153 394 19 47 2 1
4154 394 20 47 2 1
4155 394 21 47 2 1
4156 394 22 47 2 1
4157 395 12 47 2 1
4158 395 13 47 2 1
4159 395 14 47 2 1
4160 395 15 47 2 1
4161 395 16 47 2 1
4162 395 17 47 2 1
4163 395 18 47 2 1
4164 395 19 47 2 1
4165 395 20 47 2 1
4166 395 21 47 2 1
4167 395 22 47 2 1
4168 396 12 47 2 1
4169 396 13 47 2 1
4170 396 14 47 2 1
4171 396 15 47 2 1
4172 396 16 47 2 1
4173 396 17 47 2 1
4174 396 18 47 2 1
4175 396 19 47 2 1
4176 396 20 47 2 1
4177 396 21 47 2 1
4178 396 22 47 2 1
4179 397 12 47 2 1
4180 397 13 47 2 1
4181 397 14 47 2 1
4182 397 15 47 2 1
4183 397 16 47 2 1
4184 397 17 47 2 1
4185 397 18 47 2 1
4186 397 19 47 2 1
4187 397 20 47 2 1
4188 397 21 47 2 1
4189 397 22 47 2 1
4190 398 12 47 2 1
4191 398 13 47 2 1
4192 398 14 47 2 1
4193 398 15 47 2 1
4194 398 16 47 2 1
4195 398 17 47 2 1
4196 398 18 47 2 1
4197 398 19 47 2 1
4198 398 20 47 2 1
4199 398 21 47 2 1
4200 398 22 47 2 1
4201 399 12 47 2 1
4202 399 13 47 2 1
4203 399 14 47 2 1
4204 399 15 47 2 1
4205 399 16 47 2 1
4206 399 17 47 2 1
4207 399 18 47 2 1
4208 399 19 47 2 1
4209 399 20 47 2 1
4210 399 21 47 2 1
4211 399 22 47 2 1
4212 400 12 47 2 1
4213 400 13 47 2 1
4214 400 14 47 2 1
4215 400 15 47 2 1
4216 400 16 47 2 1
4217 400 17 47 2 1
4218 400 18 47 2 1
4219 400 19 47 2 1
4220 400 20 47 2 1
4221 400 21 47 2 1
4222 400 22 47 2 1
4223 401 12 47 2 1
4224 401 13 47 2 1
4225 401 14 47 2 1
4226 401 15 47 2 1
4227 401 16 47 2 1
4228 401 17 47 2 1
4229 401 18 47 2 1
4230 401 19 47 2 1
4231 401 20 47 2 1
4232 401 21 47 2 1
4233 401 22 47 2 1
4234 402 12 47 2 1
4235 402 13 47 2 1
4236 402 14 47 2 1
4237 402 15 47 2 1
4238 402 16 47 2 1
4239 402 17 47 2 1
4240 402 18 47 2 1
4241 402 19 47 2 1
4242 402 20 47 2 1
4243 402 21 47 2 1
4244 402 22 47 2 1
4245 403 12 47 2 1
4246 403 13 47 2 1
4247 403 14 47 2 1
4248 403 15 47 2 1
4249 403 16 47 2 1
4250 403 17 47 2 1
4251 403 18 47 2 1
4252 403 19 47 2 1
4253 403 20 47 2 1
4254 403 21 47 2 1
4255 403 22 47 2 1
4256 404 12 47 2 1
4257 404 13 47 2 1
4258 404 14 47 2 1
4259 404 15 47 2 1
4260 404 16 47 2 1
4261 404 17 47 2 1
4262 404 18 47 2 1
4263 404 19 47 2 1
4264 404 20 47 2 1
4265 404 21 47 2 1
4266 404 22 47 2 1
4267 405 12 47 2 1
4268 405 13 47 2 1
4269 405 14 47 2 1
4270 405 15 47 2 1
4271 405 16 47 2 1
4272 405 17 47 2 1
4273 405 18 47 2 1
4274 405 19 47 2 1
4275 405 20 47 2 1
4276 405 21 47 2 1
4277 405 22 47 2 1
4278 406 12 47 2 1
4279 406 13 47 2 1
4280 406 14 47 2 1
4281 406 15 47 2 1
4282 406 16 47 2 1
4283 406 17 47 2 1
4284 406 18 47 2 1
4285 406 19 47 2 1
4286 406 20 47 2 1
4287 406 21 47 2 1
4288 406 22 47 2 1
4289 407 12 47 2 1
4290 407 13 47 2 1
4291 407 14 47 2 1
4292 407 15 47 2 1
4293 407 16 47 2 1
4294 407 17 47 2 1
4295 407 18 47 2 1
4296 407 19 47 2 1
4297 407 20 47 2 1
4298 407 21 47 2 1
4299 407 22 47 2 1
4300 408 12 47 2 1
4301 408 13 47 2 1
4302 408 14 47 2 1
4303 408 15 47 2 1
4304 408 16 47 2 1
4305 408 17 47 2 1
4306 408 18 47 2 1
4307 408 19 47 2 1
4308 408 20 47 2 1
4309 408 21 47 2 1
4310 408 22 47 2 1
4311 409 12 47 2 1
4312 409 13 47 2 1
4313 409 14 47 2 1
4314 409 15 47 2 1
4315 409 16 47 2 1
4316 409 17 47 2 1
4317 409 18 47 2 1
4318 409 19 47 2 1
4319 409 20 47 2 1
4320 409 21 47 2 1
4321 409 22 47 2 1
4322 410 12 47 2 1
4323 410 13 47 2 1
4324 410 14 47 2 1
4325 410 15 47 2 1
4326 410 16 47 2 1
4327 410 17 47 2 1
4328 410 18 47 2 1
4329 410 19 47 2 1
4330 410 20 47 2 1
4331 410 21 47 2 1
4332 410 22 47 2 1
4333 411 12 47 2 1
4334 411 13 47 2 1
4335 411 14 47 2 1
4336 411 15 47 2 1
4337 411 16 47 2 1
4338 411 17 47 2 1
4339 411 18 47 2 1
4340 411 19 47 2 1
4341 411 20 47 2 1
4342 411 21 47 2 1
4343 411 22 47 2 1
4344 412 12 47 2 1
4345 412 13 47 2 1
4346 412 14 47 2 1
4347 412 15 47 2 1
4348 412 16 47 2 1
4349 412 17 47 2 1
4350 412 18 47 2 1
4351 412 19 47 2 1
4352 412 20 47 2 1
4353 412 21 47 2 1
4354 412 22 47 2 1
4355 413 12 47 2 1
4356 413 13 47 2 1
4357 413 14 47 2 1
4358 413 15 47 2 1
4359 413 16 47 2 1
4360 413 17 47 2 1
4361 413 18 47 2 1
4362 413 19 47 2 1
4363 413 20 47 2 1
4364 413 21 47 2 1
4365 413 22 47 2 1
4366 414 12 47 2 1
4367 414 13 47 2 1
4368 414 14 47 2 1
4369 414 15 47 2 1
4370 414 16 47 2 1
4371 414 17 47 2 1
4372 414 18 47 2 1
4373 414 19 47 2 1
4374 414 20 47 2 1
4375 414 21 47 2 1
4376 414 22 47 2 1
4377 415 12 47 2 1
4378 415 13 47 2 1
4379 415 14 47 2 1
4380 415 15 47 2 1
4381 415 16 47 2 1
4382 415 17 47 2 1
4383 415 18 47 2 1
4384 415 19 47 2 1
4385 415 20 47 2 1
4386 415 21 47 2 1
4387 415 22 47 2 1
4388 416 12 47 2 1
4389 416 13 47 2 1
4390 416 14 47 2 1
4391 416 15 47 2 1
4392 416 16 47 2 1
4393 416 17 47 2 1
4394 416 18 47 2 1
4395 416 19 47 2 1
4396 416 20 47 2 1
4397 416 21 47 2 1
4398 416 22 47 2 1
4399 417 12 47 2 1
4400 417 13 47 2 1
4401 417 14 47 2 1
4402 417 15 47 2 1
4403 417 16 47 2 1
4404 417 17 47 2 1
4405 417 18 47 2 1
4406 417 19 47 2 1
4407 417 20 47 2 1
4408 417 21 47 2 1
4409 417 22 47 2 1
4410 418 12 47 2 1
4411 418 13 47 2 1
4412 418 14 47 2 1
4413 418 15 47 2 1
4414 418 16 47 2 1
4415 418 17 47 2 1
4416 418 18 47 2 1
4417 418 19 47 2 1
4418 418 20 47 2 1
4419 418 21 47 2 1
4420 418 22 47 2 1
4421 419 12 47 2 1
4422 419 13 47 2 1
4423 419 14 47 2 1
4424 419 15 47 2 1
4425 419 16 47 2 1
4426 419 17 47 2 1
4427 419 18 47 2 1
4428 419 19 47 2 1
4429 419 20 47 2 1
4430 419 21 47 2 1
4431 419 22 47 2 1
4432 420 12 47 2 1
4433 420 13 47 2 1
4434 420 14 47 2 1
4435 420 15 47 2 1
4436 420 16 47 2 1
4437 420 17 47 2 1
4438 420 20 47 2 1
4439 420 21 47 2 1
4440 420 22 47 2 1
4441 421 12 47 2 1
4442 421 13 47 2 1
4443 421 14 47 2 1
4444 421 15 47 2 1
4445 421 16 47 2 1
4446 421 17 47 2 1
4447 421 20 47 2 1
4448 421 21 47 2 1
4449 421 22 47 2 1
4450 422 12 47 2 1
4451 422 13 47 2 1
4452 422 14 47 2 1
4453 422 17 47 2 1
4454 422 18 47 2 1
4455 422 19 47 2 1
4456 422 20 47 2 1
4457 422 21 47 2 1
4458 422 22 47 2 1
4459 423 12 47 2 1
4460 423 13 47 2 1
4461 423 14 47 2 1
4462 423 17 47 2 1
4463 423 18 47 2 1
4464 423 19 47 2 1
4465 423 20 47 2 1
4466 423 21 47 2 1
4467 423 22 47 2 1
4468 424 12 47 2 1
4469 424 13 47 2 1
4470 424 14 47 2 1
4471 424 15 47 2 1
4472 424 16 47 2 1
4473 424 17 47 2 1
4474 424 18 47 2 1
4475 424 19 47 2 1
4476 424 20 47 2 1
4477 424 21 47 2 1
4478 424 22 47 2 1
4479 425 12 47 2 1
4480 425 13 47 2 1
4481 425 14 47 2 1
4482 425 15 47 2 1
4483 425 16 47 2 1
4484 425 17 47 2 1
4485 425 18 47 2 1
4486 425 19 47 2 1
4487 425 20 47 2 1
4488 425 21 47 2 1
4489 425 22 47 2 1
4490 426 12 47 2 1
4491 426 13 47 2 1
4492 426 14 47 2 1
4493 426 15 47 2 1
4494 426 16 47 2 1
4495 426 17 47 2 1
4496 426 18 47 2 1
4497 426 19 47 2 1
4498 426 20 47 2 1
4499 426 21 47 2 1
4500 426 22 47 2 1
4501 427 12 47 2 1
4502 427 13 47 2 1
4503 427 14 47 2 1
4504 427 15 47 2 1
4505 427 16 47 2 1
4506 427 17 47 2 1
4507 427 18 47 2 1
4508 427 19 47 2 1
4509 427 20 47 2 1
4510 427 21 47 2 1
4511 427 22 47 2 1
4512 428 12 47 2 1
4513 428 13 47 2 1
4514 428 14 47 2 1
4515 428 15 47 2 1
4516 428 16 47 2 1
4517 428 17 47 2 1
4518 428 18 47 2 1
4519 428 19 47 2 1
4520 428 20 47 2 1
4521 428 21 47 2 1
4522 428 22 47 2 1
4523 429 12 47 2 1
4524 429 13 47 2 1
4525 429 14 47 2 1
4526 429 15 47 2 1
4527 429 16 47 2 1
4528 429 17 47 2 1
4529 429 18 47 2 1
4530 429 19 47 2 1
4531 429 20 47 2 1
4532 429 21 47 2 1
4533 429 22 47 2 1
4534 430 12 47 2 1
4535 430 13 47 2 1
4536 430 14 47 2 1
4537 430 15 47 2 1
4538 430 16 47 2 1
4539 430 17 47 2 1
4540 430 18 47 2 1
4541 430 19 47 2 1
4542 430 20 47 2 1
4543 430 21 47 2 1
4544 430 22 47 2 1
4545 431 12 47 2 1
4546 431 13 47 2 1
4547 431 14 47 2 1
4548 431 15 47 2 1
4549 431 16 47 2 1
4550 431 17 47 2 1
4551 431 18 47 2 1
4552 431 19 47 2 1
4553 431 20 47 2 1
4554 431 21 47 2 1
4555 431 22 47 2 1
4556 432 12 47 2 1
4557 432 13 47 2 1
4558 432 14 47 2 1
4559 432 15 47 2 1
4560 432 16 47 2 1
4561 432 17 47 2 1
4562 432 18 47 2 1
4563 432 19 47 2 1
4564 432 20 47 2 1
4565 432 21 47 2 1
4566 432 22 47 2 1
4567 433 12 47 2 1
4568 433 13 47 2 1
4569 433 14 47 2 1
4570 433 15 47 2 1
4571 433 16 47 2 1
4572 433 17 47 2 1
4573 433 18 47 2 1
4574 433 19 47 2 1
4575 433 20 47 2 1
4576 433 21 47 2 1
4577 433 22 47 2 1
4578 434 12 47 2 1
4579 434 13 47 2 1
4580 434 14 47 2 1
4581 434 15 47 2 1
4582 434 16 47 2 1
4583 434 17 47 2 1
4584 434 18 47 2 1
4585 434 19 47 2 1
4586 434 20 47 2 1
4587 434 21 47 2 1
4588 434 22 47 2 1
4589 435 12 47 2 1
4590 435 13 47 2 1
4591 435 14 47 2 1
4592 435 15 47 2 1
4593 435 16 47 2 1
4594 435 17 47 2 1
4595 435 18 47 2 1
4596 435 19 47 2 1
4597 435 20 47 2 1
4598 435 21 47 2 1
4599 435 22 47 2 1
4600 436 12 47 2 1
4601 436 13 47 2 1
4602 436 14 47 2 1
4603 436 15 47 2 1
4604 436 16 47 2 1
4605 436 17 47 2 1
4606 436 18 47 2 1
4607 436 19 47 2 1
4608 436 20 47 2 1
4609 436 21 47 2 1
4610 436 22 47 2 1
4611 437 12 47 2 1
4612 437 13 47 2 1
4613 437 14 47 2 1
4614 437 15 47 2 1
4615 437 16 47 2 1
4616 437 17 47 2 1
4617 437 18 47 2 1
4618 437 19 47 2 1
4619 437 20 47 2 1
4620 437 21 47 2 1
4621 437 22 47 2 1
4622 438 12 47 2 1
4623 438 13 47 2 1
4624 438 14 47 2 1
4625 438 15 47 2 1
4626 438 16 47 2 1
4627 438 17 47 2 1
4628 438 18 47 2 1
4629 438 19 47 2 1
4630 438 20 47 2 1
4631 438 21 47 2 1
4632 438 22 47 2 1
4633 439 12 47 2 1
4634 439 13 47 2 1
4635 439 14 47 2 1
4636 439 15 47 2 1
4637 439 16 47 2 1
4638 439 17 47 2 1
4639 439 18 47 2 1
4640 439 19 47 2 1
4641 439 20 47 2 1
4642 439 21 47 2 1
4643 439 22 47 2 1
4644 440 12 47 2 1
4645 440 13 47 2 1
4646 440 14 47 2 1
4647 440 15 47 2 1
4648 440 16 47 2 1
4649 440 17 47 2 1
4650 440 18 47 2 1
4651 440 19 47 2 1
4652 440 20 47 2 1
4653 440 21 47 2 1
4654 440 22 47 2 1
4655 441 12 47 2 1
4656 441 13 47 2 1
4657 441 14 47 2 1
4658 441 15 47 2 1
4659 441 16 47 2 1
4660 441 17 47 2 1
4661 441 18 47 2 1
4662 441 19 47 2 1
4663 441 20 47 2 1
4664 441 21 47 2 1
4665 441 22 47 2 1
4666 442 12 47 2 1
4667 442 13 47 2 1
4668 442 14 47 2 1
4669 442 15 47 2 1
4670 442 16 47 2 1
4671 442 17 47 2 1
4672 442 18 47 2 1
4673 442 19 47 2 1
4674 442 20 47 2 1
4675 442 21 47 2 1
4676 442 22 47 2 1
4677 443 12 47 2 1
4678 443 13 47 2 1
4679 443 14 47 2 1
4680 443 15 47 2 1
4681 443 16 47 2 1
4682 443 17 47 2 1
4683 443 18 47 2 1
4684 443 19 47 2 1
4685 443 20 47 2 1
4686 443 21 47 2 1
4687 443 22 47 2 1
4688 444 12 47 2 1
4689 444 13 47 2 1
4690 444 14 47 2 1
4691 444 15 47 2 1
4692 444 16 47 2 1
4693 444 17 47 2 1
4694 444 18 47 2 1
4695 444 19 47 2 1
4696 444 20 47 2 1
4697 444 21 47 2 1
4698 444 22 47 2 1
4699 445 12 47 2 1
4700 445 13 47 2 1
4701 445 14 47 2 1
4702 445 15 47 2 1
4703 445 16 47 2 1
4704 445 17 47 2 1
4705 445 18 47 2 1
4706 445 19 47 2 1
4707 445 20 47 2 1
4708 445 21 47 2 1
4709 445 22 47 2 1
4710 446 12 47 2 1
4711 446 13 47 2 1
4712 446 14 47 2 1
4713 446 15 47 2 1
4714 446 16 47 2 1
4715 446 17 47 2 1
4716 446 18 47 2 1
4717 446 19 47 2 1
4718 446 20 47 2 1
4719 446 21 47 2 1
4720 446 22 47 2 1
4721 447 12 47 2 1
4722 447 13 47 2 1
4723 447 14 47 2 1
4724 447 15 47 2 1
4725 447 16 47 2 1
4726 447 17 47 2 1
4727 447 18 47 2 1
4728 447 19 47 2 1
4729 447 20 47 2 1
4730 447 21 47 2 1
4731 447 22 47 2 1
4732 448 12 47 2 1
4733 448 13 47 2 1
4734 448 14 47 2 1
4735 448 15 47 2 1
4736 448 16 47 2 1
4737 448 17 47 2 1
4738 448 18 47 2 1
4739 448 19 47 2 1
4740 448 20 47 2 1
4741 448 21 47 2 1
4742 448 22 47 2 1
4743 449 12 47 2 1
4744 449 13 47 2 1
4745 449 14 47 2 1
4746 449 15 47 2 1
4747 449 16 47 2 1
4748 449 17 47 2 1
4749 449 18 47 2 1
4750 449 19 47 2 1
4751 449 20 47 2 1
4752 449 21 47 2 1
4753 449 22 47 2 1
4754 450 12 47 2 1
4755 450 13 47 2 1
4756 450 14 47 2 1
4757 450 15 47 2 1
4758 450 16 47 2 1
4759 450 17 47 2 1
4760 450 18 47 2 1
4761 450 19 47 2 1
4762 450 20 47 2 1
4763 450 21 47 2 1
4764 450 22 47 2 1
4765 451 12 47 2 1
4766 451 13 47 2 1
4767 451 14 47 2 1
4768 451 15 47 2 1
4769 451 16 47 2 1
4770 451 17 47 2 1
4771 451 18 47 2 1
4772 451 19 47 2 1
4773 451 20 47 2 1
4774 451 21 47 2 1
4775 451 22 47 2 1
4776 452 12 47 2 1
4777 452 13 47 2 1
4778 452 14 47 2 1
4779 452 15 47 2 1
4780 452 16 47 2 1
4781 452 17 47 2 1
4782 452 18 47 2 1
4783 452 19 47 2 1
4784 452 20 47 2 1
4785 452 21 47 2 1
4786 452 22 47 2 1
4787 453 12 47 2 1
4788 453 13 47 2 1
4789 453 14 47 2 1
4790 453 15 47 2 1
4791 453 16 47 2 1
4792 453 17 47 2 1
4793 453 18 47 2 1
4794 453 19 47 2 1
4795 453 20 47 2 1
4796 453 21 47 2 1
4797 453 22 47 2 1
4798 454 12 47 2 1
4799 454 13 47 2 1
4800 454 14 47 2 1
4801 454 15 47 2 1
4802 454 16 47 2 1
4803 454 17 47 2 1
4804 454 18 47 2 1
4805 454 19 47 2 1
4806 454 20 47 2 1
4807 454 21 47 2 1
4808 454 22 47 2 1
4809 455 12 47 2 1
4810 455 13 47 2 1
4811 455 14 47 2 1
4812 455 15 47 2 1
4813 455 16 47 2 1
4814 455 17 47 2 1
4815 455 18 47 2 1
4816 455 19 47 2 1
4817 455 20 47 2 1
4818 455 21 47 2 1
4819 455 22 47 2 1
4820 456 12 47 2 1
4821 456 13 47 2 1
4822 456 14 47 2 1
4823 456 15 47 2 1
4824 456 16 47 2 1
4825 456 17 47 2 1
4826 456 18 47 2 1
4827 456 19 47 2 1
4828 456 20 47 2 1
4829 456 21 47 2 1
4830 456 22 47 2 1
4831 457 12 47 2 1
4832 457 13 47 2 1
4833 457 14 47 2 1
4834 457 15 47 2 1
4835 457 16 47 2 1
4836 457 17 47 2 1
4837 457 18 47 2 1
4838 457 19 47 2 1
4839 457 20 47 2 1
4840 457 21 47 2 1
4841 457 22 47 2 1
4842 458 12 47 2 1
4843 458 13 47 2 1
4844 458 14 47 2 1
4845 458 15 47 2 1
4846 458 16 47 2 1
4847 458 17 47 2 1
4848 458 18 47 2 1
4849 458 19 47 2 1
4850 458 22 47 2 1
4851 459 12 47 2 1
4852 459 13 47 2 1
4853 459 14 47 2 1
4854 459 15 47 2 1
4855 459 16 47 2 1
4856 459 17 47 2 1
4857 459 18 47 2 1
4858 459 19 47 2 1
4859 459 22 47 2 1
4860 460 12 47 2 1
4861 460 15 47 2 1
4862 460 16 47 2 1
4863 460 17 47 2 1
4864 460 18 47 2 1
4865 460 19 47 2 1
4866 460 20 47 2 1
4867 460 21 47 2 1
4868 460 22 47 2 1
4869 461 12 47 2 1
4870 461 15 47 2 1
4871 461 16 47 2 1
4872 461 17 47 2 1
4873 461 18 47 2 1
4874 461 19 47 2 1
4875 461 20 47 2 1
4876 461 21 47 2 1
4877 461 22 47 2 1
4878 462 12 47 2 1
4879 462 13 47 2 1
4880 462 14 47 2 1
4881 462 15 47 2 1
4882 462 16 47 2 1
4883 462 17 47 2 1
4884 462 18 47 2 1
4885 462 19 47 2 1
4886 462 20 47 2 1
4887 462 21 47 2 1
4888 462 22 47 2 1
4889 463 12 47 2 1
4890 463 13 47 2 1
4891 463 14 47 2 1
4892 463 15 47 2 1
4893 463 16 47 2 1
4894 463 17 47 2 1
4895 463 18 47 2 1
4896 463 19 47 2 1
4897 463 20 47 2 1
4898 463 21 47 2 1
4899 463 22 47 2 1
4900 464 12 47 2 1
4901 464 13 47 2 1
4902 464 14 47 2 1
4903 464 15 47 2 1
4904 464 16 47 2 1
4905 464 17 47 2 1
4906 464 18 47 2 1
4907 464 19 47 2 1
4908 464 20 47 2 1
4909 464 21 47 2 1
4910 464 22 47 2 1
4911 465 12 47 2 1
4912 465 13 47 2 1
4913 465 14 47 2 1
4914 465 15 47 2 1
4915 465 16 47 2 1
4916 465 17 47 2 1
4917 465 18 47 2 1
4918 465 19 47 2 1
4919 465 20 47 2 1
4920 465 21 47 2 1
4921 465 22 47 2 1
4922 466 12 47 2 1
4923 466 13 47 2 1
4924 466 14 47 2 1
4925 466 15 47 2 1
4926 466 16 47 2 1
4927 466 17 47 2 1
4928 466 18 47 2 1
4929 466 19 47 2 1
4930 466 20 47 2 1
4931 466 21 47 2 1
4932 466 22 47 2 1
4933 467 12 47 2 1
4934 467 13 47 2 1
4935 467 14 47 2 1
4936 467 15 47 2 1
4937 467 16 47 2 1
4938 467 17 47 2 1
4939 467 18 47 2 1
4940 467 19 47 2 1
4941 467 20 47 2 1
4942 467 21 47 2 1
4943 467 22 47 2 1
4944 468 12 47 2 1
4945 468 13 47 2 1
4946 468 14 47 2 1
4947 468 15 47 2 1
4948 468 16 47 2 1
4949 468 17 47 2 1
4950 468 18 47 2 1
4951 468 19 47 2 1
4952 468 20 47 2 1
4953 468 21 47 2 1
4954 468 22 47 2 1
4955 469 12 47 2 1
4956 469 13 47 2 1
4957 469 14 47 2 1
4958 469 15 47 2 1
4959 469 16 47 2 1
4960 469 17 47 2 1
4961 469 18 47 2 1
4962 469 19 47 2 1
4963 469 20 47 2 1
4964 469 21 47 2 1
4965 469 22 47 2 1
4966 470 12 47 2 1
4967 470 13 47 2 1
4968 470 14 47 2 1
4969 470 15 47 2 1
4970 470 16 47 2 1
4971 470 17 47 2 1
4972 470 18 47 2 1
4973 470 19 47 2 1
4974 470 20 47 2 1
4975 470 21 47 2 1
4976 470 22 47 2 1
4977 471 12 47 2 1
4978 471 13 47 2 1
4979 471 14 47 2 1
4980 471 15 47 2 1
4981 471 16 47 2 1
4982 471 17 47 2 1
4983 471 18 47 2 1
4984 471 19 47 2 1
4985 471 20 47 2 1
4986 471 21 47 2 1
4987 471 22 47 2 1
4988 472 12 47 2 1
4989 472 13 47 2 1
4990 472 14 47 2 1
4991 472 15 47 2 1
4992 472 16 47 2 1
4993 472 17 47 2 1
4994 472 18 47 2 1
4995 472 19 47 2 1
4996 472 20 47 2 1
4997 472 21 47 2 1
4998 472 22 47 2 1
4999 473 12 47 2 1
5000 473 13 47 2 1
5001 473 14 47 2 1
5002 473 15 47 2 1
5003 473 16 47 2 1
5004 473 17 47 2 1
5005 473 18 47 2 1
5006 473 19 47 2 1
5007 473 20 47 2 1
5008 473 21 47 2 1
5009 473 22 47 2 1
5010 474 12 47 2 1
5011 474 13 47 2 1
5012 474 14 47 2 1
5013 474 15 47 2 1
5014 474 16 47 2 1
5015 474 17 47 2 1
5016 474 18 47 2 1
5017 474 19 47 2 1
5018 474 20 47 2 1
5019 474 21 47 2 1
5020 474 22 47 2 1
5021 475 12 47 2 1
5022 475 13 47 2 1
5023 475 14 47 2 1
5024 475 15 47 2 1
5025 475 16 47 2 1
5026 475 17 47 2 1
5027 475 18 47 2 1
5028 475 19 47 2 1
5029 475 20 47 2 1
5030 475 21 47 2 1
5031 475 22 47 2 1
5032 476 12 47 2 1
5033 476 13 47 2 1
5034 476 14 47 2 1
5035 476 15 47 2 1
5036 476 16 47 2 1
5037 476 17 47 2 1
5038 476 18 47 2 1
5039 476 19 47 2 1
5040 476 20 47 2 1
5041 476 21 47 2 1
5042 476 22 47 2 1
5043 477 12 47 2 1
5044 477 13 47 2 1
5045 477 14 47 2 1
5046 477 15 47 2 1
5047 477 16 47 2 1
5048 477 17 47 2 1
5049 477 18 47 2 1
5050 477 19 47 2 1
5051 477 20 47 2 1
5052 477 21 47 2 1
5053 477 22 47 2 1
5054 478 12 47 2 1
5055 478 13 47 2 1
5056 478 14 47 2 1
5057 478 15 47 2 1
5058 478 16 47 2 1
5059 478 17 47 2 1
5060 478 18 47 2 1
5061 478 19 47 2 1
5062 478 20 47 2 1
5063 478 21 47 2 1
5064 478 22 47 2 1
5065 479 12 47 2 1
5066 479 13 47 2 1
5067 479 14 47 2 1
5068 479 15 47 2 1
5069 479 16 47 2 1
5070 479 17 47 2 1
5071 479 18 47 2 1
5072 479 19 47 2 1
5073 479 20 47 2 1
5074 479 21 47 2 1
5075 479 22 47 2 1
5076 480 12 47 2 1
5077 480 13 47 2 1
5078 480 14 47 2 1
5079 480 15 47 2 1
5080 480 16 47 2 1
5081 480 17 47 2 1
5082 480 18 47 2 1
5083 480 19 47 2 1
5084 480 20 47 2 1
5085 480 21 47 2 1
5086 480 22 47 2 1
5087 481 12 47 2 1
5088 481 13 47 2 1
5089 481 14 47 2 1
5090 481 15 47 2 1
5091 481 16 47 2 1
5092 481 17 47 2 1
5093 481 18 47 2 1
5094 481 19 47 2 1
5095 481 20 47 2 1
5096 481 21 47 2 1
5097 481 22 47 2 1
5098 482 12 47 2 1
5099 482 13 47 2 1
5100 482 14 47 2 1
5101 482 15 47 2 1
5102 482 18 47 2 1
5103 482 19 47 2 1
5104 482 20 47 2 1
5105 482 21 47 2 1
5106 482 22 47 2 1
5107 483 12 47 2 1
5108 483 13 47 2 1
5109 483 14 47 2 1
5110 483 15 47 2 1
5111 483 18 47 2 1
5112 483 19 47 2 1
5113 483 20 47 2 1
5114 483 21 47 2 1
5115 483 22 47 2 1
5116 484 12 47 2 1
5117 484 13 47 2 1
5118 484 14 47 2 1
5119 484 15 47 2 1
5120 484 16 47 2 1
5121 484 19 47 2 1
5122 484 20 47 2 1
5123 484 21 47 2 1
5124 484 22 47 2 1
5125 485 12 47 2 1
5126 485 13 47 2 1
5127 485 14 47 2 1
5128 485 15 47 2 1
5129 485 16 47 2 1
5130 485 19 47 2 1
5131 485 20 47 2 1
5132 485 21 47 2 1
5133 485 22 47 2 1
5134 486 12 47 2 1
5135 486 13 47 2 1
5136 486 14 47 2 1
5137 486 15 47 2 1
5138 486 16 47 2 1
5139 486 17 47 2 1
5140 486 18 47 2 1
5141 486 19 47 2 1
5142 486 20 47 2 1
5143 486 21 47 2 1
5144 486 22 47 2 1
5145 487 12 47 2 1
5146 487 13 47 2 1
5147 487 14 47 2 1
5148 487 15 47 2 1
5149 487 16 47 2 1
5150 487 17 47 2 1
5151 487 18 47 2 1
5152 487 19 47 2 1
5153 487 20 47 2 1
5154 487 21 47 2 1
5155 487 22 47 2 1
5156 488 12 47 2 1
5157 488 13 47 2 1
5158 488 14 47 2 1
5159 488 15 47 2 1
5160 488 16 47 2 1
5161 488 17 47 2 1
5162 488 18 47 2 1
5163 488 19 47 2 1
5164 488 20 47 2 1
5165 488 21 47 2 1
5166 488 22 47 2 1
5167 489 12 47 2 1
5168 489 13 47 2 1
5169 489 14 47 2 1
5170 489 15 47 2 1
5171 489 16 47 2 1
5172 489 17 47 2 1
5173 489 18 47 2 1
5174 489 19 47 2 1
5175 489 20 47 2 1
5176 489 21 47 2 1
5177 489 22 47 2 1
5178 490 12 47 2 1
5179 490 13 47 2 1
5180 490 14 47 2 1
5181 490 15 47 2 1
5182 490 16 47 2 1
5183 490 17 47 2 1
5184 490 18 47 2 1
5185 490 19 47 2 1
5186 490 20 47 2 1
5187 490 21 47 2 1
5188 490 22 47 2 1
5189 491 12 47 2 1
5190 491 13 47 2 1
5191 491 14 47 2 1
5192 491 15 47 2 1
5193 491 16 47 2 1
5194 491 17 47 2 1
5195 491 18 47 2 1
5196 491 19 47 2 1
5197 491 20 47 2 1
5198 491 21 47 2 1
5199 491 22 47 2 1
5200 492 12 47 2 1
5201 492 13 47 2 1
5202 492 14 47 2 1
5203 492 15 47 2 1
5204 492 16 47 2 1
5205 492 17 47 2 1
5206 492 18 47 2 1
5207 492 19 47 2 1
5208 492 20 47 2 1
5209 492 21 47 2 1
5210 492 22 47 2 1
5211 493 12 47 2 1
5212 493 13 47 2 1
5213 493 14 47 2 1
5214 493 15 47 2 1
5215 493 16 47 2 1
5216 493 17 47 2 1
5217 493 18 47 2 1
5218 493 19 47 2 1
5219 493 20 47 2 1
5220 493 21 47 2 1
5221 493 22 47 2 1
5222 494 12 47 2 1
5223 494 13 47 2 1
5224 494 14 47 2 1
5225 494 15 47 2 1
5226 494 16 47 2 1
5227 494 17 47 2 1
5228 494 18 47 2 1
5229 494 19 47 2 1
5230 494 20 47 2 1
5231 494 21 47 2 1
5232 494 22 47 2 1
5233 495 12 47 2 1
5234 495 13 47 2 1
5235 495 14 47 2 1
5236 495 15 47 2 1
5237 495 16 47 2 1
5238 495 17 47 2 1
5239 495 18 47 2 1
5240 495 19 47 2 1
5241 495 20 47 2 1
5242 495 21 47 2 1
5243 495 22 47 2 1
5244 496 12 47 2 1
5245 496 13 47 2 1
5246 496 14 47 2 1
5247 496 15 47 2 1
5248 496 16 47 2 1
5249 496 17 47 2 1
5250 496 18 47 2 1
5251 496 19 47 2 1
5252 496 20 47 2 1
5253 496 21 47 2 1
5254 496 22 47 2 1
5255 497 12 47 2 1
5256 497 13 47 2 1
5257 497 14 47 2 1
5258 497 15 47 2 1
5259 497 16 47 2 1
5260 497 17 47 2 1
5261 497 18 47 2 1
5262 497 19 47 2 1
5263 497 20 47 2 1
5264 497 21 47 2 1
5265 497 22 47 2 1
5266 498 12 47 2 1
5267 498 13 47 2 1
5268 498 14 47 2 1
5269 498 15 47 2 1
5270 498 16 47 2 1
5271 498 17 47 2 1
5272 498 18 47 2 1
5273 498 19 47 2 1
5274 498 20 47 2 1
5275 498 21 47 2 1
5276 498 22 47 2 1
5277 499 12 47 2 1
5278 499 13 47 2 1
5279 499 14 47 2 1
5280 499 15 47 2 1
5281 499 16 47 2 1
5282 499 17 47 2 1
5283 499 18 47 2 1
5284 499 19 47 2 1
5285 499 20 47 2 1
5286 499 21 47 2 1
5287 499 22 47 2 1
5288 500 12 47 2 1
5289 500 13 47 2 1
5290 500 14 47 2 1
5291 500 15 47 2 1
5292 500 16 47 2 1
5293 500 17 47 2 1
5294 500 18 47 2 1
5295 500 19 47 2 1
5296 500 20 47 2 1
5297 500 21 47 2 1
5298 500 22 47 2 1
5299 501 12 47 2 1
5300 501 13 47 2 1
5301 501 14 47 2 1
5302 501 15 47 2 1
5303 501 16 47 2 1
5304 501 17 47 2 1
5305 501 18 47 2 1
5306 501 19 47 2 1
5307 501 20 47 2 1
5308 501 21 47 2 1
5309 501 22 47 2 1
5310 502 12 47 2 1
5311 502 13 47 2 1
5312 502 14 47 2 1
5313 502 15 47 2 1
5314 502 16 47 2 1
5315 502 17 47 2 1
5316 502 18 47 2 1
5317 502 19 47 2 1
5318 502 20 47 2 1
5319 502 21 47 2 1
5320 502 22 47 2 1
5321 503 12 47 2 1
5322 503 13 47 2 1
5323 503 14 47 2 1
5324 503 15 47 2 1
5325 503 16 47 2 1
5326 503 17 47 2 1
5327 503 18 47 2 1
5328 503 19 47 2 1
5329 503 20 47 2 1
5330 503 21 47 2 1
5331 503 22 47 2 1
5332 504 12 47 2 1
5333 504 13 47 2 1
5334 504 14 47 2 1
5335 504 15 47 2 1
5336 504 16 47 2 1
5337 504 17 47 2 1
5338 504 18 47 2 1
5339 504 19 47 2 1
5340 504 20 47 2 1
5341 504 21 47 2 1
5342 504 22 47 2 1
5343 505 12 47 2 1
5344 505 13 47 2 1
5345 505 14 47 2 1
5346 505 15 47 2 1
5347 505 16 47 2 1
5348 505 17 47 2 1
5349 505 18 47 2 1
5350 505 19 47 2 1
5351 505 20 47 2 1
5352 505 21 47 2 1
5353 505 22 47 2 1
5354 506 12 47 2 1
5355 506 13 47 2 1
5356 506 14 47 2 1
5357 506 15 47 2 1
5358 506 16 47 2 1
5359 506 17 47 2 1
5360 506 18 47 2 1
5361 506 19 47 2 1
5362 506 20 47 2 1
5363 506 21 47 2 1
5364 506 22 47 2 1
5365 507 12 47 2 1
5366 507 13 47 2 1
5367 507 14 47 2 1
5368 507 15 47 2 1
5369 507 16 47 2 1
5370 507 17 47 2 1
5371 507 18 47 2 1
5372 507 19 47 2 1
5373 507 20 47 2 1
5374 507 21 47 2 1
5375 507 22 47 2 1
5376 508 12 47 2 1
5377 508 13 47 2 1
5378 508 14 47 2 1
5379 508 15 47 2 1
5380 508 16 47 2 1
5381 508 17 47 2 1
5382 508 18 47 2 1
5383 508 19 47 2 1
5384 508 20 47 2 1
5385 508 21 47 2 1
5386 508 22 47 2 1
5387 509 12 47 2 1
5388 509 13 47 2 1
5389 509 14 47 2 1
5390 509 15 47 2 1
5391 509 16 47 2 1
5392 509 17 47 2 1
5393 509 18 47 2 1
5394 509 19 47 2 1
5395 509 20 47 2 1
5396 509 21 47 2 1
5397 509 22 47 2 1
5398 510 12 47 2 1
5399 510 13 47 2 1
5400 510 14 47 2 1
5401 510 15 47 2 1
5402 510 16 47 2 1
5403 510 17 47 2 1
5404 510 18 47 2 1
5405 510 19 47 2 1
5406 510 20 47 2 1
5407 510 21 47 2 1
5408 510 22 47 2 1
5409 511 12 47 2 1
5410 511 13 47 2 1
5411 511 14 47 2 1
5412 511 15 47 2 1
5413 511 16 47 2 1
5414 511 17 47 2 1
5415 511 18 47 2 1
5416 511 19 47 2 1
5417 511 20 47 2 1
5418 511 21 47 2 1
5419 511 22 47 2 1
5420 512 12 47 2 1
5421 512 13 47 2 1
5422 512 14 47 2 1
5423 512 15 47 2 1
5424 512 16 47 2 1
5425 512 17 47 2 1
5426 512 18 47 2 1
5427 512 19 47 2 1
5428 512 20 47 2 1
5429 512 21 47 2 1
5430 512 22 47 2 1
5431 513 12 47 2 1
5432 513 13 47 2 1
5433 513 14 47 2 1
5434 513 15 47 2 1
5435 513 16 47 2 1
5436 513 17 47 2 1
5437 513 18 47 2 1
5438 513 19 47 2 1
5439 513 20 47 2 1
5440 513 21 47 2 1
5441 513 22 47 2 1
5442 514 12 47 2 1
5443 514 13 47 2 1
5444 514 14 47 2 1
5445 514 15 47 2 1
5446 514 16 47 2 1
5447 514 17 47 2 1
5448 514 18 47 2 1
5449 514 19 47 2 1
5450 514 20 47 2 1
5451 514 21 47 2 1
5452 514 22 47 2 1
5453 515 12 47 2 1
5454 515 13 47 2 1
5455 515 14 47 2 1
5456 515 15 47 2 1
5457 515 16 47 2 1
5458 515 17 47 2 1
5459 515 18 47 2 1
5460 515 19 47 2 1
5461 515 20 47 2 1
5462 515 21 47 2 1
5463 515 22 47 2 1
5464 516 12 47 2 1
5465 516 13 47 2 1
5466 516 14 47 2 1
5467 516 15 47 2 1
5468 516 16 47 2 1
5469 516 17 47 2 1
5470 516 18 47 2 1
5471 516 19 47 2 1
5472 516 20 47 2 1
5473 516 21 47 2 1
5474 516 22 47 2 1
5475 517 12 47 2 1
5476 517 13 47 2 1
5477 517 14 47 2 1
5478 517 15 47 2 1
5479 517 16 47 2 1
5480 517 17 47 2 1
5481 517 18 47 2 1
5482 517 19 47 2 1
5483 517 20 47 2 1
5484 517 21 47 2 1
5485 517 22 47 2 1
5486 518 12 47 2 1
5487 518 13 47 2 1
5488 518 14 47 2 1
5489 518 15 47 2 1
5490 518 16 47 2 1
5491 518 17 47 2 1
5492 518 18 47 2 1
5493 518 19 47 2 1
5494 518 20 47 2 1
5495 518 21 47 2 1
5496 518 22 47 2 1
5497 519 12 47 2 1
5498 519 13 47 2 1
5499 519 14 47 2 1
5500 519 15 47 2 1
5501 519 16 47 2 1
5502 519 17 47 2 1
5503 519 18 47 2 1
5504 519 19 47 2 1
5505 519 20 47 2 1
5506 519 21 47 2 1
5507 519 22 47 2 1
5508 520 12 47 2 1
5509 520 13 47 2 1
5510 520 14 47 2 1
5511 520 15 47 2 1
5512 520 16 47 2 1
5513 520 17 47 2 1
5514 520 18 47 2 1
5515 520 19 47 2 1
5516 520 20 47 2 1
5517 520 21 47 2 1
5518 520 22 47 2 1
5519 521 12 47 2 1
5520 521 13 47 2 1
5521 521 14 47 2 1
5522 521 15 47 2 1
5523 521 16 47 2 1
5524 521 17 47 2 1
5525 521 18 47 2 1
5526 521 19 47 2 1
5527 521 20 47 2 1
5528 521 21 47 2 1
5529 521 22 47 2 1
5530 522 12 47 2 1
5531 522 13 47 2 1
5532 522 14 47 2 1
5533 522 15 47 2 1
5534 522 16 47 2 1
5535 522 17 47 2 1
5536 522 18 47 2 1
5537 522 19 47 2 1
5538 522 20 47 2 1
5539 522 21 47 2 1
5540 522 22 47 2 1
5541 523 12 47 2 1
5542 523 13 47 2 1
5543 523 14 47 2 1
5544 523 15 47 2 1
5545 523 16 47 2 1
5546 523 17 47 2 1
5547 523 18 47 2 1
5548 523 19 47 2 1
5549 523 20 47 2 1
5550 523 21 47 2 1
5551 523 22 47 2 1
5552 524 12 47 2 1
5553 524 13 47 2 1
5554 524 14 47 2 1
5555 524 15 47 2 1
5556 524 16 47 2 1
5557 524 17 47 2 1
5558 524 18 47 2 1
5559 524 19 47 2 1
5560 524 20 47 2 1
5561 525 12 47 2 1
5562 525 13 47 2 1
5563 525 14 47 2 1
5564 525 15 47 2 1
5565 525 16 47 2 1
5566 525 17 47 2 1
5567 525 18 47 2 1
5568 525 19 47 2 1
5569 525 20 47 2 1
5570 526 14 47 2 1
5571 526 15 47 2 1
5572 526 16 47 2 1
5573 526 17 47 2 1
5574 526 18 47 2 1
5575 526 19 47 2 1
5576 526 20 47 2 1
5577 526 21 47 2 1
5578 526 22 47 2 1
5579 527 14 47 2 1
5580 527 15 47 2 1
5581 527 16 47 2 1
5582 527 17 47 2 1
5583 527 18 47 2 1
5584 527 19 47 2 1
5585 527 20 47 2 1
5586 527 21 47 2 1
5587 527 22 47 2 1
5588 528 12 47 2 1
5589 528 13 47 2 1
5590 528 14 47 2 1
5591 528 15 47 2 1
5592 528 16 47 2 1
5593 528 17 47 2 1
5594 528 18 47 2 1
5595 528 19 47 2 1
5596 528 20 47 2 1
5597 528 21 47 2 1
5598 528 22 47 2 1
5599 529 12 47 2 1
5600 529 13 47 2 1
5601 529 14 47 2 1
5602 529 15 47 2 1
5603 529 16 47 2 1
5604 529 17 47 2 1
5605 529 18 47 2 1
5606 529 19 47 2 1
5607 529 20 47 2 1
5608 529 21 47 2 1
5609 529 22 47 2 1
5610 530 12 47 2 1
5611 530 13 47 2 1
5612 530 14 47 2 1
5613 530 15 47 2 1
5614 530 16 47 2 1
5615 530 17 47 2 1
5616 530 18 47 2 1
5617 530 19 47 2 1
5618 530 20 47 2 1
5619 530 21 47 2 1
5620 530 22 47 2 1
5621 531 12 47 2 1
5622 531 13 47 2 1
5623 531 14 47 2 1
5624 531 15 47 2 1
5625 531 16 47 2 1
5626 531 17 47 2 1
5627 531 18 47 2 1
5628 531 19 47 2 1
5629 531 20 47 2 1
5630 531 21 47 2 1
5631 531 22 47 2 1
5632 532 12 47 2 1
5633 532 13 47 2 1
5634 532 14 47 2 1
5635 532 15 47 2 1
5636 532 16 47 2 1
5637 532 17 47 2 1
5638 532 18 47 2 1
5639 532 21 47 2 1
5640 532 22 47 2 1
5641 533 12 47 2 1
5642 533 13 47 2 1
5643 533 14 47 2 1
5644 533 15 47 2 1
5645 533 16 47 2 1
5646 533 17 47 2 1
5647 533 18 47 2 1
5648 533 21 47 2 1
5649 533 22 47 2 1
5650 534 12 47 2 1
5651 534 13 47 2 1
5652 534 16 47 2 1
5653 534 17 47 2 1
5654 534 18 47 2 1
5655 534 19 47 2 1
5656 534 20 47 2 1
5657 534 21 47 2 1
5658 534 22 47 2 1
5659 535 12 47 2 1
5660 535 13 47 2 1
5661 535 16 47 2 1
5662 535 17 47 2 1
5663 535 18 47 2 1
5664 535 19 47 2 1
5665 535 20 47 2 1
5666 535 21 47 2 1
5667 535 22 47 2 1
5668 536 12 47 2 1
5669 536 13 47 2 1
5670 536 14 47 2 1
5671 536 15 47 2 1
5672 536 16 47 2 1
5673 536 17 47 2 1
5674 536 18 47 2 1
5675 536 19 47 2 1
5676 536 20 47 2 1
5677 536 21 47 2 1
5678 536 22 47 2 1
5679 537 12 47 2 1
5680 537 13 47 2 1
5681 537 14 47 2 1
5682 537 15 47 2 1
5683 537 16 47 2 1
5684 537 17 47 2 1
5685 537 18 47 2 1
5686 537 19 47 2 1
5687 537 20 47 2 1
5688 537 21 47 2 1
5689 537 22 47 2 1
5690 538 12 47 2 1
5691 538 13 47 2 1
5692 538 14 47 2 1
5693 538 15 47 2 1
5694 538 16 47 2 1
5695 538 17 47 2 1
5696 538 18 47 2 1
5697 538 19 47 2 1
5698 538 20 47 2 1
5699 538 21 47 2 1
5700 538 22 47 2 1
5701 539 12 47 2 1
5702 539 13 47 2 1
5703 539 14 47 2 1
5704 539 15 47 2 1
5705 539 16 47 2 1
5706 539 17 47 2 1
5707 539 18 47 2 1
5708 539 19 47 2 1
5709 539 20 47 2 1
5710 539 21 47 2 1
5711 539 22 47 2 1
5712 540 12 47 2 1
5713 540 13 47 2 1
5714 540 14 47 2 1
5715 540 15 47 2 1
5716 540 16 47 2 1
5717 540 17 47 2 1
5718 540 18 47 2 1
5719 540 19 47 2 1
5720 540 20 47 2 1
5721 540 21 47 2 1
5722 540 22 47 2 1
5723 541 12 47 2 1
5724 541 13 47 2 1
5725 541 14 47 2 1
5726 541 15 47 2 1
5727 541 16 47 2 1
5728 541 17 47 2 1
5729 541 18 47 2 1
5730 541 19 47 2 1
5731 541 20 47 2 1
5732 541 21 47 2 1
5733 541 22 47 2 1
5734 542 12 47 2 1
5735 542 13 47 2 1
5736 542 14 47 2 1
5737 542 15 47 2 1
5738 542 16 47 2 1
5739 542 17 47 2 1
5740 542 18 47 2 1
5741 542 19 47 2 1
5742 542 20 47 2 1
5743 542 21 47 2 1
5744 542 22 47 2 1
5745 543 12 47 2 1
5746 543 13 47 2 1
5747 543 14 47 2 1
5748 543 15 47 2 1
5749 543 16 47 2 1
5750 543 17 47 2 1
5751 543 18 47 2 1
5752 543 19 47 2 1
5753 543 20 47 2 1
5754 543 21 47 2 1
5755 543 22 47 2 1
5756 544 12 47 2 1
5757 544 13 47 2 1
5758 544 14 47 2 1
5759 544 15 47 2 1
5760 544 16 47 2 1
5761 544 17 47 2 1
5762 544 18 47 2 1
5763 544 19 47 2 1
5764 544 20 47 2 1
5765 544 21 47 2 1
5766 544 22 47 2 1
5767 545 12 47 2 1
5768 545 13 47 2 1
5769 545 14 47 2 1
5770 545 15 47 2 1
5771 545 16 47 2 1
5772 545 17 47 2 1
5773 545 18 47 2 1
5774 545 19 47 2 1
5775 545 20 47 2 1
5776 545 21 47 2 1
5777 545 22 47 2 1
5778 546 12 47 2 1
5779 546 13 47 2 1
5780 546 14 47 2 1
5781 546 15 47 2 1
5782 546 16 47 2 1
5783 546 17 47 2 1
5784 546 18 47 2 1
5785 546 19 47 2 1
5786 546 20 47 2 1
5787 546 21 47 2 1
5788 546 22 47 2 1
5789 547 12 47 2 1
5790 547 13 47 2 1
5791 547 14 47 2 1
5792 547 15 47 2 1
5793 547 16 47 2 1
5794 547 17 47 2 1
5795 547 18 47 2 1
5796 547 19 47 2 1
5797 547 20 47 2 1
5798 547 21 47 2 1
5799 547 22 47 2 1
5800 548 12 47 2 1
5801 548 13 47 2 1
5802 548 14 47 2 1
5803 548 15 47 2 1
5804 548 16 47 2 1
5805 548 17 47 2 1
5806 548 18 47 2 1
5807 548 19 47 2 1
5808 548 20 47 2 1
5809 548 21 47 2 1
5810 548 22 47 2 1
5811 549 12 47 2 1
5812 549 13 47 2 1
5813 549 14 47 2 1
5814 549 15 47 2 1
5815 549 16 47 2 1
5816 549 17 47 2 1
5817 549 18 47 2 1
5818 549 19 47 2 1
5819 549 20 47 2 1
5820 549 21 47 2 1
5821 549 22 47 2 1
5822 550 12 47 2 1
5823 550 13 47 2 1
5824 550 14 47 2 1
5825 550 15 47 2 1
5826 550 16 47 2 1
5827 550 17 47 2 1
5828 550 18 47 2 1
5829 550 19 47 2 1
5830 550 20 47 2 1
5831 550 21 47 2 1
5832 550 22 47 2 1
5833 551 12 47 2 1
5834 551 13 47 2 1
5835 551 14 47 2 1
5836 551 15 47 2 1
5837 551 16 47 2 1
5838 551 17 47 2 1
5839 551 18 47 2 1
5840 551 19 47 2 1
5841 551 20 47 2 1
5842 551 21 47 2 1
5843 551 22 47 2 1
5844 552 12 47 2 1
5845 552 13 47 2 1
5846 552 14 47 2 1
5847 552 17 47 2 1
5848 552 18 47 2 1
5849 552 19 47 2 1
5850 552 20 47 2 1
5851 552 21 47 2 1
5852 552 22 47 2 1
5853 553 12 47 2 1
5854 553 13 47 2 1
5855 553 14 47 2 1
5856 553 17 47 2 1
5857 553 18 47 2 1
5858 553 19 47 2 1
5859 553 20 47 2 1
5860 553 21 47 2 1
5861 553 22 47 2 1
5862 554 12 47 2 1
5863 554 13 47 2 1
5864 554 14 47 2 1
5865 554 15 47 2 1
5866 554 16 47 2 1
5867 554 17 47 2 1
5868 554 18 47 2 1
5869 554 19 47 2 1
5870 554 20 47 2 1
5871 554 21 47 2 1
5872 554 22 47 2 1
5873 555 12 47 2 1
5874 555 13 47 2 1
5875 555 14 47 2 1
5876 555 15 47 2 1
5877 555 16 47 2 1
5878 555 17 47 2 1
5879 555 18 47 2 1
5880 555 19 47 2 1
5881 555 20 47 2 1
5882 555 21 47 2 1
5883 555 22 47 2 1
5884 556 12 47 2 1
5885 556 13 47 2 1
5886 556 14 47 2 1
5887 556 15 47 2 1
5888 556 16 47 2 1
5889 556 17 47 2 1
5890 556 18 47 2 1
5891 556 19 47 2 1
5892 556 20 47 2 1
5893 556 21 47 2 1
5894 556 22 47 2 1
5895 557 12 47 2 1
5896 557 13 47 2 1
5897 557 14 47 2 1
5898 557 15 47 2 1
5899 557 16 47 2 1
5900 557 17 47 2 1
5901 557 18 47 2 1
5902 557 19 47 2 1
5903 557 20 47 2 1
5904 557 21 47 2 1
5905 557 22 47 2 1
5906 558 12 47 2 1
5907 558 13 47 2 1
5908 558 14 47 2 1
5909 558 15 47 2 1
5910 558 16 47 2 1
5911 558 17 47 2 1
5912 558 20 47 2 1
5913 558 21 47 2 1
5914 558 22 47 2 1
5915 559 12 47 2 1
5916 559 13 47 2 1
5917 559 14 47 2 1
5918 559 15 47 2 1
5919 559 16 47 2 1
5920 559 17 47 2 1
5921 559 20 47 2 1
5922 559 21 47 2 1
5923 559 22 47 2 1
5924 560 12 47 2 1
5925 560 13 47 2 1
5926 560 14 47 2 1
5927 560 15 47 2 1
5928 560 16 47 2 1
5929 560 17 47 2 1
5930 560 18 47 2 1
5931 560 19 47 2 1
5932 560 20 47 2 1
5933 560 21 47 2 1
5934 560 22 47 2 1
5935 561 12 47 2 1
5936 561 13 47 2 1
5937 561 14 47 2 1
5938 561 15 47 2 1
5939 561 16 47 2 1
5940 561 17 47 2 1
5941 561 18 47 2 1
5942 561 19 47 2 1
5943 561 20 47 2 1
5944 561 21 47 2 1
5945 561 22 47 2 1
5946 562 12 47 2 1
5947 562 13 47 2 1
5948 562 14 47 2 1
5949 562 15 47 2 1
5950 562 16 47 2 1
5951 562 17 47 2 1
5952 562 18 47 2 1
5953 562 19 47 2 1
5954 562 20 47 2 1
5955 562 21 47 2 1
5956 562 22 47 2 1
5957 563 12 47 2 1
5958 563 13 47 2 1
5959 563 14 47 2 1
5960 563 15 47 2 1
5961 563 16 47 2 1
5962 563 17 47 2 1
5963 563 18 47 2 1
5964 563 19 47 2 1
5965 563 20 47 2 1
5966 563 21 47 2 1
5967 563 22 47 2 1
5968 564 12 47 2 1
5969 564 13 47 2 1
5970 564 14 47 2 1
5971 564 15 47 2 1
5972 564 16 47 2 1
5973 564 17 47 2 1
5974 564 18 47 2 1
5975 564 19 47 2 1
5976 564 20 47 2 1
5977 564 21 47 2 1
5978 564 22 47 2 1
5979 565 12 47 2 1
5980 565 13 47 2 1
5981 565 14 47 2 1
5982 565 15 47 2 1
5983 565 16 47 2 1
5984 565 17 47 2 1
5985 565 18 47 2 1
5986 565 19 47 2 1
5987 565 20 47 2 1
5988 565 21 47 2 1
5989 565 22 47 2 1
5990 566 12 47 2 1
5991 566 13 47 2 1
5992 566 14 47 2 1
5993 566 15 47 2 1
5994 566 16 47 2 1
5995 566 17 47 2 1
5996 566 18 47 2 1
5997 566 19 47 2 1
5998 566 20 47 2 1
5999 566 21 47 2 1
6000 566 22 47 2 1
6001 567 12 47 2 1
6002 567 13 47 2 1
6003 567 14 47 2 1
6004 567 15 47 2 1
6005 567 16 47 2 1
6006 567 17 47 2 1
6007 567 18 47 2 1
6008 567 19 47 2 1
6009 567 20 47 2 1
6010 567 21 47 2 1
6011 567 22 47 2 1
6012 568 12 47 2 1
6013 568 13 47 2 1
6014 568 14 47 2 1
6015 568 15 47 2 1
6016 568 16 47 2 1
6017 568 17 47 2 1
6018 568 18 47 2 1
6019 568 19 47 2 1
6020 568 20 47 2 1
6021 568 21 47 2 1
6022 568 22 47 2 1
6023 569 12 47 2 1
6024 569 13 47 2 1
6025 569 14 47 2 1
6026 569 15 47 2 1
6027 569 16 47 2 1
6028 569 17 47 2 1
6029 569 18 47 2 1
6030 569 19 47 2 1
6031 569 20 47 2 1
6032 569 21 47 2 1
6033 569 22 47 2 1
6034 570 12 47 2 1
6035 570 13 47 2 1
6036 570 14 47 2 1
6037 570 15 47 2 1
6038 570 16 47 2 1
6039 570 17 47 2 1
6040 570 18 47 2 1
6041 570 19 47 2 1
6042 570 20 47 2 1
6043 570 21 47 2 1
6044 570 22 47 2 1
6045 571 12 47 2 1
6046 571 13 47 2 1
6047 571 14 47 2 1
6048 571 15 47 2 1
6049 571 16 47 2 1
6050 571 17 47 2 1
6051 571 18 47 2 1
6052 571 19 47 2 1
6053 571 20 47 2 1
6054 571 21 47 2 1
6055 571 22 47 2 1
6056 572 12 47 2 1
6057 572 13 47 2 1
6058 572 14 47 2 1
6059 572 15 47 2 1
6060 572 16 47 2 1
6061 572 17 47 2 1
6062 572 18 47 2 1
6063 572 19 47 2 1
6064 572 20 47 2 1
6065 572 21 47 2 1
6066 572 22 47 2 1
6067 573 12 47 2 1
6068 573 13 47 2 1
6069 573 14 47 2 1
6070 573 15 47 2 1
6071 573 16 47 2 1
6072 573 17 47 2 1
6073 573 18 47 2 1
6074 573 19 47 2 1
6075 573 20 47 2 1
6076 573 21 47 2 1
6077 573 22 47 2 1
6078 574 12 47 2 1
6079 574 13 47 2 1
6080 574 14 47 2 1
6081 574 15 47 2 1
6082 574 16 47 2 1
6083 574 17 47 2 1
6084 574 18 47 2 1
6085 574 19 47 2 1
6086 574 20 47 2 1
6087 574 21 47 2 1
6088 574 22 47 2 1
6089 575 12 47 2 1
6090 575 13 47 2 1
6091 575 14 47 2 1
6092 575 15 47 2 1
6093 575 16 47 2 1
6094 575 17 47 2 1
6095 575 18 47 2 1
6096 575 19 47 2 1
6097 575 20 47 2 1
6098 575 21 47 2 1
6099 575 22 47 2 1
6100 576 12 47 2 1
6101 576 13 47 2 1
6102 576 14 47 2 1
6103 576 15 47 2 1
6104 576 16 47 2 1
6105 576 17 47 2 1
6106 576 18 47 2 1
6107 576 19 47 2 1
6108 576 20 47 2 1
6109 576 21 47 2 1
6110 576 22 47 2 1
6111 577 12 47 2 1
6112 577 13 47 2 1
6113 577 14 47 2 1
6114 577 15 47 2 1
6115 577 16 47 2 1
6116 577 17 47 2 1
6117 577 18 47 2 1
6118 577 19 47 2 1
6119 577 20 47 2 1
6120 577 21 47 2 1
6121 577 22 47 2 1
6122 578 12 47 2 1
6123 578 13 47 2 1
6124 578 14 47 2 1
6125 578 15 47 2 1
6126 578 16 47 2 1
6127 578 17 47 2 1
6128 578 18 47 2 1
6129 578 19 47 2 1
6130 578 20 47 2 1
6131 578 21 47 2 1
6132 578 22 47 2 1
6133 579 12 47 2 1
6134 579 13 47 2 1
6135 579 14 47 2 1
6136 579 15 47 2 1
6137 579 16 47 2 1
6138 579 17 47 2 1
6139 579 18 47 2 1
6140 579 19 47 2 1
6141 579 20 47 2 1
6142 579 21 47 2 1
6143 579 22 47 2 1
6144 580 12 47 2 1
6145 580 13 47 2 1
6146 580 14 47 2 1
6147 580 15 47 2 1
6148 580 18 47 2 1
6149 580 19 47 2 1
6150 580 20 47 2 1
6151 580 21 47 2 1
6152 580 22 47 2 1
6153 581 12 47 2 1
6154 581 13 47 2 1
6155 581 14 47 2 1
6156 581 15 47 2 1
6157 581 18 47 2 1
6158 581 19 47 2 1
6159 581 20 47 2 1
6160 581 21 47 2 1
6161 581 22 47 2 1
6162 582 12 47 2 1
6163 582 13 47 2 1
6164 582 14 47 2 1
6165 582 15 47 2 1
6166 582 16 47 2 1
6167 582 19 47 2 1
6168 582 20 47 2 1
6169 582 21 47 2 1
6170 582 22 47 2 1
6171 583 12 47 2 1
6172 583 13 47 2 1
6173 583 14 47 2 1
6174 583 15 47 2 1
6175 583 16 47 2 1
6176 583 19 47 2 1
6177 583 20 47 2 1
6178 583 21 47 2 1
6179 583 22 47 2 1
6180 584 12 47 2 1
6181 584 13 47 2 1
6182 584 14 47 2 1
6183 584 15 47 2 1
6184 584 16 47 2 1
6185 584 17 47 2 1
6186 584 18 47 2 1
6187 584 19 47 2 1
6188 584 20 47 2 1
6189 584 21 47 2 1
6190 584 22 47 2 1
6191 585 12 47 2 1
6192 585 13 47 2 1
6193 585 14 47 2 1
6194 585 15 47 2 1
6195 585 16 47 2 1
6196 585 17 47 2 1
6197 585 18 47 2 1
6198 585 19 47 2 1
6199 585 20 47 2 1
6200 585 21 47 2 1
6201 585 22 47 2 1
6202 586 12 47 2 1
6203 586 13 47 2 1
6204 586 14 47 2 1
6205 586 15 47 2 1
6206 586 16 47 2 1
6207 586 17 47 2 1
6208 586 18 47 2 1
6209 586 19 47 2 1
6210 586 20 47 2 1
6211 587 12 47 2 1
6212 587 13 47 2 1
6213 587 14 47 2 1
6214 587 15 47 2 1
6215 587 16 47 2 1
6216 587 17 47 2 1
6217 587 18 47 2 1
6218 587 19 47 2 1
6219 587 20 47 2 1
6220 588 12 47 2 1
6221 588 13 47 2 1
6222 588 14 47 2 1
6223 588 15 47 2 1
6224 588 16 47 2 1
6225 588 17 47 2 1
6226 588 18 47 2 1
6227 588 19 47 2 1
6228 588 20 47 2 1
6229 589 12 47 2 1
6230 589 13 47 2 1
6231 589 14 47 2 1
6232 589 15 47 2 1
6233 589 16 47 2 1
6234 589 17 47 2 1
6235 589 18 47 2 1
6236 589 19 47 2 1
6237 589 20 47 2 1
6238 590 14 47 2 1
6239 590 15 47 2 1
6240 590 16 47 2 1
6241 590 17 47 2 1
6242 590 18 47 2 1
6243 590 19 47 2 1
6244 590 20 47 2 1
6245 590 21 47 2 1
6246 590 22 47 2 1
6247 591 14 47 2 1
6248 591 15 47 2 1
6249 591 16 47 2 1
6250 591 17 47 2 1
6251 591 18 47 2 1
6252 591 19 47 2 1
6253 591 20 47 2 1
6254 591 21 47 2 1
6255 591 22 47 2 1
6256 592 14 47 2 1
6257 592 15 47 2 1
6258 592 16 47 2 1
6259 592 17 47 2 1
6260 592 18 47 2 1
6261 592 19 47 2 1
6262 592 20 47 2 1
6263 592 21 47 2 1
6264 592 22 47 2 1
6265 593 14 47 2 1
6266 593 15 47 2 1
6267 593 16 47 2 1
6268 593 17 47 2 1
6269 593 18 47 2 1
6270 593 19 47 2 1
6271 593 20 47 2 1
6272 593 21 47 2 1
6273 593 22 47 2 1
6274 594 12 47 2 1
6275 594 13 47 2 1
6276 594 14 47 2 1
6277 594 15 47 2 1
6278 594 16 47 2 1
6279 594 17 47 2 1
6280 594 18 47 2 1
6281 594 19 47 2 1
6282 594 20 47 2 1
6283 594 21 47 2 1
6284 594 22 47 2 1
6285 595 12 47 2 1
6286 595 13 47 2 1
6287 595 14 47 2 1
6288 595 15 47 2 1
6289 595 16 47 2 1
6290 595 17 47 2 1
6291 595 18 47 2 1
6292 595 19 47 2 1
6293 595 20 47 2 1
6294 595 21 47 2 1
6295 595 22 47 2 1
6296 596 12 47 2 1
6297 596 13 47 2 1
6298 596 14 47 2 1
6299 596 15 47 2 1
6300 596 16 47 2 1
6301 596 17 47 2 1
6302 596 18 47 2 1
6303 596 19 47 2 1
6304 596 20 47 2 1
6305 596 21 47 2 1
6306 596 22 47 2 1
6307 597 12 47 2 1
6308 597 13 47 2 1
6309 597 14 47 2 1
6310 597 15 47 2 1
6311 597 16 47 2 1
6312 597 17 47 2 1
6313 597 18 47 2 1
6314 597 19 47 2 1
6315 597 20 47 2 1
6316 597 21 47 2 1
6317 597 22 47 2 1
6318 598 12 47 2 1
6319 598 13 47 2 1
6320 598 16 47 2 1
6321 598 17 47 2 1
6322 598 18 47 2 1
6323 598 19 47 2 1
6324 598 20 47 2 1
6325 598 21 47 2 1
6326 598 22 47 2 1
6327 599 12 47 2 1
6328 599 13 47 2 1
6329 599 16 47 2 1
6330 599 17 47 2 1
6331 599 18 47 2 1
6332 599 19 47 2 1
6333 599 20 47 2 1
6334 599 21 47 2 1
6335 599 22 47 2 1
6336 600 12 47 2 1
6337 600 13 47 2 1
6338 600 14 47 2 1
6339 600 15 47 2 1
6340 600 16 47 2 1
6341 600 17 47 2 1
6342 600 18 47 2 1
6343 600 21 47 2 1
6344 600 22 47 2 1
6345 601 12 47 2 1
6346 601 13 47 2 1
6347 601 14 47 2 1
6348 601 15 47 2 1
6349 601 16 47 2 1
6350 601 17 47 2 1
6351 601 18 47 2 1
6352 601 21 47 2 1
6353 601 22 47 2 1
6354 602 12 47 2 1
6355 602 13 47 2 1
6356 602 14 47 2 1
6357 602 15 47 2 1
6358 602 16 47 2 1
6359 602 17 47 2 1
6360 602 18 47 2 1
6361 602 19 47 2 1
6362 602 20 47 2 1
6363 602 21 47 2 1
6364 602 22 47 2 1
6365 603 12 47 2 1
6366 603 13 47 2 1
6367 603 14 47 2 1
6368 603 15 47 2 1
6369 603 16 47 2 1
6370 603 17 47 2 1
6371 603 18 47 2 1
6372 603 19 47 2 1
6373 603 20 47 2 1
6374 603 21 47 2 1
6375 603 22 47 2 1
6376 604 12 47 2 1
6377 604 13 47 2 1
6378 604 14 47 2 1
6379 604 15 47 2 1
6380 604 16 47 2 1
6381 604 17 47 2 1
6382 604 18 47 2 1
6383 604 19 47 2 1
6384 604 20 47 2 1
6385 604 21 47 2 1
6386 604 22 47 2 1
6387 605 12 47 2 1
6388 605 13 47 2 1
6389 605 14 47 2 1
6390 605 15 47 2 1
6391 605 16 47 2 1
6392 605 17 47 2 1
6393 605 18 47 2 1
6394 605 19 47 2 1
6395 605 20 47 2 1
6396 605 21 47 2 1
6397 605 22 47 2 1
6398 606 12 47 2 1
6399 606 13 47 2 1
6400 606 14 47 2 1
6401 606 15 47 2 1
6402 606 16 47 2 1
6403 606 17 47 2 1
6404 606 18 47 2 1
6405 606 19 47 2 1
6406 606 20 47 2 1
6407 606 21 47 2 1
6408 606 22 47 2 1
6409 607 12 47 2 1
6410 607 13 47 2 1
6411 607 14 47 2 1
6412 607 15 47 2 1
6413 607 16 47 2 1
6414 607 17 47 2 1
6415 607 18 47 2 1
6416 607 19 47 2 1
6417 607 20 47 2 1
6418 607 21 47 2 1
6419 607 22 47 2 1
6420 608 12 47 2 1
6421 608 13 47 2 1
6422 608 14 47 2 1
6423 608 15 47 2 1
6424 608 16 47 2 1
6425 608 17 47 2 1
6426 608 18 47 2 1
6427 608 19 47 2 1
6428 608 20 47 2 1
6429 608 21 47 2 1
6430 608 22 47 2 1
6431 609 12 47 2 1
6432 609 13 47 2 1
6433 609 14 47 2 1
6434 609 15 47 2 1
6435 609 16 47 2 1
6436 609 17 47 2 1
6437 609 18 47 2 1
6438 609 19 47 2 1
6439 609 20 47 2 1
6440 609 21 47 2 1
6441 609 22 47 2 1
6442 610 12 47 2 1
6443 610 13 47 2 1
6444 610 14 47 2 1
6445 610 15 47 2 1
6446 610 16 47 2 1
6447 610 17 47 2 1
6448 610 18 47 2 1
6449 610 19 47 2 1
6450 610 20 47 2 1
6451 610 21 47 2 1
6452 610 22 47 2 1
6453 611 12 47 2 1
6454 611 13 47 2 1
6455 611 14 47 2 1
6456 611 15 47 2 1
6457 611 16 47 2 1
6458 611 17 47 2 1
6459 611 18 47 2 1
6460 611 19 47 2 1
6461 611 20 47 2 1
6462 611 21 47 2 1
6463 611 22 47 2 1
6464 612 12 47 2 1
6465 612 13 47 2 1
6466 612 14 47 2 1
6467 612 15 47 2 1
6468 612 16 47 2 1
6469 612 17 47 2 1
6470 612 18 47 2 1
6471 612 19 47 2 1
6472 612 20 47 2 1
6473 612 21 47 2 1
6474 612 22 47 2 1
6475 613 12 47 2 1
6476 613 13 47 2 1
6477 613 14 47 2 1
6478 613 15 47 2 1
6479 613 16 47 2 1
6480 613 17 47 2 1
6481 613 18 47 2 1
6482 613 19 47 2 1
6483 613 20 47 2 1
6484 613 21 47 2 1
6485 613 22 47 2 1
6486 614 12 47 2 1
6487 614 13 47 2 1
6488 614 14 47 2 1
6489 614 15 47 2 1
6490 614 16 47 2 1
6491 614 17 47 2 1
6492 614 18 47 2 1
6493 614 19 47 2 1
6494 614 20 47 2 1
6495 614 21 47 2 1
6496 614 22 47 2 1
6497 615 12 47 2 1
6498 615 13 47 2 1
6499 615 14 47 2 1
6500 615 15 47 2 1
6501 615 16 47 2 1
6502 615 17 47 2 1
6503 615 18 47 2 1
6504 615 19 47 2 1
6505 615 20 47 2 1
6506 615 21 47 2 1
6507 615 22 47 2 1
6508 616 12 47 2 1
6509 616 13 47 2 1
6510 616 14 47 2 1
6511 616 15 47 2 1
6512 616 16 47 2 1
6513 616 17 47 2 1
6514 616 18 47 2 1
6515 616 19 47 2 1
6516 616 20 47 2 1
6517 616 21 47 2 1
6518 616 22 47 2 1
6519 617 12 47 2 1
6520 617 13 47 2 1
6521 617 14 47 2 1
6522 617 15 47 2 1
6523 617 16 47 2 1
6524 617 17 47 2 1
6525 617 18 47 2 1
6526 617 19 47 2 1
6527 617 20 47 2 1
6528 617 21 47 2 1
6529 617 22 47 2 1
6530 618 12 47 2 1
6531 618 13 47 2 1
6532 618 14 47 2 1
6533 618 15 47 2 1
6534 618 16 47 2 1
6535 618 17 47 2 1
6536 618 18 47 2 1
6537 618 19 47 2 1
6538 618 20 47 2 1
6539 618 21 47 2 1
6540 618 22 47 2 1
6541 619 12 47 2 1
6542 619 13 47 2 1
6543 619 14 47 2 1
6544 619 15 47 2 1
6545 619 16 47 2 1
6546 619 17 47 2 1
6547 619 18 47 2 1
6548 619 19 47 2 1
6549 619 20 47 2 1
6550 619 21 47 2 1
6551 619 22 47 2 1
6552 620 12 47 2 1
6553 620 13 47 2 1
6554 620 14 47 2 1
6555 620 15 47 2 1
6556 620 16 47 2 1
6557 620 17 47 2 1
6558 620 18 47 2 1
6559 620 19 47 2 1
6560 620 20 47 2 1
6561 620 21 47 2 1
6562 620 22 47 2 1
6563 621 12 47 2 1
6564 621 13 47 2 1
6565 621 14 47 2 1
6566 621 15 47 2 1
6567 621 16 47 2 1
6568 621 17 47 2 1
6569 621 18 47 2 1
6570 621 19 47 2 1
6571 621 20 47 2 1
6572 621 21 47 2 1
6573 621 22 47 2 1
6574 622 12 47 2 1
6575 622 13 47 2 1
6576 622 14 47 2 1
6577 622 15 47 2 1
6578 622 16 47 2 1
6579 622 17 47 2 1
6580 622 18 47 2 1
6581 622 19 47 2 1
6582 622 20 47 2 1
6583 622 21 47 2 1
6584 622 22 47 2 1
6585 623 12 47 2 1
6586 623 13 47 2 1
6587 623 14 47 2 1
6588 623 15 47 2 1
6589 623 16 47 2 1
6590 623 17 47 2 1
6591 623 18 47 2 1
6592 623 19 47 2 1
6593 623 20 47 2 1
6594 623 21 47 2 1
6595 623 22 47 2 1
6596 624 12 47 2 1
6597 624 15 47 2 1
6598 624 16 47 2 1
6599 624 17 47 2 1
6600 624 18 47 2 1
6601 624 19 47 2 1
6602 624 20 47 2 1
6603 624 21 47 2 1
6604 624 22 47 2 1
6605 625 12 47 2 1
6606 625 13 47 2 1
6607 625 14 47 2 1
6608 625 15 47 2 1
6609 625 16 47 2 1
6610 625 17 47 2 1
6611 625 18 47 2 1
6612 625 19 47 2 1
6613 625 22 47 2 1
6614 626 12 47 2 1
6615 626 13 47 2 1
6616 626 14 47 2 1
6617 626 15 47 2 1
6618 626 16 47 2 1
6619 626 17 47 2 1
6620 626 18 47 2 1
6621 626 19 47 2 1
6622 626 20 47 2 1
6623 626 21 47 2 1
6624 626 22 47 2 1
6625 627 12 47 2 1
6626 627 13 47 2 1
6627 627 14 47 2 1
6628 627 15 47 2 1
6629 627 16 47 2 1
6630 627 17 47 2 1
6631 627 18 47 2 1
6632 627 19 47 2 1
6633 627 20 47 2 1
6634 627 21 47 2 1
6635 627 22 47 2 1
6636 628 12 47 2 1
6637 628 13 47 2 1
6638 628 14 47 2 1
6639 628 15 47 2 1
6640 628 16 47 2 1
6641 628 17 47 2 1
6642 628 18 47 2 1
6643 628 19 47 2 1
6644 628 20 47 2 1
6645 628 21 47 2 1
6646 628 22 47 2 1
6647 629 12 47 2 1
6648 629 13 47 2 1
6649 629 14 47 2 1
6650 629 15 47 2 1
6651 629 16 47 2 1
6652 629 17 47 2 1
6653 629 18 47 2 1
6654 629 19 47 2 1
6655 629 20 47 2 1
6656 629 21 47 2 1
6657 629 22 47 2 1
6658 630 12 47 2 1
6659 630 13 47 2 1
6660 630 14 47 2 1
6661 630 15 47 2 1
6662 630 16 47 2 1
6663 630 17 47 2 1
6664 630 18 47 2 1
6665 630 19 47 2 1
6666 630 20 47 2 1
6667 630 21 47 2 1
6668 630 22 47 2 1
6669 631 12 47 2 1
6670 631 13 47 2 1
6671 631 14 47 2 1
6672 631 15 47 2 1
6673 631 16 47 2 1
6674 631 17 47 2 1
6675 631 18 47 2 1
6676 631 19 47 2 1
6677 631 20 47 2 1
6678 631 21 47 2 1
6679 631 22 47 2 1
6680 632 12 47 2 1
6681 632 13 47 2 1
6682 632 14 47 2 1
6683 632 15 47 2 1
6684 632 16 47 2 1
6685 632 17 47 2 1
6686 632 18 47 2 1
6687 632 19 47 2 1
6688 632 20 47 2 1
6689 632 21 47 2 1
6690 632 22 47 2 1
6691 633 12 47 2 1
6692 633 13 47 2 1
6693 633 14 47 2 1
6694 633 15 47 2 1
6695 633 16 47 2 1
6696 633 17 47 2 1
6697 633 18 47 2 1
6698 633 19 47 2 1
6699 633 20 47 2 1
6700 633 21 47 2 1
6701 633 22 47 2 1
6702 634 12 47 2 1
6703 634 13 47 2 1
6704 634 14 47 2 1
6705 634 15 47 2 1
6706 634 16 47 2 1
6707 634 17 47 2 1
6708 634 18 47 2 1
6709 634 19 47 2 1
6710 634 20 47 2 1
6711 634 21 47 2 1
6712 634 22 47 2 1
6713 635 12 47 2 1
6714 635 13 47 2 1
6715 635 14 47 2 1
6716 635 15 47 2 1
6717 635 16 47 2 1
6718 635 17 47 2 1
6719 635 18 47 2 1
6720 635 19 47 2 1
6721 635 20 47 2 1
6722 635 21 47 2 1
6723 635 22 47 2 1
6724 636 12 47 2 1
6725 636 13 47 2 1
6726 636 14 47 2 1
6727 636 15 47 2 1
6728 636 16 47 2 1
6729 636 17 47 2 1
6730 636 18 47 2 1
6731 636 19 47 2 1
6732 636 20 47 2 1
6733 636 21 47 2 1
6734 636 22 47 2 1
6735 637 12 47 2 1
6736 637 13 47 2 1
6737 637 14 47 2 1
6738 637 15 47 2 1
6739 637 16 47 2 1
6740 637 17 47 2 1
6741 637 18 47 2 1
6742 637 19 47 2 1
6743 637 20 47 2 1
6744 637 21 47 2 1
6745 637 22 47 2 1
6746 638 12 47 2 1
6747 638 13 47 2 1
6748 638 14 47 2 1
6749 638 15 47 2 1
6750 638 16 47 2 1
6751 638 17 47 2 1
6752 638 18 47 2 1
6753 638 21 47 2 1
6754 638 22 47 2 1
6755 639 12 47 2 1
6756 639 13 47 2 1
6757 639 14 47 2 1
6758 639 15 47 2 1
6759 639 16 47 2 1
6760 639 17 47 2 1
6761 639 18 47 2 1
6762 639 21 47 2 1
6763 639 22 47 2 1
6764 640 12 47 2 1
6765 640 13 47 2 1
6766 640 16 47 2 1
6767 640 17 47 2 1
6768 640 18 47 2 1
6769 640 19 47 2 1
6770 640 20 47 2 1
6771 640 21 47 2 1
6772 640 22 47 2 1
6773 641 12 47 2 1
6774 641 13 47 2 1
6775 641 16 47 2 1
6776 641 17 47 2 1
6777 641 18 47 2 1
6778 641 19 47 2 1
6779 641 20 47 2 1
6780 641 21 47 2 1
6781 641 22 47 2 1
6782 642 12 47 2 1
6783 642 13 47 2 1
6784 642 14 47 2 1
6785 642 15 47 2 1
6786 642 16 47 2 1
6787 642 17 47 2 1
6788 642 18 47 2 1
6789 642 19 47 2 1
6790 642 20 47 2 1
6791 642 21 47 2 1
6792 642 22 47 2 1
6793 643 12 47 2 1
6794 643 13 47 2 1
6795 643 14 47 2 1
6796 643 15 47 2 1
6797 643 16 47 2 1
6798 643 17 47 2 1
6799 643 18 47 2 1
6800 643 19 47 2 1
6801 643 20 47 2 1
6802 643 21 47 2 1
6803 643 22 47 2 1
6804 644 12 47 2 1
6805 644 13 47 2 1
6806 644 14 47 2 1
6807 644 15 47 2 1
6808 644 16 47 2 1
6809 644 17 47 2 1
6810 644 18 47 2 1
6811 644 19 47 2 1
6812 644 20 47 2 1
6813 644 21 47 2 1
6814 644 22 47 2 1
6815 645 12 47 2 1
6816 645 13 47 2 1
6817 645 14 47 2 1
6818 645 15 47 2 1
6819 645 16 47 2 1
6820 645 17 47 2 1
6821 645 18 47 2 1
6822 645 19 47 2 1
6823 645 20 47 2 1
6824 645 21 47 2 1
6825 645 22 47 2 1
6826 646 12 47 2 1
6827 646 13 47 2 1
6828 646 14 47 2 1
6829 646 15 47 2 1
6830 646 16 47 2 1
6831 646 17 47 2 1
6832 646 18 47 2 1
6833 646 19 47 2 1
6834 646 20 47 2 1
6835 646 21 47 2 1
6836 646 22 47 2 1
6837 647 12 47 2 1
6838 647 13 47 2 1
6839 647 14 47 2 1
6840 647 15 47 2 1
6841 647 16 47 2 1
6842 647 17 47 2 1
6843 647 18 47 2 1
6844 647 19 47 2 1
6845 647 20 47 2 1
6846 647 21 47 2 1
6847 647 22 47 2 1
6848 648 12 47 2 1
6849 648 13 47 2 1
6850 648 14 47 2 1
6851 648 15 47 2 1
6852 648 16 47 2 1
6853 648 17 47 2 1
6854 648 18 47 2 1
6855 648 19 47 2 1
6856 648 20 47 2 1
6857 648 21 47 2 1
6858 648 22 47 2 1
6859 649 12 47 2 1
6860 649 13 47 2 1
6861 649 14 47 2 1
6862 649 15 47 2 1
6863 649 16 47 2 1
6864 649 17 47 2 1
6865 649 18 47 2 1
6866 649 19 47 2 1
6867 649 20 47 2 1
6868 649 21 47 2 1
6869 649 22 47 2 1
6870 650 12 47 2 1
6871 650 13 47 2 1
6872 650 14 47 2 1
6873 650 15 47 2 1
6874 650 16 47 2 1
6875 650 17 47 2 1
6876 650 18 47 2 1
6877 650 19 47 2 1
6878 650 20 47 2 1
6879 650 21 47 2 1
6880 650 22 47 2 1
6881 651 12 47 2 1
6882 651 13 47 2 1
6883 651 14 47 2 1
6884 651 15 47 2 1
6885 651 16 47 2 1
6886 651 17 47 2 1
6887 651 18 47 2 1
6888 651 19 47 2 1
6889 651 20 47 2 1
6890 651 21 47 2 1
6891 651 22 47 2 1
6892 652 12 47 2 1
6893 652 13 47 2 1
6894 652 14 47 2 1
6895 652 15 47 2 1
6896 652 16 47 2 1
6897 652 17 47 2 1
6898 652 18 47 2 1
6899 652 19 47 2 1
6900 652 20 47 2 1
6901 652 21 47 2 1
6902 652 22 47 2 1
6903 653 12 47 2 1
6904 653 13 47 2 1
6905 653 14 47 2 1
6906 653 15 47 2 1
6907 653 16 47 2 1
6908 653 17 47 2 1
6909 653 18 47 2 1
6910 653 19 47 2 1
6911 653 20 47 2 1
6912 653 21 47 2 1
6913 653 22 47 2 1
6914 654 12 47 2 1
6915 654 13 47 2 1
6916 654 14 47 2 1
6917 654 15 47 2 1
6918 654 16 47 2 1
6919 654 17 47 2 1
6920 654 18 47 2 1
6921 654 19 47 2 1
6922 654 20 47 2 1
6923 654 21 47 2 1
6924 654 22 47 2 1
6925 655 12 47 2 1
6926 655 13 47 2 1
6927 655 14 47 2 1
6928 655 15 47 2 1
6929 655 16 47 2 1
6930 655 17 47 2 1
6931 655 18 47 2 1
6932 655 19 47 2 1
6933 655 20 47 2 1
6934 655 21 47 2 1
6935 655 22 47 2 1
6936 656 12 47 2 1
6937 656 13 47 2 1
6938 656 14 47 2 1
6939 656 15 47 2 1
6940 656 16 47 2 1
6941 656 17 47 2 1
6942 656 18 47 2 1
6943 656 19 47 2 1
6944 656 20 47 2 1
6945 656 21 47 2 1
6946 656 22 47 2 1
6947 657 12 47 2 1
6948 657 13 47 2 1
6949 657 14 47 2 1
6950 657 15 47 2 1
6951 657 16 47 2 1
6952 657 17 47 2 1
6953 657 18 47 2 1
6954 657 19 47 2 1
6955 657 20 47 2 1
6956 657 21 47 2 1
6957 657 22 47 2 1
6958 658 12 47 2 1
6959 658 13 47 2 1
6960 658 14 47 2 1
6961 658 15 47 2 1
6962 658 16 47 2 1
6963 658 17 47 2 1
6964 658 18 47 2 1
6965 658 19 47 2 1
6966 658 20 47 2 1
6967 658 21 47 2 1
6968 658 22 47 2 1
6969 659 12 47 2 1
6970 659 13 47 2 1
6971 659 14 47 2 1
6972 659 15 47 2 1
6973 659 16 47 2 1
6974 659 17 47 2 1
6975 659 18 47 2 1
6976 659 19 47 2 1
6977 659 20 47 2 1
6978 659 21 47 2 1
6979 659 22 47 2 1
6980 660 12 47 2 1
6981 660 13 47 2 1
6982 660 14 47 2 1
6983 660 15 47 2 1
6984 660 16 47 2 1
6985 660 17 47 2 1
6986 660 18 47 2 1
6987 660 19 47 2 1
6988 660 20 47 2 1
6989 660 21 47 2 1
6990 660 22 47 2 1
6991 661 12 47 2 1
6992 661 13 47 2 1
6993 661 14 47 2 1
6994 661 15 47 2 1
6995 661 16 47 2 1
6996 661 17 47 2 1
6997 661 18 47 2 1
6998 661 19 47 2 1
6999 661 20 47 2 1
7000 661 21 47 2 1
7001 661 22 47 2 1
7002 662 12 47 2 1
7003 662 13 47 2 1
7004 662 14 47 2 1
7005 662 15 47 2 1
7006 662 16 47 2 1
7007 662 17 47 2 1
7008 662 18 47 2 1
7009 662 19 47 2 1
7010 662 20 47 2 1
7011 662 21 47 2 1
7012 662 22 47 2 1
7013 663 12 47 2 1
7014 663 13 47 2 1
7015 663 14 47 2 1
7016 663 15 47 2 1
7017 663 16 47 2 1
7018 663 17 47 2 1
7019 663 18 47 2 1
7020 663 19 47 2 1
7021 663 20 47 2 1
7022 663 21 47 2 1
7023 663 22 47 2 1
7024 664 12 47 2 1
7025 664 13 47 2 1
7026 664 14 47 2 1
7027 664 15 47 2 1
7028 664 16 47 2 1
7029 664 17 47 2 1
7030 664 18 47 2 1
7031 664 19 47 2 1
7032 664 20 47 2 1
7033 664 21 47 2 1
7034 664 22 47 2 1
7035 665 12 47 2 1
7036 665 13 47 2 1
7037 665 14 47 2 1
7038 665 15 47 2 1
7039 665 16 47 2 1
7040 665 17 47 2 1
7041 665 18 47 2 1
7042 665 19 47 2 1
7043 665 20 47 2 1
7044 665 21 47 2 1
7045 665 22 47 2 1
7046 666 12 47 2 1
7047 666 13 47 2 1
7048 666 14 47 2 1
7049 666 15 47 2 1
7050 666 16 47 2 1
7051 666 17 47 2 1
7052 666 18 47 2 1
7053 666 19 47 2 1
7054 666 20 47 2 1
7055 666 21 47 2 1
7056 666 22 47 2 1
7057 667 12 47 2 1
7058 667 13 47 2 1
7059 667 14 47 2 1
7060 667 15 47 2 1
7061 667 16 47 2 1
7062 667 17 47 2 1
7063 667 18 47 2 1
7064 667 19 47 2 1
7065 667 20 47 2 1
7066 667 21 47 2 1
7067 667 22 47 2 1
7068 668 12 47 2 1
7069 668 13 47 2 1
7070 668 14 47 2 1
7071 668 15 47 2 1
7072 668 16 47 2 1
7073 668 17 47 2 1
7074 668 18 47 2 1
7075 668 19 47 2 1
7076 668 20 47 2 1
7077 668 21 47 2 1
7078 668 22 47 2 1
7079 669 12 47 2 1
7080 669 13 47 2 1
7081 669 14 47 2 1
7082 669 15 47 2 1
7083 669 16 47 2 1
7084 669 17 47 2 1
7085 669 18 47 2 1
7086 669 19 47 2 1
7087 669 20 47 2 1
7088 669 21 47 2 1
7089 669 22 47 2 1
7090 670 12 47 2 1
7091 670 13 47 2 1
7092 670 14 47 2 1
7093 670 15 47 2 1
7094 670 16 47 2 1
7095 670 17 47 2 1
7096 670 18 47 2 1
7097 670 19 47 2 1
7098 670 20 47 2 1
7099 670 21 47 2 1
7100 670 22 47 2 1
7101 671 12 47 2 1
7102 671 13 47 2 1
7103 671 14 47 2 1
7104 671 15 47 2 1
7105 671 16 47 2 1
7106 671 17 47 2 1
7107 671 18 47 2 1
7108 671 19 47 2 1
7109 671 20 47 2 1
7110 671 21 47 2 1
7111 671 22 47 2 1
7112 672 12 47 2 1
7113 672 13 47 2 1
7114 672 14 47 2 1
7115 672 15 47 2 1
7116 672 16 47 2 1
7117 672 17 47 2 1
7118 672 18 47 2 1
7119 672 19 47 2 1
7120 672 20 47 2 1
7121 672 21 47 2 1
7122 672 22 47 2 1
7123 673 12 47 2 1
7124 673 13 47 2 1
7125 673 14 47 2 1
7126 673 15 47 2 1
7127 673 16 47 2 1
7128 673 17 47 2 1
7129 673 18 47 2 1
7130 673 19 47 2 1
7131 673 20 47 2 1
7132 673 21 47 2 1
7133 673 22 47 2 1
7134 674 12 47 2 1
7135 674 13 47 2 1
7136 674 14 47 2 1
7137 674 15 47 2 1
7138 674 16 47 2 1
7139 674 17 47 2 1
7140 674 18 47 2 1
7141 674 19 47 2 1
7142 674 20 47 2 1
7143 674 21 47 2 1
7144 674 22 47 2 1
7145 675 12 47 2 1
7146 675 13 47 2 1
7147 675 14 47 2 1
7148 675 15 47 2 1
7149 675 16 47 2 1
7150 675 17 47 2 1
7151 675 18 47 2 1
7152 675 19 47 2 1
7153 675 20 47 2 1
7154 675 21 47 2 1
7155 675 22 47 2 1
7156 676 12 47 2 1
7157 676 13 47 2 1
7158 676 14 47 2 1
7159 676 15 47 2 1
7160 676 16 47 2 1
7161 676 17 47 2 1
7162 676 18 47 2 1
7163 676 19 47 2 1
7164 676 20 47 2 1
7165 676 21 47 2 1
7166 676 22 47 2 1
7167 677 12 47 2 1
7168 677 13 47 2 1
7169 677 14 47 2 1
7170 677 15 47 2 1
7171 677 16 47 2 1
7172 677 17 47 2 1
7173 677 18 47 2 1
7174 677 19 47 2 1
7175 677 20 47 2 1
7176 677 21 47 2 1
7177 677 22 47 2 1
7178 678 12 47 2 1
7179 678 13 47 2 1
7180 678 14 47 2 1
7181 678 15 47 2 1
7182 678 16 47 2 1
7183 678 17 47 2 1
7184 678 18 47 2 1
7185 678 19 47 2 1
7186 678 20 47 2 1
7187 678 21 47 2 1
7188 678 22 47 2 1
7189 679 12 47 2 1
7190 679 13 47 2 1
7191 679 14 47 2 1
7192 679 15 47 2 1
7193 679 16 47 2 1
7194 679 17 47 2 1
7195 679 18 47 2 1
7196 679 19 47 2 1
7197 679 20 47 2 1
7198 679 21 47 2 1
7199 679 22 47 2 1
7200 680 12 47 2 1
7201 680 13 47 2 1
7202 680 14 47 2 1
7203 680 15 47 2 1
7204 680 16 47 2 1
7205 680 17 47 2 1
7206 680 18 47 2 1
7207 680 19 47 2 1
7208 680 20 47 2 1
7209 680 21 47 2 1
7210 680 22 47 2 1
7211 681 12 47 2 1
7212 681 13 47 2 1
7213 681 14 47 2 1
7214 681 15 47 2 1
7215 681 16 47 2 1
7216 681 17 47 2 1
7217 681 18 47 2 1
7218 681 19 47 2 1
7219 681 20 47 2 1
7220 681 21 47 2 1
7221 681 22 47 2 1
7222 682 12 47 2 1
7223 682 13 47 2 1
7224 682 14 47 2 1
7225 682 15 47 2 1
7226 682 16 47 2 1
7227 682 17 47 2 1
7228 682 20 47 2 1
7229 682 21 47 2 1
7230 682 22 47 2 1
7231 683 12 47 2 1
7232 683 13 47 2 1
7233 683 14 47 2 1
7234 683 15 47 2 1
7235 683 16 47 2 1
7236 683 17 47 2 1
7237 683 20 47 2 1
7238 683 21 47 2 1
7239 683 22 47 2 1
7240 684 12 47 2 1
7241 684 13 47 2 1
7242 684 14 47 2 1
7243 684 17 47 2 1
7244 684 18 47 2 1
7245 684 19 47 2 1
7246 684 20 47 2 1
7247 684 21 47 2 1
7248 684 22 47 2 1
7249 685 12 47 2 1
7250 685 13 47 2 1
7251 685 14 47 2 1
7252 685 17 47 2 1
7253 685 18 47 2 1
7254 685 19 47 2 1
7255 685 20 47 2 1
7256 685 21 47 2 1
7257 685 22 47 2 1
7258 686 12 47 2 1
7259 686 13 47 2 1
7260 686 14 47 2 1
7261 686 15 47 2 1
7262 686 16 47 2 1
7263 686 17 47 2 1
7264 686 18 47 2 1
7265 686 19 47 2 1
7266 686 22 47 2 1
7267 687 12 47 2 1
7268 687 13 47 2 1
7269 687 14 47 2 1
7270 687 15 47 2 1
7271 687 16 47 2 1
7272 687 17 47 2 1
7273 687 18 47 2 1
7274 687 19 47 2 1
7275 687 22 47 2 1
7276 688 12 47 2 1
7277 688 15 47 2 1
7278 688 16 47 2 1
7279 688 17 47 2 1
7280 688 18 47 2 1
7281 688 19 47 2 1
7282 688 20 47 2 1
7283 688 21 47 2 1
7284 688 22 47 2 1
7285 689 12 47 2 1
7286 689 15 47 2 1
7287 689 16 47 2 1
7288 689 17 47 2 1
7289 689 18 47 2 1
7290 689 19 47 2 1
7291 689 20 47 2 1
7292 689 21 47 2 1
7293 689 22 47 2 1
7294 690 12 47 2 1
7295 690 13 47 2 1
7296 690 16 47 2 1
7297 690 17 47 2 1
7298 690 18 47 2 1
7299 690 19 47 2 1
7300 690 20 47 2 1
7301 690 21 47 2 1
7302 690 22 47 2 1
7303 691 12 47 2 1
7304 691 13 47 2 1
7305 691 16 47 2 1
7306 691 17 47 2 1
7307 691 18 47 2 1
7308 691 19 47 2 1
7309 691 20 47 2 1
7310 691 21 47 2 1
7311 691 22 47 2 1
7312 692 12 47 2 1
7313 692 13 47 2 1
7314 692 14 47 2 1
7315 692 15 47 2 1
7316 692 16 47 2 1
7317 692 17 47 2 1
7318 692 18 47 2 1
7319 692 21 47 2 1
7320 692 22 47 2 1
7321 693 12 47 2 1
7322 693 13 47 2 1
7323 693 14 47 2 1
7324 693 15 47 2 1
7325 693 16 47 2 1
7326 693 17 47 2 1
7327 693 18 47 2 1
7328 693 21 47 2 1
7329 693 22 47 2 1
7330 694 12 47 2 1
7331 694 13 47 2 1
7332 694 14 47 2 1
7333 694 15 47 2 1
7334 694 16 47 2 1
7335 694 17 47 2 1
7336 694 18 47 2 1
7337 694 19 47 2 1
7338 694 22 47 2 1
7339 695 12 47 2 1
7340 695 13 47 2 1
7341 695 14 47 2 1
7342 695 15 47 2 1
7343 695 16 47 2 1
7344 695 17 47 2 1
7345 695 18 47 2 1
7346 695 19 47 2 1
7347 695 22 47 2 1
7348 696 12 47 2 1
7349 696 15 47 2 1
7350 696 16 47 2 1
7351 696 17 47 2 1
7352 696 18 47 2 1
7353 696 19 47 2 1
7354 696 20 47 2 1
7355 696 21 47 2 1
7356 696 22 47 2 1
7357 697 12 47 2 1
7358 697 15 47 2 1
7359 697 16 47 2 1
7360 697 17 47 2 1
7361 697 18 47 2 1
7362 697 19 47 2 1
7363 697 20 47 2 1
7364 697 21 47 2 1
7365 697 22 47 2 1
7366 698 12 47 2 1
7367 698 13 47 2 1
7368 698 14 47 2 1
7369 698 15 47 2 1
7370 698 16 47 2 1
7371 698 17 47 2 1
7372 698 18 47 2 1
7373 698 19 47 2 1
7374 698 20 47 2 1
7375 698 21 47 2 1
7376 698 22 47 2 1
7377 699 12 47 2 1
7378 699 13 47 2 1
7379 699 14 47 2 1
7380 699 15 47 2 1
7381 699 16 47 2 1
7382 699 17 47 2 1
7383 699 18 47 2 1
7384 699 19 47 2 1
7385 699 20 47 2 1
7386 699 21 47 2 1
7387 699 22 47 2 1
7388 700 12 47 2 1
7389 700 13 47 2 1
7390 700 14 47 2 1
7391 700 15 47 2 1
7392 700 16 47 2 1
7393 700 17 47 2 1
7394 700 18 47 2 1
7395 700 19 47 2 1
7396 700 20 47 2 1
7397 700 21 47 2 1
7398 700 22 47 2 1
7399 701 12 47 2 1
7400 701 13 47 2 1
7401 701 14 47 2 1
7402 701 15 47 2 1
7403 701 16 47 2 1
7404 701 17 47 2 1
7405 701 18 47 2 1
7406 701 19 47 2 1
7407 701 20 47 2 1
7408 701 21 47 2 1
7409 701 22 47 2 1
7410 702 12 47 2 1
7411 702 13 47 2 1
7412 702 14 47 2 1
7413 702 15 47 2 1
7414 702 16 47 2 1
7415 702 17 47 2 1
7416 702 18 47 2 1
7417 702 19 47 2 1
7418 702 20 47 2 1
7419 702 21 47 2 1
7420 702 22 47 2 1
7421 703 12 47 2 1
7422 703 13 47 2 1
7423 703 14 47 2 1
7424 703 15 47 2 1
7425 703 16 47 2 1
7426 703 17 47 2 1
7427 703 18 47 2 1
7428 703 19 47 2 1
7429 703 20 47 2 1
7430 703 21 47 2 1
7431 703 22 47 2 1
7432 704 12 47 2 1
7433 704 13 47 2 1
7434 704 14 47 2 1
7435 704 15 47 2 1
7436 704 16 47 2 1
7437 704 17 47 2 1
7438 704 18 47 2 1
7439 704 19 47 2 1
7440 704 20 47 2 1
7441 704 21 47 2 1
7442 704 22 47 2 1
7443 705 12 47 2 1
7444 705 13 47 2 1
7445 705 14 47 2 1
7446 705 15 47 2 1
7447 705 16 47 2 1
7448 705 17 47 2 1
7449 705 18 47 2 1
7450 705 19 47 2 1
7451 705 20 47 2 1
7452 705 21 47 2 1
7453 705 22 47 2 1
7454 706 12 47 2 1
7455 706 13 47 2 1
7456 706 14 47 2 1
7457 706 15 47 2 1
7458 706 16 47 2 1
7459 706 17 47 2 1
7460 706 18 47 2 1
7461 706 19 47 2 1
7462 706 20 47 2 1
7463 706 21 47 2 1
7464 706 22 47 2 1
7465 707 12 47 2 1
7466 707 13 47 2 1
7467 707 14 47 2 1
7468 707 15 47 2 1
7469 707 16 47 2 1
7470 707 17 47 2 1
7471 707 18 47 2 1
7472 707 19 47 2 1
7473 707 20 47 2 1
7474 707 21 47 2 1
7475 707 22 47 2 1
7476 708 12 47 2 1
7477 708 13 47 2 1
7478 708 14 47 2 1
7479 708 15 47 2 1
7480 708 16 47 2 1
7481 708 17 47 2 1
7482 708 18 47 2 1
7483 708 19 47 2 1
7484 708 20 47 2 1
7485 708 21 47 2 1
7486 708 22 47 2 1
7487 709 12 47 2 1
7488 709 13 47 2 1
7489 709 14 47 2 1
7490 709 15 47 2 1
7491 709 16 47 2 1
7492 709 17 47 2 1
7493 709 18 47 2 1
7494 709 19 47 2 1
7495 709 20 47 2 1
7496 709 21 47 2 1
7497 709 22 47 2 1
7498 710 12 47 2 1
7499 710 13 47 2 1
7500 710 14 47 2 1
7501 710 15 47 2 1
7502 710 16 47 2 1
7503 710 17 47 2 1
7504 710 18 47 2 1
7505 710 19 47 2 1
7506 710 20 47 2 1
7507 710 21 47 2 1
7508 710 22 47 2 1
7509 711 12 47 2 1
7510 711 13 47 2 1
7511 711 14 47 2 1
7512 711 15 47 2 1
7513 711 16 47 2 1
7514 711 17 47 2 1
7515 711 18 47 2 1
7516 711 19 47 2 1
7517 711 20 47 2 1
7518 711 21 47 2 1
7519 711 22 47 2 1
7520 712 12 47 2 1
7521 712 13 47 2 1
7522 712 14 47 2 1
7523 712 15 47 2 1
7524 712 16 47 2 1
7525 712 17 47 2 1
7526 712 18 47 2 1
7527 712 19 47 2 1
7528 712 20 47 2 1
7529 712 21 47 2 1
7530 712 22 47 2 1
7531 713 12 47 2 1
7532 713 13 47 2 1
7533 713 14 47 2 1
7534 713 15 47 2 1
7535 713 16 47 2 1
7536 713 17 47 2 1
7537 713 18 47 2 1
7538 713 19 47 2 1
7539 713 20 47 2 1
7540 713 21 47 2 1
7541 713 22 47 2 1
7542 714 12 47 2 1
7543 714 13 47 2 1
7544 714 14 47 2 1
7545 714 15 47 2 1
7546 714 16 47 2 1
7547 714 17 47 2 1
7548 714 18 47 2 1
7549 714 19 47 2 1
7550 714 20 47 2 1
7551 714 21 47 2 1
7552 714 22 47 2 1
7553 715 12 47 2 1
7554 715 13 47 2 1
7555 715 14 47 2 1
7556 715 15 47 2 1
7557 715 16 47 2 1
7558 715 17 47 2 1
7559 715 18 47 2 1
7560 715 19 47 2 1
7561 715 20 47 2 1
7562 715 21 47 2 1
7563 715 22 47 2 1
7564 716 12 47 2 1
7565 716 13 47 2 1
7566 716 14 47 2 1
7567 716 15 47 2 1
7568 716 16 47 2 1
7569 716 17 47 2 1
7570 716 18 47 2 1
7571 716 19 47 2 1
7572 716 20 47 2 1
7573 716 21 47 2 1
7574 716 22 47 2 1
7575 717 12 47 2 1
7576 717 13 47 2 1
7577 717 14 47 2 1
7578 717 15 47 2 1
7579 717 16 47 2 1
7580 717 17 47 2 1
7581 717 18 47 2 1
7582 717 19 47 2 1
7583 717 20 47 2 1
7584 717 21 47 2 1
7585 717 22 47 2 1
7586 718 12 47 2 1
7587 718 13 47 2 1
7588 718 14 47 2 1
7589 718 15 47 2 1
7590 718 16 47 2 1
7591 718 17 47 2 1
7592 718 18 47 2 1
7593 718 19 47 2 1
7594 718 20 47 2 1
7595 718 21 47 2 1
7596 718 22 47 2 1
7597 719 12 47 2 1
7598 719 13 47 2 1
7599 719 14 47 2 1
7600 719 15 47 2 1
7601 719 16 47 2 1
7602 719 17 47 2 1
7603 719 18 47 2 1
7604 719 19 47 2 1
7605 719 20 47 2 1
7606 719 21 47 2 1
7607 719 22 47 2 1
7608 720 12 47 2 1
7609 720 13 47 2 1
7610 720 14 47 2 1
7611 720 15 47 2 1
7612 720 16 47 2 1
7613 720 17 47 2 1
7614 720 18 47 2 1
7615 720 19 47 2 1
7616 720 20 47 2 1
7617 720 21 47 2 1
7618 720 22 47 2 1
7619 721 12 47 2 1
7620 721 13 47 2 1
7621 721 14 47 2 1
7622 721 15 47 2 1
7623 721 16 47 2 1
7624 721 17 47 2 1
7625 721 18 47 2 1
7626 721 19 47 2 1
7627 721 20 47 2 1
7628 721 21 47 2 1
7629 721 22 47 2 1
7630 722 12 47 2 1
7631 722 13 47 2 1
7632 722 14 47 2 1
7633 722 15 47 2 1
7634 722 16 47 2 1
7635 722 17 47 2 1
7636 722 18 47 2 1
7637 722 19 47 2 1
7638 722 20 47 2 1
7639 722 21 47 2 1
7640 722 22 47 2 1
7641 723 12 47 2 1
7642 723 13 47 2 1
7643 723 14 47 2 1
7644 723 15 47 2 1
7645 723 16 47 2 1
7646 723 17 47 2 1
7647 723 18 47 2 1
7648 723 19 47 2 1
7649 723 20 47 2 1
7650 723 21 47 2 1
7651 723 22 47 2 1
7652 724 12 47 2 1
7653 724 13 47 2 1
7654 724 14 47 2 1
7655 724 15 47 2 1
7656 724 16 47 2 1
7657 724 17 47 2 1
7658 724 18 47 2 1
7659 724 19 47 2 1
7660 724 20 47 2 1
7661 724 21 47 2 1
7662 724 22 47 2 1
7663 725 12 47 2 1
7664 725 13 47 2 1
7665 725 14 47 2 1
7666 725 15 47 2 1
7667 725 16 47 2 1
7668 725 17 47 2 1
7669 725 18 47 2 1
7670 725 19 47 2 1
7671 725 20 47 2 1
7672 725 21 47 2 1
7673 725 22 47 2 1
7674 726 12 47 2 1
7675 726 13 47 2 1
7676 726 14 47 2 1
7677 726 15 47 2 1
7678 726 16 47 2 1
7679 726 17 47 2 1
7680 726 18 47 2 1
7681 726 21 47 2 1
7682 726 22 47 2 1
7683 727 12 47 2 1
7684 727 13 47 2 1
7685 727 14 47 2 1
7686 727 15 47 2 1
7687 727 16 47 2 1
7688 727 17 47 2 1
7689 727 18 47 2 1
7690 727 21 47 2 1
7691 727 22 47 2 1
7692 728 12 47 2 1
7693 728 13 47 2 1
7694 728 16 47 2 1
7695 728 17 47 2 1
7696 728 18 47 2 1
7697 728 19 47 2 1
7698 728 20 47 2 1
7699 728 21 47 2 1
7700 728 22 47 2 1
7701 729 12 47 2 1
7702 729 13 47 2 1
7703 729 16 47 2 1
7704 729 17 47 2 1
7705 729 18 47 2 1
7706 729 19 47 2 1
7707 729 20 47 2 1
7708 729 21 47 2 1
7709 729 22 47 2 1
7710 730 12 47 2 1
7711 730 13 47 2 1
7712 730 14 47 2 1
7713 730 15 47 2 1
7714 730 16 47 2 1
7715 730 17 47 2 1
7716 730 18 47 2 1
7717 730 19 47 2 1
7718 730 20 47 2 1
7719 730 21 47 2 1
7720 730 22 47 2 1
7721 731 12 47 2 1
7722 731 13 47 2 1
7723 731 14 47 2 1
7724 731 15 47 2 1
7725 731 16 47 2 1
7726 731 17 47 2 1
7727 731 18 47 2 1
7728 731 19 47 2 1
7729 731 20 47 2 1
7730 731 21 47 2 1
7731 731 22 47 2 1
7732 732 12 47 2 1
7733 732 13 47 2 1
7734 732 14 47 2 1
7735 732 15 47 2 1
7736 732 16 47 2 1
7737 732 17 47 2 1
7738 732 18 47 2 1
7739 732 19 47 2 1
7740 732 20 47 2 1
7741 732 21 47 2 1
7742 732 22 47 2 1
7743 733 12 47 2 1
7744 733 13 47 2 1
7745 733 14 47 2 1
7746 733 15 47 2 1
7747 733 16 47 2 1
7748 733 17 47 2 1
7749 733 18 47 2 1
7750 733 19 47 2 1
7751 733 20 47 2 1
7752 733 21 47 2 1
7753 733 22 47 2 1
7754 734 12 47 2 1
7755 734 13 47 2 1
7756 734 14 47 2 1
7757 734 15 47 2 1
7758 734 16 47 2 1
7759 734 17 47 2 1
7760 734 18 47 2 1
7761 734 19 47 2 1
7762 734 20 47 2 1
7763 734 21 47 2 1
7764 734 22 47 2 1
7765 735 12 47 2 1
7766 735 13 47 2 1
7767 735 14 47 2 1
7768 735 15 47 2 1
7769 735 16 47 2 1
7770 735 17 47 2 1
7771 735 18 47 2 1
7772 735 19 47 2 1
7773 735 20 47 2 1
7774 735 21 47 2 1
7775 735 22 47 2 1
7776 736 12 47 2 1
7777 736 13 47 2 1
7778 736 14 47 2 1
7779 736 15 47 2 1
7780 736 16 47 2 1
7781 736 17 47 2 1
7782 736 18 47 2 1
7783 736 19 47 2 1
7784 736 20 47 2 1
7785 736 21 47 2 1
7786 736 22 47 2 1
7787 737 12 47 2 1
7788 737 13 47 2 1
7789 737 14 47 2 1
7790 737 15 47 2 1
7791 737 16 47 2 1
7792 737 17 47 2 1
7793 737 18 47 2 1
7794 737 19 47 2 1
7795 737 20 47 2 1
7796 737 21 47 2 1
7797 737 22 47 2 1
7798 738 12 47 2 1
7799 738 13 47 2 1
7800 738 14 47 2 1
7801 738 17 47 2 1
7802 738 18 47 2 1
7803 738 21 47 2 1
7804 738 22 47 2 1
7805 739 12 47 2 1
7806 739 13 47 2 1
7807 739 14 47 2 1
7808 739 17 47 2 1
7809 739 18 47 2 1
7810 739 21 47 2 1
7811 739 22 47 2 1
7812 740 12 47 2 1
7813 740 13 47 2 1
7814 740 16 47 2 1
7815 740 17 47 2 1
7816 740 20 47 2 1
7817 740 21 47 2 1
7818 740 22 47 2 1
7819 741 12 47 2 1
7820 741 13 47 2 1
7821 741 16 47 2 1
7822 741 17 47 2 1
7823 741 20 47 2 1
7824 741 21 47 2 1
7825 741 22 47 2 1
7826 742 12 47 2 1
7827 742 13 47 2 1
7828 742 14 47 2 1
7829 742 15 47 2 1
7830 742 16 47 2 1
7831 742 17 47 2 1
7832 742 18 47 2 1
7833 742 19 47 2 1
7834 742 20 47 2 1
7835 742 21 47 2 1
7836 742 22 47 2 1
7837 743 12 47 2 1
7838 743 13 47 2 1
7839 743 14 47 2 1
7840 743 15 47 2 1
7841 743 16 47 2 1
7842 743 17 47 2 1
7843 743 18 47 2 1
7844 743 19 47 2 1
7845 743 20 47 2 1
7846 743 21 47 2 1
7847 743 22 47 2 1
7848 744 12 47 2 1
7849 744 13 47 2 1
7850 744 14 47 2 1
7851 744 15 47 2 1
7852 744 16 47 2 1
7853 744 17 47 2 1
7854 744 18 47 2 1
7855 744 19 47 2 1
7856 744 20 47 2 1
7857 744 21 47 2 1
7858 744 22 47 2 1
7859 745 12 47 2 1
7860 745 13 47 2 1
7861 745 14 47 2 1
7862 745 15 47 2 1
7863 745 16 47 2 1
7864 745 17 47 2 1
7865 745 18 47 2 1
7866 745 19 47 2 1
7867 745 20 47 2 1
7868 745 21 47 2 1
7869 745 22 47 2 1
7870 746 12 47 2 1
7871 746 13 47 2 1
7872 746 14 47 2 1
7873 746 15 47 2 1
7874 746 16 47 2 1
7875 746 17 47 2 1
7876 746 18 47 2 1
7877 746 21 47 2 1
7878 746 22 47 2 1
7879 747 12 47 2 1
7880 747 13 47 2 1
7881 747 14 47 2 1
7882 747 15 47 2 1
7883 747 16 47 2 1
7884 747 17 47 2 1
7885 747 18 47 2 1
7886 747 21 47 2 1
7887 747 22 47 2 1
7888 748 12 47 2 1
7889 748 13 47 2 1
7890 748 14 47 2 1
7891 748 15 47 2 1
7892 748 16 47 2 1
7893 748 17 47 2 1
7894 748 18 47 2 1
7895 748 19 47 2 1
7896 748 20 47 2 1
7897 748 21 47 2 1
7898 748 22 47 2 1
7899 749 12 47 2 1
7900 749 13 47 2 1
7901 749 14 47 2 1
7902 749 15 47 2 1
7903 749 16 47 2 1
7904 749 17 47 2 1
7905 749 18 47 2 1
7906 749 19 47 2 1
7907 749 20 47 2 1
7908 749 21 47 2 1
7909 749 22 47 2 1
7910 750 12 47 2 1
7911 750 13 47 2 1
7912 750 14 47 2 1
7913 750 15 47 2 1
7914 750 16 47 2 1
7915 750 17 47 2 1
7916 750 18 47 2 1
7917 750 19 47 2 1
7918 750 20 47 2 1
7919 750 21 47 2 1
7920 750 22 47 2 1
7921 751 12 47 2 1
7922 751 13 47 2 1
7923 751 14 47 2 1
7924 751 15 47 2 1
7925 751 16 47 2 1
7926 751 17 47 2 1
7927 751 18 47 2 1
7928 751 19 47 2 1
7929 751 20 47 2 1
7930 751 21 47 2 1
7931 751 22 47 2 1
7932 752 12 47 2 1
7933 752 13 47 2 1
7934 752 16 47 2 1
7935 752 17 47 2 1
7936 752 18 47 2 1
7937 752 19 47 2 1
7938 752 20 47 2 1
7939 752 21 47 2 1
7940 752 22 47 2 1
7941 753 12 47 2 1
7942 753 13 47 2 1
7943 753 16 47 2 1
7944 753 17 47 2 1
7945 753 18 47 2 1
7946 753 19 47 2 1
7947 753 20 47 2 1
7948 753 21 47 2 1
7949 753 22 47 2 1
7950 754 12 47 2 1
7951 754 13 47 2 1
7952 754 14 47 2 1
7953 754 15 47 2 1
7954 754 16 47 2 1
7955 754 17 47 2 1
7956 754 18 47 2 1
7957 754 19 47 2 1
7958 754 20 47 2 1
7959 754 21 47 2 1
7960 754 22 47 2 1
7961 755 12 47 2 1
7962 755 13 47 2 1
7963 755 14 47 2 1
7964 755 15 47 2 1
7965 755 16 47 2 1
7966 755 17 47 2 1
7967 755 18 47 2 1
7968 755 19 47 2 1
7969 755 20 47 2 1
7970 755 21 47 2 1
7971 755 22 47 2 1
7972 756 12 47 2 1
7973 756 13 47 2 1
7974 756 14 47 2 1
7975 756 15 47 2 1
7976 756 16 47 2 1
7977 756 17 47 2 1
7978 756 18 47 2 1
7979 756 19 47 2 1
7980 756 20 47 2 1
7981 756 21 47 2 1
7982 756 22 47 2 1
7983 757 12 47 2 1
7984 757 13 47 2 1
7985 757 14 47 2 1
7986 757 15 47 2 1
7987 757 16 47 2 1
7988 757 17 47 2 1
7989 757 18 47 2 1
7990 757 19 47 2 1
7991 757 20 47 2 1
7992 757 21 47 2 1
7993 757 22 47 2 1
7994 758 12 47 2 1
7995 758 13 47 2 1
7996 758 14 47 2 1
7997 758 15 47 2 1
7998 758 16 47 2 1
7999 758 17 47 2 1
8000 758 18 47 2 1
8001 758 19 47 2 1
8002 758 20 47 2 1
8003 758 21 47 2 1
8004 758 22 47 2 1
8005 759 12 47 2 1
8006 759 13 47 2 1
8007 759 14 47 2 1
8008 759 15 47 2 1
8009 759 16 47 2 1
8010 759 17 47 2 1
8011 759 18 47 2 1
8012 759 19 47 2 1
8013 759 20 47 2 1
8014 759 21 47 2 1
8015 759 22 47 2 1
8016 760 12 47 2 1
8017 760 13 47 2 1
8018 760 14 47 2 1
8019 760 15 47 2 1
8020 760 16 47 2 1
8021 760 17 47 2 1
8022 760 18 47 2 1
8023 760 19 47 2 1
8024 760 20 47 2 1
8025 760 21 47 2 1
8026 760 22 47 2 1
8027 761 12 47 2 1
8028 761 13 47 2 1
8029 761 14 47 2 1
8030 761 15 47 2 1
8031 761 16 47 2 1
8032 761 17 47 2 1
8033 761 18 47 2 1
8034 761 19 47 2 1
8035 761 20 47 2 1
8036 761 21 47 2 1
8037 761 22 47 2 1
8038 762 12 47 2 1
8039 762 13 47 2 1
8040 762 14 47 2 1
8041 762 15 47 2 1
8042 762 16 47 2 1
8043 762 17 47 2 1
8044 762 18 47 2 1
8045 762 21 47 2 1
8046 762 22 47 2 1
8047 763 12 47 2 1
8048 763 13 47 2 1
8049 763 14 47 2 1
8050 763 15 47 2 1
8051 763 16 47 2 1
8052 763 17 47 2 1
8053 763 18 47 2 1
8054 763 21 47 2 1
8055 763 22 47 2 1
8056 764 12 47 2 1
8057 764 13 47 2 1
8058 764 16 47 2 1
8059 764 17 47 2 1
8060 764 18 47 2 1
8061 764 19 47 2 1
8062 764 20 47 2 1
8063 764 21 47 2 1
8064 764 22 47 2 1
8065 765 12 47 2 1
8066 765 13 47 2 1
8067 765 16 47 2 1
8068 765 17 47 2 1
8069 765 18 47 2 1
8070 765 19 47 2 1
8071 765 20 47 2 1
8072 765 21 47 2 1
8073 765 22 47 2 1
8074 766 12 47 2 1
8075 766 13 47 2 1
8076 766 14 47 2 1
8077 766 15 47 2 1
8078 766 16 47 2 1
8079 766 17 47 2 1
8080 766 18 47 2 1
8081 766 19 47 2 1
8082 766 20 47 2 1
8083 766 21 47 2 1
8084 766 22 47 2 1
8085 767 12 47 2 1
8086 767 13 47 2 1
8087 767 14 47 2 1
8088 767 15 47 2 1
8089 767 16 47 2 1
8090 767 17 47 2 1
8091 767 18 47 2 1
8092 767 19 47 2 1
8093 767 20 47 2 1
8094 767 21 47 2 1
8095 767 22 47 2 1
8096 768 12 47 2 1
8097 768 13 47 2 1
8098 768 14 47 2 1
8099 768 15 47 2 1
8100 768 16 47 2 1
8101 768 17 47 2 1
8102 768 18 47 2 1
8103 768 19 47 2 1
8104 768 20 47 2 1
8105 768 21 47 2 1
8106 768 22 47 2 1
8107 769 12 47 2 1
8108 769 13 47 2 1
8109 769 14 47 2 1
8110 769 15 47 2 1
8111 769 16 47 2 1
8112 769 17 47 2 1
8113 769 18 47 2 1
8114 769 19 47 2 1
8115 769 20 47 2 1
8116 769 21 47 2 1
8117 769 22 47 2 1
8118 770 12 47 2 1
8119 770 13 47 2 1
8120 770 14 47 2 1
8121 770 15 47 2 1
8122 770 16 47 2 1
8123 770 17 47 2 1
8124 770 18 47 2 1
8125 770 19 47 2 1
8126 770 20 47 2 1
8127 770 21 47 2 1
8128 770 22 47 2 1
8129 771 12 47 2 1
8130 771 13 47 2 1
8131 771 14 47 2 1
8132 771 15 47 2 1
8133 771 16 47 2 1
8134 771 17 47 2 1
8135 771 18 47 2 1
8136 771 19 47 2 1
8137 771 20 47 2 1
8138 771 21 47 2 1
8139 771 22 47 2 1
8140 772 12 47 2 1
8141 772 13 47 2 1
8142 772 14 47 2 1
8143 772 15 47 2 1
8144 772 16 47 2 1
8145 772 17 47 2 1
8146 772 18 47 2 1
8147 772 19 47 2 1
8148 772 20 47 2 1
8149 772 21 47 2 1
8150 772 22 47 2 1
8151 773 12 47 2 1
8152 773 13 47 2 1
8153 773 14 47 2 1
8154 773 15 47 2 1
8155 773 16 47 2 1
8156 773 17 47 2 1
8157 773 18 47 2 1
8158 773 19 47 2 1
8159 773 20 47 2 1
8160 773 21 47 2 1
8161 773 22 47 2 1
8162 774 12 47 2 1
8163 774 13 47 2 1
8164 774 14 47 2 1
8165 774 15 47 2 1
8166 774 16 47 2 1
8167 774 17 47 2 1
8168 774 18 47 2 1
8169 774 19 47 2 1
8170 774 20 47 2 1
8171 774 21 47 2 1
8172 774 22 47 2 1
8173 775 12 47 2 1
8174 775 13 47 2 1
8175 775 14 47 2 1
8176 775 15 47 2 1
8177 775 16 47 2 1
8178 775 17 47 2 1
8179 775 18 47 2 1
8180 775 19 47 2 1
8181 775 20 47 2 1
8182 775 21 47 2 1
8183 775 22 47 2 1
8184 776 12 47 2 1
8185 776 13 47 2 1
8186 776 14 47 2 1
8187 776 15 47 2 1
8188 776 16 47 2 1
8189 776 17 47 2 1
8190 776 18 47 2 1
8191 776 19 47 2 1
8192 776 20 47 2 1
8193 776 21 47 2 1
8194 776 22 47 2 1
8195 777 12 47 2 1
8196 777 13 47 2 1
8197 777 14 47 2 1
8198 777 15 47 2 1
8199 777 16 47 2 1
8200 777 17 47 2 1
8201 777 18 47 2 1
8202 777 19 47 2 1
8203 777 20 47 2 1
8204 777 21 47 2 1
8205 777 22 47 2 1
8206 778 12 47 2 1
8207 778 15 47 2 1
8208 778 16 47 2 1
8209 778 17 47 2 1
8210 778 18 47 2 1
8211 778 19 47 2 1
8212 778 20 47 2 1
8213 778 21 47 2 1
8214 778 22 47 2 1
8215 779 12 47 2 1
8216 779 15 47 2 1
8217 779 16 47 2 1
8218 779 17 47 2 1
8219 779 18 47 2 1
8220 779 19 47 2 1
8221 779 20 47 2 1
8222 779 21 47 2 1
8223 779 22 47 2 1
8224 780 12 47 2 1
8225 780 13 47 2 1
8226 780 14 47 2 1
8227 780 15 47 2 1
8228 780 16 47 2 1
8229 780 17 47 2 1
8230 780 18 47 2 1
8231 780 19 47 2 1
8232 780 22 47 2 1
8233 781 12 47 2 1
8234 781 13 47 2 1
8235 781 14 47 2 1
8236 781 15 47 2 1
8237 781 16 47 2 1
8238 781 17 47 2 1
8239 781 18 47 2 1
8240 781 19 47 2 1
8241 781 22 47 2 1
8242 782 12 47 2 1
8243 782 13 47 2 1
8244 782 14 47 2 1
8245 782 15 47 2 1
8246 782 16 47 2 1
8247 782 17 47 2 1
8248 782 18 47 2 1
8249 782 19 47 2 1
8250 782 20 47 2 1
8251 782 21 47 2 1
8252 782 22 47 2 1
8253 783 12 47 2 1
8254 783 13 47 2 1
8255 783 14 47 2 1
8256 783 15 47 2 1
8257 783 16 47 2 1
8258 783 17 47 2 1
8259 783 18 47 2 1
8260 783 19 47 2 1
8261 783 20 47 2 1
8262 783 21 47 2 1
8263 783 22 47 2 1
8264 784 12 47 2 1
8265 784 13 47 2 1
8266 784 14 47 2 1
8267 784 15 47 2 1
8268 784 16 47 2 1
8269 784 17 47 2 1
8270 784 18 47 2 1
8271 784 19 47 2 1
8272 784 20 47 2 1
8273 784 21 47 2 1
8274 784 22 47 2 1
8275 785 12 47 2 1
8276 785 13 47 2 1
8277 785 14 47 2 1
8278 785 15 47 2 1
8279 785 16 47 2 1
8280 785 17 47 2 1
8281 785 18 47 2 1
8282 785 19 47 2 1
8283 785 20 47 2 1
8284 785 21 47 2 1
8285 785 22 47 2 1
8286 786 12 47 2 1
8287 786 13 47 2 1
8288 786 14 47 2 1
8289 786 15 47 2 1
8290 786 16 47 2 1
8291 786 17 47 2 1
8292 786 18 47 2 1
8293 786 19 47 2 1
8294 786 20 47 2 1
8295 786 21 47 2 1
8296 786 22 47 2 1
8297 787 12 47 2 1
8298 787 13 47 2 1
8299 787 14 47 2 1
8300 787 15 47 2 1
8301 787 16 47 2 1
8302 787 17 47 2 1
8303 787 18 47 2 1
8304 787 19 47 2 1
8305 787 20 47 2 1
8306 787 21 47 2 1
8307 787 22 47 2 1
8308 788 12 47 2 1
8309 788 13 47 2 1
8310 788 14 47 2 1
8311 788 15 47 2 1
8312 788 16 47 2 1
8313 788 17 47 2 1
8314 788 18 47 2 1
8315 788 19 47 2 1
8316 788 20 47 2 1
8317 788 21 47 2 1
8318 788 22 47 2 1
8319 789 12 47 2 1
8320 789 13 47 2 1
8321 789 14 47 2 1
8322 789 15 47 2 1
8323 789 16 47 2 1
8324 789 17 47 2 1
8325 789 18 47 2 1
8326 789 19 47 2 1
8327 789 20 47 2 1
8328 789 21 47 2 1
8329 789 22 47 2 1
8330 790 12 47 2 1
8331 790 13 47 2 1
8332 790 14 47 2 1
8333 790 15 47 2 1
8334 790 16 47 2 1
8335 790 17 47 2 1
8336 790 18 47 2 1
8337 790 19 47 2 1
8338 790 20 47 2 1
8339 790 21 47 2 1
8340 790 22 47 2 1
8341 791 12 47 2 1
8342 791 13 47 2 1
8343 791 14 47 2 1
8344 791 15 47 2 1
8345 791 16 47 2 1
8346 791 17 47 2 1
8347 791 18 47 2 1
8348 791 19 47 2 1
8349 791 20 47 2 1
8350 791 21 47 2 1
8351 791 22 47 2 1
8352 792 12 47 2 1
8353 792 13 47 2 1
8354 792 14 47 2 1
8355 792 15 47 2 1
8356 792 16 47 2 1
8357 792 17 47 2 1
8358 792 18 47 2 1
8359 792 19 47 2 1
8360 792 20 47 2 1
8361 792 21 47 2 1
8362 792 22 47 2 1
8363 793 12 47 2 1
8364 793 13 47 2 1
8365 793 14 47 2 1
8366 793 15 47 2 1
8367 793 16 47 2 1
8368 793 17 47 2 1
8369 793 18 47 2 1
8370 793 19 47 2 1
8371 793 20 47 2 1
8372 793 21 47 2 1
8373 793 22 47 2 1
8374 794 12 47 2 1
8375 794 13 47 2 1
8376 794 14 47 2 1
8377 794 15 47 2 1
8378 794 16 47 2 1
8379 794 17 47 2 1
8380 794 18 47 2 1
8381 794 19 47 2 1
8382 794 20 47 2 1
8383 794 21 47 2 1
8384 794 22 47 2 1
8385 795 12 47 2 1
8386 795 13 47 2 1
8387 795 14 47 2 1
8388 795 15 47 2 1
8389 795 16 47 2 1
8390 795 17 47 2 1
8391 795 18 47 2 1
8392 795 19 47 2 1
8393 795 20 47 2 1
8394 795 21 47 2 1
8395 795 22 47 2 1
8396 796 12 47 2 1
8397 796 13 47 2 1
8398 796 14 47 2 1
8399 796 15 47 2 1
8400 796 16 47 2 1
8401 796 17 47 2 1
8402 796 18 47 2 1
8403 796 19 47 2 1
8404 796 20 47 2 1
8405 796 21 47 2 1
8406 796 22 47 2 1
8407 797 12 47 2 1
8408 797 13 47 2 1
8409 797 14 47 2 1
8410 797 15 47 2 1
8411 797 16 47 2 1
8412 797 17 47 2 1
8413 797 18 47 2 1
8414 797 19 47 2 1
8415 797 20 47 2 1
8416 797 21 47 2 1
8417 797 22 47 2 1
8418 798 12 47 2 1
8419 798 13 47 2 1
8420 798 14 47 2 1
8421 798 15 47 2 1
8422 798 16 47 2 1
8423 798 17 47 2 1
8424 798 18 47 2 1
8425 798 19 47 2 1
8426 798 20 47 2 1
8427 798 21 47 2 1
8428 798 22 47 2 1
8429 799 12 47 2 1
8430 799 13 47 2 1
8431 799 14 47 2 1
8432 799 15 47 2 1
8433 799 16 47 2 1
8434 799 17 47 2 1
8435 799 18 47 2 1
8436 799 19 47 2 1
8437 799 20 47 2 1
8438 799 21 47 2 1
8439 799 22 47 2 1
8440 800 12 47 2 1
8441 800 13 47 2 1
8442 800 14 47 2 1
8443 800 15 47 2 1
8444 800 16 47 2 1
8445 800 17 47 2 1
8446 800 18 47 2 1
8447 800 19 47 2 1
8448 800 20 47 2 1
8449 800 21 47 2 1
8450 800 22 47 2 1
8451 801 12 47 2 1
8452 801 13 47 2 1
8453 801 14 47 2 1
8454 801 15 47 2 1
8455 801 16 47 2 1
8456 801 17 47 2 1
8457 801 18 47 2 1
8458 801 19 47 2 1
8459 801 20 47 2 1
8460 801 21 47 2 1
8461 801 22 47 2 1
8462 802 12 47 2 1
8463 802 13 47 2 1
8464 802 14 47 2 1
8465 802 15 47 2 1
8466 802 16 47 2 1
8467 802 17 47 2 1
8468 802 18 47 2 1
8469 802 19 47 2 1
8470 802 20 47 2 1
8471 802 21 47 2 1
8472 802 22 47 2 1
8473 803 12 47 2 1
8474 803 13 47 2 1
8475 803 14 47 2 1
8476 803 15 47 2 1
8477 803 16 47 2 1
8478 803 17 47 2 1
8479 803 18 47 2 1
8480 803 19 47 2 1
8481 803 20 47 2 1
8482 803 21 47 2 1
8483 803 22 47 2 1
8484 804 12 47 2 1
8485 804 13 47 2 1
8486 804 14 47 2 1
8487 804 15 47 2 1
8488 804 16 47 2 1
8489 804 17 47 2 1
8490 804 18 47 2 1
8491 804 19 47 2 1
8492 804 20 47 2 1
8493 804 21 47 2 1
8494 804 22 47 2 1
8495 805 12 47 2 1
8496 805 13 47 2 1
8497 805 14 47 2 1
8498 805 15 47 2 1
8499 805 16 47 2 1
8500 805 17 47 2 1
8501 805 18 47 2 1
8502 805 19 47 2 1
8503 805 20 47 2 1
8504 805 21 47 2 1
8505 805 22 47 2 1
8506 806 12 47 2 1
8507 806 13 47 2 1
8508 806 14 47 2 1
8509 806 15 47 2 1
8510 806 16 47 2 1
8511 806 17 47 2 1
8512 806 18 47 2 1
8513 806 19 47 2 1
8514 806 20 47 2 1
8515 806 21 47 2 1
8516 806 22 47 2 1
8517 807 12 47 2 1
8518 807 13 47 2 1
8519 807 14 47 2 1
8520 807 15 47 2 1
8521 807 16 47 2 1
8522 807 17 47 2 1
8523 807 18 47 2 1
8524 807 19 47 2 1
8525 807 20 47 2 1
8526 807 21 47 2 1
8527 807 22 47 2 1
8528 808 12 47 2 1
8529 808 13 47 2 1
8530 808 14 47 2 1
8531 808 15 47 2 1
8532 808 16 47 2 1
8533 808 17 47 2 1
8534 808 18 47 2 1
8535 808 19 47 2 1
8536 808 20 47 2 1
8537 808 21 47 2 1
8538 808 22 47 2 1
8539 809 12 47 2 1
8540 809 13 47 2 1
8541 809 14 47 2 1
8542 809 15 47 2 1
8543 809 16 47 2 1
8544 809 17 47 2 1
8545 809 18 47 2 1
8546 809 19 47 2 1
8547 809 20 47 2 1
8548 809 21 47 2 1
8549 809 22 47 2 1
8550 810 12 47 2 1
8551 810 13 47 2 1
8552 810 14 47 2 1
8553 810 15 47 2 1
8554 810 16 47 2 1
8555 810 17 47 2 1
8556 810 18 47 2 1
8557 810 19 47 2 1
8558 810 20 47 2 1
8559 810 21 47 2 1
8560 810 22 47 2 1
8561 811 12 47 2 1
8562 811 13 47 2 1
8563 811 14 47 2 1
8564 811 15 47 2 1
8565 811 16 47 2 1
8566 811 17 47 2 1
8567 811 18 47 2 1
8568 811 19 47 2 1
8569 811 20 47 2 1
8570 811 21 47 2 1
8571 811 22 47 2 1
8572 812 12 47 2 1
8573 812 13 47 2 1
8574 812 14 47 2 1
8575 812 15 47 2 1
8576 812 16 47 2 1
8577 812 17 47 2 1
8578 812 18 47 2 1
8579 812 19 47 2 1
8580 812 20 47 2 1
8581 812 21 47 2 1
8582 812 22 47 2 1
8583 813 12 47 2 1
8584 813 13 47 2 1
8585 813 14 47 2 1
8586 813 15 47 2 1
8587 813 16 47 2 1
8588 813 17 47 2 1
8589 813 18 47 2 1
8590 813 19 47 2 1
8591 813 20 47 2 1
8592 813 21 47 2 1
8593 813 22 47 2 1
8594 814 12 47 2 1
8595 814 13 47 2 1
8596 814 14 47 2 1
8597 814 15 47 2 1
8598 814 16 47 2 1
8599 814 17 47 2 1
8600 814 18 47 2 1
8601 814 21 47 2 1
8602 814 22 47 2 1
8603 815 12 47 2 1
8604 815 13 47 2 1
8605 815 14 47 2 1
8606 815 15 47 2 1
8607 815 16 47 2 1
8608 815 17 47 2 1
8609 815 18 47 2 1
8610 815 21 47 2 1
8611 815 22 47 2 1
8612 816 12 47 2 1
8613 816 13 47 2 1
8614 816 16 47 2 1
8615 816 17 47 2 1
8616 816 18 47 2 1
8617 816 19 47 2 1
8618 816 20 47 2 1
8619 816 21 47 2 1
8620 816 22 47 2 1
8621 817 12 47 2 1
8622 817 13 47 2 1
8623 817 16 47 2 1
8624 817 17 47 2 1
8625 817 18 47 2 1
8626 817 19 47 2 1
8627 817 20 47 2 1
8628 817 21 47 2 1
8629 817 22 47 2 1
8630 818 12 47 2 1
8631 818 13 47 2 1
8632 818 14 47 2 1
8633 818 15 47 2 1
8634 818 16 47 2 1
8635 818 17 47 2 1
8636 818 18 47 2 1
8637 818 19 47 2 1
8638 818 20 47 2 1
8639 818 21 47 2 1
8640 818 22 47 2 1
8641 819 12 47 2 1
8642 819 13 47 2 1
8643 819 14 47 2 1
8644 819 15 47 2 1
8645 819 16 47 2 1
8646 819 17 47 2 1
8647 819 18 47 2 1
8648 819 19 47 2 1
8649 819 20 47 2 1
8650 819 21 47 2 1
8651 819 22 47 2 1
8652 820 12 47 2 1
8653 820 13 47 2 1
8654 820 14 47 2 1
8655 820 15 47 2 1
8656 820 16 47 2 1
8657 820 17 47 2 1
8658 820 18 47 2 1
8659 820 19 47 2 1
8660 820 20 47 2 1
8661 820 21 47 2 1
8662 820 22 47 2 1
8663 821 12 47 2 1
8664 821 13 47 2 1
8665 821 14 47 2 1
8666 821 15 47 2 1
8667 821 16 47 2 1
8668 821 17 47 2 1
8669 821 18 47 2 1
8670 821 19 47 2 1
8671 821 20 47 2 1
8672 821 21 47 2 1
8673 821 22 47 2 1
8674 822 12 47 2 1
8675 822 13 47 2 1
8676 822 14 47 2 1
8677 822 15 47 2 1
8678 822 16 47 2 1
8679 822 17 47 2 1
8680 822 18 47 2 1
8681 822 19 47 2 1
8682 822 20 47 2 1
8683 822 21 47 2 1
8684 822 22 47 2 1
8685 823 12 47 2 1
8686 823 13 47 2 1
8687 823 14 47 2 1
8688 823 15 47 2 1
8689 823 16 47 2 1
8690 823 17 47 2 1
8691 823 18 47 2 1
8692 823 19 47 2 1
8693 823 20 47 2 1
8694 823 21 47 2 1
8695 823 22 47 2 1
8696 824 12 47 2 1
8697 824 13 47 2 1
8698 824 14 47 2 1
8699 824 15 47 2 1
8700 824 16 47 2 1
8701 824 17 47 2 1
8702 824 18 47 2 1
8703 824 19 47 2 1
8704 824 20 47 2 1
8705 824 21 47 2 1
8706 824 22 47 2 1
8707 825 12 47 2 1
8708 825 13 47 2 1
8709 825 14 47 2 1
8710 825 15 47 2 1
8711 825 16 47 2 1
8712 825 17 47 2 1
8713 825 18 47 2 1
8714 825 19 47 2 1
8715 825 20 47 2 1
8716 825 21 47 2 1
8717 825 22 47 2 1
8718 826 12 47 2 1
8719 826 15 47 2 1
8720 826 16 47 2 1
8721 826 17 47 2 1
8722 826 18 47 2 1
8723 826 19 47 2 1
8724 826 20 47 2 1
8725 826 21 47 2 1
8726 826 22 47 2 1
8727 827 12 47 2 1
8728 827 15 47 2 1
8729 827 16 47 2 1
8730 827 17 47 2 1
8731 827 18 47 2 1
8732 827 19 47 2 1
8733 827 20 47 2 1
8734 827 21 47 2 1
8735 827 22 47 2 1
8736 828 12 47 2 1
8737 828 13 47 2 1
8738 828 14 47 2 1
8739 828 15 47 2 1
8740 828 16 47 2 1
8741 828 17 47 2 1
8742 828 18 47 2 1
8743 828 19 47 2 1
8744 828 22 47 2 1
8745 829 12 47 2 1
8746 829 13 47 2 1
8747 829 14 47 2 1
8748 829 15 47 2 1
8749 829 16 47 2 1
8750 829 17 47 2 1
8751 829 18 47 2 1
8752 829 19 47 2 1
8753 829 22 47 2 1
8754 830 12 47 2 1
8755 830 13 47 2 1
8756 830 14 47 2 1
8757 830 15 47 2 1
8758 830 16 47 2 1
8759 830 19 47 2 1
8760 830 20 47 2 1
8761 830 21 47 2 1
8762 830 22 47 2 1
8763 831 12 47 2 1
8764 831 13 47 2 1
8765 831 14 47 2 1
8766 831 15 47 2 1
8767 831 16 47 2 1
8768 831 19 47 2 1
8769 831 20 47 2 1
8770 831 21 47 2 1
8771 831 22 47 2 1
8772 832 12 47 2 1
8773 832 13 47 2 1
8774 832 14 47 2 1
8775 832 15 47 2 1
8776 832 18 47 2 1
8777 832 19 47 2 1
8778 832 20 47 2 1
8779 832 21 47 2 1
8780 832 22 47 2 1
8781 833 12 47 2 1
8782 833 13 47 2 1
8783 833 14 47 2 1
8784 833 15 47 2 1
8785 833 18 47 2 1
8786 833 19 47 2 1
8787 833 20 47 2 1
8788 833 21 47 2 1
8789 833 22 47 2 1
8790 834 12 47 2 1
8791 834 13 47 2 1
8792 834 14 47 2 1
8793 834 15 47 2 1
8794 834 16 47 2 1
8795 834 17 47 2 1
8796 834 18 47 2 1
8797 834 19 47 2 1
8798 834 20 47 2 1
8799 834 21 47 2 1
8800 834 22 47 2 1
8801 835 12 47 2 1
8802 835 13 47 2 1
8803 835 14 47 2 1
8804 835 15 47 2 1
8805 835 16 47 2 1
8806 835 17 47 2 1
8807 835 18 47 2 1
8808 835 19 47 2 1
8809 835 20 47 2 1
8810 835 21 47 2 1
8811 835 22 47 2 1
8812 836 12 47 2 1
8813 836 13 47 2 1
8814 836 14 47 2 1
8815 836 15 47 2 1
8816 836 16 47 2 1
8817 836 17 47 2 1
8818 836 18 47 2 1
8819 836 19 47 2 1
8820 836 20 47 2 1
8821 836 21 47 2 1
8822 836 22 47 2 1
8823 837 12 47 2 1
8824 837 13 47 2 1
8825 837 14 47 2 1
8826 837 15 47 2 1
8827 837 16 47 2 1
8828 837 17 47 2 1
8829 837 18 47 2 1
8830 837 19 47 2 1
8831 837 20 47 2 1
8832 837 21 47 2 1
8833 837 22 47 2 1
8834 838 12 47 2 1
8835 838 13 47 2 1
8836 838 14 47 2 1
8837 838 15 47 2 1
8838 838 18 47 2 1
8839 838 19 47 2 1
8840 838 20 47 2 1
8841 838 21 47 2 1
8842 838 22 47 2 1
8843 839 12 47 2 1
8844 839 13 47 2 1
8845 839 14 47 2 1
8846 839 15 47 2 1
8847 839 18 47 2 1
8848 839 19 47 2 1
8849 839 20 47 2 1
8850 839 21 47 2 1
8851 839 22 47 2 1
8852 840 12 47 2 1
8853 840 13 47 2 1
8854 840 14 47 2 1
8855 840 15 47 2 1
8856 840 16 47 2 1
8857 840 19 47 2 1
8858 840 20 47 2 1
8859 840 21 47 2 1
8860 840 22 47 2 1
8861 841 12 47 2 1
8862 841 13 47 2 1
8863 841 14 47 2 1
8864 841 15 47 2 1
8865 841 16 47 2 1
8866 841 19 47 2 1
8867 841 20 47 2 1
8868 841 21 47 2 1
8869 841 22 47 2 1
8870 842 12 47 2 1
8871 842 13 47 2 1
8872 842 14 47 2 1
8873 842 15 47 2 1
8874 842 16 47 2 1
8875 842 17 47 2 1
8876 842 18 47 2 1
8877 842 19 47 2 1
8878 842 20 47 2 1
8879 842 21 47 2 1
8880 842 22 47 2 1
8881 843 12 47 2 1
8882 843 13 47 2 1
8883 843 14 47 2 1
8884 843 15 47 2 1
8885 843 16 47 2 1
8886 843 17 47 2 1
8887 843 18 47 2 1
8888 843 19 47 2 1
8889 843 20 47 2 1
8890 843 21 47 2 1
8891 843 22 47 2 1
8892 844 12 47 2 1
8893 844 13 47 2 1
8894 844 14 47 2 1
8895 844 15 47 2 1
8896 844 16 47 2 1
8897 844 17 47 2 1
8898 844 18 47 2 1
8899 844 19 47 2 1
8900 844 20 47 2 1
8901 844 21 47 2 1
8902 844 22 47 2 1
8903 845 12 47 2 1
8904 845 13 47 2 1
8905 845 14 47 2 1
8906 845 15 47 2 1
8907 845 16 47 2 1
8908 845 17 47 2 1
8909 845 18 47 2 1
8910 845 19 47 2 1
8911 845 20 47 2 1
8912 845 21 47 2 1
8913 845 22 47 2 1
8914 846 12 47 2 1
8915 846 13 47 2 1
8916 846 14 47 2 1
8917 846 15 47 2 1
8918 846 16 47 2 1
8919 846 17 47 2 1
8920 846 18 47 2 1
8921 846 19 47 2 1
8922 846 20 47 2 1
8923 846 21 47 2 1
8924 846 22 47 2 1
8925 847 12 47 2 1
8926 847 13 47 2 1
8927 847 14 47 2 1
8928 847 15 47 2 1
8929 847 16 47 2 1
8930 847 17 47 2 1
8931 847 18 47 2 1
8932 847 19 47 2 1
8933 847 20 47 2 1
8934 847 21 47 2 1
8935 847 22 47 2 1
8936 848 12 47 2 1
8937 848 13 47 2 1
8938 848 14 47 2 1
8939 848 17 47 2 1
8940 848 18 47 2 1
8941 848 19 47 2 1
8942 848 20 47 2 1
8943 848 21 47 2 1
8944 848 22 47 2 1
8945 849 12 47 2 1
8946 849 13 47 2 1
8947 849 14 47 2 1
8948 849 17 47 2 1
8949 849 18 47 2 1
8950 849 19 47 2 1
8951 849 20 47 2 1
8952 849 21 47 2 1
8953 849 22 47 2 1
8954 850 12 47 2 1
8955 850 13 47 2 1
8956 850 14 47 2 1
8957 850 15 47 2 1
8958 850 16 47 2 1
8959 850 17 47 2 1
8960 850 20 47 2 1
8961 850 21 47 2 1
8962 850 22 47 2 1
8963 851 12 47 2 1
8964 851 13 47 2 1
8965 851 14 47 2 1
8966 851 15 47 2 1
8967 851 16 47 2 1
8968 851 17 47 2 1
8969 851 20 47 2 1
8970 851 21 47 2 1
8971 851 22 47 2 1
8972 852 12 47 2 1
8973 852 13 47 2 1
8974 852 14 47 2 1
8975 852 15 47 2 1
8976 852 16 47 2 1
8977 852 17 47 2 1
8978 852 18 47 2 1
8979 852 19 47 2 1
8980 852 20 47 2 1
8981 852 21 47 2 1
8982 852 22 47 2 1
8983 853 12 47 2 1
8984 853 13 47 2 1
8985 853 14 47 2 1
8986 853 15 47 2 1
8987 853 16 47 2 1
8988 853 17 47 2 1
8989 853 18 47 2 1
8990 853 19 47 2 1
8991 853 20 47 2 1
8992 853 21 47 2 1
8993 853 22 47 2 1
8994 854 12 47 2 1
8995 854 13 47 2 1
8996 854 14 47 2 1
8997 854 15 47 2 1
8998 854 16 47 2 1
8999 854 17 47 2 1
9000 854 18 47 2 1
9001 854 19 47 2 1
9002 854 20 47 2 1
9003 854 21 47 2 1
9004 854 22 47 2 1
9005 855 12 47 2 1
9006 855 13 47 2 1
9007 855 14 47 2 1
9008 855 15 47 2 1
9009 855 16 47 2 1
9010 855 17 47 2 1
9011 855 18 47 2 1
9012 855 19 47 2 1
9013 855 20 47 2 1
9014 855 21 47 2 1
9015 855 22 47 2 1
9016 856 12 47 2 1
9017 856 13 47 2 1
9018 856 14 47 2 1
9019 856 15 47 2 1
9020 856 16 47 2 1
9021 856 17 47 2 1
9022 856 18 47 2 1
9023 856 19 47 2 1
9024 856 20 47 2 1
9025 856 21 47 2 1
9026 856 22 47 2 1
9027 857 12 47 2 1
9028 857 13 47 2 1
9029 857 14 47 2 1
9030 857 15 47 2 1
9031 857 16 47 2 1
9032 857 17 47 2 1
9033 857 18 47 2 1
9034 857 19 47 2 1
9035 857 20 47 2 1
9036 857 21 47 2 1
9037 857 22 47 2 1
9038 858 12 47 2 1
9039 858 15 47 2 1
9040 858 16 47 2 1
9041 858 17 47 2 1
9042 858 18 47 2 1
9043 858 19 47 2 1
9044 858 20 47 2 1
9045 858 21 47 2 1
9046 858 22 47 2 1
9047 859 12 47 2 1
9048 859 15 47 2 1
9049 859 16 47 2 1
9050 859 17 47 2 1
9051 859 18 47 2 1
9052 859 19 47 2 1
9053 859 20 47 2 1
9054 859 21 47 2 1
9055 859 22 47 2 1
9056 860 12 47 2 1
9057 860 13 47 2 1
9058 860 14 47 2 1
9059 860 15 47 2 1
9060 860 16 47 2 1
9061 860 17 47 2 1
9062 860 18 47 2 1
9063 860 19 47 2 1
9064 860 22 47 2 1
9065 861 12 47 2 1
9066 861 13 47 2 1
9067 861 14 47 2 1
9068 861 15 47 2 1
9069 861 16 47 2 1
9070 861 17 47 2 1
9071 861 18 47 2 1
9072 861 19 47 2 1
9073 861 22 47 2 1
9074 862 12 47 2 1
9075 862 13 47 2 1
9076 862 14 47 2 1
9077 862 15 47 2 1
9078 862 16 47 2 1
9079 862 17 47 2 1
9080 862 18 47 2 1
9081 862 19 47 2 1
9082 862 20 47 2 1
9083 862 21 47 2 1
9084 862 22 47 2 1
9085 863 12 47 2 1
9086 863 13 47 2 1
9087 863 14 47 2 1
9088 863 15 47 2 1
9089 863 16 47 2 1
9090 863 17 47 2 1
9091 863 18 47 2 1
9092 863 19 47 2 1
9093 863 20 47 2 1
9094 863 21 47 2 1
9095 863 22 47 2 1
9096 864 12 47 2 1
9097 864 13 47 2 1
9098 864 14 47 2 1
9099 864 15 47 2 1
9100 864 16 47 2 1
9101 864 17 47 2 1
9102 864 18 47 2 1
9103 864 19 47 2 1
9104 864 20 47 2 1
9105 864 21 47 2 1
9106 864 22 47 2 1
9107 865 12 47 2 1
9108 865 13 47 2 1
9109 865 14 47 2 1
9110 865 15 47 2 1
9111 865 16 47 2 1
9112 865 17 47 2 1
9113 865 18 47 2 1
9114 865 19 47 2 1
9115 865 20 47 2 1
9116 865 21 47 2 1
9117 865 22 47 2 1
9118 866 12 47 2 1
9119 866 13 47 2 1
9120 866 14 47 2 1
9121 866 15 47 2 1
9122 866 16 47 2 1
9123 866 17 47 2 1
9124 866 18 47 2 1
9125 866 19 47 2 1
9126 866 20 47 2 1
9127 866 21 47 2 1
9128 866 22 47 2 1
9129 867 12 47 2 1
9130 867 13 47 2 1
9131 867 14 47 2 1
9132 867 15 47 2 1
9133 867 16 47 2 1
9134 867 17 47 2 1
9135 867 18 47 2 1
9136 867 19 47 2 1
9137 867 20 47 2 1
9138 867 21 47 2 1
9139 867 22 47 2 1
9140 868 12 47 2 1
9141 868 13 47 2 1
9142 868 14 47 2 1
9143 868 15 47 2 1
9144 868 16 47 2 1
9145 868 17 47 2 1
9146 868 18 47 2 1
9147 868 19 47 2 1
9148 868 20 47 2 1
9149 868 21 47 2 1
9150 868 22 47 2 1
9151 869 12 47 2 1
9152 869 13 47 2 1
9153 869 14 47 2 1
9154 869 15 47 2 1
9155 869 16 47 2 1
9156 869 17 47 2 1
9157 869 18 47 2 1
9158 869 19 47 2 1
9159 869 20 47 2 1
9160 869 21 47 2 1
9161 869 22 47 2 1
9162 870 12 47 2 1
9163 870 13 47 2 1
9164 870 14 47 2 1
9165 870 15 47 2 1
9166 870 16 47 2 1
9167 870 17 47 2 1
9168 870 18 47 2 1
9169 870 19 47 2 1
9170 870 20 47 2 1
9171 870 21 47 2 1
9172 870 22 47 2 1
9173 871 12 47 2 1
9174 871 13 47 2 1
9175 871 14 47 2 1
9176 871 15 47 2 1
9177 871 16 47 2 1
9178 871 17 47 2 1
9179 871 18 47 2 1
9180 871 19 47 2 1
9181 871 20 47 2 1
9182 871 21 47 2 1
9183 871 22 47 2 1
9184 872 12 47 2 1
9185 872 13 47 2 1
9186 872 14 47 2 1
9187 872 15 47 2 1
9188 872 16 47 2 1
9189 872 17 47 2 1
9190 872 18 47 2 1
9191 872 19 47 2 1
9192 872 20 47 2 1
9193 872 21 47 2 1
9194 872 22 47 2 1
9195 873 12 47 2 1
9196 873 13 47 2 1
9197 873 14 47 2 1
9198 873 15 47 2 1
9199 873 16 47 2 1
9200 873 17 47 2 1
9201 873 18 47 2 1
9202 873 19 47 2 1
9203 873 20 47 2 1
9204 873 21 47 2 1
9205 873 22 47 2 1
9206 874 12 47 2 1
9207 874 13 47 2 1
9208 874 14 47 2 1
9209 874 15 47 2 1
9210 874 16 47 2 1
9211 874 17 47 2 1
9212 874 18 47 2 1
9213 874 19 47 2 1
9214 874 20 47 2 1
9215 874 21 47 2 1
9216 874 22 47 2 1
9217 875 12 47 2 1
9218 875 13 47 2 1
9219 875 14 47 2 1
9220 875 15 47 2 1
9221 875 16 47 2 1
9222 875 17 47 2 1
9223 875 18 47 2 1
9224 875 19 47 2 1
9225 875 20 47 2 1
9226 875 21 47 2 1
9227 875 22 47 2 1
9228 876 12 47 2 1
9229 876 13 47 2 1
9230 876 14 47 2 1
9231 876 15 47 2 1
9232 876 16 47 2 1
9233 876 17 47 2 1
9234 876 18 47 2 1
9235 876 19 47 2 1
9236 876 20 47 2 1
9237 876 21 47 2 1
9238 876 22 47 2 1
9239 877 12 47 2 1
9240 877 13 47 2 1
9241 877 14 47 2 1
9242 877 15 47 2 1
9243 877 16 47 2 1
9244 877 17 47 2 1
9245 877 18 47 2 1
9246 877 19 47 2 1
9247 877 20 47 2 1
9248 877 21 47 2 1
9249 877 22 47 2 1
9250 878 12 47 2 1
9251 878 13 47 2 1
9252 878 14 47 2 1
9253 878 15 47 2 1
9254 878 16 47 2 1
9255 878 17 47 2 1
9256 878 18 47 2 1
9257 878 19 47 2 1
9258 878 20 47 2 1
9259 878 21 47 2 1
9260 878 22 47 2 1
9261 879 12 47 2 1
9262 879 13 47 2 1
9263 879 14 47 2 1
9264 879 15 47 2 1
9265 879 16 47 2 1
9266 879 17 47 2 1
9267 879 18 47 2 1
9268 879 19 47 2 1
9269 879 20 47 2 1
9270 879 21 47 2 1
9271 879 22 47 2 1
9272 880 12 47 2 1
9273 880 13 47 2 1
9274 880 14 47 2 1
9275 880 15 47 2 1
9276 880 16 47 2 1
9277 880 17 47 2 1
9278 880 18 47 2 1
9279 880 19 47 2 1
9280 880 20 47 2 1
9281 880 21 47 2 1
9282 880 22 47 2 1
9283 881 12 47 2 1
9284 881 13 47 2 1
9285 881 14 47 2 1
9286 881 15 47 2 1
9287 881 16 47 2 1
9288 881 17 47 2 1
9289 881 18 47 2 1
9290 881 19 47 2 1
9291 881 20 47 2 1
9292 881 21 47 2 1
9293 881 22 47 2 1
9294 882 12 47 2 1
9295 882 13 47 2 1
9296 882 14 47 2 1
9297 882 15 47 2 1
9298 882 18 47 2 1
9299 882 19 47 2 1
9300 882 20 47 2 1
9301 882 21 47 2 1
9302 882 22 47 2 1
9303 883 12 47 2 1
9304 883 13 47 2 1
9305 883 14 47 2 1
9306 883 15 47 2 1
9307 883 18 47 2 1
9308 883 19 47 2 1
9309 883 20 47 2 1
9310 883 21 47 2 1
9311 883 22 47 2 1
9312 884 12 47 2 1
9313 884 13 47 2 1
9314 884 14 47 2 1
9315 884 15 47 2 1
9316 884 16 47 2 1
9317 884 19 47 2 1
9318 884 20 47 2 1
9319 884 21 47 2 1
9320 884 22 47 2 1
9321 885 12 47 2 1
9322 885 13 47 2 1
9323 885 14 47 2 1
9324 885 15 47 2 1
9325 885 16 47 2 1
9326 885 19 47 2 1
9327 885 20 47 2 1
9328 885 21 47 2 1
9329 885 22 47 2 1
9330 886 12 47 2 1
9331 886 13 47 2 1
9332 886 14 47 2 1
9333 886 15 47 2 1
9334 886 16 47 2 1
9335 886 17 47 2 1
9336 886 18 47 2 1
9337 886 19 47 2 1
9338 886 20 47 2 1
9339 886 21 47 2 1
9340 886 22 47 2 1
9341 887 12 47 2 1
9342 887 13 47 2 1
9343 887 14 47 2 1
9344 887 15 47 2 1
9345 887 16 47 2 1
9346 887 17 47 2 1
9347 887 18 47 2 1
9348 887 19 47 2 1
9349 887 20 47 2 1
9350 887 21 47 2 1
9351 887 22 47 2 1
9352 888 12 47 2 1
9353 888 13 47 2 1
9354 888 14 47 2 1
9355 888 15 47 2 1
9356 888 16 47 2 1
9357 888 17 47 2 1
9358 888 18 47 2 1
9359 888 19 47 2 1
9360 888 20 47 2 1
9361 888 21 47 2 1
9362 888 22 47 2 1
9363 889 12 47 2 1
9364 889 13 47 2 1
9365 889 14 47 2 1
9366 889 15 47 2 1
9367 889 16 47 2 1
9368 889 17 47 2 1
9369 889 18 47 2 1
9370 889 19 47 2 1
9371 889 20 47 2 1
9372 889 21 47 2 1
9373 889 22 47 2 1
9374 890 12 47 2 1
9375 890 13 47 2 1
9376 890 14 47 2 1
9377 890 15 47 2 1
9378 890 16 47 2 1
9379 890 17 47 2 1
9380 890 18 47 2 1
9381 890 19 47 2 1
9382 890 20 47 2 1
9383 890 21 47 2 1
9384 890 22 47 2 1
9385 891 12 47 2 1
9386 891 13 47 2 1
9387 891 14 47 2 1
9388 891 15 47 2 1
9389 891 16 47 2 1
9390 891 17 47 2 1
9391 891 18 47 2 1
9392 891 19 47 2 1
9393 891 20 47 2 1
9394 891 21 47 2 1
9395 891 22 47 2 1
9396 892 12 47 2 1
9397 892 13 47 2 1
9398 892 14 47 2 1
9399 892 15 47 2 1
9400 892 16 47 2 1
9401 892 17 47 2 1
9402 892 18 47 2 1
9403 892 19 47 2 1
9404 892 20 47 2 1
9405 892 21 47 2 1
9406 892 22 47 2 1
9407 893 12 47 2 1
9408 893 13 47 2 1
9409 893 14 47 2 1
9410 893 15 47 2 1
9411 893 16 47 2 1
9412 893 17 47 2 1
9413 893 18 47 2 1
9414 893 19 47 2 1
9415 893 20 47 2 1
9416 893 21 47 2 1
9417 893 22 47 2 1
9418 894 12 47 2 1
9419 894 13 47 2 1
9420 894 14 47 2 1
9421 894 15 47 2 1
9422 894 16 47 2 1
9423 894 17 47 2 1
9424 894 18 47 2 1
9425 894 19 47 2 1
9426 894 20 47 2 1
9427 894 21 47 2 1
9428 894 22 47 2 1
9429 895 12 47 2 1
9430 895 13 47 2 1
9431 895 14 47 2 1
9432 895 15 47 2 1
9433 895 16 47 2 1
9434 895 17 47 2 1
9435 895 18 47 2 1
9436 895 19 47 2 1
9437 895 20 47 2 1
9438 895 21 47 2 1
9439 895 22 47 2 1
9440 896 12 47 2 1
9441 896 13 47 2 1
9442 896 14 47 2 1
9443 896 17 47 2 1
9444 896 18 47 2 1
9445 896 19 47 2 1
9446 896 20 47 2 1
9447 896 21 47 2 1
9448 896 22 47 2 1
9449 897 12 47 2 1
9450 897 13 47 2 1
9451 897 14 47 2 1
9452 897 17 47 2 1
9453 897 18 47 2 1
9454 897 19 47 2 1
9455 897 20 47 2 1
9456 897 21 47 2 1
9457 897 22 47 2 1
9458 898 12 47 2 1
9459 898 13 47 2 1
9460 898 14 47 2 1
9461 898 15 47 2 1
9462 898 16 47 2 1
9463 898 17 47 2 1
9464 898 20 47 2 1
9465 898 21 47 2 1
9466 898 22 47 2 1
9467 899 12 47 2 1
9468 899 13 47 2 1
9469 899 14 47 2 1
9470 899 15 47 2 1
9471 899 16 47 2 1
9472 899 17 47 2 1
9473 899 20 47 2 1
9474 899 21 47 2 1
9475 899 22 47 2 1
9476 900 12 47 2 1
9477 900 13 47 2 1
9478 900 14 47 2 1
9479 900 15 47 2 1
9480 900 16 47 2 1
9481 900 17 47 2 1
9482 900 20 47 2 1
9483 900 21 47 2 1
9484 900 22 47 2 1
9485 901 12 47 2 1
9486 901 13 47 2 1
9487 901 14 47 2 1
9488 901 15 47 2 1
9489 901 16 47 2 1
9490 901 17 47 2 1
9491 901 20 47 2 1
9492 901 21 47 2 1
9493 901 22 47 2 1
9494 902 12 47 2 1
9495 902 13 47 2 1
9496 902 14 47 2 1
9497 902 17 47 2 1
9498 902 18 47 2 1
9499 902 19 47 2 1
9500 902 20 47 2 1
9501 902 21 47 2 1
9502 902 22 47 2 1
9503 903 12 47 2 1
9504 903 13 47 2 1
9505 903 14 47 2 1
9506 903 17 47 2 1
9507 903 18 47 2 1
9508 903 19 47 2 1
9509 903 20 47 2 1
9510 903 21 47 2 1
9511 903 22 47 2 1
9512 904 12 47 2 1
9513 904 13 47 2 1
9514 904 14 47 2 1
9515 904 15 47 2 1
9516 904 16 47 2 1
9517 904 17 47 2 1
9518 904 18 47 2 1
9519 904 19 47 2 1
9520 904 20 47 2 1
9521 904 21 47 2 1
9522 904 22 47 2 1
9523 905 12 47 2 1
9524 905 13 47 2 1
9525 905 14 47 2 1
9526 905 15 47 2 1
9527 905 16 47 2 1
9528 905 17 47 2 1
9529 905 18 47 2 1
9530 905 19 47 2 1
9531 905 20 47 2 1
9532 905 21 47 2 1
9533 905 22 47 2 1
9534 906 12 47 2 1
9535 906 13 47 2 1
9536 906 14 47 2 1
9537 906 15 47 2 1
9538 906 16 47 2 1
9539 906 17 47 2 1
9540 906 18 47 2 1
9541 906 19 47 2 1
9542 906 20 47 2 1
9543 906 21 47 2 1
9544 906 22 47 2 1
9545 907 12 47 2 1
9546 907 13 47 2 1
9547 907 14 47 2 1
9548 907 15 47 2 1
9549 907 16 47 2 1
9550 907 17 47 2 1
9551 907 18 47 2 1
9552 907 19 47 2 1
9553 907 20 47 2 1
9554 907 21 47 2 1
9555 907 22 47 2 1
9556 908 12 47 2 1
9557 908 13 47 2 1
9558 908 14 47 2 1
9559 908 15 47 2 1
9560 908 16 47 2 1
9561 908 17 47 2 1
9562 908 18 47 2 1
9563 908 19 47 2 1
9564 908 20 47 2 1
9565 908 21 47 2 1
9566 908 22 47 2 1
9567 909 12 47 2 1
9568 909 13 47 2 1
9569 909 14 47 2 1
9570 909 15 47 2 1
9571 909 16 47 2 1
9572 909 17 47 2 1
9573 909 18 47 2 1
9574 909 19 47 2 1
9575 909 20 47 2 1
9576 909 21 47 2 1
9577 909 22 47 2 1
9578 910 12 47 2 1
9579 910 13 47 2 1
9580 910 14 47 2 1
9581 910 15 47 2 1
9582 910 16 47 2 1
9583 910 17 47 2 1
9584 910 18 47 2 1
9585 910 19 47 2 1
9586 910 20 47 2 1
9587 910 21 47 2 1
9588 910 22 47 2 1
9589 911 12 47 2 1
9590 911 13 47 2 1
9591 911 14 47 2 1
9592 911 15 47 2 1
9593 911 16 47 2 1
9594 911 17 47 2 1
9595 911 18 47 2 1
9596 911 19 47 2 1
9597 911 20 47 2 1
9598 911 21 47 2 1
9599 911 22 47 2 1
9600 912 12 47 2 1
9601 912 13 47 2 1
9602 912 14 47 2 1
9603 912 15 47 2 1
9604 912 16 47 2 1
9605 912 17 47 2 1
9606 912 18 47 2 1
9607 912 19 47 2 1
9608 912 20 47 2 1
9609 912 21 47 2 1
9610 912 22 47 2 1
9611 913 12 47 2 1
9612 913 13 47 2 1
9613 913 14 47 2 1
9614 913 15 47 2 1
9615 913 16 47 2 1
9616 913 17 47 2 1
9617 913 18 47 2 1
9618 913 19 47 2 1
9619 913 20 47 2 1
9620 913 21 47 2 1
9621 913 22 47 2 1
9622 914 12 47 2 1
9623 914 13 47 2 1
9624 914 14 47 2 1
9625 914 15 47 2 1
9626 914 16 47 2 1
9627 914 17 47 2 1
9628 914 18 47 2 1
9629 914 19 47 2 1
9630 914 20 47 2 1
9631 914 21 47 2 1
9632 914 22 47 2 1
9633 915 12 47 2 1
9634 915 13 47 2 1
9635 915 14 47 2 1
9636 915 15 47 2 1
9637 915 16 47 2 1
9638 915 17 47 2 1
9639 915 18 47 2 1
9640 915 19 47 2 1
9641 915 20 47 2 1
9642 915 21 47 2 1
9643 915 22 47 2 1
9644 916 12 47 2 1
9645 916 13 47 2 1
9646 916 14 47 2 1
9647 916 15 47 2 1
9648 916 16 47 2 1
9649 916 17 47 2 1
9650 916 18 47 2 1
9651 916 19 47 2 1
9652 916 20 47 2 1
9653 916 21 47 2 1
9654 916 22 47 2 1
9655 917 12 47 2 1
9656 917 13 47 2 1
9657 917 14 47 2 1
9658 917 15 47 2 1
9659 917 16 47 2 1
9660 917 17 47 2 1
9661 917 18 47 2 1
9662 917 19 47 2 1
9663 917 20 47 2 1
9664 917 21 47 2 1
9665 917 22 47 2 1
9666 918 12 47 2 1
9667 918 13 47 2 1
9668 918 14 47 2 1
9669 918 15 47 2 1
9670 918 16 47 2 1
9671 918 17 47 2 1
9672 918 18 47 2 1
9673 918 19 47 2 1
9674 918 20 47 2 1
9675 918 21 47 2 1
9676 918 22 47 2 1
9677 919 12 47 2 1
9678 919 13 47 2 1
9679 919 14 47 2 1
9680 919 15 47 2 1
9681 919 16 47 2 1
9682 919 17 47 2 1
9683 919 18 47 2 1
9684 919 19 47 2 1
9685 919 20 47 2 1
9686 919 21 47 2 1
9687 919 22 47 2 1
9688 920 12 47 2 1
9689 920 13 47 2 1
9690 920 14 47 2 1
9691 920 15 47 2 1
9692 920 16 47 2 1
9693 920 17 47 2 1
9694 920 18 47 2 1
9695 920 19 47 2 1
9696 920 20 47 2 1
9697 920 21 47 2 1
9698 920 22 47 2 1
9699 921 12 47 2 1
9700 921 13 47 2 1
9701 921 14 47 2 1
9702 921 15 47 2 1
9703 921 16 47 2 1
9704 921 17 47 2 1
9705 921 18 47 2 1
9706 921 19 47 2 1
9707 921 20 47 2 1
9708 921 21 47 2 1
9709 921 22 47 2 1
9710 922 12 47 2 1
9711 922 13 47 2 1
9712 922 14 47 2 1
9713 922 15 47 2 1
9714 922 16 47 2 1
9715 922 17 47 2 1
9716 922 18 47 2 1
9717 922 19 47 2 1
9718 922 20 47 2 1
9719 922 21 47 2 1
9720 922 22 47 2 1
9721 923 12 47 2 1
9722 923 13 47 2 1
9723 923 14 47 2 1
9724 923 15 47 2 1
9725 923 16 47 2 1
9726 923 17 47 2 1
9727 923 18 47 2 1
9728 923 19 47 2 1
9729 923 20 47 2 1
9730 923 21 47 2 1
9731 923 22 47 2 1
9732 924 12 47 2 1
9733 924 13 47 2 1
9734 924 14 47 2 1
9735 924 15 47 2 1
9736 924 16 47 2 1
9737 924 17 47 2 1
9738 924 20 47 2 1
9739 924 21 47 2 1
9740 924 22 47 2 1
9741 925 12 47 2 1
9742 925 13 47 2 1
9743 925 14 47 2 1
9744 925 15 47 2 1
9745 925 16 47 2 1
9746 925 17 47 2 1
9747 925 20 47 2 1
9748 925 21 47 2 1
9749 925 22 47 2 1
9750 926 12 47 2 1
9751 926 13 47 2 1
9752 926 14 47 2 1
9753 926 17 47 2 1
9754 926 18 47 2 1
9755 926 19 47 2 1
9756 926 20 47 2 1
9757 926 21 47 2 1
9758 926 22 47 2 1
9759 927 12 47 2 1
9760 927 13 47 2 1
9761 927 14 47 2 1
9762 927 17 47 2 1
9763 927 18 47 2 1
9764 927 19 47 2 1
9765 927 20 47 2 1
9766 927 21 47 2 1
9767 927 22 47 2 1
9768 928 12 47 2 1
9769 928 13 47 2 1
9770 928 14 47 2 1
9771 928 15 47 2 1
9772 928 16 47 2 1
9773 928 17 47 2 1
9774 928 18 47 2 1
9775 928 19 47 2 1
9776 928 20 47 2 1
9777 928 21 47 2 1
9778 928 22 47 2 1
9779 929 12 47 2 1
9780 929 13 47 2 1
9781 929 14 47 2 1
9782 929 15 47 2 1
9783 929 16 47 2 1
9784 929 17 47 2 1
9785 929 18 47 2 1
9786 929 19 47 2 1
9787 929 20 47 2 1
9788 929 21 47 2 1
9789 929 22 47 2 1
9790 930 12 47 2 1
9791 930 13 47 2 1
9792 930 14 47 2 1
9793 930 15 47 2 1
9794 930 16 47 2 1
9795 930 17 47 2 1
9796 930 18 47 2 1
9797 930 19 47 2 1
9798 930 20 47 2 1
9799 930 21 47 2 1
9800 930 22 47 2 1
9801 931 12 47 2 1
9802 931 13 47 2 1
9803 931 14 47 2 1
9804 931 15 47 2 1
9805 931 16 47 2 1
9806 931 17 47 2 1
9807 931 18 47 2 1
9808 931 19 47 2 1
9809 931 20 47 2 1
9810 931 21 47 2 1
9811 931 22 47 2 1
9812 932 12 47 2 1
9813 932 13 47 2 1
9814 932 14 47 2 1
9815 932 15 47 2 1
9816 932 16 47 2 1
9817 932 17 47 2 1
9818 932 18 47 2 1
9819 932 19 47 2 1
9820 932 20 47 2 1
9821 932 21 47 2 1
9822 932 22 47 2 1
9823 933 12 47 2 1
9824 933 13 47 2 1
9825 933 14 47 2 1
9826 933 15 47 2 1
9827 933 16 47 2 1
9828 933 17 47 2 1
9829 933 18 47 2 1
9830 933 19 47 2 1
9831 933 20 47 2 1
9832 933 21 47 2 1
9833 933 22 47 2 1
9834 934 12 47 2 1
9835 934 13 47 2 1
9836 934 14 47 2 1
9837 934 15 47 2 1
9838 934 16 47 2 1
9839 934 17 47 2 1
9840 934 18 47 2 1
9841 934 19 47 2 1
9842 934 20 47 2 1
9843 934 21 47 2 1
9844 934 22 47 2 1
9845 935 12 47 2 1
9846 935 13 47 2 1
9847 935 14 47 2 1
9848 935 15 47 2 1
9849 935 16 47 2 1
9850 935 17 47 2 1
9851 935 18 47 2 1
9852 935 19 47 2 1
9853 935 20 47 2 1
9854 935 21 47 2 1
9855 935 22 47 2 1
9856 936 12 47 2 1
9857 936 13 47 2 1
9858 936 16 47 2 1
9859 936 17 47 2 1
9860 936 18 47 2 1
9861 936 19 47 2 1
9862 936 20 47 2 1
9863 936 21 47 2 1
9864 936 22 47 2 1
9865 937 12 47 2 1
9866 937 13 47 2 1
9867 937 16 47 2 1
9868 937 17 47 2 1
9869 937 18 47 2 1
9870 937 19 47 2 1
9871 937 20 47 2 1
9872 937 21 47 2 1
9873 937 22 47 2 1
9874 938 12 47 2 1
9875 938 13 47 2 1
9876 938 14 47 2 1
9877 938 15 47 2 1
9878 938 16 47 2 1
9879 938 17 47 2 1
9880 938 18 47 2 1
9881 938 21 47 2 1
9882 938 22 47 2 1
9883 939 12 47 2 1
9884 939 13 47 2 1
9885 939 14 47 2 1
9886 939 15 47 2 1
9887 939 16 47 2 1
9888 939 17 47 2 1
9889 939 18 47 2 1
9890 939 21 47 2 1
9891 939 22 47 2 1
9892 940 12 47 2 1
9893 940 13 47 2 1
9894 940 14 47 2 1
9895 940 15 47 2 1
9896 940 16 47 2 1
9897 940 17 47 2 1
9898 940 18 47 2 1
9899 940 19 47 2 1
9900 940 20 47 2 1
9901 940 21 47 2 1
9902 940 22 47 2 1
9903 941 12 47 2 1
9904 941 13 47 2 1
9905 941 14 47 2 1
9906 941 15 47 2 1
9907 941 16 47 2 1
9908 941 17 47 2 1
9909 941 18 47 2 1
9910 941 19 47 2 1
9911 941 20 47 2 1
9912 941 21 47 2 1
9913 941 22 47 2 1
9914 942 12 47 2 1
9915 942 13 47 2 1
9916 942 14 47 2 1
9917 942 15 47 2 1
9918 942 16 47 2 1
9919 942 17 47 2 1
9920 942 18 47 2 1
9921 942 19 47 2 1
9922 942 20 47 2 1
9923 942 21 47 2 1
9924 942 22 47 2 1
9925 943 12 47 2 1
9926 943 13 47 2 1
9927 943 14 47 2 1
9928 943 15 47 2 1
9929 943 16 47 2 1
9930 943 17 47 2 1
9931 943 18 47 2 1
9932 943 19 47 2 1
9933 943 20 47 2 1
9934 943 21 47 2 1
9935 943 22 47 2 1
9936 944 12 47 2 1
9937 944 13 47 2 1
9938 944 14 47 2 1
9939 944 15 47 2 1
9940 944 16 47 2 1
9941 944 17 47 2 1
9942 944 18 47 2 1
9943 944 19 47 2 1
9944 944 20 47 2 1
9945 944 21 47 2 1
9946 944 22 47 2 1
9947 945 12 47 2 1
9948 945 13 47 2 1
9949 945 14 47 2 1
9950 945 15 47 2 1
9951 945 16 47 2 1
9952 945 17 47 2 1
9953 945 18 47 2 1
9954 945 19 47 2 1
9955 945 20 47 2 1
9956 945 21 47 2 1
9957 945 22 47 2 1
9958 946 12 47 2 1
9959 946 13 47 2 1
9960 946 14 47 2 1
9961 946 15 47 2 1
9962 946 16 47 2 1
9963 946 17 47 2 1
9964 946 18 47 2 1
9965 946 19 47 2 1
9966 946 20 47 2 1
9967 946 21 47 2 1
9968 946 22 47 2 1
9969 947 12 47 2 1
9970 947 13 47 2 1
9971 947 14 47 2 1
9972 947 15 47 2 1
9973 947 16 47 2 1
9974 947 17 47 2 1
9975 947 18 47 2 1
9976 947 19 47 2 1
9977 947 20 47 2 1
9978 947 21 47 2 1
9979 947 22 47 2 1
9980 948 12 47 2 1
9981 948 13 47 2 1
9982 948 14 47 2 1
9983 948 15 47 2 1
9984 948 16 47 2 1
9985 948 17 47 2 1
9986 948 18 47 2 1
9987 948 19 47 2 1
9988 948 20 47 2 1
9989 948 21 47 2 1
9990 948 22 47 2 1
9991 949 12 47 2 1
9992 949 13 47 2 1
9993 949 14 47 2 1
9994 949 15 47 2 1
9995 949 16 47 2 1
9996 949 17 47 2 1
9997 949 18 47 2 1
9998 949 19 47 2 1
9999 949 20 47 2 1
10000 949 21 47 2 1
10001 949 22 47 2 1
10002 950 12 47 2 1
10003 950 13 47 2 1
10004 950 14 47 2 1
10005 950 15 47 2 1
10006 950 16 47 2 1
10007 950 17 47 2 1
10008 950 18 47 2 1
10009 950 19 47 2 1
10010 950 20 47 2 1
10011 950 21 47 2 1
10012 950 22 47 2 1
10013 951 12 47 2 1
10014 951 13 47 2 1
10015 951 14 47 2 1
10016 951 15 47 2 1
10017 951 16 47 2 1
10018 951 17 47 2 1
10019 951 18 47 2 1
10020 951 19 47 2 1
10021 951 20 47 2 1
10022 951 21 47 2 1
10023 951 22 47 2 1
10024 952 12 47 2 1
10025 952 13 47 2 1
10026 952 14 47 2 1
10027 952 15 47 2 1
10028 952 16 47 2 1
10029 952 17 47 2 1
10030 952 18 47 2 1
10031 952 19 47 2 1
10032 952 20 47 2 1
10033 952 21 47 2 1
10034 952 22 47 2 1
10035 953 12 47 2 1
10036 953 13 47 2 1
10037 953 14 47 2 1
10038 953 15 47 2 1
10039 953 16 47 2 1
10040 953 17 47 2 1
10041 953 18 47 2 1
10042 953 19 47 2 1
10043 953 20 47 2 1
10044 953 21 47 2 1
10045 953 22 47 2 1
10046 954 12 47 2 1
10047 954 13 47 2 1
10048 954 14 47 2 1
10049 954 15 47 2 1
10050 954 16 47 2 1
10051 954 17 47 2 1
10052 954 18 47 2 1
10053 954 19 47 2 1
10054 954 20 47 2 1
10055 954 21 47 2 1
10056 954 22 47 2 1
10057 955 12 47 2 1
10058 955 13 47 2 1
10059 955 14 47 2 1
10060 955 15 47 2 1
10061 955 16 47 2 1
10062 955 17 47 2 1
10063 955 18 47 2 1
10064 955 19 47 2 1
10065 955 20 47 2 1
10066 955 21 47 2 1
10067 955 22 47 2 1
10068 956 12 47 2 1
10069 956 13 47 2 1
10070 956 14 47 2 1
10071 956 15 47 2 1
10072 956 16 47 2 1
10073 956 17 47 2 1
10074 956 18 47 2 1
10075 956 19 47 2 1
10076 956 20 47 2 1
10077 956 21 47 2 1
10078 956 22 47 2 1
10079 957 12 47 2 1
10080 957 13 47 2 1
10081 957 14 47 2 1
10082 957 15 47 2 1
10083 957 16 47 2 1
10084 957 17 47 2 1
10085 957 18 47 2 1
10086 957 19 47 2 1
10087 957 20 47 2 1
10088 957 21 47 2 1
10089 957 22 47 2 1
10090 958 12 47 2 1
10091 958 13 47 2 1
10092 958 14 47 2 1
10093 958 15 47 2 1
10094 958 16 47 2 1
10095 958 17 47 2 1
10096 958 18 47 2 1
10097 958 19 47 2 1
10098 958 20 47 2 1
10099 958 21 47 2 1
10100 958 22 47 2 1
10101 959 12 47 2 1
10102 959 13 47 2 1
10103 959 14 47 2 1
10104 959 15 47 2 1
10105 959 16 47 2 1
10106 959 17 47 2 1
10107 959 18 47 2 1
10108 959 19 47 2 1
10109 959 20 47 2 1
10110 959 21 47 2 1
10111 959 22 47 2 1
10112 960 12 47 2 1
10113 960 13 47 2 1
10114 960 14 47 2 1
10115 960 15 47 2 1
10116 960 16 47 2 1
10117 960 17 47 2 1
10118 960 18 47 2 1
10119 960 19 47 2 1
10120 960 20 47 2 1
10121 960 21 47 2 1
10122 960 22 47 2 1
10123 961 12 47 2 1
10124 961 13 47 2 1
10125 961 14 47 2 1
10126 961 15 47 2 1
10127 961 16 47 2 1
10128 961 17 47 2 1
10129 961 18 47 2 1
10130 961 19 47 2 1
10131 961 20 47 2 1
10132 961 21 47 2 1
10133 961 22 47 2 1
10134 962 12 47 2 1
10135 962 13 47 2 1
10136 962 14 47 2 1
10137 962 15 47 2 1
10138 962 16 47 2 1
10139 962 17 47 2 1
10140 962 18 47 2 1
10141 962 19 47 2 1
10142 962 20 47 2 1
10143 962 21 47 2 1
10144 962 22 47 2 1
10145 963 12 47 2 1
10146 963 13 47 2 1
10147 963 14 47 2 1
10148 963 15 47 2 1
10149 963 16 47 2 1
10150 963 17 47 2 1
10151 963 18 47 2 1
10152 963 19 47 2 1
10153 963 20 47 2 1
10154 963 21 47 2 1
10155 963 22 47 2 1
10156 964 12 47 2 1
10157 964 13 47 2 1
10158 964 14 47 2 1
10159 964 15 47 2 1
10160 964 16 47 2 1
10161 964 17 47 2 1
10162 964 18 47 2 1
10163 964 19 47 2 1
10164 964 20 47 2 1
10165 964 21 47 2 1
10166 964 22 47 2 1
10167 965 12 47 2 1
10168 965 13 47 2 1
10169 965 14 47 2 1
10170 965 15 47 2 1
10171 965 16 47 2 1
10172 965 17 47 2 1
10173 965 18 47 2 1
10174 965 19 47 2 1
10175 965 20 47 2 1
10176 965 21 47 2 1
10177 965 22 47 2 1
10178 966 12 47 2 1
10179 966 13 47 2 1
10180 966 14 47 2 1
10181 966 15 47 2 1
10182 966 16 47 2 1
10183 966 17 47 2 1
10184 966 18 47 2 1
10185 966 19 47 2 1
10186 966 20 47 2 1
10187 966 21 47 2 1
10188 966 22 47 2 1
10189 967 12 47 2 1
10190 967 13 47 2 1
10191 967 14 47 2 1
10192 967 15 47 2 1
10193 967 16 47 2 1
10194 967 17 47 2 1
10195 967 18 47 2 1
10196 967 19 47 2 1
10197 967 20 47 2 1
10198 967 21 47 2 1
10199 967 22 47 2 1
10200 968 12 47 2 1
10201 968 13 47 2 1
10202 968 14 47 2 1
10203 968 17 47 2 1
10204 968 18 47 2 1
10205 968 19 47 2 1
10206 968 20 47 2 1
10207 968 21 47 2 1
10208 968 22 47 2 1
10209 969 12 47 2 1
10210 969 13 47 2 1
10211 969 14 47 2 1
10212 969 17 47 2 1
10213 969 18 47 2 1
10214 969 19 47 2 1
10215 969 20 47 2 1
10216 969 21 47 2 1
10217 969 22 47 2 1
10218 970 12 47 2 1
10219 970 13 47 2 1
10220 970 14 47 2 1
10221 970 15 47 2 1
10222 970 16 47 2 1
10223 970 17 47 2 1
10224 970 20 47 2 1
10225 970 21 47 2 1
10226 970 22 47 2 1
10227 971 12 47 2 1
10228 971 13 47 2 1
10229 971 14 47 2 1
10230 971 15 47 2 1
10231 971 16 47 2 1
10232 971 17 47 2 1
10233 971 20 47 2 1
10234 971 21 47 2 1
10235 971 22 47 2 1
10236 972 12 47 2 1
10237 972 13 47 2 1
10238 972 14 47 2 1
10239 972 15 47 2 1
10240 972 16 47 2 1
10241 972 17 47 2 1
10242 972 18 47 2 1
10243 972 19 47 2 1
10244 972 20 47 2 1
10245 972 21 47 2 1
10246 972 22 47 2 1
10247 973 12 47 2 1
10248 973 13 47 2 1
10249 973 14 47 2 1
10250 973 15 47 2 1
10251 973 16 47 2 1
10252 973 17 47 2 1
10253 973 18 47 2 1
10254 973 19 47 2 1
10255 973 20 47 2 1
10256 973 21 47 2 1
10257 973 22 47 2 1
10258 974 12 47 2 1
10259 974 13 47 2 1
10260 974 14 47 2 1
10261 974 15 47 2 1
10262 974 16 47 2 1
10263 974 17 47 2 1
10264 974 18 47 2 1
10265 974 19 47 2 1
10266 974 20 47 2 1
10267 974 21 47 2 1
10268 974 22 47 2 1
10269 975 12 47 2 1
10270 975 13 47 2 1
10271 975 14 47 2 1
10272 975 15 47 2 1
10273 975 16 47 2 1
10274 975 17 47 2 1
10275 975 18 47 2 1
10276 975 19 47 2 1
10277 975 20 47 2 1
10278 975 21 47 2 1
10279 975 22 47 2 1
10280 976 12 47 2 1
10281 976 13 47 2 1
10282 976 14 47 2 1
10283 976 15 47 2 1
10284 976 16 47 2 1
10285 976 17 47 2 1
10286 976 18 47 2 1
10287 976 19 47 2 1
10288 976 20 47 2 1
10289 976 21 47 2 1
10290 976 22 47 2 1
10291 977 12 47 2 1
10292 977 13 47 2 1
10293 977 14 47 2 1
10294 977 15 47 2 1
10295 977 16 47 2 1
10296 977 17 47 2 1
10297 977 18 47 2 1
10298 977 19 47 2 1
10299 977 20 47 2 1
10300 977 21 47 2 1
10301 977 22 47 2 1
10302 978 12 47 2 1
10303 978 13 47 2 1
10304 978 14 47 2 1
10305 978 15 47 2 1
10306 978 16 47 2 1
10307 978 17 47 2 1
10308 978 18 47 2 1
10309 978 19 47 2 1
10310 978 20 47 2 1
10311 978 21 47 2 1
10312 978 22 47 2 1
10313 979 12 47 2 1
10314 979 13 47 2 1
10315 979 14 47 2 1
10316 979 15 47 2 1
10317 979 16 47 2 1
10318 979 17 47 2 1
10319 979 18 47 2 1
10320 979 19 47 2 1
10321 979 20 47 2 1
10322 979 21 47 2 1
10323 979 22 47 2 1
10324 980 12 47 2 1
10325 980 13 47 2 1
10326 980 14 47 2 1
10327 980 15 47 2 1
10328 980 16 47 2 1
10329 980 17 47 2 1
10330 980 18 47 2 1
10331 980 19 47 2 1
10332 980 20 47 2 1
10333 980 21 47 2 1
10334 980 22 47 2 1
10335 981 12 47 2 1
10336 981 13 47 2 1
10337 981 14 47 2 1
10338 981 15 47 2 1
10339 981 16 47 2 1
10340 981 17 47 2 1
10341 981 18 47 2 1
10342 981 19 47 2 1
10343 981 20 47 2 1
10344 981 21 47 2 1
10345 981 22 47 2 1
10346 982 12 47 2 1
10347 982 13 47 2 1
10348 982 14 47 2 1
10349 982 15 47 2 1
10350 982 16 47 2 1
10351 982 17 47 2 1
10352 982 18 47 2 1
10353 982 19 47 2 1
10354 982 20 47 2 1
10355 982 21 47 2 1
10356 982 22 47 2 1
10357 983 12 47 2 1
10358 983 13 47 2 1
10359 983 14 47 2 1
10360 983 15 47 2 1
10361 983 16 47 2 1
10362 983 17 47 2 1
10363 983 18 47 2 1
10364 983 19 47 2 1
10365 983 20 47 2 1
10366 983 21 47 2 1
10367 983 22 47 2 1
10368 984 12 47 2 1
10369 984 13 47 2 1
10370 984 14 47 2 1
10371 984 15 47 2 1
10372 984 16 47 2 1
10373 984 17 47 2 1
10374 984 18 47 2 1
10375 984 19 47 2 1
10376 984 20 47 2 1
10377 984 21 47 2 1
10378 984 22 47 2 1
10379 985 12 47 2 1
10380 985 13 47 2 1
10381 985 14 47 2 1
10382 985 15 47 2 1
10383 985 16 47 2 1
10384 985 17 47 2 1
10385 985 18 47 2 1
10386 985 19 47 2 1
10387 985 20 47 2 1
10388 985 21 47 2 1
10389 985 22 47 2 1
10390 986 12 47 2 1
10391 986 13 47 2 1
10392 986 14 47 2 1
10393 986 15 47 2 1
10394 986 16 47 2 1
10395 986 17 47 2 1
10396 986 18 47 2 1
10397 986 19 47 2 1
10398 986 20 47 2 1
10399 986 21 47 2 1
10400 986 22 47 2 1
10401 987 12 47 2 1
10402 987 13 47 2 1
10403 987 14 47 2 1
10404 987 15 47 2 1
10405 987 16 47 2 1
10406 987 17 47 2 1
10407 987 18 47 2 1
10408 987 19 47 2 1
10409 987 20 47 2 1
10410 987 21 47 2 1
10411 987 22 47 2 1
10412 988 12 47 2 1
10413 988 13 47 2 1
10414 988 14 47 2 1
10415 988 15 47 2 1
10416 988 16 47 2 1
10417 988 17 47 2 1
10418 988 18 47 2 1
10419 988 19 47 2 1
10420 988 20 47 2 1
10421 988 21 47 2 1
10422 988 22 47 2 1
10423 989 12 47 2 1
10424 989 13 47 2 1
10425 989 14 47 2 1
10426 989 15 47 2 1
10427 989 16 47 2 1
10428 989 17 47 2 1
10429 989 18 47 2 1
10430 989 19 47 2 1
10431 989 20 47 2 1
10432 989 21 47 2 1
10433 989 22 47 2 1
10434 990 12 47 2 1
10435 990 13 47 2 1
10436 990 14 47 2 1
10437 990 15 47 2 1
10438 990 16 47 2 1
10439 990 17 47 2 1
10440 990 18 47 2 1
10441 990 19 47 2 1
10442 990 20 47 2 1
10443 990 21 47 2 1
10444 990 22 47 2 1
10445 991 12 47 2 1
10446 991 13 47 2 1
10447 991 14 47 2 1
10448 991 15 47 2 1
10449 991 16 47 2 1
10450 991 17 47 2 1
10451 991 18 47 2 1
10452 991 19 47 2 1
10453 991 20 47 2 1
10454 991 21 47 2 1
10455 991 22 47 2 1
10456 992 12 47 2 1
10457 992 13 47 2 1
10458 992 14 47 2 1
10459 992 15 47 2 1
10460 992 16 47 2 1
10461 992 17 47 2 1
10462 992 18 47 2 1
10463 992 19 47 2 1
10464 992 20 47 2 1
10465 992 21 47 2 1
10466 992 22 47 2 1
10467 993 12 47 2 1
10468 993 13 47 2 1
10469 993 14 47 2 1
10470 993 15 47 2 1
10471 993 16 47 2 1
10472 993 17 47 2 1
10473 993 18 47 2 1
10474 993 19 47 2 1
10475 993 20 47 2 1
10476 993 21 47 2 1
10477 993 22 47 2 1
10478 994 12 47 2 1
10479 994 13 47 2 1
10480 994 14 47 2 1
10481 994 15 47 2 1
10482 994 16 47 2 1
10483 994 17 47 2 1
10484 994 18 47 2 1
10485 994 19 47 2 1
10486 994 20 47 2 1
10487 994 21 47 2 1
10488 994 22 47 2 1
10489 995 12 47 2 1
10490 995 13 47 2 1
10491 995 14 47 2 1
10492 995 15 47 2 1
10493 995 16 47 2 1
10494 995 17 47 2 1
10495 995 18 47 2 1
10496 995 19 47 2 1
10497 995 20 47 2 1
10498 995 21 47 2 1
10499 995 22 47 2 1
10500 996 12 47 2 1
10501 996 13 47 2 1
10502 996 14 47 2 1
10503 996 15 47 2 1
10504 996 16 47 2 1
10505 996 17 47 2 1
10506 996 18 47 2 1
10507 996 19 47 2 1
10508 996 20 47 2 1
10509 996 21 47 2 1
10510 996 22 47 2 1
10511 997 12 47 2 1
10512 997 13 47 2 1
10513 997 14 47 2 1
10514 997 15 47 2 1
10515 997 16 47 2 1
10516 997 17 47 2 1
10517 997 18 47 2 1
10518 997 19 47 2 1
10519 997 20 47 2 1
10520 997 21 47 2 1
10521 997 22 47 2 1
10522 998 12 47 2 1
10523 998 13 47 2 1
10524 998 14 47 2 1
10525 998 15 47 2 1
10526 998 16 47 2 1
10527 998 17 47 2 1
10528 998 18 47 2 1
10529 998 19 47 2 1
10530 998 20 47 2 1
10531 998 21 47 2 1
10532 998 22 47 2 1
10533 999 12 47 2 1
10534 999 13 47 2 1
10535 999 14 47 2 1
10536 999 15 47 2 1
10537 999 16 47 2 1
10538 999 17 47 2 1
10539 999 18 47 2 1
10540 999 19 47 2 1
10541 999 20 47 2 1
10542 999 21 47 2 1
10543 999 22 47 2 1
10544 1000 12 47 2 1
10545 1000 13 47 2 1
10546 1000 14 47 2 1
10547 1000 17 47 2 1
10548 1000 18 47 2 1
10549 1000 19 47 2 1
10550 1000 20 47 2 1
10551 1000 21 47 2 1
10552 1000 22 47 2 1
10553 1001 12 47 2 1
10554 1001 13 47 2 1
10555 1001 14 47 2 1
10556 1001 17 47 2 1
10557 1001 18 47 2 1
10558 1001 19 47 2 1
10559 1001 20 47 2 1
10560 1001 21 47 2 1
10561 1001 22 47 2 1
10562 1002 12 47 2 1
10563 1002 13 47 2 1
10564 1002 14 47 2 1
10565 1002 15 47 2 1
10566 1002 16 47 2 1
10567 1002 17 47 2 1
10568 1002 20 47 2 1
10569 1002 21 47 2 1
10570 1002 22 47 2 1
10571 1003 12 47 2 1
10572 1003 13 47 2 1
10573 1003 14 47 2 1
10574 1003 15 47 2 1
10575 1003 16 47 2 1
10576 1003 17 47 2 1
10577 1003 20 47 2 1
10578 1003 21 47 2 1
10579 1003 22 47 2 1
10580 1004 12 47 2 1
10581 1004 15 47 2 1
10582 1004 16 47 2 1
10583 1004 17 47 2 1
10584 1004 18 47 2 1
10585 1004 19 47 2 1
10586 1004 20 47 2 1
10587 1004 21 47 2 1
10588 1004 22 47 2 1
10589 1005 12 47 2 1
10590 1005 15 47 2 1
10591 1005 16 47 2 1
10592 1005 17 47 2 1
10593 1005 18 47 2 1
10594 1005 19 47 2 1
10595 1005 20 47 2 1
10596 1005 21 47 2 1
10597 1005 22 47 2 1
10598 1006 12 47 2 1
10599 1006 13 47 2 1
10600 1006 14 47 2 1
10601 1006 15 47 2 1
10602 1006 16 47 2 1
10603 1006 17 47 2 1
10604 1006 18 47 2 1
10605 1006 19 47 2 1
10606 1006 22 47 2 1
10607 1007 12 47 2 1
10608 1007 13 47 2 1
10609 1007 14 47 2 1
10610 1007 15 47 2 1
10611 1007 16 47 2 1
10612 1007 17 47 2 1
10613 1007 18 47 2 1
10614 1007 19 47 2 1
10615 1007 22 47 2 1
10616 1008 12 47 2 1
10617 1008 13 47 2 1
10618 1008 14 47 2 1
10619 1008 15 47 2 1
10620 1008 16 47 2 1
10621 1008 17 47 2 1
10622 1008 18 47 2 1
10623 1008 19 47 2 1
10624 1008 20 47 2 1
10625 1008 21 47 2 1
10626 1008 22 47 2 1
10627 1009 12 47 2 1
10628 1009 13 47 2 1
10629 1009 14 47 2 1
10630 1009 15 47 2 1
10631 1009 16 47 2 1
10632 1009 17 47 2 1
10633 1009 18 47 2 1
10634 1009 19 47 2 1
10635 1009 20 47 2 1
10636 1009 21 47 2 1
10637 1009 22 47 2 1
10638 1010 12 47 2 1
10639 1010 13 47 2 1
10640 1010 14 47 2 1
10641 1010 15 47 2 1
10642 1010 16 47 2 1
10643 1010 17 47 2 1
10644 1010 18 47 2 1
10645 1010 19 47 2 1
10646 1010 20 47 2 1
10647 1010 21 47 2 1
10648 1010 22 47 2 1
10649 1011 12 47 2 1
10650 1011 13 47 2 1
10651 1011 14 47 2 1
10652 1011 15 47 2 1
10653 1011 16 47 2 1
10654 1011 17 47 2 1
10655 1011 18 47 2 1
10656 1011 19 47 2 1
10657 1011 20 47 2 1
10658 1011 21 47 2 1
10659 1011 22 47 2 1
10660 1012 12 47 2 1
10661 1012 13 47 2 1
10662 1012 14 47 2 1
10663 1012 15 47 2 1
10664 1012 16 47 2 1
10665 1012 17 47 2 1
10666 1012 18 47 2 1
10667 1012 19 47 2 1
10668 1012 20 47 2 1
10669 1012 21 47 2 1
10670 1012 22 47 2 1
10671 1013 12 47 2 1
10672 1013 13 47 2 1
10673 1013 14 47 2 1
10674 1013 15 47 2 1
10675 1013 16 47 2 1
10676 1013 17 47 2 1
10677 1013 18 47 2 1
10678 1013 19 47 2 1
10679 1013 20 47 2 1
10680 1013 21 47 2 1
10681 1013 22 47 2 1
10682 1014 12 47 2 1
10683 1014 13 47 2 1
10684 1014 14 47 2 1
10685 1014 15 47 2 1
10686 1014 16 47 2 1
10687 1014 17 47 2 1
10688 1014 18 47 2 1
10689 1014 19 47 2 1
10690 1014 20 47 2 1
10691 1014 21 47 2 1
10692 1014 22 47 2 1
10693 1015 12 47 2 1
10694 1015 13 47 2 1
10695 1015 14 47 2 1
10696 1015 15 47 2 1
10697 1015 16 47 2 1
10698 1015 17 47 2 1
10699 1015 18 47 2 1
10700 1015 19 47 2 1
10701 1015 20 47 2 1
10702 1015 21 47 2 1
10703 1015 22 47 2 1
10704 1016 12 47 2 1
10705 1016 13 47 2 1
10706 1016 14 47 2 1
10707 1016 15 47 2 1
10708 1016 16 47 2 1
10709 1016 19 47 2 1
10710 1016 20 47 2 1
10711 1016 21 47 2 1
10712 1016 22 47 2 1
10713 1017 12 47 2 1
10714 1017 13 47 2 1
10715 1017 14 47 2 1
10716 1017 15 47 2 1
10717 1017 16 47 2 1
10718 1017 19 47 2 1
10719 1017 20 47 2 1
10720 1017 21 47 2 1
10721 1017 22 47 2 1
10722 1018 12 47 2 1
10723 1018 13 47 2 1
10724 1018 14 47 2 1
10725 1018 15 47 2 1
10726 1018 18 47 2 1
10727 1018 19 47 2 1
10728 1018 20 47 2 1
10729 1018 21 47 2 1
10730 1018 22 47 2 1
10731 1019 12 47 2 1
10732 1019 13 47 2 1
10733 1019 14 47 2 1
10734 1019 15 47 2 1
10735 1019 18 47 2 1
10736 1019 19 47 2 1
10737 1019 20 47 2 1
10738 1019 21 47 2 1
10739 1019 22 47 2 1
10740 1020 12 47 2 1
10741 1020 13 47 2 1
10742 1020 14 47 2 1
10743 1020 15 47 2 1
10744 1020 16 47 2 1
10745 1020 17 47 2 1
10746 1020 18 47 2 1
10747 1020 19 47 2 1
10748 1020 20 47 2 1
10749 1020 21 47 2 1
10750 1020 22 47 2 1
10751 1021 12 47 2 1
10752 1021 13 47 2 1
10753 1021 14 47 2 1
10754 1021 15 47 2 1
10755 1021 16 47 2 1
10756 1021 17 47 2 1
10757 1021 18 47 2 1
10758 1021 19 47 2 1
10759 1021 20 47 2 1
10760 1021 21 47 2 1
10761 1021 22 47 2 1
10762 1022 12 47 2 1
10763 1022 13 47 2 1
10764 1022 14 47 2 1
10765 1022 15 47 2 1
10766 1022 16 47 2 1
10767 1022 17 47 2 1
10768 1022 18 47 2 1
10769 1022 19 47 2 1
10770 1022 20 47 2 1
10771 1022 21 47 2 1
10772 1022 22 47 2 1
10773 1023 12 47 2 1
10774 1023 13 47 2 1
10775 1023 14 47 2 1
10776 1023 15 47 2 1
10777 1023 16 47 2 1
10778 1023 17 47 2 1
10779 1023 18 47 2 1
10780 1023 19 47 2 1
10781 1023 20 47 2 1
10782 1023 21 47 2 1
10783 1023 22 47 2 1
10784 1024 12 47 2 1
10785 1024 13 47 2 1
10786 1024 14 47 2 1
10787 1024 15 47 2 1
10788 1024 16 47 2 1
10789 1024 17 47 2 1
10790 1024 18 47 2 1
10791 1024 19 47 2 1
10792 1024 20 47 2 1
10793 1024 21 47 2 1
10794 1024 22 47 2 1
10795 1025 12 47 2 1
10796 1025 13 47 2 1
10797 1025 14 47 2 1
10798 1025 15 47 2 1
10799 1025 16 47 2 1
10800 1025 17 47 2 1
10801 1025 18 47 2 1
10802 1025 19 47 2 1
10803 1025 20 47 2 1
10804 1025 21 47 2 1
10805 1025 22 47 2 1
10806 1026 12 47 2 1
10807 1026 13 47 2 1
10808 1026 14 47 2 1
10809 1026 15 47 2 1
10810 1026 16 47 2 1
10811 1026 17 47 2 1
10812 1026 18 47 2 1
10813 1026 19 47 2 1
10814 1026 20 47 2 1
10815 1026 21 47 2 1
10816 1026 22 47 2 1
10817 1027 12 47 2 1
10818 1027 13 47 2 1
10819 1027 14 47 2 1
10820 1027 15 47 2 1
10821 1027 16 47 2 1
10822 1027 17 47 2 1
10823 1027 18 47 2 1
10824 1027 19 47 2 1
10825 1027 20 47 2 1
10826 1027 21 47 2 1
10827 1027 22 47 2 1
10828 1028 12 47 2 1
10829 1028 13 47 2 1
10830 1028 14 47 2 1
10831 1028 15 47 2 1
10832 1028 16 47 2 1
10833 1028 17 47 2 1
10834 1028 18 47 2 1
10835 1028 19 47 2 1
10836 1028 20 47 2 1
10837 1028 21 47 2 1
10838 1028 22 47 2 1
10839 1029 12 47 2 1
10840 1029 13 47 2 1
10841 1029 14 47 2 1
10842 1029 15 47 2 1
10843 1029 16 47 2 1
10844 1029 17 47 2 1
10845 1029 18 47 2 1
10846 1029 19 47 2 1
10847 1029 20 47 2 1
10848 1029 21 47 2 1
10849 1029 22 47 2 1
10850 1030 12 47 2 1
10851 1030 13 47 2 1
10852 1030 14 47 2 1
10853 1030 15 47 2 1
10854 1030 16 47 2 1
10855 1030 17 47 2 1
10856 1030 18 47 2 1
10857 1030 19 47 2 1
10858 1030 20 47 2 1
10859 1030 21 47 2 1
10860 1030 22 47 2 1
10861 1031 12 47 2 1
10862 1031 13 47 2 1
10863 1031 14 47 2 1
10864 1031 15 47 2 1
10865 1031 16 47 2 1
10866 1031 17 47 2 1
10867 1031 18 47 2 1
10868 1031 19 47 2 1
10869 1031 20 47 2 1
10870 1031 21 47 2 1
10871 1031 22 47 2 1
10872 1032 12 47 2 1
10873 1032 13 47 2 1
10874 1032 14 47 2 1
10875 1032 15 47 2 1
10876 1032 16 47 2 1
10877 1032 17 47 2 1
10878 1032 18 47 2 1
10879 1032 19 47 2 1
10880 1032 20 47 2 1
10881 1032 21 47 2 1
10882 1032 22 47 2 1
10883 1033 12 47 2 1
10884 1033 13 47 2 1
10885 1033 14 47 2 1
10886 1033 15 47 2 1
10887 1033 16 47 2 1
10888 1033 17 47 2 1
10889 1033 18 47 2 1
10890 1033 19 47 2 1
10891 1033 20 47 2 1
10892 1033 21 47 2 1
10893 1033 22 47 2 1
10894 1034 12 47 2 1
10895 1034 13 47 2 1
10896 1034 14 47 2 1
10897 1034 15 47 2 1
10898 1034 16 47 2 1
10899 1034 17 47 2 1
10900 1034 18 47 2 1
10901 1034 19 47 2 1
10902 1034 20 47 2 1
10903 1034 21 47 2 1
10904 1034 22 47 2 1
10905 1035 12 47 2 1
10906 1035 13 47 2 1
10907 1035 14 47 2 1
10908 1035 15 47 2 1
10909 1035 16 47 2 1
10910 1035 17 47 2 1
10911 1035 18 47 2 1
10912 1035 19 47 2 1
10913 1035 20 47 2 1
10914 1035 21 47 2 1
10915 1035 22 47 2 1
10916 1036 12 47 2 1
10917 1036 13 47 2 1
10918 1036 14 47 2 1
10919 1036 15 47 2 1
10920 1036 16 47 2 1
10921 1036 17 47 2 1
10922 1036 18 47 2 1
10923 1036 19 47 2 1
10924 1036 20 47 2 1
10925 1036 21 47 2 1
10926 1036 22 47 2 1
10927 1037 12 47 2 1
10928 1037 13 47 2 1
10929 1037 14 47 2 1
10930 1037 15 47 2 1
10931 1037 16 47 2 1
10932 1037 17 47 2 1
10933 1037 18 47 2 1
10934 1037 19 47 2 1
10935 1037 20 47 2 1
10936 1037 21 47 2 1
10937 1037 22 47 2 1
10938 1038 12 47 2 1
10939 1038 13 47 2 1
10940 1038 14 47 2 1
10941 1038 15 47 2 1
10942 1038 16 47 2 1
10943 1038 17 47 2 1
10944 1038 18 47 2 1
10945 1038 19 47 2 1
10946 1038 20 47 2 1
10947 1038 21 47 2 1
10948 1038 22 47 2 1
10949 1039 12 47 2 1
10950 1039 13 47 2 1
10951 1039 14 47 2 1
10952 1039 15 47 2 1
10953 1039 16 47 2 1
10954 1039 17 47 2 1
10955 1039 18 47 2 1
10956 1039 19 47 2 1
10957 1039 20 47 2 1
10958 1039 21 47 2 1
10959 1039 22 47 2 1
10960 1040 12 47 2 1
10961 1040 13 47 2 1
10962 1040 14 47 2 1
10963 1040 15 47 2 1
10964 1040 16 47 2 1
10965 1040 17 47 2 1
10966 1040 18 47 2 1
10967 1040 19 47 2 1
10968 1040 20 47 2 1
10969 1040 21 47 2 1
10970 1040 22 47 2 1
10971 1041 12 47 2 1
10972 1041 13 47 2 1
10973 1041 14 47 2 1
10974 1041 15 47 2 1
10975 1041 16 47 2 1
10976 1041 17 47 2 1
10977 1041 18 47 2 1
10978 1041 19 47 2 1
10979 1041 20 47 2 1
10980 1041 21 47 2 1
10981 1041 22 47 2 1
10982 1042 12 47 2 1
10983 1042 13 47 2 1
10984 1042 14 47 2 1
10985 1042 15 47 2 1
10986 1042 16 47 2 1
10987 1042 17 47 2 1
10988 1042 18 47 2 1
10989 1042 19 47 2 1
10990 1042 20 47 2 1
10991 1042 21 47 2 1
10992 1042 22 47 2 1
10993 1043 12 47 2 1
10994 1043 13 47 2 1
10995 1043 14 47 2 1
10996 1043 15 47 2 1
10997 1043 16 47 2 1
10998 1043 17 47 2 1
10999 1043 18 47 2 1
11000 1043 19 47 2 1
11001 1043 20 47 2 1
11002 1043 21 47 2 1
11003 1043 22 47 2 1
11004 1044 12 47 2 1
11005 1044 13 47 2 1
11006 1044 14 47 2 1
11007 1044 15 47 2 1
11008 1044 16 47 2 1
11009 1044 17 47 2 1
11010 1044 18 47 2 1
11011 1044 19 47 2 1
11012 1044 20 47 2 1
11013 1044 21 47 2 1
11014 1044 22 47 2 1
11015 1045 12 47 2 1
11016 1045 13 47 2 1
11017 1045 14 47 2 1
11018 1045 15 47 2 1
11019 1045 16 47 2 1
11020 1045 17 47 2 1
11021 1045 18 47 2 1
11022 1045 19 47 2 1
11023 1045 20 47 2 1
11024 1045 21 47 2 1
11025 1045 22 47 2 1
11026 1046 12 47 2 1
11027 1046 13 47 2 1
11028 1046 14 47 2 1
11029 1046 15 47 2 1
11030 1046 16 47 2 1
11031 1046 17 47 2 1
11032 1046 18 47 2 1
11033 1046 19 47 2 1
11034 1046 20 47 2 1
11035 1046 21 47 2 1
11036 1046 22 47 2 1
11037 1047 12 47 2 1
11038 1047 13 47 2 1
11039 1047 14 47 2 1
11040 1047 15 47 2 1
11041 1047 16 47 2 1
11042 1047 17 47 2 1
11043 1047 18 47 2 1
11044 1047 19 47 2 1
11045 1047 20 47 2 1
11046 1047 21 47 2 1
11047 1047 22 47 2 1
11048 1048 12 47 2 1
11049 1048 13 47 2 1
11050 1048 14 47 2 1
11051 1048 15 47 2 1
11052 1048 16 47 2 1
11053 1048 17 47 2 1
11054 1048 18 47 2 1
11055 1048 19 47 2 1
11056 1048 20 47 2 1
11057 1048 21 47 2 1
11058 1048 22 47 2 1
11059 1049 12 47 2 1
11060 1049 13 47 2 1
11061 1049 14 47 2 1
11062 1049 15 47 2 1
11063 1049 16 47 2 1
11064 1049 17 47 2 1
11065 1049 18 47 2 1
11066 1049 19 47 2 1
11067 1049 20 47 2 1
11068 1049 21 47 2 1
11069 1049 22 47 2 1
11070 1050 12 47 2 1
11071 1050 13 47 2 1
11072 1050 14 47 2 1
11073 1050 15 47 2 1
11074 1050 16 47 2 1
11075 1050 17 47 2 1
11076 1050 18 47 2 1
11077 1050 19 47 2 1
11078 1050 20 47 2 1
11079 1050 21 47 2 1
11080 1050 22 47 2 1
11081 1051 12 47 2 1
11082 1051 13 47 2 1
11083 1051 14 47 2 1
11084 1051 15 47 2 1
11085 1051 16 47 2 1
11086 1051 17 47 2 1
11087 1051 18 47 2 1
11088 1051 19 47 2 1
11089 1051 20 47 2 1
11090 1051 21 47 2 1
11091 1051 22 47 2 1
11092 1052 12 47 2 1
11093 1052 13 47 2 1
11094 1052 14 47 2 1
11095 1052 15 47 2 1
11096 1052 16 47 2 1
11097 1052 17 47 2 1
11098 1052 18 47 2 1
11099 1052 19 47 2 1
11100 1052 20 47 2 1
11101 1052 21 47 2 1
11102 1052 22 47 2 1
11103 1053 12 47 2 1
11104 1053 13 47 2 1
11105 1053 14 47 2 1
11106 1053 15 47 2 1
11107 1053 16 47 2 1
11108 1053 17 47 2 1
11109 1053 18 47 2 1
11110 1053 19 47 2 1
11111 1053 20 47 2 1
11112 1053 21 47 2 1
11113 1053 22 47 2 1
11114 1054 12 47 2 1
11115 1054 13 47 2 1
11116 1054 14 47 2 1
11117 1054 15 47 2 1
11118 1054 16 47 2 1
11119 1054 17 47 2 1
11120 1054 18 47 2 1
11121 1054 19 47 2 1
11122 1054 20 47 2 1
11123 1054 21 47 2 1
11124 1054 22 47 2 1
11125 1055 12 47 2 1
11126 1055 13 47 2 1
11127 1055 14 47 2 1
11128 1055 15 47 2 1
11129 1055 16 47 2 1
11130 1055 17 47 2 1
11131 1055 18 47 2 1
11132 1055 19 47 2 1
11133 1055 20 47 2 1
11134 1055 21 47 2 1
11135 1055 22 47 2 1
11136 1056 12 47 2 1
11137 1056 13 47 2 1
11138 1056 14 47 2 1
11139 1056 15 47 2 1
11140 1056 16 47 2 1
11141 1056 17 47 2 1
11142 1056 18 47 2 1
11143 1056 19 47 2 1
11144 1056 20 47 2 1
11145 1056 21 47 2 1
11146 1056 22 47 2 1
11147 1057 12 47 2 1
11148 1057 13 47 2 1
11149 1057 14 47 2 1
11150 1057 15 47 2 1
11151 1057 16 47 2 1
11152 1057 17 47 2 1
11153 1057 18 47 2 1
11154 1057 19 47 2 1
11155 1057 20 47 2 1
11156 1057 21 47 2 1
11157 1057 22 47 2 1
11158 1058 12 47 2 1
11159 1058 13 47 2 1
11160 1058 14 47 2 1
11161 1058 15 47 2 1
11162 1058 16 47 2 1
11163 1058 17 47 2 1
11164 1058 18 47 2 1
11165 1058 19 47 2 1
11166 1058 20 47 2 1
11167 1058 21 47 2 1
11168 1058 22 47 2 1
11169 1059 12 47 2 1
11170 1059 13 47 2 1
11171 1059 14 47 2 1
11172 1059 15 47 2 1
11173 1059 16 47 2 1
11174 1059 17 47 2 1
11175 1059 18 47 2 1
11176 1059 19 47 2 1
11177 1059 20 47 2 1
11178 1059 21 47 2 1
11179 1059 22 47 2 1
11180 1060 12 47 2 1
11181 1060 13 47 2 1
11182 1060 14 47 2 1
11183 1060 15 47 2 1
11184 1060 16 47 2 1
11185 1060 17 47 2 1
11186 1060 18 47 2 1
11187 1060 19 47 2 1
11188 1060 20 47 2 1
11189 1060 21 47 2 1
11190 1060 22 47 2 1
11191 1061 12 47 2 1
11192 1061 13 47 2 1
11193 1061 14 47 2 1
11194 1061 15 47 2 1
11195 1061 16 47 2 1
11196 1061 17 47 2 1
11197 1061 18 47 2 1
11198 1061 19 47 2 1
11199 1061 20 47 2 1
11200 1061 21 47 2 1
11201 1061 22 47 2 1
11202 1062 12 47 2 1
11203 1062 13 47 2 1
11204 1062 14 47 2 1
11205 1062 15 47 2 1
11206 1062 16 47 2 1
11207 1062 17 47 2 1
11208 1062 18 47 2 1
11209 1062 19 47 2 1
11210 1062 20 47 2 1
11211 1062 21 47 2 1
11212 1062 22 47 2 1
11213 1063 12 47 2 1
11214 1063 13 47 2 1
11215 1063 14 47 2 1
11216 1063 15 47 2 1
11217 1063 16 47 2 1
11218 1063 17 47 2 1
11219 1063 18 47 2 1
11220 1063 19 47 2 1
11221 1063 20 47 2 1
11222 1063 21 47 2 1
11223 1063 22 47 2 1
11224 1064 12 47 2 1
11225 1064 13 47 2 1
11226 1064 14 47 2 1
11227 1064 15 47 2 1
11228 1064 16 47 2 1
11229 1064 17 47 2 1
11230 1064 18 47 2 1
11231 1064 21 47 2 1
11232 1064 22 47 2 1
11233 1065 12 47 2 1
11234 1065 13 47 2 1
11235 1065 14 47 2 1
11236 1065 15 47 2 1
11237 1065 16 47 2 1
11238 1065 17 47 2 1
11239 1065 18 47 2 1
11240 1065 21 47 2 1
11241 1065 22 47 2 1
11242 1066 12 47 2 1
11243 1066 13 47 2 1
11244 1066 16 47 2 1
11245 1066 17 47 2 1
11246 1066 18 47 2 1
11247 1066 19 47 2 1
11248 1066 20 47 2 1
11249 1066 21 47 2 1
11250 1066 22 47 2 1
11251 1067 12 47 2 1
11252 1067 13 47 2 1
11253 1067 16 47 2 1
11254 1067 17 47 2 1
11255 1067 18 47 2 1
11256 1067 19 47 2 1
11257 1067 20 47 2 1
11258 1067 21 47 2 1
11259 1067 22 47 2 1
11260 1068 12 47 2 1
11261 1068 13 47 2 1
11262 1068 14 47 2 1
11263 1068 15 47 2 1
11264 1068 16 47 2 1
11265 1068 17 47 2 1
11266 1068 18 47 2 1
11267 1068 19 47 2 1
11268 1068 20 47 2 1
11269 1068 21 47 2 1
11270 1068 22 47 2 1
11271 1069 12 47 2 1
11272 1069 13 47 2 1
11273 1069 14 47 2 1
11274 1069 15 47 2 1
11275 1069 16 47 2 1
11276 1069 17 47 2 1
11277 1069 18 47 2 1
11278 1069 19 47 2 1
11279 1069 20 47 2 1
11280 1069 21 47 2 1
11281 1069 22 47 2 1
11282 1070 12 47 2 1
11283 1070 13 47 2 1
11284 1070 14 47 2 1
11285 1070 15 47 2 1
11286 1070 16 47 2 1
11287 1070 17 47 2 1
11288 1070 18 47 2 1
11289 1070 19 47 2 1
11290 1070 20 47 2 1
11291 1070 21 47 2 1
11292 1070 22 47 2 1
11293 1071 12 47 2 1
11294 1071 13 47 2 1
11295 1071 14 47 2 1
11296 1071 15 47 2 1
11297 1071 16 47 2 1
11298 1071 17 47 2 1
11299 1071 18 47 2 1
11300 1071 19 47 2 1
11301 1071 20 47 2 1
11302 1071 21 47 2 1
11303 1071 22 47 2 1
11304 1072 12 47 2 1
11305 1072 13 47 2 1
11306 1072 14 47 2 1
11307 1072 15 47 2 1
11308 1072 16 47 2 1
11309 1072 17 47 2 1
11310 1072 18 47 2 1
11311 1072 19 47 2 1
11312 1072 20 47 2 1
11313 1072 21 47 2 1
11314 1072 22 47 2 1
11315 1073 12 47 2 1
11316 1073 13 47 2 1
11317 1073 14 47 2 1
11318 1073 15 47 2 1
11319 1073 16 47 2 1
11320 1073 17 47 2 1
11321 1073 18 47 2 1
11322 1073 19 47 2 1
11323 1073 20 47 2 1
11324 1073 21 47 2 1
11325 1073 22 47 2 1
11326 1074 12 47 2 1
11327 1074 13 47 2 1
11328 1074 14 47 2 1
11329 1074 15 47 2 1
11330 1074 16 47 2 1
11331 1074 17 47 2 1
11332 1074 18 47 2 1
11333 1074 19 47 2 1
11334 1074 20 47 2 1
11335 1074 21 47 2 1
11336 1074 22 47 2 1
11337 1075 12 47 2 1
11338 1075 13 47 2 1
11339 1075 14 47 2 1
11340 1075 15 47 2 1
11341 1075 16 47 2 1
11342 1075 17 47 2 1
11343 1075 18 47 2 1
11344 1075 19 47 2 1
11345 1075 20 47 2 1
11346 1075 21 47 2 1
11347 1075 22 47 2 1
11348 1076 12 47 2 1
11349 1076 13 47 2 1
11350 1076 14 47 2 1
11351 1076 15 47 2 1
11352 1076 16 47 2 1
11353 1076 17 47 2 1
11354 1076 18 47 2 1
11355 1076 19 47 2 1
11356 1076 20 47 2 1
11357 1076 21 47 2 1
11358 1076 22 47 2 1
11359 1077 12 47 2 1
11360 1077 13 47 2 1
11361 1077 14 47 2 1
11362 1077 15 47 2 1
11363 1077 16 47 2 1
11364 1077 17 47 2 1
11365 1077 18 47 2 1
11366 1077 19 47 2 1
11367 1077 20 47 2 1
11368 1077 21 47 2 1
11369 1077 22 47 2 1
11370 1078 12 47 2 1
11371 1078 13 47 2 1
11372 1078 14 47 2 1
11373 1078 15 47 2 1
11374 1078 16 47 2 1
11375 1078 17 47 2 1
11376 1078 18 47 2 1
11377 1078 19 47 2 1
11378 1078 20 47 2 1
11379 1078 21 47 2 1
11380 1078 22 47 2 1
11381 1079 12 47 2 1
11382 1079 13 47 2 1
11383 1079 14 47 2 1
11384 1079 15 47 2 1
11385 1079 16 47 2 1
11386 1079 17 47 2 1
11387 1079 18 47 2 1
11388 1079 19 47 2 1
11389 1079 20 47 2 1
11390 1079 21 47 2 1
11391 1079 22 47 2 1
11392 1080 12 47 2 1
11393 1080 13 47 2 1
11394 1080 14 47 2 1
11395 1080 15 47 2 1
11396 1080 16 47 2 1
11397 1080 17 47 2 1
11398 1080 18 47 2 1
11399 1080 19 47 2 1
11400 1080 20 47 2 1
11401 1080 21 47 2 1
11402 1080 22 47 2 1
11403 1081 12 47 2 1
11404 1081 13 47 2 1
11405 1081 14 47 2 1
11406 1081 15 47 2 1
11407 1081 16 47 2 1
11408 1081 17 47 2 1
11409 1081 18 47 2 1
11410 1081 19 47 2 1
11411 1081 20 47 2 1
11412 1081 21 47 2 1
11413 1081 22 47 2 1
11414 1082 12 47 2 1
11415 1082 13 47 2 1
11416 1082 14 47 2 1
11417 1082 15 47 2 1
11418 1082 16 47 2 1
11419 1082 17 47 2 1
11420 1082 18 47 2 1
11421 1082 19 47 2 1
11422 1082 20 47 2 1
11423 1082 21 47 2 1
11424 1082 22 47 2 1
11425 1083 12 47 2 1
11426 1083 13 47 2 1
11427 1083 14 47 2 1
11428 1083 15 47 2 1
11429 1083 16 47 2 1
11430 1083 17 47 2 1
11431 1083 18 47 2 1
11432 1083 19 47 2 1
11433 1083 20 47 2 1
11434 1083 21 47 2 1
11435 1083 22 47 2 1
11436 1084 12 47 2 1
11437 1084 13 47 2 1
11438 1084 14 47 2 1
11439 1084 15 47 2 1
11440 1084 16 47 2 1
11441 1084 17 47 2 1
11442 1084 18 47 2 1
11443 1084 19 47 2 1
11444 1084 20 47 2 1
11445 1084 21 47 2 1
11446 1084 22 47 2 1
11447 1085 12 47 2 1
11448 1085 13 47 2 1
11449 1085 14 47 2 1
11450 1085 15 47 2 1
11451 1085 16 47 2 1
11452 1085 17 47 2 1
11453 1085 18 47 2 1
11454 1085 19 47 2 1
11455 1085 20 47 2 1
11456 1085 21 47 2 1
11457 1085 22 47 2 1
11458 1086 12 47 2 1
11459 1086 13 47 2 1
11460 1086 14 47 2 1
11461 1086 15 47 2 1
11462 1086 16 47 2 1
11463 1086 17 47 2 1
11464 1086 18 47 2 1
11465 1086 19 47 2 1
11466 1086 20 47 2 1
11467 1086 21 47 2 1
11468 1086 22 47 2 1
11469 1087 12 47 2 1
11470 1087 13 47 2 1
11471 1087 14 47 2 1
11472 1087 15 47 2 1
11473 1087 16 47 2 1
11474 1087 17 47 2 1
11475 1087 18 47 2 1
11476 1087 19 47 2 1
11477 1087 20 47 2 1
11478 1087 21 47 2 1
11479 1087 22 47 2 1
11480 1088 12 47 2 1
11481 1088 13 47 2 1
11482 1088 14 47 2 1
11483 1088 15 47 2 1
11484 1088 16 47 2 1
11485 1088 17 47 2 1
11486 1088 18 47 2 1
11487 1088 19 47 2 1
11488 1088 20 47 2 1
11489 1088 21 47 2 1
11490 1088 22 47 2 1
11491 1089 12 47 2 1
11492 1089 13 47 2 1
11493 1089 14 47 2 1
11494 1089 15 47 2 1
11495 1089 16 47 2 1
11496 1089 17 47 2 1
11497 1089 18 47 2 1
11498 1089 19 47 2 1
11499 1089 20 47 2 1
11500 1089 21 47 2 1
11501 1089 22 47 2 1
11502 1090 12 47 2 1
11503 1090 13 47 2 1
11504 1090 14 47 2 1
11505 1090 15 47 2 1
11506 1090 16 47 2 1
11507 1090 17 47 2 1
11508 1090 18 47 2 1
11509 1090 19 47 2 1
11510 1090 20 47 2 1
11511 1090 21 47 2 1
11512 1090 22 47 2 1
11513 1091 12 47 2 1
11514 1091 13 47 2 1
11515 1091 14 47 2 1
11516 1091 15 47 2 1
11517 1091 16 47 2 1
11518 1091 17 47 2 1
11519 1091 18 47 2 1
11520 1091 19 47 2 1
11521 1091 20 47 2 1
11522 1091 21 47 2 1
11523 1091 22 47 2 1
11524 1092 12 47 2 1
11525 1092 13 47 2 1
11526 1092 14 47 2 1
11527 1092 15 47 2 1
11528 1092 16 47 2 1
11529 1092 17 47 2 1
11530 1092 18 47 2 1
11531 1092 19 47 2 1
11532 1092 20 47 2 1
11533 1092 21 47 2 1
11534 1092 22 47 2 1
11535 1093 12 47 2 1
11536 1093 13 47 2 1
11537 1093 14 47 2 1
11538 1093 15 47 2 1
11539 1093 16 47 2 1
11540 1093 17 47 2 1
11541 1093 18 47 2 1
11542 1093 19 47 2 1
11543 1093 20 47 2 1
11544 1093 21 47 2 1
11545 1093 22 47 2 1
11546 1094 12 47 2 1
11547 1094 13 47 2 1
11548 1094 14 47 2 1
11549 1094 15 47 2 1
11550 1094 16 47 2 1
11551 1094 17 47 2 1
11552 1094 18 47 2 1
11553 1094 19 47 2 1
11554 1094 20 47 2 1
11555 1094 21 47 2 1
11556 1094 22 47 2 1
11557 1095 12 47 2 1
11558 1095 13 47 2 1
11559 1095 14 47 2 1
11560 1095 15 47 2 1
11561 1095 16 47 2 1
11562 1095 17 47 2 1
11563 1095 18 47 2 1
11564 1095 19 47 2 1
11565 1095 20 47 2 1
11566 1095 21 47 2 1
11567 1095 22 47 2 1
11568 1096 12 47 2 1
11569 1096 13 47 2 1
11570 1096 14 47 2 1
11571 1096 15 47 2 1
11572 1096 16 47 2 1
11573 1096 17 47 2 1
11574 1096 18 47 2 1
11575 1096 19 47 2 1
11576 1096 20 47 2 1
11577 1096 21 47 2 1
11578 1096 22 47 2 1
11579 1097 12 47 2 1
11580 1097 13 47 2 1
11581 1097 14 47 2 1
11582 1097 15 47 2 1
11583 1097 16 47 2 1
11584 1097 17 47 2 1
11585 1097 18 47 2 1
11586 1097 19 47 2 1
11587 1097 20 47 2 1
11588 1097 21 47 2 1
11589 1097 22 47 2 1
11590 1098 12 47 2 1
11591 1098 13 47 2 1
11592 1098 14 47 2 1
11593 1098 15 47 2 1
11594 1098 16 47 2 1
11595 1098 17 47 2 1
11596 1098 18 47 2 1
11597 1098 19 47 2 1
11598 1098 20 47 2 1
11599 1098 21 47 2 1
11600 1098 22 47 2 1
11601 1099 12 47 2 1
11602 1099 13 47 2 1
11603 1099 14 47 2 1
11604 1099 15 47 2 1
11605 1099 16 47 2 1
11606 1099 17 47 2 1
11607 1099 18 47 2 1
11608 1099 19 47 2 1
11609 1099 20 47 2 1
11610 1099 21 47 2 1
11611 1099 22 47 2 1
11612 1100 12 47 2 1
11613 1100 13 47 2 1
11614 1100 14 47 2 1
11615 1100 15 47 2 1
11616 1100 16 47 2 1
11617 1100 17 47 2 1
11618 1100 18 47 2 1
11619 1100 19 47 2 1
11620 1100 20 47 2 1
11621 1100 21 47 2 1
11622 1100 22 47 2 1
11623 1101 12 47 2 1
11624 1101 13 47 2 1
11625 1101 14 47 2 1
11626 1101 15 47 2 1
11627 1101 16 47 2 1
11628 1101 17 47 2 1
11629 1101 18 47 2 1
11630 1101 19 47 2 1
11631 1101 20 47 2 1
11632 1101 21 47 2 1
11633 1101 22 47 2 1
11634 1102 12 47 2 1
11635 1102 13 47 2 1
11636 1102 14 47 2 1
11637 1102 15 47 2 1
11638 1102 16 47 2 1
11639 1102 17 47 2 1
11640 1102 18 47 2 1
11641 1102 19 47 2 1
11642 1102 22 47 2 1
11643 1103 12 47 2 1
11644 1103 13 47 2 1
11645 1103 14 47 2 1
11646 1103 15 47 2 1
11647 1103 16 47 2 1
11648 1103 17 47 2 1
11649 1103 18 47 2 1
11650 1103 19 47 2 1
11651 1103 22 47 2 1
11652 1104 12 47 2 1
11653 1104 15 47 2 1
11654 1104 16 47 2 1
11655 1104 17 47 2 1
11656 1104 18 47 2 1
11657 1104 19 47 2 1
11658 1104 20 47 2 1
11659 1104 21 47 2 1
11660 1104 22 47 2 1
11661 1105 12 47 2 1
11662 1105 15 47 2 1
11663 1105 16 47 2 1
11664 1105 17 47 2 1
11665 1105 18 47 2 1
11666 1105 19 47 2 1
11667 1105 20 47 2 1
11668 1105 21 47 2 1
11669 1105 22 47 2 1
11670 1106 12 47 2 1
11671 1106 13 47 2 1
11672 1106 14 47 2 1
11673 1106 15 47 2 1
11674 1106 16 47 2 1
11675 1106 17 47 2 1
11676 1106 18 47 2 1
11677 1106 19 47 2 1
11678 1106 20 47 2 1
11679 1106 21 47 2 1
11680 1106 22 47 2 1
11681 1107 12 47 2 1
11682 1107 13 47 2 1
11683 1107 14 47 2 1
11684 1107 15 47 2 1
11685 1107 16 47 2 1
11686 1107 17 47 2 1
11687 1107 18 47 2 1
11688 1107 19 47 2 1
11689 1107 20 47 2 1
11690 1107 21 47 2 1
11691 1107 22 47 2 1
11692 1108 12 47 2 1
11693 1108 13 47 2 1
11694 1108 14 47 2 1
11695 1108 15 47 2 1
11696 1108 16 47 2 1
11697 1108 17 47 2 1
11698 1108 18 47 2 1
11699 1108 19 47 2 1
11700 1108 20 47 2 1
11701 1108 21 47 2 1
11702 1108 22 47 2 1
11703 1109 12 47 2 1
11704 1109 13 47 2 1
11705 1109 14 47 2 1
11706 1109 15 47 2 1
11707 1109 16 47 2 1
11708 1109 17 47 2 1
11709 1109 18 47 2 1
11710 1109 19 47 2 1
11711 1109 20 47 2 1
11712 1109 21 47 2 1
11713 1109 22 47 2 1
11714 1110 12 47 2 1
11715 1110 13 47 2 1
11716 1110 14 47 2 1
11717 1110 15 47 2 1
11718 1110 16 47 2 1
11719 1110 17 47 2 1
11720 1110 18 47 2 1
11721 1110 19 47 2 1
11722 1110 20 47 2 1
11723 1110 21 47 2 1
11724 1110 22 47 2 1
11725 1111 12 47 2 1
11726 1111 13 47 2 1
11727 1111 14 47 2 1
11728 1111 15 47 2 1
11729 1111 16 47 2 1
11730 1111 17 47 2 1
11731 1111 18 47 2 1
11732 1111 19 47 2 1
11733 1111 20 47 2 1
11734 1111 21 47 2 1
11735 1111 22 47 2 1
11736 1112 12 47 2 1
11737 1112 13 47 2 1
11738 1112 14 47 2 1
11739 1112 15 47 2 1
11740 1112 16 47 2 1
11741 1112 17 47 2 1
11742 1112 18 47 2 1
11743 1112 19 47 2 1
11744 1112 20 47 2 1
11745 1112 21 47 2 1
11746 1112 22 47 2 1
11747 1113 12 47 2 1
11748 1113 13 47 2 1
11749 1113 14 47 2 1
11750 1113 15 47 2 1
11751 1113 16 47 2 1
11752 1113 17 47 2 1
11753 1113 18 47 2 1
11754 1113 19 47 2 1
11755 1113 20 47 2 1
11756 1113 21 47 2 1
11757 1113 22 47 2 1
11758 1114 12 47 2 1
11759 1114 13 47 2 1
11760 1114 14 47 2 1
11761 1114 15 47 2 1
11762 1114 16 47 2 1
11763 1114 17 47 2 1
11764 1114 18 47 2 1
11765 1114 19 47 2 1
11766 1114 20 47 2 1
11767 1114 21 47 2 1
11768 1114 22 47 2 1
11769 1115 12 47 2 1
11770 1115 13 47 2 1
11771 1115 14 47 2 1
11772 1115 15 47 2 1
11773 1115 16 47 2 1
11774 1115 17 47 2 1
11775 1115 18 47 2 1
11776 1115 19 47 2 1
11777 1115 20 47 2 1
11778 1115 21 47 2 1
11779 1115 22 47 2 1
11780 1116 12 47 2 1
11781 1116 13 47 2 1
11782 1116 14 47 2 1
11783 1116 15 47 2 1
11784 1116 16 47 2 1
11785 1116 17 47 2 1
11786 1116 18 47 2 1
11787 1116 19 47 2 1
11788 1116 20 47 2 1
11789 1116 21 47 2 1
11790 1116 22 47 2 1
11791 1117 12 47 2 1
11792 1117 13 47 2 1
11793 1117 14 47 2 1
11794 1117 15 47 2 1
11795 1117 16 47 2 1
11796 1117 17 47 2 1
11797 1117 18 47 2 1
11798 1117 19 47 2 1
11799 1117 20 47 2 1
11800 1117 21 47 2 1
11801 1117 22 47 2 1
11802 1118 12 47 2 1
11803 1118 13 47 2 1
11804 1118 14 47 2 1
11805 1118 15 47 2 1
11806 1118 16 47 2 1
11807 1118 17 47 2 1
11808 1118 18 47 2 1
11809 1118 19 47 2 1
11810 1118 20 47 2 1
11811 1118 21 47 2 1
11812 1118 22 47 2 1
11813 1119 12 47 2 1
11814 1119 13 47 2 1
11815 1119 14 47 2 1
11816 1119 15 47 2 1
11817 1119 16 47 2 1
11818 1119 17 47 2 1
11819 1119 18 47 2 1
11820 1119 19 47 2 1
11821 1119 20 47 2 1
11822 1119 21 47 2 1
11823 1119 22 47 2 1
11824 1120 12 47 2 1
11825 1120 13 47 2 1
11826 1120 14 47 2 1
11827 1120 15 47 2 1
11828 1120 16 47 2 1
11829 1120 17 47 2 1
11830 1120 18 47 2 1
11831 1120 19 47 2 1
11832 1120 20 47 2 1
11833 1120 21 47 2 1
11834 1120 22 47 2 1
11835 1121 12 47 2 1
11836 1121 13 47 2 1
11837 1121 14 47 2 1
11838 1121 15 47 2 1
11839 1121 16 47 2 1
11840 1121 17 47 2 1
11841 1121 18 47 2 1
11842 1121 19 47 2 1
11843 1121 20 47 2 1
11844 1121 21 47 2 1
11845 1121 22 47 2 1
11846 1122 12 47 2 1
11847 1122 13 47 2 1
11848 1122 14 47 2 1
11849 1122 21 47 2 1
11850 1122 22 47 2 1
11851 1123 12 47 2 1
11852 1123 13 47 2 1
11853 1123 14 47 2 1
11854 1123 21 47 2 1
11855 1123 22 47 2 1
11856 1124 12 47 2 1
11857 1124 13 47 2 1
11858 1124 20 47 2 1
11859 1124 21 47 2 1
11860 1124 22 47 2 1
11861 1125 12 47 2 1
11862 1125 13 47 2 1
11863 1125 20 47 2 1
11864 1125 21 47 2 1
11865 1125 22 47 2 1
11866 1126 12 47 2 1
11867 1126 13 47 2 1
11868 1126 14 47 2 1
11869 1126 15 47 2 1
11870 1126 16 47 2 1
11871 1126 17 47 2 1
11872 1126 18 47 2 1
11873 1126 19 47 2 1
11874 1126 20 47 2 1
11875 1126 21 47 2 1
11876 1126 22 47 2 1
11877 1127 12 47 2 1
11878 1127 13 47 2 1
11879 1127 14 47 2 1
11880 1127 15 47 2 1
11881 1127 16 47 2 1
11882 1127 17 47 2 1
11883 1127 18 47 2 1
11884 1127 19 47 2 1
11885 1127 20 47 2 1
11886 1127 21 47 2 1
11887 1127 22 47 2 1
11888 1128 12 47 2 1
11889 1128 13 47 2 1
11890 1128 14 47 2 1
11891 1128 15 47 2 1
11892 1128 16 47 2 1
11893 1128 17 47 2 1
11894 1128 18 47 2 1
11895 1128 19 47 2 1
11896 1128 20 47 2 1
11897 1128 21 47 2 1
11898 1128 22 47 2 1
11899 1129 12 47 2 1
11900 1129 13 47 2 1
11901 1129 14 47 2 1
11902 1129 15 47 2 1
11903 1129 16 47 2 1
11904 1129 17 47 2 1
11905 1129 18 47 2 1
11906 1129 19 47 2 1
11907 1129 20 47 2 1
11908 1129 21 47 2 1
11909 1129 22 47 2 1
11910 1130 12 47 2 1
11911 1130 13 47 2 1
11912 1130 14 47 2 1
11913 1130 15 47 2 1
11914 1130 16 47 2 1
11915 1130 17 47 2 1
11916 1130 18 47 2 1
11917 1130 19 47 2 1
11918 1130 20 47 2 1
11919 1130 21 47 2 1
11920 1130 22 47 2 1
11921 1131 12 47 2 1
11922 1131 13 47 2 1
11923 1131 14 47 2 1
11924 1131 15 47 2 1
11925 1131 16 47 2 1
11926 1131 17 47 2 1
11927 1131 18 47 2 1
11928 1131 19 47 2 1
11929 1131 20 47 2 1
11930 1131 21 47 2 1
11931 1131 22 47 2 1
11932 1132 12 47 2 1
11933 1132 13 47 2 1
11934 1132 14 47 2 1
11935 1132 15 47 2 1
11936 1132 16 47 2 1
11937 1132 17 47 2 1
11938 1132 18 47 2 1
11939 1132 19 47 2 1
11940 1132 20 47 2 1
11941 1132 21 47 2 1
11942 1132 22 47 2 1
11943 1133 12 47 2 1
11944 1133 13 47 2 1
11945 1133 14 47 2 1
11946 1133 15 47 2 1
11947 1133 16 47 2 1
11948 1133 17 47 2 1
11949 1133 18 47 2 1
11950 1133 19 47 2 1
11951 1133 20 47 2 1
11952 1133 21 47 2 1
11953 1133 22 47 2 1
11954 1134 12 47 2 1
11955 1134 13 47 2 1
11956 1134 14 47 2 1
11957 1134 15 47 2 1
11958 1134 16 47 2 1
11959 1134 17 47 2 1
11960 1134 18 47 2 1
11961 1134 19 47 2 1
11962 1134 20 47 2 1
11963 1134 21 47 2 1
11964 1134 22 47 2 1
11965 1135 12 47 2 1
11966 1135 13 47 2 1
11967 1135 14 47 2 1
11968 1135 15 47 2 1
11969 1135 16 47 2 1
11970 1135 17 47 2 1
11971 1135 18 47 2 1
11972 1135 19 47 2 1
11973 1135 20 47 2 1
11974 1135 21 47 2 1
11975 1135 22 47 2 1
11976 1136 12 47 2 1
11977 1136 13 47 2 1
11978 1136 14 47 2 1
11979 1136 15 47 2 1
11980 1136 16 47 2 1
11981 1136 17 47 2 1
11982 1136 18 47 2 1
11983 1136 19 47 2 1
11984 1136 20 47 2 1
11985 1136 21 47 2 1
11986 1136 22 47 2 1
11987 1137 12 47 2 1
11988 1137 13 47 2 1
11989 1137 14 47 2 1
11990 1137 15 47 2 1
11991 1137 16 47 2 1
11992 1137 17 47 2 1
11993 1137 18 47 2 1
11994 1137 19 47 2 1
11995 1137 20 47 2 1
11996 1137 21 47 2 1
11997 1137 22 47 2 1
11998 1138 12 47 2 1
11999 1138 13 47 2 1
12000 1138 14 47 2 1
12001 1138 15 47 2 1
12002 1138 16 47 2 1
12003 1138 17 47 2 1
12004 1138 18 47 2 1
12005 1138 19 47 2 1
12006 1138 20 47 2 1
12007 1138 21 47 2 1
12008 1138 22 47 2 1
12009 1139 12 47 2 1
12010 1139 13 47 2 1
12011 1139 14 47 2 1
12012 1139 15 47 2 1
12013 1139 16 47 2 1
12014 1139 17 47 2 1
12015 1139 18 47 2 1
12016 1139 19 47 2 1
12017 1139 20 47 2 1
12018 1139 21 47 2 1
12019 1139 22 47 2 1
12020 1140 12 47 2 1
12021 1140 13 47 2 1
12022 1140 14 47 2 1
12023 1140 15 47 2 1
12024 1140 16 47 2 1
12025 1140 17 47 2 1
12026 1140 18 47 2 1
12027 1140 19 47 2 1
12028 1140 20 47 2 1
12029 1140 21 47 2 1
12030 1140 22 47 2 1
12031 1141 12 47 2 1
12032 1141 13 47 2 1
12033 1141 14 47 2 1
12034 1141 15 47 2 1
12035 1141 16 47 2 1
12036 1141 17 47 2 1
12037 1141 18 47 2 1
12038 1141 19 47 2 1
12039 1141 20 47 2 1
12040 1141 21 47 2 1
12041 1141 22 47 2 1
12042 1142 12 47 2 1
12043 1142 13 47 2 1
12044 1142 14 47 2 1
12045 1142 15 47 2 1
12046 1142 16 47 2 1
12047 1142 17 47 2 1
12048 1142 18 47 2 1
12049 1142 19 47 2 1
12050 1142 20 47 2 1
12051 1142 21 47 2 1
12052 1142 22 47 2 1
12053 1143 12 47 2 1
12054 1143 13 47 2 1
12055 1143 14 47 2 1
12056 1143 15 47 2 1
12057 1143 16 47 2 1
12058 1143 17 47 2 1
12059 1143 18 47 2 1
12060 1143 19 47 2 1
12061 1143 20 47 2 1
12062 1143 21 47 2 1
12063 1143 22 47 2 1
12064 1144 12 47 2 1
12065 1144 13 47 2 1
12066 1144 14 47 2 1
12067 1144 15 47 2 1
12068 1144 16 47 2 1
12069 1144 17 47 2 1
12070 1144 18 47 2 1
12071 1144 19 47 2 1
12072 1144 20 47 2 1
12073 1144 21 47 2 1
12074 1144 22 47 2 1
12075 1145 12 47 2 1
12076 1145 13 47 2 1
12077 1145 14 47 2 1
12078 1145 15 47 2 1
12079 1145 16 47 2 1
12080 1145 17 47 2 1
12081 1145 18 47 2 1
12082 1145 19 47 2 1
12083 1145 20 47 2 1
12084 1145 21 47 2 1
12085 1145 22 47 2 1
12086 1146 12 47 2 1
12087 1146 13 47 2 1
12088 1146 14 47 2 1
12089 1146 15 47 2 1
12090 1146 16 47 2 1
12091 1146 17 47 2 1
12092 1146 18 47 2 1
12093 1146 19 47 2 1
12094 1146 20 47 2 1
12095 1146 21 47 2 1
12096 1146 22 47 2 1
12097 1147 12 47 2 1
12098 1147 13 47 2 1
12099 1147 14 47 2 1
12100 1147 15 47 2 1
12101 1147 16 47 2 1
12102 1147 17 47 2 1
12103 1147 18 47 2 1
12104 1147 19 47 2 1
12105 1147 20 47 2 1
12106 1147 21 47 2 1
12107 1147 22 47 2 1
12108 1148 12 47 2 1
12109 1148 13 47 2 1
12110 1148 14 47 2 1
12111 1148 15 47 2 1
12112 1148 16 47 2 1
12113 1148 17 47 2 1
12114 1148 18 47 2 1
12115 1148 19 47 2 1
12116 1148 20 47 2 1
12117 1148 21 47 2 1
12118 1148 22 47 2 1
12119 1149 12 47 2 1
12120 1149 13 47 2 1
12121 1149 14 47 2 1
12122 1149 15 47 2 1
12123 1149 16 47 2 1
12124 1149 17 47 2 1
12125 1149 18 47 2 1
12126 1149 19 47 2 1
12127 1149 20 47 2 1
12128 1149 21 47 2 1
12129 1149 22 47 2 1
12130 1150 12 47 2 1
12131 1150 13 47 2 1
12132 1150 14 47 2 1
12133 1150 15 47 2 1
12134 1150 16 47 2 1
12135 1150 17 47 2 1
12136 1150 18 47 2 1
12137 1150 19 47 2 1
12138 1150 20 47 2 1
12139 1150 21 47 2 1
12140 1150 22 47 2 1
12141 1151 12 47 2 1
12142 1151 13 47 2 1
12143 1151 14 47 2 1
12144 1151 15 47 2 1
12145 1151 16 47 2 1
12146 1151 17 47 2 1
12147 1151 18 47 2 1
12148 1151 19 47 2 1
12149 1151 20 47 2 1
12150 1151 21 47 2 1
12151 1151 22 47 2 1
12152 1152 12 47 2 1
12153 1152 13 47 2 1
12154 1152 14 47 2 1
12155 1152 15 47 2 1
12156 1152 16 47 2 1
12157 1152 17 47 2 1
12158 1152 18 47 2 1
12159 1152 19 47 2 1
12160 1152 20 47 2 1
12161 1152 21 47 2 1
12162 1152 22 47 2 1
12163 1153 12 47 2 1
12164 1153 13 47 2 1
12165 1153 14 47 2 1
12166 1153 15 47 2 1
12167 1153 16 47 2 1
12168 1153 17 47 2 1
12169 1153 18 47 2 1
12170 1153 19 47 2 1
12171 1153 20 47 2 1
12172 1153 21 47 2 1
12173 1153 22 47 2 1
12174 1154 12 47 2 1
12175 1154 13 47 2 1
12176 1154 14 47 2 1
12177 1154 15 47 2 1
12178 1154 16 47 2 1
12179 1154 17 47 2 1
12180 1154 18 47 2 1
12181 1154 19 47 2 1
12182 1154 20 47 2 1
12183 1154 21 47 2 1
12184 1154 22 47 2 1
12185 1155 12 47 2 1
12186 1155 13 47 2 1
12187 1155 14 47 2 1
12188 1155 15 47 2 1
12189 1155 16 47 2 1
12190 1155 17 47 2 1
12191 1155 18 47 2 1
12192 1155 19 47 2 1
12193 1155 20 47 2 1
12194 1155 21 47 2 1
12195 1155 22 47 2 1
12196 1156 12 47 2 1
12197 1156 13 47 2 1
12198 1156 14 47 2 1
12199 1156 15 47 2 1
12200 1156 16 47 2 1
12201 1156 17 47 2 1
12202 1156 18 47 2 1
12203 1156 19 47 2 1
12204 1156 20 47 2 1
12205 1156 21 47 2 1
12206 1156 22 47 2 1
12207 1157 12 47 2 1
12208 1157 13 47 2 1
12209 1157 14 47 2 1
12210 1157 15 47 2 1
12211 1157 16 47 2 1
12212 1157 17 47 2 1
12213 1157 18 47 2 1
12214 1157 19 47 2 1
12215 1157 20 47 2 1
12216 1157 21 47 2 1
12217 1157 22 47 2 1
12218 1158 12 47 2 1
12219 1158 13 47 2 1
12220 1158 14 47 2 1
12221 1158 15 47 2 1
12222 1158 16 47 2 1
12223 1158 17 47 2 1
12224 1158 18 47 2 1
12225 1158 21 47 2 1
12226 1158 22 47 2 1
12227 1159 12 47 2 1
12228 1159 13 47 2 1
12229 1159 14 47 2 1
12230 1159 15 47 2 1
12231 1159 16 47 2 1
12232 1159 17 47 2 1
12233 1159 18 47 2 1
12234 1159 21 47 2 1
12235 1159 22 47 2 1
12236 1160 12 47 2 1
12237 1160 13 47 2 1
12238 1160 16 47 2 1
12239 1160 17 47 2 1
12240 1160 18 47 2 1
12241 1160 19 47 2 1
12242 1160 20 47 2 1
12243 1160 21 47 2 1
12244 1160 22 47 2 1
12245 1161 12 47 2 1
12246 1161 13 47 2 1
12247 1161 16 47 2 1
12248 1161 17 47 2 1
12249 1161 18 47 2 1
12250 1161 19 47 2 1
12251 1161 20 47 2 1
12252 1161 21 47 2 1
12253 1161 22 47 2 1
12254 1162 14 47 2 1
12255 1162 15 47 2 1
12256 1162 16 47 2 1
12257 1162 17 47 2 1
12258 1162 18 47 2 1
12259 1162 19 47 2 1
12260 1162 20 47 2 1
12261 1162 21 47 2 1
12262 1162 22 47 2 1
12263 1163 14 47 2 1
12264 1163 15 47 2 1
12265 1163 16 47 2 1
12266 1163 17 47 2 1
12267 1163 18 47 2 1
12268 1163 19 47 2 1
12269 1163 20 47 2 1
12270 1163 21 47 2 1
12271 1163 22 47 2 1
12272 1164 12 47 2 1
12273 1164 13 47 2 1
12274 1164 14 47 2 1
12275 1164 15 47 2 1
12276 1164 16 47 2 1
12277 1164 17 47 2 1
12278 1164 18 47 2 1
12279 1164 19 47 2 1
12280 1164 20 47 2 1
12281 1165 12 47 2 1
12282 1165 13 47 2 1
12283 1165 14 47 2 1
12284 1165 15 47 2 1
12285 1165 16 47 2 1
12286 1165 17 47 2 1
12287 1165 18 47 2 1
12288 1165 19 47 2 1
12289 1165 20 47 2 1
12290 1166 12 47 2 1
12291 1166 13 47 2 1
12292 1166 14 47 2 1
12293 1166 15 47 2 1
12294 1166 16 47 2 1
12295 1166 17 47 2 1
12296 1166 18 47 2 1
12297 1166 19 47 2 1
12298 1166 20 47 2 1
12299 1166 21 47 2 1
12300 1166 22 47 2 1
12301 1167 12 47 2 1
12302 1167 13 47 2 1
12303 1167 14 47 2 1
12304 1167 15 47 2 1
12305 1167 16 47 2 1
12306 1167 17 47 2 1
12307 1167 18 47 2 1
12308 1167 19 47 2 1
12309 1167 20 47 2 1
12310 1167 21 47 2 1
12311 1167 22 47 2 1
12312 1168 12 47 2 1
12313 1168 13 47 2 1
12314 1168 14 47 2 1
12315 1168 15 47 2 1
12316 1168 16 47 2 1
12317 1168 17 47 2 1
12318 1168 18 47 2 1
12319 1168 19 47 2 1
12320 1168 20 47 2 1
12321 1168 21 47 2 1
12322 1168 22 47 2 1
12323 1169 12 47 2 1
12324 1169 13 47 2 1
12325 1169 14 47 2 1
12326 1169 15 47 2 1
12327 1169 16 47 2 1
12328 1169 17 47 2 1
12329 1169 18 47 2 1
12330 1169 19 47 2 1
12331 1169 20 47 2 1
12332 1169 21 47 2 1
12333 1169 22 47 2 1
12334 1170 12 47 2 1
12335 1170 13 47 2 1
12336 1170 14 47 2 1
12337 1170 15 47 2 1
12338 1170 16 47 2 1
12339 1170 17 47 2 1
12340 1170 18 47 2 1
12341 1170 19 47 2 1
12342 1170 20 47 2 1
12343 1170 21 47 2 1
12344 1170 22 47 2 1
12345 1171 12 47 2 1
12346 1171 13 47 2 1
12347 1171 14 47 2 1
12348 1171 15 47 2 1
12349 1171 16 47 2 1
12350 1171 17 47 2 1
12351 1171 18 47 2 1
12352 1171 19 47 2 1
12353 1171 20 47 2 1
12354 1171 21 47 2 1
12355 1171 22 47 2 1
12356 1172 12 47 2 1
12357 1172 13 47 2 1
12358 1172 14 47 2 1
12359 1172 15 47 2 1
12360 1172 16 47 2 1
12361 1172 17 47 2 1
12362 1172 18 47 2 1
12363 1172 19 47 2 1
12364 1172 20 47 2 1
12365 1172 21 47 2 1
12366 1172 22 47 2 1
12367 1173 12 47 2 1
12368 1173 13 47 2 1
12369 1173 14 47 2 1
12370 1173 15 47 2 1
12371 1173 16 47 2 1
12372 1173 17 47 2 1
12373 1173 18 47 2 1
12374 1173 19 47 2 1
12375 1173 20 47 2 1
12376 1173 21 47 2 1
12377 1173 22 47 2 1
12378 1174 12 47 2 1
12379 1174 13 47 2 1
12380 1174 16 47 2 1
12381 1174 17 47 2 1
12382 1174 18 47 2 1
12383 1174 19 47 2 1
12384 1174 20 47 2 1
12385 1174 21 47 2 1
12386 1174 22 47 2 1
12387 1175 12 47 2 1
12388 1175 13 47 2 1
12389 1175 16 47 2 1
12390 1175 17 47 2 1
12391 1175 18 47 2 1
12392 1175 19 47 2 1
12393 1175 20 47 2 1
12394 1175 21 47 2 1
12395 1175 22 47 2 1
12396 1176 12 47 2 1
12397 1176 13 47 2 1
12398 1176 14 47 2 1
12399 1176 15 47 2 1
12400 1176 16 47 2 1
12401 1176 17 47 2 1
12402 1176 18 47 2 1
12403 1176 21 47 2 1
12404 1176 22 47 2 1
12405 1177 12 47 2 1
12406 1177 13 47 2 1
12407 1177 14 47 2 1
12408 1177 15 47 2 1
12409 1177 16 47 2 1
12410 1177 17 47 2 1
12411 1177 18 47 2 1
12412 1177 21 47 2 1
12413 1177 22 47 2 1
12414 1178 12 47 2 1
12415 1178 13 47 2 1
12416 1178 14 47 2 1
12417 1178 15 47 2 1
12418 1178 16 47 2 1
12419 1178 17 47 2 1
12420 1178 18 47 2 1
12421 1178 19 47 2 1
12422 1178 20 47 2 1
12423 1178 21 47 2 1
12424 1178 22 47 2 1
12425 1179 12 47 2 1
12426 1179 13 47 2 1
12427 1179 14 47 2 1
12428 1179 15 47 2 1
12429 1179 16 47 2 1
12430 1179 17 47 2 1
12431 1179 18 47 2 1
12432 1179 19 47 2 1
12433 1179 20 47 2 1
12434 1179 21 47 2 1
12435 1179 22 47 2 1
12436 1180 12 47 2 1
12437 1180 13 47 2 1
12438 1180 14 47 2 1
12439 1180 15 47 2 1
12440 1180 16 47 2 1
12441 1180 17 47 2 1
12442 1180 18 47 2 1
12443 1180 19 47 2 1
12444 1180 20 47 2 1
12445 1180 21 47 2 1
12446 1180 22 47 2 1
12447 1181 12 47 2 1
12448 1181 13 47 2 1
12449 1181 14 47 2 1
12450 1181 15 47 2 1
12451 1181 16 47 2 1
12452 1181 17 47 2 1
12453 1181 18 47 2 1
12454 1181 19 47 2 1
12455 1181 20 47 2 1
12456 1181 21 47 2 1
12457 1181 22 47 2 1
12458 1182 12 47 2 1
12459 1182 13 47 2 1
12460 1182 14 47 2 1
12461 1182 15 47 2 1
12462 1182 16 47 2 1
12463 1182 17 47 2 1
12464 1182 18 47 2 1
12465 1182 19 47 2 1
12466 1182 20 47 2 1
12467 1182 21 47 2 1
12468 1182 22 47 2 1
12469 1183 12 47 2 1
12470 1183 13 47 2 1
12471 1183 14 47 2 1
12472 1183 15 47 2 1
12473 1183 16 47 2 1
12474 1183 17 47 2 1
12475 1183 18 47 2 1
12476 1183 19 47 2 1
12477 1183 20 47 2 1
12478 1183 21 47 2 1
12479 1183 22 47 2 1
12480 1184 12 47 2 1
12481 1184 13 47 2 1
12482 1184 14 47 2 1
12483 1184 15 47 2 1
12484 1184 16 47 2 1
12485 1184 17 47 2 1
12486 1184 18 47 2 1
12487 1184 19 47 2 1
12488 1184 20 47 2 1
12489 1184 21 47 2 1
12490 1184 22 47 2 1
12491 1185 12 47 2 1
12492 1185 13 47 2 1
12493 1185 14 47 2 1
12494 1185 15 47 2 1
12495 1185 16 47 2 1
12496 1185 17 47 2 1
12497 1185 18 47 2 1
12498 1185 19 47 2 1
12499 1185 20 47 2 1
12500 1185 21 47 2 1
12501 1185 22 47 2 1
12502 1186 12 47 2 1
12503 1186 13 47 2 1
12504 1186 14 47 2 1
12505 1186 15 47 2 1
12506 1186 16 47 2 1
12507 1186 17 47 2 1
12508 1186 18 47 2 1
12509 1186 19 47 2 1
12510 1186 20 47 2 1
12511 1186 21 47 2 1
12512 1186 22 47 2 1
12513 1187 12 47 2 1
12514 1187 13 47 2 1
12515 1187 14 47 2 1
12516 1187 15 47 2 1
12517 1187 16 47 2 1
12518 1187 17 47 2 1
12519 1187 18 47 2 1
12520 1187 19 47 2 1
12521 1187 20 47 2 1
12522 1187 21 47 2 1
12523 1187 22 47 2 1
12524 1188 12 47 2 1
12525 1188 13 47 2 1
12526 1188 14 47 2 1
12527 1188 15 47 2 1
12528 1188 16 47 2 1
12529 1188 17 47 2 1
12530 1188 18 47 2 1
12531 1188 19 47 2 1
12532 1188 20 47 2 1
12533 1188 21 47 2 1
12534 1188 22 47 2 1
12535 1189 12 47 2 1
12536 1189 13 47 2 1
12537 1189 14 47 2 1
12538 1189 15 47 2 1
12539 1189 16 47 2 1
12540 1189 17 47 2 1
12541 1189 18 47 2 1
12542 1189 19 47 2 1
12543 1189 20 47 2 1
12544 1189 21 47 2 1
12545 1189 22 47 2 1
12546 1190 12 47 2 1
12547 1190 13 47 2 1
12548 1190 14 47 2 1
12549 1190 15 47 2 1
12550 1190 16 47 2 1
12551 1190 17 47 2 1
12552 1190 18 47 2 1
12553 1190 19 47 2 1
12554 1190 20 47 2 1
12555 1190 21 47 2 1
12556 1190 22 47 2 1
12557 1191 12 47 2 1
12558 1191 13 47 2 1
12559 1191 14 47 2 1
12560 1191 15 47 2 1
12561 1191 16 47 2 1
12562 1191 17 47 2 1
12563 1191 18 47 2 1
12564 1191 19 47 2 1
12565 1191 20 47 2 1
12566 1191 21 47 2 1
12567 1191 22 47 2 1
12568 1192 12 47 2 1
12569 1192 13 47 2 1
12570 1192 14 47 2 1
12571 1192 15 47 2 1
12572 1192 16 47 2 1
12573 1192 17 47 2 1
12574 1192 18 47 2 1
12575 1192 19 47 2 1
12576 1192 20 47 2 1
12577 1192 21 47 2 1
12578 1192 22 47 2 1
12579 1193 12 47 2 1
12580 1193 13 47 2 1
12581 1193 14 47 2 1
12582 1193 15 47 2 1
12583 1193 16 47 2 1
12584 1193 17 47 2 1
12585 1193 18 47 2 1
12586 1193 19 47 2 1
12587 1193 20 47 2 1
12588 1193 21 47 2 1
12589 1193 22 47 2 1
12590 1194 12 47 2 1
12591 1194 13 47 2 1
12592 1194 14 47 2 1
12593 1194 15 47 2 1
12594 1194 16 47 2 1
12595 1194 17 47 2 1
12596 1194 18 47 2 1
12597 1194 19 47 2 1
12598 1194 20 47 2 1
12599 1194 21 47 2 1
12600 1194 22 47 2 1
12601 1195 12 47 2 1
12602 1195 13 47 2 1
12603 1195 14 47 2 1
12604 1195 15 47 2 1
12605 1195 16 47 2 1
12606 1195 17 47 2 1
12607 1195 18 47 2 1
12608 1195 19 47 2 1
12609 1195 20 47 2 1
12610 1195 21 47 2 1
12611 1195 22 47 2 1
12612 1196 12 47 2 1
12613 1196 13 47 2 1
12614 1196 14 47 2 1
12615 1196 15 47 2 1
12616 1196 16 47 2 1
12617 1196 17 47 2 1
12618 1196 18 47 2 1
12619 1196 19 47 2 1
12620 1196 20 47 2 1
12621 1196 21 47 2 1
12622 1196 22 47 2 1
12623 1197 12 47 2 1
12624 1197 13 47 2 1
12625 1197 14 47 2 1
12626 1197 15 47 2 1
12627 1197 16 47 2 1
12628 1197 17 47 2 1
12629 1197 18 47 2 1
12630 1197 19 47 2 1
12631 1197 20 47 2 1
12632 1197 21 47 2 1
12633 1197 22 47 2 1
12634 1198 12 47 2 1
12635 1198 13 47 2 1
12636 1198 14 47 2 1
12637 1198 15 47 2 1
12638 1198 16 47 2 1
12639 1198 17 47 2 1
12640 1198 18 47 2 1
12641 1198 19 47 2 1
12642 1198 20 47 2 1
12643 1198 21 47 2 1
12644 1198 22 47 2 1
12645 1199 12 47 2 1
12646 1199 13 47 2 1
12647 1199 14 47 2 1
12648 1199 15 47 2 1
12649 1199 16 47 2 1
12650 1199 17 47 2 1
12651 1199 18 47 2 1
12652 1199 19 47 2 1
12653 1199 20 47 2 1
12654 1199 21 47 2 1
12655 1199 22 47 2 1
12656 1200 12 47 2 1
12657 1200 13 47 2 1
12658 1200 14 47 2 1
12659 1200 15 47 2 1
12660 1200 16 47 2 1
12661 1200 17 47 2 1
12662 1200 18 47 2 1
12663 1200 19 47 2 1
12664 1200 20 47 2 1
12665 1200 21 47 2 1
12666 1200 22 47 2 1
12667 1201 12 47 2 1
12668 1201 13 47 2 1
12669 1201 14 47 2 1
12670 1201 15 47 2 1
12671 1201 16 47 2 1
12672 1201 17 47 2 1
12673 1201 18 47 2 1
12674 1201 19 47 2 1
12675 1201 20 47 2 1
12676 1201 21 47 2 1
12677 1201 22 47 2 1
12678 1202 12 47 2 1
12679 1202 13 47 2 1
12680 1202 14 47 2 1
12681 1202 15 47 2 1
12682 1202 16 47 2 1
12683 1202 17 47 2 1
12684 1202 18 47 2 1
12685 1202 19 47 2 1
12686 1202 20 47 2 1
12687 1202 21 47 2 1
12688 1202 22 47 2 1
12689 1203 12 47 2 1
12690 1203 13 47 2 1
12691 1203 14 47 2 1
12692 1203 15 47 2 1
12693 1203 16 47 2 1
12694 1203 17 47 2 1
12695 1203 18 47 2 1
12696 1203 19 47 2 1
12697 1203 20 47 2 1
12698 1203 21 47 2 1
12699 1203 22 47 2 1
12700 1204 12 47 2 1
12701 1204 13 47 2 1
12702 1204 14 47 2 1
12703 1204 15 47 2 1
12704 1204 16 47 2 1
12705 1204 17 47 2 1
12706 1204 18 47 2 1
12707 1204 19 47 2 1
12708 1204 20 47 2 1
12709 1204 21 47 2 1
12710 1204 22 47 2 1
12711 1205 12 47 2 1
12712 1205 13 47 2 1
12713 1205 14 47 2 1
12714 1205 15 47 2 1
12715 1205 16 47 2 1
12716 1205 17 47 2 1
12717 1205 18 47 2 1
12718 1205 19 47 2 1
12719 1205 20 47 2 1
12720 1205 21 47 2 1
12721 1205 22 47 2 1
12722 1206 12 47 2 1
12723 1206 13 47 2 1
12724 1206 14 47 2 1
12725 1206 15 47 2 1
12726 1206 16 47 2 1
12727 1206 17 47 2 1
12728 1206 18 47 2 1
12729 1206 19 47 2 1
12730 1206 20 47 2 1
12731 1207 12 47 2 1
12732 1207 13 47 2 1
12733 1207 14 47 2 1
12734 1207 15 47 2 1
12735 1207 16 47 2 1
12736 1207 17 47 2 1
12737 1207 18 47 2 1
12738 1207 19 47 2 1
12739 1207 20 47 2 1
12740 1208 14 47 2 1
12741 1208 15 47 2 1
12742 1208 16 47 2 1
12743 1208 17 47 2 1
12744 1208 18 47 2 1
12745 1208 19 47 2 1
12746 1208 20 47 2 1
12747 1208 21 47 2 1
12748 1208 22 47 2 1
12749 1209 14 47 2 1
12750 1209 15 47 2 1
12751 1209 16 47 2 1
12752 1209 17 47 2 1
12753 1209 18 47 2 1
12754 1209 19 47 2 1
12755 1209 20 47 2 1
12756 1209 21 47 2 1
12757 1209 22 47 2 1
12758 1210 12 47 2 1
12759 1210 13 47 2 1
12760 1210 14 47 2 1
12761 1210 15 47 2 1
12762 1210 18 47 2 1
12763 1210 19 47 2 1
12764 1210 20 47 2 1
12765 1210 21 47 2 1
12766 1210 22 47 2 1
12767 1211 12 47 2 1
12768 1211 13 47 2 1
12769 1211 14 47 2 1
12770 1211 15 47 2 1
12771 1211 18 47 2 1
12772 1211 19 47 2 1
12773 1211 20 47 2 1
12774 1211 21 47 2 1
12775 1211 22 47 2 1
12776 1212 12 47 2 1
12777 1212 13 47 2 1
12778 1212 14 47 2 1
12779 1212 15 47 2 1
12780 1212 16 47 2 1
12781 1212 19 47 2 1
12782 1212 20 47 2 1
12783 1212 21 47 2 1
12784 1212 22 47 2 1
12785 1213 12 47 2 1
12786 1213 13 47 2 1
12787 1213 14 47 2 1
12788 1213 15 47 2 1
12789 1213 16 47 2 1
12790 1213 19 47 2 1
12791 1213 20 47 2 1
12792 1213 21 47 2 1
12793 1213 22 47 2 1
12794 1214 12 47 2 1
12795 1214 13 47 2 1
12796 1214 14 47 2 1
12797 1214 15 47 2 1
12798 1214 16 47 2 1
12799 1214 17 47 2 1
12800 1214 18 47 2 1
12801 1214 19 47 2 1
12802 1214 20 47 2 1
12803 1214 21 47 2 1
12804 1214 22 47 2 1
12805 1215 12 47 2 1
12806 1215 13 47 2 1
12807 1215 14 47 2 1
12808 1215 15 47 2 1
12809 1215 16 47 2 1
12810 1215 17 47 2 1
12811 1215 18 47 2 1
12812 1215 19 47 2 1
12813 1215 20 47 2 1
12814 1215 21 47 2 1
12815 1215 22 47 2 1
12816 1216 12 47 2 1
12817 1216 13 47 2 1
12818 1216 14 47 2 1
12819 1216 15 47 2 1
12820 1216 16 47 2 1
12821 1216 17 47 2 1
12822 1216 18 47 2 1
12823 1216 19 47 2 1
12824 1216 20 47 2 1
12825 1216 21 47 2 1
12826 1216 22 47 2 1
12827 1217 12 47 2 1
12828 1217 13 47 2 1
12829 1217 14 47 2 1
12830 1217 15 47 2 1
12831 1217 16 47 2 1
12832 1217 17 47 2 1
12833 1217 18 47 2 1
12834 1217 19 47 2 1
12835 1217 20 47 2 1
12836 1217 21 47 2 1
12837 1217 22 47 2 1
12838 1218 12 47 2 1
12839 1218 13 47 2 1
12840 1218 14 47 2 1
12841 1218 15 47 2 1
12842 1218 16 47 2 1
12843 1218 17 47 2 1
12844 1218 18 47 2 1
12845 1218 19 47 2 1
12846 1218 20 47 2 1
12847 1219 12 47 2 1
12848 1219 13 47 2 1
12849 1219 14 47 2 1
12850 1219 15 47 2 1
12851 1219 16 47 2 1
12852 1219 17 47 2 1
12853 1219 18 47 2 1
12854 1219 19 47 2 1
12855 1219 20 47 2 1
12856 1220 14 47 2 1
12857 1220 15 47 2 1
12858 1220 16 47 2 1
12859 1220 17 47 2 1
12860 1220 18 47 2 1
12861 1220 19 47 2 1
12862 1220 20 47 2 1
12863 1220 21 47 2 1
12864 1220 22 47 2 1
12865 1221 14 47 2 1
12866 1221 15 47 2 1
12867 1221 16 47 2 1
12868 1221 17 47 2 1
12869 1221 18 47 2 1
12870 1221 19 47 2 1
12871 1221 20 47 2 1
12872 1221 21 47 2 1
12873 1221 22 47 2 1
12874 1222 12 47 2 1
12875 1222 13 47 2 1
12876 1222 14 47 2 1
12877 1222 15 47 2 1
12878 1222 16 47 2 1
12879 1222 17 47 2 1
12880 1222 18 47 2 1
12881 1222 19 47 2 1
12882 1222 20 47 2 1
12883 1222 21 47 2 1
12884 1222 22 47 2 1
12885 1223 12 47 2 1
12886 1223 13 47 2 1
12887 1223 14 47 2 1
12888 1223 15 47 2 1
12889 1223 16 47 2 1
12890 1223 17 47 2 1
12891 1223 18 47 2 1
12892 1223 19 47 2 1
12893 1223 20 47 2 1
12894 1223 21 47 2 1
12895 1223 22 47 2 1
12896 1224 12 47 2 1
12897 1224 13 47 2 1
12898 1224 14 47 2 1
12899 1224 15 47 2 1
12900 1224 16 47 2 1
12901 1224 17 47 2 1
12902 1224 18 47 2 1
12903 1224 19 47 2 1
12904 1224 20 47 2 1
12905 1224 21 47 2 1
12906 1224 22 47 2 1
12907 1225 12 47 2 1
12908 1225 13 47 2 1
12909 1225 14 47 2 1
12910 1225 15 47 2 1
12911 1225 16 47 2 1
12912 1225 17 47 2 1
12913 1225 18 47 2 1
12914 1225 19 47 2 1
12915 1225 20 47 2 1
12916 1225 21 47 2 1
12917 1225 22 47 2 1
12918 1226 12 47 2 1
12919 1226 13 47 2 1
12920 1226 14 47 2 1
12921 1226 15 47 2 1
12922 1226 16 47 2 1
12923 1226 17 47 2 1
12924 1226 18 47 2 1
12925 1226 19 47 2 1
12926 1226 22 47 2 1
12927 1227 12 47 2 1
12928 1227 13 47 2 1
12929 1227 14 47 2 1
12930 1227 15 47 2 1
12931 1227 16 47 2 1
12932 1227 17 47 2 1
12933 1227 18 47 2 1
12934 1227 19 47 2 1
12935 1227 22 47 2 1
12936 1228 12 47 2 1
12937 1228 15 47 2 1
12938 1228 16 47 2 1
12939 1228 17 47 2 1
12940 1228 18 47 2 1
12941 1228 19 47 2 1
12942 1228 20 47 2 1
12943 1228 21 47 2 1
12944 1228 22 47 2 1
12945 1229 12 47 2 1
12946 1229 15 47 2 1
12947 1229 16 47 2 1
12948 1229 17 47 2 1
12949 1229 18 47 2 1
12950 1229 19 47 2 1
12951 1229 20 47 2 1
12952 1229 21 47 2 1
12953 1229 22 47 2 1
12954 1230 12 47 2 1
12955 1230 13 47 2 1
12956 1230 14 47 2 1
12957 1230 15 47 2 1
12958 1230 16 47 2 1
12959 1230 17 47 2 1
12960 1230 18 47 2 1
12961 1230 19 47 2 1
12962 1230 20 47 2 1
12963 1230 21 47 2 1
12964 1230 22 47 2 1
12965 1231 12 47 2 1
12966 1231 13 47 2 1
12967 1231 14 47 2 1
12968 1231 15 47 2 1
12969 1231 16 47 2 1
12970 1231 17 47 2 1
12971 1231 18 47 2 1
12972 1231 19 47 2 1
12973 1231 20 47 2 1
12974 1231 21 47 2 1
12975 1231 22 47 2 1
12976 1232 12 47 2 1
12977 1232 13 47 2 1
12978 1232 14 47 2 1
12979 1232 15 47 2 1
12980 1232 16 47 2 1
12981 1232 17 47 2 1
12982 1232 18 47 2 1
12983 1232 19 47 2 1
12984 1232 20 47 2 1
12985 1232 21 47 2 1
12986 1232 22 47 2 1
12987 1233 12 47 2 1
12988 1233 13 47 2 1
12989 1233 14 47 2 1
12990 1233 15 47 2 1
12991 1233 16 47 2 1
12992 1233 17 47 2 1
12993 1233 18 47 2 1
12994 1233 19 47 2 1
12995 1233 20 47 2 1
12996 1233 21 47 2 1
12997 1233 22 47 2 1
12998 1234 12 47 2 1
12999 1234 13 47 2 1
13000 1234 14 47 2 1
13001 1234 15 47 2 1
13002 1234 16 47 2 1
13003 1234 17 47 2 1
13004 1234 18 47 2 1
13005 1234 19 47 2 1
13006 1234 20 47 2 1
13007 1234 21 47 2 1
13008 1234 22 47 2 1
13009 1235 12 47 2 1
13010 1235 13 47 2 1
13011 1235 14 47 2 1
13012 1235 15 47 2 1
13013 1235 16 47 2 1
13014 1235 17 47 2 1
13015 1235 18 47 2 1
13016 1235 19 47 2 1
13017 1235 20 47 2 1
13018 1235 21 47 2 1
13019 1235 22 47 2 1
13020 1236 12 47 2 1
13021 1236 13 47 2 1
13022 1236 14 47 2 1
13023 1236 15 47 2 1
13024 1236 16 47 2 1
13025 1236 17 47 2 1
13026 1236 18 47 2 1
13027 1236 19 47 2 1
13028 1236 20 47 2 1
13029 1236 21 47 2 1
13030 1236 22 47 2 1
13031 1237 12 47 2 1
13032 1237 13 47 2 1
13033 1237 14 47 2 1
13034 1237 15 47 2 1
13035 1237 16 47 2 1
13036 1237 17 47 2 1
13037 1237 18 47 2 1
13038 1237 19 47 2 1
13039 1237 20 47 2 1
13040 1237 21 47 2 1
13041 1237 22 47 2 1
13042 1238 12 47 2 1
13043 1238 13 47 2 1
13044 1238 14 47 2 1
13045 1238 15 47 2 1
13046 1238 16 47 2 1
13047 1238 17 47 2 1
13048 1238 18 47 2 1
13049 1238 19 47 2 1
13050 1238 20 47 2 1
13051 1238 21 47 2 1
13052 1238 22 47 2 1
13053 1239 12 47 2 1
13054 1239 13 47 2 1
13055 1239 14 47 2 1
13056 1239 15 47 2 1
13057 1239 16 47 2 1
13058 1239 17 47 2 1
13059 1239 18 47 2 1
13060 1239 19 47 2 1
13061 1239 20 47 2 1
13062 1239 21 47 2 1
13063 1239 22 47 2 1
13064 1240 12 47 2 1
13065 1240 13 47 2 1
13066 1240 14 47 2 1
13067 1240 15 47 2 1
13068 1240 16 47 2 1
13069 1240 17 47 2 1
13070 1240 18 47 2 1
13071 1240 19 47 2 1
13072 1240 20 47 2 1
13073 1240 21 47 2 1
13074 1240 22 47 2 1
13075 1241 12 47 2 1
13076 1241 13 47 2 1
13077 1241 14 47 2 1
13078 1241 15 47 2 1
13079 1241 16 47 2 1
13080 1241 17 47 2 1
13081 1241 18 47 2 1
13082 1241 19 47 2 1
13083 1241 20 47 2 1
13084 1241 21 47 2 1
13085 1241 22 47 2 1
13086 1242 12 47 2 1
13087 1242 13 47 2 1
13088 1242 14 47 2 1
13089 1242 15 47 2 1
13090 1242 16 47 2 1
13091 1242 17 47 2 1
13092 1242 18 47 2 1
13093 1242 19 47 2 1
13094 1242 20 47 2 1
13095 1242 21 47 2 1
13096 1242 22 47 2 1
13097 1243 12 47 2 1
13098 1243 13 47 2 1
13099 1243 14 47 2 1
13100 1243 15 47 2 1
13101 1243 16 47 2 1
13102 1243 17 47 2 1
13103 1243 18 47 2 1
13104 1243 19 47 2 1
13105 1243 20 47 2 1
13106 1243 21 47 2 1
13107 1243 22 47 2 1
13108 1244 12 47 2 1
13109 1244 13 47 2 1
13110 1244 14 47 2 1
13111 1244 15 47 2 1
13112 1244 16 47 2 1
13113 1244 17 47 2 1
13114 1244 18 47 2 1
13115 1244 19 47 2 1
13116 1244 20 47 2 1
13117 1244 21 47 2 1
13118 1244 22 47 2 1
13119 1245 12 47 2 1
13120 1245 13 47 2 1
13121 1245 14 47 2 1
13122 1245 15 47 2 1
13123 1245 16 47 2 1
13124 1245 17 47 2 1
13125 1245 18 47 2 1
13126 1245 19 47 2 1
13127 1245 20 47 2 1
13128 1245 21 47 2 1
13129 1245 22 47 2 1
13130 1246 12 47 2 1
13131 1246 13 47 2 1
13132 1246 14 47 2 1
13133 1246 15 47 2 1
13134 1246 16 47 2 1
13135 1246 17 47 2 1
13136 1246 18 47 2 1
13137 1246 19 47 2 1
13138 1246 20 47 2 1
13139 1246 21 47 2 1
13140 1246 22 47 2 1
13141 1247 12 47 2 1
13142 1247 13 47 2 1
13143 1247 14 47 2 1
13144 1247 15 47 2 1
13145 1247 16 47 2 1
13146 1247 17 47 2 1
13147 1247 18 47 2 1
13148 1247 19 47 2 1
13149 1247 20 47 2 1
13150 1247 21 47 2 1
13151 1247 22 47 2 1
13152 1248 12 47 2 1
13153 1248 13 47 2 1
13154 1248 14 47 2 1
13155 1248 15 47 2 1
13156 1248 16 47 2 1
13157 1248 17 47 2 1
13158 1248 18 47 2 1
13159 1248 19 47 2 1
13160 1248 20 47 2 1
13161 1248 21 47 2 1
13162 1248 22 47 2 1
13163 1249 12 47 2 1
13164 1249 13 47 2 1
13165 1249 14 47 2 1
13166 1249 15 47 2 1
13167 1249 16 47 2 1
13168 1249 17 47 2 1
13169 1249 18 47 2 1
13170 1249 19 47 2 1
13171 1249 20 47 2 1
13172 1249 21 47 2 1
13173 1249 22 47 2 1
13174 1250 12 47 2 1
13175 1250 13 47 2 1
13176 1250 14 47 2 1
13177 1250 15 47 2 1
13178 1250 16 47 2 1
13179 1250 17 47 2 1
13180 1250 18 47 2 1
13181 1250 19 47 2 1
13182 1250 20 47 2 1
13183 1250 21 47 2 1
13184 1250 22 47 2 1
13185 1251 12 47 2 1
13186 1251 13 47 2 1
13187 1251 14 47 2 1
13188 1251 15 47 2 1
13189 1251 16 47 2 1
13190 1251 17 47 2 1
13191 1251 18 47 2 1
13192 1251 19 47 2 1
13193 1251 20 47 2 1
13194 1251 21 47 2 1
13195 1251 22 47 2 1
13196 1252 12 47 2 1
13197 1252 13 47 2 1
13198 1252 14 47 2 1
13199 1252 17 47 2 1
13200 1252 18 47 2 1
13201 1252 19 47 2 1
13202 1252 20 47 2 1
13203 1252 21 47 2 1
13204 1252 22 47 2 1
13205 1253 12 47 2 1
13206 1253 13 47 2 1
13207 1253 14 47 2 1
13208 1253 17 47 2 1
13209 1253 18 47 2 1
13210 1253 19 47 2 1
13211 1253 20 47 2 1
13212 1253 21 47 2 1
13213 1253 22 47 2 1
13214 1254 12 47 2 1
13215 1254 13 47 2 1
13216 1254 14 47 2 1
13217 1254 15 47 2 1
13218 1254 16 47 2 1
13219 1254 17 47 2 1
13220 1254 20 47 2 1
13221 1254 21 47 2 1
13222 1254 22 47 2 1
13223 1255 12 47 2 1
13224 1255 13 47 2 1
13225 1255 14 47 2 1
13226 1255 15 47 2 1
13227 1255 16 47 2 1
13228 1255 17 47 2 1
13229 1255 20 47 2 1
13230 1255 21 47 2 1
13231 1255 22 47 2 1
13232 1256 12 47 2 1
13233 1256 13 47 2 1
13234 1256 14 47 2 1
13235 1256 15 47 2 1
13236 1256 16 47 2 1
13237 1256 17 47 2 1
13238 1256 18 47 2 1
13239 1256 19 47 2 1
13240 1256 20 47 2 1
13241 1256 21 47 2 1
13242 1256 22 47 2 1
13243 1257 12 47 2 1
13244 1257 13 47 2 1
13245 1257 14 47 2 1
13246 1257 15 47 2 1
13247 1257 16 47 2 1
13248 1257 17 47 2 1
13249 1257 18 47 2 1
13250 1257 19 47 2 1
13251 1257 20 47 2 1
13252 1257 21 47 2 1
13253 1257 22 47 2 1
13254 1258 12 47 2 1
13255 1258 13 47 2 1
13256 1258 14 47 2 1
13257 1258 15 47 2 1
13258 1258 16 47 2 1
13259 1258 17 47 2 1
13260 1258 18 47 2 1
13261 1258 19 47 2 1
13262 1258 20 47 2 1
13263 1258 21 47 2 1
13264 1258 22 47 2 1
13265 1259 12 47 2 1
13266 1259 13 47 2 1
13267 1259 14 47 2 1
13268 1259 15 47 2 1
13269 1259 16 47 2 1
13270 1259 17 47 2 1
13271 1259 18 47 2 1
13272 1259 19 47 2 1
13273 1259 20 47 2 1
13274 1259 21 47 2 1
13275 1259 22 47 2 1
13276 1260 12 47 2 1
13277 1260 13 47 2 1
13278 1260 14 47 2 1
13279 1260 15 47 2 1
13280 1260 16 47 2 1
13281 1260 17 47 2 1
13282 1260 18 47 2 1
13283 1260 19 47 2 1
13284 1260 20 47 2 1
13285 1260 21 47 2 1
13286 1260 22 47 2 1
13287 1261 12 47 2 1
13288 1261 13 47 2 1
13289 1261 14 47 2 1
13290 1261 15 47 2 1
13291 1261 16 47 2 1
13292 1261 17 47 2 1
13293 1261 18 47 2 1
13294 1261 19 47 2 1
13295 1261 20 47 2 1
13296 1261 21 47 2 1
13297 1261 22 47 2 1
13298 1262 12 47 2 1
13299 1262 13 47 2 1
13300 1262 14 47 2 1
13301 1262 15 47 2 1
13302 1262 16 47 2 1
13303 1262 17 47 2 1
13304 1262 18 47 2 1
13305 1262 19 47 2 1
13306 1262 20 47 2 1
13307 1262 21 47 2 1
13308 1262 22 47 2 1
13309 1263 12 47 2 1
13310 1263 13 47 2 1
13311 1263 14 47 2 1
13312 1263 15 47 2 1
13313 1263 16 47 2 1
13314 1263 17 47 2 1
13315 1263 18 47 2 1
13316 1263 19 47 2 1
13317 1263 20 47 2 1
13318 1263 21 47 2 1
13319 1263 22 47 2 1
13320 1264 12 47 2 1
13321 1264 13 47 2 1
13322 1264 14 47 2 1
13323 1264 15 47 2 1
13324 1264 16 47 2 1
13325 1264 17 47 2 1
13326 1264 18 47 2 1
13327 1264 19 47 2 1
13328 1264 20 47 2 1
13329 1264 21 47 2 1
13330 1264 22 47 2 1
13331 1265 12 47 2 1
13332 1265 13 47 2 1
13333 1265 14 47 2 1
13334 1265 15 47 2 1
13335 1265 16 47 2 1
13336 1265 17 47 2 1
13337 1265 18 47 2 1
13338 1265 19 47 2 1
13339 1265 20 47 2 1
13340 1265 21 47 2 1
13341 1265 22 47 2 1
13342 1266 12 47 2 1
13343 1266 13 47 2 1
13344 1266 14 47 2 1
13345 1266 15 47 2 1
13346 1266 16 47 2 1
13347 1266 17 47 2 1
13348 1266 18 47 2 1
13349 1266 19 47 2 1
13350 1266 20 47 2 1
13351 1266 21 47 2 1
13352 1266 22 47 2 1
13353 1267 12 47 2 1
13354 1267 13 47 2 1
13355 1267 14 47 2 1
13356 1267 15 47 2 1
13357 1267 16 47 2 1
13358 1267 17 47 2 1
13359 1267 18 47 2 1
13360 1267 19 47 2 1
13361 1267 20 47 2 1
13362 1267 21 47 2 1
13363 1267 22 47 2 1
13364 1268 12 47 2 1
13365 1268 13 47 2 1
13366 1268 14 47 2 1
13367 1268 15 47 2 1
13368 1268 16 47 2 1
13369 1268 17 47 2 1
13370 1268 18 47 2 1
13371 1268 19 47 2 1
13372 1268 20 47 2 1
13373 1268 21 47 2 1
13374 1268 22 47 2 1
13375 1269 12 47 2 1
13376 1269 13 47 2 1
13377 1269 14 47 2 1
13378 1269 15 47 2 1
13379 1269 16 47 2 1
13380 1269 17 47 2 1
13381 1269 18 47 2 1
13382 1269 19 47 2 1
13383 1269 20 47 2 1
13384 1269 21 47 2 1
13385 1269 22 47 2 1
13386 1270 12 47 2 1
13387 1270 13 47 2 1
13388 1270 14 47 2 1
13389 1270 15 47 2 1
13390 1270 16 47 2 1
13391 1270 17 47 2 1
13392 1270 18 47 2 1
13393 1270 19 47 2 1
13394 1270 20 47 2 1
13395 1270 21 47 2 1
13396 1270 22 47 2 1
13397 1271 12 47 2 1
13398 1271 13 47 2 1
13399 1271 14 47 2 1
13400 1271 15 47 2 1
13401 1271 16 47 2 1
13402 1271 17 47 2 1
13403 1271 18 47 2 1
13404 1271 19 47 2 1
13405 1271 20 47 2 1
13406 1271 21 47 2 1
13407 1271 22 47 2 1
13408 1272 12 47 2 1
13409 1272 13 47 2 1
13410 1272 14 47 2 1
13411 1272 15 47 2 1
13412 1272 16 47 2 1
13413 1272 17 47 2 1
13414 1272 18 47 2 1
13415 1272 19 47 2 1
13416 1272 20 47 2 1
13417 1272 21 47 2 1
13418 1272 22 47 2 1
13419 1273 12 47 2 1
13420 1273 13 47 2 1
13421 1273 14 47 2 1
13422 1273 15 47 2 1
13423 1273 16 47 2 1
13424 1273 17 47 2 1
13425 1273 18 47 2 1
13426 1273 19 47 2 1
13427 1273 20 47 2 1
13428 1273 21 47 2 1
13429 1273 22 47 2 1
13430 1274 12 47 2 1
13431 1274 13 47 2 1
13432 1274 14 47 2 1
13433 1274 15 47 2 1
13434 1274 16 47 2 1
13435 1274 17 47 2 1
13436 1274 18 47 2 1
13437 1274 19 47 2 1
13438 1274 20 47 2 1
13439 1274 21 47 2 1
13440 1274 22 47 2 1
13441 1275 12 47 2 1
13442 1275 13 47 2 1
13443 1275 14 47 2 1
13444 1275 15 47 2 1
13445 1275 16 47 2 1
13446 1275 17 47 2 1
13447 1275 18 47 2 1
13448 1275 19 47 2 1
13449 1275 20 47 2 1
13450 1275 21 47 2 1
13451 1275 22 47 2 1
13452 1276 12 47 2 1
13453 1276 13 47 2 1
13454 1276 14 47 2 1
13455 1276 15 47 2 1
13456 1276 16 47 2 1
13457 1276 17 47 2 1
13458 1276 18 47 2 1
13459 1276 19 47 2 1
13460 1276 20 47 2 1
13461 1276 21 47 2 1
13462 1276 22 47 2 1
13463 1277 12 47 2 1
13464 1277 13 47 2 1
13465 1277 14 47 2 1
13466 1277 15 47 2 1
13467 1277 16 47 2 1
13468 1277 17 47 2 1
13469 1277 18 47 2 1
13470 1277 19 47 2 1
13471 1277 20 47 2 1
13472 1277 21 47 2 1
13473 1277 22 47 2 1
13474 1278 12 47 2 1
13475 1278 13 47 2 1
13476 1278 14 47 2 1
13477 1278 15 47 2 1
13478 1278 16 47 2 1
13479 1278 17 47 2 1
13480 1278 18 47 2 1
13481 1278 19 47 2 1
13482 1278 20 47 2 1
13483 1278 21 47 2 1
13484 1278 22 47 2 1
13485 1279 12 47 2 1
13486 1279 13 47 2 1
13487 1279 14 47 2 1
13488 1279 15 47 2 1
13489 1279 16 47 2 1
13490 1279 17 47 2 1
13491 1279 18 47 2 1
13492 1279 19 47 2 1
13493 1279 20 47 2 1
13494 1279 21 47 2 1
13495 1279 22 47 2 1
13496 1280 12 47 2 1
13497 1280 13 47 2 1
13498 1280 14 47 2 1
13499 1280 15 47 2 1
13500 1280 16 47 2 1
13501 1280 17 47 2 1
13502 1280 20 47 2 1
13503 1280 21 47 2 1
13504 1280 22 47 2 1
13505 1281 12 47 2 1
13506 1281 13 47 2 1
13507 1281 14 47 2 1
13508 1281 15 47 2 1
13509 1281 16 47 2 1
13510 1281 17 47 2 1
13511 1281 20 47 2 1
13512 1281 21 47 2 1
13513 1281 22 47 2 1
13514 1282 12 47 2 1
13515 1282 13 47 2 1
13516 1282 14 47 2 1
13517 1282 17 47 2 1
13518 1282 18 47 2 1
13519 1282 19 47 2 1
13520 1282 20 47 2 1
13521 1282 21 47 2 1
13522 1282 22 47 2 1
13523 1283 12 47 2 1
13524 1283 13 47 2 1
13525 1283 14 47 2 1
13526 1283 17 47 2 1
13527 1283 18 47 2 1
13528 1283 19 47 2 1
13529 1283 20 47 2 1
13530 1283 21 47 2 1
13531 1283 22 47 2 1
13532 1284 12 47 2 1
13533 1284 13 47 2 1
13534 1284 14 47 2 1
13535 1284 15 47 2 1
13536 1284 18 47 2 1
13537 1284 19 47 2 1
13538 1284 20 47 2 1
13539 1284 21 47 2 1
13540 1284 22 47 2 1
13541 1285 12 47 2 1
13542 1285 13 47 2 1
13543 1285 14 47 2 1
13544 1285 15 47 2 1
13545 1285 18 47 2 1
13546 1285 19 47 2 1
13547 1285 20 47 2 1
13548 1285 21 47 2 1
13549 1285 22 47 2 1
13550 1286 12 47 2 1
13551 1286 13 47 2 1
13552 1286 14 47 2 1
13553 1286 15 47 2 1
13554 1286 16 47 2 1
13555 1286 19 47 2 1
13556 1286 20 47 2 1
13557 1286 21 47 2 1
13558 1286 22 47 2 1
13559 1287 12 47 2 1
13560 1287 13 47 2 1
13561 1287 14 47 2 1
13562 1287 15 47 2 1
13563 1287 16 47 2 1
13564 1287 19 47 2 1
13565 1287 20 47 2 1
13566 1287 21 47 2 1
13567 1287 22 47 2 1
13568 1288 12 47 2 1
13569 1288 13 47 2 1
13570 1288 14 47 2 1
13571 1288 15 47 2 1
13572 1288 16 47 2 1
13573 1288 17 47 2 1
13574 1288 18 47 2 1
13575 1288 19 47 2 1
13576 1288 20 47 2 1
13577 1288 21 47 2 1
13578 1288 22 47 2 1
13579 1289 12 47 2 1
13580 1289 13 47 2 1
13581 1289 14 47 2 1
13582 1289 15 47 2 1
13583 1289 16 47 2 1
13584 1289 17 47 2 1
13585 1289 18 47 2 1
13586 1289 19 47 2 1
13587 1289 20 47 2 1
13588 1289 21 47 2 1
13589 1289 22 47 2 1
13590 1290 12 47 2 1
13591 1290 13 47 2 1
13592 1290 14 47 2 1
13593 1290 15 47 2 1
13594 1290 16 47 2 1
13595 1290 17 47 2 1
13596 1290 18 47 2 1
13597 1290 19 47 2 1
13598 1290 20 47 2 1
13599 1290 21 47 2 1
13600 1290 22 47 2 1
13601 1291 12 47 2 1
13602 1291 13 47 2 1
13603 1291 14 47 2 1
13604 1291 15 47 2 1
13605 1291 16 47 2 1
13606 1291 17 47 2 1
13607 1291 18 47 2 1
13608 1291 19 47 2 1
13609 1291 20 47 2 1
13610 1291 21 47 2 1
13611 1291 22 47 2 1
13612 1292 12 47 2 1
13613 1292 13 47 2 1
13614 1292 14 47 2 1
13615 1292 15 47 2 1
13616 1292 16 47 2 1
13617 1292 17 47 2 1
13618 1292 18 47 2 1
13619 1292 19 47 2 1
13620 1292 20 47 2 1
13621 1292 21 47 2 1
13622 1292 22 47 2 1
13623 1293 12 47 2 1
13624 1293 13 47 2 1
13625 1293 14 47 2 1
13626 1293 15 47 2 1
13627 1293 16 47 2 1
13628 1293 17 47 2 1
13629 1293 18 47 2 1
13630 1293 19 47 2 1
13631 1293 20 47 2 1
13632 1293 21 47 2 1
13633 1293 22 47 2 1
13634 1294 12 47 2 1
13635 1294 13 47 2 1
13636 1294 14 47 2 1
13637 1294 15 47 2 1
13638 1294 16 47 2 1
13639 1294 17 47 2 1
13640 1294 18 47 2 1
13641 1294 19 47 2 1
13642 1294 20 47 2 1
13643 1294 21 47 2 1
13644 1294 22 47 2 1
13645 1295 12 47 2 1
13646 1295 13 47 2 1
13647 1295 14 47 2 1
13648 1295 15 47 2 1
13649 1295 16 47 2 1
13650 1295 17 47 2 1
13651 1295 18 47 2 1
13652 1295 19 47 2 1
13653 1295 20 47 2 1
13654 1295 21 47 2 1
13655 1295 22 47 2 1
13656 1296 12 47 2 1
13657 1296 13 47 2 1
13658 1296 14 47 2 1
13659 1296 15 47 2 1
13660 1296 16 47 2 1
13661 1296 17 47 2 1
13662 1296 18 47 2 1
13663 1296 19 47 2 1
13664 1296 20 47 2 1
13665 1296 21 47 2 1
13666 1296 22 47 2 1
13667 1297 12 47 2 1
13668 1297 13 47 2 1
13669 1297 14 47 2 1
13670 1297 15 47 2 1
13671 1297 16 47 2 1
13672 1297 17 47 2 1
13673 1297 18 47 2 1
13674 1297 19 47 2 1
13675 1297 20 47 2 1
13676 1297 21 47 2 1
13677 1297 22 47 2 1
13678 1298 12 47 2 1
13679 1298 13 47 2 1
13680 1298 14 47 2 1
13681 1298 15 47 2 1
13682 1298 16 47 2 1
13683 1298 17 47 2 1
13684 1298 18 47 2 1
13685 1298 19 47 2 1
13686 1298 20 47 2 1
13687 1298 21 47 2 1
13688 1298 22 47 2 1
13689 1299 12 47 2 1
13690 1299 13 47 2 1
13691 1299 14 47 2 1
13692 1299 15 47 2 1
13693 1299 16 47 2 1
13694 1299 17 47 2 1
13695 1299 18 47 2 1
13696 1299 19 47 2 1
13697 1299 20 47 2 1
13698 1299 21 47 2 1
13699 1299 22 47 2 1
13700 1300 12 47 2 1
13701 1300 13 47 2 1
13702 1300 14 47 2 1
13703 1300 15 47 2 1
13704 1300 16 47 2 1
13705 1300 19 47 2 1
13706 1300 20 47 2 1
13707 1300 21 47 2 1
13708 1300 22 47 2 1
13709 1301 12 47 2 1
13710 1301 13 47 2 1
13711 1301 14 47 2 1
13712 1301 15 47 2 1
13713 1301 16 47 2 1
13714 1301 19 47 2 1
13715 1301 20 47 2 1
13716 1301 21 47 2 1
13717 1301 22 47 2 1
13718 1302 12 47 2 1
13719 1302 13 47 2 1
13720 1302 14 47 2 1
13721 1302 15 47 2 1
13722 1302 18 47 2 1
13723 1302 19 47 2 1
13724 1302 20 47 2 1
13725 1302 21 47 2 1
13726 1302 22 47 2 1
13727 1303 12 47 2 1
13728 1303 13 47 2 1
13729 1303 14 47 2 1
13730 1303 15 47 2 1
13731 1303 18 47 2 1
13732 1303 19 47 2 1
13733 1303 20 47 2 1
13734 1303 21 47 2 1
13735 1303 22 47 2 1
13736 1304 12 47 2 1
13737 1304 13 47 2 1
13738 1304 14 47 2 1
13739 1304 15 47 2 1
13740 1304 16 47 2 1
13741 1304 17 47 2 1
13742 1304 18 47 2 1
13743 1304 19 47 2 1
13744 1304 20 47 2 1
13745 1304 21 47 2 1
13746 1304 22 47 2 1
13747 1305 12 47 2 1
13748 1305 13 47 2 1
13749 1305 14 47 2 1
13750 1305 15 47 2 1
13751 1305 16 47 2 1
13752 1305 17 47 2 1
13753 1305 18 47 2 1
13754 1305 19 47 2 1
13755 1305 20 47 2 1
13756 1305 21 47 2 1
13757 1305 22 47 2 1
13758 1306 12 47 2 1
13759 1306 13 47 2 1
13760 1306 14 47 2 1
13761 1306 15 47 2 1
13762 1306 16 47 2 1
13763 1306 17 47 2 1
13764 1306 18 47 2 1
13765 1306 19 47 2 1
13766 1306 20 47 2 1
13767 1306 21 47 2 1
13768 1306 22 47 2 1
13769 1307 12 47 2 1
13770 1307 13 47 2 1
13771 1307 14 47 2 1
13772 1307 15 47 2 1
13773 1307 16 47 2 1
13774 1307 17 47 2 1
13775 1307 18 47 2 1
13776 1307 19 47 2 1
13777 1307 20 47 2 1
13778 1307 21 47 2 1
13779 1307 22 47 2 1
13780 1308 12 47 2 1
13781 1308 13 47 2 1
13782 1308 14 47 2 1
13783 1308 15 47 2 1
13784 1308 16 47 2 1
13785 1308 17 47 2 1
13786 1308 20 47 2 1
13787 1308 21 47 2 1
13788 1308 22 47 2 1
13789 1309 12 47 2 1
13790 1309 13 47 2 1
13791 1309 14 47 2 1
13792 1309 15 47 2 1
13793 1309 16 47 2 1
13794 1309 17 47 2 1
13795 1309 20 47 2 1
13796 1309 21 47 2 1
13797 1309 22 47 2 1
13798 1310 12 47 2 1
13799 1310 13 47 2 1
13800 1310 14 47 2 1
13801 1310 17 47 2 1
13802 1310 18 47 2 1
13803 1310 19 47 2 1
13804 1310 20 47 2 1
13805 1310 21 47 2 1
13806 1310 22 47 2 1
13807 1311 12 47 2 1
13808 1311 13 47 2 1
13809 1311 14 47 2 1
13810 1311 17 47 2 1
13811 1311 18 47 2 1
13812 1311 19 47 2 1
13813 1311 20 47 2 1
13814 1311 21 47 2 1
13815 1311 22 47 2 1
13816 1312 12 47 2 1
13817 1312 13 47 2 1
13818 1312 14 47 2 1
13819 1312 15 47 2 1
13820 1312 16 47 2 1
13821 1312 17 47 2 1
13822 1312 18 47 2 1
13823 1312 19 47 2 1
13824 1312 20 47 2 1
13825 1312 21 47 2 1
13826 1312 22 47 2 1
13827 1313 12 47 2 1
13828 1313 13 47 2 1
13829 1313 14 47 2 1
13830 1313 15 47 2 1
13831 1313 16 47 2 1
13832 1313 17 47 2 1
13833 1313 18 47 2 1
13834 1313 19 47 2 1
13835 1313 20 47 2 1
13836 1313 21 47 2 1
13837 1313 22 47 2 1
13838 1314 12 47 2 1
13839 1314 13 47 2 1
13840 1314 14 47 2 1
13841 1314 15 47 2 1
13842 1314 16 47 2 1
13843 1314 17 47 2 1
13844 1314 18 47 2 1
13845 1314 19 47 2 1
13846 1314 20 47 2 1
13847 1314 21 47 2 1
13848 1314 22 47 2 1
13849 1315 12 47 2 1
13850 1315 13 47 2 1
13851 1315 14 47 2 1
13852 1315 15 47 2 1
13853 1315 16 47 2 1
13854 1315 17 47 2 1
13855 1315 18 47 2 1
13856 1315 19 47 2 1
13857 1315 20 47 2 1
13858 1315 21 47 2 1
13859 1315 22 47 2 1
13860 1316 12 47 2 1
13861 1316 13 47 2 1
13862 1316 14 47 2 1
13863 1316 15 47 2 1
13864 1316 16 47 2 1
13865 1316 17 47 2 1
13866 1316 18 47 2 1
13867 1316 19 47 2 1
13868 1316 20 47 2 1
13869 1316 21 47 2 1
13870 1316 22 47 2 1
13871 1317 12 47 2 1
13872 1317 13 47 2 1
13873 1317 14 47 2 1
13874 1317 15 47 2 1
13875 1317 16 47 2 1
13876 1317 17 47 2 1
13877 1317 18 47 2 1
13878 1317 19 47 2 1
13879 1317 20 47 2 1
13880 1317 21 47 2 1
13881 1317 22 47 2 1
13882 1318 12 47 2 1
13883 1318 13 47 2 1
13884 1318 14 47 2 1
13885 1318 15 47 2 1
13886 1318 16 47 2 1
13887 1318 17 47 2 1
13888 1318 18 47 2 1
13889 1318 19 47 2 1
13890 1318 20 47 2 1
13891 1318 21 47 2 1
13892 1318 22 47 2 1
13893 1319 12 47 2 1
13894 1319 13 47 2 1
13895 1319 14 47 2 1
13896 1319 15 47 2 1
13897 1319 16 47 2 1
13898 1319 17 47 2 1
13899 1319 18 47 2 1
13900 1319 19 47 2 1
13901 1319 20 47 2 1
13902 1319 21 47 2 1
13903 1319 22 47 2 1
13904 1320 12 47 2 1
13905 1320 13 47 2 1
13906 1320 14 47 2 1
13907 1320 15 47 2 1
13908 1320 16 47 2 1
13909 1320 17 47 2 1
13910 1320 18 47 2 1
13911 1320 19 47 2 1
13912 1320 20 47 2 1
13913 1320 21 47 2 1
13914 1320 22 47 2 1
13915 1321 12 47 2 1
13916 1321 13 47 2 1
13917 1321 14 47 2 1
13918 1321 15 47 2 1
13919 1321 16 47 2 1
13920 1321 17 47 2 1
13921 1321 18 47 2 1
13922 1321 19 47 2 1
13923 1321 20 47 2 1
13924 1321 21 47 2 1
13925 1321 22 47 2 1
13926 1322 12 47 2 1
13927 1322 13 47 2 1
13928 1322 14 47 2 1
13929 1322 15 47 2 1
13930 1322 16 47 2 1
13931 1322 17 47 2 1
13932 1322 18 47 2 1
13933 1322 19 47 2 1
13934 1322 20 47 2 1
13935 1322 21 47 2 1
13936 1322 22 47 2 1
13937 1323 12 47 2 1
13938 1323 13 47 2 1
13939 1323 14 47 2 1
13940 1323 15 47 2 1
13941 1323 16 47 2 1
13942 1323 17 47 2 1
13943 1323 18 47 2 1
13944 1323 19 47 2 1
13945 1323 20 47 2 1
13946 1323 21 47 2 1
13947 1323 22 47 2 1
13948 1324 12 47 2 1
13949 1324 13 47 2 1
13950 1324 14 47 2 1
13951 1324 15 47 2 1
13952 1324 16 47 2 1
13953 1324 17 47 2 1
13954 1324 18 47 2 1
13955 1324 19 47 2 1
13956 1324 20 47 2 1
13957 1325 12 47 2 1
13958 1325 13 47 2 1
13959 1325 14 47 2 1
13960 1325 15 47 2 1
13961 1325 16 47 2 1
13962 1325 17 47 2 1
13963 1325 18 47 2 1
13964 1325 19 47 2 1
13965 1325 20 47 2 1
13966 1326 14 47 2 1
13967 1326 15 47 2 1
13968 1326 16 47 2 1
13969 1326 17 47 2 1
13970 1326 18 47 2 1
13971 1326 19 47 2 1
13972 1326 20 47 2 1
13973 1326 21 47 2 1
13974 1326 22 47 2 1
13975 1327 14 47 2 1
13976 1327 15 47 2 1
13977 1327 16 47 2 1
13978 1327 17 47 2 1
13979 1327 18 47 2 1
13980 1327 19 47 2 1
13981 1327 20 47 2 1
13982 1327 21 47 2 1
13983 1327 22 47 2 1
13984 1328 12 47 2 1
13985 1328 13 47 2 1
13986 1328 14 47 2 1
13987 1328 15 47 2 1
13988 1328 16 47 2 1
13989 1328 17 47 2 1
13990 1328 18 47 2 1
13991 1328 19 47 2 1
13992 1328 20 47 2 1
13993 1328 21 47 2 1
13994 1328 22 47 2 1
13995 1329 12 47 2 1
13996 1329 13 47 2 1
13997 1329 14 47 2 1
13998 1329 15 47 2 1
13999 1329 16 47 2 1
14000 1329 17 47 2 1
14001 1329 18 47 2 1
14002 1329 19 47 2 1
14003 1329 20 47 2 1
14004 1329 21 47 2 1
14005 1329 22 47 2 1
14006 1330 12 47 2 1
14007 1330 13 47 2 1
14008 1330 14 47 2 1
14009 1330 15 47 2 1
14010 1330 16 47 2 1
14011 1330 17 47 2 1
14012 1330 18 47 2 1
14013 1330 19 47 2 1
14014 1330 20 47 2 1
14015 1330 21 47 2 1
14016 1330 22 47 2 1
14017 1331 12 47 2 1
14018 1331 13 47 2 1
14019 1331 14 47 2 1
14020 1331 15 47 2 1
14021 1331 16 47 2 1
14022 1331 17 47 2 1
14023 1331 18 47 2 1
14024 1331 19 47 2 1
14025 1331 20 47 2 1
14026 1331 21 47 2 1
14027 1331 22 47 2 1
14028 1332 12 47 2 1
14029 1332 13 47 2 1
14030 1332 14 47 2 1
14031 1332 15 47 2 1
14032 1332 16 47 2 1
14033 1332 17 47 2 1
14034 1332 18 47 2 1
14035 1332 19 47 2 1
14036 1332 20 47 2 1
14037 1332 21 47 2 1
14038 1332 22 47 2 1
14039 1333 12 47 2 1
14040 1333 13 47 2 1
14041 1333 14 47 2 1
14042 1333 15 47 2 1
14043 1333 16 47 2 1
14044 1333 17 47 2 1
14045 1333 18 47 2 1
14046 1333 19 47 2 1
14047 1333 20 47 2 1
14048 1333 21 47 2 1
14049 1333 22 47 2 1
14050 1334 12 47 2 1
14051 1334 13 47 2 1
14052 1334 14 47 2 1
14053 1334 15 47 2 1
14054 1334 16 47 2 1
14055 1334 17 47 2 1
14056 1334 18 47 2 1
14057 1334 19 47 2 1
14058 1334 20 47 2 1
14059 1334 21 47 2 1
14060 1334 22 47 2 1
14061 1335 12 47 2 1
14062 1335 13 47 2 1
14063 1335 14 47 2 1
14064 1335 15 47 2 1
14065 1335 16 47 2 1
14066 1335 17 47 2 1
14067 1335 18 47 2 1
14068 1335 19 47 2 1
14069 1335 20 47 2 1
14070 1335 21 47 2 1
14071 1335 22 47 2 1
14072 1336 12 47 2 1
14073 1336 13 47 2 1
14074 1336 14 47 2 1
14075 1336 15 47 2 1
14076 1336 16 47 2 1
14077 1336 17 47 2 1
14078 1336 18 47 2 1
14079 1336 19 47 2 1
14080 1336 20 47 2 1
14081 1336 21 47 2 1
14082 1336 22 47 2 1
14083 1337 12 47 2 1
14084 1337 13 47 2 1
14085 1337 14 47 2 1
14086 1337 15 47 2 1
14087 1337 16 47 2 1
14088 1337 17 47 2 1
14089 1337 18 47 2 1
14090 1337 19 47 2 1
14091 1337 20 47 2 1
14092 1337 21 47 2 1
14093 1337 22 47 2 1
14094 1338 12 47 2 1
14095 1338 13 47 2 1
14096 1338 14 47 2 1
14097 1338 15 47 2 1
14098 1338 16 47 2 1
14099 1338 17 47 2 1
14100 1338 18 47 2 1
14101 1338 19 47 2 1
14102 1338 20 47 2 1
14103 1338 21 47 2 1
14104 1338 22 47 2 1
14105 1339 12 47 2 1
14106 1339 13 47 2 1
14107 1339 14 47 2 1
14108 1339 15 47 2 1
14109 1339 16 47 2 1
14110 1339 17 47 2 1
14111 1339 18 47 2 1
14112 1339 19 47 2 1
14113 1339 20 47 2 1
14114 1339 21 47 2 1
14115 1339 22 47 2 1
14116 1340 12 47 2 1
14117 1340 13 47 2 1
14118 1340 14 47 2 1
14119 1340 15 47 2 1
14120 1340 16 47 2 1
14121 1340 17 47 2 1
14122 1340 18 47 2 1
14123 1340 19 47 2 1
14124 1340 20 47 2 1
14125 1340 21 47 2 1
14126 1340 22 47 2 1
14127 1341 12 47 2 1
14128 1341 13 47 2 1
14129 1341 14 47 2 1
14130 1341 15 47 2 1
14131 1341 16 47 2 1
14132 1341 17 47 2 1
14133 1341 18 47 2 1
14134 1341 19 47 2 1
14135 1341 20 47 2 1
14136 1341 21 47 2 1
14137 1341 22 47 2 1
14138 1342 12 47 2 1
14139 1342 13 47 2 1
14140 1342 14 47 2 1
14141 1342 15 47 2 1
14142 1342 16 47 2 1
14143 1342 17 47 2 1
14144 1342 18 47 2 1
14145 1342 19 47 2 1
14146 1342 20 47 2 1
14147 1342 21 47 2 1
14148 1342 22 47 2 1
14149 1343 12 47 2 1
14150 1343 13 47 2 1
14151 1343 14 47 2 1
14152 1343 15 47 2 1
14153 1343 16 47 2 1
14154 1343 17 47 2 1
14155 1343 18 47 2 1
14156 1343 19 47 2 1
14157 1343 20 47 2 1
14158 1343 21 47 2 1
14159 1343 22 47 2 1
14160 1344 12 47 2 1
14161 1344 13 47 2 1
14162 1344 14 47 2 1
14163 1344 15 47 2 1
14164 1344 16 47 2 1
14165 1344 17 47 2 1
14166 1344 18 47 2 1
14167 1344 19 47 2 1
14168 1344 20 47 2 1
14169 1344 21 47 2 1
14170 1344 22 47 2 1
14171 1345 12 47 2 1
14172 1345 13 47 2 1
14173 1345 14 47 2 1
14174 1345 15 47 2 1
14175 1345 16 47 2 1
14176 1345 17 47 2 1
14177 1345 18 47 2 1
14178 1345 19 47 2 1
14179 1345 20 47 2 1
14180 1345 21 47 2 1
14181 1345 22 47 2 1
14182 1346 12 47 2 1
14183 1346 13 47 2 1
14184 1346 14 47 2 1
14185 1346 15 47 2 1
14186 1346 16 47 2 1
14187 1346 17 47 2 1
14188 1346 18 47 2 1
14189 1346 19 47 2 1
14190 1346 20 47 2 1
14191 1346 21 47 2 1
14192 1346 22 47 2 1
14193 1347 12 47 2 1
14194 1347 13 47 2 1
14195 1347 14 47 2 1
14196 1347 15 47 2 1
14197 1347 16 47 2 1
14198 1347 17 47 2 1
14199 1347 18 47 2 1
14200 1347 19 47 2 1
14201 1347 20 47 2 1
14202 1347 21 47 2 1
14203 1347 22 47 2 1
14204 1348 12 47 2 1
14205 1348 13 47 2 1
14206 1348 14 47 2 1
14207 1348 15 47 2 1
14208 1348 16 47 2 1
14209 1348 17 47 2 1
14210 1348 18 47 2 1
14211 1348 19 47 2 1
14212 1348 20 47 2 1
14213 1348 21 47 2 1
14214 1348 22 47 2 1
14215 1349 12 47 2 1
14216 1349 13 47 2 1
14217 1349 14 47 2 1
14218 1349 15 47 2 1
14219 1349 16 47 2 1
14220 1349 17 47 2 1
14221 1349 18 47 2 1
14222 1349 19 47 2 1
14223 1349 20 47 2 1
14224 1349 21 47 2 1
14225 1349 22 47 2 1
14226 1350 12 47 2 1
14227 1350 13 47 2 1
14228 1350 14 47 2 1
14229 1350 15 47 2 1
14230 1350 16 47 2 1
14231 1350 17 47 2 1
14232 1350 18 47 2 1
14233 1350 19 47 2 1
14234 1350 20 47 2 1
14235 1350 21 47 2 1
14236 1350 22 47 2 1
14237 1351 12 47 2 1
14238 1351 13 47 2 1
14239 1351 14 47 2 1
14240 1351 15 47 2 1
14241 1351 16 47 2 1
14242 1351 17 47 2 1
14243 1351 18 47 2 1
14244 1351 19 47 2 1
14245 1351 20 47 2 1
14246 1351 21 47 2 1
14247 1351 22 47 2 1
14248 1352 12 47 2 1
14249 1352 13 47 2 1
14250 1352 14 47 2 1
14251 1352 15 47 2 1
14252 1352 16 47 2 1
14253 1352 17 47 2 1
14254 1352 18 47 2 1
14255 1352 19 47 2 1
14256 1352 20 47 2 1
14257 1352 21 47 2 1
14258 1352 22 47 2 1
14259 1353 12 47 2 1
14260 1353 13 47 2 1
14261 1353 14 47 2 1
14262 1353 15 47 2 1
14263 1353 16 47 2 1
14264 1353 17 47 2 1
14265 1353 18 47 2 1
14266 1353 19 47 2 1
14267 1353 20 47 2 1
14268 1353 21 47 2 1
14269 1353 22 47 2 1
14270 1354 12 47 2 1
14271 1354 13 47 2 1
14272 1354 14 47 2 1
14273 1354 15 47 2 1
14274 1354 16 47 2 1
14275 1354 17 47 2 1
14276 1354 18 47 2 1
14277 1354 19 47 2 1
14278 1354 20 47 2 1
14279 1354 21 47 2 1
14280 1354 22 47 2 1
14281 1355 12 47 2 1
14282 1355 13 47 2 1
14283 1355 14 47 2 1
14284 1355 15 47 2 1
14285 1355 16 47 2 1
14286 1355 17 47 2 1
14287 1355 18 47 2 1
14288 1355 19 47 2 1
14289 1355 20 47 2 1
14290 1355 21 47 2 1
14291 1355 22 47 2 1
14292 1356 12 47 2 1
14293 1356 13 47 2 1
14294 1356 14 47 2 1
14295 1356 15 47 2 1
14296 1356 16 47 2 1
14297 1356 19 47 2 1
14298 1356 20 47 2 1
14299 1356 21 47 2 1
14300 1356 22 47 2 1
14301 1357 12 47 2 1
14302 1357 13 47 2 1
14303 1357 14 47 2 1
14304 1357 15 47 2 1
14305 1357 16 47 2 1
14306 1357 19 47 2 1
14307 1357 20 47 2 1
14308 1357 21 47 2 1
14309 1357 22 47 2 1
14310 1358 12 47 2 1
14311 1358 13 47 2 1
14312 1358 14 47 2 1
14313 1358 15 47 2 1
14314 1358 18 47 2 1
14315 1358 19 47 2 1
14316 1358 20 47 2 1
14317 1358 21 47 2 1
14318 1358 22 47 2 1
14319 1359 12 47 2 1
14320 1359 13 47 2 1
14321 1359 14 47 2 1
14322 1359 15 47 2 1
14323 1359 18 47 2 1
14324 1359 19 47 2 1
14325 1359 20 47 2 1
14326 1359 21 47 2 1
14327 1359 22 47 2 1
14328 1360 12 47 2 1
14329 1360 13 47 2 1
14330 1360 14 47 2 1
14331 1360 15 47 2 1
14332 1360 16 47 2 1
14333 1360 17 47 2 1
14334 1360 18 47 2 1
14335 1360 19 47 2 1
14336 1360 20 47 2 1
14337 1360 21 47 2 1
14338 1360 22 47 2 1
14339 1361 12 47 2 1
14340 1361 13 47 2 1
14341 1361 14 47 2 1
14342 1361 15 47 2 1
14343 1361 16 47 2 1
14344 1361 17 47 2 1
14345 1361 18 47 2 1
14346 1361 19 47 2 1
14347 1361 20 47 2 1
14348 1361 21 47 2 1
14349 1361 22 47 2 1
14350 1362 12 47 2 1
14351 1362 13 47 2 1
14352 1362 14 47 2 1
14353 1362 15 47 2 1
14354 1362 16 47 2 1
14355 1362 17 47 2 1
14356 1362 18 47 2 1
14357 1362 19 47 2 1
14358 1362 20 47 2 1
14359 1362 21 47 2 1
14360 1362 22 47 2 1
14361 1363 12 47 2 1
14362 1363 13 47 2 1
14363 1363 14 47 2 1
14364 1363 15 47 2 1
14365 1363 16 47 2 1
14366 1363 17 47 2 1
14367 1363 18 47 2 1
14368 1363 19 47 2 1
14369 1363 20 47 2 1
14370 1363 21 47 2 1
14371 1363 22 47 2 1
14372 1364 12 47 2 1
14373 1364 13 47 2 1
14374 1364 14 47 2 1
14375 1364 15 47 2 1
14376 1364 16 47 2 1
14377 1364 17 47 2 1
14378 1364 18 47 2 1
14379 1364 21 47 2 1
14380 1364 22 47 2 1
14381 1365 12 47 2 1
14382 1365 13 47 2 1
14383 1365 14 47 2 1
14384 1365 15 47 2 1
14385 1365 16 47 2 1
14386 1365 17 47 2 1
14387 1365 18 47 2 1
14388 1365 21 47 2 1
14389 1365 22 47 2 1
14390 1366 12 47 2 1
14391 1366 13 47 2 1
14392 1366 16 47 2 1
14393 1366 17 47 2 1
14394 1366 18 47 2 1
14395 1366 19 47 2 1
14396 1366 20 47 2 1
14397 1366 21 47 2 1
14398 1366 22 47 2 1
14399 1367 12 47 2 1
14400 1367 13 47 2 1
14401 1367 16 47 2 1
14402 1367 17 47 2 1
14403 1367 18 47 2 1
14404 1367 19 47 2 1
14405 1367 20 47 2 1
14406 1367 21 47 2 1
14407 1367 22 47 2 1
14408 1368 12 47 2 1
14409 1368 13 47 2 1
14410 1368 14 47 2 1
14411 1368 15 47 2 1
14412 1368 16 47 2 1
14413 1368 17 47 2 1
14414 1368 18 47 2 1
14415 1368 19 47 2 1
14416 1368 20 47 2 1
14417 1368 21 47 2 1
14418 1368 22 47 2 1
14419 1369 12 47 2 1
14420 1369 13 47 2 1
14421 1369 14 47 2 1
14422 1369 15 47 2 1
14423 1369 16 47 2 1
14424 1369 17 47 2 1
14425 1369 18 47 2 1
14426 1369 19 47 2 1
14427 1369 20 47 2 1
14428 1369 21 47 2 1
14429 1369 22 47 2 1
14430 1370 12 47 2 1
14431 1370 13 47 2 1
14432 1370 14 47 2 1
14433 1370 15 47 2 1
14434 1370 16 47 2 1
14435 1370 17 47 2 1
14436 1370 18 47 2 1
14437 1370 19 47 2 1
14438 1370 20 47 2 1
14439 1370 21 47 2 1
14440 1370 22 47 2 1
14441 1371 12 47 2 1
14442 1371 13 47 2 1
14443 1371 14 47 2 1
14444 1371 15 47 2 1
14445 1371 16 47 2 1
14446 1371 17 47 2 1
14447 1371 18 47 2 1
14448 1371 19 47 2 1
14449 1371 20 47 2 1
14450 1371 21 47 2 1
14451 1371 22 47 2 1
14452 1372 12 47 2 1
14453 1372 13 47 2 1
14454 1372 14 47 2 1
14455 1372 15 47 2 1
14456 1372 16 47 2 1
14457 1372 17 47 2 1
14458 1372 18 47 2 1
14459 1372 19 47 2 1
14460 1372 20 47 2 1
14461 1373 12 47 2 1
14462 1373 13 47 2 1
14463 1373 14 47 2 1
14464 1373 15 47 2 1
14465 1373 16 47 2 1
14466 1373 17 47 2 1
14467 1373 18 47 2 1
14468 1373 19 47 2 1
14469 1373 20 47 2 1
14470 1374 14 47 2 1
14471 1374 15 47 2 1
14472 1374 16 47 2 1
14473 1374 17 47 2 1
14474 1374 18 47 2 1
14475 1374 19 47 2 1
14476 1374 20 47 2 1
14477 1374 21 47 2 1
14478 1374 22 47 2 1
14479 1375 14 47 2 1
14480 1375 15 47 2 1
14481 1375 16 47 2 1
14482 1375 17 47 2 1
14483 1375 18 47 2 1
14484 1375 19 47 2 1
14485 1375 20 47 2 1
14486 1375 21 47 2 1
14487 1375 22 47 2 1
14488 1376 12 47 2 1
14489 1376 13 47 2 1
14490 1376 14 47 2 1
14491 1376 15 47 2 1
14492 1376 16 47 2 1
14493 1376 17 47 2 1
14494 1376 18 47 2 1
14495 1376 19 47 2 1
14496 1376 20 47 2 1
14497 1376 21 47 2 1
14498 1376 22 47 2 1
14499 1377 12 47 2 1
14500 1377 13 47 2 1
14501 1377 14 47 2 1
14502 1377 15 47 2 1
14503 1377 16 47 2 1
14504 1377 17 47 2 1
14505 1377 18 47 2 1
14506 1377 19 47 2 1
14507 1377 20 47 2 1
14508 1377 21 47 2 1
14509 1377 22 47 2 1
14510 1378 12 47 2 1
14511 1378 13 47 2 1
14512 1378 14 47 2 1
14513 1378 15 47 2 1
14514 1378 16 47 2 1
14515 1378 17 47 2 1
14516 1378 18 47 2 1
14517 1378 19 47 2 1
14518 1378 20 47 2 1
14519 1378 21 47 2 1
14520 1378 22 47 2 1
14521 1379 12 47 2 1
14522 1379 13 47 2 1
14523 1379 14 47 2 1
14524 1379 15 47 2 1
14525 1379 16 47 2 1
14526 1379 17 47 2 1
14527 1379 18 47 2 1
14528 1379 19 47 2 1
14529 1379 20 47 2 1
14530 1379 21 47 2 1
14531 1379 22 47 2 1
14532 1380 12 47 2 1
14533 1380 13 47 2 1
14534 1380 14 47 2 1
14535 1380 15 47 2 1
14536 1380 16 47 2 1
14537 1380 17 47 2 1
14538 1380 18 47 2 1
14539 1380 19 47 2 1
14540 1380 20 47 2 1
14541 1380 21 47 2 1
14542 1380 22 47 2 1
14543 1381 12 47 2 1
14544 1381 13 47 2 1
14545 1381 14 47 2 1
14546 1381 15 47 2 1
14547 1381 16 47 2 1
14548 1381 17 47 2 1
14549 1381 18 47 2 1
14550 1381 19 47 2 1
14551 1381 20 47 2 1
14552 1381 21 47 2 1
14553 1381 22 47 2 1
14554 1382 12 47 2 1
14555 1382 13 47 2 1
14556 1382 14 47 2 1
14557 1382 15 47 2 1
14558 1382 16 47 2 1
14559 1382 17 47 2 1
14560 1382 18 47 2 1
14561 1382 19 47 2 1
14562 1382 20 47 2 1
14563 1382 21 47 2 1
14564 1382 22 47 2 1
14565 1383 12 47 2 1
14566 1383 13 47 2 1
14567 1383 14 47 2 1
14568 1383 15 47 2 1
14569 1383 16 47 2 1
14570 1383 17 47 2 1
14571 1383 18 47 2 1
14572 1383 19 47 2 1
14573 1383 20 47 2 1
14574 1383 21 47 2 1
14575 1383 22 47 2 1
14576 1384 12 47 2 1
14577 1384 13 47 2 1
14578 1384 14 47 2 1
14579 1384 15 47 2 1
14580 1384 16 47 2 1
14581 1384 17 47 2 1
14582 1384 18 47 2 1
14583 1384 19 47 2 1
14584 1384 22 47 2 1
14585 1385 12 47 2 1
14586 1385 13 47 2 1
14587 1385 14 47 2 1
14588 1385 15 47 2 1
14589 1385 16 47 2 1
14590 1385 17 47 2 1
14591 1385 18 47 2 1
14592 1385 19 47 2 1
14593 1385 22 47 2 1
14594 1386 12 47 2 1
14595 1386 15 47 2 1
14596 1386 16 47 2 1
14597 1386 17 47 2 1
14598 1386 18 47 2 1
14599 1386 19 47 2 1
14600 1386 20 47 2 1
14601 1386 21 47 2 1
14602 1386 22 47 2 1
14603 1387 12 47 2 1
14604 1387 15 47 2 1
14605 1387 16 47 2 1
14606 1387 17 47 2 1
14607 1387 18 47 2 1
14608 1387 19 47 2 1
14609 1387 20 47 2 1
14610 1387 21 47 2 1
14611 1387 22 47 2 1
14612 1388 12 47 2 1
14613 1388 13 47 2 1
14614 1388 14 47 2 1
14615 1388 15 47 2 1
14616 1388 16 47 2 1
14617 1388 17 47 2 1
14618 1388 18 47 2 1
14619 1388 19 47 2 1
14620 1388 20 47 2 1
14621 1388 21 47 2 1
14622 1388 22 47 2 1
14623 1389 12 47 2 1
14624 1389 13 47 2 1
14625 1389 14 47 2 1
14626 1389 15 47 2 1
14627 1389 16 47 2 1
14628 1389 17 47 2 1
14629 1389 18 47 2 1
14630 1389 19 47 2 1
14631 1389 20 47 2 1
14632 1389 21 47 2 1
14633 1389 22 47 2 1
14634 1390 12 47 2 1
14635 1390 13 47 2 1
14636 1390 14 47 2 1
14637 1390 15 47 2 1
14638 1390 16 47 2 1
14639 1390 17 47 2 1
14640 1390 18 47 2 1
14641 1390 19 47 2 1
14642 1390 20 47 2 1
14643 1390 21 47 2 1
14644 1390 22 47 2 1
14645 1391 12 47 2 1
14646 1391 13 47 2 1
14647 1391 14 47 2 1
14648 1391 15 47 2 1
14649 1391 16 47 2 1
14650 1391 17 47 2 1
14651 1391 18 47 2 1
14652 1391 19 47 2 1
14653 1391 20 47 2 1
14654 1391 21 47 2 1
14655 1391 22 47 2 1
14656 1392 12 47 2 1
14657 1392 13 47 2 1
14658 1392 14 47 2 1
14659 1392 15 47 2 1
14660 1392 16 47 2 1
14661 1392 17 47 2 1
14662 1392 18 47 2 1
14663 1392 19 47 2 1
14664 1392 20 47 2 1
14665 1392 21 47 2 1
14666 1392 22 47 2 1
14667 1393 12 47 2 1
14668 1393 13 47 2 1
14669 1393 14 47 2 1
14670 1393 15 47 2 1
14671 1393 16 47 2 1
14672 1393 17 47 2 1
14673 1393 18 47 2 1
14674 1393 19 47 2 1
14675 1393 20 47 2 1
14676 1393 21 47 2 1
14677 1393 22 47 2 1
14678 1394 12 47 2 1
14679 1394 13 47 2 1
14680 1394 14 47 2 1
14681 1394 15 47 2 1
14682 1394 16 47 2 1
14683 1394 17 47 2 1
14684 1394 18 47 2 1
14685 1394 19 47 2 1
14686 1394 20 47 2 1
14687 1394 21 47 2 1
14688 1394 22 47 2 1
14689 1395 12 47 2 1
14690 1395 13 47 2 1
14691 1395 14 47 2 1
14692 1395 15 47 2 1
14693 1395 16 47 2 1
14694 1395 17 47 2 1
14695 1395 18 47 2 1
14696 1395 19 47 2 1
14697 1395 20 47 2 1
14698 1395 21 47 2 1
14699 1395 22 47 2 1
14700 1396 12 47 2 1
14701 1396 13 47 2 1
14702 1396 14 47 2 1
14703 1396 15 47 2 1
14704 1396 16 47 2 1
14705 1396 17 47 2 1
14706 1396 18 47 2 1
14707 1396 19 47 2 1
14708 1396 20 47 2 1
14709 1396 21 47 2 1
14710 1396 22 47 2 1
14711 1397 12 47 2 1
14712 1397 13 47 2 1
14713 1397 14 47 2 1
14714 1397 15 47 2 1
14715 1397 16 47 2 1
14716 1397 17 47 2 1
14717 1397 18 47 2 1
14718 1397 19 47 2 1
14719 1397 20 47 2 1
14720 1397 21 47 2 1
14721 1397 22 47 2 1
14722 1398 12 47 2 1
14723 1398 13 47 2 1
14724 1398 14 47 2 1
14725 1398 15 47 2 1
14726 1398 16 47 2 1
14727 1398 17 47 2 1
14728 1398 18 47 2 1
14729 1398 19 47 2 1
14730 1398 20 47 2 1
14731 1398 21 47 2 1
14732 1398 22 47 2 1
14733 1399 12 47 2 1
14734 1399 13 47 2 1
14735 1399 14 47 2 1
14736 1399 15 47 2 1
14737 1399 16 47 2 1
14738 1399 17 47 2 1
14739 1399 18 47 2 1
14740 1399 19 47 2 1
14741 1399 20 47 2 1
14742 1399 21 47 2 1
14743 1399 22 47 2 1
14744 1400 12 47 2 1
14745 1400 13 47 2 1
14746 1400 14 47 2 1
14747 1400 15 47 2 1
14748 1400 16 47 2 1
14749 1400 17 47 2 1
14750 1400 18 47 2 1
14751 1400 19 47 2 1
14752 1400 20 47 2 1
14753 1400 21 47 2 1
14754 1400 22 47 2 1
14755 1401 12 47 2 1
14756 1401 13 47 2 1
14757 1401 14 47 2 1
14758 1401 15 47 2 1
14759 1401 16 47 2 1
14760 1401 17 47 2 1
14761 1401 18 47 2 1
14762 1401 19 47 2 1
14763 1401 20 47 2 1
14764 1401 21 47 2 1
14765 1401 22 47 2 1
14766 1402 12 47 2 1
14767 1402 13 47 2 1
14768 1402 14 47 2 1
14769 1402 15 47 2 1
14770 1402 16 47 2 1
14771 1402 17 47 2 1
14772 1402 18 47 2 1
14773 1402 19 47 2 1
14774 1402 20 47 2 1
14775 1402 21 47 2 1
14776 1402 22 47 2 1
14777 1403 12 47 2 1
14778 1403 13 47 2 1
14779 1403 14 47 2 1
14780 1403 15 47 2 1
14781 1403 16 47 2 1
14782 1403 17 47 2 1
14783 1403 18 47 2 1
14784 1403 19 47 2 1
14785 1403 20 47 2 1
14786 1403 21 47 2 1
14787 1403 22 47 2 1
14788 1404 12 47 2 1
14789 1404 13 47 2 1
14790 1404 14 47 2 1
14791 1404 15 47 2 1
14792 1404 16 47 2 1
14793 1404 17 47 2 1
14794 1404 18 47 2 1
14795 1404 19 47 2 1
14796 1404 20 47 2 1
14797 1404 21 47 2 1
14798 1404 22 47 2 1
14799 1405 12 47 2 1
14800 1405 13 47 2 1
14801 1405 14 47 2 1
14802 1405 15 47 2 1
14803 1405 16 47 2 1
14804 1405 17 47 2 1
14805 1405 18 47 2 1
14806 1405 19 47 2 1
14807 1405 20 47 2 1
14808 1405 21 47 2 1
14809 1405 22 47 2 1
14810 1406 12 47 2 1
14811 1406 13 47 2 1
14812 1406 14 47 2 1
14813 1406 15 47 2 1
14814 1406 16 47 2 1
14815 1406 17 47 2 1
14816 1406 18 47 2 1
14817 1406 19 47 2 1
14818 1406 20 47 2 1
14819 1406 21 47 2 1
14820 1406 22 47 2 1
14821 1407 12 47 2 1
14822 1407 13 47 2 1
14823 1407 14 47 2 1
14824 1407 15 47 2 1
14825 1407 16 47 2 1
14826 1407 17 47 2 1
14827 1407 18 47 2 1
14828 1407 19 47 2 1
14829 1407 20 47 2 1
14830 1407 21 47 2 1
14831 1407 22 47 2 1
14832 1408 12 47 2 1
14833 1408 13 47 2 1
14834 1408 14 47 2 1
14835 1408 15 47 2 1
14836 1408 16 47 2 1
14837 1408 17 47 2 1
14838 1408 18 47 2 1
14839 1408 19 47 2 1
14840 1408 20 47 2 1
14841 1408 21 47 2 1
14842 1408 22 47 2 1
14843 1409 12 47 2 1
14844 1409 13 47 2 1
14845 1409 14 47 2 1
14846 1409 15 47 2 1
14847 1409 16 47 2 1
14848 1409 17 47 2 1
14849 1409 18 47 2 1
14850 1409 19 47 2 1
14851 1409 20 47 2 1
14852 1409 21 47 2 1
14853 1409 22 47 2 1
14854 1410 12 47 2 1
14855 1410 13 47 2 1
14856 1410 14 47 2 1
14857 1410 15 47 2 1
14858 1410 16 47 2 1
14859 1410 17 47 2 1
14860 1410 18 47 2 1
14861 1410 19 47 2 1
14862 1410 20 47 2 1
14863 1410 21 47 2 1
14864 1410 22 47 2 1
14865 1411 12 47 2 1
14866 1411 13 47 2 1
14867 1411 14 47 2 1
14868 1411 15 47 2 1
14869 1411 16 47 2 1
14870 1411 17 47 2 1
14871 1411 18 47 2 1
14872 1411 19 47 2 1
14873 1411 20 47 2 1
14874 1411 21 47 2 1
14875 1411 22 47 2 1
14876 1412 12 47 2 1
14877 1412 13 47 2 1
14878 1412 14 47 2 1
14879 1412 15 47 2 1
14880 1412 16 47 2 1
14881 1412 17 47 2 1
14882 1412 18 47 2 1
14883 1412 19 47 2 1
14884 1412 20 47 2 1
14885 1412 21 47 2 1
14886 1412 22 47 2 1
14887 1413 12 47 2 1
14888 1413 13 47 2 1
14889 1413 14 47 2 1
14890 1413 15 47 2 1
14891 1413 16 47 2 1
14892 1413 17 47 2 1
14893 1413 18 47 2 1
14894 1413 19 47 2 1
14895 1413 20 47 2 1
14896 1413 21 47 2 1
14897 1413 22 47 2 1
14898 1414 12 47 2 1
14899 1414 13 47 2 1
14900 1414 14 47 2 1
14901 1414 15 47 2 1
14902 1414 16 47 2 1
14903 1414 17 47 2 1
14904 1414 18 47 2 1
14905 1414 19 47 2 1
14906 1414 20 47 2 1
14907 1414 21 47 2 1
14908 1414 22 47 2 1
14909 1415 12 47 2 1
14910 1415 13 47 2 1
14911 1415 14 47 2 1
14912 1415 15 47 2 1
14913 1415 16 47 2 1
14914 1415 17 47 2 1
14915 1415 18 47 2 1
14916 1415 19 47 2 1
14917 1415 20 47 2 1
14918 1415 21 47 2 1
14919 1415 22 47 2 1
14920 1416 12 47 2 1
14921 1416 13 47 2 1
14922 1416 14 47 2 1
14923 1416 15 47 2 1
14924 1416 16 47 2 1
14925 1416 17 47 2 1
14926 1416 18 47 2 1
14927 1416 19 47 2 1
14928 1416 20 47 2 1
14929 1416 21 47 2 1
14930 1416 22 47 2 1
14931 1417 12 47 2 1
14932 1417 13 47 2 1
14933 1417 14 47 2 1
14934 1417 15 47 2 1
14935 1417 16 47 2 1
14936 1417 17 47 2 1
14937 1417 18 47 2 1
14938 1417 19 47 2 1
14939 1417 20 47 2 1
14940 1417 21 47 2 1
14941 1417 22 47 2 1
14942 1418 12 47 2 1
14943 1418 13 47 2 1
14944 1418 14 47 2 1
14945 1418 15 47 2 1
14946 1418 16 47 2 1
14947 1418 17 47 2 1
14948 1418 18 47 2 1
14949 1418 19 47 2 1
14950 1418 20 47 2 1
14951 1418 21 47 2 1
14952 1418 22 47 2 1
14953 1419 12 47 2 1
14954 1419 13 47 2 1
14955 1419 14 47 2 1
14956 1419 15 47 2 1
14957 1419 16 47 2 1
14958 1419 17 47 2 1
14959 1419 18 47 2 1
14960 1419 19 47 2 1
14961 1419 20 47 2 1
14962 1419 21 47 2 1
14963 1419 22 47 2 1
14964 1420 12 47 2 1
14965 1420 13 47 2 1
14966 1420 14 47 2 1
14967 1420 15 47 2 1
14968 1420 16 47 2 1
14969 1420 17 47 2 1
14970 1420 18 47 2 1
14971 1420 19 47 2 1
14972 1420 20 47 2 1
14973 1420 21 47 2 1
14974 1420 22 47 2 1
14975 1421 12 47 2 1
14976 1421 13 47 2 1
14977 1421 14 47 2 1
14978 1421 15 47 2 1
14979 1421 16 47 2 1
14980 1421 17 47 2 1
14981 1421 18 47 2 1
14982 1421 19 47 2 1
14983 1421 20 47 2 1
14984 1421 21 47 2 1
14985 1421 22 47 2 1
14986 1422 12 47 2 1
14987 1422 13 47 2 1
14988 1422 14 47 2 1
14989 1422 15 47 2 1
14990 1422 16 47 2 1
14991 1422 17 47 2 1
14992 1422 18 47 2 1
14993 1422 19 47 2 1
14994 1422 20 47 2 1
14995 1422 21 47 2 1
14996 1422 22 47 2 1
14997 1423 12 47 2 1
14998 1423 13 47 2 1
14999 1423 14 47 2 1
15000 1423 15 47 2 1
15001 1423 16 47 2 1
15002 1423 17 47 2 1
15003 1423 18 47 2 1
15004 1423 19 47 2 1
15005 1423 20 47 2 1
15006 1423 21 47 2 1
15007 1423 22 47 2 1
15008 1424 14 47 2 1
15009 1424 15 47 2 1
15010 1424 16 47 2 1
15011 1424 17 47 2 1
15012 1424 18 47 2 1
15013 1424 19 47 2 1
15014 1424 20 47 2 1
15015 1424 21 47 2 1
15016 1424 22 47 2 1
15017 1425 14 47 2 1
15018 1425 15 47 2 1
15019 1425 16 47 2 1
15020 1425 17 47 2 1
15021 1425 18 47 2 1
15022 1425 19 47 2 1
15023 1425 20 47 2 1
15024 1425 21 47 2 1
15025 1425 22 47 2 1
15026 1426 12 47 2 1
15027 1426 13 47 2 1
15028 1426 14 47 2 1
15029 1426 15 47 2 1
15030 1426 16 47 2 1
15031 1426 17 47 2 1
15032 1426 18 47 2 1
15033 1426 19 47 2 1
15034 1426 20 47 2 1
15035 1427 12 47 2 1
15036 1427 13 47 2 1
15037 1427 14 47 2 1
15038 1427 15 47 2 1
15039 1427 16 47 2 1
15040 1427 17 47 2 1
15041 1427 18 47 2 1
15042 1427 19 47 2 1
15043 1427 20 47 2 1
15044 1428 12 47 2 1
15045 1428 13 47 2 1
15046 1428 14 47 2 1
15047 1428 15 47 2 1
15048 1428 16 47 2 1
15049 1428 17 47 2 1
15050 1428 18 47 2 1
15051 1428 19 47 2 1
15052 1428 20 47 2 1
15053 1428 21 47 2 1
15054 1428 22 47 2 1
15055 1429 12 47 2 1
15056 1429 13 47 2 1
15057 1429 14 47 2 1
15058 1429 15 47 2 1
15059 1429 16 47 2 1
15060 1429 17 47 2 1
15061 1429 18 47 2 1
15062 1429 19 47 2 1
15063 1429 20 47 2 1
15064 1429 21 47 2 1
15065 1429 22 47 2 1
15066 1430 12 47 2 1
15067 1430 13 47 2 1
15068 1430 14 47 2 1
15069 1430 15 47 2 1
15070 1430 16 47 2 1
15071 1430 17 47 2 1
15072 1430 18 47 2 1
15073 1430 19 47 2 1
15074 1430 20 47 2 1
15075 1430 21 47 2 1
15076 1430 22 47 2 1
15077 1431 12 47 2 1
15078 1431 13 47 2 1
15079 1431 14 47 2 1
15080 1431 15 47 2 1
15081 1431 16 47 2 1
15082 1431 17 47 2 1
15083 1431 18 47 2 1
15084 1431 19 47 2 1
15085 1431 20 47 2 1
15086 1431 21 47 2 1
15087 1431 22 47 2 1
15088 1432 12 47 2 1
15089 1432 13 47 2 1
15090 1432 14 47 2 1
15091 1432 15 47 2 1
15092 1432 16 47 2 1
15093 1432 17 47 2 1
15094 1432 18 47 2 1
15095 1432 21 47 2 1
15096 1432 22 47 2 1
15097 1433 12 47 2 1
15098 1433 13 47 2 1
15099 1433 14 47 2 1
15100 1433 15 47 2 1
15101 1433 16 47 2 1
15102 1433 17 47 2 1
15103 1433 18 47 2 1
15104 1433 21 47 2 1
15105 1433 22 47 2 1
15106 1434 12 47 2 1
15107 1434 13 47 2 1
15108 1434 16 47 2 1
15109 1434 17 47 2 1
15110 1434 18 47 2 1
15111 1434 19 47 2 1
15112 1434 20 47 2 1
15113 1434 21 47 2 1
15114 1434 22 47 2 1
15115 1435 12 47 2 1
15116 1435 13 47 2 1
15117 1435 16 47 2 1
15118 1435 17 47 2 1
15119 1435 18 47 2 1
15120 1435 19 47 2 1
15121 1435 20 47 2 1
15122 1435 21 47 2 1
15123 1435 22 47 2 1
15124 1436 12 47 2 1
15125 1436 15 47 2 1
15126 1436 16 47 2 1
15127 1436 17 47 2 1
15128 1436 18 47 2 1
15129 1436 19 47 2 1
15130 1436 20 47 2 1
15131 1436 21 47 2 1
15132 1436 22 47 2 1
15133 1437 12 47 2 1
15134 1437 15 47 2 1
15135 1437 16 47 2 1
15136 1437 17 47 2 1
15137 1437 18 47 2 1
15138 1437 19 47 2 1
15139 1437 20 47 2 1
15140 1437 21 47 2 1
15141 1437 22 47 2 1
15142 1438 12 47 2 1
15143 1438 13 47 2 1
15144 1438 14 47 2 1
15145 1438 15 47 2 1
15146 1438 16 47 2 1
15147 1438 17 47 2 1
15148 1438 18 47 2 1
15149 1438 19 47 2 1
15150 1438 22 47 2 1
15151 1439 12 47 2 1
15152 1439 13 47 2 1
15153 1439 14 47 2 1
15154 1439 15 47 2 1
15155 1439 16 47 2 1
15156 1439 17 47 2 1
15157 1439 18 47 2 1
15158 1439 19 47 2 1
15159 1439 22 47 2 1
15160 1440 12 47 2 1
15161 1440 13 47 2 1
15162 1440 14 47 2 1
15163 1440 15 47 2 1
15164 1440 16 47 2 1
15165 1440 17 47 2 1
15166 1440 18 47 2 1
15167 1440 19 47 2 1
15168 1440 20 47 2 1
15169 1440 21 47 2 1
15170 1440 22 47 2 1
15171 1441 12 47 2 1
15172 1441 13 47 2 1
15173 1441 14 47 2 1
15174 1441 15 47 2 1
15175 1441 16 47 2 1
15176 1441 17 47 2 1
15177 1441 18 47 2 1
15178 1441 19 47 2 1
15179 1441 20 47 2 1
15180 1441 21 47 2 1
15181 1441 22 47 2 1
15182 1442 12 47 2 1
15183 1442 13 47 2 1
15184 1442 14 47 2 1
15185 1442 15 47 2 1
15186 1442 16 47 2 1
15187 1442 17 47 2 1
15188 1442 18 47 2 1
15189 1442 19 47 2 1
15190 1442 20 47 2 1
15191 1442 21 47 2 1
15192 1442 22 47 2 1
15193 1443 12 47 2 1
15194 1443 13 47 2 1
15195 1443 14 47 2 1
15196 1443 15 47 2 1
15197 1443 16 47 2 1
15198 1443 17 47 2 1
15199 1443 18 47 2 1
15200 1443 19 47 2 1
15201 1443 20 47 2 1
15202 1443 21 47 2 1
15203 1443 22 47 2 1
15204 1444 12 47 2 1
15205 1444 13 47 2 1
15206 1444 14 47 2 1
15207 1444 15 47 2 1
15208 1444 16 47 2 1
15209 1444 17 47 2 1
15210 1444 18 47 2 1
15211 1444 19 47 2 1
15212 1444 20 47 2 1
15213 1444 21 47 2 1
15214 1444 22 47 2 1
15215 1445 12 47 2 1
15216 1445 13 47 2 1
15217 1445 14 47 2 1
15218 1445 15 47 2 1
15219 1445 16 47 2 1
15220 1445 17 47 2 1
15221 1445 18 47 2 1
15222 1445 19 47 2 1
15223 1445 20 47 2 1
15224 1445 21 47 2 1
15225 1445 22 47 2 1
15226 1446 12 47 2 1
15227 1446 13 47 2 1
15228 1446 14 47 2 1
15229 1446 15 47 2 1
15230 1446 16 47 2 1
15231 1446 17 47 2 1
15232 1446 18 47 2 1
15233 1446 19 47 2 1
15234 1446 20 47 2 1
15235 1446 21 47 2 1
15236 1446 22 47 2 1
15237 1447 12 47 2 1
15238 1447 13 47 2 1
15239 1447 14 47 2 1
15240 1447 15 47 2 1
15241 1447 16 47 2 1
15242 1447 17 47 2 1
15243 1447 18 47 2 1
15244 1447 19 47 2 1
15245 1447 20 47 2 1
15246 1447 21 47 2 1
15247 1447 22 47 2 1
15248 1448 12 47 2 1
15249 1448 13 47 2 1
15250 1448 14 47 2 1
15251 1448 15 47 2 1
15252 1448 16 47 2 1
15253 1448 17 47 2 1
15254 1448 18 47 2 1
15255 1448 19 47 2 1
15256 1448 20 47 2 1
15257 1448 21 47 2 1
15258 1448 22 47 2 1
15259 1449 12 47 2 1
15260 1449 13 47 2 1
15261 1449 14 47 2 1
15262 1449 15 47 2 1
15263 1449 16 47 2 1
15264 1449 17 47 2 1
15265 1449 18 47 2 1
15266 1449 19 47 2 1
15267 1449 20 47 2 1
15268 1449 21 47 2 1
15269 1449 22 47 2 1
15270 1450 12 47 2 1
15271 1450 13 47 2 1
15272 1450 14 47 2 1
15273 1450 15 47 2 1
15274 1450 16 47 2 1
15275 1450 17 47 2 1
15276 1450 18 47 2 1
15277 1450 19 47 2 1
15278 1450 20 47 2 1
15279 1450 21 47 2 1
15280 1450 22 47 2 1
15281 1451 12 47 2 1
15282 1451 13 47 2 1
15283 1451 14 47 2 1
15284 1451 15 47 2 1
15285 1451 16 47 2 1
15286 1451 17 47 2 1
15287 1451 18 47 2 1
15288 1451 19 47 2 1
15289 1451 20 47 2 1
15290 1451 21 47 2 1
15291 1451 22 47 2 1
15292 1452 12 47 2 1
15293 1452 13 47 2 1
15294 1452 14 47 2 1
15295 1452 15 47 2 1
15296 1452 16 47 2 1
15297 1452 17 47 2 1
15298 1452 18 47 2 1
15299 1452 19 47 2 1
15300 1452 20 47 2 1
15301 1452 21 47 2 1
15302 1452 22 47 2 1
15303 1453 12 47 2 1
15304 1453 13 47 2 1
15305 1453 14 47 2 1
15306 1453 15 47 2 1
15307 1453 16 47 2 1
15308 1453 17 47 2 1
15309 1453 18 47 2 1
15310 1453 19 47 2 1
15311 1453 20 47 2 1
15312 1453 21 47 2 1
15313 1453 22 47 2 1
15314 1454 12 47 2 1
15315 1454 13 47 2 1
15316 1454 14 47 2 1
15317 1454 15 47 2 1
15318 1454 16 47 2 1
15319 1454 17 47 2 1
15320 1454 18 47 2 1
15321 1454 19 47 2 1
15322 1454 20 47 2 1
15323 1454 21 47 2 1
15324 1454 22 47 2 1
15325 1455 12 47 2 1
15326 1455 13 47 2 1
15327 1455 14 47 2 1
15328 1455 15 47 2 1
15329 1455 16 47 2 1
15330 1455 17 47 2 1
15331 1455 18 47 2 1
15332 1455 19 47 2 1
15333 1455 20 47 2 1
15334 1455 21 47 2 1
15335 1455 22 47 2 1
15336 1456 12 47 2 1
15337 1456 13 47 2 1
15338 1456 14 47 2 1
15339 1456 15 47 2 1
15340 1456 16 47 2 1
15341 1456 17 47 2 1
15342 1456 18 47 2 1
15343 1456 19 47 2 1
15344 1456 20 47 2 1
15345 1456 21 47 2 1
15346 1456 22 47 2 1
15347 1457 12 47 2 1
15348 1457 13 47 2 1
15349 1457 14 47 2 1
15350 1457 15 47 2 1
15351 1457 16 47 2 1
15352 1457 17 47 2 1
15353 1457 18 47 2 1
15354 1457 19 47 2 1
15355 1457 20 47 2 1
15356 1457 21 47 2 1
15357 1457 22 47 2 1
15358 1458 12 47 2 1
15359 1458 13 47 2 1
15360 1458 14 47 2 1
15361 1458 15 47 2 1
15362 1458 16 47 2 1
15363 1458 17 47 2 1
15364 1458 18 47 2 1
15365 1458 19 47 2 1
15366 1458 20 47 2 1
15367 1458 21 47 2 1
15368 1458 22 47 2 1
15369 1459 12 47 2 1
15370 1459 13 47 2 1
15371 1459 14 47 2 1
15372 1459 15 47 2 1
15373 1459 16 47 2 1
15374 1459 17 47 2 1
15375 1459 18 47 2 1
15376 1459 19 47 2 1
15377 1459 20 47 2 1
15378 1459 21 47 2 1
15379 1459 22 47 2 1
15380 1460 12 47 2 1
15381 1460 13 47 2 1
15382 1460 14 47 2 1
15383 1460 15 47 2 1
15384 1460 16 47 2 1
15385 1460 17 47 2 1
15386 1460 18 47 2 1
15387 1460 19 47 2 1
15388 1460 20 47 2 1
15389 1460 21 47 2 1
15390 1460 22 47 2 1
15391 1461 12 47 2 1
15392 1461 13 47 2 1
15393 1461 14 47 2 1
15394 1461 15 47 2 1
15395 1461 16 47 2 1
15396 1461 17 47 2 1
15397 1461 18 47 2 1
15398 1461 19 47 2 1
15399 1461 20 47 2 1
15400 1461 21 47 2 1
15401 1461 22 47 2 1
15402 1462 12 47 2 1
15403 1462 13 47 2 1
15404 1462 14 47 2 1
15405 1462 15 47 2 1
15406 1462 16 47 2 1
15407 1462 17 47 2 1
15408 1462 18 47 2 1
15409 1462 19 47 2 1
15410 1462 20 47 2 1
15411 1462 21 47 2 1
15412 1462 22 47 2 1
15413 1463 12 47 2 1
15414 1463 13 47 2 1
15415 1463 14 47 2 1
15416 1463 15 47 2 1
15417 1463 16 47 2 1
15418 1463 17 47 2 1
15419 1463 18 47 2 1
15420 1463 19 47 2 1
15421 1463 20 47 2 1
15422 1463 21 47 2 1
15423 1463 22 47 2 1
15424 1464 12 47 2 1
15425 1464 13 47 2 1
15426 1464 14 47 2 1
15427 1464 15 47 2 1
15428 1464 16 47 2 1
15429 1464 17 47 2 1
15430 1464 18 47 2 1
15431 1464 19 47 2 1
15432 1464 20 47 2 1
15433 1464 21 47 2 1
15434 1464 22 47 2 1
15435 1465 12 47 2 1
15436 1465 13 47 2 1
15437 1465 14 47 2 1
15438 1465 15 47 2 1
15439 1465 16 47 2 1
15440 1465 17 47 2 1
15441 1465 18 47 2 1
15442 1465 19 47 2 1
15443 1465 20 47 2 1
15444 1465 21 47 2 1
15445 1465 22 47 2 1
15446 1466 12 47 2 1
15447 1466 13 47 2 1
15448 1466 14 47 2 1
15449 1466 15 47 2 1
15450 1466 16 47 2 1
15451 1466 17 47 2 1
15452 1466 18 47 2 1
15453 1466 19 47 2 1
15454 1466 20 47 2 1
15455 1466 21 47 2 1
15456 1466 22 47 2 1
15457 1467 12 47 2 1
15458 1467 13 47 2 1
15459 1467 14 47 2 1
15460 1467 15 47 2 1
15461 1467 16 47 2 1
15462 1467 17 47 2 1
15463 1467 18 47 2 1
15464 1467 19 47 2 1
15465 1467 20 47 2 1
15466 1467 21 47 2 1
15467 1467 22 47 2 1
15468 1468 12 47 2 1
15469 1468 13 47 2 1
15470 1468 14 47 2 1
15471 1468 15 47 2 1
15472 1468 16 47 2 1
15473 1468 17 47 2 1
15474 1468 18 47 2 1
15475 1468 19 47 2 1
15476 1468 20 47 2 1
15477 1468 21 47 2 1
15478 1468 22 47 2 1
15479 1469 12 47 2 1
15480 1469 13 47 2 1
15481 1469 14 47 2 1
15482 1469 15 47 2 1
15483 1469 16 47 2 1
15484 1469 17 47 2 1
15485 1469 18 47 2 1
15486 1469 19 47 2 1
15487 1469 20 47 2 1
15488 1469 21 47 2 1
15489 1469 22 47 2 1
15490 1470 12 47 2 1
15491 1470 13 47 2 1
15492 1470 14 47 2 1
15493 1470 15 47 2 1
15494 1470 16 47 2 1
15495 1470 17 47 2 1
15496 1470 18 47 2 1
15497 1470 19 47 2 1
15498 1470 20 47 2 1
15499 1470 21 47 2 1
15500 1470 22 47 2 1
15501 1471 12 47 2 1
15502 1471 13 47 2 1
15503 1471 14 47 2 1
15504 1471 15 47 2 1
15505 1471 16 47 2 1
15506 1471 17 47 2 1
15507 1471 18 47 2 1
15508 1471 19 47 2 1
15509 1471 20 47 2 1
15510 1471 21 47 2 1
15511 1471 22 47 2 1
15512 1472 12 47 2 1
15513 1472 13 47 2 1
15514 1472 14 47 2 1
15515 1472 15 47 2 1
15516 1472 16 47 2 1
15517 1472 17 47 2 1
15518 1472 18 47 2 1
15519 1472 19 47 2 1
15520 1472 20 47 2 1
15521 1472 21 47 2 1
15522 1472 22 47 2 1
15523 1473 12 47 2 1
15524 1473 13 47 2 1
15525 1473 14 47 2 1
15526 1473 15 47 2 1
15527 1473 16 47 2 1
15528 1473 17 47 2 1
15529 1473 18 47 2 1
15530 1473 19 47 2 1
15531 1473 20 47 2 1
15532 1473 21 47 2 1
15533 1473 22 47 2 1
15534 1474 12 47 2 1
15535 1474 13 47 2 1
15536 1474 14 47 2 1
15537 1474 15 47 2 1
15538 1474 16 47 2 1
15539 1474 17 47 2 1
15540 1474 18 47 2 1
15541 1474 19 47 2 1
15542 1474 20 47 2 1
15543 1474 21 47 2 1
15544 1474 22 47 2 1
15545 1475 12 47 2 1
15546 1475 13 47 2 1
15547 1475 14 47 2 1
15548 1475 15 47 2 1
15549 1475 16 47 2 1
15550 1475 17 47 2 1
15551 1475 18 47 2 1
15552 1475 19 47 2 1
15553 1475 20 47 2 1
15554 1475 21 47 2 1
15555 1475 22 47 2 1
15556 1476 12 47 2 1
15557 1476 13 47 2 1
15558 1476 14 47 2 1
15559 1476 15 47 2 1
15560 1476 16 47 2 1
15561 1476 17 47 2 1
15562 1476 18 47 2 1
15563 1476 19 47 2 1
15564 1476 20 47 2 1
15565 1476 21 47 2 1
15566 1476 22 47 2 1
15567 1477 12 47 2 1
15568 1477 13 47 2 1
15569 1477 14 47 2 1
15570 1477 15 47 2 1
15571 1477 16 47 2 1
15572 1477 17 47 2 1
15573 1477 18 47 2 1
15574 1477 19 47 2 1
15575 1477 20 47 2 1
15576 1477 21 47 2 1
15577 1477 22 47 2 1
15578 1478 12 47 2 1
15579 1478 13 47 2 1
15580 1478 14 47 2 1
15581 1478 15 47 2 1
15582 1478 16 47 2 1
15583 1478 17 47 2 1
15584 1478 18 47 2 1
15585 1478 19 47 2 1
15586 1478 20 47 2 1
15587 1478 21 47 2 1
15588 1478 22 47 2 1
15589 1479 12 47 2 1
15590 1479 13 47 2 1
15591 1479 14 47 2 1
15592 1479 15 47 2 1
15593 1479 16 47 2 1
15594 1479 17 47 2 1
15595 1479 18 47 2 1
15596 1479 19 47 2 1
15597 1479 20 47 2 1
15598 1479 21 47 2 1
15599 1479 22 47 2 1
15600 1480 12 47 2 1
15601 1480 13 47 2 1
15602 1480 14 47 2 1
15603 1480 15 47 2 1
15604 1480 16 47 2 1
15605 1480 17 47 2 1
15606 1480 18 47 2 1
15607 1480 19 47 2 1
15608 1480 20 47 2 1
15609 1480 21 47 2 1
15610 1480 22 47 2 1
15611 1481 12 47 2 1
15612 1481 13 47 2 1
15613 1481 14 47 2 1
15614 1481 15 47 2 1
15615 1481 16 47 2 1
15616 1481 17 47 2 1
15617 1481 18 47 2 1
15618 1481 19 47 2 1
15619 1481 20 47 2 1
15620 1481 21 47 2 1
15621 1481 22 47 2 1
15622 1482 12 47 2 1
15623 1482 13 47 2 1
15624 1482 14 47 2 1
15625 1482 15 47 2 1
15626 1482 16 47 2 1
15627 1482 17 47 2 1
15628 1482 18 47 2 1
15629 1482 19 47 2 1
15630 1482 20 47 2 1
15631 1482 21 47 2 1
15632 1482 22 47 2 1
15633 1483 12 47 2 1
15634 1483 13 47 2 1
15635 1483 14 47 2 1
15636 1483 15 47 2 1
15637 1483 16 47 2 1
15638 1483 17 47 2 1
15639 1483 18 47 2 1
15640 1483 19 47 2 1
15641 1483 20 47 2 1
15642 1483 21 47 2 1
15643 1483 22 47 2 1
15644 1484 12 47 2 1
15645 1484 13 47 2 1
15646 1484 14 47 2 1
15647 1484 15 47 2 1
15648 1484 16 47 2 1
15649 1484 17 47 2 1
15650 1484 18 47 2 1
15651 1484 19 47 2 1
15652 1484 20 47 2 1
15653 1484 21 47 2 1
15654 1484 22 47 2 1
15655 1485 12 47 2 1
15656 1485 13 47 2 1
15657 1485 14 47 2 1
15658 1485 15 47 2 1
15659 1485 16 47 2 1
15660 1485 17 47 2 1
15661 1485 18 47 2 1
15662 1485 19 47 2 1
15663 1485 20 47 2 1
15664 1485 21 47 2 1
15665 1485 22 47 2 1
15666 1486 12 47 2 1
15667 1486 13 47 2 1
15668 1486 14 47 2 1
15669 1486 15 47 2 1
15670 1486 16 47 2 1
15671 1486 17 47 2 1
15672 1486 18 47 2 1
15673 1486 19 47 2 1
15674 1486 20 47 2 1
15675 1486 21 47 2 1
15676 1486 22 47 2 1
15677 1487 12 47 2 1
15678 1487 13 47 2 1
15679 1487 14 47 2 1
15680 1487 15 47 2 1
15681 1487 16 47 2 1
15682 1487 17 47 2 1
15683 1487 18 47 2 1
15684 1487 19 47 2 1
15685 1487 20 47 2 1
15686 1487 21 47 2 1
15687 1487 22 47 2 1
15688 1488 12 47 2 1
15689 1488 13 47 2 1
15690 1488 14 47 2 1
15691 1488 15 47 2 1
15692 1488 16 47 2 1
15693 1488 17 47 2 1
15694 1488 18 47 2 1
15695 1488 19 47 2 1
15696 1488 20 47 2 1
15697 1488 21 47 2 1
15698 1488 22 47 2 1
15699 1489 12 47 2 1
15700 1489 13 47 2 1
15701 1489 14 47 2 1
15702 1489 15 47 2 1
15703 1489 16 47 2 1
15704 1489 17 47 2 1
15705 1489 18 47 2 1
15706 1489 19 47 2 1
15707 1489 20 47 2 1
15708 1489 21 47 2 1
15709 1489 22 47 2 1
15710 1490 12 47 2 1
15711 1490 13 47 2 1
15712 1490 14 47 2 1
15713 1490 15 47 2 1
15714 1490 16 47 2 1
15715 1490 17 47 2 1
15716 1490 18 47 2 1
15717 1490 19 47 2 1
15718 1490 20 47 2 1
15719 1490 21 47 2 1
15720 1490 22 47 2 1
15721 1491 12 47 2 1
15722 1491 13 47 2 1
15723 1491 14 47 2 1
15724 1491 15 47 2 1
15725 1491 16 47 2 1
15726 1491 17 47 2 1
15727 1491 18 47 2 1
15728 1491 19 47 2 1
15729 1491 20 47 2 1
15730 1491 21 47 2 1
15731 1491 22 47 2 1
15732 1492 12 47 2 1
15733 1492 13 47 2 1
15734 1492 14 47 2 1
15735 1492 15 47 2 1
15736 1492 16 47 2 1
15737 1492 17 47 2 1
15738 1492 18 47 2 1
15739 1492 19 47 2 1
15740 1492 20 47 2 1
15741 1492 21 47 2 1
15742 1492 22 47 2 1
15743 1493 12 47 2 1
15744 1493 13 47 2 1
15745 1493 14 47 2 1
15746 1493 15 47 2 1
15747 1493 16 47 2 1
15748 1493 17 47 2 1
15749 1493 18 47 2 1
15750 1493 19 47 2 1
15751 1493 20 47 2 1
15752 1493 21 47 2 1
15753 1493 22 47 2 1
15754 1494 12 47 2 1
15755 1494 13 47 2 1
15756 1494 14 47 2 1
15757 1494 15 47 2 1
15758 1494 16 47 2 1
15759 1494 17 47 2 1
15760 1494 18 47 2 1
15761 1494 21 47 2 1
15762 1494 22 47 2 1
15763 1495 12 47 2 1
15764 1495 13 47 2 1
15765 1495 14 47 2 1
15766 1495 15 47 2 1
15767 1495 16 47 2 1
15768 1495 17 47 2 1
15769 1495 18 47 2 1
15770 1495 21 47 2 1
15771 1495 22 47 2 1
15772 1496 12 47 2 1
15773 1496 13 47 2 1
15774 1496 16 47 2 1
15775 1496 17 47 2 1
15776 1496 18 47 2 1
15777 1496 19 47 2 1
15778 1496 20 47 2 1
15779 1496 21 47 2 1
15780 1496 22 47 2 1
15781 1497 12 47 2 1
15782 1497 13 47 2 1
15783 1497 16 47 2 1
15784 1497 17 47 2 1
15785 1497 18 47 2 1
15786 1497 19 47 2 1
15787 1497 20 47 2 1
15788 1497 21 47 2 1
15789 1497 22 47 2 1
15790 1498 12 47 2 1
15791 1498 13 47 2 1
15792 1498 14 47 2 1
15793 1498 15 47 2 1
15794 1498 16 47 2 1
15795 1498 17 47 2 1
15796 1498 18 47 2 1
15797 1498 19 47 2 1
15798 1498 20 47 2 1
15799 1498 21 47 2 1
15800 1498 22 47 2 1
15801 1499 12 47 2 1
15802 1499 13 47 2 1
15803 1499 14 47 2 1
15804 1499 15 47 2 1
15805 1499 16 47 2 1
15806 1499 17 47 2 1
15807 1499 18 47 2 1
15808 1499 19 47 2 1
15809 1499 20 47 2 1
15810 1499 21 47 2 1
15811 1499 22 47 2 1
15812 1500 12 47 2 1
15813 1500 13 47 2 1
15814 1500 14 47 2 1
15815 1500 15 47 2 1
15816 1500 16 47 2 1
15817 1500 17 47 2 1
15818 1500 18 47 2 1
15819 1500 19 47 2 1
15820 1500 20 47 2 1
15821 1500 21 47 2 1
15822 1500 22 47 2 1
15823 1501 12 47 2 1
15824 1501 13 47 2 1
15825 1501 14 47 2 1
15826 1501 15 47 2 1
15827 1501 16 47 2 1
15828 1501 17 47 2 1
15829 1501 18 47 2 1
15830 1501 19 47 2 1
15831 1501 20 47 2 1
15832 1501 21 47 2 1
15833 1501 22 47 2 1
15834 1502 12 47 2 1
15835 1502 13 47 2 1
15836 1502 14 47 2 1
15837 1502 15 47 2 1
15838 1502 16 47 2 1
15839 1502 17 47 2 1
15840 1502 18 47 2 1
15841 1502 19 47 2 1
15842 1502 20 47 2 1
15843 1502 21 47 2 1
15844 1502 22 47 2 1
15845 1503 12 47 2 1
15846 1503 13 47 2 1
15847 1503 14 47 2 1
15848 1503 15 47 2 1
15849 1503 16 47 2 1
15850 1503 17 47 2 1
15851 1503 18 47 2 1
15852 1503 19 47 2 1
15853 1503 20 47 2 1
15854 1503 21 47 2 1
15855 1503 22 47 2 1
15856 1504 12 47 2 1
15857 1504 13 47 2 1
15858 1504 14 47 2 1
15859 1504 15 47 2 1
15860 1504 16 47 2 1
15861 1504 17 47 2 1
15862 1504 18 47 2 1
15863 1504 19 47 2 1
15864 1504 20 47 2 1
15865 1504 21 47 2 1
15866 1504 22 47 2 1
15867 1505 12 47 2 1
15868 1505 13 47 2 1
15869 1505 14 47 2 1
15870 1505 15 47 2 1
15871 1505 16 47 2 1
15872 1505 17 47 2 1
15873 1505 18 47 2 1
15874 1505 19 47 2 1
15875 1505 20 47 2 1
15876 1505 21 47 2 1
15877 1505 22 47 2 1
15878 1506 12 47 2 1
15879 1506 13 47 2 1
15880 1506 14 47 2 1
15881 1506 15 47 2 1
15882 1506 16 47 2 1
15883 1506 17 47 2 1
15884 1506 18 47 2 1
15885 1506 19 47 2 1
15886 1506 20 47 2 1
15887 1506 21 47 2 1
15888 1506 22 47 2 1
15889 1507 12 47 2 1
15890 1507 13 47 2 1
15891 1507 14 47 2 1
15892 1507 15 47 2 1
15893 1507 16 47 2 1
15894 1507 17 47 2 1
15895 1507 18 47 2 1
15896 1507 19 47 2 1
15897 1507 20 47 2 1
15898 1507 21 47 2 1
15899 1507 22 47 2 1
15900 1508 12 47 2 1
15901 1508 13 47 2 1
15902 1508 14 47 2 1
15903 1508 15 47 2 1
15904 1508 16 47 2 1
15905 1508 17 47 2 1
15906 1508 18 47 2 1
15907 1508 19 47 2 1
15908 1508 20 47 2 1
15909 1508 21 47 2 1
15910 1508 22 47 2 1
15911 1509 12 47 2 1
15912 1509 13 47 2 1
15913 1509 14 47 2 1
15914 1509 15 47 2 1
15915 1509 16 47 2 1
15916 1509 17 47 2 1
15917 1509 18 47 2 1
15918 1509 19 47 2 1
15919 1509 20 47 2 1
15920 1509 21 47 2 1
15921 1509 22 47 2 1
15922 1510 12 47 2 1
15923 1510 13 47 2 1
15924 1510 14 47 2 1
15925 1510 15 47 2 1
15926 1510 16 47 2 1
15927 1510 17 47 2 1
15928 1510 18 47 2 1
15929 1510 19 47 2 1
15930 1510 20 47 2 1
15931 1510 21 47 2 1
15932 1510 22 47 2 1
15933 1511 12 47 2 1
15934 1511 13 47 2 1
15935 1511 14 47 2 1
15936 1511 15 47 2 1
15937 1511 16 47 2 1
15938 1511 17 47 2 1
15939 1511 18 47 2 1
15940 1511 19 47 2 1
15941 1511 20 47 2 1
15942 1511 21 47 2 1
15943 1511 22 47 2 1
15944 1512 12 47 2 1
15945 1512 13 47 2 1
15946 1512 14 47 2 1
15947 1512 15 47 2 1
15948 1512 16 47 2 1
15949 1512 17 47 2 1
15950 1512 18 47 2 1
15951 1512 19 47 2 1
15952 1512 20 47 2 1
15953 1512 21 47 2 1
15954 1512 22 47 2 1
15955 1513 12 47 2 1
15956 1513 13 47 2 1
15957 1513 14 47 2 1
15958 1513 15 47 2 1
15959 1513 16 47 2 1
15960 1513 17 47 2 1
15961 1513 18 47 2 1
15962 1513 19 47 2 1
15963 1513 20 47 2 1
15964 1513 21 47 2 1
15965 1513 22 47 2 1
15966 1514 12 47 2 1
15967 1514 13 47 2 1
15968 1514 16 47 2 1
15969 1514 17 47 2 1
15970 1514 18 47 2 1
15971 1514 19 47 2 1
15972 1514 20 47 2 1
15973 1514 21 47 2 1
15974 1514 22 47 2 1
15975 1515 12 47 2 1
15976 1515 13 47 2 1
15977 1515 16 47 2 1
15978 1515 17 47 2 1
15979 1515 18 47 2 1
15980 1515 19 47 2 1
15981 1515 20 47 2 1
15982 1515 21 47 2 1
15983 1515 22 47 2 1
15984 1516 12 47 2 1
15985 1516 13 47 2 1
15986 1516 14 47 2 1
15987 1516 15 47 2 1
15988 1516 16 47 2 1
15989 1516 17 47 2 1
15990 1516 18 47 2 1
15991 1516 21 47 2 1
15992 1516 22 47 2 1
15993 1517 12 47 2 1
15994 1517 13 47 2 1
15995 1517 14 47 2 1
15996 1517 15 47 2 1
15997 1517 16 47 2 1
15998 1517 17 47 2 1
15999 1517 18 47 2 1
16000 1517 21 47 2 1
16001 1517 22 47 2 1
16002 1518 12 47 2 1
16003 1518 13 47 2 1
16004 1518 14 47 2 1
16005 1518 15 47 2 1
16006 1518 16 47 2 1
16007 1518 17 47 2 1
16008 1518 18 47 2 1
16009 1518 19 47 2 1
16010 1518 20 47 2 1
16011 1518 21 47 2 1
16012 1518 22 47 2 1
16013 1519 12 47 2 1
16014 1519 13 47 2 1
16015 1519 14 47 2 1
16016 1519 15 47 2 1
16017 1519 16 47 2 1
16018 1519 17 47 2 1
16019 1519 18 47 2 1
16020 1519 19 47 2 1
16021 1519 20 47 2 1
16022 1519 21 47 2 1
16023 1519 22 47 2 1
16024 1520 12 47 2 1
16025 1520 13 47 2 1
16026 1520 14 47 2 1
16027 1520 15 47 2 1
16028 1520 16 47 2 1
16029 1520 17 47 2 1
16030 1520 18 47 2 1
16031 1520 19 47 2 1
16032 1520 20 47 2 1
16033 1520 21 47 2 1
16034 1520 22 47 2 1
16035 1521 12 47 2 1
16036 1521 13 47 2 1
16037 1521 14 47 2 1
16038 1521 15 47 2 1
16039 1521 16 47 2 1
16040 1521 17 47 2 1
16041 1521 18 47 2 1
16042 1521 19 47 2 1
16043 1521 20 47 2 1
16044 1521 21 47 2 1
16045 1521 22 47 2 1
16046 1522 12 47 2 1
16047 1522 13 47 2 1
16048 1522 14 47 2 1
16049 1522 15 47 2 1
16050 1522 16 47 2 1
16051 1522 17 47 2 1
16052 1522 18 47 2 1
16053 1522 19 47 2 1
16054 1522 20 47 2 1
16055 1522 21 47 2 1
16056 1522 22 47 2 1
16057 1523 12 47 2 1
16058 1523 13 47 2 1
16059 1523 14 47 2 1
16060 1523 15 47 2 1
16061 1523 16 47 2 1
16062 1523 17 47 2 1
16063 1523 18 47 2 1
16064 1523 19 47 2 1
16065 1523 20 47 2 1
16066 1523 21 47 2 1
16067 1523 22 47 2 1
16068 1524 12 47 2 1
16069 1524 13 47 2 1
16070 1524 14 47 2 1
16071 1524 15 47 2 1
16072 1524 16 47 2 1
16073 1524 17 47 2 1
16074 1524 18 47 2 1
16075 1524 19 47 2 1
16076 1524 20 47 2 1
16077 1524 21 47 2 1
16078 1524 22 47 2 1
16079 1525 12 47 2 1
16080 1525 13 47 2 1
16081 1525 14 47 2 1
16082 1525 15 47 2 1
16083 1525 16 47 2 1
16084 1525 17 47 2 1
16085 1525 18 47 2 1
16086 1525 19 47 2 1
16087 1525 20 47 2 1
16088 1525 21 47 2 1
16089 1525 22 47 2 1
16090 1526 12 47 2 1
16091 1526 13 47 2 1
16092 1526 14 47 2 1
16093 1526 17 47 2 1
16094 1526 18 47 2 1
16095 1526 19 47 2 1
16096 1526 20 47 2 1
16097 1526 21 47 2 1
16098 1526 22 47 2 1
16099 1527 12 47 2 1
16100 1527 13 47 2 1
16101 1527 14 47 2 1
16102 1527 17 47 2 1
16103 1527 18 47 2 1
16104 1527 19 47 2 1
16105 1527 20 47 2 1
16106 1527 21 47 2 1
16107 1527 22 47 2 1
16108 1528 12 47 2 1
16109 1528 13 47 2 1
16110 1528 14 47 2 1
16111 1528 15 47 2 1
16112 1528 16 47 2 1
16113 1528 17 47 2 1
16114 1528 20 47 2 1
16115 1528 21 47 2 1
16116 1528 22 47 2 1
16117 1529 12 47 2 1
16118 1529 13 47 2 1
16119 1529 14 47 2 1
16120 1529 15 47 2 1
16121 1529 16 47 2 1
16122 1529 17 47 2 1
16123 1529 20 47 2 1
16124 1529 21 47 2 1
16125 1529 22 47 2 1
16126 1530 12 47 2 1
16127 1530 13 47 2 1
16128 1530 14 47 2 1
16129 1530 15 47 2 1
16130 1530 16 47 2 1
16131 1530 17 47 2 1
16132 1530 18 47 2 1
16133 1530 19 47 2 1
16134 1530 20 47 2 1
16135 1530 21 47 2 1
16136 1530 22 47 2 1
16137 1531 12 47 2 1
16138 1531 13 47 2 1
16139 1531 14 47 2 1
16140 1531 15 47 2 1
16141 1531 16 47 2 1
16142 1531 17 47 2 1
16143 1531 18 47 2 1
16144 1531 19 47 2 1
16145 1531 20 47 2 1
16146 1531 21 47 2 1
16147 1531 22 47 2 1
16148 1532 12 47 2 1
16149 1532 13 47 2 1
16150 1532 14 47 2 1
16151 1532 15 47 2 1
16152 1532 16 47 2 1
16153 1532 17 47 2 1
16154 1532 18 47 2 1
16155 1532 19 47 2 1
16156 1532 20 47 2 1
16157 1532 21 47 2 1
16158 1532 22 47 2 1
16159 1533 12 47 2 1
16160 1533 13 47 2 1
16161 1533 14 47 2 1
16162 1533 15 47 2 1
16163 1533 16 47 2 1
16164 1533 17 47 2 1
16165 1533 18 47 2 1
16166 1533 19 47 2 1
16167 1533 20 47 2 1
16168 1533 21 47 2 1
16169 1533 22 47 2 1
16170 1534 12 47 2 1
16171 1534 13 47 2 1
16172 1534 14 47 2 1
16173 1534 15 47 2 1
16174 1534 16 47 2 1
16175 1534 17 47 2 1
16176 1534 18 47 2 1
16177 1534 19 47 2 1
16178 1534 20 47 2 1
16179 1534 21 47 2 1
16180 1534 22 47 2 1
16181 1535 12 47 2 1
16182 1535 13 47 2 1
16183 1535 14 47 2 1
16184 1535 15 47 2 1
16185 1535 16 47 2 1
16186 1535 17 47 2 1
16187 1535 18 47 2 1
16188 1535 19 47 2 1
16189 1535 20 47 2 1
16190 1535 21 47 2 1
16191 1535 22 47 2 1
16192 1536 12 47 2 1
16193 1536 13 47 2 1
16194 1536 14 47 2 1
16195 1536 15 47 2 1
16196 1536 16 47 2 1
16197 1536 17 47 2 1
16198 1536 18 47 2 1
16199 1536 19 47 2 1
16200 1536 20 47 2 1
16201 1536 21 47 2 1
16202 1536 22 47 2 1
16203 1537 12 47 2 1
16204 1537 13 47 2 1
16205 1537 14 47 2 1
16206 1537 15 47 2 1
16207 1537 16 47 2 1
16208 1537 17 47 2 1
16209 1537 18 47 2 1
16210 1537 19 47 2 1
16211 1537 20 47 2 1
16212 1537 21 47 2 1
16213 1537 22 47 2 1
16214 1538 12 47 2 1
16215 1538 13 47 2 1
16216 1538 14 47 2 1
16217 1538 15 47 2 1
16218 1538 16 47 2 1
16219 1538 17 47 2 1
16220 1538 18 47 2 1
16221 1538 19 47 2 1
16222 1538 20 47 2 1
16223 1538 21 47 2 1
16224 1538 22 47 2 1
16225 1539 12 47 2 1
16226 1539 13 47 2 1
16227 1539 14 47 2 1
16228 1539 15 47 2 1
16229 1539 16 47 2 1
16230 1539 17 47 2 1
16231 1539 18 47 2 1
16232 1539 19 47 2 1
16233 1539 20 47 2 1
16234 1539 21 47 2 1
16235 1539 22 47 2 1
16236 1540 12 47 2 1
16237 1540 13 47 2 1
16238 1540 14 47 2 1
16239 1540 15 47 2 1
16240 1540 16 47 2 1
16241 1540 17 47 2 1
16242 1540 18 47 2 1
16243 1540 19 47 2 1
16244 1540 20 47 2 1
16245 1540 21 47 2 1
16246 1540 22 47 2 1
16247 1541 12 47 2 1
16248 1541 13 47 2 1
16249 1541 14 47 2 1
16250 1541 15 47 2 1
16251 1541 16 47 2 1
16252 1541 17 47 2 1
16253 1541 18 47 2 1
16254 1541 19 47 2 1
16255 1541 20 47 2 1
16256 1541 21 47 2 1
16257 1541 22 47 2 1
16258 1542 12 47 2 1
16259 1542 13 47 2 1
16260 1542 14 47 2 1
16261 1542 15 47 2 1
16262 1542 16 47 2 1
16263 1542 17 47 2 1
16264 1542 18 47 2 1
16265 1542 19 47 2 1
16266 1542 20 47 2 1
16267 1542 21 47 2 1
16268 1542 22 47 2 1
16269 1543 12 47 2 1
16270 1543 13 47 2 1
16271 1543 14 47 2 1
16272 1543 15 47 2 1
16273 1543 16 47 2 1
16274 1543 17 47 2 1
16275 1543 18 47 2 1
16276 1543 19 47 2 1
16277 1543 20 47 2 1
16278 1543 21 47 2 1
16279 1543 22 47 2 1
16280 1544 12 47 2 1
16281 1544 13 47 2 1
16282 1544 14 47 2 1
16283 1544 15 47 2 1
16284 1544 16 47 2 1
16285 1544 17 47 2 1
16286 1544 18 47 2 1
16287 1544 19 47 2 1
16288 1544 20 47 2 1
16289 1544 21 47 2 1
16290 1544 22 47 2 1
16291 1545 12 47 2 1
16292 1545 13 47 2 1
16293 1545 14 47 2 1
16294 1545 15 47 2 1
16295 1545 16 47 2 1
16296 1545 17 47 2 1
16297 1545 18 47 2 1
16298 1545 19 47 2 1
16299 1545 20 47 2 1
16300 1545 21 47 2 1
16301 1545 22 47 2 1
16302 1546 12 47 2 1
16303 1546 13 47 2 1
16304 1546 14 47 2 1
16305 1546 15 47 2 1
16306 1546 16 47 2 1
16307 1546 17 47 2 1
16308 1546 18 47 2 1
16309 1546 19 47 2 1
16310 1546 20 47 2 1
16311 1546 21 47 2 1
16312 1546 22 47 2 1
16313 1547 12 47 2 1
16314 1547 13 47 2 1
16315 1547 14 47 2 1
16316 1547 15 47 2 1
16317 1547 16 47 2 1
16318 1547 17 47 2 1
16319 1547 18 47 2 1
16320 1547 19 47 2 1
16321 1547 20 47 2 1
16322 1547 21 47 2 1
16323 1547 22 47 2 1
16324 1548 12 47 2 1
16325 1548 13 47 2 1
16326 1548 14 47 2 1
16327 1548 15 47 2 1
16328 1548 16 47 2 1
16329 1548 17 47 2 1
16330 1548 18 47 2 1
16331 1548 19 47 2 1
16332 1548 20 47 2 1
16333 1548 21 47 2 1
16334 1548 22 47 2 1
16335 1549 12 47 2 1
16336 1549 13 47 2 1
16337 1549 14 47 2 1
16338 1549 15 47 2 1
16339 1549 16 47 2 1
16340 1549 17 47 2 1
16341 1549 18 47 2 1
16342 1549 19 47 2 1
16343 1549 20 47 2 1
16344 1549 21 47 2 1
16345 1549 22 47 2 1
16346 1550 12 47 2 1
16347 1550 13 47 2 1
16348 1550 14 47 2 1
16349 1550 15 47 2 1
16350 1550 16 47 2 1
16351 1550 17 47 2 1
16352 1550 18 47 2 1
16353 1550 19 47 2 1
16354 1550 20 47 2 1
16355 1550 21 47 2 1
16356 1550 22 47 2 1
16357 1551 12 47 2 1
16358 1551 13 47 2 1
16359 1551 14 47 2 1
16360 1551 15 47 2 1
16361 1551 16 47 2 1
16362 1551 17 47 2 1
16363 1551 18 47 2 1
16364 1551 19 47 2 1
16365 1551 20 47 2 1
16366 1551 21 47 2 1
16367 1551 22 47 2 1
16368 1552 12 47 2 1
16369 1552 13 47 2 1
16370 1552 14 47 2 1
16371 1552 15 47 2 1
16372 1552 16 47 2 1
16373 1552 17 47 2 1
16374 1552 18 47 2 1
16375 1552 19 47 2 1
16376 1552 20 47 2 1
16377 1552 21 47 2 1
16378 1552 22 47 2 1
16379 1553 12 47 2 1
16380 1553 13 47 2 1
16381 1553 14 47 2 1
16382 1553 15 47 2 1
16383 1553 16 47 2 1
16384 1553 17 47 2 1
16385 1553 18 47 2 1
16386 1553 19 47 2 1
16387 1553 20 47 2 1
16388 1553 21 47 2 1
16389 1553 22 47 2 1
16390 1554 12 47 2 1
16391 1554 13 47 2 1
16392 1554 14 47 2 1
16393 1554 15 47 2 1
16394 1554 16 47 2 1
16395 1554 17 47 2 1
16396 1554 18 47 2 1
16397 1554 19 47 2 1
16398 1554 20 47 2 1
16399 1554 21 47 2 1
16400 1554 22 47 2 1
16401 1555 12 47 2 1
16402 1555 13 47 2 1
16403 1555 14 47 2 1
16404 1555 15 47 2 1
16405 1555 16 47 2 1
16406 1555 17 47 2 1
16407 1555 18 47 2 1
16408 1555 19 47 2 1
16409 1555 20 47 2 1
16410 1555 21 47 2 1
16411 1555 22 47 2 1
16412 1556 12 47 2 1
16413 1556 13 47 2 1
16414 1556 14 47 2 1
16415 1556 15 47 2 1
16416 1556 16 47 2 1
16417 1556 17 47 2 1
16418 1556 18 47 2 1
16419 1556 19 47 2 1
16420 1556 20 47 2 1
16421 1556 21 47 2 1
16422 1556 22 47 2 1
16423 1557 12 47 2 1
16424 1557 13 47 2 1
16425 1557 14 47 2 1
16426 1557 15 47 2 1
16427 1557 16 47 2 1
16428 1557 17 47 2 1
16429 1557 18 47 2 1
16430 1557 19 47 2 1
16431 1557 20 47 2 1
16432 1557 21 47 2 1
16433 1557 22 47 2 1
16434 1558 12 47 2 1
16435 1558 13 47 2 1
16436 1558 14 47 2 1
16437 1558 15 47 2 1
16438 1558 16 47 2 1
16439 1558 17 47 2 1
16440 1558 18 47 2 1
16441 1558 19 47 2 1
16442 1558 20 47 2 1
16443 1558 21 47 2 1
16444 1558 22 47 2 1
16445 1559 12 47 2 1
16446 1559 13 47 2 1
16447 1559 14 47 2 1
16448 1559 15 47 2 1
16449 1559 16 47 2 1
16450 1559 17 47 2 1
16451 1559 18 47 2 1
16452 1559 19 47 2 1
16453 1559 20 47 2 1
16454 1559 21 47 2 1
16455 1559 22 47 2 1
16456 1560 12 47 2 1
16457 1560 13 47 2 1
16458 1560 14 47 2 1
16459 1560 15 47 2 1
16460 1560 16 47 2 1
16461 1560 17 47 2 1
16462 1560 18 47 2 1
16463 1560 19 47 2 1
16464 1560 20 47 2 1
16465 1560 21 47 2 1
16466 1560 22 47 2 1
16467 1561 12 47 2 1
16468 1561 13 47 2 1
16469 1561 14 47 2 1
16470 1561 15 47 2 1
16471 1561 16 47 2 1
16472 1561 17 47 2 1
16473 1561 18 47 2 1
16474 1561 19 47 2 1
16475 1561 20 47 2 1
16476 1561 21 47 2 1
16477 1561 22 47 2 1
16478 1562 12 47 2 1
16479 1562 13 47 2 1
16480 1562 14 47 2 1
16481 1562 15 47 2 1
16482 1562 16 47 2 1
16483 1562 17 47 2 1
16484 1562 18 47 2 1
16485 1562 19 47 2 1
16486 1562 20 47 2 1
16487 1562 21 47 2 1
16488 1562 22 47 2 1
16489 1563 12 47 2 1
16490 1563 13 47 2 1
16491 1563 14 47 2 1
16492 1563 15 47 2 1
16493 1563 16 47 2 1
16494 1563 17 47 2 1
16495 1563 18 47 2 1
16496 1563 19 47 2 1
16497 1563 20 47 2 1
16498 1563 21 47 2 1
16499 1563 22 47 2 1
16500 1564 12 47 2 1
16501 1564 13 47 2 1
16502 1564 14 47 2 1
16503 1564 15 47 2 1
16504 1564 16 47 2 1
16505 1564 17 47 2 1
16506 1564 18 47 2 1
16507 1564 19 47 2 1
16508 1564 20 47 2 1
16509 1564 21 47 2 1
16510 1564 22 47 2 1
16511 1565 12 47 2 1
16512 1565 13 47 2 1
16513 1565 14 47 2 1
16514 1565 15 47 2 1
16515 1565 16 47 2 1
16516 1565 17 47 2 1
16517 1565 18 47 2 1
16518 1565 19 47 2 1
16519 1565 20 47 2 1
16520 1565 21 47 2 1
16521 1565 22 47 2 1
16522 1566 12 47 2 1
16523 1566 13 47 2 1
16524 1566 14 47 2 1
16525 1566 15 47 2 1
16526 1566 16 47 2 1
16527 1566 17 47 2 1
16528 1566 18 47 2 1
16529 1566 19 47 2 1
16530 1566 20 47 2 1
16531 1566 21 47 2 1
16532 1566 22 47 2 1
16533 1567 12 47 2 1
16534 1567 13 47 2 1
16535 1567 14 47 2 1
16536 1567 15 47 2 1
16537 1567 16 47 2 1
16538 1567 17 47 2 1
16539 1567 18 47 2 1
16540 1567 19 47 2 1
16541 1567 20 47 2 1
16542 1567 21 47 2 1
16543 1567 22 47 2 1
16544 1568 12 47 2 1
16545 1568 13 47 2 1
16546 1568 14 47 2 1
16547 1568 15 47 2 1
16548 1568 16 47 2 1
16549 1568 17 47 2 1
16550 1568 18 47 2 1
16551 1568 19 47 2 1
16552 1568 20 47 2 1
16553 1568 21 47 2 1
16554 1568 22 47 2 1
16555 1569 12 47 2 1
16556 1569 13 47 2 1
16557 1569 14 47 2 1
16558 1569 15 47 2 1
16559 1569 16 47 2 1
16560 1569 17 47 2 1
16561 1569 18 47 2 1
16562 1569 19 47 2 1
16563 1569 20 47 2 1
16564 1569 21 47 2 1
16565 1569 22 47 2 1
16566 1570 12 47 2 1
16567 1570 13 47 2 1
16568 1570 14 47 2 1
16569 1570 15 47 2 1
16570 1570 16 47 2 1
16571 1570 17 47 2 1
16572 1570 18 47 2 1
16573 1570 19 47 2 1
16574 1570 20 47 2 1
16575 1570 21 47 2 1
16576 1570 22 47 2 1
16577 1571 12 47 2 1
16578 1571 13 47 2 1
16579 1571 14 47 2 1
16580 1571 15 47 2 1
16581 1571 16 47 2 1
16582 1571 17 47 2 1
16583 1571 18 47 2 1
16584 1571 19 47 2 1
16585 1571 20 47 2 1
16586 1571 21 47 2 1
16587 1571 22 47 2 1
16588 1572 12 47 2 1
16589 1572 13 47 2 1
16590 1572 14 47 2 1
16591 1572 15 47 2 1
16592 1572 16 47 2 1
16593 1572 17 47 2 1
16594 1572 18 47 2 1
16595 1572 19 47 2 1
16596 1572 20 47 2 1
16597 1572 21 47 2 1
16598 1572 22 47 2 1
16599 1573 12 47 2 1
16600 1573 13 47 2 1
16601 1573 14 47 2 1
16602 1573 15 47 2 1
16603 1573 16 47 2 1
16604 1573 17 47 2 1
16605 1573 18 47 2 1
16606 1573 19 47 2 1
16607 1573 20 47 2 1
16608 1573 21 47 2 1
16609 1573 22 47 2 1
16610 1574 12 47 2 1
16611 1574 13 47 2 1
16612 1574 14 47 2 1
16613 1574 15 47 2 1
16614 1574 16 47 2 1
16615 1574 17 47 2 1
16616 1574 18 47 2 1
16617 1574 19 47 2 1
16618 1574 20 47 2 1
16619 1574 21 47 2 1
16620 1574 22 47 2 1
16621 1575 12 47 2 1
16622 1575 13 47 2 1
16623 1575 14 47 2 1
16624 1575 15 47 2 1
16625 1575 16 47 2 1
16626 1575 17 47 2 1
16627 1575 18 47 2 1
16628 1575 19 47 2 1
16629 1575 20 47 2 1
16630 1575 21 47 2 1
16631 1575 22 47 2 1
16632 1576 12 47 2 1
16633 1576 13 47 2 1
16634 1576 14 47 2 1
16635 1576 15 47 2 1
16636 1576 16 47 2 1
16637 1576 17 47 2 1
16638 1576 18 47 2 1
16639 1576 19 47 2 1
16640 1576 20 47 2 1
16641 1576 21 47 2 1
16642 1576 22 47 2 1
16643 1577 12 47 2 1
16644 1577 13 47 2 1
16645 1577 14 47 2 1
16646 1577 15 47 2 1
16647 1577 16 47 2 1
16648 1577 17 47 2 1
16649 1577 18 47 2 1
16650 1577 19 47 2 1
16651 1577 20 47 2 1
16652 1577 21 47 2 1
16653 1577 22 47 2 1
16654 1578 12 47 2 1
16655 1578 13 47 2 1
16656 1578 14 47 2 1
16657 1578 15 47 2 1
16658 1578 16 47 2 1
16659 1578 17 47 2 1
16660 1578 18 47 2 1
16661 1578 19 47 2 1
16662 1578 20 47 2 1
16663 1578 21 47 2 1
16664 1578 22 47 2 1
16665 1579 12 47 2 1
16666 1579 13 47 2 1
16667 1579 14 47 2 1
16668 1579 15 47 2 1
16669 1579 16 47 2 1
16670 1579 17 47 2 1
16671 1579 18 47 2 1
16672 1579 19 47 2 1
16673 1579 20 47 2 1
16674 1579 21 47 2 1
16675 1579 22 47 2 1
16676 1580 12 47 2 1
16677 1580 13 47 2 1
16678 1580 14 47 2 1
16679 1580 15 47 2 1
16680 1580 16 47 2 1
16681 1580 17 47 2 1
16682 1580 18 47 2 1
16683 1580 19 47 2 1
16684 1580 20 47 2 1
16685 1580 21 47 2 1
16686 1580 22 47 2 1
16687 1581 12 47 2 1
16688 1581 13 47 2 1
16689 1581 14 47 2 1
16690 1581 15 47 2 1
16691 1581 16 47 2 1
16692 1581 17 47 2 1
16693 1581 18 47 2 1
16694 1581 19 47 2 1
16695 1581 20 47 2 1
16696 1581 21 47 2 1
16697 1581 22 47 2 1
16698 1582 12 47 2 1
16699 1582 13 47 2 1
16700 1582 14 47 2 1
16701 1582 15 47 2 1
16702 1582 16 47 2 1
16703 1582 17 47 2 1
16704 1582 18 47 2 1
16705 1582 19 47 2 1
16706 1582 20 47 2 1
16707 1582 21 47 2 1
16708 1582 22 47 2 1
16709 1583 12 47 2 1
16710 1583 13 47 2 1
16711 1583 14 47 2 1
16712 1583 15 47 2 1
16713 1583 16 47 2 1
16714 1583 17 47 2 1
16715 1583 18 47 2 1
16716 1583 19 47 2 1
16717 1583 20 47 2 1
16718 1583 21 47 2 1
16719 1583 22 47 2 1
16720 1584 12 47 2 1
16721 1584 13 47 2 1
16722 1584 14 47 2 1
16723 1584 15 47 2 1
16724 1584 16 47 2 1
16725 1584 17 47 2 1
16726 1584 18 47 2 1
16727 1584 19 47 2 1
16728 1584 20 47 2 1
16729 1584 21 47 2 1
16730 1584 22 47 2 1
16731 1585 12 47 2 1
16732 1585 13 47 2 1
16733 1585 14 47 2 1
16734 1585 15 47 2 1
16735 1585 16 47 2 1
16736 1585 17 47 2 1
16737 1585 18 47 2 1
16738 1585 19 47 2 1
16739 1585 20 47 2 1
16740 1585 21 47 2 1
16741 1585 22 47 2 1
16742 1586 12 47 2 1
16743 1586 13 47 2 1
16744 1586 14 47 2 1
16745 1586 15 47 2 1
16746 1586 16 47 2 1
16747 1586 17 47 2 1
16748 1586 18 47 2 1
16749 1586 19 47 2 1
16750 1586 20 47 2 1
16751 1586 21 47 2 1
16752 1586 22 47 2 1
16753 1587 12 47 2 1
16754 1587 13 47 2 1
16755 1587 14 47 2 1
16756 1587 15 47 2 1
16757 1587 16 47 2 1
16758 1587 17 47 2 1
16759 1587 18 47 2 1
16760 1587 19 47 2 1
16761 1587 20 47 2 1
16762 1587 21 47 2 1
16763 1587 22 47 2 1
16764 1588 12 47 2 1
16765 1588 13 47 2 1
16766 1588 14 47 2 1
16767 1588 15 47 2 1
16768 1588 16 47 2 1
16769 1588 17 47 2 1
16770 1588 18 47 2 1
16771 1588 19 47 2 1
16772 1588 20 47 2 1
16773 1588 21 47 2 1
16774 1588 22 47 2 1
16775 1589 12 47 2 1
16776 1589 13 47 2 1
16777 1589 14 47 2 1
16778 1589 15 47 2 1
16779 1589 16 47 2 1
16780 1589 17 47 2 1
16781 1589 18 47 2 1
16782 1589 19 47 2 1
16783 1589 20 47 2 1
16784 1589 21 47 2 1
16785 1589 22 47 2 1
16786 1590 12 47 2 1
16787 1590 13 47 2 1
16788 1590 14 47 2 1
16789 1590 15 47 2 1
16790 1590 16 47 2 1
16791 1590 19 47 2 1
16792 1590 20 47 2 1
16793 1590 21 47 2 1
16794 1590 22 47 2 1
16795 1591 12 47 2 1
16796 1591 13 47 2 1
16797 1591 14 47 2 1
16798 1591 15 47 2 1
16799 1591 16 47 2 1
16800 1591 19 47 2 1
16801 1591 20 47 2 1
16802 1591 21 47 2 1
16803 1591 22 47 2 1
16804 1592 12 47 2 1
16805 1592 13 47 2 1
16806 1592 14 47 2 1
16807 1592 15 47 2 1
16808 1592 18 47 2 1
16809 1592 19 47 2 1
16810 1592 20 47 2 1
16811 1592 21 47 2 1
16812 1592 22 47 2 1
16813 1593 12 47 2 1
16814 1593 13 47 2 1
16815 1593 14 47 2 1
16816 1593 15 47 2 1
16817 1593 18 47 2 1
16818 1593 19 47 2 1
16819 1593 20 47 2 1
16820 1593 21 47 2 1
16821 1593 22 47 2 1
16822 1594 12 47 2 1
16823 1594 13 47 2 1
16824 1594 14 47 2 1
16825 1594 15 47 2 1
16826 1594 16 47 2 1
16827 1594 17 47 2 1
16828 1594 18 47 2 1
16829 1594 19 47 2 1
16830 1594 20 47 2 1
16831 1594 21 47 2 1
16832 1594 22 47 2 1
16833 1595 12 47 2 1
16834 1595 13 47 2 1
16835 1595 14 47 2 1
16836 1595 15 47 2 1
16837 1595 16 47 2 1
16838 1595 17 47 2 1
16839 1595 18 47 2 1
16840 1595 19 47 2 1
16841 1595 20 47 2 1
16842 1595 21 47 2 1
16843 1595 22 47 2 1
16844 1596 12 47 2 1
16845 1596 13 47 2 1
16846 1596 14 47 2 1
16847 1596 15 47 2 1
16848 1596 16 47 2 1
16849 1596 17 47 2 1
16850 1596 18 47 2 1
16851 1596 19 47 2 1
16852 1596 20 47 2 1
16853 1596 21 47 2 1
16854 1596 22 47 2 1
16855 1597 12 47 2 1
16856 1597 13 47 2 1
16857 1597 14 47 2 1
16858 1597 15 47 2 1
16859 1597 16 47 2 1
16860 1597 17 47 2 1
16861 1597 18 47 2 1
16862 1597 19 47 2 1
16863 1597 20 47 2 1
16864 1597 21 47 2 1
16865 1597 22 47 2 1
16866 1598 12 47 2 1
16867 1598 13 47 2 1
16868 1598 14 47 2 1
16869 1598 15 47 2 1
16870 1598 16 47 2 1
16871 1598 17 47 2 1
16872 1598 18 47 2 1
16873 1598 19 47 2 1
16874 1598 20 47 2 1
16875 1598 21 47 2 1
16876 1598 22 47 2 1
16877 1599 12 47 2 1
16878 1599 13 47 2 1
16879 1599 14 47 2 1
16880 1599 15 47 2 1
16881 1599 16 47 2 1
16882 1599 17 47 2 1
16883 1599 18 47 2 1
16884 1599 19 47 2 1
16885 1599 20 47 2 1
16886 1599 21 47 2 1
16887 1599 22 47 2 1
16888 1600 12 47 2 1
16889 1600 13 47 2 1
16890 1600 14 47 2 1
16891 1600 15 47 2 1
16892 1600 16 47 2 1
16893 1600 17 47 2 1
16894 1600 18 47 2 1
16895 1600 19 47 2 1
16896 1600 20 47 2 1
16897 1600 21 47 2 1
16898 1600 22 47 2 1
16899 1601 12 47 2 1
16900 1601 13 47 2 1
16901 1601 14 47 2 1
16902 1601 15 47 2 1
16903 1601 16 47 2 1
16904 1601 17 47 2 1
16905 1601 18 47 2 1
16906 1601 19 47 2 1
16907 1601 20 47 2 1
16908 1601 21 47 2 1
16909 1601 22 47 2 1
16910 1602 12 47 2 1
16911 1602 13 47 2 1
16912 1602 14 47 2 1
16913 1602 15 47 2 1
16914 1602 16 47 2 1
16915 1602 17 47 2 1
16916 1602 18 47 2 1
16917 1602 19 47 2 1
16918 1602 20 47 2 1
16919 1602 21 47 2 1
16920 1602 22 47 2 1
16921 1603 12 47 2 1
16922 1603 13 47 2 1
16923 1603 14 47 2 1
16924 1603 15 47 2 1
16925 1603 16 47 2 1
16926 1603 17 47 2 1
16927 1603 18 47 2 1
16928 1603 19 47 2 1
16929 1603 20 47 2 1
16930 1603 21 47 2 1
16931 1603 22 47 2 1
16932 1604 12 47 2 1
16933 1604 13 47 2 1
16934 1604 14 47 2 1
16935 1604 15 47 2 1
16936 1604 16 47 2 1
16937 1604 17 47 2 1
16938 1604 18 47 2 1
16939 1604 19 47 2 1
16940 1604 20 47 2 1
16941 1604 21 47 2 1
16942 1604 22 47 2 1
16943 1605 12 47 2 1
16944 1605 13 47 2 1
16945 1605 14 47 2 1
16946 1605 15 47 2 1
16947 1605 16 47 2 1
16948 1605 17 47 2 1
16949 1605 18 47 2 1
16950 1605 19 47 2 1
16951 1605 20 47 2 1
16952 1605 21 47 2 1
16953 1605 22 47 2 1
16954 1606 12 47 2 1
16955 1606 13 47 2 1
16956 1606 14 47 2 1
16957 1606 15 47 2 1
16958 1606 16 47 2 1
16959 1606 17 47 2 1
16960 1606 18 47 2 1
16961 1606 19 47 2 1
16962 1606 20 47 2 1
16963 1606 21 47 2 1
16964 1606 22 47 2 1
16965 1607 12 47 2 1
16966 1607 13 47 2 1
16967 1607 14 47 2 1
16968 1607 15 47 2 1
16969 1607 16 47 2 1
16970 1607 17 47 2 1
16971 1607 18 47 2 1
16972 1607 19 47 2 1
16973 1607 20 47 2 1
16974 1607 21 47 2 1
16975 1607 22 47 2 1
16976 1608 12 47 2 1
16977 1608 13 47 2 1
16978 1608 14 47 2 1
16979 1608 15 47 2 1
16980 1608 16 47 2 1
16981 1608 17 47 2 1
16982 1608 18 47 2 1
16983 1608 19 47 2 1
16984 1608 20 47 2 1
16985 1608 21 47 2 1
16986 1608 22 47 2 1
16987 1609 12 47 2 1
16988 1609 13 47 2 1
16989 1609 14 47 2 1
16990 1609 15 47 2 1
16991 1609 16 47 2 1
16992 1609 17 47 2 1
16993 1609 18 47 2 1
16994 1609 19 47 2 1
16995 1609 20 47 2 1
16996 1609 21 47 2 1
16997 1609 22 47 2 1
16998 1610 12 47 2 1
16999 1610 13 47 2 1
17000 1610 14 47 2 1
17001 1610 15 47 2 1
17002 1610 16 47 2 1
17003 1610 17 47 2 1
17004 1610 18 47 2 1
17005 1610 19 47 2 1
17006 1610 20 47 2 1
17007 1610 21 47 2 1
17008 1610 22 47 2 1
17009 1611 12 47 2 1
17010 1611 13 47 2 1
17011 1611 14 47 2 1
17012 1611 15 47 2 1
17013 1611 16 47 2 1
17014 1611 17 47 2 1
17015 1611 18 47 2 1
17016 1611 19 47 2 1
17017 1611 20 47 2 1
17018 1611 21 47 2 1
17019 1611 22 47 2 1
17020 1612 12 47 2 1
17021 1612 13 47 2 1
17022 1612 14 47 2 1
17023 1612 15 47 2 1
17024 1612 16 47 2 1
17025 1612 17 47 2 1
17026 1612 18 47 2 1
17027 1612 19 47 2 1
17028 1612 20 47 2 1
17029 1612 21 47 2 1
17030 1612 22 47 2 1
17031 1613 12 47 2 1
17032 1613 13 47 2 1
17033 1613 14 47 2 1
17034 1613 15 47 2 1
17035 1613 16 47 2 1
17036 1613 17 47 2 1
17037 1613 18 47 2 1
17038 1613 19 47 2 1
17039 1613 20 47 2 1
17040 1613 21 47 2 1
17041 1613 22 47 2 1
17042 1614 12 47 2 1
17043 1614 13 47 2 1
17044 1614 14 47 2 1
17045 1614 15 47 2 1
17046 1614 16 47 2 1
17047 1614 17 47 2 1
17048 1614 18 47 2 1
17049 1614 19 47 2 1
17050 1614 20 47 2 1
17051 1614 21 47 2 1
17052 1614 22 47 2 1
17053 1615 12 47 2 1
17054 1615 13 47 2 1
17055 1615 14 47 2 1
17056 1615 15 47 2 1
17057 1615 16 47 2 1
17058 1615 17 47 2 1
17059 1615 18 47 2 1
17060 1615 19 47 2 1
17061 1615 20 47 2 1
17062 1615 21 47 2 1
17063 1615 22 47 2 1
17064 1616 12 47 2 1
17065 1616 13 47 2 1
17066 1616 14 47 2 1
17067 1616 15 47 2 1
17068 1616 16 47 2 1
17069 1616 17 47 2 1
17070 1616 18 47 2 1
17071 1616 19 47 2 1
17072 1616 20 47 2 1
17073 1616 21 47 2 1
17074 1616 22 47 2 1
17075 1617 12 47 2 1
17076 1617 13 47 2 1
17077 1617 14 47 2 1
17078 1617 15 47 2 1
17079 1617 16 47 2 1
17080 1617 17 47 2 1
17081 1617 18 47 2 1
17082 1617 19 47 2 1
17083 1617 20 47 2 1
17084 1617 21 47 2 1
17085 1617 22 47 2 1
17086 1618 12 47 2 1
17087 1618 15 47 2 1
17088 1618 16 47 2 1
17089 1618 17 47 2 1
17090 1618 18 47 2 1
17091 1618 19 47 2 1
17092 1618 20 47 2 1
17093 1618 21 47 2 1
17094 1618 22 47 2 1
17095 1619 12 47 2 1
17096 1619 15 47 2 1
17097 1619 16 47 2 1
17098 1619 17 47 2 1
17099 1619 18 47 2 1
17100 1619 19 47 2 1
17101 1619 20 47 2 1
17102 1619 21 47 2 1
17103 1619 22 47 2 1
17104 1620 12 47 2 1
17105 1620 13 47 2 1
17106 1620 14 47 2 1
17107 1620 15 47 2 1
17108 1620 16 47 2 1
17109 1620 17 47 2 1
17110 1620 18 47 2 1
17111 1620 19 47 2 1
17112 1620 22 47 2 1
17113 1621 12 47 2 1
17114 1621 13 47 2 1
17115 1621 14 47 2 1
17116 1621 15 47 2 1
17117 1621 16 47 2 1
17118 1621 17 47 2 1
17119 1621 18 47 2 1
17120 1621 19 47 2 1
17121 1621 22 47 2 1
17122 1622 12 47 2 1
17123 1622 13 47 2 1
17124 1622 14 47 2 1
17125 1622 15 47 2 1
17126 1622 16 47 2 1
17127 1622 17 47 2 1
17128 1622 18 47 2 1
17129 1622 19 47 2 1
17130 1622 20 47 2 1
17131 1622 21 47 2 1
17132 1622 22 47 2 1
17133 1623 12 47 2 1
17134 1623 13 47 2 1
17135 1623 14 47 2 1
17136 1623 15 47 2 1
17137 1623 16 47 2 1
17138 1623 17 47 2 1
17139 1623 18 47 2 1
17140 1623 19 47 2 1
17141 1623 20 47 2 1
17142 1623 21 47 2 1
17143 1623 22 47 2 1
17144 1624 12 47 2 1
17145 1624 13 47 2 1
17146 1624 14 47 2 1
17147 1624 15 47 2 1
17148 1624 16 47 2 1
17149 1624 17 47 2 1
17150 1624 18 47 2 1
17151 1624 19 47 2 1
17152 1624 20 47 2 1
17153 1624 21 47 2 1
17154 1624 22 47 2 1
17155 1625 12 47 2 1
17156 1625 13 47 2 1
17157 1625 14 47 2 1
17158 1625 15 47 2 1
17159 1625 16 47 2 1
17160 1625 17 47 2 1
17161 1625 18 47 2 1
17162 1625 19 47 2 1
17163 1625 20 47 2 1
17164 1625 21 47 2 1
17165 1625 22 47 2 1
17166 1626 12 47 2 1
17167 1626 13 47 2 1
17168 1626 14 47 2 1
17169 1626 15 47 2 1
17170 1626 16 47 2 1
17171 1626 17 47 2 1
17172 1626 18 47 2 1
17173 1626 19 47 2 1
17174 1626 20 47 2 1
17175 1626 21 47 2 1
17176 1626 22 47 2 1
17177 1627 12 47 2 1
17178 1627 13 47 2 1
17179 1627 14 47 2 1
17180 1627 15 47 2 1
17181 1627 16 47 2 1
17182 1627 17 47 2 1
17183 1627 18 47 2 1
17184 1627 19 47 2 1
17185 1627 20 47 2 1
17186 1627 21 47 2 1
17187 1627 22 47 2 1
17188 1628 12 47 2 1
17189 1628 13 47 2 1
17190 1628 14 47 2 1
17191 1628 15 47 2 1
17192 1628 16 47 2 1
17193 1628 17 47 2 1
17194 1628 18 47 2 1
17195 1628 19 47 2 1
17196 1628 20 47 2 1
17197 1628 21 47 2 1
17198 1628 22 47 2 1
17199 1629 12 47 2 1
17200 1629 13 47 2 1
17201 1629 14 47 2 1
17202 1629 15 47 2 1
17203 1629 16 47 2 1
17204 1629 17 47 2 1
17205 1629 18 47 2 1
17206 1629 19 47 2 1
17207 1629 20 47 2 1
17208 1629 21 47 2 1
17209 1629 22 47 2 1
17210 1630 12 47 2 1
17211 1630 13 47 2 1
17212 1630 14 47 2 1
17213 1630 15 47 2 1
17214 1630 16 47 2 1
17215 1630 19 47 2 1
17216 1630 20 47 2 1
17217 1630 21 47 2 1
17218 1630 22 47 2 1
17219 1631 12 47 2 1
17220 1631 13 47 2 1
17221 1631 14 47 2 1
17222 1631 15 47 2 1
17223 1631 16 47 2 1
17224 1631 19 47 2 1
17225 1631 20 47 2 1
17226 1631 21 47 2 1
17227 1631 22 47 2 1
17228 1632 12 47 2 1
17229 1632 13 47 2 1
17230 1632 14 47 2 1
17231 1632 15 47 2 1
17232 1632 18 47 2 1
17233 1632 19 47 2 1
17234 1632 20 47 2 1
17235 1632 21 47 2 1
17236 1632 22 47 2 1
17237 1633 12 47 2 1
17238 1633 13 47 2 1
17239 1633 14 47 2 1
17240 1633 15 47 2 1
17241 1633 18 47 2 1
17242 1633 19 47 2 1
17243 1633 20 47 2 1
17244 1633 21 47 2 1
17245 1633 22 47 2 1
17246 1634 12 47 2 1
17247 1634 13 47 2 1
17248 1634 14 47 2 1
17249 1634 15 47 2 1
17250 1634 16 47 2 1
17251 1634 17 47 2 1
17252 1634 18 47 2 1
17253 1634 19 47 2 1
17254 1634 20 47 2 1
17255 1634 21 47 2 1
17256 1634 22 47 2 1
17257 1635 12 47 2 1
17258 1635 13 47 2 1
17259 1635 14 47 2 1
17260 1635 15 47 2 1
17261 1635 16 47 2 1
17262 1635 17 47 2 1
17263 1635 18 47 2 1
17264 1635 19 47 2 1
17265 1635 20 47 2 1
17266 1635 21 47 2 1
17267 1635 22 47 2 1
17268 1636 12 47 2 1
17269 1636 13 47 2 1
17270 1636 14 47 2 1
17271 1636 15 47 2 1
17272 1636 16 47 2 1
17273 1636 17 47 2 1
17274 1636 18 47 2 1
17275 1636 19 47 2 1
17276 1636 20 47 2 1
17277 1636 21 47 2 1
17278 1636 22 47 2 1
17279 1637 12 47 2 1
17280 1637 13 47 2 1
17281 1637 14 47 2 1
17282 1637 15 47 2 1
17283 1637 16 47 2 1
17284 1637 17 47 2 1
17285 1637 18 47 2 1
17286 1637 19 47 2 1
17287 1637 20 47 2 1
17288 1637 21 47 2 1
17289 1637 22 47 2 1
17290 1638 12 47 2 1
17291 1638 13 47 2 1
17292 1638 14 47 2 1
17293 1638 15 47 2 1
17294 1638 16 47 2 1
17295 1638 17 47 2 1
17296 1638 18 47 2 1
17297 1638 19 47 2 1
17298 1638 20 47 2 1
17299 1638 21 47 2 1
17300 1638 22 47 2 1
17301 1639 12 47 2 1
17302 1639 13 47 2 1
17303 1639 14 47 2 1
17304 1639 15 47 2 1
17305 1639 16 47 2 1
17306 1639 17 47 2 1
17307 1639 18 47 2 1
17308 1639 19 47 2 1
17309 1639 20 47 2 1
17310 1639 21 47 2 1
17311 1639 22 47 2 1
17312 1640 12 47 2 1
17313 1640 13 47 2 1
17314 1640 14 47 2 1
17315 1640 15 47 2 1
17316 1640 16 47 2 1
17317 1640 17 47 2 1
17318 1640 18 47 2 1
17319 1640 19 47 2 1
17320 1640 20 47 2 1
17321 1640 21 47 2 1
17322 1640 22 47 2 1
17323 1641 12 47 2 1
17324 1641 13 47 2 1
17325 1641 14 47 2 1
17326 1641 15 47 2 1
17327 1641 16 47 2 1
17328 1641 17 47 2 1
17329 1641 18 47 2 1
17330 1641 19 47 2 1
17331 1641 20 47 2 1
17332 1641 21 47 2 1
17333 1641 22 47 2 1
17334 1642 12 47 2 1
17335 1642 15 47 2 1
17336 1642 16 47 2 1
17337 1642 17 47 2 1
17338 1642 18 47 2 1
17339 1642 21 47 2 1
17340 1642 22 47 2 1
17341 1643 12 47 2 1
17342 1643 15 47 2 1
17343 1643 16 47 2 1
17344 1643 17 47 2 1
17345 1643 18 47 2 1
17346 1643 21 47 2 1
17347 1643 22 47 2 1
17348 1644 12 47 2 1
17349 1644 13 47 2 1
17350 1644 16 47 2 1
17351 1644 17 47 2 1
17352 1644 18 47 2 1
17353 1644 19 47 2 1
17354 1644 22 47 2 1
17355 1645 12 47 2 1
17356 1645 13 47 2 1
17357 1645 16 47 2 1
17358 1645 17 47 2 1
17359 1645 18 47 2 1
17360 1645 19 47 2 1
17361 1645 22 47 2 1
17362 1646 12 47 2 1
17363 1646 13 47 2 1
17364 1646 14 47 2 1
17365 1646 15 47 2 1
17366 1646 16 47 2 1
17367 1646 17 47 2 1
17368 1646 18 47 2 1
17369 1646 19 47 2 1
17370 1646 20 47 2 1
17371 1646 21 47 2 1
17372 1646 22 47 2 1
17373 1647 12 47 2 1
17374 1647 13 47 2 1
17375 1647 14 47 2 1
17376 1647 15 47 2 1
17377 1647 16 47 2 1
17378 1647 17 47 2 1
17379 1647 18 47 2 1
17380 1647 19 47 2 1
17381 1647 20 47 2 1
17382 1647 21 47 2 1
17383 1647 22 47 2 1
17384 1648 12 47 2 1
17385 1648 13 47 2 1
17386 1648 14 47 2 1
17387 1648 15 47 2 1
17388 1648 16 47 2 1
17389 1648 17 47 2 1
17390 1648 18 47 2 1
17391 1648 19 47 2 1
17392 1648 20 47 2 1
17393 1648 21 47 2 1
17394 1648 22 47 2 1
17395 1649 12 47 2 1
17396 1649 13 47 2 1
17397 1649 14 47 2 1
17398 1649 15 47 2 1
17399 1649 16 47 2 1
17400 1649 17 47 2 1
17401 1649 18 47 2 1
17402 1649 19 47 2 1
17403 1649 20 47 2 1
17404 1649 21 47 2 1
17405 1649 22 47 2 1
17406 1650 12 47 2 1
17407 1650 13 47 2 1
17408 1650 14 47 2 1
17409 1650 15 47 2 1
17410 1650 16 47 2 1
17411 1650 17 47 2 1
17412 1650 18 47 2 1
17413 1650 19 47 2 1
17414 1650 20 47 2 1
17415 1650 21 47 2 1
17416 1650 22 47 2 1
17417 1651 12 47 2 1
17418 1651 13 47 2 1
17419 1651 14 47 2 1
17420 1651 15 47 2 1
17421 1651 16 47 2 1
17422 1651 17 47 2 1
17423 1651 18 47 2 1
17424 1651 19 47 2 1
17425 1651 20 47 2 1
17426 1651 21 47 2 1
17427 1651 22 47 2 1
17428 1652 12 47 2 1
17429 1652 13 47 2 1
17430 1652 14 47 2 1
17431 1652 15 47 2 1
17432 1652 16 47 2 1
17433 1652 17 47 2 1
17434 1652 18 47 2 1
17435 1652 19 47 2 1
17436 1652 20 47 2 1
17437 1652 21 47 2 1
17438 1652 22 47 2 1
17439 1653 12 47 2 1
17440 1653 13 47 2 1
17441 1653 14 47 2 1
17442 1653 15 47 2 1
17443 1653 16 47 2 1
17444 1653 17 47 2 1
17445 1653 18 47 2 1
17446 1653 19 47 2 1
17447 1653 20 47 2 1
17448 1653 21 47 2 1
17449 1653 22 47 2 1
17450 1654 12 47 2 1
17451 1654 13 47 2 1
17452 1654 14 47 2 1
17453 1654 15 47 2 1
17454 1654 16 47 2 1
17455 1654 17 47 2 1
17456 1654 18 47 2 1
17457 1654 19 47 2 1
17458 1654 20 47 2 1
17459 1654 21 47 2 1
17460 1654 22 47 2 1
17461 1655 12 47 2 1
17462 1655 13 47 2 1
17463 1655 14 47 2 1
17464 1655 15 47 2 1
17465 1655 16 47 2 1
17466 1655 17 47 2 1
17467 1655 18 47 2 1
17468 1655 19 47 2 1
17469 1655 20 47 2 1
17470 1655 21 47 2 1
17471 1655 22 47 2 1
17472 1656 12 47 2 1
17473 1656 13 47 2 1
17474 1656 14 47 2 1
17475 1656 15 47 2 1
17476 1656 16 47 2 1
17477 1656 17 47 2 1
17478 1656 18 47 2 1
17479 1656 19 47 2 1
17480 1656 20 47 2 1
17481 1656 21 47 2 1
17482 1656 22 47 2 1
17483 1657 12 47 2 1
17484 1657 13 47 2 1
17485 1657 14 47 2 1
17486 1657 15 47 2 1
17487 1657 16 47 2 1
17488 1657 17 47 2 1
17489 1657 18 47 2 1
17490 1657 19 47 2 1
17491 1657 20 47 2 1
17492 1657 21 47 2 1
17493 1657 22 47 2 1
17494 1658 12 47 2 1
17495 1658 13 47 2 1
17496 1658 14 47 2 1
17497 1658 15 47 2 1
17498 1658 16 47 2 1
17499 1658 17 47 2 1
17500 1658 18 47 2 1
17501 1658 19 47 2 1
17502 1658 20 47 2 1
17503 1658 21 47 2 1
17504 1658 22 47 2 1
17505 1659 12 47 2 1
17506 1659 13 47 2 1
17507 1659 14 47 2 1
17508 1659 15 47 2 1
17509 1659 16 47 2 1
17510 1659 17 47 2 1
17511 1659 18 47 2 1
17512 1659 19 47 2 1
17513 1659 20 47 2 1
17514 1659 21 47 2 1
17515 1659 22 47 2 1
17516 1660 12 47 2 1
17517 1660 13 47 2 1
17518 1660 14 47 2 1
17519 1660 15 47 2 1
17520 1660 16 47 2 1
17521 1660 17 47 2 1
17522 1660 18 47 2 1
17523 1660 19 47 2 1
17524 1660 20 47 2 1
17525 1660 21 47 2 1
17526 1660 22 47 2 1
17527 1661 12 47 2 1
17528 1661 13 47 2 1
17529 1661 14 47 2 1
17530 1661 15 47 2 1
17531 1661 16 47 2 1
17532 1661 17 47 2 1
17533 1661 18 47 2 1
17534 1661 19 47 2 1
17535 1661 20 47 2 1
17536 1661 21 47 2 1
17537 1661 22 47 2 1
17538 1662 12 47 2 1
17539 1662 13 47 2 1
17540 1662 14 47 2 1
17541 1662 15 47 2 1
17542 1662 16 47 2 1
17543 1662 17 47 2 1
17544 1662 18 47 2 1
17545 1662 19 47 2 1
17546 1662 20 47 2 1
17547 1662 21 47 2 1
17548 1662 22 47 2 1
17549 1663 12 47 2 1
17550 1663 13 47 2 1
17551 1663 14 47 2 1
17552 1663 15 47 2 1
17553 1663 16 47 2 1
17554 1663 17 47 2 1
17555 1663 18 47 2 1
17556 1663 19 47 2 1
17557 1663 20 47 2 1
17558 1663 21 47 2 1
17559 1663 22 47 2 1
17560 1664 12 47 2 1
17561 1664 13 47 2 1
17562 1664 14 47 2 1
17563 1664 15 47 2 1
17564 1664 16 47 2 1
17565 1664 17 47 2 1
17566 1664 18 47 2 1
17567 1664 19 47 2 1
17568 1664 20 47 2 1
17569 1664 21 47 2 1
17570 1664 22 47 2 1
17571 1665 12 47 2 1
17572 1665 13 47 2 1
17573 1665 14 47 2 1
17574 1665 15 47 2 1
17575 1665 16 47 2 1
17576 1665 17 47 2 1
17577 1665 18 47 2 1
17578 1665 19 47 2 1
17579 1665 20 47 2 1
17580 1665 21 47 2 1
17581 1665 22 47 2 1
17582 1666 12 47 2 1
17583 1666 13 47 2 1
17584 1666 14 47 2 1
17585 1666 15 47 2 1
17586 1666 16 47 2 1
17587 1666 17 47 2 1
17588 1666 18 47 2 1
17589 1666 19 47 2 1
17590 1666 20 47 2 1
17591 1666 21 47 2 1
17592 1666 22 47 2 1
17593 1667 12 47 2 1
17594 1667 13 47 2 1
17595 1667 14 47 2 1
17596 1667 15 47 2 1
17597 1667 16 47 2 1
17598 1667 17 47 2 1
17599 1667 18 47 2 1
17600 1667 19 47 2 1
17601 1667 20 47 2 1
17602 1667 21 47 2 1
17603 1667 22 47 2 1
17604 1668 12 47 2 1
17605 1668 13 47 2 1
17606 1668 14 47 2 1
17607 1668 15 47 2 1
17608 1668 16 47 2 1
17609 1668 17 47 2 1
17610 1668 18 47 2 1
17611 1668 19 47 2 1
17612 1668 20 47 2 1
17613 1668 21 47 2 1
17614 1668 22 47 2 1
17615 1669 12 47 2 1
17616 1669 13 47 2 1
17617 1669 14 47 2 1
17618 1669 15 47 2 1
17619 1669 16 47 2 1
17620 1669 17 47 2 1
17621 1669 18 47 2 1
17622 1669 19 47 2 1
17623 1669 20 47 2 1
17624 1669 21 47 2 1
17625 1669 22 47 2 1
17626 1670 12 47 2 1
17627 1670 13 47 2 1
17628 1670 14 47 2 1
17629 1670 15 47 2 1
17630 1670 16 47 2 1
17631 1670 17 47 2 1
17632 1670 18 47 2 1
17633 1670 19 47 2 1
17634 1670 20 47 2 1
17635 1670 21 47 2 1
17636 1670 22 47 2 1
17637 1671 12 47 2 1
17638 1671 13 47 2 1
17639 1671 14 47 2 1
17640 1671 15 47 2 1
17641 1671 16 47 2 1
17642 1671 17 47 2 1
17643 1671 18 47 2 1
17644 1671 19 47 2 1
17645 1671 20 47 2 1
17646 1671 21 47 2 1
17647 1671 22 47 2 1
17648 1672 12 47 2 1
17649 1672 13 47 2 1
17650 1672 14 47 2 1
17651 1672 15 47 2 1
17652 1672 16 47 2 1
17653 1672 17 47 2 1
17654 1672 18 47 2 1
17655 1672 19 47 2 1
17656 1672 20 47 2 1
17657 1672 21 47 2 1
17658 1672 22 47 2 1
17659 1673 12 47 2 1
17660 1673 13 47 2 1
17661 1673 14 47 2 1
17662 1673 15 47 2 1
17663 1673 16 47 2 1
17664 1673 17 47 2 1
17665 1673 18 47 2 1
17666 1673 19 47 2 1
17667 1673 20 47 2 1
17668 1673 21 47 2 1
17669 1673 22 47 2 1
17670 1674 12 47 2 1
17671 1674 13 47 2 1
17672 1674 14 47 2 1
17673 1674 17 47 2 1
17674 1674 18 47 2 1
17675 1674 19 47 2 1
17676 1674 20 47 2 1
17677 1674 21 47 2 1
17678 1674 22 47 2 1
17679 1675 12 47 2 1
17680 1675 13 47 2 1
17681 1675 14 47 2 1
17682 1675 17 47 2 1
17683 1675 18 47 2 1
17684 1675 19 47 2 1
17685 1675 20 47 2 1
17686 1675 21 47 2 1
17687 1675 22 47 2 1
17688 1676 12 47 2 1
17689 1676 13 47 2 1
17690 1676 14 47 2 1
17691 1676 15 47 2 1
17692 1676 16 47 2 1
17693 1676 17 47 2 1
17694 1676 20 47 2 1
17695 1676 21 47 2 1
17696 1676 22 47 2 1
17697 1677 12 47 2 1
17698 1677 13 47 2 1
17699 1677 14 47 2 1
17700 1677 15 47 2 1
17701 1677 16 47 2 1
17702 1677 17 47 2 1
17703 1677 20 47 2 1
17704 1677 21 47 2 1
17705 1677 22 47 2 1
17706 1678 12 47 2 1
17707 1678 13 47 2 1
17708 1678 14 47 2 1
17709 1678 15 47 2 1
17710 1678 16 47 2 1
17711 1678 17 47 2 1
17712 1678 18 47 2 1
17713 1678 19 47 2 1
17714 1678 20 47 2 1
17715 1678 21 47 2 1
17716 1678 22 47 2 1
17717 1679 12 47 2 1
17718 1679 13 47 2 1
17719 1679 14 47 2 1
17720 1679 15 47 2 1
17721 1679 16 47 2 1
17722 1679 17 47 2 1
17723 1679 18 47 2 1
17724 1679 19 47 2 1
17725 1679 20 47 2 1
17726 1679 21 47 2 1
17727 1679 22 47 2 1
17728 1680 12 47 2 1
17729 1680 13 47 2 1
17730 1680 14 47 2 1
17731 1680 15 47 2 1
17732 1680 16 47 2 1
17733 1680 17 47 2 1
17734 1680 18 47 2 1
17735 1680 19 47 2 1
17736 1680 20 47 2 1
17737 1680 21 47 2 1
17738 1680 22 47 2 1
17739 1681 12 47 2 1
17740 1681 13 47 2 1
17741 1681 14 47 2 1
17742 1681 15 47 2 1
17743 1681 16 47 2 1
17744 1681 17 47 2 1
17745 1681 18 47 2 1
17746 1681 19 47 2 1
17747 1681 20 47 2 1
17748 1681 21 47 2 1
17749 1681 22 47 2 1
17750 1682 12 47 2 1
17751 1682 13 47 2 1
17752 1682 14 47 2 1
17753 1682 15 47 2 1
17754 1682 16 47 2 1
17755 1682 17 47 2 1
17756 1682 18 47 2 1
17757 1682 19 47 2 1
17758 1682 20 47 2 1
17759 1682 21 47 2 1
17760 1682 22 47 2 1
17761 1683 12 47 2 1
17762 1683 13 47 2 1
17763 1683 14 47 2 1
17764 1683 15 47 2 1
17765 1683 16 47 2 1
17766 1683 17 47 2 1
17767 1683 18 47 2 1
17768 1683 19 47 2 1
17769 1683 20 47 2 1
17770 1683 21 47 2 1
17771 1683 22 47 2 1
17772 1684 12 47 2 1
17773 1684 13 47 2 1
17774 1684 14 47 2 1
17775 1684 15 47 2 1
17776 1684 16 47 2 1
17777 1684 17 47 2 1
17778 1684 18 47 2 1
17779 1684 19 47 2 1
17780 1684 20 47 2 1
17781 1684 21 47 2 1
17782 1684 22 47 2 1
17783 1685 12 47 2 1
17784 1685 13 47 2 1
17785 1685 14 47 2 1
17786 1685 15 47 2 1
17787 1685 16 47 2 1
17788 1685 17 47 2 1
17789 1685 18 47 2 1
17790 1685 19 47 2 1
17791 1685 20 47 2 1
17792 1685 21 47 2 1
17793 1685 22 47 2 1
17794 1686 12 47 2 1
17795 1686 13 47 2 1
17796 1686 14 47 2 1
17797 1686 15 47 2 1
17798 1686 16 47 2 1
17799 1686 17 47 2 1
17800 1686 18 47 2 1
17801 1686 19 47 2 1
17802 1686 20 47 2 1
17803 1686 21 47 2 1
17804 1686 22 47 2 1
17805 1687 12 47 2 1
17806 1687 13 47 2 1
17807 1687 14 47 2 1
17808 1687 15 47 2 1
17809 1687 16 47 2 1
17810 1687 17 47 2 1
17811 1687 18 47 2 1
17812 1687 19 47 2 1
17813 1687 20 47 2 1
17814 1687 21 47 2 1
17815 1687 22 47 2 1
17816 1688 12 47 2 1
17817 1688 13 47 2 1
17818 1688 14 47 2 1
17819 1688 15 47 2 1
17820 1688 16 47 2 1
17821 1688 17 47 2 1
17822 1688 18 47 2 1
17823 1688 19 47 2 1
17824 1688 20 47 2 1
17825 1688 21 47 2 1
17826 1688 22 47 2 1
17827 1689 12 47 2 1
17828 1689 13 47 2 1
17829 1689 14 47 2 1
17830 1689 15 47 2 1
17831 1689 16 47 2 1
17832 1689 17 47 2 1
17833 1689 18 47 2 1
17834 1689 19 47 2 1
17835 1689 20 47 2 1
17836 1689 21 47 2 1
17837 1689 22 47 2 1
17838 1690 12 47 2 1
17839 1690 13 47 2 1
17840 1690 14 47 2 1
17841 1690 15 47 2 1
17842 1690 16 47 2 1
17843 1690 17 47 2 1
17844 1690 18 47 2 1
17845 1690 19 47 2 1
17846 1690 20 47 2 1
17847 1690 21 47 2 1
17848 1690 22 47 2 1
17849 1691 12 47 2 1
17850 1691 13 47 2 1
17851 1691 14 47 2 1
17852 1691 15 47 2 1
17853 1691 16 47 2 1
17854 1691 17 47 2 1
17855 1691 18 47 2 1
17856 1691 19 47 2 1
17857 1691 20 47 2 1
17858 1691 21 47 2 1
17859 1691 22 47 2 1
17860 1692 12 47 2 1
17861 1692 13 47 2 1
17862 1692 14 47 2 1
17863 1692 15 47 2 1
17864 1692 16 47 2 1
17865 1692 17 47 2 1
17866 1692 18 47 2 1
17867 1692 19 47 2 1
17868 1692 20 47 2 1
17869 1692 21 47 2 1
17870 1692 22 47 2 1
17871 1693 12 47 2 1
17872 1693 13 47 2 1
17873 1693 14 47 2 1
17874 1693 15 47 2 1
17875 1693 16 47 2 1
17876 1693 17 47 2 1
17877 1693 18 47 2 1
17878 1693 19 47 2 1
17879 1693 20 47 2 1
17880 1693 21 47 2 1
17881 1693 22 47 2 1
17882 1694 12 47 2 1
17883 1694 13 47 2 1
17884 1694 14 47 2 1
17885 1694 15 47 2 1
17886 1694 16 47 2 1
17887 1694 17 47 2 1
17888 1694 18 47 2 1
17889 1694 19 47 2 1
17890 1694 20 47 2 1
17891 1694 21 47 2 1
17892 1694 22 47 2 1
17893 1695 12 47 2 1
17894 1695 13 47 2 1
17895 1695 14 47 2 1
17896 1695 15 47 2 1
17897 1695 16 47 2 1
17898 1695 17 47 2 1
17899 1695 18 47 2 1
17900 1695 19 47 2 1
17901 1695 20 47 2 1
17902 1695 21 47 2 1
17903 1695 22 47 2 1
17904 1696 12 47 2 1
17905 1696 13 47 2 1
17906 1696 14 47 2 1
17907 1696 15 47 2 1
17908 1696 16 47 2 1
17909 1696 17 47 2 1
17910 1696 18 47 2 1
17911 1696 19 47 2 1
17912 1696 20 47 2 1
17913 1696 21 47 2 1
17914 1696 22 47 2 1
17915 1697 12 47 2 1
17916 1697 13 47 2 1
17917 1697 14 47 2 1
17918 1697 15 47 2 1
17919 1697 16 47 2 1
17920 1697 17 47 2 1
17921 1697 18 47 2 1
17922 1697 19 47 2 1
17923 1697 20 47 2 1
17924 1697 21 47 2 1
17925 1697 22 47 2 1
17926 1698 12 47 2 1
17927 1698 13 47 2 1
17928 1698 14 47 2 1
17929 1698 15 47 2 1
17930 1698 16 47 2 1
17931 1698 17 47 2 1
17932 1698 18 47 2 1
17933 1698 19 47 2 1
17934 1698 20 47 2 1
17935 1698 21 47 2 1
17936 1698 22 47 2 1
17937 1699 12 47 2 1
17938 1699 13 47 2 1
17939 1699 14 47 2 1
17940 1699 15 47 2 1
17941 1699 16 47 2 1
17942 1699 17 47 2 1
17943 1699 18 47 2 1
17944 1699 19 47 2 1
17945 1699 20 47 2 1
17946 1699 21 47 2 1
17947 1699 22 47 2 1
17948 1700 12 47 2 1
17949 1700 13 47 2 1
17950 1700 14 47 2 1
17951 1700 15 47 2 1
17952 1700 16 47 2 1
17953 1700 17 47 2 1
17954 1700 18 47 2 1
17955 1700 19 47 2 1
17956 1700 20 47 2 1
17957 1700 21 47 2 1
17958 1700 22 47 2 1
17959 1701 12 47 2 1
17960 1701 13 47 2 1
17961 1701 14 47 2 1
17962 1701 15 47 2 1
17963 1701 16 47 2 1
17964 1701 17 47 2 1
17965 1701 18 47 2 1
17966 1701 19 47 2 1
17967 1701 20 47 2 1
17968 1701 21 47 2 1
17969 1701 22 47 2 1
17970 1702 14 47 2 1
17971 1702 15 47 2 1
17972 1702 16 47 2 1
17973 1702 17 47 2 1
17974 1702 18 47 2 1
17975 1702 19 47 2 1
17976 1702 20 47 2 1
17977 1702 21 47 2 1
17978 1702 22 47 2 1
17979 1703 14 47 2 1
17980 1703 15 47 2 1
17981 1703 16 47 2 1
17982 1703 17 47 2 1
17983 1703 18 47 2 1
17984 1703 19 47 2 1
17985 1703 20 47 2 1
17986 1703 21 47 2 1
17987 1703 22 47 2 1
17988 1704 12 47 2 1
17989 1704 13 47 2 1
17990 1704 14 47 2 1
17991 1704 15 47 2 1
17992 1704 16 47 2 1
17993 1704 17 47 2 1
17994 1704 18 47 2 1
17995 1704 19 47 2 1
17996 1704 20 47 2 1
17997 1705 12 47 2 1
17998 1705 13 47 2 1
17999 1705 14 47 2 1
18000 1705 15 47 2 1
18001 1705 16 47 2 1
18002 1705 17 47 2 1
18003 1705 18 47 2 1
18004 1705 19 47 2 1
18005 1705 20 47 2 1
18006 1706 12 47 2 1
18007 1706 13 47 2 1
18008 1706 14 47 2 1
18009 1706 15 47 2 1
18010 1706 16 47 2 1
18011 1706 17 47 2 1
18012 1706 18 47 2 1
18013 1706 19 47 2 1
18014 1706 20 47 2 1
18015 1706 21 47 2 1
18016 1706 22 47 2 1
18017 1707 12 47 2 1
18018 1707 13 47 2 1
18019 1707 14 47 2 1
18020 1707 15 47 2 1
18021 1707 16 47 2 1
18022 1707 17 47 2 1
18023 1707 18 47 2 1
18024 1707 19 47 2 1
18025 1707 20 47 2 1
18026 1707 21 47 2 1
18027 1707 22 47 2 1
18028 1708 12 47 2 1
18029 1708 13 47 2 1
18030 1708 14 47 2 1
18031 1708 15 47 2 1
18032 1708 16 47 2 1
18033 1708 17 47 2 1
18034 1708 18 47 2 1
18035 1708 19 47 2 1
18036 1708 20 47 2 1
18037 1708 21 47 2 1
18038 1708 22 47 2 1
18039 1709 12 47 2 1
18040 1709 13 47 2 1
18041 1709 14 47 2 1
18042 1709 15 47 2 1
18043 1709 16 47 2 1
18044 1709 17 47 2 1
18045 1709 18 47 2 1
18046 1709 19 47 2 1
18047 1709 20 47 2 1
18048 1709 21 47 2 1
18049 1709 22 47 2 1
18050 1710 12 47 2 1
18051 1710 13 47 2 1
18052 1710 14 47 2 1
18053 1710 15 47 2 1
18054 1710 16 47 2 1
18055 1710 17 47 2 1
18056 1710 18 47 2 1
18057 1710 19 47 2 1
18058 1710 20 47 2 1
18059 1710 21 47 2 1
18060 1710 22 47 2 1
18061 1711 12 47 2 1
18062 1711 13 47 2 1
18063 1711 14 47 2 1
18064 1711 15 47 2 1
18065 1711 16 47 2 1
18066 1711 17 47 2 1
18067 1711 18 47 2 1
18068 1711 19 47 2 1
18069 1711 20 47 2 1
18070 1711 21 47 2 1
18071 1711 22 47 2 1
18072 1712 12 47 2 1
18073 1712 13 47 2 1
18074 1712 14 47 2 1
18075 1712 15 47 2 1
18076 1712 16 47 2 1
18077 1712 17 47 2 1
18078 1712 18 47 2 1
18079 1712 19 47 2 1
18080 1712 20 47 2 1
18081 1712 21 47 2 1
18082 1712 22 47 2 1
18083 1713 12 47 2 1
18084 1713 13 47 2 1
18085 1713 14 47 2 1
18086 1713 15 47 2 1
18087 1713 16 47 2 1
18088 1713 17 47 2 1
18089 1713 18 47 2 1
18090 1713 19 47 2 1
18091 1713 20 47 2 1
18092 1713 21 47 2 1
18093 1713 22 47 2 1
18094 1714 12 47 2 1
18095 1714 13 47 2 1
18096 1714 14 47 2 1
18097 1714 15 47 2 1
18098 1714 16 47 2 1
18099 1714 17 47 2 1
18100 1714 18 47 2 1
18101 1714 19 47 2 1
18102 1714 20 47 2 1
18103 1714 21 47 2 1
18104 1714 22 47 2 1
18105 1715 12 47 2 1
18106 1715 13 47 2 1
18107 1715 14 47 2 1
18108 1715 15 47 2 1
18109 1715 16 47 2 1
18110 1715 17 47 2 1
18111 1715 18 47 2 1
18112 1715 19 47 2 1
18113 1715 20 47 2 1
18114 1715 21 47 2 1
18115 1715 22 47 2 1
18116 1716 12 47 2 1
18117 1716 13 47 2 1
18118 1716 14 47 2 1
18119 1716 15 47 2 1
18120 1716 16 47 2 1
18121 1716 17 47 2 1
18122 1716 18 47 2 1
18123 1716 19 47 2 1
18124 1716 20 47 2 1
18125 1716 21 47 2 1
18126 1716 22 47 2 1
18127 1717 12 47 2 1
18128 1717 13 47 2 1
18129 1717 14 47 2 1
18130 1717 15 47 2 1
18131 1717 16 47 2 1
18132 1717 17 47 2 1
18133 1717 18 47 2 1
18134 1717 19 47 2 1
18135 1717 20 47 2 1
18136 1717 21 47 2 1
18137 1717 22 47 2 1
18138 1718 12 47 2 1
18139 1718 13 47 2 1
18140 1718 14 47 2 1
18141 1718 15 47 2 1
18142 1718 16 47 2 1
18143 1718 17 47 2 1
18144 1718 18 47 2 1
18145 1718 19 47 2 1
18146 1718 20 47 2 1
18147 1718 21 47 2 1
18148 1718 22 47 2 1
18149 1719 12 47 2 1
18150 1719 13 47 2 1
18151 1719 14 47 2 1
18152 1719 15 47 2 1
18153 1719 16 47 2 1
18154 1719 17 47 2 1
18155 1719 18 47 2 1
18156 1719 19 47 2 1
18157 1719 20 47 2 1
18158 1719 21 47 2 1
18159 1719 22 47 2 1
18160 1720 12 47 2 1
18161 1720 13 47 2 1
18162 1720 14 47 2 1
18163 1720 15 47 2 1
18164 1720 16 47 2 1
18165 1720 17 47 2 1
18166 1720 18 47 2 1
18167 1720 19 47 2 1
18168 1720 20 47 2 1
18169 1720 21 47 2 1
18170 1720 22 47 2 1
18171 1721 12 47 2 1
18172 1721 13 47 2 1
18173 1721 14 47 2 1
18174 1721 15 47 2 1
18175 1721 16 47 2 1
18176 1721 17 47 2 1
18177 1721 18 47 2 1
18178 1721 19 47 2 1
18179 1721 20 47 2 1
18180 1721 21 47 2 1
18181 1721 22 47 2 1
18182 1722 12 47 2 1
18183 1722 13 47 2 1
18184 1722 14 47 2 1
18185 1722 15 47 2 1
18186 1722 16 47 2 1
18187 1722 17 47 2 1
18188 1722 18 47 2 1
18189 1722 19 47 2 1
18190 1722 20 47 2 1
18191 1722 21 47 2 1
18192 1722 22 47 2 1
18193 1723 12 47 2 1
18194 1723 13 47 2 1
18195 1723 14 47 2 1
18196 1723 15 47 2 1
18197 1723 16 47 2 1
18198 1723 17 47 2 1
18199 1723 18 47 2 1
18200 1723 19 47 2 1
18201 1723 20 47 2 1
18202 1723 21 47 2 1
18203 1723 22 47 2 1
18204 1724 12 47 2 1
18205 1724 13 47 2 1
18206 1724 14 47 2 1
18207 1724 15 47 2 1
18208 1724 16 47 2 1
18209 1724 17 47 2 1
18210 1724 18 47 2 1
18211 1724 19 47 2 1
18212 1724 20 47 2 1
18213 1724 21 47 2 1
18214 1724 22 47 2 1
18215 1725 12 47 2 1
18216 1725 13 47 2 1
18217 1725 14 47 2 1
18218 1725 15 47 2 1
18219 1725 16 47 2 1
18220 1725 17 47 2 1
18221 1725 18 47 2 1
18222 1725 19 47 2 1
18223 1725 20 47 2 1
18224 1725 21 47 2 1
18225 1725 22 47 2 1
18226 1726 14 47 2 1
18227 1726 15 47 2 1
18228 1726 16 47 2 1
18229 1726 17 47 2 1
18230 1726 18 47 2 1
18231 1726 19 47 2 1
18232 1726 20 47 2 1
18233 1726 21 47 2 1
18234 1726 22 47 2 1
18235 1727 14 47 2 1
18236 1727 15 47 2 1
18237 1727 16 47 2 1
18238 1727 17 47 2 1
18239 1727 18 47 2 1
18240 1727 19 47 2 1
18241 1727 20 47 2 1
18242 1727 21 47 2 1
18243 1727 22 47 2 1
18244 1728 12 47 2 1
18245 1728 13 47 2 1
18246 1728 14 47 2 1
18247 1728 15 47 2 1
18248 1728 16 47 2 1
18249 1728 17 47 2 1
18250 1728 18 47 2 1
18251 1728 19 47 2 1
18252 1728 20 47 2 1
18253 1729 12 47 2 1
18254 1729 13 47 2 1
18255 1729 14 47 2 1
18256 1729 15 47 2 1
18257 1729 16 47 2 1
18258 1729 17 47 2 1
18259 1729 18 47 2 1
18260 1729 19 47 2 1
18261 1729 20 47 2 1
18262 1730 12 47 2 1
18263 1730 13 47 2 1
18264 1730 14 47 2 1
18265 1730 15 47 2 1
18266 1730 16 47 2 1
18267 1730 17 47 2 1
18268 1730 18 47 2 1
18269 1730 19 47 2 1
18270 1730 20 47 2 1
18271 1730 21 47 2 1
18272 1730 22 47 2 1
18273 1731 12 47 2 1
18274 1731 13 47 2 1
18275 1731 14 47 2 1
18276 1731 15 47 2 1
18277 1731 16 47 2 1
18278 1731 17 47 2 1
18279 1731 18 47 2 1
18280 1731 19 47 2 1
18281 1731 20 47 2 1
18282 1731 21 47 2 1
18283 1731 22 47 2 1
18284 1732 12 47 2 1
18285 1732 13 47 2 1
18286 1732 14 47 2 1
18287 1732 15 47 2 1
18288 1732 16 47 2 1
18289 1732 17 47 2 1
18290 1732 18 47 2 1
18291 1732 19 47 2 1
18292 1732 20 47 2 1
18293 1732 21 47 2 1
18294 1732 22 47 2 1
18295 1733 12 47 2 1
18296 1733 13 47 2 1
18297 1733 14 47 2 1
18298 1733 15 47 2 1
18299 1733 16 47 2 1
18300 1733 17 47 2 1
18301 1733 18 47 2 1
18302 1733 19 47 2 1
18303 1733 20 47 2 1
18304 1733 21 47 2 1
18305 1733 22 47 2 1
18306 1734 12 47 2 1
18307 1734 13 47 2 1
18308 1734 14 47 2 1
18309 1734 15 47 2 1
18310 1734 16 47 2 1
18311 1734 17 47 2 1
18312 1734 18 47 2 1
18313 1734 19 47 2 1
18314 1734 20 47 2 1
18315 1734 21 47 2 1
18316 1734 22 47 2 1
18317 1735 12 47 2 1
18318 1735 13 47 2 1
18319 1735 14 47 2 1
18320 1735 15 47 2 1
18321 1735 16 47 2 1
18322 1735 17 47 2 1
18323 1735 18 47 2 1
18324 1735 19 47 2 1
18325 1735 20 47 2 1
18326 1735 21 47 2 1
18327 1735 22 47 2 1
18328 1736 12 47 2 1
18329 1736 13 47 2 1
18330 1736 14 47 2 1
18331 1736 15 47 2 1
18332 1736 16 47 2 1
18333 1736 17 47 2 1
18334 1736 18 47 2 1
18335 1736 19 47 2 1
18336 1736 20 47 2 1
18337 1736 21 47 2 1
18338 1736 22 47 2 1
18339 1737 12 47 2 1
18340 1737 13 47 2 1
18341 1737 14 47 2 1
18342 1737 15 47 2 1
18343 1737 16 47 2 1
18344 1737 17 47 2 1
18345 1737 18 47 2 1
18346 1737 19 47 2 1
18347 1737 20 47 2 1
18348 1737 21 47 2 1
18349 1737 22 47 2 1
18350 1738 12 47 2 1
18351 1738 13 47 2 1
18352 1738 14 47 2 1
18353 1738 15 47 2 1
18354 1738 16 47 2 1
18355 1738 17 47 2 1
18356 1738 18 47 2 1
18357 1738 19 47 2 1
18358 1738 22 47 2 1
18359 1739 12 47 2 1
18360 1739 13 47 2 1
18361 1739 14 47 2 1
18362 1739 15 47 2 1
18363 1739 16 47 2 1
18364 1739 17 47 2 1
18365 1739 18 47 2 1
18366 1739 19 47 2 1
18367 1739 22 47 2 1
18368 1740 12 47 2 1
18369 1740 15 47 2 1
18370 1740 16 47 2 1
18371 1740 17 47 2 1
18372 1740 18 47 2 1
18373 1740 19 47 2 1
18374 1740 20 47 2 1
18375 1740 21 47 2 1
18376 1740 22 47 2 1
18377 1741 12 47 2 1
18378 1741 15 47 2 1
18379 1741 16 47 2 1
18380 1741 17 47 2 1
18381 1741 18 47 2 1
18382 1741 19 47 2 1
18383 1741 20 47 2 1
18384 1741 21 47 2 1
18385 1741 22 47 2 1
18386 1742 12 47 2 1
18387 1742 13 47 2 1
18388 1742 14 47 2 1
18389 1742 15 47 2 1
18390 1742 16 47 2 1
18391 1742 17 47 2 1
18392 1742 18 47 2 1
18393 1742 19 47 2 1
18394 1742 20 47 2 1
18395 1742 21 47 2 1
18396 1742 22 47 2 1
18397 1743 12 47 2 1
18398 1743 13 47 2 1
18399 1743 14 47 2 1
18400 1743 15 47 2 1
18401 1743 16 47 2 1
18402 1743 17 47 2 1
18403 1743 18 47 2 1
18404 1743 19 47 2 1
18405 1743 20 47 2 1
18406 1743 21 47 2 1
18407 1743 22 47 2 1
18408 1744 12 47 2 1
18409 1744 13 47 2 1
18410 1744 14 47 2 1
18411 1744 15 47 2 1
18412 1744 16 47 2 1
18413 1744 17 47 2 1
18414 1744 18 47 2 1
18415 1744 19 47 2 1
18416 1744 20 47 2 1
18417 1744 21 47 2 1
18418 1744 22 47 2 1
18419 1745 12 47 2 1
18420 1745 13 47 2 1
18421 1745 14 47 2 1
18422 1745 15 47 2 1
18423 1745 16 47 2 1
18424 1745 17 47 2 1
18425 1745 18 47 2 1
18426 1745 19 47 2 1
18427 1745 20 47 2 1
18428 1745 21 47 2 1
18429 1745 22 47 2 1
18430 1746 12 47 2 1
18431 1746 13 47 2 1
18432 1746 14 47 2 1
18433 1746 15 47 2 1
18434 1746 16 47 2 1
18435 1746 17 47 2 1
18436 1746 18 47 2 1
18437 1746 19 47 2 1
18438 1746 20 47 2 1
18439 1746 21 47 2 1
18440 1746 22 47 2 1
18441 1747 12 47 2 1
18442 1747 13 47 2 1
18443 1747 14 47 2 1
18444 1747 15 47 2 1
18445 1747 16 47 2 1
18446 1747 17 47 2 1
18447 1747 18 47 2 1
18448 1747 19 47 2 1
18449 1747 20 47 2 1
18450 1747 21 47 2 1
18451 1747 22 47 2 1
18452 1748 12 47 2 1
18453 1748 13 47 2 1
18454 1748 14 47 2 1
18455 1748 15 47 2 1
18456 1748 16 47 2 1
18457 1748 17 47 2 1
18458 1748 18 47 2 1
18459 1748 19 47 2 1
18460 1748 20 47 2 1
18461 1748 21 47 2 1
18462 1748 22 47 2 1
18463 1749 12 47 2 1
18464 1749 13 47 2 1
18465 1749 14 47 2 1
18466 1749 15 47 2 1
18467 1749 16 47 2 1
18468 1749 17 47 2 1
18469 1749 18 47 2 1
18470 1749 19 47 2 1
18471 1749 20 47 2 1
18472 1749 21 47 2 1
18473 1749 22 47 2 1
18474 1750 12 47 2 1
18475 1750 13 47 2 1
18476 1750 14 47 2 1
18477 1750 15 47 2 1
18478 1750 16 47 2 1
18479 1750 17 47 2 1
18480 1750 18 47 2 1
18481 1750 19 47 2 1
18482 1750 20 47 2 1
18483 1750 21 47 2 1
18484 1750 22 47 2 1
18485 1751 12 47 2 1
18486 1751 13 47 2 1
18487 1751 14 47 2 1
18488 1751 15 47 2 1
18489 1751 16 47 2 1
18490 1751 17 47 2 1
18491 1751 18 47 2 1
18492 1751 19 47 2 1
18493 1751 20 47 2 1
18494 1751 21 47 2 1
18495 1751 22 47 2 1
18496 1752 12 47 2 1
18497 1752 13 47 2 1
18498 1752 14 47 2 1
18499 1752 15 47 2 1
18500 1752 16 47 2 1
18501 1752 17 47 2 1
18502 1752 18 47 2 1
18503 1752 19 47 2 1
18504 1752 20 47 2 1
18505 1752 21 47 2 1
18506 1752 22 47 2 1
18507 1753 12 47 2 1
18508 1753 13 47 2 1
18509 1753 14 47 2 1
18510 1753 15 47 2 1
18511 1753 16 47 2 1
18512 1753 17 47 2 1
18513 1753 18 47 2 1
18514 1753 19 47 2 1
18515 1753 20 47 2 1
18516 1753 21 47 2 1
18517 1753 22 47 2 1
18518 1754 12 47 2 1
18519 1754 13 47 2 1
18520 1754 14 47 2 1
18521 1754 15 47 2 1
18522 1754 16 47 2 1
18523 1754 17 47 2 1
18524 1754 18 47 2 1
18525 1754 19 47 2 1
18526 1754 20 47 2 1
18527 1754 21 47 2 1
18528 1754 22 47 2 1
18529 1755 12 47 2 1
18530 1755 13 47 2 1
18531 1755 14 47 2 1
18532 1755 15 47 2 1
18533 1755 16 47 2 1
18534 1755 17 47 2 1
18535 1755 18 47 2 1
18536 1755 19 47 2 1
18537 1755 20 47 2 1
18538 1755 21 47 2 1
18539 1755 22 47 2 1
18540 1756 12 47 2 1
18541 1756 13 47 2 1
18542 1756 14 47 2 1
18543 1756 15 47 2 1
18544 1756 16 47 2 1
18545 1756 17 47 2 1
18546 1756 18 47 2 1
18547 1756 19 47 2 1
18548 1756 20 47 2 1
18549 1756 21 47 2 1
18550 1756 22 47 2 1
18551 1757 12 47 2 1
18552 1757 13 47 2 1
18553 1757 14 47 2 1
18554 1757 15 47 2 1
18555 1757 16 47 2 1
18556 1757 17 47 2 1
18557 1757 18 47 2 1
18558 1757 19 47 2 1
18559 1757 20 47 2 1
18560 1757 21 47 2 1
18561 1757 22 47 2 1
18562 1758 12 47 2 1
18563 1758 13 47 2 1
18564 1758 14 47 2 1
18565 1758 15 47 2 1
18566 1758 16 47 2 1
18567 1758 17 47 2 1
18568 1758 18 47 2 1
18569 1758 19 47 2 1
18570 1758 20 47 2 1
18571 1758 21 47 2 1
18572 1758 22 47 2 1
18573 1759 12 47 2 1
18574 1759 13 47 2 1
18575 1759 14 47 2 1
18576 1759 15 47 2 1
18577 1759 16 47 2 1
18578 1759 17 47 2 1
18579 1759 18 47 2 1
18580 1759 19 47 2 1
18581 1759 20 47 2 1
18582 1759 21 47 2 1
18583 1759 22 47 2 1
18584 1760 12 47 2 1
18585 1760 13 47 2 1
18586 1760 14 47 2 1
18587 1760 15 47 2 1
18588 1760 16 47 2 1
18589 1760 17 47 2 1
18590 1760 18 47 2 1
18591 1760 19 47 2 1
18592 1760 20 47 2 1
18593 1760 21 47 2 1
18594 1760 22 47 2 1
18595 1761 12 47 2 1
18596 1761 13 47 2 1
18597 1761 14 47 2 1
18598 1761 15 47 2 1
18599 1761 16 47 2 1
18600 1761 17 47 2 1
18601 1761 18 47 2 1
18602 1761 19 47 2 1
18603 1761 20 47 2 1
18604 1761 21 47 2 1
18605 1761 22 47 2 1
18606 1762 12 47 2 1
18607 1762 13 47 2 1
18608 1762 14 47 2 1
18609 1762 15 47 2 1
18610 1762 16 47 2 1
18611 1762 17 47 2 1
18612 1762 18 47 2 1
18613 1762 19 47 2 1
18614 1762 20 47 2 1
18615 1762 21 47 2 1
18616 1762 22 47 2 1
18617 1763 12 47 2 1
18618 1763 13 47 2 1
18619 1763 14 47 2 1
18620 1763 15 47 2 1
18621 1763 16 47 2 1
18622 1763 17 47 2 1
18623 1763 18 47 2 1
18624 1763 19 47 2 1
18625 1763 20 47 2 1
18626 1763 21 47 2 1
18627 1763 22 47 2 1
18628 1764 12 47 2 1
18629 1764 13 47 2 1
18630 1764 14 47 2 1
18631 1764 15 47 2 1
18632 1764 16 47 2 1
18633 1764 17 47 2 1
18634 1764 18 47 2 1
18635 1764 19 47 2 1
18636 1764 20 47 2 1
18637 1764 21 47 2 1
18638 1764 22 47 2 1
18639 1765 12 47 2 1
18640 1765 13 47 2 1
18641 1765 14 47 2 1
18642 1765 15 47 2 1
18643 1765 16 47 2 1
18644 1765 17 47 2 1
18645 1765 18 47 2 1
18646 1765 19 47 2 1
18647 1765 20 47 2 1
18648 1765 21 47 2 1
18649 1765 22 47 2 1
18650 1766 12 47 2 1
18651 1766 13 47 2 1
18652 1766 14 47 2 1
18653 1766 15 47 2 1
18654 1766 16 47 2 1
18655 1766 17 47 2 1
18656 1766 18 47 2 1
18657 1766 19 47 2 1
18658 1766 20 47 2 1
18659 1766 21 47 2 1
18660 1766 22 47 2 1
18661 1767 12 47 2 1
18662 1767 13 47 2 1
18663 1767 14 47 2 1
18664 1767 15 47 2 1
18665 1767 16 47 2 1
18666 1767 17 47 2 1
18667 1767 18 47 2 1
18668 1767 19 47 2 1
18669 1767 20 47 2 1
18670 1767 21 47 2 1
18671 1767 22 47 2 1
18672 1768 12 47 2 1
18673 1768 13 47 2 1
18674 1768 14 47 2 1
18675 1768 15 47 2 1
18676 1768 16 47 2 1
18677 1768 17 47 2 1
18678 1768 18 47 2 1
18679 1768 19 47 2 1
18680 1768 20 47 2 1
18681 1768 21 47 2 1
18682 1768 22 47 2 1
18683 1769 12 47 2 1
18684 1769 13 47 2 1
18685 1769 14 47 2 1
18686 1769 15 47 2 1
18687 1769 16 47 2 1
18688 1769 17 47 2 1
18689 1769 18 47 2 1
18690 1769 19 47 2 1
18691 1769 20 47 2 1
18692 1769 21 47 2 1
18693 1769 22 47 2 1
18694 1770 12 47 2 1
18695 1770 13 47 2 1
18696 1770 14 47 2 1
18697 1770 15 47 2 1
18698 1770 16 47 2 1
18699 1770 17 47 2 1
18700 1770 18 47 2 1
18701 1770 19 47 2 1
18702 1770 20 47 2 1
18703 1770 21 47 2 1
18704 1770 22 47 2 1
18705 1771 12 47 2 1
18706 1771 13 47 2 1
18707 1771 14 47 2 1
18708 1771 15 47 2 1
18709 1771 16 47 2 1
18710 1771 17 47 2 1
18711 1771 18 47 2 1
18712 1771 19 47 2 1
18713 1771 20 47 2 1
18714 1771 21 47 2 1
18715 1771 22 47 2 1
18716 1772 12 47 2 1
18717 1772 13 47 2 1
18718 1772 14 47 2 1
18719 1772 15 47 2 1
18720 1772 16 47 2 1
18721 1772 17 47 2 1
18722 1772 18 47 2 1
18723 1772 19 47 2 1
18724 1772 20 47 2 1
18725 1772 21 47 2 1
18726 1772 22 47 2 1
18727 1773 12 47 2 1
18728 1773 13 47 2 1
18729 1773 14 47 2 1
18730 1773 15 47 2 1
18731 1773 16 47 2 1
18732 1773 17 47 2 1
18733 1773 18 47 2 1
18734 1773 19 47 2 1
18735 1773 20 47 2 1
18736 1773 21 47 2 1
18737 1773 22 47 2 1
18738 1774 12 47 2 1
18739 1774 13 47 2 1
18740 1774 14 47 2 1
18741 1774 15 47 2 1
18742 1774 16 47 2 1
18743 1774 17 47 2 1
18744 1774 18 47 2 1
18745 1774 19 47 2 1
18746 1774 20 47 2 1
18747 1774 21 47 2 1
18748 1774 22 47 2 1
18749 1775 12 47 2 1
18750 1775 13 47 2 1
18751 1775 14 47 2 1
18752 1775 15 47 2 1
18753 1775 16 47 2 1
18754 1775 17 47 2 1
18755 1775 18 47 2 1
18756 1775 19 47 2 1
18757 1775 20 47 2 1
18758 1775 21 47 2 1
18759 1775 22 47 2 1
18760 1776 12 47 2 1
18761 1776 13 47 2 1
18762 1776 14 47 2 1
18763 1776 15 47 2 1
18764 1776 16 47 2 1
18765 1776 17 47 2 1
18766 1776 20 47 2 1
18767 1776 21 47 2 1
18768 1776 22 47 2 1
18769 1777 12 47 2 1
18770 1777 13 47 2 1
18771 1777 14 47 2 1
18772 1777 15 47 2 1
18773 1777 16 47 2 1
18774 1777 17 47 2 1
18775 1777 20 47 2 1
18776 1777 21 47 2 1
18777 1777 22 47 2 1
18778 1778 12 47 2 1
18779 1778 13 47 2 1
18780 1778 14 47 2 1
18781 1778 15 47 2 1
18782 1778 16 47 2 1
18783 1778 17 47 2 1
18784 1778 20 47 2 1
18785 1778 21 47 2 1
18786 1778 22 47 2 1
18787 1779 12 47 2 1
18788 1779 13 47 2 1
18789 1779 14 47 2 1
18790 1779 15 47 2 1
18791 1779 16 47 2 1
18792 1779 17 47 2 1
18793 1779 20 47 2 1
18794 1779 21 47 2 1
18795 1779 22 47 2 1
18796 1780 12 47 2 1
18797 1780 13 47 2 1
18798 1780 14 47 2 1
18799 1780 17 47 2 1
18800 1780 18 47 2 1
18801 1780 19 47 2 1
18802 1780 20 47 2 1
18803 1780 21 47 2 1
18804 1780 22 47 2 1
18805 1781 12 47 2 1
18806 1781 13 47 2 1
18807 1781 14 47 2 1
18808 1781 17 47 2 1
18809 1781 18 47 2 1
18810 1781 19 47 2 1
18811 1781 20 47 2 1
18812 1781 21 47 2 1
18813 1781 22 47 2 1
18814 1782 12 47 2 1
18815 1782 13 47 2 1
18816 1782 14 47 2 1
18817 1782 17 47 2 1
18818 1782 18 47 2 1
18819 1782 19 47 2 1
18820 1782 20 47 2 1
18821 1782 21 47 2 1
18822 1782 22 47 2 1
18823 1783 12 47 2 1
18824 1783 13 47 2 1
18825 1783 14 47 2 1
18826 1783 17 47 2 1
18827 1783 18 47 2 1
18828 1783 19 47 2 1
18829 1783 20 47 2 1
18830 1783 21 47 2 1
18831 1783 22 47 2 1
18832 1784 12 47 2 1
18833 1784 13 47 2 1
18834 1784 14 47 2 1
18835 1784 15 47 2 1
18836 1784 16 47 2 1
18837 1784 17 47 2 1
18838 1784 18 47 2 1
18839 1784 19 47 2 1
18840 1784 20 47 2 1
18841 1784 21 47 2 1
18842 1784 22 47 2 1
18843 1785 12 47 2 1
18844 1785 13 47 2 1
18845 1785 14 47 2 1
18846 1785 15 47 2 1
18847 1785 16 47 2 1
18848 1785 17 47 2 1
18849 1785 18 47 2 1
18850 1785 19 47 2 1
18851 1785 20 47 2 1
18852 1785 21 47 2 1
18853 1785 22 47 2 1
18854 1786 12 47 2 1
18855 1786 13 47 2 1
18856 1786 14 47 2 1
18857 1786 15 47 2 1
18858 1786 16 47 2 1
18859 1786 17 47 2 1
18860 1786 18 47 2 1
18861 1786 19 47 2 1
18862 1786 20 47 2 1
18863 1786 21 47 2 1
18864 1786 22 47 2 1
18865 1787 12 47 2 1
18866 1787 13 47 2 1
18867 1787 14 47 2 1
18868 1787 15 47 2 1
18869 1787 16 47 2 1
18870 1787 17 47 2 1
18871 1787 18 47 2 1
18872 1787 19 47 2 1
18873 1787 20 47 2 1
18874 1787 21 47 2 1
18875 1787 22 47 2 1
18876 1788 12 47 2 1
18877 1788 13 47 2 1
18878 1788 14 47 2 1
18879 1788 15 47 2 1
18880 1788 16 47 2 1
18881 1788 17 47 2 1
18882 1788 18 47 2 1
18883 1788 19 47 2 1
18884 1788 20 47 2 1
18885 1788 21 47 2 1
18886 1788 22 47 2 1
18887 1789 12 47 2 1
18888 1789 13 47 2 1
18889 1789 14 47 2 1
18890 1789 15 47 2 1
18891 1789 16 47 2 1
18892 1789 17 47 2 1
18893 1789 18 47 2 1
18894 1789 19 47 2 1
18895 1789 20 47 2 1
18896 1789 21 47 2 1
18897 1789 22 47 2 1
18898 1790 12 47 2 1
18899 1790 13 47 2 1
18900 1790 14 47 2 1
18901 1790 15 47 2 1
18902 1790 16 47 2 1
18903 1790 17 47 2 1
18904 1790 18 47 2 1
18905 1790 19 47 2 1
18906 1790 20 47 2 1
18907 1790 21 47 2 1
18908 1790 22 47 2 1
18909 1791 12 47 2 1
18910 1791 13 47 2 1
18911 1791 14 47 2 1
18912 1791 15 47 2 1
18913 1791 16 47 2 1
18914 1791 17 47 2 1
18915 1791 18 47 2 1
18916 1791 19 47 2 1
18917 1791 20 47 2 1
18918 1791 21 47 2 1
18919 1791 22 47 2 1
18920 1792 12 47 2 1
18921 1792 13 47 2 1
18922 1792 14 47 2 1
18923 1792 15 47 2 1
18924 1792 16 47 2 1
18925 1792 17 47 2 1
18926 1792 18 47 2 1
18927 1792 19 47 2 1
18928 1792 20 47 2 1
18929 1792 21 47 2 1
18930 1792 22 47 2 1
18931 1793 12 47 2 1
18932 1793 13 47 2 1
18933 1793 14 47 2 1
18934 1793 15 47 2 1
18935 1793 16 47 2 1
18936 1793 17 47 2 1
18937 1793 18 47 2 1
18938 1793 19 47 2 1
18939 1793 20 47 2 1
18940 1793 21 47 2 1
18941 1793 22 47 2 1
18942 1794 12 47 2 1
18943 1794 13 47 2 1
18944 1794 14 47 2 1
18945 1794 15 47 2 1
18946 1794 16 47 2 1
18947 1794 17 47 2 1
18948 1794 18 47 2 1
18949 1794 19 47 2 1
18950 1794 20 47 2 1
18951 1794 21 47 2 1
18952 1794 22 47 2 1
18953 1795 12 47 2 1
18954 1795 13 47 2 1
18955 1795 14 47 2 1
18956 1795 15 47 2 1
18957 1795 16 47 2 1
18958 1795 17 47 2 1
18959 1795 18 47 2 1
18960 1795 19 47 2 1
18961 1795 20 47 2 1
18962 1795 21 47 2 1
18963 1795 22 47 2 1
18964 1796 12 47 2 1
18965 1796 13 47 2 1
18966 1796 14 47 2 1
18967 1796 15 47 2 1
18968 1796 16 47 2 1
18969 1796 17 47 2 1
18970 1796 18 47 2 1
18971 1796 19 47 2 1
18972 1796 20 47 2 1
18973 1796 21 47 2 1
18974 1796 22 47 2 1
18975 1797 12 47 2 1
18976 1797 13 47 2 1
18977 1797 14 47 2 1
18978 1797 15 47 2 1
18979 1797 16 47 2 1
18980 1797 17 47 2 1
18981 1797 18 47 2 1
18982 1797 19 47 2 1
18983 1797 20 47 2 1
18984 1797 21 47 2 1
18985 1797 22 47 2 1
18986 1798 12 47 2 1
18987 1798 13 47 2 1
18988 1798 14 47 2 1
18989 1798 15 47 2 1
18990 1798 16 47 2 1
18991 1798 17 47 2 1
18992 1798 18 47 2 1
18993 1798 19 47 2 1
18994 1798 20 47 2 1
18995 1798 21 47 2 1
18996 1798 22 47 2 1
18997 1799 12 47 2 1
18998 1799 13 47 2 1
18999 1799 14 47 2 1
19000 1799 15 47 2 1
19001 1799 16 47 2 1
19002 1799 17 47 2 1
19003 1799 18 47 2 1
19004 1799 19 47 2 1
19005 1799 20 47 2 1
19006 1799 21 47 2 1
19007 1799 22 47 2 1
19008 1800 12 47 2 1
19009 1800 13 47 2 1
19010 1800 14 47 2 1
19011 1800 15 47 2 1
19012 1800 16 47 2 1
19013 1800 17 47 2 1
19014 1800 18 47 2 1
19015 1800 19 47 2 1
19016 1800 20 47 2 1
19017 1800 21 47 2 1
19018 1800 22 47 2 1
19019 1801 12 47 2 1
19020 1801 13 47 2 1
19021 1801 14 47 2 1
19022 1801 15 47 2 1
19023 1801 16 47 2 1
19024 1801 17 47 2 1
19025 1801 18 47 2 1
19026 1801 19 47 2 1
19027 1801 20 47 2 1
19028 1801 21 47 2 1
19029 1801 22 47 2 1
19030 1802 12 47 2 1
19031 1802 13 47 2 1
19032 1802 14 47 2 1
19033 1802 15 47 2 1
19034 1802 16 47 2 1
19035 1802 17 47 2 1
19036 1802 18 47 2 1
19037 1802 19 47 2 1
19038 1802 20 47 2 1
19039 1802 21 47 2 1
19040 1802 22 47 2 1
19041 1803 12 47 2 1
19042 1803 13 47 2 1
19043 1803 14 47 2 1
19044 1803 15 47 2 1
19045 1803 16 47 2 1
19046 1803 17 47 2 1
19047 1803 18 47 2 1
19048 1803 19 47 2 1
19049 1803 20 47 2 1
19050 1803 21 47 2 1
19051 1803 22 47 2 1
19052 1804 12 47 2 1
19053 1804 13 47 2 1
19054 1804 14 47 2 1
19055 1804 15 47 2 1
19056 1804 16 47 2 1
19057 1804 17 47 2 1
19058 1804 18 47 2 1
19059 1804 19 47 2 1
19060 1804 20 47 2 1
19061 1804 21 47 2 1
19062 1804 22 47 2 1
19063 1805 12 47 2 1
19064 1805 13 47 2 1
19065 1805 14 47 2 1
19066 1805 15 47 2 1
19067 1805 16 47 2 1
19068 1805 17 47 2 1
19069 1805 18 47 2 1
19070 1805 19 47 2 1
19071 1805 20 47 2 1
19072 1805 21 47 2 1
19073 1805 22 47 2 1
19074 1806 12 47 2 1
19075 1806 13 47 2 1
19076 1806 14 47 2 1
19077 1806 15 47 2 1
19078 1806 16 47 2 1
19079 1806 17 47 2 1
19080 1806 18 47 2 1
19081 1806 19 47 2 1
19082 1806 20 47 2 1
19083 1806 21 47 2 1
19084 1806 22 47 2 1
19085 1807 12 47 2 1
19086 1807 13 47 2 1
19087 1807 14 47 2 1
19088 1807 15 47 2 1
19089 1807 16 47 2 1
19090 1807 17 47 2 1
19091 1807 18 47 2 1
19092 1807 19 47 2 1
19093 1807 20 47 2 1
19094 1807 21 47 2 1
19095 1807 22 47 2 1
19096 1808 12 47 2 1
19097 1808 13 47 2 1
19098 1808 14 47 2 1
19099 1808 17 47 2 1
19100 1808 18 47 2 1
19101 1808 19 47 2 1
19102 1808 20 47 2 1
19103 1808 21 47 2 1
19104 1808 22 47 2 1
19105 1809 12 47 2 1
19106 1809 13 47 2 1
19107 1809 14 47 2 1
19108 1809 17 47 2 1
19109 1809 18 47 2 1
19110 1809 19 47 2 1
19111 1809 20 47 2 1
19112 1809 21 47 2 1
19113 1809 22 47 2 1
19114 1810 12 47 2 1
19115 1810 13 47 2 1
19116 1810 14 47 2 1
19117 1810 15 47 2 1
19118 1810 16 47 2 1
19119 1810 17 47 2 1
19120 1810 20 47 2 1
19121 1810 21 47 2 1
19122 1810 22 47 2 1
19123 1811 12 47 2 1
19124 1811 13 47 2 1
19125 1811 14 47 2 1
19126 1811 15 47 2 1
19127 1811 16 47 2 1
19128 1811 17 47 2 1
19129 1811 20 47 2 1
19130 1811 21 47 2 1
19131 1811 22 47 2 1
19132 1812 12 47 2 1
19133 1812 13 47 2 1
19134 1812 14 47 2 1
19135 1812 15 47 2 1
19136 1812 16 47 2 1
19137 1812 17 47 2 1
19138 1812 18 47 2 1
19139 1812 19 47 2 1
19140 1812 20 47 2 1
19141 1812 21 47 2 1
19142 1812 22 47 2 1
19143 1813 12 47 2 1
19144 1813 13 47 2 1
19145 1813 14 47 2 1
19146 1813 15 47 2 1
19147 1813 16 47 2 1
19148 1813 17 47 2 1
19149 1813 18 47 2 1
19150 1813 19 47 2 1
19151 1813 20 47 2 1
19152 1813 21 47 2 1
19153 1813 22 47 2 1
19154 1814 12 47 2 1
19155 1814 13 47 2 1
19156 1814 14 47 2 1
19157 1814 15 47 2 1
19158 1814 16 47 2 1
19159 1814 17 47 2 1
19160 1814 18 47 2 1
19161 1814 19 47 2 1
19162 1814 20 47 2 1
19163 1814 21 47 2 1
19164 1814 22 47 2 1
19165 1815 12 47 2 1
19166 1815 13 47 2 1
19167 1815 14 47 2 1
19168 1815 15 47 2 1
19169 1815 16 47 2 1
19170 1815 17 47 2 1
19171 1815 18 47 2 1
19172 1815 19 47 2 1
19173 1815 20 47 2 1
19174 1815 21 47 2 1
19175 1815 22 47 2 1
19176 1816 12 47 2 1
19177 1816 13 47 2 1
19178 1816 14 47 2 1
19179 1816 15 47 2 1
19180 1816 16 47 2 1
19181 1816 17 47 2 1
19182 1816 18 47 2 1
19183 1816 19 47 2 1
19184 1816 20 47 2 1
19185 1816 21 47 2 1
19186 1816 22 47 2 1
19187 1817 12 47 2 1
19188 1817 13 47 2 1
19189 1817 14 47 2 1
19190 1817 15 47 2 1
19191 1817 16 47 2 1
19192 1817 17 47 2 1
19193 1817 18 47 2 1
19194 1817 19 47 2 1
19195 1817 20 47 2 1
19196 1817 21 47 2 1
19197 1817 22 47 2 1
19198 1818 12 47 2 1
19199 1818 13 47 2 1
19200 1818 14 47 2 1
19201 1818 15 47 2 1
19202 1818 16 47 2 1
19203 1818 17 47 2 1
19204 1818 18 47 2 1
19205 1818 19 47 2 1
19206 1818 20 47 2 1
19207 1818 21 47 2 1
19208 1818 22 47 2 1
19209 1819 12 47 2 1
19210 1819 13 47 2 1
19211 1819 14 47 2 1
19212 1819 15 47 2 1
19213 1819 16 47 2 1
19214 1819 17 47 2 1
19215 1819 18 47 2 1
19216 1819 19 47 2 1
19217 1819 20 47 2 1
19218 1819 21 47 2 1
19219 1819 22 47 2 1
19220 1820 12 47 2 1
19221 1820 13 47 2 1
19222 1820 14 47 2 1
19223 1820 15 47 2 1
19224 1820 16 47 2 1
19225 1820 17 47 2 1
19226 1820 18 47 2 1
19227 1820 19 47 2 1
19228 1820 20 47 2 1
19229 1820 21 47 2 1
19230 1820 22 47 2 1
19231 1821 12 47 2 1
19232 1821 13 47 2 1
19233 1821 14 47 2 1
19234 1821 15 47 2 1
19235 1821 16 47 2 1
19236 1821 17 47 2 1
19237 1821 18 47 2 1
19238 1821 19 47 2 1
19239 1821 20 47 2 1
19240 1821 21 47 2 1
19241 1821 22 47 2 1
19242 1822 12 47 2 1
19243 1822 13 47 2 1
19244 1822 14 47 2 1
19245 1822 15 47 2 1
19246 1822 16 47 2 1
19247 1822 17 47 2 1
19248 1822 18 47 2 1
19249 1822 19 47 2 1
19250 1822 20 47 2 1
19251 1822 21 47 2 1
19252 1822 22 47 2 1
19253 1823 12 47 2 1
19254 1823 13 47 2 1
19255 1823 14 47 2 1
19256 1823 15 47 2 1
19257 1823 16 47 2 1
19258 1823 17 47 2 1
19259 1823 18 47 2 1
19260 1823 19 47 2 1
19261 1823 20 47 2 1
19262 1823 21 47 2 1
19263 1823 22 47 2 1
19264 1824 12 47 2 1
19265 1824 13 47 2 1
19266 1824 14 47 2 1
19267 1824 15 47 2 1
19268 1824 16 47 2 1
19269 1824 17 47 2 1
19270 1824 18 47 2 1
19271 1824 19 47 2 1
19272 1824 20 47 2 1
19273 1824 21 47 2 1
19274 1824 22 47 2 1
19275 1825 12 47 2 1
19276 1825 13 47 2 1
19277 1825 14 47 2 1
19278 1825 15 47 2 1
19279 1825 16 47 2 1
19280 1825 17 47 2 1
19281 1825 18 47 2 1
19282 1825 19 47 2 1
19283 1825 20 47 2 1
19284 1825 21 47 2 1
19285 1825 22 47 2 1
19286 1826 12 47 2 1
19287 1826 13 47 2 1
19288 1826 14 47 2 1
19289 1826 15 47 2 1
19290 1826 16 47 2 1
19291 1826 17 47 2 1
19292 1826 18 47 2 1
19293 1826 19 47 2 1
19294 1826 20 47 2 1
19295 1826 21 47 2 1
19296 1826 22 47 2 1
19297 1827 12 47 2 1
19298 1827 13 47 2 1
19299 1827 14 47 2 1
19300 1827 15 47 2 1
19301 1827 16 47 2 1
19302 1827 17 47 2 1
19303 1827 18 47 2 1
19304 1827 19 47 2 1
19305 1827 20 47 2 1
19306 1827 21 47 2 1
19307 1827 22 47 2 1
19308 1828 12 47 2 1
19309 1828 13 47 2 1
19310 1828 14 47 2 1
19311 1828 15 47 2 1
19312 1828 16 47 2 1
19313 1828 17 47 2 1
19314 1828 18 47 2 1
19315 1828 19 47 2 1
19316 1828 20 47 2 1
19317 1828 21 47 2 1
19318 1828 22 47 2 1
19319 1829 12 47 2 1
19320 1829 13 47 2 1
19321 1829 14 47 2 1
19322 1829 15 47 2 1
19323 1829 16 47 2 1
19324 1829 17 47 2 1
19325 1829 18 47 2 1
19326 1829 19 47 2 1
19327 1829 20 47 2 1
19328 1829 21 47 2 1
19329 1829 22 47 2 1
19330 1830 12 47 2 1
19331 1830 13 47 2 1
19332 1830 14 47 2 1
19333 1830 15 47 2 1
19334 1830 16 47 2 1
19335 1830 17 47 2 1
19336 1830 18 47 2 1
19337 1830 19 47 2 1
19338 1830 20 47 2 1
19339 1830 21 47 2 1
19340 1830 22 47 2 1
19341 1831 12 47 2 1
19342 1831 13 47 2 1
19343 1831 14 47 2 1
19344 1831 15 47 2 1
19345 1831 16 47 2 1
19346 1831 17 47 2 1
19347 1831 18 47 2 1
19348 1831 19 47 2 1
19349 1831 20 47 2 1
19350 1831 21 47 2 1
19351 1831 22 47 2 1
19352 1832 12 47 2 1
19353 1832 13 47 2 1
19354 1832 14 47 2 1
19355 1832 15 47 2 1
19356 1832 16 47 2 1
19357 1832 17 47 2 1
19358 1832 18 47 2 1
19359 1832 19 47 2 1
19360 1832 20 47 2 1
19361 1832 21 47 2 1
19362 1832 22 47 2 1
19363 1833 12 47 2 1
19364 1833 13 47 2 1
19365 1833 14 47 2 1
19366 1833 15 47 2 1
19367 1833 16 47 2 1
19368 1833 17 47 2 1
19369 1833 18 47 2 1
19370 1833 19 47 2 1
19371 1833 20 47 2 1
19372 1833 21 47 2 1
19373 1833 22 47 2 1
19374 1834 12 47 2 1
19375 1834 13 47 2 1
19376 1834 14 47 2 1
19377 1834 15 47 2 1
19378 1834 16 47 2 1
19379 1834 17 47 2 1
19380 1834 18 47 2 1
19381 1834 19 47 2 1
19382 1834 20 47 2 1
19383 1834 21 47 2 1
19384 1834 22 47 2 1
19385 1835 12 47 2 1
19386 1835 13 47 2 1
19387 1835 14 47 2 1
19388 1835 15 47 2 1
19389 1835 16 47 2 1
19390 1835 17 47 2 1
19391 1835 18 47 2 1
19392 1835 19 47 2 1
19393 1835 20 47 2 1
19394 1835 21 47 2 1
19395 1835 22 47 2 1
19396 1836 12 47 2 1
19397 1836 13 47 2 1
19398 1836 14 47 2 1
19399 1836 15 47 2 1
19400 1836 16 47 2 1
19401 1836 17 47 2 1
19402 1836 18 47 2 1
19403 1836 19 47 2 1
19404 1836 20 47 2 1
19405 1836 21 47 2 1
19406 1836 22 47 2 1
19407 1837 12 47 2 1
19408 1837 13 47 2 1
19409 1837 14 47 2 1
19410 1837 15 47 2 1
19411 1837 16 47 2 1
19412 1837 17 47 2 1
19413 1837 18 47 2 1
19414 1837 19 47 2 1
19415 1837 20 47 2 1
19416 1837 21 47 2 1
19417 1837 22 47 2 1
19418 1838 12 47 2 1
19419 1838 13 47 2 1
19420 1838 14 47 2 1
19421 1838 15 47 2 1
19422 1838 16 47 2 1
19423 1838 17 47 2 1
19424 1838 18 47 2 1
19425 1838 19 47 2 1
19426 1838 20 47 2 1
19427 1838 21 47 2 1
19428 1838 22 47 2 1
19429 1839 12 47 2 1
19430 1839 13 47 2 1
19431 1839 14 47 2 1
19432 1839 15 47 2 1
19433 1839 16 47 2 1
19434 1839 17 47 2 1
19435 1839 18 47 2 1
19436 1839 19 47 2 1
19437 1839 20 47 2 1
19438 1839 21 47 2 1
19439 1839 22 47 2 1
19440 1840 12 47 2 1
19441 1840 13 47 2 1
19442 1840 14 47 2 1
19443 1840 15 47 2 1
19444 1840 16 47 2 1
19445 1840 17 47 2 1
19446 1840 18 47 2 1
19447 1840 19 47 2 1
19448 1840 20 47 2 1
19449 1840 21 47 2 1
19450 1840 22 47 2 1
19451 1841 12 47 2 1
19452 1841 13 47 2 1
19453 1841 14 47 2 1
19454 1841 15 47 2 1
19455 1841 16 47 2 1
19456 1841 17 47 2 1
19457 1841 18 47 2 1
19458 1841 19 47 2 1
19459 1841 20 47 2 1
19460 1841 21 47 2 1
19461 1841 22 47 2 1
19462 1842 12 47 2 1
19463 1842 13 47 2 1
19464 1842 14 47 2 1
19465 1842 15 47 2 1
19466 1842 16 47 2 1
19467 1842 17 47 2 1
19468 1842 18 47 2 1
19469 1842 19 47 2 1
19470 1842 20 47 2 1
19471 1842 21 47 2 1
19472 1842 22 47 2 1
19473 1843 12 47 2 1
19474 1843 13 47 2 1
19475 1843 14 47 2 1
19476 1843 15 47 2 1
19477 1843 16 47 2 1
19478 1843 17 47 2 1
19479 1843 18 47 2 1
19480 1843 19 47 2 1
19481 1843 20 47 2 1
19482 1843 21 47 2 1
19483 1843 22 47 2 1
19484 1844 12 47 2 1
19485 1844 13 47 2 1
19486 1844 14 47 2 1
19487 1844 15 47 2 1
19488 1844 16 47 2 1
19489 1844 17 47 2 1
19490 1844 18 47 2 1
19491 1844 19 47 2 1
19492 1844 20 47 2 1
19493 1844 21 47 2 1
19494 1844 22 47 2 1
19495 1845 12 47 2 1
19496 1845 13 47 2 1
19497 1845 14 47 2 1
19498 1845 15 47 2 1
19499 1845 16 47 2 1
19500 1845 17 47 2 1
19501 1845 18 47 2 1
19502 1845 19 47 2 1
19503 1845 20 47 2 1
19504 1845 21 47 2 1
19505 1845 22 47 2 1
19506 1846 12 47 2 1
19507 1846 13 47 2 1
19508 1846 14 47 2 1
19509 1846 15 47 2 1
19510 1846 16 47 2 1
19511 1846 17 47 2 1
19512 1846 18 47 2 1
19513 1846 19 47 2 1
19514 1846 20 47 2 1
19515 1846 21 47 2 1
19516 1846 22 47 2 1
19517 1847 12 47 2 1
19518 1847 13 47 2 1
19519 1847 14 47 2 1
19520 1847 15 47 2 1
19521 1847 16 47 2 1
19522 1847 17 47 2 1
19523 1847 18 47 2 1
19524 1847 19 47 2 1
19525 1847 20 47 2 1
19526 1847 21 47 2 1
19527 1847 22 47 2 1
19528 1848 12 47 2 1
19529 1848 13 47 2 1
19530 1848 14 47 2 1
19531 1848 15 47 2 1
19532 1848 16 47 2 1
19533 1848 17 47 2 1
19534 1848 18 47 2 1
19535 1848 19 47 2 1
19536 1848 20 47 2 1
19537 1848 21 47 2 1
19538 1848 22 47 2 1
19539 1849 12 47 2 1
19540 1849 13 47 2 1
19541 1849 14 47 2 1
19542 1849 15 47 2 1
19543 1849 16 47 2 1
19544 1849 17 47 2 1
19545 1849 18 47 2 1
19546 1849 19 47 2 1
19547 1849 20 47 2 1
19548 1849 21 47 2 1
19549 1849 22 47 2 1
19550 1850 12 47 2 1
19551 1850 13 47 2 1
19552 1850 14 47 2 1
19553 1850 15 47 2 1
19554 1850 16 47 2 1
19555 1850 17 47 2 1
19556 1850 18 47 2 1
19557 1850 19 47 2 1
19558 1850 20 47 2 1
19559 1850 21 47 2 1
19560 1850 22 47 2 1
19561 1851 12 47 2 1
19562 1851 13 47 2 1
19563 1851 14 47 2 1
19564 1851 15 47 2 1
19565 1851 16 47 2 1
19566 1851 17 47 2 1
19567 1851 18 47 2 1
19568 1851 19 47 2 1
19569 1851 20 47 2 1
19570 1851 21 47 2 1
19571 1851 22 47 2 1
19572 1852 12 47 2 1
19573 1852 13 47 2 1
19574 1852 14 47 2 1
19575 1852 15 47 2 1
19576 1852 16 47 2 1
19577 1852 17 47 2 1
19578 1852 18 47 2 1
19579 1852 19 47 2 1
19580 1852 20 47 2 1
19581 1852 21 47 2 1
19582 1852 22 47 2 1
19583 1853 12 47 2 1
19584 1853 13 47 2 1
19585 1853 14 47 2 1
19586 1853 15 47 2 1
19587 1853 16 47 2 1
19588 1853 17 47 2 1
19589 1853 18 47 2 1
19590 1853 19 47 2 1
19591 1853 20 47 2 1
19592 1853 21 47 2 1
19593 1853 22 47 2 1
19594 1854 12 47 2 1
19595 1854 13 47 2 1
19596 1854 14 47 2 1
19597 1854 15 47 2 1
19598 1854 16 47 2 1
19599 1854 17 47 2 1
19600 1854 18 47 2 1
19601 1854 19 47 2 1
19602 1854 20 47 2 1
19603 1854 21 47 2 1
19604 1854 22 47 2 1
19605 1855 12 47 2 1
19606 1855 13 47 2 1
19607 1855 14 47 2 1
19608 1855 15 47 2 1
19609 1855 16 47 2 1
19610 1855 17 47 2 1
19611 1855 18 47 2 1
19612 1855 19 47 2 1
19613 1855 20 47 2 1
19614 1855 21 47 2 1
19615 1855 22 47 2 1
19616 1856 12 47 2 1
19617 1856 13 47 2 1
19618 1856 14 47 2 1
19619 1856 15 47 2 1
19620 1856 16 47 2 1
19621 1856 17 47 2 1
19622 1856 18 47 2 1
19623 1856 19 47 2 1
19624 1856 20 47 2 1
19625 1856 21 47 2 1
19626 1856 22 47 2 1
19627 1857 12 47 2 1
19628 1857 13 47 2 1
19629 1857 14 47 2 1
19630 1857 15 47 2 1
19631 1857 16 47 2 1
19632 1857 17 47 2 1
19633 1857 18 47 2 1
19634 1857 19 47 2 1
19635 1857 20 47 2 1
19636 1857 21 47 2 1
19637 1857 22 47 2 1
19638 1858 12 47 2 1
19639 1858 13 47 2 1
19640 1858 14 47 2 1
19641 1858 15 47 2 1
19642 1858 16 47 2 1
19643 1858 17 47 2 1
19644 1858 18 47 2 1
19645 1858 19 47 2 1
19646 1858 22 47 2 1
19647 1859 12 47 2 1
19648 1859 13 47 2 1
19649 1859 14 47 2 1
19650 1859 15 47 2 1
19651 1859 16 47 2 1
19652 1859 17 47 2 1
19653 1859 18 47 2 1
19654 1859 19 47 2 1
19655 1859 22 47 2 1
19656 1860 12 47 2 1
19657 1860 13 47 2 1
19658 1860 14 47 2 1
19659 1860 15 47 2 1
19660 1860 16 47 2 1
19661 1860 17 47 2 1
19662 1860 18 47 2 1
19663 1860 19 47 2 1
19664 1860 22 47 2 1
19665 1861 12 47 2 1
19666 1861 13 47 2 1
19667 1861 14 47 2 1
19668 1861 15 47 2 1
19669 1861 16 47 2 1
19670 1861 17 47 2 1
19671 1861 18 47 2 1
19672 1861 19 47 2 1
19673 1861 22 47 2 1
19674 1862 12 47 2 1
19675 1862 15 47 2 1
19676 1862 16 47 2 1
19677 1862 17 47 2 1
19678 1862 18 47 2 1
19679 1862 19 47 2 1
19680 1862 20 47 2 1
19681 1862 21 47 2 1
19682 1862 22 47 2 1
19683 1863 12 47 2 1
19684 1863 15 47 2 1
19685 1863 16 47 2 1
19686 1863 17 47 2 1
19687 1863 18 47 2 1
19688 1863 19 47 2 1
19689 1863 20 47 2 1
19690 1863 21 47 2 1
19691 1863 22 47 2 1
19692 1864 12 47 2 1
19693 1864 15 47 2 1
19694 1864 16 47 2 1
19695 1864 17 47 2 1
19696 1864 18 47 2 1
19697 1864 19 47 2 1
19698 1864 20 47 2 1
19699 1864 21 47 2 1
19700 1864 22 47 2 1
19701 1865 12 47 2 1
19702 1865 15 47 2 1
19703 1865 16 47 2 1
19704 1865 17 47 2 1
19705 1865 18 47 2 1
19706 1865 19 47 2 1
19707 1865 20 47 2 1
19708 1865 21 47 2 1
19709 1865 22 47 2 1
19710 1866 12 47 2 1
19711 1866 13 47 2 1
19712 1866 14 47 2 1
19713 1866 15 47 2 1
19714 1866 16 47 2 1
19715 1866 17 47 2 1
19716 1866 18 47 2 1
19717 1866 19 47 2 1
19718 1866 20 47 2 1
19719 1866 21 47 2 1
19720 1866 22 47 2 1
19721 1867 12 47 2 1
19722 1867 13 47 2 1
19723 1867 14 47 2 1
19724 1867 15 47 2 1
19725 1867 16 47 2 1
19726 1867 17 47 2 1
19727 1867 18 47 2 1
19728 1867 19 47 2 1
19729 1867 20 47 2 1
19730 1867 21 47 2 1
19731 1867 22 47 2 1
19732 1868 12 47 2 1
19733 1868 13 47 2 1
19734 1868 14 47 2 1
19735 1868 15 47 2 1
19736 1868 16 47 2 1
19737 1868 17 47 2 1
19738 1868 18 47 2 1
19739 1868 19 47 2 1
19740 1868 20 47 2 1
19741 1868 21 47 2 1
19742 1868 22 47 2 1
19743 1869 12 47 2 1
19744 1869 13 47 2 1
19745 1869 14 47 2 1
19746 1869 15 47 2 1
19747 1869 16 47 2 1
19748 1869 17 47 2 1
19749 1869 18 47 2 1
19750 1869 19 47 2 1
19751 1869 20 47 2 1
19752 1869 21 47 2 1
19753 1869 22 47 2 1
19754 1870 12 47 2 1
19755 1870 13 47 2 1
19756 1870 14 47 2 1
19757 1870 15 47 2 1
19758 1870 16 47 2 1
19759 1870 17 47 2 1
19760 1870 18 47 2 1
19761 1870 19 47 2 1
19762 1870 20 47 2 1
19763 1870 21 47 2 1
19764 1870 22 47 2 1
19765 1871 12 47 2 1
19766 1871 13 47 2 1
19767 1871 14 47 2 1
19768 1871 15 47 2 1
19769 1871 16 47 2 1
19770 1871 17 47 2 1
19771 1871 18 47 2 1
19772 1871 19 47 2 1
19773 1871 20 47 2 1
19774 1871 21 47 2 1
19775 1871 22 47 2 1
19776 1872 12 47 2 1
19777 1872 13 47 2 1
19778 1872 14 47 2 1
19779 1872 15 47 2 1
19780 1872 16 47 2 1
19781 1872 17 47 2 1
19782 1872 18 47 2 1
19783 1872 19 47 2 1
19784 1872 20 47 2 1
19785 1872 21 47 2 1
19786 1872 22 47 2 1
19787 1873 12 47 2 1
19788 1873 13 47 2 1
19789 1873 14 47 2 1
19790 1873 15 47 2 1
19791 1873 16 47 2 1
19792 1873 17 47 2 1
19793 1873 18 47 2 1
19794 1873 19 47 2 1
19795 1873 20 47 2 1
19796 1873 21 47 2 1
19797 1873 22 47 2 1
19798 1874 12 47 2 1
19799 1874 13 47 2 1
19800 1874 14 47 2 1
19801 1874 17 47 2 1
19802 1874 18 47 2 1
19803 1874 19 47 2 1
19804 1874 20 47 2 1
19805 1874 21 47 2 1
19806 1874 22 47 2 1
19807 1875 12 47 2 1
19808 1875 13 47 2 1
19809 1875 14 47 2 1
19810 1875 17 47 2 1
19811 1875 18 47 2 1
19812 1875 19 47 2 1
19813 1875 20 47 2 1
19814 1875 21 47 2 1
19815 1875 22 47 2 1
19816 1876 12 47 2 1
19817 1876 13 47 2 1
19818 1876 14 47 2 1
19819 1876 15 47 2 1
19820 1876 16 47 2 1
19821 1876 17 47 2 1
19822 1876 20 47 2 1
19823 1876 21 47 2 1
19824 1876 22 47 2 1
19825 1877 12 47 2 1
19826 1877 13 47 2 1
19827 1877 14 47 2 1
19828 1877 15 47 2 1
19829 1877 16 47 2 1
19830 1877 17 47 2 1
19831 1877 20 47 2 1
19832 1877 21 47 2 1
19833 1877 22 47 2 1
19834 1878 12 47 2 1
19835 1878 13 47 2 1
19836 1878 14 47 2 1
19837 1878 15 47 2 1
19838 1878 16 47 2 1
19839 1878 17 47 2 1
19840 1878 18 47 2 1
19841 1878 19 47 2 1
19842 1878 20 47 2 1
19843 1878 21 47 2 1
19844 1878 22 47 2 1
19845 1879 12 47 2 1
19846 1879 13 47 2 1
19847 1879 14 47 2 1
19848 1879 15 47 2 1
19849 1879 16 47 2 1
19850 1879 17 47 2 1
19851 1879 18 47 2 1
19852 1879 19 47 2 1
19853 1879 20 47 2 1
19854 1879 21 47 2 1
19855 1879 22 47 2 1
19856 1880 12 47 2 1
19857 1880 13 47 2 1
19858 1880 14 47 2 1
19859 1880 15 47 2 1
19860 1880 16 47 2 1
19861 1880 17 47 2 1
19862 1880 18 47 2 1
19863 1880 19 47 2 1
19864 1880 20 47 2 1
19865 1880 21 47 2 1
19866 1880 22 47 2 1
19867 1881 12 47 2 1
19868 1881 13 47 2 1
19869 1881 14 47 2 1
19870 1881 15 47 2 1
19871 1881 16 47 2 1
19872 1881 17 47 2 1
19873 1881 18 47 2 1
19874 1881 19 47 2 1
19875 1881 20 47 2 1
19876 1881 21 47 2 1
19877 1881 22 47 2 1
19878 1882 12 47 2 1
19879 1882 13 47 2 1
19880 1882 14 47 2 1
19881 1882 15 47 2 1
19882 1882 16 47 2 1
19883 1882 17 47 2 1
19884 1882 18 47 2 1
19885 1882 19 47 2 1
19886 1882 20 47 2 1
19887 1882 21 47 2 1
19888 1882 22 47 2 1
19889 1883 12 47 2 1
19890 1883 13 47 2 1
19891 1883 14 47 2 1
19892 1883 15 47 2 1
19893 1883 16 47 2 1
19894 1883 17 47 2 1
19895 1883 18 47 2 1
19896 1883 19 47 2 1
19897 1883 20 47 2 1
19898 1883 21 47 2 1
19899 1883 22 47 2 1
19900 1884 12 47 2 1
19901 1884 13 47 2 1
19902 1884 14 47 2 1
19903 1884 15 47 2 1
19904 1884 16 47 2 1
19905 1884 17 47 2 1
19906 1884 18 47 2 1
19907 1884 19 47 2 1
19908 1884 20 47 2 1
19909 1884 21 47 2 1
19910 1884 22 47 2 1
19911 1885 12 47 2 1
19912 1885 13 47 2 1
19913 1885 14 47 2 1
19914 1885 15 47 2 1
19915 1885 16 47 2 1
19916 1885 17 47 2 1
19917 1885 18 47 2 1
19918 1885 19 47 2 1
19919 1885 20 47 2 1
19920 1885 21 47 2 1
19921 1885 22 47 2 1
19922 1886 12 47 2 1
19923 1886 13 47 2 1
19924 1886 14 47 2 1
19925 1886 15 47 2 1
19926 1886 16 47 2 1
19927 1886 17 47 2 1
19928 1886 18 47 2 1
19929 1886 19 47 2 1
19930 1886 20 47 2 1
19931 1886 21 47 2 1
19932 1886 22 47 2 1
19933 1887 12 47 2 1
19934 1887 13 47 2 1
19935 1887 14 47 2 1
19936 1887 15 47 2 1
19937 1887 16 47 2 1
19938 1887 17 47 2 1
19939 1887 18 47 2 1
19940 1887 19 47 2 1
19941 1887 20 47 2 1
19942 1887 21 47 2 1
19943 1887 22 47 2 1
19944 1888 12 47 2 1
19945 1888 13 47 2 1
19946 1888 14 47 2 1
19947 1888 15 47 2 1
19948 1888 16 47 2 1
19949 1888 17 47 2 1
19950 1888 18 47 2 1
19951 1888 19 47 2 1
19952 1888 20 47 2 1
19953 1888 21 47 2 1
19954 1888 22 47 2 1
19955 1889 12 47 2 1
19956 1889 13 47 2 1
19957 1889 14 47 2 1
19958 1889 15 47 2 1
19959 1889 16 47 2 1
19960 1889 17 47 2 1
19961 1889 18 47 2 1
19962 1889 19 47 2 1
19963 1889 20 47 2 1
19964 1889 21 47 2 1
19965 1889 22 47 2 1
19966 1890 12 47 2 1
19967 1890 13 47 2 1
19968 1890 14 47 2 1
19969 1890 15 47 2 1
19970 1890 16 47 2 1
19971 1890 17 47 2 1
19972 1890 18 47 2 1
19973 1890 19 47 2 1
19974 1890 20 47 2 1
19975 1890 21 47 2 1
19976 1890 22 47 2 1
19977 1891 12 47 2 1
19978 1891 13 47 2 1
19979 1891 14 47 2 1
19980 1891 15 47 2 1
19981 1891 16 47 2 1
19982 1891 17 47 2 1
19983 1891 18 47 2 1
19984 1891 19 47 2 1
19985 1891 20 47 2 1
19986 1891 21 47 2 1
19987 1891 22 47 2 1
19988 1892 12 47 2 1
19989 1892 13 47 2 1
19990 1892 14 47 2 1
19991 1892 15 47 2 1
19992 1892 16 47 2 1
19993 1892 17 47 2 1
19994 1892 18 47 2 1
19995 1892 19 47 2 1
19996 1892 20 47 2 1
19997 1892 21 47 2 1
19998 1892 22 47 2 1
19999 1893 12 47 2 1
20000 1893 13 47 2 1
20001 1893 14 47 2 1
20002 1893 15 47 2 1
20003 1893 16 47 2 1
20004 1893 17 47 2 1
20005 1893 18 47 2 1
20006 1893 19 47 2 1
20007 1893 20 47 2 1
20008 1893 21 47 2 1
20009 1893 22 47 2 1
20010 1894 12 47 2 1
20011 1894 13 47 2 1
20012 1894 14 47 2 1
20013 1894 15 47 2 1
20014 1894 16 47 2 1
20015 1894 17 47 2 1
20016 1894 18 47 2 1
20017 1894 19 47 2 1
20018 1894 20 47 2 1
20019 1894 21 47 2 1
20020 1894 22 47 2 1
20021 1895 12 47 2 1
20022 1895 13 47 2 1
20023 1895 14 47 2 1
20024 1895 15 47 2 1
20025 1895 16 47 2 1
20026 1895 17 47 2 1
20027 1895 18 47 2 1
20028 1895 19 47 2 1
20029 1895 20 47 2 1
20030 1895 21 47 2 1
20031 1895 22 47 2 1
20032 1896 12 47 2 1
20033 1896 13 47 2 1
20034 1896 14 47 2 1
20035 1896 15 47 2 1
20036 1896 16 47 2 1
20037 1896 17 47 2 1
20038 1896 18 47 2 1
20039 1896 19 47 2 1
20040 1896 20 47 2 1
20041 1896 21 47 2 1
20042 1896 22 47 2 1
20043 1897 12 47 2 1
20044 1897 13 47 2 1
20045 1897 14 47 2 1
20046 1897 15 47 2 1
20047 1897 16 47 2 1
20048 1897 17 47 2 1
20049 1897 18 47 2 1
20050 1897 19 47 2 1
20051 1897 20 47 2 1
20052 1897 21 47 2 1
20053 1897 22 47 2 1
20054 1898 12 47 2 1
20055 1898 13 47 2 1
20056 1898 14 47 2 1
20057 1898 15 47 2 1
20058 1898 16 47 2 1
20059 1898 17 47 2 1
20060 1898 18 47 2 1
20061 1898 19 47 2 1
20062 1898 20 47 2 1
20063 1898 21 47 2 1
20064 1898 22 47 2 1
20065 1899 12 47 2 1
20066 1899 13 47 2 1
20067 1899 14 47 2 1
20068 1899 15 47 2 1
20069 1899 16 47 2 1
20070 1899 17 47 2 1
20071 1899 18 47 2 1
20072 1899 19 47 2 1
20073 1899 20 47 2 1
20074 1899 21 47 2 1
20075 1899 22 47 2 1
20076 1900 12 47 2 1
20077 1900 13 47 2 1
20078 1900 14 47 2 1
20079 1900 15 47 2 1
20080 1900 16 47 2 1
20081 1900 19 47 2 1
20082 1900 20 47 2 1
20083 1900 21 47 2 1
20084 1900 22 47 2 1
20085 1901 12 47 2 1
20086 1901 13 47 2 1
20087 1901 14 47 2 1
20088 1901 15 47 2 1
20089 1901 16 47 2 1
20090 1901 19 47 2 1
20091 1901 20 47 2 1
20092 1901 21 47 2 1
20093 1901 22 47 2 1
20094 1902 12 47 2 1
20095 1902 13 47 2 1
20096 1902 14 47 2 1
20097 1902 15 47 2 1
20098 1902 18 47 2 1
20099 1902 19 47 2 1
20100 1902 20 47 2 1
20101 1902 21 47 2 1
20102 1902 22 47 2 1
20103 1903 12 47 2 1
20104 1903 13 47 2 1
20105 1903 14 47 2 1
20106 1903 15 47 2 1
20107 1903 18 47 2 1
20108 1903 19 47 2 1
20109 1903 20 47 2 1
20110 1903 21 47 2 1
20111 1903 22 47 2 1
20112 1904 12 47 2 1
20113 1904 13 47 2 1
20114 1904 14 47 2 1
20115 1904 15 47 2 1
20116 1904 16 47 2 1
20117 1904 17 47 2 1
20118 1904 18 47 2 1
20119 1904 19 47 2 1
20120 1904 20 47 2 1
20121 1904 21 47 2 1
20122 1904 22 47 2 1
20123 1905 12 47 2 1
20124 1905 13 47 2 1
20125 1905 14 47 2 1
20126 1905 15 47 2 1
20127 1905 16 47 2 1
20128 1905 17 47 2 1
20129 1905 18 47 2 1
20130 1905 19 47 2 1
20131 1905 20 47 2 1
20132 1905 21 47 2 1
20133 1905 22 47 2 1
20134 1906 12 47 2 1
20135 1906 13 47 2 1
20136 1906 14 47 2 1
20137 1906 15 47 2 1
20138 1906 16 47 2 1
20139 1906 17 47 2 1
20140 1906 18 47 2 1
20141 1906 19 47 2 1
20142 1906 20 47 2 1
20143 1906 21 47 2 1
20144 1906 22 47 2 1
20145 1907 12 47 2 1
20146 1907 13 47 2 1
20147 1907 14 47 2 1
20148 1907 15 47 2 1
20149 1907 16 47 2 1
20150 1907 17 47 2 1
20151 1907 18 47 2 1
20152 1907 19 47 2 1
20153 1907 20 47 2 1
20154 1907 21 47 2 1
20155 1907 22 47 2 1
20156 1908 12 47 2 1
20157 1908 13 47 2 1
20158 1908 14 47 2 1
20159 1908 15 47 2 1
20160 1908 16 47 2 1
20161 1908 17 47 2 1
20162 1908 18 47 2 1
20163 1908 19 47 2 1
20164 1908 20 47 2 1
20165 1908 21 47 2 1
20166 1908 22 47 2 1
20167 1909 12 47 2 1
20168 1909 13 47 2 1
20169 1909 14 47 2 1
20170 1909 15 47 2 1
20171 1909 16 47 2 1
20172 1909 17 47 2 1
20173 1909 18 47 2 1
20174 1909 19 47 2 1
20175 1909 20 47 2 1
20176 1909 21 47 2 1
20177 1909 22 47 2 1
20178 1910 12 47 2 1
20179 1910 13 47 2 1
20180 1910 14 47 2 1
20181 1910 15 47 2 1
20182 1910 16 47 2 1
20183 1910 17 47 2 1
20184 1910 18 47 2 1
20185 1910 19 47 2 1
20186 1910 20 47 2 1
20187 1910 21 47 2 1
20188 1910 22 47 2 1
20189 1911 12 47 2 1
20190 1911 13 47 2 1
20191 1911 14 47 2 1
20192 1911 15 47 2 1
20193 1911 16 47 2 1
20194 1911 17 47 2 1
20195 1911 18 47 2 1
20196 1911 19 47 2 1
20197 1911 20 47 2 1
20198 1911 21 47 2 1
20199 1911 22 47 2 1
20200 1912 12 47 2 1
20201 1912 13 47 2 1
20202 1912 14 47 2 1
20203 1912 15 47 2 1
20204 1912 16 47 2 1
20205 1912 17 47 2 1
20206 1912 18 47 2 1
20207 1912 19 47 2 1
20208 1912 20 47 2 1
20209 1912 21 47 2 1
20210 1912 22 47 2 1
20211 1913 12 47 2 1
20212 1913 13 47 2 1
20213 1913 14 47 2 1
20214 1913 15 47 2 1
20215 1913 16 47 2 1
20216 1913 17 47 2 1
20217 1913 18 47 2 1
20218 1913 19 47 2 1
20219 1913 20 47 2 1
20220 1913 21 47 2 1
20221 1913 22 47 2 1
20222 1914 12 47 2 1
20223 1914 13 47 2 1
20224 1914 14 47 2 1
20225 1914 15 47 2 1
20226 1914 16 47 2 1
20227 1914 17 47 2 1
20228 1914 18 47 2 1
20229 1914 19 47 2 1
20230 1914 20 47 2 1
20231 1914 21 47 2 1
20232 1914 22 47 2 1
20233 1915 12 47 2 1
20234 1915 13 47 2 1
20235 1915 14 47 2 1
20236 1915 15 47 2 1
20237 1915 16 47 2 1
20238 1915 17 47 2 1
20239 1915 18 47 2 1
20240 1915 19 47 2 1
20241 1915 20 47 2 1
20242 1915 21 47 2 1
20243 1915 22 47 2 1
20244 1916 12 47 2 1
20245 1916 13 47 2 1
20246 1916 14 47 2 1
20247 1916 15 47 2 1
20248 1916 16 47 2 1
20249 1916 17 47 2 1
20250 1916 18 47 2 1
20251 1916 19 47 2 1
20252 1916 20 47 2 1
20253 1917 12 47 2 1
20254 1917 13 47 2 1
20255 1917 14 47 2 1
20256 1917 15 47 2 1
20257 1917 16 47 2 1
20258 1917 17 47 2 1
20259 1917 18 47 2 1
20260 1917 19 47 2 1
20261 1917 20 47 2 1
20262 1918 14 47 2 1
20263 1918 15 47 2 1
20264 1918 16 47 2 1
20265 1918 17 47 2 1
20266 1918 18 47 2 1
20267 1918 19 47 2 1
20268 1918 20 47 2 1
20269 1918 21 47 2 1
20270 1918 22 47 2 1
20271 1919 14 47 2 1
20272 1919 15 47 2 1
20273 1919 16 47 2 1
20274 1919 17 47 2 1
20275 1919 18 47 2 1
20276 1919 19 47 2 1
20277 1919 20 47 2 1
20278 1919 21 47 2 1
20279 1919 22 47 2 1
20280 1920 12 47 2 1
20281 1920 13 47 2 1
20282 1920 14 47 2 1
20283 1920 15 47 2 1
20284 1920 16 47 2 1
20285 1920 17 47 2 1
20286 1920 18 47 2 1
20287 1920 19 47 2 1
20288 1920 20 47 2 1
20289 1920 21 47 2 1
20290 1920 22 47 2 1
20291 1921 12 47 2 1
20292 1921 13 47 2 1
20293 1921 14 47 2 1
20294 1921 15 47 2 1
20295 1921 16 47 2 1
20296 1921 17 47 2 1
20297 1921 18 47 2 1
20298 1921 19 47 2 1
20299 1921 20 47 2 1
20300 1921 21 47 2 1
20301 1921 22 47 2 1
20302 1922 12 47 2 1
20303 1922 13 47 2 1
20304 1922 14 47 2 1
20305 1922 15 47 2 1
20306 1922 16 47 2 1
20307 1922 17 47 2 1
20308 1922 18 47 2 1
20309 1922 19 47 2 1
20310 1922 20 47 2 1
20311 1922 21 47 2 1
20312 1922 22 47 2 1
20313 1923 12 47 2 1
20314 1923 13 47 2 1
20315 1923 14 47 2 1
20316 1923 15 47 2 1
20317 1923 16 47 2 1
20318 1923 17 47 2 1
20319 1923 18 47 2 1
20320 1923 19 47 2 1
20321 1923 20 47 2 1
20322 1923 21 47 2 1
20323 1923 22 47 2 1
20324 1924 12 47 2 1
20325 1924 13 47 2 1
20326 1924 14 47 2 1
20327 1924 15 47 2 1
20328 1924 16 47 2 1
20329 1924 17 47 2 1
20330 1924 18 47 2 1
20331 1924 19 47 2 1
20332 1924 20 47 2 1
20333 1924 21 47 2 1
20334 1924 22 47 2 1
20335 1925 12 47 2 1
20336 1925 13 47 2 1
20337 1925 14 47 2 1
20338 1925 15 47 2 1
20339 1925 16 47 2 1
20340 1925 17 47 2 1
20341 1925 18 47 2 1
20342 1925 19 47 2 1
20343 1925 20 47 2 1
20344 1925 21 47 2 1
20345 1925 22 47 2 1
20346 1926 12 47 2 1
20347 1926 13 47 2 1
20348 1926 14 47 2 1
20349 1926 15 47 2 1
20350 1926 16 47 2 1
20351 1926 17 47 2 1
20352 1926 18 47 2 1
20353 1926 19 47 2 1
20354 1926 20 47 2 1
20355 1926 21 47 2 1
20356 1926 22 47 2 1
20357 1927 12 47 2 1
20358 1927 13 47 2 1
20359 1927 14 47 2 1
20360 1927 15 47 2 1
20361 1927 16 47 2 1
20362 1927 17 47 2 1
20363 1927 18 47 2 1
20364 1927 19 47 2 1
20365 1927 20 47 2 1
20366 1927 21 47 2 1
20367 1927 22 47 2 1
20368 1928 12 47 2 1
20369 1928 13 47 2 1
20370 1928 14 47 2 1
20371 1928 15 47 2 1
20372 1928 16 47 2 1
20373 1928 17 47 2 1
20374 1928 18 47 2 1
20375 1928 19 47 2 1
20376 1928 20 47 2 1
20377 1928 21 47 2 1
20378 1928 22 47 2 1
20379 1929 12 47 2 1
20380 1929 13 47 2 1
20381 1929 14 47 2 1
20382 1929 15 47 2 1
20383 1929 16 47 2 1
20384 1929 17 47 2 1
20385 1929 18 47 2 1
20386 1929 19 47 2 1
20387 1929 20 47 2 1
20388 1929 21 47 2 1
20389 1929 22 47 2 1
20390 1930 12 47 2 1
20391 1930 13 47 2 1
20392 1930 14 47 2 1
20393 1930 15 47 2 1
20394 1930 16 47 2 1
20395 1930 17 47 2 1
20396 1930 18 47 2 1
20397 1930 19 47 2 1
20398 1930 20 47 2 1
20399 1930 21 47 2 1
20400 1930 22 47 2 1
20401 1931 12 47 2 1
20402 1931 13 47 2 1
20403 1931 14 47 2 1
20404 1931 15 47 2 1
20405 1931 16 47 2 1
20406 1931 17 47 2 1
20407 1931 18 47 2 1
20408 1931 19 47 2 1
20409 1931 20 47 2 1
20410 1931 21 47 2 1
20411 1931 22 47 2 1
20412 1932 12 47 2 1
20413 1932 13 47 2 1
20414 1932 14 47 2 1
20415 1932 15 47 2 1
20416 1932 16 47 2 1
20417 1932 17 47 2 1
20418 1932 18 47 2 1
20419 1932 19 47 2 1
20420 1932 20 47 2 1
20421 1932 21 47 2 1
20422 1932 22 47 2 1
20423 1933 12 47 2 1
20424 1933 13 47 2 1
20425 1933 14 47 2 1
20426 1933 15 47 2 1
20427 1933 16 47 2 1
20428 1933 17 47 2 1
20429 1933 18 47 2 1
20430 1933 19 47 2 1
20431 1933 20 47 2 1
20432 1933 21 47 2 1
20433 1933 22 47 2 1
20434 1934 12 47 2 1
20435 1934 13 47 2 1
20436 1934 14 47 2 1
20437 1934 15 47 2 1
20438 1934 16 47 2 1
20439 1934 17 47 2 1
20440 1934 18 47 2 1
20441 1934 19 47 2 1
20442 1934 20 47 2 1
20443 1934 21 47 2 1
20444 1934 22 47 2 1
20445 1935 12 47 2 1
20446 1935 13 47 2 1
20447 1935 14 47 2 1
20448 1935 15 47 2 1
20449 1935 16 47 2 1
20450 1935 17 47 2 1
20451 1935 18 47 2 1
20452 1935 19 47 2 1
20453 1935 20 47 2 1
20454 1935 21 47 2 1
20455 1935 22 47 2 1
20456 1936 12 47 2 1
20457 1936 13 47 2 1
20458 1936 14 47 2 1
20459 1936 15 47 2 1
20460 1936 16 47 2 1
20461 1936 17 47 2 1
20462 1936 18 47 2 1
20463 1936 19 47 2 1
20464 1936 20 47 2 1
20465 1936 21 47 2 1
20466 1936 22 47 2 1
20467 1937 12 47 2 1
20468 1937 13 47 2 1
20469 1937 14 47 2 1
20470 1937 15 47 2 1
20471 1937 16 47 2 1
20472 1937 17 47 2 1
20473 1937 18 47 2 1
20474 1937 19 47 2 1
20475 1937 20 47 2 1
20476 1937 21 47 2 1
20477 1937 22 47 2 1
20478 1938 12 47 2 1
20479 1938 13 47 2 1
20480 1938 14 47 2 1
20481 1938 15 47 2 1
20482 1938 16 47 2 1
20483 1938 17 47 2 1
20484 1938 18 47 2 1
20485 1938 19 47 2 1
20486 1938 20 47 2 1
20487 1938 21 47 2 1
20488 1938 22 47 2 1
20489 1939 12 47 2 1
20490 1939 13 47 2 1
20491 1939 14 47 2 1
20492 1939 15 47 2 1
20493 1939 16 47 2 1
20494 1939 17 47 2 1
20495 1939 18 47 2 1
20496 1939 19 47 2 1
20497 1939 20 47 2 1
20498 1939 21 47 2 1
20499 1939 22 47 2 1
20500 1940 12 47 2 1
20501 1940 13 47 2 1
20502 1940 14 47 2 1
20503 1940 15 47 2 1
20504 1940 16 47 2 1
20505 1940 17 47 2 1
20506 1940 18 47 2 1
20507 1940 19 47 2 1
20508 1940 20 47 2 1
20509 1940 21 47 2 1
20510 1940 22 47 2 1
20511 1941 12 47 2 1
20512 1941 13 47 2 1
20513 1941 14 47 2 1
20514 1941 15 47 2 1
20515 1941 16 47 2 1
20516 1941 17 47 2 1
20517 1941 18 47 2 1
20518 1941 19 47 2 1
20519 1941 20 47 2 1
20520 1941 21 47 2 1
20521 1941 22 47 2 1
20522 1942 12 47 2 1
20523 1942 13 47 2 1
20524 1942 14 47 2 1
20525 1942 15 47 2 1
20526 1942 16 47 2 1
20527 1942 17 47 2 1
20528 1942 18 47 2 1
20529 1942 19 47 2 1
20530 1942 20 47 2 1
20531 1942 21 47 2 1
20532 1942 22 47 2 1
20533 1943 12 47 2 1
20534 1943 13 47 2 1
20535 1943 14 47 2 1
20536 1943 15 47 2 1
20537 1943 16 47 2 1
20538 1943 17 47 2 1
20539 1943 18 47 2 1
20540 1943 19 47 2 1
20541 1943 20 47 2 1
20542 1943 21 47 2 1
20543 1943 22 47 2 1
20544 1944 12 47 2 1
20545 1944 13 47 2 1
20546 1944 14 47 2 1
20547 1944 15 47 2 1
20548 1944 16 47 2 1
20549 1944 17 47 2 1
20550 1944 18 47 2 1
20551 1944 19 47 2 1
20552 1944 20 47 2 1
20553 1944 21 47 2 1
20554 1944 22 47 2 1
20555 1945 12 47 2 1
20556 1945 13 47 2 1
20557 1945 14 47 2 1
20558 1945 15 47 2 1
20559 1945 16 47 2 1
20560 1945 17 47 2 1
20561 1945 18 47 2 1
20562 1945 19 47 2 1
20563 1945 20 47 2 1
20564 1945 21 47 2 1
20565 1945 22 47 2 1
20566 1946 12 47 2 1
20567 1946 13 47 2 1
20568 1946 14 47 2 1
20569 1946 17 47 2 1
20570 1946 18 47 2 1
20571 1946 19 47 2 1
20572 1946 20 47 2 1
20573 1946 21 47 2 1
20574 1946 22 47 2 1
20575 1947 12 47 2 1
20576 1947 13 47 2 1
20577 1947 14 47 2 1
20578 1947 17 47 2 1
20579 1947 18 47 2 1
20580 1947 19 47 2 1
20581 1947 20 47 2 1
20582 1947 21 47 2 1
20583 1947 22 47 2 1
20584 1948 12 47 2 1
20585 1948 13 47 2 1
20586 1948 14 47 2 1
20587 1948 15 47 2 1
20588 1948 16 47 2 1
20589 1948 17 47 2 1
20590 1948 20 47 2 1
20591 1948 21 47 2 1
20592 1948 22 47 2 1
20593 1949 12 47 2 1
20594 1949 13 47 2 1
20595 1949 14 47 2 1
20596 1949 15 47 2 1
20597 1949 16 47 2 1
20598 1949 17 47 2 1
20599 1949 20 47 2 1
20600 1949 21 47 2 1
20601 1949 22 47 2 1
20602 1950 12 47 2 1
20603 1950 13 47 2 1
20604 1950 14 47 2 1
20605 1950 15 47 2 1
20606 1950 16 47 2 1
20607 1950 17 47 2 1
20608 1950 18 47 2 1
20609 1950 19 47 2 1
20610 1950 20 47 2 1
20611 1950 21 47 2 1
20612 1950 22 47 2 1
20613 1951 12 47 2 1
20614 1951 13 47 2 1
20615 1951 14 47 2 1
20616 1951 15 47 2 1
20617 1951 16 47 2 1
20618 1951 17 47 2 1
20619 1951 18 47 2 1
20620 1951 19 47 2 1
20621 1951 20 47 2 1
20622 1951 21 47 2 1
20623 1951 22 47 2 1
20624 1952 12 47 2 1
20625 1952 13 47 2 1
20626 1952 14 47 2 1
20627 1952 15 47 2 1
20628 1952 16 47 2 1
20629 1952 17 47 2 1
20630 1952 18 47 2 1
20631 1952 19 47 2 1
20632 1952 20 47 2 1
20633 1952 21 47 2 1
20634 1952 22 47 2 1
20635 1953 12 47 2 1
20636 1953 13 47 2 1
20637 1953 14 47 2 1
20638 1953 15 47 2 1
20639 1953 16 47 2 1
20640 1953 17 47 2 1
20641 1953 18 47 2 1
20642 1953 19 47 2 1
20643 1953 20 47 2 1
20644 1953 21 47 2 1
20645 1953 22 47 2 1
20646 1954 14 47 2 1
20647 1954 15 47 2 1
20648 1954 16 47 2 1
20649 1954 17 47 2 1
20650 1954 18 47 2 1
20651 1954 19 47 2 1
20652 1954 20 47 2 1
20653 1954 21 47 2 1
20654 1954 22 47 2 1
20655 1955 14 47 2 1
20656 1955 15 47 2 1
20657 1955 16 47 2 1
20658 1955 17 47 2 1
20659 1955 18 47 2 1
20660 1955 19 47 2 1
20661 1955 20 47 2 1
20662 1955 21 47 2 1
20663 1955 22 47 2 1
20664 1956 12 47 2 1
20665 1956 13 47 2 1
20666 1956 14 47 2 1
20667 1956 15 47 2 1
20668 1956 16 47 2 1
20669 1956 17 47 2 1
20670 1956 18 47 2 1
20671 1956 19 47 2 1
20672 1956 20 47 2 1
20673 1957 12 47 2 1
20674 1957 13 47 2 1
20675 1957 14 47 2 1
20676 1957 15 47 2 1
20677 1957 16 47 2 1
20678 1957 17 47 2 1
20679 1957 18 47 2 1
20680 1957 19 47 2 1
20681 1957 20 47 2 1
20682 1958 12 47 2 1
20683 1958 13 47 2 1
20684 1958 14 47 2 1
20685 1958 15 47 2 1
20686 1958 16 47 2 1
20687 1958 17 47 2 1
20688 1958 18 47 2 1
20689 1958 19 47 2 1
20690 1958 20 47 2 1
20691 1958 21 47 2 1
20692 1958 22 47 2 1
20693 1959 12 47 2 1
20694 1959 13 47 2 1
20695 1959 14 47 2 1
20696 1959 15 47 2 1
20697 1959 16 47 2 1
20698 1959 17 47 2 1
20699 1959 18 47 2 1
20700 1959 19 47 2 1
20701 1959 20 47 2 1
20702 1959 21 47 2 1
20703 1959 22 47 2 1
20704 1960 12 47 2 1
20705 1960 13 47 2 1
20706 1960 14 47 2 1
20707 1960 15 47 2 1
20708 1960 16 47 2 1
20709 1960 17 47 2 1
20710 1960 18 47 2 1
20711 1960 19 47 2 1
20712 1960 20 47 2 1
20713 1960 21 47 2 1
20714 1960 22 47 2 1
20715 1961 12 47 2 1
20716 1961 13 47 2 1
20717 1961 14 47 2 1
20718 1961 15 47 2 1
20719 1961 16 47 2 1
20720 1961 17 47 2 1
20721 1961 18 47 2 1
20722 1961 19 47 2 1
20723 1961 20 47 2 1
20724 1961 21 47 2 1
20725 1961 22 47 2 1
20726 1962 12 47 2 1
20727 1962 13 47 2 1
20728 1962 14 47 2 1
20729 1962 15 47 2 1
20730 1962 16 47 2 1
20731 1962 17 47 2 1
20732 1962 18 47 2 1
20733 1962 19 47 2 1
20734 1962 20 47 2 1
20735 1962 21 47 2 1
20736 1962 22 47 2 1
20737 1963 12 47 2 1
20738 1963 13 47 2 1
20739 1963 14 47 2 1
20740 1963 15 47 2 1
20741 1963 16 47 2 1
20742 1963 17 47 2 1
20743 1963 18 47 2 1
20744 1963 19 47 2 1
20745 1963 20 47 2 1
20746 1963 21 47 2 1
20747 1963 22 47 2 1
20748 1964 12 47 2 1
20749 1964 13 47 2 1
20750 1964 14 47 2 1
20751 1964 15 47 2 1
20752 1964 16 47 2 1
20753 1964 17 47 2 1
20754 1964 18 47 2 1
20755 1964 19 47 2 1
20756 1964 20 47 2 1
20757 1964 21 47 2 1
20758 1964 22 47 2 1
20759 1965 12 47 2 1
20760 1965 13 47 2 1
20761 1965 14 47 2 1
20762 1965 15 47 2 1
20763 1965 16 47 2 1
20764 1965 17 47 2 1
20765 1965 18 47 2 1
20766 1965 19 47 2 1
20767 1965 20 47 2 1
20768 1965 21 47 2 1
20769 1965 22 47 2 1
20770 1966 12 47 2 1
20771 1966 13 47 2 1
20772 1966 14 47 2 1
20773 1966 15 47 2 1
20774 1966 16 47 2 1
20775 1966 17 47 2 1
20776 1966 18 47 2 1
20777 1966 19 47 2 1
20778 1966 20 47 2 1
20779 1966 21 47 2 1
20780 1966 22 47 2 1
20781 1967 12 47 2 1
20782 1967 13 47 2 1
20783 1967 14 47 2 1
20784 1967 15 47 2 1
20785 1967 16 47 2 1
20786 1967 17 47 2 1
20787 1967 18 47 2 1
20788 1967 19 47 2 1
20789 1967 20 47 2 1
20790 1967 21 47 2 1
20791 1967 22 47 2 1
20792 1968 12 47 2 1
20793 1968 13 47 2 1
20794 1968 14 47 2 1
20795 1968 15 47 2 1
20796 1968 16 47 2 1
20797 1968 17 47 2 1
20798 1968 18 47 2 1
20799 1968 19 47 2 1
20800 1968 20 47 2 1
20801 1968 21 47 2 1
20802 1968 22 47 2 1
20803 1969 12 47 2 1
20804 1969 13 47 2 1
20805 1969 14 47 2 1
20806 1969 15 47 2 1
20807 1969 16 47 2 1
20808 1969 17 47 2 1
20809 1969 18 47 2 1
20810 1969 19 47 2 1
20811 1969 20 47 2 1
20812 1969 21 47 2 1
20813 1969 22 47 2 1
20814 1970 12 47 2 1
20815 1970 13 47 2 1
20816 1970 14 47 2 1
20817 1970 15 47 2 1
20818 1970 16 47 2 1
20819 1970 17 47 2 1
20820 1970 18 47 2 1
20821 1970 19 47 2 1
20822 1970 20 47 2 1
20823 1970 21 47 2 1
20824 1970 22 47 2 1
20825 1971 12 47 2 1
20826 1971 13 47 2 1
20827 1971 14 47 2 1
20828 1971 15 47 2 1
20829 1971 16 47 2 1
20830 1971 17 47 2 1
20831 1971 18 47 2 1
20832 1971 19 47 2 1
20833 1971 20 47 2 1
20834 1971 21 47 2 1
20835 1971 22 47 2 1
20836 1972 12 47 2 1
20837 1972 13 47 2 1
20838 1972 14 47 2 1
20839 1972 15 47 2 1
20840 1972 16 47 2 1
20841 1972 17 47 2 1
20842 1972 18 47 2 1
20843 1972 19 47 2 1
20844 1972 20 47 2 1
20845 1972 21 47 2 1
20846 1972 22 47 2 1
20847 1973 12 47 2 1
20848 1973 13 47 2 1
20849 1973 14 47 2 1
20850 1973 15 47 2 1
20851 1973 16 47 2 1
20852 1973 17 47 2 1
20853 1973 18 47 2 1
20854 1973 19 47 2 1
20855 1973 20 47 2 1
20856 1973 21 47 2 1
20857 1973 22 47 2 1
20858 1974 12 47 2 1
20859 1974 13 47 2 1
20860 1974 14 47 2 1
20861 1974 15 47 2 1
20862 1974 16 47 2 1
20863 1974 17 47 2 1
20864 1974 18 47 2 1
20865 1974 19 47 2 1
20866 1974 20 47 2 1
20867 1974 21 47 2 1
20868 1974 22 47 2 1
20869 1975 12 47 2 1
20870 1975 13 47 2 1
20871 1975 14 47 2 1
20872 1975 15 47 2 1
20873 1975 16 47 2 1
20874 1975 17 47 2 1
20875 1975 18 47 2 1
20876 1975 19 47 2 1
20877 1975 20 47 2 1
20878 1975 21 47 2 1
20879 1975 22 47 2 1
20880 1976 12 47 2 1
20881 1976 13 47 2 1
20882 1976 14 47 2 1
20883 1976 15 47 2 1
20884 1976 16 47 2 1
20885 1976 17 47 2 1
20886 1976 18 47 2 1
20887 1976 19 47 2 1
20888 1976 20 47 2 1
20889 1976 21 47 2 1
20890 1976 22 47 2 1
20891 1977 12 47 2 1
20892 1977 13 47 2 1
20893 1977 14 47 2 1
20894 1977 15 47 2 1
20895 1977 16 47 2 1
20896 1977 17 47 2 1
20897 1977 18 47 2 1
20898 1977 19 47 2 1
20899 1977 20 47 2 1
20900 1977 21 47 2 1
20901 1977 22 47 2 1
20902 1978 12 47 2 1
20903 1978 15 47 2 1
20904 1978 16 47 2 1
20905 1978 17 47 2 1
20906 1978 18 47 2 1
20907 1978 19 47 2 1
20908 1978 20 47 2 1
20909 1978 21 47 2 1
20910 1978 22 47 2 1
20911 1979 12 47 2 1
20912 1979 15 47 2 1
20913 1979 16 47 2 1
20914 1979 17 47 2 1
20915 1979 18 47 2 1
20916 1979 19 47 2 1
20917 1979 20 47 2 1
20918 1979 21 47 2 1
20919 1979 22 47 2 1
20920 1980 12 47 2 1
20921 1980 13 47 2 1
20922 1980 14 47 2 1
20923 1980 15 47 2 1
20924 1980 16 47 2 1
20925 1980 17 47 2 1
20926 1980 18 47 2 1
20927 1980 19 47 2 1
20928 1980 22 47 2 1
20929 1981 12 47 2 1
20930 1981 13 47 2 1
20931 1981 14 47 2 1
20932 1981 15 47 2 1
20933 1981 16 47 2 1
20934 1981 17 47 2 1
20935 1981 18 47 2 1
20936 1981 19 47 2 1
20937 1981 22 47 2 1
20938 1982 12 47 2 1
20939 1982 13 47 2 1
20940 1982 14 47 2 1
20941 1982 15 47 2 1
20942 1982 16 47 2 1
20943 1982 17 47 2 1
20944 1982 18 47 2 1
20945 1982 19 47 2 1
20946 1982 20 47 2 1
20947 1982 21 47 2 1
20948 1982 22 47 2 1
20949 1983 12 47 2 1
20950 1983 13 47 2 1
20951 1983 14 47 2 1
20952 1983 15 47 2 1
20953 1983 16 47 2 1
20954 1983 17 47 2 1
20955 1983 18 47 2 1
20956 1983 19 47 2 1
20957 1983 20 47 2 1
20958 1983 21 47 2 1
20959 1983 22 47 2 1
20960 1984 12 47 2 1
20961 1984 13 47 2 1
20962 1984 14 47 2 1
20963 1984 15 47 2 1
20964 1984 16 47 2 1
20965 1984 17 47 2 1
20966 1984 18 47 2 1
20967 1984 19 47 2 1
20968 1984 20 47 2 1
20969 1984 21 47 2 1
20970 1984 22 47 2 1
20971 1985 12 47 2 1
20972 1985 13 47 2 1
20973 1985 14 47 2 1
20974 1985 15 47 2 1
20975 1985 16 47 2 1
20976 1985 17 47 2 1
20977 1985 18 47 2 1
20978 1985 19 47 2 1
20979 1985 20 47 2 1
20980 1985 21 47 2 1
20981 1985 22 47 2 1
20982 1986 12 47 2 1
20983 1986 13 47 2 1
20984 1986 14 47 2 1
20985 1986 15 47 2 1
20986 1986 16 47 2 1
20987 1986 17 47 2 1
20988 1986 18 47 2 1
20989 1986 19 47 2 1
20990 1986 20 47 2 1
20991 1986 21 47 2 1
20992 1986 22 47 2 1
20993 1987 12 47 2 1
20994 1987 13 47 2 1
20995 1987 14 47 2 1
20996 1987 15 47 2 1
20997 1987 16 47 2 1
20998 1987 17 47 2 1
20999 1987 18 47 2 1
21000 1987 19 47 2 1
21001 1987 20 47 2 1
21002 1987 21 47 2 1
21003 1987 22 47 2 1
21004 1988 12 47 2 1
21005 1988 13 47 2 1
21006 1988 14 47 2 1
21007 1988 15 47 2 1
21008 1988 16 47 2 1
21009 1988 17 47 2 1
21010 1988 18 47 2 1
21011 1988 19 47 2 1
21012 1988 20 47 2 1
21013 1988 21 47 2 1
21014 1988 22 47 2 1
21015 1989 12 47 2 1
21016 1989 13 47 2 1
21017 1989 14 47 2 1
21018 1989 15 47 2 1
21019 1989 16 47 2 1
21020 1989 17 47 2 1
21021 1989 18 47 2 1
21022 1989 19 47 2 1
21023 1989 20 47 2 1
21024 1989 21 47 2 1
21025 1989 22 47 2 1
21026 1990 12 47 2 1
21027 1990 13 47 2 1
21028 1990 14 47 2 1
21029 1990 15 47 2 1
21030 1990 16 47 2 1
21031 1990 17 47 2 1
21032 1990 18 47 2 1
21033 1990 19 47 2 1
21034 1990 20 47 2 1
21035 1990 21 47 2 1
21036 1990 22 47 2 1
21037 1991 12 47 2 1
21038 1991 13 47 2 1
21039 1991 14 47 2 1
21040 1991 15 47 2 1
21041 1991 16 47 2 1
21042 1991 17 47 2 1
21043 1991 18 47 2 1
21044 1991 19 47 2 1
21045 1991 20 47 2 1
21046 1991 21 47 2 1
21047 1991 22 47 2 1
21048 1992 12 47 2 1
21049 1992 13 47 2 1
21050 1992 14 47 2 1
21051 1992 15 47 2 1
21052 1992 16 47 2 1
21053 1992 17 47 2 1
21054 1992 18 47 2 1
21055 1992 19 47 2 1
21056 1992 20 47 2 1
21057 1992 21 47 2 1
21058 1992 22 47 2 1
21059 1993 12 47 2 1
21060 1993 13 47 2 1
21061 1993 14 47 2 1
21062 1993 15 47 2 1
21063 1993 16 47 2 1
21064 1993 17 47 2 1
21065 1993 18 47 2 1
21066 1993 19 47 2 1
21067 1993 20 47 2 1
21068 1993 21 47 2 1
21069 1993 22 47 2 1
21070 1994 12 47 2 1
21071 1994 13 47 2 1
21072 1994 14 47 2 1
21073 1994 15 47 2 1
21074 1994 16 47 2 1
21075 1994 17 47 2 1
21076 1994 18 47 2 1
21077 1994 19 47 2 1
21078 1994 20 47 2 1
21079 1994 21 47 2 1
21080 1994 22 47 2 1
21081 1995 12 47 2 1
21082 1995 13 47 2 1
21083 1995 14 47 2 1
21084 1995 15 47 2 1
21085 1995 16 47 2 1
21086 1995 17 47 2 1
21087 1995 18 47 2 1
21088 1995 19 47 2 1
21089 1995 20 47 2 1
21090 1995 21 47 2 1
21091 1995 22 47 2 1
21092 1996 12 47 2 1
21093 1996 13 47 2 1
21094 1996 14 47 2 1
21095 1996 15 47 2 1
21096 1996 16 47 2 1
21097 1996 17 47 2 1
21098 1996 18 47 2 1
21099 1996 19 47 2 1
21100 1996 20 47 2 1
21101 1996 21 47 2 1
21102 1996 22 47 2 1
21103 1997 12 47 2 1
21104 1997 13 47 2 1
21105 1997 14 47 2 1
21106 1997 15 47 2 1
21107 1997 16 47 2 1
21108 1997 17 47 2 1
21109 1997 18 47 2 1
21110 1997 19 47 2 1
21111 1997 20 47 2 1
21112 1997 21 47 2 1
21113 1997 22 47 2 1
21114 1998 12 47 2 1
21115 1998 13 47 2 1
21116 1998 14 47 2 1
21117 1998 15 47 2 1
21118 1998 16 47 2 1
21119 1998 17 47 2 1
21120 1998 18 47 2 1
21121 1998 19 47 2 1
21122 1998 20 47 2 1
21123 1998 21 47 2 1
21124 1998 22 47 2 1
21125 1999 12 47 2 1
21126 1999 13 47 2 1
21127 1999 14 47 2 1
21128 1999 15 47 2 1
21129 1999 16 47 2 1
21130 1999 17 47 2 1
21131 1999 18 47 2 1
21132 1999 19 47 2 1
21133 1999 20 47 2 1
21134 1999 21 47 2 1
21135 1999 22 47 2 1
21136 2000 12 47 2 1
21137 2000 13 47 2 1
21138 2000 14 47 2 1
21139 2000 15 47 2 1
21140 2000 16 47 2 1
21141 2000 17 47 2 1
21142 2000 18 47 2 1
21143 2000 19 47 2 1
21144 2000 20 47 2 1
21145 2000 21 47 2 1
21146 2000 22 47 2 1
21147 2001 12 47 2 1
21148 2001 13 47 2 1
21149 2001 14 47 2 1
21150 2001 15 47 2 1
21151 2001 16 47 2 1
21152 2001 17 47 2 1
21153 2001 18 47 2 1
21154 2001 19 47 2 1
21155 2001 20 47 2 1
21156 2001 21 47 2 1
21157 2001 22 47 2 1
21158 2002 12 47 2 1
21159 2002 13 47 2 1
21160 2002 14 47 2 1
21161 2002 15 47 2 1
21162 2002 16 47 2 1
21163 2002 17 47 2 1
21164 2002 18 47 2 1
21165 2002 19 47 2 1
21166 2002 20 47 2 1
21167 2002 21 47 2 1
21168 2002 22 47 2 1
21169 2003 12 47 2 1
21170 2003 13 47 2 1
21171 2003 14 47 2 1
21172 2003 15 47 2 1
21173 2003 16 47 2 1
21174 2003 17 47 2 1
21175 2003 18 47 2 1
21176 2003 19 47 2 1
21177 2003 20 47 2 1
21178 2003 21 47 2 1
21179 2003 22 47 2 1
21180 2004 12 47 2 1
21181 2004 13 47 2 1
21182 2004 14 47 2 1
21183 2004 15 47 2 1
21184 2004 16 47 2 1
21185 2004 17 47 2 1
21186 2004 18 47 2 1
21187 2004 19 47 2 1
21188 2004 20 47 2 1
21189 2004 21 47 2 1
21190 2004 22 47 2 1
21191 2005 12 47 2 1
21192 2005 13 47 2 1
21193 2005 14 47 2 1
21194 2005 15 47 2 1
21195 2005 16 47 2 1
21196 2005 17 47 2 1
21197 2005 18 47 2 1
21198 2005 19 47 2 1
21199 2005 20 47 2 1
21200 2005 21 47 2 1
21201 2005 22 47 2 1
21202 2006 14 47 2 1
21203 2006 15 47 2 1
21204 2006 16 47 2 1
21205 2006 17 47 2 1
21206 2006 18 47 2 1
21207 2006 19 47 2 1
21208 2006 20 47 2 1
21209 2006 21 47 2 1
21210 2006 22 47 2 1
21211 2007 14 47 2 1
21212 2007 15 47 2 1
21213 2007 16 47 2 1
21214 2007 17 47 2 1
21215 2007 18 47 2 1
21216 2007 19 47 2 1
21217 2007 20 47 2 1
21218 2007 21 47 2 1
21219 2007 22 47 2 1
21220 2008 12 47 2 1
21221 2008 13 47 2 1
21222 2008 14 47 2 1
21223 2008 15 47 2 1
21224 2008 16 47 2 1
21225 2008 17 47 2 1
21226 2008 18 47 2 1
21227 2008 19 47 2 1
21228 2008 20 47 2 1
21229 2009 12 47 2 1
21230 2009 13 47 2 1
21231 2009 14 47 2 1
21232 2009 15 47 2 1
21233 2009 16 47 2 1
21234 2009 17 47 2 1
21235 2009 18 47 2 1
21236 2009 19 47 2 1
21237 2009 20 47 2 1
21238 2010 12 47 2 1
21239 2010 13 47 2 1
21240 2010 14 47 2 1
21241 2010 15 47 2 1
21242 2010 16 47 2 1
21243 2010 17 47 2 1
21244 2010 18 47 2 1
21245 2010 19 47 2 1
21246 2010 20 47 2 1
21247 2010 21 47 2 1
21248 2010 22 47 2 1
21249 2011 12 47 2 1
21250 2011 13 47 2 1
21251 2011 14 47 2 1
21252 2011 15 47 2 1
21253 2011 16 47 2 1
21254 2011 17 47 2 1
21255 2011 18 47 2 1
21256 2011 19 47 2 1
21257 2011 20 47 2 1
21258 2011 21 47 2 1
21259 2011 22 47 2 1
21260 2012 12 47 2 1
21261 2012 13 47 2 1
21262 2012 14 47 2 1
21263 2012 15 47 2 1
21264 2012 16 47 2 1
21265 2012 17 47 2 1
21266 2012 18 47 2 1
21267 2012 19 47 2 1
21268 2012 20 47 2 1
21269 2012 21 47 2 1
21270 2012 22 47 2 1
21271 2013 12 47 2 1
21272 2013 13 47 2 1
21273 2013 14 47 2 1
21274 2013 15 47 2 1
21275 2013 16 47 2 1
21276 2013 17 47 2 1
21277 2013 18 47 2 1
21278 2013 19 47 2 1
21279 2013 20 47 2 1
21280 2013 21 47 2 1
21281 2013 22 47 2 1
21282 2014 12 47 2 1
21283 2014 13 47 2 1
21284 2014 14 47 2 1
21285 2014 15 47 2 1
21286 2014 16 47 2 1
21287 2014 17 47 2 1
21288 2014 18 47 2 1
21289 2014 19 47 2 1
21290 2014 20 47 2 1
21291 2014 21 47 2 1
21292 2014 22 47 2 1
21293 2015 12 47 2 1
21294 2015 13 47 2 1
21295 2015 14 47 2 1
21296 2015 15 47 2 1
21297 2015 16 47 2 1
21298 2015 17 47 2 1
21299 2015 18 47 2 1
21300 2015 19 47 2 1
21301 2015 20 47 2 1
21302 2015 21 47 2 1
21303 2015 22 47 2 1
21304 2016 12 47 2 1
21305 2016 13 47 2 1
21306 2016 14 47 2 1
21307 2016 15 47 2 1
21308 2016 16 47 2 1
21309 2016 17 47 2 1
21310 2016 18 47 2 1
21311 2016 19 47 2 1
21312 2016 20 47 2 1
21313 2016 21 47 2 1
21314 2016 22 47 2 1
21315 2017 12 47 2 1
21316 2017 13 47 2 1
21317 2017 14 47 2 1
21318 2017 15 47 2 1
21319 2017 16 47 2 1
21320 2017 17 47 2 1
21321 2017 18 47 2 1
21322 2017 19 47 2 1
21323 2017 20 47 2 1
21324 2017 21 47 2 1
21325 2017 22 47 2 1
21326 2018 12 47 2 1
21327 2018 13 47 2 1
21328 2018 14 47 2 1
21329 2018 15 47 2 1
21330 2018 16 47 2 1
21331 2018 17 47 2 1
21332 2018 18 47 2 1
21333 2018 19 47 2 1
21334 2018 20 47 2 1
21335 2018 21 47 2 1
21336 2018 22 47 2 1
21337 2019 12 47 2 1
21338 2019 13 47 2 1
21339 2019 14 47 2 1
21340 2019 15 47 2 1
21341 2019 16 47 2 1
21342 2019 17 47 2 1
21343 2019 18 47 2 1
21344 2019 19 47 2 1
21345 2019 20 47 2 1
21346 2019 21 47 2 1
21347 2019 22 47 2 1
21348 2020 12 47 2 1
21349 2020 13 47 2 1
21350 2020 14 47 2 1
21351 2020 15 47 2 1
21352 2020 16 47 2 1
21353 2020 17 47 2 1
21354 2020 18 47 2 1
21355 2020 19 47 2 1
21356 2020 20 47 2 1
21357 2020 21 47 2 1
21358 2020 22 47 2 1
21359 2021 12 47 2 1
21360 2021 13 47 2 1
21361 2021 14 47 2 1
21362 2021 15 47 2 1
21363 2021 16 47 2 1
21364 2021 17 47 2 1
21365 2021 18 47 2 1
21366 2021 19 47 2 1
21367 2021 20 47 2 1
21368 2021 21 47 2 1
21369 2021 22 47 2 1
21370 2022 14 47 2 1
21371 2022 15 47 2 1
21372 2022 16 47 2 1
21373 2022 17 47 2 1
21374 2022 18 47 2 1
21375 2022 19 47 2 1
21376 2022 20 47 2 1
21377 2022 21 47 2 1
21378 2022 22 47 2 1
21379 2023 14 47 2 1
21380 2023 15 47 2 1
21381 2023 16 47 2 1
21382 2023 17 47 2 1
21383 2023 18 47 2 1
21384 2023 19 47 2 1
21385 2023 20 47 2 1
21386 2023 21 47 2 1
21387 2023 22 47 2 1
21388 2024 12 47 2 1
21389 2024 13 47 2 1
21390 2024 14 47 2 1
21391 2024 15 47 2 1
21392 2024 16 47 2 1
21393 2024 17 47 2 1
21394 2024 18 47 2 1
21395 2024 19 47 2 1
21396 2024 20 47 2 1
21397 2025 12 47 2 1
21398 2025 13 47 2 1
21399 2025 14 47 2 1
21400 2025 15 47 2 1
21401 2025 16 47 2 1
21402 2025 17 47 2 1
21403 2025 18 47 2 1
21404 2025 19 47 2 1
21405 2025 20 47 2 1
21406 2026 12 47 2 1
21407 2026 13 47 2 1
21408 2026 14 47 2 1
21409 2026 15 47 2 1
21410 2026 16 47 2 1
21411 2026 19 47 2 1
21412 2026 20 47 2 1
21413 2026 21 47 2 1
21414 2026 22 47 2 1
21415 2027 12 47 2 1
21416 2027 13 47 2 1
21417 2027 14 47 2 1
21418 2027 15 47 2 1
21419 2027 16 47 2 1
21420 2027 19 47 2 1
21421 2027 20 47 2 1
21422 2027 21 47 2 1
21423 2027 22 47 2 1
21424 2028 12 47 2 1
21425 2028 13 47 2 1
21426 2028 14 47 2 1
21427 2028 15 47 2 1
21428 2028 18 47 2 1
21429 2028 19 47 2 1
21430 2028 20 47 2 1
21431 2028 21 47 2 1
21432 2028 22 47 2 1
21433 2029 12 47 2 1
21434 2029 13 47 2 1
21435 2029 14 47 2 1
21436 2029 15 47 2 1
21437 2029 18 47 2 1
21438 2029 19 47 2 1
21439 2029 20 47 2 1
21440 2029 21 47 2 1
21441 2029 22 47 2 1
21442 2030 12 47 2 1
21443 2030 13 47 2 1
21444 2030 14 47 2 1
21445 2030 15 47 2 1
21446 2030 16 47 2 1
21447 2030 17 47 2 1
21448 2030 18 47 2 1
21449 2030 19 47 2 1
21450 2030 20 47 2 1
21451 2030 21 47 2 1
21452 2030 22 47 2 1
21453 2031 12 47 2 1
21454 2031 13 47 2 1
21455 2031 14 47 2 1
21456 2031 15 47 2 1
21457 2031 16 47 2 1
21458 2031 17 47 2 1
21459 2031 18 47 2 1
21460 2031 19 47 2 1
21461 2031 20 47 2 1
21462 2031 21 47 2 1
21463 2031 22 47 2 1
21464 2032 12 47 2 1
21465 2032 13 47 2 1
21466 2032 14 47 2 1
21467 2032 15 47 2 1
21468 2032 16 47 2 1
21469 2032 17 47 2 1
21470 2032 18 47 2 1
21471 2032 19 47 2 1
21472 2032 20 47 2 1
21473 2032 21 47 2 1
21474 2032 22 47 2 1
21475 2033 12 47 2 1
21476 2033 13 47 2 1
21477 2033 14 47 2 1
21478 2033 15 47 2 1
21479 2033 16 47 2 1
21480 2033 17 47 2 1
21481 2033 18 47 2 1
21482 2033 19 47 2 1
21483 2033 20 47 2 1
21484 2033 21 47 2 1
21485 2033 22 47 2 1
21486 2034 12 47 2 1
21487 2034 13 47 2 1
21488 2034 14 47 2 1
21489 2034 15 47 2 1
21490 2034 16 47 2 1
21491 2034 17 47 2 1
21492 2034 18 47 2 1
21493 2034 19 47 2 1
21494 2034 20 47 2 1
21495 2034 21 47 2 1
21496 2034 22 47 2 1
21497 2035 12 47 2 1
21498 2035 13 47 2 1
21499 2035 14 47 2 1
21500 2035 15 47 2 1
21501 2035 16 47 2 1
21502 2035 17 47 2 1
21503 2035 18 47 2 1
21504 2035 19 47 2 1
21505 2035 20 47 2 1
21506 2035 21 47 2 1
21507 2035 22 47 2 1
21508 2036 12 47 2 1
21509 2036 13 47 2 1
21510 2036 14 47 2 1
21511 2036 15 47 2 1
21512 2036 16 47 2 1
21513 2036 17 47 2 1
21514 2036 18 47 2 1
21515 2036 19 47 2 1
21516 2036 20 47 2 1
21517 2036 21 47 2 1
21518 2036 22 47 2 1
21519 2037 12 47 2 1
21520 2037 13 47 2 1
21521 2037 14 47 2 1
21522 2037 15 47 2 1
21523 2037 16 47 2 1
21524 2037 17 47 2 1
21525 2037 18 47 2 1
21526 2037 19 47 2 1
21527 2037 20 47 2 1
21528 2037 21 47 2 1
21529 2037 22 47 2 1
21530 2038 12 47 2 1
21531 2038 13 47 2 1
21532 2038 14 47 2 1
21533 2038 15 47 2 1
21534 2038 16 47 2 1
21535 2038 17 47 2 1
21536 2038 18 47 2 1
21537 2038 19 47 2 1
21538 2038 20 47 2 1
21539 2038 21 47 2 1
21540 2038 22 47 2 1
21541 2039 12 47 2 1
21542 2039 13 47 2 1
21543 2039 14 47 2 1
21544 2039 15 47 2 1
21545 2039 16 47 2 1
21546 2039 17 47 2 1
21547 2039 18 47 2 1
21548 2039 19 47 2 1
21549 2039 20 47 2 1
21550 2039 21 47 2 1
21551 2039 22 47 2 1
21552 2040 12 47 2 1
21553 2040 13 47 2 1
21554 2040 14 47 2 1
21555 2040 15 47 2 1
21556 2040 16 47 2 1
21557 2040 17 47 2 1
21558 2040 18 47 2 1
21559 2040 19 47 2 1
21560 2040 20 47 2 1
21561 2040 21 47 2 1
21562 2040 22 47 2 1
21563 2041 12 47 2 1
21564 2041 13 47 2 1
21565 2041 14 47 2 1
21566 2041 15 47 2 1
21567 2041 16 47 2 1
21568 2041 17 47 2 1
21569 2041 18 47 2 1
21570 2041 19 47 2 1
21571 2041 20 47 2 1
21572 2041 21 47 2 1
21573 2041 22 47 2 1
21574 2042 12 47 2 1
21575 2042 13 47 2 1
21576 2042 14 47 2 1
21577 2042 15 47 2 1
21578 2042 16 47 2 1
21579 2042 17 47 2 1
21580 2042 18 47 2 1
21581 2042 19 47 2 1
21582 2042 20 47 2 1
21583 2042 21 47 2 1
21584 2042 22 47 2 1
21585 2043 12 47 2 1
21586 2043 13 47 2 1
21587 2043 14 47 2 1
21588 2043 15 47 2 1
21589 2043 16 47 2 1
21590 2043 17 47 2 1
21591 2043 18 47 2 1
21592 2043 19 47 2 1
21593 2043 20 47 2 1
21594 2043 21 47 2 1
21595 2043 22 47 2 1
21596 2044 12 47 2 1
21597 2044 13 47 2 1
21598 2044 14 47 2 1
21599 2044 17 47 2 1
21600 2044 20 47 2 1
21601 2044 21 47 2 1
21602 2044 22 47 2 1
21603 2045 12 47 2 1
21604 2045 13 47 2 1
21605 2045 14 47 2 1
21606 2045 17 47 2 1
21607 2045 20 47 2 1
21608 2045 21 47 2 1
21609 2045 22 47 2 1
21610 2046 12 47 2 1
21611 2046 13 47 2 1
21612 2046 14 47 2 1
21613 2046 17 47 2 1
21614 2046 20 47 2 1
21615 2046 21 47 2 1
21616 2046 22 47 2 1
21617 2047 12 47 2 1
21618 2047 13 47 2 1
21619 2047 14 47 2 1
21620 2047 17 47 2 1
21621 2047 20 47 2 1
21622 2047 21 47 2 1
21623 2047 22 47 2 1
21624 2048 12 47 2 1
21625 2048 13 47 2 1
21626 2048 14 47 2 1
21627 2048 15 47 2 1
21628 2048 16 47 2 1
21629 2048 17 47 2 1
21630 2048 18 47 2 1
21631 2048 19 47 2 1
21632 2048 20 47 2 1
21633 2048 21 47 2 1
21634 2048 22 47 2 1
21635 2049 12 47 2 1
21636 2049 13 47 2 1
21637 2049 14 47 2 1
21638 2049 15 47 2 1
21639 2049 16 47 2 1
21640 2049 17 47 2 1
21641 2049 18 47 2 1
21642 2049 19 47 2 1
21643 2049 20 47 2 1
21644 2049 21 47 2 1
21645 2049 22 47 2 1
21646 2050 12 47 2 1
21647 2050 13 47 2 1
21648 2050 14 47 2 1
21649 2050 15 47 2 1
21650 2050 16 47 2 1
21651 2050 17 47 2 1
21652 2050 18 47 2 1
21653 2050 19 47 2 1
21654 2050 20 47 2 1
21655 2050 21 47 2 1
21656 2050 22 47 2 1
21657 2051 12 47 2 1
21658 2051 13 47 2 1
21659 2051 14 47 2 1
21660 2051 15 47 2 1
21661 2051 16 47 2 1
21662 2051 17 47 2 1
21663 2051 18 47 2 1
21664 2051 19 47 2 1
21665 2051 20 47 2 1
21666 2051 21 47 2 1
21667 2051 22 47 2 1
21668 2052 12 47 2 1
21669 2052 13 47 2 1
21670 2052 14 47 2 1
21671 2052 15 47 2 1
21672 2052 16 47 2 1
21673 2052 17 47 2 1
21674 2052 18 47 2 1
21675 2052 19 47 2 1
21676 2052 20 47 2 1
21677 2052 21 47 2 1
21678 2052 22 47 2 1
21679 2053 12 47 2 1
21680 2053 13 47 2 1
21681 2053 14 47 2 1
21682 2053 15 47 2 1
21683 2053 16 47 2 1
21684 2053 17 47 2 1
21685 2053 18 47 2 1
21686 2053 19 47 2 1
21687 2053 20 47 2 1
21688 2053 21 47 2 1
21689 2053 22 47 2 1
21690 2054 12 47 2 1
21691 2054 13 47 2 1
21692 2054 14 47 2 1
21693 2054 15 47 2 1
21694 2054 16 47 2 1
21695 2054 17 47 2 1
21696 2054 18 47 2 1
21697 2054 19 47 2 1
21698 2054 20 47 2 1
21699 2054 21 47 2 1
21700 2054 22 47 2 1
21701 2055 12 47 2 1
21702 2055 13 47 2 1
21703 2055 14 47 2 1
21704 2055 15 47 2 1
21705 2055 16 47 2 1
21706 2055 17 47 2 1
21707 2055 18 47 2 1
21708 2055 19 47 2 1
21709 2055 20 47 2 1
21710 2055 21 47 2 1
21711 2055 22 47 2 1
21712 2056 12 47 2 1
21713 2056 13 47 2 1
21714 2056 14 47 2 1
21715 2056 15 47 2 1
21716 2056 16 47 2 1
21717 2056 17 47 2 1
21718 2056 18 47 2 1
21719 2056 19 47 2 1
21720 2056 20 47 2 1
21721 2056 21 47 2 1
21722 2056 22 47 2 1
21723 2057 12 47 2 1
21724 2057 13 47 2 1
21725 2057 14 47 2 1
21726 2057 15 47 2 1
21727 2057 16 47 2 1
21728 2057 17 47 2 1
21729 2057 18 47 2 1
21730 2057 19 47 2 1
21731 2057 20 47 2 1
21732 2057 21 47 2 1
21733 2057 22 47 2 1
21734 2058 12 47 2 1
21735 2058 13 47 2 1
21736 2058 14 47 2 1
21737 2058 15 47 2 1
21738 2058 16 47 2 1
21739 2058 17 47 2 1
21740 2058 18 47 2 1
21741 2058 19 47 2 1
21742 2058 20 47 2 1
21743 2058 21 47 2 1
21744 2058 22 47 2 1
21745 2059 12 47 2 1
21746 2059 13 47 2 1
21747 2059 14 47 2 1
21748 2059 15 47 2 1
21749 2059 16 47 2 1
21750 2059 17 47 2 1
21751 2059 18 47 2 1
21752 2059 19 47 2 1
21753 2059 20 47 2 1
21754 2059 21 47 2 1
21755 2059 22 47 2 1
21756 2060 12 47 2 1
21757 2060 13 47 2 1
21758 2060 16 47 2 1
21759 2060 17 47 2 1
21760 2060 18 47 2 1
21761 2060 19 47 2 1
21762 2060 20 47 2 1
21763 2060 21 47 2 1
21764 2060 22 47 2 1
21765 2061 12 47 2 1
21766 2061 13 47 2 1
21767 2061 16 47 2 1
21768 2061 17 47 2 1
21769 2061 18 47 2 1
21770 2061 19 47 2 1
21771 2061 20 47 2 1
21772 2061 21 47 2 1
21773 2061 22 47 2 1
21774 2062 12 47 2 1
21775 2062 13 47 2 1
21776 2062 14 47 2 1
21777 2062 15 47 2 1
21778 2062 16 47 2 1
21779 2062 17 47 2 1
21780 2062 18 47 2 1
21781 2062 21 47 2 1
21782 2062 22 47 2 1
21783 2063 12 47 2 1
21784 2063 13 47 2 1
21785 2063 14 47 2 1
21786 2063 15 47 2 1
21787 2063 16 47 2 1
21788 2063 17 47 2 1
21789 2063 18 47 2 1
21790 2063 21 47 2 1
21791 2063 22 47 2 1
21792 2064 12 47 2 1
21793 2064 13 47 2 1
21794 2064 14 47 2 1
21795 2064 15 47 2 1
21796 2064 16 47 2 1
21797 2064 17 47 2 1
21798 2064 18 47 2 1
21799 2064 19 47 2 1
21800 2064 20 47 2 1
21801 2064 21 47 2 1
21802 2064 22 47 2 1
21803 2065 12 47 2 1
21804 2065 13 47 2 1
21805 2065 14 47 2 1
21806 2065 15 47 2 1
21807 2065 16 47 2 1
21808 2065 17 47 2 1
21809 2065 18 47 2 1
21810 2065 19 47 2 1
21811 2065 20 47 2 1
21812 2065 21 47 2 1
21813 2065 22 47 2 1
21814 2066 12 47 2 1
21815 2066 13 47 2 1
21816 2066 14 47 2 1
21817 2066 15 47 2 1
21818 2066 16 47 2 1
21819 2066 17 47 2 1
21820 2066 18 47 2 1
21821 2066 19 47 2 1
21822 2066 20 47 2 1
21823 2066 21 47 2 1
21824 2066 22 47 2 1
21825 2067 12 47 2 1
21826 2067 13 47 2 1
21827 2067 14 47 2 1
21828 2067 15 47 2 1
21829 2067 16 47 2 1
21830 2067 17 47 2 1
21831 2067 18 47 2 1
21832 2067 19 47 2 1
21833 2067 20 47 2 1
21834 2067 21 47 2 1
21835 2067 22 47 2 1
21836 2068 12 47 2 1
21837 2068 13 47 2 1
21838 2068 14 47 2 1
21839 2068 15 47 2 1
21840 2068 16 47 2 1
21841 2068 17 47 2 1
21842 2068 18 47 2 1
21843 2068 19 47 2 1
21844 2068 20 47 2 1
21845 2068 21 47 2 1
21846 2068 22 47 2 1
21847 2069 12 47 2 1
21848 2069 13 47 2 1
21849 2069 14 47 2 1
21850 2069 15 47 2 1
21851 2069 16 47 2 1
21852 2069 17 47 2 1
21853 2069 18 47 2 1
21854 2069 19 47 2 1
21855 2069 20 47 2 1
21856 2069 21 47 2 1
21857 2069 22 47 2 1
21858 2070 12 47 2 1
21859 2070 13 47 2 1
21860 2070 14 47 2 1
21861 2070 15 47 2 1
21862 2070 16 47 2 1
21863 2070 17 47 2 1
21864 2070 18 47 2 1
21865 2070 19 47 2 1
21866 2070 20 47 2 1
21867 2070 21 47 2 1
21868 2070 22 47 2 1
21869 2071 12 47 2 1
21870 2071 13 47 2 1
21871 2071 14 47 2 1
21872 2071 15 47 2 1
21873 2071 16 47 2 1
21874 2071 17 47 2 1
21875 2071 18 47 2 1
21876 2071 19 47 2 1
21877 2071 20 47 2 1
21878 2071 21 47 2 1
21879 2071 22 47 2 1
21880 2072 12 47 2 1
21881 2072 13 47 2 1
21882 2072 14 47 2 1
21883 2072 15 47 2 1
21884 2072 16 47 2 1
21885 2072 17 47 2 1
21886 2072 18 47 2 1
21887 2072 19 47 2 1
21888 2072 20 47 2 1
21889 2072 21 47 2 1
21890 2072 22 47 2 1
21891 2073 12 47 2 1
21892 2073 13 47 2 1
21893 2073 14 47 2 1
21894 2073 15 47 2 1
21895 2073 16 47 2 1
21896 2073 17 47 2 1
21897 2073 18 47 2 1
21898 2073 19 47 2 1
21899 2073 20 47 2 1
21900 2073 21 47 2 1
21901 2073 22 47 2 1
21902 2074 12 47 2 1
21903 2074 13 47 2 1
21904 2074 14 47 2 1
21905 2074 15 47 2 1
21906 2074 16 47 2 1
21907 2074 17 47 2 1
21908 2074 18 47 2 1
21909 2074 19 47 2 1
21910 2074 20 47 2 1
21911 2074 21 47 2 1
21912 2074 22 47 2 1
21913 2075 12 47 2 1
21914 2075 13 47 2 1
21915 2075 14 47 2 1
21916 2075 15 47 2 1
21917 2075 16 47 2 1
21918 2075 17 47 2 1
21919 2075 18 47 2 1
21920 2075 19 47 2 1
21921 2075 20 47 2 1
21922 2075 21 47 2 1
21923 2075 22 47 2 1
21924 2076 12 47 2 1
21925 2076 13 47 2 1
21926 2076 14 47 2 1
21927 2076 15 47 2 1
21928 2076 16 47 2 1
21929 2076 17 47 2 1
21930 2076 20 47 2 1
21931 2076 21 47 2 1
21932 2076 22 47 2 1
21933 2077 12 47 2 1
21934 2077 13 47 2 1
21935 2077 14 47 2 1
21936 2077 15 47 2 1
21937 2077 16 47 2 1
21938 2077 17 47 2 1
21939 2077 20 47 2 1
21940 2077 21 47 2 1
21941 2077 22 47 2 1
21942 2078 12 47 2 1
21943 2078 13 47 2 1
21944 2078 14 47 2 1
21945 2078 17 47 2 1
21946 2078 18 47 2 1
21947 2078 19 47 2 1
21948 2078 20 47 2 1
21949 2078 21 47 2 1
21950 2078 22 47 2 1
21951 2079 12 47 2 1
21952 2079 13 47 2 1
21953 2079 14 47 2 1
21954 2079 17 47 2 1
21955 2079 18 47 2 1
21956 2079 19 47 2 1
21957 2079 20 47 2 1
21958 2079 21 47 2 1
21959 2079 22 47 2 1
21960 2080 12 47 2 1
21961 2080 13 47 2 1
21962 2080 14 47 2 1
21963 2080 15 47 2 1
21964 2080 16 47 2 1
21965 2080 17 47 2 1
21966 2080 18 47 2 1
21967 2080 19 47 2 1
21968 2080 20 47 2 1
21969 2080 21 47 2 1
21970 2080 22 47 2 1
21971 2081 12 47 2 1
21972 2081 13 47 2 1
21973 2081 14 47 2 1
21974 2081 15 47 2 1
21975 2081 16 47 2 1
21976 2081 17 47 2 1
21977 2081 18 47 2 1
21978 2081 19 47 2 1
21979 2081 20 47 2 1
21980 2081 21 47 2 1
21981 2081 22 47 2 1
21982 2082 12 47 2 1
21983 2082 13 47 2 1
21984 2082 14 47 2 1
21985 2082 15 47 2 1
21986 2082 16 47 2 1
21987 2082 17 47 2 1
21988 2082 18 47 2 1
21989 2082 19 47 2 1
21990 2082 20 47 2 1
21991 2082 21 47 2 1
21992 2082 22 47 2 1
21993 2083 12 47 2 1
21994 2083 13 47 2 1
21995 2083 14 47 2 1
21996 2083 15 47 2 1
21997 2083 16 47 2 1
21998 2083 17 47 2 1
21999 2083 18 47 2 1
22000 2083 19 47 2 1
22001 2083 20 47 2 1
22002 2083 21 47 2 1
22003 2083 22 47 2 1
22004 2084 12 47 2 1
22005 2084 13 47 2 1
22006 2084 14 47 2 1
22007 2084 15 47 2 1
22008 2084 16 47 2 1
22009 2084 17 47 2 1
22010 2084 18 47 2 1
22011 2084 19 47 2 1
22012 2084 20 47 2 1
22013 2084 21 47 2 1
22014 2084 22 47 2 1
22015 2085 12 47 2 1
22016 2085 13 47 2 1
22017 2085 14 47 2 1
22018 2085 15 47 2 1
22019 2085 16 47 2 1
22020 2085 17 47 2 1
22021 2085 18 47 2 1
22022 2085 19 47 2 1
22023 2085 20 47 2 1
22024 2085 21 47 2 1
22025 2085 22 47 2 1
22026 2086 12 47 2 1
22027 2086 13 47 2 1
22028 2086 14 47 2 1
22029 2086 15 47 2 1
22030 2086 16 47 2 1
22031 2086 17 47 2 1
22032 2086 18 47 2 1
22033 2086 19 47 2 1
22034 2086 20 47 2 1
22035 2086 21 47 2 1
22036 2086 22 47 2 1
22037 2087 12 47 2 1
22038 2087 13 47 2 1
22039 2087 14 47 2 1
22040 2087 15 47 2 1
22041 2087 16 47 2 1
22042 2087 17 47 2 1
22043 2087 18 47 2 1
22044 2087 19 47 2 1
22045 2087 20 47 2 1
22046 2087 21 47 2 1
22047 2087 22 47 2 1
22048 2088 12 47 2 1
22049 2088 13 47 2 1
22050 2088 14 47 2 1
22051 2088 15 47 2 1
22052 2088 16 47 2 1
22053 2088 17 47 2 1
22054 2088 18 47 2 1
22055 2088 19 47 2 1
22056 2088 20 47 2 1
22057 2088 21 47 2 1
22058 2088 22 47 2 1
22059 2089 12 47 2 1
22060 2089 13 47 2 1
22061 2089 14 47 2 1
22062 2089 15 47 2 1
22063 2089 16 47 2 1
22064 2089 17 47 2 1
22065 2089 18 47 2 1
22066 2089 19 47 2 1
22067 2089 20 47 2 1
22068 2089 21 47 2 1
22069 2089 22 47 2 1
22070 2090 12 47 2 1
22071 2090 13 47 2 1
22072 2090 14 47 2 1
22073 2090 15 47 2 1
22074 2090 16 47 2 1
22075 2090 17 47 2 1
22076 2090 18 47 2 1
22077 2090 19 47 2 1
22078 2090 20 47 2 1
22079 2090 21 47 2 1
22080 2090 22 47 2 1
22081 2091 12 47 2 1
22082 2091 13 47 2 1
22083 2091 14 47 2 1
22084 2091 15 47 2 1
22085 2091 16 47 2 1
22086 2091 17 47 2 1
22087 2091 18 47 2 1
22088 2091 19 47 2 1
22089 2091 20 47 2 1
22090 2091 21 47 2 1
22091 2091 22 47 2 1
22092 2092 12 47 2 1
22093 2092 13 47 2 1
22094 2092 14 47 2 1
22095 2092 15 47 2 1
22096 2092 16 47 2 1
22097 2092 17 47 2 1
22098 2092 18 47 2 1
22099 2092 19 47 2 1
22100 2092 20 47 2 1
22101 2092 21 47 2 1
22102 2092 22 47 2 1
22103 2093 12 47 2 1
22104 2093 13 47 2 1
22105 2093 14 47 2 1
22106 2093 15 47 2 1
22107 2093 16 47 2 1
22108 2093 17 47 2 1
22109 2093 18 47 2 1
22110 2093 19 47 2 1
22111 2093 20 47 2 1
22112 2093 21 47 2 1
22113 2093 22 47 2 1
22114 2094 12 47 2 1
22115 2094 13 47 2 1
22116 2094 14 47 2 1
22117 2094 15 47 2 1
22118 2094 16 47 2 1
22119 2094 17 47 2 1
22120 2094 18 47 2 1
22121 2094 19 47 2 1
22122 2094 20 47 2 1
22123 2094 21 47 2 1
22124 2094 22 47 2 1
22125 2095 12 47 2 1
22126 2095 13 47 2 1
22127 2095 14 47 2 1
22128 2095 15 47 2 1
22129 2095 16 47 2 1
22130 2095 17 47 2 1
22131 2095 18 47 2 1
22132 2095 19 47 2 1
22133 2095 20 47 2 1
22134 2095 21 47 2 1
22135 2095 22 47 2 1
22136 2096 12 47 2 1
22137 2096 13 47 2 1
22138 2096 14 47 2 1
22139 2096 15 47 2 1
22140 2096 16 47 2 1
22141 2096 17 47 2 1
22142 2096 18 47 2 1
22143 2096 19 47 2 1
22144 2096 20 47 2 1
22145 2096 21 47 2 1
22146 2096 22 47 2 1
22147 2097 12 47 2 1
22148 2097 13 47 2 1
22149 2097 14 47 2 1
22150 2097 15 47 2 1
22151 2097 16 47 2 1
22152 2097 17 47 2 1
22153 2097 18 47 2 1
22154 2097 19 47 2 1
22155 2097 20 47 2 1
22156 2097 21 47 2 1
22157 2097 22 47 2 1
22158 2098 12 47 2 1
22159 2098 13 47 2 1
22160 2098 14 47 2 1
22161 2098 15 47 2 1
22162 2098 16 47 2 1
22163 2098 17 47 2 1
22164 2098 18 47 2 1
22165 2098 19 47 2 1
22166 2098 20 47 2 1
22167 2098 21 47 2 1
22168 2098 22 47 2 1
22169 2099 12 47 2 1
22170 2099 13 47 2 1
22171 2099 14 47 2 1
22172 2099 15 47 2 1
22173 2099 16 47 2 1
22174 2099 17 47 2 1
22175 2099 18 47 2 1
22176 2099 19 47 2 1
22177 2099 20 47 2 1
22178 2099 21 47 2 1
22179 2099 22 47 2 1
22180 2100 12 47 2 1
22181 2100 13 47 2 1
22182 2100 14 47 2 1
22183 2100 15 47 2 1
22184 2100 16 47 2 1
22185 2100 17 47 2 1
22186 2100 18 47 2 1
22187 2100 19 47 2 1
22188 2100 20 47 2 1
22189 2100 21 47 2 1
22190 2100 22 47 2 1
22191 2101 12 47 2 1
22192 2101 13 47 2 1
22193 2101 14 47 2 1
22194 2101 15 47 2 1
22195 2101 16 47 2 1
22196 2101 17 47 2 1
22197 2101 18 47 2 1
22198 2101 19 47 2 1
22199 2101 20 47 2 1
22200 2101 21 47 2 1
22201 2101 22 47 2 1
22202 2102 12 47 2 1
22203 2102 13 47 2 1
22204 2102 14 47 2 1
22205 2102 15 47 2 1
22206 2102 16 47 2 1
22207 2102 17 47 2 1
22208 2102 18 47 2 1
22209 2102 19 47 2 1
22210 2102 20 47 2 1
22211 2102 21 47 2 1
22212 2102 22 47 2 1
22213 2103 12 47 2 1
22214 2103 13 47 2 1
22215 2103 14 47 2 1
22216 2103 15 47 2 1
22217 2103 16 47 2 1
22218 2103 17 47 2 1
22219 2103 18 47 2 1
22220 2103 19 47 2 1
22221 2103 20 47 2 1
22222 2103 21 47 2 1
22223 2103 22 47 2 1
22224 2104 12 47 2 1
22225 2104 13 47 2 1
22226 2104 14 47 2 1
22227 2104 15 47 2 1
22228 2104 16 47 2 1
22229 2104 17 47 2 1
22230 2104 18 47 2 1
22231 2104 19 47 2 1
22232 2104 20 47 2 1
22233 2105 12 47 2 1
22234 2105 13 47 2 1
22235 2105 14 47 2 1
22236 2105 15 47 2 1
22237 2105 16 47 2 1
22238 2105 17 47 2 1
22239 2105 18 47 2 1
22240 2105 19 47 2 1
22241 2105 20 47 2 1
22242 2106 14 47 2 1
22243 2106 15 47 2 1
22244 2106 16 47 2 1
22245 2106 17 47 2 1
22246 2106 18 47 2 1
22247 2106 19 47 2 1
22248 2106 20 47 2 1
22249 2106 21 47 2 1
22250 2106 22 47 2 1
22251 2107 14 47 2 1
22252 2107 15 47 2 1
22253 2107 16 47 2 1
22254 2107 17 47 2 1
22255 2107 18 47 2 1
22256 2107 19 47 2 1
22257 2107 20 47 2 1
22258 2107 21 47 2 1
22259 2107 22 47 2 1
22260 2108 12 47 2 1
22261 2108 13 47 2 1
22262 2108 14 47 2 1
22263 2108 15 47 2 1
22264 2108 16 47 2 1
22265 2108 17 47 2 1
22266 2108 18 47 2 1
22267 2108 19 47 2 1
22268 2108 20 47 2 1
22269 2108 21 47 2 1
22270 2108 22 47 2 1
22271 2109 12 47 2 1
22272 2109 13 47 2 1
22273 2109 14 47 2 1
22274 2109 15 47 2 1
22275 2109 16 47 2 1
22276 2109 17 47 2 1
22277 2109 18 47 2 1
22278 2109 19 47 2 1
22279 2109 20 47 2 1
22280 2109 21 47 2 1
22281 2109 22 47 2 1
22282 2110 12 47 2 1
22283 2110 13 47 2 1
22284 2110 14 47 2 1
22285 2110 15 47 2 1
22286 2110 16 47 2 1
22287 2110 17 47 2 1
22288 2110 18 47 2 1
22289 2110 19 47 2 1
22290 2110 20 47 2 1
22291 2110 21 47 2 1
22292 2110 22 47 2 1
22293 2111 12 47 2 1
22294 2111 13 47 2 1
22295 2111 14 47 2 1
22296 2111 15 47 2 1
22297 2111 16 47 2 1
22298 2111 17 47 2 1
22299 2111 18 47 2 1
22300 2111 19 47 2 1
22301 2111 20 47 2 1
22302 2111 21 47 2 1
22303 2111 22 47 2 1
22304 2112 12 47 2 1
22305 2112 13 47 2 1
22306 2112 14 47 2 1
22307 2112 15 47 2 1
22308 2112 16 47 2 1
22309 2112 17 47 2 1
22310 2112 18 47 2 1
22311 2112 19 47 2 1
22312 2112 20 47 2 1
22313 2112 21 47 2 1
22314 2112 22 47 2 1
22315 2113 12 47 2 1
22316 2113 13 47 2 1
22317 2113 14 47 2 1
22318 2113 15 47 2 1
22319 2113 16 47 2 1
22320 2113 17 47 2 1
22321 2113 18 47 2 1
22322 2113 19 47 2 1
22323 2113 20 47 2 1
22324 2113 21 47 2 1
22325 2113 22 47 2 1
22326 2114 12 47 2 1
22327 2114 13 47 2 1
22328 2114 14 47 2 1
22329 2114 15 47 2 1
22330 2114 16 47 2 1
22331 2114 17 47 2 1
22332 2114 18 47 2 1
22333 2114 19 47 2 1
22334 2114 20 47 2 1
22335 2114 21 47 2 1
22336 2114 22 47 2 1
22337 2115 12 47 2 1
22338 2115 13 47 2 1
22339 2115 14 47 2 1
22340 2115 15 47 2 1
22341 2115 16 47 2 1
22342 2115 17 47 2 1
22343 2115 18 47 2 1
22344 2115 19 47 2 1
22345 2115 20 47 2 1
22346 2115 21 47 2 1
22347 2115 22 47 2 1
22348 2116 12 47 2 1
22349 2116 13 47 2 1
22350 2116 14 47 2 1
22351 2116 15 47 2 1
22352 2116 16 47 2 1
22353 2116 17 47 2 1
22354 2116 18 47 2 1
22355 2116 19 47 2 1
22356 2116 20 47 2 1
22357 2116 21 47 2 1
22358 2116 22 47 2 1
22359 2117 12 47 2 1
22360 2117 13 47 2 1
22361 2117 14 47 2 1
22362 2117 15 47 2 1
22363 2117 16 47 2 1
22364 2117 17 47 2 1
22365 2117 18 47 2 1
22366 2117 19 47 2 1
22367 2117 20 47 2 1
22368 2117 21 47 2 1
22369 2117 22 47 2 1
22370 2118 12 47 2 1
22371 2118 13 47 2 1
22372 2118 14 47 2 1
22373 2118 15 47 2 1
22374 2118 16 47 2 1
22375 2118 17 47 2 1
22376 2118 18 47 2 1
22377 2118 19 47 2 1
22378 2118 20 47 2 1
22379 2118 21 47 2 1
22380 2118 22 47 2 1
22381 2119 12 47 2 1
22382 2119 13 47 2 1
22383 2119 14 47 2 1
22384 2119 15 47 2 1
22385 2119 16 47 2 1
22386 2119 17 47 2 1
22387 2119 18 47 2 1
22388 2119 19 47 2 1
22389 2119 20 47 2 1
22390 2119 21 47 2 1
22391 2119 22 47 2 1
22392 2120 12 47 2 1
22393 2120 13 47 2 1
22394 2120 14 47 2 1
22395 2120 15 47 2 1
22396 2120 16 47 2 1
22397 2120 17 47 2 1
22398 2120 18 47 2 1
22399 2120 19 47 2 1
22400 2120 20 47 2 1
22401 2120 21 47 2 1
22402 2120 22 47 2 1
22403 2121 12 47 2 1
22404 2121 13 47 2 1
22405 2121 14 47 2 1
22406 2121 15 47 2 1
22407 2121 16 47 2 1
22408 2121 17 47 2 1
22409 2121 18 47 2 1
22410 2121 19 47 2 1
22411 2121 20 47 2 1
22412 2121 21 47 2 1
22413 2121 22 47 2 1
22414 2122 12 47 2 1
22415 2122 13 47 2 1
22416 2122 14 47 2 1
22417 2122 15 47 2 1
22418 2122 16 47 2 1
22419 2122 17 47 2 1
22420 2122 18 47 2 1
22421 2122 19 47 2 1
22422 2122 20 47 2 1
22423 2122 21 47 2 1
22424 2122 22 47 2 1
22425 2123 12 47 2 1
22426 2123 13 47 2 1
22427 2123 14 47 2 1
22428 2123 15 47 2 1
22429 2123 16 47 2 1
22430 2123 17 47 2 1
22431 2123 18 47 2 1
22432 2123 19 47 2 1
22433 2123 20 47 2 1
22434 2123 21 47 2 1
22435 2123 22 47 2 1
22436 2124 12 47 2 1
22437 2124 13 47 2 1
22438 2124 14 47 2 1
22439 2124 15 47 2 1
22440 2124 16 47 2 1
22441 2124 17 47 2 1
22442 2124 18 47 2 1
22443 2124 19 47 2 1
22444 2124 20 47 2 1
22445 2124 21 47 2 1
22446 2124 22 47 2 1
22447 2125 12 47 2 1
22448 2125 13 47 2 1
22449 2125 14 47 2 1
22450 2125 15 47 2 1
22451 2125 16 47 2 1
22452 2125 17 47 2 1
22453 2125 18 47 2 1
22454 2125 19 47 2 1
22455 2125 20 47 2 1
22456 2125 21 47 2 1
22457 2125 22 47 2 1
22458 2126 12 47 2 1
22459 2126 13 47 2 1
22460 2126 14 47 2 1
22461 2126 15 47 2 1
22462 2126 16 47 2 1
22463 2126 17 47 2 1
22464 2126 18 47 2 1
22465 2126 19 47 2 1
22466 2126 20 47 2 1
22467 2126 21 47 2 1
22468 2126 22 47 2 1
22469 2127 12 47 2 1
22470 2127 13 47 2 1
22471 2127 14 47 2 1
22472 2127 15 47 2 1
22473 2127 16 47 2 1
22474 2127 17 47 2 1
22475 2127 18 47 2 1
22476 2127 19 47 2 1
22477 2127 20 47 2 1
22478 2127 21 47 2 1
22479 2127 22 47 2 1
22480 2128 12 47 2 1
22481 2128 13 47 2 1
22482 2128 14 47 2 1
22483 2128 15 47 2 1
22484 2128 16 47 2 1
22485 2128 17 47 2 1
22486 2128 18 47 2 1
22487 2128 19 47 2 1
22488 2128 20 47 2 1
22489 2128 21 47 2 1
22490 2128 22 47 2 1
22491 2129 12 47 2 1
22492 2129 13 47 2 1
22493 2129 14 47 2 1
22494 2129 15 47 2 1
22495 2129 16 47 2 1
22496 2129 17 47 2 1
22497 2129 18 47 2 1
22498 2129 19 47 2 1
22499 2129 20 47 2 1
22500 2129 21 47 2 1
22501 2129 22 47 2 1
22502 2130 12 47 2 1
22503 2130 13 47 2 1
22504 2130 14 47 2 1
22505 2130 15 47 2 1
22506 2130 16 47 2 1
22507 2130 17 47 2 1
22508 2130 18 47 2 1
22509 2130 19 47 2 1
22510 2130 20 47 2 1
22511 2130 21 47 2 1
22512 2130 22 47 2 1
22513 2131 12 47 2 1
22514 2131 13 47 2 1
22515 2131 14 47 2 1
22516 2131 15 47 2 1
22517 2131 16 47 2 1
22518 2131 17 47 2 1
22519 2131 18 47 2 1
22520 2131 19 47 2 1
22521 2131 20 47 2 1
22522 2131 21 47 2 1
22523 2131 22 47 2 1
22524 2132 12 47 2 1
22525 2132 13 47 2 1
22526 2132 14 47 2 1
22527 2132 15 47 2 1
22528 2132 16 47 2 1
22529 2132 17 47 2 1
22530 2132 18 47 2 1
22531 2132 19 47 2 1
22532 2132 20 47 2 1
22533 2132 21 47 2 1
22534 2132 22 47 2 1
22535 2133 12 47 2 1
22536 2133 13 47 2 1
22537 2133 14 47 2 1
22538 2133 15 47 2 1
22539 2133 16 47 2 1
22540 2133 17 47 2 1
22541 2133 18 47 2 1
22542 2133 19 47 2 1
22543 2133 20 47 2 1
22544 2133 21 47 2 1
22545 2133 22 47 2 1
22546 2134 12 47 2 1
22547 2134 13 47 2 1
22548 2134 14 47 2 1
22549 2134 15 47 2 1
22550 2134 16 47 2 1
22551 2134 17 47 2 1
22552 2134 18 47 2 1
22553 2134 19 47 2 1
22554 2134 20 47 2 1
22555 2134 21 47 2 1
22556 2134 22 47 2 1
22557 2135 12 47 2 1
22558 2135 13 47 2 1
22559 2135 14 47 2 1
22560 2135 15 47 2 1
22561 2135 16 47 2 1
22562 2135 17 47 2 1
22563 2135 18 47 2 1
22564 2135 19 47 2 1
22565 2135 20 47 2 1
22566 2135 21 47 2 1
22567 2135 22 47 2 1
22568 2136 12 47 2 1
22569 2136 13 47 2 1
22570 2136 14 47 2 1
22571 2136 15 47 2 1
22572 2136 16 47 2 1
22573 2136 17 47 2 1
22574 2136 18 47 2 1
22575 2136 19 47 2 1
22576 2136 20 47 2 1
22577 2136 21 47 2 1
22578 2136 22 47 2 1
22579 2137 12 47 2 1
22580 2137 13 47 2 1
22581 2137 14 47 2 1
22582 2137 15 47 2 1
22583 2137 16 47 2 1
22584 2137 17 47 2 1
22585 2137 18 47 2 1
22586 2137 19 47 2 1
22587 2137 20 47 2 1
22588 2137 21 47 2 1
22589 2137 22 47 2 1
22590 2138 12 47 2 1
22591 2138 13 47 2 1
22592 2138 14 47 2 1
22593 2138 15 47 2 1
22594 2138 16 47 2 1
22595 2138 19 47 2 1
22596 2138 20 47 2 1
22597 2138 21 47 2 1
22598 2138 22 47 2 1
22599 2139 12 47 2 1
22600 2139 13 47 2 1
22601 2139 14 47 2 1
22602 2139 15 47 2 1
22603 2139 16 47 2 1
22604 2139 19 47 2 1
22605 2139 20 47 2 1
22606 2139 21 47 2 1
22607 2139 22 47 2 1
22608 2140 12 47 2 1
22609 2140 13 47 2 1
22610 2140 14 47 2 1
22611 2140 15 47 2 1
22612 2140 18 47 2 1
22613 2140 19 47 2 1
22614 2140 20 47 2 1
22615 2140 21 47 2 1
22616 2140 22 47 2 1
22617 2141 12 47 2 1
22618 2141 13 47 2 1
22619 2141 14 47 2 1
22620 2141 15 47 2 1
22621 2141 18 47 2 1
22622 2141 19 47 2 1
22623 2141 20 47 2 1
22624 2141 21 47 2 1
22625 2141 22 47 2 1
22626 2142 12 47 2 1
22627 2142 13 47 2 1
22628 2142 14 47 2 1
22629 2142 15 47 2 1
22630 2142 16 47 2 1
22631 2142 17 47 2 1
22632 2142 18 47 2 1
22633 2142 21 47 2 1
22634 2142 22 47 2 1
22635 2143 12 47 2 1
22636 2143 13 47 2 1
22637 2143 14 47 2 1
22638 2143 15 47 2 1
22639 2143 16 47 2 1
22640 2143 17 47 2 1
22641 2143 18 47 2 1
22642 2143 21 47 2 1
22643 2143 22 47 2 1
22644 2144 12 47 2 1
22645 2144 13 47 2 1
22646 2144 14 47 2 1
22647 2144 15 47 2 1
22648 2144 16 47 2 1
22649 2144 17 47 2 1
22650 2144 18 47 2 1
22651 2144 19 47 2 1
22652 2144 20 47 2 1
22653 2144 21 47 2 1
22654 2144 22 47 2 1
22655 2145 12 47 2 1
22656 2145 13 47 2 1
22657 2145 14 47 2 1
22658 2145 15 47 2 1
22659 2145 16 47 2 1
22660 2145 17 47 2 1
22661 2145 18 47 2 1
22662 2145 19 47 2 1
22663 2145 20 47 2 1
22664 2145 21 47 2 1
22665 2145 22 47 2 1
22666 2146 12 47 2 1
22667 2146 13 47 2 1
22668 2146 14 47 2 1
22669 2146 15 47 2 1
22670 2146 16 47 2 1
22671 2146 17 47 2 1
22672 2146 18 47 2 1
22673 2146 19 47 2 1
22674 2146 20 47 2 1
22675 2146 21 47 2 1
22676 2146 22 47 2 1
22677 2147 12 47 2 1
22678 2147 13 47 2 1
22679 2147 14 47 2 1
22680 2147 15 47 2 1
22681 2147 16 47 2 1
22682 2147 17 47 2 1
22683 2147 18 47 2 1
22684 2147 19 47 2 1
22685 2147 20 47 2 1
22686 2147 21 47 2 1
22687 2147 22 47 2 1
22688 2148 12 47 2 1
22689 2148 13 47 2 1
22690 2148 16 47 2 1
22691 2148 17 47 2 1
22692 2148 18 47 2 1
22693 2148 19 47 2 1
22694 2148 20 47 2 1
22695 2148 21 47 2 1
22696 2148 22 47 2 1
22697 2149 12 47 2 1
22698 2149 13 47 2 1
22699 2149 16 47 2 1
22700 2149 17 47 2 1
22701 2149 18 47 2 1
22702 2149 19 47 2 1
22703 2149 20 47 2 1
22704 2149 21 47 2 1
22705 2149 22 47 2 1
22706 2150 12 47 2 1
22707 2150 15 47 2 1
22708 2150 16 47 2 1
22709 2150 17 47 2 1
22710 2150 18 47 2 1
22711 2150 19 47 2 1
22712 2150 20 47 2 1
22713 2150 21 47 2 1
22714 2150 22 47 2 1
22715 2151 12 47 2 1
22716 2151 15 47 2 1
22717 2151 16 47 2 1
22718 2151 17 47 2 1
22719 2151 18 47 2 1
22720 2151 19 47 2 1
22721 2151 20 47 2 1
22722 2151 21 47 2 1
22723 2151 22 47 2 1
22724 2152 12 47 2 1
22725 2152 13 47 2 1
22726 2152 14 47 2 1
22727 2152 15 47 2 1
22728 2152 16 47 2 1
22729 2152 17 47 2 1
22730 2152 18 47 2 1
22731 2152 19 47 2 1
22732 2152 22 47 2 1
22733 2153 12 47 2 1
22734 2153 13 47 2 1
22735 2153 14 47 2 1
22736 2153 15 47 2 1
22737 2153 16 47 2 1
22738 2153 17 47 2 1
22739 2153 18 47 2 1
22740 2153 19 47 2 1
22741 2153 22 47 2 1
22742 2154 12 47 2 1
22743 2154 13 47 2 1
22744 2154 14 47 2 1
22745 2154 15 47 2 1
22746 2154 16 47 2 1
22747 2154 17 47 2 1
22748 2154 18 47 2 1
22749 2154 19 47 2 1
22750 2154 20 47 2 1
22751 2154 21 47 2 1
22752 2154 22 47 2 1
22753 2155 12 47 2 1
22754 2155 13 47 2 1
22755 2155 14 47 2 1
22756 2155 15 47 2 1
22757 2155 16 47 2 1
22758 2155 17 47 2 1
22759 2155 18 47 2 1
22760 2155 19 47 2 1
22761 2155 20 47 2 1
22762 2155 21 47 2 1
22763 2155 22 47 2 1
22764 2156 12 47 2 1
22765 2156 13 47 2 1
22766 2156 14 47 2 1
22767 2156 15 47 2 1
22768 2156 16 47 2 1
22769 2156 17 47 2 1
22770 2156 18 47 2 1
22771 2156 19 47 2 1
22772 2156 20 47 2 1
22773 2156 21 47 2 1
22774 2156 22 47 2 1
22775 2157 12 47 2 1
22776 2157 13 47 2 1
22777 2157 14 47 2 1
22778 2157 15 47 2 1
22779 2157 16 47 2 1
22780 2157 17 47 2 1
22781 2157 18 47 2 1
22782 2157 19 47 2 1
22783 2157 20 47 2 1
22784 2157 21 47 2 1
22785 2157 22 47 2 1
22786 2158 12 47 2 1
22787 2158 13 47 2 1
22788 2158 14 47 2 1
22789 2158 15 47 2 1
22790 2158 16 47 2 1
22791 2158 17 47 2 1
22792 2158 18 47 2 1
22793 2158 19 47 2 1
22794 2158 20 47 2 1
22795 2158 21 47 2 1
22796 2158 22 47 2 1
22797 2159 12 47 2 1
22798 2159 13 47 2 1
22799 2159 14 47 2 1
22800 2159 15 47 2 1
22801 2159 16 47 2 1
22802 2159 17 47 2 1
22803 2159 18 47 2 1
22804 2159 19 47 2 1
22805 2159 20 47 2 1
22806 2159 21 47 2 1
22807 2159 22 47 2 1
22808 2160 12 47 2 1
22809 2160 13 47 2 1
22810 2160 14 47 2 1
22811 2160 15 47 2 1
22812 2160 16 47 2 1
22813 2160 17 47 2 1
22814 2160 18 47 2 1
22815 2160 19 47 2 1
22816 2160 20 47 2 1
22817 2160 21 47 2 1
22818 2160 22 47 2 1
22819 2161 12 47 2 1
22820 2161 13 47 2 1
22821 2161 14 47 2 1
22822 2161 15 47 2 1
22823 2161 16 47 2 1
22824 2161 17 47 2 1
22825 2161 18 47 2 1
22826 2161 19 47 2 1
22827 2161 20 47 2 1
22828 2161 21 47 2 1
22829 2161 22 47 2 1
22830 2162 12 47 2 1
22831 2162 13 47 2 1
22832 2162 14 47 2 1
22833 2162 15 47 2 1
22834 2162 16 47 2 1
22835 2162 17 47 2 1
22836 2162 18 47 2 1
22837 2162 19 47 2 1
22838 2162 20 47 2 1
22839 2162 21 47 2 1
22840 2162 22 47 2 1
22841 2163 12 47 2 1
22842 2163 13 47 2 1
22843 2163 14 47 2 1
22844 2163 15 47 2 1
22845 2163 16 47 2 1
22846 2163 17 47 2 1
22847 2163 18 47 2 1
22848 2163 19 47 2 1
22849 2163 20 47 2 1
22850 2163 21 47 2 1
22851 2163 22 47 2 1
22852 2164 12 47 2 1
22853 2164 13 47 2 1
22854 2164 14 47 2 1
22855 2164 15 47 2 1
22856 2164 16 47 2 1
22857 2164 17 47 2 1
22858 2164 18 47 2 1
22859 2164 19 47 2 1
22860 2164 20 47 2 1
22861 2164 21 47 2 1
22862 2164 22 47 2 1
22863 2165 12 47 2 1
22864 2165 13 47 2 1
22865 2165 14 47 2 1
22866 2165 15 47 2 1
22867 2165 16 47 2 1
22868 2165 17 47 2 1
22869 2165 18 47 2 1
22870 2165 19 47 2 1
22871 2165 20 47 2 1
22872 2165 21 47 2 1
22873 2165 22 47 2 1
22874 2166 12 47 2 1
22875 2166 13 47 2 1
22876 2166 14 47 2 1
22877 2166 15 47 2 1
22878 2166 16 47 2 1
22879 2166 17 47 2 1
22880 2166 18 47 2 1
22881 2166 19 47 2 1
22882 2166 20 47 2 1
22883 2166 21 47 2 1
22884 2166 22 47 2 1
22885 2167 12 47 2 1
22886 2167 13 47 2 1
22887 2167 14 47 2 1
22888 2167 15 47 2 1
22889 2167 16 47 2 1
22890 2167 17 47 2 1
22891 2167 18 47 2 1
22892 2167 19 47 2 1
22893 2167 20 47 2 1
22894 2167 21 47 2 1
22895 2167 22 47 2 1
22896 2168 12 47 2 1
22897 2168 13 47 2 1
22898 2168 14 47 2 1
22899 2168 15 47 2 1
22900 2168 16 47 2 1
22901 2168 17 47 2 1
22902 2168 18 47 2 1
22903 2168 19 47 2 1
22904 2168 20 47 2 1
22905 2168 21 47 2 1
22906 2168 22 47 2 1
22907 2169 12 47 2 1
22908 2169 13 47 2 1
22909 2169 14 47 2 1
22910 2169 15 47 2 1
22911 2169 16 47 2 1
22912 2169 17 47 2 1
22913 2169 18 47 2 1
22914 2169 19 47 2 1
22915 2169 20 47 2 1
22916 2169 21 47 2 1
22917 2169 22 47 2 1
22918 2170 12 47 2 1
22919 2170 13 47 2 1
22920 2170 14 47 2 1
22921 2170 15 47 2 1
22922 2170 16 47 2 1
22923 2170 17 47 2 1
22924 2170 18 47 2 1
22925 2170 19 47 2 1
22926 2170 20 47 2 1
22927 2170 21 47 2 1
22928 2170 22 47 2 1
22929 2171 12 47 2 1
22930 2171 13 47 2 1
22931 2171 14 47 2 1
22932 2171 15 47 2 1
22933 2171 16 47 2 1
22934 2171 17 47 2 1
22935 2171 18 47 2 1
22936 2171 19 47 2 1
22937 2171 20 47 2 1
22938 2171 21 47 2 1
22939 2171 22 47 2 1
22940 2172 12 47 2 1
22941 2172 13 47 2 1
22942 2172 14 47 2 1
22943 2172 15 47 2 1
22944 2172 16 47 2 1
22945 2172 17 47 2 1
22946 2172 18 47 2 1
22947 2172 19 47 2 1
22948 2172 20 47 2 1
22949 2172 21 47 2 1
22950 2172 22 47 2 1
22951 2173 12 47 2 1
22952 2173 13 47 2 1
22953 2173 14 47 2 1
22954 2173 15 47 2 1
22955 2173 16 47 2 1
22956 2173 17 47 2 1
22957 2173 18 47 2 1
22958 2173 19 47 2 1
22959 2173 20 47 2 1
22960 2173 21 47 2 1
22961 2173 22 47 2 1
22962 2174 12 47 2 1
22963 2174 13 47 2 1
22964 2174 14 47 2 1
22965 2174 15 47 2 1
22966 2174 16 47 2 1
22967 2174 17 47 2 1
22968 2174 18 47 2 1
22969 2174 19 47 2 1
22970 2174 20 47 2 1
22971 2174 21 47 2 1
22972 2174 22 47 2 1
22973 2175 12 47 2 1
22974 2175 13 47 2 1
22975 2175 14 47 2 1
22976 2175 15 47 2 1
22977 2175 16 47 2 1
22978 2175 17 47 2 1
22979 2175 18 47 2 1
22980 2175 19 47 2 1
22981 2175 20 47 2 1
22982 2175 21 47 2 1
22983 2175 22 47 2 1
22984 2176 12 47 2 1
22985 2176 13 47 2 1
22986 2176 14 47 2 1
22987 2176 15 47 2 1
22988 2176 16 47 2 1
22989 2176 17 47 2 1
22990 2176 18 47 2 1
22991 2176 19 47 2 1
22992 2176 20 47 2 1
22993 2176 21 47 2 1
22994 2176 22 47 2 1
22995 2177 12 47 2 1
22996 2177 13 47 2 1
22997 2177 14 47 2 1
22998 2177 15 47 2 1
22999 2177 16 47 2 1
23000 2177 17 47 2 1
23001 2177 18 47 2 1
23002 2177 19 47 2 1
23003 2177 20 47 2 1
23004 2177 21 47 2 1
23005 2177 22 47 2 1
23006 2178 12 47 2 1
23007 2178 13 47 2 1
23008 2178 14 47 2 1
23009 2178 15 47 2 1
23010 2178 16 47 2 1
23011 2178 17 47 2 1
23012 2178 18 47 2 1
23013 2178 19 47 2 1
23014 2178 20 47 2 1
23015 2178 21 47 2 1
23016 2178 22 47 2 1
23017 2179 12 47 2 1
23018 2179 13 47 2 1
23019 2179 14 47 2 1
23020 2179 15 47 2 1
23021 2179 16 47 2 1
23022 2179 17 47 2 1
23023 2179 18 47 2 1
23024 2179 19 47 2 1
23025 2179 20 47 2 1
23026 2179 21 47 2 1
23027 2179 22 47 2 1
23028 2180 12 47 2 1
23029 2180 13 47 2 1
23030 2180 14 47 2 1
23031 2180 15 47 2 1
23032 2180 16 47 2 1
23033 2180 17 47 2 1
23034 2180 18 47 2 1
23035 2180 19 47 2 1
23036 2180 20 47 2 1
23037 2180 21 47 2 1
23038 2180 22 47 2 1
23039 2181 12 47 2 1
23040 2181 13 47 2 1
23041 2181 14 47 2 1
23042 2181 15 47 2 1
23043 2181 16 47 2 1
23044 2181 17 47 2 1
23045 2181 18 47 2 1
23046 2181 19 47 2 1
23047 2181 20 47 2 1
23048 2181 21 47 2 1
23049 2181 22 47 2 1
23050 2182 12 47 2 1
23051 2182 13 47 2 1
23052 2182 14 47 2 1
23053 2182 15 47 2 1
23054 2182 16 47 2 1
23055 2182 17 47 2 1
23056 2182 18 47 2 1
23057 2182 19 47 2 1
23058 2182 20 47 2 1
23059 2182 21 47 2 1
23060 2182 22 47 2 1
23061 2183 12 47 2 1
23062 2183 13 47 2 1
23063 2183 14 47 2 1
23064 2183 15 47 2 1
23065 2183 16 47 2 1
23066 2183 17 47 2 1
23067 2183 18 47 2 1
23068 2183 19 47 2 1
23069 2183 20 47 2 1
23070 2183 21 47 2 1
23071 2183 22 47 2 1
23072 2184 12 47 2 1
23073 2184 13 47 2 1
23074 2184 14 47 2 1
23075 2184 15 47 2 1
23076 2184 16 47 2 1
23077 2184 17 47 2 1
23078 2184 18 47 2 1
23079 2184 19 47 2 1
23080 2184 20 47 2 1
23081 2184 21 47 2 1
23082 2184 22 47 2 1
23083 2185 12 47 2 1
23084 2185 13 47 2 1
23085 2185 14 47 2 1
23086 2185 15 47 2 1
23087 2185 16 47 2 1
23088 2185 17 47 2 1
23089 2185 18 47 2 1
23090 2185 19 47 2 1
23091 2185 20 47 2 1
23092 2185 21 47 2 1
23093 2185 22 47 2 1
23094 2186 12 47 2 1
23095 2186 13 47 2 1
23096 2186 14 47 2 1
23097 2186 15 47 2 1
23098 2186 16 47 2 1
23099 2186 17 47 2 1
23100 2186 18 47 2 1
23101 2186 19 47 2 1
23102 2186 20 47 2 1
23103 2186 21 47 2 1
23104 2186 22 47 2 1
23105 2187 12 47 2 1
23106 2187 13 47 2 1
23107 2187 14 47 2 1
23108 2187 15 47 2 1
23109 2187 16 47 2 1
23110 2187 17 47 2 1
23111 2187 18 47 2 1
23112 2187 19 47 2 1
23113 2187 20 47 2 1
23114 2187 21 47 2 1
23115 2187 22 47 2 1
23116 2188 12 47 2 1
23117 2188 13 47 2 1
23118 2188 14 47 2 1
23119 2188 15 47 2 1
23120 2188 16 47 2 1
23121 2188 17 47 2 1
23122 2188 18 47 2 1
23123 2188 19 47 2 1
23124 2188 20 47 2 1
23125 2188 21 47 2 1
23126 2188 22 47 2 1
23127 2189 12 47 2 1
23128 2189 13 47 2 1
23129 2189 14 47 2 1
23130 2189 15 47 2 1
23131 2189 16 47 2 1
23132 2189 17 47 2 1
23133 2189 18 47 2 1
23134 2189 19 47 2 1
23135 2189 20 47 2 1
23136 2189 21 47 2 1
23137 2189 22 47 2 1
23138 2190 12 47 2 1
23139 2190 13 47 2 1
23140 2190 14 47 2 1
23141 2190 15 47 2 1
23142 2190 16 47 2 1
23143 2190 17 47 2 1
23144 2190 18 47 2 1
23145 2190 19 47 2 1
23146 2190 20 47 2 1
23147 2190 21 47 2 1
23148 2190 22 47 2 1
23149 2191 12 47 2 1
23150 2191 13 47 2 1
23151 2191 14 47 2 1
23152 2191 15 47 2 1
23153 2191 16 47 2 1
23154 2191 17 47 2 1
23155 2191 18 47 2 1
23156 2191 19 47 2 1
23157 2191 20 47 2 1
23158 2191 21 47 2 1
23159 2191 22 47 2 1
23160 2192 12 47 2 1
23161 2192 13 47 2 1
23162 2192 14 47 2 1
23163 2192 15 47 2 1
23164 2192 16 47 2 1
23165 2192 17 47 2 1
23166 2192 18 47 2 1
23167 2192 19 47 2 1
23168 2192 20 47 2 1
23169 2192 21 47 2 1
23170 2192 22 47 2 1
23171 2193 12 47 2 1
23172 2193 13 47 2 1
23173 2193 14 47 2 1
23174 2193 15 47 2 1
23175 2193 16 47 2 1
23176 2193 17 47 2 1
23177 2193 18 47 2 1
23178 2193 19 47 2 1
23179 2193 20 47 2 1
23180 2193 21 47 2 1
23181 2193 22 47 2 1
23182 2194 12 47 2 1
23183 2194 13 47 2 1
23184 2194 14 47 2 1
23185 2194 15 47 2 1
23186 2194 16 47 2 1
23187 2194 17 47 2 1
23188 2194 18 47 2 1
23189 2194 21 47 2 1
23190 2194 22 47 2 1
23191 2195 12 47 2 1
23192 2195 13 47 2 1
23193 2195 14 47 2 1
23194 2195 15 47 2 1
23195 2195 16 47 2 1
23196 2195 17 47 2 1
23197 2195 18 47 2 1
23198 2195 21 47 2 1
23199 2195 22 47 2 1
23200 2196 12 47 2 1
23201 2196 13 47 2 1
23202 2196 16 47 2 1
23203 2196 17 47 2 1
23204 2196 18 47 2 1
23205 2196 19 47 2 1
23206 2196 20 47 2 1
23207 2196 21 47 2 1
23208 2196 22 47 2 1
23209 2197 12 47 2 1
23210 2197 13 47 2 1
23211 2197 16 47 2 1
23212 2197 17 47 2 1
23213 2197 18 47 2 1
23214 2197 19 47 2 1
23215 2197 20 47 2 1
23216 2197 21 47 2 1
23217 2197 22 47 2 1
23218 2198 12 47 2 1
23219 2198 13 47 2 1
23220 2198 14 47 2 1
23221 2198 15 47 2 1
23222 2198 16 47 2 1
23223 2198 17 47 2 1
23224 2198 18 47 2 1
23225 2198 19 47 2 1
23226 2198 20 47 2 1
23227 2198 21 47 2 1
23228 2198 22 47 2 1
23229 2199 12 47 2 1
23230 2199 13 47 2 1
23231 2199 14 47 2 1
23232 2199 15 47 2 1
23233 2199 16 47 2 1
23234 2199 17 47 2 1
23235 2199 18 47 2 1
23236 2199 19 47 2 1
23237 2199 20 47 2 1
23238 2199 21 47 2 1
23239 2199 22 47 2 1
23240 2200 12 47 2 1
23241 2200 13 47 2 1
23242 2200 14 47 2 1
23243 2200 15 47 2 1
23244 2200 16 47 2 1
23245 2200 17 47 2 1
23246 2200 18 47 2 1
23247 2200 19 47 2 1
23248 2200 20 47 2 1
23249 2200 21 47 2 1
23250 2200 22 47 2 1
23251 2201 12 47 2 1
23252 2201 13 47 2 1
23253 2201 14 47 2 1
23254 2201 15 47 2 1
23255 2201 16 47 2 1
23256 2201 17 47 2 1
23257 2201 18 47 2 1
23258 2201 19 47 2 1
23259 2201 20 47 2 1
23260 2201 21 47 2 1
23261 2201 22 47 2 1
23262 2202 12 47 2 1
23263 2202 13 47 2 1
23264 2202 14 47 2 1
23265 2202 15 47 2 1
23266 2202 16 47 2 1
23267 2202 17 47 2 1
23268 2202 18 47 2 1
23269 2202 19 47 2 1
23270 2202 20 47 2 1
23271 2202 21 47 2 1
23272 2202 22 47 2 1
23273 2203 12 47 2 1
23274 2203 13 47 2 1
23275 2203 14 47 2 1
23276 2203 15 47 2 1
23277 2203 16 47 2 1
23278 2203 17 47 2 1
23279 2203 18 47 2 1
23280 2203 19 47 2 1
23281 2203 20 47 2 1
23282 2203 21 47 2 1
23283 2203 22 47 2 1
23284 2204 12 47 2 1
23285 2204 13 47 2 1
23286 2204 14 47 2 1
23287 2204 15 47 2 1
23288 2204 16 47 2 1
23289 2204 17 47 2 1
23290 2204 18 47 2 1
23291 2204 19 47 2 1
23292 2204 20 47 2 1
23293 2204 21 47 2 1
23294 2204 22 47 2 1
23295 2205 12 47 2 1
23296 2205 13 47 2 1
23297 2205 14 47 2 1
23298 2205 15 47 2 1
23299 2205 16 47 2 1
23300 2205 17 47 2 1
23301 2205 18 47 2 1
23302 2205 19 47 2 1
23303 2205 20 47 2 1
23304 2205 21 47 2 1
23305 2205 22 47 2 1
23306 2206 12 47 2 1
23307 2206 13 47 2 1
23308 2206 14 47 2 1
23309 2206 15 47 2 1
23310 2206 16 47 2 1
23311 2206 17 47 2 1
23312 2206 18 47 2 1
23313 2206 19 47 2 1
23314 2206 20 47 2 1
23315 2206 21 47 2 1
23316 2206 22 47 2 1
23317 2207 12 47 2 1
23318 2207 13 47 2 1
23319 2207 14 47 2 1
23320 2207 15 47 2 1
23321 2207 16 47 2 1
23322 2207 17 47 2 1
23323 2207 18 47 2 1
23324 2207 19 47 2 1
23325 2207 20 47 2 1
23326 2207 21 47 2 1
23327 2207 22 47 2 1
23328 2208 12 47 2 1
23329 2208 13 47 2 1
23330 2208 14 47 2 1
23331 2208 15 47 2 1
23332 2208 16 47 2 1
23333 2208 17 47 2 1
23334 2208 18 47 2 1
23335 2208 19 47 2 1
23336 2208 20 47 2 1
23337 2208 21 47 2 1
23338 2208 22 47 2 1
23339 2209 12 47 2 1
23340 2209 13 47 2 1
23341 2209 14 47 2 1
23342 2209 15 47 2 1
23343 2209 16 47 2 1
23344 2209 17 47 2 1
23345 2209 18 47 2 1
23346 2209 19 47 2 1
23347 2209 20 47 2 1
23348 2209 21 47 2 1
23349 2209 22 47 2 1
23350 2210 12 47 2 1
23351 2210 13 47 2 1
23352 2210 14 47 2 1
23353 2210 15 47 2 1
23354 2210 16 47 2 1
23355 2210 17 47 2 1
23356 2210 18 47 2 1
23357 2210 19 47 2 1
23358 2210 20 47 2 1
23359 2210 21 47 2 1
23360 2210 22 47 2 1
23361 2211 12 47 2 1
23362 2211 13 47 2 1
23363 2211 14 47 2 1
23364 2211 15 47 2 1
23365 2211 16 47 2 1
23366 2211 17 47 2 1
23367 2211 18 47 2 1
23368 2211 19 47 2 1
23369 2211 20 47 2 1
23370 2211 21 47 2 1
23371 2211 22 47 2 1
23372 2212 12 47 2 1
23373 2212 13 47 2 1
23374 2212 14 47 2 1
23375 2212 15 47 2 1
23376 2212 16 47 2 1
23377 2212 17 47 2 1
23378 2212 18 47 2 1
23379 2212 19 47 2 1
23380 2212 20 47 2 1
23381 2212 21 47 2 1
23382 2212 22 47 2 1
23383 2213 12 47 2 1
23384 2213 13 47 2 1
23385 2213 14 47 2 1
23386 2213 15 47 2 1
23387 2213 16 47 2 1
23388 2213 17 47 2 1
23389 2213 18 47 2 1
23390 2213 19 47 2 1
23391 2213 20 47 2 1
23392 2213 21 47 2 1
23393 2213 22 47 2 1
23394 2214 12 47 2 1
23395 2214 13 47 2 1
23396 2214 14 47 2 1
23397 2214 15 47 2 1
23398 2214 16 47 2 1
23399 2214 17 47 2 1
23400 2214 18 47 2 1
23401 2214 19 47 2 1
23402 2214 20 47 2 1
23403 2214 21 47 2 1
23404 2214 22 47 2 1
23405 2215 12 47 2 1
23406 2215 13 47 2 1
23407 2215 14 47 2 1
23408 2215 15 47 2 1
23409 2215 16 47 2 1
23410 2215 17 47 2 1
23411 2215 18 47 2 1
23412 2215 19 47 2 1
23413 2215 20 47 2 1
23414 2215 21 47 2 1
23415 2215 22 47 2 1
23416 2216 12 47 2 1
23417 2216 13 47 2 1
23418 2216 14 47 2 1
23419 2216 15 47 2 1
23420 2216 16 47 2 1
23421 2216 17 47 2 1
23422 2216 18 47 2 1
23423 2216 19 47 2 1
23424 2216 20 47 2 1
23425 2216 21 47 2 1
23426 2216 22 47 2 1
23427 2217 12 47 2 1
23428 2217 13 47 2 1
23429 2217 14 47 2 1
23430 2217 15 47 2 1
23431 2217 16 47 2 1
23432 2217 17 47 2 1
23433 2217 18 47 2 1
23434 2217 19 47 2 1
23435 2217 20 47 2 1
23436 2217 21 47 2 1
23437 2217 22 47 2 1
23438 2218 12 47 2 1
23439 2218 13 47 2 1
23440 2218 14 47 2 1
23441 2218 15 47 2 1
23442 2218 16 47 2 1
23443 2218 17 47 2 1
23444 2218 18 47 2 1
23445 2218 19 47 2 1
23446 2218 20 47 2 1
23447 2218 21 47 2 1
23448 2218 22 47 2 1
23449 2219 12 47 2 1
23450 2219 13 47 2 1
23451 2219 14 47 2 1
23452 2219 15 47 2 1
23453 2219 16 47 2 1
23454 2219 17 47 2 1
23455 2219 18 47 2 1
23456 2219 19 47 2 1
23457 2219 20 47 2 1
23458 2219 21 47 2 1
23459 2219 22 47 2 1
23460 2220 12 47 2 1
23461 2220 13 47 2 1
23462 2220 14 47 2 1
23463 2220 15 47 2 1
23464 2220 16 47 2 1
23465 2220 17 47 2 1
23466 2220 18 47 2 1
23467 2220 19 47 2 1
23468 2220 20 47 2 1
23469 2220 21 47 2 1
23470 2220 22 47 2 1
23471 2221 12 47 2 1
23472 2221 13 47 2 1
23473 2221 14 47 2 1
23474 2221 15 47 2 1
23475 2221 16 47 2 1
23476 2221 17 47 2 1
23477 2221 18 47 2 1
23478 2221 19 47 2 1
23479 2221 20 47 2 1
23480 2221 21 47 2 1
23481 2221 22 47 2 1
23482 2222 12 47 2 1
23483 2222 13 47 2 1
23484 2222 14 47 2 1
23485 2222 15 47 2 1
23486 2222 16 47 2 1
23487 2222 17 47 2 1
23488 2222 18 47 2 1
23489 2222 19 47 2 1
23490 2222 20 47 2 1
23491 2222 21 47 2 1
23492 2222 22 47 2 1
23493 2223 12 47 2 1
23494 2223 13 47 2 1
23495 2223 14 47 2 1
23496 2223 15 47 2 1
23497 2223 16 47 2 1
23498 2223 17 47 2 1
23499 2223 18 47 2 1
23500 2223 19 47 2 1
23501 2223 20 47 2 1
23502 2223 21 47 2 1
23503 2223 22 47 2 1
23504 2224 12 47 2 1
23505 2224 13 47 2 1
23506 2224 14 47 2 1
23507 2224 15 47 2 1
23508 2224 16 47 2 1
23509 2224 17 47 2 1
23510 2224 18 47 2 1
23511 2224 19 47 2 1
23512 2224 20 47 2 1
23513 2224 21 47 2 1
23514 2224 22 47 2 1
23515 2225 12 47 2 1
23516 2225 13 47 2 1
23517 2225 14 47 2 1
23518 2225 15 47 2 1
23519 2225 16 47 2 1
23520 2225 17 47 2 1
23521 2225 18 47 2 1
23522 2225 19 47 2 1
23523 2225 20 47 2 1
23524 2225 21 47 2 1
23525 2225 22 47 2 1
23526 2226 12 47 2 1
23527 2226 13 47 2 1
23528 2226 14 47 2 1
23529 2226 15 47 2 1
23530 2226 16 47 2 1
23531 2226 17 47 2 1
23532 2226 18 47 2 1
23533 2226 21 47 2 1
23534 2226 22 47 2 1
23535 2227 12 47 2 1
23536 2227 13 47 2 1
23537 2227 14 47 2 1
23538 2227 15 47 2 1
23539 2227 16 47 2 1
23540 2227 17 47 2 1
23541 2227 18 47 2 1
23542 2227 21 47 2 1
23543 2227 22 47 2 1
23544 2228 12 47 2 1
23545 2228 13 47 2 1
23546 2228 14 47 2 1
23547 2228 15 47 2 1
23548 2228 16 47 2 1
23549 2228 17 47 2 1
23550 2228 18 47 2 1
23551 2228 21 47 2 1
23552 2228 22 47 2 1
23553 2229 12 47 2 1
23554 2229 13 47 2 1
23555 2229 14 47 2 1
23556 2229 15 47 2 1
23557 2229 16 47 2 1
23558 2229 17 47 2 1
23559 2229 18 47 2 1
23560 2229 21 47 2 1
23561 2229 22 47 2 1
23562 2230 12 47 2 1
23563 2230 13 47 2 1
23564 2230 16 47 2 1
23565 2230 17 47 2 1
23566 2230 18 47 2 1
23567 2230 19 47 2 1
23568 2230 20 47 2 1
23569 2230 21 47 2 1
23570 2230 22 47 2 1
23571 2231 12 47 2 1
23572 2231 13 47 2 1
23573 2231 16 47 2 1
23574 2231 17 47 2 1
23575 2231 18 47 2 1
23576 2231 19 47 2 1
23577 2231 20 47 2 1
23578 2231 21 47 2 1
23579 2231 22 47 2 1
23580 2232 12 47 2 1
23581 2232 13 47 2 1
23582 2232 16 47 2 1
23583 2232 17 47 2 1
23584 2232 18 47 2 1
23585 2232 19 47 2 1
23586 2232 20 47 2 1
23587 2232 21 47 2 1
23588 2232 22 47 2 1
23589 2233 12 47 2 1
23590 2233 13 47 2 1
23591 2233 16 47 2 1
23592 2233 17 47 2 1
23593 2233 18 47 2 1
23594 2233 19 47 2 1
23595 2233 20 47 2 1
23596 2233 21 47 2 1
23597 2233 22 47 2 1
23598 2234 14 47 2 1
23599 2234 17 47 2 1
23600 2234 18 47 2 1
23601 2234 19 47 2 1
23602 2234 20 47 2 1
23603 2234 21 47 2 1
23604 2234 22 47 2 1
23605 2235 14 47 2 1
23606 2235 17 47 2 1
23607 2235 18 47 2 1
23608 2235 19 47 2 1
23609 2235 20 47 2 1
23610 2235 21 47 2 1
23611 2235 22 47 2 1
23612 2236 12 47 2 1
23613 2236 13 47 2 1
23614 2236 14 47 2 1
23615 2236 15 47 2 1
23616 2236 16 47 2 1
23617 2236 17 47 2 1
23618 2236 20 47 2 1
23619 2237 12 47 2 1
23620 2237 13 47 2 1
23621 2237 14 47 2 1
23622 2237 15 47 2 1
23623 2237 16 47 2 1
23624 2237 17 47 2 1
23625 2237 20 47 2 1
23626 2238 12 47 2 1
23627 2238 13 47 2 1
23628 2238 14 47 2 1
23629 2238 15 47 2 1
23630 2238 16 47 2 1
23631 2238 17 47 2 1
23632 2238 18 47 2 1
23633 2238 19 47 2 1
23634 2238 20 47 2 1
23635 2238 21 47 2 1
23636 2238 22 47 2 1
23637 2239 12 47 2 1
23638 2239 13 47 2 1
23639 2239 14 47 2 1
23640 2239 15 47 2 1
23641 2239 16 47 2 1
23642 2239 17 47 2 1
23643 2239 18 47 2 1
23644 2239 19 47 2 1
23645 2239 20 47 2 1
23646 2239 21 47 2 1
23647 2239 22 47 2 1
23648 2240 12 47 2 1
23649 2240 13 47 2 1
23650 2240 14 47 2 1
23651 2240 15 47 2 1
23652 2240 16 47 2 1
23653 2240 17 47 2 1
23654 2240 18 47 2 1
23655 2240 19 47 2 1
23656 2240 20 47 2 1
23657 2240 21 47 2 1
23658 2240 22 47 2 1
23659 2241 12 47 2 1
23660 2241 13 47 2 1
23661 2241 14 47 2 1
23662 2241 15 47 2 1
23663 2241 16 47 2 1
23664 2241 17 47 2 1
23665 2241 18 47 2 1
23666 2241 19 47 2 1
23667 2241 20 47 2 1
23668 2241 21 47 2 1
23669 2241 22 47 2 1
23670 2242 12 47 2 1
23671 2242 13 47 2 1
23672 2242 14 47 2 1
23673 2242 15 47 2 1
23674 2242 16 47 2 1
23675 2242 17 47 2 1
23676 2242 18 47 2 1
23677 2242 19 47 2 1
23678 2242 20 47 2 1
23679 2242 21 47 2 1
23680 2242 22 47 2 1
23681 2243 12 47 2 1
23682 2243 13 47 2 1
23683 2243 14 47 2 1
23684 2243 15 47 2 1
23685 2243 16 47 2 1
23686 2243 17 47 2 1
23687 2243 18 47 2 1
23688 2243 19 47 2 1
23689 2243 20 47 2 1
23690 2243 21 47 2 1
23691 2243 22 47 2 1
23692 2244 12 47 2 1
23693 2244 13 47 2 1
23694 2244 14 47 2 1
23695 2244 15 47 2 1
23696 2244 16 47 2 1
23697 2244 17 47 2 1
23698 2244 18 47 2 1
23699 2244 19 47 2 1
23700 2244 20 47 2 1
23701 2244 21 47 2 1
23702 2244 22 47 2 1
23703 2245 12 47 2 1
23704 2245 13 47 2 1
23705 2245 14 47 2 1
23706 2245 15 47 2 1
23707 2245 16 47 2 1
23708 2245 17 47 2 1
23709 2245 18 47 2 1
23710 2245 19 47 2 1
23711 2245 20 47 2 1
23712 2245 21 47 2 1
23713 2245 22 47 2 1
23714 2246 12 47 2 1
23715 2246 13 47 2 1
23716 2246 14 47 2 1
23717 2246 15 47 2 1
23718 2246 16 47 2 1
23719 2246 17 47 2 1
23720 2246 18 47 2 1
23721 2246 19 47 2 1
23722 2246 20 47 2 1
23723 2246 21 47 2 1
23724 2246 22 47 2 1
23725 2247 12 47 2 1
23726 2247 13 47 2 1
23727 2247 14 47 2 1
23728 2247 15 47 2 1
23729 2247 16 47 2 1
23730 2247 17 47 2 1
23731 2247 18 47 2 1
23732 2247 19 47 2 1
23733 2247 20 47 2 1
23734 2247 21 47 2 1
23735 2247 22 47 2 1
23736 2248 12 47 2 1
23737 2248 13 47 2 1
23738 2248 14 47 2 1
23739 2248 15 47 2 1
23740 2248 16 47 2 1
23741 2248 17 47 2 1
23742 2248 18 47 2 1
23743 2248 19 47 2 1
23744 2248 20 47 2 1
23745 2248 21 47 2 1
23746 2248 22 47 2 1
23747 2249 12 47 2 1
23748 2249 13 47 2 1
23749 2249 14 47 2 1
23750 2249 15 47 2 1
23751 2249 16 47 2 1
23752 2249 17 47 2 1
23753 2249 18 47 2 1
23754 2249 19 47 2 1
23755 2249 20 47 2 1
23756 2249 21 47 2 1
23757 2249 22 47 2 1
23758 2250 12 47 2 1
23759 2250 13 47 2 1
23760 2250 14 47 2 1
23761 2250 15 47 2 1
23762 2250 16 47 2 1
23763 2250 17 47 2 1
23764 2250 18 47 2 1
23765 2250 19 47 2 1
23766 2250 20 47 2 1
23767 2250 21 47 2 1
23768 2250 22 47 2 1
23769 2251 12 47 2 1
23770 2251 13 47 2 1
23771 2251 14 47 2 1
23772 2251 15 47 2 1
23773 2251 16 47 2 1
23774 2251 17 47 2 1
23775 2251 18 47 2 1
23776 2251 19 47 2 1
23777 2251 20 47 2 1
23778 2251 21 47 2 1
23779 2251 22 47 2 1
23780 2252 12 47 2 1
23781 2252 13 47 2 1
23782 2252 14 47 2 1
23783 2252 15 47 2 1
23784 2252 16 47 2 1
23785 2252 17 47 2 1
23786 2252 18 47 2 1
23787 2252 19 47 2 1
23788 2252 20 47 2 1
23789 2252 21 47 2 1
23790 2252 22 47 2 1
23791 2253 12 47 2 1
23792 2253 13 47 2 1
23793 2253 14 47 2 1
23794 2253 15 47 2 1
23795 2253 16 47 2 1
23796 2253 17 47 2 1
23797 2253 18 47 2 1
23798 2253 19 47 2 1
23799 2253 20 47 2 1
23800 2253 21 47 2 1
23801 2253 22 47 2 1
23802 2254 12 47 2 1
23803 2254 13 47 2 1
23804 2254 14 47 2 1
23805 2254 15 47 2 1
23806 2254 16 47 2 1
23807 2254 17 47 2 1
23808 2254 18 47 2 1
23809 2254 19 47 2 1
23810 2254 20 47 2 1
23811 2254 21 47 2 1
23812 2254 22 47 2 1
23813 2255 12 47 2 1
23814 2255 13 47 2 1
23815 2255 14 47 2 1
23816 2255 15 47 2 1
23817 2255 16 47 2 1
23818 2255 17 47 2 1
23819 2255 18 47 2 1
23820 2255 19 47 2 1
23821 2255 20 47 2 1
23822 2255 21 47 2 1
23823 2255 22 47 2 1
23824 2256 12 47 2 1
23825 2256 13 47 2 1
23826 2256 14 47 2 1
23827 2256 15 47 2 1
23828 2256 16 47 2 1
23829 2256 17 47 2 1
23830 2256 18 47 2 1
23831 2256 19 47 2 1
23832 2256 20 47 2 1
23833 2256 21 47 2 1
23834 2256 22 47 2 1
23835 2257 12 47 2 1
23836 2257 13 47 2 1
23837 2257 14 47 2 1
23838 2257 15 47 2 1
23839 2257 16 47 2 1
23840 2257 17 47 2 1
23841 2257 18 47 2 1
23842 2257 19 47 2 1
23843 2257 20 47 2 1
23844 2257 21 47 2 1
23845 2257 22 47 2 1
23846 2258 12 47 2 1
23847 2258 13 47 2 1
23848 2258 14 47 2 1
23849 2258 15 47 2 1
23850 2258 16 47 2 1
23851 2258 17 47 2 1
23852 2258 18 47 2 1
23853 2258 19 47 2 1
23854 2258 20 47 2 1
23855 2258 21 47 2 1
23856 2258 22 47 2 1
23857 2259 12 47 2 1
23858 2259 13 47 2 1
23859 2259 14 47 2 1
23860 2259 15 47 2 1
23861 2259 16 47 2 1
23862 2259 17 47 2 1
23863 2259 18 47 2 1
23864 2259 19 47 2 1
23865 2259 20 47 2 1
23866 2259 21 47 2 1
23867 2259 22 47 2 1
23868 2260 12 47 2 1
23869 2260 13 47 2 1
23870 2260 14 47 2 1
23871 2260 15 47 2 1
23872 2260 16 47 2 1
23873 2260 17 47 2 1
23874 2260 18 47 2 1
23875 2260 19 47 2 1
23876 2260 20 47 2 1
23877 2260 21 47 2 1
23878 2260 22 47 2 1
23879 2261 12 47 2 1
23880 2261 13 47 2 1
23881 2261 14 47 2 1
23882 2261 15 47 2 1
23883 2261 16 47 2 1
23884 2261 17 47 2 1
23885 2261 18 47 2 1
23886 2261 19 47 2 1
23887 2261 20 47 2 1
23888 2261 21 47 2 1
23889 2261 22 47 2 1
23890 2262 12 47 2 1
23891 2262 13 47 2 1
23892 2262 14 47 2 1
23893 2262 15 47 2 1
23894 2262 16 47 2 1
23895 2262 17 47 2 1
23896 2262 18 47 2 1
23897 2262 19 47 2 1
23898 2262 20 47 2 1
23899 2262 21 47 2 1
23900 2262 22 47 2 1
23901 2263 12 47 2 1
23902 2263 13 47 2 1
23903 2263 14 47 2 1
23904 2263 15 47 2 1
23905 2263 16 47 2 1
23906 2263 17 47 2 1
23907 2263 18 47 2 1
23908 2263 19 47 2 1
23909 2263 20 47 2 1
23910 2263 21 47 2 1
23911 2263 22 47 2 1
23912 2264 12 47 2 1
23913 2264 13 47 2 1
23914 2264 14 47 2 1
23915 2264 15 47 2 1
23916 2264 16 47 2 1
23917 2264 17 47 2 1
23918 2264 18 47 2 1
23919 2264 19 47 2 1
23920 2264 20 47 2 1
23921 2264 21 47 2 1
23922 2264 22 47 2 1
23923 2265 12 47 2 1
23924 2265 13 47 2 1
23925 2265 14 47 2 1
23926 2265 15 47 2 1
23927 2265 16 47 2 1
23928 2265 17 47 2 1
23929 2265 18 47 2 1
23930 2265 19 47 2 1
23931 2265 20 47 2 1
23932 2265 21 47 2 1
23933 2265 22 47 2 1
23934 2266 12 47 2 1
23935 2266 13 47 2 1
23936 2266 14 47 2 1
23937 2266 15 47 2 1
23938 2266 16 47 2 1
23939 2266 17 47 2 1
23940 2266 18 47 2 1
23941 2266 19 47 2 1
23942 2266 20 47 2 1
23943 2266 21 47 2 1
23944 2266 22 47 2 1
23945 2267 12 47 2 1
23946 2267 13 47 2 1
23947 2267 14 47 2 1
23948 2267 15 47 2 1
23949 2267 16 47 2 1
23950 2267 17 47 2 1
23951 2267 18 47 2 1
23952 2267 19 47 2 1
23953 2267 20 47 2 1
23954 2267 21 47 2 1
23955 2267 22 47 2 1
23956 2268 12 47 2 1
23957 2268 13 47 2 1
23958 2268 14 47 2 1
23959 2268 15 47 2 1
23960 2268 16 47 2 1
23961 2268 17 47 2 1
23962 2268 18 47 2 1
23963 2268 19 47 2 1
23964 2268 20 47 2 1
23965 2268 21 47 2 1
23966 2268 22 47 2 1
23967 2269 12 47 2 1
23968 2269 13 47 2 1
23969 2269 14 47 2 1
23970 2269 15 47 2 1
23971 2269 16 47 2 1
23972 2269 17 47 2 1
23973 2269 18 47 2 1
23974 2269 19 47 2 1
23975 2269 20 47 2 1
23976 2269 21 47 2 1
23977 2269 22 47 2 1
23978 2270 12 47 2 1
23979 2270 13 47 2 1
23980 2270 14 47 2 1
23981 2270 15 47 2 1
23982 2270 16 47 2 1
23983 2270 17 47 2 1
23984 2270 18 47 2 1
23985 2270 19 47 2 1
23986 2270 20 47 2 1
23987 2270 21 47 2 1
23988 2270 22 47 2 1
23989 2271 12 47 2 1
23990 2271 13 47 2 1
23991 2271 14 47 2 1
23992 2271 15 47 2 1
23993 2271 16 47 2 1
23994 2271 17 47 2 1
23995 2271 18 47 2 1
23996 2271 19 47 2 1
23997 2271 20 47 2 1
23998 2271 21 47 2 1
23999 2271 22 47 2 1
24000 2272 12 47 2 1
24001 2272 13 47 2 1
24002 2272 14 47 2 1
24003 2272 15 47 2 1
24004 2272 16 47 2 1
24005 2272 17 47 2 1
24006 2272 18 47 2 1
24007 2272 19 47 2 1
24008 2272 20 47 2 1
24009 2272 21 47 2 1
24010 2272 22 47 2 1
24011 2273 12 47 2 1
24012 2273 13 47 2 1
24013 2273 14 47 2 1
24014 2273 15 47 2 1
24015 2273 16 47 2 1
24016 2273 17 47 2 1
24017 2273 18 47 2 1
24018 2273 19 47 2 1
24019 2273 20 47 2 1
24020 2273 21 47 2 1
24021 2273 22 47 2 1
24022 2274 12 47 2 1
24023 2274 13 47 2 1
24024 2274 14 47 2 1
24025 2274 15 47 2 1
24026 2274 16 47 2 1
24027 2274 17 47 2 1
24028 2274 18 47 2 1
24029 2274 19 47 2 1
24030 2274 20 47 2 1
24031 2274 21 47 2 1
24032 2274 22 47 2 1
24033 2275 12 47 2 1
24034 2275 13 47 2 1
24035 2275 14 47 2 1
24036 2275 15 47 2 1
24037 2275 16 47 2 1
24038 2275 17 47 2 1
24039 2275 18 47 2 1
24040 2275 19 47 2 1
24041 2275 20 47 2 1
24042 2275 21 47 2 1
24043 2275 22 47 2 1
24044 2276 12 47 2 1
24045 2276 13 47 2 1
24046 2276 14 47 2 1
24047 2276 15 47 2 1
24048 2276 16 47 2 1
24049 2276 17 47 2 1
24050 2276 18 47 2 1
24051 2276 19 47 2 1
24052 2276 20 47 2 1
24053 2276 21 47 2 1
24054 2276 22 47 2 1
24055 2277 12 47 2 1
24056 2277 13 47 2 1
24057 2277 14 47 2 1
24058 2277 15 47 2 1
24059 2277 16 47 2 1
24060 2277 17 47 2 1
24061 2277 18 47 2 1
24062 2277 19 47 2 1
24063 2277 20 47 2 1
24064 2277 21 47 2 1
24065 2277 22 47 2 1
24066 2278 12 47 2 1
24067 2278 13 47 2 1
24068 2278 14 47 2 1
24069 2278 15 47 2 1
24070 2278 16 47 2 1
24071 2278 17 47 2 1
24072 2278 18 47 2 1
24073 2278 19 47 2 1
24074 2278 20 47 2 1
24075 2278 21 47 2 1
24076 2278 22 47 2 1
24077 2279 12 47 2 1
24078 2279 13 47 2 1
24079 2279 14 47 2 1
24080 2279 15 47 2 1
24081 2279 16 47 2 1
24082 2279 17 47 2 1
24083 2279 18 47 2 1
24084 2279 19 47 2 1
24085 2279 20 47 2 1
24086 2279 21 47 2 1
24087 2279 22 47 2 1
24088 2280 12 47 2 1
24089 2280 13 47 2 1
24090 2280 14 47 2 1
24091 2280 15 47 2 1
24092 2280 16 47 2 1
24093 2280 17 47 2 1
24094 2280 18 47 2 1
24095 2280 19 47 2 1
24096 2280 20 47 2 1
24097 2280 21 47 2 1
24098 2280 22 47 2 1
24099 2281 12 47 2 1
24100 2281 13 47 2 1
24101 2281 14 47 2 1
24102 2281 15 47 2 1
24103 2281 16 47 2 1
24104 2281 17 47 2 1
24105 2281 18 47 2 1
24106 2281 19 47 2 1
24107 2281 20 47 2 1
24108 2281 21 47 2 1
24109 2281 22 47 2 1
24110 2282 12 47 2 1
24111 2282 13 47 2 1
24112 2282 14 47 2 1
24113 2282 15 47 2 1
24114 2282 16 47 2 1
24115 2282 17 47 2 1
24116 2282 18 47 2 1
24117 2282 19 47 2 1
24118 2282 20 47 2 1
24119 2282 21 47 2 1
24120 2282 22 47 2 1
24121 2283 12 47 2 1
24122 2283 13 47 2 1
24123 2283 14 47 2 1
24124 2283 15 47 2 1
24125 2283 16 47 2 1
24126 2283 17 47 2 1
24127 2283 18 47 2 1
24128 2283 19 47 2 1
24129 2283 20 47 2 1
24130 2283 21 47 2 1
24131 2283 22 47 2 1
24132 2284 12 47 2 1
24133 2284 13 47 2 1
24134 2284 14 47 2 1
24135 2284 15 47 2 1
24136 2284 16 47 2 1
24137 2284 17 47 2 1
24138 2284 18 47 2 1
24139 2284 19 47 2 1
24140 2284 20 47 2 1
24141 2284 21 47 2 1
24142 2284 22 47 2 1
24143 2285 12 47 2 1
24144 2285 13 47 2 1
24145 2285 14 47 2 1
24146 2285 15 47 2 1
24147 2285 16 47 2 1
24148 2285 17 47 2 1
24149 2285 18 47 2 1
24150 2285 19 47 2 1
24151 2285 20 47 2 1
24152 2285 21 47 2 1
24153 2285 22 47 2 1
24154 2286 12 47 2 1
24155 2286 13 47 2 1
24156 2286 14 47 2 1
24157 2286 15 47 2 1
24158 2286 16 47 2 1
24159 2286 17 47 2 1
24160 2286 18 47 2 1
24161 2286 19 47 2 1
24162 2286 20 47 2 1
24163 2286 21 47 2 1
24164 2286 22 47 2 1
24165 2287 12 47 2 1
24166 2287 13 47 2 1
24167 2287 14 47 2 1
24168 2287 15 47 2 1
24169 2287 16 47 2 1
24170 2287 17 47 2 1
24171 2287 18 47 2 1
24172 2287 19 47 2 1
24173 2287 20 47 2 1
24174 2287 21 47 2 1
24175 2287 22 47 2 1
24176 2288 12 47 2 1
24177 2288 13 47 2 1
24178 2288 14 47 2 1
24179 2288 15 47 2 1
24180 2288 18 47 2 1
24181 2288 19 47 2 1
24182 2288 20 47 2 1
24183 2288 21 47 2 1
24184 2288 22 47 2 1
24185 2289 12 47 2 1
24186 2289 13 47 2 1
24187 2289 14 47 2 1
24188 2289 15 47 2 1
24189 2289 18 47 2 1
24190 2289 19 47 2 1
24191 2289 20 47 2 1
24192 2289 21 47 2 1
24193 2289 22 47 2 1
24194 2290 12 47 2 1
24195 2290 13 47 2 1
24196 2290 14 47 2 1
24197 2290 15 47 2 1
24198 2290 16 47 2 1
24199 2290 19 47 2 1
24200 2290 20 47 2 1
24201 2290 21 47 2 1
24202 2290 22 47 2 1
24203 2291 12 47 2 1
24204 2291 13 47 2 1
24205 2291 14 47 2 1
24206 2291 15 47 2 1
24207 2291 16 47 2 1
24208 2291 19 47 2 1
24209 2291 20 47 2 1
24210 2291 21 47 2 1
24211 2291 22 47 2 1
24212 2292 12 47 2 1
24213 2292 13 47 2 1
24214 2292 14 47 2 1
24215 2292 15 47 2 1
24216 2292 16 47 2 1
24217 2292 17 47 2 1
24218 2292 18 47 2 1
24219 2292 19 47 2 1
24220 2292 20 47 2 1
24221 2292 21 47 2 1
24222 2292 22 47 2 1
24223 2293 12 47 2 1
24224 2293 13 47 2 1
24225 2293 14 47 2 1
24226 2293 15 47 2 1
24227 2293 16 47 2 1
24228 2293 17 47 2 1
24229 2293 18 47 2 1
24230 2293 19 47 2 1
24231 2293 20 47 2 1
24232 2293 21 47 2 1
24233 2293 22 47 2 1
24234 2294 12 47 2 1
24235 2294 13 47 2 1
24236 2294 14 47 2 1
24237 2294 15 47 2 1
24238 2294 16 47 2 1
24239 2294 17 47 2 1
24240 2294 18 47 2 1
24241 2294 19 47 2 1
24242 2294 20 47 2 1
24243 2294 21 47 2 1
24244 2294 22 47 2 1
24245 2295 12 47 2 1
24246 2295 13 47 2 1
24247 2295 14 47 2 1
24248 2295 15 47 2 1
24249 2295 16 47 2 1
24250 2295 17 47 2 1
24251 2295 18 47 2 1
24252 2295 19 47 2 1
24253 2295 20 47 2 1
24254 2295 21 47 2 1
24255 2295 22 47 2 1
24256 2296 14 47 2 1
24257 2296 15 47 2 1
24258 2296 16 47 2 1
24259 2296 17 47 2 1
24260 2296 18 47 2 1
24261 2296 19 47 2 1
24262 2296 20 47 2 1
24263 2296 21 47 2 1
24264 2296 22 47 2 1
24265 2297 14 47 2 1
24266 2297 15 47 2 1
24267 2297 16 47 2 1
24268 2297 17 47 2 1
24269 2297 18 47 2 1
24270 2297 19 47 2 1
24271 2297 20 47 2 1
24272 2297 21 47 2 1
24273 2297 22 47 2 1
24274 2298 14 47 2 1
24275 2298 15 47 2 1
24276 2298 16 47 2 1
24277 2298 17 47 2 1
24278 2298 18 47 2 1
24279 2298 19 47 2 1
24280 2298 20 47 2 1
24281 2298 21 47 2 1
24282 2298 22 47 2 1
24283 2299 14 47 2 1
24284 2299 15 47 2 1
24285 2299 16 47 2 1
24286 2299 17 47 2 1
24287 2299 18 47 2 1
24288 2299 19 47 2 1
24289 2299 20 47 2 1
24290 2299 21 47 2 1
24291 2299 22 47 2 1
24292 2300 12 47 2 1
24293 2300 13 47 2 1
24294 2300 14 47 2 1
24295 2300 15 47 2 1
24296 2300 16 47 2 1
24297 2300 17 47 2 1
24298 2300 18 47 2 1
24299 2300 19 47 2 1
24300 2300 20 47 2 1
24301 2301 12 47 2 1
24302 2301 13 47 2 1
24303 2301 14 47 2 1
24304 2301 15 47 2 1
24305 2301 16 47 2 1
24306 2301 17 47 2 1
24307 2301 18 47 2 1
24308 2301 19 47 2 1
24309 2301 20 47 2 1
24310 2302 12 47 2 1
24311 2302 13 47 2 1
24312 2302 14 47 2 1
24313 2302 15 47 2 1
24314 2302 16 47 2 1
24315 2302 17 47 2 1
24316 2302 18 47 2 1
24317 2302 19 47 2 1
24318 2302 20 47 2 1
24319 2303 12 47 2 1
24320 2303 13 47 2 1
24321 2303 14 47 2 1
24322 2303 15 47 2 1
24323 2303 16 47 2 1
24324 2303 17 47 2 1
24325 2303 18 47 2 1
24326 2303 19 47 2 1
24327 2303 20 47 2 1
24328 2304 12 47 2 1
24329 2304 13 47 2 1
24330 2304 14 47 2 1
24331 2304 15 47 2 1
24332 2304 16 47 2 1
24333 2304 17 47 2 1
24334 2304 18 47 2 1
24335 2304 19 47 2 1
24336 2304 20 47 2 1
24337 2304 21 47 2 1
24338 2304 22 47 2 1
24339 2305 12 47 2 1
24340 2305 13 47 2 1
24341 2305 14 47 2 1
24342 2305 15 47 2 1
24343 2305 16 47 2 1
24344 2305 17 47 2 1
24345 2305 18 47 2 1
24346 2305 19 47 2 1
24347 2305 20 47 2 1
24348 2305 21 47 2 1
24349 2305 22 47 2 1
24350 2306 12 47 2 1
24351 2306 13 47 2 1
24352 2306 14 47 2 1
24353 2306 15 47 2 1
24354 2306 16 47 2 1
24355 2306 17 47 2 1
24356 2306 18 47 2 1
24357 2306 19 47 2 1
24358 2306 20 47 2 1
24359 2306 21 47 2 1
24360 2306 22 47 2 1
24361 2307 12 47 2 1
24362 2307 13 47 2 1
24363 2307 14 47 2 1
24364 2307 15 47 2 1
24365 2307 16 47 2 1
24366 2307 17 47 2 1
24367 2307 18 47 2 1
24368 2307 19 47 2 1
24369 2307 20 47 2 1
24370 2307 21 47 2 1
24371 2307 22 47 2 1
24372 2308 12 47 2 1
24373 2308 13 47 2 1
24374 2308 14 47 2 1
24375 2308 15 47 2 1
24376 2308 16 47 2 1
24377 2308 17 47 2 1
24378 2308 18 47 2 1
24379 2308 19 47 2 1
24380 2308 20 47 2 1
24381 2308 21 47 2 1
24382 2308 22 47 2 1
24383 2309 12 47 2 1
24384 2309 13 47 2 1
24385 2309 14 47 2 1
24386 2309 15 47 2 1
24387 2309 16 47 2 1
24388 2309 17 47 2 1
24389 2309 18 47 2 1
24390 2309 19 47 2 1
24391 2309 20 47 2 1
24392 2309 21 47 2 1
24393 2309 22 47 2 1
24394 2310 12 47 2 1
24395 2310 13 47 2 1
24396 2310 14 47 2 1
24397 2310 15 47 2 1
24398 2310 16 47 2 1
24399 2310 17 47 2 1
24400 2310 18 47 2 1
24401 2310 19 47 2 1
24402 2310 20 47 2 1
24403 2310 21 47 2 1
24404 2310 22 47 2 1
24405 2311 12 47 2 1
24406 2311 13 47 2 1
24407 2311 14 47 2 1
24408 2311 15 47 2 1
24409 2311 16 47 2 1
24410 2311 17 47 2 1
24411 2311 18 47 2 1
24412 2311 19 47 2 1
24413 2311 20 47 2 1
24414 2311 21 47 2 1
24415 2311 22 47 2 1
24416 2312 14 47 2 1
24417 2312 15 47 2 1
24418 2312 16 47 2 1
24419 2312 17 47 2 1
24420 2312 18 47 2 1
24421 2312 19 47 2 1
24422 2312 20 47 2 1
24423 2312 21 47 2 1
24424 2312 22 47 2 1
24425 2313 14 47 2 1
24426 2313 15 47 2 1
24427 2313 16 47 2 1
24428 2313 17 47 2 1
24429 2313 18 47 2 1
24430 2313 19 47 2 1
24431 2313 20 47 2 1
24432 2313 21 47 2 1
24433 2313 22 47 2 1
24434 2314 12 47 2 1
24435 2314 13 47 2 1
24436 2314 14 47 2 1
24437 2314 15 47 2 1
24438 2314 16 47 2 1
24439 2314 17 47 2 1
24440 2314 18 47 2 1
24441 2314 19 47 2 1
24442 2314 20 47 2 1
24443 2315 12 47 2 1
24444 2315 13 47 2 1
24445 2315 14 47 2 1
24446 2315 15 47 2 1
24447 2315 16 47 2 1
24448 2315 17 47 2 1
24449 2315 18 47 2 1
24450 2315 19 47 2 1
24451 2315 20 47 2 1
24452 2316 14 47 2 1
24453 2316 15 47 2 1
24454 2316 16 47 2 1
24455 2316 17 47 2 1
24456 2316 18 47 2 1
24457 2316 19 47 2 1
24458 2316 20 47 2 1
24459 2316 21 47 2 1
24460 2316 22 47 2 1
24461 2317 14 47 2 1
24462 2317 15 47 2 1
24463 2317 16 47 2 1
24464 2317 17 47 2 1
24465 2317 18 47 2 1
24466 2317 19 47 2 1
24467 2317 20 47 2 1
24468 2317 21 47 2 1
24469 2317 22 47 2 1
24470 2318 12 47 2 1
24471 2318 13 47 2 1
24472 2318 14 47 2 1
24473 2318 15 47 2 1
24474 2318 16 47 2 1
24475 2318 17 47 2 1
24476 2318 18 47 2 1
24477 2318 19 47 2 1
24478 2318 20 47 2 1
24479 2319 12 47 2 1
24480 2319 13 47 2 1
24481 2319 14 47 2 1
24482 2319 15 47 2 1
24483 2319 16 47 2 1
24484 2319 17 47 2 1
24485 2319 18 47 2 1
24486 2319 19 47 2 1
24487 2319 20 47 2 1
24488 2320 12 47 2 1
24489 2320 13 47 2 1
24490 2320 14 47 2 1
24491 2320 15 47 2 1
24492 2320 16 47 2 1
24493 2320 17 47 2 1
24494 2320 18 47 2 1
24495 2320 19 47 2 1
24496 2320 20 47 2 1
24497 2320 21 47 2 1
24498 2320 22 47 2 1
24499 2321 12 47 2 1
24500 2321 13 47 2 1
24501 2321 14 47 2 1
24502 2321 15 47 2 1
24503 2321 16 47 2 1
24504 2321 17 47 2 1
24505 2321 18 47 2 1
24506 2321 19 47 2 1
24507 2321 20 47 2 1
24508 2321 21 47 2 1
24509 2321 22 47 2 1
24510 2322 12 47 2 1
24511 2322 13 47 2 1
24512 2322 14 47 2 1
24513 2322 15 47 2 1
24514 2322 16 47 2 1
24515 2322 17 47 2 1
24516 2322 18 47 2 1
24517 2322 19 47 2 1
24518 2322 20 47 2 1
24519 2322 21 47 2 1
24520 2322 22 47 2 1
24521 2323 12 47 2 1
24522 2323 13 47 2 1
24523 2323 14 47 2 1
24524 2323 15 47 2 1
24525 2323 16 47 2 1
24526 2323 17 47 2 1
24527 2323 18 47 2 1
24528 2323 19 47 2 1
24529 2323 20 47 2 1
24530 2323 21 47 2 1
24531 2323 22 47 2 1
24532 2324 12 47 2 1
24533 2324 13 47 2 1
24534 2324 14 47 2 1
24535 2324 15 47 2 1
24536 2324 16 47 2 1
24537 2324 17 47 2 1
24538 2324 18 47 2 1
24539 2324 19 47 2 1
24540 2324 20 47 2 1
24541 2324 21 47 2 1
24542 2324 22 47 2 1
24543 2325 12 47 2 1
24544 2325 13 47 2 1
24545 2325 14 47 2 1
24546 2325 15 47 2 1
24547 2325 16 47 2 1
24548 2325 17 47 2 1
24549 2325 18 47 2 1
24550 2325 19 47 2 1
24551 2325 20 47 2 1
24552 2325 21 47 2 1
24553 2325 22 47 2 1
24554 2326 12 47 2 1
24555 2326 13 47 2 1
24556 2326 14 47 2 1
24557 2326 15 47 2 1
24558 2326 16 47 2 1
24559 2326 17 47 2 1
24560 2326 18 47 2 1
24561 2326 19 47 2 1
24562 2326 20 47 2 1
24563 2326 21 47 2 1
24564 2326 22 47 2 1
24565 2327 12 47 2 1
24566 2327 13 47 2 1
24567 2327 14 47 2 1
24568 2327 15 47 2 1
24569 2327 16 47 2 1
24570 2327 17 47 2 1
24571 2327 18 47 2 1
24572 2327 19 47 2 1
24573 2327 20 47 2 1
24574 2327 21 47 2 1
24575 2327 22 47 2 1
24576 2328 12 47 2 1
24577 2328 13 47 2 1
24578 2328 14 47 2 1
24579 2328 15 47 2 1
24580 2328 16 47 2 1
24581 2328 17 47 2 1
24582 2328 20 47 2 1
24583 2328 21 47 2 1
24584 2328 22 47 2 1
24585 2329 12 47 2 1
24586 2329 13 47 2 1
24587 2329 14 47 2 1
24588 2329 15 47 2 1
24589 2329 16 47 2 1
24590 2329 17 47 2 1
24591 2329 20 47 2 1
24592 2329 21 47 2 1
24593 2329 22 47 2 1
24594 2330 12 47 2 1
24595 2330 13 47 2 1
24596 2330 14 47 2 1
24597 2330 17 47 2 1
24598 2330 18 47 2 1
24599 2330 19 47 2 1
24600 2330 20 47 2 1
24601 2330 21 47 2 1
24602 2330 22 47 2 1
24603 2331 12 47 2 1
24604 2331 13 47 2 1
24605 2331 14 47 2 1
24606 2331 17 47 2 1
24607 2331 18 47 2 1
24608 2331 19 47 2 1
24609 2331 20 47 2 1
24610 2331 21 47 2 1
24611 2331 22 47 2 1
24612 2332 12 47 2 1
24613 2332 13 47 2 1
24614 2332 14 47 2 1
24615 2332 17 47 2 1
24616 2332 18 47 2 1
24617 2332 19 47 2 1
24618 2332 20 47 2 1
24619 2332 21 47 2 1
24620 2332 22 47 2 1
24621 2333 12 47 2 1
24622 2333 13 47 2 1
24623 2333 14 47 2 1
24624 2333 17 47 2 1
24625 2333 18 47 2 1
24626 2333 19 47 2 1
24627 2333 20 47 2 1
24628 2333 21 47 2 1
24629 2333 22 47 2 1
24630 2334 12 47 2 1
24631 2334 13 47 2 1
24632 2334 14 47 2 1
24633 2334 15 47 2 1
24634 2334 16 47 2 1
24635 2334 17 47 2 1
24636 2334 20 47 2 1
24637 2334 21 47 2 1
24638 2334 22 47 2 1
24639 2335 12 47 2 1
24640 2335 13 47 2 1
24641 2335 14 47 2 1
24642 2335 15 47 2 1
24643 2335 16 47 2 1
24644 2335 17 47 2 1
24645 2335 20 47 2 1
24646 2335 21 47 2 1
24647 2335 22 47 2 1
24648 4 16 139 6 1
24649 4 17 139 6 1
24650 5 16 139 6 1
24651 5 17 139 6 1
24652 6 17 139 6 1
24653 6 18 139 6 1
24654 7 17 139 6 1
24655 7 18 139 6 1
24656 12 13 139 6 1
24657 12 14 139 6 1
24658 13 13 139 6 1
24659 13 14 139 6 1
24660 14 20 139 6 1
24661 14 21 139 6 1
24662 15 20 139 6 1
24663 15 21 139 6 1
24664 24 12 139 6 1
24665 24 13 139 6 1
24666 24 19 139 6 1
24667 24 20 139 6 1
24668 25 12 139 6 1
24669 25 13 139 6 1
24670 25 19 139 6 1
24671 25 20 139 6 1
24672 26 14 139 6 1
24673 26 15 139 6 1
24674 26 21 139 6 1
24675 26 22 139 6 1
24676 27 14 139 6 1
24677 27 15 139 6 1
24678 27 21 139 6 1
24679 27 22 139 6 1
24680 28 12 139 6 1
24681 28 13 139 6 1
24682 29 12 139 6 1
24683 29 13 139 6 1
24684 30 21 139 6 1
24685 30 22 139 6 1
24686 31 21 139 6 1
24687 31 22 139 6 1
24688 52 12 139 6 1
24689 52 13 139 6 1
24690 53 12 139 6 1
24691 53 13 139 6 1
24692 54 21 139 6 1
24693 54 22 139 6 1
24694 55 21 139 6 1
24695 55 22 139 6 1
24696 58 16 139 6 1
24697 58 17 139 6 1
24698 58 18 139 6 1
24699 59 16 139 6 1
24700 59 17 139 6 1
24701 59 18 139 6 1
24702 60 16 139 6 1
24703 60 17 139 6 1
24704 60 18 139 6 1
24705 61 16 139 6 1
24706 61 17 139 6 1
24707 61 18 139 6 1
24708 70 14 139 6 1
24709 70 15 139 6 1
24710 71 14 139 6 1
24711 71 15 139 6 1
24712 72 19 139 6 1
24713 72 20 139 6 1
24714 73 19 139 6 1
24715 73 20 139 6 1
24716 78 13 139 6 1
24717 78 14 139 6 1
24718 78 20 139 6 1
24719 78 21 139 6 1
24720 79 13 139 6 1
24721 79 14 139 6 1
24722 79 20 139 6 1
24723 79 21 139 6 1
24724 80 13 139 6 1
24725 80 14 139 6 1
24726 80 20 139 6 1
24727 80 21 139 6 1
24728 81 13 139 6 1
24729 81 14 139 6 1
24730 81 20 139 6 1
24731 81 21 139 6 1
24732 86 18 139 6 1
24733 86 19 139 6 1
24734 87 18 139 6 1
24735 87 19 139 6 1
24736 88 15 139 6 1
24737 88 16 139 6 1
24738 89 15 139 6 1
24739 89 16 139 6 1
24740 118 20 139 6 1
24741 118 21 139 6 1
24742 119 20 139 6 1
24743 119 21 139 6 1
24744 120 13 139 6 1
24745 120 14 139 6 1
24746 121 13 139 6 1
24747 121 14 139 6 1
24748 150 14 139 6 1
24749 150 15 139 6 1
24750 151 14 139 6 1
24751 151 15 139 6 1
24752 152 19 139 6 1
24753 152 20 139 6 1
24754 153 19 139 6 1
24755 153 20 139 6 1
24756 182 15 139 6 1
24757 182 16 139 6 1
24758 183 15 139 6 1
24759 183 16 139 6 1
24760 184 18 139 6 1
24761 184 19 139 6 1
24762 185 18 139 6 1
24763 185 19 139 6 1
24764 194 15 139 6 1
24765 194 16 139 6 1
24766 195 15 139 6 1
24767 195 16 139 6 1
24768 196 18 139 6 1
24769 196 19 139 6 1
24770 197 18 139 6 1
24771 197 19 139 6 1
24772 198 13 139 6 1
24773 198 14 139 6 1
24774 199 13 139 6 1
24775 199 14 139 6 1
24776 200 20 139 6 1
24777 200 21 139 6 1
24778 201 20 139 6 1
24779 201 21 139 6 1
24780 206 15 139 6 1
24781 206 16 139 6 1
24782 207 15 139 6 1
24783 207 16 139 6 1
24784 208 18 139 6 1
24785 208 19 139 6 1
24786 209 18 139 6 1
24787 209 19 139 6 1
24788 218 14 139 6 1
24789 218 15 139 6 1
24790 219 14 139 6 1
24791 219 15 139 6 1
24792 220 19 139 6 1
24793 220 20 139 6 1
24794 221 19 139 6 1
24795 221 20 139 6 1
24796 224 20 139 6 1
24797 224 21 139 6 1
24798 225 20 139 6 1
24799 225 21 139 6 1
24800 226 13 139 6 1
24801 226 14 139 6 1
24802 227 13 139 6 1
24803 227 14 139 6 1
24804 284 16 139 6 1
24805 284 17 139 6 1
24806 285 16 139 6 1
24807 285 17 139 6 1
24808 286 17 139 6 1
24809 286 18 139 6 1
24810 287 17 139 6 1
24811 287 18 139 6 1
24812 318 17 139 6 1
24813 318 18 139 6 1
24814 319 17 139 6 1
24815 319 18 139 6 1
24816 320 16 139 6 1
24817 320 17 139 6 1
24818 321 16 139 6 1
24819 321 17 139 6 1
24820 342 12 139 6 1
24821 342 13 139 6 1
24822 343 12 139 6 1
24823 343 13 139 6 1
24824 344 21 139 6 1
24825 344 22 139 6 1
24826 345 21 139 6 1
24827 345 22 139 6 1
24828 378 17 139 6 1
24829 378 18 139 6 1
24830 379 17 139 6 1
24831 379 18 139 6 1
24832 380 16 139 6 1
24833 380 17 139 6 1
24834 381 16 139 6 1
24835 381 17 139 6 1
24836 420 18 139 6 1
24837 420 19 139 6 1
24838 421 18 139 6 1
24839 421 19 139 6 1
24840 422 15 139 6 1
24841 422 16 139 6 1
24842 423 15 139 6 1
24843 423 16 139 6 1
24844 458 20 139 6 1
24845 458 21 139 6 1
24846 459 20 139 6 1
24847 459 21 139 6 1
24848 460 13 139 6 1
24849 460 14 139 6 1
24850 461 13 139 6 1
24851 461 14 139 6 1
24852 482 16 139 6 1
24853 482 17 139 6 1
24854 483 16 139 6 1
24855 483 17 139 6 1
24856 484 17 139 6 1
24857 484 18 139 6 1
24858 485 17 139 6 1
24859 485 18 139 6 1
24860 524 21 139 6 1
24861 524 22 139 6 1
24862 525 21 139 6 1
24863 525 22 139 6 1
24864 526 12 139 6 1
24865 526 13 139 6 1
24866 527 12 139 6 1
24867 527 13 139 6 1
24868 532 19 139 6 1
24869 532 20 139 6 1
24870 533 19 139 6 1
24871 533 20 139 6 1
24872 534 14 139 6 1
24873 534 15 139 6 1
24874 535 14 139 6 1
24875 535 15 139 6 1
24876 552 15 139 6 1
24877 552 16 139 6 1
24878 553 15 139 6 1
24879 553 16 139 6 1
24880 558 18 139 6 1
24881 558 19 139 6 1
24882 559 18 139 6 1
24883 559 19 139 6 1
24884 580 16 139 6 1
24885 580 17 139 6 1
24886 581 16 139 6 1
24887 581 17 139 6 1
24888 582 17 139 6 1
24889 582 18 139 6 1
24890 583 17 139 6 1
24891 583 18 139 6 1
24892 586 21 139 6 1
24893 586 22 139 6 1
24894 587 21 139 6 1
24895 587 22 139 6 1
24896 588 21 139 6 1
24897 588 22 139 6 1
24898 589 21 139 6 1
24899 589 22 139 6 1
24900 590 12 139 6 1
24901 590 13 139 6 1
24902 591 12 139 6 1
24903 591 13 139 6 1
24904 592 12 139 6 1
24905 592 13 139 6 1
24906 593 12 139 6 1
24907 593 13 139 6 1
24908 598 14 139 6 1
24909 598 15 139 6 1
24910 599 14 139 6 1
24911 599 15 139 6 1
24912 600 19 139 6 1
24913 600 20 139 6 1
24914 601 19 139 6 1
24915 601 20 139 6 1
24916 624 13 139 6 1
24917 624 14 139 6 1
24918 625 20 139 6 1
24919 625 21 139 6 1
24920 638 19 139 6 1
24921 638 20 139 6 1
24922 639 19 139 6 1
24923 639 20 139 6 1
24924 640 14 139 6 1
24925 640 15 139 6 1
24926 641 14 139 6 1
24927 641 15 139 6 1
24928 682 18 139 6 1
24929 682 19 139 6 1
24930 683 18 139 6 1
24931 683 19 139 6 1
24932 684 15 139 6 1
24933 684 16 139 6 1
24934 685 15 139 6 1
24935 685 16 139 6 1
24936 686 20 139 6 1
24937 686 21 139 6 1
24938 687 20 139 6 1
24939 687 21 139 6 1
24940 688 13 139 6 1
24941 688 14 139 6 1
24942 689 13 139 6 1
24943 689 14 139 6 1
24944 690 14 139 6 1
24945 690 15 139 6 1
24946 691 14 139 6 1
24947 691 15 139 6 1
24948 692 19 139 6 1
24949 692 20 139 6 1
24950 693 19 139 6 1
24951 693 20 139 6 1
24952 694 20 139 6 1
24953 694 21 139 6 1
24954 695 20 139 6 1
24955 695 21 139 6 1
24956 696 13 139 6 1
24957 696 14 139 6 1
24958 697 13 139 6 1
24959 697 14 139 6 1
24960 726 19 139 6 1
24961 726 20 139 6 1
24962 727 19 139 6 1
24963 727 20 139 6 1
24964 728 14 139 6 1
24965 728 15 139 6 1
24966 729 14 139 6 1
24967 729 15 139 6 1
24968 738 15 139 6 1
24969 738 16 139 6 1
24970 738 19 139 6 1
24971 738 20 139 6 1
24972 739 15 139 6 1
24973 739 16 139 6 1
24974 739 19 139 6 1
24975 739 20 139 6 1
24976 740 14 139 6 1
24977 740 15 139 6 1
24978 740 18 139 6 1
24979 740 19 139 6 1
24980 741 14 139 6 1
24981 741 15 139 6 1
24982 741 18 139 6 1
24983 741 19 139 6 1
24984 746 19 139 6 1
24985 746 20 139 6 1
24986 747 19 139 6 1
24987 747 20 139 6 1
24988 752 14 139 6 1
24989 752 15 139 6 1
24990 753 14 139 6 1
24991 753 15 139 6 1
24992 762 19 139 6 1
24993 762 20 139 6 1
24994 763 19 139 6 1
24995 763 20 139 6 1
24996 764 14 139 6 1
24997 764 15 139 6 1
24998 765 14 139 6 1
24999 765 15 139 6 1
25000 778 13 139 6 1
25001 778 14 139 6 1
25002 779 13 139 6 1
25003 779 14 139 6 1
25004 780 20 139 6 1
25005 780 21 139 6 1
25006 781 20 139 6 1
25007 781 21 139 6 1
25008 814 19 139 6 1
25009 814 20 139 6 1
25010 815 19 139 6 1
25011 815 20 139 6 1
25012 816 14 139 6 1
25013 816 15 139 6 1
25014 817 14 139 6 1
25015 817 15 139 6 1
25016 826 13 139 6 1
25017 826 14 139 6 1
25018 827 13 139 6 1
25019 827 14 139 6 1
25020 828 20 139 6 1
25021 828 21 139 6 1
25022 829 20 139 6 1
25023 829 21 139 6 1
25024 830 17 139 6 1
25025 830 18 139 6 1
25026 831 17 139 6 1
25027 831 18 139 6 1
25028 832 16 139 6 1
25029 832 17 139 6 1
25030 833 16 139 6 1
25031 833 17 139 6 1
25032 838 16 139 6 1
25033 838 17 139 6 1
25034 839 16 139 6 1
25035 839 17 139 6 1
25036 840 17 139 6 1
25037 840 18 139 6 1
25038 841 17 139 6 1
25039 841 18 139 6 1
25040 848 15 139 6 1
25041 848 16 139 6 1
25042 849 15 139 6 1
25043 849 16 139 6 1
25044 850 18 139 6 1
25045 850 19 139 6 1
25046 851 18 139 6 1
25047 851 19 139 6 1
25048 858 13 139 6 1
25049 858 14 139 6 1
25050 859 13 139 6 1
25051 859 14 139 6 1
25052 860 20 139 6 1
25053 860 21 139 6 1
25054 861 20 139 6 1
25055 861 21 139 6 1
25056 882 16 139 6 1
25057 882 17 139 6 1
25058 883 16 139 6 1
25059 883 17 139 6 1
25060 884 17 139 6 1
25061 884 18 139 6 1
25062 885 17 139 6 1
25063 885 18 139 6 1
25064 896 15 139 6 1
25065 896 16 139 6 1
25066 897 15 139 6 1
25067 897 16 139 6 1
25068 898 18 139 6 1
25069 898 19 139 6 1
25070 899 18 139 6 1
25071 899 19 139 6 1
25072 900 18 139 6 1
25073 900 19 139 6 1
25074 901 18 139 6 1
25075 901 19 139 6 1
25076 902 15 139 6 1
25077 902 16 139 6 1
25078 903 15 139 6 1
25079 903 16 139 6 1
25080 924 18 139 6 1
25081 924 19 139 6 1
25082 925 18 139 6 1
25083 925 19 139 6 1
25084 926 15 139 6 1
25085 926 16 139 6 1
25086 927 15 139 6 1
25087 927 16 139 6 1
25088 936 14 139 6 1
25089 936 15 139 6 1
25090 937 14 139 6 1
25091 937 15 139 6 1
25092 938 19 139 6 1
25093 938 20 139 6 1
25094 939 19 139 6 1
25095 939 20 139 6 1
25096 968 15 139 6 1
25097 968 16 139 6 1
25098 969 15 139 6 1
25099 969 16 139 6 1
25100 970 18 139 6 1
25101 970 19 139 6 1
25102 971 18 139 6 1
25103 971 19 139 6 1
25104 1000 15 139 6 1
25105 1000 16 139 6 1
25106 1001 15 139 6 1
25107 1001 16 139 6 1
25108 1002 18 139 6 1
25109 1002 19 139 6 1
25110 1003 18 139 6 1
25111 1003 19 139 6 1
25112 1004 13 139 6 1
25113 1004 14 139 6 1
25114 1005 13 139 6 1
25115 1005 14 139 6 1
25116 1006 20 139 6 1
25117 1006 21 139 6 1
25118 1007 20 139 6 1
25119 1007 21 139 6 1
25120 1016 17 139 6 1
25121 1016 18 139 6 1
25122 1017 17 139 6 1
25123 1017 18 139 6 1
25124 1018 16 139 6 1
25125 1018 17 139 6 1
25126 1019 16 139 6 1
25127 1019 17 139 6 1
25128 1064 19 139 6 1
25129 1064 20 139 6 1
25130 1065 19 139 6 1
25131 1065 20 139 6 1
25132 1066 14 139 6 1
25133 1066 15 139 6 1
25134 1067 14 139 6 1
25135 1067 15 139 6 1
25136 1102 20 139 6 1
25137 1102 21 139 6 1
25138 1103 20 139 6 1
25139 1103 21 139 6 1
25140 1104 13 139 6 1
25141 1104 14 139 6 1
25142 1105 13 139 6 1
25143 1105 14 139 6 1
25144 1122 15 139 6 1
25145 1122 16 139 6 1
25146 1122 17 139 6 1
25147 1122 18 139 6 1
25148 1122 19 139 6 1
25149 1122 20 139 6 1
25150 1123 15 139 6 1
25151 1123 16 139 6 1
25152 1123 17 139 6 1
25153 1123 18 139 6 1
25154 1123 19 139 6 1
25155 1123 20 139 6 1
25156 1124 14 139 6 1
25157 1124 15 139 6 1
25158 1124 16 139 6 1
25159 1124 17 139 6 1
25160 1124 18 139 6 1
25161 1124 19 139 6 1
25162 1125 14 139 6 1
25163 1125 15 139 6 1
25164 1125 16 139 6 1
25165 1125 17 139 6 1
25166 1125 18 139 6 1
25167 1125 19 139 6 1
25168 1158 19 139 6 1
25169 1158 20 139 6 1
25170 1159 19 139 6 1
25171 1159 20 139 6 1
25172 1160 14 139 6 1
25173 1160 15 139 6 1
25174 1161 14 139 6 1
25175 1161 15 139 6 1
25176 1162 12 139 6 1
25177 1162 13 139 6 1
25178 1163 12 139 6 1
25179 1163 13 139 6 1
25180 1164 21 139 6 1
25181 1164 22 139 6 1
25182 1165 21 139 6 1
25183 1165 22 139 6 1
25184 1174 14 139 6 1
25185 1174 15 139 6 1
25186 1175 14 139 6 1
25187 1175 15 139 6 1
25188 1176 19 139 6 1
25189 1176 20 139 6 1
25190 1177 19 139 6 1
25191 1177 20 139 6 1
25192 1206 21 139 6 1
25193 1206 22 139 6 1
25194 1207 21 139 6 1
25195 1207 22 139 6 1
25196 1208 12 139 6 1
25197 1208 13 139 6 1
25198 1209 12 139 6 1
25199 1209 13 139 6 1
25200 1210 16 139 6 1
25201 1210 17 139 6 1
25202 1211 16 139 6 1
25203 1211 17 139 6 1
25204 1212 17 139 6 1
25205 1212 18 139 6 1
25206 1213 17 139 6 1
25207 1213 18 139 6 1
25208 1218 21 139 6 1
25209 1218 22 139 6 1
25210 1219 21 139 6 1
25211 1219 22 139 6 1
25212 1220 12 139 6 1
25213 1220 13 139 6 1
25214 1221 12 139 6 1
25215 1221 13 139 6 1
25216 1226 20 139 6 1
25217 1226 21 139 6 1
25218 1227 20 139 6 1
25219 1227 21 139 6 1
25220 1228 13 139 6 1
25221 1228 14 139 6 1
25222 1229 13 139 6 1
25223 1229 14 139 6 1
25224 1252 15 139 6 1
25225 1252 16 139 6 1
25226 1253 15 139 6 1
25227 1253 16 139 6 1
25228 1254 18 139 6 1
25229 1254 19 139 6 1
25230 1255 18 139 6 1
25231 1255 19 139 6 1
25232 1280 18 139 6 1
25233 1280 19 139 6 1
25234 1281 18 139 6 1
25235 1281 19 139 6 1
25236 1282 15 139 6 1
25237 1282 16 139 6 1
25238 1283 15 139 6 1
25239 1283 16 139 6 1
25240 1284 16 139 6 1
25241 1284 17 139 6 1
25242 1285 16 139 6 1
25243 1285 17 139 6 1
25244 1286 17 139 6 1
25245 1286 18 139 6 1
25246 1287 17 139 6 1
25247 1287 18 139 6 1
25248 1300 17 139 6 1
25249 1300 18 139 6 1
25250 1301 17 139 6 1
25251 1301 18 139 6 1
25252 1302 16 139 6 1
25253 1302 17 139 6 1
25254 1303 16 139 6 1
25255 1303 17 139 6 1
25256 1308 18 139 6 1
25257 1308 19 139 6 1
25258 1309 18 139 6 1
25259 1309 19 139 6 1
25260 1310 15 139 6 1
25261 1310 16 139 6 1
25262 1311 15 139 6 1
25263 1311 16 139 6 1
25264 1324 21 139 6 1
25265 1324 22 139 6 1
25266 1325 21 139 6 1
25267 1325 22 139 6 1
25268 1326 12 139 6 1
25269 1326 13 139 6 1
25270 1327 12 139 6 1
25271 1327 13 139 6 1
25272 1356 17 139 6 1
25273 1356 18 139 6 1
25274 1357 17 139 6 1
25275 1357 18 139 6 1
25276 1358 16 139 6 1
25277 1358 17 139 6 1
25278 1359 16 139 6 1
25279 1359 17 139 6 1
25280 1364 19 139 6 1
25281 1364 20 139 6 1
25282 1365 19 139 6 1
25283 1365 20 139 6 1
25284 1366 14 139 6 1
25285 1366 15 139 6 1
25286 1367 14 139 6 1
25287 1367 15 139 6 1
25288 1372 21 139 6 1
25289 1372 22 139 6 1
25290 1373 21 139 6 1
25291 1373 22 139 6 1
25292 1374 12 139 6 1
25293 1374 13 139 6 1
25294 1375 12 139 6 1
25295 1375 13 139 6 1
25296 1384 20 139 6 1
25297 1384 21 139 6 1
25298 1385 20 139 6 1
25299 1385 21 139 6 1
25300 1386 13 139 6 1
25301 1386 14 139 6 1
25302 1387 13 139 6 1
25303 1387 14 139 6 1
25304 1424 12 139 6 1
25305 1424 13 139 6 1
25306 1425 12 139 6 1
25307 1425 13 139 6 1
25308 1426 21 139 6 1
25309 1426 22 139 6 1
25310 1427 21 139 6 1
25311 1427 22 139 6 1
25312 1432 19 139 6 1
25313 1432 20 139 6 1
25314 1433 19 139 6 1
25315 1433 20 139 6 1
25316 1434 14 139 6 1
25317 1434 15 139 6 1
25318 1435 14 139 6 1
25319 1435 15 139 6 1
25320 1436 13 139 6 1
25321 1436 14 139 6 1
25322 1437 13 139 6 1
25323 1437 14 139 6 1
25324 1438 20 139 6 1
25325 1438 21 139 6 1
25326 1439 20 139 6 1
25327 1439 21 139 6 1
25328 1494 19 139 6 1
25329 1494 20 139 6 1
25330 1495 19 139 6 1
25331 1495 20 139 6 1
25332 1496 14 139 6 1
25333 1496 15 139 6 1
25334 1497 14 139 6 1
25335 1497 15 139 6 1
25336 1514 14 139 6 1
25337 1514 15 139 6 1
25338 1515 14 139 6 1
25339 1515 15 139 6 1
25340 1516 19 139 6 1
25341 1516 20 139 6 1
25342 1517 19 139 6 1
25343 1517 20 139 6 1
25344 1526 15 139 6 1
25345 1526 16 139 6 1
25346 1527 15 139 6 1
25347 1527 16 139 6 1
25348 1528 18 139 6 1
25349 1528 19 139 6 1
25350 1529 18 139 6 1
25351 1529 19 139 6 1
25352 1590 17 139 6 1
25353 1590 18 139 6 1
25354 1591 17 139 6 1
25355 1591 18 139 6 1
25356 1592 16 139 6 1
25357 1592 17 139 6 1
25358 1593 16 139 6 1
25359 1593 17 139 6 1
25360 1618 13 139 6 1
25361 1618 14 139 6 1
25362 1619 13 139 6 1
25363 1619 14 139 6 1
25364 1620 20 139 6 1
25365 1620 21 139 6 1
25366 1621 20 139 6 1
25367 1621 21 139 6 1
25368 1630 17 139 6 1
25369 1630 18 139 6 1
25370 1631 17 139 6 1
25371 1631 18 139 6 1
25372 1632 16 139 6 1
25373 1632 17 139 6 1
25374 1633 16 139 6 1
25375 1633 17 139 6 1
25376 1642 13 139 6 1
25377 1642 14 139 6 1
25378 1642 19 139 6 1
25379 1642 20 139 6 1
25380 1643 13 139 6 1
25381 1643 14 139 6 1
25382 1643 19 139 6 1
25383 1643 20 139 6 1
25384 1644 14 139 6 1
25385 1644 15 139 6 1
25386 1644 20 139 6 1
25387 1644 21 139 6 1
25388 1645 14 139 6 1
25389 1645 15 139 6 1
25390 1645 20 139 6 1
25391 1645 21 139 6 1
25392 1674 15 139 6 1
25393 1674 16 139 6 1
25394 1675 15 139 6 1
25395 1675 16 139 6 1
25396 1676 18 139 6 1
25397 1676 19 139 6 1
25398 1677 18 139 6 1
25399 1677 19 139 6 1
25400 1702 12 139 6 1
25401 1702 13 139 6 1
25402 1703 12 139 6 1
25403 1703 13 139 6 1
25404 1704 21 139 6 1
25405 1704 22 139 6 1
25406 1705 21 139 6 1
25407 1705 22 139 6 1
25408 1726 12 139 6 1
25409 1726 13 139 6 1
25410 1727 12 139 6 1
25411 1727 13 139 6 1
25412 1728 21 139 6 1
25413 1728 22 139 6 1
25414 1729 21 139 6 1
25415 1729 22 139 6 1
25416 1738 20 139 6 1
25417 1738 21 139 6 1
25418 1739 20 139 6 1
25419 1739 21 139 6 1
25420 1740 13 139 6 1
25421 1740 14 139 6 1
25422 1741 13 139 6 1
25423 1741 14 139 6 1
25424 1776 18 139 6 1
25425 1776 19 139 6 1
25426 1777 18 139 6 1
25427 1777 19 139 6 1
25428 1778 18 139 6 1
25429 1778 19 139 6 1
25430 1779 18 139 6 1
25431 1779 19 139 6 1
25432 1780 15 139 6 1
25433 1780 16 139 6 1
25434 1781 15 139 6 1
25435 1781 16 139 6 1
25436 1782 15 139 6 1
25437 1782 16 139 6 1
25438 1783 15 139 6 1
25439 1783 16 139 6 1
25440 1808 15 139 6 1
25441 1808 16 139 6 1
25442 1809 15 139 6 1
25443 1809 16 139 6 1
25444 1810 18 139 6 1
25445 1810 19 139 6 1
25446 1811 18 139 6 1
25447 1811 19 139 6 1
25448 1858 20 139 6 1
25449 1858 21 139 6 1
25450 1859 20 139 6 1
25451 1859 21 139 6 1
25452 1860 20 139 6 1
25453 1860 21 139 6 1
25454 1861 20 139 6 1
25455 1861 21 139 6 1
25456 1862 13 139 6 1
25457 1862 14 139 6 1
25458 1863 13 139 6 1
25459 1863 14 139 6 1
25460 1864 13 139 6 1
25461 1864 14 139 6 1
25462 1865 13 139 6 1
25463 1865 14 139 6 1
25464 1874 15 139 6 1
25465 1874 16 139 6 1
25466 1875 15 139 6 1
25467 1875 16 139 6 1
25468 1876 18 139 6 1
25469 1876 19 139 6 1
25470 1877 18 139 6 1
25471 1877 19 139 6 1
25472 1900 17 139 6 1
25473 1900 18 139 6 1
25474 1901 17 139 6 1
25475 1901 18 139 6 1
25476 1902 16 139 6 1
25477 1902 17 139 6 1
25478 1903 16 139 6 1
25479 1903 17 139 6 1
25480 1916 21 139 6 1
25481 1916 22 139 6 1
25482 1917 21 139 6 1
25483 1917 22 139 6 1
25484 1918 12 139 6 1
25485 1918 13 139 6 1
25486 1919 12 139 6 1
25487 1919 13 139 6 1
25488 1946 15 139 6 1
25489 1946 16 139 6 1
25490 1947 15 139 6 1
25491 1947 16 139 6 1
25492 1948 18 139 6 1
25493 1948 19 139 6 1
25494 1949 18 139 6 1
25495 1949 19 139 6 1
25496 1954 12 139 6 1
25497 1954 13 139 6 1
25498 1955 12 139 6 1
25499 1955 13 139 6 1
25500 1956 21 139 6 1
25501 1956 22 139 6 1
25502 1957 21 139 6 1
25503 1957 22 139 6 1
25504 1978 13 139 6 1
25505 1978 14 139 6 1
25506 1979 13 139 6 1
25507 1979 14 139 6 1
25508 1980 20 139 6 1
25509 1980 21 139 6 1
25510 1981 20 139 6 1
25511 1981 21 139 6 1
25512 2006 12 139 6 1
25513 2006 13 139 6 1
25514 2007 12 139 6 1
25515 2007 13 139 6 1
25516 2008 21 139 6 1
25517 2008 22 139 6 1
25518 2009 21 139 6 1
25519 2009 22 139 6 1
25520 2022 12 139 6 1
25521 2022 13 139 6 1
25522 2023 12 139 6 1
25523 2023 13 139 6 1
25524 2024 21 139 6 1
25525 2024 22 139 6 1
25526 2025 21 139 6 1
25527 2025 22 139 6 1
25528 2026 17 139 6 1
25529 2026 18 139 6 1
25530 2027 17 139 6 1
25531 2027 18 139 6 1
25532 2028 16 139 6 1
25533 2028 17 139 6 1
25534 2029 16 139 6 1
25535 2029 17 139 6 1
25536 2044 15 139 6 1
25537 2044 16 139 6 1
25538 2044 18 139 6 1
25539 2044 19 139 6 1
25540 2045 15 139 6 1
25541 2045 16 139 6 1
25542 2045 18 139 6 1
25543 2045 19 139 6 1
25544 2046 15 139 6 1
25545 2046 16 139 6 1
25546 2046 18 139 6 1
25547 2046 19 139 6 1
25548 2047 15 139 6 1
25549 2047 16 139 6 1
25550 2047 18 139 6 1
25551 2047 19 139 6 1
25552 2060 14 139 6 1
25553 2060 15 139 6 1
25554 2061 14 139 6 1
25555 2061 15 139 6 1
25556 2062 19 139 6 1
25557 2062 20 139 6 1
25558 2063 19 139 6 1
25559 2063 20 139 6 1
25560 2076 18 139 6 1
25561 2076 19 139 6 1
25562 2077 18 139 6 1
25563 2077 19 139 6 1
25564 2078 15 139 6 1
25565 2078 16 139 6 1
25566 2079 15 139 6 1
25567 2079 16 139 6 1
25568 2104 21 139 6 1
25569 2104 22 139 6 1
25570 2105 21 139 6 1
25571 2105 22 139 6 1
25572 2106 12 139 6 1
25573 2106 13 139 6 1
25574 2107 12 139 6 1
25575 2107 13 139 6 1
25576 2138 17 139 6 1
25577 2138 18 139 6 1
25578 2139 17 139 6 1
25579 2139 18 139 6 1
25580 2140 16 139 6 1
25581 2140 17 139 6 1
25582 2141 16 139 6 1
25583 2141 17 139 6 1
25584 2142 19 139 6 1
25585 2142 20 139 6 1
25586 2143 19 139 6 1
25587 2143 20 139 6 1
25588 2148 14 139 6 1
25589 2148 15 139 6 1
25590 2149 14 139 6 1
25591 2149 15 139 6 1
25592 2150 13 139 6 1
25593 2150 14 139 6 1
25594 2151 13 139 6 1
25595 2151 14 139 6 1
25596 2152 20 139 6 1
25597 2152 21 139 6 1
25598 2153 20 139 6 1
25599 2153 21 139 6 1
25600 2194 19 139 6 1
25601 2194 20 139 6 1
25602 2195 19 139 6 1
25603 2195 20 139 6 1
25604 2196 14 139 6 1
25605 2196 15 139 6 1
25606 2197 14 139 6 1
25607 2197 15 139 6 1
25608 2226 19 139 6 1
25609 2226 20 139 6 1
25610 2227 19 139 6 1
25611 2227 20 139 6 1
25612 2228 19 139 6 1
25613 2228 20 139 6 1
25614 2229 19 139 6 1
25615 2229 20 139 6 1
25616 2230 14 139 6 1
25617 2230 15 139 6 1
25618 2231 14 139 6 1
25619 2231 15 139 6 1
25620 2232 14 139 6 1
25621 2232 15 139 6 1
25622 2233 14 139 6 1
25623 2233 15 139 6 1
25624 2234 12 139 6 1
25625 2234 13 139 6 1
25626 2234 15 139 6 1
25627 2234 16 139 6 1
25628 2235 12 139 6 1
25629 2235 13 139 6 1
25630 2235 15 139 6 1
25631 2235 16 139 6 1
25632 2236 18 139 6 1
25633 2236 19 139 6 1
25634 2236 21 139 6 1
25635 2236 22 139 6 1
25636 2237 18 139 6 1
25637 2237 19 139 6 1
25638 2237 21 139 6 1
25639 2237 22 139 6 1
25640 2288 16 139 6 1
25641 2288 17 139 6 1
25642 2289 16 139 6 1
25643 2289 17 139 6 1
25644 2290 17 139 6 1
25645 2290 18 139 6 1
25646 2291 17 139 6 1
25647 2291 18 139 6 1
25648 2296 12 139 6 1
25649 2296 13 139 6 1
25650 2297 12 139 6 1
25651 2297 13 139 6 1
25652 2298 12 139 6 1
25653 2298 13 139 6 1
25654 2299 12 139 6 1
25655 2299 13 139 6 1
25656 2300 21 139 6 1
25657 2300 22 139 6 1
25658 2301 21 139 6 1
25659 2301 22 139 6 1
25660 2302 21 139 6 1
25661 2302 22 139 6 1
25662 2303 21 139 6 1
25663 2303 22 139 6 1
25664 2312 12 139 6 1
25665 2312 13 139 6 1
25666 2313 12 139 6 1
25667 2313 13 139 6 1
25668 2314 21 139 6 1
25669 2314 22 139 6 1
25670 2315 21 139 6 1
25671 2315 22 139 6 1
25672 2316 12 139 6 1
25673 2316 13 139 6 1
25674 2317 12 139 6 1
25675 2317 13 139 6 1
25676 2318 21 139 6 1
25677 2318 22 139 6 1
25678 2319 21 139 6 1
25679 2319 22 139 6 1
25680 2328 18 139 6 1
25681 2328 19 139 6 1
25682 2329 18 139 6 1
25683 2329 19 139 6 1
25684 2330 15 139 6 1
25685 2330 16 139 6 1
25686 2331 15 139 6 1
25687 2331 16 139 6 1
25688 2332 15 139 6 1
25689 2332 16 139 6 1
25690 2333 15 139 6 1
25691 2333 16 139 6 1
25692 2334 18 139 6 1
25693 2334 19 139 6 1
25694 2335 18 139 6 1
25695 2335 19 139 6 1
