21 816 984 9840
11 3 5 10 11 13 14 15 17 18 19 20
10 0 1 2 4 7 10 12 13 14 17
10 0 3 4 5 7 10 13 15 16 17
11 1 2 3 5 6 11 13 17 18 19 20
11 2 3 4 6 11 14 16 17 18 19 20
10 0 1 2 5 8 11 12 13 15 17
10 0 2 4 5 6 9 12 15 16 17
11 1 4 9 11 12 13 16 17 18 19 20
11 5 7 10 11 12 14 15 17 18 19 20
11 1 2 4 5 6 9 11 17 18 19 20
11 2 3 4 5 7 11 15 17 18 19 20
10 0 1 2 4 5 7 11 12 14 17
10 0 2 3 5 6 7 11 14 16 17
11 2 3 4 7 11 14 16 17 18 19 20
10 0 1 2 3 6 8 10 12 13 16
10 0 3 4 6 8 10 13 14 15 16
11 1 4 8 11 12 13 16 17 18 19 20
11 5 7 10 11 12 14 16 17 18 19 20
10 0 1 4 5 9 11 12 14 15 17
11 1 3 4 5 8 10 16 17 18 19 20
11 2 4 8 11 12 13 16 17 18 19 20
10 0 1 2 4 5 8 10 11 13 15
10 0 2 4 5 7 10 11 13 14 15
11 2 3 4 7 11 13 16 17 18 19 20
11 2 3 6 11 12 13 15 17 18 19 20
11 1 3 4 5 10 13 14 17 18 19 20
11 3 4 9 11 12 13 15 16 18 19 20
11 1 6 7 11 12 13 15 16 18 19 20
11 1 5 7 10 13 14 15 17 18 19 20
10 0 1 2 5 6 8 11 12 13 15
10 0 2 3 4 7 9 10 13 14 15
10 0 1 2 3 7 8 10 11 13 17
10 0 2 3 5 6 10 11 12 13 17
11 1 3 5 6 11 14 15 17 18 19 20
11 1 2 5 10 11 13 15 17 18 19 20
11 1 2 3 6 9 11 15 17 18 19 20
11 4 5 8 12 13 14 16 17 18 19 20
10 0 1 3 6 8 10 11 12 14 17
10 0 3 5 6 7 9 11 14 16 17
11 1 2 3 7 10 11 16 17 18 19 20
11 4 7 9 11 12 13 16 17 18 19 20
10 0 1 4 7 10 11 12 13 15 17
10 0 2 4 5 6 7 10 13 16 17
11 2 3 4 6 8 11 16 17 18 19 20
11 2 3 4 10 11 13 15 16 18 19 20
10 0 1 3 4 5 7 10 11 13 15
10 0 2 4 5 8 10 11 12 14 15
11 1 2 4 6 7 13 14 15 18 19 20
11 1 5 7 11 12 14 15 17 18 19 20
10 0 1 2 4 5 9 10 11 13 16
10 0 3 5 6 7 11 12 14 15 16
11 1 2 4 5 9 11 15 17 18 19 20
11 1 3 7 10 13 14 15 17 18 19 20
10 0 1 2 3 7 10 11 13 15 16
10 0 1 3 5 6 9 13 14 15 16
11 1 2 3 6 9 13 15 17 18 19 20
11 2 4 9 10 13 14 16 17 18 19 20
10 0 1 2 5 8 10 12 13 14 16
10 0 2 3 4 6 8 11 14 15 16
11 1 2 5 6 11 13 16 17 18 19 20
11 3 8 9 11 12 13 15 16 18 19 20
10 0 1 2 3 6 9 11 13 15 16
10 0 1 2 4 8 10 11 13 15 16
10 0 1 3 5 6 8 12 14 15 16
10 0 1 2 4 6 9 12 14 15 16
10 0 1 2 4 7 10 12 14 15 16
10 0 1 3 5 7 10 13 14 15 16
11 1 2 7 11 12 13 15 16 18 19 20
11 2 3 5 10 13 14 15 17 18 19 20
10 0 1 2 3 6 9 10 12 14 16
10 0 2 4 6 7 10 13 14 15 16
11 1 2 3 6 11 13 14 17 18 19 20
11 2 7 10 11 12 13 16 17 18 19 20
10 0 1 2 4 7 9 11 13 14 17
10 0 3 4 6 8 10 13 15 16 17
11 2 3 4 5 8 13 16 17 18 19 20
11 1 6 7 11 13 14 16 17 18 19 20
10 0 1 4 5 6 8 12 14 15 17
10 0 2 3 4 7 8 12 14 15 17
11 1 2 4 8 9 14 16 17 18 19 20
11 2 4 8 10 13 15 16 17 18 19 20
10 0 1 3 4 8 10 11 12 15 16
10 0 1 4 5 6 8 12 13 15 16
10 0 1 4 5 7 11 12 13 14 17
10 0 3 4 5 6 10 12 13 16 17
11 1 4 6 10 12 15 16 17 18 19 20
11 3 4 7 12 13 14 16 17 18 19 20
10 0 1 3 4 7 9 11 13 14 16
10 0 2 3 5 7 9 12 13 15 16
10 0 2 3 5 9 10 12 13 15 17
10 0 2 4 5 7 8 12 14 15 17
10 0 1 3 5 8 11 13 14 15 17
10 0 2 3 4 6 9 12 14 16 17
11 1 2 3 8 11 12 16 17 18 19 20
11 3 5 8 12 13 14 16 17 18 19 20
10 0 1 2 3 6 9 10 12 14 17
10 0 3 5 7 8 11 14 15 16 17
11 1 2 3 7 10 12 16 17 18 19 20
11 2 3 9 10 12 14 15 16 18 19 20
10 0 1 2 3 5 7 10 13 14 16
10 0 2 3 6 9 11 13 14 15 16
11 1 3 4 10 11 14 15 16 18 19 20
11 1 3 4 9 12 13 15 17 18 19 20
10 0 1 2 6 9 10 12 13 14 16
10 0 2 3 4 6 7 10 14 15 16
10 0 1 2 3 4 8 10 13 14 17
10 0 1 2 3 4 8 11 12 15 17
11 1 3 4 7 12 13 15 17 18 19 20
11 2 3 9 11 12 13 15 17 18 19 20
10 0 2 3 4 7 8 11 13 14 16
10 0 2 3 5 8 9 12 13 14 16
11 1 3 4 5 7 13 14 17 18 19 20
11 3 6 9 11 13 15 16 17 18 19 20
10 0 1 2 3 6 8 11 12 15 16
10 0 1 2 4 5 9 10 13 15 16
10 0 1 3 6 7 11 12 14 15 16
10 0 1 4 5 8 10 13 14 15 16
11 2 4 6 10 13 15 16 17 18 19 20
11 1 4 8 10 12 15 16 17 18 19 20
11 1 3 5 8 11 15 16 17 18 19 20
11 2 3 4 6 12 13 15 17 18 19 20
10 0 2 3 4 5 8 10 13 14 17
10 0 3 4 7 9 12 13 14 15 17
11 1 3 4 10 12 13 14 17 18 19 20
11 2 3 4 5 8 12 15 17 18 19 20
10 0 2 3 4 5 7 11 12 15 17
10 0 2 5 6 10 12 13 14 15 17
11 1 4 8 11 12 13 14 17 18 19 20
11 2 4 8 11 12 13 15 17 18 19 20
10 0 1 2 4 5 6 9 12 14 15
10 0 1 3 6 9 10 11 13 14 15
11 1 3 4 5 8 12 14 17 18 19 20
11 3 4 8 11 12 14 15 17 18 19 20
10 0 1 3 7 9 11 12 13 14 16
10 0 2 3 4 5 7 9 13 15 16
11 1 4 5 10 11 14 15 17 18 19 20
11 1 2 5 6 11 12 15 17 18 19 20
11 1 2 4 5 8 12 13 17 18 19 20
11 1 2 6 7 12 13 15 16 18 19 20
11 1 2 4 5 10 11 15 16 18 19 20
11 2 5 9 10 12 14 16 17 18 19 20
10 0 1 3 4 5 9 10 11 13 16
10 0 3 5 6 7 11 12 13 15 16
11 1 3 5 6 10 13 16 17 18 19 20
11 2 3 6 10 12 13 15 17 18 19 20
10 0 2 3 4 8 9 10 12 13 15
10 0 2 3 5 6 7 11 12 13 15
11 1 3 4 6 10 13 14 17 18 19 20
11 2 3 5 9 10 14 16 17 18 19 20
10 0 1 3 4 5 6 9 12 14 16
10 0 2 4 7 10 11 12 13 15 16
11 1 5 6 10 12 13 16 17 18 19 20
11 3 5 9 10 12 13 15 17 18 19 20
10 0 2 3 4 5 8 9 12 13 15
10 0 2 3 6 7 10 11 12 13 15
10 0 1 2 3 4 6 9 12 13 17
10 0 1 4 7 9 10 11 12 13 17
11 1 3 4 6 7 11 13 17 18 19 20
11 3 8 9 11 12 14 16 17 18 19 20
10 0 1 2 4 7 8 11 12 14 16
10 0 2 4 5 8 9 12 14 15 16
11 1 3 4 6 7 12 16 17 18 19 20
11 2 3 4 6 12 14 15 17 18 19 20
11 1 2 4 10 12 13 14 17 18 19 20
11 2 5 7 11 12 15 16 17 18 19 20
10 0 1 3 7 9 10 11 12 15 17
10 0 2 3 7 9 12 13 14 15 17
11 2 3 7 9 12 15 16 17 18 19 20
11 1 2 5 10 11 13 15 16 18 19 20
10 0 1 2 7 8 10 11 12 14 16
10 0 1 2 7 9 11 12 13 15 16
11 1 2 4 6 7 12 15 16 18 19 20
11 1 4 5 7 13 14 15 17 18 19 20
10 0 1 3 4 5 8 10 12 15 16
10 0 1 4 6 8 11 12 13 15 16
11 1 2 3 9 11 12 15 17 18 19 20
11 2 3 4 10 12 13 15 16 18 19 20
10 0 1 2 3 5 7 9 12 13 16
10 0 3 4 7 9 11 13 14 15 16
11 1 2 4 5 7 13 14 15 18 19 20
11 1 4 6 10 11 14 16 17 18 19 20
10 0 1 2 4 5 6 9 13 15 16
10 0 1 3 7 10 11 12 14 15 16
11 1 4 5 9 11 14 16 17 18 19 20
11 5 6 9 11 13 14 16 17 18 19 20
10 0 1 4 5 6 7 10 13 15 17
10 0 2 4 7 10 11 12 13 16 17
11 1 2 4 6 9 10 16 17 18 19 20
11 1 2 5 6 7 13 15 16 18 19 20
10 0 1 2 5 7 9 10 11 13 16
10 0 3 5 6 7 9 11 14 15 16
11 1 2 4 10 11 12 15 16 18 19 20
11 4 6 9 11 12 15 16 17 18 19 20
10 0 2 4 7 8 11 12 13 14 17
10 0 3 4 5 6 9 10 13 15 17
11 2 3 5 8 10 15 16 17 18 19 20
11 1 4 6 7 13 14 15 17 18 19 20
11 1 2 3 9 10 12 15 17 18 19 20
11 1 4 5 6 11 14 15 17 18 19 20
10 0 1 2 4 6 7 10 11 13 15
10 0 2 4 5 8 9 11 13 14 15
11 1 2 5 10 11 12 15 17 18 19 20
11 2 5 9 10 12 13 14 17 18 19 20
10 0 1 2 3 4 6 10 12 15 17
10 0 2 3 4 5 6 10 12 15 17
11 2 3 4 6 7 11 14 17 18 19 20
11 4 6 8 11 12 14 15 17 18 19 20
10 0 1 2 4 5 6 9 11 14 15
10 0 1 4 6 9 10 11 13 14 15
11 1 2 4 5 8 10 12 17 18 19 20
11 1 3 5 6 11 12 15 16 18 19 20
10 0 1 2 3 6 7 9 11 12 14
10 0 2 3 5 7 8 11 12 13 14
10 0 1 2 3 4 6 9 11 12 16
10 0 4 5 7 10 12 13 14 15 16
11 2 6 7 10 12 13 14 16 18 19 20
11 1 4 5 9 12 13 14 16 18 19 20
11 1 2 5 6 11 12 14 16 18 19 20
11 3 4 6 10 12 14 15 17 18 19 20
10 0 1 3 4 5 6 8 12 15 16
10 0 1 4 8 10 11 12 13 15 16
11 1 2 4 6 10 12 13 17 18 19 20
11 5 6 9 10 12 13 15 17 18 19 20
10 0 1 3 5 6 9 10 11 13 15
10 0 2 4 5 6 9 10 12 14 15
10 0 1 4 6 8 10 11 12 13 16
10 0 3 4 5 6 8 10 12 15 16
11 1 3 4 6 7 10 11 17 18 19 20
11 3 4 7 10 11 13 15 17 18 19 20
10 0 1 3 5 6 9 10 11 12 14
10 0 2 3 4 5 8 9 11 13 14
11 1 3 5 6 9 12 13 17 18 19 20
11 1 6 7 9 12 14 15 16 18 19 20
10 0 1 5 7 10 11 12 13 14 17
10 0 1 5 8 9 10 11 12 15 17
11 1 4 6 7 12 14 15 16 18 19 20
11 2 3 5 6 8 11 12 16 18 19 20
10 0 1 2 4 6 7 9 11 12 13
11 1 5 6 9 11 12 14 15 18 19 20
11 4 8 9 11 13 14 16 17 18 19 20
10 0 1 2 4 8 9 11 12 15 17
10 0 2 3 4 8 10 13 14 16 17
11 1 2 4 6 7 11 16 17 18 19 20
11 2 6 7 11 13 14 16 17 18 19 20
10 0 1 2 4 6 7 10 12 14 15
10 0 1 3 5 8 9 11 13 14 15
11 2 4 5 9 13 14 16 17 18 19 20
11 1 2 6 10 11 13 16 17 18 19 20
11 1 2 4 8 9 13 16 17 18 19 20
11 1 4 5 8 13 14 15 17 18 19 20
11 1 2 3 8 11 12 15 17 18 19 20
11 2 7 8 11 13 15 16 17 18 19 20
10 0 1 2 5 7 9 12 13 15 16
10 0 1 3 4 7 9 11 14 15 16
11 1 3 6 7 12 15 16 17 18 19 20
11 2 6 8 11 12 15 16 17 18 19 20
10 0 1 2 6 8 9 11 12 14 16
10 0 2 4 5 7 8 10 14 15 16
11 2 3 6 8 12 15 16 17 18 19 20
11 1 4 6 8 13 14 16 17 18 19 20
10 0 1 4 5 6 7 11 13 14 17
10 0 1 2 3 6 7 11 14 15 17
11 1 2 7 9 11 14 16 17 18 19 20
11 5 8 9 10 12 13 14 17 18 19 20
10 0 2 3 7 9 10 12 13 15 17
10 0 2 4 5 7 8 10 14 15 17
11 2 3 4 6 7 8 11 17 18 19 20
11 2 3 5 7 12 14 15 17 18 19 20
10 0 1 2 6 8 9 10 12 13 16
10 0 3 4 6 7 8 10 14 15 16
11 1 2 4 9 11 13 14 17 18 19 20
11 2 6 7 11 12 14 16 17 18 19 20
10 0 1 2 4 7 8 10 11 13 15
10 0 2 4 5 7 8 11 13 14 15
10 0 1 3 7 9 10 11 13 14 16
10 0 2 3 5 6 7 9 13 15 16
10 0 1 2 3 4 7 10 13 15 17
10 0 2 4 7 10 13 14 15 16 17
11 1 3 4 8 9 13 16 17 18 19 20
11 2 3 4 6 8 12 15 17 18 19 20
10 0 1 2 3 5 8 9 11 12 16
10 0 4 5 7 8 11 13 14 15 16
11 1 4 8 10 12 13 14 17 18 19 20
11 3 4 8 10 12 13 15 16 18 19 20
10 0 1 2 3 4 6 8 11 14 15
10 0 1 4 7 9 11 12 13 14 15
11 1 2 4 5 7 9 13 14 18 19 20
11 1 2 9 10 11 13 15 16 18 19 20
10 0 1 2 4 6 9 12 15 16 17
10 0 1 2 5 8 11 13 15 16 17
11 1 2 4 6 7 8 15 16 18 19 20
11 3 8 9 10 12 15 16 17 18 19 20
10 0 1 4 6 8 9 11 12 15 17
10 0 2 5 6 8 9 11 13 16 17
10 0 1 2 5 6 8 10 12 15 18
10 0 2 4 6 7 10 11 12 15 18
11 2 4 5 6 11 15 16 17 18 19 20
11 6 7 8 11 13 14 15 17 18 19 20
11 1 2 3 5 8 9 10 17 18 19 20
11 2 3 4 6 12 13 15 16 18 19 20
10 0 1 2 3 6 8 9 11 13 17
10 0 2 4 5 7 10 11 12 13 17
11 2 3 4 6 7 9 10 16 18 19 20
11 1 3 4 6 8 12 15 16 18 19 20
10 0 3 4 5 6 10 11 12 13 16
11 1 2 5 9 11 13 14 16 18 19 20
11 2 3 4 6 9 10 15 16 18 19 20
10 0 1 2 4 6 8 9 11 12 14
10 0 2 3 5 6 8 10 12 13 14
11 2 3 4 6 7 12 13 16 18 19 20
11 1 4 6 10 11 12 15 16 18 19 20
10 0 2 3 4 5 8 10 11 12 15
10 0 3 4 5 7 10 11 12 13 15
11 1 2 5 6 7 11 13 16 18 19 20
11 3 5 6 10 12 15 16 17 18 19 20
10 0 1 2 4 5 6 9 12 15 17
10 0 2 5 8 11 12 13 15 16 17
11 2 4 8 9 11 15 16 17 18 19 20
11 1 2 6 7 8 13 15 16 18 19 20
10 0 2 3 5 6 9 10 11 13 15
10 0 2 4 5 6 9 10 12 13 15
11 1 2 4 9 10 11 15 16 18 19 20
11 1 3 5 6 9 14 15 17 18 19 20
10 0 3 4 5 6 10 11 12 14 17
10 0 3 5 6 7 11 12 13 14 17
11 1 2 7 10 11 13 15 17 18 19 20
11 1 5 9 10 11 14 16 17 18 19 20
10 0 1 2 4 5 7 9 12 15 16
10 0 1 4 7 9 11 12 14 15 16
11 1 4 5 6 10 14 16 17 18 19 20
11 1 5 6 10 11 14 16 17 18 19 20
10 0 2 3 4 6 9 10 11 13 16
10 0 3 5 6 7 10 12 13 14 16
11 1 4 5 9 10 14 16 17 18 19 20
11 6 7 8 11 12 14 15 17 18 19 20
10 0 1 4 6 7 8 10 12 15 17
10 0 1 5 7 8 10 11 13 15 17
10 0 1 5 7 9 11 12 14 15 17
10 0 2 5 7 9 10 11 13 16 17
11 1 2 4 5 8 9 10 17 18 19 20
11 4 7 8 11 12 14 16 17 18 19 20
10 0 1 2 3 6 7 9 11 13 16
10 0 3 5 7 9 10 13 14 15 16
11 1 3 4 7 8 11 16 17 18 19 20
11 1 6 8 10 11 13 14 16 18 19 20
10 0 1 4 5 6 7 8 12 15 16
10 0 1 4 8 9 10 11 12 15 16
11 1 3 4 6 7 9 11 16 18 19 20
11 2 3 4 6 8 11 14 16 18 19 20
10 0 1 2 3 4 7 8 10 13 14
10 0 1 4 6 7 10 11 12 13 14
11 2 4 5 6 10 14 16 17 18 19 20
10 0 1 3 5 6 8 10 11 14 15
10 0 1 4 5 7 9 10 12 14 15
10 0 2 3 5 6 9 10 11 14 16
10 0 2 5 6 7 10 11 13 14 16
11 1 5 9 10 11 13 16 17 18 19 20
11 5 7 9 10 11 13 14 17 18 19 20
11 2 3 5 6 7 9 11 17 18 19 20
11 5 7 8 11 12 13 16 17 18 19 20
10 0 1 3 5 7 8 10 11 13 17
10 0 2 3 5 6 8 10 12 13 17
11 2 3 4 7 8 10 16 17 18 19 20
11 1 4 5 6 7 13 15 17 18 19 20
10 0 1 4 5 6 8 10 11 14 17
10 0 3 6 7 9 11 12 13 16 17
11 1 3 9 10 11 12 15 17 18 19 20
11 3 5 8 10 11 15 16 17 18 19 20
10 0 1 4 6 7 9 10 11 13 17
10 0 2 3 4 6 7 9 12 13 17
11 3 4 6 9 11 15 16 17 18 19 20
11 2 3 5 9 10 11 14 16 18 19 20
10 0 1 3 6 7 9 10 11 12 14
10 0 2 3 4 5 7 8 11 13 14
11 1 3 6 7 8 12 14 15 18 19 20
11 2 3 4 8 10 11 13 16 18 19 20
10 0 2 6 9 10 11 12 13 14 17
11 1 4 6 7 9 13 14 15 18 19 20
11 4 6 7 10 11 13 15 17 18 19 20
10 0 1 2 4 5 6 9 10 12 15
10 0 3 5 6 9 10 11 13 14 15
11 1 3 5 6 9 10 12 17 18 19 20
11 3 4 6 7 11 13 14 16 18 19 20
10 0 2 3 4 5 6 9 10 13 15
10 0 2 5 6 9 10 11 12 13 15
11 1 3 4 6 10 11 13 14 18 19 20
11 2 6 9 10 11 12 15 17 18 19 20
10 0 1 5 7 8 10 11 12 14 16
10 0 2 4 5 6 8 9 11 15 16
10 0 2 6 7 9 11 12 13 14 17
10 0 3 4 5 6 8 10 11 15 17
11 2 6 9 10 11 12 14 17 18 19 20
11 3 4 5 7 12 13 15 16 18 19 20
10 0 2 6 7 9 10 11 12 14 17
10 0 3 5 6 7 8 10 11 15 17
11 3 4 5 7 8 10 11 16 18 19 20
11 2 5 6 7 10 12 14 17 18 19 20
10 0 1 4 6 8 9 10 11 12 15
10 0 3 4 5 6 7 9 11 14 15
10 0 1 3 4 5 6 7 10 14 16
10 0 2 6 9 10 11 12 13 15 16
11 2 4 6 9 10 11 14 17 18 19 20
11 3 4 6 8 9 11 12 16 18 19 20
11 1 5 6 8 9 11 13 14 18 19 20
11 2 6 8 10 11 12 15 17 18 19 20
10 0 1 4 5 6 7 8 11 14 16
10 0 2 5 8 9 10 11 12 15 16
11 1 4 5 6 8 10 14 17 18 19 20
11 2 3 9 10 12 13 15 17 18 19 20
10 0 1 3 4 5 7 9 13 14 16
10 0 2 3 7 9 11 12 13 15 16
11 1 3 4 6 7 13 14 17 18 19 20
11 2 3 5 7 13 14 16 17 18 19 20
10 0 1 3 4 8 9 11 13 15 16
10 0 1 3 5 7 8 12 13 15 16
10 0 1 2 5 7 10 13 14 15 17
10 0 2 3 4 7 10 12 15 16 17
11 1 2 8 10 12 13 16 17 18 19 20
11 2 8 9 11 12 13 15 17 18 19 20
11 1 3 4 5 7 8 14 17 18 19 20
11 1 3 4 5 8 13 15 16 18 19 20
10 0 1 2 6 8 9 10 11 14 17
10 0 1 2 6 9 12 13 14 15 17
11 1 2 4 9 12 13 14 16 18 19 20
11 2 3 4 6 9 13 15 17 18 19 20
10 0 1 3 4 5 7 8 13 14 16
10 0 1 3 4 5 7 8 13 15 16
11 1 3 7 10 12 13 14 17 18 19 20
11 1 3 4 5 8 10 15 16 18 19 20
11 1 2 7 9 12 13 14 16 18 19 20
11 1 7 8 11 12 14 16 17 18 19 20
10 0 1 2 5 8 9 10 12 15 17
10 0 2 5 7 8 9 12 15 16 17
11 1 3 4 7 8 14 16 17 18 19 20
11 3 7 8 11 13 14 16 17 18 19 20
10 0 1 2 3 5 8 9 12 14 16
10 0 2 4 7 8 11 13 14 15 16
11 1 2 4 7 8 12 16 17 18 19 20
11 1 3 4 5 7 8 15 16 18 19 20
10 0 1 5 6 7 9 12 14 15 17
10 0 2 3 5 8 10 11 12 16 17
11 2 4 5 8 13 15 16 17 18 19 20
10 0 1 4 6 7 8 12 13 15 17
10 0 2 4 5 9 10 11 13 16 17
11 1 6 9 10 12 15 16 17 18 19 20
11 2 3 5 8 12 14 15 16 18 19 20
10 0 1 2 4 6 7 9 12 13 14
10 0 1 2 5 7 8 10 12 13 14
11 1 5 8 10 11 14 15 16 18 19 20
11 2 3 7 9 12 13 15 16 18 19 20
10 0 2 3 8 9 10 11 12 14 16
10 0 2 4 5 6 7 8 13 14 16
11 1 2 4 5 8 10 14 15 18 19 20
11 2 4 6 9 12 14 15 16 18 19 20
10 0 1 2 3 4 6 9 10 14 15
10 0 1 5 6 9 11 12 13 14 15
11 1 4 7 9 11 14 15 16 18 19 20
11 2 4 7 9 12 13 16 17 18 19 20
10 0 1 3 7 8 9 11 12 13 15
10 0 2 3 4 6 7 8 12 14 15
10 0 1 2 3 4 6 8 12 15 16
10 0 1 4 8 10 12 13 14 15 16
11 2 3 6 8 11 13 16 17 18 19 20
11 1 4 7 8 12 13 15 17 18 19 20
11 1 3 4 8 9 12 15 17 18 19 20
11 5 6 9 11 12 15 16 17 18 19 20
10 0 1 5 7 9 10 12 13 15 17
11 2 3 5 8 9 15 16 17 18 19 20
11 2 3 9 10 11 13 14 17 18 19 20
10 0 2 3 4 5 7 9 12 15 17
10 0 2 5 8 10 12 13 14 15 17
11 2 3 5 6 7 13 14 17 18 19 20
11 4 5 8 10 12 14 15 17 18 19 20
10 0 1 2 3 5 6 9 10 13 15
10 0 2 5 6 9 10 12 13 14 15
11 1 2 4 6 8 11 12 17 18 19 20
11 2 3 5 9 11 13 14 16 18 19 20
10 0 1 2 3 4 5 9 10 13 16
10 0 3 6 7 11 12 13 14 15 16
11 2 3 4 6 9 12 14 16 18 19 20
11 2 3 4 6 8 10 13 16 18 19 20
11 1 3 4 6 8 12 14 15 18 19 20
11 1 5 7 8 12 14 15 17 18 19 20
10 0 2 3 4 7 8 9 12 13 15
10 0 2 3 6 7 8 11 12 13 15
11 1 2 4 8 9 11 15 17 18 19 20
11 3 6 8 10 11 13 14 17 18 19 20
10 0 2 3 4 6 7 8 12 13 15
10 0 2 3 7 8 9 11 12 13 15
11 2 3 5 6 8 10 13 17 18 19 20
11 1 2 7 8 9 13 15 16 18 19 20
10 0 2 4 7 8 10 11 12 13 16
10 0 3 4 5 6 8 9 12 14 16
11 1 2 4 8 9 10 15 16 18 19 20
11 1 4 7 8 12 14 16 17 18 19 20
10 0 3 4 5 9 10 11 12 14 17
10 0 3 5 6 7 8 12 13 14 17
11 1 3 7 8 11 14 16 17 18 19 20
11 3 7 8 10 11 13 14 16 18 19 20
10 0 1 2 4 7 8 9 11 13 14
10 0 1 3 5 6 7 10 12 13 14
11 1 3 4 6 7 9 10 14 18 19 20
11 1 6 7 9 13 14 16 17 18 19 20
10 0 2 3 5 7 8 9 13 14 17
10 0 3 4 8 9 10 12 14 15 17
11 1 2 6 8 9 14 16 17 18 19 20
11 3 5 7 10 13 15 16 17 18 19 20
10 0 1 5 7 8 11 12 13 14 17
10 0 1 5 8 9 10 11 14 15 17
11 1 4 7 9 11 15 16 17 18 19 20
11 1 2 7 8 9 14 15 17 18 19 20
10 0 2 5 7 9 10 11 13 14 17
10 0 3 4 6 7 8 10 12 15 17
11 4 5 7 10 12 14 15 16 18 19 20
10 0 1 5 7 8 9 10 11 14 17
10 0 1 5 8 11 12 13 14 15 17
11 1 3 6 8 9 14 15 16 18 19 20
11 2 3 5 7 10 13 14 16 18 19 20
10 0 1 2 4 5 6 7 11 13 14
10 0 1 3 7 8 9 10 12 13 14
10 0 1 2 3 4 5 9 10 12 16
10 0 4 6 7 11 12 13 14 15 16
11 1 3 4 7 10 12 14 15 18 19 20
11 3 4 7 9 11 13 14 16 17 19 20
11 1 3 5 8 9 13 14 16 17 19 20
11 3 5 7 8 10 11 13 14 18 19 20
10 0 3 4 5 6 7 8 12 14 17
10 0 3 5 9 10 11 12 13 14 17
11 3 4 6 7 9 10 12 14 18 19 20
11 5 7 9 10 12 13 16 17 18 19 20
10 0 1 2 5 6 7 9 11 14 17
10 0 3 6 8 10 11 12 15 16 17
11 2 3 5 6 8 10 16 17 18 19 20
11 4 6 7 10 13 14 15 17 18 19 20
10 0 1 5 7 9 10 11 13 14 16
10 0 2 3 5 6 7 9 11 15 16
11 1 2 3 6 9 10 12 17 18 19 20
11 3 5 6 9 12 14 16 17 18 19 20
10 0 1 3 4 5 8 9 10 13 15
10 0 2 5 6 7 10 11 12 14 15
11 1 3 6 9 10 12 16 17 18 19 20
11 2 4 5 6 8 12 15 17 18 19 20
11 1 4 8 10 11 12 14 17 18 19 20
11 5 6 8 9 11 12 14 16 18 19 20
11 1 3 5 6 8 9 11 12 18 19 20
11 3 4 5 7 11 14 15 17 18 19 20
10 0 1 4 6 8 9 10 11 13 16
10 0 3 5 6 7 8 10 12 15 16
11 1 2 5 9 11 12 13 17 18 19 20
11 1 4 5 6 8 11 14 16 18 19 20
10 0 1 2 3 4 6 7 11 15 16
10 0 1 5 9 10 12 13 14 15 16
11 1 3 6 9 11 12 13 16 18 19 20
11 2 3 8 9 10 12 15 16 18 19 20
10 0 2 3 5 7 9 10 11 12 15
10 0 3 4 5 6 8 10 12 13 15
11 4 5 8 9 10 12 13 16 18 19 20
11 3 4 5 7 10 13 15 17 18 19 20
10 0 1 3 4 5 7 9 10 13 14
10 0 1 4 5 7 9 10 11 13 14
11 1 3 6 9 11 12 13 17 18 19 20
11 3 4 6 8 10 11 14 17 18 19 20
10 0 1 3 4 5 6 9 10 12 14
10 0 2 4 5 8 9 10 11 13 14
11 2 5 6 8 10 12 13 17 18 19 20
11 3 5 8 9 11 13 16 17 18 19 20
10 0 1 3 4 5 8 9 10 12 15
10 0 1 3 6 7 8 10 11 12 15
10 0 3 4 5 7 8 9 12 14 15
10 0 3 5 6 7 10 11 12 14 15
10 0 2 3 6 7 9 10 11 12 16
10 0 4 5 6 7 9 10 13 14 16
11 2 4 6 7 10 12 16 17 18 19 20
11 3 5 6 7 10 13 14 16 18 19 20
10 0 1 2 3 5 6 7 10 12 15
10 0 3 5 8 9 10 12 13 14 15
11 1 5 6 7 9 11 12 15 18 19 20
11 3 5 8 10 14 15 16 17 18 19 20
10 0 1 4 7 9 10 13 14 15 17
10 0 2 3 4 7 8 10 13 16 17
11 2 3 4 6 8 9 15 16 18 19 20
10 0 2 3 4 5 8 10 11 13 17
10 0 2 3 5 8 9 10 11 13 17
11 2 3 4 6 7 13 14 16 18 19 20
11 2 4 7 8 13 15 16 17 18 19 20
10 0 1 2 5 6 8 9 12 14 16
10 0 2 4 7 8 10 11 14 15 16
11 1 6 7 10 12 15 16 17 18 19 20
11 2 4 7 8 12 14 16 17 18 19 20
10 0 1 2 3 4 7 8 11 14 16
10 0 2 5 8 9 12 13 14 15 16
11 1 3 7 8 11 13 16 17 18 19 20
11 2 3 5 7 9 14 15 17 18 19 20
11 1 2 7 9 11 13 14 17 18 19 20
11 2 7 9 10 11 13 14 17 18 19 20
10 0 1 2 5 7 8 9 11 13 16
10 0 3 5 7 8 9 11 14 15 16
11 2 3 5 6 7 9 14 17 18 19 20
11 4 5 8 10 13 15 16 17 18 19 20
10 0 2 4 7 8 9 10 13 14 17
10 0 1 3 4 5 8 9 11 15 17
10 0 2 3 6 7 8 10 11 15 17
10 0 3 4 7 8 9 10 13 15 17
11 1 4 6 9 10 15 16 17 18 19 20
11 5 7 8 10 13 14 15 17 18 19 20
11 1 2 3 6 8 9 11 17 18 19 20
11 3 7 8 10 12 13 16 17 18 19 20
10 0 1 2 3 5 7 9 10 13 16
10 0 3 6 7 9 11 13 14 15 16
11 2 3 5 7 8 12 16 17 18 19 20
11 5 7 8 9 11 13 14 16 18 19 20
10 0 1 3 4 6 7 8 11 15 16
10 0 1 5 8 9 10 12 13 15 16
11 1 7 8 9 11 13 14 16 18 19 20
11 3 5 8 9 12 14 16 17 18 19 20
10 0 2 3 7 8 9 10 12 13 16
10 0 3 4 6 7 8 9 13 14 16
11 1 3 6 7 10 12 16 17 18 19 20
11 1 3 5 6 9 10 15 16 18 19 20
10 0 1 2 3 5 7 8 10 13 14
10 0 1 4 6 7 9 11 12 13 14
10 0 2 3 5 8 9 10 11 12 16
10 0 4 5 6 7 8 11 13 14 16
11 1 2 7 8 11 12 14 16 18 19 20
11 3 4 6 8 12 14 15 17 18 19 20
10 0 3 4 8 9 10 11 12 14 17
10 0 3 5 6 7 8 9 13 14 17
11 1 2 4 8 10 12 13 17 18 19 20
11 2 3 8 9 11 12 14 16 18 19 20
10 0 1 2 3 4 7 8 10 12 15
10 0 3 5 7 8 11 12 13 14 15
11 1 3 5 6 8 9 14 15 18 19 20
11 3 7 8 10 11 12 14 17 18 19 20
10 0 2 3 5 7 8 9 12 13 15
10 0 2 3 6 7 8 10 12 13 15
11 2 4 5 6 8 9 13 17 18 19 20
11 4 6 8 10 11 14 15 17 18 19 20
10 0 1 5 6 7 8 9 11 14 17
10 0 3 6 8 9 10 11 12 16 17
11 1 2 5 6 8 10 12 17 18 19 20
11 2 6 7 9 11 13 14 17 18 19 20
10 0 2 3 6 8 9 10 11 12 16
10 0 4 5 6 7 8 10 13 14 16
11 2 3 5 7 9 10 14 17 18 19 20
11 3 4 5 6 9 13 15 17 18 19 20
10 0 3 4 6 7 8 9 12 14 17
10 0 3 5 8 9 10 11 13 14 17
11 3 4 5 6 8 10 14 17 18 19 20
11 2 4 5 6 8 13 14 16 18 19 20
10 0 1 3 4 6 8 9 10 13 14
10 0 1 4 5 6 8 10 11 13 14
11 1 4 5 6 8 10 11 16 18 19 20
11 3 5 6 9 10 13 15 17 18 19 20
10 0 1 2 4 5 6 7 10 13 15
10 0 2 5 8 9 10 11 13 14 15
10 0 1 5 7 8 9 10 11 13 16
10 0 3 5 6 7 8 9 11 15 16
11 1 3 6 7 10 11 13 17 18 19 20
11 1 6 7 10 11 14 16 17 18 19 20
10 0 1 2 4 6 7 8 11 14 16
10 0 2 5 8 9 10 12 14 15 16
11 1 4 5 8 9 14 16 17 18 19 20
11 5 7 8 10 11 14 15 16 18 19 20
11 2 3 5 6 8 14 15 16 18 19 20
11 2 7 8 10 11 13 15 17 18 19 20
10 0 1 4 6 7 8 11 12 13 15
10 0 2 3 4 7 8 9 11 14 15
11 1 3 5 6 8 9 14 17 18 19 20
11 1 5 6 7 11 14 16 17 18 19 20
10 0 1 4 5 7 8 9 11 14 16
10 0 2 5 7 8 9 11 12 15 16
11 1 4 8 9 10 14 16 17 18 19 20
11 2 6 7 8 12 14 15 17 18 19 20
10 0 1 3 4 6 7 8 11 13 15
10 0 2 4 7 8 9 11 12 14 15
11 1 2 4 8 9 10 14 17 18 19 20
11 2 4 5 6 8 10 15 17 18 19 20
10 0 1 2 5 6 7 9 10 13 16
10 0 2 3 6 7 8 9 12 13 16
10 0 3 4 7 8 9 10 13 14 16
10 0 3 6 7 9 10 11 14 15 16
10 0 3 4 5 8 9 10 11 14 17
10 0 3 6 7 8 9 12 13 14 17
11 1 6 8 10 11 12 14 17 18 19 20
11 3 7 8 10 11 13 16 17 18 19 20
10 0 1 3 5 6 7 9 10 14 16
10 0 2 6 7 9 10 11 13 15 16
11 2 4 5 7 8 12 16 17 18 19 20
11 1 6 8 9 10 13 14 16 18 19 20
10 0 1 6 7 9 10 11 13 14 16
10 0 2 3 5 6 7 9 10 15 16
11 1 3 4 7 8 9 11 16 18 19 20
11 1 6 7 9 11 12 15 16 18 19 20
10 0 1 5 7 8 9 10 11 14 16
10 0 2 5 6 7 8 9 11 15 16
11 1 2 5 6 8 10 11 16 18 19 20
11 4 5 7 9 10 13 14 17 18 19 20
10 0 1 2 4 5 7 8 10 12 14
10 0 1 3 5 7 8 9 11 12 14
10 0 2 3 5 6 7 9 11 13 14
10 0 2 4 6 7 9 10 12 13 14
11 3 6 7 8 11 12 14 17 18 19 20
11 2 4 5 8 9 10 13 17 18 19 20
11 2 3 6 7 9 11 12 17 18 19 20
11 1 5 6 9 10 12 15 17 18 19 20
10 0 1 4 5 6 7 8 10 14 16
10 0 2 6 8 9 10 11 12 15 16
11 1 4 6 7 10 11 15 17 18 19 20
11 3 4 5 7 8 11 15 17 18 19 20
10 0 2 5 6 7 8 10 11 14 16
10 0 2 5 6 8 9 10 11 14 16
11 1 5 8 9 11 12 13 17 18 19 20
11 5 6 7 9 11 12 15 16 18 19 20
11 5 6 7 9 10 13 14 16 18 19 20
11 4 6 8 9 11 12 15 17 18 19 20
10 0 1 4 5 6 7 8 11 13 17
10 0 2 5 6 7 8 9 12 13 17
11 1 4 5 7 8 10 12 17 18 19 20
11 4 5 7 8 11 13 15 16 18 19 20
10 0 1 2 4 6 7 9 10 11 15
10 0 4 5 6 8 9 11 13 14 15
11 1 2 4 6 9 10 12 13 18 19 20
11 2 5 6 8 10 12 15 17 18 19 20
10 0 1 2 5 6 8 9 10 11 15
10 0 4 5 6 7 9 10 13 14 15
11 1 4 6 8 10 11 14 17 18 19 20
11 1 4 6 7 8 11 14 16 18 19 20
11 1 3 6 9 10 11 13 16 18 19 20
11 2 4 6 7 9 10 12 16 18 19 20
11 1 5 7 8 10 11 13 15 18 19 20
11 2 5 6 7 9 13 14 17 18 19 20
10 0 1 3 5 6 7 9 11 12 14
10 0 2 3 5 7 8 9 11 13 14
11 2 3 7 9 10 11 14 17 18 19 20
11 2 3 6 8 9 10 15 16 18 19 20
11 1 2 7 8 9 11 14 15 18 19 20
11 2 3 7 9 10 11 13 16 18 19 20
10 0 2 3 4 5 8 9 10 12 15
10 0 3 5 6 7 10 11 12 13 15
11 1 5 6 9 10 11 13 16 18 19 20
11 3 5 6 8 10 12 15 16 18 19 20
10 0 1 3 4 5 6 8 9 14 15
10 0 1 6 7 9 10 11 12 14 15
11 1 2 5 7 9 11 12 14 18 19 20
11 4 5 7 8 11 13 15 17 18 19 20
10 0 1 4 6 7 8 9 11 12 16
10 0 4 5 7 8 9 10 12 15 16
11 1 3 5 8 9 11 12 17 18 19 20
11 4 5 7 8 10 12 14 17 18 19 20
10 0 1 2 4 5 6 7 10 14 17
10 0 3 4 5 6 8 9 10 14 17
11 3 5 6 7 9 12 14 17 18 19 20
11 2 4 7 9 10 11 13 17 18 19 20
11 3 5 7 8 10 11 13 17 18 19 20
11 3 5 6 8 9 11 13 17 18 19 20
11 2 4 6 8 9 11 12 17 18 19 20
11 3 4 6 7 9 11 15 17 18 19 20
10 0 1 3 5 6 7 8 11 12 15
10 0 3 4 7 8 9 10 12 14 15
11 1 5 7 9 10 12 13 17 18 19 20
11 4 5 6 8 9 12 14 17 18 19 20
10 0 2 4 5 6 8 9 11 12 16
10 0 4 5 7 8 10 11 12 14 16
11 2 4 7 8 10 11 12 17 18 19 20
11 3 6 7 8 12 14 15 17 18 19 20
10 0 2 3 4 6 8 9 10 13 16
10 0 3 6 7 8 10 12 13 14 16
11 1 2 4 8 9 10 13 17 18 19 20
11 2 6 8 9 12 14 16 17 18 19 20
10 0 1 5 6 7 8 9 12 14 17
10 0 3 5 8 9 10 11 12 16 17
11 1 3 6 7 9 13 16 17 18 19 20
11 2 3 5 6 8 9 14 16 18 19 20
10 0 1 2 3 5 6 8 10 14 15
10 0 1 5 7 9 10 12 13 14 15
11 1 3 8 9 11 12 14 15 18 19 20
11 2 4 5 7 9 13 15 16 18 19 20
10 0 1 2 3 6 7 9 10 11 15
10 0 4 5 6 8 9 12 13 14 15
11 1 2 4 8 10 12 13 15 18 19 20
11 3 4 7 9 10 14 16 17 18 19 20
10 0 2 3 4 6 8 9 11 12 16
10 0 2 4 7 8 9 10 12 13 16
10 0 3 4 6 7 8 9 12 14 16
10 0 4 5 7 8 10 12 13 14 16
11 1 5 6 8 11 12 16 17 18 19 20
11 4 5 6 9 12 14 15 16 18 19 20
11 1 4 7 8 9 14 15 16 18 19 20
11 3 6 7 9 12 14 16 17 18 19 20
10 0 1 3 5 6 7 9 10 14 15
10 0 1 5 6 8 9 10 12 14 15
10 0 1 4 5 7 8 9 10 14 16
10 0 2 6 7 8 9 11 12 15 16
10 0 1 2 5 6 7 8 10 14 17
10 0 2 3 4 5 8 9 10 14 17
11 1 3 6 8 9 12 16 17 18 19 20
11 2 3 6 7 8 10 13 16 18 19 20
10 0 1 2 3 4 6 8 9 13 15
10 0 2 6 7 9 11 12 13 14 15
11 4 5 7 9 11 14 15 17 18 19 20
10 0 1 5 6 8 9 10 12 13 15
10 0 2 3 5 6 7 9 10 14 15
11 1 2 5 7 9 11 12 17 18 19 20
11 3 6 8 9 10 13 15 16 18 19 20
10 0 1 6 8 9 10 12 13 14 16
11 1 4 8 9 10 12 13 15 18 19 20
11 3 4 6 7 9 10 14 16 18 19 20
10 0 1 5 7 8 9 10 12 13 15
10 0 2 3 5 6 7 8 10 14 15
10 0 1 2 3 4 6 8 9 13 16
10 0 3 7 8 10 12 13 14 15 16
11 1 3 7 8 10 11 13 14 18 19 20
11 3 5 6 8 9 11 15 16 18 19 20
10 0 1 2 4 6 7 8 9 12 16
10 0 4 7 8 9 10 12 14 15 16
11 1 2 6 8 9 11 12 14 18 19 20
0 1
0 2
3 1
3 2
4 5
4 6
7 5
7 6
8 5
8 6
9 5
9 6
10 11
10 12
13 14
13 15
16 14
16 15
17 18
19 18
20 21
20 22
23 21
23 22
24 21
24 22
25 21
25 22
26 21
26 22
27 21
27 22
28 29
28 30
28 31
28 32
33 29
33 30
33 31
33 32
34 29
34 30
34 31
34 32
35 29
35 30
35 31
35 32
36 37
36 38
39 37
39 38
40 41
40 42
43 41
43 42
44 45
44 46
47 45
47 46
48 49
48 50
51 49
51 50
52 53
52 54
55 53
55 54
56 57
56 58
59 57
59 58
60 61
60 62
60 63
60 64
60 65
60 66
67 61
67 62
67 63
67 64
67 65
67 66
68 69
68 70
71 69
71 70
72 73
72 74
75 73
75 74
76 77
76 78
79 77
79 78
80 81
80 82
80 83
80 84
85 81
85 82
85 83
85 84
86 87
86 88
86 89
86 90
86 91
86 92
93 87
93 88
93 89
93 90
93 91
93 92
94 95
94 96
97 95
97 96
98 99
98 100
101 99
101 100
102 103
102 104
102 105
102 106
107 103
107 104
107 105
107 106
108 109
108 110
111 109
111 110
112 113
112 114
112 115
112 116
117 113
117 114
117 115
117 116
118 113
118 114
118 115
118 116
119 113
119 114
119 115
119 116
120 121
120 122
123 121
123 122
124 125
124 126
127 125
127 126
128 129
128 130
131 129
131 130
132 133
132 134
135 133
135 134
136 133
136 134
137 133
137 134
138 133
138 134
139 133
139 134
140 141
140 142
143 141
143 142
144 145
144 146
147 145
147 146
148 149
148 150
151 149
151 150
152 153
152 154
152 155
152 156
157 153
157 154
157 155
157 156
158 159
158 160
161 159
161 160
162 159
162 160
163 159
163 160
164 165
164 166
167 165
167 166
168 169
168 170
171 169
171 170
172 173
172 174
175 173
175 174
176 177
176 178
179 177
179 178
180 181
180 182
183 181
183 182
184 185
184 186
187 185
187 186
188 189
188 190
191 189
191 190
192 193
192 194
195 193
195 194
196 193
196 194
197 193
197 194
198 199
198 200
201 199
201 200
202 203
202 204
205 203
205 204
206 207
206 208
209 207
209 208
210 211
210 212
210 213
210 214
215 211
215 212
215 213
215 214
216 211
216 212
216 213
216 214
217 211
217 212
217 213
217 214
218 219
218 220
221 219
221 220
222 223
222 224
222 225
222 226
227 223
227 224
227 225
227 226
228 229
228 230
231 229
231 230
232 233
232 234
235 233
235 234
236 237
238 237
239 240
239 241
242 240
242 241
243 244
243 245
246 244
246 245
247 244
247 245
248 244
248 245
249 244
249 245
250 244
250 245
251 252
251 253
254 252
254 253
255 256
255 257
258 256
258 257
259 260
259 261
262 260
262 261
263 264
263 265
266 264
266 265
267 268
267 269
270 268
270 269
271 272
271 273
271 274
271 275
271 276
271 277
278 272
278 273
278 274
278 275
278 276
278 277
279 280
279 281
282 280
282 281
283 284
283 285
286 284
286 285
287 288
287 289
290 288
290 289
291 292
291 293
291 294
291 295
296 292
296 293
296 294
296 295
297 292
297 293
297 294
297 295
298 292
298 293
298 294
298 295
299 300
299 301
302 300
302 301
303 304
305 304
306 307
306 308
309 307
309 308
310 311
310 312
313 311
313 312
314 315
314 316
317 315
317 316
318 319
318 320
321 319
321 320
322 323
322 324
325 323
325 324
326 327
326 328
329 327
329 328
330 331
330 332
333 331
333 332
334 335
334 336
334 337
334 338
339 335
339 336
339 337
339 338
340 341
340 342
343 341
343 342
344 345
344 346
347 345
347 346
348 349
348 350
351 352
351 353
351 354
351 355
356 352
356 353
356 354
356 355
357 352
357 353
357 354
357 355
358 352
358 353
358 354
358 355
359 360
359 361
362 360
362 361
363 364
363 365
366 364
366 365
367 368
367 369
370 368
370 369
371 372
371 373
374 372
374 373
375 376
377 376
378 379
378 380
381 379
381 380
382 383
382 384
385 383
385 384
386 387
386 388
386 389
386 390
391 387
391 388
391 389
391 390
392 393
392 394
395 393
395 394
396 397
396 398
396 399
396 400
401 397
401 398
401 399
401 400
402 397
402 398
402 399
402 400
403 397
403 398
403 399
403 400
404 405
404 406
407 405
407 406
408 409
408 410
411 409
411 410
412 413
412 414
412 415
412 416
417 413
417 414
417 415
417 416
418 413
418 414
418 415
418 416
419 413
419 414
419 415
419 416
420 421
420 422
423 421
423 422
424 425
424 426
427 425
427 426
428 425
428 426
429 425
429 426
430 431
430 432
433 431
433 432
434 435
434 436
437 435
437 436
438 439
438 440
441 442
441 443
444 442
444 443
445 446
445 447
448 446
448 447
449 450
449 451
452 450
452 451
453 454
453 455
456 454
456 455
457 458
457 459
457 460
457 461
462 458
462 459
462 460
462 461
463 458
463 459
463 460
463 461
464 458
464 459
464 460
464 461
465 466
467 466
468 469
468 470
471 469
471 470
472 473
472 474
475 473
475 474
476 477
476 478
479 477
479 478
480 477
480 478
481 477
481 478
482 483
482 484
485 483
485 484
486 487
486 488
489 487
489 488
490 491
490 492
493 491
493 492
494 495
494 496
497 495
497 496
498 499
498 500
501 499
501 500
502 503
502 504
505 503
505 504
506 507
506 508
509 507
509 508
510 511
510 512
513 514
513 515
516 514
516 515
517 518
517 519
517 520
517 521
522 518
522 519
522 520
522 521
523 518
523 519
523 520
523 521
524 518
524 519
524 520
524 521
525 526
525 527
528 526
528 527
529 530
529 531
532 530
532 531
533 534
533 535
536 534
536 535
537 538
537 539
540 538
540 539
541 538
541 539
542 538
542 539
543 538
543 539
544 538
544 539
545 546
545 547
548 546
548 547
549 550
549 551
552 550
552 551
553 554
553 555
556 554
556 555
557 558
557 559
560 558
560 559
561 562
561 563
564 562
564 563
565 566
565 567
565 568
565 569
565 570
565 571
572 566
572 567
572 568
572 569
572 570
572 571
573 574
573 575
576 574
576 575
577 578
577 579
580 581
580 582
583 581
583 582
584 585
584 586
587 585
587 586
588 589
588 590
591 589
591 590
592 589
592 590
593 589
593 590
594 595
594 596
597 595
597 596
598 599
598 600
598 601
598 602
603 599
603 600
603 601
603 602
604 599
604 600
604 601
604 602
605 599
605 600
605 601
605 602
606 607
606 608
609 607
609 608
610 611
610 612
613 611
613 612
614 615
614 616
617 615
617 616
618 619
618 620
618 621
618 622
623 619
623 620
623 621
623 622
624 625
624 626
627 625
627 626
628 629
628 630
631 629
631 630
632 633
632 634
635 633
635 634
636 637
636 638
639 637
639 638
640 641
640 642
643 641
643 642
644 645
644 646
647 645
647 646
648 649
648 650
651 649
651 650
652 653
652 654
652 655
652 656
657 653
657 654
657 655
657 656
658 659
658 660
661 659
661 660
662 659
662 660
663 659
663 660
664 665
664 666
667 665
667 666
668 669
668 670
671 669
671 670
672 673
672 674
675 673
675 674
676 677
676 678
676 679
676 680
676 681
676 682
683 677
683 678
683 679
683 680
683 681
683 682
684 685
684 686
687 685
687 686
688 689
688 690
691 689
691 690
692 693
692 694
695 693
695 694
696 697
696 698
696 699
696 700
701 697
701 698
701 699
701 700
702 697
702 698
702 699
702 700
703 697
703 698
703 699
703 700
704 705
704 706
707 705
707 706
708 709
708 710
711 709
711 710
712 709
712 710
713 709
713 710
714 715
714 716
717 715
717 716
718 719
718 720
721 719
721 720
722 723
722 724
725 723
725 724
726 723
726 724
727 723
727 724
728 723
728 724
729 723
729 724
730 731
730 732
733 731
733 732
734 731
734 732
735 731
735 732
736 737
736 738
739 737
739 738
740 741
740 742
743 741
743 742
744 745
744 746
747 745
747 746
748 749
748 750
751 749
751 750
752 749
752 750
753 749
753 750
754 749
754 750
755 749
755 750
756 757
756 758
759 757
759 758
760 761
760 762
763 761
763 762
764 765
764 766
767 765
767 766
768 769
768 770
771 769
771 770
772 773
772 774
775 773
775 774
776 777
776 778
779 777
779 778
780 781
780 782
780 783
780 784
785 781
785 782
785 783
785 784
786 781
786 782
786 783
786 784
787 781
787 782
787 783
787 784
788 789
788 790
788 791
788 792
788 793
788 794
795 789
795 790
795 791
795 792
795 793
795 794
796 797
796 798
799 800
799 801
802 800
802 801
803 804
805 804
806 807
806 808
806 809
806 810
811 807
811 808
811 809
811 810
812 813
812 814
815 813
815 814
0 0 11 43 9 1
1 0 12 43 9 1
2 0 13 43 9 1
3 0 14 43 9 1
4 0 15 43 9 1
5 0 16 43 9 1
6 0 17 43 9 1
7 0 18 43 9 1
8 0 19 43 9 1
9 0 20 43 9 1
10 1 11 43 9 1
11 1 12 43 9 1
12 1 13 43 9 1
13 1 14 43 9 1
14 1 15 43 9 1
15 1 16 43 9 1
16 1 17 43 9 1
17 1 18 43 9 1
18 1 19 43 9 1
19 1 20 43 9 1
20 2 11 43 9 1
21 2 12 43 9 1
22 2 13 43 9 1
23 2 14 43 9 1
24 2 15 43 9 1
25 2 16 43 9 1
26 2 17 43 9 1
27 2 18 43 9 1
28 2 19 43 9 1
29 2 20 43 9 1
30 3 11 43 9 1
31 3 12 43 9 1
32 3 13 43 9 1
33 3 14 43 9 1
34 3 15 43 9 1
35 3 16 43 9 1
36 3 17 43 9 1
37 3 18 43 9 1
38 3 19 43 9 1
39 3 20 43 9 1
40 4 11 43 9 1
41 4 12 43 9 1
42 4 13 43 9 1
43 4 14 43 9 1
44 4 15 43 9 1
45 4 16 43 9 1
46 4 17 43 9 1
47 4 18 43 9 1
48 4 19 43 9 1
49 4 20 43 9 1
50 5 11 43 9 1
51 5 12 43 9 1
52 5 13 43 9 1
53 5 14 43 9 1
54 5 15 43 9 1
55 5 16 43 9 1
56 5 17 43 9 1
57 5 18 43 9 1
58 5 19 43 9 1
59 5 20 43 9 1
60 6 11 43 9 1
61 6 12 43 9 1
62 6 13 43 9 1
63 6 14 43 9 1
64 6 15 43 9 1
65 6 16 43 9 1
66 6 17 43 9 1
67 6 18 43 9 1
68 6 19 43 9 1
69 6 20 43 9 1
70 7 11 43 9 1
71 7 12 43 9 1
72 7 13 43 9 1
73 7 14 43 9 1
74 7 15 43 9 1
75 7 16 43 9 1
76 7 17 43 9 1
77 7 18 43 9 1
78 7 19 43 9 1
79 7 20 43 9 1
80 8 11 43 9 1
81 8 12 43 9 1
82 8 13 43 9 1
83 8 14 43 9 1
84 8 15 43 9 1
85 8 16 43 9 1
86 8 17 43 9 1
87 8 18 43 9 1
88 8 19 43 9 1
89 8 20 43 9 1
90 9 11 43 9 1
91 9 12 43 9 1
92 9 13 43 9 1
93 9 14 43 9 1
94 9 15 43 9 1
95 9 16 43 9 1
96 9 17 43 9 1
97 9 18 43 9 1
98 9 19 43 9 1
99 9 20 43 9 1
100 10 11 43 9 1
101 10 12 43 9 1
102 10 13 43 9 1
103 10 14 43 9 1
104 10 15 43 9 1
105 10 16 43 9 1
106 10 17 43 9 1
107 10 18 43 9 1
108 10 19 43 9 1
109 10 20 43 9 1
110 11 11 43 9 1
111 11 12 43 9 1
112 11 13 43 9 1
113 11 14 43 9 1
114 11 15 43 9 1
115 11 16 43 9 1
116 11 17 43 9 1
117 11 18 43 9 1
118 11 19 43 9 1
119 11 20 43 9 1
120 12 11 43 9 1
121 12 12 43 9 1
122 12 13 43 9 1
123 12 14 43 9 1
124 12 15 43 9 1
125 12 16 43 9 1
126 12 17 43 9 1
127 12 18 43 9 1
128 12 19 43 9 1
129 12 20 43 9 1
130 13 11 43 9 1
131 13 12 43 9 1
132 13 13 43 9 1
133 13 14 43 9 1
134 13 15 43 9 1
135 13 16 43 9 1
136 13 17 43 9 1
137 13 18 43 9 1
138 13 19 43 9 1
139 13 20 43 9 1
140 14 11 43 9 1
141 14 12 43 9 1
142 14 13 43 9 1
143 14 14 43 9 1
144 14 15 43 9 1
145 14 16 43 9 1
146 14 17 43 9 1
147 14 18 43 9 1
148 14 19 43 9 1
149 14 20 43 9 1
150 15 11 43 9 1
151 15 12 43 9 1
152 15 13 43 9 1
153 15 14 43 9 1
154 15 15 43 9 1
155 15 16 43 9 1
156 15 17 43 9 1
157 15 18 43 9 1
158 15 19 43 9 1
159 15 20 43 9 1
160 16 11 43 9 1
161 16 12 43 9 1
162 16 13 43 9 1
163 16 14 43 9 1
164 16 15 43 9 1
165 16 16 43 9 1
166 16 17 43 9 1
167 16 18 43 9 1
168 16 19 43 9 1
169 16 20 43 9 1
170 17 11 43 9 1
171 17 12 43 9 1
172 17 13 43 9 1
173 17 14 43 9 1
174 17 15 43 9 1
175 17 16 43 9 1
176 17 17 43 9 1
177 17 18 43 9 1
178 17 19 43 9 1
179 17 20 43 9 1
180 18 11 43 9 1
181 18 12 43 9 1
182 18 13 43 9 1
183 18 14 43 9 1
184 18 15 43 9 1
185 18 16 43 9 1
186 18 17 43 9 1
187 18 18 43 9 1
188 18 19 43 9 1
189 18 20 43 9 1
190 19 11 43 9 1
191 19 12 43 9 1
192 19 13 43 9 1
193 19 14 43 9 1
194 19 15 43 9 1
195 19 16 43 9 1
196 19 17 43 9 1
197 19 18 43 9 1
198 19 19 43 9 1
199 19 20 43 9 1
200 20 11 43 9 1
201 20 12 43 9 1
202 20 15 43 9 1
203 20 16 43 9 1
204 20 17 43 9 1
205 20 18 43 9 1
206 21 11 43 9 1
207 21 12 43 9 1
208 21 15 43 9 1
209 21 16 43 9 1
210 21 17 43 9 1
211 21 18 43 9 1
212 22 13 43 9 1
213 22 14 43 9 1
214 22 15 43 9 1
215 22 16 43 9 1
216 22 19 43 9 1
217 22 20 43 9 1
218 23 13 43 9 1
219 23 14 43 9 1
220 23 15 43 9 1
221 23 16 43 9 1
222 23 19 43 9 1
223 23 20 43 9 1
224 24 13 43 9 1
225 24 14 43 9 1
226 24 15 43 9 1
227 24 16 43 9 1
228 24 19 43 9 1
229 24 20 43 9 1
230 25 13 43 9 1
231 25 14 43 9 1
232 25 15 43 9 1
233 25 16 43 9 1
234 25 19 43 9 1
235 25 20 43 9 1
236 26 11 43 9 1
237 26 12 43 9 1
238 26 15 43 9 1
239 26 16 43 9 1
240 26 17 43 9 1
241 26 18 43 9 1
242 27 11 43 9 1
243 27 12 43 9 1
244 27 15 43 9 1
245 27 16 43 9 1
246 27 17 43 9 1
247 27 18 43 9 1
248 28 13 43 9 1
249 28 14 43 9 1
250 28 15 43 9 1
251 28 16 43 9 1
252 28 17 43 9 1
253 28 18 43 9 1
254 28 19 43 9 1
255 28 20 43 9 1
256 29 13 43 9 1
257 29 14 43 9 1
258 29 15 43 9 1
259 29 16 43 9 1
260 29 17 43 9 1
261 29 18 43 9 1
262 29 19 43 9 1
263 29 20 43 9 1
264 30 11 43 9 1
265 30 12 43 9 1
266 30 13 43 9 1
267 30 14 43 9 1
268 30 15 43 9 1
269 30 16 43 9 1
270 30 17 43 9 1
271 30 18 43 9 1
272 31 11 43 9 1
273 31 12 43 9 1
274 31 13 43 9 1
275 31 14 43 9 1
276 31 15 43 9 1
277 31 16 43 9 1
278 31 17 43 9 1
279 31 18 43 9 1
280 32 11 43 9 1
281 32 12 43 9 1
282 32 13 43 9 1
283 32 14 43 9 1
284 32 15 43 9 1
285 32 16 43 9 1
286 32 17 43 9 1
287 32 18 43 9 1
288 32 19 43 9 1
289 32 20 43 9 1
290 33 11 43 9 1
291 33 12 43 9 1
292 33 13 43 9 1
293 33 14 43 9 1
294 33 15 43 9 1
295 33 16 43 9 1
296 33 17 43 9 1
297 33 18 43 9 1
298 33 19 43 9 1
299 33 20 43 9 1
300 34 11 43 9 1
301 34 12 43 9 1
302 34 13 43 9 1
303 34 14 43 9 1
304 34 15 43 9 1
305 34 16 43 9 1
306 34 17 43 9 1
307 34 18 43 9 1
308 34 19 43 9 1
309 34 20 43 9 1
310 35 11 43 9 1
311 35 12 43 9 1
312 35 13 43 9 1
313 35 14 43 9 1
314 35 15 43 9 1
315 35 16 43 9 1
316 35 17 43 9 1
317 35 18 43 9 1
318 35 19 43 9 1
319 35 20 43 9 1
320 36 11 43 9 1
321 36 12 43 9 1
322 36 13 43 9 1
323 36 14 43 9 1
324 36 15 43 9 1
325 36 16 43 9 1
326 36 17 43 9 1
327 36 18 43 9 1
328 36 19 43 9 1
329 36 20 43 9 1
330 37 11 43 9 1
331 37 12 43 9 1
332 37 13 43 9 1
333 37 14 43 9 1
334 37 15 43 9 1
335 37 16 43 9 1
336 37 17 43 9 1
337 37 18 43 9 1
338 37 19 43 9 1
339 37 20 43 9 1
340 38 11 43 9 1
341 38 12 43 9 1
342 38 13 43 9 1
343 38 14 43 9 1
344 38 15 43 9 1
345 38 16 43 9 1
346 38 17 43 9 1
347 38 18 43 9 1
348 38 19 43 9 1
349 38 20 43 9 1
350 39 11 43 9 1
351 39 12 43 9 1
352 39 13 43 9 1
353 39 14 43 9 1
354 39 15 43 9 1
355 39 16 43 9 1
356 39 17 43 9 1
357 39 18 43 9 1
358 39 19 43 9 1
359 39 20 43 9 1
360 40 11 43 9 1
361 40 12 43 9 1
362 40 13 43 9 1
363 40 14 43 9 1
364 40 15 43 9 1
365 40 16 43 9 1
366 40 17 43 9 1
367 40 18 43 9 1
368 40 19 43 9 1
369 40 20 43 9 1
370 41 11 43 9 1
371 41 12 43 9 1
372 41 13 43 9 1
373 41 14 43 9 1
374 41 15 43 9 1
375 41 16 43 9 1
376 41 17 43 9 1
377 41 18 43 9 1
378 41 19 43 9 1
379 41 20 43 9 1
380 42 11 43 9 1
381 42 12 43 9 1
382 42 13 43 9 1
383 42 14 43 9 1
384 42 15 43 9 1
385 42 16 43 9 1
386 42 17 43 9 1
387 42 18 43 9 1
388 42 19 43 9 1
389 42 20 43 9 1
390 43 11 43 9 1
391 43 12 43 9 1
392 43 13 43 9 1
393 43 14 43 9 1
394 43 15 43 9 1
395 43 16 43 9 1
396 43 17 43 9 1
397 43 18 43 9 1
398 43 19 43 9 1
399 43 20 43 9 1
400 44 11 43 9 1
401 44 12 43 9 1
402 44 13 43 9 1
403 44 14 43 9 1
404 44 15 43 9 1
405 44 16 43 9 1
406 44 17 43 9 1
407 44 18 43 9 1
408 44 19 43 9 1
409 44 20 43 9 1
410 45 11 43 9 1
411 45 12 43 9 1
412 45 13 43 9 1
413 45 14 43 9 1
414 45 15 43 9 1
415 45 16 43 9 1
416 45 17 43 9 1
417 45 18 43 9 1
418 45 19 43 9 1
419 45 20 43 9 1
420 46 11 43 9 1
421 46 12 43 9 1
422 46 13 43 9 1
423 46 14 43 9 1
424 46 15 43 9 1
425 46 16 43 9 1
426 46 17 43 9 1
427 46 18 43 9 1
428 46 19 43 9 1
429 46 20 43 9 1
430 47 11 43 9 1
431 47 12 43 9 1
432 47 13 43 9 1
433 47 14 43 9 1
434 47 15 43 9 1
435 47 16 43 9 1
436 47 17 43 9 1
437 47 18 43 9 1
438 47 19 43 9 1
439 47 20 43 9 1
440 48 11 43 9 1
441 48 12 43 9 1
442 48 13 43 9 1
443 48 14 43 9 1
444 48 15 43 9 1
445 48 16 43 9 1
446 48 19 43 9 1
447 48 20 43 9 1
448 49 11 43 9 1
449 49 12 43 9 1
450 49 13 43 9 1
451 49 14 43 9 1
452 49 15 43 9 1
453 49 16 43 9 1
454 49 19 43 9 1
455 49 20 43 9 1
456 50 11 43 9 1
457 50 12 43 9 1
458 50 15 43 9 1
459 50 16 43 9 1
460 50 17 43 9 1
461 50 18 43 9 1
462 50 19 43 9 1
463 50 20 43 9 1
464 51 11 43 9 1
465 51 12 43 9 1
466 51 15 43 9 1
467 51 16 43 9 1
468 51 17 43 9 1
469 51 18 43 9 1
470 51 19 43 9 1
471 51 20 43 9 1
472 52 11 43 9 1
473 52 12 43 9 1
474 52 13 43 9 1
475 52 14 43 9 1
476 52 15 43 9 1
477 52 16 43 9 1
478 52 17 43 9 1
479 52 18 43 9 1
480 52 19 43 9 1
481 52 20 43 9 1
482 53 11 43 9 1
483 53 12 43 9 1
484 53 13 43 9 1
485 53 14 43 9 1
486 53 15 43 9 1
487 53 16 43 9 1
488 53 17 43 9 1
489 53 18 43 9 1
490 53 19 43 9 1
491 53 20 43 9 1
492 54 11 43 9 1
493 54 12 43 9 1
494 54 13 43 9 1
495 54 14 43 9 1
496 54 15 43 9 1
497 54 16 43 9 1
498 54 17 43 9 1
499 54 18 43 9 1
500 54 19 43 9 1
501 54 20 43 9 1
502 55 11 43 9 1
503 55 12 43 9 1
504 55 13 43 9 1
505 55 14 43 9 1
506 55 15 43 9 1
507 55 16 43 9 1
508 55 17 43 9 1
509 55 18 43 9 1
510 55 19 43 9 1
511 55 20 43 9 1
512 56 11 43 9 1
513 56 12 43 9 1
514 56 13 43 9 1
515 56 14 43 9 1
516 56 15 43 9 1
517 56 16 43 9 1
518 56 17 43 9 1
519 56 18 43 9 1
520 56 19 43 9 1
521 56 20 43 9 1
522 57 11 43 9 1
523 57 12 43 9 1
524 57 13 43 9 1
525 57 14 43 9 1
526 57 15 43 9 1
527 57 16 43 9 1
528 57 17 43 9 1
529 57 18 43 9 1
530 57 19 43 9 1
531 57 20 43 9 1
532 58 11 43 9 1
533 58 12 43 9 1
534 58 13 43 9 1
535 58 14 43 9 1
536 58 15 43 9 1
537 58 16 43 9 1
538 58 17 43 9 1
539 58 18 43 9 1
540 58 19 43 9 1
541 58 20 43 9 1
542 59 11 43 9 1
543 59 12 43 9 1
544 59 13 43 9 1
545 59 14 43 9 1
546 59 15 43 9 1
547 59 16 43 9 1
548 59 17 43 9 1
549 59 18 43 9 1
550 59 19 43 9 1
551 59 20 43 9 1
552 60 11 43 9 1
553 60 12 43 9 1
554 60 13 43 9 1
555 60 14 43 9 1
556 60 15 43 9 1
557 60 16 43 9 1
558 60 17 43 9 1
559 60 18 43 9 1
560 60 19 43 9 1
561 60 20 43 9 1
562 61 11 43 9 1
563 61 12 43 9 1
564 61 13 43 9 1
565 61 14 43 9 1
566 61 15 43 9 1
567 61 16 43 9 1
568 61 17 43 9 1
569 61 18 43 9 1
570 61 19 43 9 1
571 61 20 43 9 1
572 62 11 43 9 1
573 62 12 43 9 1
574 62 13 43 9 1
575 62 14 43 9 1
576 62 15 43 9 1
577 62 16 43 9 1
578 62 17 43 9 1
579 62 18 43 9 1
580 62 19 43 9 1
581 62 20 43 9 1
582 63 11 43 9 1
583 63 12 43 9 1
584 63 13 43 9 1
585 63 14 43 9 1
586 63 15 43 9 1
587 63 16 43 9 1
588 63 17 43 9 1
589 63 18 43 9 1
590 63 19 43 9 1
591 63 20 43 9 1
592 64 11 43 9 1
593 64 12 43 9 1
594 64 13 43 9 1
595 64 14 43 9 1
596 64 15 43 9 1
597 64 16 43 9 1
598 64 17 43 9 1
599 64 18 43 9 1
600 64 19 43 9 1
601 64 20 43 9 1
602 65 11 43 9 1
603 65 12 43 9 1
604 65 13 43 9 1
605 65 14 43 9 1
606 65 15 43 9 1
607 65 16 43 9 1
608 65 17 43 9 1
609 65 18 43 9 1
610 65 19 43 9 1
611 65 20 43 9 1
612 66 11 43 9 1
613 66 12 43 9 1
614 66 13 43 9 1
615 66 14 43 9 1
616 66 15 43 9 1
617 66 16 43 9 1
618 66 17 43 9 1
619 66 18 43 9 1
620 66 19 43 9 1
621 66 20 43 9 1
622 67 11 43 9 1
623 67 12 43 9 1
624 67 13 43 9 1
625 67 14 43 9 1
626 67 15 43 9 1
627 67 16 43 9 1
628 67 17 43 9 1
629 67 18 43 9 1
630 67 19 43 9 1
631 67 20 43 9 1
632 68 11 43 9 1
633 68 12 43 9 1
634 68 13 43 9 1
635 68 14 43 9 1
636 68 15 43 9 1
637 68 16 43 9 1
638 68 17 43 9 1
639 68 18 43 9 1
640 68 19 43 9 1
641 68 20 43 9 1
642 69 11 43 9 1
643 69 12 43 9 1
644 69 13 43 9 1
645 69 14 43 9 1
646 69 15 43 9 1
647 69 16 43 9 1
648 69 17 43 9 1
649 69 18 43 9 1
650 69 19 43 9 1
651 69 20 43 9 1
652 70 11 43 9 1
653 70 12 43 9 1
654 70 13 43 9 1
655 70 14 43 9 1
656 70 15 43 9 1
657 70 16 43 9 1
658 70 17 43 9 1
659 70 18 43 9 1
660 70 19 43 9 1
661 70 20 43 9 1
662 71 11 43 9 1
663 71 12 43 9 1
664 71 13 43 9 1
665 71 14 43 9 1
666 71 15 43 9 1
667 71 16 43 9 1
668 71 17 43 9 1
669 71 18 43 9 1
670 71 19 43 9 1
671 71 20 43 9 1
672 72 11 43 9 1
673 72 12 43 9 1
674 72 13 43 9 1
675 72 14 43 9 1
676 72 15 43 9 1
677 72 16 43 9 1
678 72 17 43 9 1
679 72 18 43 9 1
680 72 19 43 9 1
681 72 20 43 9 1
682 73 11 43 9 1
683 73 12 43 9 1
684 73 13 43 9 1
685 73 14 43 9 1
686 73 15 43 9 1
687 73 16 43 9 1
688 73 17 43 9 1
689 73 18 43 9 1
690 73 19 43 9 1
691 73 20 43 9 1
692 74 11 43 9 1
693 74 12 43 9 1
694 74 13 43 9 1
695 74 14 43 9 1
696 74 15 43 9 1
697 74 16 43 9 1
698 74 17 43 9 1
699 74 18 43 9 1
700 74 19 43 9 1
701 74 20 43 9 1
702 75 11 43 9 1
703 75 12 43 9 1
704 75 13 43 9 1
705 75 14 43 9 1
706 75 15 43 9 1
707 75 16 43 9 1
708 75 17 43 9 1
709 75 18 43 9 1
710 75 19 43 9 1
711 75 20 43 9 1
712 76 11 43 9 1
713 76 12 43 9 1
714 76 13 43 9 1
715 76 14 43 9 1
716 76 15 43 9 1
717 76 16 43 9 1
718 76 17 43 9 1
719 76 18 43 9 1
720 76 19 43 9 1
721 76 20 43 9 1
722 77 11 43 9 1
723 77 12 43 9 1
724 77 13 43 9 1
725 77 14 43 9 1
726 77 15 43 9 1
727 77 16 43 9 1
728 77 17 43 9 1
729 77 18 43 9 1
730 77 19 43 9 1
731 77 20 43 9 1
732 78 11 43 9 1
733 78 12 43 9 1
734 78 13 43 9 1
735 78 14 43 9 1
736 78 15 43 9 1
737 78 16 43 9 1
738 78 17 43 9 1
739 78 18 43 9 1
740 78 19 43 9 1
741 78 20 43 9 1
742 79 11 43 9 1
743 79 12 43 9 1
744 79 13 43 9 1
745 79 14 43 9 1
746 79 15 43 9 1
747 79 16 43 9 1
748 79 17 43 9 1
749 79 18 43 9 1
750 79 19 43 9 1
751 79 20 43 9 1
752 80 11 43 9 1
753 80 12 43 9 1
754 80 13 43 9 1
755 80 14 43 9 1
756 80 15 43 9 1
757 80 16 43 9 1
758 80 17 43 9 1
759 80 18 43 9 1
760 80 19 43 9 1
761 80 20 43 9 1
762 81 11 43 9 1
763 81 12 43 9 1
764 81 13 43 9 1
765 81 14 43 9 1
766 81 15 43 9 1
767 81 16 43 9 1
768 81 17 43 9 1
769 81 18 43 9 1
770 81 19 43 9 1
771 81 20 43 9 1
772 82 11 43 9 1
773 82 12 43 9 1
774 82 13 43 9 1
775 82 14 43 9 1
776 82 15 43 9 1
777 82 16 43 9 1
778 82 17 43 9 1
779 82 18 43 9 1
780 82 19 43 9 1
781 82 20 43 9 1
782 83 11 43 9 1
783 83 12 43 9 1
784 83 13 43 9 1
785 83 14 43 9 1
786 83 15 43 9 1
787 83 16 43 9 1
788 83 17 43 9 1
789 83 18 43 9 1
790 83 19 43 9 1
791 83 20 43 9 1
792 84 11 43 9 1
793 84 12 43 9 1
794 84 13 43 9 1
795 84 14 43 9 1
796 84 15 43 9 1
797 84 16 43 9 1
798 84 17 43 9 1
799 84 18 43 9 1
800 84 19 43 9 1
801 84 20 43 9 1
802 85 11 43 9 1
803 85 12 43 9 1
804 85 13 43 9 1
805 85 14 43 9 1
806 85 15 43 9 1
807 85 16 43 9 1
808 85 17 43 9 1
809 85 18 43 9 1
810 85 19 43 9 1
811 85 20 43 9 1
812 86 11 43 9 1
813 86 12 43 9 1
814 86 13 43 9 1
815 86 14 43 9 1
816 86 15 43 9 1
817 86 16 43 9 1
818 86 17 43 9 1
819 86 18 43 9 1
820 86 19 43 9 1
821 86 20 43 9 1
822 87 11 43 9 1
823 87 12 43 9 1
824 87 13 43 9 1
825 87 14 43 9 1
826 87 15 43 9 1
827 87 16 43 9 1
828 87 17 43 9 1
829 87 18 43 9 1
830 87 19 43 9 1
831 87 20 43 9 1
832 88 11 43 9 1
833 88 12 43 9 1
834 88 13 43 9 1
835 88 14 43 9 1
836 88 15 43 9 1
837 88 16 43 9 1
838 89 11 43 9 1
839 89 12 43 9 1
840 89 13 43 9 1
841 89 14 43 9 1
842 89 15 43 9 1
843 89 16 43 9 1
844 90 15 43 9 1
845 90 16 43 9 1
846 90 17 43 9 1
847 90 18 43 9 1
848 90 19 43 9 1
849 90 20 43 9 1
850 91 15 43 9 1
851 91 16 43 9 1
852 91 17 43 9 1
853 91 18 43 9 1
854 91 19 43 9 1
855 91 20 43 9 1
856 92 11 43 9 1
857 92 12 43 9 1
858 92 13 43 9 1
859 92 14 43 9 1
860 92 15 43 9 1
861 92 16 43 9 1
862 92 17 43 9 1
863 92 18 43 9 1
864 92 19 43 9 1
865 92 20 43 9 1
866 93 11 43 9 1
867 93 12 43 9 1
868 93 13 43 9 1
869 93 14 43 9 1
870 93 15 43 9 1
871 93 16 43 9 1
872 93 17 43 9 1
873 93 18 43 9 1
874 93 19 43 9 1
875 93 20 43 9 1
876 94 11 43 9 1
877 94 12 43 9 1
878 94 13 43 9 1
879 94 14 43 9 1
880 94 15 43 9 1
881 94 16 43 9 1
882 94 17 43 9 1
883 94 18 43 9 1
884 94 19 43 9 1
885 94 20 43 9 1
886 95 11 43 9 1
887 95 12 43 9 1
888 95 13 43 9 1
889 95 14 43 9 1
890 95 15 43 9 1
891 95 16 43 9 1
892 95 17 43 9 1
893 95 18 43 9 1
894 95 19 43 9 1
895 95 20 43 9 1
896 96 11 43 9 1
897 96 12 43 9 1
898 96 13 43 9 1
899 96 14 43 9 1
900 96 15 43 9 1
901 96 16 43 9 1
902 96 17 43 9 1
903 96 18 43 9 1
904 96 19 43 9 1
905 96 20 43 9 1
906 97 11 43 9 1
907 97 12 43 9 1
908 97 13 43 9 1
909 97 14 43 9 1
910 97 15 43 9 1
911 97 16 43 9 1
912 97 17 43 9 1
913 97 18 43 9 1
914 97 19 43 9 1
915 97 20 43 9 1
916 98 11 43 9 1
917 98 12 43 9 1
918 98 13 43 9 1
919 98 14 43 9 1
920 98 15 43 9 1
921 98 16 43 9 1
922 98 17 43 9 1
923 98 18 43 9 1
924 98 19 43 9 1
925 98 20 43 9 1
926 99 11 43 9 1
927 99 12 43 9 1
928 99 13 43 9 1
929 99 14 43 9 1
930 99 15 43 9 1
931 99 16 43 9 1
932 99 17 43 9 1
933 99 18 43 9 1
934 99 19 43 9 1
935 99 20 43 9 1
936 100 11 43 9 1
937 100 12 43 9 1
938 100 13 43 9 1
939 100 14 43 9 1
940 100 15 43 9 1
941 100 16 43 9 1
942 100 17 43 9 1
943 100 18 43 9 1
944 100 19 43 9 1
945 100 20 43 9 1
946 101 11 43 9 1
947 101 12 43 9 1
948 101 13 43 9 1
949 101 14 43 9 1
950 101 15 43 9 1
951 101 16 43 9 1
952 101 17 43 9 1
953 101 18 43 9 1
954 101 19 43 9 1
955 101 20 43 9 1
956 102 11 43 9 1
957 102 12 43 9 1
958 102 13 43 9 1
959 102 14 43 9 1
960 102 15 43 9 1
961 102 16 43 9 1
962 102 17 43 9 1
963 102 18 43 9 1
964 102 19 43 9 1
965 102 20 43 9 1
966 103 11 43 9 1
967 103 12 43 9 1
968 103 13 43 9 1
969 103 14 43 9 1
970 103 15 43 9 1
971 103 16 43 9 1
972 103 17 43 9 1
973 103 18 43 9 1
974 103 19 43 9 1
975 103 20 43 9 1
976 104 11 43 9 1
977 104 12 43 9 1
978 104 13 43 9 1
979 104 14 43 9 1
980 104 15 43 9 1
981 104 16 43 9 1
982 104 17 43 9 1
983 104 18 43 9 1
984 104 19 43 9 1
985 104 20 43 9 1
986 105 11 43 9 1
987 105 12 43 9 1
988 105 13 43 9 1
989 105 14 43 9 1
990 105 15 43 9 1
991 105 16 43 9 1
992 105 17 43 9 1
993 105 18 43 9 1
994 105 19 43 9 1
995 105 20 43 9 1
996 106 11 43 9 1
997 106 12 43 9 1
998 106 13 43 9 1
999 106 14 43 9 1
1000 106 15 43 9 1
1001 106 16 43 9 1
1002 106 17 43 9 1
1003 106 18 43 9 1
1004 106 19 43 9 1
1005 106 20 43 9 1
1006 107 11 43 9 1
1007 107 12 43 9 1
1008 107 13 43 9 1
1009 107 14 43 9 1
1010 107 15 43 9 1
1011 107 16 43 9 1
1012 107 17 43 9 1
1013 107 18 43 9 1
1014 107 19 43 9 1
1015 107 20 43 9 1
1016 108 11 43 9 1
1017 108 12 43 9 1
1018 108 13 43 9 1
1019 108 14 43 9 1
1020 108 15 43 9 1
1021 108 16 43 9 1
1022 108 17 43 9 1
1023 108 18 43 9 1
1024 108 19 43 9 1
1025 108 20 43 9 1
1026 109 11 43 9 1
1027 109 12 43 9 1
1028 109 13 43 9 1
1029 109 14 43 9 1
1030 109 15 43 9 1
1031 109 16 43 9 1
1032 109 17 43 9 1
1033 109 18 43 9 1
1034 109 19 43 9 1
1035 109 20 43 9 1
1036 110 11 43 9 1
1037 110 12 43 9 1
1038 110 13 43 9 1
1039 110 14 43 9 1
1040 110 15 43 9 1
1041 110 16 43 9 1
1042 110 17 43 9 1
1043 110 18 43 9 1
1044 110 19 43 9 1
1045 110 20 43 9 1
1046 111 11 43 9 1
1047 111 12 43 9 1
1048 111 13 43 9 1
1049 111 14 43 9 1
1050 111 15 43 9 1
1051 111 16 43 9 1
1052 111 17 43 9 1
1053 111 18 43 9 1
1054 111 19 43 9 1
1055 111 20 43 9 1
1056 112 11 43 9 1
1057 112 12 43 9 1
1058 112 13 43 9 1
1059 112 14 43 9 1
1060 112 15 43 9 1
1061 112 16 43 9 1
1062 112 17 43 9 1
1063 112 18 43 9 1
1064 112 19 43 9 1
1065 112 20 43 9 1
1066 113 11 43 9 1
1067 113 12 43 9 1
1068 113 13 43 9 1
1069 113 14 43 9 1
1070 113 15 43 9 1
1071 113 16 43 9 1
1072 113 17 43 9 1
1073 113 18 43 9 1
1074 113 19 43 9 1
1075 113 20 43 9 1
1076 114 11 43 9 1
1077 114 12 43 9 1
1078 114 13 43 9 1
1079 114 14 43 9 1
1080 114 15 43 9 1
1081 114 16 43 9 1
1082 114 17 43 9 1
1083 114 18 43 9 1
1084 114 19 43 9 1
1085 114 20 43 9 1
1086 115 11 43 9 1
1087 115 12 43 9 1
1088 115 13 43 9 1
1089 115 14 43 9 1
1090 115 15 43 9 1
1091 115 16 43 9 1
1092 115 17 43 9 1
1093 115 18 43 9 1
1094 115 19 43 9 1
1095 115 20 43 9 1
1096 116 11 43 9 1
1097 116 12 43 9 1
1098 116 13 43 9 1
1099 116 14 43 9 1
1100 116 15 43 9 1
1101 116 18 43 9 1
1102 116 19 43 9 1
1103 116 20 43 9 1
1104 117 11 43 9 1
1105 117 12 43 9 1
1106 117 13 43 9 1
1107 117 14 43 9 1
1108 117 15 43 9 1
1109 117 18 43 9 1
1110 117 19 43 9 1
1111 117 20 43 9 1
1112 118 11 43 9 1
1113 118 12 43 9 1
1114 118 13 43 9 1
1115 118 16 43 9 1
1116 118 17 43 9 1
1117 118 18 43 9 1
1118 118 19 43 9 1
1119 118 20 43 9 1
1120 119 11 43 9 1
1121 119 12 43 9 1
1122 119 13 43 9 1
1123 119 16 43 9 1
1124 119 17 43 9 1
1125 119 18 43 9 1
1126 119 19 43 9 1
1127 119 20 43 9 1
1128 120 11 43 9 1
1129 120 12 43 9 1
1130 120 13 43 9 1
1131 120 14 43 9 1
1132 120 15 43 9 1
1133 120 16 43 9 1
1134 120 17 43 9 1
1135 120 18 43 9 1
1136 120 19 43 9 1
1137 120 20 43 9 1
1138 121 11 43 9 1
1139 121 12 43 9 1
1140 121 13 43 9 1
1141 121 14 43 9 1
1142 121 15 43 9 1
1143 121 16 43 9 1
1144 121 17 43 9 1
1145 121 18 43 9 1
1146 121 19 43 9 1
1147 121 20 43 9 1
1148 122 11 43 9 1
1149 122 12 43 9 1
1150 122 13 43 9 1
1151 122 14 43 9 1
1152 122 15 43 9 1
1153 122 16 43 9 1
1154 122 17 43 9 1
1155 122 18 43 9 1
1156 122 19 43 9 1
1157 122 20 43 9 1
1158 123 11 43 9 1
1159 123 12 43 9 1
1160 123 13 43 9 1
1161 123 14 43 9 1
1162 123 15 43 9 1
1163 123 16 43 9 1
1164 123 17 43 9 1
1165 123 18 43 9 1
1166 123 19 43 9 1
1167 123 20 43 9 1
1168 124 11 43 9 1
1169 124 12 43 9 1
1170 124 13 43 9 1
1171 124 16 43 9 1
1172 124 19 43 9 1
1173 124 20 43 9 1
1174 125 11 43 9 1
1175 125 12 43 9 1
1176 125 13 43 9 1
1177 125 16 43 9 1
1178 125 19 43 9 1
1179 125 20 43 9 1
1180 126 11 43 9 1
1181 126 12 43 9 1
1182 126 13 43 9 1
1183 126 16 43 9 1
1184 126 19 43 9 1
1185 126 20 43 9 1
1186 127 11 43 9 1
1187 127 12 43 9 1
1188 127 13 43 9 1
1189 127 16 43 9 1
1190 127 19 43 9 1
1191 127 20 43 9 1
1192 128 11 43 9 1
1193 128 12 43 9 1
1194 128 15 43 9 1
1195 128 18 43 9 1
1196 128 19 43 9 1
1197 128 20 43 9 1
1198 129 11 43 9 1
1199 129 12 43 9 1
1200 129 15 43 9 1
1201 129 18 43 9 1
1202 129 19 43 9 1
1203 129 20 43 9 1
1204 130 11 43 9 1
1205 130 12 43 9 1
1206 130 15 43 9 1
1207 130 18 43 9 1
1208 130 19 43 9 1
1209 130 20 43 9 1
1210 131 11 43 9 1
1211 131 12 43 9 1
1212 131 15 43 9 1
1213 131 18 43 9 1
1214 131 19 43 9 1
1215 131 20 43 9 1
1216 132 11 43 9 1
1217 132 12 43 9 1
1218 132 13 43 9 1
1219 132 14 43 9 1
1220 132 15 43 9 1
1221 132 16 43 9 1
1222 132 17 43 9 1
1223 132 18 43 9 1
1224 132 19 43 9 1
1225 132 20 43 9 1
1226 133 11 43 9 1
1227 133 12 43 9 1
1228 133 13 43 9 1
1229 133 14 43 9 1
1230 133 15 43 9 1
1231 133 16 43 9 1
1232 133 17 43 9 1
1233 133 18 43 9 1
1234 133 19 43 9 1
1235 133 20 43 9 1
1236 134 11 43 9 1
1237 134 12 43 9 1
1238 134 13 43 9 1
1239 134 14 43 9 1
1240 134 15 43 9 1
1241 134 16 43 9 1
1242 134 17 43 9 1
1243 134 18 43 9 1
1244 134 19 43 9 1
1245 134 20 43 9 1
1246 135 11 43 9 1
1247 135 12 43 9 1
1248 135 13 43 9 1
1249 135 14 43 9 1
1250 135 15 43 9 1
1251 135 16 43 9 1
1252 135 17 43 9 1
1253 135 18 43 9 1
1254 135 19 43 9 1
1255 135 20 43 9 1
1256 136 11 43 9 1
1257 136 12 43 9 1
1258 136 13 43 9 1
1259 136 14 43 9 1
1260 136 15 43 9 1
1261 136 16 43 9 1
1262 136 17 43 9 1
1263 136 18 43 9 1
1264 136 19 43 9 1
1265 136 20 43 9 1
1266 137 11 43 9 1
1267 137 12 43 9 1
1268 137 13 43 9 1
1269 137 14 43 9 1
1270 137 15 43 9 1
1271 137 16 43 9 1
1272 137 17 43 9 1
1273 137 18 43 9 1
1274 137 19 43 9 1
1275 137 20 43 9 1
1276 138 11 43 9 1
1277 138 12 43 9 1
1278 138 13 43 9 1
1279 138 14 43 9 1
1280 138 15 43 9 1
1281 138 16 43 9 1
1282 138 17 43 9 1
1283 138 18 43 9 1
1284 138 19 43 9 1
1285 138 20 43 9 1
1286 139 11 43 9 1
1287 139 12 43 9 1
1288 139 13 43 9 1
1289 139 14 43 9 1
1290 139 15 43 9 1
1291 139 16 43 9 1
1292 139 17 43 9 1
1293 139 18 43 9 1
1294 139 19 43 9 1
1295 139 20 43 9 1
1296 140 11 43 9 1
1297 140 12 43 9 1
1298 140 13 43 9 1
1299 140 14 43 9 1
1300 140 15 43 9 1
1301 140 16 43 9 1
1302 140 17 43 9 1
1303 140 18 43 9 1
1304 140 19 43 9 1
1305 140 20 43 9 1
1306 141 11 43 9 1
1307 141 12 43 9 1
1308 141 13 43 9 1
1309 141 14 43 9 1
1310 141 15 43 9 1
1311 141 16 43 9 1
1312 141 17 43 9 1
1313 141 18 43 9 1
1314 141 19 43 9 1
1315 141 20 43 9 1
1316 142 11 43 9 1
1317 142 12 43 9 1
1318 142 13 43 9 1
1319 142 14 43 9 1
1320 142 15 43 9 1
1321 142 16 43 9 1
1322 142 17 43 9 1
1323 142 18 43 9 1
1324 142 19 43 9 1
1325 142 20 43 9 1
1326 143 11 43 9 1
1327 143 12 43 9 1
1328 143 13 43 9 1
1329 143 14 43 9 1
1330 143 15 43 9 1
1331 143 16 43 9 1
1332 143 17 43 9 1
1333 143 18 43 9 1
1334 143 19 43 9 1
1335 143 20 43 9 1
1336 144 11 43 9 1
1337 144 12 43 9 1
1338 144 13 43 9 1
1339 144 14 43 9 1
1340 144 15 43 9 1
1341 144 16 43 9 1
1342 144 17 43 9 1
1343 144 18 43 9 1
1344 144 19 43 9 1
1345 144 20 43 9 1
1346 145 11 43 9 1
1347 145 12 43 9 1
1348 145 13 43 9 1
1349 145 14 43 9 1
1350 145 15 43 9 1
1351 145 16 43 9 1
1352 145 17 43 9 1
1353 145 18 43 9 1
1354 145 19 43 9 1
1355 145 20 43 9 1
1356 146 11 43 9 1
1357 146 12 43 9 1
1358 146 13 43 9 1
1359 146 14 43 9 1
1360 146 15 43 9 1
1361 146 16 43 9 1
1362 146 17 43 9 1
1363 146 18 43 9 1
1364 146 19 43 9 1
1365 146 20 43 9 1
1366 147 11 43 9 1
1367 147 12 43 9 1
1368 147 13 43 9 1
1369 147 14 43 9 1
1370 147 15 43 9 1
1371 147 16 43 9 1
1372 147 17 43 9 1
1373 147 18 43 9 1
1374 147 19 43 9 1
1375 147 20 43 9 1
1376 148 11 43 9 1
1377 148 12 43 9 1
1378 148 13 43 9 1
1379 148 14 43 9 1
1380 148 15 43 9 1
1381 148 16 43 9 1
1382 148 17 43 9 1
1383 148 18 43 9 1
1384 148 19 43 9 1
1385 148 20 43 9 1
1386 149 11 43 9 1
1387 149 12 43 9 1
1388 149 13 43 9 1
1389 149 14 43 9 1
1390 149 15 43 9 1
1391 149 16 43 9 1
1392 149 17 43 9 1
1393 149 18 43 9 1
1394 149 19 43 9 1
1395 149 20 43 9 1
1396 150 11 43 9 1
1397 150 12 43 9 1
1398 150 13 43 9 1
1399 150 14 43 9 1
1400 150 15 43 9 1
1401 150 16 43 9 1
1402 150 17 43 9 1
1403 150 18 43 9 1
1404 150 19 43 9 1
1405 150 20 43 9 1
1406 151 11 43 9 1
1407 151 12 43 9 1
1408 151 13 43 9 1
1409 151 14 43 9 1
1410 151 15 43 9 1
1411 151 16 43 9 1
1412 151 17 43 9 1
1413 151 18 43 9 1
1414 151 19 43 9 1
1415 151 20 43 9 1
1416 152 11 43 9 1
1417 152 12 43 9 1
1418 152 13 43 9 1
1419 152 14 43 9 1
1420 152 15 43 9 1
1421 152 16 43 9 1
1422 152 17 43 9 1
1423 152 18 43 9 1
1424 152 19 43 9 1
1425 152 20 43 9 1
1426 153 11 43 9 1
1427 153 12 43 9 1
1428 153 13 43 9 1
1429 153 14 43 9 1
1430 153 15 43 9 1
1431 153 16 43 9 1
1432 153 17 43 9 1
1433 153 18 43 9 1
1434 153 19 43 9 1
1435 153 20 43 9 1
1436 154 11 43 9 1
1437 154 12 43 9 1
1438 154 13 43 9 1
1439 154 14 43 9 1
1440 154 15 43 9 1
1441 154 16 43 9 1
1442 154 17 43 9 1
1443 154 18 43 9 1
1444 154 19 43 9 1
1445 154 20 43 9 1
1446 155 11 43 9 1
1447 155 12 43 9 1
1448 155 13 43 9 1
1449 155 14 43 9 1
1450 155 15 43 9 1
1451 155 16 43 9 1
1452 155 17 43 9 1
1453 155 18 43 9 1
1454 155 19 43 9 1
1455 155 20 43 9 1
1456 156 11 43 9 1
1457 156 12 43 9 1
1458 156 13 43 9 1
1459 156 16 43 9 1
1460 156 17 43 9 1
1461 156 18 43 9 1
1462 156 19 43 9 1
1463 156 20 43 9 1
1464 157 11 43 9 1
1465 157 12 43 9 1
1466 157 13 43 9 1
1467 157 16 43 9 1
1468 157 17 43 9 1
1469 157 18 43 9 1
1470 157 19 43 9 1
1471 157 20 43 9 1
1472 158 11 43 9 1
1473 158 12 43 9 1
1474 158 13 43 9 1
1475 158 14 43 9 1
1476 158 15 43 9 1
1477 158 18 43 9 1
1478 158 19 43 9 1
1479 158 20 43 9 1
1480 159 11 43 9 1
1481 159 12 43 9 1
1482 159 13 43 9 1
1483 159 14 43 9 1
1484 159 15 43 9 1
1485 159 18 43 9 1
1486 159 19 43 9 1
1487 159 20 43 9 1
1488 160 11 43 9 1
1489 160 12 43 9 1
1490 160 13 43 9 1
1491 160 14 43 9 1
1492 160 15 43 9 1
1493 160 16 43 9 1
1494 160 17 43 9 1
1495 160 18 43 9 1
1496 160 19 43 9 1
1497 160 20 43 9 1
1498 161 11 43 9 1
1499 161 12 43 9 1
1500 161 13 43 9 1
1501 161 14 43 9 1
1502 161 15 43 9 1
1503 161 16 43 9 1
1504 161 17 43 9 1
1505 161 18 43 9 1
1506 161 19 43 9 1
1507 161 20 43 9 1
1508 162 11 43 9 1
1509 162 12 43 9 1
1510 162 13 43 9 1
1511 162 14 43 9 1
1512 162 15 43 9 1
1513 162 16 43 9 1
1514 162 17 43 9 1
1515 162 18 43 9 1
1516 162 19 43 9 1
1517 162 20 43 9 1
1518 163 11 43 9 1
1519 163 12 43 9 1
1520 163 13 43 9 1
1521 163 14 43 9 1
1522 163 15 43 9 1
1523 163 16 43 9 1
1524 163 17 43 9 1
1525 163 18 43 9 1
1526 163 19 43 9 1
1527 163 20 43 9 1
1528 164 11 43 9 1
1529 164 12 43 9 1
1530 164 13 43 9 1
1531 164 14 43 9 1
1532 164 17 43 9 1
1533 164 18 43 9 1
1534 164 19 43 9 1
1535 164 20 43 9 1
1536 165 11 43 9 1
1537 165 12 43 9 1
1538 165 13 43 9 1
1539 165 14 43 9 1
1540 165 17 43 9 1
1541 165 18 43 9 1
1542 165 19 43 9 1
1543 165 20 43 9 1
1544 166 11 43 9 1
1545 166 12 43 9 1
1546 166 13 43 9 1
1547 166 14 43 9 1
1548 166 15 43 9 1
1549 166 16 43 9 1
1550 166 17 43 9 1
1551 166 18 43 9 1
1552 166 19 43 9 1
1553 166 20 43 9 1
1554 167 11 43 9 1
1555 167 12 43 9 1
1556 167 13 43 9 1
1557 167 14 43 9 1
1558 167 15 43 9 1
1559 167 16 43 9 1
1560 167 17 43 9 1
1561 167 18 43 9 1
1562 167 19 43 9 1
1563 167 20 43 9 1
1564 168 11 43 9 1
1565 168 12 43 9 1
1566 168 13 43 9 1
1567 168 14 43 9 1
1568 168 15 43 9 1
1569 168 16 43 9 1
1570 168 17 43 9 1
1571 168 18 43 9 1
1572 168 19 43 9 1
1573 168 20 43 9 1
1574 169 11 43 9 1
1575 169 12 43 9 1
1576 169 13 43 9 1
1577 169 14 43 9 1
1578 169 15 43 9 1
1579 169 16 43 9 1
1580 169 17 43 9 1
1581 169 18 43 9 1
1582 169 19 43 9 1
1583 169 20 43 9 1
1584 170 11 43 9 1
1585 170 12 43 9 1
1586 170 13 43 9 1
1587 170 14 43 9 1
1588 170 17 43 9 1
1589 170 18 43 9 1
1590 170 19 43 9 1
1591 170 20 43 9 1
1592 171 11 43 9 1
1593 171 12 43 9 1
1594 171 13 43 9 1
1595 171 14 43 9 1
1596 171 17 43 9 1
1597 171 18 43 9 1
1598 171 19 43 9 1
1599 171 20 43 9 1
1600 172 11 43 9 1
1601 172 12 43 9 1
1602 172 13 43 9 1
1603 172 14 43 9 1
1604 172 15 43 9 1
1605 172 16 43 9 1
1606 172 17 43 9 1
1607 172 18 43 9 1
1608 172 19 43 9 1
1609 172 20 43 9 1
1610 173 11 43 9 1
1611 173 12 43 9 1
1612 173 13 43 9 1
1613 173 14 43 9 1
1614 173 15 43 9 1
1615 173 16 43 9 1
1616 173 17 43 9 1
1617 173 18 43 9 1
1618 173 19 43 9 1
1619 173 20 43 9 1
1620 174 11 43 9 1
1621 174 12 43 9 1
1622 174 13 43 9 1
1623 174 14 43 9 1
1624 174 15 43 9 1
1625 174 16 43 9 1
1626 174 17 43 9 1
1627 174 18 43 9 1
1628 174 19 43 9 1
1629 174 20 43 9 1
1630 175 11 43 9 1
1631 175 12 43 9 1
1632 175 13 43 9 1
1633 175 14 43 9 1
1634 175 15 43 9 1
1635 175 16 43 9 1
1636 175 17 43 9 1
1637 175 18 43 9 1
1638 175 19 43 9 1
1639 175 20 43 9 1
1640 176 11 43 9 1
1641 176 12 43 9 1
1642 176 13 43 9 1
1643 176 14 43 9 1
1644 176 15 43 9 1
1645 176 16 43 9 1
1646 176 17 43 9 1
1647 176 18 43 9 1
1648 176 19 43 9 1
1649 176 20 43 9 1
1650 177 11 43 9 1
1651 177 12 43 9 1
1652 177 13 43 9 1
1653 177 14 43 9 1
1654 177 15 43 9 1
1655 177 16 43 9 1
1656 177 17 43 9 1
1657 177 18 43 9 1
1658 177 19 43 9 1
1659 177 20 43 9 1
1660 178 11 43 9 1
1661 178 12 43 9 1
1662 178 13 43 9 1
1663 178 14 43 9 1
1664 178 15 43 9 1
1665 178 16 43 9 1
1666 178 17 43 9 1
1667 178 18 43 9 1
1668 178 19 43 9 1
1669 178 20 43 9 1
1670 179 11 43 9 1
1671 179 12 43 9 1
1672 179 13 43 9 1
1673 179 14 43 9 1
1674 179 15 43 9 1
1675 179 16 43 9 1
1676 179 17 43 9 1
1677 179 18 43 9 1
1678 179 19 43 9 1
1679 179 20 43 9 1
1680 180 11 43 9 1
1681 180 12 43 9 1
1682 180 13 43 9 1
1683 180 14 43 9 1
1684 180 15 43 9 1
1685 180 16 43 9 1
1686 180 17 43 9 1
1687 180 18 43 9 1
1688 180 19 43 9 1
1689 180 20 43 9 1
1690 181 11 43 9 1
1691 181 12 43 9 1
1692 181 13 43 9 1
1693 181 14 43 9 1
1694 181 15 43 9 1
1695 181 16 43 9 1
1696 181 17 43 9 1
1697 181 18 43 9 1
1698 181 19 43 9 1
1699 181 20 43 9 1
1700 182 11 43 9 1
1701 182 12 43 9 1
1702 182 13 43 9 1
1703 182 14 43 9 1
1704 182 15 43 9 1
1705 182 16 43 9 1
1706 182 17 43 9 1
1707 182 18 43 9 1
1708 182 19 43 9 1
1709 182 20 43 9 1
1710 183 11 43 9 1
1711 183 12 43 9 1
1712 183 13 43 9 1
1713 183 14 43 9 1
1714 183 15 43 9 1
1715 183 16 43 9 1
1716 183 17 43 9 1
1717 183 18 43 9 1
1718 183 19 43 9 1
1719 183 20 43 9 1
1720 184 11 43 9 1
1721 184 12 43 9 1
1722 184 13 43 9 1
1723 184 14 43 9 1
1724 184 15 43 9 1
1725 184 16 43 9 1
1726 184 17 43 9 1
1727 184 18 43 9 1
1728 184 19 43 9 1
1729 184 20 43 9 1
1730 185 11 43 9 1
1731 185 12 43 9 1
1732 185 13 43 9 1
1733 185 14 43 9 1
1734 185 15 43 9 1
1735 185 16 43 9 1
1736 185 17 43 9 1
1737 185 18 43 9 1
1738 185 19 43 9 1
1739 185 20 43 9 1
1740 186 11 43 9 1
1741 186 12 43 9 1
1742 186 13 43 9 1
1743 186 14 43 9 1
1744 186 15 43 9 1
1745 186 16 43 9 1
1746 186 17 43 9 1
1747 186 18 43 9 1
1748 186 19 43 9 1
1749 186 20 43 9 1
1750 187 11 43 9 1
1751 187 12 43 9 1
1752 187 13 43 9 1
1753 187 14 43 9 1
1754 187 15 43 9 1
1755 187 16 43 9 1
1756 187 17 43 9 1
1757 187 18 43 9 1
1758 187 19 43 9 1
1759 187 20 43 9 1
1760 188 11 43 9 1
1761 188 12 43 9 1
1762 188 13 43 9 1
1763 188 14 43 9 1
1764 188 15 43 9 1
1765 188 16 43 9 1
1766 188 17 43 9 1
1767 188 18 43 9 1
1768 188 19 43 9 1
1769 188 20 43 9 1
1770 189 11 43 9 1
1771 189 12 43 9 1
1772 189 13 43 9 1
1773 189 14 43 9 1
1774 189 15 43 9 1
1775 189 16 43 9 1
1776 189 17 43 9 1
1777 189 18 43 9 1
1778 189 19 43 9 1
1779 189 20 43 9 1
1780 190 11 43 9 1
1781 190 12 43 9 1
1782 190 13 43 9 1
1783 190 14 43 9 1
1784 190 15 43 9 1
1785 190 16 43 9 1
1786 190 17 43 9 1
1787 190 18 43 9 1
1788 190 19 43 9 1
1789 190 20 43 9 1
1790 191 11 43 9 1
1791 191 12 43 9 1
1792 191 13 43 9 1
1793 191 14 43 9 1
1794 191 15 43 9 1
1795 191 16 43 9 1
1796 191 17 43 9 1
1797 191 18 43 9 1
1798 191 19 43 9 1
1799 191 20 43 9 1
1800 192 11 43 9 1
1801 192 12 43 9 1
1802 192 13 43 9 1
1803 192 14 43 9 1
1804 192 15 43 9 1
1805 192 16 43 9 1
1806 192 17 43 9 1
1807 192 18 43 9 1
1808 192 19 43 9 1
1809 192 20 43 9 1
1810 193 11 43 9 1
1811 193 12 43 9 1
1812 193 13 43 9 1
1813 193 14 43 9 1
1814 193 15 43 9 1
1815 193 16 43 9 1
1816 193 17 43 9 1
1817 193 18 43 9 1
1818 193 19 43 9 1
1819 193 20 43 9 1
1820 194 11 43 9 1
1821 194 12 43 9 1
1822 194 13 43 9 1
1823 194 14 43 9 1
1824 194 15 43 9 1
1825 194 16 43 9 1
1826 194 17 43 9 1
1827 194 18 43 9 1
1828 194 19 43 9 1
1829 194 20 43 9 1
1830 195 11 43 9 1
1831 195 12 43 9 1
1832 195 13 43 9 1
1833 195 14 43 9 1
1834 195 15 43 9 1
1835 195 16 43 9 1
1836 195 17 43 9 1
1837 195 18 43 9 1
1838 195 19 43 9 1
1839 195 20 43 9 1
1840 196 11 43 9 1
1841 196 12 43 9 1
1842 196 13 43 9 1
1843 196 14 43 9 1
1844 196 15 43 9 1
1845 196 16 43 9 1
1846 196 17 43 9 1
1847 196 18 43 9 1
1848 196 19 43 9 1
1849 196 20 43 9 1
1850 197 11 43 9 1
1851 197 12 43 9 1
1852 197 13 43 9 1
1853 197 14 43 9 1
1854 197 15 43 9 1
1855 197 16 43 9 1
1856 197 17 43 9 1
1857 197 18 43 9 1
1858 197 19 43 9 1
1859 197 20 43 9 1
1860 198 11 43 9 1
1861 198 12 43 9 1
1862 198 13 43 9 1
1863 198 14 43 9 1
1864 198 15 43 9 1
1865 198 16 43 9 1
1866 198 17 43 9 1
1867 198 18 43 9 1
1868 198 19 43 9 1
1869 198 20 43 9 1
1870 199 11 43 9 1
1871 199 12 43 9 1
1872 199 13 43 9 1
1873 199 14 43 9 1
1874 199 15 43 9 1
1875 199 16 43 9 1
1876 199 17 43 9 1
1877 199 18 43 9 1
1878 199 19 43 9 1
1879 199 20 43 9 1
1880 200 11 43 9 1
1881 200 12 43 9 1
1882 200 13 43 9 1
1883 200 14 43 9 1
1884 200 15 43 9 1
1885 200 18 43 9 1
1886 200 19 43 9 1
1887 200 20 43 9 1
1888 201 11 43 9 1
1889 201 12 43 9 1
1890 201 13 43 9 1
1891 201 14 43 9 1
1892 201 15 43 9 1
1893 201 18 43 9 1
1894 201 19 43 9 1
1895 201 20 43 9 1
1896 202 11 43 9 1
1897 202 12 43 9 1
1898 202 13 43 9 1
1899 202 16 43 9 1
1900 202 17 43 9 1
1901 202 18 43 9 1
1902 202 19 43 9 1
1903 202 20 43 9 1
1904 203 11 43 9 1
1905 203 12 43 9 1
1906 203 13 43 9 1
1907 203 16 43 9 1
1908 203 17 43 9 1
1909 203 18 43 9 1
1910 203 19 43 9 1
1911 203 20 43 9 1
1912 204 11 43 9 1
1913 204 12 43 9 1
1914 204 13 43 9 1
1915 204 14 43 9 1
1916 204 15 43 9 1
1917 204 16 43 9 1
1918 204 17 43 9 1
1919 204 18 43 9 1
1920 204 19 43 9 1
1921 204 20 43 9 1
1922 205 11 43 9 1
1923 205 12 43 9 1
1924 205 13 43 9 1
1925 205 14 43 9 1
1926 205 15 43 9 1
1927 205 16 43 9 1
1928 205 17 43 9 1
1929 205 18 43 9 1
1930 205 19 43 9 1
1931 205 20 43 9 1
1932 206 11 43 9 1
1933 206 12 43 9 1
1934 206 13 43 9 1
1935 206 14 43 9 1
1936 206 15 43 9 1
1937 206 16 43 9 1
1938 206 17 43 9 1
1939 206 18 43 9 1
1940 206 19 43 9 1
1941 206 20 43 9 1
1942 207 11 43 9 1
1943 207 12 43 9 1
1944 207 13 43 9 1
1945 207 14 43 9 1
1946 207 15 43 9 1
1947 207 16 43 9 1
1948 207 17 43 9 1
1949 207 18 43 9 1
1950 207 19 43 9 1
1951 207 20 43 9 1
1952 208 11 43 9 1
1953 208 12 43 9 1
1954 208 13 43 9 1
1955 208 14 43 9 1
1956 208 15 43 9 1
1957 208 16 43 9 1
1958 208 17 43 9 1
1959 208 18 43 9 1
1960 208 19 43 9 1
1961 208 20 43 9 1
1962 209 11 43 9 1
1963 209 12 43 9 1
1964 209 13 43 9 1
1965 209 14 43 9 1
1966 209 15 43 9 1
1967 209 16 43 9 1
1968 209 17 43 9 1
1969 209 18 43 9 1
1970 209 19 43 9 1
1971 209 20 43 9 1
1972 210 11 43 9 1
1973 210 12 43 9 1
1974 210 13 43 9 1
1975 210 14 43 9 1
1976 210 15 43 9 1
1977 210 16 43 9 1
1978 210 17 43 9 1
1979 210 18 43 9 1
1980 210 19 43 9 1
1981 210 20 43 9 1
1982 211 11 43 9 1
1983 211 12 43 9 1
1984 211 13 43 9 1
1985 211 14 43 9 1
1986 211 15 43 9 1
1987 211 16 43 9 1
1988 211 17 43 9 1
1989 211 18 43 9 1
1990 211 19 43 9 1
1991 211 20 43 9 1
1992 212 11 43 9 1
1993 212 12 43 9 1
1994 212 13 43 9 1
1995 212 14 43 9 1
1996 212 15 43 9 1
1997 212 16 43 9 1
1998 212 17 43 9 1
1999 212 18 43 9 1
2000 212 19 43 9 1
2001 212 20 43 9 1
2002 213 11 43 9 1
2003 213 12 43 9 1
2004 213 13 43 9 1
2005 213 14 43 9 1
2006 213 15 43 9 1
2007 213 16 43 9 1
2008 213 17 43 9 1
2009 213 18 43 9 1
2010 213 19 43 9 1
2011 213 20 43 9 1
2012 214 11 43 9 1
2013 214 12 43 9 1
2014 214 13 43 9 1
2015 214 14 43 9 1
2016 214 15 43 9 1
2017 214 16 43 9 1
2018 214 17 43 9 1
2019 214 18 43 9 1
2020 214 19 43 9 1
2021 214 20 43 9 1
2022 215 11 43 9 1
2023 215 12 43 9 1
2024 215 13 43 9 1
2025 215 14 43 9 1
2026 215 15 43 9 1
2027 215 16 43 9 1
2028 215 17 43 9 1
2029 215 18 43 9 1
2030 215 19 43 9 1
2031 215 20 43 9 1
2032 216 11 43 9 1
2033 216 12 43 9 1
2034 216 13 43 9 1
2035 216 14 43 9 1
2036 216 15 43 9 1
2037 216 16 43 9 1
2038 216 17 43 9 1
2039 216 18 43 9 1
2040 216 19 43 9 1
2041 216 20 43 9 1
2042 217 11 43 9 1
2043 217 12 43 9 1
2044 217 13 43 9 1
2045 217 14 43 9 1
2046 217 15 43 9 1
2047 217 16 43 9 1
2048 217 17 43 9 1
2049 217 18 43 9 1
2050 217 19 43 9 1
2051 217 20 43 9 1
2052 218 11 43 9 1
2053 218 12 43 9 1
2054 218 13 43 9 1
2055 218 14 43 9 1
2056 218 15 43 9 1
2057 218 16 43 9 1
2058 218 17 43 9 1
2059 218 18 43 9 1
2060 218 19 43 9 1
2061 218 20 43 9 1
2062 219 11 43 9 1
2063 219 12 43 9 1
2064 219 13 43 9 1
2065 219 14 43 9 1
2066 219 15 43 9 1
2067 219 16 43 9 1
2068 219 17 43 9 1
2069 219 18 43 9 1
2070 219 19 43 9 1
2071 219 20 43 9 1
2072 220 11 43 9 1
2073 220 12 43 9 1
2074 220 13 43 9 1
2075 220 14 43 9 1
2076 220 15 43 9 1
2077 220 16 43 9 1
2078 220 17 43 9 1
2079 220 18 43 9 1
2080 220 19 43 9 1
2081 220 20 43 9 1
2082 221 11 43 9 1
2083 221 12 43 9 1
2084 221 13 43 9 1
2085 221 14 43 9 1
2086 221 15 43 9 1
2087 221 16 43 9 1
2088 221 17 43 9 1
2089 221 18 43 9 1
2090 221 19 43 9 1
2091 221 20 43 9 1
2092 222 11 43 9 1
2093 222 12 43 9 1
2094 222 13 43 9 1
2095 222 14 43 9 1
2096 222 15 43 9 1
2097 222 16 43 9 1
2098 222 17 43 9 1
2099 222 18 43 9 1
2100 222 19 43 9 1
2101 222 20 43 9 1
2102 223 11 43 9 1
2103 223 12 43 9 1
2104 223 13 43 9 1
2105 223 14 43 9 1
2106 223 15 43 9 1
2107 223 16 43 9 1
2108 223 17 43 9 1
2109 223 18 43 9 1
2110 223 19 43 9 1
2111 223 20 43 9 1
2112 224 11 43 9 1
2113 224 12 43 9 1
2114 224 13 43 9 1
2115 224 14 43 9 1
2116 224 15 43 9 1
2117 224 16 43 9 1
2118 224 17 43 9 1
2119 224 18 43 9 1
2120 224 19 43 9 1
2121 224 20 43 9 1
2122 225 11 43 9 1
2123 225 12 43 9 1
2124 225 13 43 9 1
2125 225 14 43 9 1
2126 225 15 43 9 1
2127 225 16 43 9 1
2128 225 17 43 9 1
2129 225 18 43 9 1
2130 225 19 43 9 1
2131 225 20 43 9 1
2132 226 11 43 9 1
2133 226 12 43 9 1
2134 226 13 43 9 1
2135 226 14 43 9 1
2136 226 15 43 9 1
2137 226 16 43 9 1
2138 226 17 43 9 1
2139 226 18 43 9 1
2140 226 19 43 9 1
2141 226 20 43 9 1
2142 227 11 43 9 1
2143 227 12 43 9 1
2144 227 13 43 9 1
2145 227 14 43 9 1
2146 227 15 43 9 1
2147 227 16 43 9 1
2148 227 17 43 9 1
2149 227 18 43 9 1
2150 227 19 43 9 1
2151 227 20 43 9 1
2152 228 11 43 9 1
2153 228 12 43 9 1
2154 228 13 43 9 1
2155 228 14 43 9 1
2156 228 15 43 9 1
2157 228 16 43 9 1
2158 228 17 43 9 1
2159 228 18 43 9 1
2160 228 19 43 9 1
2161 228 20 43 9 1
2162 229 11 43 9 1
2163 229 12 43 9 1
2164 229 13 43 9 1
2165 229 14 43 9 1
2166 229 15 43 9 1
2167 229 16 43 9 1
2168 229 17 43 9 1
2169 229 18 43 9 1
2170 229 19 43 9 1
2171 229 20 43 9 1
2172 230 11 43 9 1
2173 230 12 43 9 1
2174 230 13 43 9 1
2175 230 14 43 9 1
2176 230 15 43 9 1
2177 230 16 43 9 1
2178 230 17 43 9 1
2179 230 18 43 9 1
2180 230 19 43 9 1
2181 230 20 43 9 1
2182 231 11 43 9 1
2183 231 12 43 9 1
2184 231 13 43 9 1
2185 231 14 43 9 1
2186 231 15 43 9 1
2187 231 16 43 9 1
2188 231 17 43 9 1
2189 231 18 43 9 1
2190 231 19 43 9 1
2191 231 20 43 9 1
2192 232 11 43 9 1
2193 232 12 43 9 1
2194 232 13 43 9 1
2195 232 14 43 9 1
2196 232 15 43 9 1
2197 232 16 43 9 1
2198 232 17 43 9 1
2199 232 18 43 9 1
2200 232 19 43 9 1
2201 232 20 43 9 1
2202 233 11 43 9 1
2203 233 12 43 9 1
2204 233 13 43 9 1
2205 233 14 43 9 1
2206 233 15 43 9 1
2207 233 16 43 9 1
2208 233 17 43 9 1
2209 233 18 43 9 1
2210 233 19 43 9 1
2211 233 20 43 9 1
2212 234 11 43 9 1
2213 234 12 43 9 1
2214 234 13 43 9 1
2215 234 14 43 9 1
2216 234 15 43 9 1
2217 234 16 43 9 1
2218 234 17 43 9 1
2219 234 18 43 9 1
2220 234 19 43 9 1
2221 234 20 43 9 1
2222 235 11 43 9 1
2223 235 12 43 9 1
2224 235 13 43 9 1
2225 235 14 43 9 1
2226 235 15 43 9 1
2227 235 16 43 9 1
2228 235 17 43 9 1
2229 235 18 43 9 1
2230 235 19 43 9 1
2231 235 20 43 9 1
2232 236 11 43 9 1
2233 236 12 43 9 1
2234 236 13 43 9 1
2235 236 14 43 9 1
2236 236 15 43 9 1
2237 236 16 43 9 1
2238 236 17 43 9 1
2239 236 18 43 9 1
2240 236 19 43 9 1
2241 236 20 43 9 1
2242 237 11 43 9 1
2243 237 12 43 9 1
2244 237 13 43 9 1
2245 237 14 43 9 1
2246 237 15 43 9 1
2247 237 16 43 9 1
2248 237 17 43 9 1
2249 237 18 43 9 1
2250 237 19 43 9 1
2251 237 20 43 9 1
2252 238 11 43 9 1
2253 238 12 43 9 1
2254 238 13 43 9 1
2255 238 14 43 9 1
2256 238 15 43 9 1
2257 238 16 43 9 1
2258 238 17 43 9 1
2259 238 18 43 9 1
2260 238 19 43 9 1
2261 238 20 43 9 1
2262 239 11 43 9 1
2263 239 12 43 9 1
2264 239 13 43 9 1
2265 239 14 43 9 1
2266 239 15 43 9 1
2267 239 16 43 9 1
2268 239 17 43 9 1
2269 239 18 43 9 1
2270 239 19 43 9 1
2271 239 20 43 9 1
2272 240 11 43 9 1
2273 240 12 43 9 1
2274 240 13 43 9 1
2275 240 14 43 9 1
2276 240 15 43 9 1
2277 240 16 43 9 1
2278 240 17 43 9 1
2279 240 20 43 9 1
2280 241 11 43 9 1
2281 241 12 43 9 1
2282 241 13 43 9 1
2283 241 14 43 9 1
2284 241 15 43 9 1
2285 241 16 43 9 1
2286 241 17 43 9 1
2287 241 20 43 9 1
2288 242 11 43 9 1
2289 242 14 43 9 1
2290 242 15 43 9 1
2291 242 16 43 9 1
2292 242 17 43 9 1
2293 242 18 43 9 1
2294 242 19 43 9 1
2295 242 20 43 9 1
2296 243 11 43 9 1
2297 243 14 43 9 1
2298 243 15 43 9 1
2299 243 16 43 9 1
2300 243 17 43 9 1
2301 243 18 43 9 1
2302 243 19 43 9 1
2303 243 20 43 9 1
2304 244 11 43 9 1
2305 244 12 43 9 1
2306 244 13 43 9 1
2307 244 14 43 9 1
2308 244 15 43 9 1
2309 244 16 43 9 1
2310 244 17 43 9 1
2311 244 18 43 9 1
2312 244 19 43 9 1
2313 244 20 43 9 1
2314 245 11 43 9 1
2315 245 12 43 9 1
2316 245 13 43 9 1
2317 245 14 43 9 1
2318 245 15 43 9 1
2319 245 16 43 9 1
2320 245 17 43 9 1
2321 245 18 43 9 1
2322 245 19 43 9 1
2323 245 20 43 9 1
2324 246 11 43 9 1
2325 246 12 43 9 1
2326 246 13 43 9 1
2327 246 14 43 9 1
2328 246 15 43 9 1
2329 246 16 43 9 1
2330 246 17 43 9 1
2331 246 18 43 9 1
2332 246 19 43 9 1
2333 246 20 43 9 1
2334 247 11 43 9 1
2335 247 12 43 9 1
2336 247 13 43 9 1
2337 247 14 43 9 1
2338 247 15 43 9 1
2339 247 16 43 9 1
2340 247 17 43 9 1
2341 247 18 43 9 1
2342 247 19 43 9 1
2343 247 20 43 9 1
2344 248 11 43 9 1
2345 248 12 43 9 1
2346 248 13 43 9 1
2347 248 14 43 9 1
2348 248 15 43 9 1
2349 248 16 43 9 1
2350 248 17 43 9 1
2351 248 18 43 9 1
2352 248 19 43 9 1
2353 248 20 43 9 1
2354 249 11 43 9 1
2355 249 12 43 9 1
2356 249 13 43 9 1
2357 249 14 43 9 1
2358 249 15 43 9 1
2359 249 16 43 9 1
2360 249 17 43 9 1
2361 249 18 43 9 1
2362 249 19 43 9 1
2363 249 20 43 9 1
2364 250 11 43 9 1
2365 250 12 43 9 1
2366 250 13 43 9 1
2367 250 14 43 9 1
2368 250 15 43 9 1
2369 250 16 43 9 1
2370 250 17 43 9 1
2371 250 18 43 9 1
2372 250 19 43 9 1
2373 250 20 43 9 1
2374 251 11 43 9 1
2375 251 12 43 9 1
2376 251 13 43 9 1
2377 251 14 43 9 1
2378 251 15 43 9 1
2379 251 16 43 9 1
2380 251 17 43 9 1
2381 251 18 43 9 1
2382 251 19 43 9 1
2383 251 20 43 9 1
2384 252 11 43 9 1
2385 252 12 43 9 1
2386 252 13 43 9 1
2387 252 14 43 9 1
2388 252 15 43 9 1
2389 252 16 43 9 1
2390 252 17 43 9 1
2391 252 18 43 9 1
2392 252 19 43 9 1
2393 252 20 43 9 1
2394 253 11 43 9 1
2395 253 12 43 9 1
2396 253 13 43 9 1
2397 253 14 43 9 1
2398 253 15 43 9 1
2399 253 16 43 9 1
2400 253 17 43 9 1
2401 253 18 43 9 1
2402 253 19 43 9 1
2403 253 20 43 9 1
2404 254 11 43 9 1
2405 254 12 43 9 1
2406 254 13 43 9 1
2407 254 14 43 9 1
2408 254 15 43 9 1
2409 254 16 43 9 1
2410 254 17 43 9 1
2411 254 18 43 9 1
2412 254 19 43 9 1
2413 254 20 43 9 1
2414 255 11 43 9 1
2415 255 12 43 9 1
2416 255 13 43 9 1
2417 255 14 43 9 1
2418 255 15 43 9 1
2419 255 16 43 9 1
2420 255 17 43 9 1
2421 255 18 43 9 1
2422 255 19 43 9 1
2423 255 20 43 9 1
2424 256 11 43 9 1
2425 256 12 43 9 1
2426 256 13 43 9 1
2427 256 14 43 9 1
2428 256 15 43 9 1
2429 256 16 43 9 1
2430 256 17 43 9 1
2431 256 18 43 9 1
2432 256 19 43 9 1
2433 256 20 43 9 1
2434 257 11 43 9 1
2435 257 12 43 9 1
2436 257 13 43 9 1
2437 257 14 43 9 1
2438 257 15 43 9 1
2439 257 16 43 9 1
2440 257 17 43 9 1
2441 257 18 43 9 1
2442 257 19 43 9 1
2443 257 20 43 9 1
2444 258 11 43 9 1
2445 258 12 43 9 1
2446 258 13 43 9 1
2447 258 14 43 9 1
2448 258 15 43 9 1
2449 258 16 43 9 1
2450 258 17 43 9 1
2451 258 18 43 9 1
2452 258 19 43 9 1
2453 258 20 43 9 1
2454 259 11 43 9 1
2455 259 12 43 9 1
2456 259 13 43 9 1
2457 259 14 43 9 1
2458 259 15 43 9 1
2459 259 16 43 9 1
2460 259 17 43 9 1
2461 259 18 43 9 1
2462 259 19 43 9 1
2463 259 20 43 9 1
2464 260 11 43 9 1
2465 260 12 43 9 1
2466 260 13 43 9 1
2467 260 14 43 9 1
2468 260 15 43 9 1
2469 260 16 43 9 1
2470 260 17 43 9 1
2471 260 18 43 9 1
2472 260 19 43 9 1
2473 260 20 43 9 1
2474 261 11 43 9 1
2475 261 12 43 9 1
2476 261 13 43 9 1
2477 261 14 43 9 1
2478 261 15 43 9 1
2479 261 16 43 9 1
2480 261 17 43 9 1
2481 261 18 43 9 1
2482 261 19 43 9 1
2483 261 20 43 9 1
2484 262 11 43 9 1
2485 262 12 43 9 1
2486 262 13 43 9 1
2487 262 14 43 9 1
2488 262 15 43 9 1
2489 262 16 43 9 1
2490 262 17 43 9 1
2491 262 18 43 9 1
2492 262 19 43 9 1
2493 262 20 43 9 1
2494 263 11 43 9 1
2495 263 12 43 9 1
2496 263 13 43 9 1
2497 263 14 43 9 1
2498 263 15 43 9 1
2499 263 16 43 9 1
2500 263 17 43 9 1
2501 263 18 43 9 1
2502 263 19 43 9 1
2503 263 20 43 9 1
2504 264 11 43 9 1
2505 264 12 43 9 1
2506 264 13 43 9 1
2507 264 14 43 9 1
2508 264 15 43 9 1
2509 264 16 43 9 1
2510 264 17 43 9 1
2511 264 18 43 9 1
2512 264 19 43 9 1
2513 264 20 43 9 1
2514 265 11 43 9 1
2515 265 12 43 9 1
2516 265 13 43 9 1
2517 265 14 43 9 1
2518 265 15 43 9 1
2519 265 16 43 9 1
2520 265 17 43 9 1
2521 265 18 43 9 1
2522 265 19 43 9 1
2523 265 20 43 9 1
2524 266 11 43 9 1
2525 266 12 43 9 1
2526 266 13 43 9 1
2527 266 14 43 9 1
2528 266 15 43 9 1
2529 266 16 43 9 1
2530 266 17 43 9 1
2531 266 18 43 9 1
2532 266 19 43 9 1
2533 266 20 43 9 1
2534 267 11 43 9 1
2535 267 12 43 9 1
2536 267 13 43 9 1
2537 267 14 43 9 1
2538 267 15 43 9 1
2539 267 16 43 9 1
2540 267 17 43 9 1
2541 267 18 43 9 1
2542 267 19 43 9 1
2543 267 20 43 9 1
2544 268 11 43 9 1
2545 268 12 43 9 1
2546 268 13 43 9 1
2547 268 14 43 9 1
2548 268 15 43 9 1
2549 268 16 43 9 1
2550 268 17 43 9 1
2551 268 18 43 9 1
2552 268 19 43 9 1
2553 268 20 43 9 1
2554 269 11 43 9 1
2555 269 12 43 9 1
2556 269 13 43 9 1
2557 269 14 43 9 1
2558 269 15 43 9 1
2559 269 16 43 9 1
2560 269 17 43 9 1
2561 269 18 43 9 1
2562 269 19 43 9 1
2563 269 20 43 9 1
2564 270 11 43 9 1
2565 270 12 43 9 1
2566 270 13 43 9 1
2567 270 14 43 9 1
2568 270 15 43 9 1
2569 270 16 43 9 1
2570 270 17 43 9 1
2571 270 18 43 9 1
2572 270 19 43 9 1
2573 270 20 43 9 1
2574 271 11 43 9 1
2575 271 12 43 9 1
2576 271 13 43 9 1
2577 271 14 43 9 1
2578 271 15 43 9 1
2579 271 16 43 9 1
2580 271 17 43 9 1
2581 271 18 43 9 1
2582 271 19 43 9 1
2583 271 20 43 9 1
2584 272 11 43 9 1
2585 272 12 43 9 1
2586 272 13 43 9 1
2587 272 14 43 9 1
2588 272 15 43 9 1
2589 272 16 43 9 1
2590 272 17 43 9 1
2591 272 18 43 9 1
2592 272 19 43 9 1
2593 272 20 43 9 1
2594 273 11 43 9 1
2595 273 12 43 9 1
2596 273 13 43 9 1
2597 273 14 43 9 1
2598 273 15 43 9 1
2599 273 16 43 9 1
2600 273 17 43 9 1
2601 273 18 43 9 1
2602 273 19 43 9 1
2603 273 20 43 9 1
2604 274 11 43 9 1
2605 274 12 43 9 1
2606 274 13 43 9 1
2607 274 14 43 9 1
2608 274 15 43 9 1
2609 274 16 43 9 1
2610 274 17 43 9 1
2611 274 18 43 9 1
2612 274 19 43 9 1
2613 274 20 43 9 1
2614 275 11 43 9 1
2615 275 12 43 9 1
2616 275 13 43 9 1
2617 275 14 43 9 1
2618 275 15 43 9 1
2619 275 16 43 9 1
2620 275 17 43 9 1
2621 275 18 43 9 1
2622 275 19 43 9 1
2623 275 20 43 9 1
2624 276 11 43 9 1
2625 276 12 43 9 1
2626 276 13 43 9 1
2627 276 14 43 9 1
2628 276 15 43 9 1
2629 276 16 43 9 1
2630 276 17 43 9 1
2631 276 18 43 9 1
2632 276 19 43 9 1
2633 276 20 43 9 1
2634 277 11 43 9 1
2635 277 12 43 9 1
2636 277 13 43 9 1
2637 277 14 43 9 1
2638 277 15 43 9 1
2639 277 16 43 9 1
2640 277 17 43 9 1
2641 277 18 43 9 1
2642 277 19 43 9 1
2643 277 20 43 9 1
2644 278 11 43 9 1
2645 278 12 43 9 1
2646 278 13 43 9 1
2647 278 14 43 9 1
2648 278 15 43 9 1
2649 278 16 43 9 1
2650 278 17 43 9 1
2651 278 18 43 9 1
2652 278 19 43 9 1
2653 278 20 43 9 1
2654 279 11 43 9 1
2655 279 12 43 9 1
2656 279 13 43 9 1
2657 279 14 43 9 1
2658 279 15 43 9 1
2659 279 16 43 9 1
2660 279 17 43 9 1
2661 279 18 43 9 1
2662 279 19 43 9 1
2663 279 20 43 9 1
2664 280 11 43 9 1
2665 280 12 43 9 1
2666 280 13 43 9 1
2667 280 14 43 9 1
2668 280 15 43 9 1
2669 280 16 43 9 1
2670 280 17 43 9 1
2671 280 18 43 9 1
2672 280 19 43 9 1
2673 280 20 43 9 1
2674 281 11 43 9 1
2675 281 12 43 9 1
2676 281 13 43 9 1
2677 281 14 43 9 1
2678 281 15 43 9 1
2679 281 16 43 9 1
2680 281 17 43 9 1
2681 281 18 43 9 1
2682 281 19 43 9 1
2683 281 20 43 9 1
2684 282 11 43 9 1
2685 282 12 43 9 1
2686 282 13 43 9 1
2687 282 14 43 9 1
2688 282 15 43 9 1
2689 282 16 43 9 1
2690 282 17 43 9 1
2691 282 18 43 9 1
2692 282 19 43 9 1
2693 282 20 43 9 1
2694 283 11 43 9 1
2695 283 12 43 9 1
2696 283 13 43 9 1
2697 283 14 43 9 1
2698 283 15 43 9 1
2699 283 16 43 9 1
2700 283 17 43 9 1
2701 283 18 43 9 1
2702 283 19 43 9 1
2703 283 20 43 9 1
2704 284 11 43 9 1
2705 284 12 43 9 1
2706 284 13 43 9 1
2707 284 14 43 9 1
2708 284 15 43 9 1
2709 284 16 43 9 1
2710 284 17 43 9 1
2711 284 18 43 9 1
2712 284 19 43 9 1
2713 284 20 43 9 1
2714 285 11 43 9 1
2715 285 12 43 9 1
2716 285 13 43 9 1
2717 285 14 43 9 1
2718 285 15 43 9 1
2719 285 16 43 9 1
2720 285 17 43 9 1
2721 285 18 43 9 1
2722 285 19 43 9 1
2723 285 20 43 9 1
2724 286 11 43 9 1
2725 286 12 43 9 1
2726 286 13 43 9 1
2727 286 14 43 9 1
2728 286 15 43 9 1
2729 286 16 43 9 1
2730 286 17 43 9 1
2731 286 18 43 9 1
2732 286 19 43 9 1
2733 286 20 43 9 1
2734 287 11 43 9 1
2735 287 12 43 9 1
2736 287 13 43 9 1
2737 287 14 43 9 1
2738 287 15 43 9 1
2739 287 16 43 9 1
2740 287 17 43 9 1
2741 287 18 43 9 1
2742 287 19 43 9 1
2743 287 20 43 9 1
2744 288 11 43 9 1
2745 288 12 43 9 1
2746 288 13 43 9 1
2747 288 14 43 9 1
2748 288 15 43 9 1
2749 288 16 43 9 1
2750 288 17 43 9 1
2751 288 18 43 9 1
2752 288 19 43 9 1
2753 288 20 43 9 1
2754 289 11 43 9 1
2755 289 12 43 9 1
2756 289 13 43 9 1
2757 289 14 43 9 1
2758 289 15 43 9 1
2759 289 16 43 9 1
2760 289 17 43 9 1
2761 289 18 43 9 1
2762 289 19 43 9 1
2763 289 20 43 9 1
2764 290 11 43 9 1
2765 290 12 43 9 1
2766 290 13 43 9 1
2767 290 14 43 9 1
2768 290 15 43 9 1
2769 290 16 43 9 1
2770 290 17 43 9 1
2771 290 18 43 9 1
2772 291 11 43 9 1
2773 291 12 43 9 1
2774 291 13 43 9 1
2775 291 14 43 9 1
2776 291 15 43 9 1
2777 291 16 43 9 1
2778 291 17 43 9 1
2779 291 18 43 9 1
2780 292 13 43 9 1
2781 292 14 43 9 1
2782 292 15 43 9 1
2783 292 16 43 9 1
2784 292 17 43 9 1
2785 292 18 43 9 1
2786 292 19 43 9 1
2787 292 20 43 9 1
2788 293 13 43 9 1
2789 293 14 43 9 1
2790 293 15 43 9 1
2791 293 16 43 9 1
2792 293 17 43 9 1
2793 293 18 43 9 1
2794 293 19 43 9 1
2795 293 20 43 9 1
2796 294 11 43 9 1
2797 294 12 43 9 1
2798 294 13 43 9 1
2799 294 14 43 9 1
2800 294 15 43 9 1
2801 294 16 43 9 1
2802 294 17 43 9 1
2803 294 18 43 9 1
2804 294 19 43 9 1
2805 294 20 43 9 1
2806 295 11 43 9 1
2807 295 12 43 9 1
2808 295 13 43 9 1
2809 295 14 43 9 1
2810 295 15 43 9 1
2811 295 16 43 9 1
2812 295 17 43 9 1
2813 295 18 43 9 1
2814 295 19 43 9 1
2815 295 20 43 9 1
2816 296 11 43 9 1
2817 296 12 43 9 1
2818 296 13 43 9 1
2819 296 14 43 9 1
2820 296 15 43 9 1
2821 296 16 43 9 1
2822 296 17 43 9 1
2823 296 18 43 9 1
2824 296 19 43 9 1
2825 296 20 43 9 1
2826 297 11 43 9 1
2827 297 12 43 9 1
2828 297 13 43 9 1
2829 297 14 43 9 1
2830 297 15 43 9 1
2831 297 16 43 9 1
2832 297 17 43 9 1
2833 297 18 43 9 1
2834 297 19 43 9 1
2835 297 20 43 9 1
2836 298 11 43 9 1
2837 298 12 43 9 1
2838 298 13 43 9 1
2839 298 14 43 9 1
2840 298 15 43 9 1
2841 298 16 43 9 1
2842 298 17 43 9 1
2843 298 18 43 9 1
2844 298 19 43 9 1
2845 298 20 43 9 1
2846 299 11 43 9 1
2847 299 12 43 9 1
2848 299 13 43 9 1
2849 299 14 43 9 1
2850 299 15 43 9 1
2851 299 16 43 9 1
2852 299 17 43 9 1
2853 299 18 43 9 1
2854 299 19 43 9 1
2855 299 20 43 9 1
2856 300 11 43 9 1
2857 300 12 43 9 1
2858 300 13 43 9 1
2859 300 14 43 9 1
2860 300 15 43 9 1
2861 300 16 43 9 1
2862 300 17 43 9 1
2863 300 18 43 9 1
2864 300 19 43 9 1
2865 300 20 43 9 1
2866 301 11 43 9 1
2867 301 12 43 9 1
2868 301 13 43 9 1
2869 301 14 43 9 1
2870 301 15 43 9 1
2871 301 16 43 9 1
2872 301 17 43 9 1
2873 301 18 43 9 1
2874 301 19 43 9 1
2875 301 20 43 9 1
2876 302 11 43 9 1
2877 302 12 43 9 1
2878 302 13 43 9 1
2879 302 14 43 9 1
2880 302 15 43 9 1
2881 302 16 43 9 1
2882 302 17 43 9 1
2883 302 18 43 9 1
2884 302 19 43 9 1
2885 302 20 43 9 1
2886 303 11 43 9 1
2887 303 12 43 9 1
2888 303 13 43 9 1
2889 303 14 43 9 1
2890 303 15 43 9 1
2891 303 16 43 9 1
2892 303 17 43 9 1
2893 303 18 43 9 1
2894 303 19 43 9 1
2895 303 20 43 9 1
2896 304 11 43 9 1
2897 304 12 43 9 1
2898 304 13 43 9 1
2899 304 14 43 9 1
2900 304 15 43 9 1
2901 304 16 43 9 1
2902 304 17 43 9 1
2903 304 18 43 9 1
2904 304 19 43 9 1
2905 304 20 43 9 1
2906 305 11 43 9 1
2907 305 12 43 9 1
2908 305 13 43 9 1
2909 305 14 43 9 1
2910 305 15 43 9 1
2911 305 16 43 9 1
2912 305 17 43 9 1
2913 305 18 43 9 1
2914 305 19 43 9 1
2915 305 20 43 9 1
2916 306 11 43 9 1
2917 306 12 43 9 1
2918 306 13 43 9 1
2919 306 14 43 9 1
2920 306 15 43 9 1
2921 306 16 43 9 1
2922 306 17 43 9 1
2923 306 18 43 9 1
2924 306 19 43 9 1
2925 306 20 43 9 1
2926 307 11 43 9 1
2927 307 12 43 9 1
2928 307 13 43 9 1
2929 307 14 43 9 1
2930 307 15 43 9 1
2931 307 16 43 9 1
2932 307 17 43 9 1
2933 307 18 43 9 1
2934 307 19 43 9 1
2935 307 20 43 9 1
2936 308 11 43 9 1
2937 308 12 43 9 1
2938 308 13 43 9 1
2939 308 14 43 9 1
2940 308 15 43 9 1
2941 308 16 43 9 1
2942 308 17 43 9 1
2943 308 18 43 9 1
2944 308 19 43 9 1
2945 308 20 43 9 1
2946 309 11 43 9 1
2947 309 12 43 9 1
2948 309 13 43 9 1
2949 309 14 43 9 1
2950 309 15 43 9 1
2951 309 16 43 9 1
2952 309 17 43 9 1
2953 309 18 43 9 1
2954 309 19 43 9 1
2955 309 20 43 9 1
2956 310 11 43 9 1
2957 310 12 43 9 1
2958 310 13 43 9 1
2959 310 14 43 9 1
2960 310 15 43 9 1
2961 310 16 43 9 1
2962 310 17 43 9 1
2963 310 18 43 9 1
2964 310 19 43 9 1
2965 310 20 43 9 1
2966 311 11 43 9 1
2967 311 12 43 9 1
2968 311 13 43 9 1
2969 311 14 43 9 1
2970 311 15 43 9 1
2971 311 16 43 9 1
2972 311 17 43 9 1
2973 311 18 43 9 1
2974 311 19 43 9 1
2975 311 20 43 9 1
2976 312 11 43 9 1
2977 312 12 43 9 1
2978 312 13 43 9 1
2979 312 14 43 9 1
2980 312 15 43 9 1
2981 312 16 43 9 1
2982 312 17 43 9 1
2983 312 18 43 9 1
2984 312 19 43 9 1
2985 312 20 43 9 1
2986 313 11 43 9 1
2987 313 12 43 9 1
2988 313 13 43 9 1
2989 313 14 43 9 1
2990 313 15 43 9 1
2991 313 16 43 9 1
2992 313 17 43 9 1
2993 313 18 43 9 1
2994 313 19 43 9 1
2995 313 20 43 9 1
2996 314 11 43 9 1
2997 314 12 43 9 1
2998 314 13 43 9 1
2999 314 14 43 9 1
3000 314 15 43 9 1
3001 314 16 43 9 1
3002 314 17 43 9 1
3003 314 18 43 9 1
3004 314 19 43 9 1
3005 314 20 43 9 1
3006 315 11 43 9 1
3007 315 12 43 9 1
3008 315 13 43 9 1
3009 315 14 43 9 1
3010 315 15 43 9 1
3011 315 16 43 9 1
3012 315 17 43 9 1
3013 315 18 43 9 1
3014 315 19 43 9 1
3015 315 20 43 9 1
3016 316 11 43 9 1
3017 316 12 43 9 1
3018 316 13 43 9 1
3019 316 14 43 9 1
3020 316 15 43 9 1
3021 316 16 43 9 1
3022 316 17 43 9 1
3023 316 18 43 9 1
3024 316 19 43 9 1
3025 316 20 43 9 1
3026 317 11 43 9 1
3027 317 12 43 9 1
3028 317 13 43 9 1
3029 317 14 43 9 1
3030 317 15 43 9 1
3031 317 16 43 9 1
3032 317 17 43 9 1
3033 317 18 43 9 1
3034 317 19 43 9 1
3035 317 20 43 9 1
3036 318 11 43 9 1
3037 318 12 43 9 1
3038 318 13 43 9 1
3039 318 14 43 9 1
3040 318 15 43 9 1
3041 318 16 43 9 1
3042 318 17 43 9 1
3043 318 18 43 9 1
3044 318 19 43 9 1
3045 318 20 43 9 1
3046 319 11 43 9 1
3047 319 12 43 9 1
3048 319 13 43 9 1
3049 319 14 43 9 1
3050 319 15 43 9 1
3051 319 16 43 9 1
3052 319 17 43 9 1
3053 319 18 43 9 1
3054 319 19 43 9 1
3055 319 20 43 9 1
3056 320 11 43 9 1
3057 320 12 43 9 1
3058 320 13 43 9 1
3059 320 14 43 9 1
3060 320 15 43 9 1
3061 320 16 43 9 1
3062 320 17 43 9 1
3063 320 18 43 9 1
3064 320 19 43 9 1
3065 320 20 43 9 1
3066 321 11 43 9 1
3067 321 12 43 9 1
3068 321 13 43 9 1
3069 321 14 43 9 1
3070 321 15 43 9 1
3071 321 16 43 9 1
3072 321 17 43 9 1
3073 321 18 43 9 1
3074 321 19 43 9 1
3075 321 20 43 9 1
3076 322 11 43 9 1
3077 322 12 43 9 1
3078 322 13 43 9 1
3079 322 14 43 9 1
3080 322 15 43 9 1
3081 322 16 43 9 1
3082 322 17 43 9 1
3083 322 18 43 9 1
3084 322 19 43 9 1
3085 322 20 43 9 1
3086 323 11 43 9 1
3087 323 12 43 9 1
3088 323 13 43 9 1
3089 323 14 43 9 1
3090 323 15 43 9 1
3091 323 16 43 9 1
3092 323 17 43 9 1
3093 323 18 43 9 1
3094 323 19 43 9 1
3095 323 20 43 9 1
3096 324 11 43 9 1
3097 324 12 43 9 1
3098 324 13 43 9 1
3099 324 14 43 9 1
3100 324 15 43 9 1
3101 324 16 43 9 1
3102 324 17 43 9 1
3103 324 18 43 9 1
3104 324 19 43 9 1
3105 324 20 43 9 1
3106 325 11 43 9 1
3107 325 12 43 9 1
3108 325 13 43 9 1
3109 325 14 43 9 1
3110 325 15 43 9 1
3111 325 16 43 9 1
3112 325 17 43 9 1
3113 325 18 43 9 1
3114 325 19 43 9 1
3115 325 20 43 9 1
3116 326 11 43 9 1
3117 326 12 43 9 1
3118 326 13 43 9 1
3119 326 14 43 9 1
3120 326 15 43 9 1
3121 326 16 43 9 1
3122 326 17 43 9 1
3123 326 18 43 9 1
3124 326 19 43 9 1
3125 326 20 43 9 1
3126 327 11 43 9 1
3127 327 12 43 9 1
3128 327 13 43 9 1
3129 327 14 43 9 1
3130 327 15 43 9 1
3131 327 16 43 9 1
3132 327 17 43 9 1
3133 327 18 43 9 1
3134 327 19 43 9 1
3135 327 20 43 9 1
3136 328 11 43 9 1
3137 328 12 43 9 1
3138 328 13 43 9 1
3139 328 14 43 9 1
3140 328 15 43 9 1
3141 328 16 43 9 1
3142 328 17 43 9 1
3143 328 18 43 9 1
3144 328 19 43 9 1
3145 328 20 43 9 1
3146 329 11 43 9 1
3147 329 12 43 9 1
3148 329 13 43 9 1
3149 329 14 43 9 1
3150 329 15 43 9 1
3151 329 16 43 9 1
3152 329 17 43 9 1
3153 329 18 43 9 1
3154 329 19 43 9 1
3155 329 20 43 9 1
3156 330 11 43 9 1
3157 330 12 43 9 1
3158 330 13 43 9 1
3159 330 14 43 9 1
3160 330 15 43 9 1
3161 330 16 43 9 1
3162 330 17 43 9 1
3163 330 18 43 9 1
3164 330 19 43 9 1
3165 330 20 43 9 1
3166 331 11 43 9 1
3167 331 12 43 9 1
3168 331 13 43 9 1
3169 331 14 43 9 1
3170 331 15 43 9 1
3171 331 16 43 9 1
3172 331 17 43 9 1
3173 331 18 43 9 1
3174 331 19 43 9 1
3175 331 20 43 9 1
3176 332 11 43 9 1
3177 332 12 43 9 1
3178 332 13 43 9 1
3179 332 14 43 9 1
3180 332 15 43 9 1
3181 332 16 43 9 1
3182 332 17 43 9 1
3183 332 18 43 9 1
3184 332 19 43 9 1
3185 332 20 43 9 1
3186 333 11 43 9 1
3187 333 12 43 9 1
3188 333 13 43 9 1
3189 333 14 43 9 1
3190 333 15 43 9 1
3191 333 16 43 9 1
3192 333 17 43 9 1
3193 333 18 43 9 1
3194 333 19 43 9 1
3195 333 20 43 9 1
3196 334 11 43 9 1
3197 334 12 43 9 1
3198 334 13 43 9 1
3199 334 14 43 9 1
3200 334 15 43 9 1
3201 334 16 43 9 1
3202 334 17 43 9 1
3203 334 18 43 9 1
3204 334 19 43 9 1
3205 334 20 43 9 1
3206 335 11 43 9 1
3207 335 12 43 9 1
3208 335 13 43 9 1
3209 335 14 43 9 1
3210 335 15 43 9 1
3211 335 16 43 9 1
3212 335 17 43 9 1
3213 335 18 43 9 1
3214 335 19 43 9 1
3215 335 20 43 9 1
3216 336 11 43 9 1
3217 336 12 43 9 1
3218 336 13 43 9 1
3219 336 14 43 9 1
3220 336 15 43 9 1
3221 336 16 43 9 1
3222 336 17 43 9 1
3223 336 18 43 9 1
3224 336 19 43 9 1
3225 336 20 43 9 1
3226 337 11 43 9 1
3227 337 12 43 9 1
3228 337 13 43 9 1
3229 337 14 43 9 1
3230 337 15 43 9 1
3231 337 16 43 9 1
3232 337 17 43 9 1
3233 337 18 43 9 1
3234 337 19 43 9 1
3235 337 20 43 9 1
3236 338 11 43 9 1
3237 338 12 43 9 1
3238 338 13 43 9 1
3239 338 14 43 9 1
3240 338 15 43 9 1
3241 338 16 43 9 1
3242 338 17 43 9 1
3243 338 18 43 9 1
3244 338 19 43 9 1
3245 338 20 43 9 1
3246 339 11 43 9 1
3247 339 12 43 9 1
3248 339 13 43 9 1
3249 339 14 43 9 1
3250 339 15 43 9 1
3251 339 16 43 9 1
3252 339 17 43 9 1
3253 339 18 43 9 1
3254 339 19 43 9 1
3255 339 20 43 9 1
3256 340 11 43 9 1
3257 340 12 43 9 1
3258 340 13 43 9 1
3259 340 14 43 9 1
3260 340 15 43 9 1
3261 340 16 43 9 1
3262 340 17 43 9 1
3263 340 18 43 9 1
3264 340 19 43 9 1
3265 340 20 43 9 1
3266 341 11 43 9 1
3267 341 12 43 9 1
3268 341 13 43 9 1
3269 341 14 43 9 1
3270 341 15 43 9 1
3271 341 16 43 9 1
3272 341 17 43 9 1
3273 341 18 43 9 1
3274 341 19 43 9 1
3275 341 20 43 9 1
3276 342 11 43 9 1
3277 342 12 43 9 1
3278 342 13 43 9 1
3279 342 14 43 9 1
3280 342 15 43 9 1
3281 342 16 43 9 1
3282 342 17 43 9 1
3283 342 18 43 9 1
3284 342 19 43 9 1
3285 342 20 43 9 1
3286 343 11 43 9 1
3287 343 12 43 9 1
3288 343 13 43 9 1
3289 343 14 43 9 1
3290 343 15 43 9 1
3291 343 16 43 9 1
3292 343 17 43 9 1
3293 343 18 43 9 1
3294 343 19 43 9 1
3295 343 20 43 9 1
3296 344 11 43 9 1
3297 344 12 43 9 1
3298 344 13 43 9 1
3299 344 14 43 9 1
3300 344 15 43 9 1
3301 344 16 43 9 1
3302 344 17 43 9 1
3303 344 18 43 9 1
3304 344 19 43 9 1
3305 344 20 43 9 1
3306 345 11 43 9 1
3307 345 12 43 9 1
3308 345 13 43 9 1
3309 345 14 43 9 1
3310 345 15 43 9 1
3311 345 16 43 9 1
3312 345 17 43 9 1
3313 345 18 43 9 1
3314 345 19 43 9 1
3315 345 20 43 9 1
3316 346 11 43 9 1
3317 346 12 43 9 1
3318 346 13 43 9 1
3319 346 14 43 9 1
3320 346 15 43 9 1
3321 346 16 43 9 1
3322 346 17 43 9 1
3323 346 18 43 9 1
3324 346 19 43 9 1
3325 346 20 43 9 1
3326 347 11 43 9 1
3327 347 12 43 9 1
3328 347 13 43 9 1
3329 347 14 43 9 1
3330 347 15 43 9 1
3331 347 16 43 9 1
3332 347 17 43 9 1
3333 347 18 43 9 1
3334 347 19 43 9 1
3335 347 20 43 9 1
3336 348 11 43 9 1
3337 348 12 43 9 1
3338 348 13 43 9 1
3339 348 14 43 9 1
3340 348 15 43 9 1
3341 348 16 43 9 1
3342 348 17 43 9 1
3343 348 18 43 9 1
3344 348 19 43 9 1
3345 348 20 43 9 1
3346 349 11 43 9 1
3347 349 12 43 9 1
3348 349 13 43 9 1
3349 349 14 43 9 1
3350 349 15 43 9 1
3351 349 16 43 9 1
3352 349 17 43 9 1
3353 349 18 43 9 1
3354 349 19 43 9 1
3355 349 20 43 9 1
3356 350 11 43 9 1
3357 350 12 43 9 1
3358 350 13 43 9 1
3359 350 14 43 9 1
3360 350 15 43 9 1
3361 350 16 43 9 1
3362 350 17 43 9 1
3363 350 18 43 9 1
3364 350 19 43 9 1
3365 350 20 43 9 1
3366 351 11 43 9 1
3367 351 12 43 9 1
3368 351 13 43 9 1
3369 351 14 43 9 1
3370 351 15 43 9 1
3371 351 16 43 9 1
3372 351 17 43 9 1
3373 351 18 43 9 1
3374 351 19 43 9 1
3375 351 20 43 9 1
3376 352 11 43 9 1
3377 352 12 43 9 1
3378 352 13 43 9 1
3379 352 14 43 9 1
3380 352 15 43 9 1
3381 352 16 43 9 1
3382 352 17 43 9 1
3383 352 18 43 9 1
3384 352 19 43 9 1
3385 352 20 43 9 1
3386 353 11 43 9 1
3387 353 12 43 9 1
3388 353 13 43 9 1
3389 353 14 43 9 1
3390 353 15 43 9 1
3391 353 16 43 9 1
3392 353 17 43 9 1
3393 353 18 43 9 1
3394 353 19 43 9 1
3395 353 20 43 9 1
3396 354 11 43 9 1
3397 354 12 43 9 1
3398 354 13 43 9 1
3399 354 14 43 9 1
3400 354 15 43 9 1
3401 354 16 43 9 1
3402 354 17 43 9 1
3403 354 18 43 9 1
3404 354 19 43 9 1
3405 354 20 43 9 1
3406 355 11 43 9 1
3407 355 12 43 9 1
3408 355 13 43 9 1
3409 355 14 43 9 1
3410 355 15 43 9 1
3411 355 16 43 9 1
3412 355 17 43 9 1
3413 355 18 43 9 1
3414 355 19 43 9 1
3415 355 20 43 9 1
3416 356 11 43 9 1
3417 356 12 43 9 1
3418 356 13 43 9 1
3419 356 14 43 9 1
3420 356 15 43 9 1
3421 356 16 43 9 1
3422 356 17 43 9 1
3423 356 18 43 9 1
3424 356 19 43 9 1
3425 356 20 43 9 1
3426 357 11 43 9 1
3427 357 12 43 9 1
3428 357 13 43 9 1
3429 357 14 43 9 1
3430 357 15 43 9 1
3431 357 16 43 9 1
3432 357 17 43 9 1
3433 357 18 43 9 1
3434 357 19 43 9 1
3435 357 20 43 9 1
3436 358 11 43 9 1
3437 358 12 43 9 1
3438 358 13 43 9 1
3439 358 16 43 9 1
3440 358 17 43 9 1
3441 358 18 43 9 1
3442 358 19 43 9 1
3443 358 20 43 9 1
3444 359 11 43 9 1
3445 359 12 43 9 1
3446 359 13 43 9 1
3447 359 16 43 9 1
3448 359 17 43 9 1
3449 359 18 43 9 1
3450 359 19 43 9 1
3451 359 20 43 9 1
3452 360 11 43 9 1
3453 360 12 43 9 1
3454 360 13 43 9 1
3455 360 16 43 9 1
3456 360 17 43 9 1
3457 360 18 43 9 1
3458 360 19 43 9 1
3459 360 20 43 9 1
3460 361 11 43 9 1
3461 361 12 43 9 1
3462 361 13 43 9 1
3463 361 16 43 9 1
3464 361 17 43 9 1
3465 361 18 43 9 1
3466 361 19 43 9 1
3467 361 20 43 9 1
3468 362 11 43 9 1
3469 362 12 43 9 1
3470 362 13 43 9 1
3471 362 14 43 9 1
3472 362 15 43 9 1
3473 362 18 43 9 1
3474 362 19 43 9 1
3475 362 20 43 9 1
3476 363 11 43 9 1
3477 363 12 43 9 1
3478 363 13 43 9 1
3479 363 14 43 9 1
3480 363 15 43 9 1
3481 363 18 43 9 1
3482 363 19 43 9 1
3483 363 20 43 9 1
3484 364 11 43 9 1
3485 364 12 43 9 1
3486 364 13 43 9 1
3487 364 14 43 9 1
3488 364 15 43 9 1
3489 364 18 43 9 1
3490 364 19 43 9 1
3491 364 20 43 9 1
3492 365 11 43 9 1
3493 365 12 43 9 1
3494 365 13 43 9 1
3495 365 14 43 9 1
3496 365 15 43 9 1
3497 365 18 43 9 1
3498 365 19 43 9 1
3499 365 20 43 9 1
3500 366 11 43 9 1
3501 366 12 43 9 1
3502 366 13 43 9 1
3503 366 14 43 9 1
3504 366 15 43 9 1
3505 366 16 43 9 1
3506 366 17 43 9 1
3507 366 18 43 9 1
3508 366 19 43 9 1
3509 366 20 43 9 1
3510 367 11 43 9 1
3511 367 12 43 9 1
3512 367 13 43 9 1
3513 367 14 43 9 1
3514 367 15 43 9 1
3515 367 16 43 9 1
3516 367 17 43 9 1
3517 367 18 43 9 1
3518 367 19 43 9 1
3519 367 20 43 9 1
3520 368 11 43 9 1
3521 368 12 43 9 1
3522 368 13 43 9 1
3523 368 14 43 9 1
3524 368 15 43 9 1
3525 368 16 43 9 1
3526 368 17 43 9 1
3527 368 18 43 9 1
3528 368 19 43 9 1
3529 368 20 43 9 1
3530 369 11 43 9 1
3531 369 12 43 9 1
3532 369 13 43 9 1
3533 369 14 43 9 1
3534 369 15 43 9 1
3535 369 16 43 9 1
3536 369 17 43 9 1
3537 369 18 43 9 1
3538 369 19 43 9 1
3539 369 20 43 9 1
3540 370 11 43 9 1
3541 370 12 43 9 1
3542 370 13 43 9 1
3543 370 14 43 9 1
3544 370 15 43 9 1
3545 370 16 43 9 1
3546 370 17 43 9 1
3547 370 18 43 9 1
3548 370 19 43 9 1
3549 370 20 43 9 1
3550 371 11 43 9 1
3551 371 12 43 9 1
3552 371 13 43 9 1
3553 371 14 43 9 1
3554 371 15 43 9 1
3555 371 16 43 9 1
3556 371 17 43 9 1
3557 371 18 43 9 1
3558 371 19 43 9 1
3559 371 20 43 9 1
3560 372 11 43 9 1
3561 372 12 43 9 1
3562 372 13 43 9 1
3563 372 14 43 9 1
3564 372 15 43 9 1
3565 372 16 43 9 1
3566 372 17 43 9 1
3567 372 18 43 9 1
3568 372 19 43 9 1
3569 372 20 43 9 1
3570 373 11 43 9 1
3571 373 12 43 9 1
3572 373 13 43 9 1
3573 373 14 43 9 1
3574 373 15 43 9 1
3575 373 16 43 9 1
3576 373 17 43 9 1
3577 373 18 43 9 1
3578 373 19 43 9 1
3579 373 20 43 9 1
3580 374 11 43 9 1
3581 374 12 43 9 1
3582 374 13 43 9 1
3583 374 14 43 9 1
3584 374 15 43 9 1
3585 374 16 43 9 1
3586 374 17 43 9 1
3587 374 18 43 9 1
3588 374 19 43 9 1
3589 374 20 43 9 1
3590 375 11 43 9 1
3591 375 12 43 9 1
3592 375 13 43 9 1
3593 375 14 43 9 1
3594 375 15 43 9 1
3595 375 16 43 9 1
3596 375 17 43 9 1
3597 375 18 43 9 1
3598 375 19 43 9 1
3599 375 20 43 9 1
3600 376 11 43 9 1
3601 376 12 43 9 1
3602 376 13 43 9 1
3603 376 14 43 9 1
3604 376 15 43 9 1
3605 376 16 43 9 1
3606 376 17 43 9 1
3607 376 18 43 9 1
3608 376 19 43 9 1
3609 376 20 43 9 1
3610 377 11 43 9 1
3611 377 12 43 9 1
3612 377 13 43 9 1
3613 377 14 43 9 1
3614 377 15 43 9 1
3615 377 16 43 9 1
3616 377 17 43 9 1
3617 377 18 43 9 1
3618 377 19 43 9 1
3619 377 20 43 9 1
3620 378 11 43 9 1
3621 378 12 43 9 1
3622 378 13 43 9 1
3623 378 14 43 9 1
3624 378 15 43 9 1
3625 378 16 43 9 1
3626 378 17 43 9 1
3627 378 18 43 9 1
3628 378 19 43 9 1
3629 378 20 43 9 1
3630 379 11 43 9 1
3631 379 12 43 9 1
3632 379 13 43 9 1
3633 379 14 43 9 1
3634 379 15 43 9 1
3635 379 16 43 9 1
3636 379 17 43 9 1
3637 379 18 43 9 1
3638 379 19 43 9 1
3639 379 20 43 9 1
3640 380 11 43 9 1
3641 380 12 43 9 1
3642 380 13 43 9 1
3643 380 14 43 9 1
3644 380 15 43 9 1
3645 380 16 43 9 1
3646 380 17 43 9 1
3647 380 18 43 9 1
3648 380 19 43 9 1
3649 380 20 43 9 1
3650 381 11 43 9 1
3651 381 12 43 9 1
3652 381 13 43 9 1
3653 381 14 43 9 1
3654 381 15 43 9 1
3655 381 16 43 9 1
3656 381 17 43 9 1
3657 381 18 43 9 1
3658 381 19 43 9 1
3659 381 20 43 9 1
3660 382 11 43 9 1
3661 382 12 43 9 1
3662 382 13 43 9 1
3663 382 14 43 9 1
3664 382 15 43 9 1
3665 382 16 43 9 1
3666 382 17 43 9 1
3667 382 18 43 9 1
3668 382 19 43 9 1
3669 382 20 43 9 1
3670 383 11 43 9 1
3671 383 12 43 9 1
3672 383 13 43 9 1
3673 383 14 43 9 1
3674 383 15 43 9 1
3675 383 16 43 9 1
3676 383 17 43 9 1
3677 383 18 43 9 1
3678 383 19 43 9 1
3679 383 20 43 9 1
3680 384 11 43 9 1
3681 384 14 43 9 1
3682 384 15 43 9 1
3683 384 16 43 9 1
3684 384 17 43 9 1
3685 384 18 43 9 1
3686 384 19 43 9 1
3687 384 20 43 9 1
3688 385 11 43 9 1
3689 385 14 43 9 1
3690 385 15 43 9 1
3691 385 16 43 9 1
3692 385 17 43 9 1
3693 385 18 43 9 1
3694 385 19 43 9 1
3695 385 20 43 9 1
3696 386 11 43 9 1
3697 386 12 43 9 1
3698 386 13 43 9 1
3699 386 14 43 9 1
3700 386 15 43 9 1
3701 386 16 43 9 1
3702 386 17 43 9 1
3703 386 20 43 9 1
3704 387 11 43 9 1
3705 387 12 43 9 1
3706 387 13 43 9 1
3707 387 14 43 9 1
3708 387 15 43 9 1
3709 387 16 43 9 1
3710 387 17 43 9 1
3711 387 20 43 9 1
3712 388 11 43 9 1
3713 388 12 43 9 1
3714 388 13 43 9 1
3715 388 14 43 9 1
3716 388 15 43 9 1
3717 388 16 43 9 1
3718 388 17 43 9 1
3719 388 18 43 9 1
3720 388 19 43 9 1
3721 388 20 43 9 1
3722 389 11 43 9 1
3723 389 12 43 9 1
3724 389 13 43 9 1
3725 389 14 43 9 1
3726 389 15 43 9 1
3727 389 16 43 9 1
3728 389 17 43 9 1
3729 389 18 43 9 1
3730 389 19 43 9 1
3731 389 20 43 9 1
3732 390 11 43 9 1
3733 390 12 43 9 1
3734 390 13 43 9 1
3735 390 14 43 9 1
3736 390 15 43 9 1
3737 390 16 43 9 1
3738 390 17 43 9 1
3739 390 18 43 9 1
3740 390 19 43 9 1
3741 390 20 43 9 1
3742 391 11 43 9 1
3743 391 12 43 9 1
3744 391 13 43 9 1
3745 391 14 43 9 1
3746 391 15 43 9 1
3747 391 16 43 9 1
3748 391 17 43 9 1
3749 391 18 43 9 1
3750 391 19 43 9 1
3751 391 20 43 9 1
3752 392 11 43 9 1
3753 392 12 43 9 1
3754 392 13 43 9 1
3755 392 14 43 9 1
3756 392 15 43 9 1
3757 392 16 43 9 1
3758 392 17 43 9 1
3759 392 18 43 9 1
3760 392 19 43 9 1
3761 392 20 43 9 1
3762 393 11 43 9 1
3763 393 12 43 9 1
3764 393 13 43 9 1
3765 393 14 43 9 1
3766 393 15 43 9 1
3767 393 16 43 9 1
3768 393 17 43 9 1
3769 393 18 43 9 1
3770 393 19 43 9 1
3771 393 20 43 9 1
3772 394 11 43 9 1
3773 394 12 43 9 1
3774 394 13 43 9 1
3775 394 14 43 9 1
3776 394 15 43 9 1
3777 394 16 43 9 1
3778 394 17 43 9 1
3779 394 18 43 9 1
3780 394 19 43 9 1
3781 394 20 43 9 1
3782 395 11 43 9 1
3783 395 12 43 9 1
3784 395 13 43 9 1
3785 395 14 43 9 1
3786 395 15 43 9 1
3787 395 16 43 9 1
3788 395 17 43 9 1
3789 395 18 43 9 1
3790 395 19 43 9 1
3791 395 20 43 9 1
3792 396 11 43 9 1
3793 396 12 43 9 1
3794 396 13 43 9 1
3795 396 14 43 9 1
3796 396 15 43 9 1
3797 396 16 43 9 1
3798 396 17 43 9 1
3799 396 18 43 9 1
3800 396 19 43 9 1
3801 396 20 43 9 1
3802 397 11 43 9 1
3803 397 12 43 9 1
3804 397 13 43 9 1
3805 397 14 43 9 1
3806 397 15 43 9 1
3807 397 16 43 9 1
3808 397 17 43 9 1
3809 397 18 43 9 1
3810 397 19 43 9 1
3811 397 20 43 9 1
3812 398 11 43 9 1
3813 398 12 43 9 1
3814 398 13 43 9 1
3815 398 14 43 9 1
3816 398 15 43 9 1
3817 398 16 43 9 1
3818 398 17 43 9 1
3819 398 18 43 9 1
3820 398 19 43 9 1
3821 398 20 43 9 1
3822 399 11 43 9 1
3823 399 12 43 9 1
3824 399 13 43 9 1
3825 399 14 43 9 1
3826 399 15 43 9 1
3827 399 16 43 9 1
3828 399 17 43 9 1
3829 399 18 43 9 1
3830 399 19 43 9 1
3831 399 20 43 9 1
3832 400 11 43 9 1
3833 400 12 43 9 1
3834 400 13 43 9 1
3835 400 14 43 9 1
3836 400 15 43 9 1
3837 400 16 43 9 1
3838 400 17 43 9 1
3839 400 18 43 9 1
3840 400 19 43 9 1
3841 400 20 43 9 1
3842 401 11 43 9 1
3843 401 12 43 9 1
3844 401 13 43 9 1
3845 401 14 43 9 1
3846 401 15 43 9 1
3847 401 16 43 9 1
3848 401 17 43 9 1
3849 401 18 43 9 1
3850 401 19 43 9 1
3851 401 20 43 9 1
3852 402 11 43 9 1
3853 402 12 43 9 1
3854 402 13 43 9 1
3855 402 14 43 9 1
3856 402 15 43 9 1
3857 402 16 43 9 1
3858 402 17 43 9 1
3859 402 18 43 9 1
3860 402 19 43 9 1
3861 402 20 43 9 1
3862 403 11 43 9 1
3863 403 12 43 9 1
3864 403 13 43 9 1
3865 403 14 43 9 1
3866 403 15 43 9 1
3867 403 16 43 9 1
3868 403 17 43 9 1
3869 403 18 43 9 1
3870 403 19 43 9 1
3871 403 20 43 9 1
3872 404 11 43 9 1
3873 404 12 43 9 1
3874 404 13 43 9 1
3875 404 14 43 9 1
3876 404 15 43 9 1
3877 404 16 43 9 1
3878 404 17 43 9 1
3879 404 18 43 9 1
3880 404 19 43 9 1
3881 404 20 43 9 1
3882 405 11 43 9 1
3883 405 12 43 9 1
3884 405 13 43 9 1
3885 405 14 43 9 1
3886 405 15 43 9 1
3887 405 16 43 9 1
3888 405 17 43 9 1
3889 405 18 43 9 1
3890 405 19 43 9 1
3891 405 20 43 9 1
3892 406 11 43 9 1
3893 406 12 43 9 1
3894 406 13 43 9 1
3895 406 14 43 9 1
3896 406 15 43 9 1
3897 406 16 43 9 1
3898 406 17 43 9 1
3899 406 18 43 9 1
3900 406 19 43 9 1
3901 406 20 43 9 1
3902 407 11 43 9 1
3903 407 12 43 9 1
3904 407 13 43 9 1
3905 407 14 43 9 1
3906 407 15 43 9 1
3907 407 16 43 9 1
3908 407 17 43 9 1
3909 407 18 43 9 1
3910 407 19 43 9 1
3911 407 20 43 9 1
3912 408 11 43 9 1
3913 408 12 43 9 1
3914 408 13 43 9 1
3915 408 14 43 9 1
3916 408 15 43 9 1
3917 408 16 43 9 1
3918 408 17 43 9 1
3919 408 18 43 9 1
3920 408 19 43 9 1
3921 408 20 43 9 1
3922 409 11 43 9 1
3923 409 12 43 9 1
3924 409 13 43 9 1
3925 409 14 43 9 1
3926 409 15 43 9 1
3927 409 16 43 9 1
3928 409 17 43 9 1
3929 409 18 43 9 1
3930 409 19 43 9 1
3931 409 20 43 9 1
3932 410 11 43 9 1
3933 410 12 43 9 1
3934 410 13 43 9 1
3935 410 14 43 9 1
3936 410 15 43 9 1
3937 410 16 43 9 1
3938 410 17 43 9 1
3939 410 18 43 9 1
3940 410 19 43 9 1
3941 410 20 43 9 1
3942 411 11 43 9 1
3943 411 12 43 9 1
3944 411 13 43 9 1
3945 411 14 43 9 1
3946 411 15 43 9 1
3947 411 16 43 9 1
3948 411 17 43 9 1
3949 411 18 43 9 1
3950 411 19 43 9 1
3951 411 20 43 9 1
3952 412 11 43 9 1
3953 412 12 43 9 1
3954 412 13 43 9 1
3955 412 14 43 9 1
3956 412 15 43 9 1
3957 412 16 43 9 1
3958 412 17 43 9 1
3959 412 18 43 9 1
3960 412 19 43 9 1
3961 412 20 43 9 1
3962 413 11 43 9 1
3963 413 12 43 9 1
3964 413 13 43 9 1
3965 413 14 43 9 1
3966 413 15 43 9 1
3967 413 16 43 9 1
3968 413 17 43 9 1
3969 413 18 43 9 1
3970 413 19 43 9 1
3971 413 20 43 9 1
3972 414 11 43 9 1
3973 414 12 43 9 1
3974 414 13 43 9 1
3975 414 14 43 9 1
3976 414 15 43 9 1
3977 414 16 43 9 1
3978 414 17 43 9 1
3979 414 18 43 9 1
3980 414 19 43 9 1
3981 414 20 43 9 1
3982 415 11 43 9 1
3983 415 12 43 9 1
3984 415 13 43 9 1
3985 415 14 43 9 1
3986 415 15 43 9 1
3987 415 16 43 9 1
3988 415 17 43 9 1
3989 415 18 43 9 1
3990 415 19 43 9 1
3991 415 20 43 9 1
3992 416 11 43 9 1
3993 416 12 43 9 1
3994 416 13 43 9 1
3995 416 14 43 9 1
3996 416 15 43 9 1
3997 416 16 43 9 1
3998 416 17 43 9 1
3999 416 18 43 9 1
4000 416 19 43 9 1
4001 416 20 43 9 1
4002 417 11 43 9 1
4003 417 12 43 9 1
4004 417 13 43 9 1
4005 417 14 43 9 1
4006 417 15 43 9 1
4007 417 16 43 9 1
4008 417 17 43 9 1
4009 417 18 43 9 1
4010 417 19 43 9 1
4011 417 20 43 9 1
4012 418 11 43 9 1
4013 418 12 43 9 1
4014 418 13 43 9 1
4015 418 14 43 9 1
4016 418 15 43 9 1
4017 418 16 43 9 1
4018 418 17 43 9 1
4019 418 18 43 9 1
4020 418 19 43 9 1
4021 418 20 43 9 1
4022 419 11 43 9 1
4023 419 12 43 9 1
4024 419 13 43 9 1
4025 419 14 43 9 1
4026 419 15 43 9 1
4027 419 16 43 9 1
4028 419 17 43 9 1
4029 419 18 43 9 1
4030 419 19 43 9 1
4031 419 20 43 9 1
4032 420 11 43 9 1
4033 420 12 43 9 1
4034 420 13 43 9 1
4035 420 14 43 9 1
4036 420 15 43 9 1
4037 420 16 43 9 1
4038 420 17 43 9 1
4039 420 18 43 9 1
4040 420 19 43 9 1
4041 420 20 43 9 1
4042 421 11 43 9 1
4043 421 12 43 9 1
4044 421 13 43 9 1
4045 421 14 43 9 1
4046 421 15 43 9 1
4047 421 16 43 9 1
4048 421 17 43 9 1
4049 421 18 43 9 1
4050 421 19 43 9 1
4051 421 20 43 9 1
4052 422 11 43 9 1
4053 422 12 43 9 1
4054 422 13 43 9 1
4055 422 14 43 9 1
4056 422 15 43 9 1
4057 422 16 43 9 1
4058 422 17 43 9 1
4059 422 18 43 9 1
4060 422 19 43 9 1
4061 422 20 43 9 1
4062 423 11 43 9 1
4063 423 12 43 9 1
4064 423 13 43 9 1
4065 423 14 43 9 1
4066 423 15 43 9 1
4067 423 16 43 9 1
4068 423 17 43 9 1
4069 423 18 43 9 1
4070 423 19 43 9 1
4071 423 20 43 9 1
4072 424 11 43 9 1
4073 424 12 43 9 1
4074 424 13 43 9 1
4075 424 14 43 9 1
4076 424 15 43 9 1
4077 424 16 43 9 1
4078 424 17 43 9 1
4079 424 18 43 9 1
4080 424 19 43 9 1
4081 424 20 43 9 1
4082 425 11 43 9 1
4083 425 12 43 9 1
4084 425 13 43 9 1
4085 425 14 43 9 1
4086 425 15 43 9 1
4087 425 16 43 9 1
4088 425 17 43 9 1
4089 425 18 43 9 1
4090 425 19 43 9 1
4091 425 20 43 9 1
4092 426 11 43 9 1
4093 426 12 43 9 1
4094 426 13 43 9 1
4095 426 14 43 9 1
4096 426 15 43 9 1
4097 426 16 43 9 1
4098 426 17 43 9 1
4099 426 18 43 9 1
4100 426 19 43 9 1
4101 426 20 43 9 1
4102 427 11 43 9 1
4103 427 12 43 9 1
4104 427 13 43 9 1
4105 427 14 43 9 1
4106 427 15 43 9 1
4107 427 16 43 9 1
4108 427 17 43 9 1
4109 427 18 43 9 1
4110 427 19 43 9 1
4111 427 20 43 9 1
4112 428 11 43 9 1
4113 428 12 43 9 1
4114 428 13 43 9 1
4115 428 14 43 9 1
4116 428 15 43 9 1
4117 428 16 43 9 1
4118 428 17 43 9 1
4119 428 18 43 9 1
4120 428 19 43 9 1
4121 428 20 43 9 1
4122 429 11 43 9 1
4123 429 12 43 9 1
4124 429 13 43 9 1
4125 429 14 43 9 1
4126 429 15 43 9 1
4127 429 16 43 9 1
4128 429 17 43 9 1
4129 429 18 43 9 1
4130 429 19 43 9 1
4131 429 20 43 9 1
4132 430 11 43 9 1
4133 430 12 43 9 1
4134 430 13 43 9 1
4135 430 14 43 9 1
4136 430 15 43 9 1
4137 430 16 43 9 1
4138 430 17 43 9 1
4139 430 18 43 9 1
4140 430 19 43 9 1
4141 430 20 43 9 1
4142 431 11 43 9 1
4143 431 12 43 9 1
4144 431 13 43 9 1
4145 431 14 43 9 1
4146 431 15 43 9 1
4147 431 16 43 9 1
4148 431 17 43 9 1
4149 431 18 43 9 1
4150 431 19 43 9 1
4151 431 20 43 9 1
4152 432 11 43 9 1
4153 432 12 43 9 1
4154 432 13 43 9 1
4155 432 14 43 9 1
4156 432 15 43 9 1
4157 432 16 43 9 1
4158 432 17 43 9 1
4159 432 18 43 9 1
4160 432 19 43 9 1
4161 432 20 43 9 1
4162 433 11 43 9 1
4163 433 12 43 9 1
4164 433 13 43 9 1
4165 433 14 43 9 1
4166 433 15 43 9 1
4167 433 16 43 9 1
4168 433 17 43 9 1
4169 433 18 43 9 1
4170 433 19 43 9 1
4171 433 20 43 9 1
4172 434 11 43 9 1
4173 434 12 43 9 1
4174 434 13 43 9 1
4175 434 14 43 9 1
4176 434 15 43 9 1
4177 434 16 43 9 1
4178 434 17 43 9 1
4179 434 18 43 9 1
4180 434 19 43 9 1
4181 434 20 43 9 1
4182 435 11 43 9 1
4183 435 12 43 9 1
4184 435 13 43 9 1
4185 435 14 43 9 1
4186 435 15 43 9 1
4187 435 16 43 9 1
4188 435 17 43 9 1
4189 435 18 43 9 1
4190 435 19 43 9 1
4191 435 20 43 9 1
4192 436 11 43 9 1
4193 436 12 43 9 1
4194 436 13 43 9 1
4195 436 14 43 9 1
4196 436 15 43 9 1
4197 436 16 43 9 1
4198 436 17 43 9 1
4199 436 18 43 9 1
4200 436 19 43 9 1
4201 436 20 43 9 1
4202 437 11 43 9 1
4203 437 12 43 9 1
4204 437 13 43 9 1
4205 437 14 43 9 1
4206 437 15 43 9 1
4207 437 16 43 9 1
4208 437 17 43 9 1
4209 437 18 43 9 1
4210 437 19 43 9 1
4211 437 20 43 9 1
4212 438 11 43 9 1
4213 438 12 43 9 1
4214 438 13 43 9 1
4215 438 14 43 9 1
4216 438 15 43 9 1
4217 438 18 43 9 1
4218 438 19 43 9 1
4219 438 20 43 9 1
4220 439 11 43 9 1
4221 439 12 43 9 1
4222 439 13 43 9 1
4223 439 14 43 9 1
4224 439 15 43 9 1
4225 439 18 43 9 1
4226 439 19 43 9 1
4227 439 20 43 9 1
4228 440 11 43 9 1
4229 440 12 43 9 1
4230 440 13 43 9 1
4231 440 16 43 9 1
4232 440 17 43 9 1
4233 440 18 43 9 1
4234 440 19 43 9 1
4235 440 20 43 9 1
4236 441 11 43 9 1
4237 441 12 43 9 1
4238 441 13 43 9 1
4239 441 16 43 9 1
4240 441 17 43 9 1
4241 441 18 43 9 1
4242 441 19 43 9 1
4243 441 20 43 9 1
4244 442 11 43 9 1
4245 442 12 43 9 1
4246 442 13 43 9 1
4247 442 14 43 9 1
4248 442 15 43 9 1
4249 442 16 43 9 1
4250 442 17 43 9 1
4251 442 18 43 9 1
4252 442 19 43 9 1
4253 442 20 43 9 1
4254 443 11 43 9 1
4255 443 12 43 9 1
4256 443 13 43 9 1
4257 443 14 43 9 1
4258 443 15 43 9 1
4259 443 16 43 9 1
4260 443 17 43 9 1
4261 443 18 43 9 1
4262 443 19 43 9 1
4263 443 20 43 9 1
4264 444 11 43 9 1
4265 444 12 43 9 1
4266 444 13 43 9 1
4267 444 14 43 9 1
4268 444 15 43 9 1
4269 444 16 43 9 1
4270 444 17 43 9 1
4271 444 18 43 9 1
4272 444 19 43 9 1
4273 444 20 43 9 1
4274 445 11 43 9 1
4275 445 12 43 9 1
4276 445 13 43 9 1
4277 445 14 43 9 1
4278 445 15 43 9 1
4279 445 16 43 9 1
4280 445 17 43 9 1
4281 445 18 43 9 1
4282 445 19 43 9 1
4283 445 20 43 9 1
4284 446 11 43 9 1
4285 446 12 43 9 1
4286 446 13 43 9 1
4287 446 14 43 9 1
4288 446 15 43 9 1
4289 446 16 43 9 1
4290 446 17 43 9 1
4291 446 18 43 9 1
4292 446 19 43 9 1
4293 446 20 43 9 1
4294 447 11 43 9 1
4295 447 12 43 9 1
4296 447 13 43 9 1
4297 447 14 43 9 1
4298 447 15 43 9 1
4299 447 16 43 9 1
4300 447 17 43 9 1
4301 447 18 43 9 1
4302 447 19 43 9 1
4303 447 20 43 9 1
4304 448 11 43 9 1
4305 448 12 43 9 1
4306 448 13 43 9 1
4307 448 14 43 9 1
4308 448 15 43 9 1
4309 448 16 43 9 1
4310 448 17 43 9 1
4311 448 18 43 9 1
4312 448 19 43 9 1
4313 448 20 43 9 1
4314 449 11 43 9 1
4315 449 12 43 9 1
4316 449 13 43 9 1
4317 449 14 43 9 1
4318 449 15 43 9 1
4319 449 16 43 9 1
4320 449 17 43 9 1
4321 449 18 43 9 1
4322 449 19 43 9 1
4323 449 20 43 9 1
4324 450 11 43 9 1
4325 450 12 43 9 1
4326 450 13 43 9 1
4327 450 14 43 9 1
4328 450 15 43 9 1
4329 450 16 43 9 1
4330 450 17 43 9 1
4331 450 18 43 9 1
4332 450 19 43 9 1
4333 450 20 43 9 1
4334 451 11 43 9 1
4335 451 12 43 9 1
4336 451 13 43 9 1
4337 451 14 43 9 1
4338 451 15 43 9 1
4339 451 16 43 9 1
4340 451 17 43 9 1
4341 451 18 43 9 1
4342 451 19 43 9 1
4343 451 20 43 9 1
4344 452 11 43 9 1
4345 452 12 43 9 1
4346 452 13 43 9 1
4347 452 16 43 9 1
4348 452 17 43 9 1
4349 452 18 43 9 1
4350 452 19 43 9 1
4351 452 20 43 9 1
4352 453 11 43 9 1
4353 453 12 43 9 1
4354 453 13 43 9 1
4355 453 16 43 9 1
4356 453 17 43 9 1
4357 453 18 43 9 1
4358 453 19 43 9 1
4359 453 20 43 9 1
4360 454 11 43 9 1
4361 454 12 43 9 1
4362 454 13 43 9 1
4363 454 14 43 9 1
4364 454 15 43 9 1
4365 454 18 43 9 1
4366 454 19 43 9 1
4367 454 20 43 9 1
4368 455 11 43 9 1
4369 455 12 43 9 1
4370 455 13 43 9 1
4371 455 14 43 9 1
4372 455 15 43 9 1
4373 455 18 43 9 1
4374 455 19 43 9 1
4375 455 20 43 9 1
4376 456 11 43 9 1
4377 456 12 43 9 1
4378 456 13 43 9 1
4379 456 14 43 9 1
4380 456 15 43 9 1
4381 456 16 43 9 1
4382 456 17 43 9 1
4383 456 18 43 9 1
4384 456 19 43 9 1
4385 456 20 43 9 1
4386 457 11 43 9 1
4387 457 12 43 9 1
4388 457 13 43 9 1
4389 457 14 43 9 1
4390 457 15 43 9 1
4391 457 16 43 9 1
4392 457 17 43 9 1
4393 457 18 43 9 1
4394 457 19 43 9 1
4395 457 20 43 9 1
4396 458 11 43 9 1
4397 458 12 43 9 1
4398 458 13 43 9 1
4399 458 14 43 9 1
4400 458 15 43 9 1
4401 458 16 43 9 1
4402 458 17 43 9 1
4403 458 18 43 9 1
4404 458 19 43 9 1
4405 458 20 43 9 1
4406 459 11 43 9 1
4407 459 12 43 9 1
4408 459 13 43 9 1
4409 459 14 43 9 1
4410 459 15 43 9 1
4411 459 16 43 9 1
4412 459 17 43 9 1
4413 459 18 43 9 1
4414 459 19 43 9 1
4415 459 20 43 9 1
4416 460 11 43 9 1
4417 460 12 43 9 1
4418 460 13 43 9 1
4419 460 14 43 9 1
4420 460 15 43 9 1
4421 460 16 43 9 1
4422 460 19 43 9 1
4423 460 20 43 9 1
4424 461 11 43 9 1
4425 461 12 43 9 1
4426 461 13 43 9 1
4427 461 14 43 9 1
4428 461 15 43 9 1
4429 461 16 43 9 1
4430 461 19 43 9 1
4431 461 20 43 9 1
4432 462 11 43 9 1
4433 462 12 43 9 1
4434 462 13 43 9 1
4435 462 14 43 9 1
4436 462 15 43 9 1
4437 462 16 43 9 1
4438 462 19 43 9 1
4439 462 20 43 9 1
4440 463 11 43 9 1
4441 463 12 43 9 1
4442 463 13 43 9 1
4443 463 14 43 9 1
4444 463 15 43 9 1
4445 463 16 43 9 1
4446 463 19 43 9 1
4447 463 20 43 9 1
4448 464 11 43 9 1
4449 464 12 43 9 1
4450 464 15 43 9 1
4451 464 16 43 9 1
4452 464 17 43 9 1
4453 464 18 43 9 1
4454 464 19 43 9 1
4455 464 20 43 9 1
4456 465 11 43 9 1
4457 465 12 43 9 1
4458 465 15 43 9 1
4459 465 16 43 9 1
4460 465 17 43 9 1
4461 465 18 43 9 1
4462 465 19 43 9 1
4463 465 20 43 9 1
4464 466 11 43 9 1
4465 466 12 43 9 1
4466 466 15 43 9 1
4467 466 16 43 9 1
4468 466 17 43 9 1
4469 466 18 43 9 1
4470 466 19 43 9 1
4471 466 20 43 9 1
4472 467 11 43 9 1
4473 467 12 43 9 1
4474 467 15 43 9 1
4475 467 16 43 9 1
4476 467 17 43 9 1
4477 467 18 43 9 1
4478 467 19 43 9 1
4479 467 20 43 9 1
4480 468 11 43 9 1
4481 468 12 43 9 1
4482 468 13 43 9 1
4483 468 14 43 9 1
4484 468 15 43 9 1
4485 468 16 43 9 1
4486 468 17 43 9 1
4487 468 18 43 9 1
4488 468 19 43 9 1
4489 468 20 43 9 1
4490 469 11 43 9 1
4491 469 12 43 9 1
4492 469 13 43 9 1
4493 469 14 43 9 1
4494 469 15 43 9 1
4495 469 16 43 9 1
4496 469 17 43 9 1
4497 469 18 43 9 1
4498 469 19 43 9 1
4499 469 20 43 9 1
4500 470 11 43 9 1
4501 470 12 43 9 1
4502 470 13 43 9 1
4503 470 14 43 9 1
4504 470 15 43 9 1
4505 470 16 43 9 1
4506 470 17 43 9 1
4507 470 18 43 9 1
4508 470 19 43 9 1
4509 470 20 43 9 1
4510 471 11 43 9 1
4511 471 12 43 9 1
4512 471 13 43 9 1
4513 471 14 43 9 1
4514 471 15 43 9 1
4515 471 16 43 9 1
4516 471 17 43 9 1
4517 471 18 43 9 1
4518 471 19 43 9 1
4519 471 20 43 9 1
4520 472 11 43 9 1
4521 472 12 43 9 1
4522 472 13 43 9 1
4523 472 14 43 9 1
4524 472 15 43 9 1
4525 472 16 43 9 1
4526 472 17 43 9 1
4527 472 18 43 9 1
4528 472 19 43 9 1
4529 472 20 43 9 1
4530 473 11 43 9 1
4531 473 12 43 9 1
4532 473 13 43 9 1
4533 473 14 43 9 1
4534 473 15 43 9 1
4535 473 16 43 9 1
4536 473 17 43 9 1
4537 473 18 43 9 1
4538 473 19 43 9 1
4539 473 20 43 9 1
4540 474 11 43 9 1
4541 474 12 43 9 1
4542 474 13 43 9 1
4543 474 14 43 9 1
4544 474 15 43 9 1
4545 474 16 43 9 1
4546 474 17 43 9 1
4547 474 18 43 9 1
4548 474 19 43 9 1
4549 474 20 43 9 1
4550 475 11 43 9 1
4551 475 12 43 9 1
4552 475 13 43 9 1
4553 475 14 43 9 1
4554 475 15 43 9 1
4555 475 16 43 9 1
4556 475 17 43 9 1
4557 475 18 43 9 1
4558 475 19 43 9 1
4559 475 20 43 9 1
4560 476 11 43 9 1
4561 476 12 43 9 1
4562 476 13 43 9 1
4563 476 14 43 9 1
4564 476 15 43 9 1
4565 476 16 43 9 1
4566 476 17 43 9 1
4567 476 18 43 9 1
4568 476 19 43 9 1
4569 476 20 43 9 1
4570 477 11 43 9 1
4571 477 12 43 9 1
4572 477 13 43 9 1
4573 477 14 43 9 1
4574 477 15 43 9 1
4575 477 16 43 9 1
4576 477 17 43 9 1
4577 477 18 43 9 1
4578 477 19 43 9 1
4579 477 20 43 9 1
4580 478 11 43 9 1
4581 478 12 43 9 1
4582 478 13 43 9 1
4583 478 14 43 9 1
4584 478 15 43 9 1
4585 478 16 43 9 1
4586 478 17 43 9 1
4587 478 18 43 9 1
4588 478 19 43 9 1
4589 478 20 43 9 1
4590 479 11 43 9 1
4591 479 12 43 9 1
4592 479 13 43 9 1
4593 479 14 43 9 1
4594 479 15 43 9 1
4595 479 16 43 9 1
4596 479 17 43 9 1
4597 479 18 43 9 1
4598 479 19 43 9 1
4599 479 20 43 9 1
4600 480 11 43 9 1
4601 480 12 43 9 1
4602 480 13 43 9 1
4603 480 14 43 9 1
4604 480 15 43 9 1
4605 480 16 43 9 1
4606 480 17 43 9 1
4607 480 18 43 9 1
4608 480 19 43 9 1
4609 480 20 43 9 1
4610 481 11 43 9 1
4611 481 12 43 9 1
4612 481 13 43 9 1
4613 481 14 43 9 1
4614 481 15 43 9 1
4615 481 16 43 9 1
4616 481 17 43 9 1
4617 481 18 43 9 1
4618 481 19 43 9 1
4619 481 20 43 9 1
4620 482 11 43 9 1
4621 482 12 43 9 1
4622 482 13 43 9 1
4623 482 14 43 9 1
4624 482 15 43 9 1
4625 482 16 43 9 1
4626 482 17 43 9 1
4627 482 18 43 9 1
4628 482 19 43 9 1
4629 482 20 43 9 1
4630 483 11 43 9 1
4631 483 12 43 9 1
4632 483 13 43 9 1
4633 483 14 43 9 1
4634 483 15 43 9 1
4635 483 16 43 9 1
4636 483 17 43 9 1
4637 483 18 43 9 1
4638 483 19 43 9 1
4639 483 20 43 9 1
4640 484 11 43 9 1
4641 484 12 43 9 1
4642 484 13 43 9 1
4643 484 14 43 9 1
4644 484 15 43 9 1
4645 484 16 43 9 1
4646 484 17 43 9 1
4647 484 18 43 9 1
4648 484 19 43 9 1
4649 484 20 43 9 1
4650 485 11 43 9 1
4651 485 12 43 9 1
4652 485 13 43 9 1
4653 485 14 43 9 1
4654 485 15 43 9 1
4655 485 16 43 9 1
4656 485 17 43 9 1
4657 485 18 43 9 1
4658 485 19 43 9 1
4659 485 20 43 9 1
4660 486 11 43 9 1
4661 486 12 43 9 1
4662 486 13 43 9 1
4663 486 14 43 9 1
4664 486 15 43 9 1
4665 486 16 43 9 1
4666 486 17 43 9 1
4667 486 18 43 9 1
4668 486 19 43 9 1
4669 486 20 43 9 1
4670 487 11 43 9 1
4671 487 12 43 9 1
4672 487 13 43 9 1
4673 487 14 43 9 1
4674 487 15 43 9 1
4675 487 16 43 9 1
4676 487 17 43 9 1
4677 487 18 43 9 1
4678 487 19 43 9 1
4679 487 20 43 9 1
4680 488 11 43 9 1
4681 488 12 43 9 1
4682 488 13 43 9 1
4683 488 14 43 9 1
4684 488 15 43 9 1
4685 488 16 43 9 1
4686 488 17 43 9 1
4687 488 18 43 9 1
4688 488 19 43 9 1
4689 488 20 43 9 1
4690 489 11 43 9 1
4691 489 12 43 9 1
4692 489 13 43 9 1
4693 489 14 43 9 1
4694 489 15 43 9 1
4695 489 16 43 9 1
4696 489 17 43 9 1
4697 489 18 43 9 1
4698 489 19 43 9 1
4699 489 20 43 9 1
4700 490 11 43 9 1
4701 490 12 43 9 1
4702 490 13 43 9 1
4703 490 14 43 9 1
4704 490 15 43 9 1
4705 490 16 43 9 1
4706 490 17 43 9 1
4707 490 18 43 9 1
4708 490 19 43 9 1
4709 490 20 43 9 1
4710 491 11 43 9 1
4711 491 12 43 9 1
4712 491 13 43 9 1
4713 491 14 43 9 1
4714 491 15 43 9 1
4715 491 16 43 9 1
4716 491 17 43 9 1
4717 491 18 43 9 1
4718 491 19 43 9 1
4719 491 20 43 9 1
4720 492 11 43 9 1
4721 492 12 43 9 1
4722 492 13 43 9 1
4723 492 14 43 9 1
4724 492 15 43 9 1
4725 492 16 43 9 1
4726 492 17 43 9 1
4727 492 18 43 9 1
4728 492 19 43 9 1
4729 492 20 43 9 1
4730 493 11 43 9 1
4731 493 12 43 9 1
4732 493 13 43 9 1
4733 493 14 43 9 1
4734 493 15 43 9 1
4735 493 16 43 9 1
4736 493 17 43 9 1
4737 493 18 43 9 1
4738 493 19 43 9 1
4739 493 20 43 9 1
4740 494 11 43 9 1
4741 494 12 43 9 1
4742 494 13 43 9 1
4743 494 14 43 9 1
4744 494 15 43 9 1
4745 494 16 43 9 1
4746 494 17 43 9 1
4747 494 18 43 9 1
4748 494 19 43 9 1
4749 494 20 43 9 1
4750 495 11 43 9 1
4751 495 12 43 9 1
4752 495 13 43 9 1
4753 495 14 43 9 1
4754 495 15 43 9 1
4755 495 16 43 9 1
4756 495 17 43 9 1
4757 495 18 43 9 1
4758 495 19 43 9 1
4759 495 20 43 9 1
4760 496 11 43 9 1
4761 496 12 43 9 1
4762 496 13 43 9 1
4763 496 14 43 9 1
4764 496 15 43 9 1
4765 496 16 43 9 1
4766 496 17 43 9 1
4767 496 20 43 9 1
4768 497 11 43 9 1
4769 497 12 43 9 1
4770 497 13 43 9 1
4771 497 14 43 9 1
4772 497 15 43 9 1
4773 497 16 43 9 1
4774 497 17 43 9 1
4775 497 20 43 9 1
4776 498 11 43 9 1
4777 498 12 43 9 1
4778 498 13 43 9 1
4779 498 14 43 9 1
4780 498 15 43 9 1
4781 498 16 43 9 1
4782 498 17 43 9 1
4783 498 20 43 9 1
4784 499 11 43 9 1
4785 499 12 43 9 1
4786 499 13 43 9 1
4787 499 14 43 9 1
4788 499 15 43 9 1
4789 499 16 43 9 1
4790 499 17 43 9 1
4791 499 20 43 9 1
4792 500 11 43 9 1
4793 500 14 43 9 1
4794 500 15 43 9 1
4795 500 16 43 9 1
4796 500 17 43 9 1
4797 500 18 43 9 1
4798 500 19 43 9 1
4799 500 20 43 9 1
4800 501 11 43 9 1
4801 501 14 43 9 1
4802 501 15 43 9 1
4803 501 16 43 9 1
4804 501 17 43 9 1
4805 501 18 43 9 1
4806 501 19 43 9 1
4807 501 20 43 9 1
4808 502 11 43 9 1
4809 502 14 43 9 1
4810 502 15 43 9 1
4811 502 16 43 9 1
4812 502 17 43 9 1
4813 502 18 43 9 1
4814 502 19 43 9 1
4815 502 20 43 9 1
4816 503 11 43 9 1
4817 503 14 43 9 1
4818 503 15 43 9 1
4819 503 16 43 9 1
4820 503 17 43 9 1
4821 503 18 43 9 1
4822 503 19 43 9 1
4823 503 20 43 9 1
4824 504 11 43 9 1
4825 504 12 43 9 1
4826 504 13 43 9 1
4827 504 14 43 9 1
4828 504 15 43 9 1
4829 504 16 43 9 1
4830 504 17 43 9 1
4831 504 18 43 9 1
4832 504 19 43 9 1
4833 504 20 43 9 1
4834 505 11 43 9 1
4835 505 12 43 9 1
4836 505 13 43 9 1
4837 505 14 43 9 1
4838 505 15 43 9 1
4839 505 16 43 9 1
4840 505 17 43 9 1
4841 505 18 43 9 1
4842 505 19 43 9 1
4843 505 20 43 9 1
4844 506 11 43 9 1
4845 506 12 43 9 1
4846 506 13 43 9 1
4847 506 14 43 9 1
4848 506 15 43 9 1
4849 506 16 43 9 1
4850 506 17 43 9 1
4851 506 18 43 9 1
4852 506 19 43 9 1
4853 506 20 43 9 1
4854 507 11 43 9 1
4855 507 12 43 9 1
4856 507 13 43 9 1
4857 507 14 43 9 1
4858 507 15 43 9 1
4859 507 16 43 9 1
4860 507 17 43 9 1
4861 507 18 43 9 1
4862 507 19 43 9 1
4863 507 20 43 9 1
4864 508 11 43 9 1
4865 508 12 43 9 1
4866 508 13 43 9 1
4867 508 14 43 9 1
4868 508 15 43 9 1
4869 508 16 43 9 1
4870 508 17 43 9 1
4871 508 18 43 9 1
4872 508 19 43 9 1
4873 508 20 43 9 1
4874 509 11 43 9 1
4875 509 12 43 9 1
4876 509 13 43 9 1
4877 509 14 43 9 1
4878 509 15 43 9 1
4879 509 16 43 9 1
4880 509 17 43 9 1
4881 509 18 43 9 1
4882 509 19 43 9 1
4883 509 20 43 9 1
4884 510 11 43 9 1
4885 510 12 43 9 1
4886 510 13 43 9 1
4887 510 14 43 9 1
4888 510 15 43 9 1
4889 510 16 43 9 1
4890 510 17 43 9 1
4891 510 18 43 9 1
4892 510 19 43 9 1
4893 510 20 43 9 1
4894 511 11 43 9 1
4895 511 12 43 9 1
4896 511 13 43 9 1
4897 511 14 43 9 1
4898 511 15 43 9 1
4899 511 16 43 9 1
4900 511 17 43 9 1
4901 511 18 43 9 1
4902 511 19 43 9 1
4903 511 20 43 9 1
4904 512 11 43 9 1
4905 512 12 43 9 1
4906 512 13 43 9 1
4907 512 14 43 9 1
4908 512 15 43 9 1
4909 512 16 43 9 1
4910 512 17 43 9 1
4911 512 18 43 9 1
4912 512 19 43 9 1
4913 512 20 43 9 1
4914 513 11 43 9 1
4915 513 12 43 9 1
4916 513 13 43 9 1
4917 513 14 43 9 1
4918 513 15 43 9 1
4919 513 16 43 9 1
4920 513 17 43 9 1
4921 513 18 43 9 1
4922 513 19 43 9 1
4923 513 20 43 9 1
4924 514 11 43 9 1
4925 514 12 43 9 1
4926 514 13 43 9 1
4927 514 14 43 9 1
4928 514 15 43 9 1
4929 514 16 43 9 1
4930 514 17 43 9 1
4931 514 18 43 9 1
4932 514 19 43 9 1
4933 514 20 43 9 1
4934 515 11 43 9 1
4935 515 12 43 9 1
4936 515 13 43 9 1
4937 515 14 43 9 1
4938 515 15 43 9 1
4939 515 16 43 9 1
4940 515 17 43 9 1
4941 515 18 43 9 1
4942 515 19 43 9 1
4943 515 20 43 9 1
4944 516 11 43 9 1
4945 516 12 43 9 1
4946 516 15 43 9 1
4947 516 16 43 9 1
4948 516 17 43 9 1
4949 516 18 43 9 1
4950 516 19 43 9 1
4951 516 20 43 9 1
4952 517 11 43 9 1
4953 517 12 43 9 1
4954 517 15 43 9 1
4955 517 16 43 9 1
4956 517 17 43 9 1
4957 517 18 43 9 1
4958 517 19 43 9 1
4959 517 20 43 9 1
4960 518 11 43 9 1
4961 518 12 43 9 1
4962 518 13 43 9 1
4963 518 14 43 9 1
4964 518 15 43 9 1
4965 518 16 43 9 1
4966 518 19 43 9 1
4967 518 20 43 9 1
4968 519 11 43 9 1
4969 519 12 43 9 1
4970 519 13 43 9 1
4971 519 14 43 9 1
4972 519 15 43 9 1
4973 519 16 43 9 1
4974 519 19 43 9 1
4975 519 20 43 9 1
4976 520 11 43 9 1
4977 520 12 43 9 1
4978 520 13 43 9 1
4979 520 14 43 9 1
4980 520 15 43 9 1
4981 520 16 43 9 1
4982 520 17 43 9 1
4983 520 18 43 9 1
4984 520 19 43 9 1
4985 520 20 43 9 1
4986 521 11 43 9 1
4987 521 12 43 9 1
4988 521 13 43 9 1
4989 521 14 43 9 1
4990 521 15 43 9 1
4991 521 16 43 9 1
4992 521 17 43 9 1
4993 521 18 43 9 1
4994 521 19 43 9 1
4995 521 20 43 9 1
4996 522 11 43 9 1
4997 522 12 43 9 1
4998 522 13 43 9 1
4999 522 14 43 9 1
5000 522 15 43 9 1
5001 522 16 43 9 1
5002 522 17 43 9 1
5003 522 18 43 9 1
5004 522 19 43 9 1
5005 522 20 43 9 1
5006 523 11 43 9 1
5007 523 12 43 9 1
5008 523 13 43 9 1
5009 523 14 43 9 1
5010 523 15 43 9 1
5011 523 16 43 9 1
5012 523 17 43 9 1
5013 523 18 43 9 1
5014 523 19 43 9 1
5015 523 20 43 9 1
5016 524 11 43 9 1
5017 524 12 43 9 1
5018 524 13 43 9 1
5019 524 14 43 9 1
5020 524 15 43 9 1
5021 524 16 43 9 1
5022 524 17 43 9 1
5023 524 18 43 9 1
5024 524 19 43 9 1
5025 524 20 43 9 1
5026 525 11 43 9 1
5027 525 12 43 9 1
5028 525 13 43 9 1
5029 525 14 43 9 1
5030 525 15 43 9 1
5031 525 16 43 9 1
5032 525 17 43 9 1
5033 525 18 43 9 1
5034 525 19 43 9 1
5035 525 20 43 9 1
5036 526 11 43 9 1
5037 526 12 43 9 1
5038 526 13 43 9 1
5039 526 14 43 9 1
5040 526 15 43 9 1
5041 526 16 43 9 1
5042 526 17 43 9 1
5043 526 18 43 9 1
5044 526 19 43 9 1
5045 526 20 43 9 1
5046 527 11 43 9 1
5047 527 12 43 9 1
5048 527 13 43 9 1
5049 527 14 43 9 1
5050 527 15 43 9 1
5051 527 16 43 9 1
5052 527 17 43 9 1
5053 527 18 43 9 1
5054 527 19 43 9 1
5055 527 20 43 9 1
5056 528 11 43 9 1
5057 528 12 43 9 1
5058 528 13 43 9 1
5059 528 14 43 9 1
5060 528 15 43 9 1
5061 528 16 43 9 1
5062 528 17 43 9 1
5063 528 18 43 9 1
5064 528 19 43 9 1
5065 528 20 43 9 1
5066 529 11 43 9 1
5067 529 12 43 9 1
5068 529 13 43 9 1
5069 529 14 43 9 1
5070 529 15 43 9 1
5071 529 16 43 9 1
5072 529 17 43 9 1
5073 529 18 43 9 1
5074 529 19 43 9 1
5075 529 20 43 9 1
5076 530 11 43 9 1
5077 530 12 43 9 1
5078 530 13 43 9 1
5079 530 14 43 9 1
5080 530 15 43 9 1
5081 530 16 43 9 1
5082 530 17 43 9 1
5083 530 18 43 9 1
5084 530 19 43 9 1
5085 530 20 43 9 1
5086 531 11 43 9 1
5087 531 12 43 9 1
5088 531 13 43 9 1
5089 531 14 43 9 1
5090 531 15 43 9 1
5091 531 16 43 9 1
5092 531 17 43 9 1
5093 531 18 43 9 1
5094 531 19 43 9 1
5095 531 20 43 9 1
5096 532 11 43 9 1
5097 532 12 43 9 1
5098 532 13 43 9 1
5099 532 14 43 9 1
5100 532 15 43 9 1
5101 532 16 43 9 1
5102 532 17 43 9 1
5103 532 18 43 9 1
5104 532 19 43 9 1
5105 532 20 43 9 1
5106 533 11 43 9 1
5107 533 12 43 9 1
5108 533 13 43 9 1
5109 533 14 43 9 1
5110 533 15 43 9 1
5111 533 16 43 9 1
5112 533 17 43 9 1
5113 533 18 43 9 1
5114 533 19 43 9 1
5115 533 20 43 9 1
5116 534 11 43 9 1
5117 534 12 43 9 1
5118 534 13 43 9 1
5119 534 14 43 9 1
5120 534 15 43 9 1
5121 534 16 43 9 1
5122 534 17 43 9 1
5123 534 18 43 9 1
5124 534 19 43 9 1
5125 534 20 43 9 1
5126 535 11 43 9 1
5127 535 12 43 9 1
5128 535 13 43 9 1
5129 535 14 43 9 1
5130 535 15 43 9 1
5131 535 16 43 9 1
5132 535 17 43 9 1
5133 535 18 43 9 1
5134 535 19 43 9 1
5135 535 20 43 9 1
5136 536 11 43 9 1
5137 536 12 43 9 1
5138 536 13 43 9 1
5139 536 14 43 9 1
5140 536 15 43 9 1
5141 536 16 43 9 1
5142 536 17 43 9 1
5143 536 18 43 9 1
5144 536 19 43 9 1
5145 536 20 43 9 1
5146 537 11 43 9 1
5147 537 12 43 9 1
5148 537 13 43 9 1
5149 537 14 43 9 1
5150 537 15 43 9 1
5151 537 16 43 9 1
5152 537 17 43 9 1
5153 537 18 43 9 1
5154 537 19 43 9 1
5155 537 20 43 9 1
5156 538 11 43 9 1
5157 538 12 43 9 1
5158 538 13 43 9 1
5159 538 14 43 9 1
5160 538 15 43 9 1
5161 538 16 43 9 1
5162 538 17 43 9 1
5163 538 18 43 9 1
5164 538 19 43 9 1
5165 538 20 43 9 1
5166 539 11 43 9 1
5167 539 12 43 9 1
5168 539 13 43 9 1
5169 539 14 43 9 1
5170 539 15 43 9 1
5171 539 16 43 9 1
5172 539 17 43 9 1
5173 539 18 43 9 1
5174 539 19 43 9 1
5175 539 20 43 9 1
5176 540 11 43 9 1
5177 540 12 43 9 1
5178 540 13 43 9 1
5179 540 14 43 9 1
5180 540 15 43 9 1
5181 540 16 43 9 1
5182 540 17 43 9 1
5183 540 18 43 9 1
5184 540 19 43 9 1
5185 540 20 43 9 1
5186 541 11 43 9 1
5187 541 12 43 9 1
5188 541 13 43 9 1
5189 541 14 43 9 1
5190 541 15 43 9 1
5191 541 16 43 9 1
5192 541 17 43 9 1
5193 541 18 43 9 1
5194 541 19 43 9 1
5195 541 20 43 9 1
5196 542 11 43 9 1
5197 542 12 43 9 1
5198 542 13 43 9 1
5199 542 14 43 9 1
5200 542 15 43 9 1
5201 542 16 43 9 1
5202 542 17 43 9 1
5203 542 18 43 9 1
5204 542 19 43 9 1
5205 542 20 43 9 1
5206 543 11 43 9 1
5207 543 12 43 9 1
5208 543 13 43 9 1
5209 543 14 43 9 1
5210 543 15 43 9 1
5211 543 16 43 9 1
5212 543 17 43 9 1
5213 543 18 43 9 1
5214 543 19 43 9 1
5215 543 20 43 9 1
5216 544 11 43 9 1
5217 544 12 43 9 1
5218 544 13 43 9 1
5219 544 14 43 9 1
5220 544 15 43 9 1
5221 544 16 43 9 1
5222 544 17 43 9 1
5223 544 18 43 9 1
5224 544 19 43 9 1
5225 544 20 43 9 1
5226 545 11 43 9 1
5227 545 12 43 9 1
5228 545 13 43 9 1
5229 545 14 43 9 1
5230 545 15 43 9 1
5231 545 16 43 9 1
5232 545 17 43 9 1
5233 545 18 43 9 1
5234 545 19 43 9 1
5235 545 20 43 9 1
5236 546 11 43 9 1
5237 546 12 43 9 1
5238 546 13 43 9 1
5239 546 14 43 9 1
5240 546 15 43 9 1
5241 546 16 43 9 1
5242 546 17 43 9 1
5243 546 18 43 9 1
5244 546 19 43 9 1
5245 546 20 43 9 1
5246 547 11 43 9 1
5247 547 12 43 9 1
5248 547 13 43 9 1
5249 547 14 43 9 1
5250 547 15 43 9 1
5251 547 16 43 9 1
5252 547 17 43 9 1
5253 547 18 43 9 1
5254 547 19 43 9 1
5255 547 20 43 9 1
5256 548 11 43 9 1
5257 548 12 43 9 1
5258 548 13 43 9 1
5259 548 14 43 9 1
5260 548 15 43 9 1
5261 548 16 43 9 1
5262 548 17 43 9 1
5263 548 18 43 9 1
5264 548 19 43 9 1
5265 548 20 43 9 1
5266 549 11 43 9 1
5267 549 12 43 9 1
5268 549 13 43 9 1
5269 549 14 43 9 1
5270 549 15 43 9 1
5271 549 16 43 9 1
5272 549 17 43 9 1
5273 549 18 43 9 1
5274 549 19 43 9 1
5275 549 20 43 9 1
5276 550 11 43 9 1
5277 550 12 43 9 1
5278 550 13 43 9 1
5279 550 14 43 9 1
5280 550 15 43 9 1
5281 550 16 43 9 1
5282 550 17 43 9 1
5283 550 18 43 9 1
5284 550 19 43 9 1
5285 550 20 43 9 1
5286 551 11 43 9 1
5287 551 12 43 9 1
5288 551 13 43 9 1
5289 551 14 43 9 1
5290 551 15 43 9 1
5291 551 16 43 9 1
5292 551 17 43 9 1
5293 551 18 43 9 1
5294 551 19 43 9 1
5295 551 20 43 9 1
5296 552 11 43 9 1
5297 552 12 43 9 1
5298 552 13 43 9 1
5299 552 14 43 9 1
5300 552 15 43 9 1
5301 552 16 43 9 1
5302 552 17 43 9 1
5303 552 18 43 9 1
5304 552 19 43 9 1
5305 552 20 43 9 1
5306 553 11 43 9 1
5307 553 12 43 9 1
5308 553 13 43 9 1
5309 553 14 43 9 1
5310 553 15 43 9 1
5311 553 16 43 9 1
5312 553 17 43 9 1
5313 553 18 43 9 1
5314 553 19 43 9 1
5315 553 20 43 9 1
5316 554 11 43 9 1
5317 554 12 43 9 1
5318 554 13 43 9 1
5319 554 14 43 9 1
5320 554 15 43 9 1
5321 554 16 43 9 1
5322 554 17 43 9 1
5323 554 18 43 9 1
5324 554 19 43 9 1
5325 554 20 43 9 1
5326 555 11 43 9 1
5327 555 12 43 9 1
5328 555 13 43 9 1
5329 555 14 43 9 1
5330 555 15 43 9 1
5331 555 16 43 9 1
5332 555 17 43 9 1
5333 555 18 43 9 1
5334 555 19 43 9 1
5335 555 20 43 9 1
5336 556 11 43 9 1
5337 556 12 43 9 1
5338 556 13 43 9 1
5339 556 14 43 9 1
5340 556 15 43 9 1
5341 556 16 43 9 1
5342 556 17 43 9 1
5343 556 18 43 9 1
5344 556 19 43 9 1
5345 556 20 43 9 1
5346 557 11 43 9 1
5347 557 12 43 9 1
5348 557 13 43 9 1
5349 557 14 43 9 1
5350 557 15 43 9 1
5351 557 16 43 9 1
5352 557 17 43 9 1
5353 557 18 43 9 1
5354 557 19 43 9 1
5355 557 20 43 9 1
5356 558 11 43 9 1
5357 558 12 43 9 1
5358 558 13 43 9 1
5359 558 14 43 9 1
5360 558 15 43 9 1
5361 558 16 43 9 1
5362 558 17 43 9 1
5363 558 18 43 9 1
5364 558 19 43 9 1
5365 558 20 43 9 1
5366 559 11 43 9 1
5367 559 12 43 9 1
5368 559 13 43 9 1
5369 559 14 43 9 1
5370 559 15 43 9 1
5371 559 16 43 9 1
5372 559 17 43 9 1
5373 559 18 43 9 1
5374 559 19 43 9 1
5375 559 20 43 9 1
5376 560 11 43 9 1
5377 560 12 43 9 1
5378 560 13 43 9 1
5379 560 14 43 9 1
5380 560 15 43 9 1
5381 560 16 43 9 1
5382 560 17 43 9 1
5383 560 18 43 9 1
5384 560 19 43 9 1
5385 560 20 43 9 1
5386 561 11 43 9 1
5387 561 12 43 9 1
5388 561 13 43 9 1
5389 561 14 43 9 1
5390 561 15 43 9 1
5391 561 16 43 9 1
5392 561 17 43 9 1
5393 561 18 43 9 1
5394 561 19 43 9 1
5395 561 20 43 9 1
5396 562 11 43 9 1
5397 562 12 43 9 1
5398 562 13 43 9 1
5399 562 14 43 9 1
5400 562 15 43 9 1
5401 562 16 43 9 1
5402 562 17 43 9 1
5403 562 18 43 9 1
5404 562 19 43 9 1
5405 562 20 43 9 1
5406 563 11 43 9 1
5407 563 12 43 9 1
5408 563 13 43 9 1
5409 563 14 43 9 1
5410 563 15 43 9 1
5411 563 16 43 9 1
5412 563 17 43 9 1
5413 563 18 43 9 1
5414 563 19 43 9 1
5415 563 20 43 9 1
5416 564 11 43 9 1
5417 564 12 43 9 1
5418 564 13 43 9 1
5419 564 14 43 9 1
5420 564 15 43 9 1
5421 564 16 43 9 1
5422 564 17 43 9 1
5423 564 18 43 9 1
5424 564 19 43 9 1
5425 564 20 43 9 1
5426 565 11 43 9 1
5427 565 12 43 9 1
5428 565 13 43 9 1
5429 565 14 43 9 1
5430 565 15 43 9 1
5431 565 16 43 9 1
5432 565 17 43 9 1
5433 565 18 43 9 1
5434 565 19 43 9 1
5435 565 20 43 9 1
5436 566 11 43 9 1
5437 566 12 43 9 1
5438 566 13 43 9 1
5439 566 14 43 9 1
5440 566 15 43 9 1
5441 566 16 43 9 1
5442 566 19 43 9 1
5443 566 20 43 9 1
5444 567 11 43 9 1
5445 567 12 43 9 1
5446 567 15 43 9 1
5447 567 16 43 9 1
5448 567 17 43 9 1
5449 567 18 43 9 1
5450 567 19 43 9 1
5451 567 20 43 9 1
5452 568 11 43 9 1
5453 568 12 43 9 1
5454 568 13 43 9 1
5455 568 17 43 9 1
5456 568 18 43 9 1
5457 568 19 43 9 1
5458 568 20 43 9 1
5459 569 11 43 9 1
5460 569 12 43 9 1
5461 569 13 43 9 1
5462 569 17 43 9 1
5463 569 18 43 9 1
5464 569 19 43 9 1
5465 569 20 43 9 1
5466 570 11 43 9 1
5467 570 12 43 9 1
5468 570 13 43 9 1
5469 570 14 43 9 1
5470 570 18 43 9 1
5471 570 19 43 9 1
5472 570 20 43 9 1
5473 571 11 43 9 1
5474 571 12 43 9 1
5475 571 13 43 9 1
5476 571 14 43 9 1
5477 571 18 43 9 1
5478 571 19 43 9 1
5479 571 20 43 9 1
5480 572 11 43 9 1
5481 572 12 43 9 1
5482 572 13 43 9 1
5483 572 14 43 9 1
5484 572 17 43 9 1
5485 572 18 43 9 1
5486 572 19 43 9 1
5487 572 20 43 9 1
5488 573 11 43 9 1
5489 573 12 43 9 1
5490 573 13 43 9 1
5491 573 14 43 9 1
5492 573 17 43 9 1
5493 573 18 43 9 1
5494 573 19 43 9 1
5495 573 20 43 9 1
5496 574 11 43 9 1
5497 574 12 43 9 1
5498 574 13 43 9 1
5499 574 14 43 9 1
5500 574 17 43 9 1
5501 574 18 43 9 1
5502 574 19 43 9 1
5503 574 20 43 9 1
5504 575 11 43 9 1
5505 575 12 43 9 1
5506 575 13 43 9 1
5507 575 14 43 9 1
5508 575 17 43 9 1
5509 575 18 43 9 1
5510 575 19 43 9 1
5511 575 20 43 9 1
5512 576 11 43 9 1
5513 576 12 43 9 1
5514 576 13 43 9 1
5515 576 14 43 9 1
5516 576 15 43 9 1
5517 576 16 43 9 1
5518 576 17 43 9 1
5519 576 18 43 9 1
5520 576 19 43 9 1
5521 576 20 43 9 1
5522 577 11 43 9 1
5523 577 12 43 9 1
5524 577 13 43 9 1
5525 577 14 43 9 1
5526 577 15 43 9 1
5527 577 16 43 9 1
5528 577 17 43 9 1
5529 577 18 43 9 1
5530 577 19 43 9 1
5531 577 20 43 9 1
5532 578 11 43 9 1
5533 578 12 43 9 1
5534 578 13 43 9 1
5535 578 14 43 9 1
5536 578 15 43 9 1
5537 578 16 43 9 1
5538 578 17 43 9 1
5539 578 18 43 9 1
5540 578 19 43 9 1
5541 578 20 43 9 1
5542 579 11 43 9 1
5543 579 12 43 9 1
5544 579 13 43 9 1
5545 579 14 43 9 1
5546 579 15 43 9 1
5547 579 16 43 9 1
5548 579 17 43 9 1
5549 579 18 43 9 1
5550 579 19 43 9 1
5551 579 20 43 9 1
5552 580 11 43 9 1
5553 580 12 43 9 1
5554 580 13 43 9 1
5555 580 14 43 9 1
5556 580 15 43 9 1
5557 580 16 43 9 1
5558 580 17 43 9 1
5559 580 18 43 9 1
5560 580 19 43 9 1
5561 580 20 43 9 1
5562 581 11 43 9 1
5563 581 12 43 9 1
5564 581 13 43 9 1
5565 581 14 43 9 1
5566 581 15 43 9 1
5567 581 16 43 9 1
5568 581 17 43 9 1
5569 581 18 43 9 1
5570 581 19 43 9 1
5571 581 20 43 9 1
5572 582 11 43 9 1
5573 582 12 43 9 1
5574 582 13 43 9 1
5575 582 14 43 9 1
5576 582 15 43 9 1
5577 582 16 43 9 1
5578 582 17 43 9 1
5579 582 18 43 9 1
5580 582 19 43 9 1
5581 582 20 43 9 1
5582 583 11 43 9 1
5583 583 12 43 9 1
5584 583 13 43 9 1
5585 583 14 43 9 1
5586 583 15 43 9 1
5587 583 16 43 9 1
5588 583 17 43 9 1
5589 583 18 43 9 1
5590 583 19 43 9 1
5591 583 20 43 9 1
5592 584 11 43 9 1
5593 584 12 43 9 1
5594 584 13 43 9 1
5595 584 14 43 9 1
5596 584 15 43 9 1
5597 584 16 43 9 1
5598 584 17 43 9 1
5599 584 18 43 9 1
5600 584 19 43 9 1
5601 584 20 43 9 1
5602 585 11 43 9 1
5603 585 12 43 9 1
5604 585 13 43 9 1
5605 585 14 43 9 1
5606 585 15 43 9 1
5607 585 16 43 9 1
5608 585 17 43 9 1
5609 585 18 43 9 1
5610 585 19 43 9 1
5611 585 20 43 9 1
5612 586 11 43 9 1
5613 586 12 43 9 1
5614 586 13 43 9 1
5615 586 14 43 9 1
5616 586 15 43 9 1
5617 586 16 43 9 1
5618 586 17 43 9 1
5619 586 18 43 9 1
5620 586 19 43 9 1
5621 586 20 43 9 1
5622 587 11 43 9 1
5623 587 12 43 9 1
5624 587 13 43 9 1
5625 587 14 43 9 1
5626 587 15 43 9 1
5627 587 16 43 9 1
5628 587 17 43 9 1
5629 587 18 43 9 1
5630 587 19 43 9 1
5631 587 20 43 9 1
5632 588 11 43 9 1
5633 588 12 43 9 1
5634 588 13 43 9 1
5635 588 14 43 9 1
5636 588 15 43 9 1
5637 588 16 43 9 1
5638 588 17 43 9 1
5639 588 18 43 9 1
5640 588 19 43 9 1
5641 588 20 43 9 1
5642 589 11 43 9 1
5643 589 12 43 9 1
5644 589 13 43 9 1
5645 589 14 43 9 1
5646 589 15 43 9 1
5647 589 16 43 9 1
5648 589 17 43 9 1
5649 589 18 43 9 1
5650 589 19 43 9 1
5651 589 20 43 9 1
5652 590 11 43 9 1
5653 590 12 43 9 1
5654 590 13 43 9 1
5655 590 14 43 9 1
5656 590 15 43 9 1
5657 590 16 43 9 1
5658 590 17 43 9 1
5659 590 18 43 9 1
5660 590 19 43 9 1
5661 590 20 43 9 1
5662 591 11 43 9 1
5663 591 12 43 9 1
5664 591 13 43 9 1
5665 591 14 43 9 1
5666 591 15 43 9 1
5667 591 16 43 9 1
5668 591 17 43 9 1
5669 591 18 43 9 1
5670 591 19 43 9 1
5671 591 20 43 9 1
5672 592 11 43 9 1
5673 592 12 43 9 1
5674 592 13 43 9 1
5675 592 14 43 9 1
5676 592 15 43 9 1
5677 592 16 43 9 1
5678 592 17 43 9 1
5679 592 18 43 9 1
5680 592 19 43 9 1
5681 592 20 43 9 1
5682 593 11 43 9 1
5683 593 12 43 9 1
5684 593 13 43 9 1
5685 593 14 43 9 1
5686 593 15 43 9 1
5687 593 16 43 9 1
5688 593 17 43 9 1
5689 593 18 43 9 1
5690 593 19 43 9 1
5691 593 20 43 9 1
5692 594 11 43 9 1
5693 594 12 43 9 1
5694 594 13 43 9 1
5695 594 14 43 9 1
5696 594 15 43 9 1
5697 594 16 43 9 1
5698 594 17 43 9 1
5699 594 18 43 9 1
5700 594 19 43 9 1
5701 594 20 43 9 1
5702 595 11 43 9 1
5703 595 12 43 9 1
5704 595 13 43 9 1
5705 595 14 43 9 1
5706 595 15 43 9 1
5707 595 16 43 9 1
5708 595 17 43 9 1
5709 595 18 43 9 1
5710 595 19 43 9 1
5711 595 20 43 9 1
5712 596 11 43 9 1
5713 596 12 43 9 1
5714 596 13 43 9 1
5715 596 14 43 9 1
5716 596 15 43 9 1
5717 596 16 43 9 1
5718 596 19 43 9 1
5719 596 20 43 9 1
5720 597 11 43 9 1
5721 597 12 43 9 1
5722 597 13 43 9 1
5723 597 14 43 9 1
5724 597 15 43 9 1
5725 597 16 43 9 1
5726 597 19 43 9 1
5727 597 20 43 9 1
5728 598 11 43 9 1
5729 598 12 43 9 1
5730 598 15 43 9 1
5731 598 16 43 9 1
5732 598 17 43 9 1
5733 598 18 43 9 1
5734 598 19 43 9 1
5735 598 20 43 9 1
5736 599 11 43 9 1
5737 599 12 43 9 1
5738 599 15 43 9 1
5739 599 16 43 9 1
5740 599 17 43 9 1
5741 599 18 43 9 1
5742 599 19 43 9 1
5743 599 20 43 9 1
5744 600 11 43 9 1
5745 600 12 43 9 1
5746 600 13 43 9 1
5747 600 14 43 9 1
5748 600 15 43 9 1
5749 600 16 43 9 1
5750 600 17 43 9 1
5751 600 20 43 9 1
5752 601 11 43 9 1
5753 601 12 43 9 1
5754 601 13 43 9 1
5755 601 14 43 9 1
5756 601 15 43 9 1
5757 601 16 43 9 1
5758 601 17 43 9 1
5759 601 20 43 9 1
5760 602 11 43 9 1
5761 602 14 43 9 1
5762 602 15 43 9 1
5763 602 16 43 9 1
5764 602 17 43 9 1
5765 602 18 43 9 1
5766 602 19 43 9 1
5767 602 20 43 9 1
5768 603 11 43 9 1
5769 603 14 43 9 1
5770 603 15 43 9 1
5771 603 16 43 9 1
5772 603 17 43 9 1
5773 603 18 43 9 1
5774 603 19 43 9 1
5775 603 20 43 9 1
5776 604 11 43 9 1
5777 604 12 43 9 1
5778 604 13 43 9 1
5779 604 14 43 9 1
5780 604 15 43 9 1
5781 604 16 43 9 1
5782 604 17 43 9 1
5783 604 18 43 9 1
5784 604 19 43 9 1
5785 604 20 43 9 1
5786 605 11 43 9 1
5787 605 12 43 9 1
5788 605 13 43 9 1
5789 605 14 43 9 1
5790 605 15 43 9 1
5791 605 16 43 9 1
5792 605 17 43 9 1
5793 605 18 43 9 1
5794 605 19 43 9 1
5795 605 20 43 9 1
5796 606 11 43 9 1
5797 606 12 43 9 1
5798 606 13 43 9 1
5799 606 14 43 9 1
5800 606 15 43 9 1
5801 606 16 43 9 1
5802 606 17 43 9 1
5803 606 18 43 9 1
5804 606 19 43 9 1
5805 606 20 43 9 1
5806 607 11 43 9 1
5807 607 12 43 9 1
5808 607 13 43 9 1
5809 607 14 43 9 1
5810 607 15 43 9 1
5811 607 16 43 9 1
5812 607 17 43 9 1
5813 607 18 43 9 1
5814 607 19 43 9 1
5815 607 20 43 9 1
5816 608 11 43 9 1
5817 608 12 43 9 1
5818 608 13 43 9 1
5819 608 14 43 9 1
5820 608 15 43 9 1
5821 608 16 43 9 1
5822 608 17 43 9 1
5823 608 18 43 9 1
5824 608 19 43 9 1
5825 608 20 43 9 1
5826 609 11 43 9 1
5827 609 12 43 9 1
5828 609 13 43 9 1
5829 609 14 43 9 1
5830 609 15 43 9 1
5831 609 16 43 9 1
5832 609 17 43 9 1
5833 609 18 43 9 1
5834 609 19 43 9 1
5835 609 20 43 9 1
5836 610 11 43 9 1
5837 610 12 43 9 1
5838 610 13 43 9 1
5839 610 14 43 9 1
5840 610 15 43 9 1
5841 610 16 43 9 1
5842 610 17 43 9 1
5843 610 18 43 9 1
5844 610 19 43 9 1
5845 610 20 43 9 1
5846 611 11 43 9 1
5847 611 12 43 9 1
5848 611 13 43 9 1
5849 611 14 43 9 1
5850 611 15 43 9 1
5851 611 16 43 9 1
5852 611 17 43 9 1
5853 611 18 43 9 1
5854 611 19 43 9 1
5855 611 20 43 9 1
5856 612 11 43 9 1
5857 612 12 43 9 1
5858 612 13 43 9 1
5859 612 14 43 9 1
5860 612 15 43 9 1
5861 612 16 43 9 1
5862 612 17 43 9 1
5863 612 18 43 9 1
5864 612 19 43 9 1
5865 612 20 43 9 1
5866 613 11 43 9 1
5867 613 12 43 9 1
5868 613 13 43 9 1
5869 613 14 43 9 1
5870 613 15 43 9 1
5871 613 16 43 9 1
5872 613 17 43 9 1
5873 613 18 43 9 1
5874 613 19 43 9 1
5875 613 20 43 9 1
5876 614 11 43 9 1
5877 614 12 43 9 1
5878 614 13 43 9 1
5879 614 14 43 9 1
5880 614 15 43 9 1
5881 614 16 43 9 1
5882 614 17 43 9 1
5883 614 18 43 9 1
5884 614 19 43 9 1
5885 614 20 43 9 1
5886 615 11 43 9 1
5887 615 12 43 9 1
5888 615 13 43 9 1
5889 615 14 43 9 1
5890 615 15 43 9 1
5891 615 16 43 9 1
5892 615 17 43 9 1
5893 615 18 43 9 1
5894 615 19 43 9 1
5895 615 20 43 9 1
5896 616 11 43 9 1
5897 616 12 43 9 1
5898 616 13 43 9 1
5899 616 14 43 9 1
5900 616 15 43 9 1
5901 616 16 43 9 1
5902 616 17 43 9 1
5903 616 18 43 9 1
5904 616 19 43 9 1
5905 616 20 43 9 1
5906 617 11 43 9 1
5907 617 12 43 9 1
5908 617 13 43 9 1
5909 617 14 43 9 1
5910 617 15 43 9 1
5911 617 16 43 9 1
5912 617 17 43 9 1
5913 617 18 43 9 1
5914 617 19 43 9 1
5915 617 20 43 9 1
5916 618 11 43 9 1
5917 618 12 43 9 1
5918 618 13 43 9 1
5919 618 14 43 9 1
5920 618 15 43 9 1
5921 618 16 43 9 1
5922 618 17 43 9 1
5923 618 18 43 9 1
5924 618 19 43 9 1
5925 618 20 43 9 1
5926 619 11 43 9 1
5927 619 12 43 9 1
5928 619 13 43 9 1
5929 619 14 43 9 1
5930 619 15 43 9 1
5931 619 16 43 9 1
5932 619 17 43 9 1
5933 619 18 43 9 1
5934 619 19 43 9 1
5935 619 20 43 9 1
5936 620 11 43 9 1
5937 620 12 43 9 1
5938 620 13 43 9 1
5939 620 14 43 9 1
5940 620 15 43 9 1
5941 620 16 43 9 1
5942 620 17 43 9 1
5943 620 18 43 9 1
5944 620 19 43 9 1
5945 620 20 43 9 1
5946 621 11 43 9 1
5947 621 12 43 9 1
5948 621 13 43 9 1
5949 621 14 43 9 1
5950 621 15 43 9 1
5951 621 16 43 9 1
5952 621 17 43 9 1
5953 621 18 43 9 1
5954 621 19 43 9 1
5955 621 20 43 9 1
5956 622 11 43 9 1
5957 622 12 43 9 1
5958 622 13 43 9 1
5959 622 14 43 9 1
5960 622 15 43 9 1
5961 622 16 43 9 1
5962 622 17 43 9 1
5963 622 18 43 9 1
5964 622 19 43 9 1
5965 622 20 43 9 1
5966 623 11 43 9 1
5967 623 12 43 9 1
5968 623 13 43 9 1
5969 623 14 43 9 1
5970 623 15 43 9 1
5971 623 16 43 9 1
5972 623 17 43 9 1
5973 623 18 43 9 1
5974 623 19 43 9 1
5975 623 20 43 9 1
5976 624 11 43 9 1
5977 624 12 43 9 1
5978 624 13 43 9 1
5979 624 14 43 9 1
5980 624 15 43 9 1
5981 624 16 43 9 1
5982 624 17 43 9 1
5983 624 18 43 9 1
5984 624 19 43 9 1
5985 624 20 43 9 1
5986 625 11 43 9 1
5987 625 12 43 9 1
5988 625 13 43 9 1
5989 625 14 43 9 1
5990 625 15 43 9 1
5991 625 16 43 9 1
5992 625 17 43 9 1
5993 625 18 43 9 1
5994 625 19 43 9 1
5995 625 20 43 9 1
5996 626 11 43 9 1
5997 626 12 43 9 1
5998 626 13 43 9 1
5999 626 14 43 9 1
6000 626 15 43 9 1
6001 626 16 43 9 1
6002 626 17 43 9 1
6003 626 18 43 9 1
6004 626 19 43 9 1
6005 626 20 43 9 1
6006 627 11 43 9 1
6007 627 12 43 9 1
6008 627 13 43 9 1
6009 627 14 43 9 1
6010 627 15 43 9 1
6011 627 16 43 9 1
6012 627 17 43 9 1
6013 627 18 43 9 1
6014 627 19 43 9 1
6015 627 20 43 9 1
6016 628 11 43 9 1
6017 628 12 43 9 1
6018 628 13 43 9 1
6019 628 14 43 9 1
6020 628 15 43 9 1
6021 628 16 43 9 1
6022 628 17 43 9 1
6023 628 18 43 9 1
6024 628 19 43 9 1
6025 628 20 43 9 1
6026 629 11 43 9 1
6027 629 12 43 9 1
6028 629 13 43 9 1
6029 629 14 43 9 1
6030 629 15 43 9 1
6031 629 16 43 9 1
6032 629 17 43 9 1
6033 629 18 43 9 1
6034 629 19 43 9 1
6035 629 20 43 9 1
6036 630 11 43 9 1
6037 630 12 43 9 1
6038 630 13 43 9 1
6039 630 14 43 9 1
6040 630 15 43 9 1
6041 630 16 43 9 1
6042 630 17 43 9 1
6043 630 18 43 9 1
6044 630 19 43 9 1
6045 630 20 43 9 1
6046 631 11 43 9 1
6047 631 12 43 9 1
6048 631 13 43 9 1
6049 631 14 43 9 1
6050 631 15 43 9 1
6051 631 16 43 9 1
6052 631 17 43 9 1
6053 631 18 43 9 1
6054 631 19 43 9 1
6055 631 20 43 9 1
6056 632 11 43 9 1
6057 632 12 43 9 1
6058 632 13 43 9 1
6059 632 14 43 9 1
6060 632 15 43 9 1
6061 632 16 43 9 1
6062 632 17 43 9 1
6063 632 18 43 9 1
6064 632 19 43 9 1
6065 632 20 43 9 1
6066 633 11 43 9 1
6067 633 12 43 9 1
6068 633 13 43 9 1
6069 633 14 43 9 1
6070 633 15 43 9 1
6071 633 16 43 9 1
6072 633 17 43 9 1
6073 633 18 43 9 1
6074 633 19 43 9 1
6075 633 20 43 9 1
6076 634 11 43 9 1
6077 634 12 43 9 1
6078 634 13 43 9 1
6079 634 16 43 9 1
6080 634 17 43 9 1
6081 634 18 43 9 1
6082 634 19 43 9 1
6083 634 20 43 9 1
6084 635 11 43 9 1
6085 635 12 43 9 1
6086 635 13 43 9 1
6087 635 16 43 9 1
6088 635 17 43 9 1
6089 635 18 43 9 1
6090 635 19 43 9 1
6091 635 20 43 9 1
6092 636 11 43 9 1
6093 636 12 43 9 1
6094 636 13 43 9 1
6095 636 14 43 9 1
6096 636 15 43 9 1
6097 636 18 43 9 1
6098 636 19 43 9 1
6099 636 20 43 9 1
6100 637 11 43 9 1
6101 637 12 43 9 1
6102 637 13 43 9 1
6103 637 14 43 9 1
6104 637 15 43 9 1
6105 637 18 43 9 1
6106 637 19 43 9 1
6107 637 20 43 9 1
6108 638 11 43 9 1
6109 638 12 43 9 1
6110 638 13 43 9 1
6111 638 14 43 9 1
6112 638 15 43 9 1
6113 638 16 43 9 1
6114 638 17 43 9 1
6115 638 18 43 9 1
6116 638 19 43 9 1
6117 638 20 43 9 1
6118 639 11 43 9 1
6119 639 12 43 9 1
6120 639 13 43 9 1
6121 639 14 43 9 1
6122 639 15 43 9 1
6123 639 16 43 9 1
6124 639 17 43 9 1
6125 639 18 43 9 1
6126 639 19 43 9 1
6127 639 20 43 9 1
6128 640 11 43 9 1
6129 640 12 43 9 1
6130 640 13 43 9 1
6131 640 14 43 9 1
6132 640 15 43 9 1
6133 640 16 43 9 1
6134 640 17 43 9 1
6135 640 18 43 9 1
6136 640 19 43 9 1
6137 640 20 43 9 1
6138 641 11 43 9 1
6139 641 12 43 9 1
6140 641 13 43 9 1
6141 641 14 43 9 1
6142 641 15 43 9 1
6143 641 16 43 9 1
6144 641 17 43 9 1
6145 641 18 43 9 1
6146 641 19 43 9 1
6147 641 20 43 9 1
6148 642 11 43 9 1
6149 642 12 43 9 1
6150 642 13 43 9 1
6151 642 14 43 9 1
6152 642 15 43 9 1
6153 642 16 43 9 1
6154 642 17 43 9 1
6155 642 18 43 9 1
6156 642 19 43 9 1
6157 642 20 43 9 1
6158 643 11 43 9 1
6159 643 12 43 9 1
6160 643 13 43 9 1
6161 643 14 43 9 1
6162 643 15 43 9 1
6163 643 16 43 9 1
6164 643 17 43 9 1
6165 643 18 43 9 1
6166 643 19 43 9 1
6167 643 20 43 9 1
6168 644 11 43 9 1
6169 644 12 43 9 1
6170 644 13 43 9 1
6171 644 14 43 9 1
6172 644 15 43 9 1
6173 644 16 43 9 1
6174 644 17 43 9 1
6175 644 18 43 9 1
6176 644 19 43 9 1
6177 644 20 43 9 1
6178 645 11 43 9 1
6179 645 12 43 9 1
6180 645 13 43 9 1
6181 645 14 43 9 1
6182 645 15 43 9 1
6183 645 16 43 9 1
6184 645 17 43 9 1
6185 645 18 43 9 1
6186 645 19 43 9 1
6187 645 20 43 9 1
6188 646 11 43 9 1
6189 646 12 43 9 1
6190 646 13 43 9 1
6191 646 14 43 9 1
6192 646 15 43 9 1
6193 646 16 43 9 1
6194 646 17 43 9 1
6195 646 18 43 9 1
6196 646 19 43 9 1
6197 646 20 43 9 1
6198 647 11 43 9 1
6199 647 12 43 9 1
6200 647 13 43 9 1
6201 647 14 43 9 1
6202 647 15 43 9 1
6203 647 16 43 9 1
6204 647 17 43 9 1
6205 647 18 43 9 1
6206 647 19 43 9 1
6207 647 20 43 9 1
6208 648 11 43 9 1
6209 648 12 43 9 1
6210 648 13 43 9 1
6211 648 14 43 9 1
6212 648 15 43 9 1
6213 648 16 43 9 1
6214 648 17 43 9 1
6215 648 18 43 9 1
6216 648 19 43 9 1
6217 648 20 43 9 1
6218 649 11 43 9 1
6219 649 12 43 9 1
6220 649 13 43 9 1
6221 649 14 43 9 1
6222 649 15 43 9 1
6223 649 16 43 9 1
6224 649 17 43 9 1
6225 649 18 43 9 1
6226 649 19 43 9 1
6227 649 20 43 9 1
6228 650 11 43 9 1
6229 650 12 43 9 1
6230 650 13 43 9 1
6231 650 14 43 9 1
6232 650 15 43 9 1
6233 650 16 43 9 1
6234 650 17 43 9 1
6235 650 18 43 9 1
6236 650 19 43 9 1
6237 650 20 43 9 1
6238 651 11 43 9 1
6239 651 12 43 9 1
6240 651 13 43 9 1
6241 651 14 43 9 1
6242 651 15 43 9 1
6243 651 16 43 9 1
6244 651 17 43 9 1
6245 651 18 43 9 1
6246 651 19 43 9 1
6247 651 20 43 9 1
6248 652 11 43 9 1
6249 652 12 43 9 1
6250 652 13 43 9 1
6251 652 14 43 9 1
6252 652 15 43 9 1
6253 652 16 43 9 1
6254 652 17 43 9 1
6255 652 18 43 9 1
6256 652 19 43 9 1
6257 652 20 43 9 1
6258 653 11 43 9 1
6259 653 12 43 9 1
6260 653 13 43 9 1
6261 653 14 43 9 1
6262 653 15 43 9 1
6263 653 16 43 9 1
6264 653 17 43 9 1
6265 653 18 43 9 1
6266 653 19 43 9 1
6267 653 20 43 9 1
6268 654 11 43 9 1
6269 654 12 43 9 1
6270 654 13 43 9 1
6271 654 14 43 9 1
6272 654 15 43 9 1
6273 654 16 43 9 1
6274 654 17 43 9 1
6275 654 18 43 9 1
6276 654 19 43 9 1
6277 654 20 43 9 1
6278 655 11 43 9 1
6279 655 12 43 9 1
6280 655 13 43 9 1
6281 655 14 43 9 1
6282 655 15 43 9 1
6283 655 16 43 9 1
6284 655 17 43 9 1
6285 655 18 43 9 1
6286 655 19 43 9 1
6287 655 20 43 9 1
6288 656 11 43 9 1
6289 656 12 43 9 1
6290 656 13 43 9 1
6291 656 14 43 9 1
6292 656 15 43 9 1
6293 656 16 43 9 1
6294 656 17 43 9 1
6295 656 18 43 9 1
6296 656 19 43 9 1
6297 656 20 43 9 1
6298 657 11 43 9 1
6299 657 12 43 9 1
6300 657 13 43 9 1
6301 657 14 43 9 1
6302 657 15 43 9 1
6303 657 16 43 9 1
6304 657 17 43 9 1
6305 657 18 43 9 1
6306 657 19 43 9 1
6307 657 20 43 9 1
6308 658 11 43 9 1
6309 658 12 43 9 1
6310 658 13 43 9 1
6311 658 14 43 9 1
6312 658 15 43 9 1
6313 658 16 43 9 1
6314 658 17 43 9 1
6315 658 18 43 9 1
6316 658 19 43 9 1
6317 658 20 43 9 1
6318 659 11 43 9 1
6319 659 12 43 9 1
6320 659 13 43 9 1
6321 659 14 43 9 1
6322 659 15 43 9 1
6323 659 16 43 9 1
6324 659 17 43 9 1
6325 659 18 43 9 1
6326 659 19 43 9 1
6327 659 20 43 9 1
6328 660 11 43 9 1
6329 660 12 43 9 1
6330 660 13 43 9 1
6331 660 14 43 9 1
6332 660 15 43 9 1
6333 660 16 43 9 1
6334 660 17 43 9 1
6335 660 18 43 9 1
6336 660 19 43 9 1
6337 660 20 43 9 1
6338 661 11 43 9 1
6339 661 12 43 9 1
6340 661 13 43 9 1
6341 661 14 43 9 1
6342 661 15 43 9 1
6343 661 16 43 9 1
6344 661 17 43 9 1
6345 661 18 43 9 1
6346 661 19 43 9 1
6347 661 20 43 9 1
6348 662 11 43 9 1
6349 662 12 43 9 1
6350 662 13 43 9 1
6351 662 14 43 9 1
6352 662 15 43 9 1
6353 662 16 43 9 1
6354 662 17 43 9 1
6355 662 18 43 9 1
6356 662 19 43 9 1
6357 662 20 43 9 1
6358 663 11 43 9 1
6359 663 12 43 9 1
6360 663 13 43 9 1
6361 663 14 43 9 1
6362 663 15 43 9 1
6363 663 16 43 9 1
6364 663 17 43 9 1
6365 663 18 43 9 1
6366 663 19 43 9 1
6367 663 20 43 9 1
6368 664 11 43 9 1
6369 664 12 43 9 1
6370 664 13 43 9 1
6371 664 14 43 9 1
6372 664 15 43 9 1
6373 664 16 43 9 1
6374 664 17 43 9 1
6375 664 18 43 9 1
6376 664 19 43 9 1
6377 664 20 43 9 1
6378 665 11 43 9 1
6379 665 12 43 9 1
6380 665 13 43 9 1
6381 665 14 43 9 1
6382 665 15 43 9 1
6383 665 16 43 9 1
6384 665 17 43 9 1
6385 665 18 43 9 1
6386 665 19 43 9 1
6387 665 20 43 9 1
6388 666 11 43 9 1
6389 666 12 43 9 1
6390 666 13 43 9 1
6391 666 14 43 9 1
6392 666 15 43 9 1
6393 666 16 43 9 1
6394 666 17 43 9 1
6395 666 18 43 9 1
6396 666 19 43 9 1
6397 666 20 43 9 1
6398 667 11 43 9 1
6399 667 12 43 9 1
6400 667 13 43 9 1
6401 667 14 43 9 1
6402 667 15 43 9 1
6403 667 16 43 9 1
6404 667 17 43 9 1
6405 667 18 43 9 1
6406 667 19 43 9 1
6407 667 20 43 9 1
6408 668 11 43 9 1
6409 668 12 43 9 1
6410 668 13 43 9 1
6411 668 14 43 9 1
6412 668 15 43 9 1
6413 668 16 43 9 1
6414 668 17 43 9 1
6415 668 18 43 9 1
6416 668 19 43 9 1
6417 668 20 43 9 1
6418 669 11 43 9 1
6419 669 12 43 9 1
6420 669 13 43 9 1
6421 669 14 43 9 1
6422 669 15 43 9 1
6423 669 16 43 9 1
6424 669 17 43 9 1
6425 669 18 43 9 1
6426 669 19 43 9 1
6427 669 20 43 9 1
6428 670 11 43 9 1
6429 670 12 43 9 1
6430 670 13 43 9 1
6431 670 14 43 9 1
6432 670 15 43 9 1
6433 670 16 43 9 1
6434 670 17 43 9 1
6435 670 18 43 9 1
6436 670 19 43 9 1
6437 670 20 43 9 1
6438 671 11 43 9 1
6439 671 12 43 9 1
6440 671 13 43 9 1
6441 671 14 43 9 1
6442 671 15 43 9 1
6443 671 16 43 9 1
6444 671 17 43 9 1
6445 671 18 43 9 1
6446 671 19 43 9 1
6447 671 20 43 9 1
6448 672 11 43 9 1
6449 672 12 43 9 1
6450 672 13 43 9 1
6451 672 14 43 9 1
6452 672 15 43 9 1
6453 672 16 43 9 1
6454 672 17 43 9 1
6455 672 18 43 9 1
6456 672 19 43 9 1
6457 672 20 43 9 1
6458 673 11 43 9 1
6459 673 12 43 9 1
6460 673 13 43 9 1
6461 673 14 43 9 1
6462 673 15 43 9 1
6463 673 16 43 9 1
6464 673 17 43 9 1
6465 673 18 43 9 1
6466 673 19 43 9 1
6467 673 20 43 9 1
6468 674 11 43 9 1
6469 674 12 43 9 1
6470 674 13 43 9 1
6471 674 14 43 9 1
6472 674 15 43 9 1
6473 674 16 43 9 1
6474 674 17 43 9 1
6475 674 18 43 9 1
6476 674 19 43 9 1
6477 674 20 43 9 1
6478 675 11 43 9 1
6479 675 12 43 9 1
6480 675 13 43 9 1
6481 675 14 43 9 1
6482 675 15 43 9 1
6483 675 16 43 9 1
6484 675 17 43 9 1
6485 675 18 43 9 1
6486 675 19 43 9 1
6487 675 20 43 9 1
6488 676 11 43 9 1
6489 676 12 43 9 1
6490 676 13 43 9 1
6491 676 14 43 9 1
6492 676 15 43 9 1
6493 676 16 43 9 1
6494 676 17 43 9 1
6495 676 18 43 9 1
6496 676 19 43 9 1
6497 676 20 43 9 1
6498 677 11 43 9 1
6499 677 12 43 9 1
6500 677 13 43 9 1
6501 677 14 43 9 1
6502 677 15 43 9 1
6503 677 16 43 9 1
6504 677 17 43 9 1
6505 677 18 43 9 1
6506 677 19 43 9 1
6507 677 20 43 9 1
6508 678 11 43 9 1
6509 678 12 43 9 1
6510 678 13 43 9 1
6511 678 14 43 9 1
6512 678 15 43 9 1
6513 678 16 43 9 1
6514 678 17 43 9 1
6515 678 18 43 9 1
6516 678 19 43 9 1
6517 678 20 43 9 1
6518 679 11 43 9 1
6519 679 12 43 9 1
6520 679 13 43 9 1
6521 679 14 43 9 1
6522 679 15 43 9 1
6523 679 16 43 9 1
6524 679 17 43 9 1
6525 679 18 43 9 1
6526 679 19 43 9 1
6527 679 20 43 9 1
6528 680 11 43 9 1
6529 680 12 43 9 1
6530 680 13 43 9 1
6531 680 14 43 9 1
6532 680 15 43 9 1
6533 680 16 43 9 1
6534 680 17 43 9 1
6535 680 18 43 9 1
6536 680 19 43 9 1
6537 680 20 43 9 1
6538 681 11 43 9 1
6539 681 12 43 9 1
6540 681 13 43 9 1
6541 681 14 43 9 1
6542 681 15 43 9 1
6543 681 16 43 9 1
6544 681 17 43 9 1
6545 681 18 43 9 1
6546 681 19 43 9 1
6547 681 20 43 9 1
6548 682 11 43 9 1
6549 682 12 43 9 1
6550 682 13 43 9 1
6551 682 14 43 9 1
6552 682 15 43 9 1
6553 682 16 43 9 1
6554 682 17 43 9 1
6555 682 18 43 9 1
6556 682 19 43 9 1
6557 682 20 43 9 1
6558 683 11 43 9 1
6559 683 12 43 9 1
6560 683 13 43 9 1
6561 683 14 43 9 1
6562 683 15 43 9 1
6563 683 16 43 9 1
6564 683 17 43 9 1
6565 683 18 43 9 1
6566 683 19 43 9 1
6567 683 20 43 9 1
6568 684 11 43 9 1
6569 684 12 43 9 1
6570 684 13 43 9 1
6571 684 14 43 9 1
6572 684 15 43 9 1
6573 684 16 43 9 1
6574 684 17 43 9 1
6575 684 18 43 9 1
6576 684 19 43 9 1
6577 684 20 43 9 1
6578 685 11 43 9 1
6579 685 12 43 9 1
6580 685 13 43 9 1
6581 685 14 43 9 1
6582 685 15 43 9 1
6583 685 16 43 9 1
6584 685 17 43 9 1
6585 685 18 43 9 1
6586 685 19 43 9 1
6587 685 20 43 9 1
6588 686 11 43 9 1
6589 686 12 43 9 1
6590 686 13 43 9 1
6591 686 14 43 9 1
6592 686 15 43 9 1
6593 686 16 43 9 1
6594 686 17 43 9 1
6595 686 18 43 9 1
6596 686 19 43 9 1
6597 686 20 43 9 1
6598 687 11 43 9 1
6599 687 12 43 9 1
6600 687 13 43 9 1
6601 687 14 43 9 1
6602 687 15 43 9 1
6603 687 16 43 9 1
6604 687 17 43 9 1
6605 687 18 43 9 1
6606 687 19 43 9 1
6607 687 20 43 9 1
6608 688 11 43 9 1
6609 688 12 43 9 1
6610 688 13 43 9 1
6611 688 14 43 9 1
6612 688 15 43 9 1
6613 688 16 43 9 1
6614 688 17 43 9 1
6615 688 18 43 9 1
6616 688 19 43 9 1
6617 688 20 43 9 1
6618 689 11 43 9 1
6619 689 12 43 9 1
6620 689 13 43 9 1
6621 689 14 43 9 1
6622 689 15 43 9 1
6623 689 16 43 9 1
6624 689 17 43 9 1
6625 689 18 43 9 1
6626 689 19 43 9 1
6627 689 20 43 9 1
6628 690 11 43 9 1
6629 690 12 43 9 1
6630 690 13 43 9 1
6631 690 14 43 9 1
6632 690 15 43 9 1
6633 690 16 43 9 1
6634 690 17 43 9 1
6635 690 18 43 9 1
6636 690 19 43 9 1
6637 690 20 43 9 1
6638 691 11 43 9 1
6639 691 12 43 9 1
6640 691 13 43 9 1
6641 691 14 43 9 1
6642 691 15 43 9 1
6643 691 16 43 9 1
6644 691 17 43 9 1
6645 691 18 43 9 1
6646 691 19 43 9 1
6647 691 20 43 9 1
6648 692 11 43 9 1
6649 692 12 43 9 1
6650 692 13 43 9 1
6651 692 14 43 9 1
6652 692 15 43 9 1
6653 692 16 43 9 1
6654 692 17 43 9 1
6655 692 18 43 9 1
6656 692 19 43 9 1
6657 692 20 43 9 1
6658 693 11 43 9 1
6659 693 12 43 9 1
6660 693 13 43 9 1
6661 693 14 43 9 1
6662 693 15 43 9 1
6663 693 16 43 9 1
6664 693 17 43 9 1
6665 693 18 43 9 1
6666 693 19 43 9 1
6667 693 20 43 9 1
6668 694 11 43 9 1
6669 694 12 43 9 1
6670 694 13 43 9 1
6671 694 14 43 9 1
6672 694 15 43 9 1
6673 694 16 43 9 1
6674 694 17 43 9 1
6675 694 18 43 9 1
6676 694 19 43 9 1
6677 694 20 43 9 1
6678 695 11 43 9 1
6679 695 12 43 9 1
6680 695 13 43 9 1
6681 695 14 43 9 1
6682 695 15 43 9 1
6683 695 16 43 9 1
6684 695 17 43 9 1
6685 695 18 43 9 1
6686 695 19 43 9 1
6687 695 20 43 9 1
6688 696 11 43 9 1
6689 696 12 43 9 1
6690 696 13 43 9 1
6691 696 14 43 9 1
6692 696 15 43 9 1
6693 696 16 43 9 1
6694 696 17 43 9 1
6695 696 18 43 9 1
6696 696 19 43 9 1
6697 696 20 43 9 1
6698 697 11 43 9 1
6699 697 12 43 9 1
6700 697 13 43 9 1
6701 697 14 43 9 1
6702 697 15 43 9 1
6703 697 16 43 9 1
6704 697 17 43 9 1
6705 697 18 43 9 1
6706 697 19 43 9 1
6707 697 20 43 9 1
6708 698 11 43 9 1
6709 698 12 43 9 1
6710 698 13 43 9 1
6711 698 14 43 9 1
6712 698 15 43 9 1
6713 698 16 43 9 1
6714 698 17 43 9 1
6715 698 18 43 9 1
6716 698 19 43 9 1
6717 698 20 43 9 1
6718 699 11 43 9 1
6719 699 12 43 9 1
6720 699 13 43 9 1
6721 699 14 43 9 1
6722 699 15 43 9 1
6723 699 16 43 9 1
6724 699 17 43 9 1
6725 699 18 43 9 1
6726 699 19 43 9 1
6727 699 20 43 9 1
6728 700 11 43 9 1
6729 700 12 43 9 1
6730 700 13 43 9 1
6731 700 14 43 9 1
6732 700 15 43 9 1
6733 700 16 43 9 1
6734 700 17 43 9 1
6735 700 18 43 9 1
6736 700 19 43 9 1
6737 700 20 43 9 1
6738 701 11 43 9 1
6739 701 12 43 9 1
6740 701 13 43 9 1
6741 701 14 43 9 1
6742 701 15 43 9 1
6743 701 16 43 9 1
6744 701 17 43 9 1
6745 701 18 43 9 1
6746 701 19 43 9 1
6747 701 20 43 9 1
6748 702 11 43 9 1
6749 702 12 43 9 1
6750 702 13 43 9 1
6751 702 14 43 9 1
6752 702 15 43 9 1
6753 702 16 43 9 1
6754 702 17 43 9 1
6755 702 18 43 9 1
6756 702 19 43 9 1
6757 702 20 43 9 1
6758 703 11 43 9 1
6759 703 12 43 9 1
6760 703 13 43 9 1
6761 703 14 43 9 1
6762 703 15 43 9 1
6763 703 16 43 9 1
6764 703 17 43 9 1
6765 703 18 43 9 1
6766 703 19 43 9 1
6767 703 20 43 9 1
6768 704 11 43 9 1
6769 704 12 43 9 1
6770 704 13 43 9 1
6771 704 14 43 9 1
6772 704 15 43 9 1
6773 704 16 43 9 1
6774 704 17 43 9 1
6775 704 18 43 9 1
6776 704 19 43 9 1
6777 704 20 43 9 1
6778 705 11 43 9 1
6779 705 12 43 9 1
6780 705 13 43 9 1
6781 705 14 43 9 1
6782 705 15 43 9 1
6783 705 16 43 9 1
6784 705 17 43 9 1
6785 705 18 43 9 1
6786 705 19 43 9 1
6787 705 20 43 9 1
6788 706 11 43 9 1
6789 706 12 43 9 1
6790 706 13 43 9 1
6791 706 14 43 9 1
6792 706 15 43 9 1
6793 706 16 43 9 1
6794 706 17 43 9 1
6795 706 18 43 9 1
6796 706 19 43 9 1
6797 706 20 43 9 1
6798 707 11 43 9 1
6799 707 12 43 9 1
6800 707 13 43 9 1
6801 707 14 43 9 1
6802 707 15 43 9 1
6803 707 16 43 9 1
6804 707 17 43 9 1
6805 707 18 43 9 1
6806 707 19 43 9 1
6807 707 20 43 9 1
6808 708 11 43 9 1
6809 708 12 43 9 1
6810 708 13 43 9 1
6811 708 14 43 9 1
6812 708 15 43 9 1
6813 708 16 43 9 1
6814 708 17 43 9 1
6815 708 18 43 9 1
6816 708 19 43 9 1
6817 708 20 43 9 1
6818 709 11 43 9 1
6819 709 12 43 9 1
6820 709 13 43 9 1
6821 709 14 43 9 1
6822 709 15 43 9 1
6823 709 16 43 9 1
6824 709 17 43 9 1
6825 709 18 43 9 1
6826 709 19 43 9 1
6827 709 20 43 9 1
6828 710 11 43 9 1
6829 710 12 43 9 1
6830 710 13 43 9 1
6831 710 14 43 9 1
6832 710 15 43 9 1
6833 710 16 43 9 1
6834 710 17 43 9 1
6835 710 18 43 9 1
6836 710 19 43 9 1
6837 710 20 43 9 1
6838 711 11 43 9 1
6839 711 12 43 9 1
6840 711 13 43 9 1
6841 711 14 43 9 1
6842 711 15 43 9 1
6843 711 16 43 9 1
6844 711 17 43 9 1
6845 711 18 43 9 1
6846 711 19 43 9 1
6847 711 20 43 9 1
6848 712 11 43 9 1
6849 712 12 43 9 1
6850 712 13 43 9 1
6851 712 14 43 9 1
6852 712 15 43 9 1
6853 712 16 43 9 1
6854 712 17 43 9 1
6855 712 18 43 9 1
6856 712 19 43 9 1
6857 712 20 43 9 1
6858 713 11 43 9 1
6859 713 12 43 9 1
6860 713 13 43 9 1
6861 713 14 43 9 1
6862 713 15 43 9 1
6863 713 16 43 9 1
6864 713 17 43 9 1
6865 713 18 43 9 1
6866 713 19 43 9 1
6867 713 20 43 9 1
6868 714 11 43 9 1
6869 714 12 43 9 1
6870 714 13 43 9 1
6871 714 14 43 9 1
6872 714 15 43 9 1
6873 714 16 43 9 1
6874 714 17 43 9 1
6875 714 18 43 9 1
6876 714 19 43 9 1
6877 714 20 43 9 1
6878 715 11 43 9 1
6879 715 12 43 9 1
6880 715 13 43 9 1
6881 715 14 43 9 1
6882 715 15 43 9 1
6883 715 16 43 9 1
6884 715 17 43 9 1
6885 715 18 43 9 1
6886 715 19 43 9 1
6887 715 20 43 9 1
6888 716 11 43 9 1
6889 716 12 43 9 1
6890 716 13 43 9 1
6891 716 14 43 9 1
6892 716 15 43 9 1
6893 716 16 43 9 1
6894 716 17 43 9 1
6895 716 18 43 9 1
6896 716 19 43 9 1
6897 716 20 43 9 1
6898 717 11 43 9 1
6899 717 12 43 9 1
6900 717 13 43 9 1
6901 717 14 43 9 1
6902 717 15 43 9 1
6903 717 16 43 9 1
6904 717 17 43 9 1
6905 717 18 43 9 1
6906 717 19 43 9 1
6907 717 20 43 9 1
6908 718 11 43 9 1
6909 718 12 43 9 1
6910 718 13 43 9 1
6911 718 14 43 9 1
6912 718 15 43 9 1
6913 718 16 43 9 1
6914 718 17 43 9 1
6915 718 18 43 9 1
6916 718 19 43 9 1
6917 718 20 43 9 1
6918 719 11 43 9 1
6919 719 12 43 9 1
6920 719 13 43 9 1
6921 719 14 43 9 1
6922 719 15 43 9 1
6923 719 16 43 9 1
6924 719 17 43 9 1
6925 719 18 43 9 1
6926 719 19 43 9 1
6927 719 20 43 9 1
6928 720 11 43 9 1
6929 720 12 43 9 1
6930 720 13 43 9 1
6931 720 14 43 9 1
6932 720 15 43 9 1
6933 720 16 43 9 1
6934 720 17 43 9 1
6935 720 18 43 9 1
6936 720 19 43 9 1
6937 720 20 43 9 1
6938 721 11 43 9 1
6939 721 12 43 9 1
6940 721 13 43 9 1
6941 721 14 43 9 1
6942 721 15 43 9 1
6943 721 16 43 9 1
6944 721 17 43 9 1
6945 721 18 43 9 1
6946 721 19 43 9 1
6947 721 20 43 9 1
6948 722 11 43 9 1
6949 722 12 43 9 1
6950 722 13 43 9 1
6951 722 14 43 9 1
6952 722 15 43 9 1
6953 722 16 43 9 1
6954 722 17 43 9 1
6955 722 18 43 9 1
6956 722 19 43 9 1
6957 722 20 43 9 1
6958 723 11 43 9 1
6959 723 12 43 9 1
6960 723 13 43 9 1
6961 723 14 43 9 1
6962 723 15 43 9 1
6963 723 16 43 9 1
6964 723 17 43 9 1
6965 723 18 43 9 1
6966 723 19 43 9 1
6967 723 20 43 9 1
6968 724 11 43 9 1
6969 724 12 43 9 1
6970 724 13 43 9 1
6971 724 14 43 9 1
6972 724 15 43 9 1
6973 724 16 43 9 1
6974 724 17 43 9 1
6975 724 18 43 9 1
6976 724 19 43 9 1
6977 724 20 43 9 1
6978 725 11 43 9 1
6979 725 12 43 9 1
6980 725 13 43 9 1
6981 725 14 43 9 1
6982 725 15 43 9 1
6983 725 16 43 9 1
6984 725 17 43 9 1
6985 725 18 43 9 1
6986 725 19 43 9 1
6987 725 20 43 9 1
6988 726 11 43 9 1
6989 726 12 43 9 1
6990 726 13 43 9 1
6991 726 14 43 9 1
6992 726 15 43 9 1
6993 726 16 43 9 1
6994 726 17 43 9 1
6995 726 18 43 9 1
6996 726 19 43 9 1
6997 726 20 43 9 1
6998 727 11 43 9 1
6999 727 12 43 9 1
7000 727 13 43 9 1
7001 727 14 43 9 1
7002 727 15 43 9 1
7003 727 16 43 9 1
7004 727 17 43 9 1
7005 727 18 43 9 1
7006 727 19 43 9 1
7007 727 20 43 9 1
7008 728 11 43 9 1
7009 728 12 43 9 1
7010 728 13 43 9 1
7011 728 14 43 9 1
7012 728 15 43 9 1
7013 728 16 43 9 1
7014 728 17 43 9 1
7015 728 18 43 9 1
7016 728 19 43 9 1
7017 728 20 43 9 1
7018 729 11 43 9 1
7019 729 12 43 9 1
7020 729 13 43 9 1
7021 729 14 43 9 1
7022 729 15 43 9 1
7023 729 16 43 9 1
7024 729 17 43 9 1
7025 729 18 43 9 1
7026 729 19 43 9 1
7027 729 20 43 9 1
7028 730 11 43 9 1
7029 730 12 43 9 1
7030 730 13 43 9 1
7031 730 14 43 9 1
7032 730 15 43 9 1
7033 730 16 43 9 1
7034 730 17 43 9 1
7035 730 18 43 9 1
7036 730 19 43 9 1
7037 730 20 43 9 1
7038 731 11 43 9 1
7039 731 12 43 9 1
7040 731 13 43 9 1
7041 731 14 43 9 1
7042 731 15 43 9 1
7043 731 16 43 9 1
7044 731 17 43 9 1
7045 731 18 43 9 1
7046 731 19 43 9 1
7047 731 20 43 9 1
7048 732 11 43 9 1
7049 732 12 43 9 1
7050 732 13 43 9 1
7051 732 14 43 9 1
7052 732 15 43 9 1
7053 732 16 43 9 1
7054 732 17 43 9 1
7055 732 18 43 9 1
7056 732 19 43 9 1
7057 732 20 43 9 1
7058 733 11 43 9 1
7059 733 12 43 9 1
7060 733 13 43 9 1
7061 733 14 43 9 1
7062 733 15 43 9 1
7063 733 16 43 9 1
7064 733 17 43 9 1
7065 733 18 43 9 1
7066 733 19 43 9 1
7067 733 20 43 9 1
7068 734 11 43 9 1
7069 734 12 43 9 1
7070 734 13 43 9 1
7071 734 14 43 9 1
7072 734 15 43 9 1
7073 734 16 43 9 1
7074 734 17 43 9 1
7075 734 18 43 9 1
7076 734 19 43 9 1
7077 734 20 43 9 1
7078 735 11 43 9 1
7079 735 12 43 9 1
7080 735 13 43 9 1
7081 735 14 43 9 1
7082 735 15 43 9 1
7083 735 16 43 9 1
7084 735 17 43 9 1
7085 735 18 43 9 1
7086 735 19 43 9 1
7087 735 20 43 9 1
7088 736 11 43 9 1
7089 736 12 43 9 1
7090 736 15 43 9 1
7091 736 16 43 9 1
7092 736 17 43 9 1
7093 736 18 43 9 1
7094 736 19 43 9 1
7095 736 20 43 9 1
7096 737 11 43 9 1
7097 737 12 43 9 1
7098 737 15 43 9 1
7099 737 16 43 9 1
7100 737 17 43 9 1
7101 737 18 43 9 1
7102 737 19 43 9 1
7103 737 20 43 9 1
7104 738 11 43 9 1
7105 738 12 43 9 1
7106 738 13 43 9 1
7107 738 14 43 9 1
7108 738 15 43 9 1
7109 738 16 43 9 1
7110 738 19 43 9 1
7111 738 20 43 9 1
7112 739 11 43 9 1
7113 739 12 43 9 1
7114 739 13 43 9 1
7115 739 14 43 9 1
7116 739 15 43 9 1
7117 739 16 43 9 1
7118 739 19 43 9 1
7119 739 20 43 9 1
7120 740 11 43 9 1
7121 740 12 43 9 1
7122 740 13 43 9 1
7123 740 14 43 9 1
7124 740 15 43 9 1
7125 740 16 43 9 1
7126 740 17 43 9 1
7127 740 18 43 9 1
7128 740 19 43 9 1
7129 740 20 43 9 1
7130 741 11 43 9 1
7131 741 12 43 9 1
7132 741 13 43 9 1
7133 741 14 43 9 1
7134 741 15 43 9 1
7135 741 16 43 9 1
7136 741 17 43 9 1
7137 741 18 43 9 1
7138 741 19 43 9 1
7139 741 20 43 9 1
7140 742 11 43 9 1
7141 742 12 43 9 1
7142 742 13 43 9 1
7143 742 14 43 9 1
7144 742 15 43 9 1
7145 742 16 43 9 1
7146 742 17 43 9 1
7147 742 18 43 9 1
7148 742 19 43 9 1
7149 742 20 43 9 1
7150 743 11 43 9 1
7151 743 12 43 9 1
7152 743 13 43 9 1
7153 743 14 43 9 1
7154 743 15 43 9 1
7155 743 16 43 9 1
7156 743 17 43 9 1
7157 743 18 43 9 1
7158 743 19 43 9 1
7159 743 20 43 9 1
7160 744 11 43 9 1
7161 744 12 43 9 1
7162 744 13 43 9 1
7163 744 14 43 9 1
7164 744 15 43 9 1
7165 744 16 43 9 1
7166 744 17 43 9 1
7167 744 18 43 9 1
7168 744 19 43 9 1
7169 744 20 43 9 1
7170 745 11 43 9 1
7171 745 12 43 9 1
7172 745 13 43 9 1
7173 745 14 43 9 1
7174 745 15 43 9 1
7175 745 16 43 9 1
7176 745 17 43 9 1
7177 745 18 43 9 1
7178 745 19 43 9 1
7179 745 20 43 9 1
7180 746 11 43 9 1
7181 746 12 43 9 1
7182 746 13 43 9 1
7183 746 14 43 9 1
7184 746 15 43 9 1
7185 746 16 43 9 1
7186 746 17 43 9 1
7187 746 18 43 9 1
7188 746 19 43 9 1
7189 746 20 43 9 1
7190 747 11 43 9 1
7191 747 12 43 9 1
7192 747 13 43 9 1
7193 747 14 43 9 1
7194 747 15 43 9 1
7195 747 16 43 9 1
7196 747 17 43 9 1
7197 747 18 43 9 1
7198 747 19 43 9 1
7199 747 20 43 9 1
7200 748 11 43 9 1
7201 748 12 43 9 1
7202 748 13 43 9 1
7203 748 14 43 9 1
7204 748 15 43 9 1
7205 748 16 43 9 1
7206 748 17 43 9 1
7207 748 18 43 9 1
7208 748 19 43 9 1
7209 748 20 43 9 1
7210 749 11 43 9 1
7211 749 12 43 9 1
7212 749 13 43 9 1
7213 749 14 43 9 1
7214 749 15 43 9 1
7215 749 16 43 9 1
7216 749 17 43 9 1
7217 749 18 43 9 1
7218 749 19 43 9 1
7219 749 20 43 9 1
7220 750 11 43 9 1
7221 750 12 43 9 1
7222 750 13 43 9 1
7223 750 14 43 9 1
7224 750 15 43 9 1
7225 750 16 43 9 1
7226 750 17 43 9 1
7227 750 18 43 9 1
7228 750 19 43 9 1
7229 750 20 43 9 1
7230 751 11 43 9 1
7231 751 12 43 9 1
7232 751 13 43 9 1
7233 751 14 43 9 1
7234 751 15 43 9 1
7235 751 16 43 9 1
7236 751 17 43 9 1
7237 751 18 43 9 1
7238 751 19 43 9 1
7239 751 20 43 9 1
7240 752 11 43 9 1
7241 752 14 43 9 1
7242 752 15 43 9 1
7243 752 16 43 9 1
7244 752 17 43 9 1
7245 752 18 43 9 1
7246 752 19 43 9 1
7247 752 20 43 9 1
7248 753 11 43 9 1
7249 753 14 43 9 1
7250 753 15 43 9 1
7251 753 16 43 9 1
7252 753 17 43 9 1
7253 753 18 43 9 1
7254 753 19 43 9 1
7255 753 20 43 9 1
7256 754 11 43 9 1
7257 754 12 43 9 1
7258 754 13 43 9 1
7259 754 14 43 9 1
7260 754 15 43 9 1
7261 754 16 43 9 1
7262 754 17 43 9 1
7263 754 20 43 9 1
7264 755 11 43 9 1
7265 755 12 43 9 1
7266 755 13 43 9 1
7267 755 14 43 9 1
7268 755 15 43 9 1
7269 755 16 43 9 1
7270 755 17 43 9 1
7271 755 20 43 9 1
7272 756 11 43 9 1
7273 756 12 43 9 1
7274 756 13 43 9 1
7275 756 14 43 9 1
7276 756 15 43 9 1
7277 756 16 43 9 1
7278 756 17 43 9 1
7279 756 18 43 9 1
7280 756 19 43 9 1
7281 756 20 43 9 1
7282 757 11 43 9 1
7283 757 12 43 9 1
7284 757 13 43 9 1
7285 757 14 43 9 1
7286 757 15 43 9 1
7287 757 16 43 9 1
7288 757 17 43 9 1
7289 757 18 43 9 1
7290 757 19 43 9 1
7291 757 20 43 9 1
7292 758 11 43 9 1
7293 758 12 43 9 1
7294 758 13 43 9 1
7295 758 14 43 9 1
7296 758 15 43 9 1
7297 758 16 43 9 1
7298 758 17 43 9 1
7299 758 18 43 9 1
7300 758 19 43 9 1
7301 758 20 43 9 1
7302 759 11 43 9 1
7303 759 12 43 9 1
7304 759 13 43 9 1
7305 759 14 43 9 1
7306 759 15 43 9 1
7307 759 16 43 9 1
7308 759 17 43 9 1
7309 759 18 43 9 1
7310 759 19 43 9 1
7311 759 20 43 9 1
7312 760 11 43 9 1
7313 760 12 43 9 1
7314 760 13 43 9 1
7315 760 14 43 9 1
7316 760 15 43 9 1
7317 760 16 43 9 1
7318 760 17 43 9 1
7319 760 18 43 9 1
7320 760 19 43 9 1
7321 760 20 43 9 1
7322 761 11 43 9 1
7323 761 12 43 9 1
7324 761 13 43 9 1
7325 761 14 43 9 1
7326 761 15 43 9 1
7327 761 16 43 9 1
7328 761 17 43 9 1
7329 761 18 43 9 1
7330 761 19 43 9 1
7331 761 20 43 9 1
7332 762 11 43 9 1
7333 762 12 43 9 1
7334 762 13 43 9 1
7335 762 14 43 9 1
7336 762 15 43 9 1
7337 762 16 43 9 1
7338 762 17 43 9 1
7339 762 18 43 9 1
7340 762 19 43 9 1
7341 762 20 43 9 1
7342 763 11 43 9 1
7343 763 12 43 9 1
7344 763 13 43 9 1
7345 763 14 43 9 1
7346 763 15 43 9 1
7347 763 16 43 9 1
7348 763 17 43 9 1
7349 763 18 43 9 1
7350 763 19 43 9 1
7351 763 20 43 9 1
7352 764 11 43 9 1
7353 764 12 43 9 1
7354 764 13 43 9 1
7355 764 14 43 9 1
7356 764 17 43 9 1
7357 764 18 43 9 1
7358 764 19 43 9 1
7359 764 20 43 9 1
7360 765 11 43 9 1
7361 765 12 43 9 1
7362 765 13 43 9 1
7363 765 14 43 9 1
7364 765 17 43 9 1
7365 765 18 43 9 1
7366 765 19 43 9 1
7367 765 20 43 9 1
7368 766 11 43 9 1
7369 766 12 43 9 1
7370 766 13 43 9 1
7371 766 14 43 9 1
7372 766 17 43 9 1
7373 766 18 43 9 1
7374 766 19 43 9 1
7375 766 20 43 9 1
7376 767 11 43 9 1
7377 767 12 43 9 1
7378 767 13 43 9 1
7379 767 14 43 9 1
7380 767 17 43 9 1
7381 767 18 43 9 1
7382 767 19 43 9 1
7383 767 20 43 9 1
7384 768 11 43 9 1
7385 768 12 43 9 1
7386 768 13 43 9 1
7387 768 14 43 9 1
7388 768 15 43 9 1
7389 768 16 43 9 1
7390 768 17 43 9 1
7391 768 18 43 9 1
7392 768 19 43 9 1
7393 768 20 43 9 1
7394 769 11 43 9 1
7395 769 12 43 9 1
7396 769 13 43 9 1
7397 769 14 43 9 1
7398 769 15 43 9 1
7399 769 16 43 9 1
7400 769 17 43 9 1
7401 769 18 43 9 1
7402 769 19 43 9 1
7403 769 20 43 9 1
7404 770 11 43 9 1
7405 770 12 43 9 1
7406 770 13 43 9 1
7407 770 14 43 9 1
7408 770 15 43 9 1
7409 770 16 43 9 1
7410 770 17 43 9 1
7411 770 18 43 9 1
7412 770 19 43 9 1
7413 770 20 43 9 1
7414 771 11 43 9 1
7415 771 12 43 9 1
7416 771 13 43 9 1
7417 771 14 43 9 1
7418 771 15 43 9 1
7419 771 16 43 9 1
7420 771 17 43 9 1
7421 771 18 43 9 1
7422 771 19 43 9 1
7423 771 20 43 9 1
7424 772 11 43 9 1
7425 772 12 43 9 1
7426 772 13 43 9 1
7427 772 14 43 9 1
7428 772 15 43 9 1
7429 772 16 43 9 1
7430 772 17 43 9 1
7431 772 18 43 9 1
7432 772 19 43 9 1
7433 772 20 43 9 1
7434 773 11 43 9 1
7435 773 12 43 9 1
7436 773 13 43 9 1
7437 773 14 43 9 1
7438 773 15 43 9 1
7439 773 16 43 9 1
7440 773 17 43 9 1
7441 773 18 43 9 1
7442 773 19 43 9 1
7443 773 20 43 9 1
7444 774 11 43 9 1
7445 774 12 43 9 1
7446 774 13 43 9 1
7447 774 14 43 9 1
7448 774 15 43 9 1
7449 774 16 43 9 1
7450 774 17 43 9 1
7451 774 18 43 9 1
7452 774 19 43 9 1
7453 774 20 43 9 1
7454 775 11 43 9 1
7455 775 12 43 9 1
7456 775 13 43 9 1
7457 775 14 43 9 1
7458 775 15 43 9 1
7459 775 16 43 9 1
7460 775 17 43 9 1
7461 775 18 43 9 1
7462 775 19 43 9 1
7463 775 20 43 9 1
7464 776 11 43 9 1
7465 776 12 43 9 1
7466 776 13 43 9 1
7467 776 16 43 9 1
7468 776 17 43 9 1
7469 776 18 43 9 1
7470 776 19 43 9 1
7471 776 20 43 9 1
7472 777 11 43 9 1
7473 777 12 43 9 1
7474 777 13 43 9 1
7475 777 16 43 9 1
7476 777 17 43 9 1
7477 777 18 43 9 1
7478 777 19 43 9 1
7479 777 20 43 9 1
7480 778 11 43 9 1
7481 778 12 43 9 1
7482 778 13 43 9 1
7483 778 14 43 9 1
7484 778 15 43 9 1
7485 778 18 43 9 1
7486 778 19 43 9 1
7487 778 20 43 9 1
7488 779 11 43 9 1
7489 779 12 43 9 1
7490 779 13 43 9 1
7491 779 14 43 9 1
7492 779 15 43 9 1
7493 779 18 43 9 1
7494 779 19 43 9 1
7495 779 20 43 9 1
7496 780 11 43 9 1
7497 780 12 43 9 1
7498 780 13 43 9 1
7499 780 14 43 9 1
7500 780 15 43 9 1
7501 780 16 43 9 1
7502 780 17 43 9 1
7503 780 18 43 9 1
7504 780 19 43 9 1
7505 780 20 43 9 1
7506 781 11 43 9 1
7507 781 12 43 9 1
7508 781 13 43 9 1
7509 781 14 43 9 1
7510 781 15 43 9 1
7511 781 16 43 9 1
7512 781 17 43 9 1
7513 781 18 43 9 1
7514 781 19 43 9 1
7515 781 20 43 9 1
7516 782 11 43 9 1
7517 782 12 43 9 1
7518 782 13 43 9 1
7519 782 14 43 9 1
7520 782 15 43 9 1
7521 782 16 43 9 1
7522 782 17 43 9 1
7523 782 18 43 9 1
7524 782 19 43 9 1
7525 782 20 43 9 1
7526 783 11 43 9 1
7527 783 12 43 9 1
7528 783 13 43 9 1
7529 783 14 43 9 1
7530 783 15 43 9 1
7531 783 16 43 9 1
7532 783 17 43 9 1
7533 783 18 43 9 1
7534 783 19 43 9 1
7535 783 20 43 9 1
7536 784 11 43 9 1
7537 784 12 43 9 1
7538 784 13 43 9 1
7539 784 14 43 9 1
7540 784 15 43 9 1
7541 784 16 43 9 1
7542 784 17 43 9 1
7543 784 18 43 9 1
7544 784 19 43 9 1
7545 784 20 43 9 1
7546 785 11 43 9 1
7547 785 12 43 9 1
7548 785 13 43 9 1
7549 785 14 43 9 1
7550 785 15 43 9 1
7551 785 16 43 9 1
7552 785 17 43 9 1
7553 785 18 43 9 1
7554 785 19 43 9 1
7555 785 20 43 9 1
7556 786 11 43 9 1
7557 786 12 43 9 1
7558 786 13 43 9 1
7559 786 14 43 9 1
7560 786 15 43 9 1
7561 786 16 43 9 1
7562 786 17 43 9 1
7563 786 18 43 9 1
7564 786 19 43 9 1
7565 786 20 43 9 1
7566 787 11 43 9 1
7567 787 12 43 9 1
7568 787 13 43 9 1
7569 787 14 43 9 1
7570 787 15 43 9 1
7571 787 16 43 9 1
7572 787 17 43 9 1
7573 787 18 43 9 1
7574 787 19 43 9 1
7575 787 20 43 9 1
7576 788 13 43 9 1
7577 788 14 43 9 1
7578 788 15 43 9 1
7579 788 16 43 9 1
7580 788 17 43 9 1
7581 788 18 43 9 1
7582 788 19 43 9 1
7583 788 20 43 9 1
7584 789 13 43 9 1
7585 789 14 43 9 1
7586 789 15 43 9 1
7587 789 16 43 9 1
7588 789 17 43 9 1
7589 789 18 43 9 1
7590 789 19 43 9 1
7591 789 20 43 9 1
7592 790 11 43 9 1
7593 790 12 43 9 1
7594 790 13 43 9 1
7595 790 14 43 9 1
7596 790 15 43 9 1
7597 790 16 43 9 1
7598 790 17 43 9 1
7599 790 18 43 9 1
7600 791 11 43 9 1
7601 791 12 43 9 1
7602 791 13 43 9 1
7603 791 14 43 9 1
7604 791 15 43 9 1
7605 791 16 43 9 1
7606 791 17 43 9 1
7607 791 18 43 9 1
7608 792 13 43 9 1
7609 792 14 43 9 1
7610 792 15 43 9 1
7611 792 16 43 9 1
7612 792 17 43 9 1
7613 792 18 43 9 1
7614 792 19 43 9 1
7615 792 20 43 9 1
7616 793 13 43 9 1
7617 793 14 43 9 1
7618 793 15 43 9 1
7619 793 16 43 9 1
7620 793 17 43 9 1
7621 793 18 43 9 1
7622 793 19 43 9 1
7623 793 20 43 9 1
7624 794 11 43 9 1
7625 794 12 43 9 1
7626 794 13 43 9 1
7627 794 14 43 9 1
7628 794 15 43 9 1
7629 794 16 43 9 1
7630 794 17 43 9 1
7631 794 18 43 9 1
7632 795 11 43 9 1
7633 795 12 43 9 1
7634 795 13 43 9 1
7635 795 14 43 9 1
7636 795 15 43 9 1
7637 795 16 43 9 1
7638 795 17 43 9 1
7639 795 18 43 9 1
7640 796 11 43 9 1
7641 796 12 43 9 1
7642 796 13 43 9 1
7643 796 16 43 9 1
7644 796 17 43 9 1
7645 796 18 43 9 1
7646 796 19 43 9 1
7647 796 20 43 9 1
7648 797 11 43 9 1
7649 797 12 43 9 1
7650 797 13 43 9 1
7651 797 16 43 9 1
7652 797 17 43 9 1
7653 797 18 43 9 1
7654 797 19 43 9 1
7655 797 20 43 9 1
7656 798 11 43 9 1
7657 798 12 43 9 1
7658 798 13 43 9 1
7659 798 14 43 9 1
7660 798 15 43 9 1
7661 798 18 43 9 1
7662 798 19 43 9 1
7663 798 20 43 9 1
7664 799 11 43 9 1
7665 799 12 43 9 1
7666 799 13 43 9 1
7667 799 14 43 9 1
7668 799 15 43 9 1
7669 799 18 43 9 1
7670 799 19 43 9 1
7671 799 20 43 9 1
7672 800 11 43 9 1
7673 800 12 43 9 1
7674 800 13 43 9 1
7675 800 14 43 9 1
7676 800 15 43 9 1
7677 800 16 43 9 1
7678 800 17 43 9 1
7679 800 18 43 9 1
7680 800 19 43 9 1
7681 800 20 43 9 1
7682 801 11 43 9 1
7683 801 12 43 9 1
7684 801 13 43 9 1
7685 801 14 43 9 1
7686 801 15 43 9 1
7687 801 16 43 9 1
7688 801 17 43 9 1
7689 801 18 43 9 1
7690 801 19 43 9 1
7691 801 20 43 9 1
7692 802 11 43 9 1
7693 802 12 43 9 1
7694 802 13 43 9 1
7695 802 14 43 9 1
7696 802 15 43 9 1
7697 802 16 43 9 1
7698 802 17 43 9 1
7699 802 18 43 9 1
7700 802 19 43 9 1
7701 802 20 43 9 1
7702 803 11 43 9 1
7703 803 12 43 9 1
7704 803 13 43 9 1
7705 803 14 43 9 1
7706 803 15 43 9 1
7707 803 16 43 9 1
7708 803 17 43 9 1
7709 803 18 43 9 1
7710 803 19 43 9 1
7711 803 20 43 9 1
7712 804 11 43 9 1
7713 804 12 43 9 1
7714 804 13 43 9 1
7715 804 14 43 9 1
7716 804 15 43 9 1
7717 804 16 43 9 1
7718 804 17 43 9 1
7719 804 18 43 9 1
7720 804 19 43 9 1
7721 804 20 43 9 1
7722 805 11 43 9 1
7723 805 12 43 9 1
7724 805 13 43 9 1
7725 805 14 43 9 1
7726 805 15 43 9 1
7727 805 16 43 9 1
7728 805 17 43 9 1
7729 805 18 43 9 1
7730 805 19 43 9 1
7731 805 20 43 9 1
7732 806 11 43 9 1
7733 806 12 43 9 1
7734 806 13 43 9 1
7735 806 14 43 9 1
7736 806 15 43 9 1
7737 806 16 43 9 1
7738 806 17 43 9 1
7739 806 18 43 9 1
7740 806 19 43 9 1
7741 806 20 43 9 1
7742 807 11 43 9 1
7743 807 12 43 9 1
7744 807 13 43 9 1
7745 807 14 43 9 1
7746 807 15 43 9 1
7747 807 16 43 9 1
7748 807 17 43 9 1
7749 807 18 43 9 1
7750 807 19 43 9 1
7751 807 20 43 9 1
7752 808 11 43 9 1
7753 808 12 43 9 1
7754 808 13 43 9 1
7755 808 14 43 9 1
7756 808 15 43 9 1
7757 808 16 43 9 1
7758 808 17 43 9 1
7759 808 18 43 9 1
7760 808 19 43 9 1
7761 808 20 43 9 1
7762 809 11 43 9 1
7763 809 12 43 9 1
7764 809 13 43 9 1
7765 809 14 43 9 1
7766 809 15 43 9 1
7767 809 16 43 9 1
7768 809 17 43 9 1
7769 809 18 43 9 1
7770 809 19 43 9 1
7771 809 20 43 9 1
7772 810 11 43 9 1
7773 810 12 43 9 1
7774 810 13 43 9 1
7775 810 14 43 9 1
7776 810 15 43 9 1
7777 810 16 43 9 1
7778 810 17 43 9 1
7779 810 18 43 9 1
7780 810 19 43 9 1
7781 810 20 43 9 1
7782 811 11 43 9 1
7783 811 12 43 9 1
7784 811 13 43 9 1
7785 811 14 43 9 1
7786 811 15 43 9 1
7787 811 16 43 9 1
7788 811 17 43 9 1
7789 811 18 43 9 1
7790 811 19 43 9 1
7791 811 20 43 9 1
7792 812 11 43 9 1
7793 812 12 43 9 1
7794 812 13 43 9 1
7795 812 14 43 9 1
7796 812 15 43 9 1
7797 812 16 43 9 1
7798 812 17 43 9 1
7799 812 18 43 9 1
7800 812 19 43 9 1
7801 812 20 43 9 1
7802 813 11 43 9 1
7803 813 12 43 9 1
7804 813 13 43 9 1
7805 813 14 43 9 1
7806 813 15 43 9 1
7807 813 16 43 9 1
7808 813 17 43 9 1
7809 813 18 43 9 1
7810 813 19 43 9 1
7811 813 20 43 9 1
7812 814 11 43 9 1
7813 814 12 43 9 1
7814 814 13 43 9 1
7815 814 14 43 9 1
7816 814 15 43 9 1
7817 814 16 43 9 1
7818 814 17 43 9 1
7819 814 18 43 9 1
7820 814 19 43 9 1
7821 814 20 43 9 1
7822 815 11 43 9 1
7823 815 12 43 9 1
7824 815 13 43 9 1
7825 815 14 43 9 1
7826 815 15 43 9 1
7827 815 16 43 9 1
7828 815 17 43 9 1
7829 815 18 43 9 1
7830 815 19 43 9 1
7831 815 20 43 9 1
7832 816 11 43 9 1
7833 816 12 43 9 1
7834 816 13 43 9 1
7835 816 14 43 9 1
7836 816 15 43 9 1
7837 816 16 43 9 1
7838 816 17 43 9 1
7839 816 18 43 9 1
7840 816 19 43 9 1
7841 816 20 43 9 1
7842 817 11 43 9 1
7843 817 12 43 9 1
7844 817 13 43 9 1
7845 817 14 43 9 1
7846 817 15 43 9 1
7847 817 16 43 9 1
7848 817 17 43 9 1
7849 817 18 43 9 1
7850 817 19 43 9 1
7851 817 20 43 9 1
7852 818 11 43 9 1
7853 818 12 43 9 1
7854 818 13 43 9 1
7855 818 14 43 9 1
7856 818 15 43 9 1
7857 818 16 43 9 1
7858 818 17 43 9 1
7859 818 18 43 9 1
7860 818 19 43 9 1
7861 818 20 43 9 1
7862 819 11 43 9 1
7863 819 12 43 9 1
7864 819 13 43 9 1
7865 819 14 43 9 1
7866 819 15 43 9 1
7867 819 16 43 9 1
7868 819 17 43 9 1
7869 819 18 43 9 1
7870 819 19 43 9 1
7871 819 20 43 9 1
7872 820 11 43 9 1
7873 820 12 43 9 1
7874 820 13 43 9 1
7875 820 14 43 9 1
7876 820 15 43 9 1
7877 820 16 43 9 1
7878 820 17 43 9 1
7879 820 18 43 9 1
7880 820 19 43 9 1
7881 820 20 43 9 1
7882 821 11 43 9 1
7883 821 12 43 9 1
7884 821 13 43 9 1
7885 821 14 43 9 1
7886 821 15 43 9 1
7887 821 16 43 9 1
7888 821 17 43 9 1
7889 821 18 43 9 1
7890 821 19 43 9 1
7891 821 20 43 9 1
7892 822 11 43 9 1
7893 822 12 43 9 1
7894 822 13 43 9 1
7895 822 14 43 9 1
7896 822 15 43 9 1
7897 822 16 43 9 1
7898 822 17 43 9 1
7899 822 18 43 9 1
7900 822 19 43 9 1
7901 822 20 43 9 1
7902 823 11 43 9 1
7903 823 12 43 9 1
7904 823 13 43 9 1
7905 823 14 43 9 1
7906 823 15 43 9 1
7907 823 16 43 9 1
7908 823 17 43 9 1
7909 823 18 43 9 1
7910 823 19 43 9 1
7911 823 20 43 9 1
7912 824 11 43 9 1
7913 824 12 43 9 1
7914 824 13 43 9 1
7915 824 14 43 9 1
7916 824 15 43 9 1
7917 824 16 43 9 1
7918 824 17 43 9 1
7919 824 18 43 9 1
7920 824 19 43 9 1
7921 824 20 43 9 1
7922 825 11 43 9 1
7923 825 12 43 9 1
7924 825 13 43 9 1
7925 825 14 43 9 1
7926 825 15 43 9 1
7927 825 16 43 9 1
7928 825 17 43 9 1
7929 825 18 43 9 1
7930 825 19 43 9 1
7931 825 20 43 9 1
7932 826 11 43 9 1
7933 826 12 43 9 1
7934 826 13 43 9 1
7935 826 14 43 9 1
7936 826 15 43 9 1
7937 826 16 43 9 1
7938 826 17 43 9 1
7939 826 18 43 9 1
7940 826 19 43 9 1
7941 826 20 43 9 1
7942 827 11 43 9 1
7943 827 12 43 9 1
7944 827 13 43 9 1
7945 827 14 43 9 1
7946 827 15 43 9 1
7947 827 16 43 9 1
7948 827 17 43 9 1
7949 827 18 43 9 1
7950 827 19 43 9 1
7951 827 20 43 9 1
7952 828 11 43 9 1
7953 828 12 43 9 1
7954 828 13 43 9 1
7955 828 14 43 9 1
7956 828 15 43 9 1
7957 828 16 43 9 1
7958 828 17 43 9 1
7959 828 18 43 9 1
7960 828 19 43 9 1
7961 828 20 43 9 1
7962 829 11 43 9 1
7963 829 12 43 9 1
7964 829 13 43 9 1
7965 829 14 43 9 1
7966 829 15 43 9 1
7967 829 16 43 9 1
7968 829 17 43 9 1
7969 829 18 43 9 1
7970 829 19 43 9 1
7971 829 20 43 9 1
7972 830 11 43 9 1
7973 830 12 43 9 1
7974 830 13 43 9 1
7975 830 14 43 9 1
7976 830 15 43 9 1
7977 830 16 43 9 1
7978 830 17 43 9 1
7979 830 18 43 9 1
7980 830 19 43 9 1
7981 830 20 43 9 1
7982 831 11 43 9 1
7983 831 12 43 9 1
7984 831 13 43 9 1
7985 831 14 43 9 1
7986 831 15 43 9 1
7987 831 16 43 9 1
7988 831 17 43 9 1
7989 831 18 43 9 1
7990 831 19 43 9 1
7991 831 20 43 9 1
7992 832 11 43 9 1
7993 832 12 43 9 1
7994 832 13 43 9 1
7995 832 14 43 9 1
7996 832 15 43 9 1
7997 832 16 43 9 1
7998 832 17 43 9 1
7999 832 18 43 9 1
8000 832 19 43 9 1
8001 832 20 43 9 1
8002 833 11 43 9 1
8003 833 12 43 9 1
8004 833 13 43 9 1
8005 833 14 43 9 1
8006 833 15 43 9 1
8007 833 16 43 9 1
8008 833 17 43 9 1
8009 833 18 43 9 1
8010 833 19 43 9 1
8011 833 20 43 9 1
8012 834 11 43 9 1
8013 834 12 43 9 1
8014 834 13 43 9 1
8015 834 14 43 9 1
8016 834 15 43 9 1
8017 834 16 43 9 1
8018 834 17 43 9 1
8019 834 18 43 9 1
8020 834 19 43 9 1
8021 834 20 43 9 1
8022 835 11 43 9 1
8023 835 12 43 9 1
8024 835 13 43 9 1
8025 835 14 43 9 1
8026 835 15 43 9 1
8027 835 16 43 9 1
8028 835 17 43 9 1
8029 835 18 43 9 1
8030 835 19 43 9 1
8031 835 20 43 9 1
8032 836 11 43 9 1
8033 836 12 43 9 1
8034 836 13 43 9 1
8035 836 14 43 9 1
8036 836 15 43 9 1
8037 836 16 43 9 1
8038 836 17 43 9 1
8039 836 18 43 9 1
8040 836 19 43 9 1
8041 836 20 43 9 1
8042 837 11 43 9 1
8043 837 12 43 9 1
8044 837 13 43 9 1
8045 837 14 43 9 1
8046 837 15 43 9 1
8047 837 16 43 9 1
8048 837 17 43 9 1
8049 837 18 43 9 1
8050 837 19 43 9 1
8051 837 20 43 9 1
8052 838 11 43 9 1
8053 838 12 43 9 1
8054 838 13 43 9 1
8055 838 14 43 9 1
8056 838 15 43 9 1
8057 838 16 43 9 1
8058 838 17 43 9 1
8059 838 18 43 9 1
8060 838 19 43 9 1
8061 838 20 43 9 1
8062 839 11 43 9 1
8063 839 12 43 9 1
8064 839 13 43 9 1
8065 839 14 43 9 1
8066 839 15 43 9 1
8067 839 16 43 9 1
8068 839 17 43 9 1
8069 839 18 43 9 1
8070 839 19 43 9 1
8071 839 20 43 9 1
8072 840 11 43 9 1
8073 840 12 43 9 1
8074 840 13 43 9 1
8075 840 14 43 9 1
8076 840 15 43 9 1
8077 840 16 43 9 1
8078 840 17 43 9 1
8079 840 18 43 9 1
8080 840 19 43 9 1
8081 840 20 43 9 1
8082 841 11 43 9 1
8083 841 12 43 9 1
8084 841 13 43 9 1
8085 841 14 43 9 1
8086 841 15 43 9 1
8087 841 16 43 9 1
8088 841 17 43 9 1
8089 841 18 43 9 1
8090 841 19 43 9 1
8091 841 20 43 9 1
8092 842 11 43 9 1
8093 842 12 43 9 1
8094 842 13 43 9 1
8095 842 14 43 9 1
8096 842 15 43 9 1
8097 842 16 43 9 1
8098 842 17 43 9 1
8099 842 18 43 9 1
8100 842 19 43 9 1
8101 842 20 43 9 1
8102 843 11 43 9 1
8103 843 12 43 9 1
8104 843 13 43 9 1
8105 843 14 43 9 1
8106 843 15 43 9 1
8107 843 16 43 9 1
8108 843 17 43 9 1
8109 843 18 43 9 1
8110 843 19 43 9 1
8111 843 20 43 9 1
8112 844 11 43 9 1
8113 844 12 43 9 1
8114 844 13 43 9 1
8115 844 14 43 9 1
8116 844 15 43 9 1
8117 844 16 43 9 1
8118 844 17 43 9 1
8119 844 18 43 9 1
8120 844 19 43 9 1
8121 844 20 43 9 1
8122 845 11 43 9 1
8123 845 12 43 9 1
8124 845 13 43 9 1
8125 845 14 43 9 1
8126 845 15 43 9 1
8127 845 16 43 9 1
8128 845 17 43 9 1
8129 845 18 43 9 1
8130 845 19 43 9 1
8131 845 20 43 9 1
8132 846 11 43 9 1
8133 846 12 43 9 1
8134 846 13 43 9 1
8135 846 14 43 9 1
8136 846 15 43 9 1
8137 846 16 43 9 1
8138 846 17 43 9 1
8139 846 18 43 9 1
8140 846 19 43 9 1
8141 846 20 43 9 1
8142 847 11 43 9 1
8143 847 12 43 9 1
8144 847 13 43 9 1
8145 847 14 43 9 1
8146 847 15 43 9 1
8147 847 16 43 9 1
8148 847 17 43 9 1
8149 847 18 43 9 1
8150 847 19 43 9 1
8151 847 20 43 9 1
8152 848 11 43 9 1
8153 848 12 43 9 1
8154 848 13 43 9 1
8155 848 14 43 9 1
8156 848 15 43 9 1
8157 848 16 43 9 1
8158 848 17 43 9 1
8159 848 18 43 9 1
8160 848 19 43 9 1
8161 848 20 43 9 1
8162 849 11 43 9 1
8163 849 12 43 9 1
8164 849 13 43 9 1
8165 849 14 43 9 1
8166 849 15 43 9 1
8167 849 16 43 9 1
8168 849 17 43 9 1
8169 849 18 43 9 1
8170 849 19 43 9 1
8171 849 20 43 9 1
8172 850 11 43 9 1
8173 850 12 43 9 1
8174 850 13 43 9 1
8175 850 14 43 9 1
8176 850 15 43 9 1
8177 850 16 43 9 1
8178 850 17 43 9 1
8179 850 18 43 9 1
8180 850 19 43 9 1
8181 850 20 43 9 1
8182 851 11 43 9 1
8183 851 12 43 9 1
8184 851 13 43 9 1
8185 851 14 43 9 1
8186 851 15 43 9 1
8187 851 16 43 9 1
8188 851 17 43 9 1
8189 851 18 43 9 1
8190 851 19 43 9 1
8191 851 20 43 9 1
8192 852 11 43 9 1
8193 852 12 43 9 1
8194 852 13 43 9 1
8195 852 14 43 9 1
8196 852 15 43 9 1
8197 852 16 43 9 1
8198 852 17 43 9 1
8199 852 18 43 9 1
8200 852 19 43 9 1
8201 852 20 43 9 1
8202 853 11 43 9 1
8203 853 12 43 9 1
8204 853 13 43 9 1
8205 853 14 43 9 1
8206 853 15 43 9 1
8207 853 16 43 9 1
8208 853 17 43 9 1
8209 853 18 43 9 1
8210 853 19 43 9 1
8211 853 20 43 9 1
8212 854 11 43 9 1
8213 854 12 43 9 1
8214 854 13 43 9 1
8215 854 14 43 9 1
8216 854 15 43 9 1
8217 854 16 43 9 1
8218 854 17 43 9 1
8219 854 18 43 9 1
8220 854 19 43 9 1
8221 854 20 43 9 1
8222 855 11 43 9 1
8223 855 12 43 9 1
8224 855 13 43 9 1
8225 855 14 43 9 1
8226 855 15 43 9 1
8227 855 16 43 9 1
8228 855 17 43 9 1
8229 855 18 43 9 1
8230 855 19 43 9 1
8231 855 20 43 9 1
8232 856 11 43 9 1
8233 856 12 43 9 1
8234 856 13 43 9 1
8235 856 14 43 9 1
8236 856 15 43 9 1
8237 856 16 43 9 1
8238 856 17 43 9 1
8239 856 18 43 9 1
8240 856 19 43 9 1
8241 856 20 43 9 1
8242 857 11 43 9 1
8243 857 12 43 9 1
8244 857 13 43 9 1
8245 857 14 43 9 1
8246 857 15 43 9 1
8247 857 16 43 9 1
8248 857 17 43 9 1
8249 857 18 43 9 1
8250 857 19 43 9 1
8251 857 20 43 9 1
8252 858 11 43 9 1
8253 858 12 43 9 1
8254 858 13 43 9 1
8255 858 14 43 9 1
8256 858 15 43 9 1
8257 858 16 43 9 1
8258 858 17 43 9 1
8259 858 18 43 9 1
8260 858 19 43 9 1
8261 858 20 43 9 1
8262 859 11 43 9 1
8263 859 12 43 9 1
8264 859 13 43 9 1
8265 859 14 43 9 1
8266 859 15 43 9 1
8267 859 16 43 9 1
8268 859 17 43 9 1
8269 859 18 43 9 1
8270 859 19 43 9 1
8271 859 20 43 9 1
8272 860 11 43 9 1
8273 860 12 43 9 1
8274 860 13 43 9 1
8275 860 14 43 9 1
8276 860 15 43 9 1
8277 860 18 43 9 1
8278 860 19 43 9 1
8279 860 20 43 9 1
8280 861 11 43 9 1
8281 861 12 43 9 1
8282 861 13 43 9 1
8283 861 14 43 9 1
8284 861 15 43 9 1
8285 861 18 43 9 1
8286 861 19 43 9 1
8287 861 20 43 9 1
8288 862 11 43 9 1
8289 862 12 43 9 1
8290 862 13 43 9 1
8291 862 16 43 9 1
8292 862 17 43 9 1
8293 862 18 43 9 1
8294 862 19 43 9 1
8295 862 20 43 9 1
8296 863 11 43 9 1
8297 863 12 43 9 1
8298 863 13 43 9 1
8299 863 16 43 9 1
8300 863 17 43 9 1
8301 863 18 43 9 1
8302 863 19 43 9 1
8303 863 20 43 9 1
8304 864 11 43 9 1
8305 864 12 43 9 1
8306 864 13 43 9 1
8307 864 14 43 9 1
8308 864 15 43 9 1
8309 864 16 43 9 1
8310 864 17 43 9 1
8311 864 18 43 9 1
8312 864 19 43 9 1
8313 864 20 43 9 1
8314 865 11 43 9 1
8315 865 12 43 9 1
8316 865 13 43 9 1
8317 865 14 43 9 1
8318 865 15 43 9 1
8319 865 16 43 9 1
8320 865 17 43 9 1
8321 865 18 43 9 1
8322 865 19 43 9 1
8323 865 20 43 9 1
8324 866 11 43 9 1
8325 866 12 43 9 1
8326 866 13 43 9 1
8327 866 14 43 9 1
8328 866 15 43 9 1
8329 866 16 43 9 1
8330 866 17 43 9 1
8331 866 18 43 9 1
8332 866 19 43 9 1
8333 866 20 43 9 1
8334 867 11 43 9 1
8335 867 12 43 9 1
8336 867 13 43 9 1
8337 867 14 43 9 1
8338 867 15 43 9 1
8339 867 16 43 9 1
8340 867 17 43 9 1
8341 867 18 43 9 1
8342 867 19 43 9 1
8343 867 20 43 9 1
8344 868 11 43 9 1
8345 868 12 43 9 1
8346 868 13 43 9 1
8347 868 14 43 9 1
8348 868 15 43 9 1
8349 868 16 43 9 1
8350 868 17 43 9 1
8351 868 18 43 9 1
8352 868 19 43 9 1
8353 868 20 43 9 1
8354 869 11 43 9 1
8355 869 12 43 9 1
8356 869 13 43 9 1
8357 869 14 43 9 1
8358 869 15 43 9 1
8359 869 16 43 9 1
8360 869 17 43 9 1
8361 869 18 43 9 1
8362 869 19 43 9 1
8363 869 20 43 9 1
8364 870 11 43 9 1
8365 870 12 43 9 1
8366 870 13 43 9 1
8367 870 14 43 9 1
8368 870 15 43 9 1
8369 870 16 43 9 1
8370 870 17 43 9 1
8371 870 18 43 9 1
8372 870 19 43 9 1
8373 870 20 43 9 1
8374 871 11 43 9 1
8375 871 12 43 9 1
8376 871 13 43 9 1
8377 871 14 43 9 1
8378 871 15 43 9 1
8379 871 16 43 9 1
8380 871 17 43 9 1
8381 871 18 43 9 1
8382 871 19 43 9 1
8383 871 20 43 9 1
8384 872 11 43 9 1
8385 872 12 43 9 1
8386 872 13 43 9 1
8387 872 14 43 9 1
8388 872 15 43 9 1
8389 872 16 43 9 1
8390 872 17 43 9 1
8391 872 18 43 9 1
8392 872 19 43 9 1
8393 872 20 43 9 1
8394 873 11 43 9 1
8395 873 12 43 9 1
8396 873 13 43 9 1
8397 873 14 43 9 1
8398 873 15 43 9 1
8399 873 16 43 9 1
8400 873 17 43 9 1
8401 873 18 43 9 1
8402 873 19 43 9 1
8403 873 20 43 9 1
8404 874 11 43 9 1
8405 874 12 43 9 1
8406 874 13 43 9 1
8407 874 14 43 9 1
8408 874 15 43 9 1
8409 874 16 43 9 1
8410 874 17 43 9 1
8411 874 18 43 9 1
8412 874 19 43 9 1
8413 874 20 43 9 1
8414 875 11 43 9 1
8415 875 12 43 9 1
8416 875 13 43 9 1
8417 875 14 43 9 1
8418 875 15 43 9 1
8419 875 16 43 9 1
8420 875 17 43 9 1
8421 875 18 43 9 1
8422 875 19 43 9 1
8423 875 20 43 9 1
8424 876 11 43 9 1
8425 876 12 43 9 1
8426 876 13 43 9 1
8427 876 14 43 9 1
8428 876 15 43 9 1
8429 876 16 43 9 1
8430 876 17 43 9 1
8431 876 18 43 9 1
8432 876 19 43 9 1
8433 876 20 43 9 1
8434 877 11 43 9 1
8435 877 12 43 9 1
8436 877 13 43 9 1
8437 877 14 43 9 1
8438 877 15 43 9 1
8439 877 16 43 9 1
8440 877 17 43 9 1
8441 877 18 43 9 1
8442 877 19 43 9 1
8443 877 20 43 9 1
8444 878 11 43 9 1
8445 878 12 43 9 1
8446 878 13 43 9 1
8447 878 14 43 9 1
8448 878 15 43 9 1
8449 878 16 43 9 1
8450 878 17 43 9 1
8451 878 18 43 9 1
8452 878 19 43 9 1
8453 878 20 43 9 1
8454 879 11 43 9 1
8455 879 12 43 9 1
8456 879 13 43 9 1
8457 879 14 43 9 1
8458 879 15 43 9 1
8459 879 16 43 9 1
8460 879 17 43 9 1
8461 879 18 43 9 1
8462 879 19 43 9 1
8463 879 20 43 9 1
8464 880 11 43 9 1
8465 880 12 43 9 1
8466 880 13 43 9 1
8467 880 14 43 9 1
8468 880 15 43 9 1
8469 880 16 43 9 1
8470 880 17 43 9 1
8471 880 18 43 9 1
8472 880 19 43 9 1
8473 880 20 43 9 1
8474 881 11 43 9 1
8475 881 12 43 9 1
8476 881 13 43 9 1
8477 881 14 43 9 1
8478 881 15 43 9 1
8479 881 16 43 9 1
8480 881 17 43 9 1
8481 881 18 43 9 1
8482 881 19 43 9 1
8483 881 20 43 9 1
8484 882 11 43 9 1
8485 882 12 43 9 1
8486 882 13 43 9 1
8487 882 14 43 9 1
8488 882 15 43 9 1
8489 882 16 43 9 1
8490 882 17 43 9 1
8491 882 18 43 9 1
8492 882 19 43 9 1
8493 882 20 43 9 1
8494 883 11 43 9 1
8495 883 12 43 9 1
8496 883 13 43 9 1
8497 883 14 43 9 1
8498 883 15 43 9 1
8499 883 16 43 9 1
8500 883 17 43 9 1
8501 883 18 43 9 1
8502 883 19 43 9 1
8503 883 20 43 9 1
8504 884 11 43 9 1
8505 884 12 43 9 1
8506 884 13 43 9 1
8507 884 14 43 9 1
8508 884 15 43 9 1
8509 884 16 43 9 1
8510 884 17 43 9 1
8511 884 18 43 9 1
8512 884 19 43 9 1
8513 884 20 43 9 1
8514 885 11 43 9 1
8515 885 12 43 9 1
8516 885 13 43 9 1
8517 885 14 43 9 1
8518 885 15 43 9 1
8519 885 16 43 9 1
8520 885 17 43 9 1
8521 885 18 43 9 1
8522 885 19 43 9 1
8523 885 20 43 9 1
8524 886 11 43 9 1
8525 886 12 43 9 1
8526 886 13 43 9 1
8527 886 14 43 9 1
8528 886 15 43 9 1
8529 886 16 43 9 1
8530 886 17 43 9 1
8531 886 18 43 9 1
8532 886 19 43 9 1
8533 886 20 43 9 1
8534 887 11 43 9 1
8535 887 12 43 9 1
8536 887 13 43 9 1
8537 887 14 43 9 1
8538 887 15 43 9 1
8539 887 16 43 9 1
8540 887 17 43 9 1
8541 887 18 43 9 1
8542 887 19 43 9 1
8543 887 20 43 9 1
8544 888 11 43 9 1
8545 888 12 43 9 1
8546 888 13 43 9 1
8547 888 14 43 9 1
8548 888 15 43 9 1
8549 888 16 43 9 1
8550 888 17 43 9 1
8551 888 18 43 9 1
8552 888 19 43 9 1
8553 888 20 43 9 1
8554 889 11 43 9 1
8555 889 12 43 9 1
8556 889 13 43 9 1
8557 889 14 43 9 1
8558 889 15 43 9 1
8559 889 16 43 9 1
8560 889 17 43 9 1
8561 889 18 43 9 1
8562 889 19 43 9 1
8563 889 20 43 9 1
8564 890 11 43 9 1
8565 890 12 43 9 1
8566 890 13 43 9 1
8567 890 14 43 9 1
8568 890 15 43 9 1
8569 890 16 43 9 1
8570 890 17 43 9 1
8571 890 18 43 9 1
8572 890 19 43 9 1
8573 890 20 43 9 1
8574 891 11 43 9 1
8575 891 12 43 9 1
8576 891 13 43 9 1
8577 891 14 43 9 1
8578 891 15 43 9 1
8579 891 16 43 9 1
8580 891 17 43 9 1
8581 891 18 43 9 1
8582 891 19 43 9 1
8583 891 20 43 9 1
8584 892 11 43 9 1
8585 892 12 43 9 1
8586 892 13 43 9 1
8587 892 14 43 9 1
8588 892 15 43 9 1
8589 892 16 43 9 1
8590 892 17 43 9 1
8591 892 18 43 9 1
8592 892 19 43 9 1
8593 892 20 43 9 1
8594 893 11 43 9 1
8595 893 12 43 9 1
8596 893 13 43 9 1
8597 893 14 43 9 1
8598 893 15 43 9 1
8599 893 16 43 9 1
8600 893 17 43 9 1
8601 893 18 43 9 1
8602 893 19 43 9 1
8603 893 20 43 9 1
8604 894 11 43 9 1
8605 894 12 43 9 1
8606 894 13 43 9 1
8607 894 14 43 9 1
8608 894 15 43 9 1
8609 894 16 43 9 1
8610 894 17 43 9 1
8611 894 18 43 9 1
8612 894 19 43 9 1
8613 894 20 43 9 1
8614 895 11 43 9 1
8615 895 12 43 9 1
8616 895 13 43 9 1
8617 895 14 43 9 1
8618 895 15 43 9 1
8619 895 16 43 9 1
8620 895 17 43 9 1
8621 895 18 43 9 1
8622 895 19 43 9 1
8623 895 20 43 9 1
8624 896 11 43 9 1
8625 896 12 43 9 1
8626 896 13 43 9 1
8627 896 14 43 9 1
8628 896 15 43 9 1
8629 896 16 43 9 1
8630 896 17 43 9 1
8631 896 18 43 9 1
8632 896 19 43 9 1
8633 896 20 43 9 1
8634 897 11 43 9 1
8635 897 12 43 9 1
8636 897 13 43 9 1
8637 897 14 43 9 1
8638 897 15 43 9 1
8639 897 16 43 9 1
8640 897 17 43 9 1
8641 897 18 43 9 1
8642 897 19 43 9 1
8643 897 20 43 9 1
8644 898 11 43 9 1
8645 898 12 43 9 1
8646 898 13 43 9 1
8647 898 14 43 9 1
8648 898 15 43 9 1
8649 898 16 43 9 1
8650 898 17 43 9 1
8651 898 18 43 9 1
8652 898 19 43 9 1
8653 898 20 43 9 1
8654 899 11 43 9 1
8655 899 12 43 9 1
8656 899 13 43 9 1
8657 899 14 43 9 1
8658 899 15 43 9 1
8659 899 16 43 9 1
8660 899 17 43 9 1
8661 899 18 43 9 1
8662 899 19 43 9 1
8663 899 20 43 9 1
8664 900 11 43 9 1
8665 900 12 43 9 1
8666 900 13 43 9 1
8667 900 14 43 9 1
8668 900 15 43 9 1
8669 900 16 43 9 1
8670 900 17 43 9 1
8671 900 18 43 9 1
8672 900 19 43 9 1
8673 900 20 43 9 1
8674 901 11 43 9 1
8675 901 12 43 9 1
8676 901 13 43 9 1
8677 901 14 43 9 1
8678 901 15 43 9 1
8679 901 16 43 9 1
8680 901 17 43 9 1
8681 901 18 43 9 1
8682 901 19 43 9 1
8683 901 20 43 9 1
8684 902 11 43 9 1
8685 902 12 43 9 1
8686 902 13 43 9 1
8687 902 14 43 9 1
8688 902 15 43 9 1
8689 902 16 43 9 1
8690 902 17 43 9 1
8691 902 18 43 9 1
8692 902 19 43 9 1
8693 902 20 43 9 1
8694 903 11 43 9 1
8695 903 12 43 9 1
8696 903 13 43 9 1
8697 903 14 43 9 1
8698 903 15 43 9 1
8699 903 16 43 9 1
8700 903 17 43 9 1
8701 903 18 43 9 1
8702 903 19 43 9 1
8703 903 20 43 9 1
8704 904 11 43 9 1
8705 904 12 43 9 1
8706 904 13 43 9 1
8707 904 14 43 9 1
8708 904 15 43 9 1
8709 904 16 43 9 1
8710 904 17 43 9 1
8711 904 18 43 9 1
8712 904 19 43 9 1
8713 904 20 43 9 1
8714 905 11 43 9 1
8715 905 12 43 9 1
8716 905 13 43 9 1
8717 905 14 43 9 1
8718 905 15 43 9 1
8719 905 16 43 9 1
8720 905 17 43 9 1
8721 905 18 43 9 1
8722 905 19 43 9 1
8723 905 20 43 9 1
8724 906 11 43 9 1
8725 906 12 43 9 1
8726 906 13 43 9 1
8727 906 14 43 9 1
8728 906 15 43 9 1
8729 906 16 43 9 1
8730 906 17 43 9 1
8731 906 18 43 9 1
8732 906 19 43 9 1
8733 906 20 43 9 1
8734 907 11 43 9 1
8735 907 12 43 9 1
8736 907 13 43 9 1
8737 907 14 43 9 1
8738 907 15 43 9 1
8739 907 16 43 9 1
8740 907 17 43 9 1
8741 907 18 43 9 1
8742 907 19 43 9 1
8743 907 20 43 9 1
8744 908 11 43 9 1
8745 908 12 43 9 1
8746 908 13 43 9 1
8747 908 14 43 9 1
8748 908 15 43 9 1
8749 908 16 43 9 1
8750 908 17 43 9 1
8751 908 18 43 9 1
8752 908 19 43 9 1
8753 908 20 43 9 1
8754 909 11 43 9 1
8755 909 12 43 9 1
8756 909 13 43 9 1
8757 909 14 43 9 1
8758 909 15 43 9 1
8759 909 16 43 9 1
8760 909 17 43 9 1
8761 909 18 43 9 1
8762 909 19 43 9 1
8763 909 20 43 9 1
8764 910 11 43 9 1
8765 910 12 43 9 1
8766 910 13 43 9 1
8767 910 14 43 9 1
8768 910 15 43 9 1
8769 910 16 43 9 1
8770 910 17 43 9 1
8771 910 18 43 9 1
8772 910 19 43 9 1
8773 910 20 43 9 1
8774 911 11 43 9 1
8775 911 12 43 9 1
8776 911 13 43 9 1
8777 911 14 43 9 1
8778 911 15 43 9 1
8779 911 16 43 9 1
8780 911 17 43 9 1
8781 911 18 43 9 1
8782 911 19 43 9 1
8783 911 20 43 9 1
8784 912 11 43 9 1
8785 912 12 43 9 1
8786 912 13 43 9 1
8787 912 14 43 9 1
8788 912 15 43 9 1
8789 912 16 43 9 1
8790 912 17 43 9 1
8791 912 18 43 9 1
8792 912 19 43 9 1
8793 912 20 43 9 1
8794 913 11 43 9 1
8795 913 12 43 9 1
8796 913 13 43 9 1
8797 913 14 43 9 1
8798 913 15 43 9 1
8799 913 16 43 9 1
8800 913 17 43 9 1
8801 913 18 43 9 1
8802 913 19 43 9 1
8803 913 20 43 9 1
8804 914 11 43 9 1
8805 914 12 43 9 1
8806 914 13 43 9 1
8807 914 14 43 9 1
8808 914 15 43 9 1
8809 914 16 43 9 1
8810 914 17 43 9 1
8811 914 18 43 9 1
8812 914 19 43 9 1
8813 914 20 43 9 1
8814 915 11 43 9 1
8815 915 12 43 9 1
8816 915 13 43 9 1
8817 915 14 43 9 1
8818 915 15 43 9 1
8819 915 16 43 9 1
8820 915 17 43 9 1
8821 915 18 43 9 1
8822 915 19 43 9 1
8823 915 20 43 9 1
8824 916 11 43 9 1
8825 916 12 43 9 1
8826 916 13 43 9 1
8827 916 14 43 9 1
8828 916 15 43 9 1
8829 916 16 43 9 1
8830 916 17 43 9 1
8831 916 18 43 9 1
8832 916 19 43 9 1
8833 916 20 43 9 1
8834 917 11 43 9 1
8835 917 12 43 9 1
8836 917 13 43 9 1
8837 917 14 43 9 1
8838 917 15 43 9 1
8839 917 16 43 9 1
8840 917 17 43 9 1
8841 917 18 43 9 1
8842 917 19 43 9 1
8843 917 20 43 9 1
8844 918 11 43 9 1
8845 918 12 43 9 1
8846 918 13 43 9 1
8847 918 14 43 9 1
8848 918 15 43 9 1
8849 918 16 43 9 1
8850 918 17 43 9 1
8851 918 18 43 9 1
8852 918 19 43 9 1
8853 918 20 43 9 1
8854 919 11 43 9 1
8855 919 12 43 9 1
8856 919 13 43 9 1
8857 919 14 43 9 1
8858 919 15 43 9 1
8859 919 16 43 9 1
8860 919 17 43 9 1
8861 919 18 43 9 1
8862 919 19 43 9 1
8863 919 20 43 9 1
8864 920 11 43 9 1
8865 920 12 43 9 1
8866 920 13 43 9 1
8867 920 14 43 9 1
8868 920 15 43 9 1
8869 920 16 43 9 1
8870 920 17 43 9 1
8871 920 18 43 9 1
8872 920 19 43 9 1
8873 920 20 43 9 1
8874 921 11 43 9 1
8875 921 12 43 9 1
8876 921 13 43 9 1
8877 921 14 43 9 1
8878 921 15 43 9 1
8879 921 16 43 9 1
8880 921 17 43 9 1
8881 921 18 43 9 1
8882 921 19 43 9 1
8883 921 20 43 9 1
8884 922 11 43 9 1
8885 922 12 43 9 1
8886 922 13 43 9 1
8887 922 14 43 9 1
8888 922 15 43 9 1
8889 922 16 43 9 1
8890 922 17 43 9 1
8891 922 18 43 9 1
8892 922 19 43 9 1
8893 922 20 43 9 1
8894 923 11 43 9 1
8895 923 12 43 9 1
8896 923 13 43 9 1
8897 923 14 43 9 1
8898 923 15 43 9 1
8899 923 16 43 9 1
8900 923 17 43 9 1
8901 923 18 43 9 1
8902 923 19 43 9 1
8903 923 20 43 9 1
8904 924 11 43 9 1
8905 924 12 43 9 1
8906 924 13 43 9 1
8907 924 14 43 9 1
8908 924 15 43 9 1
8909 924 16 43 9 1
8910 924 17 43 9 1
8911 924 18 43 9 1
8912 924 19 43 9 1
8913 924 20 43 9 1
8914 925 11 43 9 1
8915 925 12 43 9 1
8916 925 13 43 9 1
8917 925 14 43 9 1
8918 925 15 43 9 1
8919 925 16 43 9 1
8920 925 17 43 9 1
8921 925 18 43 9 1
8922 925 19 43 9 1
8923 925 20 43 9 1
8924 926 11 43 9 1
8925 926 12 43 9 1
8926 926 13 43 9 1
8927 926 14 43 9 1
8928 926 15 43 9 1
8929 926 16 43 9 1
8930 926 17 43 9 1
8931 926 18 43 9 1
8932 926 19 43 9 1
8933 926 20 43 9 1
8934 927 11 43 9 1
8935 927 12 43 9 1
8936 927 13 43 9 1
8937 927 14 43 9 1
8938 927 15 43 9 1
8939 927 16 43 9 1
8940 927 17 43 9 1
8941 927 18 43 9 1
8942 927 19 43 9 1
8943 927 20 43 9 1
8944 928 11 43 9 1
8945 928 12 43 9 1
8946 928 13 43 9 1
8947 928 14 43 9 1
8948 928 17 43 9 1
8949 928 18 43 9 1
8950 928 19 43 9 1
8951 928 20 43 9 1
8952 929 11 43 9 1
8953 929 12 43 9 1
8954 929 13 43 9 1
8955 929 14 43 9 1
8956 929 17 43 9 1
8957 929 18 43 9 1
8958 929 19 43 9 1
8959 929 20 43 9 1
8960 930 11 43 9 1
8961 930 12 43 9 1
8962 930 13 43 9 1
8963 930 14 43 9 1
8964 930 17 43 9 1
8965 930 18 43 9 1
8966 930 19 43 9 1
8967 930 20 43 9 1
8968 931 11 43 9 1
8969 931 12 43 9 1
8970 931 13 43 9 1
8971 931 14 43 9 1
8972 931 17 43 9 1
8973 931 18 43 9 1
8974 931 19 43 9 1
8975 931 20 43 9 1
8976 932 11 43 9 1
8977 932 12 43 9 1
8978 932 13 43 9 1
8979 932 14 43 9 1
8980 932 15 43 9 1
8981 932 16 43 9 1
8982 932 17 43 9 1
8983 932 18 43 9 1
8984 932 19 43 9 1
8985 932 20 43 9 1
8986 933 11 43 9 1
8987 933 12 43 9 1
8988 933 13 43 9 1
8989 933 14 43 9 1
8990 933 15 43 9 1
8991 933 16 43 9 1
8992 933 17 43 9 1
8993 933 18 43 9 1
8994 933 19 43 9 1
8995 933 20 43 9 1
8996 934 11 43 9 1
8997 934 12 43 9 1
8998 934 13 43 9 1
8999 934 14 43 9 1
9000 934 15 43 9 1
9001 934 16 43 9 1
9002 934 17 43 9 1
9003 934 18 43 9 1
9004 934 19 43 9 1
9005 934 20 43 9 1
9006 935 11 43 9 1
9007 935 12 43 9 1
9008 935 13 43 9 1
9009 935 14 43 9 1
9010 935 15 43 9 1
9011 935 16 43 9 1
9012 935 17 43 9 1
9013 935 18 43 9 1
9014 935 19 43 9 1
9015 935 20 43 9 1
9016 936 11 43 9 1
9017 936 12 43 9 1
9018 936 13 43 9 1
9019 936 14 43 9 1
9020 936 15 43 9 1
9021 936 16 43 9 1
9022 936 17 43 9 1
9023 936 18 43 9 1
9024 936 19 43 9 1
9025 936 20 43 9 1
9026 937 11 43 9 1
9027 937 12 43 9 1
9028 937 13 43 9 1
9029 937 14 43 9 1
9030 937 15 43 9 1
9031 937 16 43 9 1
9032 937 17 43 9 1
9033 937 18 43 9 1
9034 937 19 43 9 1
9035 937 20 43 9 1
9036 938 11 43 9 1
9037 938 12 43 9 1
9038 938 13 43 9 1
9039 938 14 43 9 1
9040 938 15 43 9 1
9041 938 16 43 9 1
9042 938 17 43 9 1
9043 938 18 43 9 1
9044 938 19 43 9 1
9045 938 20 43 9 1
9046 939 11 43 9 1
9047 939 12 43 9 1
9048 939 13 43 9 1
9049 939 14 43 9 1
9050 939 15 43 9 1
9051 939 16 43 9 1
9052 939 17 43 9 1
9053 939 18 43 9 1
9054 939 19 43 9 1
9055 939 20 43 9 1
9056 940 11 43 9 1
9057 940 12 43 9 1
9058 940 13 43 9 1
9059 940 14 43 9 1
9060 940 15 43 9 1
9061 940 16 43 9 1
9062 940 17 43 9 1
9063 940 18 43 9 1
9064 940 19 43 9 1
9065 940 20 43 9 1
9066 941 11 43 9 1
9067 941 12 43 9 1
9068 941 13 43 9 1
9069 941 14 43 9 1
9070 941 15 43 9 1
9071 941 16 43 9 1
9072 941 17 43 9 1
9073 941 18 43 9 1
9074 941 19 43 9 1
9075 941 20 43 9 1
9076 942 11 43 9 1
9077 942 12 43 9 1
9078 942 13 43 9 1
9079 942 14 43 9 1
9080 942 15 43 9 1
9081 942 16 43 9 1
9082 942 17 43 9 1
9083 942 18 43 9 1
9084 942 19 43 9 1
9085 942 20 43 9 1
9086 943 11 43 9 1
9087 943 12 43 9 1
9088 943 13 43 9 1
9089 943 14 43 9 1
9090 943 15 43 9 1
9091 943 16 43 9 1
9092 943 17 43 9 1
9093 943 18 43 9 1
9094 943 19 43 9 1
9095 943 20 43 9 1
9096 944 11 43 9 1
9097 944 12 43 9 1
9098 944 13 43 9 1
9099 944 14 43 9 1
9100 944 15 43 9 1
9101 944 16 43 9 1
9102 944 17 43 9 1
9103 944 18 43 9 1
9104 944 19 43 9 1
9105 944 20 43 9 1
9106 945 11 43 9 1
9107 945 12 43 9 1
9108 945 13 43 9 1
9109 945 14 43 9 1
9110 945 15 43 9 1
9111 945 16 43 9 1
9112 945 17 43 9 1
9113 945 18 43 9 1
9114 945 19 43 9 1
9115 945 20 43 9 1
9116 946 11 43 9 1
9117 946 12 43 9 1
9118 946 13 43 9 1
9119 946 14 43 9 1
9120 946 15 43 9 1
9121 946 16 43 9 1
9122 946 17 43 9 1
9123 946 18 43 9 1
9124 946 19 43 9 1
9125 946 20 43 9 1
9126 947 11 43 9 1
9127 947 12 43 9 1
9128 947 13 43 9 1
9129 947 14 43 9 1
9130 947 15 43 9 1
9131 947 16 43 9 1
9132 947 17 43 9 1
9133 947 18 43 9 1
9134 947 19 43 9 1
9135 947 20 43 9 1
9136 948 11 43 9 1
9137 948 12 43 9 1
9138 948 13 43 9 1
9139 948 14 43 9 1
9140 948 15 43 9 1
9141 948 16 43 9 1
9142 948 17 43 9 1
9143 948 18 43 9 1
9144 948 19 43 9 1
9145 948 20 43 9 1
9146 949 11 43 9 1
9147 949 12 43 9 1
9148 949 13 43 9 1
9149 949 14 43 9 1
9150 949 15 43 9 1
9151 949 16 43 9 1
9152 949 17 43 9 1
9153 949 18 43 9 1
9154 949 19 43 9 1
9155 949 20 43 9 1
9156 950 11 43 9 1
9157 950 12 43 9 1
9158 950 13 43 9 1
9159 950 14 43 9 1
9160 950 15 43 9 1
9161 950 16 43 9 1
9162 950 17 43 9 1
9163 950 18 43 9 1
9164 950 19 43 9 1
9165 950 20 43 9 1
9166 951 11 43 9 1
9167 951 12 43 9 1
9168 951 13 43 9 1
9169 951 14 43 9 1
9170 951 15 43 9 1
9171 951 16 43 9 1
9172 951 17 43 9 1
9173 951 18 43 9 1
9174 951 19 43 9 1
9175 951 20 43 9 1
9176 952 11 43 9 1
9177 952 12 43 9 1
9178 952 13 43 9 1
9179 952 14 43 9 1
9180 952 15 43 9 1
9181 952 16 43 9 1
9182 952 17 43 9 1
9183 952 18 43 9 1
9184 952 19 43 9 1
9185 952 20 43 9 1
9186 953 11 43 9 1
9187 953 12 43 9 1
9188 953 13 43 9 1
9189 953 14 43 9 1
9190 953 15 43 9 1
9191 953 16 43 9 1
9192 953 17 43 9 1
9193 953 18 43 9 1
9194 953 19 43 9 1
9195 953 20 43 9 1
9196 954 11 43 9 1
9197 954 12 43 9 1
9198 954 13 43 9 1
9199 954 14 43 9 1
9200 954 15 43 9 1
9201 954 16 43 9 1
9202 954 17 43 9 1
9203 954 18 43 9 1
9204 954 19 43 9 1
9205 954 20 43 9 1
9206 955 11 43 9 1
9207 955 12 43 9 1
9208 955 13 43 9 1
9209 955 14 43 9 1
9210 955 15 43 9 1
9211 955 16 43 9 1
9212 955 17 43 9 1
9213 955 18 43 9 1
9214 955 19 43 9 1
9215 955 20 43 9 1
9216 956 11 43 9 1
9217 956 12 43 9 1
9218 956 13 43 9 1
9219 956 14 43 9 1
9220 956 15 43 9 1
9221 956 16 43 9 1
9222 956 17 43 9 1
9223 956 18 43 9 1
9224 956 19 43 9 1
9225 956 20 43 9 1
9226 957 11 43 9 1
9227 957 12 43 9 1
9228 957 13 43 9 1
9229 957 14 43 9 1
9230 957 15 43 9 1
9231 957 16 43 9 1
9232 957 17 43 9 1
9233 957 18 43 9 1
9234 957 19 43 9 1
9235 957 20 43 9 1
9236 958 11 43 9 1
9237 958 12 43 9 1
9238 958 13 43 9 1
9239 958 14 43 9 1
9240 958 15 43 9 1
9241 958 16 43 9 1
9242 958 17 43 9 1
9243 958 18 43 9 1
9244 958 19 43 9 1
9245 958 20 43 9 1
9246 959 11 43 9 1
9247 959 12 43 9 1
9248 959 13 43 9 1
9249 959 14 43 9 1
9250 959 15 43 9 1
9251 959 16 43 9 1
9252 959 17 43 9 1
9253 959 18 43 9 1
9254 959 19 43 9 1
9255 959 20 43 9 1
9256 960 11 43 9 1
9257 960 12 43 9 1
9258 960 13 43 9 1
9259 960 14 43 9 1
9260 960 15 43 9 1
9261 960 16 43 9 1
9262 960 17 43 9 1
9263 960 18 43 9 1
9264 960 19 43 9 1
9265 960 20 43 9 1
9266 961 11 43 9 1
9267 961 12 43 9 1
9268 961 13 43 9 1
9269 961 14 43 9 1
9270 961 15 43 9 1
9271 961 16 43 9 1
9272 961 17 43 9 1
9273 961 18 43 9 1
9274 961 19 43 9 1
9275 961 20 43 9 1
9276 962 11 43 9 1
9277 962 12 43 9 1
9278 962 13 43 9 1
9279 962 14 43 9 1
9280 962 15 43 9 1
9281 962 16 43 9 1
9282 962 17 43 9 1
9283 962 18 43 9 1
9284 962 19 43 9 1
9285 962 20 43 9 1
9286 963 11 43 9 1
9287 963 12 43 9 1
9288 963 13 43 9 1
9289 963 14 43 9 1
9290 963 15 43 9 1
9291 963 16 43 9 1
9292 963 17 43 9 1
9293 963 18 43 9 1
9294 963 19 43 9 1
9295 963 20 43 9 1
9296 964 11 43 9 1
9297 964 12 43 9 1
9298 964 13 43 9 1
9299 964 14 43 9 1
9300 964 15 43 9 1
9301 964 16 43 9 1
9302 964 17 43 9 1
9303 964 18 43 9 1
9304 964 19 43 9 1
9305 964 20 43 9 1
9306 965 11 43 9 1
9307 965 12 43 9 1
9308 965 13 43 9 1
9309 965 14 43 9 1
9310 965 15 43 9 1
9311 965 16 43 9 1
9312 965 17 43 9 1
9313 965 18 43 9 1
9314 965 19 43 9 1
9315 965 20 43 9 1
9316 966 11 43 9 1
9317 966 12 43 9 1
9318 966 13 43 9 1
9319 966 14 43 9 1
9320 966 15 43 9 1
9321 966 16 43 9 1
9322 966 17 43 9 1
9323 966 18 43 9 1
9324 966 19 43 9 1
9325 966 20 43 9 1
9326 967 11 43 9 1
9327 967 12 43 9 1
9328 967 13 43 9 1
9329 967 14 43 9 1
9330 967 15 43 9 1
9331 967 16 43 9 1
9332 967 17 43 9 1
9333 967 18 43 9 1
9334 967 19 43 9 1
9335 967 20 43 9 1
9336 968 11 43 9 1
9337 968 12 43 9 1
9338 968 13 43 9 1
9339 968 14 43 9 1
9340 968 15 43 9 1
9341 968 16 43 9 1
9342 968 17 43 9 1
9343 968 18 43 9 1
9344 968 19 43 9 1
9345 968 20 43 9 1
9346 969 11 43 9 1
9347 969 12 43 9 1
9348 969 13 43 9 1
9349 969 14 43 9 1
9350 969 15 43 9 1
9351 969 16 43 9 1
9352 969 17 43 9 1
9353 969 18 43 9 1
9354 969 19 43 9 1
9355 969 20 43 9 1
9356 970 11 43 9 1
9357 970 12 43 9 1
9358 970 13 43 9 1
9359 970 14 43 9 1
9360 970 15 43 9 1
9361 970 16 43 9 1
9362 970 19 43 9 1
9363 970 20 43 9 1
9364 971 11 43 9 1
9365 971 12 43 9 1
9366 971 15 43 9 1
9367 971 16 43 9 1
9368 971 17 43 9 1
9369 971 18 43 9 1
9370 971 19 43 9 1
9371 971 20 43 9 1
9372 972 11 43 9 1
9373 972 12 43 9 1
9374 972 13 43 9 1
9375 972 14 43 9 1
9376 972 15 43 9 1
9377 972 16 43 9 1
9378 972 17 43 9 1
9379 972 18 43 9 1
9380 972 19 43 9 1
9381 972 20 43 9 1
9382 973 11 43 9 1
9383 973 12 43 9 1
9384 973 13 43 9 1
9385 973 14 43 9 1
9386 973 15 43 9 1
9387 973 16 43 9 1
9388 973 17 43 9 1
9389 973 18 43 9 1
9390 973 19 43 9 1
9391 973 20 43 9 1
9392 974 11 43 9 1
9393 974 12 43 9 1
9394 974 13 43 9 1
9395 974 14 43 9 1
9396 974 15 43 9 1
9397 974 16 43 9 1
9398 974 17 43 9 1
9399 974 18 43 9 1
9400 974 19 43 9 1
9401 974 20 43 9 1
9402 975 11 43 9 1
9403 975 12 43 9 1
9404 975 13 43 9 1
9405 975 14 43 9 1
9406 975 15 43 9 1
9407 975 16 43 9 1
9408 975 17 43 9 1
9409 975 18 43 9 1
9410 975 19 43 9 1
9411 975 20 43 9 1
9412 976 11 43 9 1
9413 976 12 43 9 1
9414 976 13 43 9 1
9415 976 14 43 9 1
9416 976 15 43 9 1
9417 976 16 43 9 1
9418 976 17 43 9 1
9419 976 18 43 9 1
9420 976 19 43 9 1
9421 976 20 43 9 1
9422 977 11 43 9 1
9423 977 12 43 9 1
9424 977 13 43 9 1
9425 977 14 43 9 1
9426 977 15 43 9 1
9427 977 16 43 9 1
9428 977 17 43 9 1
9429 977 18 43 9 1
9430 977 19 43 9 1
9431 977 20 43 9 1
9432 978 11 43 9 1
9433 978 12 43 9 1
9434 978 13 43 9 1
9435 978 14 43 9 1
9436 978 15 43 9 1
9437 978 16 43 9 1
9438 978 17 43 9 1
9439 978 18 43 9 1
9440 978 19 43 9 1
9441 978 20 43 9 1
9442 979 11 43 9 1
9443 979 12 43 9 1
9444 979 13 43 9 1
9445 979 14 43 9 1
9446 979 15 43 9 1
9447 979 16 43 9 1
9448 979 17 43 9 1
9449 979 18 43 9 1
9450 979 19 43 9 1
9451 979 20 43 9 1
9452 980 11 43 9 1
9453 980 12 43 9 1
9454 980 13 43 9 1
9455 980 14 43 9 1
9456 980 15 43 9 1
9457 980 16 43 9 1
9458 980 17 43 9 1
9459 980 18 43 9 1
9460 980 19 43 9 1
9461 980 20 43 9 1
9462 981 11 43 9 1
9463 981 12 43 9 1
9464 981 13 43 9 1
9465 981 14 43 9 1
9466 981 15 43 9 1
9467 981 16 43 9 1
9468 981 17 43 9 1
9469 981 18 43 9 1
9470 981 19 43 9 1
9471 981 20 43 9 1
9472 982 11 43 9 1
9473 982 12 43 9 1
9474 982 13 43 9 1
9475 982 14 43 9 1
9476 982 15 43 9 1
9477 982 16 43 9 1
9478 982 17 43 9 1
9479 982 18 43 9 1
9480 982 19 43 9 1
9481 982 20 43 9 1
9482 983 11 43 9 1
9483 983 12 43 9 1
9484 983 13 43 9 1
9485 983 14 43 9 1
9486 983 15 43 9 1
9487 983 16 43 9 1
9488 983 17 43 9 1
9489 983 18 43 9 1
9490 983 19 43 9 1
9491 983 20 43 9 1
9492 20 13 127 25 1
9493 20 14 127 25 1
9494 20 19 127 25 1
9495 20 20 127 25 1
9496 21 13 127 25 1
9497 21 14 127 25 1
9498 21 19 127 25 1
9499 21 20 127 25 1
9500 22 11 127 25 1
9501 22 12 127 25 1
9502 22 17 127 25 1
9503 22 18 127 25 1
9504 23 11 127 25 1
9505 23 12 127 25 1
9506 23 17 127 25 1
9507 23 18 127 25 1
9508 24 11 127 25 1
9509 24 12 127 25 1
9510 24 17 127 25 1
9511 24 18 127 25 1
9512 25 11 127 25 1
9513 25 12 127 25 1
9514 25 17 127 25 1
9515 25 18 127 25 1
9516 26 13 127 25 1
9517 26 14 127 25 1
9518 26 19 127 25 1
9519 26 20 127 25 1
9520 27 13 127 25 1
9521 27 14 127 25 1
9522 27 19 127 25 1
9523 27 20 127 25 1
9524 28 11 127 25 1
9525 28 12 127 25 1
9526 29 11 127 25 1
9527 29 12 127 25 1
9528 30 19 127 25 1
9529 30 20 127 25 1
9530 31 19 127 25 1
9531 31 20 127 25 1
9532 48 17 127 25 1
9533 48 18 127 25 1
9534 49 17 127 25 1
9535 49 18 127 25 1
9536 50 13 127 25 1
9537 50 14 127 25 1
9538 51 13 127 25 1
9539 51 14 127 25 1
9540 88 17 127 25 1
9541 88 18 127 25 1
9542 88 19 127 25 1
9543 88 20 127 25 1
9544 89 17 127 25 1
9545 89 18 127 25 1
9546 89 19 127 25 1
9547 89 20 127 25 1
9548 90 11 127 25 1
9549 90 12 127 25 1
9550 90 13 127 25 1
9551 90 14 127 25 1
9552 91 11 127 25 1
9553 91 12 127 25 1
9554 91 13 127 25 1
9555 91 14 127 25 1
9556 116 16 127 25 1
9557 116 17 127 25 1
9558 117 16 127 25 1
9559 117 17 127 25 1
9560 118 14 127 25 1
9561 118 15 127 25 1
9562 119 14 127 25 1
9563 119 15 127 25 1
9564 124 14 127 25 1
9565 124 15 127 25 1
9566 124 17 127 25 1
9567 124 18 127 25 1
9568 125 14 127 25 1
9569 125 15 127 25 1
9570 125 17 127 25 1
9571 125 18 127 25 1
9572 126 14 127 25 1
9573 126 15 127 25 1
9574 126 17 127 25 1
9575 126 18 127 25 1
9576 127 14 127 25 1
9577 127 15 127 25 1
9578 127 17 127 25 1
9579 127 18 127 25 1
9580 128 13 127 25 1
9581 128 14 127 25 1
9582 128 16 127 25 1
9583 128 17 127 25 1
9584 129 13 127 25 1
9585 129 14 127 25 1
9586 129 16 127 25 1
9587 129 17 127 25 1
9588 130 13 127 25 1
9589 130 14 127 25 1
9590 130 16 127 25 1
9591 130 17 127 25 1
9592 131 13 127 25 1
9593 131 14 127 25 1
9594 131 16 127 25 1
9595 131 17 127 25 1
9596 156 14 127 25 1
9597 156 15 127 25 1
9598 157 14 127 25 1
9599 157 15 127 25 1
9600 158 16 127 25 1
9601 158 17 127 25 1
9602 159 16 127 25 1
9603 159 17 127 25 1
9604 164 16 127 25 1
9605 165 16 127 25 1
9606 170 15 127 25 1
9607 171 15 127 25 1
9608 200 16 127 25 1
9609 200 17 127 25 1
9610 201 16 127 25 1
9611 201 17 127 25 1
9612 202 14 127 25 1
9613 202 15 127 25 1
9614 203 14 127 25 1
9615 203 15 127 25 1
9616 240 18 127 25 1
9617 240 19 127 25 1
9618 241 18 127 25 1
9619 241 19 127 25 1
9620 242 12 127 25 1
9621 242 13 127 25 1
9622 243 12 127 25 1
9623 243 13 127 25 1
9624 290 19 127 25 1
9625 290 20 127 25 1
9626 291 19 127 25 1
9627 291 20 127 25 1
9628 292 11 127 25 1
9629 292 12 127 25 1
9630 293 11 127 25 1
9631 293 12 127 25 1
9632 358 14 127 25 1
9633 358 15 127 25 1
9634 359 14 127 25 1
9635 359 15 127 25 1
9636 360 14 127 25 1
9637 360 15 127 25 1
9638 361 14 127 25 1
9639 361 15 127 25 1
9640 362 16 127 25 1
9641 362 17 127 25 1
9642 363 16 127 25 1
9643 363 17 127 25 1
9644 364 16 127 25 1
9645 364 17 127 25 1
9646 365 16 127 25 1
9647 365 17 127 25 1
9648 384 12 127 25 1
9649 384 13 127 25 1
9650 385 12 127 25 1
9651 385 13 127 25 1
9652 386 18 127 25 1
9653 386 19 127 25 1
9654 387 18 127 25 1
9655 387 19 127 25 1
9656 438 16 127 25 1
9657 438 17 127 25 1
9658 439 16 127 25 1
9659 439 17 127 25 1
9660 440 14 127 25 1
9661 440 15 127 25 1
9662 441 14 127 25 1
9663 441 15 127 25 1
9664 452 14 127 25 1
9665 452 15 127 25 1
9666 453 14 127 25 1
9667 453 15 127 25 1
9668 454 16 127 25 1
9669 454 17 127 25 1
9670 455 16 127 25 1
9671 455 17 127 25 1
9672 460 17 127 25 1
9673 460 18 127 25 1
9674 461 17 127 25 1
9675 461 18 127 25 1
9676 462 17 127 25 1
9677 462 18 127 25 1
9678 463 17 127 25 1
9679 463 18 127 25 1
9680 464 13 127 25 1
9681 464 14 127 25 1
9682 465 13 127 25 1
9683 465 14 127 25 1
9684 466 13 127 25 1
9685 466 14 127 25 1
9686 467 13 127 25 1
9687 467 14 127 25 1
9688 496 18 127 25 1
9689 496 19 127 25 1
9690 497 18 127 25 1
9691 497 19 127 25 1
9692 498 18 127 25 1
9693 498 19 127 25 1
9694 499 18 127 25 1
9695 499 19 127 25 1
9696 500 12 127 25 1
9697 500 13 127 25 1
9698 501 12 127 25 1
9699 501 13 127 25 1
9700 502 12 127 25 1
9701 502 13 127 25 1
9702 503 12 127 25 1
9703 503 13 127 25 1
9704 516 13 127 25 1
9705 516 14 127 25 1
9706 517 13 127 25 1
9707 517 14 127 25 1
9708 518 17 127 25 1
9709 518 18 127 25 1
9710 519 17 127 25 1
9711 519 18 127 25 1
9712 566 17 127 25 1
9713 566 18 127 25 1
9714 567 13 127 25 1
9715 567 14 127 25 1
9716 568 14 127 25 1
9717 568 15 127 25 1
9718 568 16 127 25 1
9719 569 14 127 25 1
9720 569 15 127 25 1
9721 569 16 127 25 1
9722 570 15 127 25 1
9723 570 16 127 25 1
9724 570 17 127 25 1
9725 571 15 127 25 1
9726 571 16 127 25 1
9727 571 17 127 25 1
9728 572 15 127 25 1
9729 572 16 127 25 1
9730 573 15 127 25 1
9731 573 16 127 25 1
9732 574 15 127 25 1
9733 574 16 127 25 1
9734 575 15 127 25 1
9735 575 16 127 25 1
9736 596 17 127 25 1
9737 596 18 127 25 1
9738 597 17 127 25 1
9739 597 18 127 25 1
9740 598 13 127 25 1
9741 598 14 127 25 1
9742 599 13 127 25 1
9743 599 14 127 25 1
9744 600 18 127 25 1
9745 600 19 127 25 1
9746 601 18 127 25 1
9747 601 19 127 25 1
9748 602 12 127 25 1
9749 602 13 127 25 1
9750 603 12 127 25 1
9751 603 13 127 25 1
9752 634 14 127 25 1
9753 634 15 127 25 1
9754 635 14 127 25 1
9755 635 15 127 25 1
9756 636 16 127 25 1
9757 636 17 127 25 1
9758 637 16 127 25 1
9759 637 17 127 25 1
9760 736 13 127 25 1
9761 736 14 127 25 1
9762 737 13 127 25 1
9763 737 14 127 25 1
9764 738 17 127 25 1
9765 738 18 127 25 1
9766 739 17 127 25 1
9767 739 18 127 25 1
9768 752 12 127 25 1
9769 752 13 127 25 1
9770 753 12 127 25 1
9771 753 13 127 25 1
9772 754 18 127 25 1
9773 754 19 127 25 1
9774 755 18 127 25 1
9775 755 19 127 25 1
9776 764 15 127 25 1
9777 764 16 127 25 1
9778 765 15 127 25 1
9779 765 16 127 25 1
9780 766 15 127 25 1
9781 766 16 127 25 1
9782 767 15 127 25 1
9783 767 16 127 25 1
9784 776 14 127 25 1
9785 776 15 127 25 1
9786 777 14 127 25 1
9787 777 15 127 25 1
9788 778 16 127 25 1
9789 778 17 127 25 1
9790 779 16 127 25 1
9791 779 17 127 25 1
9792 788 11 127 25 1
9793 788 12 127 25 1
9794 789 11 127 25 1
9795 789 12 127 25 1
9796 790 19 127 25 1
9797 790 20 127 25 1
9798 791 19 127 25 1
9799 791 20 127 25 1
9800 792 11 127 25 1
9801 792 12 127 25 1
9802 793 11 127 25 1
9803 793 12 127 25 1
9804 794 19 127 25 1
9805 794 20 127 25 1
9806 795 19 127 25 1
9807 795 20 127 25 1
9808 796 14 127 25 1
9809 796 15 127 25 1
9810 797 14 127 25 1
9811 797 15 127 25 1
9812 798 16 127 25 1
9813 798 17 127 25 1
9814 799 16 127 25 1
9815 799 17 127 25 1
9816 860 16 127 25 1
9817 860 17 127 25 1
9818 861 16 127 25 1
9819 861 17 127 25 1
9820 862 14 127 25 1
9821 862 15 127 25 1
9822 863 14 127 25 1
9823 863 15 127 25 1
9824 928 15 127 25 1
9825 928 16 127 25 1
9826 929 15 127 25 1
9827 929 16 127 25 1
9828 930 15 127 25 1
9829 930 16 127 25 1
9830 931 15 127 25 1
9831 931 16 127 25 1
9832 970 17 127 25 1
9833 970 18 127 25 1
9834 971 13 127 25 1
9835 971 14 127 25 1
9836 164 15 211 34 1
9837 165 15 211 34 1
9838 170 16 211 34 1
9839 171 16 211 34 1
