v,count
0,0
1,0
2,0
3,0
4,0
5,0
6,0
7,0
8,0
9,0
10,0
11,0
12,0
13,0
14,0
15,0
16,0
17,0
18,0
19,0
20,0
21,0
22,0
23,0
24,0
25,0
26,0
27,0
28,0
29,0
30,0
31,0
32,0
33,0
34,0
35,0
36,0
37,0
38,0
39,0
40,0
41,0
42,0
43,0
44,0
45,0
46,0
47,0
48,0
49,0
50,0
51,0
52,0
53,0
54,0
55,0
56,0
57,0
58,0
59,0
60,0
61,0
62,0
63,0
64,0
65,0
66,0
67,0
68,0
69,0
70,1
71,0
72,0
73,0
74,0
75,0
76,0
77,0
78,0
79,0
80,0
81,0
82,1
83,0
84,0
85,0
86,0
87,0
88,0
89,0
90,0
91,0
92,1
93,0
94,2
95,0
96,1
97,0
98,0
99,0
100,1
101,0
102,0
103,2
104,0
105,0
106,4
107,0
108,0
109,2
110,3
111,0
112,4
113,0
114,3
115,2
116,2
117,0
118,9
119,0
120,5
121,0
122,7
123,2
124,9
125,4
126,6
127,6
128,4
129,0
130,20
131,2
132,7
133,8
134,11
135,4
136,17
137,6
138,13
139,12
140,16
141,4
142,35
143,2
144,14
145,18
146,19
147,12
148,36
149,6
150,28
151,16
152,29
153,6
154,57
155,14
156,24
157,30
158,36
159,20
160,60
161,18
162,53
163,32
164,39
165,20
166,86
167,24
168,52
169,52
170,69
171,20
172,99
173,30
174,74
175,66
176,73
177,42
178,134
179,34
180,103
181,68
182,116
183,54
184,137
185,64
186,112
187,108
188,112
189,62
190,224
191,56
192,145
193,120
194,160
195,92
196,217
197,102
198,190
199,144
200,196
201,92
202,325
203,100
204,215
205,196
206,227
207,138
208,329
209,132
210,306
211,214
212,281
213,164
214,428
215,178
216,300
217,298
218,352
219,190
220,487
221,198
222,443
223,312
224,399
225,266
226,587
227,248
228,448
229,394
230,519
231,284
232,696
233,298
234,576
235,470
236,545
237,374
238,842
239,348
240,668
241,520
242,719
243,426
244,888
245,482
246,795
247,638
248,748
249,494
250,1178
251,454
252,956
253,762
254,919
255,608
256,1176
257,664
258,1081
259,866
260,1097
261,654
262,1527
263,654
264,1199
265,1060
266,1242
267,868
268,1579
269,810
270,1507
271,1124
272,1443
273,970
274,1951
275,924
276,1556
277,1384
278,1681
279,1074
280,2177
281,1092
282,1951
283,1490
284,1802
285,1364
286,2447
287,1274
288,2102
289,1730
290,2247
291,1388
292,2783
293,1460
294,2487
295,2024
296,2289
297,1754
298,3174
299,1594
300,2772
301,2234
302,2888
303,1844
304,3426
305,1986
306,3135
307,2550
308,3011
309,2208
310,4094
311,2002
312,3574
313,2902
314,3473
315,2538
316,4269
317,2550
318,3961
319,3148
320,3952
321,2696
322,5179
323,2668
324,4323
325,3738
326,4310
327,3206
328,5358
329,3132
330,5205
331,3818
332,4921
333,3512
334,6246
335,3444
336,5377
337,4712
338,5413
339,3852
340,6776
341,3872
342,6355
343,4982
344,5925
345,4568
346,7463
347,4300
348,6752
349,5592
350,6985
351,4782
352,8232
353,4830
354,7586
355,6262
356,7250
357,5724
358,9293
359,5070
360,8428
361,6736
362,8513
363,5954
364,9916
365,6214
366,9103
367,7606
368,8829
369,6872
370,11371
371,6296
372,10264
373,8282
374,9975
375,7530
376,11842
377,7562
378,11326
379,9012
380,10941
381,8058
382,13679
383,7768
384,12087
385,10400
386,11940
387,9072
388,14269
389,8914
390,13843
391,10598
392,13264
393,10076
394,15853
395,9698
396,14329
397,12480
398,14324
399,10794
400,17441
401,10470
402,16444
403,12902
404,15442
405,12306
406,18823
407,11660
408,17226
409,14392
410,17481
411,12766
412,20457
413,12886
414,19237
415,15574
416,18150
417,14668
418,22385
419,13464
420,20934
421,17014
422,20569
423,15326
424,23651
425,15672
426,22279
427,18646
428,21669
429,17014
430,26559
431,15774
432,24721
433,20164
434,23899
435,18630
436,27364
437,18420
438,26423
439,21496
440,25890
441,19952
442,31162
443,18726
444,28253
445,24096
446,27675
447,21874
448,32398
449,21290
450,31352
451,24668
452,30235
453,23756
454,35451
455,22876
456,32747
457,27928
458,32350
459,24998
460,38309
461,24494
462,36680
463,29218
464,34245
465,28198
466,40709
467,26624
468,38344
469,32124
470,38314
471,28680
472,43983
473,28962
474,41721
475,34348
476,39699
477,32900
478,47029
479,30166
480,44902
481,36780
482,44028
483,34070
484,50074
485,33966
486,47590
487,39586
488,46225
489,37126
490,55126
491,34730
492,51526
493,42630
494,49842
495,40032
496,56728
497,39560
498,55141
499,44744
500,53652
501,42364
502,62965
503,40232
504,58606
505,49920
506,56467
507,45880
508,65268
509,44594
510,63920
511,50978
512,61671
513,49028
514,70545
515,47074
516,66267
517,56814
518,65342
519,51930
520,75099
521,50478
522,72711
523,58852
524,68814
525,57518
526,79716
527,53684
528,75938
529,63638
530,75414
531,58478
532,85771
533,58322
534,81152
535,67554
536,77765
537,65364
538,90815
539,60568
540,87654
541,71304
542,85152
543,67306
544,95643
545,67308
546,91792
547,76848
548,88229
549,73014
550,103530
551,68458
552,98551
553,82144
554,95196
555,77040
556,106925
557,76206
558,104476
559,85474
560,101691
561,81944
562,116211
563,77696
564,110092
565,93934
566,106266
567,87786
568,121134
569,84390
570,118562
571,95534
572,114499
573,93226
574,129422
575,89544
576,122474
577,105404
578,120182
579,97624
580,137067
581,94860
582,133500
583,107884
584,126606
585,106470
586,143974
587,100474
588,138822
589,116864
590,136129
591,108322
592,153359
593,107590
594,147281
595,123294
596,141138
597,119116
598,161593
599,111002
600,157023
601,129414
602,152672
603,123268
604,168663
605,122126
606,163186
607,137586
608,158340
609,132406
610,182130
611,123032
612,174808
613,145552
614,168239
615,138930
616,187870
617,136684
618,182728
619,151270
620,178508
621,146448
622,201970
623,139392
624,192771
625,163516
626,185663
627,155150
628,209426
629,150190
630,206161
631,167706
632,197521
633,164130
634,221495
635,157406
636,212465
637,182786
638,207661
639,169992
640,234040
641,165652
642,228774
643,186778
644,217846
645,184886
646,243010
647,174534
648,237079
649,200332
650,232297
651,188118
652,259071
653,184866
654,249652
655,209672
656,239576
657,204734
658,270999
659,191576
660,263832
661,219586
662,256559
663,210452
664,282750
665,208084
666,274812
667,230484
668,265968
669,223798
670,301719
671,210164
672,292120
673,244652
674,279308
675,234824
676,309759
677,230048
678,303728
679,253150
680,296286
681,245102
682,331016
683,233946
684,318777
685,271660
686,307341
687,259318
688,341490
689,250362
690,337348
691,276704
692,325816
693,273194
694,361097
695,259666
696,347930
697,298928
698,339105
699,282280
700,379415
701,274298
702,369805
703,305698
704,353974
705,303654
706,392507
707,287836
708,384505
709,323960
710,375220
711,307844
712,415574
713,302918
714,403085
715,339550
716,385174
717,332516
718,432049
719,312270
720,424649
721,354272
722,411449
723,339182
724,449678
725,336112
726,438685
727,371124
728,425320
729,361698
730,474924
731,339710
732,463615
733,390438
734,444700
735,377148
736,489489
737,366768
738,481385
739,401832
740,469060
741,392626
742,519404
743,374768
744,501082
745,429200
746,483581
747,412354
748,535623
749,398714
750,529475
751,435026
752,511207
753,431782
754,561373
755,412978
756,545177
757,469018
758,527949
759,445792
760,587521
761,432496
762,576043
763,479006
764,552111
765,474500
766,606669
767,450750
768,596167
769,505304
770,581916
771,483034
772,637552
773,473644
774,621947
775,525688
776,597143
777,518324
778,662654
779,484806
780,652782
781,546256
782,632003
783,528700
784,688407
785,521848
786,669795
787,570916
788,651348
789,558452
790,723197
791,526958
792,709415
793,595618
794,679041
795,579438
796,743378
797,565264
798,733315
799,614694
800,710833
801,601950
802,783001
803,575768
804,761935
805,653482
806,733997
807,627478
808,806573
809,608350
810,799396
811,662474
812,772198
813,658314
814,838914
815,629170
816,820783
817,707870
818,797083
819,677158
820,879509
821,653304
822,863530
823,720332
824,829471
825,717688
826,905606
827,682078
828,889980
829,758530
830,868119
831,728884
832,948770
833,713932
834,926876
835,783586
836,890974
837,777062
838,980539
839,731258
840,970206
841,815296
842,935291
843,791538
844,1016045
845,778854
846,994759
847,848784
848,966679
849,829912
850,1064252
851,785896
852,1046327
853,883618
854,1003236
855,862630
856,1087931
857,840170
858,1076995
859,908280
860,1048277
861,893724
862,1145931
863,851006
864,1118673
865,959586
866,1076029
867,928734
868,1179142
869,899416
870,1165520
871,972530
872,1128706
873,968702
874,1222500
875,927856
876,1199400
877,1030394
878,1161838
879,993350
880,1275426
881,962778
882,1256522
883,1053366
884,1202888
885,1049096
886,1307769
887,999080
888,1293156
889,1104198
890,1258769
891,1061546
892,1368053
893,1040632
894,1340392
895,1139290
896,1290478
897,1129872
898,1406111
899,1064574
900,1398030
901,1179676
902,1351172
903,1150356
904,1459149
905,1125216
906,1430582
907,1222794
908,1390783
909,1203630
910,1521587
911,1139360
912,1496138
913,1271072
914,1437778
915,1244626
916,1556401
917,1212292
918,1541435
919,1299386
920,1499893
921,1284664
922,1629242
923,1228708
924,1597206
925,1373206
926,1531586
927,1333396
928,1673690
929,1289418
930,1659911
931,1390104
932,1606675
933,1381808
934,1730748
935,1327594
936,1703670
937,1468570
938,1650180
939,1420678
940,1796265
941,1375176
942,1775165
943,1495594
944,1706548
945,1494478
946,1844785
947,1418618
948,1827206
949,1561276
950,1776671
951,1510794
952,1924833
953,1478988
954,1884105
955,1608372
956,1818573
957,1598504
958,1975312
959,1511600
960,1965727
961,1658118
962,1896597
963,1625056
964,2041628
965,1592638
966,2006932
967,1721824
968,1945043
969,1696476
970,2119799
971,1608642
972,2097359
973,1783440
974,2013137
975,1744308
976,2168487
977,1701066
978,2151122
979,1823162
980,2095216
981,1803594
982,2257156
983,1725036
984,2222349
985,1915698
986,2137295
987,1867320
988,2321327
989,1799704
990,2304789
991,1936876
992,2231808
993,1934386
994,2395186
995,1855284
996,2356333
997,2039448
998,2285904
999,1979404
1000,2484885
1001,1917042
1002,2455805
1003,2068244
1004,2362694
1005,2073640
1006,2541087
1007,1976914
1008,2524482
1009,2160244
1010,2444056
1011,2098528
1012,2643582
1013,2052526
1014,2597152
1015,2223220
1016,2506992
1017,2205358
1018,2708762
1019,2092832
1020,2699579
1021,2288440
1022,2606856
1023,2246252
1024,2790325
1025,2197908
1026,2752605
1027,2365932
1028,2673400
1029,2338122
1030,2896966
1031,2212106
1032,2869855
1033,2444034
1034,2755292
1035,2403536
1036,2959657
1037,2340648
1038,2931049
1039,2497540
1040,2859178
1041,2474558
1042,3072923
1043,2370924
1044,3033131
1045,2610048
1046,2913764
1047,2555154
1048,3152671
1049,2469890
1050,3135468
1051,2645248
1052,3029915
1053,2641462
1054,3242760
1055,2536364
1056,3206282
1057,2776468
1058,3106748
1059,2693408
1060,3361186
1061,2612148
1062,3326816
1063,2816754
1064,3204157
1065,2822744
1066,3423191
1067,2691974
1068,3412504
1069,2928766
1070,3311172
1071,2855798
1072,3563369
1073,2781006
1074,3504837
1075,3004992
1076,3386162
1077,2993756
1078,3646837
1079,2841562
1080,3630365
1081,3090750
1082,3510065
1083,3040540
1084,3754764
1085,2974340
1086,3703274
1087,3179452
1088,3598392
1089,3156678
1090,3881476
1091,2998882
1092,3853439
1093,3290104
1094,3688984
1095,3241078
1096,3959649
1097,3154422
1098,3932815
1099,3358610
1100,3832850
1101,3323812
1102,4103592
1103,3191960
1104,4057789
1105,3501504
1106,3901254
1107,3433900
1108,4196258
1109,3317286
1110,4184395
1111,3541100
1112,4054556
1113,3541354
1114,4318655
1115,3394186
1116,4275921
1117,3705674
1118,4140169
1119,3612626
1120,4466191
1121,3500976
1122,4415883
1123,3760114
1124,4262698
1125,3770174
1126,4547063
1127,3599514
1128,4536980
1129,3889974
1130,4397856
1131,3806382
1132,4718742
1133,3715682
1134,4653125
1135,3996732
1136,4486264
1137,3982690
1138,4816820
1139,3785348
1140,4812871
1141,4103740
1142,4647626
1143,4035682
1144,4955667
1145,3950804
1146,4894724
1147,4221340
1148,4760379
1149,4189744
1150,5101372
1151,3983404
1152,5081427
1153,4349380
1154,4879121
1155,4295726
1156,5215803
1157,4166370
1158,5181128
1159,4431912
1160,5049959
1161,4403452
1162,5392071
1163,4225270
1164,5327896
1165,4613022
1166,5130620
1167,4535046
1168,5513120
1169,4384566
1170,5494920
1171,4651182
1172,5324074
1173,4666726
1174,5653481
1175,4485390
1176,5609840
1177,4868914
1178,5418425
1179,4756314
1180,5838315
1181,4608208
1182,5787132
1183,4935746
1184,5585089
1185,4938548
1186,5936553
1187,4730296
1188,5933479
1189,5101554
1190,5750491
1191,4999508
1192,6138927
1193,4875054
1194,6068429
1195,5227714
1196,5865058
1197,5216978
1198,6270920
1199,4951304
1200,6271910
1201,5356810
1202,6055404
1203,5287474
1204,6441980
1205,5168326
1206,6360008
1207,5502886
1208,6194203
1209,5469464
1210,6626590
1211,5209168
1212,6603502
1213,5650250
1214,6341537
1215,5595832
1216,6759924
1217,5439148
1218,6722857
1219,5766092
1220,6540831
1221,5733580
1222,6969397
1223,5504186
1224,6913827
1225,5988760
1226,6649815
1227,5884344
1228,7122593
1229,5695720
1230,7101932
1231,6042870
1232,6890913
1233,6059674
1234,7280693
1235,5823678
1236,7244679
1237,6295342
1238,7011919
1239,6168040
1240,7523877
1241,5959408
1242,7463988
1243,6375782
1244,7207084
1245,6399928
1246,7641034
1247,6127154
1248,7626884
1249,6581932
1250,7400535
1251,6463668
1252,7895199
1253,6306186
1254,7805636
1255,6723588
1256,7545732
1257,6725166
1258,8044698
1259,6404486
1260,8059314
1261,6894228
1262,7760798
1263,6813434
1264,8252779
1265,6657618
1266,8170266
1267,7073012
1268,7950819
1269,7021164
1270,8473362
1271,6706730
1272,8455852
1273,7260096
1274,8122473
1275,7193406
1276,8622505
1277,6990232
1278,8595528
1279,7393152
1280,8377197
1281,7359088
1282,8891124
1283,7052630
1284,8829476
1285,7655014
1286,8497968
1287,7550248
1288,9080968
1289,7299972
1290,9043950
1291,7724110
1292,8787732
1293,7749216
1294,9275136
1295,7454376
1296,9233747
1297,8017742
1298,8932687
1299,7883978
1300,9557448
1301,7631230
1302,9491958
1303,8130428
1304,9155736
1305,8164948
1306,9690143
1307,7820122
1308,9701758
1309,8379292
1310,9406840
1311,8224194
1312,10008109
1313,8030292
1314,9901431
1315,8557358
1316,9582744
1317,8557498
1318,10165412
1319,8155908
1320,10205384
1321,8749834
1322,9846129
1323,8668272
1324,10436348
1325,8443438
1326,10337103
1327,8961888
1328,10061100
1329,8921846
1330,10699962
1331,8523762
1332,10669134
1333,9190166
1334,10262117
1335,9117562
1336,10889289
1337,8861378
1338,10852385
1339,9328484
1340,10573048
1341,9311890
1342,11193177
1343,8951370
1344,11136061
1345,9665386
1346,10696167
1347,9540598
1348,11417554
1349,9231288
1350,11396539
1351,9749728
1352,11065731
1353,9766832
1354,11648741
1355,9414146
1356,11611642
1357,10110906
1358,11233346
1359,9946462
1360,11968981
1361,9623388
1362,11913017
1363,10231376
1364,11518596
1365,10279792
1366,12145673
1367,9833496
1368,12171055
1369,10518220
1370,11798887
1371,10362684
1372,12525535
1373,10102486
1374,12384106
1375,10739188
1376,12006916
1377,10746736
1378,12719831
1379,10253618
1380,12765466
1381,10949220
1382,12316990
1383,10872660
1384,13026920
1385,10609772
1386,12920342
1387,11223478
1388,12557185
1389,11180748
1390,13333172
1391,10684274
1392,13329083
1393,11488648
1394,12813473
1395,11391936
1396,13567311
1397,11082806
1398,13527188
1399,11665084
1400,13186494
1401,11642342
1402,13896992
1403,11196886
1404,13859781
1405,12046618
1406,13335743
1407,11919262
1408,14191216
1409,11509062
1410,14163922
1411,12145764
1412,13758651
1413,12191880
1414,14461011
1415,11746612
1416,14404930
1417,12568306
1418,13952660
1419,12386178
1420,14855691
1421,11992762
1422,14783570
1423,12692174
1424,14291391
1425,12777000
1426,15036650
1427,12255564
1428,15083254
1429,13061002
1430,14594386
1431,12881498
1432,15481006
1433,12556178
1434,15343374
1435,13319642
1436,14866088
1437,13309342
1438,15705449
1439,12726420
1440,15784352
1441,13574542
1442,15234947
1443,13481308
1444,16051502
1445,13146078
1446,15948459
1447,13880410
1448,15534023
1449,13838818
1450,16430655
1451,13213564
1452,16437984
1453,14189608
1454,15805095
1455,14108626
1456,16704241
1457,13704232
1458,16641096
1459,14398562
1460,16240024
1461,14382478
1462,17101818
1463,13842568
1464,17056869
1465,14819162
1466,16418374
1467,14698654
1468,17429768
1469,14219946
1470,17410382
1471,14957942
1472,16890612
1473,15020600
1474,17735549
1475,14480268
1476,17710996
1477,15455656
1478,17135580
1479,15226706
1480,18203351
1481,14761514
1482,18119419
1483,15613760
1484,17534870
1485,15709908
1486,18383888
1487,15075898
1488,18473955
1489,16019538
1490,17896710
1491,15828354
1492,18932967
1493,15395756
1494,18775519
1495,16317068
1496,18199023
1497,16342814
1498,19189674
1499,15626656
1500,19265276
1501,16612912
1502,18614771
1503,16520420
1504,19606334
1505,16111332
1506,19481496
1507,16950026
1508,18970459
1509,16929788
1510,20019005
1511,16209328
1512,20048598
1513,17337232
1514,19251167
1515,17248376
1516,20329128
1517,16757084
1518,20295855
1519,17580096
1520,19795046
1521,17537172
1522,20790827
1523,16904752
1524,20760105
1525,18081524
1526,19992298
1527,17930416
1528,21151491
1529,17343472
1530,21160723
1531,18219286
1532,20563855
1533,18309632
1534,21519943
1535,17623290
1536,21506068
1537,18785120
1538,20812177
1539,18568444
1540,22066497
1541,17980676
1542,21946124
1543,18975440
1544,21274381
1545,19090696
1546,22289736
1547,18340954
1548,22390310
1549,19408762
1550,21690915
1551,19228272
1552,22906838
1553,18724954
1554,22734698
1555,19782552
1556,22006516
1557,19825704
1558,23180803
1559,18970212
1560,23317708
1561,20125920
1562,22512864
1563,20002366
1564,23668898
1565,19529928
1566,23530806
1567,20530714
1568,22925381
1569,20498966
1570,24107446
1571,19638800
1572,24188037
1573,20946358
1574,23265005
1575,20865112
1576,24505121
1577,20234016
1578,24467491
1579,21217826
1580,23864029
1581,21208834
1582,25022461
1583,20446228
1584,24974549
1585,21803558
1586,24072994
1587,21646324
1588,25454670
1589,20942516
1590,25454558
1591,21929730
1592,24735249
1593,22066126
1594,25844146
1595,21287766
1596,25859811
1597,22607446
1598,24990553
1599,22359622
1600,26465960
1601,21658466
1602,26378120
1603,22823188
1604,25554319
1605,22939362
1606,26716015
1607,22069084
1608,26855113
1609,23340660
1610,26023377
1611,23123780
1612,27390209
1613,22511838
1614,27225408
1615,23741098
1616,26413368
1617,23804534
1618,27734767
1619,22757810
1620,27906763
1621,24117684
1622,26948840
1623,24032576
1624,28297107
1625,23422314
1626,28104780
1627,24585422
1628,27419067
1629,24567320
1630,28810486
1631,23553932
1632,28896244
1633,25014418
1634,27798766
1635,24974538
1636,29228505
1637,24258072
1638,29205131
1639,25369092
1640,28451290
1641,25367598
1642,29807784
1643,24466910
1644,29800364
1645,26033724
1646,28710442
1647,25828146
1648,30304662
1649,25021224
1650,30319846
1651,26196276
1652,29470815
1653,26339452
1654,30698170
1655,25414162
1656,30777669
1657,26926206
1658,29776578
1659,26672238
1660,31450095
1661,25804860
1662,31352643
1663,27171272
1664,30386193
1665,27345208
1666,31717035
1667,26308598
1668,31862240
1669,27757022
1670,30896729
1671,27527898
1672,32510772
1673,26805038
1674,32314034
1675,28175988
1676,31348838
1677,28286486
1678,32857368
1679,27105706
1680,33085168
1681,28630202
1682,31917801
1683,28545616
1684,33490201
1685,27820890
1686,33325268
1687,29165230
1688,32482358
1689,29112114
1690,34060442
1691,27958000
1692,34182399
1693,29677460
1694,32902404
1695,29625194
1696,34496499
1697,28759224
1698,34507444
1699,30030348
1700,33677538
1701,30055762
1702,35181126
1703,28950392
1704,35197485
1705,30764164
1706,33924233
1707,30599500
1708,35752566
1709,29610642
1710,35728255
1711,30950858
1712,34772714
1713,31135514
1714,36205106
1715,30069568
1716,36278108
1717,31743034
1718,35102192
1719,31507398
1720,37017031
1721,30520356
1722,36924357
1723,32053408
1724,35747291
1725,32258334
1726,37296835
1727,31055808
1728,37537887
1729,32699228
1730,36366500
1731,32418812
1732,38192471
1733,31600460
1734,37987548
1735,33199450
1736,36871579
1737,33308874
1738,38532261
1739,31944938
1740,38847420
1741,33680586
1742,37520739
1743,33596236
1744,39282695
1745,32697290
1746,39106124
1747,34263914
1748,38125535
1749,34265450
1750,39910923
1751,32893872
1752,40036966
1753,34826710
1754,38574798
1755,34793568
1756,40430464
1757,33782958
1758,40428882
1759,35186058
1760,39455185
1761,35256282
1762,41147860
1763,34034048
1764,41194731
1765,36050044
1766,39665665
1767,35880226
1768,41770396
1769,34718792
1770,41810790
1771,36257104
1772,40669698
1773,36434630
1774,42266931
1775,35226400
1776,42380293
1777,37158232
1778,41027941
1779,36877064
1780,43141024
1781,35727690
1782,43082576
1783,37466024
1784,41782905
1785,37723334
1786,43487217
1787,36271046
1788,43768904
1789,38164772
1790,42407367
1791,37930498
1792,44492450
1793,36927130
1794,44217808
1795,38729144
1796,42964191
1797,38870572
1798,44873614
1799,37317700
1800,45221957
1801,39201958
1802,43676707
1803,39188302
1804,45672422
1805,38188164
1806,45493514
1807,39907528
1808,44305184
1809,39906830
1810,46352562
1811,38349152
1812,46569431
1813,40526694
1814,44843351
1815,40454152
1816,46931475
1817,39320740
1818,46950459
1819,40957294
1820,45814647
1821,41018666
1822,47655924
1823,39601660
1824,47782983
1825,41869196
1826,46077107
1827,41710166
1828,48395719
1829,40317116
1830,48453946
1831,42075002
1832,47154585
1833,42334916
1834,48937039
1835,40913846
1836,49048673
1837,43079972
1838,47524081
1839,42788254
1840,49951120
1841,41451710
1842,49850072
1843,43370740
1844,48354771
1845,43712124
1846,50251406
1847,42111874
1848,50614716
1849,44184344
1850,48990030
1851,43942780
1852,51351604
1853,42776346
1854,51120819
1855,44808316
1856,49653252
1857,44924798
1858,51779577
1859,43185682
1860,52195817
1861,45350150
1862,50433712
1863,45314268
1864,52606980
1865,44140518
1866,52467223
1867,46073434
1868,51161847
1869,46111464
1870,53392949
1871,44282500
1872,53653227
1873,46738112
1874,51679695
1875,46751108
1876,54027539
1877,45403910
1878,53992164
1879,47215000
1880,52749743
1881,47301950
1882,54860917
1883,45702532
1884,54982040
1885,48158622
1886,53007997
1887,48050478
1888,55621229
1889,46508734
1890,55713329
1891,48436422
1892,54152417
1893,48742466
1894,56173477
1895,47133642
1896,56386391
1897,49530676
1898,54596563
1899,49177570
1900,57285786
1901,47699540
1902,57207442
1903,49896062
1904,55515548
1905,50232126
1906,57552869
1907,48412186
1908,58032031
1909,50725292
1910,56238695
1911,50483872
1912,58818032
1913,49077632
1914,58573697
1915,51394320
1916,56913128
1917,51602172
1918,59261512
1919,49571954
1920,59702602
1921,51971732
1922,57735256
1923,51969916
1924,60209591
1925,50630876
1926,60022120
1927,52717492
1928,58543935
1929,52814636
1930,60993596
1931,50818932
1932,61317919
1933,53488290
1934,59024620
1935,53524502
1936,61683603
1937,51971362
1938,61729050
1939,54003136
1940,60253964
1941,54051510
1942,62575010
1943,52284264
1944,62746217
1945,55055724
1946,60531094
1947,54932768
1948,63352063
1949,53166136
1950,63505642
1951,55301014
1952,61813086
1953,55667346
1954,63989676
1955,53788780
1956,64241420
1957,56486858
1958,62210456
1959,56186704
1960,65211697
1961,54446164
1962,65075803
1963,56860106
1964,63202609
1965,57275620
1966,65508922
1967,55231046
1968,66030990
1969,57693354
1970,63989076
1971,57509238
1972,66840824
1973,55990962
1974,66586240
1975,58497936
1976,64647680
1977,58709654
1978,67277981
1979,56471604
1980,67869004
1981,59124892
1982,65577250
1983,59077236
1984,68301471
1985,57576230
1986,68137781
1987,59960612
1988,66462024
1989,60029638
1990,69085219
1991,57778436
1992,69541562
1993,60717346
1994,67031613
1995,60785022
1996,69882461
1997,58969272
1998,69943804
1999,61257438
2000,68298374
2001,61409450
2002,70840411
2003,59369348
2004,70979956
2005,62408756
2006,68535984
2007,62299626
2008,71723302
2009,60300518
2010,71851173
2011,62589670
2012,69948810
2013,63069774
2014,72331204
2015,61026966
2016,72654718
2017,63907046
2018,70294377
2019,63623608
2020,73642359
2021,61656660
2022,73570607
2023,64328724
2024,71426749
2025,64729358
2026,73936673
2027,62503148
2028,74532032
2029,65257286
2030,72250196
2031,65032894
2032,75309660
2033,63299838
2034,75105137
2035,66064852
2036,73010210
2037,66337450
2038,75825469
2039,63742970
2040,76492332
2041,66687334
2042,73936828
2043,66749668
2044,76925816
2045,65012250
2046,76693855
2047,67606094
2048,74869182
2049,67689682
2050,77801987
2051,65207024
2052,78269032
2053,68353316
2054,75433254
2055,68508308
2056,78584896
2057,66534824
2058,78690500
2059,68986080
2060,76754646
2061,69151812
2062,79551928
2063,66894968
2064,79855056
2065,70201234
2066,77058798
2067,70041458
2068,80514196
2069,67869686
2070,80691323
2071,70455178
2072,78576432
2073,70904022
2074,81088649
2075,68632250
2076,81519852
2077,71797176
2078,78975124
2079,71515854
2080,82561079
2081,69222922
2082,82496864
2083,72202870
2084,80107751
2085,72752960
2086,82834324
2087,70200060
2088,83454483
2089,73181952
2090,80967906
2091,73000674
2092,84376248
2093,71055346
2094,84082228
2095,73975466
2096,81772404
2097,74345508
2098,84840918
2099,71564520
2100,85599598
2101,74695416
2102,82668833
2103,74789954
2104,85991308
2105,72834490
2106,85826184
2107,75678978
2108,83724038
2109,75728886
2110,86888210
2111,73037430
2112,87442611
2113,76508896
2114,84310720
2115,76660716
2116,87649194
2117,74437190
2118,87847052
2119,77103356
2120,85783086
2121,77301194
2122,88757794
2123,74739188
2124,89091676
2125,78379086
2126,85999539
2127,78313596
2128,89764203
2129,75822932
2130,89896972
2131,78627032
2132,87596833
2133,79164254
2134,90382332
2135,76665198
2136,90837715
2137,79989972
2138,87987467
2139,79760082
2140,91884234
2141,77323742
2142,91847756
2143,80483796
2144,89140791
2145,81066136
2146,92136166
2147,78271438
2148,92930346
2149,81509744
2150,90086449
2151,81248826
2152,93774751
2153,79119332
2154,93503861
2155,82416578
2156,90943394
2157,82760306
2158,94140552
2159,79682482
2160,95075050
2161,83055878
2162,91945431
2163,83225604
2164,95428772
2165,80959938
2166,95266460
2167,84088480
2168,92987346
2169,84234430
2170,96404021
2171,81199448
2172,96922964
2173,84950934
2174,93534736
2175,85149938
2176,97254107
2177,82683832
2178,97405064
2179,85488376
2180,95101846
2181,85814548
2182,98295206
2183,83073286
2184,98703748
2185,86892148
2186,95215568
2187,86863406
2188,99348281
2189,84136428
2190,99596061
2191,87158912
2192,96987363
2193,87647008
2194,99971530
2195,84985148
2196,100505455
2197,88640844
2198,97365181
2199,88361838
2200,101499058
2201,85644504
2202,101539650
2203,89072484
2204,98638825
2205,89724982
2206,101775432
2207,86585638
2208,102663788
2209,90101032
2210,99556178
2211,89959130
2212,103517662
2213,87547268
2214,103152907
2215,91062912
2216,100401206
2217,91467452
2218,103931612
2219,88109160
2220,104890826
2221,91661008
2222,101434432
2223,91921064
2224,105203620
2225,89502894
2226,105064828
2227,92795272
2228,102464618
2229,92954616
2230,106158492
2231,89663012
2232,106883854
2233,93683702
2234,103095986
2235,93856496
2236,107044078
2237,91192418
2238,107227805
2239,94315788
2240,104743608
2241,94575578
2242,108051528
2243,91585840
2244,108580017
2245,95711512
2246,104871585
2247,95706106
2248,109221722
2249,92572466
2250,109505977
2251,95912746
2252,106656641
2253,96582176
2254,109850471
2255,93564522
2256,110370539
2257,97434052
2258,107012280
2259,97204094
2260,111507797
2261,94260312
2262,111475974
2263,97814314
2264,108315361
2265,98600336
2266,111687554
2267,95310578
2268,112660027
2269,98973052
2270,109140177
2271,98828448
2272,113484768
2273,96180712
2274,113216846
2275,99961150
2276,110118083
2277,100319536
2278,113870425
2279,96739480
2280,114974570
2281,100584330
2282,111192460
2283,100830774
2284,115108960
2285,98197566
2286,115045236
2287,101732722
2288,112324231
2289,101908870
2290,116171180
2291,98256440
2292,116937226
2293,102608018
2294,112827379
2295,102924952
2296,117066537
2297,99904368
2298,117223252
2299,103233630
2300,114555908
2301,103550552
2302,118160549
2303,100301634
2304,118677066
2305,104587192
2306,114650619
2307,104689676
2308,119289015
2309,101402686
2310,119605093
2311,104876036
2312,116429991
2313,105574578
2314,119859521
2315,102321358
2316,120566074
2317,106466270
2318,116808709
2319,106145710
2320,121600303
2321,102971250
2322,121614744
2323,106895082
2324,118191867
2325,107665314
2326,121638587
2327,104069228
2328,122793810
2329,107949368
2330,119117623
2331,107876136
2332,123610378
2333,104888616
2334,123308527
2335,108971846
2336,119995046
2337,109455248
2338,123989148
2339,105520328
2340,125056475
2341,109593950
2342,121034861
2343,109922616
2344,125329730
2345,107024864
2346,125184677
2347,110674584
2348,122181241
2349,110976304
2350,126290535
2351,107139600
2352,127168539
2353,111632188
2354,122612765
2355,111996566
2356,127173493
2357,108768250
2358,127458395
2359,112273094
2360,124490244
2361,112515722
2362,128279330
2363,109112330
2364,128881230
2365,113766138
2366,124519476
2367,113785826
2368,129350356
2369,110185666
2370,129793915
2371,113926988
2372,126444312
2373,114689636
2374,129946206
2375,111092342
2376,130749246
2377,115513734
2378,126726245
2379,115328674
2380,131769994
2381,111796420
2382,131700324
2383,115942758
2384,128100532
2385,116768656
2386,131857944
2387,112925528
2388,133004706
2389,116933832
2390,129005343
2391,116931940
2392,133778604
2393,113805136
2394,133500952
2395,118045758
2396,129808050
2397,118597826
2398,134062161
2399,114373122
2400,135368220
2401,118651374
2402,130946780
2403,118924396
2404,135452841
2405,115870254
2406,135322433
2407,119844242
2408,132138691
2409,120045528
2410,136362110
2411,115929774
2412,137362693
2413,120687818
2414,132573039
2415,121146702
2416,137305671
2417,117499764
2418,137608993
2419,121293742
2420,134421073
2421,121728530
2422,138400887
2423,117960046
2424,138950981
2425,122785060
2426,134365644
2427,122897870
2428,139568274
2429,119049904
2430,139943508
2431,122855418
2432,136348659
2433,123737584
2434,140067799
2435,120018424
2436,140910166
2437,124570196
2438,136474310
2439,124360446
2440,141892079
2441,120603734
2442,141967450
2443,124998532
2444,137953969
2445,125781084
2446,141852317
2447,121724524
2448,143177279
2449,126035868
2450,138882417
2451,125984816
2452,143766253
2453,122608510
2454,143568963
2455,127097126
2456,139777025
2457,127629896
2458,144109852
2459,123044570
2460,145499595
2461,127628842
2462,140784814
2463,128061532
2464,145524237
2465,124641608
2466,145315101
2467,128832834
2468,141940059
2469,129098802
2470,146464084
2471,124699124
2472,147459937
2473,129558882
2474,142357821
2475,130165176
2476,147315725
2477,126395900
2478,147654619
2479,130243844
2480,144144776
2481,130666568
2482,148392797
2483,126696220
2484,149103999
2485,131788776
2486,144090430
2487,131818360
2488,149553125
2489,127729592
2490,149985383
2491,131849654
2492,146144976
2493,132723084
2494,149881962
2495,128738738
2496,150909798
2497,133480272
2498,146319313
2499,133325610
2500,151856783
2501,129199862
2502,151887786
2503,133873586
2504,147676115
2505,134820302
2506,151795182
2507,130419478
2508,153047652
2509,134896082
2510,148526509
2511,134904662
2512,153792701
2513,131263126
2514,153511686
2515,135847312
2516,149411347
2517,136526282
2518,153965730
2519,131796550
2520,155482058
2521,136423372
2522,150338206
2523,136901392
2524,155324080
2525,133321596
2526,155257526
2527,137685884
2528,151567155
2529,137826370
2530,156265451
2531,133268262
2532,157361324
2533,138489348
2534,151914940
2535,138986872
2536,157001964
2537,134928400
2538,157469086
2539,139016806
2540,153872653
2541,139488072
2542,158125490
2543,135131394
2544,158905967
2545,140486896
2546,153633194
2547,140714514
2548,159291027
2549,136244866
2550,159642403
2551,140550136
2552,155665060
2553,141478066
2554,159671720
2555,137278458
2556,160604120
2557,142096912
2558,155736299
2559,142036070
2560,161566616
2561,137739576
2562,161634986
2563,142517200
2564,157029152
2565,143525084
2566,161355491
2567,138870842
2568,162854918
2569,143494808
2570,157964403
2571,143437968
2572,163384250
2573,139691394
2574,163110920
2575,144582454
2576,158801809
2577,145161964
2578,163411398
2579,140146464
2580,165069454
2581,145009754
2582,159746026
2583,145535398
2584,164862432
2585,141567114
2586,164804991
2587,146184388
2588,160895976
2589,146485100
2590,165750064
2591,141583712
2592,166824679
2593,146911626
2594,161161244
2595,147546786
2596,166554736
2597,143287360
2598,166911969
2599,147377414
2600,163076473
2601,147910948
2602,167553790
2603,143512162
2604,168362010
2605,148962544
2606,162647172
2607,149161088
2608,168641936
2609,144450672
2610,169195966
2611,148935014
2612,164810997
2613,149817926
2614,168902870
2615,145444938
2616,169999774
2617,150547776
2618,164884727
2619,150393802
2620,170746731
2621,145861812
2622,170886817
2623,150845948
2624,166226476
2625,151880490
2626,170551788
2627,146872688
2628,172097354
2629,151760098
2630,166987658
2631,151875440
2632,172607190
2633,147702158
2634,172193511
2635,152804792
2636,167744510
2637,153467602
2638,172626964
2639,148192790
2640,174260696
2641,153048608
2642,168674008
2643,153731494
2644,173946411
2645,149689136
2646,173889026
2647,154326838
2648,169676570
2649,154622412
2650,174791652
2651,149526322
2652,176022785
2653,155052000
2654,169927792
2655,155581762
2656,175502755
2657,151148808
2658,175953506
2659,155532584
2660,171882562
2661,156001512
2662,176343031
2663,151359148
2664,177317946
2665,156970122
2666,171472047
2667,157217786
2668,177513602
2669,152171260
2670,178055940
2671,156852038
2672,173535660
2673,157878770
2674,177760552
2675,153214038
2676,178758771
2677,158445208
2678,173407716
2679,158342266
2680,179653721
2681,153562132
2682,179711566
2683,158611574
2684,174733865
2685,159793232
2686,179207775
2687,154705590
2688,180863671
2689,159521862
2690,175405574
2691,159649678
2692,181223039
2693,155370680
2694,180967575
2695,160612684
2696,176205939
2697,161104518
2698,181207173
2699,155681862
2700,182925733
2701,160886016
2702,177055887
2703,161473584
2704,182366460
2705,157158982
2706,182419496
2707,162020848
2708,178136726
2709,162352386
2710,183198012
2711,156858904
2712,184503622
2713,162593946
2714,178221357
2715,163357530
2716,183925315
2717,158572862
2718,184231959
2719,163031724
2720,180118462
2721,163544074
2722,184834641
2723,158717872
2724,185664017
2725,164354862
2726,179548486
2727,164738782
2728,185830753
2729,159563424
2730,186410183
2731,164255678
2732,181486058
2733,165324294
2734,185891622
2735,160510702
2736,187106564
2737,165824144
2738,181429238
2739,165624324
2740,187790378
2741,160738056
2742,187874935
2743,166027910
2744,182710398
2745,167088992
2746,187179997
2747,161791524
2748,188969403
2749,166802320
2750,183394573
2751,166933642
2752,189247127
2753,162301670
2754,188970741
2755,167772786
2756,184020042
2757,168475066
2758,189109815
2759,162697180
2760,190819044
2761,167950740
2762,184793069
2763,168638458
2764,190337961
2765,164158868
2766,190249478
2767,168991342
2768,185803795
2769,169339724
2770,191039010
2771,163864934
2772,192368158
2773,169619022
2774,185670279
2775,170366952
2776,191599179
2777,165365214
2778,192140437
2779,169982874
2780,187652310
2781,170406054
2782,192404746
2783,165454174
2784,193378561
2785,171335064
2786,187057298
2787,171598402
2788,193262754
2789,166238966
2790,193929302
2791,171080580
2792,189049396
2793,172156804
2794,193387837
2795,167030180
2796,194569803
2797,172553368
2798,188719155
2799,172502674
2800,195274513
2801,167229436
2802,195230983
2803,172641130
2804,189920017
2805,173840300
2806,194613245
2807,168331578
2808,196328206
2809,173209112
2810,190541292
2811,173519386
2812,196546300
2813,168887614
2814,196217015
2815,174319080
2816,190973756
2817,174972980
2818,196284758
2819,169085080
2820,198152451
2821,174418914
2822,191748954
2823,174991972
2824,197412652
2825,170405312
2826,197430126
2827,175482446
2828,192764302
2829,175740786
2830,197925148
2831,170027402
2832,199399584
2833,175914154
2834,192660656
2835,176707894
2836,198514248
2837,171441388
2838,199020553
2839,176209666
2840,194466435
2841,176743484
2842,199277589
2843,171509992
2844,200122197
2845,177505308
2846,193653279
2847,177825822
2848,200180801
2849,172212058
2850,200759780
2851,177030716
2852,195639761
2853,178215300
2854,200032002
2855,173096236
2856,201320248
2857,178519256
2858,195164487
2859,178480866
2860,201833322
2861,173123784
2862,201933172
2863,178641404
2864,196330986
2865,179650928
2866,201083255
2867,174071338
2868,202860506
2869,179230314
2870,196902732
2871,179381862
2872,202871918
2873,174503786
2874,202653720
2875,180096558
2876,197369753
2877,180815154
2878,202575954
2879,174564698
2880,204510199
2881,180021130
2882,197996215
2883,180852558
2884,203673350
2885,175991628
2886,203484273
2887,181063470
2888,198829507
2889,181353040
2890,204254244
2891,175534954
2892,205549643
2893,181358596
2894,198557550
2895,182248814
2896,204628171
2897,176929176
2898,205149161
2899,181617522
2900,200254576
2901,182181576
2902,205198851
2903,176877576
2904,206265666
2905,182870314
2906,199475861
2907,183075464
2908,206008171
2909,177424698
2910,206661665
2911,182460834
2912,201394039
2913,183461486
2914,205726866
2915,178219708
2916,207086404
2917,183795656
2918,200891089
2919,183715004
2920,207517513
2921,178029986
2922,207635493
2923,183713582
2924,201916019
2925,184949316
2926,206651228
2927,179062828
2928,208381062
2929,184188092
2930,202356512
2931,184420828
2932,208506731
2933,179444360
2934,208101654
2935,184967310
2936,202717230
2937,185716820
2938,208040778
2939,179500528
2940,209950705
2941,184889110
2942,203096400
2943,185711292
2944,208939657
2945,180715292
2946,208960916
2947,185889558
2948,203995057
2949,186050178
2950,209392651
2951,180147854
2952,210792230
2953,186135808
2954,203704513
2955,186948412
2956,209607112
2957,181474336
2958,210204854
2959,186243950
2960,205423494
2961,186773138
2962,210256660
2963,181195048
2964,211221589
2965,187379952
2966,204335962
2967,187752592
2968,210984547
2969,181773556
2970,211494180
2971,186841422
2972,206131937
2973,187981160
2974,210612290
2975,182581370
2976,211897298
2977,187961476
2978,205559480
2979,188006840
2980,212286240
2981,182418064
2982,212374397
2983,187946904
2984,206389538
2985,189084530
2986,211258730
2987,183226646
2988,213150814
2989,188391414
2990,206798458
2991,188471174
2992,212996336
2993,183432820
2994,212684256
2995,189194110
2996,207087374
2997,189784082
2998,212266045
2999,183432492
3000,214361890
3001,188865028
3002,207583191
3003,189687730
3004,213224863
3005,184485614
3006,213200734
3007,189732972
3008,208235843
3009,190018378
3010,213685178
3011,183862212
3012,214900372
3013,189926056
3014,207711611
3015,190805990
3016,213853785
3017,185144492
3018,214306002
3019,189807034
3020,209372094
3021,190467198
3022,214223535
3023,184964654
3024,215239857
3025,190945084
3026,208149005
3027,191324212
3028,214843922
3029,185298626
3030,215479441
3031,190382814
3032,209926932
3033,191331990
3034,214414486
3035,185937986
3036,215713644
3037,191534876
3038,209247985
3039,191422856
3040,215863158
3041,185626496
3042,216043355
3043,191293068
3044,210091479
3045,192503852
3046,214788731
3047,186350294
3048,216687032
3049,191530062
3050,210356986
3051,191806552
3052,216487823
3053,186587428
3054,215981525
3055,192286008
3056,210437695
3057,192909408
3058,215826854
3059,186493142
3060,217718231
3061,191799708
3062,210739215
3063,192681786
3064,216540060
3065,187538120
3066,216527468
3067,192672724
3068,211260596
3069,192919366
3070,216759095
3071,186771584
3072,218224964
3073,192754278
3074,210764007
3075,193507694
3076,216818826
3077,187898894
3078,217363549
3079,192722872
3080,212375679
3081,193147972
3082,217067126
3083,187577076
3084,218115021
3085,193666252
3086,211103556
3087,193996794
3088,217665986
3089,187681954
3090,218332978
3091,192886564
3092,212712501
3093,194036234
3094,217119415
3095,188391602
3096,218296221
3097,193914518
3098,211888110
3099,193902750
3100,218613805
3101,188078576
3102,218564854
3103,193562300
3104,212582028
3105,194796780
3106,217355273
3107,188748152
3108,219195142
3109,193793598
3110,212610286
3111,194042770
3112,218878653
3113,188749042
3114,218556999
3115,194457008
3116,212734296
3117,194958848
3118,218039986
3119,188544986
3120,220037314
3121,193939428
3122,213028807
3123,194731286
3124,218582315
3125,189549454
3126,218586970
3127,194693264
3128,213485158
3129,194860040
3130,218864260
3131,188531920
3132,220211926
3133,194610338
3134,212745961
3135,195541316
3136,218833429
3137,189637912
3138,219247641
3139,194386272
3140,214213848
3141,194947450
3142,219028160
3143,189325602
3144,219957106
3145,195185666
3146,212864298
3147,195598114
3148,219426388
3149,189478802
3150,220022791
3151,194464142
3152,214252072
3153,195510904
3154,218710438
3155,189957464
3156,220049513
3157,195467708
3158,213397953
3159,195231084
3160,220094080
3161,189362442
3162,220169098
3163,195075990
3164,214060943
3165,196140960
3166,218597157
3167,190018442
3168,220570576
3169,195073966
3170,214165637
3171,195329998
3172,220104471
3173,189856934
3174,219725697
3175,195625952
3176,214018554
3177,196235706
3178,219291092
3179,189635744
3180,221066614
3181,195010118
3182,214079726
3183,195830460
3184,219792220
3185,190546458
3186,219666823
3187,195511828
3188,214465532
3189,195819404
3190,219845139
3191,189615632
3192,221190005
3193,195415198
3194,213559000
3195,196329710
3196,219639757
3197,190543808
3198,220162280
3199,195214002
3200,215010256
3201,195542946
3202,219783080
3203,190016856
3204,220688576
3205,196012396
3206,213511923
3207,196264378
3208,219953934
3209,190015238
3210,220659893
3211,195060080
3212,214953027
3213,196138946
3214,219181536
3215,190396514
3216,220497152
3217,195821274
3218,213960431
3219,195795582
3220,220540578
3221,189834496
3222,220393455
3223,195422370
3224,214382891
3225,196497986
3226,219087392
3227,190367788
3228,220805052
3229,195258270
3230,214318445
3231,195550738
3232,220338455
3233,190222384
3234,219977258
3235,195791662
3236,214022809
3237,196369542
3238,219248897
3239,189821344
3240,221283217
3241,195080762
3242,214159477
3243,195756358
3244,219698665
3245,190561972
3246,219619834
3247,195660690
3248,214460645
3249,195679774
3250,219604961
3251,189488126
3252,220955248
3253,195377894
3254,213511022
3255,196254416
3256,219354812
3257,190229016
3258,219864224
3259,194954034
3260,214743725
3261,195484618
3262,219400531
3263,189757156
3264,220161244
3265,195613456
3266,213150843
3267,195952340
3268,219627632
3269,189714660
3270,220104930
3271,194496998
3272,214411776
3273,195606556
3274,218698948
3275,190086210
3276,219906181
3277,195323060
3278,213182494
3279,195239416
3280,219812788
3281,189322678
3282,219825000
3283,194819458
3284,213605251
3285,195781602
3286,218185978
3287,189731700
3288,220045095
3289,194622538
3290,213584647
3291,194764820
3292,219301540
3293,189465562
3294,218944884
3295,195030690
3296,213250421
3297,195488600
3298,218299638
3299,188868626
3300,220177257
3301,194163772
3302,213103745
3303,194977202
3304,218581030
3305,189592570
3306,218394037
3307,194591556
3308,213239233
3309,194730056
3310,218459986
3311,188548854
3312,219676501
3313,194115744
3314,212261689
3315,195037974
3316,218030408
3317,189284716
3318,218490211
3319,193748672
3320,213292518
3321,194146442
3322,217952969
3323,188579736
3324,218808553
3325,194398572
3326,211615969
3327,194505154
3328,218012072
3329,188311518
3330,218602363
3331,193251688
3332,212879025
3333,194219686
3334,216851237
3335,188660112
3336,218150697
3337,193812402
3338,211719680
3339,193746242
3340,217998209
3341,187721784
3342,217926794
3343,193204062
3344,211900689
3345,194268006
3346,216412583
3347,188101116
3348,217956893
3349,192900636
3350,211628607
3351,193130640
3352,217468104
3353,187795604
3354,216946158
3355,193102708
3356,211210673
3357,193671766
3358,216220799
3359,187248864
3360,218061950
3361,192229066
3362,210928037
3363,193010324
3364,216330808
3365,187832484
3366,216260695
3367,192673922
3368,211028112
3369,192566892
3370,216154599
3371,186528708
3372,217373188
3373,192220450
3374,209953955
3375,192931498
3376,215528604
3377,187138540
3378,216080519
3379,191616160
3380,211030274
3381,191986440
3382,215360995
3383,186346432
3384,216222224
3385,192056566
3386,209230541
3387,192357082
3388,215393129
3389,186121640
3390,215789051
3391,190900680
3392,210208322
3393,191825366
3394,214315336
3395,186360774
3396,215364135
3397,191306564
3398,208945531
3399,191219264
3400,215243806
3401,185394034
3402,215168067
3403,190633154
3404,208962924
3405,191685880
3406,213391675
3407,185651458
3408,215156263
3409,190287872
3410,208780358
3411,190356776
3412,214348507
3413,185202950
3414,213848371
3415,190555198
3416,208249897
3417,190867822
3418,213030800
3419,184499598
3420,214826789
3421,189507290
3422,207950330
3423,190239192
3424,213118962
3425,184848530
3426,212994473
3427,189682360
3428,207889407
3429,189808998
3430,212851872
3431,183684826
3432,213869689
3433,189135636
3434,206669103
3435,189962914
3436,212213062
3437,184267970
3438,212525401
3439,188439636
3440,207563506
3441,188836798
3442,211949327
3443,183460582
3444,212667302
3445,188899234
3446,205583872
3447,189092188
3448,211742459
3449,183004610
3450,212333844
3451,187654088
3452,206601379
3453,188440932
3454,210515924
3455,183133932
3456,211669090
3457,188059168
3458,205343507
3459,187790172
3460,211275607
3461,182106204
3462,211207485
3463,187312358
3464,205331200
3465,188211274
3466,209512111
3467,182140438
3468,211144294
3469,186753162
3470,204913427
3471,186952896
3472,210365384
3473,181661440
3474,209763679
3475,186908216
3476,204240825
3477,187304746
3478,209024320
3479,181002460
3480,210649806
3481,185666606
3482,203909415
3483,186446806
3484,208928107
3485,181410652
3486,208757603
3487,185927464
3488,203637860
3489,185909438
3490,208550571
3491,179991284
3492,209623141
3493,185371886
3494,202375322
3495,185974234
3496,207799823
3497,180370000
3498,208210013
3499,184629996
3500,203259980
3501,184886264
3502,207299628
3503,179532814
3504,208098010
3505,184864294
3506,201383550
3507,185056066
3508,207158334
3509,178973196
3510,207611494
3511,183508490
3512,202146673
3513,184388894
3514,205957172
3515,179072090
3516,206809268
3517,183847414
3518,200648841
3519,183666580
3520,206677296
3521,178004732
3522,206442276
3523,182907520
3524,200538354
3525,183878470
3526,204703697
3527,178106386
3528,206294473
3529,182344422
3530,200084153
3531,182493942
3532,205385579
3533,177486350
3534,204894410
3535,182506138
3536,199359474
3537,182660442
3538,204017397
3539,176588106
3540,205637109
3541,181356182
3542,198942363
3543,181919758
3544,203687833
3545,176894772
3546,203603824
3547,181376786
3548,198730881
3549,181352210
3550,203285576
3551,175403762
3552,204335641
3553,180630544
3554,197402704
3555,181368418
3556,202550842
3557,175757350
3558,202734348
3559,179860836
3560,198034164
3561,180110720
3562,202129350
3563,174902730
3564,202635851
3565,179993410
3566,196023942
3567,180183444
3568,201731003
3569,174322608
3570,202192755
3571,178615580
3572,196631977
3573,179468916
3574,200342017
3575,174323954
3576,201377719
3577,178872738
3578,195269422
3579,178499514
3580,200993029
3581,173102148
3582,200791326
3583,178003478
3584,195087445
3585,178742314
3586,198974987
3587,173087038
3588,200474184
3589,177323944
3590,194544474
3591,177405260
3592,199582531
3593,172323600
3594,199071475
3595,177259194
3596,193705493
3597,177603160
3598,198176766
3599,171517872
3600,199614728
3601,175984666
3602,193162117
3603,176647272
3604,197893020
3605,171806236
3606,197591935
3607,175936814
3608,192846270
3609,175872928
3610,197399621
3611,170319720
3612,198267768
3613,175246012
3614,191315342
3615,175881042
3616,196415390
3617,170490560
3618,196809881
3619,174429492
3620,191978543
3621,174538458
3622,195855706
3623,169495222
3624,196475316
3625,174543258
3626,190065666
3627,174545840
3628,195370442
3629,168878652
3630,195812585
3631,173106474
3632,190634350
3633,173808622
3634,194055174
3635,168658026
3636,194948730
3637,173179780
3638,189093154
3639,172963550
3640,194631341
3641,167476060
3642,194289872
3643,172206272
3644,188743943
3645,173042382
3646,192591135
3647,167499700
3648,193925073
3649,171371060
3650,188224739
3651,171514640
3652,193074894
3653,166800920
3654,192460155
3655,171399686
3656,187172529
3657,171595148
3658,191591964
3659,165782988
3660,193048987
3661,170137030
3662,186633384
3663,170583268
3664,191183573
3665,165879832
3666,190985199
3667,170018768
3668,186290689
3669,169862180
3670,190504459
3671,164415002
3672,191416017
3673,169215412
3674,184869342
3675,169818186
3676,189573459
3677,164484610
3678,189828105
3679,168270470
3680,185320437
3681,168464140
3682,189070086
3683,163488754
3684,189432697
3685,168333360
3686,183227677
3687,168359950
3688,188574186
3689,162803178
3690,188859784
3691,166742442
3692,183711696
3693,167502378
3694,187075085
3695,162713958
3696,187939599
3697,166833690
3698,182132184
3699,166555834
3700,187430351
3701,161415962
3702,187243145
3703,165932148
3704,181761779
3705,166480874
3706,185470789
3707,161196866
3708,186783544
3709,165133146
3710,181216346
3711,165029692
3712,185750227
3713,160405946
3714,185239530
3715,164955034
3716,180242612
3717,165149170
3718,184270120
3719,159353092
3720,185664166
3721,163542996
3722,179590655
3723,164134784
3724,183855963
3725,159502250
3726,183444563
3727,163431454
3728,179056145
3729,163278900
3730,183306954
3731,157987546
3732,183911772
3733,162495986
3734,177535808
3735,163102336
3736,182212467
3737,158039378
3738,182448439
3739,161537444
3740,177888486
3741,161746432
3742,181475474
3743,157020902
3744,181969035
3745,161572258
3746,175915296
3747,161467814
3748,180946399
3749,156215290
3750,181244048
3751,160115486
3752,176309463
3753,160629294
3754,179426366
3755,155976816
3756,180193702
3757,160067966
3758,174746874
3759,159721650
3760,179766610
3761,154589302
3762,179529447
3763,158965556
3764,174277910
3765,159693248
3766,177753134
3767,154444920
3768,178903432
3769,158117816
3770,173620589
3771,158111334
3772,178066024
3773,153704890
3774,177370760
3775,157889914
3776,172554974
3777,157995544
3778,176539498
3779,152641910
3780,177786602
3781,156565788
3782,171758577
3783,157033390
3784,175924308
3785,152625636
3786,175724675
3787,156383486
3788,171276398
3789,156075902
3790,175274246
3791,151030004
3792,175989775
3793,155477232
3794,169881562
3795,155888418
3796,174105530
3797,151037676
3798,174338420
3799,154447892
3800,170172869
3801,154557360
3802,173475953
3803,149883640
3804,173819375
3805,154365018
3806,168075026
3807,154366820
3808,172911907
3809,149111468
3810,173038344
3811,152804544
3812,168308728
3813,153439606
3814,171401803
3815,148935870
3816,172014630
3817,152615216
3818,166818950
3819,152329942
3820,171644034
3821,147611424
3822,171287618
3823,151634610
3824,166164166
3825,152233154
3826,169586988
3827,147320440
3828,170733751
3829,150836206
3830,165486696
3831,150647530
3832,169746335
3833,146407410
3834,169179706
3835,150572676
3836,164472980
3837,150577072
3838,168134205
3839,145378490
3840,169393143
3841,149129254
3842,163815040
3843,149532512
3844,167563732
3845,145270332
3846,167280440
3847,148848586
3848,163176036
3849,148638048
3850,166989271
3851,143709764
3852,167425742
3853,147973674
3854,161554483
3855,148401394
3856,165805476
3857,143689590
3858,165911849
3859,146820290
3860,161849375
3861,146957752
3862,165034501
3863,142640642
3864,165364368
3865,146712288
3866,159775897
3867,146641732
3868,164354152
3869,141768052
3870,164601855
3871,145273686
3872,159975153
3873,145655400
3874,162890636
3875,141396366
3876,163467949
3877,145120418
3878,158473682
3879,144661756
3880,162956138
3881,140068112
3882,162670848
3883,144023082
3884,157889122
3885,144583594
3886,160963830
3887,139690026
3888,162030529
3889,143039238
3890,157189505
3891,143010504
3892,161147010
3893,138897622
3894,160381274
3895,142785592
3896,155992204
3897,142817296
3898,159648342
3899,137833956
3900,160628178
3901,141312038
3902,155226011
3903,141724224
3904,158954993
3905,137761324
3906,158646524
3907,141019952
3908,154526474
3909,140792588
3910,158174597
3911,136193836
3912,158761350
3913,140145508
3914,153075293
3915,140416544
3916,157022392
3917,136040022
3918,157154644
3919,139102976
3920,153283165
3921,139009704
3922,156228258
3923,134920118
3924,156484014
3925,138934984
3926,151274232
3927,138780022
3928,155551135
3929,133954460
3930,155763342
3931,137318330
3932,151356735
3933,137870438
3934,154068195
3935,133690442
3936,154525095
3937,137134880
3938,149840693
3939,136750732
3940,154174406
3941,132426120
3942,153700638
3943,136011786
3944,149187166
3945,136503860
3946,152219314
3947,132022894
3948,153134182
3949,135122968
3950,148378757
3951,134998154
3952,152185102
3953,131106382
3954,151612104
3955,134826058
3956,147268617
3957,134740868
3958,150658181
3959,130018914
3960,151686448
3961,133429498
3962,146588904
3963,133679002
3964,149885588
3965,129911936
3966,149570843
3967,133071138
3968,145902406
3969,132768926
3970,149265747
3971,128251290
3972,149679407
3973,132088900
3974,144354717
3975,132447096
3976,148101464
3977,128119002
3978,148099505
3979,130994152
3980,144423188
3981,131050232
3982,147310011
3983,127133528
3984,147411171
3985,130745438
3986,142457556
3987,130606132
3988,146574372
3989,126247328
3990,146693376
3991,129267870
3992,142430540
3993,129675340
3994,145065340
3995,125837374
3996,145563421
3997,129077228
3998,140959306
3999,128536992
4000,145094330
4001,124444758
4002,144754049
4003,128006664
4004,140345915
4005,128367350
4006,143048484
4007,124090158
4008,143973133
4009,127036688
4010,139648802
4011,126878720
4012,143051461
4013,123164196
4014,142434686
4015,126665606
4016,138464490
4017,126625824
4018,141677160
4019,122047314
4020,142436025
4021,125298934
4022,137620880
4023,125560706
4024,140925138
4025,121945640
4026,140513891
4027,124812480
4028,136944986
4029,124576958
4030,140156437
4031,120428564
4032,140542835
4033,123906644
4034,135421447
4035,124210912
4036,138929277
4037,120241870
4038,139003543
4039,122906598
4040,135482960
4041,122742496
4042,138187940
4043,119083636
4044,138283444
4045,122690600
4046,133586100
4047,122407992
4048,137372741
4049,118190186
4050,137508300
4051,121135362
4052,133574648
4053,121541888
4054,135909155
4055,117768798
4056,136340288
4057,120804126
4058,132149068
4059,120433092
4060,135961646
4061,116505354
4062,135422782
4063,119785730
4064,131347808
4065,120159258
4066,134087898
4067,116112828
4068,134760421
4069,118807572
4070,130619701
4071,118641850
4072,133954840
4073,115247904
4074,133337791
4075,118425628
4076,129418418
4077,118370512
4078,132454312
4079,114144174
4080,133347741
4081,117121478
4082,128704165
4083,117221098
4084,131713387
4085,113910512
4086,131359399
4087,116741298
4088,128018917
4089,116306318
4090,130960753
4091,112405778
4092,131273551
4093,115821336
4094,126550730
4095,116014620
4096,129749397
4097,112110406
4098,129838709
4099,114655722
4100,126554908
4101,114656930
4102,129035433
4103,111085824
4104,129029872
4105,114407436
4106,124671570
4107,114190188
4108,128292706
4109,110265094
4110,128263857
4111,112896448
4112,124589354
4113,113249836
4114,126871679
4115,109859168
4116,127155216
4117,112648234
4118,123077848
4119,112191410
4120,126745546
4121,108551160
4122,126366980
4123,111631318
4124,122394067
4125,111892616
4126,124908639
4127,108073226
4128,125634948
4129,110663788
4130,121766810
4131,110419022
4132,124725523
4133,107252146
4134,124096031
4135,110298386
4136,120600092
4137,110167526
4138,123376764
4139,106092616
4140,124064211
4141,108944790
4142,119773701
4143,109155314
4144,122635399
4145,105907548
4146,122184279
4147,108502820
4148,119030752
4149,108204802
4150,121908730
4151,104501690
4152,122092344
4153,107534154
4154,117667964
4155,107730196
4156,120712926
4157,104278070
4158,120710617
4159,106526940
4160,117547914
4161,106419856
4162,119911207
4163,103186656
4164,119966440
4165,106339084
4166,115742289
4167,105958370
4168,119154618
4169,102265178
4170,119238460
4171,104868082
4172,115709409
4173,105086234
4174,117676819
4175,101886588
4176,118013472
4177,104536470
4178,114384197
4179,104062520
4180,117633684
4181,100586860
4182,117197836
4183,103499032
4184,113590057
4185,103790238
4186,115940282
4187,100128290
4188,116439082
4189,102593862
4190,112838315
4191,102378592
4192,115750611
4193,99358042
4194,115056876
4195,102100976
4196,111715697
4197,102033344
4198,114371417
4199,98319840
4200,115017976
4201,100850480
4202,110932089
4203,101010320
4204,113560741
4205,98098672
4206,113203139
4207,100462916
4208,110220460
4209,100019944
4210,112912431
4211,96606290
4212,113074624
4213,99604350
4214,108893462
4215,99651922
4216,111678411
4217,96348080
4218,111675958
4219,98531244
4220,108819586
4221,98445882
4222,110915980
4223,95323236
4224,110926815
4225,98219690
4226,107095922
4227,97980242
4228,110213054
4229,94487096
4230,110134734
4231,96848870
4232,106897735
4233,97083862
4234,108913954
4235,94103488
4236,109038077
4237,96493954
4238,105591972
4239,96005602
4240,108753252
4241,92883318
4242,108329693
4243,95510850
4244,104797489
4245,95782886
4246,106977386
4247,92438354
4248,107592338
4249,94665940
4250,104163285
4251,94324928
4252,106792803
4253,91598618
4254,106187159
4255,94271672
4256,103111244
4257,94020332
4258,105500084
4259,90534148
4260,106058893
4261,93021574
4262,102346394
4263,93110040
4264,104723742
4265,90257852
4266,104374613
4267,92513938
4268,101641457
4269,92238634
4270,104077124
4271,88943750
4272,104112254
4273,91678694
4274,100300578
4275,91791226
4276,102952565
4277,88744050
4278,102820303
4279,90636482
4280,100197897
4281,90507062
4282,102244721
4283,87723084
4284,102145413
4285,90385850
4286,98469323
4287,90092694
4288,101443766
4289,86885852
4290,101476366
4291,89074522
4292,98324412
4293,89219606
4294,100133088
4295,86452260
4296,100341389
4297,88754280
4298,97151734
4299,88206984
4300,99951961
4301,85327118
4302,99526116
4303,87804796
4304,96401040
4305,87968332
4306,98365825
4307,84788790
4308,98850495
4309,86895864
4310,95725749
4311,86667874
4312,98182288
4313,84035140
4314,97512707
4315,86494018
4316,94604272
4317,86335430
4318,96940533
4319,83091710
4320,97384405
4321,85266366
4322,93939333
4323,85343332
4324,96162755
4325,82881734
4326,95776140
4327,84839182
4328,93181728
4329,84486700
4330,95498860
4331,81527520
4332,95592597
4333,84104356
4334,91940865
4335,84054094
4336,94400852
4337,81207676
4338,94354410
4339,83092136
4340,91875080
4341,82912804
4342,93636945
4343,80294636
4344,93573131
4345,82807316
4346,90327856
4347,82497116
4348,92935131
4349,79460992
4350,92881533
4351,81495966
4352,90102305
4353,81697680
4354,91782763
4355,79063200
4356,91789240
4357,81204426
4358,88854169
4359,80732276
4360,91596527
4361,77995864
4362,91107853
4363,80212754
4364,88156946
4365,80424706
4366,90034720
4367,77567808
4368,90465957
4369,79384934
4370,87518121
4371,79129270
4372,89755437
4373,76839120
4374,89189266
4375,79070134
4376,86469821
4377,78781450
4378,88636740
4379,75811060
4380,89042362
4381,77963284
4382,85806216
4383,77907560
4384,87819660
4385,75584702
4386,87490585
4387,77471030
4388,85167601
4389,77132262
4390,87208824
4391,74303796
4392,87278107
4393,76659150
4394,83987599
4395,76709422
4396,86206682
4397,74064368
4398,86040813
4399,75765580
4400,83789924
4401,75600882
4402,85534301
4403,73201678
4404,85330743
4405,75464020
4406,82300036
4407,75135200
4408,84812893
4409,72425504
4410,84781647
4411,74233708
4412,82071820
4413,74396806
4414,83604290
4415,72015804
4416,83739353
4417,73959880
4418,80993850
4419,73404208
4420,83451912
4421,70955180
4422,83016243
4423,73101372
4424,80315593
4425,73161452
4426,81958599
4427,70511538
4428,82313381
4429,72303924
4430,79710012
4431,72019972
4432,81729105
4433,69775728
4434,81168892
4435,71853002
4436,78709834
4437,71708808
4438,80676191
4439,68870862
4440,80968922
4441,70790974
4442,78041776
4443,70826022
4444,79956114
4445,68720028
4446,79501192
4447,70336582
4448,77385450
4449,69989320
4450,79381165
4451,67514972
4452,79334534
4453,69647366
4454,76209207
4455,69641584
4456,78310516
4457,67234790
4458,78266166
4459,68765670
4460,76076248
4461,68557604
4462,77658821
4463,66358352
4464,77549854
4465,68510248
4466,74767501
4467,68118806
4468,76956917
4469,65656692
4470,76883871
4471,67357676
4472,74537972
4473,67445992
4474,75892438
4475,65207518
4476,75939837
4477,67036812
4478,73466975
4479,66573072
4480,75732269
4481,64229068
4482,75258713
4483,66200300
4484,72752938
4485,66327384
4486,74348547
4487,63872232
4488,74622556
4489,65409528
4490,72237033
4491,65126450
4492,74096402
4493,63216474
4494,73540510
4495,65056546
4496,71235737
4497,64838668
4498,73071045
4499,62305694
4500,73392066
4501,64106280
4502,70618045
4503,64004414
4504,72360970
4505,62068652
4506,72023551
4507,63665574
4508,70051825
4509,63295180
4510,71766792
4511,60982020
4512,71745996
4513,62976260
4514,69004755
4515,62941390
4516,70827788
4517,60694808
4518,70722142
4519,62087828
4520,68841719
4521,61950272
4522,70294678
4523,59886170
4524,70029918
4525,61860690
4526,67479603
4527,61542184
4528,69633330
4529,59249416
4530,69493085
4531,60732964
4532,67279017
4533,60852486
4534,68572852
4535,58897542
4536,68589921
4537,60452552
4538,66283364
4539,60002274
4540,68354149
4541,57968922
4542,67973841
4543,59730268
4544,65645533
4545,59714522
4546,67118959
4547,57491768
4548,67365555
4549,59028230
4550,65156860
4551,58666696
4552,66816275
4553,56899580
4554,66309071
4555,58652244
4556,64253148
4557,58451684
4558,65847966
4559,56041030
4560,66139578
4561,57675848
4562,63691899
4563,57671142
4564,65234359
4565,55874092
4566,64819931
4567,57290044
4568,63070429
4569,56942724
4570,64745677
4571,54839630
4572,64608753
4573,56637820
4574,62082084
4575,56578828
4576,63823668
4577,54595344
4578,63712259
4579,55822654
4580,61885299
4581,55688632
4582,63193605
4583,53855924
4584,63057645
4585,55631882
4586,60712135
4587,55243434
4588,62618906
4589,53184604
4590,62513822
4591,54613372
4592,60517437
4593,54625232
4594,61645522
4595,52826190
4596,61619517
4597,54343642
4598,59603947
4599,53887884
4600,61455674
4601,51937582
4602,61070559
4603,53556970
4604,58977021
4605,53664692
4606,60296683
4607,51577624
4608,60459486
4609,52914916
4610,58480494
4611,52633462
4612,60053585
4613,51053386
4614,59483809
4615,52554212
4616,57627294
4617,52335920
4618,59181013
4619,50260198
4620,59379825
4621,51704976
4622,57052812
4623,51639732
4624,58494499
4625,50057884
4626,58210088
4627,51344346
4628,56521284
4629,50967184
4630,58030576
4631,49057612
4632,57966164
4633,50755522
4634,55666111
4635,50623328
4636,57140342
4637,48852788
4638,57032163
4639,50002156
4640,55500004
4641,49822956
4642,56640952
4643,48108102
4644,56441486
4645,49769868
4646,54349211
4647,49451822
4648,56110841
4649,47503252
4650,55948521
4651,48806518
4652,54119464
4653,48886322
4654,55204184
4655,47223226
4656,55128830
4657,48509268
4658,53310553
4659,48094982
4660,55014118
4661,46443240
4662,54620237
4663,47861172
4664,52686479
4665,47901236
4666,53900986
4667,46056662
4668,54075691
4669,47290540
4670,52232805
4671,46944264
4672,53670988
4673,45490534
4674,53207744
4675,46945104
4676,51492903
4677,46704996
4678,52820209
4679,44782302
4680,53003586
4681,46128006
4682,51012514
4683,46067058
4684,52230594
4685,44613100
4686,51909028
4687,45757666
4688,50467224
4689,45457758
4690,51844529
4691,43687720
4692,51669526
4693,45242322
4694,49572374
4695,45147778
4696,51038399
4697,43513258
4698,50893485
4699,44481826
4700,49453539
4701,44326950
4702,50532925
4703,42869536
4704,50349193
4705,44296798
4706,48409803
4707,43979604
4708,49975319
4709,42315710
4710,49885231
4711,43467522
4712,48187314
4713,43427872
4714,49172942
4715,41956814
4716,49123753
4717,43234560
4718,47461124
4719,42760298
4720,48963310
4721,41234616
4722,48613335
4723,42576228
4724,46917162
4725,42608748
4726,47957506
4727,40865298
4728,48117493
4729,41977158
4730,46522716
4731,41730174
4732,47765205
4733,40409584
4734,47244321
4735,41696246
4736,45742111
4737,41493130
4738,47037287
4739,39756980
4740,47105251
4741,40944692
4742,45288041
4743,40860488
4744,46463733
4745,39593796
4746,46152208
4747,40595110
4748,44781883
4749,40317572
4750,46028895
4751,38757416
4752,45943144
4753,40134858
4754,44024078
4755,39989902
4756,45298560
4757,38544392
4758,45183585
4759,39480812
4760,43910763
4761,39270852
4762,44845294
4763,37948500
4764,44627183
4765,39308084
4766,42943446
4767,38985766
4768,44342635
4769,37405032
4770,44249690
4771,38450550
4772,42743804
4773,38517872
4774,43614338
4775,37139532
4776,43506791
4777,38245288
4778,42035118
4779,37846718
4780,43447306
4781,36509958
4782,43055735
4783,37647726
4784,41534319
4785,37641802
4786,42534054
4787,36166334
4788,42632484
4789,37140732
4790,41122930
4791,36870870
4792,42272709
4793,35721984
4794,41884284
4795,36895086
4796,40455216
4797,36655664
4798,41592030
4799,35081210
4800,41717252
4801,36203170
4802,40095338
4803,36070816
4804,41059937
4805,34957004
4806,40768177
4807,35892552
4808,39641973
4809,35590354
4810,40727723
4811,34138302
4812,40587110
4813,35421162
4814,38906537
4815,35337534
4816,40063485
4817,33980428
4818,39903481
4819,34816272
4820,38741065
4821,34682972
4822,39633843
4823,33475298
4824,39400014
4825,34626844
4826,37902706
4827,34334826
4828,39195181
4829,33008806
4830,39069507
4831,33886434
4832,37686759
4833,33902542
4834,38487059
4835,32725460
4836,38418165
4837,33729558
4838,37053193
4839,33299932
4840,38332849
4841,32093054
4842,38008562
4843,33192902
4844,36602150
4845,33159050
4846,37453718
4847,31815576
4848,37549424
4849,32706990
4850,36289566
4851,32451208
4852,37260262
4853,31400744
4854,36869208
4855,32424208
4856,35651762
4857,32248744
4858,36693394
4859,30815332
4860,36713832
4861,31836312
4862,35246220
4863,31735760
4864,36196664
4865,30723910
4866,35889040
4867,31515560
4868,34845116
4869,31259790
4870,35850175
4871,30023344
4872,35736771
4873,31116972
4874,34193664
4875,31008894
4876,35201457
4877,29860502
4878,35108979
4879,30594034
4880,34065947
4881,30384058
4882,34862622
4883,29322836
4884,34655155
4885,30455310
4886,33303443
4887,30121856
4888,34415903
4889,28901222
4890,34312747
4891,29750644
4892,33128462
4893,29772088
4894,33785003
4895,28657252
4896,33716288
4897,29543222
4898,32563256
4899,29208686
4900,33674672
4901,28116454
4902,33311119
4903,29082150
4904,32091743
4905,29068042
4906,32929402
4907,27863714
4908,32933480
4909,28632078
4910,31791770
4911,28380842
4912,32722631
4913,27501750
4914,32357376
4915,28388956
4916,31206071
4917,28229454
4918,32135714
4919,26981522
4920,32214710
4921,27862600
4922,30876290
4923,27731588
4924,31703562
4925,26857116
4926,31450853
4927,27607364
4928,30530681
4929,27310232
4930,31403680
4931,26211436
4932,31258177
4933,27241422
4934,29933654
4935,27118628
4936,30826988
4937,26045204
4938,30738495
4939,26696604
4940,29821836
4941,26578028
4942,30520929
4943,25598928
4944,30286455
4945,26584344
4946,29092738
4947,26314772
4948,30136172
4949,25256704
4950,29991357
4951,25952190
4952,28936657
4953,25939686
4954,29569481
4955,25018762
4956,29472022
4957,25801732
4958,28401386
4959,25461064
4960,29416073
4961,24510516
4962,29155262
4963,25378012
4964,28012467
4965,25325806
4966,28729478
4967,24245270
4968,28786916
4969,24978894
4970,27787102
4971,24724804
4972,28537683
4973,23952414
4974,28182366
4975,24773050
4976,27247161
4977,24597600
4978,28054156
4979,23444566
4980,28082336
4981,24255490
4982,26938195
4983,24174872
4984,27678284
4985,23348436
4986,27403873
4987,24008112
4988,26576841
4989,23792948
4990,27407006
4991,22802348
4992,27244510
4993,23666738
4994,26071162
4995,23561426
4996,26877223
4997,22686140
4998,26768366
4999,23217022
5000,25934587
5001,23080128
5002,26571461
5003,22261610
5004,26390811
5005,23146992
5006,25294564
5007,22836294
5008,26235508
5009,21883770
5010,26138672
5011,22562938
5012,25179259
5013,22532398
5014,25696445
5015,21709870
5016,25617056
5017,22418688
5018,24730813
5019,22101242
5020,25579013
5021,21249206
5022,25321122
5023,22010696
5024,24352638
5025,21995266
5026,25002036
5027,21020916
5028,24987245
5029,21672456
5030,24092904
5031,21449088
5032,24828457
5033,20762380
5034,24489245
5035,21455766
5036,23636857
5037,21304822
5038,24381019
5039,20332146
5040,24405299
5041,21008536
5042,23358079
5043,20922588
5044,23994949
5045,20248642
5046,23786357
5047,20823452
5048,23052709
5049,20567316
5050,23786083
5051,19694648
5052,23641329
5053,20533466
5054,22595954
5055,20393244
5056,23291197
5057,19596254
5058,23193249
5059,20108450
5060,22498451
5061,19993434
5062,23025043
5063,19218898
5064,22849360
5065,19984824
5066,21933858
5067,19770368
5068,22745379
5069,18916282
5070,22605968
5071,19493738
5072,21776730
5073,19479834
5074,22293711
5075,18758774
5076,22159865
5077,19366182
5078,21370084
5079,19064452
5080,22173654
5081,18358976
5082,21935585
5083,19011694
5084,21022371
5085,18992878
5086,21589789
5087,18154998
5088,21638308
5089,18713192
5090,20836953
5091,18473860
5092,21461484
5093,17893424
5094,21179345
5095,18543444
5096,20435296
5097,18354964
5098,21064911
5099,17500760
5100,21063201
5101,18152194
5102,20182686
5103,18055118
5104,20727276
5105,17419776
5106,20535821
5107,17931356
5108,19903355
5109,17750672
5110,20542975
5111,16953614
5112,20390776
5113,17680660
5114,19480828
5115,17576946
5116,20122878
5117,16886860
5118,19998725
5119,17291832
5120,19398626
5121,17167618
5122,19898913
5123,16544426
5124,19713930
5125,17222350
5126,18866483
5127,17004102
5128,19591852
5129,16268276
5130,19512967
5131,16782188
5132,18749613
5133,16749418
5134,19190504
5135,16104682
5136,19105277
5137,16670210
5138,18426065
5139,16377376
5140,19085188
5141,15759274
5142,18853095
5143,16352934
5144,18118849
5145,16319966
5146,18607008
5147,15562966
5148,18609324
5149,16062788
5150,17929555
5151,15885642
5152,18490458
5153,15346542
5154,18197571
5155,15916278
5156,17529595
5157,15787940
5158,18137897
5159,15025654
5160,18114274
5161,15546958
5162,17338814
5163,15456998
5164,17833250
5165,14966336
5166,17654348
5167,15377408
5168,17082831
5169,15194078
5170,17652810
5171,14536944
5172,17535188
5173,15186506
5174,16703680
5175,15042742
5176,17275580
5177,14432970
5178,17199147
5179,14840594
5180,16653985
5181,14712240
5182,17052876
5183,14154368
5184,16896305
5185,14763890
5186,16207773
5187,14563110
5188,16808634
5189,13904548
5190,16724481
5191,14349902
5192,16098293
5193,14342962
5194,16480090
5195,13762528
5196,16353274
5197,14268166
5198,15759126
5199,14018676
5200,16387963
5201,13467858
5202,16165955
5203,13970474
5204,15502843
5205,13943974
5206,15946960
5207,13313246
5208,15948197
5209,13723678
5210,15341859
5211,13558918
5212,15815971
5213,13128404
5214,15586198
5215,13619412
5216,14996796
5217,13458124
5218,15529431
5219,12790088
5220,15512943
5221,13302012
5222,14833162
5223,13194802
5224,15249935
5225,12750342
5226,15085274
5227,13136772
5228,14614856
5229,12982720
5230,15092217
5231,12372774
5232,14983034
5233,12928242
5234,14289833
5235,12847000
5236,14777455
5237,12315738
5238,14664901
5239,12646290
5240,14197992
5241,12541158
5242,14602213
5243,12067232
5244,14421811
5245,12579756
5246,13813805
5247,12385642
5248,14381678
5249,11843284
5250,14302722
5251,12213594
5252,13708273
5253,12209738
5254,14040379
5255,11726600
5256,13974297
5257,12159806
5258,13441874
5259,11907106
5260,13973291
5261,11444314
5262,13786741
5263,11914610
5264,13218148
5265,11856754
5266,13584924
5267,11307556
5268,13576485
5269,11695666
5270,13085076
5271,11531054
5272,13485575
5273,11123376
5274,13277529
5275,11559446
5276,12779728
5277,11460218
5278,13238203
5279,10855334
5280,13200114
5281,11292254
5282,12612235
5283,11221144
5284,12992023
5285,10843856
5286,12819788
5287,11151414
5288,12425473
5289,10995358
5290,12870810
5291,10508192
5292,12752857
5293,10986842
5294,12122881
5295,10894298
5296,12554587
5297,10441518
5298,12496060
5299,10733998
5300,12067915
5301,10627692
5302,12408664
5303,10207600
5304,12268170
5305,10681878
5306,11744790
5307,10494304
5308,12204706
5309,10032806
5310,12123028
5311,10368304
5312,11656269
5313,10349784
5314,11936559
5315,9913290
5316,11849095
5317,10294418
5318,11405431
5319,10095926
5320,11883704
5321,9671308
5322,11700431
5323,10079796
5324,11187848
5325,10054804
5326,11539851
5327,9574520
5328,11517465
5329,9877862
5330,11089532
5331,9730132
5332,11450883
5333,9430644
5334,11260166
5335,9784898
5336,10810672
5337,9676802
5338,11212209
5339,9177790
5340,11199756
5341,9567240
5342,10671270
5343,9467552
5344,11005176
5345,9136280
5346,10879640
5347,9440386
5348,10526437
5349,9288664
5350,10883799
5351,8855864
5352,10781503
5353,9290152
5354,10275978
5355,9208294
5356,10627035
5357,8801656
5358,10562630
5359,9044986
5360,10221971
5361,8971520
5362,10516457
5363,8602964
5364,10354127
5365,9020274
5366,9901761
5367,8867964
5368,10342014
5369,8458718
5370,10250965
5371,8730556
5372,9835015
5373,8717864
5374,10094040
5375,8365094
5376,10019885
5377,8673086
5378,9628235
5379,8496236
5380,10028583
5381,8157328
5382,9887679
5383,8501886
5384,9440071
5385,8450932
5386,9748651
5387,8038278
5388,9730511
5389,8341382
5390,9358274
5391,8192070
5392,9655006
5393,7922734
5394,9483156
5395,8247858
5396,9119987
5397,8158882
5398,9455193
5399,7703058
5400,9445703
5401,8026134
5402,9012834
5403,7967478
5404,9289500
5405,7683008
5406,9149123
5407,7934598
5408,8853057
5409,7806586
5410,9197845
5411,7443170
5412,9082035
5413,7809294
5414,8633301
5415,7720274
5416,8959609
5417,7397866
5418,8908244
5419,7601808
5420,8584347
5421,7532130
5422,8835554
5423,7228802
5424,8731116
5425,7581794
5426,8332484
5427,7423760
5428,8697633
5429,7076772
5430,8633407
5431,7338534
5432,8282933
5433,7304816
5434,8486210
5435,7003852
5436,8405306
5437,7294874
5438,8095880
5439,7130070
5440,8433698
5441,6815716
5442,8306332
5443,7117234
5444,7932740
5445,7105474
5446,8196909
5447,6728932
5448,8161890
5449,6975800
5450,7847626
5451,6864168
5452,8126047
5453,6642120
5454,7956516
5455,6898496
5456,7647970
5457,6812166
5458,7959168
5459,6449510
5460,7931208
5461,6721802
5462,7540321
5463,6663664
5464,7783415
5465,6431564
5466,7686906
5467,6648888
5468,7414201
5469,6522312
5470,7710090
5471,6201586
5472,7624484
5473,6537216
5474,7243513
5475,6451158
5476,7500425
5477,6181814
5478,7446357
5479,6360830
5480,7204243
5481,6292652
5482,7410770
5483,6019862
5484,7302744
5485,6329954
5486,6974552
5487,6208796
5488,7297691
5489,5897714
5490,7223968
5491,6123404
5492,6910590
5493,6110526
5494,7107424
5495,5849094
5496,7031859
5497,6077976
5498,6769410
5499,5931816
5500,7065519
5501,5696388
5502,6949750
5503,5940656
5504,6618882
5505,5911664
5506,6843897
5507,5609164
5508,6832921
5509,5831694
5510,6553592
5511,5707380
5512,6793053
5513,5510426
5514,6657558
5515,5762012
5516,6386781
5517,5679610
5518,6635901
5519,5359520
5520,6612412
5521,5606400
5522,6306794
5523,5557134
5524,6494372
5525,5346570
5526,6401768
5527,5523574
5528,6192938
5529,5430438
5530,6451440
5531,5151852
5532,6349955
5533,5441464
5534,6020470
5535,5372998
5536,6272176
5537,5136296
5538,6213486
5539,5276340
5540,5996197
5541,5220798
5542,6187228
5543,5012588
5544,6092488
5545,5260172
5546,5798024
5547,5153786
5548,6066883
5549,4909124
5550,6021860
5551,5094028
5552,5751552
5553,5061644
5554,5922457
5555,4841206
5556,5860623
5557,5062036
5558,5634663
5559,4915630
5560,5880272
5561,4709948
5562,5779219
5563,4935936
5564,5510821
5565,4916610
5566,5691610
5567,4643142
5568,5678431
5569,4823500
5570,5457160
5571,4738106
5572,5653448
5573,4570722
5574,5518957
5575,4778262
5576,5294900
5577,4709124
5578,5532157
5579,4439950
5580,5492875
5581,4640998
5582,5229968
5583,4586244
5584,5407828
5585,4425530
5586,5328419
5587,4576496
5588,5131709
5589,4495626
5590,5345130
5591,4263000
5592,5280196
5593,4510400
5594,4994606
5595,4439686
5596,5196995
5597,4241242
5598,5158016
5599,4375174
5600,4982207
5601,4310392
5602,5130364
5603,4134778
5604,5032984
5605,4364602
5606,4808011
5607,4266576
5608,5037593
5609,4038256
5610,4995059
5611,4196394
5612,4768570
5613,4194468
5614,4912143
5615,3994794
5616,4846324
5617,4175626
5618,4655653
5619,4062688
5620,4881647
5621,3896852
5622,4780122
5623,4069536
5624,4551964
5625,4044260
5626,4722902
5627,3835538
5628,4704972
5629,3984200
5630,4501149
5631,3903088
5632,4673254
5633,3771254
5634,4576249
5635,3947788
5636,4369846
5637,3877490
5638,4570698
5639,3644708
5640,4551516
5641,3830032
5642,4330051
5643,3776880
5644,4462029
5645,3646314
5646,4387309
5647,3779020
5648,4244502
5649,3701168
5650,4421464
5651,3498744
5652,4357139
5653,3712236
5654,4123096
5655,3662474
5656,4298573
5657,3484090
5658,4251704
5659,3598564
5660,4096623
5661,3555298
5662,4240453
5663,3402668
5664,4154676
5665,3582492
5666,3966274
5667,3494920
5668,4162500
5669,3324804
5670,4121440
5671,3451114
5672,3924111
5673,3440388
5674,4044392
5675,3285154
5676,3996768
5677,3445294
5678,3830549
5679,3330870
5680,4022186
5681,3182166
5682,3943863
5683,3351436
5684,3749874
5685,3325322
5686,3883108
5687,3141060
5688,3866402
5689,3271102
5690,3716278
5691,3203614
5692,3849212
5693,3086132
5694,3758859
5695,3229460
5696,3599870
5697,3184406
5698,3774008
5699,2983750
5700,3734551
5701,3142660
5702,3543791
5703,3101620
5704,3677796
5705,2990954
5706,3607407
5707,3092044
5708,3481695
5709,3024936
5710,3642291
5711,2868382
5712,3587260
5713,3037606
5714,3379075
5715,2992902
5716,3523095
5717,2857414
5718,3498888
5719,2950868
5720,3364456
5721,2897238
5722,3485362
5723,2771774
5724,3413389
5725,2944812
5726,3250394
5727,2858602
5728,3411594
5729,2710842
5730,3377352
5731,2827406
5732,3221861
5733,2820564
5734,3313989
5735,2676580
5736,3274993
5737,2805496
5738,3146471
5739,2722626
5740,3305488
5741,2598478
5742,3227084
5743,2737658
5744,3062388
5745,2716014
5746,3190957
5747,2566226
5748,3163927
5749,2670612
5750,3035991
5751,2605876
5752,3159222
5753,2519920
5754,3083169
5755,2637282
5756,2935966
5757,2598456
5758,3078689
5759,2434458
5760,3062927
5761,2565698
5762,2901043
5763,2522614
5764,3007649
5765,2431264
5766,2950474
5767,2527598
5768,2850546
5769,2460338
5770,2978582
5771,2328632
5772,2921631
5773,2483826
5774,2763253
5775,2443242
5776,2881915
5777,2318362
5778,2856407
5779,2394114
5780,2749279
5781,2365268
5782,2852155
5783,2253742
5784,2780608
5785,2395304
5786,2643603
5787,2331434
5788,2791662
5789,2208998
5790,2753777
5791,2293706
5792,2624520
5793,2281792
5794,2711842
5795,2179390
5796,2675926
5797,2284926
5798,2558804
5799,2206792
5800,2691300
5801,2109152
5802,2638007
5803,2230274
5804,2490791
5805,2205174
5806,2596159
5807,2074644
5808,2584273
5809,2172902
5810,2478843
5811,2112080
5812,2567769
5813,2042968
5814,2499753
5815,2147724
5816,2394569
5817,2109010
5818,2512235
5819,1964356
5820,2492459
5821,2075942
5822,2362948
5823,2048980
5824,2452555
5825,1964560
5826,2397338
5827,2047486
5828,2308750
5829,2000278
5830,2427183
5831,1889006
5832,2375327
5833,2008288
5834,2242165
5835,1971782
5836,2345625
5837,1883032
5838,2323854
5839,1938664
5840,2229585
5841,1909588
5842,2315608
5843,1824168
5844,2261314
5845,1945386
5846,2142935
5847,1878762
5848,2269065
5849,1774034
5850,2243330
5851,1859558
5852,2131880
5853,1848380
5854,2195533
5855,1759362
5856,2161708
5857,1850414
5858,2078511
5859,1786898
5860,2183702
5861,1701404
5862,2135209
5863,1796140
5864,2021601
5865,1781912
5866,2112724
5867,1671340
5868,2089815
5869,1753826
5870,1999580
5871,1705206
5872,2089425
5873,1650146
5874,2025675
5875,1731570
5876,1933133
5877,1697120
5878,2037316
5879,1585378
5880,2022280
5881,1673904
5882,1907512
5883,1650384
5884,1977023
5885,1589416
5886,1941381
5887,1656196
5888,1866938
5889,1603954
5890,1965267
5891,1510854
5892,1924145
5893,1625394
5894,1814568
5895,1588256
5896,1893584
5897,1510964
5898,1871937
5899,1565350
5900,1804076
5901,1541882
5902,1870004
5903,1461428
5904,1824511
5905,1559520
5906,1733943
5907,1516652
5908,1836232
5909,1426514
5910,1804559
5911,1494290
5912,1714254
5913,1487596
5914,1778981
5915,1415666
5916,1740862
5917,1488028
5918,1673214
5919,1428350
5920,1769115
5921,1365536
5922,1726681
5923,1443148
5924,1621549
5925,1432850
5926,1696175
5927,1343988
5928,1689536
5929,1409986
5930,1612344
5931,1363782
5932,1683109
5933,1318720
5934,1632046
5935,1393652
5936,1558052
5937,1358630
5938,1640666
5939,1268578
5940,1622016
5941,1348514
5942,1535443
5943,1324964
5944,1592856
5945,1267810
5946,1561192
5947,1322404
5948,1501772
5949,1289190
5950,1585758
5951,1208216
5952,1546190
5953,1299202
5954,1452235
5955,1272292
5956,1526068
5957,1212748
5958,1505141
5959,1248806
5960,1448588
5961,1224844
5962,1508186
5963,1172342
5964,1466385
5965,1252280
5966,1385012
5967,1210868
5968,1470564
5969,1139272
5970,1454186
5971,1198380
5972,1374582
5973,1186810
5974,1426354
5975,1124148
5976,1400414
5977,1191318
5978,1346159
5979,1138520
5980,1416715
5981,1088008
5982,1378561
5983,1156192
5984,1303681
5985,1146184
5986,1361707
5987,1068152
5988,1349562
5989,1123608
5990,1291783
5991,1090940
5992,1352756
5993,1048932
5994,1305010
5995,1111196
5996,1240806
5997,1087930
5998,1317527
5999,1011026
6000,1298895
6001,1069416
6002,1228073
6003,1050658
6004,1278051
6005,1013488
6006,1251203
6007,1053414
6008,1198332
6009,1023236
6010,1265256
6011,962782
6012,1237036
6013,1041192
6014,1156467
6015,1010724
6016,1220135
6017,958564
6018,1206039
6019,997344
6020,1156844
6021,975634
6022,1201575
6023,929496
6024,1166998
6025,996952
6026,1108692
6027,964844
6028,1174523
6029,903602
6030,1160046
6031,946974
6032,1098966
6033,942716
6034,1142145
6035,892320
6036,1112479
6037,948988
6038,1065939
6039,905458
6040,1134736
6041,863306
6042,1099828
6043,917024
6044,1034077
6045,906984
6046,1086139
6047,849120
6048,1079620
6049,889838
6050,1028389
6051,862356
6052,1073510
6053,834658
6054,1039391
6055,885136
6056,986349
6057,858182
6058,1049855
6059,793816
6060,1036445
6061,851132
6062,979579
6063,831392
6064,1014329
6065,800206
6066,989238
6067,837450
6068,953610
6069,813310
6070,1007074
6071,757748
6072,982394
6073,819536
6074,921221
6075,801990
6076,971505
6077,757828
6078,953708
6079,786766
6080,915715
6081,770426
6082,960784
6083,735202
6084,925620
6085,787472
6086,877313
6087,756628
6088,936407
6089,713022
6090,923366
6091,748042
6092,867419
6093,746054
6094,901347
6095,705868
6096,883748
6097,751300
6098,844523
6099,711096
6100,899067
6101,677120
6102,873110
6103,725496
6104,821896
6105,712670
6106,860925
6107,666738
6108,850906
6109,704202
6110,815150
6111,680464
6112,851664
6113,653084
6114,822409
6115,694758
6116,779945
6117,679752
6118,832856
6119,624062
6120,817974
6121,669900
6122,769072
6123,656172
6124,803353
6125,633082
6126,781015
6127,658050
6128,753228
6129,633098
6130,800348
6131,594878
6132,778326
6133,646028
6134,723285
6135,629346
6136,764267
6137,595172
6138,756929
6139,621046
6140,721402
6141,604298
6142,756809
6143,573126
6144,730566
6145,621264
6146,692904
6147,594594
6148,736860
6149,558694
6150,723721
6151,588786
6152,685593
6153,585880
6154,712070
6155,549670
6156,695431
6157,586360
6158,666435
6159,558690
6160,712450
6161,528970
6162,686063
6163,568292
6164,641239
6165,562094
6166,678741
6167,524146
6168,669119
6169,549328
6170,640556
6171,528676
6172,672297
6173,514214
6174,647577
6175,544142
6176,610670
6177,529136
6178,653254
6179,487964
6180,645386
6181,526772
6182,603826
6183,510996
6184,631991
6185,489702
6186,615573
6187,516576
6188,592249
6189,494734
6190,626810
6191,463358
6192,608321
6193,506422
6194,569358
6195,493420
6196,599046
6197,463564
6198,592170
6199,481752
6200,567188
6201,471900
6202,596358
6203,446412
6204,570459
6205,486140
6206,539194
6207,464390
6208,580124
6209,434628
6210,568127
6211,457196
6212,535492
6213,454424
6214,558931
6215,429384
6216,546494
6217,456734
6218,520340
6219,433696
6220,554674
6221,412310
6222,538136
6223,444528
6224,501309
6225,435708
6226,531083
6227,404312
6228,524394
6229,429760
6230,502164
6231,410188
6232,524721
6233,397290
6234,503467
6235,424674
6236,478159
6237,414328
6238,511143
6239,376624
6240,503610
6241,405338
6242,472980
6243,397486
6244,495200
6245,381124
6246,478047
6247,401000
6248,458625
6249,384490
6250,491897
6251,360464
6252,473870
6253,392994
6254,441412
6255,379928
6256,469108
6257,360196
6258,463925
6259,373590
6260,440831
6261,364510
6262,462716
6263,346422
6264,445969
6265,377874
6266,419502
6267,357826
6268,451488
6269,334446
6270,443082
6271,356010
6272,418163
6273,350776
6274,434197
6275,331394
6276,420681
6277,356532
6278,405000
6279,336720
6280,432340
6281,316312
6282,418157
6283,341792
6284,389762
6285,338156
6286,414593
6287,311056
6288,405900
6289,330916
6290,388166
6291,317808
6292,409601
6293,308554
6294,389650
6295,327228
6296,369887
6297,316948
6298,398600
6299,290740
6300,391894
6301,313940
6302,364957
6303,306380
6304,382158
6305,293738
6306,371634
6307,311162
6308,354724
6309,295728
6310,381686
6311,273846
6312,368536
6313,303768
6314,343512
6315,292700
6316,362459
6317,276780
6318,356841
6319,288220
6320,342046
6321,281390
6322,359090
6323,264882
6324,344041
6325,289974
6326,324294
6327,276270
6328,351770
6329,255954
6330,341839
6331,273674
6332,319617
6333,271114
6334,336999
6335,255678
6336,325769
6337,272824
6338,312222
6339,255454
6340,335341
6341,243810
6342,324288
6343,262292
6344,299234
6345,258476
6346,318554
6347,239030
6348,314527
6349,256480
6350,298369
6351,241778
6352,316220
6353,233170
6354,301709
6355,252732
6356,285185
6357,243572
6358,306144
6359,221960
6360,300317
6361,240818
6362,282237
6363,235828
6364,293765
6365,224220
6366,285354
6367,236016
6368,274841
6369,225934
6370,296668
6371,208670
6372,282330
6373,232956
6374,261319
6375,224538
6376,280165
6377,212224
6378,274481
6379,219388
6380,262392
6381,213712
6382,276974
6383,203156
6384,264755
6385,221738
6386,247383
6387,210844
6388,268453
6389,195834
6390,264253
6391,209160
6392,246246
6393,205438
6394,258667
6395,193398
6396,249761
6397,209776
6398,240213
6399,194124
6400,257507
6401,184610
6402,246907
6403,201446
6404,229197
6405,199274
6406,243332
6407,181616
6408,240861
6409,192702
6410,229525
6411,184560
6412,243604
6413,177940
6414,230143
6415,192148
6416,216173
6417,185170
6418,235914
6419,168988
6420,229961
6421,182424
6422,215359
6423,177350
6424,225727
6425,171152
6426,219488
6427,179890
6428,208199
6429,171502
6430,224751
6431,158860
6432,216765
6433,178276
6434,199347
6435,169916
6436,213572
6437,159510
6438,210280
6439,167080
6440,201910
6441,160840
6442,211303
6443,153512
6444,200140
6445,169772
6446,189565
6447,160434
6448,205630
6449,146742
6450,201256
6451,157318
6452,187527
6453,157028
6454,198065
6455,145850
6456,189800
6457,158238
6458,181978
6459,147362
6460,196915
6461,141046
6462,187509
6463,151762
6464,174482
6465,148458
6466,186851
6467,137700
6468,183823
6469,146614
6470,173706
6471,139082
6472,184477
6473,134416
6474,174996
6475,146662
6476,163487
6477,139936
6478,179592
6479,125686
6480,175876
6481,138042
6482,164515
6483,133664
6484,170761
6485,129246
6486,164386
6487,136758
6488,158591
6489,129848
6490,171473
6491,118772
6492,163934
6493,133532
6494,151095
6495,128368
6496,163227
6497,119506
6498,159105
6499,126080
6500,151094
6501,121920
6502,161424
6503,115980
6504,151915
6505,127142
6506,143201
6507,119248
6508,156430
6509,110930
6510,153586
6511,118692
6512,141249
6513,117612
6514,148798
6515,109954
6516,144053
6517,120838
6518,137086
6519,109944
6520,149402
6521,103694
6522,142880
6523,115218
6524,132251
6525,111912
6526,140960
6527,102168
6528,137945
6529,110248
6530,132016
6531,105220
6532,139298
6533,100460
6534,132005
6535,109102
6536,123978
6537,105148
6538,136878
6539,93760
6540,131755
6541,104254
6542,122272
6543,100890
6544,129954
6545,96940
6546,124155
6547,102080
6548,119091
6549,96158
6550,130253
6551,88648
6552,124825
6553,99590
6554,113384
6555,96066
6556,121699
6557,90266
6558,120196
6559,95056
6560,113557
6561,90424
6562,121492
6563,85510
6564,114322
6565,96168
6566,108087
6567,89164
6568,117358
6569,82428
6570,114634
6571,88624
6572,106813
6573,88532
6574,112062
6575,81480
6576,108409
6577,88838
6578,103819
6579,82376
6580,113155
6581,77464
6582,106712
6583,85788
6584,98026
6585,83882
6586,106171
6587,77146
6588,103457
6589,82040
6590,98969
6591,76994
6592,105138
6593,75172
6594,99809
6595,81196
6596,92445
6597,78420
6598,101436
6599,69962
6600,99503
6601,77922
6602,92325
6603,74186
6604,97329
6605,71362
6606,93088
6607,76632
6608,89756
6609,71246
6610,97206
6611,65762
6612,92193
6613,75086
6614,85030
6615,72264
6616,90941
6617,66624
6618,89405
6619,69490
6620,85467
6621,67762
6622,91544
6623,63486
6624,85152
6625,71178
6626,79604
6627,66410
6628,88246
6629,61630
6630,85517
6631,65482
6632,79550
6633,64694
6634,84112
6635,60936
6636,81098
6637,66282
6638,76732
6639,60674
6640,83766
6641,57482
6642,80184
6643,64516
6644,72787
6645,61962
6646,79088
6647,56230
6648,77757
6649,60940
6650,74461
6651,56726
6652,78253
6653,55362
6654,73473
6655,60590
6656,69328
6657,58154
6658,76164
6659,51156
6660,73946
6661,57132
6662,68622
6663,55252
6664,72969
6665,52642
6666,68811
6667,56776
6668,65921
6669,53010
6670,72911
6671,48890
6672,68357
6673,55108
6674,63035
6675,52374
6676,68384
6677,49140
6678,67313
6679,51342
6680,63413
6681,49272
6682,67877
6683,46598
6684,63259
6685,53342
6686,58942
6687,48820
6688,65692
6689,44338
6690,63728
6691,48602
6692,59274
6693,48012
6694,62090
6695,44722
6696,59122
6697,49168
6698,57133
6699,44990
6700,62814
6701,41628
6702,59331
6703,46828
6704,53713
6705,45826
6706,59450
6707,41018
6708,57300
6709,44786
6710,54435
6711,41800
6712,58664
6713,41214
6714,54116
6715,44804
6716,50445
6717,42406
6718,56764
6719,37608
6720,55680
6721,41834
6722,50358
6723,40522
6724,53346
6725,38934
6726,51186
6727,42222
6728,48635
6729,38180
6730,54275
6731,34798
6732,51094
6733,41072
6734,46774
6735,38592
6736,50024
6737,35950
6738,48905
6739,38028
6740,46899
6741,36794
6742,50089
6743,33938
6744,46498
6745,38826
6746,43314
6747,36204
6748,48937
6749,32310
6750,47106
6751,35428
6752,43082
6753,35252
6754,46096
6755,33250
6756,43545
6757,36004
6758,42089
6759,32180
6760,46407
6761,30536
6762,44105
6763,34278
6764,39318
6765,33796
6766,42943
6767,30408
6768,42372
6769,33046
6770,40050
6771,30444
6772,42796
6773,29832
6774,39897
6775,32822
6776,37830
6777,30736
6778,41757
6779,27504
6780,40008
6781,30822
6782,37332
6783,29878
6784,39343
6785,28226
6786,37865
6787,29994
6788,36225
6789,28188
6790,40353
6791,25614
6792,37250
6793,29686
6794,33873
6795,28236
6796,37137
6797,26860
6798,35994
6799,27296
6800,34597
6801,26028
6802,37121
6803,25028
6804,34607
6805,28042
6806,31802
6807,26066
6808,35564
6809,23704
6810,34880
6811,26240
6812,31585
6813,25408
6814,34023
6815,23512
6816,32167
6817,26204
6818,31321
6819,23414
6820,33688
6821,22534
6822,31921
6823,25056
6824,29177
6825,24706
6826,31564
6827,21872
6828,30947
6829,23786
6830,29633
6831,21950
6832,32119
6833,21370
6834,29098
6835,23990
6836,27020
6837,22662
6838,30613
6839,20070
6840,29574
6841,22260
6842,27323
6843,21362
6844,28845
6845,20760
6846,27855
6847,21976
6848,26173
6849,20446
6850,29058
6851,18722
6852,27318
6853,22280
6854,24665
6855,20296
6856,27303
6857,18810
6858,26564
6859,20200
6860,25357
6861,19090
6862,26966
6863,18046
6864,24949
6865,20662
6866,23402
6867,19208
6868,26041
6869,17130
6870,25117
6871,18846
6872,23162
6873,18458
6874,25305
6875,16924
6876,23177
6877,19376
6878,22112
6879,17120
6880,25081
6881,16388
6882,23119
6883,18302
6884,20988
6885,17672
6886,23320
6887,15904
6888,22912
6889,17286
6890,21289
6891,16070
6892,22938
6893,15594
6894,21310
6895,17728
6896,19686
6897,16194
6898,22569
6899,14120
6900,21576
6901,16496
6902,20069
6903,15396
6904,21040
6905,14790
6906,19773
6907,16394
6908,18974
6909,15202
6910,21333
6911,13112
6912,20090
6913,15662
6914,17965
6915,14904
6916,20113
6917,13550
6918,19279
6919,14660
6920,18310
6921,13784
6922,20012
6923,13044
6924,18094
6925,14890
6926,16982
6927,13606
6928,19269
6929,12270
6930,18780
6931,13520
6932,16778
6933,13362
6934,18068
6935,12318
6936,17152
6937,14076
6938,16212
6939,12218
6940,18365
6941,11318
6942,17161
6943,13158
6944,15679
6945,12512
6946,16898
6947,11396
6948,16267
6949,12514
6950,15754
6951,11650
6952,16761
6953,11120
6954,15523
6955,12510
6956,14412
6957,11854
6958,16566
6959,10106
6960,15692
6961,11636
6962,14435
6963,11214
6964,15341
6965,10988
6966,14423
6967,11536
6968,13978
6969,10372
6970,15687
6971,9586
6972,14713
6973,11370
6974,13035
6975,10826
6976,14157
6977,9964
6978,14078
6979,10586
6980,13263
6981,9910
6982,14276
6983,9396
6984,13097
6985,10858
6986,12526
6987,9768
6988,13711
6989,8958
6990,13348
6991,9690
6992,12388
6993,9864
6994,12904
6995,9056
6996,12121
6997,10010
6998,11946
6999,8810
7000,13425
7001,8264
7002,12206
7003,9548
7004,10947
7005,9368
7006,12174
7007,8484
7008,11749
7009,8916
7010,11426
7011,8084
7012,12261
7013,8144
7014,11259
7015,9044
7016,10265
7017,8470
7018,11776
7019,7296
7020,11493
7021,8518
7022,10433
7023,7954
7024,11033
7025,7736
7026,10405
7027,8470
7028,10186
7029,7504
7030,11377
7031,6866
7032,10368
7033,8306
7034,9392
7035,7954
7036,10315
7037,7086
7038,10212
7039,7396
7040,9694
7041,7062
7042,10715
7043,6702
7044,9357
7045,7930
7046,8724
7047,6992
7048,10202
7049,6310
7050,9862
7051,6906
7052,8834
7053,6888
7054,9520
7055,6422
7056,8935
7057,7220
7058,8542
7059,6120
7060,9777
7061,5766
7062,9049
7063,6996
7064,7898
7065,6614
7066,8962
7067,5662
7068,8589
7069,6500
7070,8398
7071,5712
7072,9043
7073,5632
7074,8007
7075,6544
7076,7442
7077,6132
7078,8713
7079,5022
7080,8313
7081,5944
7082,7467
7083,5730
7084,8222
7085,5462
7086,7460
7087,6014
7088,7118
7089,5314
7090,8431
7091,4882
7092,7502
7093,5916
7094,6695
7095,5414
7096,7665
7097,4990
7098,7489
7099,5360
7100,6859
7101,5038
7102,7607
7103,4760
7104,6823
7105,5762
7106,6292
7107,4958
7108,7362
7109,4464
7110,7031
7111,5140
7112,6332
7113,4952
7114,6804
7115,4492
7116,6372
7117,5252
7118,6071
7119,4622
7120,6915
7121,4170
7122,6305
7123,4938
7124,5653
7125,4752
7126,6522
7127,4180
7128,6075
7129,4668
7130,5755
7131,4186
7132,6410
7133,4220
7134,5720
7135,4674
7136,5243
7137,4322
7138,6174
7139,3700
7140,6012
7141,4328
7142,5268
7143,4106
7144,5704
7145,3934
7146,5382
7147,4400
7148,5119
7149,3808
7150,5864
7151,3482
7152,5381
7153,4216
7154,4981
7155,3870
7156,5371
7157,3606
7158,5164
7159,3786
7160,4999
7161,3712
7162,5391
7163,3390
7164,4904
7165,3906
7166,4576
7167,3574
7168,5312
7169,3236
7170,4944
7171,3596
7172,4536
7173,3512
7174,4987
7175,3366
7176,4595
7177,3582
7178,4464
7179,3156
7180,4987
7181,3008
7182,4778
7183,3324
7184,4207
7185,3270
7186,4572
7187,3014
7188,4416
7189,3308
7190,4246
7191,2902
7192,4611
7193,2854
7194,4194
7195,3222
7196,4009
7197,3016
7198,4375
7199,2642
7200,4236
7201,2918
7202,3963
7203,2896
7204,4084
7205,2772
7206,3915
7207,2918
7208,3803
7209,2598
7210,4357
7211,2340
7212,3874
7213,2942
7214,3486
7215,2732
7216,3874
7217,2606
7218,3698
7219,2682
7220,3596
7221,2460
7222,3922
7223,2364
7224,3603
7225,2728
7226,3280
7227,2476
7228,3736
7229,2246
7230,3596
7231,2648
7232,3164
7233,2436
7234,3584
7235,2222
7236,3255
7237,2674
7238,3220
7239,2206
7240,3542
7241,2148
7242,3197
7243,2584
7244,2858
7245,2518
7246,3275
7247,2038
7248,3155
7249,2320
7250,3014
7251,2096
7252,3443
7253,2000
7254,2884
7255,2448
7256,2573
7257,2222
7258,3183
7259,1890
7260,2949
7261,2180
7262,2707
7263,2020
7264,2924
7265,1998
7266,2732
7267,2236
7268,2460
7269,1932
7270,3056
7271,1658
7272,2723
7273,2264
7274,2346
7275,1930
7276,2745
7277,1736
7278,2641
7279,1936
7280,2540
7281,1714
7282,2786
7283,1648
7284,2371
7285,2144
7286,2191
7287,1844
7288,2667
7289,1484
7290,2571
7291,1842
7292,2226
7293,1760
7294,2629
7295,1534
7296,2282
7297,1918
7298,2218
7299,1502
7300,2648
7301,1458
7302,2314
7303,1748
7304,2090
7305,1644
7306,2414
7307,1416
7308,2336
7309,1634
7310,2161
7311,1428
7312,2386
7313,1410
7314,2101
7315,1794
7316,1852
7317,1522
7318,2349
7319,1176
7320,2277
7321,1452
7322,2069
7323,1382
7324,2026
7325,1416
7326,1922
7327,1490
7328,1944
7329,1280
7330,2269
7331,1040
7332,1978
7333,1458
7334,1698
7335,1354
7336,1983
7337,1184
7338,1880
7339,1268
7340,1857
7341,1156
7342,2004
7343,1176
7344,1691
7345,1382
7346,1588
7347,1202
7348,1887
7349,1048
7350,1921
7351,1130
7352,1669
7353,1160
7354,1709
7355,1126
7356,1584
7357,1308
7358,1599
7359,1004
7360,1854
7361,990
7362,1652
7363,1238
7364,1487
7365,1206
7366,1570
7367,1050
7368,1594
7369,1086
7370,1609
7371,1054
7372,1589
7373,1064
7374,1422
7375,1160
7376,1380
7377,1074
7378,1615
7379,900
7380,1526
7381,1040
7382,1378
7383,1052
7384,1440
7385,1066
7386,1322
7387,1060
7388,1318
7389,936
7390,1498
7391,868
7392,1380
7393,1022
7394,1177
7395,1014
7396,1256
7397,922
7398,1283
7399,916
7400,1270
7401,838
7402,1334
7403,832
7404,1153
7405,1010
7406,1119
7407,826
7408,1311
7409,736
7410,1229
7411,846
7412,1106
7413,878
7414,1177
7415,804
7416,1110
7417,868
7418,1061
7419,760
7420,1271
7421,698
7422,1143
7423,854
7424,982
7425,790
7426,1165
7427,734
7428,1079
7429,810
7430,1060
7431,674
7432,1195
7433,684
7434,1085
7435,812
7436,976
7437,692
7438,1213
7439,570
7440,1093
7441,816
7442,947
7443,668
7444,1121
7445,606
7446,989
7447,750
7448,968
7449,626
7450,1144
7451,526
7452,960
7453,740
7454,852
7455,644
7456,1073
7457,532
7458,928
7459,648
7460,878
7461,560
7462,1090
7463,480
7464,840
7465,654
7466,755
7467,544
7468,1022
7469,454
7470,888
7471,592
7472,729
7473,518
7474,926
7475,470
7476,818
7477,596
7478,737
7479,472
7480,905
7481,434
7482,798
7483,588
7484,668
7485,506
7486,847
7487,424
7488,738
7489,568
7490,727
7491,444
7492,869
7493,436
7494,710
7495,572
7496,619
7497,526
7498,817
7499,416
7500,711
7501,530
7502,629
7503,480
7504,779
7505,452
7506,672
7507,532
7508,600
7509,456
7510,780
7511,430
7512,668
7513,522
7514,587
7515,458
7516,673
7517,444
7518,640
7519,474
7520,554
7521,430
7522,667
7523,406
7524,562
7525,508
7526,530
7527,412
7528,594
7529,386
7530,578
7531,412
7532,546
7533,400
7534,564
7535,366
7536,487
7537,428
7538,496
7539,360
7540,576
7541,306
7542,526
7543,374
7544,440
7545,394
7546,522
7547,344
7548,467
7549,348
7550,518
7551,300
7552,533
7553,348
7554,455
7555,362
7556,425
7557,336
7558,539
7559,264
7560,540
7561,316
7562,477
7563,304
7564,486
7565,324
7566,474
7567,344
7568,472
7569,284
7570,546
7571,264
7572,483
7573,324
7574,459
7575,294
7576,471
7577,290
7578,472
7579,270
7580,468
7581,298
7582,485
7583,262
7584,458
7585,264
7586,436
7587,246
7588,490
7589,238
7590,452
7591,230
7592,411
7593,248
7594,422
7595,242
7596,394
7597,236
7598,378
7599,202
7600,447
7601,188
7602,417
7603,224
7604,323
7605,246
7606,343
7607,212
7608,360
7609,206
7610,366
7611,162
7612,383
7613,188
7614,314
7615,238
7616,302
7617,196
7618,359
7619,158
7620,367
7621,206
7622,307
7623,218
7624,318
7625,208
7626,280
7627,244
7628,294
7629,174
7630,396
7631,144
7632,310
7633,264
7634,240
7635,226
7636,312
7637,208
7638,296
7639,234
7640,312
7641,174
7642,338
7643,178
7644,270
7645,274
7646,225
7647,208
7648,332
7649,140
7650,298
7651,240
7652,217
7653,200
7654,285
7655,198
7656,219
7657,246
7658,246
7659,126
7660,326
7661,124
7662,227
7663,238
7664,161
7665,214
7666,227
7667,130
7668,225
7669,178
7670,220
7671,112
7672,281
7673,112
7674,170
7675,224
7676,133
7677,150
7678,249
7679,96
7680,220
7681,142
7682,178
7683,124
7684,213
7685,134
7686,193
7687,152
7688,175
7689,104
7690,252
7691,84
7692,200
7693,184
7694,149
7695,132
7696,225
7697,102
7698,212
7699,122
7700,237
7701,98
7702,237
7703,108
7704,190
7705,148
7706,179
7707,136
7708,230
7709,84
7710,237
7711,112
7712,200
7713,110
7714,237
7715,108
7716,182
7717,130
7718,190
7719,96
7720,223
7721,106
7722,187
7723,106
7724,176
7725,108
7726,195
7727,82
7728,198
7729,92
7730,167
7731,74
7732,185
7733,82
7734,157
7735,106
7736,147
7737,66
7738,165
7739,68
7740,157
7741,82
7742,148
7743,66
7744,128
7745,74
7746,124
7747,80
7748,131
7749,68
7750,138
7751,56
7752,121
7753,74
7754,122
7755,78
7756,133
7757,70
7758,119
7759,72
7760,119
7761,72
7762,133
7763,84
7764,103
7765,88
7766,120
7767,78
7768,124
7769,78
7770,142
7771,86
7772,112
7773,94
7774,124
7775,74
7776,121
7777,96
7778,120
7779,86
7780,120
7781,82
7782,123
7783,86
7784,120
7785,90
7786,114
7787,80
7788,108
7789,78
7790,108
7791,92
7792,92
7793,80
7794,108
7795,70
7796,89
7797,76
7798,102
7799,62
7800,95
7801,60
7802,90
7803,62
7804,77
7805,62
7806,83
7807,54
7808,66
7809,50
7810,87
7811,44
7812,72
7813,60
7814,63
7815,48
7816,68
7817,44
7818,71
7819,44
7820,62
7821,44
7822,87
7823,28
7824,70
7825,54
7826,72
7827,42
7828,90
7829,32
7830,77
7831,46
7832,78
7833,46
7834,110
7835,32
7836,69
7837,72
7838,69
7839,36
7840,130
7841,30
7842,92
7843,58
7844,74
7845,44
7846,116
7847,40
7848,83
7849,60
7850,80
7851,24
7852,125
7853,30
7854,80
7855,60
7856,74
7857,36
7858,110
7859,18
7860,86
7861,50
7862,57
7863,32
7864,99
7865,20
7866,58
7867,48
7868,58
7869,20
7870,89
7871,12
7872,59
7873,36
7874,35
7875,26
7876,71
7877,14
7878,45
7879,28
7880,43
7881,10
7882,68
7883,10
7884,36
7885,28
7886,25
7887,20
7888,60
7889,12
7890,43
7891,28
7892,27
7893,22
7894,49
7895,22
7896,44
7897,32
7898,34
7899,24
7900,59
7901,24
7902,47
7903,38
7904,36
7905,38
7906,48
7907,32
7908,46
7909,34
7910,58
7911,28
7912,57
7913,38
7914,35
7915,46
7916,40
7917,40
7918,53
7919,30
7920,52
7921,30
7922,40
7923,36
7924,43
7925,40
7926,36
7927,32
7928,38
7929,26
7930,43
7931,28
7932,33
7933,28
7934,33
7935,22
7936,31
7937,26
7938,28
7939,22
7940,26
7941,14
7942,26
7943,18
7944,21
7945,24
7946,15
7947,18
7948,18
7949,12
7950,26
7951,6
7952,20
7953,18
7954,16
7955,18
7956,15
7957,10
7958,27
7959,6
7960,32
7961,10
7962,21
7963,14
7964,22
7965,20
7966,28
7967,16
7968,28
7969,10
7970,39
7971,8
7972,39
7973,18
7974,31
7975,22
7976,25
7977,20
7978,40
7979,6
7980,61
7981,6
7982,40
7983,18
7984,26
7985,26
7986,31
7987,18
7988,44
7989,8
7990,47
7991,8
7992,36
7993,18
7994,25
7995,22
7996,24
7997,8
7998,40
7999,2
8000,35
8001,12
8002,27
8003,8
8004,22
8005,12
8006,15
8007,8
8008,20
8009,4
8010,28
8011,4
8012,22
8013,4
8014,9
8015,10
8016,11
8017,2
8018,14
8019,2
8020,20
8021,0
8022,15
8023,6
8024,4
8025,8
8026,10
8027,2
8028,10
8029,8
8030,15
8031,2
8032,17
8033,4
8034,10
8035,14
8036,10
8037,6
8038,20
8039,8
8040,12
8041,18
8042,15
8043,12
8044,21
8045,10
8046,14
8047,22
8048,11
8049,8
8050,35
8051,8
8052,13
8053,24
8054,12
8055,12
8056,25
8057,10
8058,15
8059,20
8060,10
8061,10
8062,26
8063,6
8064,12
8065,18
8066,9
8067,6
8068,17
8069,8
8070,9
8071,18
8072,2
8073,6
8074,18
8075,0
8076,8
8077,12
8078,6
8079,2
8080,11
8081,2
8082,6
8083,8
8084,0
8085,6
8086,7
8087,2
8088,2
8089,6
8090,3
8091,0
8092,7
8093,0
8094,4
8095,4
8096,3
8097,2
8098,8
8099,2
8100,3
8101,4
8102,6
8103,2
8104,10
8105,2
8106,13
8107,0
8108,12
8109,4
8110,12
8111,2
8112,14
8113,8
8114,12
8115,4
8116,17
8117,6
8118,14
8119,2
8120,24
8121,2
8122,15
8123,6
8124,17
8125,4
8126,14
8127,6
8128,16
8129,2
8130,14
8131,4
8132,14
8133,2
8134,13
8135,2
8136,13
8137,2
8138,10
8139,2
8140,9
8141,4
8142,6
8143,0
8144,11
8145,0
8146,4
8147,2
8148,7
8149,0
8150,4
8151,0
8152,6
8153,0
8154,2
8155,2
8156,2
8157,0
8158,2
8159,0
8160,3
8161,0
8162,3
8163,0
8164,0
8165,0
8166,0
8167,2
8168,2
8169,2
8170,2
8171,0
8172,1
8173,2
8174,2
8175,4
8176,4
8177,4
8178,3
8179,2
8180,4
8181,4
8182,6
8183,6
8184,7
8185,4
8186,4
8187,6
8188,5
8189,4
8190,13
8191,4
8192,5
8193,6
8194,4
8195,4
8196,7
8197,8
8198,6
8199,4
8200,4
8201,2
8202,5
8203,4
8204,5
8205,6
8206,2
8207,2
8208,3
8209,0
8210,4
8211,4
8212,2
8213,2
8214,2
8215,0
8216,0
8217,2
8218,3
8219,0
8220,2
8221,0
8222,0
8223,0
8224,0
8225,2
8226,0
8227,0
8228,0
8229,0
8230,1
8231,0
8232,1
8233,0
8234,0
8235,0
8236,2
8237,0
8238,0
8239,0
8240,2
8241,0
8242,5
8243,0
8244,0
8245,2
8246,2
8247,0
8248,8
8249,0
8250,3
8251,2
8252,4
8253,0
8254,10
8255,2
8256,2
8257,4
8258,4
8259,0
8260,15
8261,0
8262,4
8263,4
8264,2
8265,2
8266,10
8267,0
8268,4
8269,2
8270,3
8271,0
8272,8
8273,0
8274,2
8275,2
8276,0
8277,0
8278,5
8279,0
8280,2
8281,0
8282,0
8283,0
8284,2
8285,0
8286,0
8287,0
8288,0
8289,0
8290,1
8291,0
8292,0
8293,0
8294,0
8295,0
8296,0
8297,0
8298,0
8299,0
8300,0
8301,0
8302,0
8303,0
8304,0
8305,0
8306,0
8307,0
8308,0
8309,0
8310,1
8311,0
8312,0
8313,0
8314,0
8315,2
8316,0
8317,0
8318,2
8319,0
8320,3
8321,0
8322,2
8323,2
8324,0
8325,4
8326,1
8327,2
8328,2
8329,0
8330,7
8331,0
8332,2
8333,2
8334,1
8335,4
8336,0
8337,2
8338,2
8339,0
8340,3
8341,0
8342,2
8343,0
8344,0
8345,2
8346,0
8347,0
8348,0
8349,0
8350,1
8351,0
8352,0
8353,0
8354,0
8355,0
8356,0
8357,0
8358,0
8359,0
8360,0
8361,0
8362,0
8363,0
8364,0
8365,0
8366,0
8367,0
8368,0
8369,0
8370,0
8371,0
8372,0
8373,0
8374,0
8375,0
8376,0
8377,0
8378,0
8379,0
8380,0
8381,0
8382,0
8383,0
8384,0
8385,0
8386,0
8387,0
8388,1
8389,0
8390,0
8391,0
8392,2
8393,0
8394,2
8395,0
8396,3
8397,0
8398,2
8399,0
8400,5
8401,0
8402,2
8403,0
8404,3
8405,0
8406,2
8407,0
8408,2
8409,0
8410,0
8411,0
8412,1
8413,0
8414,0
8415,0
8416,0
8417,0
8418,0
8419,0
8420,0
8421,0
8422,0
8423,0
8424,0
8425,0
8426,0
8427,0
8428,0
8429,0
8430,0
8431,0
8432,0
8433,0
8434,0
8435,0
8436,0
8437,0
8438,0
8439,0
8440,0
8441,0
8442,0
8443,0
8444,0
8445,0
8446,0
8447,0
8448,0
8449,0
8450,0
8451,0
8452,0
8453,0
8454,0
8455,0
8456,0
8457,0
8458,0
8459,0
8460,0
8461,0
8462,0
8463,0
8464,1
8465,0
8466,0
8467,2
8468,0
8469,0
8470,3
8471,0
8472,0
8473,2
8474,0
8475,0
8476,1
8477,0
8478,0
8479,0
8480,0
8481,0
8482,0
8483,0
8484,0
8485,0
8486,0
8487,0
8488,0
8489,0
8490,0
8491,0
8492,0
8493,0
8494,0
8495,0
8496,0
8497,0
8498,0
8499,0
8500,0
8501,0
8502,0
8503,0
8504,0
8505,0
8506,0
8507,0
8508,0
8509,0
8510,0
8511,0
8512,0
8513,0
8514,0
8515,0
8516,0
8517,0
8518,0
8519,0
8520,0
8521,0
8522,0
8523,0
8524,0
8525,0
8526,0
8527,0
8528,0
8529,0
8530,0
8531,0
8532,0
8533,0
8534,0
8535,0
8536,0
8537,0
8538,1
8539,0
8540,2
8541,0
8542,1
8543,0
8544,0
8545,0
8546,0
8547,0
8548,0
8549,0
8550,0
8551,0
8552,0
8553,0
8554,0
8555,0
8556,0
8557,0
8558,0
8559,0
8560,0
8561,0
8562,0
8563,0
8564,0
8565,0
8566,0
8567,0
8568,0
8569,0
8570,0
8571,0
8572,0
8573,0
8574,0
8575,0
8576,0
8577,0
8578,0
8579,0
8580,0
8581,0
8582,0
8583,0
8584,0
8585,0
8586,0
8587,0
8588,0
8589,0
8590,0
8591,0
8592,0
8593,0
8594,0
8595,0
8596,0
8597,0
8598,0
8599,0
8600,0
8601,0
8602,0
8603,0
8604,0
8605,0
8606,0
8607,0
8608,0
8609,0
8610,1
8611,0
8612,0
8613,0
8614,0
8615,0
8616,0
8617,0
8618,0
8619,0
8620,0
8621,0
8622,0
8623,0
8624,0
8625,0
8626,0
8627,0
8628,0
8629,0
8630,0
8631,0
8632,0
8633,0
8634,0
8635,0
8636,0
8637,0
8638,0
8639,0
8640,0
8641,0
8642,0
8643,0
8644,0
8645,0
8646,0
8647,0
8648,0
8649,0
8650,0
8651,0
8652,0
8653,0
8654,0
8655,0
8656,0
8657,0
8658,0
8659,0
8660,0
8661,0
8662,0
8663,0
8664,0
8665,0
8666,0
8667,0
8668,0
8669,0
8670,0
8671,0
8672,0
8673,0
8674,0
8675,0
8676,0
8677,0
8678,0
8679,0
8680,1
