y,count
17969,1
18003,1
18035,1
18037,2
18039,1
18065,1
18068,2
18071,3
18074,2
18077,1
18093,1
18097,2
18099,2
18101,3
18103,2
18105,5
18107,2
18109,3
18111,2
18113,2
18117,1
18119,1
18124,2
18127,2
18129,3
18131,2
18132,2
18134,4
18135,1
18136,2
18137,2
18139,7
18141,2
18142,2
18143,2
18144,4
18146,2
18147,2
18149,5
18151,2
18153,2
18154,2
18155,5
18158,2
18159,3
18161,8
18163,3
18164,2
18165,5
18167,10
18168,2
18169,2
18170,4
18171,4
18172,2
18173,15
18175,4
18176,4
18177,4
18178,2
18179,13
18180,2
18181,4
18182,2
18183,5
18184,2
18185,11
18186,4
18187,6
18188,2
18189,3
18190,2
18191,7
18192,6
18193,9
18194,4
18195,5
18196,2
18197,6
18198,4
18199,8
18200,8
18201,10
18202,4
18203,8
18204,6
18205,7
18206,6
18207,17
18208,4
18209,11
18210,6
18211,8
18212,6
18213,14
18214,10
18215,10
18216,4
18217,15
18218,2
18219,14
18220,8
18221,17
18222,8
18223,12
18224,6
18225,16
18226,2
18227,21
18228,8
18229,18
18230,10
18231,18
18232,2
18233,25
18234,8
18235,20
18236,10
18237,23
18238,8
18239,24
18240,8
18241,28
18242,12
18243,22
18244,10
18245,29
18246,8
18247,24
18248,18
18249,33
18250,2
18251,34
18252,10
18253,22
18254,22
18255,28
18256,12
18257,40
18258,8
18259,32
18260,22
18261,31
18262,10
18263,39
18264,20
18265,25
18266,30
18267,36
18268,18
18269,56
18270,14
18271,34
18272,26
18273,36
18274,20
18275,58
18276,18
18277,44
18278,32
18279,52
18280,20
18281,61
18282,26
18283,38
18284,44
18285,40
18286,24
18287,68
18288,30
18289,66
18290,32
18291,63
18292,28
18293,67
18294,38
18295,55
18296,42
18297,62
18298,30
18299,101
18300,30
18301,76
18302,44
18303,77
18304,40
18305,84
18306,42
18307,81
18308,48
18309,116
18310,36
18311,105
18312,50
18313,74
18314,72
18315,91
18316,54
18317,119
18318,48
18319,113
18320,60
18321,118
18322,58
18323,128
18324,70
18325,102
18326,74
18327,133
18328,58
18329,163
18330,70
18331,117
18332,88
18333,143
18334,76
18335,161
18336,78
18337,141
18338,96
18339,164
18340,86
18341,198
18342,84
18343,162
18344,124
18345,174
18346,90
18347,228
18348,106
18349,187
18350,120
18351,191
18352,96
18353,240
18354,142
18355,188
18356,144
18357,234
18358,106
18359,287
18360,136
18361,234
18362,168
18363,250
18364,130
18365,313
18366,138
18367,253
18368,196
18369,297
18370,138
18371,349
18372,170
18373,278
18374,220
18375,324
18376,164
18377,424
18378,172
18379,337
18380,232
18381,357
18382,202
18383,425
18384,234
18385,356
18386,260
18387,413
18388,220
18389,523
18390,226
18391,421
18392,286
18393,440
18394,260
18395,517
18396,296
18397,468
18398,324
18399,539
18400,270
18401,614
18402,318
18403,514
18404,414
18405,543
18406,314
18407,662
18408,342
18409,612
18410,422
18411,664
18412,360
18413,722
18414,430
18415,624
18416,480
18417,786
18418,364
18419,875
18420,442
18421,720
18422,532
18423,786
18424,518
18425,911
18426,490
18427,816
18428,594
18429,913
18430,486
18431,1086
18432,592
18433,888
18434,734
18435,970
18436,570
18437,1153
18438,652
18439,1067
18440,732
18441,1129
18442,626
18443,1267
18444,770
18445,1168
18446,864
18447,1255
18448,688
18449,1488
18450,744
18451,1331
18452,1000
18453,1362
18454,892
18455,1532
18456,928
18457,1433
18458,1040
18459,1696
18460,828
18461,1783
18462,1042
18463,1494
18464,1292
18465,1707
18466,1044
18467,1999
18468,1068
18469,1842
18470,1280
18471,1959
18472,1166
18473,2229
18474,1344
18475,1877
18476,1504
18477,2161
18478,1260
18479,2550
18480,1438
18481,2152
18482,1662
18483,2295
18484,1544
18485,2658
18486,1598
18487,2498
18488,1802
18489,2741
18490,1566
18491,3012
18492,1802
18493,2646
18494,2162
18495,2860
18496,1826
18497,3361
18498,1900
18499,3108
18500,2228
18501,3341
18502,2012
18503,3577
18504,2302
18505,3198
18506,2592
18507,3601
18508,2320
18509,4128
18510,2386
18511,3681
18512,2832
18513,3965
18514,2576
18515,4411
18516,2804
18517,4068
18518,3070
18519,4570
18520,2700
18521,4959
18522,3088
18523,4432
18524,3602
18525,4804
18526,3048
18527,5511
18528,3294
18529,5155
18530,3834
18531,5394
18532,3434
18533,5907
18534,3874
18535,5360
18536,4358
18537,5982
18538,3680
18539,6799
18540,4074
18541,6079
18542,4768
18543,6491
18544,4430
18545,7164
18546,4556
18547,6808
18548,5078
18549,7344
18550,4708
18551,8003
18552,5194
18553,7252
18554,5936
18555,7756
18556,5208
18557,8971
18558,5530
18559,8282
18560,6232
18561,8804
18562,5756
18563,9567
18564,6640
18565,8703
18566,7028
18567,9662
18568,6286
18569,10836
18570,6732
18571,10023
18572,7730
18573,10364
18574,7264
18575,11497
18576,7702
18577,10795
18578,8514
18579,11844
18580,7564
18581,12982
18582,8456
18583,11638
18584,9694
18585,12620
18586,8642
18587,14115
18588,9178
18589,13294
18590,10136
18591,14021
18592,9692
18593,15115
18594,10524
18595,14089
18596,11426
18597,15422
18598,10218
18599,17341
18600,11058
18601,15787
18602,12578
18603,16506
18604,11818
18605,18202
18606,12530
18607,17414
18608,13558
18609,18758
18610,12462
18611,20196
18612,13718
18613,18805
18614,15414
18615,19993
18616,14000
18617,22017
18618,14780
18619,21104
18620,16546
18621,22214
18622,15434
18623,23757
18624,16852
18625,22251
18626,18332
18627,24515
18628,16554
18629,26895
18630,17700
18631,24823
18632,20124
18633,26078
18634,19252
18635,28361
18636,19962
18637,27157
18638,21570
18639,29331
18640,20056
18641,31818
18642,21890
18643,29238
18644,24518
18645,31047
18646,22352
18647,34415
18648,23834
18649,33023
18650,25826
18651,34585
18652,24612
18653,36936
18654,26746
18655,35299
18656,28888
18657,37670
18658,26390
18659,41396
18660,28320
18661,38750
18662,31872
18663,40505
18664,30028
18665,43860
18666,31604
18667,42364
18668,33938
18669,45664
18670,31682
18671,48541
18672,34526
18673,45554
18674,38234
18675,48104
18676,35820
18677,52860
18678,37108
18679,50900
18680,40486
18681,53286
18682,38636
18683,57295
18684,41768
18685,54033
18686,44976
18687,58099
18688,41772
18689,63151
18690,44688
18691,59672
18692,48974
18693,62387
18694,46940
18695,67309
18696,49204
18697,65507
18698,52746
18699,69411
18700,49896
18701,73964
18702,53570
18703,69860
18704,59506
18705,73859
18706,55260
18707,80545
18708,57690
18709,77636
18710,62714
18711,81878
18712,60326
18713,86247
18714,64654
18715,82567
18716,69234
18717,88634
18718,65424
18719,95606
18720,68654
18721,91024
18722,75324
18723,94882
18724,72732
18725,102290
18726,75790
18727,99001
18728,81034
18729,105171
18730,76928
18731,111951
18732,83318
18733,106040
18734,90314
18735,111758
18736,85026
18737,121441
18738,88678
18739,118517
18740,95878
18741,122706
18742,92756
18743,129911
18744,99188
18745,125116
18746,106124
18747,133276
18748,99514
18749,143530
18750,105136
18751,137724
18752,114684
18753,143617
18754,110762
18755,152751
18756,115736
18757,148985
18758,123224
18759,157779
18760,118430
18761,167364
18762,125838
18763,159895
18764,136640
18765,167758
18766,129666
18767,181664
18768,135326
18769,176211
18770,145220
18771,183853
18772,140924
18773,194071
18774,150610
18775,187674
18776,159300
18777,199127
18778,151160
18779,213614
18780,158980
18781,206374
18782,172720
18783,213249
18784,167990
18785,227141
18786,174658
18787,222376
18788,186056
18789,234516
18790,178274
18791,247976
18792,190052
18793,237765
18794,204842
18795,250522
18796,195654
18797,268140
18798,203198
18799,262013
18800,217424
18801,272235
18802,213352
18803,287048
18804,224516
18805,278938
18806,237732
18807,294627
18808,227506
18809,315800
18810,238834
18811,304038
18812,257636
18813,315376
18814,251176
18815,334646
18816,262858
18817,328262
18818,276130
18819,345814
18820,267108
18821,364436
18822,282916
18823,353118
18824,303822
18825,367723
18826,291928
18827,393339
18828,303156
18829,385595
18830,324328
18831,400873
18832,315738
18833,420860
18834,333262
18835,410134
18836,352824
18837,433373
18838,338608
18839,459975
18840,354616
18841,446381
18842,381166
18843,462248
18844,373958
18845,488445
18846,386996
18847,481651
18848,407918
18849,505457
18850,396078
18851,532707
18852,418158
18853,515252
18854,447302
18855,537214
18856,431740
18857,572337
18858,449102
18859,562813
18860,475416
18861,583880
18862,466274
18863,611927
18864,490982
18865,600102
18866,517114
18867,628956
18868,499452
18869,666742
18870,522062
18871,649611
18872,560060
18873,671692
18874,547236
18875,709313
18876,568044
18877,699453
18878,596738
18879,734002
18880,582164
18881,768433
18882,612666
18883,748012
18884,651890
18885,778828
18886,634768
18887,827050
18888,655378
18889,814031
18890,693354
18891,843727
18892,682246
18893,885410
18894,715992
18895,865723
18896,753204
18897,906905
18898,730200
18899,959534
18900,763098
18901,937923
18902,810592
18903,968871
18904,797802
18905,1019430
18906,826126
18907,1011560
18908,866062
18909,1053493
18910,846784
18911,1102861
18912,889498
18913,1076713
18914,946836
18915,1119459
18916,919330
18917,1184280
18918,950080
18919,1170265
18920,1003414
18921,1213314
18922,989500
18923,1262886
18924,1036028
18925,1242454
18926,1087294
18927,1300261
18928,1060422
18929,1369638
18930,1100380
18931,1343600
18932,1168106
18933,1386673
18934,1151238
18935,1459003
18936,1191142
18937,1442192
18938,1248066
18939,1503015
18940,1223682
18941,1571104
18942,1284000
18943,1538394
18944,1355002
18945,1596828
18946,1324494
18947,1684435
18948,1368596
18949,1670229
18950,1439278
18951,1722797
18952,1423932
18953,1795732
18954,1485560
18955,1771071
18956,1558830
18957,1847172
18958,1519310
18959,1943688
18960,1578624
18961,1909676
18962,1669958
18963,1972598
18964,1649634
18965,2062523
18966,1705758
18967,2047359
18968,1781270
18969,2129066
18970,1756254
18971,2221809
18972,1831106
18973,2181739
18974,1930658
18975,2260490
18976,1892838
18977,2382712
18978,1952418
18979,2359257
18980,2049216
18981,2434850
18982,2030928
18983,2533739
18984,2120632
18985,2503098
18986,2210666
18987,2607104
18988,2164254
18989,2735630
18990,2245988
18991,2699819
18992,2370028
18993,2775618
18994,2345398
18995,2901814
18996,2422240
18997,2884982
18998,2529566
18999,2995026
19000,2490138
19001,3119678
19002,2595136
19003,3072590
19004,2730270
19005,3183029
19006,2683666
19007,3335946
19008,2765600
19009,3312327
19010,2897320
19011,3417065
19012,2880160
19013,3549723
19014,2988764
19015,3515468
19016,3117706
19017,3653139
19018,3063842
19019,3828962
19020,3171596
19021,3775563
19022,3337348
19023,3886770
19024,3309864
19025,4055036
19026,3419130
19027,4035508
19028,3552936
19029,4185144
19030,3511402
19031,4351777
19032,3652792
19033,4299456
19034,3832240
19035,4436605
19036,3777642
19037,4647750
19038,3887840
19039,4622957
19040,4070340
19041,4760962
19042,4039088
19043,4941385
19044,4193504
19045,4899737
19046,4366624
19047,5090782
19048,4299954
19049,5310005
19050,4448112
19051,5255836
19052,4667242
19053,5402225
19054,4642238
19055,5627355
19056,4777308
19057,5610931
19058,4963884
19059,5806713
19060,4914666
19061,6036747
19062,5104338
19063,5962972
19064,5343076
19065,6152817
19066,5275580
19067,6432739
19068,5434752
19069,6405419
19070,5663130
19071,6591064
19072,5637440
19073,6829846
19074,5842230
19075,6793632
19076,6071928
19077,7028401
19078,5994836
19079,7327527
19080,6192158
19081,7265226
19082,6489860
19083,7463987
19084,6447496
19085,7762166
19086,6636468
19087,7745581
19088,6888052
19089,8014747
19090,6830604
19091,8304405
19092,7082106
19093,8223395
19094,7399328
19095,8478778
19096,7332418
19097,8841825
19098,7524548
19099,8818205
19100,7835388
19101,9067967
19102,7812952
19103,9392966
19104,8082000
19105,9333165
19106,8391696
19107,9655350
19108,8298428
19109,10051840
19110,8567230
19111,9980131
19112,8941854
19113,10245452
19114,8908310
19115,10637436
19116,9161736
19117,10636912
19118,9491404
19119,10970270
19120,9432352
19121,11358973
19122,9764650
19123,11271921
19124,10189770
19125,11607341
19126,10090134
19127,12088270
19128,10364006
19129,12064181
19130,10775656
19131,12403012
19132,10751620
19133,12812549
19134,11108648
19135,12766056
19136,11516812
19137,13183941
19138,11421220
19139,13700453
19140,11756048
19141,13624687
19142,12258998
19143,13975136
19144,12225358
19145,14499952
19146,12563368
19147,14489496
19148,13002546
19149,14938180
19150,12936288
19151,15452260
19152,13384144
19153,15352336
19154,13917326
19155,15795682
19156,13818952
19157,16420385
19158,14180160
19159,16421248
19160,14718452
19161,16841070
19162,14705174
19163,17389890
19164,15171980
19165,17345017
19166,15722752
19167,17893269
19168,15589382
19169,18568535
19170,16042398
19171,18489019
19172,16701724
19173,18964538
19174,16673368
19175,19618366
19176,17122050
19177,19633966
19178,17696730
19179,20226111
19180,17646588
19181,20892932
19182,18200212
19183,20789937
19184,18909494
19185,21365933
19186,18806316
19187,22194834
19188,19279002
19189,22179674
19190,19987086
19191,22750282
19192,19985456
19193,23472185
19194,20610690
19195,23431394
19196,21292996
19197,24145772
19198,21164944
19199,25020402
19200,21766942
19201,24955167
19202,22615596
19203,25543281
19204,22603992
19205,26417260
19206,23188914
19207,26459673
19208,23959678
19209,27217231
19210,23882704
19211,28095665
19212,24621848
19213,27990534
19214,25540742
19215,28758278
19216,25432102
19217,29786370
19218,26060334
19219,29815681
19220,26973116
19221,30562709
19222,27011530
19223,31495609
19224,27791082
19225,31472476
19226,28705402
19227,32396494
19228,28568672
19229,33540299
19230,29343326
19231,33452958
19232,30452260
19233,34239797
19234,30460040
19235,35368723
19236,31241924
19237,35450011
19238,32203384
19239,36441554
19240,32151442
19241,37567150
19242,33111922
19243,37489766
19244,34299238
19245,38445183
19246,34195386
19247,39790155
19248,35012050
19249,39857952
19250,36220444
19251,40819196
19252,36254798
19253,42031779
19254,37282022
19255,42039571
19256,38471266
19257,43247765
19258,38329194
19259,44673084
19260,39343804
19261,44622223
19262,40761080
19263,45651483
19264,40827090
19265,47100119
19266,41796264
19267,47245511
19268,43065374
19269,48510689
19270,43044164
19271,49994381
19272,44277674
19273,49880328
19274,45804670
19275,51138085
19276,45715362
19277,52867982
19278,46805772
19279,52987342
19280,48299614
19281,54237034
19282,48412510
19283,55798284
19284,49741366
19285,55872455
19286,51263518
19287,57364159
19288,51141862
19289,59223434
19290,52445384
19291,59212677
19292,54284296
19293,60534609
19294,54351772
19295,62399347
19296,55644174
19297,62613588
19298,57283768
19299,64270458
19300,57293230
19301,66110925
19302,58881402
19303,66059098
19304,60840882
19305,67670632
19306,60803684
19307,69868404
19308,62146482
19309,70080944
19310,64104034
19311,71682541
19312,64299776
19313,73703232
19314,65989438
19315,73801050
19316,67953848
19317,75745135
19318,67845576
19319,78110992
19320,69555130
19321,78143306
19322,71845836
19323,79862273
19324,72011180
19325,82232773
19326,73673722
19327,82595553
19328,75770582
19329,84634498
19330,75857652
19331,87017714
19332,77878750
19333,87026908
19334,80407518
19335,89081830
19336,80361142
19337,91880426
19338,82128806
19339,92197443
19340,84626490
19341,94288511
19342,84916206
19343,96804467
19344,87093622
19345,97021239
19346,89593490
19347,99497031
19348,89572224
19349,102495423
19350,91671868
19351,102630273
19352,94616178
19353,104811757
19354,94907086
19355,107863798
19356,97036420
19357,108298622
19358,99721526
19359,110936701
19360,99893322
19361,113976487
19362,102504906
19363,114059020
19364,105628208
19365,116682684
19366,105693730
19367,120224306
19368,107965438
19369,120739209
19370,111127540
19371,123312865
19372,111576094
19373,126554309
19374,114332174
19375,126927445
19376,117556058
19377,130044394
19378,117527544
19379,133843657
19380,120264602
19381,134093788
19382,123997270
19383,136912724
19384,124424880
19385,140676958
19386,127148946
19387,141369522
19388,130559244
19389,144714206
19390,130904144
19391,148542856
19392,134124186
19393,148760881
19394,138119812
19395,152088646
19396,138301400
19397,156590028
19398,141181688
19399,157231946
19400,145211486
19401,160545948
19402,145852840
19403,164661925
19404,149379600
19405,165203568
19406,153365408
19407,169155680
19408,153509508
19409,173920451
19410,156975574
19411,174401878
19412,161652102
19413,177883170
19414,162315840
19415,182680259
19416,165764228
19417,183633988
19418,170127724
19419,187841690
19420,170563802
19421,192706174
19422,174670284
19423,193083454
19424,179719280
19425,197326047
19426,180058644
19427,202862907
19428,183733698
19429,203834324
19430,188781470
19431,208038901
19432,189764878
19433,213195414
19434,194097578
19435,214024511
19436,199180264
19437,218970817
19438,199488928
19439,225014106
19440,203858440
19441,225613135
19442,209758904
19443,230074385
19444,210683450
19445,236110714
19446,215098168
19447,237423094
19448,220470778
19449,242700673
19450,221215804
19451,248786542
19452,226402516
19453,249483857
19454,232699054
19455,254687617
19456,233284772
19457,261669855
19458,237928108
19459,263032108
19460,244327118
19461,268290434
19462,245529616
19463,274794034
19464,251052538
19465,275959937
19466,257458000
19467,282200155
19468,257985504
19469,289607591
19470,263490304
19471,290608836
19472,270848444
19473,296224934
19474,272209352
19475,303742160
19476,277632620
19477,305538280
19478,284448164
19479,312139862
19480,285558532
19481,319804440
19482,292000374
19483,320706822
19484,299898112
19485,327302769
19486,300799318
19487,336013211
19488,306709024
19489,337814089
19490,314556012
19491,344453013
19492,316300156
19493,352554437
19494,323201076
19495,354246179
19496,331184576
19497,361879387
19498,332074124
19499,371190661
19500,338935926
19501,372627216
19502,348172862
19503,379632697
19504,349889602
19505,389021752
19506,356759530
19507,391408313
19508,365285630
19509,399707895
19510,366831994
19511,409082475
19512,374922148
19513,410492136
19514,384713904
19515,418728295
19516,386120874
19517,429506908
19518,393341452
19519,431985618
19520,403214244
19521,440214981
19522,405567984
19523,450402782
19524,414143608
19525,452537863
19526,424102228
19527,462099403
19528,425420330
19529,473639445
19530,434078350
19531,475645246
19532,445336718
19533,484416387
19534,447749594
19535,496034395
19536,456375270
19537,499252287
19538,466965506
19539,509343357
19540,469134894
19541,521095192
19542,479133448
19543,523144094
19544,491366410
19545,533310299
19546,493167106
19547,546661891
19548,502283772
19549,549927133
19550,514529092
19551,560274296
19552,517628878
19553,572677222
19554,528302676
19555,575673569
19556,540646824
19557,587534249
19558,542632696
19559,601738439
19560,553176952
19561,604500181
19562,567217968
19563,615373379
19564,570487620
19565,629823616
19566,581117080
19567,633841123
19568,594303620
19569,646427026
19570,597230348
19571,660961055
19572,609697950
19573,663720999
19574,624567346
19575,676379105
19576,627222228
19577,692774018
19578,638556910
19579,697176701
19580,653626190
19581,709740476
19582,657763878
19583,725193020
19584,670933878
19585,729184060
19586,686283658
19587,743751556
19588,688838094
19589,761284911
19590,702008974
19591,764974670
19592,719303632
19593,778514196
19594,723553194
19595,796077200
19596,736804084
19597,801416568
19598,753033392
19599,816921177
19600,757083568
19601,834772897
19602,772179868
19603,838604863
19604,790587594
19605,854141851
19606,794215228
19607,874381191
19608,808233026
19609,879823307
19610,826814542
19611,895467746
19612,832161274
19613,914500148
19614,848478546
19615,919701070
19616,867133926
19617,937604830
19618,870801432
19619,959069601
19620,887051976
19621,964101229
19622,908207426
19623,980527456
19624,913841038
19625,1002155025
19626,930116208
19627,1009091330
19628,950202012
19629,1028082227
19630,955240956
19631,1050027682
19632,973944604
19633,1055063031
19634,996551232
19635,1074287577
19636,1001333688
19637,1098731174
19638,1018617742
19639,1105932814
19640,1041404286
19641,1125157031
19642,1048469448
19643,1148394593
19644,1068178414
19645,1155236466
19646,1091189056
19647,1177111256
19648,1096191326
19649,1203420023
19650,1116062262
19651,1209717477
19652,1141981112
19653,1230069125
19654,1149178872
19655,1256568322
19656,1169341212
19657,1265293513
19658,1193627008
19659,1288571520
19660,1200421536
19661,1315357687
19662,1223295536
19663,1322176172
19664,1250811536
19665,1345303684
19666,1257244464
19667,1375269586
19668,1278448146
19669,1384478606
19670,1306372554
19671,1407925273
19672,1315094902
19673,1436399508
19674,1339372820
19675,1445168487
19676,1367499954
19677,1471964006
19678,1374034542
19679,1503669434
19680,1398442280
19681,1512021152
19682,1429908058
19683,1536931505
19684,1439339092
19685,1569101338
19686,1463642796
19687,1580290322
19688,1493486630
19689,1608550873
19690,1502288234
19691,1641318804
19692,1530109150
19693,1649791625
19694,1563671336
19695,1678191298
19696,1572015686
19697,1714569124
19698,1598065094
19699,1726229694
19700,1631697194
19701,1754890966
19702,1642958774
19703,1789451903
19704,1672581454
19705,1800800888
19706,1706734614
19707,1833005825
19708,1715383452
19709,1871617439
19710,1745010168
19711,1882433209
19712,1783417010
19713,1912655614
19714,1794995576
19715,1951762181
19716,1824819286
19717,1965785270
19718,1861181370
19719,2000276773
19720,1872401084
19721,2039573007
19722,1906241836
19723,2050759738
19724,1946824196
19725,2085305246
19726,1957765984
19727,2129192922
19728,1989136882
19729,2143925707
19730,2030129026
19731,2178702830
19732,2044409086
19733,2220821508
19734,2080161518
19735,2234766600
19736,2121715652
19737,2273903537
19738,2132861902
19739,2320650791
19740,2169042554
19741,2334303455
19742,2214944366
19743,2371111697
19744,2229904728
19745,2418258592
19746,2266164512
19747,2436031454
19748,2310059582
19749,2477286371
19750,2324409720
19751,2525089881
19752,2365349652
19753,2539313289
19754,2414573288
19755,2580981866
19756,2428085588
19757,2634029305
19758,2466344162
19759,2652462882
19760,2515924504
19761,2694680296
19762,2533722858
19763,2745077325
19764,2577105044
19765,2762904735
19766,2627186382
19767,2810168353
19768,2641679034
19769,2866281979
19770,2684941746
19771,2883705895
19772,2740551016
19773,2928110990
19774,2759303280
19775,2985126409
19776,2803103368
19777,3006701483
19778,2856243818
19779,3056668201
19780,2874251544
19781,3114261191
19782,2923755292
19783,3132239840
19784,2982522126
19785,3182580613
19786,2999901996
19787,3246186757
19788,3046266142
19789,3269325085
19790,3105789482
19791,3319746676
19792,3128129484
19793,3380630648
19794,3180241634
19795,3403016766
19796,3240813410
19797,3459645529
19798,3258657768
19799,3527144322
19800,3311102672
19801,3548795973
19802,3377913700
19803,3602605656
19804,3401172328
19805,3670471340
19806,3454052362
19807,3697491901
19808,3517886050
19809,3757545472
19810,3540699540
19811,3826566206
19812,3599581384
19813,3849229481
19814,3670319436
19815,3909600818
19816,3692366092
19817,3985993328
19818,3747989476
19819,4014045113
19820,3819532692
19821,4074951190
19822,3847081248
19823,4148039129
19824,3909992498
19825,4175529437
19826,3982020010
19827,4243570782
19828,4004838264
19829,4324224745
19830,4067812584
19831,4351526733
19832,4147635880
19833,4415380689
19834,4176581444
19835,4496953389
19836,4239997832
19837,4530285703
19838,4316735702
19839,4601990875
19840,4344516422
19841,4684611975
19842,4415376786
19843,4712839592
19844,4499979974
19845,4785359615
19846,4527202734
19847,4875855899
19848,4594273914
19849,4910653866
19850,4679728372
19851,4983643794
19852,4713897290
19853,5070829318
19854,4788395656
19855,5105051780
19856,4874929316
19857,5186024423
19858,4903485698
19859,5282439196
19860,4978696712
19861,5315561524
19862,5074004610
19863,5392377845
19864,5109569520
19865,5489607111
19866,5185735740
19867,5530224184
19868,5276732614
19869,5615933321
19870,5311368452
19871,5714357404
19872,5396044206
19873,5749488982
19874,5496648970
19875,5835325850
19876,5530693112
19877,5943284423
19878,5610593876
19879,5986022260
19880,5712740050
19881,6072850952
19882,5753906472
19883,6176926755
19884,5843148368
19885,6218637853
19886,5946268210
19887,6315412957
19888,5981528586
19889,6429158219
19890,6071338254
19891,6470309641
19892,6184462236
19893,6561989518
19894,6228353900
19895,6677346177
19896,6318458556
19897,6726908886
19898,6427163378
19899,6828644762
19900,6469846408
19901,6945912845
19902,6570234738
19903,6988363982
19904,6689955852
19905,7090754182
19906,6731680724
19907,7218882959
19908,6827339758
19909,7270615820
19910,6947737516
19911,7374063369
19912,6998404802
19913,7497378572
19914,7104465806
19915,7548802119
19916,7226649386
19917,7662645960
19918,7270226120
19919,7797817368
19920,7376967292
19921,7848132281
19922,7511277270
19923,7956814682
19924,7563820034
19925,8093654498
19926,7671336886
19927,8153647253
19928,7800529542
19929,8274354987
19930,7852336536
19931,8412398503
19932,7971578376
19933,8464778712
19934,8113034576
19935,8586209432
19936,8164571848
19937,8737189194
19938,8277230928
19939,8800262038
19940,8420152940
19941,8922713286
19942,8481579276
19943,9068973000
19944,8606988028
19945,9130264651
19946,8751892030
19947,9265394747
19948,8805062298
19949,9425068843
19950,8931670894
19951,9485999721
19952,9089482438
19953,9614843857
19954,9153700654
19955,9776138752
19956,9281152778
19957,9848806267
19958,9433498260
19959,9990549991
19960,9496855488
19961,10153840027
19962,9637389978
19963,10217691756
19964,9804674438
19965,10360839264
19966,9866281170
19967,10539033062
19968,10000185866
19969,10614598478
19970,10168940198
19971,10759678708
19972,10242815978
19973,10931151732
19974,10390947418
19975,11005830525
19976,10561643568
19977,11164946367
19978,10626848542
19979,11352508721
19980,10775376074
19981,11426438061
19982,10961511734
19983,11578329164
19984,11039117026
19985,11768498522
19986,11189226266
19987,11854730006
19988,11369028618
19989,12022002102
19990,11445187944
19991,12214359228
19992,11611289494
19993,12291112015
19994,11806829508
19995,12459866056
19996,11882024012
19997,12668829542
19998,12039994654
19999,12760088191
20000,12238094646
20001,12929565443
20002,12327035766
20003,13131752969
20004,12501199696
20005,13221534170
20006,12702276886
20007,13408053491
20008,12780089584
20009,13628237390
20010,12955295648
20011,13717110472
20012,13173818066
20013,13896150111
20014,13266472102
20015,14118036915
20016,13443555008
20017,14221520390
20018,13654501368
20019,14418070493
20020,13746495394
20021,14643127140
20022,13940059322
20023,14735883861
20024,14170038576
20025,14933515410
20026,14260681884
20027,15178592838
20028,14445906438
20029,15286292496
20030,14678435096
20031,15485815060
20032,14784614846
20033,15722618816
20034,14989123230
20035,15829702459
20036,15223540302
20037,16048488201
20038,15317767746
20039,16305604819
20040,15523531332
20041,16412242375
20042,15778631284
20043,16620978388
20044,15889703522
20045,16881048886
20046,16096796018
20047,17004437161
20048,16344418128
20049,17233622871
20050,16453180520
20051,17497215279
20052,16680317270
20053,17607805070
20054,16948946038
20055,17839522689
20056,17057248846
20057,18123949007
20058,17274680774
20059,18252785928
20060,17545935008
20061,18486202006
20062,17672653380
20063,18762474460
20064,17910554196
20065,18890010028
20066,18185016428
20067,19144915996
20068,18298010286
20069,19445276175
20070,18537833026
20071,19571181920
20072,18835662130
20073,19815497463
20074,18967400742
20075,20118782686
20076,19210116034
20077,20264417918
20078,19497471720
20079,20532086854
20080,19627790440
20081,20838702693
20082,19892832258
20083,20971082526
20084,20205274162
20085,21239679027
20086,20334545822
20087,21571277509
20088,20588233502
20089,21723755033
20090,20904741800
20091,21995394188
20092,21053434680
20093,22317328335
20094,21331032480
20095,22468382285
20096,21650943376
20097,22765303984
20098,21784892208
20099,23112775630
20100,22064787878
20101,23262744600
20102,22410542854
20103,23547632774
20104,22567192540
20105,23899174275
20106,22848215816
20107,24071618084
20108,23183347840
20109,24382205859
20110,23337878172
20111,24738946185
20112,23645510456
20113,24894033972
20114,24008733444
20115,25207134741
20116,24161724486
20117,25591766554
20118,24457380906
20119,25770979098
20120,24823292408
20121,26086906483
20122,24999434202
20123,26460271740
20124,25322038596
20125,26638950681
20126,25692608742
20127,26981638506
20128,25852221490
20129,27384813501
20130,26176650070
20131,27562203371
20132,26577763212
20133,27892194076
20134,26760643208
20135,28299991574
20136,27088164980
20137,28501744029
20138,27476806268
20139,28862318135
20140,27658507550
20141,29273765768
20142,28015240608
20143,29457772996
20144,28435325576
20145,29820263517
20146,28616644636
20147,30264449656
20148,28957964784
20149,30475308339
20150,29382070964
20151,30840814576
20152,29589338936
20153,31273084286
20154,29962124450
20155,31481434055
20156,30391370972
20157,31878411802
20158,30578958138
20159,32344316026
20160,30955486694
20161,32551817911
20162,31417129446
20163,32934225705
20164,31632552766
20165,33404561986
20166,32011473246
20167,33641677561
20168,32460320496
20169,34055892060
20170,32674281920
20171,34531671311
20172,33085968300
20173,34748086762
20174,33571200200
20175,35166117027
20176,33782526222
20177,35678217146
20178,34178010684
20179,35924457518
20180,34667684242
20181,36347178225
20182,34909072864
20183,36843885361
20184,35340046060
20185,37088145820
20186,35834714036
20187,37545954402
20188,36055899378
20189,38081495252
20190,36488050586
20191,38325259487
20192,37020734272
20193,38765548008
20194,37272852340
20195,39307766806
20196,37709294022
20197,39581801555
20198,38226902678
20199,40059900132
20200,38476821078
20201,40607552140
20202,38951430604
20203,40859964304
20204,39507537336
20205,41341731474
20206,39755825040
20207,41929764584
20208,40212097834
20209,42216805833
20210,40774304528
20211,42701333297
20212,41056441330
20213,43273436936
20214,41551413570
20215,43558356809
20216,42121119614
20217,44083175343
20218,42377556580
20219,44698740897
20220,42875849342
20221,44982013008
20222,43487435250
20223,45489126151
20224,43780284396
20225,46109056383
20226,44282679472
20227,46428675688
20228,44876629696
20229,46977418471
20230,45168229496
20231,47604948512
20232,45711289524
20233,47899252091
20234,46350149138
20235,48451650451
20236,46639616038
20237,49125958971
20238,47162784716
20239,49456973616
20240,47808468380
20241,50013409572
20242,48135055032
20243,50669494616
20244,48703635316
20245,50999253403
20246,49354329320
20247,51601137667
20248,49654180368
20249,52304538004
20250,50225710882
20251,52634598453
20252,50924721754
20253,53213571856
20254,51264581324
20255,53923986756
20256,51840307466
20257,54293416784
20258,52521526396
20259,54920482958
20260,52857383256
20261,55639022646
20262,53479477430
20263,55979890272
20264,54210630616
20265,56612237319
20266,54545631408
20267,57380091733
20268,55145627186
20269,57763560897
20270,55882721870
20271,58400656342
20272,56261550554
20273,59148888874
20274,56908870352
20275,59530926727
20276,57653642544
20277,60217575949
20278,58001410736
20279,61021403326
20280,58653925870
20281,61399700861
20282,59452482552
20283,62062636851
20284,59844434922
20285,62873341784
20286,60502790848
20287,63298128512
20288,61278115758
20289,64013899247
20290,61667549488
20291,64832690419
20292,62377815876
20293,65227091363
20294,63209920884
20295,65945858734
20296,63598098858
20297,66821292842
20298,64282262900
20299,67263200807
20300,65123324744
20301,67988322900
20302,65556550908
20303,68841882633
20304,66296076878
20305,69280582328
20306,67144871556
20307,70063206291
20308,67545294788
20309,70974829011
20310,68289505172
20311,71412267349
20312,69197560704
20313,72167221267
20314,69649127130
20315,73088271797
20316,70396841180
20317,73576553717
20318,71280481124
20319,74389816866
20320,71729054214
20321,75321348891
20322,72535631718
20323,75772848529
20324,73482459770
20325,76591180553
20326,73928097284
20327,77585614532
20328,74708138294
20329,78090639311
20330,75661037968
20331,78916090957
20332,76159306412
20333,79884658824
20334,76999617434
20335,80389119329
20336,77962950508
20337,81274131454
20338,78424321000
20339,82309676292
20340,79268844226
20341,82811550332
20342,80299835210
20343,83667834653
20344,80814957404
20345,84712751738
20346,81665227298
20347,85270501430
20348,82668404928
20349,86193826420
20350,83181013984
20351,87246848708
20352,84097134256
20353,87764793217
20354,85169208608
20355,88693288021
20356,85681260662
20357,89817914783
20358,86562582916
20359,90396143115
20360,87644024790
20361,91330042215
20362,88213953058
20363,92428249398
20364,89164585942
20365,93001277040
20366,90256289084
20367,94004510513
20368,90784281510
20369,95175536334
20370,91741913812
20371,95747872279
20372,92904722452
20373,96718181292
20374,93493910906
20375,97898988115
20376,94457660704
20377,98534946393
20378,95591349146
20379,99575541355
20380,96177694980
20381,100767443926
20382,97212035252
20383,101359651996
20384,98424692188
20385,102406760511
20386,99006061060
20387,103677515569
20388,100005017062
20389,104334631988
20390,101226605536
20391,105390997173
20392,101874285760
20393,106627261869
20394,102949053930
20395,107281453173
20396,104181015076
20397,108413469155
20398,104783963538
20399,109732798135
20400,105862469926
20401,110384922129
20402,107175529504
20403,111479241017
20404,107846217440
20405,112811277652
20406,108931944318
20407,113530478209
20408,110212324256
20409,114704498365
20410,110878152824
20411,116048228833
20412,112045473994
20413,116719659170
20414,113408181900
20415,117901205854
20416,114071431090
20417,119329831467
20418,115197931780
20419,120076584094
20420,116572427588
20421,121262954146
20422,117308302586
20423,122656448847
20424,118517766570
20425,123398121392
20426,119906044100
20427,124670302147
20428,120587750918
20429,126154925312
20430,121802888080
20431,126893546007
20432,123280411236
20433,128125796217
20434,124038790450
20435,129619711900
20436,125262044588
20437,130434675917
20438,126700612712
20439,131754611778
20440,127457094648
20441,133262296005
20442,128764991660
20443,134024738272
20444,130297418732
20445,135350734060
20446,131049217864
20447,136955728143
20448,132314812516
20449,137794791824
20450,133859461366
20451,139129126050
20452,134690021566
20453,140694048864
20454,136048797580
20455,141530772491
20456,137603822000
20457,142957960619
20458,138377359922
20459,144621814050
20460,139741938588
20461,145457473456
20462,141396279386
20463,146836028619
20464,142254434060
20465,148511719823
20466,143625715542
20467,149431523629
20468,145240124740
20469,150908481162
20470,146089693112
20471,152599187575
20472,147557949808
20473,153457577404
20474,149275186800
20475,154944199353
20476,150122003902
20477,156736439592
20478,151541265180
20479,157683785651
20480,153270234710
20481,159177530187
20482,154206931694
20483,160927027039
20484,155724046134
20485,161870480700
20486,157466147094
20487,163465819870
20488,158339453338
20489,165326445768
20490,159864102686
20491,166263530365
20492,161715632732
20493,167807374118
20494,162679069088
20495,169680861003
20496,164214794258
20497,170711125699
20498,166016177554
20499,172362918143
20500,166974187252
20501,174249982655
20502,168614312932
20503,175217248071
20504,170530623960
20505,176872595070
20506,171484771620
20507,178874657623
20508,173069540762
20509,179937772359
20510,175000985422
20511,181603749890
20512,176048377986
20513,183557424023
20514,177743243266
20515,184614622715
20516,179688074544
20517,186394684479
20518,180666842668
20519,188464990996
20520,182370195028
20521,189517116824
20522,184432703000
20523,191239527259
20524,185514690162
20525,193325194893
20526,187222411954
20527,194480330727
20528,189233147052
20529,196317834196
20530,190307529714
20531,198421985709
20532,192132870472
20533,199500705668
20534,194268090196
20535,201346120248
20536,195336479362
20537,203574140308
20538,197103169870
20539,204761297970
20540,199248623992
20541,206616904915
20542,200421733082
20543,208789667387
20544,202309403332
20545,209972020334
20546,204471382140
20547,211946744091
20548,205568539334
20549,214250113963
20550,207461254602
20551,215427138909
20552,209756421624
20553,217338906355
20554,210960168438
20555,219658461890
20556,212861339464
20557,220945505788
20558,215097158150
20559,222987932677
20560,216295102080
20561,225319247092
20562,218323849866
20563,226526529992
20564,220693699702
20565,228576109303
20566,221887340054
20567,231045895955
20568,223845798846
20569,232369475500
20570,226229962068
20571,234427379539
20572,227537992532
20573,236839651185
20574,229628827458
20575,238152472001
20576,232030658190
20577,240342914460
20578,233252658846
20579,242896987227
20580,235353608788
20581,244204768890
20582,237892236680
20583,246326559441
20584,239235219170
20585,248894133842
20586,241343412796
20587,250326879470
20588,243819177630
20589,252583471575
20590,245153797752
20591,255168577137
20592,247399377026
20593,256510680980
20594,250025270202
20595,258776987809
20596,251348531868
20597,261512056354
20598,253518894988
20599,262980442792
20600,256158927060
20601,265258116647
20602,257609302772
20603,267922087385
20604,259924793552
20605,269381176543
20606,262579578068
20607,271803472621
20608,263939887424
20609,274623530902
20610,266257676110
20611,276077003896
20612,269066428776
20613,278419968122
20614,270556179860
20615,281259021524
20616,272884581024
20617,282839920103
20618,275622945130
20619,285334193823
20620,277101254366
20621,288189858616
20622,279581803936
20623,289675434143
20624,282476628794
20625,292177653569
20626,283945507678
20627,295193838023
20628,286343305034
20629,296820024269
20630,289254355384
20631,299327511203
20632,290861995862
20633,302268070222
20634,293413690176
20635,303883923418
20636,296344648580
20637,306550241160
20638,297844452900
20639,309660663030
20640,300403491902
20641,311265000902
20642,303500502086
20643,313849295324
20644,305143988184
20645,316971438865
20646,307711383900
20647,318719966132
20648,310728360634
20649,321465968893
20650,312363350714
20651,324607982458
20652,315088918360
20653,326250510750
20654,318278776362
20655,329002331773
20656,319903185070
20657,332321865115
20658,322539044848
20659,334109785058
20660,325745311296
20661,336870593060
20662,327515826242
20663,340106779326
20664,330325020186
20665,341883087082
20666,333543438196
20667,344816304662
20668,335201037204
20669,348233191157
20670,338013733456
20671,350003015768
20672,341415373518
20673,352835384978
20674,343228501158
20675,356268897665
20676,346047708860
20677,358193005178
20678,349364254370
20679,361204614374
20680,351159499152
20681,364656485929
20682,354154195886
20683,366462129511
20684,357657466374
20685,369483337228
20686,359441287770
20687,373120186414
20688,362337951562
20689,375086334363
20690,365854826000
20691,378115019925
20692,367802593406
20693,381662035739
20694,370875849578
20695,383616700983
20696,374409987292
20697,386827181606
20698,376232851884
20699,390574223748
20700,379313364644
20701,392510974830
20702,383043541932
20703,395616988648
20704,385031917474
20705,399378514408
20706,388122328578
20707,401485792967
20708,391750966754
20709,404784186053
20710,393722345224
20711,408562244564
20712,397002565292
20713,410542965392
20714,400834975004
20715,413842040277
20716,402793794994
20717,417823931470
20718,405960402518
20719,419979362075
20720,409812140950
20721,423286616286
20722,411938710874
20723,427169351828
20724,415302298462
20725,429305913832
20726,419169050202
20727,432816146011
20728,421162590810
20729,436904182851
20730,424531149422
20731,439026652282
20732,428606236378
20733,442420280213
20734,430782876708
20735,446526044049
20736,434152651158
20737,448830021975
20738,438120705444
20739,452428124780
20740,440277763666
20741,456555483528
20742,443852794826
20743,458713104808
20744,448040918474
20745,462314270117
20746,450178714368
20747,466660586566
20748,453636056032
20749,469008178292
20750,457832050552
20751,472617345742
20752,460157699436
20753,476849282789
20754,463824888412
20755,479182587972
20756,468038804778
20757,482999506616
20758,470216635402
20759,487458774228
20760,473886147010
20761,489771909290
20762,478329731608
20763,493464364336
20764,480695497932
20765,497940366700
20766,484367915570
20767,500447585446
20768,488693411222
20769,504363286481
20770,491039258838
20771,508851052093
20772,494933320318
20773,511203329228
20774,499489739174
20775,515121413861
20776,501820244886
20777,519845508229
20778,505574280372
20779,522402593154
20780,510143797340
20781,526323011904
20782,512673208684
20783,530928527512
20784,516657266404
20785,533456138287
20786,521244096742
20787,537605544226
20788,523609473208
20789,542453669624
20790,527596928704
20791,544963308188
20792,532420684650
20793,548974260414
20794,534993545926
20795,553834199463
20796,538983176826
20797,556557231955
20798,543677870824
20799,560799499504
20800,546228507172
20801,565674184662
20802,550450349194
20803,568227919084
20804,555400078734
20805,572472719946
20806,557920098712
20807,577602182643
20808,561996208026
20809,580368854480
20810,566956879346
20811,584620997413
20812,569694620472
20813,589608225663
20814,574014233320
20815,592350126864
20816,578987414684
20817,596844990570
20818,581552530722
20819,602095369184
20820,585864748068
20821,604814376069
20822,591095877782
20823,609154643354
20824,593883035234
20825,614421006506
20826,598196971838
20827,617358782005
20828,603287174054
20829,621951779900
20830,606042773980
20831,627231618973
20832,610614100090
20833,629985832168
20834,615964778404
20835,634579349615
20836,618693151316
20837,640126601550
20838,623101538058
20839,643117689841
20840,628465867900
20841,647703456436
20842,631425970482
20843,653102028165
20844,636092107394
20845,656061974731
20846,641472093154
20847,660911720010
20848,644233974290
20849,666589386111
20850,648894775510
20851,669520225928
20852,654550230444
20853,674206699738
20854,657550829620
20855,679888325848
20856,662212950702
20857,683056630389
20858,667708925080
20859,688012890220
20860,670681281130
20861,693708864697
20862,675603608252
20863,696679638218
20864,681385582268
20865,701627316782
20866,684325349640
20867,707615344518
20868,689074006972
20869,710826121214
20870,694865652730
20871,715771481747
20872,698049657554
20873,721593927232
20874,703078948866
20875,724773381412
20876,708873552292
20877,729999817583
20878,711846288722
20879,736115967854
20880,716868448096
20881,739266011244
20882,722959560030
20883,744302368857
20884,726188537314
20885,750426580439
20886,731200664838
20887,753831883618
20888,737125739700
20889,759156058602
20890,740309609286
20891,765292431167
20892,745608305786
20893,768476411434
20894,751834166400
20895,773798470144
20896,754985132188
20897,780231627706
20898,760092995164
20899,783679535508
20900,766321954390
20901,788993960685
20902,769738227726
20903,795251174424
20904,775134049650
20905,798660299023
20906,781369916732
20907,804268787863
20908,784557479278
20909,810845477580
20910,789943028238
20911,814210350849
20912,796494445328
20913,819616870802
20914,799949077324
20915,826197858854
20916,805331243076
20917,829836015633
20918,811686027894
20919,835550078776
20920,815098345088
20921,842134275989
20922,820781984562
20923,845541396277
20924,827460942550
20925,851235736280
20926,830832812534
20927,858143849187
20928,836305686288
20929,861828443655
20930,842991337380
20931,867515477276
20932,846633782362
20933,874229786069
20934,852416496116
20935,877867511261
20936,859106625392
20937,883872606741
20938,862503271388
20939,890912893749
20940,868274012942
20941,894505998817
20942,875292022218
20943,900292171523
20944,878981507876
20945,907334682177
20946,884729439628
20947,911220018993
20948,891541635950
20949,917326001552
20950,895180331548
20951,924377319129
20952,901253472368
20953,927995906627
20954,908408619348
20955,934086028503
20956,911996491552
20957,941479195709
20958,917845110434
20959,945397465006
20960,924991577988
20961,951474043254
20962,928873810010
20963,958650359650
20964,935052136146
20965,962522385775
20966,942199783074
20967,968923328805
20968,945818194714
20969,976450747628
20970,951972391516
20971,980272669157
20972,959476490598
20973,986438468035
20974,963388273442
20975,993966151856
20976,969525488344
20977,998088036712
20978,976803507908
20979,1004601234701
20980,980662798704
20981,1012119828704
20982,987140366734
20983,1015964679027
20984,994776496678
20985,1022453227576
20986,998586794488
20987,1030336838412
20988,1004808274418
20989,1034497255933
20990,1012436312528
20991,1040963525770
20992,1016558861852
20993,1048617591997
20994,1023131120492
20995,1052712249951
20996,1030757354478
20997,1059528863568
20998,1034585628406
20999,1067554478294
21000,1041139272188
21001,1071592706729
21002,1049126959744
21003,1078154053215
21004,1053275518370
21005,1086169150714
21006,1059802118874
21007,1090536683066
21008,1067548781740
21009,1097448070897
21010,1071636823250
21011,1105456547465
21012,1078519677412
21013,1109522352159
21014,1086650452572
21015,1116408924221
21016,1090669275272
21017,1124800922969
21018,1097280886694
21019,1129195406090
21020,1105400032672
21021,1136061166105
21022,1109748982190
21023,1144189929360
21024,1116733048406
21025,1148516601045
21026,1124838283882
21027,1155752335977
21028,1128881016150
21029,1164274663932
21030,1135821992762
21031,1168540742729
21032,1144317747816
21033,1175491227608
21034,1148696617878
21035,1184007098265
21036,1155610264114
21037,1188602877816
21038,1163842253846
21039,1195932972404
21040,1168148232820
21041,1204434927806
21042,1175444044678
21043,1208709836015
21044,1184066117566
21045,1216007945063
21046,1188301479630
21047,1224908060254
21048,1195305940502
21049,1229535960910
21050,1203912558038
21051,1236792221998
21052,1208498204230
21053,1245415713214
21054,1215883908048
21055,1249969132873
21056,1224481654298
21057,1257615743159
21058,1228719996666
21059,1266654161793
21060,1236067302246
21061,1271130618818
21062,1245072046914
21063,1278480240677
21064,1249670131194
21065,1287488121091
21066,1256981213166
21067,1292322832979
21068,1265694436470
21069,1300069489844
21070,1270217836498
21071,1309062063142
21072,1277918426982
21073,1313547861169
21074,1287049967382
21075,1321249596196
21076,1291494317976
21077,1330669760389
21078,1298879048854
21079,1335513852799
21080,1307991040448
21081,1343172525556
21082,1312796131344
21083,1352292460195
21084,1320593654690
21085,1357055719303
21086,1329671115634
21087,1365126365371
21088,1334113821916
21089,1374672342544
21090,1341863092440
21091,1379360883940
21092,1351372812004
21093,1387093436128
21094,1356190639688
21095,1396612127269
21096,1363892438716
21097,1401673212147
21098,1373095924698
21099,1409825891208
21100,1377815399726
21101,1419322415934
21102,1385930295818
21103,1424004751486
21104,1395573887484
21105,1432112378605
21106,1400207228814
21107,1442040097680
21108,1407985123274
21109,1447105733627
21110,1417591080842
21111,1455164470088
21112,1422615357838
21113,1464768973005
21114,1430806186096
21115,1469746281176
21116,1440381710752
21117,1478227942733
21118,1445013856666
21119,1488290797731
21120,1453153777374
21121,1493163041153
21122,1463181344360
21123,1501291001524
21124,1468201895412
21125,1511317686135
21126,1476292245500
21127,1516587055692
21128,1485972287498
21129,1525153619145
21130,1490892907068
21131,1535142752315
21132,1499418477156
21133,1540013991422
21134,1509559423940
21135,1548511392239
21136,1514386307638
21137,1558960817529
21138,1522538233024
21139,1564234794507
21140,1532645937110
21141,1572676199017
21142,1537861472142
21143,1582778090935
21144,1546459355986
21145,1587942918218
21146,1556525964424
21147,1596838065504
21148,1561326875028
21149,1607400443744
21150,1569861300472
21151,1612462679187
21152,1580394908620
21153,1620973780058
21154,1585610844352
21155,1631495198514
21156,1594072036948
21157,1636971713309
21158,1604238587338
21159,1645935197838
21160,1609345748360
21161,1656418962499
21162,1618262393912
21163,1661453424713
21164,1628911815534
21165,1670346726636
21166,1633903393672
21167,1681311671787
21168,1642433294840
21169,1686766865300
21170,1653021882474
21171,1695596335202
21172,1658431846278
21173,1706178380166
21174,1667422426872
21175,1711526709232
21176,1677966298276
21177,1720808627997
21178,1682931991782
21179,1731881354797
21180,1691843978016
21181,1737114328166
21182,1702882735854
21183,1745989065606
21184,1708266250676
21185,1757010286865
21186,1717101557946
21187,1762669066510
21188,1727746963670
21189,1772026726659
21190,1733009773668
21191,1782983462245
21192,1742324835714
21193,1788176496309
21194,1753463911222
21195,1797454220086
21196,1758613540276
21197,1808914828931
21198,1767488683522
21199,1814550914067
21200,1778569582046
21201,1823743007490
21202,1784154737370
21203,1834803718081
21204,1793516780954
21205,1840299912081
21206,1804540237880
21207,1849977292290
21208,1809643942314
21209,1861546566101
21210,1818925378934
21211,1866920126554
21212,1830446547088
21213,1876160328605
21214,1835993668702
21215,1887661423210
21216,1845190603168
21217,1893487617410
21218,1856291076462
21219,1903210476811
21220,1861708637246
21221,1914646640517
21222,1871391705984
21223,1919978936334
21224,1883019124628
21225,1929611751734
21226,1888290115848
21227,1941572229648
21228,1897518493174
21229,1947355165203
21230,1909073079320
21231,1956904187879
21232,1914802855548
21233,1968414366376
21234,1924534923982
21235,1974057728443
21236,1936015159056
21237,1984109552934
21238,1941239858298
21239,1996152894793
21240,1950863905352
21241,2001658567963
21242,1962870374502
21243,2011234512778
21244,1968559084686
21245,2023208903607
21246,1978085434276
21247,2029168992448
21248,1989644409232
21249,2039255323286
21250,1995179828956
21251,2051153700260
21252,2005226649994
21253,2056587918127
21254,2017309587774
21255,2066575161343
21256,2022698826530
21257,2079006812157
21258,2032255814722
21259,2084924266030
21260,2044259217074
21261,2094794843068
21262,2050123602860
21263,2106756212463
21264,2060197848872
21265,2112517286820
21266,2072125459172
21267,2122914130167
21268,2077433779460
21269,2135429450874
21270,2087393927616
21271,2141032220616
21272,2099870613200
21273,2150930946626
21274,2105661893420
21275,2163344768429
21276,2115516124472
21277,2169429501194
21278,2127500397408
21279,2179859488088
21280,2133140863514
21281,2192186032248
21282,2143510236316
21283,2197714867957
21284,2156051348934
21285,2208022098296
21286,2161527807276
21287,2220915294691
21288,2171382454426
21289,2226920385119
21290,2183830683468
21291,2237110555292
21292,2189793118974
21293,2249501251006
21294,2200191352222
21295,2255342312062
21296,2212532114562
21297,2266075202194
21298,2217914784312
21299,2279029615092
21300,2228189726544
21301,2284708967011
21302,2241098083894
21303,2294891350997
21304,2246985177950
21305,2307741571988
21306,2257128498020
21307,2313922107811
21308,2269526203042
21309,2324656085154
21310,2275222906898
21311,2337408346177
21312,2285916102876
21313,2342985936491
21314,2298888330176
21315,2353596511180
21316,2304412130618
21317,2366912850440
21318,2314551970700
21319,2372999694641
21320,2327410676000
21321,2383477223567
21322,2333448918026
21323,2396259695287
21324,2344134307808
21325,2402166948538
21326,2356880017676
21327,2413198490858
21328,2362306498304
21329,2426574305637
21330,2372853067462
21331,2432285018727
21332,2386190093016
21333,2442742152175
21334,2392124980026
21335,2456001598317
21336,2402542552418
21337,2462230556155
21338,2415311249178
21339,2473260316428
21340,2421055263802
21341,2486396362692
21342,2432036078108
21343,2492003440439
21344,2445402806840
21345,2502871458404
21346,2450958300558
21347,2516602577230
21348,2461344505162
21349,2522734363112
21350,2474593878584
21351,2533458695467
21352,2480661879202
21353,2546621530296
21354,2491619838848
21355,2552549696513
21356,2504744624578
21357,2563858479794
21358,2510164863160
21359,2577611204660
21360,2520975866092
21361,2583336391874
21362,2534696382184
21363,2594036672300
21364,2540658619636
21365,2607661291396
21366,2551297603256
21367,2613926189362
21368,2564430420488
21369,2625204093094
21370,2570183825922
21371,2638704934286
21372,2581411090256
21373,2644286285557
21374,2595157382612
21375,2655401086385
21376,2600699461566
21377,2669513862560
21378,2611306223076
21379,2675642649130
21380,2624899401218
21381,2686598268180
21382,2630980442908
21383,2700097350932
21384,2642182041720
21385,2706016112205
21386,2655635976140
21387,2717552073747
21388,2661036175180
21389,2731671721706
21390,2672059182176
21391,2737375289299
21392,2686143485928
21393,2748266451901
21394,2692077579610
21395,2762243353844
21396,2702929568708
21397,2768491454141
21398,2716386848096
21399,2779993279845
21400,2722101403114
21401,2793805868237
21402,2733556928572
21403,2799348087600
21404,2747637788994
21405,2810671049605
21406,2753133655848
21407,2825115986827
21408,2763913454896
21409,2831220826092
21410,2777836512368
21411,2842357825666
21412,2783892550866
21413,2856166122526
21414,2795280411734
21415,2862024672680
21416,2809052987344
21417,2873769762565
21418,2814377054766
21419,2888216441425
21420,2825589023008
21421,2893842712100
21422,2839981663156
21423,2904910656294
21424,2845872596658
21425,2919185514286
21426,2856893716740
21427,2925389307514
21428,2870627237138
21429,2937059226380
21430,2876280314044
21431,2951167857403
21432,2887914953880
21433,2956625390256
21434,2902301157326
21435,2968102911158
21436,2907697994122
21437,2982862790728
21438,2918627714612
21439,2988890092414
21440,2932842620916
21441,3000177647620
21442,2938816033888
21443,3014239235893
21444,2950377203310
21445,3020014534444
21446,2964409346826
21447,3031929032106
21448,2969631125344
21449,3046647784814
21450,2980969911498
21451,3052177314876
21452,2995655207800
21453,3063363557220
21454,3001457486824
21455,3077908760594
21456,3012596436870
21457,3084004742568
21458,3026583421846
21459,3095824442474
21460,3032122216258
21461,3110185992952
21462,3043900468650
21463,3115502524046
21464,3058535695890
21465,3127111923325
21466,3063811067068
21467,3142130249538
21468,3074852104622
21469,3148045377171
21470,3089297708750
21471,3159424137091
21472,3095170542386
21473,3173718137494
21474,3106842397564
21475,3179368148706
21476,3121105206952
21477,3191391110232
21478,3126159817016
21479,3206360217464
21480,3137611251206
21481,3211731720453
21482,3152542445844
21483,3223003606778
21484,3158197713486
21485,3237756502788
21486,3169428203934
21487,3243726623062
21488,3183614597122
21489,3255647023449
21490,3189001213694
21491,3270200140497
21492,3200866342592
21493,3275353186256
21494,3215726019856
21495,3287034934137
21496,3220836608526
21497,3302274307872
21498,3231922792914
21499,3308018469898
21500,3246580558944
21501,3319465314106
21502,3252287744228
21503,3333944068067
21504,3264041351952
21505,3339402552874
21506,3278469818566
21507,3351512268837
21508,3283338284574
21509,3366669033471
21510,3294848514666
21511,3371849545240
21512,3309966171912
21513,3383141314906
21514,3315451381710
21515,3398078103529
21516,3326714330962
21517,3403871554312
21518,3341059147450
21519,3415831241759
21520,3346235313040
21521,3430551485921
21522,3358158596362
21523,3435478267676
21524,3373195922086
21525,3447195670312
21526,3378076109220
21527,3462591872832
21528,3389188643860
21529,3468136615110
21530,3403990324836
21531,3479602345426
21532,3409501728076
21533,3494200773533
21534,3421265276008
21535,3499446743914
21536,3435837309316
21537,3511575818688
21538,3440468927320
21539,3526881969050
21540,3451978507270
21541,3531803640785
21542,3467252561410
21543,3543091654887
21544,3472506602652
21545,3558160470964
21546,3483760427438
21547,3563714960451
21548,3498200258320
21549,3575685684842
21550,3503137584476
21551,3590506225961
21552,3515073912690
21553,3595168446527
21554,3530218891556
21555,3606853705226
21556,3534847639490
21557,3622378437449
21558,3545916205100
21559,3627678072787
21560,3560825854898
21561,3639092272519
21562,3566070870556
21563,3653782468638
21564,3577824378786
21565,3658749619543
21566,3592484450314
21567,3670858862098
21568,3596816083206
21569,3686243808693
21570,3608293955094
21571,3690885256478
21572,3623659665958
21573,3702115275461
21574,3628641321332
21575,3717244701689
21576,3639823720546
21577,3722533627691
21578,3654327243708
21579,3734448506711
21580,3658979536438
21581,3749327141513
21582,3670853135320
21583,3753659694895
21584,3686082424240
21585,3765284027392
21586,3690390995210
21587,3780882650663
21588,3701379308768
21589,3785866069073
21590,3716323045416
21591,3797204303622
21592,3721282620422
21593,3811914034200
21594,3732965770938
21595,3816565544018
21596,3747644722580
21597,3828584488590
21598,3751651368684
21599,3844018293959
21600,3763032781654
21601,3848323866447
21602,3778444015928
21603,3859427278160
21604,3783090062796
21605,3874589316907
21606,3794166428908
21607,3879545791871
21608,3808681756906
21609,3891361410330
21610,3812979004122
21611,3906225788957
21612,3824768223240
21613,3910201694226
21614,3840004476298
21615,3921710099051
21616,3843959678668
21617,3937308001933
21618,3854792676964
21619,3941953488462
21620,3869742968978
21621,3953142378759
21622,3874360925516
21623,3967828344753
21624,3885909367386
21625,3972094160209
21626,3900574295030
21627,3983992667373
21628,3904190908144
21629,3999417898283
21630,3915428986732
21631,4003323432292
21632,3930815478490
21633,4014268892033
21634,3935096907058
21635,4029388771126
21636,3946019319992
21637,4033972766557
21638,3960467815720
21639,4045616935275
21640,3964389330068
21641,4060434271320
21642,3976017331108
21643,4064005052092
21644,3991219860594
21645,4075322466693
21646,3994750180442
21647,4090888591464
21648,4005404096116
21649,4095125402737
21650,4020300032600
21651,4106122785797
21652,4024510930020
21653,4120709769910
21654,4035890282322
21655,4124566764525
21656,4050470636914
21657,4136288484891
21658,4053656343492
21659,4151626524731
21660,4064683239894
21661,4155105737551
21662,4080009844454
21663,4165821939493
21664,4083880736098
21665,4180852718084
21666,4094567452136
21667,4184997631901
21668,4108923938414
21669,4196440129073
21670,4112398821942
21671,4211150317323
21672,4123827046046
21673,4214243053236
21674,4138916113114
21675,4225344575186
21676,4142001917840
21677,4240801048580
21678,4152414648722
21679,4244592132505
21680,4167182955134
21681,4255323699667
21682,4170961413388
21683,4269779422506
21684,4182102628938
21685,4273173553612
21686,4196548722474
21687,4284642521040
21688,4199241525964
21689,4299863110726
21690,4210022681294
21691,4302850107813
21692,4225231348702
21693,4313291763256
21694,4228618890020
21695,4328156701614
21696,4239050731766
21697,4331835887538
21698,4253233174520
21699,4343019029350
21700,4256227358786
21701,4357545412131
21702,4267378350184
21703,4360140927842
21704,4282324468814
21705,4370948029230
21706,4284911267368
21707,4386248332129
21708,4295015089248
21709,4389525375268
21710,4309620646530
21711,4399960718885
21712,4312902554138
21713,4414225085833
21714,4323756894562
21715,4417090064047
21716,4337996096842
21717,4428277127617
21718,4340168794038
21719,4443300850095
21720,4350654564590
21721,4445756386528
21722,4365663200750
21723,4455851834585
21724,4368550706212
21725,4470516650738
21726,4378646664508
21727,4473682101351
21728,4392613934004
21729,4484529025941
21730,4395058372558
21731,4498839367527
21732,4405906536920
21733,4500868555958
21734,4420647195848
21735,4511340296054
21736,4422670664366
21737,4526405497855
21738,4432432649080
21739,4529147252145
21740,4446802026576
21741,4539230866568
21742,4449548052034
21743,4553222491018
21744,4460047720880
21745,4555537334178
21746,4474044503432
21747,4566368292940
21748,4475653907524
21749,4581147065670
21750,4485761709054
21751,4583007381675
21752,4500545181804
21753,4592727469622
21754,4502861692634
21755,4607131828019
21756,4512585833498
21757,4609712281252
21758,4526257312188
21759,4620197383907
21760,4528135795626
21761,4634214316359
21762,4538618770358
21763,4635645139704
21764,4553076961692
21765,4645706425524
21766,4554518437198
21767,4660503657256
21768,4563872039330
21769,4662659469619
21770,4577953098286
21771,4672315680748
21772,4580103235912
21773,4686007065084
21774,4590216626416
21775,4687706136423
21776,4603914396564
21777,4698136394707
21778,4604890194434
21779,4712595219798
21780,4614602551290
21781,4713838925975
21782,4629077214172
21783,4723127450707
21784,4630793734312
21785,4737193256033
21786,4640068899570
21787,4739175750544
21788,4653416616814
21789,4749223117304
21790,4654680172984
21791,4762898151318
21792,4664730330966
21793,4763666901055
21794,4678873554740
21795,4773291396309
21796,4679671830846
21797,4787760309298
21798,4688570940850
21799,4789265619784
21800,4702295017936
21801,4798471310207
21802,4703825559538
21803,4811783058368
21804,4713502757984
21805,4812833732817
21806,4726820711232
21807,4822793306799
21808,4727154756054
21809,4836898404913
21810,4736390978084
21811,4837485115870
21812,4750516287564
21813,4846268108189
21814,4751568472010
21815,4859965150552
21816,4760375062464
21817,4861282969975
21818,4773339252642
21819,4870854040452
21820,4773926859464
21821,4884112992306
21822,4783516208474
21823,4884205159641
21824,4797271525300
21825,4893339418912
21826,4797393851560
21827,4907399769956
21828,4805775236290
21829,4908241757536
21830,4819107623700
21831,4916924399470
21832,4819981491018
21833,4929814486414
21834,4829142920010
21835,4930158722418
21836,4842058887224
21837,4939621337695
21838,4841687218428
21839,4953314842096
21840,4850416869516
21841,4953178768002
21842,4864113115428
21843,4961437542030
21844,4864492291060
21845,4974690959698
21846,4872774133992
21847,4975316099164
21848,4885280270326
21849,4984341017189
21850,4885180301320
21851,4997156443908
21852,4894244106404
21853,4996529524745
21854,4907563621052
21855,5005100994060
21856,4906959023296
21857,5018729795568
21858,4914794331062
21859,5018849923237
21860,4927682850370
21861,5026971198974
21862,4927835986286
21863,5039366413138
21864,4936470797158
21865,5038991917426
21866,4948905331210
21867,5047907565849
21868,4947806244324
21869,5061111939241
21870,4955958657886
21871,5060249297178
21872,4969203113982
21873,5067914922326
21874,4968865140886
21875,5080681103546
21876,4976558377308
21877,5080558558690
21878,4988584394502
21879,5089014542272
21880,4987742528720
21881,5101332086961
21882,4996237419170
21883,5099931585770
21884,5009056452364
21885,5107924226758
21886,5007712187990
21887,5121042621200
21888,5014961629770
21889,5120417069188
21890,5027326619828
21891,5127915750219
21892,5026758584672
21893,5139790065140
21894,5034792685040
21895,5138662216445
21896,5046712343120
21897,5146961300675
21898,5044831054482
21899,5159656451726
21900,5052392520752
21901,5158009187949
21902,5065129257334
21903,5165048361789
21904,5064023241552
21905,5177260226546
21906,5071108748230
21907,5176384001206
21908,5082584652980
21909,5184225396102
21910,5080979641324
21911,5195970150617
21912,5088850123988
21913,5193794127494
21914,5101138283968
21915,5201142929169
21916,5099027210366
21917,5213715167162
21918,5105619162928
21919,5212293549879
21920,5117447513462
21921,5219152758821
21922,5116101562520
21923,5230456988077
21924,5123509880740
21925,5228519408829
21926,5134844382298
21927,5236189586806
21928,5132184374402
21929,5248305435369
21930,5139104994718
21931,5245858736032
21932,5151264987396
21933,5252212657893
21934,5149390370332
21935,5263846449022
21936,5155812305688
21937,5262185166232
21938,5166698269042
21939,5269347254029
21940,5164287651902
21941,5280505403303
21942,5171514227722
21943,5277505891713
21944,5183228656582
21945,5284181334900
21946,5180294266014
21947,5296141322168
21948,5186228879906
21949,5293922084004
21950,5197450022718
21951,5300099978930
21952,5195313964036
21953,5310765519905
21954,5202034047416
21955,5308028693080
21956,5212768896640
21957,5315006578675
21958,5209300332968
21959,5326505667661
21960,5215524768578
21961,5323218775534
21962,5227090763748
21963,5328876987442
21964,5224402936714
21965,5339887462549
21966,5230131213804
21967,5337391785364
21968,5240372700838
21969,5343870580578
21970,5237153774586
21971,5354374679750
21972,5243703959386
21973,5350539036476
21974,5254773608568
21975,5356487239069
21976,5251033151036
21977,5367819169030
21978,5256243290716
21979,5364780071059
21980,5266829838280
21981,5370217423899
21982,5263863280492
21983,5380233693874
21984,5269891451814
21985,5376650675977
21986,5279978734318
21987,5382915428404
21988,5275662466218
21989,5393739964663
21990,5281184458872
21991,5389616752733
21992,5292095712566
21993,5394545987556
21994,5288583040322
21995,5404868469920
21996,5293572913466
21997,5401549526057
21998,5303153528616
21999,5407286676292
22000,5299112020488
22001,5417111500869
22002,5304920305728
22003,5412407434373
22004,5315341622226
22005,5417622319877
22006,5310751698852
22007,5428281918160
22008,5315227074798
22009,5424380329225
22010,5325118485734
22011,5429079779057
22012,5321332229176
22013,5438387455844
22014,5326632417626
22015,5433953921679
22016,5336016047798
22017,5439456769631
22018,5330864220802
22019,5449594482219
22020,5335637440988
22021,5444620046802
22022,5345864684516
22023,5448764149732
22024,5341499058198
22025,5458396941333
22026,5345741828118
22027,5454220111549
22028,5354629062518
22029,5459197019409
22030,5349722889156
22031,5468287981227
22032,5354802717274
22033,5462728539700
22034,5364511777234
22035,5467181954277
22036,5359074668682
22037,5477109472592
22038,5362768269802
22039,5472366308125
22040,5371961276306
22041,5476279089818
22042,5367337560026
22043,5484856000042
22044,5371862741018
22045,5479543474543
22046,5380541042746
22047,5484282621616
22048,5374525362980
22049,5493701760557
22050,5378527798250
22051,5487842128918
22052,5388025993328
22053,5491213110020
22054,5382821835996
22055,5500096117708
22056,5386298796404
22057,5495061402791
22058,5394431905042
22059,5499239825727
22060,5388692285108
22061,5507592876151
22062,5392989246484
22063,5501168478951
22064,5401971939608
22065,5504814883798
22066,5395660040870
22067,5514013329091
22068,5398581030114
22069,5508394882802
22070,5407042243956
22071,5511510928842
22072,5401553739302
22073,5519315334166
22074,5405308669284
22075,5513145748850
22076,5413233184756
22077,5517097793871
22078,5406359347582
22079,5525740640650
22080,5409562693646
22081,5519026147847
22082,5418323022872
22083,5521580801392
22084,5412277663790
22085,5529700489882
22086,5414942420602
22087,5523787353173
22088,5422333711110
22089,5527173694432
22090,5415726726194
22091,5534762622625
22092,5419240235042
22093,5527446869845
22094,5427451623882
22095,5530298700424
22096,5420293078802
22097,5538721379003
22098,5422418169762
22099,5532240306086
22100,5430100524550
22101,5534526236663
22102,5423777170188
22103,5541556094445
22104,5426730165224
22105,5534529043028
22106,5433883110980
22107,5537652853458
22108,5426139726400
22109,5545531848251
22110,5428549680168
22111,5537938447439
22112,5436553532304
22113,5539675920985
22114,5429636202840
22115,5546994680638
22116,5431514435502
22117,5540228304903
22118,5438117268024
22119,5542806357079
22120,5430662538496
22121,5549586323543
22122,5433354599574
22123,5541419749579
22124,5440802369062
22125,5543441994261
22126,5432799814162
22127,5551073838277
22128,5434097988976
22129,5543717990586
22130,5441012591528
22131,5545191044893
22132,5433836934062
22133,5551428589100
22134,5435982066762
22135,5543521239296
22136,5442335960352
22137,5545843507530
22138,5433749943954
22139,5552914238035
22140,5435360575544
22141,5544459891763
22142,5442561505322
22143,5545354598592
22144,5434819203428
22145,5551882786954
22146,5435869958326
22147,5544270755680
22148,5441683964090
22149,5546006285192
22150,5433372341342
22151,5551993361754
22152,5435267394414
22153,5542961387643
22154,5441928015278
22155,5544158503396
22156,5433068475556
22157,5550971366407
22158,5433565825904
22159,5542773785531
22160,5439677412118
22161,5543427974006
22162,5431664655478
22163,5548835637685
22164,5432987854036
22165,5540093114956
22166,5438551674554
22167,5541578954259
22168,5429139156008
22169,5547843376254
22170,5429914267770
22171,5538528182783
22172,5436336049298
22173,5538601187167
22174,5427754268252
22175,5544323258826
22176,5427993789418
22177,5535853039068
22178,5432987474778
22179,5536778089831
22180,5423859688920
22181,5541939968844
22182,5424950231720
22183,5532066964245
22184,5430792696950
22185,5532425075692
22186,5421120861880
22187,5538431498939
22188,5420797575942
22189,5529406069688
22190,5426106668950
22191,5529212612507
22192,5417262630236
22193,5533820097051
22194,5417778545436
22195,5524236778392
22196,5422548948716
22197,5524898866229
22198,5412299445126
22199,5530328821611
22200,5412281004008
22201,5520196152514
22202,5417886110666
22203,5519452596017
22204,5408496043866
22205,5524336450362
22206,5407908061722
22207,5515059166553
22208,5412107214824
22209,5515153124814
22210,5402176568012
22211,5519495026454
22212,5402442717366
22213,5508786972573
22214,5407496005888
22215,5508331139601
22216,5397012692150
22217,5513528831945
22218,5395877094126
22219,5503671799787
22220,5400368384322
22221,5502672554706
22222,5390735894604
22223,5506448401351
22224,5390455994688
22225,5496058360936
22226,5394397819308
22227,5495887783762
22228,5383373350298
22229,5500508488596
22230,5382539813438
22231,5489578148886
22232,5387340852196
22233,5488000852298
22234,5377146170976
22235,5492081416053
22236,5375769055274
22237,5481994442012
22238,5379170163126
22239,5481271925739
22240,5368440684082
22241,5484785531149
22242,5367917896870
22243,5473294315808
22244,5372158590068
22245,5472033066719
22246,5360899141104
22247,5476392778691
22248,5358955546400
22249,5465765932336
22250,5362648024434
22251,5463947759800
22252,5352255224392
22253,5466907669942
22254,5351160026108
22255,5455722266345
22256,5354317035974
22257,5454755042749
22258,5342515770296
22259,5458567429346
22260,5340894257260
22261,5446842728101
22262,5344879935954
22263,5444477146915
22264,5333935764438
22265,5447736803385
22266,5331773777494
22267,5436881924588
22268,5334360296506
22269,5435344168517
22270,5322894797004
22271,5438052198093
22272,5321577186728
22273,5425811528202
22274,5325016681146
22275,5423734198329
22276,5313001365560
22277,5427297558525
22278,5310284770580
22279,5415904138229
22280,5313191637764
22281,5413296367372
22282,5302036319378
22283,5415434970399
22284,5300181203332
22285,5403510014511
22286,5302535085086
22287,5401758078064
22288,5290006018800
22289,5404747427173
22290,5287591599372
22291,5392300198444
22292,5290795375592
22293,5389140428136
22294,5279134124762
22295,5391594844958
22296,5276186846162
22297,5379992641370
22298,5277998204148
22299,5377681416460
22300,5265809298804
22301,5379598104618
22302,5263722831574
22303,5366613687079
22304,5266362060528
22305,5363777760042
22306,5253645562088
22307,5366531358489
22308,5250180567060
22309,5354417012985
22310,5252284573160
22311,5351023692670
22312,5240443315664
22313,5352382952225
22314,5237815365956
22315,5339756457788
22316,5239391954240
22317,5337215192261
22318,5226160463710
22319,5339424636099
22320,5223005206788
22321,5326269538708
22322,5225433145300
22323,5322350068851
22324,5213069256510
22325,5324003646849
22326,5209391627312
22327,5311712334276
22328,5210424498298
22329,5308652756676
22330,5197554928734
22331,5309767447792
22332,5194714154612
22333,5296116679187
22334,5196589943172
22335,5292517629867
22336,5183216399990
22337,5294490142084
22338,5178994848856
22339,5281686362840
22340,5180351831242
22341,5277556397181
22342,5167837434166
22343,5278147655924
22344,5164478816146
22345,5264837644128
22346,5165280226604
22347,5261568245061
22348,5151412166322
22349,5262992423729
22350,5147539605704
22351,5249180815710
22352,5149188463064
22353,5244520517941
22354,5136192704142
22355,5245413871796
22356,5131791736642
22357,5232477251778
22358,5132075264860
22359,5228666423417
22360,5118561374306
22361,5229039646634
22362,5115007813860
22363,5214743556149
22364,5116142763504
22365,5210421792845
22366,5102130423980
22367,5211616254098
22368,5097224718710
22369,5198190194082
22370,5097824100482
22371,5193355034263
22372,5084694916642
22373,5193178849060
22374,5080619319624
22375,5179262174062
22376,5080693975674
22377,5175272674393
22378,5066231413140
22379,5175945158477
22380,5061649592804
22381,5161511408574
22382,5062575061534
22383,5156161120509
22384,5048974471250
22385,5156322683202
22386,5043884330104
22387,5142761735831
22388,5043433855716
22389,5138267621827
22390,5029345373504
22391,5137894299751
22392,5025116692318
22393,5123013830227
22394,5025503220976
22395,5117992283248
22396,5010937734674
22397,5118457787362
22398,5005354014612
22399,5104454246425
22400,5005236419314
22401,5098925971204
22402,4991522269988
22403,5098043883920
22404,4986789318536
22405,5083546950736
22406,4986163808514
22407,5078875535673
22408,4971134951638
22409,5078815719206
22410,4965906555516
22411,5063834752602
22412,4966113718104
22413,5057831400712
22414,4951965474534
22415,5057256976115
22416,4946219066566
22417,5043160311583
22418,4945079063190
22419,5037994204743
22420,4930467651490
22421,5036915624392
22422,4925571093660
22423,5021490300779
22424,4925277412526
22425,5015829311020
22426,4910179638264
22427,5015594694943
22428,4903970163526
22429,5001040070099
22430,4903153827518
22431,4994887184407
22432,4888931212014
22433,4993310015506
22434,4883570724366
22435,4978296686235
22436,4882252296876
22437,4972972105262
22438,4866746166474
22439,4972225901516
22440,4860890315084
22441,4956753703652
22442,4860412642410
22443,4950112711662
22444,4845761833690
22445,4948872894631
22446,4839416100216
22447,4934263489393
22448,4837624198484
22449,4928479044296
22450,4822513392244
22451,4926717617504
22452,4817025812426
22453,4910822719589
22454,4816058345774
22455,4904558804111
22456,4800498935926
22457,4903635474873
22458,4793685868758
22459,4888620318103
22460,4792227049890
22461,4881861831001
22462,4777549876080
22463,4879628395127
22464,4771582830566
22465,4864146107603
22466,4769634433306
22467,4858231500927
22468,4753684163192
22469,4856835766570
22470,4747250024196
22471,4840899877449
22472,4746116614450
22473,4833701750241
22474,4731032728942
22475,4831806727248
22476,4724134780324
22477,4816751166549
22478,4721701567522
22479,4810374904840
22480,4706185731214
22481,4807992172131
22482,4700118136294
22483,4791688900039
22484,4698523162722
22485,4784841156383
22486,4682548188936
22487,4783293104785
22488,4675202851956
22489,4767853908210
22490,4673132378076
22491,4760543619514
22492,4658032655046
22493,4757685760562
22494,4651535595272
22495,4741808187992
22496,4648975584466
22497,4735349989430
22498,4632642827336
22499,4733316363084
22500,4625669762540
22501,4717011043554
22502,4623936157822
22503,4709272587124
22504,4608482009036
22505,4706774898503
22506,4601043620444
22507,4691323350990
22508,4598044506372
22509,4684422255119
22510,4582157406446
22511,4681452482711
22512,4575569143678
22513,4664776850007
22514,4573370355360
22515,4657427725464
22516,4557060871610
22517,4655271975690
22518,4549227499958
22519,4639471539219
22520,4546564386988
22521,4631651586433
22522,4531130540206
22523,4628228577840
22524,4524127163522
22525,4612016339029
22526,4521005134042
22527,4605031920596
22528,4504345375188
22529,4602439483015
22530,4496891161840
22531,4585801882991
22532,4494599167750
22533,4577583200919
22534,4478808490018
22535,4574508649834
22536,4470917646388
22537,4558742702891
22538,4467364441436
22539,4551364782539
22540,4451176875318
22541,4547827800953
22542,4444104061558
22543,4530871054177
22544,4441366306020
22545,4523047443706
22546,4424777202490
22547,4520334128979
22548,4416484294178
22549,4504225670457
22550,4413302913720
22551,4495958210037
22552,4397573767580
22553,4492019212405
22554,4390114259374
22555,4475511115143
22556,4386465447550
22557,4468082950094
22558,4369558236404
22559,4464944681119
22560,4361679002148
22561,4448048219873
22562,4358839898186
22563,4439390806615
22564,4342807736746
22565,4435804300338
22566,4334489453146
22567,4419780425219
22568,4330438653750
22569,4411953475964
22570,4313997759196
22571,4407927265950
22572,4306510315588
22573,4390728952488
22574,4303276580836
22575,4382484510199
22576,4286448654480
22577,4379254114930
22578,4277771984272
22579,4362918094948
22580,4274094505600
22581,4354257300209
22582,4258139573302
22583,4349815429691
22584,4250270845014
22585,4333109057041
22586,4246152634064
22587,4325264490284
22588,4229062622460
22589,4321635491486
22590,4220780989834
22591,4304529761640
22592,4217477427842
22593,4295507911700
22594,4201235194886
22595,4291454209696
22596,4192550657242
22597,4275210083507
22598,4188040113752
22599,4267014161788
22600,4171429077412
22601,4262524720025
22602,4163569854636
22603,4245157876507
22604,4159862307084
22605,4236537659072
22606,4142890913390
22607,4232846117322
22608,4133864008658
22609,4216347355088
22610,4129739122678
22611,4207320941183
22612,4113612318762
22613,4202459351681
22614,4105401447098
22615,4185588713465
22616,4100863995706
22617,4177390463029
22618,4083623274902
22619,4173309149338
22620,4075026767462
22621,4156075791477
22622,4071279029280
22623,4146735853063
22624,4054900115386
22625,4142243429765
22626,4045887589058
22627,4125874052070
22628,4040981964558
22629,4117338030260
22630,4024262734408
22631,4112434856090
22632,4016065296568
22633,4094957182778
22634,4011956074704
22635,4086030444590
22636,3994881173624
22637,4081928254954
22638,3985562898766
22639,4065299559465
22640,3981033265300
22641,4055996048202
22642,3964806578602
22643,4050739483340
22644,3956307833850
22645,4033775178179
22646,3951374056100
22647,4025263043997
22648,3934081022896
22649,4020797057096
22650,3925190728360
22651,4003499740919
22652,3921054786984
22653,3993872902377
22654,3904593682586
22655,3989013869774
22656,3895326425860
22657,3972560246686
22658,3890069400180
22659,3963745303321
22660,3873279475516
22661,3958471719893
22662,3864824999014
22663,3940956932225
22664,3860342188914
22665,3931781653323
22666,3843226717242
22667,3927290452848
22668,3833664641742
22669,3910626793200
22670,3828794712122
22671,3901070150860
22672,3812532473762
22673,3895478645917
22674,3803766285872
22675,3878476466044
22676,3798517847024
22677,3869719745149
22678,3781210096960
22679,3864910441240
22680,3772091658384
22681,3847589993507
22682,3767601534096
22683,3837761625828
22684,3751134316372
22685,3832564023956
22686,3741663745036
22687,3816089442301
22688,3736083087800
22689,3807043860623
22690,3719309046888
22691,3801464567841
22692,3710628630574
22693,3783974975969
22694,3705826099416
22695,3774573461200
22696,3688727729674
22697,3769777470193
22698,3678984177662
22699,3753116220624
22700,3673821383180
22701,3743368296114
22702,3657560073924
22703,3737478222602
22704,3648614264356
22705,3720516063520
22706,3643069960170
22707,3711566961285
22708,3625815514978
22709,3706442742192
22710,3616512472722
22711,3689184847689
22712,3611733900616
22713,3679188531060
22714,3595315128166
22715,3673706618003
22716,3585671956090
22717,3657264797488
22718,3579846332632
22719,3648049999248
22720,3563128131944
22721,3642217469896
22722,3554272431648
22723,3624790407541
22724,3549193219906
22725,3615247829851
22726,3532184903152
22727,3610164779697
22728,3522316082526
22729,3593574684775
22730,3516880028154
22731,3583682345493
22732,3500707901256
22733,3577558549656
22734,3491608915668
22735,3560691247533
22736,3485827685590
22737,3551581290979
22738,3468673311288
22739,3546218345779
22740,3459252815210
22741,3529060115836
22742,3454234098384
22743,3518948988847
22744,3437900009866
22745,3513229013710
22746,3428159428226
22747,3496892580785
22748,3422114565838
22749,3487561278019
22750,3405515900396
22751,3481493829790
22752,3396533823058
22753,3464221135194
22754,3391232622116
22755,3454565545520
22756,3374372344906
22757,3449252413284
22758,3364405470608
22759,3432778481573
22760,3358776073272
22761,3422810002857
22762,3342721222026
22763,3416500326940
22764,3333528417138
22765,3399761715191
22766,3327550553896
22767,3390564769786
22768,3310570105682
22769,3384993325048
22770,3301075282616
22771,3367998306741
22772,3295839331556
22773,3357818712436
22774,3279675614354
22775,3351915425440
22776,3269869325126
22777,3335742065182
22778,3263652668136
22779,3326322076664
22780,3247223418912
22781,3320098784320
22782,3238176484460
22783,3303007656399
22784,3232702822604
22785,3293298400934
22786,3216017879532
22787,3287795130507
22788,3206032618186
22789,3271506364512
22790,3200234450756
22791,3261505871331
22792,3184359227806
22793,3255038655174
22794,3175108508344
22795,3238513245321
22796,3168993771782
22797,3229258375837
22798,3152240649192
22799,3223522555145
22800,3142702082124
22801,3206742771665
22802,3137318679600
22803,3196556473286
22804,3121355227836
22805,3190518047552
22806,3111536414360
22807,3174533082879
22808,3105192826642
22809,3165104345278
22810,3088992120312
22811,3158747828592
22812,3079929406644
22813,3141899191674
22814,3074305634630
22815,3132173508370
22816,3057879061084
22817,3126541412563
22818,3047894896258
22819,3110490992535
22820,3041978333512
22821,3100485480062
22822,3026328599780
22823,3093928570323
22824,3017083614878
22825,3077647884285
22826,3010871724018
22827,3068387466312
22828,2994375006822
22829,3062529703736
22830,2984866754948
22831,3046022366294
22832,2979360168230
22833,3035880036615
22834,2963648730298
22835,3029728418043
22836,2953859611352
22837,3014010687931
22838,2947444330370
22839,3004591935948
22840,2931524749148
22841,2998157597970
22842,2922463064188
22843,2981595802808
22844,2916760329308
22845,2971913769733
22846,2900620259102
22847,2966189802836
22848,2890692141412
22849,2950406783791
22850,2884690443736
22851,2940469555154
22852,2869326550862
22853,2933847140774
22854,2860130538270
22855,2917859739568
22856,2853845843142
22857,2908637388532
22858,2837675463396
22859,2902711258797
22860,2828221466440
22861,2886525393099
22862,2822639438964
22863,2876445032486
22864,2807223709096
22865,2870253933027
22866,2797513618758
22867,2854830063861
22868,2791069643940
22869,2845471679811
22870,2775455810634
22871,2838989930867
22872,2766469638288
22873,2822775986386
22874,2760703832016
22875,2813180388074
22876,2744900075354
22877,2807386927285
22878,2735066701252
22879,2791939095873
22880,2729034576196
22881,2782095443078
22882,2713995521106
22883,2775453415619
22884,2704870363200
22885,2759801770476
22886,2698580621186
22887,2750664263777
22888,2682762285956
22889,2744715178794
22890,2673403784496
22891,2728874047057
22892,2667781809718
22893,2718925891293
22894,2652716274386
22895,2712708240731
22896,2643131125494
22897,2697628508384
22898,2636671939614
22899,2688367745060
22900,2621433460756
22901,2681892364363
22902,2612540894760
22903,2666063439956
22904,2606758796452
22905,2656577561452
22906,2591325045520
22907,2650780295836
22908,2581637231104
22909,2635689104561
22910,2575613535614
22911,2625979447762
22912,2560922570516
22913,2619356660261
22914,2551928278040
22915,2604091822488
22916,2545650947246
22917,2595080998359
22918,2530231137222
22919,2589119832544
22920,2521006094528
22921,2573692438098
22922,2515388362506
22923,2563895325794
22924,2500711914758
22925,2557696542422
22926,2491268373426
22927,2542991500761
22928,2484860034062
22929,2533880470325
22930,2470010302092
22931,2527447487105
22932,2461255026466
22933,2512024205428
22934,2455489954608
22935,2502705886568
22936,2440476056882
22937,2496924785564
22938,2430966007952
22939,2482233509872
22940,2424967641524
22941,2472692446284
22942,2410686941260
22943,2466129021141
22944,2401843873860
22945,2451291919806
22946,2395614796434
22947,2442423274504
22948,2380625651754
22949,2436513585823
22950,2371579489694
22951,2421512210170
22952,2366003034164
22953,2411909707007
22954,2351726651444
22955,2405761176185
22956,2342486670736
22957,2391476672482
22958,2336144487444
22959,2382545015262
22960,2321725019070
22961,2376173703007
22962,2313133298976
22963,2361215731814
22964,2307428169270
22965,2352081322707
22966,2292869824220
22967,2346349299358
22968,2283554599118
22969,2332091185872
22970,2277634970216
22971,2322762444793
22972,2263778051124
22973,2316295177452
22974,2255123105464
22975,2301893007702
22976,2248974619902
22977,2293229070435
22978,2234453964684
22979,2287383388380
22980,2225619923534
22981,2272845258720
22982,2220098154042
22983,2263461737077
22984,2206281223416
22985,2257408637558
22986,2197251341498
22987,2243576593832
22988,2191011701146
22989,2234839242301
22990,2177050854850
22991,2228579540514
22992,2168665907100
22993,2214100892133
22994,2163048044018
22995,2205187082760
22996,2148954738414
22997,2199534447982
22998,2139889288430
22999,2185743461091
23000,2134062849040
23001,2176660427481
23002,2120658874384
23003,2170300049606
23004,2112219809096
23005,2156387996201
23006,2106191642790
23007,2147933484589
23008,2092169581042
23009,2142189759758
23010,2083554091812
23011,2128141328255
23012,2078139768816
23013,2119016450432
23014,2064790437228
23015,2113082512818
23016,2056007627484
23017,2099714764569
23018,2049892581118
23019,2091223102983
23020,2036424311672
23021,2085088528436
23022,2028274511052
23023,2071115027788
23024,2022755918314
23025,2062449567593
23026,2009173324854
23027,2056912029698
23028,2000367493894
23029,2043615386508
23030,1994665931082
23031,2034781988720
23032,1981739775948
23033,2028583488723
23034,1973546826684
23035,2015167563413
23036,1967665904742
23037,2006955380104
23038,1954148679422
23039,2001333411966
23040,1945803328654
23041,1987808559618
23042,1940501004848
23043,1978968964161
23044,1927647005494
23045,1973164407675
23046,1919133302226
23047,1960302179511
23048,1913178701110
23049,1952067091525
23050,1900223173442
23051,1946085834581
23052,1892315120222
23053,1932638307316
23054,1886945151832
23055,1924249364205
23056,1873878381546
23057,1918856594643
23058,1865354985808
23059,1906057564505
23060,1859800861166
23061,1897522814384
23062,1847381693702
23063,1891486639213
23064,1839460986794
23065,1878594790802
23066,1833730058274
23067,1870645672329
23068,1820760032748
23069,1865178952832
23070,1812689668608
23071,1852193252121
23072,1807529175250
23073,1843646447751
23074,1795183247546
23075,1838016735180
23076,1786969453892
23077,1825662806741
23078,1781198930812
23079,1817704722277
23080,1768758167348
23081,1811901616990
23082,1761131330690
23083,1799006574499
23084,1755913893500
23085,1790916534296
23086,1743385012266
23087,1785668211689
23088,1735166245146
23089,1773409037151
23090,1729784641984
23091,1765175170420
23092,1717888825240
23093,1759329135557
23094,1710244170232
23095,1746970947809
23096,1704707767762
23097,1739315009727
23098,1692280036956
23099,1734024748506
23100,1684507667460
23101,1721578214296
23102,1679508452690
23103,1713359953953
23104,1667694915568
23105,1707912090612
23106,1659795283030
23107,1696085142143
23108,1654211030394
23109,1688423412020
23110,1642322128698
23111,1682819071775
23112,1634980283250
23113,1670492979768
23114,1629935180144
23115,1662703121273
23116,1617955905110
23117,1657641910272
23118,1610064753108
23119,1645914305959
23120,1604877666624
23121,1638005424644
23122,1593498074594
23123,1632365539855
23124,1586166996316
23125,1620561758291
23126,1580826945248
23127,1613212013234
23128,1568958486976
23129,1608102524136
23130,1561494763246
23131,1596228244491
23132,1556680854158
23133,1588339332065
23134,1545412112880
23135,1583088758945
23136,1537827961694
23137,1571800826294
23138,1532465266614
23139,1564456378216
23140,1521121088750
23141,1559070471432
23142,1514083030170
23143,1547302986836
23144,1509226686298
23145,1539851248061
23146,1497809592388
23147,1534976435703
23148,1490261158496
23149,1523795345128
23150,1485267951838
23151,1516218926043
23152,1474435691112
23153,1510810981841
23154,1467412197636
23155,1499570345123
23156,1462286600060
23157,1492525330414
23158,1450984806302
23159,1487627426507
23160,1443851646948
23161,1476319311969
23162,1439234676470
23163,1468774820787
23164,1428502455730
23165,1463737148691
23166,1421266149202
23167,1452997512778
23168,1416123929536
23169,1445986046439
23170,1405331351042
23171,1440816211105
23172,1398607572066
23173,1429634465054
23174,1393960615892
23175,1422512265417
23176,1383113608048
23177,1417843675924
23178,1375898981236
23179,1407213745684
23180,1371132318288
23181,1399987913982
23182,1360838529584
23183,1394819114391
23184,1354137975938
23185,1384133805018
23186,1349235603342
23187,1377423989615
23188,1338509537280
23189,1372736043454
23190,1331716890172
23191,1361996871539
23192,1327295881366
23193,1354808780342
23194,1317120112650
23195,1350000167350
23196,1310224786872
23197,1339814925559
23198,1305318331968
23199,1333125511053
23200,1295081292938
23201,1328204887719
23202,1288682468524
23203,1317596242328
23204,1284255968872
23205,1310816486503
23206,1273966753674
23207,1306359105192
23208,1267115659740
23209,1296290344076
23210,1262567305780
23211,1289422932321
23212,1252815999274
23213,1284490610088
23214,1246445547856
23215,1274377109031
23216,1241782291940
23217,1267996477165
23218,1231630832924
23219,1263531272823
23220,1225171025838
23221,1253362260586
23222,1220974135660
23223,1246537296117
23224,1211342102336
23225,1241970486719
23226,1204794293772
23227,1232324783668
23228,1200129965158
23229,1225983924216
23230,1190454324232
23231,1221301688563
23232,1184389025752
23233,1211270278503
23234,1180173846820
23235,1204836938311
23236,1170459289982
23237,1200606848973
23238,1163961397246
23239,1191094652009
23240,1159643196646
23241,1184578761008
23242,1150430379176
23243,1179906886775
23244,1144399734972
23245,1170350042615
23246,1139983728992
23247,1164302389827
23248,1130391480230
23249,1160068801010
23250,1124283146128
23251,1150471894865
23252,1120303261968
23253,1144015825786
23254,1111215269930
23255,1139678431508
23256,1105019075816
23257,1130590063369
23258,1100605439786
23259,1124586797566
23260,1091487391228
23261,1120152293846
23262,1085744808810
23263,1110690597511
23264,1081766271528
23265,1104613856955
23266,1072605214452
23267,1100615652492
23268,1066465520488
23269,1091643263630
23270,1062383703266
23271,1085494206989
23272,1053710074202
23273,1081076435879
23274,1048018922748
23275,1072074066700
23276,1043840381630
23277,1066362392391
23278,1034820128300
23279,1062365013864
23280,1029052338294
23281,1053337899237
23282,1025293378806
23283,1047237321545
23284,1016743325326
23285,1043152766914
23286,1010904571510
23287,1034597687870
23288,1006746475656
23289,1028937737777
23290,998163876512
23291,1024754060369
23292,992762291238
23293,1015859747356
23294,989010356560
23295,1010135866254
23296,980400294700
23297,1006363235394
23298,974614778058
23299,997940525081
23300,970775000810
23301,992145556556
23302,962635412004
23303,987982702021
23304,957272028082
23305,979528468383
23306,953347023460
23307,974156472190
23308,944876331230
23309,970400305279
23310,939451008378
23311,961917184093
23312,935916646358
23313,956189241404
23314,927898328692
23315,952344997217
23316,922415087468
23317,944318831776
23318,918502042190
23319,938996759361
23320,910463324708
23321,935071063277
23322,905385132478
23323,926735243963
23324,901863017536
23325,921351414705
23326,893794057744
23327,917816909823
23328,888365714532
23329,909923733411
23330,884767755332
23331,904481761739
23332,877138814576
23333,900575388800
23334,872116505268
23335,892659697744
23336,868434308460
23337,887627016090
23338,860502176632
23339,884098544817
23340,855416278892
23341,876166145286
23342,852110937846
23343,870790562552
23344,844614942424
23345,867190830584
23346,839468652264
23347,859682804430
23348,835814701568
23349,854699817384
23350,828296308080
23351,851028296860
23352,823541486518
23353,843228329840
23354,820246861754
23355,838194862282
23356,812710188210
23357,834887221181
23358,807635062918
23359,827510108340
23360,804265865274
23361,822418569866
23362,797149817208
23363,818769738381
23364,792451469334
23365,811381302639
23366,789012416798
23367,806667829315
23368,781607131022
23369,803383996975
23370,776855940614
23371,795975643724
23372,773778126126
23373,790950211638
23374,766780919628
23375,787589377706
23376,761982008432
23377,780591524572
23378,758569885426
23379,775941949437
23380,751560490582
23381,772511396854
23382,747123958364
23383,765244550969
23384,744058618528
23385,760545661572
23386,737038219566
23387,757463805427
23388,732297778762
23389,750590144279
23390,729170180496
23391,745841926778
23392,722541589266
23393,742449666475
23394,718160402942
23395,735562896393
23396,714961063290
23397,731177429455
23398,708071243918
23399,728118795001
23400,703649798926
23401,721223761638
23402,700783397940
23403,716540461971
23404,694283191210
23405,713418914360
23406,689813121704
23407,706913865034
23408,686641801544
23409,702581238918
23410,680123891486
23411,699400696205
23412,676000898156
23413,692641084655
23414,673162096548
23415,688266808049
23416,666631979730
23417,685409450096
23418,662229649034
23419,679026037628
23420,659327052844
23421,674614577220
23422,653172954602
23423,671458946505
23424,649102958582
23425,665072514482
23426,646139084960
23427,660995481649
23428,639748175236
23429,658161112617
23430,635636845968
23431,651759453372
23432,632991712810
23433,647413564505
23434,626959770378
23435,644526325688
23436,622810413222
23437,638487566295
23438,619874726918
23439,634473891608
23440,613835353982
23441,631528422368
23442,610015748054
23443,625259141712
23444,607386870402
23445,621202180930
23446,601343922960
23447,618563019135
23448,597259824832
23449,612654561624
23450,594576758642
23451,608558677256
23452,588880057998
23453,605648222920
23454,585114317412
23455,599730732337
23456,582380655870
23457,595956388449
23458,576458250744
23459,593339617601
23460,572660268544
23461,587416906144
23462,570220363056
23463,583395042530
23464,564640952166
23465,580727351193
23466,560800821812
23467,575149717732
23468,558096164618
23469,571434601619
23470,552517638290
23471,568715606381
23472,548982859766
23473,562920560619
23474,546568423048
23475,559171609176
23476,540982548556
23477,556745693054
23478,537207823284
23479,551281436728
23480,534738410432
23481,547504256254
23482,529481009256
23483,544820308902
23484,526009605724
23485,539355201020
23486,523489734502
23487,535870276044
23488,518029291578
23489,533468327845
23490,514521473214
23491,528005105361
23492,512280836454
23493,524286899922
23494,507136945826
23495,521839874503
23496,503597237838
23497,516695948475
23498,501114362432
23499,513269726506
23500,495967343992
23501,510771106820
23502,492718410050
23503,505428673566
23504,490501918366
23505,501978929591
23506,485353502388
23507,499748563796
23508,481876002644
23509,494721528448
23510,479614963468
23511,491238268248
23512,474779626666
23513,488775228662
23514,471579073286
23515,483742902157
23516,469275905744
23517,480539274704
23518,464248143928
23519,478341292990
23520,461020997604
23521,473308959804
23522,458971095152
23523,469893219683
23524,454243869732
23525,467650212328
23526,450992941738
23527,462918964945
23528,448714659898
23529,459771356488
23530,443989263778
23531,457485348697
23532,441004504438
23533,452576556705
23534,438979475848
23535,449401085240
23536,434249096782
23537,447371015625
23538,431056832018
23539,442751370791
23540,428994929200
23541,439551395036
23542,424552636190
23543,437298017436
23544,421623393616
23545,432681098640
23546,419517035404
23547,429745515762
23548,414901558374
23549,427735659968
23550,411943506290
23551,423121930882
23552,410078046058
23553,419987136025
23554,405746389306
23555,417939265964
23556,402762726408
23557,413601946159
23558,400690380240
23559,410719263876
23560,396357334978
23561,408638496819
23562,393624063278
23563,404132712644
23564,391782032106
23565,401230268394
23566,387450464044
23567,399380076111
23568,384530463298
23569,395149508130
23570,382649029276
23571,392219756998
23572,378589945604
23573,390168095565
23574,375910193362
23575,385943379291
23576,373992708618
23577,383256630848
23578,369767998970
23579,381434673797
23580,367066637520
23581,377209810271
23582,365378042570
23583,374341232995
23584,361413254992
23585,372481364396
23586,358691382060
23587,368517908091
23588,356806290588
23589,365888598904
23590,352846194768
23591,363991771832
23592,350352767516
23593,359879069532
23594,348684301950
23595,357226929124
23596,344730357974
23597,355549113488
23598,342061167718
23599,351684834985
23600,340361079416
23601,349013894645
23602,336654419722
23603,347153642456
23604,334212164706
23605,343292482846
23606,332474740878
23607,340848295341
23608,328620719000
23609,339198072044
23610,326161671366
23611,335341546224
23612,324631488186
23613,332726064702
23614,321022942218
23615,331042986500
23616,318542123706
23617,327434115346
23618,316833337504
23619,325036069116
23620,313225034448
23621,323323740048
23622,310960185840
23623,319571433316
23624,309456468986
23625,317157729989
23626,305849881650
23627,315643100185
23628,303426403330
23629,312126064882
23630,301889886414
23631,309697423585
23632,298516587352
23633,308011773554
23634,296297783036
23635,304501614464
23636,294730500932
23637,302280014596
23638,291226217620
23639,300789737934
23640,288988907554
23641,297281560287
23642,287616066120
23643,294905475480
23644,284334594680
23645,293390027343
23646,282081220688
23647,290105254349
23648,280540156570
23649,287935187136
23650,277262449844
23651,286388028815
23652,275212500372
23653,282976069049
23654,273856886850
23655,280786124256
23656,270585426798
23657,279426422138
23658,268384483496
23659,276235397257
23660,267002224530
23661,274028765178
23662,263942744440
23663,272513299244
23664,261935029658
23665,269326350620
23666,260527187860
23667,267313770278
23668,257343617768
23669,265975256720
23670,255323111238
23671,262792747193
23672,254090515304
23673,260643230121
23674,251115300882
23675,259277344961
23676,249076308514
23677,256305105188
23678,247692987028
23679,254339709354
23680,244725566922
23681,252949747280
23682,242869463028
23683,249856620800
23684,241659947136
23685,247877338840
23686,238695682048
23687,246661302270
23688,236704720902
23689,243769712661
23690,235465816330
23691,241778270341
23692,232700328310
23693,240416123889
23694,230891024916
23695,237530192216
23696,229625511576
23697,235715130552
23698,226748430984
23699,234518672593
23700,224923884822
23701,231641301681
23702,223823056376
23703,229695220141
23704,221134831616
23705,228477887078
23706,219295704248
23707,225790527610
23708,218059589986
23709,224017579719
23710,215375909980
23711,222772426250
23712,213708690764
23713,219978693193
23714,212627990648
23715,218196463817
23716,209950010490
23717,217108385341
23718,208155947972
23719,214501599728
23720,207051732646
23721,212705935433
23722,204559201994
23723,211486194577
23724,202928140212
23725,208882509297
23726,201802972976
23727,207250203186
23728,199205506406
23729,206186767773
23730,197562782610
23731,203587299639
23732,196584901312
23733,201838979515
23734,194164298494
23735,200751123173
23736,192512357490
23737,198330015777
23738,191406132586
23739,196736745576
23740,188992872780
23741,195627462742
23742,187495065480
23743,193110921558
23744,186534333572
23745,191506835294
23746,184122746050
23747,190543975387
23748,182511852454
23749,188196244403
23750,181532705874
23751,186581381884
23752,179288321138
23753,185495589750
23754,177829113674
23755,183153439898
23756,176827129776
23757,181691882995
23758,174490074756
23759,180744496356
23760,173017368394
23761,178410328129
23762,172152443156
23763,176838933031
23764,169980269474
23765,175872405835
23766,168496189316
23767,173697322762
23768,167516606248
23769,172271989863
23770,165347575252
23771,171287998568
23772,164007286936
23773,169023279492
23774,163157995078
23775,167589275097
23776,160993561710
23777,166737194353
23778,159551911026
23779,164629280138
23780,158682650478
23781,163183121620
23782,156674236932
23783,162219588209
23784,155368591422
23785,160121033893
23786,154479960330
23787,158811520893
23788,152384103868
23789,157977408429
23790,151069133830
23791,155882082310
23792,150308711072
23793,154475743436
23794,148359661548
23795,153620902917
23796,147036891948
23797,151673920275
23798,146169152302
23799,150402375633
23800,144225816042
23801,149529383829
23802,143030688084
23803,147503314900
23804,142283853132
23805,146221537963
23806,140348186046
23807,145469571907
23808,139057925478
23809,143584772926
23810,138294567498
23811,142294132390
23812,136498204804
23813,141443926615
23814,135334632896
23815,139563171827
23816,134551125724
23817,138400652266
23818,132677067086
23819,137665047831
23820,131507361524
23821,135790292164
23822,130837761402
23823,134535417446
23824,129100710850
23825,133784113179
23826,127920318560
23827,132047063653
23828,127154626562
23829,130912846412
23830,125420365778
23831,130145910927
23832,124359150760
23833,128334769144
23834,123705425572
23835,127193188079
23836,121975201802
23837,126534338125
23838,120829839926
23839,124853101185
23840,120158631364
23841,123706422739
23842,118556978886
23843,122954773689
23844,117524223286
23845,121280377604
23846,116836909494
23847,120246489135
23848,115167230196
23849,119601750299
23850,114125687416
23851,117930179934
23852,113543808452
23853,116815170003
23854,111996206680
23855,116157176133
23856,110947210714
23857,114609011935
23858,110275156526
23859,113605267840
23860,108732216452
23861,112930925103
23862,107794010186
23863,111316416526
23864,107220947778
23865,110304390034
23866,105683499254
23867,109729575892
23868,104666445028
23869,108236031975
23870,104079297442
23871,107215724102
23872,102656487304
23873,106559573693
23874,101742923072
23875,105069403223
23876,101143362934
23877,104153760234
23878,99656389942
23879,103591269743
23880,98737174260
23881,102106413708
23882,98230040554
23883,101119094201
23884,96855887820
23885,100542026757
23886,95927822962
23887,99170254528
23888,95340736896
23889,98282279085
23890,93972709648
23891,97691706969
23892,93142332258
23893,96257870337
23894,92647266104
23895,95363257949
23896,91281917302
23897,94865876830
23898,90381160080
23899,93538893631
23900,89870765376
23901,92639243981
23902,88611636862
23903,92064408414
23904,87806983404
23905,90743103482
23906,87282042702
23907,89935803727
23908,85966708658
23909,89447925483
23910,85154798316
23911,88132401177
23912,84715458000
23913,87258390708
23914,83499525682
23915,86758892034
23916,82681378486
23917,85543976926
23918,82171689904
23919,84760281398
23920,80959170366
23921,84246994684
23922,80230679780
23923,82977791759
23924,79801634034
23925,82190462773
23926,78593317714
23927,81757783668
23928,77799598542
23929,80587609166
23930,77357813652
23931,79793281647
23932,76247159676
23933,79292518067
23934,75538099284
23935,78124666403
23936,75085059598
23937,77415908794
23938,73921160022
23939,76995233106
23940,73206771068
23941,75830790947
23942,72829138556
23943,75062573839
23944,71756902084
23945,74629683946
23946,71038374926
23947,73557279535
23948,70594580702
23949,72869334659
23950,69527314400
23951,72424395795
23952,68887821752
23953,71305371779
23954,68517719800
23955,70611459798
23956,67452450228
23957,70241445588
23958,66755409264
23959,69208948204
23960,66375727096
23961,68510750792
23962,65395951002
23963,68076917864
23964,64776916866
23965,67048289500
23966,64384937342
23967,66428379678
23968,63358790246
23969,66064879423
23970,62732766156
23971,65040699599
23972,62410048706
23973,64365404210
23974,61468389488
23975,63991408798
23976,60836408092
23977,63048973662
23978,60455316516
23979,62447143488
23980,59516113798
23981,62064219371
23982,58956714478
23983,61076977658
23984,58640012280
23985,60471971404
23986,57703637774
23987,60154055732
23988,57094203254
23989,59246318932
23990,56766812624
23991,58634776742
23992,55909021112
23993,58261432552
23994,55367406706
23995,57358556316
23996,55030038196
23997,56815535090
23998,54129056410
23999,56505962918
24000,53582762178
24001,55605923374
24002,53308594752
24003,55014075508
24004,52481422384
24005,54693652102
24006,51931358028
24007,53867655504
24008,51602902872
24009,53343883038
24010,50778602536
24011,53013187229
24012,50292126270
24013,52148638648
24014,50022910856
24015,51619362664
24016,49202969322
24017,51348441216
24018,48669026076
24019,50553714764
24020,48391353634
24021,50020110516
24022,47640451632
24023,49699986098
24024,47168684370
24025,48908034484
24026,46880110450
24027,48437230340
24028,46091375418
24029,48172885551
24030,45616884642
24031,47383776074
24032,45383171356
24033,46868229762
24034,44661770054
24035,46594923157
24036,44181946384
24037,45874097310
24038,43900624096
24039,45416823565
24040,43180657110
24041,45135888820
24042,42758606338
24043,44378599825
24044,42531595988
24045,43917871022
24046,41813602142
24047,43688310627
24048,41350589018
24049,42994987075
24050,41113938074
24051,42531530301
24052,40458735694
24053,42256296764
24054,40049888104
24055,41566287337
24056,39804605530
24057,41157686165
24058,39116715160
24059,40933056525
24060,38703589338
24061,40244473595
24062,38508465504
24063,39796308437
24064,37879288160
24065,39565291368
24066,37462227898
24067,38935747190
24068,37222998686
24069,38541189653
24070,36596185520
24071,38301170625
24072,36232085710
24073,37640376036
24074,36039335636
24075,37241009085
24076,35415505416
24077,37048166063
24078,35013338006
24079,36445303984
24080,34812752694
24081,36042175777
24082,34243478706
24083,35809269595
24084,33890716188
24085,35208103187
24086,33683615598
24087,34854318532
24088,33083496150
24089,34665759664
24090,32727654644
24091,34066615195
24092,32563895348
24093,33678894923
24094,32017067370
24095,33482241943
24096,31656579944
24097,32937351816
24098,31453969980
24099,32595876843
24100,30910512826
24101,32391990725
24102,30595655982
24103,31817544139
24104,30435640428
24105,31473099245
24106,29893059356
24107,31312211141
24108,29544963864
24109,30787899943
24110,29376977688
24111,30440654121
24112,28883938392
24113,30243013984
24114,28580639520
24115,29720950697
24116,28404975430
24117,29416710195
24118,27885743496
24119,29258660429
24120,27578467704
24121,28739904542
24122,27441800208
24123,28403728834
24124,26968832284
24125,28239699479
24126,26658352402
24127,27767212951
24128,26488314830
24129,27473251640
24130,26016477372
24131,27301561116
24132,25747564038
24133,26803869646
24134,25613971298
24135,26507737593
24136,25143893826
24137,26373028279
24138,24844016678
24139,25920857052
24140,24703877370
24141,25621178168
24142,24278915738
24143,25453966374
24144,24017609636
24145,25002887802
24146,23871370324
24147,24742048783
24148,23421792698
24149,24611231447
24150,23157652448
24151,24161175415
24152,23045061182
24153,23873052769
24154,22637217580
24155,23735484459
24156,22371107500
24157,23327495362
24158,22227375930
24159,23075483991
24160,21821480512
24161,22931976076
24162,21590894432
24163,22502413063
24164,21480028892
24165,22247368454
24166,21074690704
24167,22137058725
24168,20817457822
24169,21746975548
24170,20701609268
24171,21489084712
24172,20334870574
24173,21349161231
24174,20112588946
24175,20960405897
24176,19990255680
24177,20738193339
24178,19602124162
24179,20628800822
24180,19376483910
24181,20242000979
24182,19284514160
24183,19994182371
24184,18934272264
24185,19879596520
24186,18705306912
24187,19529051909
24188,18586617918
24189,19313951648
24190,18237027154
24191,19194637086
24192,18040082162
24193,18823902527
24194,17949364132
24195,18606789290
24196,17600930364
24197,18515786305
24198,17381366852
24199,18180210228
24200,17284852026
24201,17960045238
24202,16971214500
24203,17843291060
24204,16781488862
24205,17509778877
24206,16679795952
24207,17319450570
24208,16346472044
24209,17230858673
24210,16154114120
24211,16897895180
24212,16079988486
24213,16685619950
24214,15779016902
24215,16591118863
24216,15584576610
24217,16291031764
24218,15485484276
24219,16108370519
24220,15185637754
24221,16008590771
24222,15018751328
24223,15691035640
24224,14944960532
24225,15505817664
24226,14646645980
24227,15431443724
24228,14458576138
24229,15144236965
24230,14380447166
24231,14956495134
24232,14112001942
24233,14860299412
24234,13950509044
24235,14573770525
24236,13866936498
24237,14413174666
24238,13581676036
24239,14340414109
24240,13418762490
24241,14055028956
24242,13358174406
24243,13874311037
24244,13101963598
24245,13797003038
24246,12936306908
24247,13541027952
24248,12854252104
24249,13385410659
24250,12598193650
24251,13303919833
24252,12457210116
24253,13031912523
24254,12398169210
24255,12874129530
24256,12142469124
24257,12814399916
24258,11983422090
24259,12569436848
24260,11919576968
24261,12410357653
24262,11690493332
24263,12330037993
24264,11554259844
24265,12086489240
24266,11485946870
24267,11950304362
24268,11242790294
24269,11891143470
24270,11104108660
24271,11647701298
24272,11056655306
24273,11494426883
24274,10838112098
24275,11431798225
24276,10697480936
24277,11213217775
24278,10630453008
24279,11082420732
24280,10412555554
24281,11015391606
24282,10294133368
24283,10782965639
24284,10246252728
24285,10649765865
24286,10029331488
24287,10602063112
24288,9894201350
24289,10394204135
24290,9842333858
24291,10258736457
24292,9648168176
24293,10193638730
24294,9533496790
24295,9985980930
24296,9478254950
24297,9871211103
24298,9270672908
24299,9823915860
24300,9154492508
24301,9616822712
24302,9116788158
24303,9487386933
24304,8931155990
24305,9436278248
24306,8812514632
24307,9251464818
24308,8758104016
24309,9141018091
24310,8573639008
24311,9086108986
24312,8473601302
24313,8888863402
24314,8436230366
24315,8776626432
24316,8251868604
24317,8739230024
24318,8137605884
24319,8562382278
24320,8096269818
24321,8448861178
24322,7931982290
24323,8395475157
24324,7836165332
24325,8219168958
24326,7791059648
24327,8122940940
24328,7615617290
24329,8085578275
24330,7517681390
24331,7910336000
24332,7488113702
24333,7800508263
24334,7331405262
24335,7760018433
24336,7231723256
24337,7603691028
24338,7187970046
24339,7510747522
24340,7031356314
24341,7466561904
24342,6948427534
24343,7299432942
24344,6918970920
24345,7205596266
24346,6762658460
24347,7175766829
24348,6666765078
24349,7027058933
24350,6634108802
24351,6931214811
24352,6495994714
24353,6887801745
24354,6415247744
24355,6739031905
24356,6379723590
24357,6658759844
24358,6231212214
24359,6629600120
24360,6148995350
24361,6480967073
24362,6126472352
24363,6389274902
24364,5994584982
24365,6356878697
24366,5911290622
24367,6224861203
24368,5875647376
24369,6147467870
24370,5744270912
24371,6112053375
24372,5674922838
24373,5971223412
24374,5651945028
24375,5892173587
24376,5520411948
24377,5869771242
24378,5440070196
24379,5744288550
24380,5414731278
24381,5663823343
24382,5298244256
24383,5629020989
24384,5231554234
24385,5503897286
24386,5203092972
24387,5437260637
24388,5077841812
24389,5414212520
24390,5009457316
24391,5289503182
24392,4992540958
24393,5212527584
24394,4882058348
24395,5186761158
24396,4812119474
24397,5076177648
24398,4784184894
24399,5011765192
24400,4673598194
24401,4983929969
24402,4615882266
24403,4864948300
24404,4598588854
24405,4799482018
24406,4488131806
24407,4782275852
24408,4421317758
24409,4676954793
24410,4401212648
24411,4609866205
24412,4304237820
24413,4582099308
24414,4248768220
24415,4477355375
24416,4226149830
24417,4421763743
24418,4121138792
24419,4404519797
24420,4064428112
24421,4299652622
24422,4052259610
24423,4235161872
24424,3959400528
24425,4215340011
24426,3901565812
24427,4122900771
24428,3879349600
24429,4069765580
24430,3786688674
24431,4047296197
24432,3739153634
24433,3948048353
24434,3726257648
24435,3893497689
24436,3634081436
24437,3880466456
24438,3578086974
24439,3792519657
24440,3563169712
24441,3736883245
24442,3482079572
24443,3715098729
24444,3436056338
24445,3627122956
24446,3418617784
24447,3581607100
24448,3330874854
24449,3568507526
24450,3284064654
24451,3480635863
24452,3275012448
24453,3427187882
24454,3198098724
24455,3411927588
24456,3149996342
24457,3335144321
24458,3132376018
24459,3290884554
24460,3055281196
24461,3273745617
24462,3016282844
24463,3190564885
24464,3007075414
24465,3145293768
24466,2929821252
24467,3135951924
24468,2883801126
24469,3062816413
24470,2872398448
24471,3016810980
24472,2804900452
24473,2999445209
24474,2767202746
24475,2926532595
24476,2753781680
24477,2888939495
24478,2680828484
24479,2879098115
24480,2641959156
24481,2806056188
24482,2636028512
24483,2761750759
24484,2572047112
24485,2750400845
24486,2532164878
24487,2686335557
24488,2518640076
24489,2650302974
24490,2454616988
24491,2636863736
24492,2422901636
24493,2567472348
24494,2416086718
24495,2530286665
24496,2352221426
24497,2523767147
24498,2314047104
24499,2463261874
24500,2305517578
24501,2424989657
24502,2249792208
24503,2411764627
24504,2218890616
24505,2351168627
24506,2208892170
24507,2320236127
24508,2148041796
24509,2313240661
24510,2116433094
24511,2252600086
24512,2112472360
24513,2216281344
24514,2059402320
24515,2207477922
24516,2026723440
24517,2154822595
24518,2016425404
24519,2125162658
24520,1963611600
24521,2114792123
24522,1937416688
24523,2057310549
24524,1933111678
24525,2026825706
24526,1880121152
24527,2022560315
24528,1848577292
24529,1972352647
24530,1842475412
24531,1941162435
24532,1796610432
24533,1930861559
24534,1771567994
24535,1880592894
24536,1763813362
24537,1855528905
24538,1713730218
24539,1850714408
24540,1687786252
24541,1800669731
24542,1685334672
24543,1770479342
24544,1641754356
24545,1764370492
24546,1614989090
24547,1720875895
24548,1607303178
24549,1696537833
24550,1563564710
24551,1688803502
24552,1542596810
24553,1641360271
24554,1539710820
24555,1616558608
24556,1495874864
24557,1613692679
24558,1470153304
24559,1572584719
24560,1465914892
24561,1546943108
24562,1428367256
24563,1538985838
24564,1407808786
24565,1497713998
24566,1402356360
24567,1477332384
24568,1360985920
24569,1474287028
24570,1339723306
24571,1432816427
24572,1338628362
24573,1408354886
24574,1302875174
24575,1403869319
24576,1281157606
24577,1368108246
24578,1275221288
24579,1348449501
24580,1239532792
24581,1342715474
24582,1222469206
24583,1303776381
24584,1220730878
24585,1283392630
24586,1184803484
24587,1281963133
24588,1163814122
24589,1248175844
24590,1161108208
24591,1227140174
24592,1130198320
24593,1221256460
24594,1113789156
24595,1187389379
24596,1109808012
24597,1171056223
24598,1075741532
24599,1168993984
24600,1058576324
24601,1135188328
24602,1058353170
24603,1115099557
24604,1029275876
24605,1111938561
24606,1011412950
24607,1082795355
24608,1007243998
24609,1066949502
24610,977966492
24611,1062863706
24612,964173938
24613,1030711837
24614,963421466
24615,1014369277
24616,934048698
24617,1013782175
24618,917069860
24619,986070885
24620,915213976
24621,969037104
24622,890260532
24623,964709741
24624,876962356
24625,937155175
24626,874055176
24627,923832051
24628,846306774
24629,922892096
24630,832479472
24631,895141466
24632,832940070
24633,878748431
24634,809079268
24635,876744719
24636,794815614
24637,853037690
24638,791775544
24639,840340211
24640,767832176
24641,837312422
24642,756853984
24643,811228398
24644,756766150
24645,797947097
24646,732916062
24647,797850992
24648,719010324
24649,775450572
24650,718114694
24651,761668770
24652,697795900
24653,758600212
24654,687071396
24655,736001022
24656,685205386
24657,725518455
24658,662567488
24659,725138289
24660,651532630
24661,702473612
24662,652250994
24663,689254313
24664,633085718
24665,688048130
24666,621478638
24667,668932426
24668,619285068
24669,658622936
24670,599942626
24671,656656028
24672,591224146
24673,635355873
24674,591644876
24675,624605081
24676,572142036
24677,625045305
24678,561067730
24679,606883342
24680,560648730
24681,595861292
24682,544191718
24683,593562256
24684,535690274
24685,575392416
24686,534498670
24687,566967267
24688,516226762
24689,566998791
24690,507258780
24691,548644215
24692,508358936
24693,538011975
24694,492838690
24695,537455650
24696,483457974
24697,521898344
24698,482026030
24699,513787352
24700,466430402
24701,512451103
24702,459579972
24703,495109109
24704,460144854
24705,486575848
24706,444505470
24707,487293162
24708,435564992
24709,472721505
24710,435454378
24711,463741946
24712,422279090
24713,462292205
24714,415536106
24715,447571681
24716,414927274
24717,440817982
24718,400037904
24719,441218452
24720,393010866
24721,426420423
24722,394174902
24723,417918234
24724,381643978
24725,417627472
24726,374221988
24727,405258531
24728,373307222
24729,398781235
24730,360797708
24731,397875817
24732,355301068
24733,383942878
24734,356172782
24735,377132988
24736,343513688
24737,378088732
24738,336285536
24739,366288450
24740,336528920
24741,359215351
24742,325992370
24743,358194085
24744,320721644
24745,346326362
24746,320338110
24747,341053065
24748,308481550
24749,341637849
24750,302860882
24751,329762538
24752,304015632
24753,322889060
24754,294035720
24755,322997912
24756,288119766
24757,313044121
24758,287639328
24759,307874411
24760,277548338
24761,307416521
24762,273316454
24763,296210487
24764,274196056
24765,290861181
24766,264016776
24767,291776846
24768,258305022
24769,282438577
24770,258701916
24771,276767029
24772,250363810
24773,276091832
24774,246135902
24775,266619960
24776,246103954
24777,262488945
24778,236562250
24779,263224231
24780,232080190
24781,253636451
24782,233262992
24783,248229776
24784,225327978
24785,248478706
24786,220683114
24787,240509415
24788,220373594
24789,236489340
24790,212399044
24791,236288081
24792,209078050
24793,227371441
24794,209927892
24795,223056613
24796,201839552
24797,224077481
24798,197312946
24799,216616384
24800,197842890
24801,212069444
24802,191151244
24803,211713149
24804,187934446
24805,204177297
24806,188021862
24807,200986711
24808,180362480
24809,201678081
24810,176881902
24811,194102413
24812,178013006
24813,189782183
24814,171760620
24815,190093341
24816,168019880
24817,183831706
24818,167974060
24819,180681871
24820,161617452
24821,180691915
24822,158995838
24823,173510194
24824,159868358
24825,170211818
24826,153441014
24827,171141790
24828,149901812
24829,165188179
24830,150403466
24831,161637810
24832,145198008
24833,161481053
24834,142647054
24835,155530140
24836,142811968
24837,152991206
24838,136774122
24839,153750074
24840,134043468
24841,147708806
24842,135105672
24843,144267919
24844,130123830
24845,144671953
24846,127248786
24847,139726423
24848,127285618
24849,137317311
24850,122226996
24851,137380001
24852,120245654
24853,131733824
24854,121065874
24855,129109549
24856,116012854
24857,129961534
24858,113174640
24859,125306115
24860,113734150
24861,122510079
24862,109624416
24863,122504744
24864,107628002
24865,117764478
24866,107872028
24867,115852534
24868,103093164
24869,116554414
24870,101008806
24871,111742344
24872,101915610
24873,109064083
24874,98048440
24875,109487880
24876,95780910
24877,105640047
24878,95860862
24879,103713544
24880,91921980
24881,103901616
24882,90401222
24883,99423294
24884,91174900
24885,97354800
24886,87143990
24887,98156591
24888,84975794
24889,94504798
24890,85483110
24891,92345897
24892,82245974
24893,92374457
24894,80729330
24895,88694709
24896,81004550
24897,87209721
24898,77270360
24899,87821538
24900,75604094
24901,84063018
24902,76462404
24903,81971569
24904,73425678
24905,82407170
24906,71632190
24907,79352309
24908,71788848
24909,77921428
24910,68705438
24911,78115015
24912,67563462
24913,74572939
24914,68213620
24915,72994687
24916,65105486
24917,73709161
24918,63387904
24919,70876714
24920,63832868
24921,69163366
24922,61339596
24923,69283709
24924,60187940
24925,66384973
24926,60478860
24927,65228099
24928,57517886
24929,65814081
24930,56272128
24931,62865688
24932,56999600
24933,61247782
24934,54621642
24935,61623626
24936,53257020
24937,59294013
24938,53422406
24939,58173638
24940,51045152
24941,58358682
24942,50155974
24943,55607812
24944,50755216
24945,54392006
24946,48310268
24947,55041761
24948,46964670
24949,52810082
24950,47389364
24951,51507430
24952,45458698
24953,51640438
24954,44596332
24955,49367455
24956,44840842
24957,48507781
24958,42568688
24959,49017220
24960,41603854
24961,46741483
24962,42205564
24963,45455771
24964,40387116
24965,45828434
24966,39334158
24967,44010686
24968,39528442
24969,43146301
24970,37650012
24971,43351812
24972,37006638
24973,41210031
24974,37513698
24975,40292607
24976,35602680
24977,40819293
24978,34576808
24979,39129224
24980,34949528
24981,38115317
24982,33482876
24983,38231642
24984,32805370
24985,36487456
24986,33061080
24987,35842594
24988,31285116
24989,36299836
24990,30532560
24991,34504693
24992,31066270
24993,33540952
24994,29667932
24995,33857752
24996,28870786
24997,32448737
24998,29021858
24999,31807599
25000,27605936
25001,32003962
25002,27114300
25003,30353970
25004,27529058
25005,29632525
25006,26069654
25007,30108252
25008,25283954
25009,28795336
25010,25615168
25011,27999456
25012,24477386
25013,28138011
25014,23990776
25015,26793660
25016,24202494
25017,26319089
25018,22819718
25019,26690209
25020,22266822
25021,25326475
25022,22709276
25023,24577332
25024,21650850
25025,24843621
25026,21023712
25027,23778038
25028,21186566
25029,23293061
25030,20090660
25031,23480657
25032,19714666
25033,22192615
25034,20078522
25035,21662473
25036,18957756
25037,22049933
25038,18367724
25039,21037578
25040,18630384
25041,20446206
25042,17780928
25043,20568789
25044,17410696
25045,19551884
25046,17587266
25047,19181177
25048,16536738
25049,19513844
25050,16115890
25051,18458958
25052,16496158
25053,17874835
25054,15673466
25055,18112081
25056,15215896
25057,17304893
25058,15349552
25059,16953508
25060,14505802
25061,17097112
25062,14239228
25063,16125927
25064,14542190
25065,15719204
25066,13693454
25067,16033984
25068,13229660
25069,15273999
25070,13467032
25071,14821707
25072,12820568
25073,14943302
25074,12533870
25075,14152549
25076,12693154
25077,13895319
25078,11894484
25079,14164586
25080,11588184
25081,13348857
25082,11881900
25083,12915550
25084,11275708
25085,13117547
25086,10924662
25087,12510936
25088,11030796
25089,12236401
25090,10402268
25091,12377940
25092,10207730
25093,11630130
25094,10460750
25095,11315001
25096,9806606
25097,11583830
25098,9468048
25099,11009240
25100,9657994
25101,10675379
25102,9163576
25103,10768597
25104,8963324
25105,10182611
25106,9094650
25107,9987220
25108,8494034
25109,10201196
25110,8253928
25111,9593080
25112,8506766
25113,9263509
25114,8045670
25115,9434646
25116,7775694
25117,8969442
25118,7875704
25119,8778356
25120,7399610
25121,8890664
25122,7266192
25123,8317369
25124,7463050
25125,8090257
25126,6977390
25127,8307629
25128,6715832
25129,7884849
25130,6864960
25131,7622504
25132,6504694
25133,7712428
25134,6356578
25135,7267171
25136,6471208
25137,7120621
25138,6007762
25139,7300591
25140,5841888
25141,6838288
25142,6039574
25143,6596259
25144,5691684
25145,6728630
25146,5494446
25147,6390030
25148,5577374
25149,6245280
25150,5227162
25151,6333609
25152,5121760
25153,5907371
25154,5286544
25155,5740852
25156,4920472
25157,5920214
25158,4721196
25159,5594087
25160,4845766
25161,5407396
25162,4578516
25163,5480205
25164,4475128
25165,5140069
25166,4561042
25167,5038632
25168,4223550
25169,5184711
25170,4096228
25171,4842246
25172,4247726
25173,4652912
25174,3995854
25175,4767534
25176,3851480
25177,4514531
25178,3920748
25179,4404352
25180,3652198
25181,4482901
25182,3585752
25183,4162293
25184,3714814
25185,4042149
25186,3434964
25187,4179012
25188,3292632
25189,3946063
25190,3392234
25191,3802403
25192,3199434
25193,3856121
25194,3118890
25195,3610410
25196,3194474
25197,3536835
25198,2938432
25199,3656740
25200,2842654
25201,3395086
25202,2968000
25203,3261135
25204,2780830
25205,3349016
25206,2676828
25207,3158933
25208,2727560
25209,3084384
25210,2536084
25211,3146124
25212,2486222
25213,2911085
25214,2583248
25215,2818426
25216,2381132
25217,2931530
25218,2274618
25219,2756197
25220,2356982
25221,2648555
25222,2210942
25223,2696761
25224,2157884
25225,2513224
25226,2215298
25227,2464131
25228,2024358
25229,2553415
25230,1957358
25231,2364512
25232,2054368
25233,2263548
25234,1921086
25235,2330239
25236,1839994
25237,2193892
25238,1884474
25239,2141164
25240,1742066
25241,2192986
25242,1704278
25243,2014465
25244,1783840
25245,1950646
25246,1635016
25247,2037650
25248,1559702
25249,1906966
25250,1618374
25251,1830066
25252,1516918
25253,1868459
25254,1478854
25255,1736487
25256,1520436
25257,1697932
25258,1381894
25259,1772287
25260,1334368
25261,1631495
25262,1411398
25263,1553580
25264,1310222
25265,1609735
25266,1255814
25267,1511558
25268,1288468
25269,1474731
25270,1182260
25271,1511072
25272,1160192
25273,1384078
25274,1220350
25275,1336788
25276,1113470
25277,1401277
25278,1055172
25279,1309209
25280,1105076
25281,1252739
25282,1029600
25283,1285203
25284,1000162
25285,1185540
25286,1035274
25287,1162523
25288,934546
25289,1217809
25290,901362
25291,1113034
25292,957102
25293,1059294
25294,888242
25295,1101643
25296,846776
25297,1031693
25298,870940
25299,1003800
25300,796800
25301,1035233
25302,780734
25303,940400
25304,828544
25305,904951
25306,748490
25307,956699
25308,708468
25309,890352
25310,744826
25311,851627
25312,689986
25313,873382
25314,671478
25315,803768
25316,697872
25317,786890
25318,625888
25319,828084
25320,600782
25321,753350
25322,645366
25323,713802
25324,595098
25325,747736
25326,563786
25327,695980
25328,583772
25329,678290
25330,530188
25331,701522
25332,521376
25333,631631
25334,554810
25335,608056
25336,499092
25337,646924
25338,470100
25339,600996
25340,495464
25341,570335
25342,458568
25343,589739
25344,445630
25345,539107
25346,466626
25347,525777
25348,413004
25349,558504
25350,397234
25351,504579
25352,429898
25353,477352
25354,392872
25355,501079
25356,372586
25357,466021
25358,387180
25359,453107
25360,349994
25361,469283
25362,342042
25363,420731
25364,369362
25365,404040
25366,328986
25367,434096
25368,306632
25369,399613
25370,327056
25371,380120
25372,301022
25373,393390
25374,293240
25375,356247
25376,307412
25377,348712
25378,270666
25379,373229
25380,258668
25381,334959
25382,282254
25383,314247
25384,257516
25385,333449
25386,243076
25387,308201
25388,254424
25389,298644
25390,227070
25391,311840
25392,223324
25393,276920
25394,242418
25395,265885
25396,213140
25397,287311
25398,198364
25399,264483
25400,213278
25401,249468
25402,196072
25403,258784
25404,189644
25405,233605
25406,201018
25407,228377
25408,174816
25409,247210
25410,166250
25411,218972
25412,183952
25413,205257
25414,166396
25415,219292
25416,156906
25417,200866
25418,164274
25419,195370
25420,146142
25421,204940
25422,143336
25423,181024
25424,156634
25425,172139
25426,136908
25427,188687
25428,126736
25429,172407
25430,138230
25431,161388
25432,125176
25433,168942
25434,121792
25435,151124
25436,129840
25437,148354
25438,110706
25439,161083
25440,105400
25441,142408
25442,118310
25443,132524
25444,106728
25445,141757
25446,99260
25447,129976
25448,105440
25449,126179
25450,92480
25451,133599
25452,90336
25453,115815
25454,100752
25455,110711
25456,86872
25457,122268
25458,79936
25459,110666
25460,87522
25461,103424
25462,79696
25463,108964
25464,77096
25465,97010
25466,82066
25467,94666
25468,69444
25469,104558
25470,65980
25471,91089
25472,75354
25473,83769
25474,66958
25475,91296
25476,62476
25477,82865
25478,66626
25479,80622
25480,57308
25481,85560
25482,56602
25483,73729
25484,63782
25485,69954
25486,54634
25487,77922
25488,49372
25489,70401
25490,55186
25491,65521
25492,49584
25493,69738
25494,47574
25495,60985
25496,51748
25497,59864
25498,42992
25499,66921
25500,40822
25501,57283
25502,46962
25503,52617
25504,41810
25505,57672
25506,38586
25507,52524
25508,41106
25509,50698
25510,35180
25511,54409
25512,34774
25513,46080
25514,40264
25515,43304
25516,33360
25517,49325
25518,30272
25519,44355
25520,34160
25521,41083
25522,30256
25523,43541
25524,29164
25525,38153
25526,32006
25527,37390
25528,26282
25529,42018
25530,24494
25531,35665
25532,29224
25533,32491
25534,25604
25535,36340
25536,23280
25537,32323
25538,25304
25539,31544
25540,21312
25541,34090
25542,21224
25543,28196
25544,24582
25545,26592
25546,20442
25547,30845
25548,18114
25549,27577
25550,20526
25551,25155
25552,18274
25553,27257
25554,17650
25555,23383
25556,19614
25557,22691
25558,15594
25559,26289
25560,14656
25561,21869
25562,17816
25563,19848
25564,15274
25565,22241
25566,14012
25567,19896
25568,15238
25569,19310
25570,12706
25571,20849
25572,12548
25573,17166
25574,15070
25575,16083
25576,12140
25577,19075
25578,10434
25579,16753
25580,12414
25581,15349
25582,10770
25583,16682
25584,10522
25585,13931
25586,11772
25587,13738
25588,9202
25589,16123
25590,8574
25591,13314
25592,10568
25593,11716
25594,9060
25595,13663
25596,8090
25597,12057
25598,9106
25599,11559
25600,7300
25601,12676
25602,7394
25603,10233
25604,8982
25605,9651
25606,7012
25607,11542
25608,6044
25609,10100
25610,7330
25611,9087
25612,6380
25613,9918
25614,6054
25615,8238
25616,6972
25617,8138
25618,5350
25619,9856
25620,4804
25621,7826
25622,6176
25623,6978
25624,5254
25625,8145
25626,4790
25627,7031
25628,5222
25629,6835
25630,4216
25631,7657
25632,4184
25633,6056
25634,5224
25635,5527
25636,4020
25637,6928
25638,3412
25639,6012
25640,4240
25641,5270
25642,3568
25643,5888
25644,3528
25645,4770
25646,4076
25647,4777
25648,2852
25649,5876
25650,2656
25651,4644
25652,3612
25653,3981
25654,3042
25655,4700
25656,2598
25657,4123
25658,3028
25659,3965
25660,2306
25661,4534
25662,2358
25663,3428
25664,3048
25665,3189
25666,2228
25667,4051
25668,1884
25669,3439
25670,2374
25671,3044
25672,2030
25673,3399
25674,1968
25675,2762
25676,2276
25677,2695
25678,1564
25679,3492
25680,1410
25681,2633
25682,2090
25683,2199
25684,1654
25685,2733
25686,1440
25687,2307
25688,1678
25689,2288
25690,1240
25691,2597
25692,1242
25693,1936
25694,1738
25695,1761
25696,1282
25697,2295
25698,984
25699,1944
25700,1322
25701,1691
25702,1118
25703,1964
25704,1020
25705,1495
25706,1258
25707,1526
25708,824
25709,2034
25710,746
25711,1433
25712,1108
25713,1203
25714,918
25715,1538
25716,790
25717,1308
25718,870
25719,1264
25720,630
25721,1462
25722,662
25723,1077
25724,954
25725,915
25726,646
25727,1291
25728,512
25729,1084
25730,716
25731,932
25732,550
25733,1065
25734,566
25735,829
25736,668
25737,835
25738,436
25739,1109
25740,362
25741,767
25742,626
25743,623
25744,462
25745,868
25746,378
25747,684
25748,470
25749,667
25750,334
25751,815
25752,352
25753,546
25754,502
25755,476
25756,338
25757,706
25758,250
25759,589
25760,346
25761,484
25762,282
25763,595
25764,266
25765,436
25766,372
25767,416
25768,188
25769,618
25770,198
25771,399
25772,322
25773,332
25774,226
25775,446
25776,180
25777,353
25778,244
25779,359
25780,156
25781,437
25782,156
25783,277
25784,266
25785,239
25786,176
25787,373
25788,102
25789,315
25790,172
25791,249
25792,140
25793,313
25794,136
25795,203
25796,176
25797,216
25798,96
25799,331
25800,84
25801,204
25802,160
25803,146
25804,126
25805,231
25806,92
25807,188
25808,116
25809,177
25810,70
25811,219
25812,80
25813,136
25814,136
25815,117
25816,80
25817,186
25818,52
25819,166
25820,70
25821,131
25822,72
25823,143
25824,72
25825,96
25826,96
25827,105
25828,42
25829,182
25830,28
25831,102
25832,78
25833,75
25834,60
25835,113
25836,46
25837,89
25838,50
25839,97
25840,24
25841,110
25842,42
25843,64
25844,70
25845,53
25846,32
25847,106
25848,16
25849,79
25850,48
25851,56
25852,30
25853,70
25854,36
25855,44
25856,48
25857,49
25858,18
25859,93
25860,16
25861,52
25862,38
25863,32
25864,24
25865,60
25866,18
25867,41
25868,34
25869,43
25870,12
25871,59
25872,10
25873,31
25874,32
25875,28
25876,12
25877,51
25878,14
25879,37
25880,20
25881,26
25882,18
25883,35
25884,8
25885,29
25886,18
25887,25
25888,4
25889,52
25890,4
25891,28
25892,18
25893,17
25894,10
25895,26
25896,10
25897,22
25898,14
25899,24
25900,4
25901,26
25902,4
25903,17
25904,12
25905,18
25906,8
25907,19
25908,4
25909,16
25910,10
25911,12
25912,8
25913,21
25914,4
25915,10
25916,8
25917,12
25918,4
25919,21
25920,4
25921,11
25922,8
25923,6
25924,6
25925,11
25926,8
25927,8
25928,4
25929,9
25930,2
25931,13
25932,4
25933,5
25934,8
25935,4
25936,2
25937,13
25939,7
25940,6
25941,6
25942,2
25943,12
25944,2
25945,3
25946,6
25947,7
25949,17
25951,4
25952,4
25953,2
25954,4
25955,10
25957,4
25958,2
25959,4
25961,9
25963,2
25964,4
25967,7
25969,5
25971,2
25972,2
25973,2
25974,4
25975,1
25976,2
25977,2
25979,8
25981,2
25982,2
25983,1
25984,4
25986,2
25987,2
25989,3
25991,2
25994,2
25997,1
25999,1
26001,2
26003,2
26005,3
26007,2
26009,5
26011,2
26013,3
26015,2
26017,2
26021,1
26033,1
26036,2
26039,3
26042,2
26045,1
26067,1
26069,2
26071,1
26099,1
26129,1
